SampleType,Time,Rank,Taxon,n_samples,n_nonzero,n_unique_values,zero_percent,mean_RA_percent,sd_RA_percent,median_RA_percent,Q1_RA_percent,Q3_RA_percent,min_RA_percent,max_RA_percent,shapiro_p,distribution,recommended_summary
feces,T0,Species,UNCLASSIFIED,9,9,9,0,16.47683643196228,9.82161355755812,16.546839615011326,11.412390385716229,20.763554812929,3.9412022370950575,33.99487010047234,0.8116500696468658,Compatible with normality,Mean +/- SD
feces,T0,Species,Bifidobacterium_longum,9,9,9,0,11.285330035021289,14.672234579736141,4.832605798425153,3.113701608591688,9.699370860048711,0.15379256798533975,46.30923470104519,0.00343730764352894,Non-normal,Median [IQR]
feces,T0,Species,Escherichia_coli,9,9,9,0,6.021972113147205,11.629273909999972,1.557631200092507,0.2661038648954271,3.0212020586541084,0.007692094495071235,35.697392399669305,6.983626453703735e-5,Non-normal,Median [IQR]
feces,T0,Species,Bifidobacterium_pseudocatenulatum,9,4,5,55.55555555555556,5.005539479284177,11.585643238158704,0,0,2.265601280351193,0,35.16540751208228,1.0769475522602702e-5,Non-normal,Median [IQR]
feces,T0,Species,Ruminococcus_bromii,9,4,5,55.55555555555556,4.370350323817198,10.093427485634491,0,0,0.8079916729965546,0,30.521407520739537,1.0847292937910196e-5,Non-normal,Median [IQR]
feces,T0,Species,Bifidobacterium_bifidum,9,6,7,33.33333333333333,4.339009627783995,9.566164435596166,0.029348843380393442,0,1.1424065772027208,0,28.73896152882957,2.1791086310252814e-5,Non-normal,Median [IQR]
feces,T0,Species,Lactiplantibacillus_plantarum,9,2,3,77.77777777777779,3.2836357627735513,9.710945743776179,0,0,0,0,29.17737526303607,3.8661297017523764e-7,Non-normal,Median [IQR]
feces,T0,Species,Collinsella_aerofaciens,9,8,9,11.11111111111111,3.104678131842539,6.710794666686795,0.5069636540426059,0.19079697345943455,2.2734754124878678,0,20.74785352794573,1.0814210961633987e-5,Non-normal,Median [IQR]
feces,T0,Species,Ruminococcus_gnavus,9,8,9,11.11111111111111,3.0610123336754933,6.925649016671447,0.38794297699848507,0.06299530395910505,1.598885878356519,0,21.37834443868189,5.872243207010961e-6,Non-normal,Median [IQR]
feces,T0,Species,Akkermansia_muciniphila,9,4,5,55.55555555555556,2.4144122329153554,5.194091794379658,0,0,0.02461360621194584,0,14.905071404403131,3.142911415920644e-5,Non-normal,Median [IQR]
feces,T0,Species,Klebsiella_pneumoniae,9,3,4,66.66666666666666,2.3920161255957813,7.172153285279797,0,0,0.002915448017919878,0,21.517757037993988,3.237834579453814e-7,Non-normal,Median [IQR]
feces,T0,Species,Eubacterium_rectale,9,6,7,33.33333333333333,2.271667568810545,5.0650320545473555,0.05827803232627501,0,0.11187722419928826,0,14.97594563556985,1.956264469751963e-5,Non-normal,Median [IQR]
feces,T0,Species,Dialister_invisus,9,5,6,44.44444444444444,2.128920929151441,4.227030104839276,0.005573253844340125,0,0.015791410695013452,0,10.193845335223367,2.7888062202168005e-5,Non-normal,Median [IQR]
feces,T0,Species,Gemmiger_formicilis,9,4,5,55.55555555555556,2.0650369254914853,5.512625831187817,0,0,0.8264672385283947,0,16.731049442596387,1.2053078208634712e-6,Non-normal,Median [IQR]
feces,T0,Species,Fusicatenibacter_saccharivorans,9,6,7,33.33333333333333,1.8567538468123759,2.297264970937469,0.7884612741385022,0,4.637459335330734,0,5.175032757871633,0.005168192634314722,Non-normal,Median [IQR]
feces,T0,Species,Bifidobacterium_adolescentis,9,4,5,55.55555555555556,1.6399132273634143,3.3407308260331874,0,0,0.14501540737555155,0,9.15229836466545,5.3046601876815944e-5,Non-normal,Median [IQR]
feces,T0,Species,Enterocloster_bolteae,9,5,6,44.44444444444444,1.517395404307803,4.5169372057886035,0.004965175050655973,0,0.03298283732866646,0,13.56247978000647,3.477936345820649e-7,Non-normal,Median [IQR]
feces,T0,Species,Dorea_longicatena,9,6,7,33.33333333333333,1.1771899058071866,2.8846313371214953,0.17888271739383774,0,0.47995981830868883,0,8.828764280708338,2.8646110190078883e-6,Non-normal,Median [IQR]
feces,T0,Species,Faecalibacterium_prausnitzii,9,7,8,22.22222222222222,1.1038862813997117,1.1457721064415556,0.9442181443108486,0.0787887381309777,2.2243904164031214,0,2.784823910493024,0.0643772008445391,Compatible with normality,Median [IQR]
feces,T0,Species,Vescimonas_coprocola,9,4,5,55.55555555555556,0.9224741557922955,2.2840193286095722,0,0,0.040448768441445085,0,6.8981624483810915,4.44664756886536e-6,Non-normal,Median [IQR]
feces,T0,Species,Ruminococcus_bicirculans,9,3,4,66.66666666666666,0.8960016126193256,2.631067749413816,0,0,0.023139450584332505,0,7.911268978686673,4.184464240778198e-7,Non-normal,Median [IQR]
feces,T0,Species,Ruminococcus_torques,9,7,8,22.22222222222222,0.8909446501198165,2.1778409568077994,0.05785600971043334,0.006001938455782397,0.2170104521840879,0,6.65117478162407,3.4208749937880133e-6,Non-normal,Median [IQR]
feces,T0,Species,Candidatus_Cibionibacter_quicibialis,9,4,5,55.55555555555556,0.8617541154448417,2.1923718086688373,0,0,0.14806779808071197,0,6.660142348754448,2.6278431304615936e-6,Non-normal,Median [IQR]
feces,T0,Species,Blautia_massiliensis,9,8,9,11.11111111111111,0.8576872588838694,1.6212897155740624,0.21022937619744356,0.12946091362358567,0.7527195891297315,0,5.0934851153680505,2.8872386151004094e-5,Non-normal,Median [IQR]
feces,T0,Species,GGB9512_SGB14909,9,2,3,77.77777777777779,0.8426405782420461,2.487058335455185,0,0,0,0,7.474090789610936,3.9668494238614777e-7,Non-normal,Median [IQR]
feces,T0,Species,Faecalibacterium_sp_CLA_AA_H233,9,4,5,55.55555555555556,0.7883357862825702,2.229730591078465,0,0,0.037528307990941444,0,6.728056113269963,6.68241730059092e-7,Non-normal,Median [IQR]
feces,T0,Species,Bifidobacterium_animalis,9,2,3,77.77777777777779,0.7824143955478248,2.3425264255216356,0,0,0,0,7.029141665687219,3.301085121253927e-7,Non-normal,Median [IQR]
feces,T0,Species,Blautia_hansenii,9,4,5,55.55555555555556,0.7674438847193781,1.3852352226102231,0,0,0.39571106484696744,0,3.4852292947266257,1.5418921995101869e-4,Non-normal,Median [IQR]
feces,T0,Species,Anaerostipes_hadrus,9,8,9,11.11111111111111,0.7660939652606884,1.1963153625431417,0.09296384617376259,0.07776468172842602,0.7126148210613013,0,3.5265818565410245,0.0018230957634928267,Non-normal,Median [IQR]
feces,T0,Species,Veillonella_ratti,9,2,3,77.77777777777779,0.6778801903008168,2.029377507468191,0,0,0,0,6.089544241345843,3.304751590889312e-7,Non-normal,Median [IQR]
feces,T0,Species,Bacteroides_fragilis,9,6,7,33.33333333333333,0.6666496608779201,1.618636458161049,0.010783694082495968,0,0.32830996318266975,0,4.9365395503073435,4.605395378096604e-6,Non-normal,Median [IQR]
feces,T0,Species,Coprococcus_comes,9,5,6,44.44444444444444,0.5637621483389831,1.1719418728069897,0.016412646394944184,0,0.5069603536756654,0,3.619461842592031,2.684506733729364e-5,Non-normal,Median [IQR]
feces,T0,Species,GGB3653_SGB4964,9,2,3,77.77777777777779,0.5132097823131394,1.5004055746290141,0,0,0,0,4.513205607579201,4.489671380512995e-7,Non-normal,Median [IQR]
feces,T0,Species,Streptococcus_salivarius,9,6,7,33.33333333333333,0.5097429161218747,0.969453572095293,0.028596553550626135,0,0.12834109064148347,0,2.5170762074041555,8.43656334326147e-5,Non-normal,Median [IQR]
feces,T0,Species,Megasphaera_SGB5856,9,1,2,88.88888888888889,0.44891149191896446,1.3467344757568933,0,0,0,0,4.04020342727068,NA,Not assessed: identical or nearly identical values,Median [IQR]
feces,T0,Species,Clostridiaceae_unclassified_SGB15090,9,1,2,88.88888888888889,0.4374206494734184,1.3122619484202553,0,0,0,0,3.936785845260766,NA,Not assessed: identical or nearly identical values,Median [IQR]
feces,T0,Species,Clostridium_sp_AT4,9,2,3,77.77777777777779,0.433172497016993,1.2818151232737856,0,0,0,0,3.8510898576512456,3.8365597059251524e-7,Non-normal,Median [IQR]
feces,T0,Species,Clostridium_fessum,9,4,5,55.55555555555556,0.4152949865079779,1.033623475653959,0,0,0.0648763906303434,0,3.132784697508897,3.9297082531203126e-06,Non-normal,Median [IQR]
feces,T0,Species,Streptococcus_parasanguinis,9,7,8,22.22222222222222,0.3980478173298686,0.9734878684734644,0.009706597577569939,0.0014767920620517886,0.11038806863639791,0,2.9732415172582707,3.5680499589940556e-6,Non-normal,Median [IQR]
feces,T0,Species,Enterococcus_avium,9,2,3,77.77777777777779,0.3816277237854082,1.1394795252305119,0,0,0,0,3.42021311819678,3.4178591968281545e-7,Non-normal,Median [IQR]
feces,T0,Species,Dorea_formicigenerans,9,4,5,55.55555555555556,0.3516016344389813,1.0340202094171191,0,0,0.010686846729201591,0,3.1087882548977226,4.023233516860071e-7,Non-normal,Median [IQR]
feces,T0,Species,Eggerthella_lenta,9,6,7,33.33333333333333,0.34718058131545737,0.7784745646213244,0.007682461268273082,0,0.30906260109996764,0,2.385340658757759,1.1990551721604416e-5,Non-normal,Median [IQR]
feces,T0,Species,Faecalimonas_umbilicata,9,4,5,55.55555555555556,0.3324784676090073,0.9637477517790218,0,0,0.008811651646972793,0,2.9015933743363473,4.897029164219647e-7,Non-normal,Median [IQR]
feces,T0,Species,Anaerobutyricum_hallii,9,7,8,22.22222222222222,0.3318786022469512,0.6052763327243322,0.03285748948560337,0.004048855191522038,0.1044540543832638,0,1.5353401803204376,1.1023538756184266e-4,Non-normal,Median [IQR]
feces,T0,Species,Limosilactobacillus_reuteri,9,2,3,77.77777777777779,0.3281125841710356,0.9461021769598551,0,0,0,0,2.849396244763327,5.385569046605334e-7,Non-normal,Median [IQR]
feces,T0,Species,Phocaeicola_dorei,9,5,6,44.44444444444444,0.3259023795360142,0.8719502793104019,8.435195007649919e-4,0,0.03618397955370748,0,2.643450744095762,1.2865614395623326e-6,Non-normal,Median [IQR]
feces,T0,Species,Enterocloster_clostridioformis,9,5,6,44.44444444444444,0.31544076162720674,0.6245503848219486,0.0019763485528641474,0,0.17972458325205032,0,1.8178294321725659,1.1050246539770172e-4,Non-normal,Median [IQR]
feces,T0,Species,Evtepia_gabavorous,9,3,4,66.66666666666666,0.3135559346682758,0.5979745008372608,0,0,0.5036030016507609,0,1.793368058374074,1.4124872682506223e-4,Non-normal,Median [IQR]
feces,T0,Species,Bacteroides_stercoris,9,1,2,88.88888888888889,0.3041929526582552,0.9125788579747655,0,0,0,0,2.7377365739242965,NA,Not assessed: identical or nearly identical values,Median [IQR]
feces,T0,Species,GGB51647_SGB4348,9,3,4,66.66666666666666,0.29458789669052216,0.5157270432841116,0,0,0.5173092085117874,0,1.4937726168666141,5.517453722645053e-4,Non-normal,Median [IQR]
feces,T0,Species,Streptococcus_thermophilus,9,8,9,11.11111111111111,0.27842494073632973,0.33633003094855307,0.12756793917825948,0.0763709853539335,0.34594271146930927,0,0.9709254804697766,0.021913052920924787,Non-normal,Median [IQR]
feces,T0,Species,GGB3256_SGB4303,9,1,2,88.88888888888889,0.24594446688714275,0.7378334006614282,0,0,0,0,2.2135002019842847,NA,Not assessed: identical or nearly identical values,Median [IQR]
feces,T0,Species,Tyzzerella_nexilis,9,2,3,77.77777777777779,0.22365156083483595,0.6399857206320471,0,0,0,0,1.9286638628275639,5.961860534097019e-7,Non-normal,Median [IQR]
feces,T0,Species,Enterobacter_ludwigii,9,1,2,88.88888888888889,0.19943596708314837,0.5983079012494451,0,0,0,0,1.7949237037483352,NA,Not assessed: identical or nearly identical values,Median [IQR]
feces,T0,Species,GGB3304_SGB4367,9,2,3,77.77777777777779,0.1933374937473588,0.3977785507940924,0,0,0,0,1.0802228243286962,4.319800108256394e-5,Non-normal,Median [IQR]
feces,T0,Species,Phocaeicola_vulgatus,9,4,5,55.55555555555556,0.19273856174028342,0.3767453836788625,0,0,0.17425661383057037,0,1.1456483153364945,1.0889817957904875e-4,Non-normal,Median [IQR]
feces,T0,Species,GGB4277_SGB5832,9,1,2,88.88888888888889,0.18845501452910396,0.5653650435873119,0,0,0,0,1.6960951307619356,NA,Not assessed: identical or nearly identical values,Median [IQR]
feces,T0,Species,Bilophila_wadsworthia,9,4,5,55.55555555555556,0.17742869345100007,0.2912892852565075,0,0,0.2482256968977361,0,0.8262601356157239,0.0015855786622731359,Non-normal,Median [IQR]
feces,T0,Species,Clostridia_bacterium,9,3,4,66.66666666666666,0.17601983115298972,0.4355312028673565,0,0,0.08460913433061336,0,1.3263405855710126,3.746911599698621e-6,Non-normal,Median [IQR]
feces,T0,Species,Blautia_wexlerae,9,8,9,11.11111111111111,0.17385063037597087,0.20185880490399272,0.09640537308655632,0.08123896144272362,0.12857132523903939,0,0.5473938188466609,0.003936658823073766,Non-normal,Median [IQR]
feces,T0,Species,Faecalibacillus_intestinalis,9,2,3,77.77777777777779,0.1657136577615669,0.4755285467009145,0,0,0,0,1.4327329931431732,5.74255969549664e-7,Non-normal,Median [IQR]
feces,T0,Species,Parabacteroides_distasonis,9,6,7,33.33333333333333,0.14271958035144866,0.23666759900623646,0.004070164955687944,0,0.11605375442736232,0,0.601406257186169,5.299881943382955e-4,Non-normal,Median [IQR]
feces,T0,Species,Ruthenibacterium_lactatiformans,9,6,7,33.33333333333333,0.13433712202783973,0.20061821165706067,0.03421815305242804,0,0.19885457194730002,0,0.5905138600295875,0.003912074746719471,Non-normal,Median [IQR]
feces,T0,Species,Lachnospiraceae_bacterium_CLA_AA_H244,9,2,3,77.77777777777779,0.13374392522766554,0.3427825405707485,0,0,0,0,1.0357512695241673,2.7810534825078e-6,Non-normal,Median [IQR]
feces,T0,Species,Anaerobutyricum_soehngenii,9,6,7,33.33333333333333,0.13165074531381585,0.1730546443193915,0.05948866185757427,0,0.15782852373242115,0,0.5129244879527038,0.01991520915010243,Non-normal,Median [IQR]
feces,T0,Species,Blautia_producta,9,5,6,44.44444444444444,0.12726252164435262,0.35377545988309544,0.012376923948624512,0,0.021645922827784075,0,1.0702689807697876,6.318911064191935e-7,Non-normal,Median [IQR]
feces,T0,Species,Bacteroides_uniformis,9,3,4,66.66666666666666,0.12512359960019914,0.31614777260133153,0,0,0.009720512975771013,0,0.9564663539307667,3.321561972163036e-6,Non-normal,Median [IQR]
feces,T0,Species,Bifidobacterium_breve,9,2,3,77.77777777777779,0.1241373035051719,0.3710036509330327,0,0,0,0,1.1134748127500411,3.376895342718108e-7,Non-normal,Median [IQR]
feces,T0,Species,Enterococcus_faecalis,9,1,2,88.88888888888889,0.1228114810688847,0.3684344432066541,0,0,0,0,1.1053033296199624,NA,Not assessed: identical or nearly identical values,Median [IQR]
feces,T0,Species,Streptococcus_australis,9,2,3,77.77777777777779,0.12227266065246238,0.3604899943260672,0,0,0,0,1.083462510230881,4.024066029957712e-7,Non-normal,Median [IQR]
feces,T0,Species,Blautia_caecimuris,9,3,4,66.66666666666666,0.11659323314676051,0.22394689837348777,0,0,0.030962402280568794,0,0.5542401326431576,5.761716220607859e-5,Non-normal,Median [IQR]
feces,T0,Species,Citrobacter_freundii,9,1,2,88.88888888888889,0.11593026143771461,0.3477907843131438,0,0,0,0,1.0433723529394314,NA,Not assessed: identical or nearly identical values,Median [IQR]
feces,T0,Species,Schaalia_SGB17168,9,3,4,66.66666666666666,0.11358198630516808,0.24932884888960874,0,0,0.03915907021963962,0,0.7451842385396236,2.5573602724496517e-5,Non-normal,Median [IQR]
feces,T0,Species,Bacteroides_caccae,9,1,2,88.88888888888889,0.11256698241821171,0.3377009472546351,0,0,0,0,1.0131028417639054,NA,Not assessed: identical or nearly identical values,Median [IQR]
feces,T0,Species,Clostridium_perfringens,9,3,4,66.66666666666666,0.11028557592373614,0.3094905340519739,0,0,0.02055326753801582,0,0.9348460791776351,7.051701562975545e-7,Non-normal,Median [IQR]
feces,T0,Species,Enterocloster_hominis,9,5,6,44.44444444444444,0.09690611794723483,0.2724977930535989,2.876818162397238e-4,0,0.0033439523066040745,0,0.8224785668068587,7.35182842309226e-7,Non-normal,Median [IQR]
feces,T0,Species,Latilactobacillus_sakei,9,2,3,77.77777777777779,0.09186855831345563,0.27441301895494485,0,0,0,0,0.8236312150782977,3.400658413976976e-7,Non-normal,Median [IQR]
feces,T0,Species,Veillonella_atypica,9,1,2,88.88888888888889,0.08768280953075756,0.2630484285922727,0,0,0,0,0.7891452857768181,NA,Not assessed: identical or nearly identical values,Median [IQR]
feces,T0,Species,Sellimonas_intestinalis,9,5,6,44.44444444444444,0.0832556820625423,0.18726128710335727,0.01914990104712904,0,0.05192883107990268,0,0.5783828049175024,6.478684356139588e-6,Non-normal,Median [IQR]
feces,T0,Species,Hydrogeniiclostridium_mannosilyticum,9,3,4,66.66666666666666,0.08192229993569253,0.23484916278561993,0,0,0.00984713684891621,0,0.7079237410170194,5.473821404038203e-7,Non-normal,Median [IQR]
feces,T0,Species,Blautia_faecis,9,7,8,22.22222222222222,0.08165294857202535,0.13776739162169988,0.05079192422463486,0.0030754403501202297,0.07932483076163893,0,0.4333378718845753,2.5635107365242437e-4,Non-normal,Median [IQR]
feces,T0,Species,Flavonifractor_plautii,9,6,7,33.33333333333333,0.07895813130915613,0.1743213988629656,0.012193733464422788,0,0.04638332619383067,0,0.5364566483338725,1.137825959312378e-5,Non-normal,Median [IQR]
feces,T0,Species,Roseburia_lenta,9,1,2,88.88888888888889,0.07680512555707127,0.2304153766712138,0,0,0,0,0.6912461300136414,NA,Not assessed: identical or nearly identical values,Median [IQR]
feces,T0,Species,Erysipelatoclostridium_ramosum,9,5,6,44.44444444444444,0.07371764143000278,0.12677421538355038,0.008817951548936612,0,0.059468124803931925,0,0.3531887636540299,6.14797958726243e-4,Non-normal,Median [IQR]
feces,T0,Species,Clostridiaceae_bacterium,9,6,7,33.33333333333333,0.07287992346136084,0.18312903682551063,0.00391858179335769,0,0.01329729283952501,0,0.5569119492757055,2.876891196487147e-6,Non-normal,Median [IQR]
feces,T0,Species,Raoultella_ornithinolytica,9,2,3,77.77777777777779,0.07232099590794012,0.2084235028513896,0,0,0,0,0.6277419916479063,5.424012193016695e-7,Non-normal,Median [IQR]
feces,T0,Species,Lentihominibacter_SGB71368,9,1,2,88.88888888888889,0.0716707391747235,0.21501221752417052,0,0,0,0,0.6450366525725115,NA,Not assessed: identical or nearly identical values,Median [IQR]
feces,T0,Species,Parabacteroides_merdae,9,5,6,44.44444444444444,0.07149006561023383,0.15869004994998748,7.245319816407858e-4,0,0.06445644809608352,0,0.48730184406340993,1.2773283206201305e-5,Non-normal,Median [IQR]
feces,T0,Species,Ruminococcus_sp_AF13_28,9,2,3,77.77777777777779,0.06740527329900388,0.20032051070196363,0,0,0,0,0.6015745669818044,3.629693441276844e-7,Non-normal,Median [IQR]
feces,T0,Species,Merdimonas_faecis,9,1,2,88.88888888888889,0.06713936518206981,0.2014180955462094,0,0,0,0,0.6042542866386282,NA,Not assessed: identical or nearly identical values,Median [IQR]
feces,T0,Species,Blautia_obeum,9,6,7,33.33333333333333,0.06624676381774998,0.11040440760563303,0.0044857053569231,0,0.07305483662245228,0,0.3055954947996827,0.0010399162227332204,Non-normal,Median [IQR]
feces,T0,Species,Clostridium_innocuum,9,7,8,22.22222222222222,0.06576569125756229,0.1672020862507271,0.002240291634822643,0.00164687140625546,0.016632270931489213,0,0.5090511138999083,2.2024759323555853e-6,Non-normal,Median [IQR]
feces,T0,Species,Bacteroides_ovatus,9,4,5,55.55555555555556,0.06135087645723153,0.11051856262292269,0,0,0.07629087700150532,0,0.31811104820446456,4.416948871112277e-4,Non-normal,Median [IQR]
feces,T0,Species,Eubacterium_ramulus,9,2,3,77.77777777777779,0.05780294830897009,0.13205681987034543,0,0,0,0,0.3910041248786801,1.4642598167583748e-5,Non-normal,Median [IQR]
feces,T0,Species,Coprococcus_catus,9,5,6,44.44444444444444,0.05561908518445689,0.08561324053613105,2.903839747297852e-4,0,0.112075959594141,0,0.2061702246453101,0.0011555586420307212,Non-normal,Median [IQR]
feces,T0,Species,Erysipelatoclostridium_SGB66626,9,1,2,88.88888888888889,0.054895713541848676,0.16468714062554604,0,0,0,0,0.4940614218766381,NA,Not assessed: identical or nearly identical values,Median [IQR]
feces,T0,Species,Mediterraneibacter_faecis,9,3,4,66.66666666666666,0.0529742608791578,0.12818236698425348,0,0,0.009061676462385804,0,0.387549993539981,6.104530216612802e-6,Non-normal,Median [IQR]
feces,T0,Species,Faecalibacterium_SGB15346,9,2,3,77.77777777777779,0.05194469987349901,0.12734779994217982,0,0,0,0,0.38332515132453915,5.312225837635925e-6,Non-normal,Median [IQR]
feces,T0,Species,Agathobaculum_butyriciproducens,9,6,7,33.33333333333333,0.05132532304110891,0.06367842632804704,0.007309249108905574,0,0.11814213739984797,0,0.1538073909524686,0.012329536964961993,Non-normal,Median [IQR]
feces,T0,Species,Granulicatella_SGB8255,9,2,3,77.77777777777779,0.050461201475930056,0.14657845964153837,0,0,0,0,0.44116939737200095,4.886288057856231e-7,Non-normal,Median [IQR]
feces,T0,Species,Lacticaseibacillus_rhamnosus,9,2,3,77.77777777777779,0.04978308791143652,0.12510146450905477,0,0,0,0,0.3775406737652063,3.7035806905950013e-6,Non-normal,Median [IQR]
feces,T0,Species,Clostridium_symbiosum,9,7,8,22.22222222222222,0.04832555806894932,0.07363440395185569,0.0034989436114482614,8.950100949680295e-4,0.10457780653510192,0,0.1927699229507589,0.001951608461747855,Non-normal,Median [IQR]
feces,T0,Species,Actinomyces_SGB17132,9,3,4,66.66666666666666,0.04587762775642709,0.12846679613046605,0,0,0.0036212933275215327,0,0.38794915419844495,7.681508315606263e-7,Non-normal,Median [IQR]
feces,T0,Species,Alistipes_onderdonkii,9,4,5,55.55555555555556,0.04552719933119858,0.09958605981378307,0,0,0.03286748449932574,0,0.3067206697041031,1.4121841049186734e-5,Non-normal,Median [IQR]
feces,T0,Species,Acidaminococcus_intestini,9,2,3,77.77777777777779,0.04512067491915935,0.11059542792636201,0,0,0,0,0.33289048091769224,5.328086407253286e-6,Non-normal,Median [IQR]
feces,T0,Species,Veillonella_dispar,9,2,3,77.77777777777779,0.045024243062962516,0.13484977725560712,0,0,0,0,0.40462326631860657,3.285972688063884e-7,Non-normal,Median [IQR]
feces,T0,Species,Zhenpiania_hominis,9,2,3,77.77777777777779,0.0442961685935796,0.12922945647685363,0,0,0,0,0.38879816049977056,4.615747244431843e-7,Non-normal,Median [IQR]
feces,T0,Species,Schaalia_odontolytica,9,3,4,66.66666666666666,0.042938805058885775,0.1154673039503883,0,0,0.004870382022235268,0,0.34958225261262965,1.326882076483937e-6,Non-normal,Median [IQR]
feces,T0,Species,Veillonella_rogosae,9,1,2,88.88888888888889,0.04128910904442787,0.1238673271332836,0,0,0,0,0.37160198139985084,NA,Not assessed: identical or nearly identical values,Median [IQR]
feces,T0,Species,Bacteroides_thetaiotaomicron,9,2,3,77.77777777777779,0.03860315733599667,0.1011326494497971,0,0,0,0,0.3057768521514073,2.02796441150733e-6,Non-normal,Median [IQR]
feces,T0,Species,Slackia_isoflavoniconvertens,9,3,4,66.66666666666666,0.038487046721332505,0.07933570443490581,0,0,0.0044586030754721,0,0.22199346469080447,5.1414345732501357e-5,Non-normal,Median [IQR]
feces,T0,Species,GGB9715_SGB15265,9,2,3,77.77777777777779,0.037702063726228176,0.0809504201753543,0,0,0,0,0.23149870592041408,3.187463369198052e-5,Non-normal,Median [IQR]
feces,T0,Species,Firmicutes_bacterium,9,2,3,77.77777777777779,0.0375776829117001,0.10776803277428913,0,0,0,0,0.32471287609187965,5.788266512295111e-7,Non-normal,Median [IQR]
feces,T0,Species,Enterococcus_faecium,9,3,4,66.66666666666666,0.0344458960260169,0.06570852067681933,0,0,0.019385633623340143,0,0.1814495755477256,1.5402986766806204e-4,Non-normal,Median [IQR]
feces,T0,Species,Gordonibacter_pamelaeae,9,2,3,77.77777777777779,0.03331603769137589,0.08777072276050685,0,0,0,0,0.26539058437566054,1.8722180705874082e-6,Non-normal,Median [IQR]
feces,T0,Species,Blautia_hydrogenotrophica,9,1,2,88.88888888888889,0.03307657020613651,0.09922971061840953,0,0,0,0,0.2976891318552286,NA,Not assessed: identical or nearly identical values,Median [IQR]
feces,T0,Species,Clostridium_SGB6173,9,1,2,88.88888888888889,0.030688301140307177,0.09206490342092154,0,0,0,0,0.2761947102627646,NA,Not assessed: identical or nearly identical values,Median [IQR]
feces,T0,Species,Romboutsia_timonensis,9,5,6,44.44444444444444,0.030559728522594996,0.06171538545591583,0.003875124076566444,0,0.015470888784447369,0,0.1850849157481556,6.890262244918433e-5,Non-normal,Median [IQR]
feces,T0,Species,Roseburia_faecis,9,2,3,77.77777777777779,0.030145603762918274,0.0889009813965498,0,0,0,0,0.26718699450016176,4.0098250787946094e-7,Non-normal,Median [IQR]
feces,T0,Species,Schaalia_SGB17157,9,4,5,55.55555555555556,0.02924295851795547,0.04541314519121235,0,0,0.04457894674127599,0,0.13159411685095196,0.0033938801999968972,Non-normal,Median [IQR]
feces,T0,Species,Oscillospiraceae_bacterium_CLA_AA_H250,9,3,4,66.66666666666666,0.02920809176123586,0.05882205461406799,0,0,0.03379771918472986,0,0.17769726526239482,7.615019043670869e-5,Non-normal,Median [IQR]
feces,T0,Species,Actinomyces_naeslundii,9,3,4,66.66666666666666,0.028987351703955062,0.05280612273741761,0,0,0.021633030260491144,0,0.1393910874895821,2.262863502520111e-4,Non-normal,Median [IQR]
feces,T0,Species,Amedibacillus_dolichus,9,1,2,88.88888888888889,0.026622279924267304,0.07986683977280191,0,0,0,0,0.23960051931840573,NA,Not assessed: identical or nearly identical values,Median [IQR]
feces,T0,Species,Clostridium_sp_C5_48,9,3,4,66.66666666666666,0.026523534726844506,0.07305214219839008,0,0,0.00152636862043189,0,0.2208023293432546,9.750430262444126e-7,Non-normal,Median [IQR]
feces,T0,Species,Lawsonella_SGB3665,9,4,5,55.55555555555556,0.024128290676642884,0.04954492699065237,0,0,0.012657715949530897,0,0.14729308991473858,6.492675903881708e-5,Non-normal,Median [IQR]
feces,T0,Species,Veillonella_parvula,9,4,5,55.55555555555556,0.022985388622682387,0.04370299287297632,0,0,0.007084090965339156,0,0.12144631182015717,1.3997492505458337e-4,Non-normal,Median [IQR]
feces,T0,Species,Parasutterella_excrementihominis,9,3,4,66.66666666666666,0.022026326797337514,0.04913768242403455,0,0,0.0026530656386552303,0,0.14548345367716287,2.0479280882576704e-5,Non-normal,Median [IQR]
feces,T0,Species,GGB9559_SGB14969,9,1,2,88.88888888888889,0.021320278446855,0.063960835340565,0,0,0,0,0.191882506021695,NA,Not assessed: identical or nearly identical values,Median [IQR]
feces,T0,Species,Intestinibacter_bartlettii,9,4,5,55.55555555555556,0.0213072187235587,0.047395445201102455,0,0,0.0045891477601143005,0,0.1411792915624991,2.1230309352092098e-5,Non-normal,Median [IQR]
feces,T0,Species,Collinsella_bouchesdurhonensis,9,1,2,88.88888888888889,0.02000986855178523,0.06002960565535569,0,0,0,0,0.18008881696606707,NA,Not assessed: identical or nearly identical values,Median [IQR]
feces,T0,Species,Bacteroides_xylanisolvens,9,1,2,88.88888888888889,0.01951419412606906,0.05854258237820718,0,0,0,0,0.17562774713462154,NA,Not assessed: identical or nearly identical values,Median [IQR]
feces,T0,Species,Intestinimonas_butyriciproducens,9,1,2,88.88888888888889,0.0175379359085402,0.05261380772562059,0,0,0,0,0.15784142317686178,NA,Not assessed: identical or nearly identical values,Median [IQR]
feces,T0,Species,Alistipes_dispar,9,1,2,88.88888888888889,0.01699715122757827,0.05099145368273481,0,0,0,0,0.15297436104820444,NA,Not assessed: identical or nearly identical values,Median [IQR]
feces,T0,Species,Blautia_SGB4815,9,4,5,55.55555555555556,0.016743156637515633,0.031534145289163484,0,0,0.009529761978880683,0,0.09100289672777276,2.051996659486448e-4,Non-normal,Median [IQR]
feces,T0,Species,Eisenbergiella_tayi,9,2,3,77.77777777777779,0.01577915386208834,0.0466746322639708,0,0,0,0,0.1402349686678974,3.855711532395618e-7,Non-normal,Median [IQR]
feces,T0,Species,Actinomyces_massiliensis,9,1,2,88.88888888888889,0.01569297304047364,0.047078919121420926,0,0,0,0,0.14123675736426278,NA,Not assessed: identical or nearly identical values,Median [IQR]
feces,T0,Species,GGB9359_SGB14334,9,1,2,88.88888888888889,0.015111724063535233,0.0453351721906057,0,0,0,0,0.1360055165718171,NA,Not assessed: identical or nearly identical values,Median [IQR]
feces,T0,Species,Abiotrophia_sp_HMSC24B09,9,2,3,77.77777777777779,0.015079528683891941,0.04283090599587224,0,0,0,0,0.12914832788308164,6.586729298584041e-7,Non-normal,Median [IQR]
feces,T0,Species,Enterocloster_aldenensis,9,4,5,55.55555555555556,0.014717493376105473,0.03667360124673991,0,0,0.006338584502950682,0,0.11206931413781948,2.4490674726988248e-6,Non-normal,Median [IQR]
feces,T0,Species,Roseburia_inulinivorans,9,2,3,77.77777777777779,0.014221756819149167,0.02962903201112163,0,0,0,0,0.08205195983065032,4.109046881053191e-5,Non-normal,Median [IQR]
feces,T0,Species,Rothia_mucilaginosa,9,5,6,44.44444444444444,0.013565302342909575,0.030288348119374944,9.712843292685919e-4,0,0.012255111317431629,0,0.09286821516264693,1.2183678460030644e-5,Non-normal,Median [IQR]
feces,T0,Species,Streptococcus_sanguinis,9,2,3,77.77777777777779,0.013144382819396522,0.03860420132304831,0,0,0,0,0.11607014383683266,4.230218356761761e-7,Non-normal,Median [IQR]
feces,T0,Species,GGB3433_SGB4574,9,1,2,88.88888888888889,0.012977646377036427,0.03893293913110928,0,0,0,0,0.11679881739332784,NA,Not assessed: identical or nearly identical values,Median [IQR]
feces,T0,Species,Longicatena_caecimuris,9,2,3,77.77777777777779,0.012759864706224752,0.03764710343983227,0,0,0,0,0.1131409737948884,3.9856079563566034e-7,Non-normal,Median [IQR]
feces,T0,Species,Streptococcus_vestibularis,9,1,2,88.88888888888889,0.012699670193345279,0.038099010580035834,0,0,0,0,0.11429703174010751,NA,Not assessed: identical or nearly identical values,Median [IQR]
feces,T0,Species,Roseburia_hominis,9,3,4,66.66666666666666,0.012125879990609744,0.023520359156472017,0,0,0.0187304748098642,0,0.07081234632330385,1.0981184744564936e-4,Non-normal,Median [IQR]
feces,T0,Species,GGB9699_SGB15216,9,1,2,88.88888888888889,0.011648153868241326,0.034944461604723975,0,0,0,0,0.10483338481417193,NA,Not assessed: identical or nearly identical values,Median [IQR]
feces,T0,Species,Streptococcus_mitis,9,2,3,77.77777777777779,0.011205106530148388,0.027798605928003442,0,0,0,0,0.08379314527704625,4.4662053346645945e-6,Non-normal,Median [IQR]
feces,T0,Species,Wansuia_hejianensis,9,4,5,55.55555555555556,0.0108359713450182,0.019428466045984197,0,0,0.010473700467831982,0,0.057233227057884625,4.538208961043732e-4,Non-normal,Median [IQR]
feces,T0,Species,Clostridia_bacterium_UC5_1_1D1,9,3,4,66.66666666666666,0.010823435237203617,0.021277659412889904,0,0,0.0019640912962828653,0,0.05538256227758007,6.174695734784275e-5,Non-normal,Median [IQR]
feces,T0,Species,Phascolarctobacterium_faecium,9,1,2,88.88888888888889,0.0106601392234275,0.0319804176702825,0,0,0,0,0.0959412530108475,NA,Not assessed: identical or nearly identical values,Median [IQR]
feces,T0,Species,GGB9832_SGB15478,9,1,2,88.88888888888889,0.010576420852562884,0.03172926255768865,0,0,0,0,0.09518778767306596,NA,Not assessed: identical or nearly identical values,Median [IQR]
feces,T0,Species,Clostridium_scindens,9,3,4,66.66666666666666,0.010498144168837924,0.026895966537962623,0,0,0.005525412477064515,0,0.08184042381106438,2.1456688141761217e-6,Non-normal,Median [IQR]
feces,T0,Species,Oscillibacter_valericigenes,9,1,2,88.88888888888889,0.010303270974215292,0.030909812922645875,0,0,0,0,0.09272943876793763,NA,Not assessed: identical or nearly identical values,Median [IQR]
feces,T0,Species,Clostridiaceae_bacterium_Marseille_Q3526,9,2,3,77.77777777777779,0.010197385187456746,0.026366605723858773,0,0,0,0,0.07969654032827782,2.4491190655409114e-6,Non-normal,Median [IQR]
feces,T0,Species,Lacticaseibacillus_paracasei,9,3,4,66.66666666666666,0.009880972043084725,0.02204042370369802,0,0,0.0011441853815230465,0,0.06522969912649629,2.051028323426089e-5,Non-normal,Median [IQR]
feces,T0,Species,Amedibacterium_intestinale,9,1,2,88.88888888888889,0.009877466839210612,0.029632400517631833,0,0,0,0,0.0888972015528955,NA,Not assessed: identical or nearly identical values,Median [IQR]
feces,T0,Species,Klebsiella_grimontii,9,1,2,88.88888888888889,0.009850008781011175,0.029550026343033525,0,0,0,0,0.08865007902910058,NA,Not assessed: identical or nearly identical values,Median [IQR]
feces,T0,Species,Faecalicatena_fissicatena,9,2,3,77.77777777777779,0.009768965016490085,0.019618496673666563,0,0,0,0,0.04999995981518199,3.771579656945726e-5,Non-normal,Median [IQR]
feces,T0,Species,Parasutterella_SGB9260,9,1,2,88.88888888888889,0.009515993575863784,0.028547980727591352,0,0,0,0,0.08564394218277406,NA,Not assessed: identical or nearly identical values,Median [IQR]
feces,T0,Species,Actinomyces_oris,9,2,3,77.77777777777779,0.00950659119074657,0.02058493412558353,0,0,0,0,0.05925835732589203,2.9078861386664046e-5,Non-normal,Median [IQR]
feces,T0,Species,Hungatella_hathewayi,9,3,4,66.66666666666666,0.009467006015907985,0.019238875840015587,0,0,0.004240643069015187,0,0.05584762212876091,7.659869581346699e-5,Non-normal,Median [IQR]
feces,T0,Species,GGB74505_SGB47518,9,1,2,88.88888888888889,0.009369720335022827,0.02810916100506848,0,0,0,0,0.08432748301520544,NA,Not assessed: identical or nearly identical values,Median [IQR]
feces,T0,Species,GGB9719_SGB15272,9,2,3,77.77777777777779,0.009230544452625571,0.026147881910831755,0,0,0,0,0.0788590314227081,6.828083490397275e-7,Non-normal,Median [IQR]
feces,T0,Species,Lentihominibacter_faecis,9,3,4,66.66666666666666,0.00879987091600771,0.015971844221422137,0,0,0.006848574994306244,0,0.04223956648333872,2.433971404616608e-4,Non-normal,Median [IQR]
feces,T0,Species,Mediterraneibacter_glycyrrhizinilyticus,9,2,3,77.77777777777779,0.008737939393795349,0.02596610055593893,0,0,0,0,0.07797840504691039,3.6333335965499075e-7,Non-normal,Median [IQR]
feces,T0,Species,Actinomyces_gerencseriae,9,1,2,88.88888888888889,0.008704843748221607,0.026114531244664816,0,0,0,0,0.07834359373399445,NA,Not assessed: identical or nearly identical values,Median [IQR]
feces,T0,Species,Lactococcus_lactis,9,4,5,55.55555555555556,0.00847655758142067,0.01890502113562152,0,0,0.005964887898266728,0,0.057531507553618924,1.720484652555878e-5,Non-normal,Median [IQR]
feces,T0,Species,Actinomyces_sp_ph3,9,3,4,66.66666666666666,0.00828499726570794,0.013819640871342355,0,0,0.016001158331661956,0,0.03862891354434002,9.740978839741356e-4,Non-normal,Median [IQR]
feces,T0,Species,Turicibacter_bilis,9,1,2,88.88888888888889,0.008098099399150828,0.02429429819745248,0,0,0,0,0.07288289459235744,NA,Not assessed: identical or nearly identical values,Median [IQR]
feces,T0,Species,Blautia_glucerasea,9,3,4,66.66666666666666,0.007573182937939667,0.013484111051907284,0,0,0.013546521506333025,0,0.03947153749524815,4.049469602744138e-4,Non-normal,Median [IQR]
feces,T0,Species,GGB3730_SGB5060,9,1,2,88.88888888888889,0.00735305251302438,0.02205915753907314,0,0,0,0,0.06617747261721942,NA,Not assessed: identical or nearly identical values,Median [IQR]
feces,T0,Species,Lancefieldella_parvula,9,2,3,77.77777777777779,0.006921171274087045,0.02050941246423566,0,0,0,0,0.061609641112244595,3.7677042660049465e-7,Non-normal,Median [IQR]
feces,T0,Species,Enterocloster_lavalensis,9,1,2,88.88888888888889,0.006857947805456702,0.020573843416370106,0,0,0,0,0.06172153024911032,NA,Not assessed: identical or nearly identical values,Median [IQR]
feces,T0,Species,GGB3511_SGB4688,9,3,4,66.66666666666666,0.006355564970188732,0.012509414714128454,0,0,6.606026891430694e-4,0,0.03115328016614011,4.200099535278942e-5,Non-normal,Median [IQR]
feces,T0,Species,Corynebacterium_durum,9,2,3,77.77777777777779,0.006238361260174114,0.01693134467784336,0,0,0,0,0.051175365742121164,1.2294586343315684e-6,Non-normal,Median [IQR]
feces,T0,Species,Lachnospiraceae_bacterium,9,1,2,88.88888888888889,0.006194043199036564,0.01858212959710969,0,0,0,0,0.05574638879132907,NA,Not assessed: identical or nearly identical values,Median [IQR]
feces,T0,Species,Clostridium_leptum,9,2,3,77.77777777777779,0.005899229128381064,0.015362911897672029,0,0,0,0,0.046445325137495955,2.209071036609509e-6,Non-normal,Median [IQR]
feces,T0,Species,Clostridium_SGB4750,9,2,3,77.77777777777779,0.005867197715092042,0.015052569578887743,0,0,0,0,0.045484875444839853,2.7410043102469383e-6,Non-normal,Median [IQR]
feces,T0,Species,Pauljensenia_hongkongensis,9,1,2,88.88888888888889,0.005634116659125028,0.016902349977375084,0,0,0,0,0.05070704993212525,NA,Not assessed: identical or nearly identical values,Median [IQR]
feces,T0,Species,GGB3109_SGB4121,9,3,4,66.66666666666666,0.004973919166460209,0.010924166922176655,0,0,0.0013054468464220113,0,0.03248341960530573,2.558061281235028e-5,Non-normal,Median [IQR]
feces,T0,Species,Blautia_stercoris,9,1,2,88.88888888888889,0.004913710247280403,0.01474113074184121,0,0,0,0,0.04422339222552363,NA,Not assessed: identical or nearly identical values,Median [IQR]
feces,T0,Species,Clostridium_saudiense,9,3,4,66.66666666666666,0.004529038431717569,0.008457755543589539,0,0,0.0019525818990451073,0,0.019459498123770846,4.678619273900101e-5,Non-normal,Median [IQR]
feces,T0,Species,Eubacterium_brachy,9,1,2,88.88888888888889,0.004299836858364926,0.012899510575094775,0,0,0,0,0.03869853172528433,NA,Not assessed: identical or nearly identical values,Median [IQR]
feces,T0,Species,Eubacterium_sulci,9,2,3,77.77777777777779,0.0042503835185931,0.012657547178516058,0,0,0,0,0.03800312065463981,3.5353651174977824e-7,Non-normal,Median [IQR]
feces,T0,Species,Coprobacillus_cateniformis,9,3,4,66.66666666666666,0.004163817816567925,0.008236113833270862,0,0,1.2785858499543277e-4,0,0.019481963765771597,2.521439862704257e-5,Non-normal,Median [IQR]
feces,T0,Species,GGB3600_SGB47662,9,2,3,77.77777777777779,0.0041446464885142665,0.009062851619759574,0,0,0,0,0.02626577159495309,2.59519539409586e-5,Non-normal,Median [IQR]
feces,T0,Species,Erysipelotrichaceae_bacterium_LH1062,9,1,2,88.88888888888889,0.004046885223908235,0.012140655671724704,0,0,0,0,0.03642196701517411,NA,Not assessed: identical or nearly identical values,Median [IQR]
feces,T0,Species,Gordonibacter_urolithinfaciens,9,3,4,66.66666666666666,0.003832250016856769,0.00804926295807364,0,0,9.269747412168877e-4,0,0.023354092526690393,4.681684143308743e-5,Non-normal,Median [IQR]
feces,T0,Species,GGB36599_SGB9269,9,1,2,88.88888888888889,0.003774737960043632,0.011324213880130895,0,0,0,0,0.03397264164039269,NA,Not assessed: identical or nearly identical values,Median [IQR]
feces,T0,Species,Massilioclostridium_coli,9,2,3,77.77777777777779,0.0037542149731106247,0.008963110987313259,0,0,0,0,0.026862261404076347,7.817314581626871e-6,Non-normal,Median [IQR]
feces,T0,Species,Mediterraneibacter_butyricigenes,9,1,2,88.88888888888889,0.0036958870124364873,0.011087661037309463,0,0,0,0,0.033262983111928386,NA,Not assessed: identical or nearly identical values,Median [IQR]
feces,T0,Species,Fusobacterium_nucleatum,9,3,4,66.66666666666666,0.0036528313835190256,0.009171658964264116,0,0,8.204259203873604e-4,0,0.02783021431584208,3.4225441499567028e-6,Non-normal,Median [IQR]
feces,T0,Species,Clostridium_sp_AM49_4BH,9,1,2,88.88888888888889,0.003540972478901291,0.010622917436703872,0,0,0,0,0.03186875231011162,NA,Not assessed: identical or nearly identical values,Median [IQR]
feces,T0,Species,Fusicatenibacter_sp_CLA_AA_H277,9,1,2,88.88888888888889,0.003529566515652121,0.010588699546956362,0,0,0,0,0.031766098640869087,NA,Not assessed: identical or nearly identical values,Median [IQR]
feces,T0,Species,Mogibacterium_diversum,9,3,4,66.66666666666666,0.003529147572874341,0.00801639827698717,0,0,0.0019025156965054892,0,0.024331270704393816,1.4060692914076178e-5,Non-normal,Median [IQR]
feces,T0,Species,Desulfovibrio_piger,9,1,2,88.88888888888889,0.0034178493970538374,0.010253548191161513,0,0,0,0,0.030760644573484538,NA,Not assessed: identical or nearly identical values,Median [IQR]
feces,T0,Species,Turicibacter_sanguinis,9,2,3,77.77777777777779,0.0033703768905811228,0.007542608073494769,0,0,0,0,0.022141834726273076,1.936696243970412e-5,Non-normal,Median [IQR]
feces,T0,Species,Dorea_sp_AF36_15AT,9,4,5,55.55555555555556,0.0033465804349621635,0.004990827462709117,0,0,0.005482876754972448,0,0.013612607102586214,0.005065620610607254,Non-normal,Median [IQR]
feces,T0,Species,Anaerotignum_faecicola,9,1,2,88.88888888888889,0.0031147771955831825,0.009344331586749547,0,0,0,0,0.02803299476024864,NA,Not assessed: identical or nearly identical values,Median [IQR]
feces,T0,Species,Roseburia_sp_AF02_12,9,2,3,77.77777777777779,0.0029939725787241846,0.008045837663256313,0,0,0,0,0.02432465221611129,1.4126165595416914e-6,Non-normal,Median [IQR]
feces,T0,Species,Streptococcus_anginosus,9,2,3,77.77777777777779,0.0029897141998057584,0.007606729434273337,0,0,0,0,0.022975776309642267,3.0921080654430744e-6,Non-normal,Median [IQR]
feces,T0,Species,Schaalia_turicensis,9,1,2,88.88888888888889,0.0029547003690484387,0.008864101107145316,0,0,0,0,0.02659230332143595,NA,Not assessed: identical or nearly identical values,Median [IQR]
feces,T0,Species,Roseburia_intestinalis,9,1,2,88.88888888888889,0.0029334917150960703,0.00880047514528821,0,0,0,0,0.026401425435864632,NA,Not assessed: identical or nearly identical values,Median [IQR]
feces,T0,Species,Alistipes_communis,9,2,3,77.77777777777779,0.002834092874409323,0.007949428182387103,0,0,0,0,0.02399033635496375,7.805132827681048e-7,Non-normal,Median [IQR]
feces,T0,Species,Streptococcus_gordonii,9,2,3,77.77777777777779,0.0027650802503536524,0.008215631417517381,0,0,0,0,0.02467262461152382,3.640283080783366e-7,Non-normal,Median [IQR]
feces,T0,Species,Anaeromassilibacillus_senegalensis,9,1,2,88.88888888888889,0.002635454314818044,0.007906362944454133,0,0,0,0,0.0237190888333624,NA,Not assessed: identical or nearly identical values,Median [IQR]
feces,T0,Species,Lentihominibacter_hominis,9,1,2,88.88888888888889,0.0025082023911038314,0.007524607173311494,0,0,0,0,0.022573821519934482,NA,Not assessed: identical or nearly identical values,Median [IQR]
feces,T0,Species,Anaerococcus_obesiensis,9,2,3,77.77777777777779,0.0024886170876579706,0.007151207027663263,0,0,0,0,0.021543626406102676,5.63737224710212e-7,Non-normal,Median [IQR]
feces,T0,Species,Dialister_pneumosintes,9,2,3,77.77777777777779,0.0022318904959394885,0.00462991848315254,0,0,0,0,0.012743238971211468,4.2017181426087364e-5,Non-normal,Median [IQR]
feces,T0,Species,Alistipes_shahii,9,1,2,88.88888888888889,0.0022302573998333134,0.006690772199499941,0,0,0,0,0.020072316598499822,NA,Not assessed: identical or nearly identical values,Median [IQR]
feces,T0,Species,Clostridium_SGB6179,9,2,3,77.77777777777779,0.0021936664283964827,0.00463396993056056,0,0,0,0,0.01305001965037601,3.720821893291367e-5,Non-normal,Median [IQR]
feces,T0,Species,Solobacterium_SGB6829,9,2,3,77.77777777777779,0.002185992315793888,0.005552285002017061,0,0,0,0,0.016768712466393252,3.170116763703186e-6,Non-normal,Median [IQR]
feces,T0,Species,Eubacteriaceae_bacterium,9,1,2,88.88888888888889,0.002175963696496347,0.006527891089489041,0,0,0,0,0.019583673268467123,NA,Not assessed: identical or nearly identical values,Median [IQR]
feces,T0,Species,Lactococcus_cremoris,9,1,2,88.88888888888889,0.0021499884602660196,0.006449965380798058,0,0,0,0,0.019349896142394175,NA,Not assessed: identical or nearly identical values,Median [IQR]
feces,T0,Species,Odoribacter_splanchnicus,9,2,3,77.77777777777779,0.00214395081580611,0.004310041299786407,0,0,0,0,0.01103000647039793,3.841692648567736e-5,Non-normal,Median [IQR]
feces,T0,Species,Klebsiella_michiganensis,9,1,2,88.88888888888889,0.0020777539870399757,0.006233261961119927,0,0,0,0,0.01869978588335978,NA,Not assessed: identical or nearly identical values,Median [IQR]
feces,T0,Species,Oliverpabstia_intestinalis,9,2,3,77.77777777777779,0.0019790153395584692,0.003930644117688707,0,0,0,0,0.009244612861332225,2.2620865320823598e-5,Non-normal,Median [IQR]
feces,T0,Species,Escherichia_marmotae,9,3,4,66.66666666666666,0.0019629185384763713,0.0038649691346401525,0,0,0.0012839695891297316,0,0.011219590833349226,1.2305863068540153e-4,Non-normal,Median [IQR]
feces,T0,Species,Abiotrophia_defectiva,9,1,2,88.88888888888889,0.001920329602953032,0.005760988808859096,0,0,0,0,0.017282966426577288,NA,Not assessed: identical or nearly identical values,Median [IQR]
feces,T0,Species,GGB3005_SGB3996,9,2,3,77.77777777777779,0.00185443383047421,0.004828375948446538,0,0,0,0,0.014597135143954075,2.2155503921029717e-6,Non-normal,Median [IQR]
feces,T0,Species,Solobacterium_moorei,9,2,3,77.77777777777779,0.0018380963730492345,0.003745905310265359,0,0,0,0,0.009978566806858621,4.31279323512055e-5,Non-normal,Median [IQR]
feces,T0,Species,Clostridiales_bacterium_KLE1615,9,1,2,88.88888888888889,0.0017456594413889786,0.005236978324166936,0,0,0,0,0.01571093497250081,NA,Not assessed: identical or nearly identical values,Median [IQR]
feces,T0,Species,GGB9730_SGB15291,9,2,3,77.77777777777779,0.0017332874110161853,0.003571943317071011,0,0,0,0,0.009727907341735844,4.3038950695393486e-5,Non-normal,Median [IQR]
feces,T0,Species,Clostridium_spiroforme,9,1,2,88.88888888888889,0.0017010897707599275,0.0051032693122797824,0,0,0,0,0.015309807936839347,NA,Not assessed: identical or nearly identical values,Median [IQR]
feces,T0,Species,Streptococcus_intermedius,9,1,2,88.88888888888889,0.0016844810770203738,0.005053443231061122,0,0,0,0,0.015160329693183365,NA,Not assessed: identical or nearly identical values,Median [IQR]
feces,T0,Species,GGB9790_SGB15413,9,1,2,88.88888888888889,0.001658609977579642,0.004975829932738926,0,0,0,0,0.014927489798216778,NA,Not assessed: identical or nearly identical values,Median [IQR]
feces,T0,Species,Segatella_hominis,9,1,2,88.88888888888889,0.0015958645608689203,0.004787593682606761,0,0,0,0,0.014362781047820282,NA,Not assessed: identical or nearly identical values,Median [IQR]
feces,T0,Species,Wujia_chipingensis,9,1,2,88.88888888888889,0.0014739253548084613,0.004421776064425384,0,0,0,0,0.013265328193276152,NA,Not assessed: identical or nearly identical values,Median [IQR]
feces,T0,Species,Phocea_massiliensis,9,1,2,88.88888888888889,0.0014738128617132176,0.004421438585139653,0,0,0,0,0.013264315755418959,NA,Not assessed: identical or nearly identical values,Median [IQR]
feces,T0,Species,Veillonella_tobetsuensis,9,2,3,77.77777777777779,0.0013222708216362137,0.003679482467021896,0,0,0,0,0.011109391394599957,8.700901773462304e-7,Non-normal,Median [IQR]
feces,T0,Species,Massilimicrobiota_timonensis,9,1,2,88.88888888888889,0.00126711959452173,0.0038013587835651896,0,0,0,0,0.011404076350695569,NA,Not assessed: identical or nearly identical values,Median [IQR]
feces,T0,Species,Streptococcus_rubneri,9,1,2,88.88888888888889,0.0012014146413026556,0.0036042439239079662,0,0,0,0,0.010812731771723899,NA,Not assessed: identical or nearly identical values,Median [IQR]
feces,T0,Species,Neobittarella_massiliensis,9,2,3,77.77777777777779,0.0011689289470417084,0.003111562799489912,0,0,0,0,0.009408260879247262,1.6159542407693995e-6,Non-normal,Median [IQR]
feces,T0,Species,Bittarella_massiliensis,9,1,2,88.88888888888889,0.0011199629749451814,0.0033598889248355446,0,0,0,0,0.010079666774506633,NA,Not assessed: identical or nearly identical values,Median [IQR]
feces,T0,Species,Streptococcus_oralis,9,2,3,77.77777777777779,0.0011057619258230272,0.0023786703456937803,0,0,0,0,0.006812941683981188,3.12468582728556e-5,Non-normal,Median [IQR]
feces,T0,Species,Lachnoclostridium_pacaense,9,2,3,77.77777777777779,0.0010899166061579908,0.002360039204812506,0,0,0,0,0.006793917825946295,2.9077894603059444e-5,Non-normal,Median [IQR]
feces,T0,Species,Lacrimispora_amygdalina,9,1,2,88.88888888888889,0.0010503163305654408,0.0031509489916963225,0,0,0,0,0.009452846975088967,NA,Not assessed: identical or nearly identical values,Median [IQR]
feces,T0,Species,GGB34797_SGB14322,9,1,2,88.88888888888889,0.0010334663359574392,0.0031003990078723176,0,0,0,0,0.009301197023616953,NA,Not assessed: identical or nearly identical values,Median [IQR]
feces,T0,Species,GGB3819_SGB5184,9,1,2,88.88888888888889,0.001023596614438012,0.003070789843314036,0,0,0,0,0.009212369529942109,NA,Not assessed: identical or nearly identical values,Median [IQR]
feces,T0,Species,Haemophilus_parainfluenzae,9,1,2,88.88888888888889,0.001009324693923139,0.003027974081769417,0,0,0,0,0.00908392224530825,NA,Not assessed: identical or nearly identical values,Median [IQR]
feces,T0,Species,Prevotella_marseillensis,9,1,2,88.88888888888889,8.83171337098082e-4,0.002649514011294246,0,0,0,0,0.007948542033882738,NA,Not assessed: identical or nearly identical values,Median [IQR]
feces,T0,Species,Actinomyces_johnsonii,9,1,2,88.88888888888889,8.382999535910001e-4,0.0025148998607730003,0,0,0,0,0.007544699582319001,NA,Not assessed: identical or nearly identical values,Median [IQR]
feces,T0,Species,Phocaeicola_plebeius,9,1,2,88.88888888888889,7.170425588622757e-4,0.002151127676586827,0,0,0,0,0.0064533830297604814,NA,Not assessed: identical or nearly identical values,Median [IQR]
feces,T0,Species,GGB9760_SGB15373,9,1,2,88.88888888888889,6.665220680780431e-4,0.0019995662042341295,0,0,0,0,0.005998698612702388,NA,Not assessed: identical or nearly identical values,Median [IQR]
feces,T0,Species,Ruminococcus_lactaris,9,1,2,88.88888888888889,5.829931140168867e-4,0.00174897934205066,0,0,0,0,0.00524693802615198,NA,Not assessed: identical or nearly identical values,Median [IQR]
feces,T0,Species,Adlercreutzia_equolifaciens,9,1,2,88.88888888888889,5.659361870447898e-4,0.0016978085611343693,0,0,0,0,0.005093425683403108,NA,Not assessed: identical or nearly identical values,Median [IQR]
feces,T0,Species,Alloscardovia_omnicolens,9,1,2,88.88888888888889,5.389022981449292e-4,0.0016167068944347874,0,0,0,0,0.004850120683304362,NA,Not assessed: identical or nearly identical values,Median [IQR]
feces,T0,Species,Scardovia_wiggsiae,9,2,3,77.77777777777779,4.434806134074824e-4,8.938506181490892e-4,0,0,0,0,0.0023091011153361725,3.990566936675413e-5,Non-normal,Median [IQR]
feces,T0,Species,Alistipes_ihumii,9,1,2,88.88888888888889,4.3211466225308304e-4,0.0012963439867592491,0,0,0,0,0.0038890319602777473,NA,Not assessed: identical or nearly identical values,Median [IQR]
feces,T0,Species,Arachnia_propionica,9,1,2,88.88888888888889,4.094302785462105e-4,0.0012282908356386316,0,0,0,0,0.0036848725069158947,NA,Not assessed: identical or nearly identical values,Median [IQR]
feces,T0,Species,Bifidobacterium_dentium,9,1,2,88.88888888888889,3.1501662421480137e-4,9.450498726444041e-4,0,0,0,0,0.0028351496179332123,NA,Not assessed: identical or nearly identical values,Median [IQR]
feces,T0,Species,GGB3600_SGB4859,9,1,2,88.88888888888889,2.6663907121038545e-4,7.999172136311564e-4,0,0,0,0,0.0023997516408934693,NA,Not assessed: identical or nearly identical values,Median [IQR]
feces,T0,Species,GGB51959_SGB72479,9,1,2,88.88888888888889,2.3914290897293907e-4,7.174287269188172e-4,0,0,0,0,0.0021522861807564517,NA,Not assessed: identical or nearly identical values,Median [IQR]
feces,T0,Species,GGB45432_SGB63101,9,1,2,88.88888888888889,2.1320278446854997e-4,6.3960835340565e-4,0,0,0,0,0.0019188250602169498,NA,Not assessed: identical or nearly identical values,Median [IQR]
feces,T0,Species,TM7_phylum_sp_oral_taxon_352,9,2,3,77.77777777777779,1.9380117926849454e-4,3.8458897219273707e-4,0,0,0,0,8.811651646972793e-4,1.8362607698162497e-5,Non-normal,Median [IQR]
feces,T0,Species,Streptococcus_mutans,9,1,2,88.88888888888889,1.4088121865237502e-4,4.226436559571251e-4,0,0,0,0,0.0012679309678713753,NA,Not assessed: identical or nearly identical values,Median [IQR]
feces,T0,Species,Streptococcus_cristatus,9,1,2,88.88888888888889,4.091856867255969e-5,1.2275570601767908e-4,0,0,0,0,3.682671180530372e-4,NA,Not assessed: identical or nearly identical values,Median [IQR]
feces,T0,Species,Gemella_morbillorum,9,1,2,88.88888888888889,2.0459284336279844e-5,6.137785300883954e-5,0,0,0,0,1.841335590265186e-4,NA,Not assessed: identical or nearly identical values,Median [IQR]
feces,T0,Species,Anaerofustis_stercorihominis,9,0,1,100,0,0,0,0,0,0,0,NA,Not assessed: identical or nearly identical values,Median [IQR]
feces,T0,Species,Anaerostipes_caccae,9,0,1,100,0,0,0,0,0,0,0,NA,Not assessed: identical or nearly identical values,Median [IQR]
feces,T0,Species,Barnesiella_intestinihominis,9,0,1,100,0,0,0,0,0,0,0,NA,Not assessed: identical or nearly identical values,Median [IQR]
feces,T0,Species,Blautia_sp_MCC283,9,0,1,100,0,0,0,0,0,0,0,NA,Not assessed: identical or nearly identical values,Median [IQR]
feces,T0,Species,Candidatus_Nanosynsacchari_sp_TM7_ANC_38_39_G1_1,9,0,1,100,0,0,0,0,0,0,0,NA,Not assessed: identical or nearly identical values,Median [IQR]
feces,T0,Species,Clostridium_SGB6177,9,0,1,100,0,0,0,0,0,0,0,NA,Not assessed: identical or nearly identical values,Median [IQR]
feces,T0,Species,Clostridium_saccharogumia,9,0,1,100,0,0,0,0,0,0,0,NA,Not assessed: identical or nearly identical values,Median [IQR]
feces,T0,Species,Clostridium_sp_1001270J_160509_D11,9,0,1,100,0,0,0,0,0,0,0,NA,Not assessed: identical or nearly identical values,Median [IQR]
feces,T0,Species,Clostridium_sp_NSJ_42,9,0,1,100,0,0,0,0,0,0,0,NA,Not assessed: identical or nearly identical values,Median [IQR]
feces,T0,Species,Eubacterium_sp_c_25,9,0,1,100,0,0,0,0,0,0,0,NA,Not assessed: identical or nearly identical values,Median [IQR]
feces,T0,Species,Eubacterium_ventriosum,9,0,1,100,0,0,0,0,0,0,0,NA,Not assessed: identical or nearly identical values,Median [IQR]
feces,T0,Species,Faecalicatena_contorta,9,0,1,100,0,0,0,0,0,0,0,NA,Not assessed: identical or nearly identical values,Median [IQR]
feces,T0,Species,GGB3277_SGB4327,9,0,1,100,0,0,0,0,0,0,0,NA,Not assessed: identical or nearly identical values,Median [IQR]
feces,T0,Species,GGB3602_SGB66069,9,0,1,100,0,0,0,0,0,0,0,NA,Not assessed: identical or nearly identical values,Median [IQR]
feces,T0,Species,GGB4456_SGB6141,9,0,1,100,0,0,0,0,0,0,0,NA,Not assessed: identical or nearly identical values,Median [IQR]
feces,T0,Species,GGB9715_SGB15266,9,0,1,100,0,0,0,0,0,0,0,NA,Not assessed: identical or nearly identical values,Median [IQR]
feces,T0,Species,GGB9818_SGB15459,9,0,1,100,0,0,0,0,0,0,0,NA,Not assessed: identical or nearly identical values,Median [IQR]
feces,T0,Species,Gemella_sanguinis,9,0,1,100,0,0,0,0,0,0,0,NA,Not assessed: identical or nearly identical values,Median [IQR]
feces,T0,Species,Latilactobacillus_curvatus,9,0,1,100,0,0,0,0,0,0,0,NA,Not assessed: identical or nearly identical values,Median [IQR]
feces,T0,Species,Rubneribacter_badeniensis,9,0,1,100,0,0,0,0,0,0,0,NA,Not assessed: identical or nearly identical values,Median [IQR]
feces,T12,Species,UNCLASSIFIED,9,9,9,0,11.737945839749246,6.657371244193481,11.148853121186916,9.16629114469112,14.492825402452603,3.1349787463647463,25.436389922583203,0.5410232034556529,Compatible with normality,Mean +/- SD
feces,T12,Species,Eubacterium_rectale,9,9,9,0,8.242192411145504,14.27457093922862,2.1796595983765346,0.5549915377138193,5.607672209833349,0.01627279709015902,43.53301351439661,2.861660918088512e-4,Non-normal,Median [IQR]
feces,T12,Species,Akkermansia_muciniphila,9,8,9,11.11111111111111,8.131965077324283,21.594202310918924,0.19417370801533937,0.04328158859170714,2.8178519771592456,0,65.57872015755117,1.2452027290246336e-6,Non-normal,Median [IQR]
feces,T12,Species,Bifidobacterium_adolescentis,9,5,6,44.44444444444444,7.014313192366452,13.754533681820474,0.015349802433997103,0,5.872249834523368,0,41.752712246212404,1.0605521163153653e-4,Non-normal,Median [IQR]
feces,T12,Species,Ruminococcus_bromii,9,7,8,22.22222222222222,5.463105374460079,7.081025012247482,1.5166702793141278,0.4827224026464624,6.453276865963899,0,17.51429492974201,0.0071954068715536475,Non-normal,Median [IQR]
feces,T12,Species,Bifidobacterium_bifidum,9,5,6,44.44444444444444,5.236580725251115,6.277187466793064,0.3970783206112231,0,10.988706823518674,0,14.975544353887397,0.008004107323582633,Non-normal,Median [IQR]
feces,T12,Species,Bifidobacterium_longum,9,7,8,22.22222222222222,5.220056003686616,9.413131404922172,1.1638695269235646,0.0028464655830515383,3.3895470554887583,0,29.084637681507488,1.6935609540071842e-4,Non-normal,Median [IQR]
feces,T12,Species,Bifidobacterium_pseudocatenulatum,9,6,7,33.33333333333333,4.83035925523563,10.126640524485875,0.5623116131422677,0,3.4036971243366145,0,31.365708426822707,1.9473275583498565e-5,Non-normal,Median [IQR]
feces,T12,Species,Collinsella_aerofaciens,9,5,6,44.44444444444444,4.3147653366609,6.877143790721842,0.234207591927464,0,6.470752895114183,0,16.440351353678146,6.816065481278876e-4,Non-normal,Median [IQR]
feces,T12,Species,GGB3256_SGB4303,9,3,4,66.66666666666666,3.648328074067339,9.275370800980271,0,0,0.26269230518417,0,28.06551106037392,3.040293541169664e-6,Non-normal,Median [IQR]
feces,T12,Species,Anaerostipes_hadrus,9,9,9,0,3.274371053270345,4.508329265327444,2.218980976754268,0.9698345634023178,2.828722559486625,0.1774321797990096,14.837706544135406,3.6353537644313573e-4,Non-normal,Median [IQR]
feces,T12,Species,Dialister_invisus,9,6,7,33.33333333333333,2.814436382588517,6.548391675229129,0.08656815085008529,0,0.21729021763911716,0,19.695977288030925,9.979847129752468e-6,Non-normal,Median [IQR]
feces,T12,Species,Blautia_massiliensis,9,8,9,11.11111111111111,2.3851309944722456,3.4685270884191093,0.380033017124059,0.03178418001021419,3.95363288873641,0,9.635241579841146,0.005527866255103999,Non-normal,Median [IQR]
feces,T12,Species,Blautia_wexlerae,9,8,9,11.11111111111111,2.307881855833389,2.14563464013539,1.8738846997326284,0.3964930250970818,3.675867120610358,0,6.7536306231369485,0.23588784445119812,Compatible with normality,Mean +/- SD
feces,T12,Species,Fusicatenibacter_saccharivorans,9,9,9,0,2.247709651204732,2.7353895430664124,1.7513333722955926,0.14131901855041729,2.4778985727888188,0.04058031755524552,8.587947246672876,0.02148325887260073,Non-normal,Median [IQR]
feces,T12,Species,Mediterraneibacter_faecis,9,4,5,55.55555555555556,2.219266416094203,4.646479106313154,0,0,0.5377157578915684,0,13.533784402346999,4.8252863797451405e-5,Non-normal,Median [IQR]
feces,T12,Species,Ruminococcus_gnavus,9,9,9,0,1.530450972623636,2.6344379263836366,0.8071018716015262,0.11028782886073868,1.1868504607258334,0.036193313601126424,8.2915145905506,1.4760487347408507e-4,Non-normal,Median [IQR]
feces,T12,Species,Gemmiger_formicilis,9,5,6,44.44444444444444,1.4299331802256483,3.203950813343045,0.07185368188573683,0,0.42049448733739897,0,9.677911591665632,1.652713887135512e-5,Non-normal,Median [IQR]
feces,T12,Species,Anaerobutyricum_soehngenii,9,5,6,44.44444444444444,1.1780576113917083,1.5084118889339138,0.30808191981513267,0,1.783610684181383,0,3.703911233813101,0.013604983829551382,Non-normal,Median [IQR]
feces,T12,Species,Escherichia_coli,9,8,9,11.11111111111111,0.9576816981511262,1.912779544586683,0.02680911927130528,0.008558672170458068,0.19969757963569362,0,5.36680897985197,7.132785438802004e-5,Non-normal,Median [IQR]
feces,T12,Species,Faecalibacterium_prausnitzii,9,8,9,11.11111111111111,0.9136912766076586,1.3622233239964041,0.3494437703127798,0.06915568598110693,0.9944629632798664,0,4.240607900072504,0.002026525632908094,Non-normal,Median [IQR]
feces,T12,Species,Coprococcus_comes,9,7,8,22.22222222222222,0.8624726348223115,0.8783012374842498,0.5196582366686151,0.193983577091185,1.5571922950196222,0,2.269544667087251,0.08524846086557816,Compatible with normality,Median [IQR]
feces,T12,Species,Dorea_longicatena,9,6,7,33.33333333333333,0.8375884470691172,1.0677134769520438,0.440519264754496,0,1.5457186285964095,0,3.044278759497737,0.025994604650445185,Non-normal,Median [IQR]
feces,T12,Species,Blautia_glucerasea,9,4,5,55.55555555555556,0.7715098277977538,2.20795467035041,0,0,0.08845306945978125,0,6.657714222769649,5.289359814737886e-7,Non-normal,Median [IQR]
feces,T12,Species,Blautia_faecis,9,8,9,11.11111111111111,0.7456183757618143,0.783136944697869,0.5533210168522045,0.2394368528691339,1.0053210112676736,0,2.4392934157286423,0.1440910781943559,Compatible with normality,Mean +/- SD
feces,T12,Species,Blautia_obeum,9,8,9,11.11111111111111,0.5781734632578419,1.053642513486432,0.15077958362123353,0.011138321439947786,0.5247930213676902,0,3.2729610095787605,1.4262580235202798e-4,Non-normal,Median [IQR]
feces,T12,Species,Candidatus_Cibionibacter_quicibialis,9,5,6,44.44444444444444,0.5280535400988686,0.7802504719072267,0.07901632596994836,0,0.486053142211249,0,1.9394831647638662,0.001826374568957409,Non-normal,Median [IQR]
feces,T12,Species,Eggerthella_lenta,9,8,9,11.11111111111111,0.5212630888042369,0.4772104754166024,0.4221684346582359,0.12632452755989362,0.9113167302550546,0,1.2857175800808496,0.2141266720240361,Compatible with normality,Mean +/- SD
feces,T12,Species,Streptococcus_salivarius,9,7,8,22.22222222222222,0.40425204082854527,0.8844072237085385,0.03367681076696608,3.502616805015027e-4,0.30825607248514514,0,2.730034752447977,1.1905392072430693e-5,Non-normal,Median [IQR]
feces,T12,Species,Romboutsia_timonensis,9,7,8,22.22222222222222,0.38971351748958655,0.4814794268397551,0.226629314761058,0.04268850284748868,0.4706176024131871,0,1.241220113697134,0.012626536648084,Non-normal,Median [IQR]
feces,T12,Species,Klebsiella_grimontii,9,1,2,88.88888888888889,0.3675776264978894,1.1027328794936682,0,0,0,0,3.3081986384810045,NA,Not assessed: identical or nearly identical values,Median [IQR]
feces,T12,Species,Phocaeicola_dorei,9,4,5,55.55555555555556,0.3673566370668557,0.8600791594077823,0,0,0.049769179159031056,0,2.591136943814205,9.662118080950266e-6,Non-normal,Median [IQR]
feces,T12,Species,Enterocloster_bolteae,9,4,5,55.55555555555556,0.3298098796149336,0.934618367593975,0,0,0.06731841459615723,0,2.8206657035115392,6.10628012702233e-7,Non-normal,Median [IQR]
feces,T12,Species,Oscillospiraceae_bacterium_CLA_AA_H250,9,4,5,55.55555555555556,0.3257784241560551,0.838680550431074,0,0,0.12065145364133932,0,2.555358224574598,1.702808307928806e-6,Non-normal,Median [IQR]
feces,T12,Species,Dorea_formicigenerans,9,8,9,11.11111111111111,0.30327858249617784,0.37989300604581316,0.21842869189083983,0.012788806372067805,0.3880393747308759,0,1.1688976078506257,0.025789425052588928,Non-normal,Median [IQR]
feces,T12,Species,Faecalibacillus_intestinalis,9,6,7,33.33333333333333,0.30035843612786683,0.56096676361409,0.014870239647020937,0,0.27143505819846614,0,1.68895181590166,2.2267207962057997e-4,Non-normal,Median [IQR]
feces,T12,Species,Intestinibacter_bartlettii,9,5,6,44.44444444444444,0.27641335180904986,0.3840572354008912,0.005093805582150424,0,0.48968761380405074,0,1.0940417970734928,0.010472680129510657,Non-normal,Median [IQR]
feces,T12,Species,GGB3277_SGB4327,9,2,3,77.77777777777779,0.26975867667857883,0.8091443611423481,0,0,0,0,2.4274769508358434,3.224168722185407e-7,Non-normal,Median [IQR]
feces,T12,Species,Phocaeicola_vulgatus,9,3,4,66.66666666666666,0.2610691055229135,0.7454997164496008,0,0,0.012853137960289217,0,2.247542150507321,5.982166004979097e-7,Non-normal,Median [IQR]
feces,T12,Species,Blautia_hansenii,9,6,7,33.33333333333333,0.24511836804999804,0.36345354329654167,0.016671479981114998,0,0.49478814208082117,0,0.8751687062456104,0.0016546935940774262,Non-normal,Median [IQR]
feces,T12,Species,Blautia_caecimuris,9,6,7,33.33333333333333,0.22842540371580514,0.5465323826129509,0.016807207317658435,0,0.11872129804374795,0,1.6786172798831698,3.0915014761273156e-6,Non-normal,Median [IQR]
feces,T12,Species,Mediterraneibacter_glycyrrhizinilyticus,9,7,8,22.22222222222222,0.22770766276365606,0.566514199208069,0.009350337168944641,0.0049226916836989125,0.08310906595807346,0,1.7293119689720189,2.7417290492946923e-6,Non-normal,Median [IQR]
feces,T12,Species,Evtepia_gabavorous,9,4,5,55.55555555555556,0.20910091130455183,0.28182113603027775,0,0,0.3956624531652496,0,0.7844035568769204,0.012153611210568897,Non-normal,Median [IQR]
feces,T12,Species,Erysipelatoclostridium_ramosum,9,6,7,33.33333333333333,0.2086149190873996,0.2226606910597292,0.13222942956728778,0,0.4360561180040256,0,0.5888225154442148,0.06559612383037484,Compatible with normality,Median [IQR]
feces,T12,Species,Coprococcus_catus,9,5,6,44.44444444444444,0.18945030928838985,0.21712157543440624,0.036765316597008706,0,0.42249360345229386,0,0.4458799858525055,0.0022978522537235313,Non-normal,Median [IQR]
feces,T12,Species,Blautia_sp_MCC283,9,3,4,66.66666666666666,0.16963128302947886,0.3598605515813373,0,0,0.1420878416877862,0,1.0899342899079902,3.7500958099721796e-5,Non-normal,Median [IQR]
feces,T12,Species,Blautia_SGB4815,9,3,4,66.66666666666666,0.13049847646428311,0.23453756955813937,0,0,0.09469724521209062,0,0.566275258806475,1.2963013717247592e-4,Non-normal,Median [IQR]
feces,T12,Species,Ruthenibacterium_lactatiformans,9,8,9,11.11111111111111,0.12383339197122782,0.1266925672585178,0.09889746747979691,0.02900410381482721,0.15613521046814424,0,0.35295814466823533,0.14173022147005412,Compatible with normality,Mean +/- SD
feces,T12,Species,Parabacteroides_distasonis,9,4,5,55.55555555555556,0.12089228999356202,0.3323024263267443,0,0,0.026727150739527947,0,1.0060541426658793,8.417402485952184e-7,Non-normal,Median [IQR]
feces,T12,Species,Streptococcus_parasanguinis,9,6,7,33.33333333333333,0.12059741985983992,0.3041955295582891,0.005464610897523019,0,0.042989755760507106,0,0.9273623367988547,2.4411375160339287e-6,Non-normal,Median [IQR]
feces,T12,Species,Faecalimonas_umbilicata,9,6,7,33.33333333333333,0.12033280121507899,0.17758756927497032,0.05466627359108821,0,0.14099089100731874,0,0.5501209953956601,0.002812966390431598,Non-normal,Median [IQR]
feces,T12,Species,Ruminococcus_torques,9,8,9,11.11111111111111,0.1191590965956623,0.14264951692044098,0.03366515123448728,0.003752584029362619,0.19612349744216806,0,0.3707453360170637,0.03599524967484029,Non-normal,Median [IQR]
feces,T12,Species,Clostridiaceae_bacterium,9,5,6,44.44444444444444,0.11694217952413578,0.1786136087480182,8.511831445709537e-4,0,0.23700103607119877,0,0.4439945942697808,0.0016706250551893696,Non-normal,Median [IQR]
feces,T12,Species,Anaerobutyricum_hallii,9,5,6,44.44444444444444,0.11382931538015617,0.11505957411880302,0.1451517609477173,0,0.20096013731859072,0,0.26461221196916196,0.03265239841847457,Non-normal,Median [IQR]
feces,T12,Species,Clostridium_saudiense,9,5,6,44.44444444444444,0.10737840554510875,0.17477199269330312,0.00988548676196971,0,0.1146218907244555,0,0.4593701138615199,0.0010103234918597006,Non-normal,Median [IQR]
feces,T12,Species,Enterocloster_clostridioformis,9,1,2,88.88888888888889,0.10680638707847286,0.3204191612354186,0,0,0,0,0.9612574837062557,NA,Not assessed: identical or nearly identical values,Median [IQR]
feces,T12,Species,Megasphaera_SGB5856,9,1,2,88.88888888888889,0.1019786474995902,0.3059359424987706,0,0,0,0,0.9178078274963117,NA,Not assessed: identical or nearly identical values,Median [IQR]
feces,T12,Species,Adlercreutzia_equolifaciens,9,5,6,44.44444444444444,0.09386790882913988,0.1234267813628166,0.041936061551704505,0,0.11540077546818106,0,0.3420655463352064,0.02085150025096618,Non-normal,Median [IQR]
feces,T12,Species,GGB9715_SGB15265,9,2,3,77.77777777777779,0.08703559579792533,0.22529568713001222,0,0,0,0,0.6810099112047855,2.409566414312719e-6,Non-normal,Median [IQR]
feces,T12,Species,Agathobaculum_butyriciproducens,9,5,6,44.44444444444444,0.08508671883405454,0.12768609929789204,0.06911759437548697,0,0.0796297524994417,0,0.3956637309751489,0.0019221615646802391,Non-normal,Median [IQR]
feces,T12,Species,Tyzzerella_nexilis,9,2,3,77.77777777777779,0.07840124151689734,0.17560213331154523,0,0,0,0,0.5156952759406552,1.915400664823716e-5,Non-normal,Median [IQR]
feces,T12,Species,Desulfovibrio_piger,9,1,2,88.88888888888889,0.0767835687331993,0.2303507061995979,0,0,0,0,0.6910521185987938,NA,Not assessed: identical or nearly identical values,Median [IQR]
feces,T12,Species,Sellimonas_intestinalis,9,4,5,55.55555555555556,0.07617934327804035,0.12517143344021286,0,0,0.10523847577622461,0,0.3519871734704776,0.001525747606113277,Non-normal,Median [IQR]
feces,T12,Species,Veillonella_parvula,9,5,6,44.44444444444444,0.0757891429213527,0.14319482077700638,0.005016275305227812,0,0.018607975081354748,0,0.38414163366734894,1.1492402639251498e-4,Non-normal,Median [IQR]
feces,T12,Species,Eubacterium_ramulus,9,3,4,66.66666666666666,0.07552931233073978,0.18117928213610474,0,0,0.054276098802564926,0,0.5529377542730824,5.275001942042385e-6,Non-normal,Median [IQR]
feces,T12,Species,Streptococcus_thermophilus,9,3,4,66.66666666666666,0.0717475397468351,0.18566802715277123,0,0,0.0022116523254523453,0,0.5616006248685673,2.3894468955669614e-6,Non-normal,Median [IQR]
feces,T12,Species,Rubneribacter_badeniensis,9,2,3,77.77777777777779,0.07002185838217358,0.20862816196424153,0,0,0,0,0.6263532977817713,3.5126778854056427e-7,Non-normal,Median [IQR]
feces,T12,Species,Barnesiella_intestinihominis,9,2,3,77.77777777777779,0.06981268972248743,0.2029755491517279,0,0,0,0,0.610861941569422,4.827885841273476e-7,Non-normal,Median [IQR]
feces,T12,Species,Faecalicatena_fissicatena,9,4,5,55.55555555555556,0.06882664651591812,0.1566243695784231,0,0,0.01586089255318061,0,0.47485004155776533,1.2562812442264688e-5,Non-normal,Median [IQR]
feces,T12,Species,Turicibacter_bilis,9,5,6,44.44444444444444,0.06618732284178498,0.16158145576247607,3.9100809707588106e-4,0,0.0229189659804058,0,0.49410403104948886,3.4383682831978383e-6,Non-normal,Median [IQR]
feces,T12,Species,Alistipes_onderdonkii,9,5,6,44.44444444444444,0.06455922724673005,0.1297350084769216,0.012102525652761681,0,0.0430898048719069,0,0.3968215819989786,5.854106640376085e-5,Non-normal,Median [IQR]
feces,T12,Species,Acidaminococcus_intestini,9,1,2,88.88888888888889,0.06413809605264281,0.19241428815792844,0,0,0,0,0.5772428644737853,NA,Not assessed: identical or nearly identical values,Median [IQR]
feces,T12,Species,GGB3653_SGB4964,9,1,2,88.88888888888889,0.0640310821794646,0.1920932465383938,0,0,0,0,0.5762797396151814,NA,Not assessed: identical or nearly identical values,Median [IQR]
feces,T12,Species,Lentihominibacter_faecis,9,3,4,66.66666666666666,0.0611033858022734,0.12013153704061859,0,0,0.06526174172101383,0,0.3592623756835205,1.2085494696051677e-4,Non-normal,Median [IQR]
feces,T12,Species,Clostridium_symbiosum,9,2,3,77.77777777777779,0.05911112871438706,0.17488131299936116,0,0,0,0,0.5254252463126411,3.846889963890286e-7,Non-normal,Median [IQR]
feces,T12,Species,GGB3600_SGB4859,9,2,3,77.77777777777779,0.058760148712339776,0.1577094456250985,0,0,0,0,0.47680754379889245,1.4379869414565112e-6,Non-normal,Median [IQR]
feces,T12,Species,Prevotella_marseillensis,9,1,2,88.88888888888889,0.0575010064599036,0.1725030193797108,0,0,0,0,0.5175090581391324,NA,Not assessed: identical or nearly identical values,Median [IQR]
feces,T12,Species,Parabacteroides_merdae,9,2,3,77.77777777777779,0.05712927933419717,0.16843783127788603,0,0,0,0,0.5062425038035907,4.0220182493655955e-7,Non-normal,Median [IQR]
feces,T12,Species,Clostridium_SGB6173,9,4,5,55.55555555555556,0.05595236927764017,0.15047021189407755,0,0,0.019539610049536343,0,0.45629247050299565,1.151034278290466e-6,Non-normal,Median [IQR]
feces,T12,Species,Dorea_sp_AF36_15AT,9,5,6,44.44444444444444,0.05502089342428373,0.0810360593463742,0.005778749151622439,0,0.06934611393572569,0,0.20188048827487026,0.002607830188690994,Non-normal,Median [IQR]
feces,T12,Species,Bacteroides_caccae,9,3,4,66.66666666666666,0.05391443652686342,0.11519279624723425,0,0,0.0018613906449508426,0,0.3296896781607927,3.437233951928201e-5,Non-normal,Median [IQR]
feces,T12,Species,Ruminococcus_bicirculans,9,2,3,77.77777777777779,0.05171298618193554,0.13612360014186722,0,0,0,0,0.4115921130371216,1.8946595583054832e-6,Non-normal,Median [IQR]
feces,T12,Species,Bacteroides_uniformis,9,3,4,66.66666666666666,0.05087731864757934,0.11323088740318127,0,0,0.004543128398215011,0,0.33410400042939314,2.112331669554428e-5,Non-normal,Median [IQR]
feces,T12,Species,Faecalibacterium_sp_CLA_AA_H233,9,2,3,77.77777777777779,0.05046998633024076,0.13696440325712891,0,0,0,0,0.41397928392301886,1.2312970239402145e-6,Non-normal,Median [IQR]
feces,T12,Species,Firmicutes_bacterium,9,4,5,55.55555555555556,0.04198724071628329,0.06897496945446545,0,0,0.07723999778362688,0,0.2034892659134088,0.0011751212570637382,Non-normal,Median [IQR]
feces,T12,Species,Longicatena_caecimuris,9,2,3,77.77777777777779,0.0414694766936346,0.11573266815977584,0,0,0,0,0.3493721343560289,8.361928423284835e-7,Non-normal,Median [IQR]
feces,T12,Species,Clostridium_sp_AT4,9,2,3,77.77777777777779,0.03991016430463379,0.11763242332778148,0,0,0,0,0.3535572694239228,4.038555572079164e-7,Non-normal,Median [IQR]
feces,T12,Species,Eubacterium_sp_c_25,9,3,4,66.66666666666666,0.03963121885782395,0.08438873863786767,0,0,0.01320986909319953,0,0.24902292353859973,3.992662842786324e-5,Non-normal,Median [IQR]
feces,T12,Species,Bifidobacterium_dentium,9,1,2,88.88888888888889,0.03947065212419549,0.11841195637258646,0,0,0,0,0.3552358691177594,NA,Not assessed: identical or nearly identical values,Median [IQR]
feces,T12,Species,Faecalibacterium_SGB15346,9,4,5,55.55555555555556,0.03858250477325014,0.10457834231322675,0,0,0.0011537433202023968,0,0.31631631992261416,1.207304090498307e-6,Non-normal,Median [IQR]
feces,T12,Species,Wansuia_hejianensis,9,3,4,66.66666666666666,0.03812117775854128,0.10816102721347692,0,0,0.005503789909731841,0,0.32636364546719937,6.209337586124489e-7,Non-normal,Median [IQR]
feces,T12,Species,Roseburia_lenta,9,1,2,88.88888888888889,0.03736902156825598,0.11210706470476794,0,0,0,0,0.33632119411430383,NA,Not assessed: identical or nearly identical values,Median [IQR]
feces,T12,Species,Veillonella_atypica,9,2,3,77.77777777777779,0.037145193923238146,0.1107225572120246,0,0,0,0,0.33240056069315677,3.4925897799293425e-7,Non-normal,Median [IQR]
feces,T12,Species,Bacteroides_xylanisolvens,9,3,4,66.66666666666666,0.03633668449742536,0.061722319169412794,0,0,0.06911424115542879,0,0.17545129349149588,7.794154796709388e-4,Non-normal,Median [IQR]
feces,T12,Species,GGB3511_SGB4688,9,3,4,66.66666666666666,0.03607314144311142,0.06429506231452822,0,0,0.04264196924550157,0,0.18099157829382842,4.8513143352422094e-4,Non-normal,Median [IQR]
feces,T12,Species,Eubacterium_ventriosum,9,3,4,66.66666666666666,0.035592018683413953,0.0679958871221208,0,0,0.05148704973285825,0,0.20370245332117357,1.5728266524869173e-4,Non-normal,Median [IQR]
feces,T12,Species,Bacteroides_thetaiotaomicron,9,2,3,77.77777777777779,0.03528213610579772,0.10363448034814937,0,0,0,0,0.31159095685953075,4.223244423795196e-7,Non-normal,Median [IQR]
feces,T12,Species,Oliverpabstia_intestinalis,9,1,2,88.88888888888889,0.03524100611099379,0.10572301833298137,0,0,0,0,0.3171690549989441,NA,Not assessed: identical or nearly identical values,Median [IQR]
feces,T12,Species,Parasutterella_excrementihominis,9,2,3,77.77777777777779,0.034010252099828955,0.09867897864989347,0,0,0,0,0.29703287569721915,4.960630292478811e-7,Non-normal,Median [IQR]
feces,T12,Species,Lentihominibacter_SGB71368,9,1,2,88.88888888888889,0.03395977732010893,0.10187933196032678,0,0,0,0,0.30563799588098034,NA,Not assessed: identical or nearly identical values,Median [IQR]
feces,T12,Species,Clostridium_innocuum,9,7,8,22.22222222222222,0.03384681672860665,0.03591759080311824,0.014160161621642298,0.005153286202487253,0.0644896406004346,0,0.0983025023078403,0.10370243597534819,Compatible with normality,Median [IQR]
feces,T12,Species,Roseburia_hominis,9,4,5,55.55555555555556,0.03359741814815584,0.06897402285873681,0,0,0.002367681944067527,0,0.19296750883126879,5.201047916727382e-5,Non-normal,Median [IQR]
feces,T12,Species,Blautia_producta,9,6,7,33.33333333333333,0.033560950784637535,0.058256333358484555,0.0075199179410404115,0,0.031443706752385815,0,0.17762001878535613,4.1422636454613933e-4,Non-normal,Median [IQR]
feces,T12,Species,Clostridium_SGB6179,9,6,7,33.33333333333333,0.032993175815980554,0.041718671653504256,0.013242966805801422,0,0.048528331321265245,0,0.10741874728664708,0.01640303616179056,Non-normal,Median [IQR]
feces,T12,Species,GGB9730_SGB15291,9,3,4,66.66666666666666,0.03298603749850573,0.084327972885622507,0,0,0.002046640324532947,0,0.25515541408178116,2.815330397935589e-6,Non-normal,Median [IQR]
feces,T12,Species,Merdimonas_faecis,9,2,3,77.77777777777779,0.03284305030463444,0.08039638131280613,0,0,0,0,0.24194957455938074,5.430974806420047e-6,Non-normal,Median [IQR]
feces,T12,Species,Clostridium_leptum,9,4,5,55.55555555555556,0.03197461947398508,0.07207669221324953,0,0,0.0086100536962516391,0,0.21696157659146215,1.6486697616061253e-5,Non-normal,Median [IQR]
feces,T12,Species,Clostridium_spiroforme,9,3,4,66.66666666666666,0.031563831428245266,0.0674678854070561,0,0,5.141977043794723e-4,0,0.19266393922899797,3.378057655333006e-5,Non-normal,Median [IQR]
feces,T12,Species,Alistipes_dispar,9,2,3,77.77777777777779,0.030447852593356146,0.08675080907409966,0,0,0,0,0.26152008272896715,6.31785201426562e-7,Non-normal,Median [IQR]
feces,T12,Species,Bilophila_wadsworthia,9,3,4,66.66666666666666,0.029287013873827202,0.0682794966468281,0,0,0.009326717016807168,0,0.206520054316229,1.0211091366549635e-5,Non-normal,Median [IQR]
feces,T12,Species,Bacteroides_ovatus,9,4,5,55.55555555555556,0.027999342502927505,0.07522944976366619,0,0,0.008291376827737272,0,0.22827240837131396,1.0752132873928415e-6,Non-normal,Median [IQR]
feces,T12,Species,Vescimonas_coprocola,9,3,4,66.66666666666666,0.02601434373409101,0.06970995348361016,0,0,0.006854720160302384,0,0.21134268307711315,1.2910162382014442e-6,Non-normal,Median [IQR]
feces,T12,Species,Gordonibacter_pamelaeae,9,3,4,66.66666666666666,0.025195113259910557,0.039973450942623855,0,0,0.0455216202994768,0,0.09131941721498184,4.991775208980793e-4,Non-normal,Median [IQR]
feces,T12,Species,Streptococcus_mitis,9,4,5,55.55555555555556,0.0248479931102858,0.05929852597034456,0,0,0.018501035049731992,0,0.18127544470220772,5.17660438599835e-6,Non-normal,Median [IQR]
feces,T12,Species,Gordonibacter_urolithinfaciens,9,4,5,55.55555555555556,0.024368285741856257,0.04376953393918147,0,0,0.017645493611629502,0,0.11570967768405324,2.695452288207958e-4,Non-normal,Median [IQR]
feces,T12,Species,Streptococcus_gordonii,9,4,5,55.55555555555556,0.024300315822208884,0.061174587523612586,0,0,0.009303987540677374,0,0.186312275645267,2.811158997829435e-6,Non-normal,Median [IQR]
feces,T12,Species,Clostridium_sp_NSJ_42,9,2,3,77.77777777777779,0.024117529126569476,0.07189199630412096,0,0,0,0,0.21582644373724336,3.4911200748568065e-7,Non-normal,Median [IQR]
feces,T12,Species,Phascolarctobacterium_faecium,9,1,2,88.88888888888889,0.02354272438689779,0.07062817316069336,0,0,0,0,0.2118845194820801,NA,Not assessed: identical or nearly identical values,Median [IQR]
feces,T12,Species,GGB3005_SGB3996,9,1,2,88.88888888888889,0.023044253734913752,0.06913276120474125,0,0,0,0,0.20739828361422377,NA,Not assessed: identical or nearly identical values,Median [IQR]
feces,T12,Species,GGB3600_SGB47662,9,1,2,88.88888888888889,0.022168216911113085,0.06650465073333926,0,0,0,0,0.19951395220001777,NA,Not assessed: identical or nearly identical values,Median [IQR]
feces,T12,Species,GGB9715_SGB15266,9,2,3,77.77777777777779,0.021833211117116755,0.047405143972123226,0,0,0,0,0.13673499606756664,2.8193479407529926e-5,Non-normal,Median [IQR]
feces,T12,Species,Streptococcus_anginosus,9,3,4,66.66666666666666,0.02113882598082128,0.05874972356322659,0,0,0.005182306275510759,0,0.17762796040752266,7.802623006986934e-7,Non-normal,Median [IQR]
feces,T12,Species,Hydrogeniiclostridium_mannosilyticum,9,3,4,66.66666666666666,0.02015644046860971,0.05109446882539309,0,0,3.1080130793211056e-4,0,0.15435888228182273,3.2445337510858897e-6,Non-normal,Median [IQR]
feces,T12,Species,Clostridium_SGB4750,9,2,3,77.77777777777779,0.01993810529324462,0.05422045471972944,0,0,0,0,0.16387242909177446,1.1959730490568444e-6,Non-normal,Median [IQR]
feces,T12,Species,Collinsella_bouchesdurhonensis,9,1,2,88.88888888888889,0.01982654946195152,0.05947964838585457,0,0,0,0,0.1784389451575637,NA,Not assessed: identical or nearly identical values,Median [IQR]
feces,T12,Species,Roseburia_intestinalis,9,5,6,44.44444444444444,0.01932445489765807,0.035840252778861416,0.004023052794792705,0,0.018215319293818408,0,0.11144983184726835,1.1163589314400409e-4,Non-normal,Median [IQR]
feces,T12,Species,Roseburia_inulinivorans,9,2,3,77.77777777777779,0.018849890679804256,0.04575116345511575,0,0,0,0,0.13751617121751525,6.150389825276674e-6,Non-normal,Median [IQR]
feces,T12,Species,Roseburia_faecis,9,6,7,33.33333333333333,0.017328721582394926,0.02494965961523558,0.0015650778952310772,0,0.029958507164149155,0,0.060724406925626626,0.003056213456000864,Non-normal,Median [IQR]
feces,T12,Species,Zhenpiania_hominis,9,2,3,77.77777777777779,0.017064244037859652,0.03404736885015285,0,0,0,0,0.08390777889654816,3.139853042372395e-5,Non-normal,Median [IQR]
feces,T12,Species,Clostridium_saccharogumia,9,2,3,77.77777777777779,0.016942956930756425,0.048216440222360435,0,0,0,0,0.1453667157204555,6.418403537004961e-7,Non-normal,Median [IQR]
feces,T12,Species,Streptococcus_australis,9,5,6,44.44444444444444,0.016760112071589048,0.03418819045635622,0.0033377134922921072,0,0.004360078275516374,0,0.10221443778429587,5.159395909917116e-5,Non-normal,Median [IQR]
feces,T12,Species,Erysipelatoclostridium_SGB66626,9,2,3,77.77777777777779,0.01564936336434712,0.042330065898365514,0,0,0,0,0.12795579815450742,1.2890665819135097e-6,Non-normal,Median [IQR]
feces,T12,Species,GGB34797_SGB14322,9,2,3,77.77777777777779,0.01548184038703147,0.04350257563866007,0,0,0,0,0.1312703927924769,7.619092412259125e-7,Non-normal,Median [IQR]
feces,T12,Species,Lachnospiraceae_bacterium_CLA_AA_H244,9,2,3,77.77777777777779,0.014866604741432032,0.04445739390435157,0,0,0,0,0.13341918082457954,3.3515099704922516e-7,Non-normal,Median [IQR]
feces,T12,Species,Enterocloster_aldenensis,9,2,3,77.77777777777779,0.014628027789028426,0.03089683766312694,0,0,0,0,0.08699888957560713,3.724732998908667e-5,Non-normal,Median [IQR]
feces,T12,Species,Coprobacillus_cateniformis,9,1,2,88.88888888888889,0.01431015572057381,0.042930467161721435,0,0,0,0,0.1287914014851643,NA,Not assessed: identical or nearly identical values,Median [IQR]
feces,T12,Species,Lentihominibacter_hominis,9,1,2,88.88888888888889,0.014045776852068568,0.0421373305562057,0,0,0,0,0.1264119916686171,NA,Not assessed: identical or nearly identical values,Median [IQR]
feces,T12,Species,Fusicatenibacter_sp_CLA_AA_H277,9,2,3,77.77777777777779,0.012822836492583516,0.034317398197528264,0,0,0,0,0.10375750760611008,1.4973299437329034e-6,Non-normal,Median [IQR]
feces,T12,Species,Parasutterella_SGB9260,9,1,2,88.88888888888889,0.011890801929081127,0.03567240578724338,0,0,0,0,0.10701721736173014,NA,Not assessed: identical or nearly identical values,Median [IQR]
feces,T12,Species,Enterococcus_faecalis,9,1,2,88.88888888888889,0.011351597301563154,0.03405479190468946,0,0,0,0,0.10216437571406839,NA,Not assessed: identical or nearly identical values,Median [IQR]
feces,T12,Species,Latilactobacillus_sakei,9,2,3,77.77777777777779,0.01134735735649374,0.03347401608270359,0,0,0,0,0.1006012685156544,3.994230982745324e-7,Non-normal,Median [IQR]
feces,T12,Species,Clostridium_fessum,9,2,3,77.77777777777779,0.011219121836509117,0.022505749436672943,0,0,0,0,0.05708931170003665,3.688676517090554e-5,Non-normal,Median [IQR]
feces,T12,Species,Schaalia_SGB17157,9,3,4,66.66666666666666,0.011010258696679183,0.02357888780431781,0,0,0.005595680900600139,0,0.07058758322032307,3.626744760100288e-5,Non-normal,Median [IQR]
feces,T12,Species,Clostridium_scindens,9,3,4,66.66666666666666,0.010829316730359568,0.01663702039268016,0,0,0.024233822810702695,0,0.03738761886391098,5.853107772512246e-4,Non-normal,Median [IQR]
feces,T12,Species,GGB3730_SGB5060,9,1,2,88.88888888888889,0.010440541001947485,0.03132162300584246,0,0,0,0,0.09396486901752736,NA,Not assessed: identical or nearly identical values,Median [IQR]
feces,T12,Species,Alistipes_ihumii,9,2,3,77.77777777777779,0.010401675468081496,0.02967927759281467,0,0,0,0,0.08946160326000484,6.195577384219527e-7,Non-normal,Median [IQR]
feces,T12,Species,Clostridium_sp_1001270J_160509_D11,9,2,3,77.77777777777779,0.010336947750939969,0.023572566029553182,0,0,0,0,0.06974850063434797,1.5018555556290132e-5,Non-normal,Median [IQR]
feces,T12,Species,Wujia_chipingensis,9,1,2,88.88888888888889,0.009534267263469662,0.028602801790408985,0,0,0,0,0.08580840537122696,NA,Not assessed: identical or nearly identical values,Median [IQR]
feces,T12,Species,Latilactobacillus_curvatus,9,2,3,77.77777777777779,0.009099390906404728,0.02330780692532131,0,0,0,0,0.07042492088412967,2.8048444509590496e-6,Non-normal,Median [IQR]
feces,T12,Species,GGB9559_SGB14969,9,1,2,88.88888888888889,0.008776227516510067,0.0263286825495302,0,0,0,0,0.0789860476485906,NA,Not assessed: identical or nearly identical values,Median [IQR]
feces,T12,Species,Granulicatella_SGB8255,9,3,4,66.66666666666666,0.008142734906997396,0.020660547251888584,0,0,8.221195887236474e-4,0,0.06255158588003681,3.0934067001700796e-6,Non-normal,Median [IQR]
feces,T12,Species,Blautia_hydrogenotrophica,9,1,2,88.88888888888889,0.008041177236358539,0.024123531709075618,0,0,0,0,0.07237059512722685,NA,Not assessed: identical or nearly identical values,Median [IQR]
feces,T12,Species,Enterococcus_faecium,9,2,3,77.77777777777779,0.007854411011499885,0.023085449278452016,0,0,0,0,0.069405185123132,4.188541051980007e-7,Non-normal,Median [IQR]
feces,T12,Species,GGB3109_SGB4121,9,3,4,66.66666666666666,0.007777496196484814,0.01291106009678034,0,0,0.0168425830938294,0,0.036105699966579266,8.355324142655065e-4,Non-normal,Median [IQR]
feces,T12,Species,Enterocloster_hominis,9,3,4,66.66666666666666,0.007553473159069989,0.014569363211379945,0,0,0.00395226470817163,0,0.04056285784560257,1.369243747274782e-4,Non-normal,Median [IQR]
feces,T12,Species,Eubacteriaceae_bacterium,9,2,3,77.77777777777779,0.00740932263013764,0.014797360042729692,0,0,0,0,0.03668903758243622,3.258150870364738e-5,Non-normal,Median [IQR]
feces,T12,Species,Clostridium_perfringens,9,2,3,77.77777777777779,0.007377588718249434,0.02184829370331601,0,0,0,0,0.06563582461785028,3.7981206109261635e-7,Non-normal,Median [IQR]
feces,T12,Species,Schaalia_SGB17168,9,3,4,66.66666666666666,0.007208622190956565,0.011085703147294188,0,0,0.015981940107454278,0,0.0245000082674925,5.022029150899221e-4,Non-normal,Median [IQR]
feces,T12,Species,Amedibacillus_dolichus,9,1,2,88.88888888888889,0.007095731646576554,0.02128719493972966,0,0,0,0,0.06386158481918898,NA,Not assessed: identical or nearly identical values,Median [IQR]
feces,T12,Species,Anaerostipes_caccae,9,3,4,66.66666666666666,0.007014445595596553,0.017207680741212296,0,0,0.0012917955958782709,0,0.052108787612996775,4.938381151861126e-6,Non-normal,Median [IQR]
feces,T12,Species,Klebsiella_pneumoniae,9,1,2,88.88888888888889,0.006965877752692319,0.020897633258076958,0,0,0,0,0.06269289977423087,NA,Not assessed: identical or nearly identical values,Median [IQR]
feces,T12,Species,Oscillibacter_valericigenes,9,1,2,88.88888888888889,0.0069001653643022565,0.020700496092906768,0,0,0,0,0.06210148827872031,NA,Not assessed: identical or nearly identical values,Median [IQR]
feces,T12,Species,Streptococcus_sanguinis,9,2,3,77.77777777777779,0.0066872004399431825,0.015578271285967277,0,0,0,0,0.04641451617748671,1.1132478346674484e-5,Non-normal,Median [IQR]
feces,T12,Species,Clostridium_sp_AM49_4BH,9,4,5,55.55555555555556,0.006679871832010862,0.010171112063264664,0,0,0.011459544998916205,0,0.03012593609187967,0.003225598619269959,Non-normal,Median [IQR]
feces,T12,Species,Gemella_sanguinis,9,5,6,44.44444444444444,0.0066524555392584355,0.00814605944896846,0.005232717815155805,0,0.008528393849100315,0,0.021565600431031284,0.031202815446934516,Non-normal,Median [IQR]
feces,T12,Species,Actinomyces_naeslundii,9,2,3,77.77777777777779,0.006612608479230508,0.018196768428708147,0,0,0,0,0.054971728109411686,1.0145248239188405e-6,Non-normal,Median [IQR]
feces,T12,Species,Lacticaseibacillus_paracasei,9,2,3,77.77777777777779,0.006408354287773454,0.017982482728319336,0,0,0,0,0.054267368509955956,7.760923833742409e-7,Non-normal,Median [IQR]
feces,T12,Species,Ruminococcus_lactaris,9,1,2,88.88888888888889,0.006327208353671589,0.018981625061014768,0,0,0,0,0.0569448751830443,NA,Not assessed: identical or nearly identical values,Median [IQR]
feces,T12,Species,Bacteroides_stercoris,9,2,3,77.77777777777779,0.005580522443277089,0.011502083498463739,0,0,0,0,0.03133340919000586,4.302160505698321e-5,Non-normal,Median [IQR]
feces,T12,Species,Actinomyces_oris,9,2,3,77.77777777777779,0.00553188415929731,0.011128500054135397,0,0,0,0,0.028553616935182286,3.884543145564427e-5,Non-normal,Median [IQR]
feces,T12,Species,Veillonella_tobetsuensis,9,1,2,88.88888888888889,0.005420642166299821,0.016261926498899463,0,0,0,0,0.048785779496698385,NA,Not assessed: identical or nearly identical values,Median [IQR]
feces,T12,Species,GGB9719_SGB15272,9,2,3,77.77777777777779,0.005417400315553805,0.015748282609986054,0,0,0,0,0.04739566569866873,4.837706705194918e-7,Non-normal,Median [IQR]
feces,T12,Species,Phocea_massiliensis,9,1,2,88.88888888888889,0.005326292435374059,0.015978877306122175,0,0,0,0,0.04793663191836653,NA,Not assessed: identical or nearly identical values,Median [IQR]
feces,T12,Species,Streptococcus_intermedius,9,4,5,55.55555555555556,0.004902482614874327,0.01229640449177564,0,0,0.0013711938783452593,0,0.03738761886391098,3.220686210764075e-6,Non-normal,Median [IQR]
feces,T12,Species,Segatella_hominis,9,1,2,88.88888888888889,0.004800018103180213,0.014400054309540639,0,0,0,0,0.043200162928621916,NA,Not assessed: identical or nearly identical values,Median [IQR]
feces,T12,Species,Streptococcus_vestibularis,9,1,2,88.88888888888889,0.004759810848885236,0.014279432546655708,0,0,0,0,0.042838297639967125,NA,Not assessed: identical or nearly identical values,Median [IQR]
feces,T12,Species,Intestinimonas_butyriciproducens,9,1,2,88.88888888888889,0.004521336141778668,0.013564008425336003,0,0,0,0,0.04069202527600801,NA,Not assessed: identical or nearly identical values,Median [IQR]
feces,T12,Species,GGB9699_SGB15216,9,1,2,88.88888888888889,0.004407177886517323,0.01322153365955197,0,0,0,0,0.03966460097865591,NA,Not assessed: identical or nearly identical values,Median [IQR]
feces,T12,Species,Clostridiaceae_unclassified_SGB15090,9,1,2,88.88888888888889,0.004117851704654353,0.012353555113963058,0,0,0,0,0.037060665341889176,NA,Not assessed: identical or nearly identical values,Median [IQR]
feces,T12,Species,Streptococcus_oralis,9,1,2,88.88888888888889,0.004080158310142434,0.0122404749304273,0,0,0,0,0.036721424791281904,NA,Not assessed: identical or nearly identical values,Median [IQR]
feces,T12,Species,GGB3602_SGB66069,9,2,3,77.77777777777779,0.003995090224611756,0.011132572867800382,0,0,0,0,0.03360976343905052,8.537130694353456e-7,Non-normal,Median [IQR]
feces,T12,Species,Massilimicrobiota_timonensis,9,2,3,77.77777777777779,0.003912226086625592,0.008243578510097323,0,0,0,0,0.02315159449653525,3.798264926704644e-5,Non-normal,Median [IQR]
feces,T12,Species,GGB3819_SGB5184,9,1,2,88.88888888888889,0.0037307412859430168,0.01119222385782905,0,0,0,0,0.03357667157348715,NA,Not assessed: identical or nearly identical values,Median [IQR]
feces,T12,Species,Streptococcus_rubneri,9,2,3,77.77777777777779,0.0034323396450743927,0.006811344379570042,0,0,0,0,0.01561166347378126,1.841688180912919e-5,Non-normal,Median [IQR]
feces,T12,Species,Lactococcus_cremoris,9,1,2,88.88888888888889,0.00339453624999693,0.01018360874999079,0,0,0,0,0.03055082624997237,NA,Not assessed: identical or nearly identical values,Median [IQR]
feces,T12,Species,Corynebacterium_durum,9,2,3,77.77777777777779,0.003075134209221603,0.006926402379171857,0,0,0,0,0.020392576139803643,1.7774353386483314e-5,Non-normal,Median [IQR]
feces,T12,Species,Bacteroides_fragilis,9,1,2,88.88888888888889,0.003049464113600131,0.009148392340800393,0,0,0,0,0.02744517702240118,NA,Not assessed: identical or nearly identical values,Median [IQR]
feces,T12,Species,Candidatus_Nanosynsacchari_sp_TM7_ANC_38_39_G1_1,9,3,4,66.66666666666666,0.0029624745761098084,0.005528499107970218,0,0,0.004174075482609833,0,0.016402505576094857,2.4326539871179947e-4,Non-normal,Median [IQR]
feces,T12,Species,Veillonella_rogosae,9,2,3,77.77777777777779,0.0029496597657299997,0.007504497902042521,0,0,0,0,0.0226669344667401,3.094028871305358e-6,Non-normal,Median [IQR]
feces,T12,Species,GGB9790_SGB15413,9,1,2,88.88888888888889,0.002924989555849242,0.008774968667547725,0,0,0,0,0.026324906002643176,NA,Not assessed: identical or nearly identical values,Median [IQR]
feces,T12,Species,Lachnospiraceae_bacterium,9,1,2,88.88888888888889,0.0029138985884145556,0.008741695765243666,0,0,0,0,0.026225087295731,NA,Not assessed: identical or nearly identical values,Median [IQR]
feces,T12,Species,GGB4456_SGB6141,9,2,3,77.77777777777779,0.0028376199754107756,0.00567794893171749,0,0,0,0,0.01423081103814372,3.466015758802439e-5,Non-normal,Median [IQR]
feces,T12,Species,Lancefieldella_parvula,9,1,2,88.88888888888889,0.0027410409318274075,0.008223122795482223,0,0,0,0,0.024669368386446667,NA,Not assessed: identical or nearly identical values,Median [IQR]
feces,T12,Species,Anaeromassilibacillus_senegalensis,9,1,2,88.88888888888889,0.002684134421989576,0.008052403265968728,0,0,0,0,0.024157209797906185,NA,Not assessed: identical or nearly identical values,Median [IQR]
feces,T12,Species,Eubacterium_brachy,9,2,3,77.77777777777779,0.0026660738163873277,0.00565822378345483,0,0,0,0,0.016011280282825183,3.5720535792164925e-5,Non-normal,Median [IQR]
feces,T12,Species,Slackia_isoflavoniconvertens,9,1,2,88.88888888888889,0.002630849700195837,0.007892549100587511,0,0,0,0,0.02367764730176253,NA,Not assessed: identical or nearly identical values,Median [IQR]
feces,T12,Species,Alistipes_shahii,9,1,2,88.88888888888889,0.002595086424571188,0.007785259273713564,0,0,0,0,0.02335577782114069,NA,Not assessed: identical or nearly identical values,Median [IQR]
feces,T12,Species,Actinomyces_johnsonii,9,3,4,66.66666666666666,0.002362167891874066,0.004660728041543579,0,0,6.25751974726887e-4,0,0.012633131835048604,8.013491910670737e-5,Non-normal,Median [IQR]
feces,T12,Species,GGB36599_SGB9269,9,1,2,88.88888888888889,0.002303640783131544,0.006910922349394632,0,0,0,0,0.020732767048183897,NA,Not assessed: identical or nearly identical values,Median [IQR]
feces,T12,Species,Actinomyces_massiliensis,9,1,2,88.88888888888889,0.002283082617702319,0.006849247853106957,0,0,0,0,0.02054774355932087,NA,Not assessed: identical or nearly identical values,Median [IQR]
feces,T12,Species,Enterobacter_ludwigii,9,1,2,88.88888888888889,0.0022183084127562988,0.006654925238268897,0,0,0,0,0.01996477571480669,NA,Not assessed: identical or nearly identical values,Median [IQR]
feces,T12,Species,Amedibacterium_intestinale,9,1,2,88.88888888888889,0.0020981755281613006,0.006294526584483901,0,0,0,0,0.018883579753451705,NA,Not assessed: identical or nearly identical values,Median [IQR]
feces,T12,Species,Streptococcus_mutans,9,1,2,88.88888888888889,0.002026404692350331,0.0060792140770509935,0,0,0,0,0.01823764223115298,NA,Not assessed: identical or nearly identical values,Median [IQR]
feces,T12,Species,Bittarella_massiliensis,9,2,3,77.77777777777779,0.001852494652161473,0.0040200497249839855,0,0,0,0,0.01159096867323259,2.8367306353895876e-5,Non-normal,Median [IQR]
feces,T12,Species,Arachnia_propionica,9,1,2,88.88888888888889,0.001833616318481197,0.0055008489554435915,0,0,0,0,0.016502546866330774,NA,Not assessed: identical or nearly identical values,Median [IQR]
feces,T12,Species,Lacrimispora_amygdalina,9,1,2,88.88888888888889,0.0017457486932932035,0.005237246079879611,0,0,0,0,0.015711738239638832,NA,Not assessed: identical or nearly identical values,Median [IQR]
feces,T12,Species,GGB9818_SGB15459,9,2,3,77.77777777777779,0.0017134536189250934,0.0036931450000409175,0,0,0,0,0.010594373444641139,3.0595858308100525e-5,Non-normal,Median [IQR]
feces,T12,Species,GGB45432_SGB63101,9,2,3,77.77777777777779,0.0016174320612856567,0.0034556704638717983,0,0,0,0,0.009840332538713038,3.3522927029754015e-5,Non-normal,Median [IQR]
feces,T12,Species,Lactococcus_lactis,9,2,3,77.77777777777779,0.001591171150166667,0.0033843291297924074,0,0,0,0,0.009597170045741173,3.500827057355102e-5,Non-normal,Median [IQR]
feces,T12,Species,Faecalicatena_contorta,9,4,5,55.55555555555556,0.0015423702135059184,0.0019883013441330537,0,0,0.0031556563927125376,0,0.005197224141556764,0.014336370575904471,Non-normal,Median [IQR]
feces,T12,Species,Hungatella_hathewayi,9,2,3,77.77777777777779,0.0015038814071598164,0.003097568246666201,0,0,0,0,0.008428364403716434,4.309435847555426e-5,Non-normal,Median [IQR]
feces,T12,Species,GGB4277_SGB5832,9,1,2,88.88888888888889,0.0014553562785605326,0.0043660688356815976,0,0,0,0,0.013098206507044793,NA,Not assessed: identical or nearly identical values,Median [IQR]
feces,T12,Species,GGB51959_SGB72479,9,1,2,88.88888888888889,0.0014101307246918182,0.004230392174075454,0,0,0,0,0.012691176522226363,NA,Not assessed: identical or nearly identical values,Median [IQR]
feces,T12,Species,Klebsiella_michiganensis,9,1,2,88.88888888888889,0.0013811478007060573,0.004143443402118172,0,0,0,0,0.012430330206354517,NA,Not assessed: identical or nearly identical values,Median [IQR]
feces,T12,Species,Anaerofustis_stercorihominis,9,2,3,77.77777777777779,0.0013595582561161013,0.0036979177692930353,0,0,0,0,0.011176283057523571,1.1928954288535966e-6,Non-normal,Median [IQR]
feces,T12,Species,Alistipes_communis,9,2,3,77.77777777777779,0.0013277690619342701,0.0027261290236164065,0,0,0,0,0.007375078479040667,4.333676427469933e-5,Non-normal,Median [IQR]
feces,T12,Species,Neobittarella_massiliensis,9,2,3,77.77777777777779,0.0011660901168603565,0.0034533534066565354,0,0,0,0,0.010374420444417741,3.7974628084629693e-7,Non-normal,Median [IQR]
feces,T12,Species,GGB9359_SGB14334,9,1,2,88.88888888888889,0.0011337982017226168,0.00340139460516785,0,0,0,0,0.01020418381550355,NA,Not assessed: identical or nearly identical values,Median [IQR]
feces,T12,Species,Actinomyces_gerencseriae,9,1,2,88.88888888888889,0.0010967480847363718,0.0032902442542091155,0,0,0,0,0.009870732762627347,NA,Not assessed: identical or nearly identical values,Median [IQR]
feces,T12,Species,Mogibacterium_diversum,9,3,4,66.66666666666666,0.0010945928595784485,0.0019823356014198983,0,0,0.001203101837156557,0,0.005623541520346702,3.965140108779504e-4,Non-normal,Median [IQR]
feces,T12,Species,Veillonella_dispar,9,2,3,77.77777777777779,0.0010580692864175188,0.0022210032051758048,0,0,0,0,0.006210148827872031,3.910980583030367e-5,Non-normal,Median [IQR]
feces,T12,Species,Anaerococcus_obesiensis,9,1,2,88.88888888888889,0.0010149523315202654,0.003044856994560796,0,0,0,0,0.009134570983682389,NA,Not assessed: identical or nearly identical values,Median [IQR]
feces,T12,Species,Solobacterium_SGB6829,9,1,2,88.88888888888889,9.992911089436252e-4,0.0029978733268308756,0,0,0,0,0.008993619980492626,NA,Not assessed: identical or nearly identical values,Median [IQR]
feces,T12,Species,GGB51647_SGB4348,9,1,2,88.88888888888889,9.702793520031121e-4,0.002910838056009336,0,0,0,0,0.008732514168028008,NA,Not assessed: identical or nearly identical values,Median [IQR]
feces,T12,Species,Clostridium_SGB6177,9,2,3,77.77777777777779,9.59482348421797e-4,0.0019219118420312202,0,0,0,0,0.004842484894555142,3.565492761698865e-5,Non-normal,Median [IQR]
feces,T12,Species,Erysipelotrichaceae_bacterium_LH1062,9,1,2,88.88888888888889,8.993782862562068e-4,0.0026981348587686205,0,0,0,0,0.008094404576305862,NA,Not assessed: identical or nearly identical values,Median [IQR]
feces,T12,Species,Scardovia_wiggsiae,9,1,2,88.88888888888889,8.680710643348663e-4,0.002604213193004599,0,0,0,0,0.007812639579013797,NA,Not assessed: identical or nearly identical values,Median [IQR]
feces,T12,Species,GGB74505_SGB47518,9,2,3,77.77777777777779,8.617322649380038e-4,0.0022448445938659262,0,0,0,0,0.0067866841009939505,2.1991820337025253e-6,Non-normal,Median [IQR]
feces,T12,Species,Massilioclostridium_coli,9,1,2,88.88888888888889,7.416097610004589e-4,0.0022248292830013765,0,0,0,0,0.00667448784900413,NA,Not assessed: identical or nearly identical values,Median [IQR]
feces,T12,Species,Roseburia_sp_AF02_12,9,1,2,88.88888888888889,7.312614667176543e-4,0.002193784400152963,0,0,0,0,0.006581353200458889,NA,Not assessed: identical or nearly identical values,Median [IQR]
feces,T12,Species,Eubacterium_sulci,9,2,3,77.77777777777779,7.282402679732401e-4,0.0017506546371407485,0,0,0,0,0.005253544688916966,7.073761021524514e-6,Non-normal,Median [IQR]
feces,T12,Species,Anaerotignum_faecicola,9,1,2,88.88888888888889,6.699514352093145e-4,0.0020098543056279432,0,0,0,0,0.00602956291688383,NA,Not assessed: identical or nearly identical values,Median [IQR]
feces,T12,Species,Abiotrophia_defectiva,9,2,3,77.77777777777779,6.519415338976867e-4,0.0015970369394811238,0,0,0,0,0.0048066812869889146,5.374038423035526e-6,Non-normal,Median [IQR]
feces,T12,Species,Blautia_stercoris,9,1,2,88.88888888888889,6.064119480097621e-4,0.0018192358440292863,0,0,0,0,0.005457707532087859,NA,Not assessed: identical or nearly identical values,Median [IQR]
feces,T12,Species,Eisenbergiella_tayi,9,2,3,77.77777777777779,5.415141218630592e-4,0.0012551922824257955,0,0,0,0,0.003734326300789487,1.1952943796062895e-5,Non-normal,Median [IQR]
feces,T12,Species,Citrobacter_freundii,9,1,2,88.88888888888889,4.6818569515459576e-4,0.0014045570854637872,0,0,0,0,0.004213671256391362,NA,Not assessed: identical or nearly identical values,Median [IQR]
feces,T12,Species,Clostridiales_bacterium_KLE1615,9,1,2,88.88888888888889,4.1475430738749364e-4,0.001244262922162481,0,0,0,0,0.003732788766487443,NA,Not assessed: identical or nearly identical values,Median [IQR]
feces,T12,Species,Clostridia_bacterium_UC5_1_1D1,9,1,2,88.88888888888889,4.136181507919687e-4,0.001240854452375906,0,0,0,0,0.003722563357127718,NA,Not assessed: identical or nearly identical values,Median [IQR]
feces,T12,Species,Streptococcus_cristatus,9,1,2,88.88888888888889,3.6093055114696707e-4,0.0010827916534409013,0,0,0,0,0.003248374960322704,NA,Not assessed: identical or nearly identical values,Median [IQR]
feces,T12,Species,GGB3433_SGB4574,9,1,2,88.88888888888889,3.605010965241686e-4,0.0010815032895725057,0,0,0,0,0.003244509868717517,NA,Not assessed: identical or nearly identical values,Median [IQR]
feces,T12,Species,Gemella_morbillorum,9,2,3,77.77777777777779,3.5065565906176036e-4,7.183464998707947e-4,0,0,0,0,0.0019349887880934626,4.3398432752285883e-5,Non-normal,Median [IQR]
feces,T12,Species,GGB9760_SGB15373,9,1,2,88.88888888888889,3.377625372186727e-4,0.0010132876116560178,0,0,0,0,0.003039862834968054,NA,Not assessed: identical or nearly identical values,Median [IQR]
feces,T12,Species,Haemophilus_parainfluenzae,9,1,2,88.88888888888889,3.0766488538730576e-4,9.229946561619172e-4,0,0,0,0,0.0027689839684857517,NA,Not assessed: identical or nearly identical values,Median [IQR]
feces,T12,Species,Alloscardovia_omnicolens,9,1,2,88.88888888888889,2.6797798412972105e-4,8.039339523891631e-4,0,0,0,0,0.0024118018571674896,NA,Not assessed: identical or nearly identical values,Median [IQR]
feces,T12,Species,GGB9832_SGB15478,9,1,2,88.88888888888889,2.6465495705294863e-4,7.939648711588459e-4,0,0,0,0,0.0023818946134765377,NA,Not assessed: identical or nearly identical values,Median [IQR]
feces,T12,Species,Mediterraneibacter_butyricigenes,9,1,2,88.88888888888889,2.552726766438153e-4,7.658180299314459e-4,0,0,0,0,0.0022974540897943378,NA,Not assessed: identical or nearly identical values,Median [IQR]
feces,T12,Species,Rothia_mucilaginosa,9,1,2,88.88888888888889,2.332800793044602e-4,6.998402379133806e-4,0,0,0,0,0.0020995207137401418,NA,Not assessed: identical or nearly identical values,Median [IQR]
feces,T12,Species,Lachnoclostridium_pacaense,9,1,2,88.88888888888889,2.1625720204759897e-4,6.487716061427969e-4,0,0,0,0,0.0019463148184283908,NA,Not assessed: identical or nearly identical values,Median [IQR]
feces,T12,Species,Schaalia_odontolytica,9,1,2,88.88888888888889,1.6070472370295332e-4,4.821141711088599e-4,0,0,0,0,0.0014463425133265798,NA,Not assessed: identical or nearly identical values,Median [IQR]
feces,T12,Species,Clostridiaceae_bacterium_Marseille_Q3526,9,1,2,88.88888888888889,1.4900020694349637e-4,4.4700062083048915e-4,0,0,0,0,0.0013410018624914674,NA,Not assessed: identical or nearly identical values,Median [IQR]
feces,T12,Species,Clostridia_bacterium,9,1,2,88.88888888888889,1.370199314539412e-4,4.110597943618237e-4,0,0,0,0,0.001233179383085471,NA,Not assessed: identical or nearly identical values,Median [IQR]
feces,T12,Species,Phocaeicola_plebeius,9,1,2,88.88888888888889,1.3676884667201535e-4,4.10306540016046e-4,0,0,0,0,0.001230919620048138,NA,Not assessed: identical or nearly identical values,Median [IQR]
feces,T12,Species,Solobacterium_moorei,9,1,2,88.88888888888889,1.3234158345156878e-4,3.970247503547063e-4,0,0,0,0,0.001191074251064119,NA,Not assessed: identical or nearly identical values,Median [IQR]
feces,T12,Species,Flavonifractor_plautii,9,1,2,88.88888888888889,1.2559896266919597e-4,3.7679688800758786e-4,0,0,0,0,0.0011303906640227636,NA,Not assessed: identical or nearly identical values,Median [IQR]
feces,T12,Species,Pauljensenia_hongkongensis,9,1,2,88.88888888888889,1.075446179094321e-4,3.226338537282963e-4,0,0,0,0,9.679015611848889e-4,NA,Not assessed: identical or nearly identical values,Median [IQR]
feces,T12,Species,Schaalia_turicensis,9,1,2,88.88888888888889,6.16780620250516e-5,1.850341860751548e-4,0,0,0,0,5.551025582254644e-4,NA,Not assessed: identical or nearly identical values,Median [IQR]
feces,T12,Species,Enterocloster_lavalensis,9,1,2,88.88888888888889,4.7104631398016e-5,1.41313894194048e-4,0,0,0,0,4.2394168258214396e-4,NA,Not assessed: identical or nearly identical values,Median [IQR]
feces,T12,Species,Abiotrophia_sp_HMSC24B09,9,0,1,100,0,0,0,0,0,0,0,NA,Not assessed: identical or nearly identical values,Median [IQR]
feces,T12,Species,Actinomyces_SGB17132,9,0,1,100,0,0,0,0,0,0,0,NA,Not assessed: identical or nearly identical values,Median [IQR]
feces,T12,Species,Actinomyces_sp_ph3,9,0,1,100,0,0,0,0,0,0,0,NA,Not assessed: identical or nearly identical values,Median [IQR]
feces,T12,Species,Bifidobacterium_animalis,9,0,1,100,0,0,0,0,0,0,0,NA,Not assessed: identical or nearly identical values,Median [IQR]
feces,T12,Species,Bifidobacterium_breve,9,0,1,100,0,0,0,0,0,0,0,NA,Not assessed: identical or nearly identical values,Median [IQR]
feces,T12,Species,Clostridium_sp_C5_48,9,0,1,100,0,0,0,0,0,0,0,NA,Not assessed: identical or nearly identical values,Median [IQR]
feces,T12,Species,Dialister_pneumosintes,9,0,1,100,0,0,0,0,0,0,0,NA,Not assessed: identical or nearly identical values,Median [IQR]
feces,T12,Species,Enterococcus_avium,9,0,1,100,0,0,0,0,0,0,0,NA,Not assessed: identical or nearly identical values,Median [IQR]
feces,T12,Species,Escherichia_marmotae,9,0,1,100,0,0,0,0,0,0,0,NA,Not assessed: identical or nearly identical values,Median [IQR]
feces,T12,Species,Fusobacterium_nucleatum,9,0,1,100,0,0,0,0,0,0,0,NA,Not assessed: identical or nearly identical values,Median [IQR]
feces,T12,Species,GGB3304_SGB4367,9,0,1,100,0,0,0,0,0,0,0,NA,Not assessed: identical or nearly identical values,Median [IQR]
feces,T12,Species,GGB9512_SGB14909,9,0,1,100,0,0,0,0,0,0,0,NA,Not assessed: identical or nearly identical values,Median [IQR]
feces,T12,Species,Lacticaseibacillus_rhamnosus,9,0,1,100,0,0,0,0,0,0,0,NA,Not assessed: identical or nearly identical values,Median [IQR]
feces,T12,Species,Lactiplantibacillus_plantarum,9,0,1,100,0,0,0,0,0,0,0,NA,Not assessed: identical or nearly identical values,Median [IQR]
feces,T12,Species,Lawsonella_SGB3665,9,0,1,100,0,0,0,0,0,0,0,NA,Not assessed: identical or nearly identical values,Median [IQR]
feces,T12,Species,Limosilactobacillus_reuteri,9,0,1,100,0,0,0,0,0,0,0,NA,Not assessed: identical or nearly identical values,Median [IQR]
feces,T12,Species,Odoribacter_splanchnicus,9,0,1,100,0,0,0,0,0,0,0,NA,Not assessed: identical or nearly identical values,Median [IQR]
feces,T12,Species,Raoultella_ornithinolytica,9,0,1,100,0,0,0,0,0,0,0,NA,Not assessed: identical or nearly identical values,Median [IQR]
feces,T12,Species,Ruminococcus_sp_AF13_28,9,0,1,100,0,0,0,0,0,0,0,NA,Not assessed: identical or nearly identical values,Median [IQR]
feces,T12,Species,TM7_phylum_sp_oral_taxon_352,9,0,1,100,0,0,0,0,0,0,0,NA,Not assessed: identical or nearly identical values,Median [IQR]
feces,T12,Species,Turicibacter_sanguinis,9,0,1,100,0,0,0,0,0,0,0,NA,Not assessed: identical or nearly identical values,Median [IQR]
feces,T12,Species,Veillonella_ratti,9,0,1,100,0,0,0,0,0,0,0,NA,Not assessed: identical or nearly identical values,Median [IQR]
