SampleType,Time,Rank,Taxon,n_samples,n_nonzero,n_unique_values,zero_percent,mean_RA_percent,sd_RA_percent,median_RA_percent,Q1_RA_percent,Q3_RA_percent,min_RA_percent,max_RA_percent,shapiro_p,distribution,recommended_summary
sputum,T0,Species,Pseudomonas_aeruginosa,30,14,15,53.333333333333336,14.686157452123242,29.657592456509015,0,0,10.426570714152911,0,98.70303,2.5819022664946868e-08,Non-normal,Median [IQR]
sputum,T0,Species,UNCLASSIFIED,30,23,24,23.333333333333332,10.728111375070743,15.010856976819886,4.540994810262109,0.2950225,17.722786446428117,0,73.27926000000001,1.3692032218996348e-6,Non-normal,Median [IQR]
sputum,T0,Species,Staphylococcus_aureus,30,8,9,73.33333333333333,9.905885086289016,26.34127313836328,0,0,0.013137128047035602,0,100,1.1031866235769786e-9,Non-normal,Median [IQR]
sputum,T0,Species,Achromobacter_xylosoxidans,30,3,4,90,6.1578623972055375,23.4646016239277,0,0,0,0,96.89954031004598,4.720481830527239e-11,Non-normal,Median [IQR]
sputum,T0,Species,Rothia_mucilaginosa,30,21,22,30,5.028003434348038,6.150133397648019,2.00473020047302,0,6.809121201043731,0,17.76310945370599,2.6113197302885027e-5,Non-normal,Median [IQR]
sputum,T0,Species,Streptococcus_pneumoniae,30,1,2,96.66666666666667,3.3333333333333335,18.257418583505537,0,0,0,0,100,NA,Not assessed: identical or nearly identical values,Median [IQR]
sputum,T0,Species,Porphyromonas_bobii,30,11,12,63.33333333333333,3.2812301733277063,7.613821620526624,0,0,1.240903276341551,0,29.36817118954864,5.627971585397532e-9,Non-normal,Median [IQR]
sputum,T0,Species,Stenotrophomonas_maltophilia,30,1,2,96.66666666666667,3.1677773167777317,17.35063093552352,0,0,0,0,95.03331950333195,NA,Not assessed: identical or nearly identical values,Median [IQR]
sputum,T0,Species,Streptococcus_mitis,30,16,17,46.666666666666664,2.6103002054556432,5.086321387237898,0.3624375497760539,0,3.800073670977678,0,20.39193,2.1692105215284723e-8,Non-normal,Median [IQR]
sputum,T0,Species,Cutibacterium_acnes,30,5,6,83.33333333333334,2.5433144125572213,9.986996012529136,0,0,0,0,50.350139999999996,5.107598873871713e-11,Non-normal,Median [IQR]
sputum,T0,Species,Prevotella_melaninogenica,30,11,12,63.33333333333333,2.3852247943988067,5.043953879040785,0,0,0.5478545708400332,0,19.137404258778723,1.6502428523255988e-8,Non-normal,Median [IQR]
sputum,T0,Species,Serratia_marcescens,30,1,2,96.66666666666667,2.3287616666666664,12.755152958866598,0,0,0,0,69.86285,NA,Not assessed: identical or nearly identical values,Median [IQR]
sputum,T0,Species,Bordetella_bronchiseptica,30,1,2,96.66666666666667,2.2399911093342224,12.268936591933745,0,0,0,0,67.19973328002668,NA,Not assessed: identical or nearly identical values,Median [IQR]
sputum,T0,Species,Haemophilus_influenzae,30,3,4,90,1.6482394109358491,6.827661320743996,0,0,0,0,35.005653500565344,3.609580575931075e-11,Non-normal,Median [IQR]
sputum,T0,Species,Streptococcus_parasanguinis,30,15,16,50,1.4232896492138505,2.3275489190997374,0.06104471115894902,0,2.201602906444305,0,9.588710958871095,8.963126468264914e-7,Non-normal,Median [IQR]
sputum,T0,Species,Streptococcus_salivarius,30,7,8,76.66666666666667,1.2135674685974973,4.153451258989882,0,0,0,0,17.476861747686176,1.0395364675664722e-10,Non-normal,Median [IQR]
sputum,T0,Species,Dolosigranulum_pigrum,30,1,2,96.66666666666667,1.2039337806358066,6.594216893967076,0,0,0,0,36.118013419074195,NA,Not assessed: identical or nearly identical values,Median [IQR]
sputum,T0,Species,Veillonella_parvula,30,9,10,70,1.1175249272107126,4.742555996965412,0,0,0.10193382935939022,0,26.00546260054626,2.5543692832035137e-11,Non-normal,Median [IQR]
sputum,T0,Species,Neisseria_subflava,30,6,7,80,1.0093171992611971,3.8906972566505305,0,0,0,0,19.755039999999997,5.721209519227011e-11,Non-normal,Median [IQR]
sputum,T0,Species,Rothia_SGB49305,30,11,12,63.33333333333333,1.0081048518394036,1.8790833949601744,0,0,1.265487170946537,0,8.102838379432324,1.240051052449704e-7,Non-normal,Median [IQR]
sputum,T0,Species,Granulicatella_SGB8255,30,16,17,46.666666666666664,0.9341934666801335,1.63046846032999,0.15893437330204113,0,1.0273774863487344,0,6.139465621026912,1.537056575543735e-7,Non-normal,Median [IQR]
sputum,T0,Species,Streptococcus_australis,30,7,8,76.66666666666667,0.9128674113496856,2.4045235762377697,0,0,0,0,10.436424610109077,1.5643514292287048e-9,Non-normal,Median [IQR]
sputum,T0,Species,Schaalia_SGB17168,30,6,7,80,0.863813129770384,2.684889165943033,0,0,0,0,12.394500947526211,3.137071499469533e-10,Non-normal,Median [IQR]
sputum,T0,Species,Mycobacteroides_abscessus,30,1,2,96.66666666666667,0.8180248302716326,4.480506521391081,0,0,0,0,24.54074490814898,NA,Not assessed: identical or nearly identical values,Median [IQR]
sputum,T0,Species,Bifidobacterium_longum,30,2,3,93.33333333333333,0.7761721981131086,3.6868111670091124,0,0,0,0,20.04373,1.6024005024785154e-11,Non-normal,Median [IQR]
sputum,T0,Species,Eubacterium_brachy,30,4,5,86.66666666666667,0.5895657205553323,1.950293589279905,0,0,0,0,9.629901925980386,1.94663886889731e-10,Non-normal,Median [IQR]
sputum,T0,Species,Streptococcus_oralis,30,13,14,56.666666666666664,0.5336403417172344,1.2449593381788466,0,0,0.5514961043816188,0,6.318170631817063,3.4527113111259603e-9,Non-normal,Median [IQR]
sputum,T0,Species,Gemella_sanguinis,30,10,11,66.66666666666666,0.5073410151114089,0.9382685128866916,0,0,0.3946700521867631,0,3.380248985925304,1.1684233815328967e-7,Non-normal,Median [IQR]
sputum,T0,Species,Streptococcus_sanguinis,30,7,8,76.66666666666667,0.5035948220284695,1.7767286519654057,0,0,0,0,9.30461684802381,1.0752385386655436e-10,Non-normal,Median [IQR]
sputum,T0,Species,Gemella_haemolysans,30,7,8,76.66666666666667,0.4993071751000998,1.9476882957896635,0,0,0,0,10.354747929050415,5.156922229024531e-11,Non-normal,Median [IQR]
sputum,T0,Species,Prevotella_histicola,30,5,6,83.33333333333334,0.48480726648760786,1.5302680621036409,0,0,0,0,7.577080757708075,2.838032714431023e-10,Non-normal,Median [IQR]
sputum,T0,Species,Veillonella_atypica,30,10,11,66.66666666666666,0.4708821532947241,1.2681671375562837,0,0,0.24812142898973744,0,6.412550641255065,1.06744635581747e-9,Non-normal,Median [IQR]
sputum,T0,Species,Lautropia_mirabilis,30,5,6,83.33333333333334,0.4688301033044399,2.085667381841479,0,0,0,0,11.319834494111802,2.2629236398665614e-11,Non-normal,Median [IQR]
sputum,T0,Species,Actinomyces_sp_ICM47,30,4,5,86.66666666666667,0.4422309012696211,1.5005040639914375,0,0,0,0,6.971751394350278,1.4279183598410764e-10,Non-normal,Median [IQR]
sputum,T0,Species,Streptococcus_pyogenes,30,1,2,96.66666666666667,0.4401673773500711,2.410896016525225,0,0,0,0,13.205021320502134,NA,Not assessed: identical or nearly identical values,Median [IQR]
sputum,T0,Species,Schaalia_odontolytica,30,6,7,80,0.43476851899703634,1.3354387094137972,0,0,0,0,6.499309608984487,3.7175352088341457e-10,Non-normal,Median [IQR]
sputum,T0,Species,Veillonella_rogosae,30,7,8,76.66666666666667,0.4299176682906353,1.7177165538065478,0,0,0,0,9.280787215763835,4.186747766443238e-11,Non-normal,Median [IQR]
sputum,T0,Species,Veillonella_dispar,30,8,9,73.33333333333333,0.41299529732464507,1.140022625000207,0,0,0.03448499655150034,0,4.559220455922046,7.303033836201204e-10,Non-normal,Median [IQR]
sputum,T0,Species,Prevotella_nanceiensis,30,7,8,76.66666666666667,0.4031020690139944,1.9554616198541537,0,0,0,0,10.730404996876299,1.3186646264287727e-11,Non-normal,Median [IQR]
sputum,T0,Species,Streptococcus_intermedius,30,4,5,86.66666666666667,0.36765892338128026,1.3785717172924807,0,0,0,0,5.979286286955379,5.777807950257573e-11,Non-normal,Median [IQR]
sputum,T0,Species,Oribacterium_sinus,30,13,14,56.666666666666664,0.36000247734541213,0.7096608834714391,0,0,0.30383742233777195,0,2.526981460729647,3.6440061830528944e-8,Non-normal,Median [IQR]
sputum,T0,Species,Fusobacterium_nucleatum,30,8,9,73.33333333333333,0.3542505588694826,0.953999221232461,0,0,0.06011025645332789,0,4.468390446839045,1.2270747319069952e-9,Non-normal,Median [IQR]
sputum,T0,Species,Gemella_morbillorum,30,5,6,83.33333333333334,0.32259476999422376,0.9827693547859875,0,0,0,0,4.615920923184184,3.75096545870435e-10,Non-normal,Median [IQR]
sputum,T0,Species,GGB12787_SGB19830,30,2,3,93.33333333333333,0.312066067601162,1.707258782182011,0,0,0,0,9.35140036977032,7.807849174945329e-12,Non-normal,Median [IQR]
sputum,T0,Species,Lactobacillus_gasseri,30,1,2,96.66666666666667,0.30918266666666666,1.6934632092293394,0,0,0,0,9.27548,NA,Not assessed: identical or nearly identical values,Median [IQR]
sputum,T0,Species,Streptococcus_constellatus,30,3,4,90,0.3020939837213819,1.4541562024014494,0,0,0,0,7.934613816783674,1.4798813520318645e-11,Non-normal,Median [IQR]
sputum,T0,Species,Mogibacterium_diversum,30,7,8,76.66666666666667,0.24826602450528773,0.6068753062068111,0,0,0,0,2.523679242896227,3.539772992018843e-9,Non-normal,Median [IQR]
sputum,T0,Species,GGB3883_SGB5266,30,6,7,80,0.2457104714074324,0.7110513341102792,0,0,0,0,3.385612485583891,6.021987186650996e-10,Non-normal,Median [IQR]
sputum,T0,Species,Peptostreptococcus_SGB749,30,6,7,80,0.2447910536141509,0.7461382372710338,0,0,0,0,3.854938843518347,3.4126398542730195e-10,Non-normal,Median [IQR]
sputum,T0,Species,Porphyromonas_endodontalis,30,4,5,86.66666666666667,0.23102598855859557,0.7182920140699581,0,0,0,0,2.88501,2.5788370888953466e-10,Non-normal,Median [IQR]
sputum,T0,Species,Parvimonas_micra,30,3,4,90,0.22889344162539238,0.8548759806912086,0,0,0,0,4.2608908521781705,7.402876190920984e-11,Non-normal,Median [IQR]
sputum,T0,Species,Granulicatella_adiacens,30,6,7,80,0.22576776145870242,0.7893688722808994,0,0,0,0,4.039608394151884,1.1903955590704218e-10,Non-normal,Median [IQR]
sputum,T0,Species,Faecalibacterium_prausnitzii,30,1,2,96.66666666666667,0.22256700000000001,1.219049664562523,0,0,0,0,6.67701,NA,Not assessed: identical or nearly identical values,Median [IQR]
sputum,T0,Species,Lancefieldella_parvula,30,10,11,66.66666666666666,0.21172258670904223,0.4546488281951673,0,0,0.10937046725679389,0,1.8919298108070188,1.88009974230461e-8,Non-normal,Median [IQR]
sputum,T0,Species,Prevotella_salivae,30,7,8,76.66666666666667,0.20605230438073888,0.712555890664621,0,0,0,0,3.4126145602594264,1.2516188449870707e-10,Non-normal,Median [IQR]
sputum,T0,Species,Streptococcus_infantis,30,8,9,73.33333333333333,0.204706789824871,0.5245854695913015,0,0,0.025612497438750256,0,2.2742897725710227,2.063498213839635e-9,Non-normal,Median [IQR]
sputum,T0,Species,GGB30134_SGB43057,30,1,2,96.66666666666667,0.20398994546662377,1.1172989463631855,0,0,0,0,6.1196983639987135,NA,Not assessed: identical or nearly identical values,Median [IQR]
sputum,T0,Species,Capnocytophaga_gingivalis,30,5,6,83.33333333333334,0.1884487590449958,0.7563227140694647,0,0,0,0,4.072917493707819,4.2404802901046694e-11,Non-normal,Median [IQR]
sputum,T0,Species,Schaalia_SGB17153,30,2,3,93.33333333333333,0.1841858926815931,0.7021004903857118,0,0,0,0,2.9163165195217675,4.754710746427624e-11,Non-normal,Median [IQR]
sputum,T0,Species,Actinomyces_sp_ph3,30,10,11,66.66666666666666,0.18231225924509742,0.4492159539886504,0,0,0.08379578486641033,0,1.701100340220068,2.4993766618136445e-9,Non-normal,Median [IQR]
sputum,T0,Species,Parvimonas_sp_oral_taxon_110,30,3,4,90,0.18061613147047467,0.6184768624235145,0,0,0,0,2.7368102736810274,1.2785713785331583e-10,Non-normal,Median [IQR]
sputum,T0,Species,GGB1472_SGB2037,30,1,2,96.66666666666667,0.17630236859380707,0.9656478422041849,0,0,0,0,5.289071057814212,NA,Not assessed: identical or nearly identical values,Median [IQR]
sputum,T0,Species,Scardovia_wiggsiae,30,5,6,83.33333333333334,0.1724597010107708,0.7939842540193076,0,0,0,0,4.353690435369043,1.7366835962552768e-11,Non-normal,Median [IQR]
sputum,T0,Species,Schaalia_SGB17154,30,2,3,93.33333333333333,0.17220362011976265,0.7883024410167926,0,0,0,0,4.2513595748640425,1.9805959247541127e-11,Non-normal,Median [IQR]
sputum,T0,Species,Bulleidia_extructa,30,2,3,93.33333333333333,0.16283724654046033,0.6226054783068038,0,0,0,0,2.671450534290107,4.913858931572524e-11,Non-normal,Median [IQR]
sputum,T0,Species,Prevotella_pallens,30,6,7,80,0.1609690409231209,0.6220163137176038,0,0,0,0,3.233468531088569,5.596999418640567e-11,Non-normal,Median [IQR]
sputum,T0,Species,Metamycoplasma_salivarium,30,5,6,83.33333333333334,0.15224604906084405,0.6254236680116807,0,0,0,0,3.3959406791881355,3.486763212914864e-11,Non-normal,Median [IQR]
sputum,T0,Species,Shuttleworthia_satelles,30,3,4,90,0.1452975546014893,0.6694563351815165,0,0,0,0,3.6286003628600363,1.8966128123518297e-11,Non-normal,Median [IQR]
sputum,T0,Species,Haemophilus_sputorum,30,2,3,93.33333333333333,0.13886129176031203,0.7517412836601324,0,0,0,0,4.11881,8.194500034286788e-12,Non-normal,Median [IQR]
sputum,T0,Species,TM7_phylum_sp_oral_taxon_352,30,3,4,90,0.13293952193700767,0.41133996868036543,0,0,0,0,1.5394198460580153,2.24022654905359e-10,Non-normal,Median [IQR]
sputum,T0,Species,Abiotrophia_sp_HMSC24B09,30,4,5,86.66666666666667,0.13057342423458193,0.5607474024908231,0,0,0,0,3.029977599796305,2.8043180456654448e-11,Non-normal,Median [IQR]
sputum,T0,Species,Capnocytophaga_leadbetteri,30,4,5,86.66666666666667,0.12708547547855353,0.35974851818002757,0,0,0,0,1.42332,6.451495881385008e-10,Non-normal,Median [IQR]
sputum,T0,Species,Streptococcus_anginosus,30,2,3,93.33333333333333,0.11798395890434506,0.4490083471249775,0,0,0,0,1.7785985910383342,4.438496268681324e-11,Non-normal,Median [IQR]
sputum,T0,Species,Actinomyces_SGB17132,30,3,4,90,0.1155696938165982,0.5470850594276951,0,0,0,0,2.9822566886591875,1.617760692160984e-11,Non-normal,Median [IQR]
sputum,T0,Species,Peptostreptococcus_stomatis,30,3,4,90,0.1108955768378317,0.5243892230381823,0,0,0,0,2.849710569942114,1.6420802428979582e-11,Non-normal,Median [IQR]
sputum,T0,Species,Alloprevotella_tannerae,30,4,5,86.66666666666667,0.10918411122950206,0.3268580652079008,0,0,0,0,1.2194397561120487,3.1958528927323843e-10,Non-normal,Median [IQR]
sputum,T0,Species,Prevotella_bivia,30,2,3,93.33333333333333,0.10775544166845222,0.5884443832989144,0,0,0,0,3.223350322335032,7.872682107864693e-12,Non-normal,Median [IQR]
sputum,T0,Species,Capnocytophaga_SGB2499,30,3,4,90,0.10451013444253636,0.43468846810262113,0,0,0,0,2.2484004496800902,3.5369102632526476e-11,Non-normal,Median [IQR]
sputum,T0,Species,GGB1144_SGB1468,30,3,4,90,0.1034141532752997,0.5535465643608003,0,0,0,0,3.0338781043260976,8.580565930402598e-12,Non-normal,Median [IQR]
sputum,T0,Species,Leptotrichia_sp_oral_taxon_215,30,4,5,86.66666666666667,0.10335956854606172,0.34741552598890124,0,0,0,0,1.7203548602216683,1.6862580173667153e-10,Non-normal,Median [IQR]
sputum,T0,Species,Schaalia_meyeri,30,5,6,83.33333333333334,0.09946147762309727,0.31950411599182804,0,0,0,0,1.3142178157908315,1.966673448119459e-10,Non-normal,Median [IQR]
sputum,T0,Species,Abiotrophia_defectiva,30,7,8,76.66666666666667,0.09862672276975486,0.2938951809285634,0,0,0,0,1.4144497171100565,4.5099059366266275e-10,Non-normal,Median [IQR]
sputum,T0,Species,Filifactor_alocis,30,2,3,93.33333333333333,0.09840468249330887,0.4609724550527549,0,0,0,0,2.4996204999241,1.7335135743051844e-11,Non-normal,Median [IQR]
sputum,T0,Species,Streptococcus_vestibularis,30,2,3,93.33333333333333,0.09564327986773977,0.48691124803871627,0,0,0,0,2.6661902666190267,1.1051717066430083e-11,Non-normal,Median [IQR]
sputum,T0,Species,GGB3883_SGB5265,30,5,6,83.33333333333334,0.09395633696980174,0.27561440939836707,0,0,0,0,1.151640230328046,4.6164351971383204e-10,Non-normal,Median [IQR]
sputum,T0,Species,Blautia_massiliensis,30,1,2,96.66666666666667,0.09062133732782547,0.49635350645734944,0,0,0,0,2.718640119834764,NA,Not assessed: identical or nearly identical values,Median [IQR]
sputum,T0,Species,Solobacterium_moorei,30,4,5,86.66666666666667,0.08977138767504868,0.43535173244413955,0,0,0,0,2.385430238543024,1.381344406077681e-11,Non-normal,Median [IQR]
sputum,T0,Species,Actinomyces_oris,30,7,8,76.66666666666667,0.0888723749554013,0.2955795760100096,0,0,0,0,1.5698601569860158,1.5346212333897148e-10,Non-normal,Median [IQR]
sputum,T0,Species,Streptococcus_cristatus,30,3,4,90,0.08768038754911907,0.32648098339623877,0,0,0,0,1.3080950316032396,5.336667662971809e-11,Non-normal,Median [IQR]
sputum,T0,Species,GGB18703_SGB19793,30,2,3,93.33333333333333,0.08701438943409476,0.33630304511609804,0,0,0,0,1.5286668872343736,4.995681069235167e-11,Non-normal,Median [IQR]
sputum,T0,Species,Oribacterium_asaccharolyticum,30,5,6,83.33333333333334,0.08656327463466301,0.29061402855143853,0,0,0,0,1.4754589644030256,1.6597210533401653e-10,Non-normal,Median [IQR]
sputum,T0,Species,Actinomyces_graevenitzii,30,4,5,86.66666666666667,0.0845070094062356,0.2943298909013121,0,0,0,0,1.5365903073180616,1.1927763077908775e-10,Non-normal,Median [IQR]
sputum,T0,Species,GGB12785_SGB19823,30,3,4,90,0.08412546244976858,0.3598697826952387,0,0,0,0,1.9168801916880192,2.9722330708940426e-11,Non-normal,Median [IQR]
sputum,T0,Species,Lachnoanaerobaculum_sp_ICM7,30,5,6,83.33333333333334,0.08218219937586455,0.26558683045504833,0,0,0,0,1.3262177381383584,2.2903312866963867e-10,Non-normal,Median [IQR]
sputum,T0,Species,Prevotella_jejuni,30,2,3,93.33333333333333,0.08194701577638633,0.37877872333768403,0,0,0,0,2.047830514349586,1.8720854788764558e-11,Non-normal,Median [IQR]
sputum,T0,Species,Haemophilus_parainfluenzae,30,2,3,93.33333333333333,0.08113913823262463,0.40765036916804587,0,0,0,0,2.230519553896089,1.1829823668815804e-11,Non-normal,Median [IQR]
sputum,T0,Species,Prevotella_oris,30,4,5,86.66666666666667,0.0745206769136074,0.21485773888407006,0,0,0,0,0.7865510084004013,4.2352526454363865e-10,Non-normal,Median [IQR]
sputum,T0,Species,Parafannyhessea_umbonata,30,1,2,96.66666666666667,0.07032947771027712,0.38521041399475553,0,0,0,0,2.1098843313083133,NA,Not assessed: identical or nearly identical values,Median [IQR]
sputum,T0,Species,Solobacterium_SGB6829,30,7,8,76.66666666666667,0.06962426522826284,0.19009170722645774,0,0,0,0,0.7894412273475327,9.033932474438119e-10,Non-normal,Median [IQR]
sputum,T0,Species,Eubacterium_sulci,30,3,4,90,0.06527049876391824,0.23607466872196536,0,0,0,0,1.0247398975260102,7.753023545301507e-11,Non-normal,Median [IQR]
sputum,T0,Species,Streptococcus_sp_F0442,30,1,2,96.66666666666667,0.06457225607894641,0.35367681243439036,0,0,0,0,1.9371676823683923,NA,Not assessed: identical or nearly identical values,Median [IQR]
sputum,T0,Species,GGB12788_SGB19833,30,2,3,93.33333333333333,0.062101665077134736,0.23966333962245848,0,0,0,0,1.0830801083080108,5.002807580558852e-11,Non-normal,Median [IQR]
sputum,T0,Species,Prevotella_pleuritidis,30,2,3,93.33333333333333,0.061942550327551776,0.3321982474500897,0,0,0,0,1.8204365173945518,8.562022543769209e-12,Non-normal,Median [IQR]
sputum,T0,Species,Gemella_SGB7284,30,2,3,93.33333333333333,0.05852073995227112,0.2967914154608593,0,0,0,0,1.624840162484016,1.1269052237522944e-11,Non-normal,Median [IQR]
sputum,T0,Species,Prevotella_oralis,30,1,2,96.66666666666667,0.05847601169520234,0.3202863067839823,0,0,0,0,1.7542803508560703,NA,Not assessed: identical or nearly identical values,Median [IQR]
sputum,T0,Species,GGB1188_SGB1538,30,2,3,93.33333333333333,0.057601131774174905,0.23838453450435287,0,0,0,0,1.2207202441440488,3.6282944970584265e-11,Non-normal,Median [IQR]
sputum,T0,Species,Schaalia_SGB17157,30,5,6,83.33333333333334,0.0561563772369221,0.15386714811628058,0,0,0,0,0.7053799294620071,1.0951068896574814e-9,Non-normal,Median [IQR]
sputum,T0,Species,Prevotella_veroralis,30,1,2,96.66666666666667,0.055226005522600555,0.302485289856332,0,0,0,0,1.6567801656780166,NA,Not assessed: identical or nearly identical values,Median [IQR]
sputum,T0,Species,Actinomyces_sp_oral_taxon_448,30,2,3,93.33333333333333,0.054317578571619986,0.2462165746923637,0,0,0,0,1.32412,2.0985858718735328e-11,Non-normal,Median [IQR]
sputum,T0,Species,Haemophilus_parahaemolyticus,30,1,2,96.66666666666667,0.053781666666666665,0.2945743201355701,0,0,0,0,1.61345,NA,Not assessed: identical or nearly identical values,Median [IQR]
sputum,T0,Species,Neisseria_sicca,30,5,6,83.33333333333334,0.05328700938594716,0.25100710573968765,0,0,0,0,1.377859724428055,1.5086863088635138e-11,Non-normal,Median [IQR]
sputum,T0,Species,Tannerella_forsythia,30,3,4,90,0.05264484930392275,0.18681193718980457,0,0,0,0,0.762375531165542,8.118944798543649e-11,Non-normal,Median [IQR]
sputum,T0,Species,TM7_phylum_sp_oral_taxon_351,30,2,3,93.33333333333333,0.05244899564200061,0.2710077115849267,0,0,0,0,1.4847798515220147,1.0254305328204464e-11,Non-normal,Median [IQR]
sputum,T0,Species,Prevotella_nigrescens,30,3,4,90,0.04687451170174716,0.15922278822354552,0,0,0,0,0.6593419194303286,1.2162451744506254e-10,Non-normal,Median [IQR]
sputum,T0,Species,Tannerella_serpentiformis,30,5,6,83.33333333333334,0.04610261875809081,0.16791261225081994,0,0,0,0,0.7566597730020681,7.652071050257459e-11,Non-normal,Median [IQR]
sputum,T0,Species,Capnocytophaga_sputigena,30,4,5,86.66666666666667,0.04572816981687723,0.1748705174745411,0,0,0,0,0.8638005361996839,6.04188067726465e-11,Non-normal,Median [IQR]
sputum,T0,Species,Limosilactobacillus_vaginalis,30,1,2,96.66666666666667,0.044469666666666664,0.24357039558068902,0,0,0,0,1.33409,NA,Not assessed: identical or nearly identical values,Median [IQR]
sputum,T0,Species,Prevotella_intermedia,30,1,2,96.66666666666667,0.04359034205140175,0.23875413630918754,0,0,0,0,1.3077102615420524,NA,Not assessed: identical or nearly identical values,Median [IQR]
sputum,T0,Species,Rothia_aeria,30,4,5,86.66666666666667,0.04303035813082038,0.1437571659901014,0,0,0,0,0.5798366211659203,1.2905585525812172e-10,Non-normal,Median [IQR]
sputum,T0,Species,GGB1472_SGB2038,30,1,2,96.66666666666667,0.042372324858868354,0.23208278139139105,0,0,0,0,1.2711697457660507,NA,Not assessed: identical or nearly identical values,Median [IQR]
sputum,T0,Species,GGB1431_SGB1972,30,2,3,93.33333333333333,0.039069767318385094,0.16067200983983973,0,0,0,0,0.8179319620381783,3.7652807494597136e-11,Non-normal,Median [IQR]
sputum,T0,Species,Mogibacterium_timidum,30,2,3,93.33333333333333,0.039000109093966825,0.15013614324715943,0,0,0,0,0.6712031730589847,5.005726001633555e-11,Non-normal,Median [IQR]
sputum,T0,Species,GGB70967_SGB95921,30,1,2,96.66666666666667,0.03816728139014446,0.20905080976029256,0,0,0,0,1.1450184417043339,NA,Not assessed: identical or nearly identical values,Median [IQR]
sputum,T0,Species,Eubacterium_nodatum,30,1,2,96.66666666666667,0.035662007132401426,0.19532885752326384,0,0,0,0,1.0698602139720428,NA,Not assessed: identical or nearly identical values,Median [IQR]
sputum,T0,Species,Prevotella_oulorum,30,5,6,83.33333333333334,0.03448603546928456,0.12465583467311292,0,0,0,0,0.6200026936958967,9.471236647543128e-11,Non-normal,Median [IQR]
sputum,T0,Species,Treponema_vincentii,30,3,4,90,0.03212542434017298,0.12006039771561784,0,0,0,0,0.5759162671457472,7.027600259850428e-11,Non-normal,Median [IQR]
sputum,T0,Species,Treponema_denticola,30,2,3,93.33333333333333,0.030851795443391748,0.1388355166452704,0,0,0,0,0.7449238271757452,2.190958583699912e-11,Non-normal,Median [IQR]
sputum,T0,Species,GGB1611_SGB2208,30,2,3,93.33333333333333,0.029775011355998575,0.1450402500542891,0,0,0,0,0.7913801582760317,1.3942047504789565e-11,Non-normal,Median [IQR]
sputum,T0,Species,Corynebacterium_durum,30,3,4,90,0.02955406089534818,0.10613112235472034,0,0,0,0,0.526151069311721,1.0001802427200995e-10,Non-normal,Median [IQR]
sputum,T0,Species,Prevotella_baroniae,30,2,3,93.33333333333333,0.02806369357975035,0.1468871352003473,0,0,0,0,0.8049601609920323,9.622364066539931e-12,Non-normal,Median [IQR]
sputum,T0,Species,Solobacterium_SGB6834,30,1,2,96.66666666666667,0.027800962529883576,0.15227214297973127,0,0,0,0,0.8340288758965073,NA,Not assessed: identical or nearly identical values,Median [IQR]
sputum,T0,Species,Lachnoanaerobaculum_orale,30,5,6,83.33333333333334,0.0269902551395995,0.0919850537573291,0,0,0,0,0.45760004576000457,1.5203571712383447e-10,Non-normal,Median [IQR]
sputum,T0,Species,Candidatus_Nanosynsacchari_sp_TM7_ANC_38_39_G1_1,30,3,4,90,0.025951568127718296,0.08855505265627724,0,0,0,0,0.38231173961776654,1.2619182320202651e-10,Non-normal,Median [IQR]
sputum,T0,Species,Oribacterium_SGB5287,30,1,2,96.66666666666667,0.02515500251550025,0.13777962311838685,0,0,0,0,0.7546500754650075,NA,Not assessed: identical or nearly identical values,Median [IQR]
sputum,T0,Species,Lancefieldella_rimae,30,3,4,90,0.023818687033854966,0.09274854711228567,0,0,0,0,0.44092899263927465,5.073295760990202e-11,Non-normal,Median [IQR]
sputum,T0,Species,Actinomyces_naeslundii,30,4,5,86.66666666666667,0.023685638363109718,0.07452917736426645,0,0,0,0,0.3411261196211445,2.8899413366591403e-10,Non-normal,Median [IQR]
sputum,T0,Species,Lactobacillus_amylovorus,30,1,2,96.66666666666667,0.022637718531081884,0.12399189089926262,0,0,0,0,0.6791315559324566,NA,Not assessed: identical or nearly identical values,Median [IQR]
sputum,T0,Species,Parvimonas_sp_oral_taxon_393,30,2,3,93.33333333333333,0.022259078788213628,0.10707761242191333,0,0,0,0,0.5832923467504054,1.493318055970442e-11,Non-normal,Median [IQR]
sputum,T0,Species,Eggerthia_catenaformis,30,1,2,96.66666666666667,0.022124224620992443,0.12117936892228745,0,0,0,0,0.6637267386297733,NA,Not assessed: identical or nearly identical values,Median [IQR]
sputum,T0,Species,Aggregatibacter_aphrophilus,30,1,2,96.66666666666667,0.021993085057645394,0.12046108795202189,0,0,0,0,0.6597925517293618,NA,Not assessed: identical or nearly identical values,Median [IQR]
sputum,T0,Species,Prevotella_denticola,30,1,2,96.66666666666667,0.021709834367207616,0.11890966002620504,0,0,0,0,0.6512950310162284,NA,Not assessed: identical or nearly identical values,Median [IQR]
sputum,T0,Species,Streptococcus_gordonii,30,3,4,90,0.021053350492214865,0.07562382820775258,0,0,0,0,0.38463053218639176,9.80301863665242e-11,Non-normal,Median [IQR]
sputum,T0,Species,Candidatus_Nanosynbacter_sp_HMT_352,30,1,2,96.66666666666667,0.02073163417227625,0.11355183690100645,0,0,0,0,0.6219490251682875,NA,Not assessed: identical or nearly identical values,Median [IQR]
sputum,T0,Species,Fusobacterium_periodonticum,30,2,3,93.33333333333333,0.02049253055947294,0.0912260506712819,0,0,0,0,0.48762,2.3370719007302474e-11,Non-normal,Median [IQR]
sputum,T0,Species,TM7_phylum_sp_oral_taxon_348,30,1,2,96.66666666666667,0.018884337110200756,0.10343377418788875,0,0,0,0,0.5665301133060227,NA,Not assessed: identical or nearly identical values,Median [IQR]
sputum,T0,Species,Catonella_massiliensis,30,6,7,80,0.01876330985198495,0.05663343703951837,0,0,0,0,0.2826723349927893,4.205572629452969e-10,Non-normal,Median [IQR]
sputum,T0,Species,GGB49400_SGB69312,30,1,2,96.66666666666667,0.01874933708320075,0.10269434858737166,0,0,0,0,0.5624801124960225,NA,Not assessed: identical or nearly identical values,Median [IQR]
sputum,T0,Species,Campylobacter_showae,30,2,3,93.33333333333333,0.01838221360444753,0.09131306190905891,0,0,0,0,0.49921000000000004,1.2554077693900465e-11,Non-normal,Median [IQR]
sputum,T0,Species,Mogibacterium_SGB3923,30,3,4,90,0.01788410880742602,0.07819794538222816,0,0,0,0,0.41799004179900423,2.5979308194165806e-11,Non-normal,Median [IQR]
sputum,T0,Species,GGB1022_SGB1315,30,2,3,93.33333333333333,0.017400009575420154,0.06635505887342213,0,0,0,0,0.2772402383105948,4.787762609681085e-11,Non-normal,Median [IQR]
sputum,T0,Species,Granulicatella_SGB8245,30,1,2,96.66666666666667,0.016364336606200656,0.08963116297823634,0,0,0,0,0.4909300981860197,NA,Not assessed: identical or nearly identical values,Median [IQR]
sputum,T0,Species,Prevotella_shahii,30,2,3,93.33333333333333,0.016171331799433794,0.06584757249941081,0,0,0,0,0.33175,3.9855786409394816e-11,Non-normal,Median [IQR]
sputum,T0,Species,Slackia_exigua,30,3,4,90,0.015937171286541294,0.049594019333645545,0,0,0,0,0.19438729515949543,2.3325024625584406e-10,Non-normal,Median [IQR]
sputum,T0,Species,Schaalia_SGB17158,30,2,3,93.33333333333333,0.015738001475200464,0.0625610649213672,0,0,0,0,0.3049000609800122,4.5263714135753443e-11,Non-normal,Median [IQR]
sputum,T0,Species,Prevotella_maculosa,30,2,3,93.33333333333333,0.01466132258599564,0.07379017932078494,0,0,0,0,0.4038000807600161,1.172168663598291e-11,Non-normal,Median [IQR]
sputum,T0,Species,GGB49401_SGB69314,30,2,3,93.33333333333333,0.01348630159825122,0.053561375244756654,0,0,0,0,0.2606300521260104,4.546159803734103e-11,Non-normal,Median [IQR]
sputum,T0,Species,Porphyromonas_catoniae,30,3,4,90,0.012751896772789857,0.04546502584657959,0,0,0,0,0.21310269293865633,9.942150074117005e-11,Non-normal,Median [IQR]
sputum,T0,Species,Prevotellaceae_bacterium_Marseille_P2826,30,1,2,96.66666666666667,0.012402996279101115,0.06793400842716323,0,0,0,0,0.3720898883730335,NA,Not assessed: identical or nearly identical values,Median [IQR]
sputum,T0,Species,Catonella_morbi,30,2,3,93.33333333333333,0.011720382940867084,0.06098948462446452,0,0,0,0,0.3342000334200034,9.901157442786808e-12,Non-normal,Median [IQR]
sputum,T0,Species,Anaerostipes_hadrus,30,1,2,96.66666666666667,0.010505703610575694,0.057542108499757764,0,0,0,0,0.3151711083172708,NA,Not assessed: identical or nearly identical values,Median [IQR]
sputum,T0,Species,Oribacterium_SGB96486,30,1,2,96.66666666666667,0.01035521085559984,0.05671782573334403,0,0,0,0,0.31065632566799517,NA,Not assessed: identical or nearly identical values,Median [IQR]
sputum,T0,Species,Campylobacter_concisus,30,4,5,86.66666666666667,0.009820311225286217,0.02859803781551969,0,0,0,0,0.13046127191912443,5.611425982766227e-10,Non-normal,Median [IQR]
sputum,T0,Species,GGB2964_SGB3946,30,2,3,93.33333333333333,0.009446243667838626,0.03697213320554291,0,0,0,0,0.17458728827515446,4.836453255895733e-11,Non-normal,Median [IQR]
sputum,T0,Species,GGB1203_SGB1568,30,2,3,93.33333333333333,0.00942001655384498,0.05046988769887995,0,0,0,0,0.2765771095560224,8.601817589003726e-12,Non-normal,Median [IQR]
sputum,T0,Species,Eubacterium_saphenum,30,1,2,96.66666666666667,0.009336678360345341,0.05113909350131491,0,0,0,0,0.2801003508103602,NA,Not assessed: identical or nearly identical values,Median [IQR]
sputum,T0,Species,Kingella_denitrificans,30,2,3,93.33333333333333,0.008910260151076618,0.047311817169191764,0,0,0,0,0.25929005185801035,8.976578372991532e-12,Non-normal,Median [IQR]
sputum,T0,Species,Candidatus_Nanogingivalis_gingivitcus,30,1,2,96.66666666666667,0.00858966752563342,0.04704754665259008,0,0,0,0,0.2576900257690026,NA,Not assessed: identical or nearly identical values,Median [IQR]
sputum,T0,Species,Alloscardovia_omnicolens,30,2,3,93.33333333333333,0.008474190781469307,0.03263691454490292,0,0,0,0,0.14620311566242802,5.0061583829979296e-11,Non-normal,Median [IQR]
sputum,T0,Species,GGB4333_SGB5935,30,1,2,96.66666666666667,0.008375001675000335,0.04587177336541234,0,0,0,0,0.25125005025001007,NA,Not assessed: identical or nearly identical values,Median [IQR]
sputum,T0,Species,Veillonella_tobetsuensis,30,2,3,93.33333333333333,0.008231021143326174,0.031668882445408754,0,0,0,0,0.14121,5.0045246940536145e-11,Non-normal,Median [IQR]
sputum,T0,Species,GGB49528_SGB69474,30,1,2,96.66666666666667,0.007776829870707194,0.04259545146066314,0,0,0,0,0.2333048961212158,NA,Not assessed: identical or nearly identical values,Median [IQR]
sputum,T0,Species,GGB96534_SGB136060,30,1,2,96.66666666666667,0.007773334888000311,0.042576308651996644,0,0,0,0,0.23320004664000935,NA,Not assessed: identical or nearly identical values,Median [IQR]
sputum,T0,Species,Oribacterium_sp_oral_taxon_078,30,2,3,93.33333333333333,0.007761833000567796,0.0388276519856349,0,0,0,0,0.21238756107965504,1.2100074010456049e-11,Non-normal,Median [IQR]
sputum,T0,Species,GGB12763_SGB19797,30,1,2,96.66666666666667,0.007596668186000303,0.04160866527354217,0,0,0,0,0.2279000455800091,NA,Not assessed: identical or nearly identical values,Median [IQR]
sputum,T0,Species,Oribacterium_parvum,30,2,3,93.33333333333333,0.00738648211890497,0.03589918718107036,0,0,0,0,0.1958223691506058,1.4115952156388329e-11,Non-normal,Median [IQR]
sputum,T0,Species,Leptotrichia_hongkongensis,30,2,3,93.33333333333333,0.007227405524722794,0.032573395438894016,0,0,0,0,0.17485990739861285,2.1712533221855166e-11,Non-normal,Median [IQR]
sputum,T0,Species,Dialister_invisus,30,1,2,96.66666666666667,0.006643376959874158,0.03638727418933169,0,0,0,0,0.19930130879622474,NA,Not assessed: identical or nearly identical values,Median [IQR]
sputum,T0,Species,Leptotrichia_sp_oral_taxon_212,30,2,3,93.33333333333333,0.006572455114598346,0.026109738698420155,0,0,0,0,0.12710897052042716,4.5403692629108026e-11,Non-normal,Median [IQR]
sputum,T0,Species,Cardiobacterium_hominis,30,3,4,90,0.0061276532044169975,0.021915520384404447,0,0,0,0,0.10872314367621413,1.0325040070194934e-10,Non-normal,Median [IQR]
sputum,T0,Species,GGB3887_SGB5270,30,2,3,93.33333333333333,0.005876892055076931,0.030514557435996452,0,0,0,0,0.16720117318804095,1.0009193132756224e-11,Non-normal,Median [IQR]
sputum,T0,Species,Arachnia_SGB15899,30,2,3,93.33333333333333,0.005546702585870642,0.021576344050489377,0,0,0,0,0.10021432779879821,4.931293275072448e-11,Non-normal,Median [IQR]
sputum,T0,Species,Solobacterium_SGB6833,30,2,3,93.33333333333333,0.005501794658351401,0.028520739838555065,0,0,0,0,0.15627057300182434,1.008980562734524e-11,Non-normal,Median [IQR]
sputum,T0,Species,GGB1025_SGB1320,30,1,2,96.66666666666667,0.005461309552183656,0.029912824352494254,0,0,0,0,0.16383928656550967,NA,Not assessed: identical or nearly identical values,Median [IQR]
sputum,T0,Species,Bacteroidota_unclassified_SGB1343,30,2,3,93.33333333333333,0.0051407272426350166,0.023281796398547876,0,0,0,0,0.12517257266517226,2.109607874175757e-11,Non-normal,Median [IQR]
sputum,T0,Species,GGB49400_SGB97338,30,1,2,96.66666666666667,0.004959200913335948,0.027162662074343213,0,0,0,0,0.14877602740007845,NA,Not assessed: identical or nearly identical values,Median [IQR]
sputum,T0,Species,Alloprevotella_sp_Lung230,30,1,2,96.66666666666667,0.004824081676054119,0.0264225835322217,0,0,0,0,0.14472245028162356,NA,Not assessed: identical or nearly identical values,Median [IQR]
sputum,T0,Species,Neisseria_cinerea,30,2,3,93.33333333333333,0.004495251516625048,0.01902193920574987,0,0,0,0,0.09909998018000396,3.1763113051285724e-11,Non-normal,Median [IQR]
sputum,T0,Species,Atopobium_sp_oral_taxon_199,30,1,2,96.66666666666667,0.004339256095582087,0.023767084463421025,0,0,0,0,0.13017768286746262,NA,Not assessed: identical or nearly identical values,Median [IQR]
sputum,T0,Species,GGB71270_SGB97344,30,2,3,93.33333333333333,0.004228010018659728,0.01622590703376476,0,0,0,0,0.07139425999416396,4.987809539580837e-11,Non-normal,Median [IQR]
sputum,T0,Species,Solobacterium_SGB6828,30,1,2,96.66666666666667,0.0041049995895000415,0.022484008737186197,0,0,0,0,0.12314998768500124,NA,Not assessed: identical or nearly identical values,Median [IQR]
sputum,T0,Species,Megasphaera_micronuciformis,30,1,2,96.66666666666667,0.0039768630514917915,0.021782176014108832,0,0,0,0,0.11930589154475375,NA,Not assessed: identical or nearly identical values,Median [IQR]
sputum,T0,Species,Leptotrichia_wadei,30,3,4,90,0.0038858619066386535,0.01588790250297903,0,0,0,0,0.08493177204723343,3.9033467248126717e-11,Non-normal,Median [IQR]
sputum,T0,Species,Corynebacterium_matruchotii,30,2,3,93.33333333333333,0.003636630011419104,0.015848959011484733,0,0,0,0,0.08396001679200336,2.6562997679542746e-11,Non-normal,Median [IQR]
sputum,T0,Species,Neisseria_elongata,30,1,2,96.66666666666667,0.0035303599108849346,0.019336577593036065,0,0,0,0,0.10591079732654804,NA,Not assessed: identical or nearly identical values,Median [IQR]
sputum,T0,Species,Neisseria_bacilliformis,30,1,2,96.66666666666667,0.003288180833726877,0.018010108157883543,0,0,0,0,0.09864542501180631,NA,Not assessed: identical or nearly identical values,Median [IQR]
sputum,T0,Species,Aggregatibacter_segnis,30,1,2,96.66666666666667,0.0031809124303268876,0.017422574915386166,0,0,0,0,0.09542737290980663,NA,Not assessed: identical or nearly identical values,Median [IQR]
sputum,T0,Species,Campylobacter_rectus,30,2,3,93.33333333333333,0.0031409195717928325,0.015795010900660624,0,0,0,0,0.08643001728600345,1.177254369501552e-11,Non-normal,Median [IQR]
sputum,T0,Species,Selenomonas_SGB5896,30,2,3,93.33333333333333,0.0031057778123195316,0.0166137568416653,0,0,0,0,0.0910458120890587,8.665917805762799e-12,Non-normal,Median [IQR]
sputum,T0,Species,GGB1088_SGB1395,30,1,2,96.66666666666667,0.002943200165109299,0.016120571216832923,0,0,0,0,0.08829600495327897,NA,Not assessed: identical or nearly identical values,Median [IQR]
sputum,T0,Species,Eubacterium_infirmum,30,2,3,93.33333333333333,0.002853596354437163,0.010937865915520536,0,0,0,0,0.047774121776568805,4.971512381519648e-11,Non-normal,Median [IQR]
sputum,T0,Species,GGB4533_SGB6246,30,2,3,93.33333333333333,0.0028202394286500625,0.013436624965115666,0,0,0,0,0.07308644900079765,1.575519724139027e-11,Non-normal,Median [IQR]
sputum,T0,Species,Capnocytophaga_SGB2480,30,2,3,93.33333333333333,0.0027170141320228547,0.014392561634944564,0,0,0,0,0.07887816732707364,9.079434683686191e-12,Non-normal,Median [IQR]
sputum,T0,Species,Prevotella_loescheii,30,2,3,93.33333333333333,0.0025932996418367403,0.01224627000630322,0,0,0,0,0.06650907149287029,1.6561116104740004e-11,Non-normal,Median [IQR]
sputum,T0,Species,Arachnia_rubra,30,2,3,93.33333333333333,0.0025684163252718026,0.009892000839882077,0,0,0,0,0.04431669052268104,5.006166639996653e-11,Non-normal,Median [IQR]
sputum,T0,Species,Eikenella_corrodens,30,1,2,96.66666666666667,0.0024546813149799317,0.013444843277009524,0,0,0,0,0.07364043944939795,NA,Not assessed: identical or nearly identical values,Median [IQR]
sputum,T0,Species,Catonella_SGB69305,30,1,2,96.66666666666667,0.0023724221271574615,0.01299429114968531,0,0,0,0,0.07117266381472384,NA,Not assessed: identical or nearly identical values,Median [IQR]
sputum,T0,Species,Candidatus_Saccharibacteria_unclassified_SGB19846,30,1,2,96.66666666666667,0.0022211867834435544,0.012165941057243772,0,0,0,0,0.06663560350330663,NA,Not assessed: identical or nearly identical values,Median [IQR]
sputum,T0,Species,Treponema_sp_Marseille_Q4130,30,1,2,96.66666666666667,0.002157876735244977,0.011819177642092768,0,0,0,0,0.0647363020573493,NA,Not assessed: identical or nearly identical values,Median [IQR]
sputum,T0,Species,Haemophilus_haemolyticus,30,2,3,93.33333333333333,0.0020422590352735166,0.00831317474559904,0,0,0,0,0.04186803280358363,3.992723248960316e-11,Non-normal,Median [IQR]
sputum,T0,Species,Dialister_pneumosintes,30,2,3,93.33333333333333,0.0020382403082500325,0.008241411159473345,0,0,0,0,0.04117659916141962,4.144269724385276e-11,Non-normal,Median [IQR]
sputum,T0,Species,Schaalia_georgiae,30,1,2,96.66666666666667,0.0020111532043126513,0.011015539766008352,0,0,0,0,0.06033459612937954,NA,Not assessed: identical or nearly identical values,Median [IQR]
sputum,T0,Species,Actinomyces_gerencseriae,30,1,2,96.66666666666667,0.001952570369722896,0.010694668366134323,0,0,0,0,0.05857711109168688,NA,Not assessed: identical or nearly identical values,Median [IQR]
sputum,T0,Species,Selenomonas_SGB69112,30,2,3,93.33333333333333,0.0017235708375064698,0.006559437015768883,0,0,0,0,0.02603755108421471,4.453850491676641e-11,Non-normal,Median [IQR]
sputum,T0,Species,Selenomonas_SGB5880,30,1,2,96.66666666666667,0.0016334003140892688,0.00894650197462716,0,0,0,0,0.049002009422678065,NA,Not assessed: identical or nearly identical values,Median [IQR]
sputum,T0,Species,Prevotella_micans,30,2,3,93.33333333333333,0.0016206164203885214,0.0065934348140726205,0,0,0,0,0.0331873404797342,4.004369160484614e-11,Non-normal,Median [IQR]
sputum,T0,Species,GGB1843_SGB2524,30,2,3,93.33333333333333,0.0014824074719721923,0.005885780009484929,0,0,0,0,0.028626197362219805,4.5522566581531173e-11,Non-normal,Median [IQR]
sputum,T0,Species,Actinobaculum_sp_oral_taxon_183,30,1,2,96.66666666666667,0.0013604769048591772,0.0074516388975618105,0,0,0,0,0.040814307145775316,NA,Not assessed: identical or nearly identical values,Median [IQR]
sputum,T0,Species,GGB74353_SGB98242,30,1,2,96.66666666666667,0.0011905427352824718,0.006520871117881114,0,0,0,0,0.03571628205847415,NA,Not assessed: identical or nearly identical values,Median [IQR]
sputum,T0,Species,Arachnia_propionica,30,2,3,93.33333333333333,0.0011835542566585925,0.005019430242539513,0,0,0,0,0.026188639388378426,3.133876101959639e-11,Non-normal,Median [IQR]
sputum,T0,Species,Actinomyces_massiliensis,30,1,2,96.66666666666667,0.001152971636662712,0.006315085735638178,0,0,0,0,0.03458914909988136,NA,Not assessed: identical or nearly identical values,Median [IQR]
sputum,T0,Species,GGB4733_SGB6557,30,1,2,96.66666666666667,0.0011383582265148218,0.006235044791837434,0,0,0,0,0.03415074679544465,NA,Not assessed: identical or nearly identical values,Median [IQR]
sputum,T0,Species,SR1_bacterium_human_oral_taxon_HOT_345,30,1,2,96.66666666666667,0.0010851497756825524,0.0059436101041300485,0,0,0,0,0.03255449327047657,NA,Not assessed: identical or nearly identical values,Median [IQR]
sputum,T0,Species,Treponema_maltophilum,30,1,2,96.66666666666667,0.001044754345763999,0.005722355222264941,0,0,0,0,0.03134263037291997,NA,Not assessed: identical or nearly identical values,Median [IQR]
sputum,T0,Species,Treponema_SGB69454,30,1,2,96.66666666666667,9.680001936000388e-4,0.0053019554170410915,0,0,0,0,0.029040005808001163,NA,Not assessed: identical or nearly identical values,Median [IQR]
sputum,T0,Species,Selenomonas_noxia,30,1,2,96.66666666666667,9.029279374654842e-4,0.004945539991514597,0,0,0,0,0.027087838123964526,NA,Not assessed: identical or nearly identical values,Median [IQR]
sputum,T0,Species,Leptotrichia_sp_oral_taxon_221,30,1,2,96.66666666666667,8.957857677973545e-4,0.004906420717146959,0,0,0,0,0.026873573033920635,NA,Not assessed: identical or nearly identical values,Median [IQR]
sputum,T0,Species,Catonella_SGB4505,30,1,2,96.66666666666667,7.510429186493446e-4,0.004113631481987634,0,0,0,0,0.022531287559480338,NA,Not assessed: identical or nearly identical values,Median [IQR]
sputum,T0,Species,Aggregatibacter_sp_2125159857,30,1,2,96.66666666666667,7.322557031563165e-4,0.004010729664805214,0,0,0,0,0.021967671094689493,NA,Not assessed: identical or nearly identical values,Median [IQR]
sputum,T0,Species,Selenomonas_infelix,30,2,3,93.33333333333333,6.831572849540251e-4,0.003365001099524094,0,0,0,0,0.018382410339919473,1.3131138321562558e-11,Non-normal,Median [IQR]
sputum,T0,Species,Enterococcus_faecalis,30,1,2,96.66666666666667,6.696665997000066e-4,0.00366791502663476,0,0,0,0,0.0200899979910002,NA,Not assessed: identical or nearly identical values,Median [IQR]
sputum,T0,Species,GGB1843_SGB2516,30,1,2,96.66666666666667,6.422931685893324e-4,0.00351798456967846,0,0,0,0,0.019268795057679974,NA,Not assessed: identical or nearly identical values,Median [IQR]
sputum,T0,Species,Treponema_SGB3588,30,1,2,96.66666666666667,6.285557177847047e-4,0.0034427414527953386,0,0,0,0,0.01885667153354114,NA,Not assessed: identical or nearly identical values,Median [IQR]
sputum,T0,Species,Capnocytophaga_ochracea,30,1,2,96.66666666666667,5.442536467764287e-4,0.0029809999934389884,0,0,0,0,0.01632760940329286,NA,Not assessed: identical or nearly identical values,Median [IQR]
sputum,T0,Species,TM7_phylum_sp_oral_taxon_349,30,1,2,96.66666666666667,4.4323380844317917e-4,0.00242769155133253,0,0,0,0,0.013297014253295375,NA,Not assessed: identical or nearly identical values,Median [IQR]
sputum,T0,Species,Alloprevotella_SGB1466,30,1,2,96.66666666666667,3.394450566878281e-4,0.0018592171458154331,0,0,0,0,0.010183351700634844,NA,Not assessed: identical or nearly identical values,Median [IQR]
sputum,T0,Species,Enterococcus_faecium,30,1,2,96.66666666666667,2.7433330590000273e-4,0.0015025853991639656,0,0,0,0,0.008229999177000081,NA,Not assessed: identical or nearly identical values,Median [IQR]
sputum,T0,Species,Oribacterium_SGB5283,30,1,2,96.66666666666667,2.3903183904096025e-4,0.0013092313020467796,0,0,0,0,0.007170955171228808,NA,Not assessed: identical or nearly identical values,Median [IQR]
sputum,T0,Species,Neisseria_sp_oral_taxon_014,30,1,2,96.66666666666667,2.1375577629825776e-4,0.001170788604755839,0,0,0,0,0.006412673288947733,NA,Not assessed: identical or nearly identical values,Median [IQR]
sputum,T0,Species,Bifidobacterium_breve,30,1,2,96.66666666666667,2.01172210352503e-4,0.001101865575532402,0,0,0,0,0.00603516631057509,NA,Not assessed: identical or nearly identical values,Median [IQR]
sputum,T0,Species,Pauljensenia_hongkongensis,30,1,2,96.66666666666667,1.4168725412686795e-4,7.760530519625251e-4,0,0,0,0,0.004250617623806038,NA,Not assessed: identical or nearly identical values,Median [IQR]
sputum,T0,Species,Campylobacter_SGB96342,30,1,2,96.66666666666667,1.2120639511800784e-4,6.638747672001693e-4,0,0,0,0,0.0036361918535402354,NA,Not assessed: identical or nearly identical values,Median [IQR]
sputum,T0,Species,Candidatus_Saccharibacteria_unclassified_SGB19905,30,1,2,96.66666666666667,1.0777632363678815e-4,5.903152362084609e-4,0,0,0,0,0.0032332897091036446,NA,Not assessed: identical or nearly identical values,Median [IQR]
sputum,T0,Species,Alloprevotella_SGB1483,30,1,2,96.66666666666667,5.842081094330573e-5,3.199839598139321e-4,0,0,0,0,0.0017526243282991719,NA,Not assessed: identical or nearly identical values,Median [IQR]
sputum,T0,Species,Candidatus_Nanoperiomorbus_periodonticus,30,1,2,96.66666666666667,3.579322075729825e-5,1.9604754414534397e-4,0,0,0,0,0.0010737966227189475,NA,Not assessed: identical or nearly identical values,Median [IQR]
sputum,T0,Species,Peptoanaerobacter_stomatis,30,1,2,96.66666666666667,2.2831121518073502e-5,1.2505120268590448e-4,0,0,0,0,6.849336455422051e-4,NA,Not assessed: identical or nearly identical values,Median [IQR]
sputum,T0,Species,Acidaminococcus_SGB5735,30,0,1,100,0,0,0,0,0,0,0,NA,Not assessed: identical or nearly identical values,Median [IQR]
sputum,T0,Species,Acidaminococcus_intestini,30,0,1,100,0,0,0,0,0,0,0,NA,Not assessed: identical or nearly identical values,Median [IQR]
sputum,T0,Species,Actinomyces_bouchesdurhonensis,30,0,1,100,0,0,0,0,0,0,0,NA,Not assessed: identical or nearly identical values,Median [IQR]
sputum,T0,Species,Actinomyces_dentalis,30,0,1,100,0,0,0,0,0,0,0,NA,Not assessed: identical or nearly identical values,Median [IQR]
sputum,T0,Species,Actinomyces_johnsonii,30,0,1,100,0,0,0,0,0,0,0,NA,Not assessed: identical or nearly identical values,Median [IQR]
sputum,T0,Species,Actinomyces_radicidentis,30,0,1,100,0,0,0,0,0,0,0,NA,Not assessed: identical or nearly identical values,Median [IQR]
sputum,T0,Species,Adlercreutzia_equolifaciens,30,0,1,100,0,0,0,0,0,0,0,NA,Not assessed: identical or nearly identical values,Median [IQR]
sputum,T0,Species,Agathobaculum_butyriciproducens,30,0,1,100,0,0,0,0,0,0,0,NA,Not assessed: identical or nearly identical values,Median [IQR]
sputum,T0,Species,Akkermansia_muciniphila,30,0,1,100,0,0,0,0,0,0,0,NA,Not assessed: identical or nearly identical values,Median [IQR]
sputum,T0,Species,Alistipes_communis,30,0,1,100,0,0,0,0,0,0,0,NA,Not assessed: identical or nearly identical values,Median [IQR]
sputum,T0,Species,Alistipes_dispar,30,0,1,100,0,0,0,0,0,0,0,NA,Not assessed: identical or nearly identical values,Median [IQR]
sputum,T0,Species,Alistipes_finegoldii,30,0,1,100,0,0,0,0,0,0,0,NA,Not assessed: identical or nearly identical values,Median [IQR]
sputum,T0,Species,Alistipes_ihumii,30,0,1,100,0,0,0,0,0,0,0,NA,Not assessed: identical or nearly identical values,Median [IQR]
sputum,T0,Species,Alistipes_indistinctus,30,0,1,100,0,0,0,0,0,0,0,NA,Not assessed: identical or nearly identical values,Median [IQR]
sputum,T0,Species,Alistipes_onderdonkii,30,0,1,100,0,0,0,0,0,0,0,NA,Not assessed: identical or nearly identical values,Median [IQR]
sputum,T0,Species,Alistipes_putredinis,30,0,1,100,0,0,0,0,0,0,0,NA,Not assessed: identical or nearly identical values,Median [IQR]
sputum,T0,Species,Alistipes_shahii,30,0,1,100,0,0,0,0,0,0,0,NA,Not assessed: identical or nearly identical values,Median [IQR]
sputum,T0,Species,Alistipes_timonensis,30,0,1,100,0,0,0,0,0,0,0,NA,Not assessed: identical or nearly identical values,Median [IQR]
sputum,T0,Species,Allisonella_histaminiformans,30,0,1,100,0,0,0,0,0,0,0,NA,Not assessed: identical or nearly identical values,Median [IQR]
sputum,T0,Species,Alloprevotella_SGB1484,30,0,1,100,0,0,0,0,0,0,0,NA,Not assessed: identical or nearly identical values,Median [IQR]
sputum,T0,Species,Alloprevotella_sp_oral_taxon_473,30,0,1,100,0,0,0,0,0,0,0,NA,Not assessed: identical or nearly identical values,Median [IQR]
sputum,T0,Species,Amedibacillus_dolichus,30,0,1,100,0,0,0,0,0,0,0,NA,Not assessed: identical or nearly identical values,Median [IQR]
sputum,T0,Species,Amedibacterium_intestinale,30,0,1,100,0,0,0,0,0,0,0,NA,Not assessed: identical or nearly identical values,Median [IQR]
sputum,T0,Species,Anaerobutyricum_hallii,30,0,1,100,0,0,0,0,0,0,0,NA,Not assessed: identical or nearly identical values,Median [IQR]
sputum,T0,Species,Anaerobutyricum_soehngenii,30,0,1,100,0,0,0,0,0,0,0,NA,Not assessed: identical or nearly identical values,Median [IQR]
sputum,T0,Species,Anaerococcus_obesiensis,30,0,1,100,0,0,0,0,0,0,0,NA,Not assessed: identical or nearly identical values,Median [IQR]
sputum,T0,Species,Anaerofustis_stercorihominis,30,0,1,100,0,0,0,0,0,0,0,NA,Not assessed: identical or nearly identical values,Median [IQR]
sputum,T0,Species,Anaeroglobus_geminatus,30,0,1,100,0,0,0,0,0,0,0,NA,Not assessed: identical or nearly identical values,Median [IQR]
sputum,T0,Species,Anaeromassilibacillus_senegalensis,30,0,1,100,0,0,0,0,0,0,0,NA,Not assessed: identical or nearly identical values,Median [IQR]
sputum,T0,Species,Anaerostipes_butyraticus,30,0,1,100,0,0,0,0,0,0,0,NA,Not assessed: identical or nearly identical values,Median [IQR]
sputum,T0,Species,Anaerostipes_caccae,30,0,1,100,0,0,0,0,0,0,0,NA,Not assessed: identical or nearly identical values,Median [IQR]
sputum,T0,Species,Anaerotignum_faecicola,30,0,1,100,0,0,0,0,0,0,0,NA,Not assessed: identical or nearly identical values,Median [IQR]
sputum,T0,Species,Anaerotignum_lactatifermentans,30,0,1,100,0,0,0,0,0,0,0,NA,Not assessed: identical or nearly identical values,Median [IQR]
sputum,T0,Species,Anaerotruncus_colihominis,30,0,1,100,0,0,0,0,0,0,0,NA,Not assessed: identical or nearly identical values,Median [IQR]
sputum,T0,Species,Anaerotruncus_rubiinfantis,30,0,1,100,0,0,0,0,0,0,0,NA,Not assessed: identical or nearly identical values,Median [IQR]
sputum,T0,Species,Bacteroides_caccae,30,0,1,100,0,0,0,0,0,0,0,NA,Not assessed: identical or nearly identical values,Median [IQR]
sputum,T0,Species,Bacteroides_cellulosilyticus,30,0,1,100,0,0,0,0,0,0,0,NA,Not assessed: identical or nearly identical values,Median [IQR]
sputum,T0,Species,Bacteroides_clarus,30,0,1,100,0,0,0,0,0,0,0,NA,Not assessed: identical or nearly identical values,Median [IQR]
sputum,T0,Species,Bacteroides_eggerthii,30,0,1,100,0,0,0,0,0,0,0,NA,Not assessed: identical or nearly identical values,Median [IQR]
sputum,T0,Species,Bacteroides_faecis,30,0,1,100,0,0,0,0,0,0,0,NA,Not assessed: identical or nearly identical values,Median [IQR]
sputum,T0,Species,Bacteroides_fragilis,30,0,1,100,0,0,0,0,0,0,0,NA,Not assessed: identical or nearly identical values,Median [IQR]
sputum,T0,Species,Bacteroides_ovatus,30,0,1,100,0,0,0,0,0,0,0,NA,Not assessed: identical or nearly identical values,Median [IQR]
sputum,T0,Species,Bacteroides_stercoris,30,0,1,100,0,0,0,0,0,0,0,NA,Not assessed: identical or nearly identical values,Median [IQR]
sputum,T0,Species,Bacteroides_thetaiotaomicron,30,0,1,100,0,0,0,0,0,0,0,NA,Not assessed: identical or nearly identical values,Median [IQR]
sputum,T0,Species,Bacteroides_uniformis,30,0,1,100,0,0,0,0,0,0,0,NA,Not assessed: identical or nearly identical values,Median [IQR]
sputum,T0,Species,Bacteroides_xylanisolvens,30,0,1,100,0,0,0,0,0,0,0,NA,Not assessed: identical or nearly identical values,Median [IQR]
sputum,T0,Species,Baileyella_intestinalis,30,0,1,100,0,0,0,0,0,0,0,NA,Not assessed: identical or nearly identical values,Median [IQR]
sputum,T0,Species,Barnesiella_intestinihominis,30,0,1,100,0,0,0,0,0,0,0,NA,Not assessed: identical or nearly identical values,Median [IQR]
sputum,T0,Species,Bifidobacterium_adolescentis,30,0,1,100,0,0,0,0,0,0,0,NA,Not assessed: identical or nearly identical values,Median [IQR]
sputum,T0,Species,Bifidobacterium_animalis,30,0,1,100,0,0,0,0,0,0,0,NA,Not assessed: identical or nearly identical values,Median [IQR]
sputum,T0,Species,Bifidobacterium_bifidum,30,0,1,100,0,0,0,0,0,0,0,NA,Not assessed: identical or nearly identical values,Median [IQR]
sputum,T0,Species,Bifidobacterium_catenulatum,30,0,1,100,0,0,0,0,0,0,0,NA,Not assessed: identical or nearly identical values,Median [IQR]
sputum,T0,Species,Bifidobacterium_dentium,30,0,1,100,0,0,0,0,0,0,0,NA,Not assessed: identical or nearly identical values,Median [IQR]
sputum,T0,Species,Bifidobacterium_pseudocatenulatum,30,0,1,100,0,0,0,0,0,0,0,NA,Not assessed: identical or nearly identical values,Median [IQR]
sputum,T0,Species,Bifidobacterium_pseudolongum,30,0,1,100,0,0,0,0,0,0,0,NA,Not assessed: identical or nearly identical values,Median [IQR]
sputum,T0,Species,Bifidobacterium_pullorum,30,0,1,100,0,0,0,0,0,0,0,NA,Not assessed: identical or nearly identical values,Median [IQR]
sputum,T0,Species,Bilophila_wadsworthia,30,0,1,100,0,0,0,0,0,0,0,NA,Not assessed: identical or nearly identical values,Median [IQR]
sputum,T0,Species,Bittarella_massiliensis,30,0,1,100,0,0,0,0,0,0,0,NA,Not assessed: identical or nearly identical values,Median [IQR]
sputum,T0,Species,Blautia_SGB101324,30,0,1,100,0,0,0,0,0,0,0,NA,Not assessed: identical or nearly identical values,Median [IQR]
sputum,T0,Species,Blautia_SGB4793,30,0,1,100,0,0,0,0,0,0,0,NA,Not assessed: identical or nearly identical values,Median [IQR]
sputum,T0,Species,Blautia_SGB4815,30,0,1,100,0,0,0,0,0,0,0,NA,Not assessed: identical or nearly identical values,Median [IQR]
sputum,T0,Species,Blautia_SGB59878,30,0,1,100,0,0,0,0,0,0,0,NA,Not assessed: identical or nearly identical values,Median [IQR]
sputum,T0,Species,Blautia_caecimuris,30,0,1,100,0,0,0,0,0,0,0,NA,Not assessed: identical or nearly identical values,Median [IQR]
sputum,T0,Species,Blautia_faecicola,30,0,1,100,0,0,0,0,0,0,0,NA,Not assessed: identical or nearly identical values,Median [IQR]
sputum,T0,Species,Blautia_faecis,30,0,1,100,0,0,0,0,0,0,0,NA,Not assessed: identical or nearly identical values,Median [IQR]
sputum,T0,Species,Blautia_glucerasea,30,0,1,100,0,0,0,0,0,0,0,NA,Not assessed: identical or nearly identical values,Median [IQR]
sputum,T0,Species,Blautia_hansenii,30,0,1,100,0,0,0,0,0,0,0,NA,Not assessed: identical or nearly identical values,Median [IQR]
sputum,T0,Species,Blautia_hydrogenotrophica,30,0,1,100,0,0,0,0,0,0,0,NA,Not assessed: identical or nearly identical values,Median [IQR]
sputum,T0,Species,Blautia_luti,30,0,1,100,0,0,0,0,0,0,0,NA,Not assessed: identical or nearly identical values,Median [IQR]
sputum,T0,Species,Blautia_marasmi,30,0,1,100,0,0,0,0,0,0,0,NA,Not assessed: identical or nearly identical values,Median [IQR]
sputum,T0,Species,Blautia_obeum,30,0,1,100,0,0,0,0,0,0,0,NA,Not assessed: identical or nearly identical values,Median [IQR]
sputum,T0,Species,Blautia_producta,30,0,1,100,0,0,0,0,0,0,0,NA,Not assessed: identical or nearly identical values,Median [IQR]
sputum,T0,Species,Blautia_schinkii,30,0,1,100,0,0,0,0,0,0,0,NA,Not assessed: identical or nearly identical values,Median [IQR]
sputum,T0,Species,Blautia_sp_An46,30,0,1,100,0,0,0,0,0,0,0,NA,Not assessed: identical or nearly identical values,Median [IQR]
sputum,T0,Species,Blautia_sp_MCC283,30,0,1,100,0,0,0,0,0,0,0,NA,Not assessed: identical or nearly identical values,Median [IQR]
sputum,T0,Species,Blautia_sp_MSJ_9,30,0,1,100,0,0,0,0,0,0,0,NA,Not assessed: identical or nearly identical values,Median [IQR]
sputum,T0,Species,Blautia_sp_Marseille_P3201T,30,0,1,100,0,0,0,0,0,0,0,NA,Not assessed: identical or nearly identical values,Median [IQR]
sputum,T0,Species,Blautia_sp_OF03_15BH,30,0,1,100,0,0,0,0,0,0,0,NA,Not assessed: identical or nearly identical values,Median [IQR]
sputum,T0,Species,Blautia_stercoris,30,0,1,100,0,0,0,0,0,0,0,NA,Not assessed: identical or nearly identical values,Median [IQR]
sputum,T0,Species,Blautia_wexlerae,30,0,1,100,0,0,0,0,0,0,0,NA,Not assessed: identical or nearly identical values,Median [IQR]
sputum,T0,Species,Brotolimicola_acetigignens,30,0,1,100,0,0,0,0,0,0,0,NA,Not assessed: identical or nearly identical values,Median [IQR]
sputum,T0,Species,Burkholderia_contaminans,30,0,1,100,0,0,0,0,0,0,0,NA,Not assessed: identical or nearly identical values,Median [IQR]
sputum,T0,Species,Butyricicoccus_SGB14985,30,0,1,100,0,0,0,0,0,0,0,NA,Not assessed: identical or nearly identical values,Median [IQR]
sputum,T0,Species,Butyricicoccus_intestinisimiae,30,0,1,100,0,0,0,0,0,0,0,NA,Not assessed: identical or nearly identical values,Median [IQR]
sputum,T0,Species,Butyricimonas_faecihominis,30,0,1,100,0,0,0,0,0,0,0,NA,Not assessed: identical or nearly identical values,Median [IQR]
sputum,T0,Species,Butyricimonas_paravirosa,30,0,1,100,0,0,0,0,0,0,0,NA,Not assessed: identical or nearly identical values,Median [IQR]
sputum,T0,Species,Candidatus_Cibionibacter_quicibialis,30,0,1,100,0,0,0,0,0,0,0,NA,Not assessed: identical or nearly identical values,Median [IQR]
sputum,T0,Species,Candidatus_Nanosynbacter_lyticus,30,0,1,100,0,0,0,0,0,0,0,NA,Not assessed: identical or nearly identical values,Median [IQR]
sputum,T0,Species,Capnocytophaga_granulosa,30,0,1,100,0,0,0,0,0,0,0,NA,Not assessed: identical or nearly identical values,Median [IQR]
sputum,T0,Species,Carnobacterium_divergens,30,0,1,100,0,0,0,0,0,0,0,NA,Not assessed: identical or nearly identical values,Median [IQR]
sputum,T0,Species,Catenibacillus_scindens,30,0,1,100,0,0,0,0,0,0,0,NA,Not assessed: identical or nearly identical values,Median [IQR]
sputum,T0,Species,Catenibacterium_tridentinum,30,0,1,100,0,0,0,0,0,0,0,NA,Not assessed: identical or nearly identical values,Median [IQR]
sputum,T0,Species,Catonella_SGB96613,30,0,1,100,0,0,0,0,0,0,0,NA,Not assessed: identical or nearly identical values,Median [IQR]
sputum,T0,Species,Christensenella_hongkongensis,30,0,1,100,0,0,0,0,0,0,0,NA,Not assessed: identical or nearly identical values,Median [IQR]
sputum,T0,Species,Christensenella_minuta,30,0,1,100,0,0,0,0,0,0,0,NA,Not assessed: identical or nearly identical values,Median [IQR]
sputum,T0,Species,Citrobacter_freundii,30,0,1,100,0,0,0,0,0,0,0,NA,Not assessed: identical or nearly identical values,Median [IQR]
sputum,T0,Species,Clostridia_bacterium,30,0,1,100,0,0,0,0,0,0,0,NA,Not assessed: identical or nearly identical values,Median [IQR]
sputum,T0,Species,Clostridia_bacterium_UC5_1_1D1,30,0,1,100,0,0,0,0,0,0,0,NA,Not assessed: identical or nearly identical values,Median [IQR]
sputum,T0,Species,Clostridiaceae_bacterium,30,0,1,100,0,0,0,0,0,0,0,NA,Not assessed: identical or nearly identical values,Median [IQR]
sputum,T0,Species,Clostridiaceae_bacterium_AF18_31LB,30,0,1,100,0,0,0,0,0,0,0,NA,Not assessed: identical or nearly identical values,Median [IQR]
sputum,T0,Species,Clostridiaceae_bacterium_Marseille_Q3526,30,0,1,100,0,0,0,0,0,0,0,NA,Not assessed: identical or nearly identical values,Median [IQR]
sputum,T0,Species,Clostridiaceae_bacterium_Marseille_Q4143,30,0,1,100,0,0,0,0,0,0,0,NA,Not assessed: identical or nearly identical values,Median [IQR]
sputum,T0,Species,Clostridiaceae_bacterium_Marseille_Q4149,30,0,1,100,0,0,0,0,0,0,0,NA,Not assessed: identical or nearly identical values,Median [IQR]
sputum,T0,Species,Clostridiaceae_unclassified_SGB15090,30,0,1,100,0,0,0,0,0,0,0,NA,Not assessed: identical or nearly identical values,Median [IQR]
sputum,T0,Species,Clostridiales_bacterium,30,0,1,100,0,0,0,0,0,0,0,NA,Not assessed: identical or nearly identical values,Median [IQR]
sputum,T0,Species,Clostridiales_bacterium_KLE1615,30,0,1,100,0,0,0,0,0,0,0,NA,Not assessed: identical or nearly identical values,Median [IQR]
sputum,T0,Species,Clostridioides_difficile,30,0,1,100,0,0,0,0,0,0,0,NA,Not assessed: identical or nearly identical values,Median [IQR]
sputum,T0,Species,Clostridium_SGB47280,30,0,1,100,0,0,0,0,0,0,0,NA,Not assessed: identical or nearly identical values,Median [IQR]
sputum,T0,Species,Clostridium_SGB4750,30,0,1,100,0,0,0,0,0,0,0,NA,Not assessed: identical or nearly identical values,Median [IQR]
sputum,T0,Species,Clostridium_SGB4909,30,0,1,100,0,0,0,0,0,0,0,NA,Not assessed: identical or nearly identical values,Median [IQR]
sputum,T0,Species,Clostridium_SGB6173,30,0,1,100,0,0,0,0,0,0,0,NA,Not assessed: identical or nearly identical values,Median [IQR]
sputum,T0,Species,Clostridium_SGB6176,30,0,1,100,0,0,0,0,0,0,0,NA,Not assessed: identical or nearly identical values,Median [IQR]
sputum,T0,Species,Clostridium_SGB6177,30,0,1,100,0,0,0,0,0,0,0,NA,Not assessed: identical or nearly identical values,Median [IQR]
sputum,T0,Species,Clostridium_SGB6179,30,0,1,100,0,0,0,0,0,0,0,NA,Not assessed: identical or nearly identical values,Median [IQR]
sputum,T0,Species,Clostridium_butyricum,30,0,1,100,0,0,0,0,0,0,0,NA,Not assessed: identical or nearly identical values,Median [IQR]
sputum,T0,Species,Clostridium_celatum,30,0,1,100,0,0,0,0,0,0,0,NA,Not assessed: identical or nearly identical values,Median [IQR]
sputum,T0,Species,Clostridium_cuniculi,30,0,1,100,0,0,0,0,0,0,0,NA,Not assessed: identical or nearly identical values,Median [IQR]
sputum,T0,Species,Clostridium_disporicum,30,0,1,100,0,0,0,0,0,0,0,NA,Not assessed: identical or nearly identical values,Median [IQR]
sputum,T0,Species,Clostridium_fessum,30,0,1,100,0,0,0,0,0,0,0,NA,Not assessed: identical or nearly identical values,Median [IQR]
sputum,T0,Species,Clostridium_innocuum,30,0,1,100,0,0,0,0,0,0,0,NA,Not assessed: identical or nearly identical values,Median [IQR]
sputum,T0,Species,Clostridium_leptum,30,0,1,100,0,0,0,0,0,0,0,NA,Not assessed: identical or nearly identical values,Median [IQR]
sputum,T0,Species,Clostridium_methylpentosum,30,0,1,100,0,0,0,0,0,0,0,NA,Not assessed: identical or nearly identical values,Median [IQR]
sputum,T0,Species,Clostridium_paraputrificum,30,0,1,100,0,0,0,0,0,0,0,NA,Not assessed: identical or nearly identical values,Median [IQR]
sputum,T0,Species,Clostridium_perfringens,30,0,1,100,0,0,0,0,0,0,0,NA,Not assessed: identical or nearly identical values,Median [IQR]
sputum,T0,Species,Clostridium_porci,30,0,1,100,0,0,0,0,0,0,0,NA,Not assessed: identical or nearly identical values,Median [IQR]
sputum,T0,Species,Clostridium_saccharogumia,30,0,1,100,0,0,0,0,0,0,0,NA,Not assessed: identical or nearly identical values,Median [IQR]
sputum,T0,Species,Clostridium_saudiense,30,0,1,100,0,0,0,0,0,0,0,NA,Not assessed: identical or nearly identical values,Median [IQR]
sputum,T0,Species,Clostridium_scindens,30,0,1,100,0,0,0,0,0,0,0,NA,Not assessed: identical or nearly identical values,Median [IQR]
sputum,T0,Species,Clostridium_sp_1001270J_160509_D11,30,0,1,100,0,0,0,0,0,0,0,NA,Not assessed: identical or nearly identical values,Median [IQR]
sputum,T0,Species,Clostridium_sp_AF20_17LB,30,0,1,100,0,0,0,0,0,0,0,NA,Not assessed: identical or nearly identical values,Median [IQR]
sputum,T0,Species,Clostridium_sp_AF27_2AA,30,0,1,100,0,0,0,0,0,0,0,NA,Not assessed: identical or nearly identical values,Median [IQR]
sputum,T0,Species,Clostridium_sp_AF36_4,30,0,1,100,0,0,0,0,0,0,0,NA,Not assessed: identical or nearly identical values,Median [IQR]
sputum,T0,Species,Clostridium_sp_AM22_11AC,30,0,1,100,0,0,0,0,0,0,0,NA,Not assessed: identical or nearly identical values,Median [IQR]
sputum,T0,Species,Clostridium_sp_AM29_11AC,30,0,1,100,0,0,0,0,0,0,0,NA,Not assessed: identical or nearly identical values,Median [IQR]
sputum,T0,Species,Clostridium_sp_AM49_4BH,30,0,1,100,0,0,0,0,0,0,0,NA,Not assessed: identical or nearly identical values,Median [IQR]
sputum,T0,Species,Clostridium_sp_AT4,30,0,1,100,0,0,0,0,0,0,0,NA,Not assessed: identical or nearly identical values,Median [IQR]
sputum,T0,Species,Clostridium_sp_C5_48,30,0,1,100,0,0,0,0,0,0,0,NA,Not assessed: identical or nearly identical values,Median [IQR]
sputum,T0,Species,Clostridium_sp_NSJ_42,30,0,1,100,0,0,0,0,0,0,0,NA,Not assessed: identical or nearly identical values,Median [IQR]
sputum,T0,Species,Clostridium_spiroforme,30,0,1,100,0,0,0,0,0,0,0,NA,Not assessed: identical or nearly identical values,Median [IQR]
sputum,T0,Species,Clostridium_symbiosum,30,0,1,100,0,0,0,0,0,0,0,NA,Not assessed: identical or nearly identical values,Median [IQR]
sputum,T0,Species,Colidextribacter_sp_210702_DFI_3_9,30,0,1,100,0,0,0,0,0,0,0,NA,Not assessed: identical or nearly identical values,Median [IQR]
sputum,T0,Species,Collinsella_SGB14754,30,0,1,100,0,0,0,0,0,0,0,NA,Not assessed: identical or nearly identical values,Median [IQR]
sputum,T0,Species,Collinsella_aerofaciens,30,0,1,100,0,0,0,0,0,0,0,NA,Not assessed: identical or nearly identical values,Median [IQR]
sputum,T0,Species,Collinsella_bouchesdurhonensis,30,0,1,100,0,0,0,0,0,0,0,NA,Not assessed: identical or nearly identical values,Median [IQR]
sputum,T0,Species,Collinsella_intestinalis,30,0,1,100,0,0,0,0,0,0,0,NA,Not assessed: identical or nearly identical values,Median [IQR]
sputum,T0,Species,Coprobacillus_cateniformis,30,0,1,100,0,0,0,0,0,0,0,NA,Not assessed: identical or nearly identical values,Median [IQR]
sputum,T0,Species,Coprobacillus_sp_AF33_1AC,30,0,1,100,0,0,0,0,0,0,0,NA,Not assessed: identical or nearly identical values,Median [IQR]
sputum,T0,Species,Coprobacter_fastidiosus,30,0,1,100,0,0,0,0,0,0,0,NA,Not assessed: identical or nearly identical values,Median [IQR]
sputum,T0,Species,Coprococcus_SGB4580,30,0,1,100,0,0,0,0,0,0,0,NA,Not assessed: identical or nearly identical values,Median [IQR]
sputum,T0,Species,Coprococcus_catus,30,0,1,100,0,0,0,0,0,0,0,NA,Not assessed: identical or nearly identical values,Median [IQR]
sputum,T0,Species,Coprococcus_comes,30,0,1,100,0,0,0,0,0,0,0,NA,Not assessed: identical or nearly identical values,Median [IQR]
sputum,T0,Species,Coprococcus_eutactus,30,0,1,100,0,0,0,0,0,0,0,NA,Not assessed: identical or nearly identical values,Median [IQR]
sputum,T0,Species,Cuneatibacter_caecimuris,30,0,1,100,0,0,0,0,0,0,0,NA,Not assessed: identical or nearly identical values,Median [IQR]
sputum,T0,Species,Cuneatibacter_sp_NSJ_177,30,0,1,100,0,0,0,0,0,0,0,NA,Not assessed: identical or nearly identical values,Median [IQR]
sputum,T0,Species,Desulfovibrio_desulfuricans,30,0,1,100,0,0,0,0,0,0,0,NA,Not assessed: identical or nearly identical values,Median [IQR]
sputum,T0,Species,Desulfovibrio_piger,30,0,1,100,0,0,0,0,0,0,0,NA,Not assessed: identical or nearly identical values,Median [IQR]
sputum,T0,Species,Dielma_fastidiosa,30,0,1,100,0,0,0,0,0,0,0,NA,Not assessed: identical or nearly identical values,Median [IQR]
sputum,T0,Species,Diplocloster_agilis,30,0,1,100,0,0,0,0,0,0,0,NA,Not assessed: identical or nearly identical values,Median [IQR]
sputum,T0,Species,Diplocloster_modestus,30,0,1,100,0,0,0,0,0,0,0,NA,Not assessed: identical or nearly identical values,Median [IQR]
sputum,T0,Species,Dorea_formicigenerans,30,0,1,100,0,0,0,0,0,0,0,NA,Not assessed: identical or nearly identical values,Median [IQR]
sputum,T0,Species,Dorea_longicatena,30,0,1,100,0,0,0,0,0,0,0,NA,Not assessed: identical or nearly identical values,Median [IQR]
sputum,T0,Species,Dorea_phocaeensis,30,0,1,100,0,0,0,0,0,0,0,NA,Not assessed: identical or nearly identical values,Median [IQR]
sputum,T0,Species,Dorea_sp_AF36_15AT,30,0,1,100,0,0,0,0,0,0,0,NA,Not assessed: identical or nearly identical values,Median [IQR]
sputum,T0,Species,Drancourtella_massiliensis,30,0,1,100,0,0,0,0,0,0,0,NA,Not assessed: identical or nearly identical values,Median [IQR]
sputum,T0,Species,Dysosmobacter_welbionis,30,0,1,100,0,0,0,0,0,0,0,NA,Not assessed: identical or nearly identical values,Median [IQR]
sputum,T0,Species,Eggerthella_lenta,30,0,1,100,0,0,0,0,0,0,0,NA,Not assessed: identical or nearly identical values,Median [IQR]
sputum,T0,Species,Eggerthella_sinensis,30,0,1,100,0,0,0,0,0,0,0,NA,Not assessed: identical or nearly identical values,Median [IQR]
sputum,T0,Species,Eggerthella_sp_YY7918,30,0,1,100,0,0,0,0,0,0,0,NA,Not assessed: identical or nearly identical values,Median [IQR]
sputum,T0,Species,Eisenbergiella_massiliensis,30,0,1,100,0,0,0,0,0,0,0,NA,Not assessed: identical or nearly identical values,Median [IQR]
sputum,T0,Species,Eisenbergiella_tayi,30,0,1,100,0,0,0,0,0,0,0,NA,Not assessed: identical or nearly identical values,Median [IQR]
sputum,T0,Species,Enorma_massiliensis,30,0,1,100,0,0,0,0,0,0,0,NA,Not assessed: identical or nearly identical values,Median [IQR]
sputum,T0,Species,Enorma_phocaeensis,30,0,1,100,0,0,0,0,0,0,0,NA,Not assessed: identical or nearly identical values,Median [IQR]
sputum,T0,Species,Enterobacter_hormaechei,30,0,1,100,0,0,0,0,0,0,0,NA,Not assessed: identical or nearly identical values,Median [IQR]
sputum,T0,Species,Enterobacter_kobei,30,0,1,100,0,0,0,0,0,0,0,NA,Not assessed: identical or nearly identical values,Median [IQR]
sputum,T0,Species,Enterobacter_ludwigii,30,0,1,100,0,0,0,0,0,0,0,NA,Not assessed: identical or nearly identical values,Median [IQR]
sputum,T0,Species,Enterocloster_aldenensis,30,0,1,100,0,0,0,0,0,0,0,NA,Not assessed: identical or nearly identical values,Median [IQR]
sputum,T0,Species,Enterocloster_asparagiformis,30,0,1,100,0,0,0,0,0,0,0,NA,Not assessed: identical or nearly identical values,Median [IQR]
sputum,T0,Species,Enterocloster_bolteae,30,0,1,100,0,0,0,0,0,0,0,NA,Not assessed: identical or nearly identical values,Median [IQR]
sputum,T0,Species,Enterocloster_citroniae,30,0,1,100,0,0,0,0,0,0,0,NA,Not assessed: identical or nearly identical values,Median [IQR]
sputum,T0,Species,Enterocloster_clostridioformis,30,0,1,100,0,0,0,0,0,0,0,NA,Not assessed: identical or nearly identical values,Median [IQR]
sputum,T0,Species,Enterocloster_hominis,30,0,1,100,0,0,0,0,0,0,0,NA,Not assessed: identical or nearly identical values,Median [IQR]
sputum,T0,Species,Enterocloster_lavalensis,30,0,1,100,0,0,0,0,0,0,0,NA,Not assessed: identical or nearly identical values,Median [IQR]
sputum,T0,Species,Enterococcus_avium,30,0,1,100,0,0,0,0,0,0,0,NA,Not assessed: identical or nearly identical values,Median [IQR]
sputum,T0,Species,Enterococcus_gallinarum,30,0,1,100,0,0,0,0,0,0,0,NA,Not assessed: identical or nearly identical values,Median [IQR]
sputum,T0,Species,Enteroscipio_rubneri,30,0,1,100,0,0,0,0,0,0,0,NA,Not assessed: identical or nearly identical values,Median [IQR]
sputum,T0,Species,Erysipelatoclostridium_SGB66626,30,0,1,100,0,0,0,0,0,0,0,NA,Not assessed: identical or nearly identical values,Median [IQR]
sputum,T0,Species,Erysipelatoclostridium_ramosum,30,0,1,100,0,0,0,0,0,0,0,NA,Not assessed: identical or nearly identical values,Median [IQR]
sputum,T0,Species,Erysipelotrichaceae_bacterium_LH1062,30,0,1,100,0,0,0,0,0,0,0,NA,Not assessed: identical or nearly identical values,Median [IQR]
sputum,T0,Species,Escherichia_coli,30,0,1,100,0,0,0,0,0,0,0,NA,Not assessed: identical or nearly identical values,Median [IQR]
sputum,T0,Species,Escherichia_marmotae,30,0,1,100,0,0,0,0,0,0,0,NA,Not assessed: identical or nearly identical values,Median [IQR]
sputum,T0,Species,Eubacteriaceae_bacterium,30,0,1,100,0,0,0,0,0,0,0,NA,Not assessed: identical or nearly identical values,Median [IQR]
sputum,T0,Species,Eubacteriaceae_bacterium_Marseille_Q4139,30,0,1,100,0,0,0,0,0,0,0,NA,Not assessed: identical or nearly identical values,Median [IQR]
sputum,T0,Species,Eubacterium_callanderi,30,0,1,100,0,0,0,0,0,0,0,NA,Not assessed: identical or nearly identical values,Median [IQR]
sputum,T0,Species,Eubacterium_maltosivorans,30,0,1,100,0,0,0,0,0,0,0,NA,Not assessed: identical or nearly identical values,Median [IQR]
sputum,T0,Species,Eubacterium_ramulus,30,0,1,100,0,0,0,0,0,0,0,NA,Not assessed: identical or nearly identical values,Median [IQR]
sputum,T0,Species,Eubacterium_rectale,30,0,1,100,0,0,0,0,0,0,0,NA,Not assessed: identical or nearly identical values,Median [IQR]
sputum,T0,Species,Eubacterium_siraeum,30,0,1,100,0,0,0,0,0,0,0,NA,Not assessed: identical or nearly identical values,Median [IQR]
sputum,T0,Species,Eubacterium_sp_AF16_48,30,0,1,100,0,0,0,0,0,0,0,NA,Not assessed: identical or nearly identical values,Median [IQR]
sputum,T0,Species,Eubacterium_sp_AF34_35BH,30,0,1,100,0,0,0,0,0,0,0,NA,Not assessed: identical or nearly identical values,Median [IQR]
sputum,T0,Species,Eubacterium_sp_c_25,30,0,1,100,0,0,0,0,0,0,0,NA,Not assessed: identical or nearly identical values,Median [IQR]
sputum,T0,Species,Eubacterium_ventriosum,30,0,1,100,0,0,0,0,0,0,0,NA,Not assessed: identical or nearly identical values,Median [IQR]
sputum,T0,Species,Evtepia_gabavorous,30,0,1,100,0,0,0,0,0,0,0,NA,Not assessed: identical or nearly identical values,Median [IQR]
sputum,T0,Species,Faecalibacillus_SGB6753,30,0,1,100,0,0,0,0,0,0,0,NA,Not assessed: identical or nearly identical values,Median [IQR]
sputum,T0,Species,Faecalibacillus_faecis,30,0,1,100,0,0,0,0,0,0,0,NA,Not assessed: identical or nearly identical values,Median [IQR]
sputum,T0,Species,Faecalibacillus_intestinalis,30,0,1,100,0,0,0,0,0,0,0,NA,Not assessed: identical or nearly identical values,Median [IQR]
sputum,T0,Species,Faecalibacterium_SGB15346,30,0,1,100,0,0,0,0,0,0,0,NA,Not assessed: identical or nearly identical values,Median [IQR]
sputum,T0,Species,Faecalibacterium_sp_CLA_AA_H233,30,0,1,100,0,0,0,0,0,0,0,NA,Not assessed: identical or nearly identical values,Median [IQR]
sputum,T0,Species,Faecalibacterium_sp_HTFF,30,0,1,100,0,0,0,0,0,0,0,NA,Not assessed: identical or nearly identical values,Median [IQR]
sputum,T0,Species,Faecalicatena_contorta,30,0,1,100,0,0,0,0,0,0,0,NA,Not assessed: identical or nearly identical values,Median [IQR]
sputum,T0,Species,Faecalicatena_fissicatena,30,0,1,100,0,0,0,0,0,0,0,NA,Not assessed: identical or nearly identical values,Median [IQR]
sputum,T0,Species,Faecalicoccus_pleomorphus,30,0,1,100,0,0,0,0,0,0,0,NA,Not assessed: identical or nearly identical values,Median [IQR]
sputum,T0,Species,Faecalimonas_umbilicata,30,0,1,100,0,0,0,0,0,0,0,NA,Not assessed: identical or nearly identical values,Median [IQR]
sputum,T0,Species,Faecalitalea_cylindroides,30,0,1,100,0,0,0,0,0,0,0,NA,Not assessed: identical or nearly identical values,Median [IQR]
sputum,T0,Species,Finegoldia_magna,30,0,1,100,0,0,0,0,0,0,0,NA,Not assessed: identical or nearly identical values,Median [IQR]
sputum,T0,Species,Firmicutes_bacterium,30,0,1,100,0,0,0,0,0,0,0,NA,Not assessed: identical or nearly identical values,Median [IQR]
sputum,T0,Species,Flavonifractor_plautii,30,0,1,100,0,0,0,0,0,0,0,NA,Not assessed: identical or nearly identical values,Median [IQR]
sputum,T0,Species,Fusicatenibacter_saccharivorans,30,0,1,100,0,0,0,0,0,0,0,NA,Not assessed: identical or nearly identical values,Median [IQR]
sputum,T0,Species,Fusicatenibacter_sp_CLA_AA_H277,30,0,1,100,0,0,0,0,0,0,0,NA,Not assessed: identical or nearly identical values,Median [IQR]
sputum,T0,Species,Fusobacterium_ulcerans,30,0,1,100,0,0,0,0,0,0,0,NA,Not assessed: identical or nearly identical values,Median [IQR]
sputum,T0,Species,GGB1024_SGB69047,30,0,1,100,0,0,0,0,0,0,0,NA,Not assessed: identical or nearly identical values,Median [IQR]
sputum,T0,Species,GGB1096_SGB1408,30,0,1,100,0,0,0,0,0,0,0,NA,Not assessed: identical or nearly identical values,Median [IQR]
sputum,T0,Species,GGB1144_SGB1469,30,0,1,100,0,0,0,0,0,0,0,NA,Not assessed: identical or nearly identical values,Median [IQR]
sputum,T0,Species,GGB1202_SGB1567,30,0,1,100,0,0,0,0,0,0,0,NA,Not assessed: identical or nearly identical values,Median [IQR]
sputum,T0,Species,GGB1219_SGB1587,30,0,1,100,0,0,0,0,0,0,0,NA,Not assessed: identical or nearly identical values,Median [IQR]
sputum,T0,Species,GGB12785_SGB19824,30,0,1,100,0,0,0,0,0,0,0,NA,Not assessed: identical or nearly identical values,Median [IQR]
sputum,T0,Species,GGB12794_SGB19881,30,0,1,100,0,0,0,0,0,0,0,NA,Not assessed: identical or nearly identical values,Median [IQR]
sputum,T0,Species,GGB1473_SGB2039,30,0,1,100,0,0,0,0,0,0,0,NA,Not assessed: identical or nearly identical values,Median [IQR]
sputum,T0,Species,GGB1844_SGB2532,30,0,1,100,0,0,0,0,0,0,0,NA,Not assessed: identical or nearly identical values,Median [IQR]
sputum,T0,Species,GGB18703_SGB19792,30,0,1,100,0,0,0,0,0,0,0,NA,Not assessed: identical or nearly identical values,Median [IQR]
sputum,T0,Species,GGB2653_SGB3574,30,0,1,100,0,0,0,0,0,0,0,NA,Not assessed: identical or nearly identical values,Median [IQR]
sputum,T0,Species,GGB2980_SGB3962,30,0,1,100,0,0,0,0,0,0,0,NA,Not assessed: identical or nearly identical values,Median [IQR]
sputum,T0,Species,GGB2987_SGB3969,30,0,1,100,0,0,0,0,0,0,0,NA,Not assessed: identical or nearly identical values,Median [IQR]
sputum,T0,Species,GGB3000_SGB3991,30,0,1,100,0,0,0,0,0,0,0,NA,Not assessed: identical or nearly identical values,Median [IQR]
sputum,T0,Species,GGB3002_SGB3993,30,0,1,100,0,0,0,0,0,0,0,NA,Not assessed: identical or nearly identical values,Median [IQR]
sputum,T0,Species,GGB3003_SGB3994,30,0,1,100,0,0,0,0,0,0,0,NA,Not assessed: identical or nearly identical values,Median [IQR]
sputum,T0,Species,GGB3005_SGB3996,30,0,1,100,0,0,0,0,0,0,0,NA,Not assessed: identical or nearly identical values,Median [IQR]
sputum,T0,Species,GGB3008_SGB3999,30,0,1,100,0,0,0,0,0,0,0,NA,Not assessed: identical or nearly identical values,Median [IQR]
sputum,T0,Species,GGB3059_SGB69431,30,0,1,100,0,0,0,0,0,0,0,NA,Not assessed: identical or nearly identical values,Median [IQR]
sputum,T0,Species,GGB3109_SGB4119,30,0,1,100,0,0,0,0,0,0,0,NA,Not assessed: identical or nearly identical values,Median [IQR]
sputum,T0,Species,GGB3109_SGB4121,30,0,1,100,0,0,0,0,0,0,0,NA,Not assessed: identical or nearly identical values,Median [IQR]
sputum,T0,Species,GGB32387_SGB47381,30,0,1,100,0,0,0,0,0,0,0,NA,Not assessed: identical or nearly identical values,Median [IQR]
sputum,T0,Species,GGB3256_SGB4303,30,0,1,100,0,0,0,0,0,0,0,NA,Not assessed: identical or nearly identical values,Median [IQR]
sputum,T0,Species,GGB3277_SGB4327,30,0,1,100,0,0,0,0,0,0,0,NA,Not assessed: identical or nearly identical values,Median [IQR]
sputum,T0,Species,GGB3304_SGB4367,30,0,1,100,0,0,0,0,0,0,0,NA,Not assessed: identical or nearly identical values,Median [IQR]
sputum,T0,Species,GGB3343_SGB4423,30,0,1,100,0,0,0,0,0,0,0,NA,Not assessed: identical or nearly identical values,Median [IQR]
sputum,T0,Species,GGB3363_SGB4447,30,0,1,100,0,0,0,0,0,0,0,NA,Not assessed: identical or nearly identical values,Median [IQR]
sputum,T0,Species,GGB3363_SGB4448,30,0,1,100,0,0,0,0,0,0,0,NA,Not assessed: identical or nearly identical values,Median [IQR]
sputum,T0,Species,GGB3385_SGB4471,30,0,1,100,0,0,0,0,0,0,0,NA,Not assessed: identical or nearly identical values,Median [IQR]
sputum,T0,Species,GGB3429_SGB4569,30,0,1,100,0,0,0,0,0,0,0,NA,Not assessed: identical or nearly identical values,Median [IQR]
sputum,T0,Species,GGB3433_SGB4573,30,0,1,100,0,0,0,0,0,0,0,NA,Not assessed: identical or nearly identical values,Median [IQR]
sputum,T0,Species,GGB3433_SGB4574,30,0,1,100,0,0,0,0,0,0,0,NA,Not assessed: identical or nearly identical values,Median [IQR]
sputum,T0,Species,GGB3441_SGB4591,30,0,1,100,0,0,0,0,0,0,0,NA,Not assessed: identical or nearly identical values,Median [IQR]
sputum,T0,Species,GGB3444_SGB4594,30,0,1,100,0,0,0,0,0,0,0,NA,Not assessed: identical or nearly identical values,Median [IQR]
sputum,T0,Species,GGB3449_SGB4601,30,0,1,100,0,0,0,0,0,0,0,NA,Not assessed: identical or nearly identical values,Median [IQR]
sputum,T0,Species,GGB34797_SGB14322,30,0,1,100,0,0,0,0,0,0,0,NA,Not assessed: identical or nearly identical values,Median [IQR]
sputum,T0,Species,GGB3486_SGB4658,30,0,1,100,0,0,0,0,0,0,0,NA,Not assessed: identical or nearly identical values,Median [IQR]
sputum,T0,Species,GGB34900_SGB14891,30,0,1,100,0,0,0,0,0,0,0,NA,Not assessed: identical or nearly identical values,Median [IQR]
sputum,T0,Species,GGB3496_SGB4671,30,0,1,100,0,0,0,0,0,0,0,NA,Not assessed: identical or nearly identical values,Median [IQR]
sputum,T0,Species,GGB3504_SGB4680,30,0,1,100,0,0,0,0,0,0,0,NA,Not assessed: identical or nearly identical values,Median [IQR]
sputum,T0,Species,GGB3510_SGB4687,30,0,1,100,0,0,0,0,0,0,0,NA,Not assessed: identical or nearly identical values,Median [IQR]
sputum,T0,Species,GGB3511_SGB4688,30,0,1,100,0,0,0,0,0,0,0,NA,Not assessed: identical or nearly identical values,Median [IQR]
sputum,T0,Species,GGB3532_SGB4720,30,0,1,100,0,0,0,0,0,0,0,NA,Not assessed: identical or nearly identical values,Median [IQR]
sputum,T0,Species,GGB3534_SGB4722,30,0,1,100,0,0,0,0,0,0,0,NA,Not assessed: identical or nearly identical values,Median [IQR]
sputum,T0,Species,GGB3537_SGB4727,30,0,1,100,0,0,0,0,0,0,0,NA,Not assessed: identical or nearly identical values,Median [IQR]
sputum,T0,Species,GGB3538_SGB4728,30,0,1,100,0,0,0,0,0,0,0,NA,Not assessed: identical or nearly identical values,Median [IQR]
sputum,T0,Species,GGB3550_SGB4746,30,0,1,100,0,0,0,0,0,0,0,NA,Not assessed: identical or nearly identical values,Median [IQR]
sputum,T0,Species,GGB3576_SGB4784,30,0,1,100,0,0,0,0,0,0,0,NA,Not assessed: identical or nearly identical values,Median [IQR]
sputum,T0,Species,GGB3585_SGB4803,30,0,1,100,0,0,0,0,0,0,0,NA,Not assessed: identical or nearly identical values,Median [IQR]
sputum,T0,Species,GGB3588_SGB4808,30,0,1,100,0,0,0,0,0,0,0,NA,Not assessed: identical or nearly identical values,Median [IQR]
sputum,T0,Species,GGB3600_SGB47662,30,0,1,100,0,0,0,0,0,0,0,NA,Not assessed: identical or nearly identical values,Median [IQR]
sputum,T0,Species,GGB3600_SGB4859,30,0,1,100,0,0,0,0,0,0,0,NA,Not assessed: identical or nearly identical values,Median [IQR]
sputum,T0,Species,GGB3602_SGB66069,30,0,1,100,0,0,0,0,0,0,0,NA,Not assessed: identical or nearly identical values,Median [IQR]
sputum,T0,Species,GGB3606_SGB4870,30,0,1,100,0,0,0,0,0,0,0,NA,Not assessed: identical or nearly identical values,Median [IQR]
sputum,T0,Species,GGB3609_SGB4877,30,0,1,100,0,0,0,0,0,0,0,NA,Not assessed: identical or nearly identical values,Median [IQR]
sputum,T0,Species,GGB36331_SGB15121,30,0,1,100,0,0,0,0,0,0,0,NA,Not assessed: identical or nearly identical values,Median [IQR]
sputum,T0,Species,GGB3637_SGB4930,30,0,1,100,0,0,0,0,0,0,0,NA,Not assessed: identical or nearly identical values,Median [IQR]
sputum,T0,Species,GGB3653_SGB4964,30,0,1,100,0,0,0,0,0,0,0,NA,Not assessed: identical or nearly identical values,Median [IQR]
sputum,T0,Species,GGB36599_SGB9269,30,0,1,100,0,0,0,0,0,0,0,NA,Not assessed: identical or nearly identical values,Median [IQR]
sputum,T0,Species,GGB3677_SGB4990,30,0,1,100,0,0,0,0,0,0,0,NA,Not assessed: identical or nearly identical values,Median [IQR]
sputum,T0,Species,GGB3730_SGB5060,30,0,1,100,0,0,0,0,0,0,0,NA,Not assessed: identical or nearly identical values,Median [IQR]
sputum,T0,Species,GGB3819_SGB5184,30,0,1,100,0,0,0,0,0,0,0,NA,Not assessed: identical or nearly identical values,Median [IQR]
sputum,T0,Species,GGB3886_SGB5269,30,0,1,100,0,0,0,0,0,0,0,NA,Not assessed: identical or nearly identical values,Median [IQR]
sputum,T0,Species,GGB38987_SGB63305,30,0,1,100,0,0,0,0,0,0,0,NA,Not assessed: identical or nearly identical values,Median [IQR]
sputum,T0,Species,GGB42389_SGB59559,30,0,1,100,0,0,0,0,0,0,0,NA,Not assessed: identical or nearly identical values,Median [IQR]
sputum,T0,Species,GGB4260_SGB5794,30,0,1,100,0,0,0,0,0,0,0,NA,Not assessed: identical or nearly identical values,Median [IQR]
sputum,T0,Species,GGB4277_SGB5832,30,0,1,100,0,0,0,0,0,0,0,NA,Not assessed: identical or nearly identical values,Median [IQR]
sputum,T0,Species,GGB4456_SGB6141,30,0,1,100,0,0,0,0,0,0,0,NA,Not assessed: identical or nearly identical values,Median [IQR]
sputum,T0,Species,GGB4533_SGB6245,30,0,1,100,0,0,0,0,0,0,0,NA,Not assessed: identical or nearly identical values,Median [IQR]
sputum,T0,Species,GGB4538_SGB6253,30,0,1,100,0,0,0,0,0,0,0,NA,Not assessed: identical or nearly identical values,Median [IQR]
sputum,T0,Species,GGB4538_SGB6256,30,0,1,100,0,0,0,0,0,0,0,NA,Not assessed: identical or nearly identical values,Median [IQR]
sputum,T0,Species,GGB45432_SGB63101,30,0,1,100,0,0,0,0,0,0,0,NA,Not assessed: identical or nearly identical values,Median [IQR]
sputum,T0,Species,GGB45613_SGB63326,30,0,1,100,0,0,0,0,0,0,0,NA,Not assessed: identical or nearly identical values,Median [IQR]
sputum,T0,Species,GGB45697_SGB2042,30,0,1,100,0,0,0,0,0,0,0,NA,Not assessed: identical or nearly identical values,Median [IQR]
sputum,T0,Species,GGB4598_SGB6360,30,0,1,100,0,0,0,0,0,0,0,NA,Not assessed: identical or nearly identical values,Median [IQR]
sputum,T0,Species,GGB47687_SGB2286,30,0,1,100,0,0,0,0,0,0,0,NA,Not assessed: identical or nearly identical values,Median [IQR]
sputum,T0,Species,GGB48196_SGB66203,30,0,1,100,0,0,0,0,0,0,0,NA,Not assessed: identical or nearly identical values,Median [IQR]
sputum,T0,Species,GGB51441_SGB71759,30,0,1,100,0,0,0,0,0,0,0,NA,Not assessed: identical or nearly identical values,Median [IQR]
sputum,T0,Species,GGB51647_SGB4348,30,0,1,100,0,0,0,0,0,0,0,NA,Not assessed: identical or nearly identical values,Median [IQR]
sputum,T0,Species,GGB51959_SGB72479,30,0,1,100,0,0,0,0,0,0,0,NA,Not assessed: identical or nearly identical values,Median [IQR]
sputum,T0,Species,GGB52130_SGB14966,30,0,1,100,0,0,0,0,0,0,0,NA,Not assessed: identical or nearly identical values,Median [IQR]
sputum,T0,Species,GGB58233_SGB79883,30,0,1,100,0,0,0,0,0,0,0,NA,Not assessed: identical or nearly identical values,Median [IQR]
sputum,T0,Species,GGB6601_SGB9333,30,0,1,100,0,0,0,0,0,0,0,NA,Not assessed: identical or nearly identical values,Median [IQR]
sputum,T0,Species,GGB6649_SGB9391,30,0,1,100,0,0,0,0,0,0,0,NA,Not assessed: identical or nearly identical values,Median [IQR]
sputum,T0,Species,GGB74505_SGB47518,30,0,1,100,0,0,0,0,0,0,0,NA,Not assessed: identical or nearly identical values,Median [IQR]
sputum,T0,Species,GGB79097_SGB105802,30,0,1,100,0,0,0,0,0,0,0,NA,Not assessed: identical or nearly identical values,Median [IQR]
sputum,T0,Species,GGB79118_SGB105839,30,0,1,100,0,0,0,0,0,0,0,NA,Not assessed: identical or nearly identical values,Median [IQR]
sputum,T0,Species,GGB9357_SGB14330,30,0,1,100,0,0,0,0,0,0,0,NA,Not assessed: identical or nearly identical values,Median [IQR]
sputum,T0,Species,GGB9359_SGB14334,30,0,1,100,0,0,0,0,0,0,0,NA,Not assessed: identical or nearly identical values,Median [IQR]
sputum,T0,Species,GGB9411_SGB14764,30,0,1,100,0,0,0,0,0,0,0,NA,Not assessed: identical or nearly identical values,Median [IQR]
sputum,T0,Species,GGB9453_SGB14844,30,0,1,100,0,0,0,0,0,0,0,NA,Not assessed: identical or nearly identical values,Median [IQR]
sputum,T0,Species,GGB9453_SGB14845,30,0,1,100,0,0,0,0,0,0,0,NA,Not assessed: identical or nearly identical values,Median [IQR]
sputum,T0,Species,GGB9469_SGB14862,30,0,1,100,0,0,0,0,0,0,0,NA,Not assessed: identical or nearly identical values,Median [IQR]
sputum,T0,Species,GGB9480_SGB14874,30,0,1,100,0,0,0,0,0,0,0,NA,Not assessed: identical or nearly identical values,Median [IQR]
sputum,T0,Species,GGB9480_SGB14875,30,0,1,100,0,0,0,0,0,0,0,NA,Not assessed: identical or nearly identical values,Median [IQR]
sputum,T0,Species,GGB9491_SGB14888,30,0,1,100,0,0,0,0,0,0,0,NA,Not assessed: identical or nearly identical values,Median [IQR]
sputum,T0,Species,GGB9499_SGB72735,30,0,1,100,0,0,0,0,0,0,0,NA,Not assessed: identical or nearly identical values,Median [IQR]
sputum,T0,Species,GGB9502_SGB14899,30,0,1,100,0,0,0,0,0,0,0,NA,Not assessed: identical or nearly identical values,Median [IQR]
sputum,T0,Species,GGB9509_SGB14906,30,0,1,100,0,0,0,0,0,0,0,NA,Not assessed: identical or nearly identical values,Median [IQR]
sputum,T0,Species,GGB9512_SGB14909,30,0,1,100,0,0,0,0,0,0,0,NA,Not assessed: identical or nearly identical values,Median [IQR]
sputum,T0,Species,GGB9513_SGB14911,30,0,1,100,0,0,0,0,0,0,0,NA,Not assessed: identical or nearly identical values,Median [IQR]
sputum,T0,Species,GGB9534_SGB14937,30,0,1,100,0,0,0,0,0,0,0,NA,Not assessed: identical or nearly identical values,Median [IQR]
sputum,T0,Species,GGB9559_SGB14969,30,0,1,100,0,0,0,0,0,0,0,NA,Not assessed: identical or nearly identical values,Median [IQR]
sputum,T0,Species,GGB9580_SGB14996,30,0,1,100,0,0,0,0,0,0,0,NA,Not assessed: identical or nearly identical values,Median [IQR]
sputum,T0,Species,GGB9580_SGB14998,30,0,1,100,0,0,0,0,0,0,0,NA,Not assessed: identical or nearly identical values,Median [IQR]
sputum,T0,Species,GGB9608_SGB15041,30,0,1,100,0,0,0,0,0,0,0,NA,Not assessed: identical or nearly identical values,Median [IQR]
sputum,T0,Species,GGB9614_SGB15049,30,0,1,100,0,0,0,0,0,0,0,NA,Not assessed: identical or nearly identical values,Median [IQR]
sputum,T0,Species,GGB9619_SGB15067,30,0,1,100,0,0,0,0,0,0,0,NA,Not assessed: identical or nearly identical values,Median [IQR]
sputum,T0,Species,GGB9621_SGB15073,30,0,1,100,0,0,0,0,0,0,0,NA,Not assessed: identical or nearly identical values,Median [IQR]
sputum,T0,Species,GGB9627_SGB15081,30,0,1,100,0,0,0,0,0,0,0,NA,Not assessed: identical or nearly identical values,Median [IQR]
sputum,T0,Species,GGB9640_SGB15115,30,0,1,100,0,0,0,0,0,0,0,NA,Not assessed: identical or nearly identical values,Median [IQR]
sputum,T0,Species,GGB9641_SGB15117,30,0,1,100,0,0,0,0,0,0,0,NA,Not assessed: identical or nearly identical values,Median [IQR]
sputum,T0,Species,GGB9642_SGB15119,30,0,1,100,0,0,0,0,0,0,0,NA,Not assessed: identical or nearly identical values,Median [IQR]
sputum,T0,Species,GGB9695_SGB15210,30,0,1,100,0,0,0,0,0,0,0,NA,Not assessed: identical or nearly identical values,Median [IQR]
sputum,T0,Species,GGB9699_SGB15216,30,0,1,100,0,0,0,0,0,0,0,NA,Not assessed: identical or nearly identical values,Median [IQR]
sputum,T0,Species,GGB9707_SGB15229,30,0,1,100,0,0,0,0,0,0,0,NA,Not assessed: identical or nearly identical values,Median [IQR]
sputum,T0,Species,GGB9708_SGB15234,30,0,1,100,0,0,0,0,0,0,0,NA,Not assessed: identical or nearly identical values,Median [IQR]
sputum,T0,Species,GGB9715_SGB15265,30,0,1,100,0,0,0,0,0,0,0,NA,Not assessed: identical or nearly identical values,Median [IQR]
sputum,T0,Species,GGB9715_SGB15266,30,0,1,100,0,0,0,0,0,0,0,NA,Not assessed: identical or nearly identical values,Median [IQR]
sputum,T0,Species,GGB9715_SGB15267,30,0,1,100,0,0,0,0,0,0,0,NA,Not assessed: identical or nearly identical values,Median [IQR]
sputum,T0,Species,GGB9719_SGB15272,30,0,1,100,0,0,0,0,0,0,0,NA,Not assessed: identical or nearly identical values,Median [IQR]
sputum,T0,Species,GGB9730_SGB15290,30,0,1,100,0,0,0,0,0,0,0,NA,Not assessed: identical or nearly identical values,Median [IQR]
sputum,T0,Species,GGB9730_SGB15291,30,0,1,100,0,0,0,0,0,0,0,NA,Not assessed: identical or nearly identical values,Median [IQR]
sputum,T0,Species,GGB9758_SGB15368,30,0,1,100,0,0,0,0,0,0,0,NA,Not assessed: identical or nearly identical values,Median [IQR]
sputum,T0,Species,GGB9760_SGB15373,30,0,1,100,0,0,0,0,0,0,0,NA,Not assessed: identical or nearly identical values,Median [IQR]
sputum,T0,Species,GGB9762_SGB15377,30,0,1,100,0,0,0,0,0,0,0,NA,Not assessed: identical or nearly identical values,Median [IQR]
sputum,T0,Species,GGB9787_SGB15410,30,0,1,100,0,0,0,0,0,0,0,NA,Not assessed: identical or nearly identical values,Median [IQR]
sputum,T0,Species,GGB9790_SGB15413,30,0,1,100,0,0,0,0,0,0,0,NA,Not assessed: identical or nearly identical values,Median [IQR]
sputum,T0,Species,GGB9818_SGB15459,30,0,1,100,0,0,0,0,0,0,0,NA,Not assessed: identical or nearly identical values,Median [IQR]
sputum,T0,Species,GGB9832_SGB15478,30,0,1,100,0,0,0,0,0,0,0,NA,Not assessed: identical or nearly identical values,Median [IQR]
sputum,T0,Species,Gardnerella_vaginalis,30,0,1,100,0,0,0,0,0,0,0,NA,Not assessed: identical or nearly identical values,Median [IQR]
sputum,T0,Species,Gemella_SGB7291,30,0,1,100,0,0,0,0,0,0,0,NA,Not assessed: identical or nearly identical values,Median [IQR]
sputum,T0,Species,Gemella_SGB7293,30,0,1,100,0,0,0,0,0,0,0,NA,Not assessed: identical or nearly identical values,Median [IQR]
sputum,T0,Species,Gemmiger_formicilis,30,0,1,100,0,0,0,0,0,0,0,NA,Not assessed: identical or nearly identical values,Median [IQR]
sputum,T0,Species,Gordonibacter_pamelaeae,30,0,1,100,0,0,0,0,0,0,0,NA,Not assessed: identical or nearly identical values,Median [IQR]
sputum,T0,Species,Gordonibacter_urolithinfaciens,30,0,1,100,0,0,0,0,0,0,0,NA,Not assessed: identical or nearly identical values,Median [IQR]
sputum,T0,Species,Granulicatella_SGB64171,30,0,1,100,0,0,0,0,0,0,0,NA,Not assessed: identical or nearly identical values,Median [IQR]
sputum,T0,Species,Granulicatella_SGB8239,30,0,1,100,0,0,0,0,0,0,0,NA,Not assessed: identical or nearly identical values,Median [IQR]
sputum,T0,Species,Granulicatella_SGB8244,30,0,1,100,0,0,0,0,0,0,0,NA,Not assessed: identical or nearly identical values,Median [IQR]
sputum,T0,Species,Guopingia_tenuis,30,0,1,100,0,0,0,0,0,0,0,NA,Not assessed: identical or nearly identical values,Median [IQR]
sputum,T0,Species,Haemophilus_paraphrohaemolyticus,30,0,1,100,0,0,0,0,0,0,0,NA,Not assessed: identical or nearly identical values,Median [IQR]
sputum,T0,Species,Haemophilus_pittmaniae,30,0,1,100,0,0,0,0,0,0,0,NA,Not assessed: identical or nearly identical values,Median [IQR]
sputum,T0,Species,Holdemania_filiformis,30,0,1,100,0,0,0,0,0,0,0,NA,Not assessed: identical or nearly identical values,Median [IQR]
sputum,T0,Species,Holdemania_massiliensis,30,0,1,100,0,0,0,0,0,0,0,NA,Not assessed: identical or nearly identical values,Median [IQR]
sputum,T0,Species,Holdemania_sp_1001095H_141210_F2,30,0,1,100,0,0,0,0,0,0,0,NA,Not assessed: identical or nearly identical values,Median [IQR]
sputum,T0,Species,Hornefia_butyriciproducens,30,0,1,100,0,0,0,0,0,0,0,NA,Not assessed: identical or nearly identical values,Median [IQR]
sputum,T0,Species,Hungatella_hathewayi,30,0,1,100,0,0,0,0,0,0,0,NA,Not assessed: identical or nearly identical values,Median [IQR]
sputum,T0,Species,Hydrogeniiclostridium_mannosilyticum,30,0,1,100,0,0,0,0,0,0,0,NA,Not assessed: identical or nearly identical values,Median [IQR]
sputum,T0,Species,Hydrogenoanaerobacterium_SGB53821,30,0,1,100,0,0,0,0,0,0,0,NA,Not assessed: identical or nearly identical values,Median [IQR]
sputum,T0,Species,Hydrogenoanaerobacterium_saccharovorans,30,0,1,100,0,0,0,0,0,0,0,NA,Not assessed: identical or nearly identical values,Median [IQR]
sputum,T0,Species,Intestinibacter_bartlettii,30,0,1,100,0,0,0,0,0,0,0,NA,Not assessed: identical or nearly identical values,Median [IQR]
sputum,T0,Species,Intestinimonas_butyriciproducens,30,0,1,100,0,0,0,0,0,0,0,NA,Not assessed: identical or nearly identical values,Median [IQR]
sputum,T0,Species,Intestinimonas_massiliensis,30,0,1,100,0,0,0,0,0,0,0,NA,Not assessed: identical or nearly identical values,Median [IQR]
sputum,T0,Species,Jutongia_hominis,30,0,1,100,0,0,0,0,0,0,0,NA,Not assessed: identical or nearly identical values,Median [IQR]
sputum,T0,Species,Klebsiella_grimontii,30,0,1,100,0,0,0,0,0,0,0,NA,Not assessed: identical or nearly identical values,Median [IQR]
sputum,T0,Species,Klebsiella_michiganensis,30,0,1,100,0,0,0,0,0,0,0,NA,Not assessed: identical or nearly identical values,Median [IQR]
sputum,T0,Species,Klebsiella_pneumoniae,30,0,1,100,0,0,0,0,0,0,0,NA,Not assessed: identical or nearly identical values,Median [IQR]
sputum,T0,Species,Lachnoclostridium_pacaense,30,0,1,100,0,0,0,0,0,0,0,NA,Not assessed: identical or nearly identical values,Median [IQR]
sputum,T0,Species,Lachnoclostridium_sp_An131,30,0,1,100,0,0,0,0,0,0,0,NA,Not assessed: identical or nearly identical values,Median [IQR]
sputum,T0,Species,Lachnospira_eligens,30,0,1,100,0,0,0,0,0,0,0,NA,Not assessed: identical or nearly identical values,Median [IQR]
sputum,T0,Species,Lachnospira_pectinoschiza,30,0,1,100,0,0,0,0,0,0,0,NA,Not assessed: identical or nearly identical values,Median [IQR]
sputum,T0,Species,Lachnospiraceae_bacterium,30,0,1,100,0,0,0,0,0,0,0,NA,Not assessed: identical or nearly identical values,Median [IQR]
sputum,T0,Species,Lachnospiraceae_bacterium_2_1_46FAA,30,0,1,100,0,0,0,0,0,0,0,NA,Not assessed: identical or nearly identical values,Median [IQR]
sputum,T0,Species,Lachnospiraceae_bacterium_AM48_27BH,30,0,1,100,0,0,0,0,0,0,0,NA,Not assessed: identical or nearly identical values,Median [IQR]
sputum,T0,Species,Lachnospiraceae_bacterium_CLA_AA_H215,30,0,1,100,0,0,0,0,0,0,0,NA,Not assessed: identical or nearly identical values,Median [IQR]
sputum,T0,Species,Lachnospiraceae_bacterium_CLA_AA_H244,30,0,1,100,0,0,0,0,0,0,0,NA,Not assessed: identical or nearly identical values,Median [IQR]
sputum,T0,Species,Lachnospiraceae_unclassified_SGB4550,30,0,1,100,0,0,0,0,0,0,0,NA,Not assessed: identical or nearly identical values,Median [IQR]
sputum,T0,Species,Lachnotalea_sp_AF33_28,30,0,1,100,0,0,0,0,0,0,0,NA,Not assessed: identical or nearly identical values,Median [IQR]
sputum,T0,Species,Lacrimispora_amygdalina,30,0,1,100,0,0,0,0,0,0,0,NA,Not assessed: identical or nearly identical values,Median [IQR]
sputum,T0,Species,Lacticaseibacillus_paracasei,30,0,1,100,0,0,0,0,0,0,0,NA,Not assessed: identical or nearly identical values,Median [IQR]
sputum,T0,Species,Lacticaseibacillus_rhamnosus,30,0,1,100,0,0,0,0,0,0,0,NA,Not assessed: identical or nearly identical values,Median [IQR]
sputum,T0,Species,Lactiplantibacillus_plantarum,30,0,1,100,0,0,0,0,0,0,0,NA,Not assessed: identical or nearly identical values,Median [IQR]
sputum,T0,Species,Lactobacillus_acidophilus,30,0,1,100,0,0,0,0,0,0,0,NA,Not assessed: identical or nearly identical values,Median [IQR]
sputum,T0,Species,Lactobacillus_crispatus,30,0,1,100,0,0,0,0,0,0,0,NA,Not assessed: identical or nearly identical values,Median [IQR]
sputum,T0,Species,Lactobacillus_delbrueckii,30,0,1,100,0,0,0,0,0,0,0,NA,Not assessed: identical or nearly identical values,Median [IQR]
sputum,T0,Species,Lactobacillus_johnsonii,30,0,1,100,0,0,0,0,0,0,0,NA,Not assessed: identical or nearly identical values,Median [IQR]
sputum,T0,Species,Lactococcus_carnosus,30,0,1,100,0,0,0,0,0,0,0,NA,Not assessed: identical or nearly identical values,Median [IQR]
sputum,T0,Species,Lactococcus_cremoris,30,0,1,100,0,0,0,0,0,0,0,NA,Not assessed: identical or nearly identical values,Median [IQR]
sputum,T0,Species,Lactococcus_lactis,30,0,1,100,0,0,0,0,0,0,0,NA,Not assessed: identical or nearly identical values,Median [IQR]
sputum,T0,Species,Lactonifactor_longoviformis,30,0,1,100,0,0,0,0,0,0,0,NA,Not assessed: identical or nearly identical values,Median [IQR]
sputum,T0,Species,Latilactobacillus_curvatus,30,0,1,100,0,0,0,0,0,0,0,NA,Not assessed: identical or nearly identical values,Median [IQR]
sputum,T0,Species,Latilactobacillus_sakei,30,0,1,100,0,0,0,0,0,0,0,NA,Not assessed: identical or nearly identical values,Median [IQR]
sputum,T0,Species,Lawsonella_SGB3665,30,0,1,100,0,0,0,0,0,0,0,NA,Not assessed: identical or nearly identical values,Median [IQR]
sputum,T0,Species,Lawsonibacter_asaccharolyticus,30,0,1,100,0,0,0,0,0,0,0,NA,Not assessed: identical or nearly identical values,Median [IQR]
sputum,T0,Species,Lentihominibacter_SGB71368,30,0,1,100,0,0,0,0,0,0,0,NA,Not assessed: identical or nearly identical values,Median [IQR]
sputum,T0,Species,Lentihominibacter_faecis,30,0,1,100,0,0,0,0,0,0,0,NA,Not assessed: identical or nearly identical values,Median [IQR]
sputum,T0,Species,Lentihominibacter_hominis,30,0,1,100,0,0,0,0,0,0,0,NA,Not assessed: identical or nearly identical values,Median [IQR]
sputum,T0,Species,Leuconostoc_carnosum,30,0,1,100,0,0,0,0,0,0,0,NA,Not assessed: identical or nearly identical values,Median [IQR]
sputum,T0,Species,Leuconostoc_gelidum,30,0,1,100,0,0,0,0,0,0,0,NA,Not assessed: identical or nearly identical values,Median [IQR]
sputum,T0,Species,Leuconostoc_mesenteroides,30,0,1,100,0,0,0,0,0,0,0,NA,Not assessed: identical or nearly identical values,Median [IQR]
sputum,T0,Species,Ligilactobacillus_saerimneri,30,0,1,100,0,0,0,0,0,0,0,NA,Not assessed: identical or nearly identical values,Median [IQR]
sputum,T0,Species,Ligilactobacillus_salivarius,30,0,1,100,0,0,0,0,0,0,0,NA,Not assessed: identical or nearly identical values,Median [IQR]
sputum,T0,Species,Limosilactobacillus_fermentum,30,0,1,100,0,0,0,0,0,0,0,NA,Not assessed: identical or nearly identical values,Median [IQR]
sputum,T0,Species,Limosilactobacillus_mucosae,30,0,1,100,0,0,0,0,0,0,0,NA,Not assessed: identical or nearly identical values,Median [IQR]
sputum,T0,Species,Limosilactobacillus_oris,30,0,1,100,0,0,0,0,0,0,0,NA,Not assessed: identical or nearly identical values,Median [IQR]
sputum,T0,Species,Limosilactobacillus_pontis,30,0,1,100,0,0,0,0,0,0,0,NA,Not assessed: identical or nearly identical values,Median [IQR]
sputum,T0,Species,Limosilactobacillus_portuensis,30,0,1,100,0,0,0,0,0,0,0,NA,Not assessed: identical or nearly identical values,Median [IQR]
sputum,T0,Species,Limosilactobacillus_reuteri,30,0,1,100,0,0,0,0,0,0,0,NA,Not assessed: identical or nearly identical values,Median [IQR]
sputum,T0,Species,Longibaculum_muris,30,0,1,100,0,0,0,0,0,0,0,NA,Not assessed: identical or nearly identical values,Median [IQR]
sputum,T0,Species,Longicatena_caecimuris,30,0,1,100,0,0,0,0,0,0,0,NA,Not assessed: identical or nearly identical values,Median [IQR]
sputum,T0,Species,Massilicoli_timonensis,30,0,1,100,0,0,0,0,0,0,0,NA,Not assessed: identical or nearly identical values,Median [IQR]
sputum,T0,Species,Massiliimalia_timonensis,30,0,1,100,0,0,0,0,0,0,0,NA,Not assessed: identical or nearly identical values,Median [IQR]
sputum,T0,Species,Massilimicrobiota_timonensis,30,0,1,100,0,0,0,0,0,0,0,NA,Not assessed: identical or nearly identical values,Median [IQR]
sputum,T0,Species,Massilioclostridium_coli,30,0,1,100,0,0,0,0,0,0,0,NA,Not assessed: identical or nearly identical values,Median [IQR]
sputum,T0,Species,Mediterraneibacter_SGB4586,30,0,1,100,0,0,0,0,0,0,0,NA,Not assessed: identical or nearly identical values,Median [IQR]
sputum,T0,Species,Mediterraneibacter_butyricigenes,30,0,1,100,0,0,0,0,0,0,0,NA,Not assessed: identical or nearly identical values,Median [IQR]
sputum,T0,Species,Mediterraneibacter_faecis,30,0,1,100,0,0,0,0,0,0,0,NA,Not assessed: identical or nearly identical values,Median [IQR]
sputum,T0,Species,Mediterraneibacter_glycyrrhizinilyticus,30,0,1,100,0,0,0,0,0,0,0,NA,Not assessed: identical or nearly identical values,Median [IQR]
sputum,T0,Species,Mediterraneibacter_massiliensis,30,0,1,100,0,0,0,0,0,0,0,NA,Not assessed: identical or nearly identical values,Median [IQR]
sputum,T0,Species,Mediterraneibacter_sp_NSJ_151,30,0,1,100,0,0,0,0,0,0,0,NA,Not assessed: identical or nearly identical values,Median [IQR]
sputum,T0,Species,Megasphaera_SGB5856,30,0,1,100,0,0,0,0,0,0,0,NA,Not assessed: identical or nearly identical values,Median [IQR]
sputum,T0,Species,Megasphaera_massiliensis,30,0,1,100,0,0,0,0,0,0,0,NA,Not assessed: identical or nearly identical values,Median [IQR]
sputum,T0,Species,Megasphaera_sp_NM10,30,0,1,100,0,0,0,0,0,0,0,NA,Not assessed: identical or nearly identical values,Median [IQR]
sputum,T0,Species,Merdimonas_faecis,30,0,1,100,0,0,0,0,0,0,0,NA,Not assessed: identical or nearly identical values,Median [IQR]
sputum,T0,Species,Mogibacterium_kristiansenii,30,0,1,100,0,0,0,0,0,0,0,NA,Not assessed: identical or nearly identical values,Median [IQR]
sputum,T0,Species,Moraxella_catarrhalis,30,0,1,100,0,0,0,0,0,0,0,NA,Not assessed: identical or nearly identical values,Median [IQR]
sputum,T0,Species,Morganella_morganii,30,0,1,100,0,0,0,0,0,0,0,NA,Not assessed: identical or nearly identical values,Median [IQR]
sputum,T0,Species,Negativibacillus_massiliensis,30,0,1,100,0,0,0,0,0,0,0,NA,Not assessed: identical or nearly identical values,Median [IQR]
sputum,T0,Species,Neobittarella_massiliensis,30,0,1,100,0,0,0,0,0,0,0,NA,Not assessed: identical or nearly identical values,Median [IQR]
sputum,T0,Species,Odoribacter_splanchnicus,30,0,1,100,0,0,0,0,0,0,0,NA,Not assessed: identical or nearly identical values,Median [IQR]
sputum,T0,Species,Oliverpabstia_intestinalis,30,0,1,100,0,0,0,0,0,0,0,NA,Not assessed: identical or nearly identical values,Median [IQR]
sputum,T0,Species,Olsenella_profusa,30,0,1,100,0,0,0,0,0,0,0,NA,Not assessed: identical or nearly identical values,Median [IQR]
sputum,T0,Species,Olsenella_uli,30,0,1,100,0,0,0,0,0,0,0,NA,Not assessed: identical or nearly identical values,Median [IQR]
sputum,T0,Species,Oscillibacter_sp_ER4,30,0,1,100,0,0,0,0,0,0,0,NA,Not assessed: identical or nearly identical values,Median [IQR]
sputum,T0,Species,Oscillibacter_valericigenes,30,0,1,100,0,0,0,0,0,0,0,NA,Not assessed: identical or nearly identical values,Median [IQR]
sputum,T0,Species,Oscillospiraceae_bacterium,30,0,1,100,0,0,0,0,0,0,0,NA,Not assessed: identical or nearly identical values,Median [IQR]
sputum,T0,Species,Oscillospiraceae_bacterium_CLA_AA_H250,30,0,1,100,0,0,0,0,0,0,0,NA,Not assessed: identical or nearly identical values,Median [IQR]
sputum,T0,Species,Oscillospiraceae_bacterium_Marseille_Q3528,30,0,1,100,0,0,0,0,0,0,0,NA,Not assessed: identical or nearly identical values,Median [IQR]
sputum,T0,Species,Oscillospiraceae_unclassified_SGB15256,30,0,1,100,0,0,0,0,0,0,0,NA,Not assessed: identical or nearly identical values,Median [IQR]
sputum,T0,Species,Parabacteroides_distasonis,30,0,1,100,0,0,0,0,0,0,0,NA,Not assessed: identical or nearly identical values,Median [IQR]
sputum,T0,Species,Parabacteroides_goldsteinii,30,0,1,100,0,0,0,0,0,0,0,NA,Not assessed: identical or nearly identical values,Median [IQR]
sputum,T0,Species,Parabacteroides_johnsonii,30,0,1,100,0,0,0,0,0,0,0,NA,Not assessed: identical or nearly identical values,Median [IQR]
sputum,T0,Species,Parabacteroides_merdae,30,0,1,100,0,0,0,0,0,0,0,NA,Not assessed: identical or nearly identical values,Median [IQR]
sputum,T0,Species,Paraeggerthella_hongkongensis,30,0,1,100,0,0,0,0,0,0,0,NA,Not assessed: identical or nearly identical values,Median [IQR]
sputum,T0,Species,Paraprevotella_clara,30,0,1,100,0,0,0,0,0,0,0,NA,Not assessed: identical or nearly identical values,Median [IQR]
sputum,T0,Species,Parasutterella_SGB9260,30,0,1,100,0,0,0,0,0,0,0,NA,Not assessed: identical or nearly identical values,Median [IQR]
sputum,T0,Species,Parasutterella_excrementihominis,30,0,1,100,0,0,0,0,0,0,0,NA,Not assessed: identical or nearly identical values,Median [IQR]
sputum,T0,Species,Pediococcus_acidilactici,30,0,1,100,0,0,0,0,0,0,0,NA,Not assessed: identical or nearly identical values,Median [IQR]
sputum,T0,Species,Pediococcus_pentosaceus,30,0,1,100,0,0,0,0,0,0,0,NA,Not assessed: identical or nearly identical values,Median [IQR]
sputum,T0,Species,Peptoniphilus_harei,30,0,1,100,0,0,0,0,0,0,0,NA,Not assessed: identical or nearly identical values,Median [IQR]
sputum,T0,Species,Peptoniphilus_sp_Marseille_P3761,30,0,1,100,0,0,0,0,0,0,0,NA,Not assessed: identical or nearly identical values,Median [IQR]
sputum,T0,Species,Peptostreptococcus_russellii,30,0,1,100,0,0,0,0,0,0,0,NA,Not assessed: identical or nearly identical values,Median [IQR]
sputum,T0,Species,Phascolarctobacterium_faecium,30,0,1,100,0,0,0,0,0,0,0,NA,Not assessed: identical or nearly identical values,Median [IQR]
sputum,T0,Species,Phascolarctobacterium_succinatutens,30,0,1,100,0,0,0,0,0,0,0,NA,Not assessed: identical or nearly identical values,Median [IQR]
sputum,T0,Species,Phocaeicola_dorei,30,0,1,100,0,0,0,0,0,0,0,NA,Not assessed: identical or nearly identical values,Median [IQR]
sputum,T0,Species,Phocaeicola_massiliensis,30,0,1,100,0,0,0,0,0,0,0,NA,Not assessed: identical or nearly identical values,Median [IQR]
sputum,T0,Species,Phocaeicola_plebeius,30,0,1,100,0,0,0,0,0,0,0,NA,Not assessed: identical or nearly identical values,Median [IQR]
sputum,T0,Species,Phocaeicola_vulgatus,30,0,1,100,0,0,0,0,0,0,0,NA,Not assessed: identical or nearly identical values,Median [IQR]
sputum,T0,Species,Phocea_massiliensis,30,0,1,100,0,0,0,0,0,0,0,NA,Not assessed: identical or nearly identical values,Median [IQR]
sputum,T0,Species,Porphyromonas_gingivalis,30,0,1,100,0,0,0,0,0,0,0,NA,Not assessed: identical or nearly identical values,Median [IQR]
sputum,T0,Species,Porphyromonas_sp_oral_taxon_275,30,0,1,100,0,0,0,0,0,0,0,NA,Not assessed: identical or nearly identical values,Median [IQR]
sputum,T0,Species,Porphyromonas_sp_oral_taxon_278,30,0,1,100,0,0,0,0,0,0,0,NA,Not assessed: identical or nearly identical values,Median [IQR]
sputum,T0,Species,Prevotella_SGB1459,30,0,1,100,0,0,0,0,0,0,0,NA,Not assessed: identical or nearly identical values,Median [IQR]
sputum,T0,Species,Prevotella_SGB98243,30,0,1,100,0,0,0,0,0,0,0,NA,Not assessed: identical or nearly identical values,Median [IQR]
sputum,T0,Species,Prevotella_brevis,30,0,1,100,0,0,0,0,0,0,0,NA,Not assessed: identical or nearly identical values,Median [IQR]
sputum,T0,Species,Prevotella_buccae,30,0,1,100,0,0,0,0,0,0,0,NA,Not assessed: identical or nearly identical values,Median [IQR]
sputum,T0,Species,Prevotella_conceptionensis,30,0,1,100,0,0,0,0,0,0,0,NA,Not assessed: identical or nearly identical values,Median [IQR]
sputum,T0,Species,Prevotella_koreensis,30,0,1,100,0,0,0,0,0,0,0,NA,Not assessed: identical or nearly identical values,Median [IQR]
sputum,T0,Species,Prevotella_marseillensis,30,0,1,100,0,0,0,0,0,0,0,NA,Not assessed: identical or nearly identical values,Median [IQR]
sputum,T0,Species,Prevotella_sp_885,30,0,1,100,0,0,0,0,0,0,0,NA,Not assessed: identical or nearly identical values,Median [IQR]
sputum,T0,Species,Prevotella_sp_oral_taxon_299,30,0,1,100,0,0,0,0,0,0,0,NA,Not assessed: identical or nearly identical values,Median [IQR]
sputum,T0,Species,Prevotella_sp_oral_taxon_475,30,0,1,100,0,0,0,0,0,0,0,NA,Not assessed: identical or nearly identical values,Median [IQR]
sputum,T0,Species,Prevotella_timonensis,30,0,1,100,0,0,0,0,0,0,0,NA,Not assessed: identical or nearly identical values,Median [IQR]
sputum,T0,Species,Prevotella_vespertina,30,0,1,100,0,0,0,0,0,0,0,NA,Not assessed: identical or nearly identical values,Median [IQR]
sputum,T0,Species,Propionibacterium_acidifaciens,30,0,1,100,0,0,0,0,0,0,0,NA,Not assessed: identical or nearly identical values,Median [IQR]
sputum,T0,Species,Propionibacterium_freudenreichii,30,0,1,100,0,0,0,0,0,0,0,NA,Not assessed: identical or nearly identical values,Median [IQR]
sputum,T0,Species,Proteus_mirabilis,30,0,1,100,0,0,0,0,0,0,0,NA,Not assessed: identical or nearly identical values,Median [IQR]
sputum,T0,Species,Provencibacterium_massiliense,30,0,1,100,0,0,0,0,0,0,0,NA,Not assessed: identical or nearly identical values,Median [IQR]
sputum,T0,Species,Providencia_rettgeri,30,0,1,100,0,0,0,0,0,0,0,NA,Not assessed: identical or nearly identical values,Median [IQR]
sputum,T0,Species,Pseudoflavonifractor_capillosus,30,0,1,100,0,0,0,0,0,0,0,NA,Not assessed: identical or nearly identical values,Median [IQR]
sputum,T0,Species,Pseudoflavonifractor_phocaeensis,30,0,1,100,0,0,0,0,0,0,0,NA,Not assessed: identical or nearly identical values,Median [IQR]
sputum,T0,Species,Pyramidobacter_piscolens,30,0,1,100,0,0,0,0,0,0,0,NA,Not assessed: identical or nearly identical values,Median [IQR]
sputum,T0,Species,Raoultella_ornithinolytica,30,0,1,100,0,0,0,0,0,0,0,NA,Not assessed: identical or nearly identical values,Median [IQR]
sputum,T0,Species,Raoultibacter_massiliensis,30,0,1,100,0,0,0,0,0,0,0,NA,Not assessed: identical or nearly identical values,Median [IQR]
sputum,T0,Species,Raoultibacter_timonensis,30,0,1,100,0,0,0,0,0,0,0,NA,Not assessed: identical or nearly identical values,Median [IQR]
sputum,T0,Species,Romboutsia_timonensis,30,0,1,100,0,0,0,0,0,0,0,NA,Not assessed: identical or nearly identical values,Median [IQR]
sputum,T0,Species,Roseburia_faecis,30,0,1,100,0,0,0,0,0,0,0,NA,Not assessed: identical or nearly identical values,Median [IQR]
sputum,T0,Species,Roseburia_hominis,30,0,1,100,0,0,0,0,0,0,0,NA,Not assessed: identical or nearly identical values,Median [IQR]
sputum,T0,Species,Roseburia_intestinalis,30,0,1,100,0,0,0,0,0,0,0,NA,Not assessed: identical or nearly identical values,Median [IQR]
sputum,T0,Species,Roseburia_inulinivorans,30,0,1,100,0,0,0,0,0,0,0,NA,Not assessed: identical or nearly identical values,Median [IQR]
sputum,T0,Species,Roseburia_lenta,30,0,1,100,0,0,0,0,0,0,0,NA,Not assessed: identical or nearly identical values,Median [IQR]
sputum,T0,Species,Roseburia_sp_AF02_12,30,0,1,100,0,0,0,0,0,0,0,NA,Not assessed: identical or nearly identical values,Median [IQR]
sputum,T0,Species,Rubneribacter_badeniensis,30,0,1,100,0,0,0,0,0,0,0,NA,Not assessed: identical or nearly identical values,Median [IQR]
sputum,T0,Species,Ruminococcus_SGB4421,30,0,1,100,0,0,0,0,0,0,0,NA,Not assessed: identical or nearly identical values,Median [IQR]
sputum,T0,Species,Ruminococcus_bicirculans,30,0,1,100,0,0,0,0,0,0,0,NA,Not assessed: identical or nearly identical values,Median [IQR]
sputum,T0,Species,Ruminococcus_bovis,30,0,1,100,0,0,0,0,0,0,0,NA,Not assessed: identical or nearly identical values,Median [IQR]
sputum,T0,Species,Ruminococcus_bromii,30,0,1,100,0,0,0,0,0,0,0,NA,Not assessed: identical or nearly identical values,Median [IQR]
sputum,T0,Species,Ruminococcus_callidus,30,0,1,100,0,0,0,0,0,0,0,NA,Not assessed: identical or nearly identical values,Median [IQR]
sputum,T0,Species,Ruminococcus_gnavus,30,0,1,100,0,0,0,0,0,0,0,NA,Not assessed: identical or nearly identical values,Median [IQR]
sputum,T0,Species,Ruminococcus_lactaris,30,0,1,100,0,0,0,0,0,0,0,NA,Not assessed: identical or nearly identical values,Median [IQR]
sputum,T0,Species,Ruminococcus_sp_AF13_28,30,0,1,100,0,0,0,0,0,0,0,NA,Not assessed: identical or nearly identical values,Median [IQR]
sputum,T0,Species,Ruminococcus_sp_AF41_9,30,0,1,100,0,0,0,0,0,0,0,NA,Not assessed: identical or nearly identical values,Median [IQR]
sputum,T0,Species,Ruminococcus_torques,30,0,1,100,0,0,0,0,0,0,0,NA,Not assessed: identical or nearly identical values,Median [IQR]
sputum,T0,Species,Ruthenibacterium_lactatiformans,30,0,1,100,0,0,0,0,0,0,0,NA,Not assessed: identical or nearly identical values,Median [IQR]
sputum,T0,Species,Schaalia_turicensis,30,0,1,100,0,0,0,0,0,0,0,NA,Not assessed: identical or nearly identical values,Median [IQR]
sputum,T0,Species,Segatella_brunsvicensis,30,0,1,100,0,0,0,0,0,0,0,NA,Not assessed: identical or nearly identical values,Median [IQR]
sputum,T0,Species,Segatella_hominis,30,0,1,100,0,0,0,0,0,0,0,NA,Not assessed: identical or nearly identical values,Median [IQR]
sputum,T0,Species,Selenomonas_SGB5897,30,0,1,100,0,0,0,0,0,0,0,NA,Not assessed: identical or nearly identical values,Median [IQR]
sputum,T0,Species,Sellimonas_intestinalis,30,0,1,100,0,0,0,0,0,0,0,NA,Not assessed: identical or nearly identical values,Median [IQR]
sputum,T0,Species,Senegalimassilia_SGB14826,30,0,1,100,0,0,0,0,0,0,0,NA,Not assessed: identical or nearly identical values,Median [IQR]
sputum,T0,Species,Senegalimassilia_anaerobia,30,0,1,100,0,0,0,0,0,0,0,NA,Not assessed: identical or nearly identical values,Median [IQR]
sputum,T0,Species,Simiaoa_sunii,30,0,1,100,0,0,0,0,0,0,0,NA,Not assessed: identical or nearly identical values,Median [IQR]
sputum,T0,Species,Slackia_isoflavoniconvertens,30,0,1,100,0,0,0,0,0,0,0,NA,Not assessed: identical or nearly identical values,Median [IQR]
sputum,T0,Species,Slackia_piriformis,30,0,1,100,0,0,0,0,0,0,0,NA,Not assessed: identical or nearly identical values,Median [IQR]
sputum,T0,Species,Staphylococcus_xylosus,30,0,1,100,0,0,0,0,0,0,0,NA,Not assessed: identical or nearly identical values,Median [IQR]
sputum,T0,Species,Streptococcus_lutetiensis,30,0,1,100,0,0,0,0,0,0,0,NA,Not assessed: identical or nearly identical values,Median [IQR]
sputum,T0,Species,Streptococcus_mutans,30,0,1,100,0,0,0,0,0,0,0,NA,Not assessed: identical or nearly identical values,Median [IQR]
sputum,T0,Species,Streptococcus_rubneri,30,0,1,100,0,0,0,0,0,0,0,NA,Not assessed: identical or nearly identical values,Median [IQR]
sputum,T0,Species,Streptococcus_thermophilus,30,0,1,100,0,0,0,0,0,0,0,NA,Not assessed: identical or nearly identical values,Median [IQR]
sputum,T0,Species,Sutterella_wadsworthensis,30,0,1,100,0,0,0,0,0,0,0,NA,Not assessed: identical or nearly identical values,Median [IQR]
sputum,T0,Species,Terrisporobacter_mayombei,30,0,1,100,0,0,0,0,0,0,0,NA,Not assessed: identical or nearly identical values,Median [IQR]
sputum,T0,Species,Thermophilibacter_provencensis,30,0,1,100,0,0,0,0,0,0,0,NA,Not assessed: identical or nearly identical values,Median [IQR]
sputum,T0,Species,Tractidigestivibacter_SGB14390,30,0,1,100,0,0,0,0,0,0,0,NA,Not assessed: identical or nearly identical values,Median [IQR]
sputum,T0,Species,Treponema_SGB3604,30,0,1,100,0,0,0,0,0,0,0,NA,Not assessed: identical or nearly identical values,Median [IQR]
sputum,T0,Species,Turicibacter_bilis,30,0,1,100,0,0,0,0,0,0,0,NA,Not assessed: identical or nearly identical values,Median [IQR]
sputum,T0,Species,Turicibacter_sanguinis,30,0,1,100,0,0,0,0,0,0,0,NA,Not assessed: identical or nearly identical values,Median [IQR]
sputum,T0,Species,Tyzzerella_SGB4587,30,0,1,100,0,0,0,0,0,0,0,NA,Not assessed: identical or nearly identical values,Median [IQR]
sputum,T0,Species,Tyzzerella_nexilis,30,0,1,100,0,0,0,0,0,0,0,NA,Not assessed: identical or nearly identical values,Median [IQR]
sputum,T0,Species,Veillonella_ratti,30,0,1,100,0,0,0,0,0,0,0,NA,Not assessed: identical or nearly identical values,Median [IQR]
sputum,T0,Species,Veillonella_sp_3627,30,0,1,100,0,0,0,0,0,0,0,NA,Not assessed: identical or nearly identical values,Median [IQR]
sputum,T0,Species,Vescimonas_coprocola,30,0,1,100,0,0,0,0,0,0,0,NA,Not assessed: identical or nearly identical values,Median [IQR]
sputum,T0,Species,Wansuia_hejianensis,30,0,1,100,0,0,0,0,0,0,0,NA,Not assessed: identical or nearly identical values,Median [IQR]
sputum,T0,Species,Wujia_chipingensis,30,0,1,100,0,0,0,0,0,0,0,NA,Not assessed: identical or nearly identical values,Median [IQR]
sputum,T0,Species,Zhenpiania_hominis,30,0,1,100,0,0,0,0,0,0,0,NA,Not assessed: identical or nearly identical values,Median [IQR]
sputum,T0,Species,bacterium_210917_SL_2_15,30,0,1,100,0,0,0,0,0,0,0,NA,Not assessed: identical or nearly identical values,Median [IQR]
sputum,T12,Species,UNCLASSIFIED,30,17,18,43.333333333333336,11.561773189152495,13.788461711493639,6.365034334584578,0,18.936161315080117,0,46.18106,1.0865677455509812e-4,Non-normal,Median [IQR]
sputum,T12,Species,Moraxella_catarrhalis,30,3,3,90,9.822014648868132,29.98070623666515,0,0,0,0,100,1.878457550835831e-10,Non-normal,Median [IQR]
sputum,T12,Species,Pseudomonas_aeruginosa,30,7,8,76.66666666666667,6.9414469949284765,19.42475146894371,0,0,0,0,75.30923,6.308678929419631e-10,Non-normal,Median [IQR]
sputum,T12,Species,Burkholderia_contaminans,30,5,5,83.33333333333334,6.813291025693319,25.342865289470772,0,0,0,0,100,5.23509923913056e-11,Non-normal,Median [IQR]
sputum,T12,Species,Streptococcus_mitis,30,20,21,33.33333333333333,5.833601371617626,10.89559928683624,0.6482325986344757,0,6.752674029910036,0,49.20273,6.564293105609099e-8,Non-normal,Median [IQR]
sputum,T12,Species,Rothia_mucilaginosa,30,19,20,36.666666666666664,5.237441548064186,7.215945101328186,1.358647760379152,0,5.628054757521797,0,21.10516211051621,5.256642393572317e-6,Non-normal,Median [IQR]
sputum,T12,Species,Porphyromonas_bobii,30,17,18,43.333333333333336,3.51648473841297,6.132044009237901,0.17993866615463208,0,2.7104132595972943,0,19.782201978220197,1.8929030822134978e-7,Non-normal,Median [IQR]
sputum,T12,Species,Achromobacter_xylosoxidans,30,1,2,96.66666666666667,3.3333333333333335,18.257418583505537,0,0,0,0,100,NA,Not assessed: identical or nearly identical values,Median [IQR]
sputum,T12,Species,Stenotrophomonas_maltophilia,30,1,2,96.66666666666667,3.0075336666666668,16.472940316895563,0,0,0,0,90.22601,NA,Not assessed: identical or nearly identical values,Median [IQR]
sputum,T12,Species,Neisseria_subflava,30,13,14,56.666666666666664,2.7600509882145627,6.4156925164914815,0,0,1.7562171502335504,0,30.76683,5.628820656013085e-9,Non-normal,Median [IQR]
sputum,T12,Species,Prevotella_melaninogenica,30,16,17,46.666666666666664,2.3268401353520867,3.750992252479574,0.47864501838700185,0,2.5195942130824944,0,11.274628872537113,3.6742740107856786e-7,Non-normal,Median [IQR]
sputum,T12,Species,Streptococcus_parasanguinis,30,12,13,60,2.11141831897645,4.157751640331788,0,0,2.5555597318225423,0,18.58384847573483,5.0136110610401014e-8,Non-normal,Median [IQR]
sputum,T12,Species,Fusobacterium_nucleatum,30,12,13,60,2.0190184035929977,6.125362664878439,0,0,0.5495605395010279,0,25.315684074874145,2.5526935505216993e-10,Non-normal,Median [IQR]
sputum,T12,Species,Cutibacterium_acnes,30,3,4,90,1.7947149098850474,9.825807930482668,0,0,0,0,53.818940000000005,7.780923516221165e-12,Non-normal,Median [IQR]
sputum,T12,Species,Gemella_haemolysans,30,10,11,66.66666666666666,1.560676562954077,4.642524700700923,0,0,0.14183310864402118,0,22.684609591906135,4.736018708663954e-10,Non-normal,Median [IQR]
sputum,T12,Species,Streptococcus_oralis,30,12,13,60,1.3829470685997929,3.5046311823646388,0,0,0.44217831898518856,0,16.996159103612758,2.3158625164283917e-9,Non-normal,Median [IQR]
sputum,T12,Species,Streptococcus_salivarius,30,13,14,56.666666666666664,1.2174016007606279,2.1784724728435307,0,0,1.9252246539243993,0,8.697069130293086,1.892328961766225e-7,Non-normal,Median [IQR]
sputum,T12,Species,Veillonella_parvula,30,13,14,56.666666666666664,1.2113810748555491,4.556860223418861,0,0,0.23339296039412358,0,24.69077,5.579322731227006e-11,Non-normal,Median [IQR]
sputum,T12,Species,Actinomyces_sp_ICM47,30,9,10,70,1.1707003605214774,3.1886714690533484,0,0,0.35338690600939204,0,15.098673513393443,1.1191194296973233e-9,Non-normal,Median [IQR]
sputum,T12,Species,Gemella_sanguinis,30,15,16,50,0.8908656940867272,1.359760823123807,0.10037118479929136,0,1.3219965692363442,0,5.409179459082054,2.376454176177936e-6,Non-normal,Median [IQR]
sputum,T12,Species,Prevotella_pallens,30,13,14,56.666666666666664,0.8729695267158698,3.011546439446746,0,0,0.5742830810665901,0,16.534630780302976,6.89620919406564e-11,Non-normal,Median [IQR]
sputum,T12,Species,TM7_phylum_sp_oral_taxon_352,30,13,14,56.666666666666664,0.8543880651585081,1.7634744785036343,0,0,0.9280308760667371,0,7.2846315222021785,2.2537121668294477e-8,Non-normal,Median [IQR]
sputum,T12,Species,Schaalia_SGB17168,30,8,9,73.33333333333333,0.8385658131947294,2.465465366244107,0,0,0.02857982208358219,0,12.1274106132982,5.398907845881406e-10,Non-normal,Median [IQR]
sputum,T12,Species,Veillonella_atypica,30,13,14,56.666666666666664,0.7773919309563994,1.4875773146499487,0,0,0.5907149999999999,0,5.307110000000001,5.7009347898350914e-8,Non-normal,Median [IQR]
sputum,T12,Species,Veillonella_dispar,30,12,13,60,0.7682095704146309,1.3962371186480333,0,0,0.7772733661392555,0,5.11448937329165,1.474887447286831e-7,Non-normal,Median [IQR]
sputum,T12,Species,Porphyromonas_endodontalis,30,7,8,76.66666666666667,0.7356627866493797,3.0327732236080776,0,0,0,0,16.3663240005549,3.571174328005351e-11,Non-normal,Median [IQR]
sputum,T12,Species,Granulicatella_SGB8255,30,16,17,46.666666666666664,0.6686735768560744,1.029183420584674,0.046587573291343096,0,1.0922834882703245,0,4.103674734197982,2.1324261069148343e-6,Non-normal,Median [IQR]
sputum,T12,Species,Actinomyces_graevenitzii,30,15,16,50,0.6551478407235264,1.0278964850519043,0.011690467631711351,0,0.9936024486762599,0,4.506144118336895,1.3306867797500066e-6,Non-normal,Median [IQR]
sputum,T12,Species,Schaalia_SGB17157,30,6,7,80,0.5857602681658913,1.7183494875438987,0,0,0,0,8.37344,5.492660447486059e-10,Non-normal,Median [IQR]
sputum,T12,Species,Parvimonas_micra,30,10,11,66.66666666666666,0.574562836066131,1.5439595495298493,0,0,0.4020558265767593,0,7.36029,1.026136264879158e-9,Non-normal,Median [IQR]
sputum,T12,Species,Streptococcus_cristatus,30,9,10,70,0.5511350511859374,1.8421825770415101,0,0,0.10010469081796275,0,8.491809150819085,1.48404465539651e-10,Non-normal,Median [IQR]
sputum,T12,Species,Porphyromonas_gingivalis,30,2,3,93.33333333333333,0.5281638321699806,2.8921349947924786,0,0,0,0,15.841009935421194,7.77539390387009e-12,Non-normal,Median [IQR]
sputum,T12,Species,Prevotella_nanceiensis,30,11,12,63.33333333333333,0.5247663033266612,1.963862941269416,0,0,0.20070765766820375,0,10.78621,4.493538630706281e-11,Non-normal,Median [IQR]
sputum,T12,Species,Streptococcus_sanguinis,30,8,9,73.33333333333333,0.5148918856973324,2.503590122519656,0,0,0.014514873914078016,0,13.74882,1.2705489899291785e-11,Non-normal,Median [IQR]
sputum,T12,Species,Schaalia_odontolytica,30,7,8,76.66666666666667,0.4899910015338399,1.6844559101340342,0,0,0,0,8.972685834899393,1.1927865401399477e-10,Non-normal,Median [IQR]
sputum,T12,Species,Veillonella_rogosae,30,12,13,60,0.470859136522529,0.8091198251345254,0,0,0.7740677308065288,0,3.46203,3.969143708932053e-7,Non-normal,Median [IQR]
sputum,T12,Species,Lancefieldella_parvula,30,12,13,60,0.46791131064921243,0.9173190391898879,0,0,0.32131901422412634,0,3.487538110099289,5.6701784880988133e-8,Non-normal,Median [IQR]
sputum,T12,Species,Prevotella_oris,30,12,13,60,0.4653763252550246,1.1740948878331783,0,0,0.2677552066850785,0,5.611237718834823,2.3252038826876377e-9,Non-normal,Median [IQR]
sputum,T12,Species,Streptococcus_australis,30,9,10,70,0.4571351125673442,1.3662511038373153,0,0,0.15694357476921056,0,7.167370000000001,3.5163640586394827e-10,Non-normal,Median [IQR]
sputum,T12,Species,Prevotella_intermedia,30,5,6,83.33333333333334,0.38638758335857104,1.864714850452433,0,0,0,0,10.22107788559518,1.4037030417272966e-11,Non-normal,Median [IQR]
sputum,T12,Species,Fusobacterium_periodonticum,30,11,12,63.33333333333333,0.384981285575571,0.9051503141571442,0,0,0.3264546554199886,0,4.559300088677696,3.6816304768189937e-9,Non-normal,Median [IQR]
sputum,T12,Species,Eubacterium_sulci,30,11,12,63.33333333333333,0.3635785510618782,0.7922046033106284,0,0,0.24875155525016307,0,3.078943089372657,9.996037969664262e-9,Non-normal,Median [IQR]
sputum,T12,Species,Mogibacterium_diversum,30,12,13,60,0.36335286739106815,0.6702861912283673,0,0,0.5112523463755065,0,2.77009,1.6030240858114613e-7,Non-normal,Median [IQR]
sputum,T12,Species,Rothia_SGB49305,30,10,11,66.66666666666666,0.3592224320187065,0.9722768453733447,0,0,0.08640417967910645,0,3.46787,6.86053770576287e-10,Non-normal,Median [IQR]
sputum,T12,Species,Haemophilus_parainfluenzae,30,6,7,80,0.3513502285202929,1.283587336727897,0,0,0,0,6.574669342533065,8.201909221448204e-11,Non-normal,Median [IQR]
sputum,T12,Species,Peptostreptococcus_SGB749,30,12,13,60,0.34535768252312515,0.7598309061051306,0,0,0.37827905260049677,0,3.58259,1.1424339609747878e-8,Non-normal,Median [IQR]
sputum,T12,Species,Streptococcus_rubneri,30,4,5,86.66666666666667,0.34113282019767366,1.5041087579920638,0,0,0,0,8.06221919377808,2.4626081328972356e-11,Non-normal,Median [IQR]
sputum,T12,Species,Oribacterium_sinus,30,12,13,60,0.3380797126402037,0.7284152856428845,0,0,0.12747471537637362,0,2.521425205146652,1.0525802530701838e-8,Non-normal,Median [IQR]
sputum,T12,Species,Prevotella_nigrescens,30,5,6,83.33333333333334,0.32777708751522555,1.1769830639325356,0,0,0,0,6.005777837997345,1.0015138209563063e-10,Non-normal,Median [IQR]
sputum,T12,Species,Prevotella_histicola,30,8,9,73.33333333333333,0.32330291992882365,0.92699062934969,0,0,0.01725250320620398,0,3.8578896142110386,5.717952382025726e-10,Non-normal,Median [IQR]
sputum,T12,Species,Prevotella_jejuni,30,5,6,83.33333333333334,0.31905958332300544,1.2335360614349005,0,0,0,0,6.602292353587691,5.4863156033583964e-11,Non-normal,Median [IQR]
sputum,T12,Species,Bordetella_bronchiseptica,30,1,2,96.66666666666667,0.2900173380482529,1.588490381166294,0,0,0,0,8.700520141447587,NA,Not assessed: identical or nearly identical values,Median [IQR]
sputum,T12,Species,Alloprevotella_tannerae,30,6,7,80,0.2895070805399496,1.127044087200521,0,0,0,0,6.061818491876536,4.997453868685321e-11,Non-normal,Median [IQR]
sputum,T12,Species,TM7_phylum_sp_oral_taxon_351,30,9,10,70,0.28284947816430606,1.0614930398341162,0,0,0.014310793427496271,0,5.5981700000000005,6.544621878646451e-11,Non-normal,Median [IQR]
sputum,T12,Species,Schaalia_SGB17154,30,2,3,93.33333333333333,0.2543844119543191,1.056906672349771,0,0,0,0,5.43065,3.545281102433238e-11,Non-normal,Median [IQR]
sputum,T12,Species,Gemella_morbillorum,30,7,8,76.66666666666667,0.23403903818398727,0.5961621800667269,0,0,0,0,2.625292776059295,2.295959679677321e-9,Non-normal,Median [IQR]
sputum,T12,Species,Haemophilus_haemolyticus,30,5,6,83.33333333333334,0.21944037918790632,0.9977157525620007,0,0,0,0,5.463867828902382,1.8876375829959443e-11,Non-normal,Median [IQR]
sputum,T12,Species,Prevotella_vespertina,30,5,6,83.33333333333334,0.2162810440754565,0.625745885975364,0,0,0,0,2.9306491373416166,6.215332011323139e-10,Non-normal,Median [IQR]
sputum,T12,Species,Filifactor_alocis,30,7,8,76.66666666666667,0.1946165089650297,0.6069128190206874,0,0,0,0,3.1586000000000003,2.71542661627929e-10,Non-normal,Median [IQR]
sputum,T12,Species,Capnocytophaga_leadbetteri,30,6,7,80,0.18689728227547817,0.6640499331607823,0,0,0,0,2.660649733935027,7.394126787526804e-11,Non-normal,Median [IQR]
sputum,T12,Species,Streptococcus_intermedius,30,5,6,83.33333333333334,0.1853566650404719,0.8619879872984658,0,0,0,0,4.6884099990644525,1.7767864696135165e-11,Non-normal,Median [IQR]
sputum,T12,Species,Candidatus_Nanosynsacchari_sp_TM7_ANC_38_39_G1_1,30,4,5,86.66666666666667,0.18133819447705724,0.7609517916881421,0,0,0,0,4.05907703268038,3.32653695423572e-11,Non-normal,Median [IQR]
sputum,T12,Species,Prevotella_salivae,30,8,9,73.33333333333333,0.17537956401417126,0.4770027913017147,0,0,0.013132842150368994,0,2.298086503809729,1.1684898689080126e-9,Non-normal,Median [IQR]
sputum,T12,Species,GGB1144_SGB1468,30,6,7,80,0.17414461683710653,0.652138591609247,0,0,0,0,3.4974356381975555,6.392977364940047e-11,Non-normal,Median [IQR]
sputum,T12,Species,GGB3886_SGB5269,30,4,5,86.66666666666667,0.17373460537895846,0.5643854729488247,0,0,0,0,2.7610625942657947,2.277012543586339e-10,Non-normal,Median [IQR]
sputum,T12,Species,Treponema_vincentii,30,6,7,80,0.16981459186917996,0.5109255351766971,0,0,0,0,2.23434,3.7293462741609955e-10,Non-normal,Median [IQR]
sputum,T12,Species,Neisseria_sicca,30,5,6,83.33333333333334,0.16611044211322457,0.5903496908369219,0,0,0,0,3.055584586559638,1.0660258974000679e-10,Non-normal,Median [IQR]
sputum,T12,Species,Veillonella_tobetsuensis,30,6,7,80,0.16558299758753428,0.5020616845974457,0,0,0,0,2.34381,3.9112832405032154e-10,Non-normal,Median [IQR]
sputum,T12,Species,Scardovia_wiggsiae,30,4,5,86.66666666666667,0.1650231795717309,0.6330517456175624,0,0,0,0,3.2641896735810327,6.126920769606143e-11,Non-normal,Median [IQR]
sputum,T12,Species,Solobacterium_SGB6829,30,11,12,63.33333333333333,0.1638150864235381,0.30704221615015753,0,0,0.21742414306832253,0,1.2642898735710126,1.177608159535978e-7,Non-normal,Median [IQR]
sputum,T12,Species,Actinomyces_oris,30,8,9,73.33333333333333,0.16360203820734387,0.5005391989204938,0,0,0.01140173546731893,0,2.3328423294366294,3.537861198945573e-10,Non-normal,Median [IQR]
sputum,T12,Species,Oribacterium_SGB96486,30,2,3,93.33333333333333,0.1610372260026676,0.8228113786694363,0,0,0,0,4.506214190804774,1.0849285621481179e-11,Non-normal,Median [IQR]
sputum,T12,Species,GGB49528_SGB69474,30,2,3,93.33333333333333,0.14506162501368094,0.5621497797492404,0,0,0,0,2.57987446470598,4.974753031772232e-11,Non-normal,Median [IQR]
sputum,T12,Species,Eubacterium_brachy,30,5,6,83.33333333333334,0.11928344219488583,0.4289607484086232,0,0,0,0,2.2640125594477527,9.122538279548265e-11,Non-normal,Median [IQR]
sputum,T12,Species,GGB1144_SGB1469,30,5,6,83.33333333333334,0.11203985418784757,0.500448810361091,0,0,0,0,2.73458,2.116880213408938e-11,Non-normal,Median [IQR]
sputum,T12,Species,Haemophilus_influenzae,30,2,3,93.33333333333333,0.11108082451646607,0.5601274549950307,0,0,0,0,3.0655303065530304,1.160729300093479e-11,Non-normal,Median [IQR]
sputum,T12,Species,Prevotella_koreensis,30,2,3,93.33333333333333,0.10820732894389384,0.5894949739460684,0,0,0,0,3.229335084831616,7.959756683182897e-12,Non-normal,Median [IQR]
sputum,T12,Species,Streptococcus_anginosus,30,6,7,80,0.10784846749666524,0.33844291814125965,0,0,0,0,1.7281260689901563,2.881579175602017e-10,Non-normal,Median [IQR]
sputum,T12,Species,Streptococcus_infantis,30,9,10,70,0.10468319052102655,0.3352000732643228,0,0,0.02588836773639667,0,1.7693820143690757,2.0638274334461766e-10,Non-normal,Median [IQR]
sputum,T12,Species,GGB1022_SGB1315,30,2,3,93.33333333333333,0.09911192999617745,0.5415453119617443,0,0,0,0,2.9663976836799772,7.852604434773634e-12,Non-normal,Median [IQR]
sputum,T12,Species,GGB1188_SGB1538,30,2,3,93.33333333333333,0.09847388791662122,0.5361421430783899,0,0,0,0,2.937111530622764,7.982055391649565e-12,Non-normal,Median [IQR]
sputum,T12,Species,Serratia_marcescens,30,1,2,96.66666666666667,0.094751,0.5189726004617199,0,0,0,0,2.84253,NA,Not assessed: identical or nearly identical values,Median [IQR]
sputum,T12,Species,Actinomyces_SGB17132,30,10,11,66.66666666666666,0.09362971382065194,0.192040384120962,0,0,0.0771568269620723,0,0.7301729925846027,2.9156939453064154e-8,Non-normal,Median [IQR]
sputum,T12,Species,Streptococcus_gordonii,30,6,7,80,0.08973615003694664,0.40890143379361044,0,0,0,0,2.2223497777650225,1.976725934240178e-11,Non-normal,Median [IQR]
sputum,T12,Species,Alloprevotella_sp_Lung230,30,1,2,96.66666666666667,0.08400507330843597,0.4601147359590552,0,0,0,0,2.5201521992530793,NA,Not assessed: identical or nearly identical values,Median [IQR]
sputum,T12,Species,Lachnoanaerobaculum_sp_ICM7,30,6,7,80,0.08221289842128122,0.2546946583508574,0,0,0,0,1.14524,3.011605292283936e-10,Non-normal,Median [IQR]
sputum,T12,Species,Alloprevotella_SGB1466,30,4,5,86.66666666666667,0.08080321119971762,0.3304283519225806,0,0,0,0,1.7869800441814423,3.7109642006132124e-11,Non-normal,Median [IQR]
sputum,T12,Species,GGB4333_SGB5935,30,3,4,90,0.07844242810977418,0.3894627107285195,0,0,0,0,2.1352056218072066,1.2211407761633987e-11,Non-normal,Median [IQR]
sputum,T12,Species,GGB70967_SGB95921,30,1,2,96.66666666666667,0.0784228225140981,0.4295394891419553,0,0,0,0,2.352684675422943,NA,Not assessed: identical or nearly identical values,Median [IQR]
sputum,T12,Species,GGB3883_SGB5266,30,9,10,70,0.07668643744081241,0.1435611453543814,0,0,0.07837660516061586,0,0.4685078251403082,8.147841956134433e-8,Non-normal,Median [IQR]
sputum,T12,Species,Leptotrichia_wadei,30,5,6,83.33333333333334,0.0745871288959434,0.24556884029814752,0,0,0,0,1.215369354674362,2.0080312810902534e-10,Non-normal,Median [IQR]
sputum,T12,Species,Campylobacter_concisus,30,10,11,66.66666666666666,0.06979939002560992,0.18524522605483984,0,0,0.016117249059259403,0,0.811351131220814,1.3929126745549555e-9,Non-normal,Median [IQR]
sputum,T12,Species,GGB49400_SGB97338,30,1,2,96.66666666666667,0.06802887109711207,0.37260947261499505,0,0,0,0,2.0408661329133624,NA,Not assessed: identical or nearly identical values,Median [IQR]
sputum,T12,Species,Metamycoplasma_salivarium,30,3,4,90,0.06740032731185554,0.2650523953939774,0,0,0,0,1.3811159479288464,5.186919141770006e-11,Non-normal,Median [IQR]
sputum,T12,Species,GGB4538_SGB6253,30,5,6,83.33333333333334,0.06604396187522692,0.28063127863950843,0,0,0,0,1.53619,2.634623396367048e-11,Non-normal,Median [IQR]
sputum,T12,Species,Alloprevotella_SGB1484,30,5,6,83.33333333333334,0.06544379129556352,0.2690585681036723,0,0,0,0,1.454287578573289,3.5933568585070324e-11,Non-normal,Median [IQR]
sputum,T12,Species,Streptococcus_constellatus,30,5,6,83.33333333333334,0.06442552939956174,0.19187586231070966,0,0,0,0,0.6703149217728125,2.7088917382486026e-10,Non-normal,Median [IQR]
sputum,T12,Species,GGB1844_SGB2532,30,3,4,90,0.061310139262272995,0.226509086369533,0,0,0,0,0.8965136948142854,5.550282054406868e-11,Non-normal,Median [IQR]
sputum,T12,Species,Rothia_aeria,30,5,6,83.33333333333334,0.0604186108582581,0.1769732508080414,0,0,0,0,0.6794028859113455,4.2661391723119056e-10,Non-normal,Median [IQR]
sputum,T12,Species,Tannerella_serpentiformis,30,8,9,73.33333333333333,0.060075686398307425,0.1786646185152222,0,0,0.0047952955116034,0,0.9395099060490094,3.581953353642617e-10,Non-normal,Median [IQR]
sputum,T12,Species,Treponema_denticola,30,4,5,86.66666666666667,0.05865981870596642,0.22177008301892945,0,0,0,0,1.053592647433806,6.274323210405451e-11,Non-normal,Median [IQR]
sputum,T12,Species,Alloprevotella_SGB1483,30,5,6,83.33333333333334,0.057839432176912724,0.2262261822103168,0,0,0,0,1.2022616576204703,5.1887149776537885e-11,Non-normal,Median [IQR]
sputum,T12,Species,GGB4538_SGB6256,30,5,6,83.33333333333334,0.05606962914991066,0.24120291583851003,0,0,0,0,1.3188409549235347,2.532760566862768e-11,Non-normal,Median [IQR]
sputum,T12,Species,GGB45697_SGB2042,30,3,4,90,0.055461714261837845,0.17273620419702213,0,0,0,0,0.6984051864731629,2.401013145021665e-10,Non-normal,Median [IQR]
sputum,T12,Species,Peptostreptococcus_stomatis,30,4,5,86.66666666666667,0.05474700718630081,0.19571691703435684,0,0,0,0,0.8652339585206886,8.711019113319979e-11,Non-normal,Median [IQR]
sputum,T12,Species,Porphyromonas_sp_oral_taxon_275,30,4,5,86.66666666666667,0.05354496865038818,0.1909037821451268,0,0,0,0,0.9166999083300091,1.0252728320935056e-10,Non-normal,Median [IQR]
sputum,T12,Species,Capnocytophaga_gingivalis,30,6,7,80,0.05354103964079084,0.18930885901947683,0,0,0,0,0.9765493122874875,1.0962708418991495e-10,Non-normal,Median [IQR]
sputum,T12,Species,Oribacterium_asaccharolyticum,30,6,7,80,0.051785242929197894,0.16511827933609505,0,0,0,0,0.73329,2.3836464172439306e-10,Non-normal,Median [IQR]
sputum,T12,Species,Lachnoanaerobaculum_orale,30,6,7,80,0.051682398431975064,0.13382430473599788,0,0,0,0,0.6362579237576097,1.918556186094859e-9,Non-normal,Median [IQR]
sputum,T12,Species,Leptotrichia_sp_oral_taxon_215,30,8,9,73.33333333333333,0.05165969809186477,0.12719052401296663,0,0,0.008734200211565114,0,0.5950040123895058,3.5117978056188513e-9,Non-normal,Median [IQR]
sputum,T12,Species,Solobacterium_SGB6834,30,3,4,90,0.05073739153919282,0.19913520363226175,0,0,0,0,1.0538,5.142562318600473e-11,Non-normal,Median [IQR]
sputum,T12,Species,Lancefieldella_rimae,30,4,5,86.66666666666667,0.0507065644838921,0.17973503383385261,0,0,0,0,0.9424691988951115,1.0503232334442779e-10,Non-normal,Median [IQR]
sputum,T12,Species,Prevotella_baroniae,30,4,5,86.66666666666667,0.049183123308380844,0.21274396176539268,0,0,0,0,1.1561751960055795,2.6273428178313594e-11,Non-normal,Median [IQR]
sputum,T12,Species,Actinomyces_sp_ph3,30,5,6,83.33333333333334,0.048466026865041284,0.15614242261244388,0,0,0,0,0.75898,2.378526711882331e-10,Non-normal,Median [IQR]
sputum,T12,Species,Catonella_massiliensis,30,10,11,66.66666666666666,0.048163301123866485,0.11208060125928516,0,0,0.03719817141728304,0,0.5277796078948112,6.273013814827093e-9,Non-normal,Median [IQR]
sputum,T12,Species,Solobacterium_SGB6833,30,3,4,90,0.04701694341288508,0.15902963990638835,0,0,0,0,0.7571669765417611,1.5605373881197744e-10,Non-normal,Median [IQR]
sputum,T12,Species,GGB1431_SGB1972,30,1,2,96.66666666666667,0.046981051966989144,0.2573258193764241,0,0,0,0,1.4094315590096744,NA,Not assessed: identical or nearly identical values,Median [IQR]
sputum,T12,Species,Tannerella_forsythia,30,5,6,83.33333333333334,0.04505761275576147,0.16527495842721157,0,0,0,0,0.8835162502706335,7.53138680647877e-11,Non-normal,Median [IQR]
sputum,T12,Species,SR1_bacterium_human_oral_taxon_HOT_345,30,2,3,93.33333333333333,0.04441444979551403,0.1977264756243993,0,0,0,0,1.0569,2.3365154405269706e-11,Non-normal,Median [IQR]
sputum,T12,Species,Oribacterium_parvum,30,7,8,76.66666666666667,0.04438047797840253,0.10581408893776037,0,0,0,0,0.43516316713766756,4.882617023107303e-9,Non-normal,Median [IQR]
sputum,T12,Species,Megasphaera_micronuciformis,30,4,5,86.66666666666667,0.04423165036393373,0.14752282141275538,0,0,0,0,0.6463814487005232,1.5850809363559623e-10,Non-normal,Median [IQR]
sputum,T12,Species,Capnocytophaga_SGB2499,30,3,4,90,0.043277619078839785,0.21795586182220633,0,0,0,0,1.1951,1.1407798343008957e-11,Non-normal,Median [IQR]
sputum,T12,Species,GGB1611_SGB2208,30,2,3,93.33333333333333,0.04295503687150895,0.2278532907358684,0,0,0,0,1.2487425283347582,9.020002071195467e-12,Non-normal,Median [IQR]
sputum,T12,Species,Prevotella_pleuritidis,30,1,2,96.66666666666667,0.04277648393470876,0.23429645181797332,0,0,0,0,1.2832945180412627,NA,Not assessed: identical or nearly identical values,Median [IQR]
sputum,T12,Species,Prevotella_denticola,30,3,4,90,0.042544339252864195,0.20863707263296946,0,0,0,0,1.1417909949520115,1.3280777292937013e-11,Non-normal,Median [IQR]
sputum,T12,Species,Haemophilus_sputorum,30,3,4,90,0.04142183971472966,0.21384201252027368,0,0,0,0,1.172258162992633,1.0216660151030994e-11,Non-normal,Median [IQR]
sputum,T12,Species,Prevotella_shahii,30,4,5,86.66666666666667,0.040616718970103945,0.11962151368647382,0,0,0,0,0.45519000000000004,3.6999731355084274e-10,Non-normal,Median [IQR]
sputum,T12,Species,Campylobacter_rectus,30,3,4,90,0.0403427490393095,0.14147796073444216,0,0,0,0,0.564025585117546,8.587768444108813e-11,Non-normal,Median [IQR]
sputum,T12,Species,Schaalia_meyeri,30,4,5,86.66666666666667,0.03944857924751654,0.1333044682507172,0,0,0,0,0.61165,1.5200853409699855e-10,Non-normal,Median [IQR]
sputum,T12,Species,Bacteroidota_unclassified_SGB1343,30,2,3,93.33333333333333,0.03594363049367486,0.13683259015086283,0,0,0,0,0.5524746189427326,4.574528237051652e-11,Non-normal,Median [IQR]
sputum,T12,Species,Granulicatella_SGB8245,30,3,4,90,0.035359698635649264,0.14018903873885918,0,0,0,0,0.6981101940123273,4.7415496178364504e-11,Non-normal,Median [IQR]
sputum,T12,Species,Solobacterium_moorei,30,4,5,86.66666666666667,0.035184343507355206,0.11979047093706387,0,0,0,0,0.5467288424425134,1.3827565670037528e-10,Non-normal,Median [IQR]
sputum,T12,Species,GGB1473_SGB2039,30,2,3,93.33333333333333,0.0347772949234884,0.1440448087212343,0,0,0,0,0.73816,3.610849969434386e-11,Non-normal,Median [IQR]
sputum,T12,Species,Neisseria_cinerea,30,2,3,93.33333333333333,0.034765281260246625,0.13333107508253086,0,0,0,0,0.5843906003602279,4.9798165120903483e-11,Non-normal,Median [IQR]
sputum,T12,Species,Catonella_SGB4505,30,4,5,86.66666666666667,0.03402685604224144,0.1486759418722346,0,0,0,0,0.80415,2.550184460386733e-11,Non-normal,Median [IQR]
sputum,T12,Species,Prevotellaceae_bacterium_Marseille_P2826,30,2,3,93.33333333333333,0.03338126343308126,0.16080665578187872,0,0,0,0,0.8761486795716036,1.4817933176192934e-11,Non-normal,Median [IQR]
sputum,T12,Species,GGB3887_SGB5270,30,3,4,90,0.03312994710541962,0.12121516286595821,0,0,0,0,0.484588617651044,6.096758669613962e-11,Non-normal,Median [IQR]
sputum,T12,Species,Parvimonas_sp_oral_taxon_110,30,3,4,90,0.03307032264696201,0.1041758231539394,0,0,0,0,0.4363960857010864,2.352923302552642e-10,Non-normal,Median [IQR]
sputum,T12,Species,Lautropia_mirabilis,30,4,5,86.66666666666667,0.032510722263298875,0.10151462517449843,0,0,0,0,0.44888219452527167,2.7714768547257547e-10,Non-normal,Median [IQR]
sputum,T12,Species,Actinomyces_naeslundii,30,3,4,90,0.03204458041926397,0.12173965798046173,0,0,0,0,0.55755,5.756978629791278e-11,Non-normal,Median [IQR]
sputum,T12,Species,GGB49401_SGB69314,30,1,2,96.66666666666667,0.031167339444809337,0.17071054871342614,0,0,0,0,0.9350201833442802,NA,Not assessed: identical or nearly identical values,Median [IQR]
sputum,T12,Species,Granulicatella_SGB8239,30,5,6,83.33333333333334,0.030809745451322517,0.08098254616921649,0,0,0,0,0.3438867466988592,1.6032552085411982e-9,Non-normal,Median [IQR]
sputum,T12,Species,Arachnia_SGB15899,30,1,2,96.66666666666667,0.029910745566428695,0.16382790058530633,0,0,0,0,0.8973223669928608,NA,Not assessed: identical or nearly identical values,Median [IQR]
sputum,T12,Species,Granulicatella_SGB8244,30,2,3,93.33333333333333,0.02970524893280663,0.13289827573896354,0,0,0,0,0.71165,2.268466952503222e-11,Non-normal,Median [IQR]
sputum,T12,Species,Selenomonas_SGB5880,30,4,5,86.66666666666667,0.023786645211807754,0.07036302773223463,0,0,0,0,0.27587492922111073,3.918103797102859e-10,Non-normal,Median [IQR]
sputum,T12,Species,Streptococcus_sp_F0442,30,2,3,93.33333333333333,0.023712331546733512,0.10190731336884616,0,0,0,0,0.5359799464020053,2.8914318856604097e-11,Non-normal,Median [IQR]
sputum,T12,Species,Abiotrophia_sp_HMSC24B09,30,3,4,90,0.022286522793551266,0.07662434432986684,0,0,0,0,0.3595257634838854,1.3514492164512912e-10,Non-normal,Median [IQR]
sputum,T12,Species,Bulleidia_extructa,30,2,3,93.33333333333333,0.022071418494149127,0.11560052462410567,0,0,0,0,0.633510528736582,9.590949907356558e-12,Non-normal,Median [IQR]
sputum,T12,Species,Treponema_SGB3604,30,2,3,93.33333333333333,0.021168615314569143,0.1100838676785555,0,0,0,0,0.6032117147852744,9.93293184922726e-12,Non-normal,Median [IQR]
sputum,T12,Species,GGB3883_SGB5265,30,3,4,90,0.02081836566897884,0.07019192614284192,0,0,0,0,0.33797041645695897,1.5769210522508259e-10,Non-normal,Median [IQR]
sputum,T12,Species,Schaalia_SGB17158,30,3,4,90,0.019991438249436916,0.0832277394258059,0,0,0,0,0.44081,3.533701800053739e-11,Non-normal,Median [IQR]
sputum,T12,Species,Propionibacterium_acidifaciens,30,2,3,93.33333333333333,0.018615646830412377,0.0864234494687205,0,0,0,0,0.46772024171576965,1.8253104574593713e-11,Non-normal,Median [IQR]
sputum,T12,Species,Granulicatella_adiacens,30,5,6,83.33333333333334,0.01832473467976548,0.059775717947612744,0,0,0,0,0.2757163455809415,2.016072730189726e-10,Non-normal,Median [IQR]
sputum,T12,Species,Aggregatibacter_segnis,30,3,4,90,0.018065819986677008,0.08593849342041149,0,0,0,0,0.4703132764534399,1.5365010183514283e-11,Non-normal,Median [IQR]
sputum,T12,Species,Prevotella_sp_oral_taxon_475,30,3,4,90,0.018041709056600158,0.05613318361386494,0,0,0,0,0.2278199772180023,2.3933508529327373e-10,Non-normal,Median [IQR]
sputum,T12,Species,Neisseria_sp_oral_taxon_014,30,2,3,93.33333333333333,0.017997231000463434,0.06965966954322415,0,0,0,0,0.31835,4.985363689905945e-11,Non-normal,Median [IQR]
sputum,T12,Species,Gemella_SGB7284,30,1,2,96.66666666666667,0.017346917374047963,0.0950129794894435,0,0,0,0,0.5204075212214389,NA,Not assessed: identical or nearly identical values,Median [IQR]
sputum,T12,Species,Campylobacter_showae,30,2,3,93.33333333333333,0.016919646842502092,0.08653370222162023,0,0,0,0,0.47393,1.0796241206540935e-11,Non-normal,Median [IQR]
sputum,T12,Species,Porphyromonas_catoniae,30,2,3,93.33333333333333,0.016596487003547062,0.08014620183163003,0,0,0,0,0.4368206352684259,1.461917541910729e-11,Non-normal,Median [IQR]
sputum,T12,Species,Selenomonas_noxia,30,3,4,90,0.01620840029773319,0.07682858185448875,0,0,0,0,0.4205593917192895,1.5509696969965404e-11,Non-normal,Median [IQR]
sputum,T12,Species,Candidatus_Nanosynbacter_sp_HMT_352,30,3,4,90,0.016072443842459875,0.07103260454293038,0,0,0,0,0.3809659127862823,2.4329604829856942e-11,Non-normal,Median [IQR]
sputum,T12,Species,Parvimonas_sp_oral_taxon_393,30,1,2,96.66666666666667,0.01594535843841209,0.08733632504223653,0,0,0,0,0.47836075315236276,NA,Not assessed: identical or nearly identical values,Median [IQR]
sputum,T12,Species,Veillonella_sp_3627,30,2,3,93.33333333333333,0.01569315139967909,0.08560593284390017,0,0,0,0,0.46894319372323473,7.911977647719343e-12,Non-normal,Median [IQR]
sputum,T12,Species,Leptotrichia_sp_oral_taxon_221,30,2,3,93.33333333333333,0.015497570907316969,0.06395351621890134,0,0,0,0,0.326639301394504,3.690027821981583e-11,Non-normal,Median [IQR]
sputum,T12,Species,Solobacterium_SGB6828,30,1,2,96.66666666666667,0.015262000000000001,0.08359341672643845,0,0,0,0,0.45786000000000004,NA,Not assessed: identical or nearly identical values,Median [IQR]
sputum,T12,Species,Corynebacterium_matruchotii,30,4,5,86.66666666666667,0.014776922586828268,0.05778115856992413,0,0,0,0,0.30961360086531314,4.9981445931021376e-11,Non-normal,Median [IQR]
sputum,T12,Species,Mogibacterium_SGB3923,30,2,3,93.33333333333333,0.014741139468821655,0.06028011704094149,0,0,0,0,0.3051128711260771,3.8902496946683786e-11,Non-normal,Median [IQR]
sputum,T12,Species,Corynebacterium_durum,30,4,5,86.66666666666667,0.014421154094605234,0.054396598845486095,0,0,0,0,0.2909629745427559,6.272590597870002e-11,Non-normal,Median [IQR]
sputum,T12,Species,Catonella_SGB69305,30,3,4,90,0.014180237533076423,0.04437911591303498,0,0,0,0,0.16378497766734018,2.01134271243527e-10,Non-normal,Median [IQR]
sputum,T12,Species,Capnocytophaga_granulosa,30,2,3,93.33333333333333,0.013950999538112404,0.07271084193212334,0,0,0,0,0.39844,9.824990266692156e-12,Non-normal,Median [IQR]
sputum,T12,Species,Prevotella_conceptionensis,30,2,3,93.33333333333333,0.013704390044727977,0.07196197757964881,0,0,0,0,0.3943738637011748,9.471800344102116e-12,Non-normal,Median [IQR]
sputum,T12,Species,GGB3385_SGB4471,30,3,4,90,0.013195593175713581,0.048200315687629204,0,0,0,0,0.20187999999999998,6.712805130622213e-11,Non-normal,Median [IQR]
sputum,T12,Species,GGB18703_SGB19792,30,2,3,93.33333333333333,0.013131651948431917,0.06976572626522702,0,0,0,0,0.38234673161184585,8.952558423171664e-12,Non-normal,Median [IQR]
sputum,T12,Species,Streptococcus_vestibularis,30,2,3,93.33333333333333,0.012313050407861991,0.04687861986503692,0,0,0,0,0.1898840442516608,4.5963336941178045e-11,Non-normal,Median [IQR]
sputum,T12,Species,Dialister_invisus,30,4,5,86.66666666666667,0.012295580468933566,0.05296250620380691,0,0,0,0,0.28873538493971285,2.6261818551834518e-11,Non-normal,Median [IQR]
sputum,T12,Species,Eikenella_corrodens,30,2,3,93.33333333333333,0.012105445299324056,0.04626072546980347,0,0,0,0,0.19761334242472003,4.89583238630449e-11,Non-normal,Median [IQR]
sputum,T12,Species,GGB4533_SGB6246,30,3,4,90,0.011604131454471322,0.04372638709675066,0,0,0,0,0.20564194567378452,6.397116502106916e-11,Non-normal,Median [IQR]
sputum,T12,Species,GGB74353_SGB98242,30,1,2,96.66666666666667,0.01131479772334928,0.061973699466864984,0,0,0,0,0.3394439317004784,NA,Not assessed: identical or nearly identical values,Median [IQR]
sputum,T12,Species,Dialister_pneumosintes,30,1,2,96.66666666666667,0.01115986060655282,0.061125073928222654,0,0,0,0,0.3347958181965846,NA,Not assessed: identical or nearly identical values,Median [IQR]
sputum,T12,Species,GGB1203_SGB1568,30,5,6,83.33333333333334,0.010253166365393683,0.027638886867402124,0,0,0,0,0.09968638087235171,8.191206521247555e-10,Non-normal,Median [IQR]
sputum,T12,Species,GGB1843_SGB2524,30,4,5,86.66666666666667,0.010111801483611649,0.028738790054673165,0,0,0,0,0.114308109674276,6.13315777301162e-10,Non-normal,Median [IQR]
sputum,T12,Species,GGB3059_SGB69431,30,5,6,83.33333333333334,0.009886138680922585,0.03277214834491527,0,0,0,0,0.1622515087591311,1.8936323651786122e-10,Non-normal,Median [IQR]
sputum,T12,Species,Oribacterium_SGB5283,30,4,5,86.66666666666667,0.009793035508866474,0.03304711989299263,0,0,0,0,0.16888,1.5762607713404403e-10,Non-normal,Median [IQR]
sputum,T12,Species,Gemella_SGB7291,30,2,3,93.33333333333333,0.009648545115734007,0.04861932152855417,0,0,0,0,0.2660782009508039,1.164895582693691e-11,Non-normal,Median [IQR]
sputum,T12,Species,Prevotella_micans,30,2,3,93.33333333333333,0.009616663360634225,0.04498334138024239,0,0,0,0,0.24384874329795703,1.7479833425601707e-11,Non-normal,Median [IQR]
sputum,T12,Species,Granulicatella_SGB64171,30,2,3,93.33333333333333,0.009359981824345682,0.03868495671748375,0,0,0,0,0.197859980214002,3.6569362808417774e-11,Non-normal,Median [IQR]
sputum,T12,Species,Porphyromonas_sp_oral_taxon_278,30,2,3,93.33333333333333,0.009263140682643254,0.04035781720808349,0,0,0,0,0.21376496658265792,2.6612041901216248e-11,Non-normal,Median [IQR]
sputum,T12,Species,Eggerthia_catenaformis,30,2,3,93.33333333333333,0.009229465525672227,0.03686097122898421,0,0,0,0,0.1810232614283339,4.422937949133757e-11,Non-normal,Median [IQR]
sputum,T12,Species,Prevotella_oulorum,30,3,4,90,0.00922780434736417,0.036713365739948656,0,0,0,0,0.18381999999999998,4.653600143272601e-11,Non-normal,Median [IQR]
sputum,T12,Species,Slackia_exigua,30,5,6,83.33333333333334,0.009210162340127063,0.02966932065628414,0,0,0,0,0.14463835550351828,2.323271759879604e-10,Non-normal,Median [IQR]
sputum,T12,Species,Haemophilus_parahaemolyticus,30,2,3,93.33333333333333,0.008906540106712182,0.03510971080765671,0,0,0,0,0.1684617660271511,4.702319204867145e-11,Non-normal,Median [IQR]
sputum,T12,Species,Candidatus_Nanoperiomorbus_periodonticus,30,3,4,90,0.008727477311064914,0.028056756892572098,0,0,0,0,0.11830364609173344,2.0475885259701348e-10,Non-normal,Median [IQR]
sputum,T12,Species,Prevotella_SGB98243,30,2,3,93.33333333333333,0.008535557884332452,0.0365804080412944,0,0,0,0,0.19208899641313834,2.940945490351698e-11,Non-normal,Median [IQR]
sputum,T12,Species,Prevotella_SGB1459,30,2,3,93.33333333333333,0.008489679604037771,0.04392819908941076,0,0,0,0,0.24068,1.018308670389508e-11,Non-normal,Median [IQR]
sputum,T12,Species,Shuttleworthia_satelles,30,2,3,93.33333333333333,0.00842034511885159,0.03687723805698068,0,0,0,0,0.1958,2.5787053655449265e-11,Non-normal,Median [IQR]
sputum,T12,Species,Aggregatibacter_sp_2125159857,30,1,2,96.66666666666667,0.008203916798728485,0.0449347029055916,0,0,0,0,0.24611750396185453,NA,Not assessed: identical or nearly identical values,Median [IQR]
sputum,T12,Species,Alloprevotella_sp_oral_taxon_473,30,2,3,93.33333333333333,0.008144172282334097,0.03552127914151194,0,0,0,0,0.18824400815506914,2.6437305916107982e-11,Non-normal,Median [IQR]
sputum,T12,Species,Oribacterium_SGB5287,30,2,3,93.33333333333333,0.00747923555493181,0.03837759633971324,0,0,0,0,0.21021401990634403,1.0618556356001014e-11,Non-normal,Median [IQR]
sputum,T12,Species,GGB2964_SGB3946,30,3,4,90,0.007423895891683825,0.03247122982995776,0,0,0,0,0.17505868876211725,2.5667954600740826e-11,Non-normal,Median [IQR]
sputum,T12,Species,Arachnia_rubra,30,2,3,93.33333333333333,0.0073545206489295505,0.038560255666362,0,0,0,0,0.21131913924221707,9.541935194751055e-12,Non-normal,Median [IQR]
sputum,T12,Species,GGB1088_SGB1395,30,2,3,93.33333333333333,0.0072668371032715345,0.03220174334303998,0,0,0,0,0.17182257299167025,2.4022182549616262e-11,Non-normal,Median [IQR]
sputum,T12,Species,GGB4533_SGB6245,30,2,3,93.33333333333333,0.007143982739698632,0.029447893068066094,0,0,0,0,0.1502459815705567,3.7143333213670826e-11,Non-normal,Median [IQR]
sputum,T12,Species,Catonella_morbi,30,1,2,96.66666666666667,0.006986600966605415,0.03826718949697184,0,0,0,0,0.20959802899816246,NA,Not assessed: identical or nearly identical values,Median [IQR]
sputum,T12,Species,Prevotella_veroralis,30,4,5,86.66666666666667,0.006955614210174923,0.02845500644853362,0,0,0,0,0.1528406344962563,3.8365232182492244e-11,Non-normal,Median [IQR]
sputum,T12,Species,GGB4733_SGB6557,30,3,4,90,0.00688269020897613,0.024763138702569687,0,0,0,0,0.12651835684549587,9.333589576352329e-11,Non-normal,Median [IQR]
sputum,T12,Species,Abiotrophia_defectiva,30,3,4,90,0.006844190957361109,0.025898436218992977,0,0,0,0,0.13576420142507395,6.461997485767529e-11,Non-normal,Median [IQR]
sputum,T12,Species,Actinomyces_dentalis,30,1,2,96.66666666666667,0.006731325009063708,0.036868985493628596,0,0,0,0,0.20193975027191124,NA,Not assessed: identical or nearly identical values,Median [IQR]
sputum,T12,Species,Eubacterium_nodatum,30,1,2,96.66666666666667,0.006713520772456479,0.036771467673539206,0,0,0,0,0.20140562317369437,NA,Not assessed: identical or nearly identical values,Median [IQR]
sputum,T12,Species,GGB1025_SGB1320,30,1,2,96.66666666666667,0.006329468141722027,0.0346679247823146,0,0,0,0,0.1898840442516608,NA,Not assessed: identical or nearly identical values,Median [IQR]
sputum,T12,Species,Neisseria_bacilliformis,30,1,2,96.66666666666667,0.00608448822954973,0.03332611454199058,0,0,0,0,0.1825346468864919,NA,Not assessed: identical or nearly identical values,Median [IQR]
sputum,T12,Species,Eubacterium_infirmum,30,3,4,90,0.005960697116451084,0.02934403309783269,0,0,0,0,0.1608409298090304,1.2769494035962736e-11,Non-normal,Median [IQR]
sputum,T12,Species,Candidatus_Saccharibacteria_unclassified_SGB19846,30,2,3,93.33333333333333,0.005559187663252974,0.024050774673487624,0,0,0,0,0.12694716968368727,2.7770698075398037e-11,Non-normal,Median [IQR]
sputum,T12,Species,Streptococcus_mutans,30,1,2,96.66666666666667,0.005477832650526417,0.03000332508931632,0,0,0,0,0.1643349795157925,NA,Not assessed: identical or nearly identical values,Median [IQR]
sputum,T12,Species,GGB12763_SGB19797,30,3,4,90,0.005326350132128765,0.017743178296783617,0,0,0,0,0.07968890874451476,1.6661070682521817e-10,Non-normal,Median [IQR]
sputum,T12,Species,TM7_phylum_sp_oral_taxon_348,30,2,3,93.33333333333333,0.004318813166744491,0.021165415610715003,0,0,0,0,0.1155629414410286,1.349345433853282e-11,Non-normal,Median [IQR]
sputum,T12,Species,Prevotella_buccae,30,1,2,96.66666666666667,0.004051318683640754,0.022189986306721764,0,0,0,0,0.12153956050922261,NA,Not assessed: identical or nearly identical values,Median [IQR]
sputum,T12,Species,Leptotrichia_sp_oral_taxon_212,30,1,2,96.66666666666667,0.003832878021008906,0.020993537522723378,0,0,0,0,0.11498634063026718,NA,Not assessed: identical or nearly identical values,Median [IQR]
sputum,T12,Species,TM7_phylum_sp_oral_taxon_349,30,1,2,96.66666666666667,0.003830896162359516,0.020982682435842802,0,0,0,0,0.11492688487078548,NA,Not assessed: identical or nearly identical values,Median [IQR]
sputum,T12,Species,GGB12794_SGB19881,30,1,2,96.66666666666667,0.003765757030806975,0.020625900718566566,0,0,0,0,0.11297271092420924,NA,Not assessed: identical or nearly identical values,Median [IQR]
sputum,T12,Species,GGB1024_SGB69047,30,2,3,93.33333333333333,0.003689924386479406,0.01591243890145251,0,0,0,0,0.08384832203102509,2.8318904851948468e-11,Non-normal,Median [IQR]
sputum,T12,Species,Capnocytophaga_sputigena,30,3,4,90,0.0035688916840882546,0.0116767871450058,0,0,0,0,0.047048225139630744,1.6156285883468127e-10,Non-normal,Median [IQR]
sputum,T12,Species,Cardiobacterium_hominis,30,1,2,96.66666666666667,0.0035381709399530613,0.019379360361215483,0,0,0,0,0.10614512819859184,NA,Not assessed: identical or nearly identical values,Median [IQR]
sputum,T12,Species,GGB1202_SGB1567,30,3,4,90,0.003426857646659893,0.012610802659267001,0,0,0,0,0.0580898456279045,7.461031786460439e-11,Non-normal,Median [IQR]
sputum,T12,Species,Prevotella_sp_oral_taxon_299,30,2,3,93.33333333333333,0.00329597141723653,0.01406970767249636,0,0,0,0,0.07370996434080672,3.0122850853876677e-11,Non-normal,Median [IQR]
sputum,T12,Species,Haemophilus_paraphrohaemolyticus,30,2,3,93.33333333333333,0.003205780042400659,0.013179023851396299,0,0,0,0,0.06706777851488267,3.772842874452977e-11,Non-normal,Median [IQR]
sputum,T12,Species,GGB96534_SGB136060,30,1,2,96.66666666666667,0.003126589207638973,0.01712503437076069,0,0,0,0,0.09379767622916918,NA,Not assessed: identical or nearly identical values,Median [IQR]
sputum,T12,Species,Eubacterium_saphenum,30,1,2,96.66666666666667,0.002930978181140865,0.016053628653663145,0,0,0,0,0.08792934543422595,NA,Not assessed: identical or nearly identical values,Median [IQR]
sputum,T12,Species,Treponema_sp_Marseille_Q4130,30,1,2,96.66666666666667,0.0026963784073423046,0.014768672772712337,0,0,0,0,0.08089135222026914,NA,Not assessed: identical or nearly identical values,Median [IQR]
sputum,T12,Species,Capnocytophaga_ochracea,30,2,3,93.33333333333333,0.0026896795194089303,0.011823009110871198,0,0,0,0,0.06287611491432787,2.5219642567710008e-11,Non-normal,Median [IQR]
sputum,T12,Species,Dolosigranulum_pigrum,30,1,2,96.66666666666667,0.00266666693333336,0.014605936327398063,0,0,0,0,0.0800000080000008,NA,Not assessed: identical or nearly identical values,Median [IQR]
sputum,T12,Species,Treponema_SGB3588,30,1,2,96.66666666666667,0.0026420322726925663,0.014471006734103588,0,0,0,0,0.07926096818077699,NA,Not assessed: identical or nearly identical values,Median [IQR]
sputum,T12,Species,Candidatus_Nanogingivalis_gingivitcus,30,1,2,96.66666666666667,0.0025639761387622056,0.01404347568105056,0,0,0,0,0.07691928416286617,NA,Not assessed: identical or nearly identical values,Median [IQR]
sputum,T12,Species,Candidatus_Nanosynbacter_lyticus,30,1,2,96.66666666666667,0.0025038180974651303,0.013713976518713204,0,0,0,0,0.0751145429239539,NA,Not assessed: identical or nearly identical values,Median [IQR]
sputum,T12,Species,Neisseria_elongata,30,1,2,96.66666666666667,0.0024256371740480494,0.013285761965492015,0,0,0,0,0.07276911522144149,NA,Not assessed: identical or nearly identical values,Median [IQR]
sputum,T12,Species,Arachnia_propionica,30,1,2,96.66666666666667,0.002388678446452634,0.013083330677485036,0,0,0,0,0.07166035339357901,NA,Not assessed: identical or nearly identical values,Median [IQR]
sputum,T12,Species,Catonella_SGB96613,30,2,3,93.33333333333333,0.002143600441477214,0.010250668455669687,0,0,0,0,0.05578978788404203,1.5433860364956136e-11,Non-normal,Median [IQR]
sputum,T12,Species,Limosilactobacillus_vaginalis,30,1,2,96.66666666666667,0.0020884152674655316,0.011438721514290566,0,0,0,0,0.06265245802396595,NA,Not assessed: identical or nearly identical values,Median [IQR]
sputum,T12,Species,Mogibacterium_timidum,30,2,3,93.33333333333333,0.0018977654095171973,0.0089868063126203,0,0,0,0,0.04883167513275987,1.6302361292692338e-11,Non-normal,Median [IQR]
sputum,T12,Species,Treponema_SGB69454,30,1,2,96.66666666666667,0.0018777561705070702,0.010284894120812392,0,0,0,0,0.056332685115212104,NA,Not assessed: identical or nearly identical values,Median [IQR]
sputum,T12,Species,Actinobaculum_sp_oral_taxon_183,30,1,2,96.66666666666667,0.0017800328472956353,0.009749641435639682,0,0,0,0,0.05340098541886906,NA,Not assessed: identical or nearly identical values,Median [IQR]
sputum,T12,Species,Selenomonas_SGB5897,30,3,4,90,0.0016756504370438194,0.0061571795203233665,0,0,0,0,0.026584332117211413,6.756381950443472e-11,Non-normal,Median [IQR]
sputum,T12,Species,Streptococcus_pneumoniae,30,2,3,93.33333333333333,0.001642542992316429,0.006582732824151653,0,0,0,0,0.0324962880914927,4.345504536259143e-11,Non-normal,Median [IQR]
sputum,T12,Species,GGB71270_SGB97344,30,2,3,93.33333333333333,0.0015631230886988395,0.008310834724980103,0,0,0,0,0.045546853671819494,8.920269658714448e-12,Non-normal,Median [IQR]
sputum,T12,Species,Prevotella_loescheii,30,2,3,93.33333333333333,0.0015305686678369834,0.006037115859143071,0,0,0,0,0.029002009200930413,4.6903446326656616e-11,Non-normal,Median [IQR]
sputum,T12,Species,Prevotella_bivia,30,1,2,96.66666666666667,0.001457556580233359,0.007983366178338992,0,0,0,0,0.04372669740700077,NA,Not assessed: identical or nearly identical values,Median [IQR]
sputum,T12,Species,Pauljensenia_hongkongensis,30,1,2,96.66666666666667,0.001456001345536769,0.007974847807083622,0,0,0,0,0.043680040366103075,NA,Not assessed: identical or nearly identical values,Median [IQR]
sputum,T12,Species,Kingella_denitrificans,30,1,2,96.66666666666667,0.0013134793261389062,0.007194222557429639,0,0,0,0,0.039404379784167186,NA,Not assessed: identical or nearly identical values,Median [IQR]
sputum,T12,Species,Atopobium_sp_oral_taxon_199,30,2,3,93.33333333333333,0.001232554585718622,0.004914755058783302,0,0,0,0,0.02407533778079465,4.4584923493306795e-11,Non-normal,Median [IQR]
sputum,T12,Species,Actinomyces_massiliensis,30,1,2,96.66666666666667,0.0011336444010409026,0.006209226106395354,0,0,0,0,0.03400933203122708,NA,Not assessed: identical or nearly identical values,Median [IQR]
sputum,T12,Species,GGB3008_SGB3999,30,2,3,93.33333333333333,0.0010741726236181083,0.004314833185752436,0,0,0,0,0.02137092134105168,4.293470872329756e-11,Non-normal,Median [IQR]
sputum,T12,Species,Candidatus_Saccharibacteria_unclassified_SGB19905,30,1,2,96.66666666666667,0.0010419555134512349,0.005707025386341189,0,0,0,0,0.03125866540353705,NA,Not assessed: identical or nearly identical values,Median [IQR]
sputum,T12,Species,GGB49400_SGB69312,30,1,2,96.66666666666667,9.704243889180538e-4,0.005315233281635845,0,0,0,0,0.029112731667541615,NA,Not assessed: identical or nearly identical values,Median [IQR]
sputum,T12,Species,GGB1843_SGB2516,30,2,3,93.33333333333333,9.691328569228556e-4,0.0036929652577497025,0,0,0,0,0.015254631975934099,4.7219736497172664e-11,Non-normal,Median [IQR]
sputum,T12,Species,Haemophilus_pittmaniae,30,1,2,96.66666666666667,9.647282784406994e-4,0.005284034399650959,0,0,0,0,0.028941848353220983,NA,Not assessed: identical or nearly identical values,Median [IQR]
sputum,T12,Species,Gemella_SGB7293,30,2,3,93.33333333333333,9.502327257559551e-4,0.00400844751491391,0,0,0,0,0.020838555616992202,3.236726979760274e-11,Non-normal,Median [IQR]
sputum,T12,Species,Selenomonas_SGB69112,30,2,3,93.33333333333333,9.500638866185242e-4,0.0036932337347047313,0,0,0,0,0.017119608148933478,4.9399160838605875e-11,Non-normal,Median [IQR]
sputum,T12,Species,GGB12785_SGB19824,30,2,3,93.33333333333333,8.41637143637494e-4,0.004459423798964634,0,0,0,0,0.02443978173332678,9.068643326313715e-12,Non-normal,Median [IQR]
sputum,T12,Species,GGB1472_SGB2037,30,1,2,96.66666666666667,7.786453822990332e-4,0.004264816401824143,0,0,0,0,0.023359361468970996,NA,Not assessed: identical or nearly identical values,Median [IQR]
sputum,T12,Species,Actinomyces_johnsonii,30,1,2,96.66666666666667,7.09117839199589e-4,0.0038839983645893605,0,0,0,0,0.021273535175987672,NA,Not assessed: identical or nearly identical values,Median [IQR]
sputum,T12,Species,Treponema_maltophilum,30,1,2,96.66666666666667,6.562042593732399e-4,0.003594178751896943,0,0,0,0,0.019686127781197195,NA,Not assessed: identical or nearly identical values,Median [IQR]
sputum,T12,Species,Selenomonas_SGB5896,30,2,3,93.33333333333333,5.387874238341772e-4,0.002062289631012862,0,0,0,0,0.008923097322249598,4.94398651553512e-11,Non-normal,Median [IQR]
sputum,T12,Species,Alloscardovia_omnicolens,30,1,2,96.66666666666667,4.7278511302868974e-4,0.0025895507125844298,0,0,0,0,0.014183553390860693,NA,Not assessed: identical or nearly identical values,Median [IQR]
sputum,T12,Species,Peptoanaerobacter_stomatis,30,1,2,96.66666666666667,3.166513702809841e-4,0.0017343709836781594,0,0,0,0,0.009499541108429523,NA,Not assessed: identical or nearly identical values,Median [IQR]
sputum,T12,Species,Capnocytophaga_SGB2480,30,1,2,96.66666666666667,3.151292133259865e-4,0.0017260337866750043,0,0,0,0,0.009453876399779597,NA,Not assessed: identical or nearly identical values,Median [IQR]
sputum,T12,Species,Olsenella_uli,30,1,2,96.66666666666667,2.6705865536100557e-4,0.0014627404971822072,0,0,0,0,0.008011759660830167,NA,Not assessed: identical or nearly identical values,Median [IQR]
sputum,T12,Species,Aggregatibacter_aphrophilus,30,1,2,96.66666666666667,2.2266668893333556e-4,0.0012195956833377384,0,0,0,0,0.006680000668000067,NA,Not assessed: identical or nearly identical values,Median [IQR]
sputum,T12,Species,Actinomyces_gerencseriae,30,1,2,96.66666666666667,1.5679495731232e-4,8.588013502301725e-4,0,0,0,0,0.0047038487193695995,NA,Not assessed: identical or nearly identical values,Median [IQR]
sputum,T12,Species,Campylobacter_SGB96342,30,1,2,96.66666666666667,1.2206403128399963e-4,6.685722339426288e-4,0,0,0,0,0.003661920938519989,NA,Not assessed: identical or nearly identical values,Median [IQR]
sputum,T12,Species,Bifidobacterium_longum,30,1,2,96.66666666666667,1.0639642641419696e-4,5.827572278499417e-4,0,0,0,0,0.0031918927924259087,NA,Not assessed: identical or nearly identical values,Median [IQR]
sputum,T12,Species,GGB12785_SGB19823,30,1,2,96.66666666666667,1.0487601294716298e-4,5.744295803236502e-4,0,0,0,0,0.0031462803884148897,NA,Not assessed: identical or nearly identical values,Median [IQR]
sputum,T12,Species,GGB1472_SGB2038,30,1,2,96.66666666666667,8.666602999170703e-5,4.7468939595877204e-4,0,0,0,0,0.002599980899751211,NA,Not assessed: identical or nearly identical values,Median [IQR]
sputum,T12,Species,Acidaminococcus_SGB5735,30,0,1,100,0,0,0,0,0,0,0,NA,Not assessed: identical or nearly identical values,Median [IQR]
sputum,T12,Species,Acidaminococcus_intestini,30,0,1,100,0,0,0,0,0,0,0,NA,Not assessed: identical or nearly identical values,Median [IQR]
sputum,T12,Species,Actinomyces_bouchesdurhonensis,30,0,1,100,0,0,0,0,0,0,0,NA,Not assessed: identical or nearly identical values,Median [IQR]
sputum,T12,Species,Actinomyces_radicidentis,30,0,1,100,0,0,0,0,0,0,0,NA,Not assessed: identical or nearly identical values,Median [IQR]
sputum,T12,Species,Actinomyces_sp_oral_taxon_448,30,0,1,100,0,0,0,0,0,0,0,NA,Not assessed: identical or nearly identical values,Median [IQR]
sputum,T12,Species,Adlercreutzia_equolifaciens,30,0,1,100,0,0,0,0,0,0,0,NA,Not assessed: identical or nearly identical values,Median [IQR]
sputum,T12,Species,Agathobaculum_butyriciproducens,30,0,1,100,0,0,0,0,0,0,0,NA,Not assessed: identical or nearly identical values,Median [IQR]
sputum,T12,Species,Akkermansia_muciniphila,30,0,1,100,0,0,0,0,0,0,0,NA,Not assessed: identical or nearly identical values,Median [IQR]
sputum,T12,Species,Alistipes_communis,30,0,1,100,0,0,0,0,0,0,0,NA,Not assessed: identical or nearly identical values,Median [IQR]
sputum,T12,Species,Alistipes_dispar,30,0,1,100,0,0,0,0,0,0,0,NA,Not assessed: identical or nearly identical values,Median [IQR]
sputum,T12,Species,Alistipes_finegoldii,30,0,1,100,0,0,0,0,0,0,0,NA,Not assessed: identical or nearly identical values,Median [IQR]
sputum,T12,Species,Alistipes_ihumii,30,0,1,100,0,0,0,0,0,0,0,NA,Not assessed: identical or nearly identical values,Median [IQR]
sputum,T12,Species,Alistipes_indistinctus,30,0,1,100,0,0,0,0,0,0,0,NA,Not assessed: identical or nearly identical values,Median [IQR]
sputum,T12,Species,Alistipes_onderdonkii,30,0,1,100,0,0,0,0,0,0,0,NA,Not assessed: identical or nearly identical values,Median [IQR]
sputum,T12,Species,Alistipes_putredinis,30,0,1,100,0,0,0,0,0,0,0,NA,Not assessed: identical or nearly identical values,Median [IQR]
sputum,T12,Species,Alistipes_shahii,30,0,1,100,0,0,0,0,0,0,0,NA,Not assessed: identical or nearly identical values,Median [IQR]
sputum,T12,Species,Alistipes_timonensis,30,0,1,100,0,0,0,0,0,0,0,NA,Not assessed: identical or nearly identical values,Median [IQR]
sputum,T12,Species,Allisonella_histaminiformans,30,0,1,100,0,0,0,0,0,0,0,NA,Not assessed: identical or nearly identical values,Median [IQR]
sputum,T12,Species,Amedibacillus_dolichus,30,0,1,100,0,0,0,0,0,0,0,NA,Not assessed: identical or nearly identical values,Median [IQR]
sputum,T12,Species,Amedibacterium_intestinale,30,0,1,100,0,0,0,0,0,0,0,NA,Not assessed: identical or nearly identical values,Median [IQR]
sputum,T12,Species,Anaerobutyricum_hallii,30,0,1,100,0,0,0,0,0,0,0,NA,Not assessed: identical or nearly identical values,Median [IQR]
sputum,T12,Species,Anaerobutyricum_soehngenii,30,0,1,100,0,0,0,0,0,0,0,NA,Not assessed: identical or nearly identical values,Median [IQR]
sputum,T12,Species,Anaerococcus_obesiensis,30,0,1,100,0,0,0,0,0,0,0,NA,Not assessed: identical or nearly identical values,Median [IQR]
sputum,T12,Species,Anaerofustis_stercorihominis,30,0,1,100,0,0,0,0,0,0,0,NA,Not assessed: identical or nearly identical values,Median [IQR]
sputum,T12,Species,Anaeroglobus_geminatus,30,0,1,100,0,0,0,0,0,0,0,NA,Not assessed: identical or nearly identical values,Median [IQR]
sputum,T12,Species,Anaeromassilibacillus_senegalensis,30,0,1,100,0,0,0,0,0,0,0,NA,Not assessed: identical or nearly identical values,Median [IQR]
sputum,T12,Species,Anaerostipes_butyraticus,30,0,1,100,0,0,0,0,0,0,0,NA,Not assessed: identical or nearly identical values,Median [IQR]
sputum,T12,Species,Anaerostipes_caccae,30,0,1,100,0,0,0,0,0,0,0,NA,Not assessed: identical or nearly identical values,Median [IQR]
sputum,T12,Species,Anaerostipes_hadrus,30,0,1,100,0,0,0,0,0,0,0,NA,Not assessed: identical or nearly identical values,Median [IQR]
sputum,T12,Species,Anaerotignum_faecicola,30,0,1,100,0,0,0,0,0,0,0,NA,Not assessed: identical or nearly identical values,Median [IQR]
sputum,T12,Species,Anaerotignum_lactatifermentans,30,0,1,100,0,0,0,0,0,0,0,NA,Not assessed: identical or nearly identical values,Median [IQR]
sputum,T12,Species,Anaerotruncus_colihominis,30,0,1,100,0,0,0,0,0,0,0,NA,Not assessed: identical or nearly identical values,Median [IQR]
sputum,T12,Species,Anaerotruncus_rubiinfantis,30,0,1,100,0,0,0,0,0,0,0,NA,Not assessed: identical or nearly identical values,Median [IQR]
sputum,T12,Species,Bacteroides_caccae,30,0,1,100,0,0,0,0,0,0,0,NA,Not assessed: identical or nearly identical values,Median [IQR]
sputum,T12,Species,Bacteroides_cellulosilyticus,30,0,1,100,0,0,0,0,0,0,0,NA,Not assessed: identical or nearly identical values,Median [IQR]
sputum,T12,Species,Bacteroides_clarus,30,0,1,100,0,0,0,0,0,0,0,NA,Not assessed: identical or nearly identical values,Median [IQR]
sputum,T12,Species,Bacteroides_eggerthii,30,0,1,100,0,0,0,0,0,0,0,NA,Not assessed: identical or nearly identical values,Median [IQR]
sputum,T12,Species,Bacteroides_faecis,30,0,1,100,0,0,0,0,0,0,0,NA,Not assessed: identical or nearly identical values,Median [IQR]
sputum,T12,Species,Bacteroides_fragilis,30,0,1,100,0,0,0,0,0,0,0,NA,Not assessed: identical or nearly identical values,Median [IQR]
sputum,T12,Species,Bacteroides_ovatus,30,0,1,100,0,0,0,0,0,0,0,NA,Not assessed: identical or nearly identical values,Median [IQR]
sputum,T12,Species,Bacteroides_stercoris,30,0,1,100,0,0,0,0,0,0,0,NA,Not assessed: identical or nearly identical values,Median [IQR]
sputum,T12,Species,Bacteroides_thetaiotaomicron,30,0,1,100,0,0,0,0,0,0,0,NA,Not assessed: identical or nearly identical values,Median [IQR]
sputum,T12,Species,Bacteroides_uniformis,30,0,1,100,0,0,0,0,0,0,0,NA,Not assessed: identical or nearly identical values,Median [IQR]
sputum,T12,Species,Bacteroides_xylanisolvens,30,0,1,100,0,0,0,0,0,0,0,NA,Not assessed: identical or nearly identical values,Median [IQR]
sputum,T12,Species,Baileyella_intestinalis,30,0,1,100,0,0,0,0,0,0,0,NA,Not assessed: identical or nearly identical values,Median [IQR]
sputum,T12,Species,Barnesiella_intestinihominis,30,0,1,100,0,0,0,0,0,0,0,NA,Not assessed: identical or nearly identical values,Median [IQR]
sputum,T12,Species,Bifidobacterium_adolescentis,30,0,1,100,0,0,0,0,0,0,0,NA,Not assessed: identical or nearly identical values,Median [IQR]
sputum,T12,Species,Bifidobacterium_animalis,30,0,1,100,0,0,0,0,0,0,0,NA,Not assessed: identical or nearly identical values,Median [IQR]
sputum,T12,Species,Bifidobacterium_bifidum,30,0,1,100,0,0,0,0,0,0,0,NA,Not assessed: identical or nearly identical values,Median [IQR]
sputum,T12,Species,Bifidobacterium_breve,30,0,1,100,0,0,0,0,0,0,0,NA,Not assessed: identical or nearly identical values,Median [IQR]
sputum,T12,Species,Bifidobacterium_catenulatum,30,0,1,100,0,0,0,0,0,0,0,NA,Not assessed: identical or nearly identical values,Median [IQR]
sputum,T12,Species,Bifidobacterium_dentium,30,0,1,100,0,0,0,0,0,0,0,NA,Not assessed: identical or nearly identical values,Median [IQR]
sputum,T12,Species,Bifidobacterium_pseudocatenulatum,30,0,1,100,0,0,0,0,0,0,0,NA,Not assessed: identical or nearly identical values,Median [IQR]
sputum,T12,Species,Bifidobacterium_pseudolongum,30,0,1,100,0,0,0,0,0,0,0,NA,Not assessed: identical or nearly identical values,Median [IQR]
sputum,T12,Species,Bifidobacterium_pullorum,30,0,1,100,0,0,0,0,0,0,0,NA,Not assessed: identical or nearly identical values,Median [IQR]
sputum,T12,Species,Bilophila_wadsworthia,30,0,1,100,0,0,0,0,0,0,0,NA,Not assessed: identical or nearly identical values,Median [IQR]
sputum,T12,Species,Bittarella_massiliensis,30,0,1,100,0,0,0,0,0,0,0,NA,Not assessed: identical or nearly identical values,Median [IQR]
sputum,T12,Species,Blautia_SGB101324,30,0,1,100,0,0,0,0,0,0,0,NA,Not assessed: identical or nearly identical values,Median [IQR]
sputum,T12,Species,Blautia_SGB4793,30,0,1,100,0,0,0,0,0,0,0,NA,Not assessed: identical or nearly identical values,Median [IQR]
sputum,T12,Species,Blautia_SGB4815,30,0,1,100,0,0,0,0,0,0,0,NA,Not assessed: identical or nearly identical values,Median [IQR]
sputum,T12,Species,Blautia_SGB59878,30,0,1,100,0,0,0,0,0,0,0,NA,Not assessed: identical or nearly identical values,Median [IQR]
sputum,T12,Species,Blautia_caecimuris,30,0,1,100,0,0,0,0,0,0,0,NA,Not assessed: identical or nearly identical values,Median [IQR]
sputum,T12,Species,Blautia_faecicola,30,0,1,100,0,0,0,0,0,0,0,NA,Not assessed: identical or nearly identical values,Median [IQR]
sputum,T12,Species,Blautia_faecis,30,0,1,100,0,0,0,0,0,0,0,NA,Not assessed: identical or nearly identical values,Median [IQR]
sputum,T12,Species,Blautia_glucerasea,30,0,1,100,0,0,0,0,0,0,0,NA,Not assessed: identical or nearly identical values,Median [IQR]
sputum,T12,Species,Blautia_hansenii,30,0,1,100,0,0,0,0,0,0,0,NA,Not assessed: identical or nearly identical values,Median [IQR]
sputum,T12,Species,Blautia_hydrogenotrophica,30,0,1,100,0,0,0,0,0,0,0,NA,Not assessed: identical or nearly identical values,Median [IQR]
sputum,T12,Species,Blautia_luti,30,0,1,100,0,0,0,0,0,0,0,NA,Not assessed: identical or nearly identical values,Median [IQR]
sputum,T12,Species,Blautia_marasmi,30,0,1,100,0,0,0,0,0,0,0,NA,Not assessed: identical or nearly identical values,Median [IQR]
sputum,T12,Species,Blautia_massiliensis,30,0,1,100,0,0,0,0,0,0,0,NA,Not assessed: identical or nearly identical values,Median [IQR]
sputum,T12,Species,Blautia_obeum,30,0,1,100,0,0,0,0,0,0,0,NA,Not assessed: identical or nearly identical values,Median [IQR]
sputum,T12,Species,Blautia_producta,30,0,1,100,0,0,0,0,0,0,0,NA,Not assessed: identical or nearly identical values,Median [IQR]
sputum,T12,Species,Blautia_schinkii,30,0,1,100,0,0,0,0,0,0,0,NA,Not assessed: identical or nearly identical values,Median [IQR]
sputum,T12,Species,Blautia_sp_An46,30,0,1,100,0,0,0,0,0,0,0,NA,Not assessed: identical or nearly identical values,Median [IQR]
sputum,T12,Species,Blautia_sp_MCC283,30,0,1,100,0,0,0,0,0,0,0,NA,Not assessed: identical or nearly identical values,Median [IQR]
sputum,T12,Species,Blautia_sp_MSJ_9,30,0,1,100,0,0,0,0,0,0,0,NA,Not assessed: identical or nearly identical values,Median [IQR]
sputum,T12,Species,Blautia_sp_Marseille_P3201T,30,0,1,100,0,0,0,0,0,0,0,NA,Not assessed: identical or nearly identical values,Median [IQR]
sputum,T12,Species,Blautia_sp_OF03_15BH,30,0,1,100,0,0,0,0,0,0,0,NA,Not assessed: identical or nearly identical values,Median [IQR]
sputum,T12,Species,Blautia_stercoris,30,0,1,100,0,0,0,0,0,0,0,NA,Not assessed: identical or nearly identical values,Median [IQR]
sputum,T12,Species,Blautia_wexlerae,30,0,1,100,0,0,0,0,0,0,0,NA,Not assessed: identical or nearly identical values,Median [IQR]
sputum,T12,Species,Brotolimicola_acetigignens,30,0,1,100,0,0,0,0,0,0,0,NA,Not assessed: identical or nearly identical values,Median [IQR]
sputum,T12,Species,Butyricicoccus_SGB14985,30,0,1,100,0,0,0,0,0,0,0,NA,Not assessed: identical or nearly identical values,Median [IQR]
sputum,T12,Species,Butyricicoccus_intestinisimiae,30,0,1,100,0,0,0,0,0,0,0,NA,Not assessed: identical or nearly identical values,Median [IQR]
sputum,T12,Species,Butyricimonas_faecihominis,30,0,1,100,0,0,0,0,0,0,0,NA,Not assessed: identical or nearly identical values,Median [IQR]
sputum,T12,Species,Butyricimonas_paravirosa,30,0,1,100,0,0,0,0,0,0,0,NA,Not assessed: identical or nearly identical values,Median [IQR]
sputum,T12,Species,Candidatus_Cibionibacter_quicibialis,30,0,1,100,0,0,0,0,0,0,0,NA,Not assessed: identical or nearly identical values,Median [IQR]
sputum,T12,Species,Carnobacterium_divergens,30,0,1,100,0,0,0,0,0,0,0,NA,Not assessed: identical or nearly identical values,Median [IQR]
sputum,T12,Species,Catenibacillus_scindens,30,0,1,100,0,0,0,0,0,0,0,NA,Not assessed: identical or nearly identical values,Median [IQR]
sputum,T12,Species,Catenibacterium_tridentinum,30,0,1,100,0,0,0,0,0,0,0,NA,Not assessed: identical or nearly identical values,Median [IQR]
sputum,T12,Species,Christensenella_hongkongensis,30,0,1,100,0,0,0,0,0,0,0,NA,Not assessed: identical or nearly identical values,Median [IQR]
sputum,T12,Species,Christensenella_minuta,30,0,1,100,0,0,0,0,0,0,0,NA,Not assessed: identical or nearly identical values,Median [IQR]
sputum,T12,Species,Citrobacter_freundii,30,0,1,100,0,0,0,0,0,0,0,NA,Not assessed: identical or nearly identical values,Median [IQR]
sputum,T12,Species,Clostridia_bacterium,30,0,1,100,0,0,0,0,0,0,0,NA,Not assessed: identical or nearly identical values,Median [IQR]
sputum,T12,Species,Clostridia_bacterium_UC5_1_1D1,30,0,1,100,0,0,0,0,0,0,0,NA,Not assessed: identical or nearly identical values,Median [IQR]
sputum,T12,Species,Clostridiaceae_bacterium,30,0,1,100,0,0,0,0,0,0,0,NA,Not assessed: identical or nearly identical values,Median [IQR]
sputum,T12,Species,Clostridiaceae_bacterium_AF18_31LB,30,0,1,100,0,0,0,0,0,0,0,NA,Not assessed: identical or nearly identical values,Median [IQR]
sputum,T12,Species,Clostridiaceae_bacterium_Marseille_Q3526,30,0,1,100,0,0,0,0,0,0,0,NA,Not assessed: identical or nearly identical values,Median [IQR]
sputum,T12,Species,Clostridiaceae_bacterium_Marseille_Q4143,30,0,1,100,0,0,0,0,0,0,0,NA,Not assessed: identical or nearly identical values,Median [IQR]
sputum,T12,Species,Clostridiaceae_bacterium_Marseille_Q4149,30,0,1,100,0,0,0,0,0,0,0,NA,Not assessed: identical or nearly identical values,Median [IQR]
sputum,T12,Species,Clostridiaceae_unclassified_SGB15090,30,0,1,100,0,0,0,0,0,0,0,NA,Not assessed: identical or nearly identical values,Median [IQR]
sputum,T12,Species,Clostridiales_bacterium,30,0,1,100,0,0,0,0,0,0,0,NA,Not assessed: identical or nearly identical values,Median [IQR]
sputum,T12,Species,Clostridiales_bacterium_KLE1615,30,0,1,100,0,0,0,0,0,0,0,NA,Not assessed: identical or nearly identical values,Median [IQR]
sputum,T12,Species,Clostridioides_difficile,30,0,1,100,0,0,0,0,0,0,0,NA,Not assessed: identical or nearly identical values,Median [IQR]
sputum,T12,Species,Clostridium_SGB47280,30,0,1,100,0,0,0,0,0,0,0,NA,Not assessed: identical or nearly identical values,Median [IQR]
sputum,T12,Species,Clostridium_SGB4750,30,0,1,100,0,0,0,0,0,0,0,NA,Not assessed: identical or nearly identical values,Median [IQR]
sputum,T12,Species,Clostridium_SGB4909,30,0,1,100,0,0,0,0,0,0,0,NA,Not assessed: identical or nearly identical values,Median [IQR]
sputum,T12,Species,Clostridium_SGB6173,30,0,1,100,0,0,0,0,0,0,0,NA,Not assessed: identical or nearly identical values,Median [IQR]
sputum,T12,Species,Clostridium_SGB6176,30,0,1,100,0,0,0,0,0,0,0,NA,Not assessed: identical or nearly identical values,Median [IQR]
sputum,T12,Species,Clostridium_SGB6177,30,0,1,100,0,0,0,0,0,0,0,NA,Not assessed: identical or nearly identical values,Median [IQR]
sputum,T12,Species,Clostridium_SGB6179,30,0,1,100,0,0,0,0,0,0,0,NA,Not assessed: identical or nearly identical values,Median [IQR]
sputum,T12,Species,Clostridium_butyricum,30,0,1,100,0,0,0,0,0,0,0,NA,Not assessed: identical or nearly identical values,Median [IQR]
sputum,T12,Species,Clostridium_celatum,30,0,1,100,0,0,0,0,0,0,0,NA,Not assessed: identical or nearly identical values,Median [IQR]
sputum,T12,Species,Clostridium_cuniculi,30,0,1,100,0,0,0,0,0,0,0,NA,Not assessed: identical or nearly identical values,Median [IQR]
sputum,T12,Species,Clostridium_disporicum,30,0,1,100,0,0,0,0,0,0,0,NA,Not assessed: identical or nearly identical values,Median [IQR]
sputum,T12,Species,Clostridium_fessum,30,0,1,100,0,0,0,0,0,0,0,NA,Not assessed: identical or nearly identical values,Median [IQR]
sputum,T12,Species,Clostridium_innocuum,30,0,1,100,0,0,0,0,0,0,0,NA,Not assessed: identical or nearly identical values,Median [IQR]
sputum,T12,Species,Clostridium_leptum,30,0,1,100,0,0,0,0,0,0,0,NA,Not assessed: identical or nearly identical values,Median [IQR]
sputum,T12,Species,Clostridium_methylpentosum,30,0,1,100,0,0,0,0,0,0,0,NA,Not assessed: identical or nearly identical values,Median [IQR]
sputum,T12,Species,Clostridium_paraputrificum,30,0,1,100,0,0,0,0,0,0,0,NA,Not assessed: identical or nearly identical values,Median [IQR]
sputum,T12,Species,Clostridium_perfringens,30,0,1,100,0,0,0,0,0,0,0,NA,Not assessed: identical or nearly identical values,Median [IQR]
sputum,T12,Species,Clostridium_porci,30,0,1,100,0,0,0,0,0,0,0,NA,Not assessed: identical or nearly identical values,Median [IQR]
sputum,T12,Species,Clostridium_saccharogumia,30,0,1,100,0,0,0,0,0,0,0,NA,Not assessed: identical or nearly identical values,Median [IQR]
sputum,T12,Species,Clostridium_saudiense,30,0,1,100,0,0,0,0,0,0,0,NA,Not assessed: identical or nearly identical values,Median [IQR]
sputum,T12,Species,Clostridium_scindens,30,0,1,100,0,0,0,0,0,0,0,NA,Not assessed: identical or nearly identical values,Median [IQR]
sputum,T12,Species,Clostridium_sp_1001270J_160509_D11,30,0,1,100,0,0,0,0,0,0,0,NA,Not assessed: identical or nearly identical values,Median [IQR]
sputum,T12,Species,Clostridium_sp_AF20_17LB,30,0,1,100,0,0,0,0,0,0,0,NA,Not assessed: identical or nearly identical values,Median [IQR]
sputum,T12,Species,Clostridium_sp_AF27_2AA,30,0,1,100,0,0,0,0,0,0,0,NA,Not assessed: identical or nearly identical values,Median [IQR]
sputum,T12,Species,Clostridium_sp_AF36_4,30,0,1,100,0,0,0,0,0,0,0,NA,Not assessed: identical or nearly identical values,Median [IQR]
sputum,T12,Species,Clostridium_sp_AM22_11AC,30,0,1,100,0,0,0,0,0,0,0,NA,Not assessed: identical or nearly identical values,Median [IQR]
sputum,T12,Species,Clostridium_sp_AM29_11AC,30,0,1,100,0,0,0,0,0,0,0,NA,Not assessed: identical or nearly identical values,Median [IQR]
sputum,T12,Species,Clostridium_sp_AM49_4BH,30,0,1,100,0,0,0,0,0,0,0,NA,Not assessed: identical or nearly identical values,Median [IQR]
sputum,T12,Species,Clostridium_sp_AT4,30,0,1,100,0,0,0,0,0,0,0,NA,Not assessed: identical or nearly identical values,Median [IQR]
sputum,T12,Species,Clostridium_sp_C5_48,30,0,1,100,0,0,0,0,0,0,0,NA,Not assessed: identical or nearly identical values,Median [IQR]
sputum,T12,Species,Clostridium_sp_NSJ_42,30,0,1,100,0,0,0,0,0,0,0,NA,Not assessed: identical or nearly identical values,Median [IQR]
sputum,T12,Species,Clostridium_spiroforme,30,0,1,100,0,0,0,0,0,0,0,NA,Not assessed: identical or nearly identical values,Median [IQR]
sputum,T12,Species,Clostridium_symbiosum,30,0,1,100,0,0,0,0,0,0,0,NA,Not assessed: identical or nearly identical values,Median [IQR]
sputum,T12,Species,Colidextribacter_sp_210702_DFI_3_9,30,0,1,100,0,0,0,0,0,0,0,NA,Not assessed: identical or nearly identical values,Median [IQR]
sputum,T12,Species,Collinsella_SGB14754,30,0,1,100,0,0,0,0,0,0,0,NA,Not assessed: identical or nearly identical values,Median [IQR]
sputum,T12,Species,Collinsella_aerofaciens,30,0,1,100,0,0,0,0,0,0,0,NA,Not assessed: identical or nearly identical values,Median [IQR]
sputum,T12,Species,Collinsella_bouchesdurhonensis,30,0,1,100,0,0,0,0,0,0,0,NA,Not assessed: identical or nearly identical values,Median [IQR]
sputum,T12,Species,Collinsella_intestinalis,30,0,1,100,0,0,0,0,0,0,0,NA,Not assessed: identical or nearly identical values,Median [IQR]
sputum,T12,Species,Coprobacillus_cateniformis,30,0,1,100,0,0,0,0,0,0,0,NA,Not assessed: identical or nearly identical values,Median [IQR]
sputum,T12,Species,Coprobacillus_sp_AF33_1AC,30,0,1,100,0,0,0,0,0,0,0,NA,Not assessed: identical or nearly identical values,Median [IQR]
sputum,T12,Species,Coprobacter_fastidiosus,30,0,1,100,0,0,0,0,0,0,0,NA,Not assessed: identical or nearly identical values,Median [IQR]
sputum,T12,Species,Coprococcus_SGB4580,30,0,1,100,0,0,0,0,0,0,0,NA,Not assessed: identical or nearly identical values,Median [IQR]
sputum,T12,Species,Coprococcus_catus,30,0,1,100,0,0,0,0,0,0,0,NA,Not assessed: identical or nearly identical values,Median [IQR]
sputum,T12,Species,Coprococcus_comes,30,0,1,100,0,0,0,0,0,0,0,NA,Not assessed: identical or nearly identical values,Median [IQR]
sputum,T12,Species,Coprococcus_eutactus,30,0,1,100,0,0,0,0,0,0,0,NA,Not assessed: identical or nearly identical values,Median [IQR]
sputum,T12,Species,Cuneatibacter_caecimuris,30,0,1,100,0,0,0,0,0,0,0,NA,Not assessed: identical or nearly identical values,Median [IQR]
sputum,T12,Species,Cuneatibacter_sp_NSJ_177,30,0,1,100,0,0,0,0,0,0,0,NA,Not assessed: identical or nearly identical values,Median [IQR]
sputum,T12,Species,Desulfovibrio_desulfuricans,30,0,1,100,0,0,0,0,0,0,0,NA,Not assessed: identical or nearly identical values,Median [IQR]
sputum,T12,Species,Desulfovibrio_piger,30,0,1,100,0,0,0,0,0,0,0,NA,Not assessed: identical or nearly identical values,Median [IQR]
sputum,T12,Species,Dielma_fastidiosa,30,0,1,100,0,0,0,0,0,0,0,NA,Not assessed: identical or nearly identical values,Median [IQR]
sputum,T12,Species,Diplocloster_agilis,30,0,1,100,0,0,0,0,0,0,0,NA,Not assessed: identical or nearly identical values,Median [IQR]
sputum,T12,Species,Diplocloster_modestus,30,0,1,100,0,0,0,0,0,0,0,NA,Not assessed: identical or nearly identical values,Median [IQR]
sputum,T12,Species,Dorea_formicigenerans,30,0,1,100,0,0,0,0,0,0,0,NA,Not assessed: identical or nearly identical values,Median [IQR]
sputum,T12,Species,Dorea_longicatena,30,0,1,100,0,0,0,0,0,0,0,NA,Not assessed: identical or nearly identical values,Median [IQR]
sputum,T12,Species,Dorea_phocaeensis,30,0,1,100,0,0,0,0,0,0,0,NA,Not assessed: identical or nearly identical values,Median [IQR]
sputum,T12,Species,Dorea_sp_AF36_15AT,30,0,1,100,0,0,0,0,0,0,0,NA,Not assessed: identical or nearly identical values,Median [IQR]
sputum,T12,Species,Drancourtella_massiliensis,30,0,1,100,0,0,0,0,0,0,0,NA,Not assessed: identical or nearly identical values,Median [IQR]
sputum,T12,Species,Dysosmobacter_welbionis,30,0,1,100,0,0,0,0,0,0,0,NA,Not assessed: identical or nearly identical values,Median [IQR]
sputum,T12,Species,Eggerthella_lenta,30,0,1,100,0,0,0,0,0,0,0,NA,Not assessed: identical or nearly identical values,Median [IQR]
sputum,T12,Species,Eggerthella_sinensis,30,0,1,100,0,0,0,0,0,0,0,NA,Not assessed: identical or nearly identical values,Median [IQR]
sputum,T12,Species,Eggerthella_sp_YY7918,30,0,1,100,0,0,0,0,0,0,0,NA,Not assessed: identical or nearly identical values,Median [IQR]
sputum,T12,Species,Eisenbergiella_massiliensis,30,0,1,100,0,0,0,0,0,0,0,NA,Not assessed: identical or nearly identical values,Median [IQR]
sputum,T12,Species,Eisenbergiella_tayi,30,0,1,100,0,0,0,0,0,0,0,NA,Not assessed: identical or nearly identical values,Median [IQR]
sputum,T12,Species,Enorma_massiliensis,30,0,1,100,0,0,0,0,0,0,0,NA,Not assessed: identical or nearly identical values,Median [IQR]
sputum,T12,Species,Enorma_phocaeensis,30,0,1,100,0,0,0,0,0,0,0,NA,Not assessed: identical or nearly identical values,Median [IQR]
sputum,T12,Species,Enterobacter_hormaechei,30,0,1,100,0,0,0,0,0,0,0,NA,Not assessed: identical or nearly identical values,Median [IQR]
sputum,T12,Species,Enterobacter_kobei,30,0,1,100,0,0,0,0,0,0,0,NA,Not assessed: identical or nearly identical values,Median [IQR]
sputum,T12,Species,Enterobacter_ludwigii,30,0,1,100,0,0,0,0,0,0,0,NA,Not assessed: identical or nearly identical values,Median [IQR]
sputum,T12,Species,Enterocloster_aldenensis,30,0,1,100,0,0,0,0,0,0,0,NA,Not assessed: identical or nearly identical values,Median [IQR]
sputum,T12,Species,Enterocloster_asparagiformis,30,0,1,100,0,0,0,0,0,0,0,NA,Not assessed: identical or nearly identical values,Median [IQR]
sputum,T12,Species,Enterocloster_bolteae,30,0,1,100,0,0,0,0,0,0,0,NA,Not assessed: identical or nearly identical values,Median [IQR]
sputum,T12,Species,Enterocloster_citroniae,30,0,1,100,0,0,0,0,0,0,0,NA,Not assessed: identical or nearly identical values,Median [IQR]
sputum,T12,Species,Enterocloster_clostridioformis,30,0,1,100,0,0,0,0,0,0,0,NA,Not assessed: identical or nearly identical values,Median [IQR]
sputum,T12,Species,Enterocloster_hominis,30,0,1,100,0,0,0,0,0,0,0,NA,Not assessed: identical or nearly identical values,Median [IQR]
sputum,T12,Species,Enterocloster_lavalensis,30,0,1,100,0,0,0,0,0,0,0,NA,Not assessed: identical or nearly identical values,Median [IQR]
sputum,T12,Species,Enterococcus_avium,30,0,1,100,0,0,0,0,0,0,0,NA,Not assessed: identical or nearly identical values,Median [IQR]
sputum,T12,Species,Enterococcus_faecalis,30,0,1,100,0,0,0,0,0,0,0,NA,Not assessed: identical or nearly identical values,Median [IQR]
sputum,T12,Species,Enterococcus_faecium,30,0,1,100,0,0,0,0,0,0,0,NA,Not assessed: identical or nearly identical values,Median [IQR]
sputum,T12,Species,Enterococcus_gallinarum,30,0,1,100,0,0,0,0,0,0,0,NA,Not assessed: identical or nearly identical values,Median [IQR]
sputum,T12,Species,Enteroscipio_rubneri,30,0,1,100,0,0,0,0,0,0,0,NA,Not assessed: identical or nearly identical values,Median [IQR]
sputum,T12,Species,Erysipelatoclostridium_SGB66626,30,0,1,100,0,0,0,0,0,0,0,NA,Not assessed: identical or nearly identical values,Median [IQR]
sputum,T12,Species,Erysipelatoclostridium_ramosum,30,0,1,100,0,0,0,0,0,0,0,NA,Not assessed: identical or nearly identical values,Median [IQR]
sputum,T12,Species,Erysipelotrichaceae_bacterium_LH1062,30,0,1,100,0,0,0,0,0,0,0,NA,Not assessed: identical or nearly identical values,Median [IQR]
sputum,T12,Species,Escherichia_coli,30,0,1,100,0,0,0,0,0,0,0,NA,Not assessed: identical or nearly identical values,Median [IQR]
sputum,T12,Species,Escherichia_marmotae,30,0,1,100,0,0,0,0,0,0,0,NA,Not assessed: identical or nearly identical values,Median [IQR]
sputum,T12,Species,Eubacteriaceae_bacterium,30,0,1,100,0,0,0,0,0,0,0,NA,Not assessed: identical or nearly identical values,Median [IQR]
sputum,T12,Species,Eubacteriaceae_bacterium_Marseille_Q4139,30,0,1,100,0,0,0,0,0,0,0,NA,Not assessed: identical or nearly identical values,Median [IQR]
sputum,T12,Species,Eubacterium_callanderi,30,0,1,100,0,0,0,0,0,0,0,NA,Not assessed: identical or nearly identical values,Median [IQR]
sputum,T12,Species,Eubacterium_maltosivorans,30,0,1,100,0,0,0,0,0,0,0,NA,Not assessed: identical or nearly identical values,Median [IQR]
sputum,T12,Species,Eubacterium_ramulus,30,0,1,100,0,0,0,0,0,0,0,NA,Not assessed: identical or nearly identical values,Median [IQR]
sputum,T12,Species,Eubacterium_rectale,30,0,1,100,0,0,0,0,0,0,0,NA,Not assessed: identical or nearly identical values,Median [IQR]
sputum,T12,Species,Eubacterium_siraeum,30,0,1,100,0,0,0,0,0,0,0,NA,Not assessed: identical or nearly identical values,Median [IQR]
sputum,T12,Species,Eubacterium_sp_AF16_48,30,0,1,100,0,0,0,0,0,0,0,NA,Not assessed: identical or nearly identical values,Median [IQR]
sputum,T12,Species,Eubacterium_sp_AF34_35BH,30,0,1,100,0,0,0,0,0,0,0,NA,Not assessed: identical or nearly identical values,Median [IQR]
sputum,T12,Species,Eubacterium_sp_c_25,30,0,1,100,0,0,0,0,0,0,0,NA,Not assessed: identical or nearly identical values,Median [IQR]
sputum,T12,Species,Eubacterium_ventriosum,30,0,1,100,0,0,0,0,0,0,0,NA,Not assessed: identical or nearly identical values,Median [IQR]
sputum,T12,Species,Evtepia_gabavorous,30,0,1,100,0,0,0,0,0,0,0,NA,Not assessed: identical or nearly identical values,Median [IQR]
sputum,T12,Species,Faecalibacillus_SGB6753,30,0,1,100,0,0,0,0,0,0,0,NA,Not assessed: identical or nearly identical values,Median [IQR]
sputum,T12,Species,Faecalibacillus_faecis,30,0,1,100,0,0,0,0,0,0,0,NA,Not assessed: identical or nearly identical values,Median [IQR]
sputum,T12,Species,Faecalibacillus_intestinalis,30,0,1,100,0,0,0,0,0,0,0,NA,Not assessed: identical or nearly identical values,Median [IQR]
sputum,T12,Species,Faecalibacterium_SGB15346,30,0,1,100,0,0,0,0,0,0,0,NA,Not assessed: identical or nearly identical values,Median [IQR]
sputum,T12,Species,Faecalibacterium_prausnitzii,30,0,1,100,0,0,0,0,0,0,0,NA,Not assessed: identical or nearly identical values,Median [IQR]
sputum,T12,Species,Faecalibacterium_sp_CLA_AA_H233,30,0,1,100,0,0,0,0,0,0,0,NA,Not assessed: identical or nearly identical values,Median [IQR]
sputum,T12,Species,Faecalibacterium_sp_HTFF,30,0,1,100,0,0,0,0,0,0,0,NA,Not assessed: identical or nearly identical values,Median [IQR]
sputum,T12,Species,Faecalicatena_contorta,30,0,1,100,0,0,0,0,0,0,0,NA,Not assessed: identical or nearly identical values,Median [IQR]
sputum,T12,Species,Faecalicatena_fissicatena,30,0,1,100,0,0,0,0,0,0,0,NA,Not assessed: identical or nearly identical values,Median [IQR]
sputum,T12,Species,Faecalicoccus_pleomorphus,30,0,1,100,0,0,0,0,0,0,0,NA,Not assessed: identical or nearly identical values,Median [IQR]
sputum,T12,Species,Faecalimonas_umbilicata,30,0,1,100,0,0,0,0,0,0,0,NA,Not assessed: identical or nearly identical values,Median [IQR]
sputum,T12,Species,Faecalitalea_cylindroides,30,0,1,100,0,0,0,0,0,0,0,NA,Not assessed: identical or nearly identical values,Median [IQR]
sputum,T12,Species,Finegoldia_magna,30,0,1,100,0,0,0,0,0,0,0,NA,Not assessed: identical or nearly identical values,Median [IQR]
sputum,T12,Species,Firmicutes_bacterium,30,0,1,100,0,0,0,0,0,0,0,NA,Not assessed: identical or nearly identical values,Median [IQR]
sputum,T12,Species,Flavonifractor_plautii,30,0,1,100,0,0,0,0,0,0,0,NA,Not assessed: identical or nearly identical values,Median [IQR]
sputum,T12,Species,Fusicatenibacter_saccharivorans,30,0,1,100,0,0,0,0,0,0,0,NA,Not assessed: identical or nearly identical values,Median [IQR]
sputum,T12,Species,Fusicatenibacter_sp_CLA_AA_H277,30,0,1,100,0,0,0,0,0,0,0,NA,Not assessed: identical or nearly identical values,Median [IQR]
sputum,T12,Species,Fusobacterium_ulcerans,30,0,1,100,0,0,0,0,0,0,0,NA,Not assessed: identical or nearly identical values,Median [IQR]
sputum,T12,Species,GGB1096_SGB1408,30,0,1,100,0,0,0,0,0,0,0,NA,Not assessed: identical or nearly identical values,Median [IQR]
sputum,T12,Species,GGB1219_SGB1587,30,0,1,100,0,0,0,0,0,0,0,NA,Not assessed: identical or nearly identical values,Median [IQR]
sputum,T12,Species,GGB12787_SGB19830,30,0,1,100,0,0,0,0,0,0,0,NA,Not assessed: identical or nearly identical values,Median [IQR]
sputum,T12,Species,GGB12788_SGB19833,30,0,1,100,0,0,0,0,0,0,0,NA,Not assessed: identical or nearly identical values,Median [IQR]
sputum,T12,Species,GGB18703_SGB19793,30,0,1,100,0,0,0,0,0,0,0,NA,Not assessed: identical or nearly identical values,Median [IQR]
sputum,T12,Species,GGB2653_SGB3574,30,0,1,100,0,0,0,0,0,0,0,NA,Not assessed: identical or nearly identical values,Median [IQR]
sputum,T12,Species,GGB2980_SGB3962,30,0,1,100,0,0,0,0,0,0,0,NA,Not assessed: identical or nearly identical values,Median [IQR]
sputum,T12,Species,GGB2987_SGB3969,30,0,1,100,0,0,0,0,0,0,0,NA,Not assessed: identical or nearly identical values,Median [IQR]
sputum,T12,Species,GGB3000_SGB3991,30,0,1,100,0,0,0,0,0,0,0,NA,Not assessed: identical or nearly identical values,Median [IQR]
sputum,T12,Species,GGB3002_SGB3993,30,0,1,100,0,0,0,0,0,0,0,NA,Not assessed: identical or nearly identical values,Median [IQR]
sputum,T12,Species,GGB3003_SGB3994,30,0,1,100,0,0,0,0,0,0,0,NA,Not assessed: identical or nearly identical values,Median [IQR]
sputum,T12,Species,GGB3005_SGB3996,30,0,1,100,0,0,0,0,0,0,0,NA,Not assessed: identical or nearly identical values,Median [IQR]
sputum,T12,Species,GGB30134_SGB43057,30,0,1,100,0,0,0,0,0,0,0,NA,Not assessed: identical or nearly identical values,Median [IQR]
sputum,T12,Species,GGB3109_SGB4119,30,0,1,100,0,0,0,0,0,0,0,NA,Not assessed: identical or nearly identical values,Median [IQR]
sputum,T12,Species,GGB3109_SGB4121,30,0,1,100,0,0,0,0,0,0,0,NA,Not assessed: identical or nearly identical values,Median [IQR]
sputum,T12,Species,GGB32387_SGB47381,30,0,1,100,0,0,0,0,0,0,0,NA,Not assessed: identical or nearly identical values,Median [IQR]
sputum,T12,Species,GGB3256_SGB4303,30,0,1,100,0,0,0,0,0,0,0,NA,Not assessed: identical or nearly identical values,Median [IQR]
sputum,T12,Species,GGB3277_SGB4327,30,0,1,100,0,0,0,0,0,0,0,NA,Not assessed: identical or nearly identical values,Median [IQR]
sputum,T12,Species,GGB3304_SGB4367,30,0,1,100,0,0,0,0,0,0,0,NA,Not assessed: identical or nearly identical values,Median [IQR]
sputum,T12,Species,GGB3343_SGB4423,30,0,1,100,0,0,0,0,0,0,0,NA,Not assessed: identical or nearly identical values,Median [IQR]
sputum,T12,Species,GGB3363_SGB4447,30,0,1,100,0,0,0,0,0,0,0,NA,Not assessed: identical or nearly identical values,Median [IQR]
sputum,T12,Species,GGB3363_SGB4448,30,0,1,100,0,0,0,0,0,0,0,NA,Not assessed: identical or nearly identical values,Median [IQR]
sputum,T12,Species,GGB3429_SGB4569,30,0,1,100,0,0,0,0,0,0,0,NA,Not assessed: identical or nearly identical values,Median [IQR]
sputum,T12,Species,GGB3433_SGB4573,30,0,1,100,0,0,0,0,0,0,0,NA,Not assessed: identical or nearly identical values,Median [IQR]
sputum,T12,Species,GGB3433_SGB4574,30,0,1,100,0,0,0,0,0,0,0,NA,Not assessed: identical or nearly identical values,Median [IQR]
sputum,T12,Species,GGB3441_SGB4591,30,0,1,100,0,0,0,0,0,0,0,NA,Not assessed: identical or nearly identical values,Median [IQR]
sputum,T12,Species,GGB3444_SGB4594,30,0,1,100,0,0,0,0,0,0,0,NA,Not assessed: identical or nearly identical values,Median [IQR]
sputum,T12,Species,GGB3449_SGB4601,30,0,1,100,0,0,0,0,0,0,0,NA,Not assessed: identical or nearly identical values,Median [IQR]
sputum,T12,Species,GGB34797_SGB14322,30,0,1,100,0,0,0,0,0,0,0,NA,Not assessed: identical or nearly identical values,Median [IQR]
sputum,T12,Species,GGB3486_SGB4658,30,0,1,100,0,0,0,0,0,0,0,NA,Not assessed: identical or nearly identical values,Median [IQR]
sputum,T12,Species,GGB34900_SGB14891,30,0,1,100,0,0,0,0,0,0,0,NA,Not assessed: identical or nearly identical values,Median [IQR]
sputum,T12,Species,GGB3496_SGB4671,30,0,1,100,0,0,0,0,0,0,0,NA,Not assessed: identical or nearly identical values,Median [IQR]
sputum,T12,Species,GGB3504_SGB4680,30,0,1,100,0,0,0,0,0,0,0,NA,Not assessed: identical or nearly identical values,Median [IQR]
sputum,T12,Species,GGB3510_SGB4687,30,0,1,100,0,0,0,0,0,0,0,NA,Not assessed: identical or nearly identical values,Median [IQR]
sputum,T12,Species,GGB3511_SGB4688,30,0,1,100,0,0,0,0,0,0,0,NA,Not assessed: identical or nearly identical values,Median [IQR]
sputum,T12,Species,GGB3532_SGB4720,30,0,1,100,0,0,0,0,0,0,0,NA,Not assessed: identical or nearly identical values,Median [IQR]
sputum,T12,Species,GGB3534_SGB4722,30,0,1,100,0,0,0,0,0,0,0,NA,Not assessed: identical or nearly identical values,Median [IQR]
sputum,T12,Species,GGB3537_SGB4727,30,0,1,100,0,0,0,0,0,0,0,NA,Not assessed: identical or nearly identical values,Median [IQR]
sputum,T12,Species,GGB3538_SGB4728,30,0,1,100,0,0,0,0,0,0,0,NA,Not assessed: identical or nearly identical values,Median [IQR]
sputum,T12,Species,GGB3550_SGB4746,30,0,1,100,0,0,0,0,0,0,0,NA,Not assessed: identical or nearly identical values,Median [IQR]
sputum,T12,Species,GGB3576_SGB4784,30,0,1,100,0,0,0,0,0,0,0,NA,Not assessed: identical or nearly identical values,Median [IQR]
sputum,T12,Species,GGB3585_SGB4803,30,0,1,100,0,0,0,0,0,0,0,NA,Not assessed: identical or nearly identical values,Median [IQR]
sputum,T12,Species,GGB3588_SGB4808,30,0,1,100,0,0,0,0,0,0,0,NA,Not assessed: identical or nearly identical values,Median [IQR]
sputum,T12,Species,GGB3600_SGB47662,30,0,1,100,0,0,0,0,0,0,0,NA,Not assessed: identical or nearly identical values,Median [IQR]
sputum,T12,Species,GGB3600_SGB4859,30,0,1,100,0,0,0,0,0,0,0,NA,Not assessed: identical or nearly identical values,Median [IQR]
sputum,T12,Species,GGB3602_SGB66069,30,0,1,100,0,0,0,0,0,0,0,NA,Not assessed: identical or nearly identical values,Median [IQR]
sputum,T12,Species,GGB3606_SGB4870,30,0,1,100,0,0,0,0,0,0,0,NA,Not assessed: identical or nearly identical values,Median [IQR]
sputum,T12,Species,GGB3609_SGB4877,30,0,1,100,0,0,0,0,0,0,0,NA,Not assessed: identical or nearly identical values,Median [IQR]
sputum,T12,Species,GGB36331_SGB15121,30,0,1,100,0,0,0,0,0,0,0,NA,Not assessed: identical or nearly identical values,Median [IQR]
sputum,T12,Species,GGB3637_SGB4930,30,0,1,100,0,0,0,0,0,0,0,NA,Not assessed: identical or nearly identical values,Median [IQR]
sputum,T12,Species,GGB3653_SGB4964,30,0,1,100,0,0,0,0,0,0,0,NA,Not assessed: identical or nearly identical values,Median [IQR]
sputum,T12,Species,GGB36599_SGB9269,30,0,1,100,0,0,0,0,0,0,0,NA,Not assessed: identical or nearly identical values,Median [IQR]
sputum,T12,Species,GGB3677_SGB4990,30,0,1,100,0,0,0,0,0,0,0,NA,Not assessed: identical or nearly identical values,Median [IQR]
sputum,T12,Species,GGB3730_SGB5060,30,0,1,100,0,0,0,0,0,0,0,NA,Not assessed: identical or nearly identical values,Median [IQR]
sputum,T12,Species,GGB3819_SGB5184,30,0,1,100,0,0,0,0,0,0,0,NA,Not assessed: identical or nearly identical values,Median [IQR]
sputum,T12,Species,GGB38987_SGB63305,30,0,1,100,0,0,0,0,0,0,0,NA,Not assessed: identical or nearly identical values,Median [IQR]
sputum,T12,Species,GGB42389_SGB59559,30,0,1,100,0,0,0,0,0,0,0,NA,Not assessed: identical or nearly identical values,Median [IQR]
sputum,T12,Species,GGB4260_SGB5794,30,0,1,100,0,0,0,0,0,0,0,NA,Not assessed: identical or nearly identical values,Median [IQR]
sputum,T12,Species,GGB4277_SGB5832,30,0,1,100,0,0,0,0,0,0,0,NA,Not assessed: identical or nearly identical values,Median [IQR]
sputum,T12,Species,GGB4456_SGB6141,30,0,1,100,0,0,0,0,0,0,0,NA,Not assessed: identical or nearly identical values,Median [IQR]
sputum,T12,Species,GGB45432_SGB63101,30,0,1,100,0,0,0,0,0,0,0,NA,Not assessed: identical or nearly identical values,Median [IQR]
sputum,T12,Species,GGB45613_SGB63326,30,0,1,100,0,0,0,0,0,0,0,NA,Not assessed: identical or nearly identical values,Median [IQR]
sputum,T12,Species,GGB4598_SGB6360,30,0,1,100,0,0,0,0,0,0,0,NA,Not assessed: identical or nearly identical values,Median [IQR]
sputum,T12,Species,GGB47687_SGB2286,30,0,1,100,0,0,0,0,0,0,0,NA,Not assessed: identical or nearly identical values,Median [IQR]
sputum,T12,Species,GGB48196_SGB66203,30,0,1,100,0,0,0,0,0,0,0,NA,Not assessed: identical or nearly identical values,Median [IQR]
sputum,T12,Species,GGB51441_SGB71759,30,0,1,100,0,0,0,0,0,0,0,NA,Not assessed: identical or nearly identical values,Median [IQR]
sputum,T12,Species,GGB51647_SGB4348,30,0,1,100,0,0,0,0,0,0,0,NA,Not assessed: identical or nearly identical values,Median [IQR]
sputum,T12,Species,GGB51959_SGB72479,30,0,1,100,0,0,0,0,0,0,0,NA,Not assessed: identical or nearly identical values,Median [IQR]
sputum,T12,Species,GGB52130_SGB14966,30,0,1,100,0,0,0,0,0,0,0,NA,Not assessed: identical or nearly identical values,Median [IQR]
sputum,T12,Species,GGB58233_SGB79883,30,0,1,100,0,0,0,0,0,0,0,NA,Not assessed: identical or nearly identical values,Median [IQR]
sputum,T12,Species,GGB6601_SGB9333,30,0,1,100,0,0,0,0,0,0,0,NA,Not assessed: identical or nearly identical values,Median [IQR]
sputum,T12,Species,GGB6649_SGB9391,30,0,1,100,0,0,0,0,0,0,0,NA,Not assessed: identical or nearly identical values,Median [IQR]
sputum,T12,Species,GGB74505_SGB47518,30,0,1,100,0,0,0,0,0,0,0,NA,Not assessed: identical or nearly identical values,Median [IQR]
sputum,T12,Species,GGB79097_SGB105802,30,0,1,100,0,0,0,0,0,0,0,NA,Not assessed: identical or nearly identical values,Median [IQR]
sputum,T12,Species,GGB79118_SGB105839,30,0,1,100,0,0,0,0,0,0,0,NA,Not assessed: identical or nearly identical values,Median [IQR]
sputum,T12,Species,GGB9357_SGB14330,30,0,1,100,0,0,0,0,0,0,0,NA,Not assessed: identical or nearly identical values,Median [IQR]
sputum,T12,Species,GGB9359_SGB14334,30,0,1,100,0,0,0,0,0,0,0,NA,Not assessed: identical or nearly identical values,Median [IQR]
sputum,T12,Species,GGB9411_SGB14764,30,0,1,100,0,0,0,0,0,0,0,NA,Not assessed: identical or nearly identical values,Median [IQR]
sputum,T12,Species,GGB9453_SGB14844,30,0,1,100,0,0,0,0,0,0,0,NA,Not assessed: identical or nearly identical values,Median [IQR]
sputum,T12,Species,GGB9453_SGB14845,30,0,1,100,0,0,0,0,0,0,0,NA,Not assessed: identical or nearly identical values,Median [IQR]
sputum,T12,Species,GGB9469_SGB14862,30,0,1,100,0,0,0,0,0,0,0,NA,Not assessed: identical or nearly identical values,Median [IQR]
sputum,T12,Species,GGB9480_SGB14874,30,0,1,100,0,0,0,0,0,0,0,NA,Not assessed: identical or nearly identical values,Median [IQR]
sputum,T12,Species,GGB9480_SGB14875,30,0,1,100,0,0,0,0,0,0,0,NA,Not assessed: identical or nearly identical values,Median [IQR]
sputum,T12,Species,GGB9491_SGB14888,30,0,1,100,0,0,0,0,0,0,0,NA,Not assessed: identical or nearly identical values,Median [IQR]
sputum,T12,Species,GGB9499_SGB72735,30,0,1,100,0,0,0,0,0,0,0,NA,Not assessed: identical or nearly identical values,Median [IQR]
sputum,T12,Species,GGB9502_SGB14899,30,0,1,100,0,0,0,0,0,0,0,NA,Not assessed: identical or nearly identical values,Median [IQR]
sputum,T12,Species,GGB9509_SGB14906,30,0,1,100,0,0,0,0,0,0,0,NA,Not assessed: identical or nearly identical values,Median [IQR]
sputum,T12,Species,GGB9512_SGB14909,30,0,1,100,0,0,0,0,0,0,0,NA,Not assessed: identical or nearly identical values,Median [IQR]
sputum,T12,Species,GGB9513_SGB14911,30,0,1,100,0,0,0,0,0,0,0,NA,Not assessed: identical or nearly identical values,Median [IQR]
sputum,T12,Species,GGB9534_SGB14937,30,0,1,100,0,0,0,0,0,0,0,NA,Not assessed: identical or nearly identical values,Median [IQR]
sputum,T12,Species,GGB9559_SGB14969,30,0,1,100,0,0,0,0,0,0,0,NA,Not assessed: identical or nearly identical values,Median [IQR]
sputum,T12,Species,GGB9580_SGB14996,30,0,1,100,0,0,0,0,0,0,0,NA,Not assessed: identical or nearly identical values,Median [IQR]
sputum,T12,Species,GGB9580_SGB14998,30,0,1,100,0,0,0,0,0,0,0,NA,Not assessed: identical or nearly identical values,Median [IQR]
sputum,T12,Species,GGB9608_SGB15041,30,0,1,100,0,0,0,0,0,0,0,NA,Not assessed: identical or nearly identical values,Median [IQR]
sputum,T12,Species,GGB9614_SGB15049,30,0,1,100,0,0,0,0,0,0,0,NA,Not assessed: identical or nearly identical values,Median [IQR]
sputum,T12,Species,GGB9619_SGB15067,30,0,1,100,0,0,0,0,0,0,0,NA,Not assessed: identical or nearly identical values,Median [IQR]
sputum,T12,Species,GGB9621_SGB15073,30,0,1,100,0,0,0,0,0,0,0,NA,Not assessed: identical or nearly identical values,Median [IQR]
sputum,T12,Species,GGB9627_SGB15081,30,0,1,100,0,0,0,0,0,0,0,NA,Not assessed: identical or nearly identical values,Median [IQR]
sputum,T12,Species,GGB9640_SGB15115,30,0,1,100,0,0,0,0,0,0,0,NA,Not assessed: identical or nearly identical values,Median [IQR]
sputum,T12,Species,GGB9641_SGB15117,30,0,1,100,0,0,0,0,0,0,0,NA,Not assessed: identical or nearly identical values,Median [IQR]
sputum,T12,Species,GGB9642_SGB15119,30,0,1,100,0,0,0,0,0,0,0,NA,Not assessed: identical or nearly identical values,Median [IQR]
sputum,T12,Species,GGB9695_SGB15210,30,0,1,100,0,0,0,0,0,0,0,NA,Not assessed: identical or nearly identical values,Median [IQR]
sputum,T12,Species,GGB9699_SGB15216,30,0,1,100,0,0,0,0,0,0,0,NA,Not assessed: identical or nearly identical values,Median [IQR]
sputum,T12,Species,GGB9707_SGB15229,30,0,1,100,0,0,0,0,0,0,0,NA,Not assessed: identical or nearly identical values,Median [IQR]
sputum,T12,Species,GGB9708_SGB15234,30,0,1,100,0,0,0,0,0,0,0,NA,Not assessed: identical or nearly identical values,Median [IQR]
sputum,T12,Species,GGB9715_SGB15265,30,0,1,100,0,0,0,0,0,0,0,NA,Not assessed: identical or nearly identical values,Median [IQR]
sputum,T12,Species,GGB9715_SGB15266,30,0,1,100,0,0,0,0,0,0,0,NA,Not assessed: identical or nearly identical values,Median [IQR]
sputum,T12,Species,GGB9715_SGB15267,30,0,1,100,0,0,0,0,0,0,0,NA,Not assessed: identical or nearly identical values,Median [IQR]
sputum,T12,Species,GGB9719_SGB15272,30,0,1,100,0,0,0,0,0,0,0,NA,Not assessed: identical or nearly identical values,Median [IQR]
sputum,T12,Species,GGB9730_SGB15290,30,0,1,100,0,0,0,0,0,0,0,NA,Not assessed: identical or nearly identical values,Median [IQR]
sputum,T12,Species,GGB9730_SGB15291,30,0,1,100,0,0,0,0,0,0,0,NA,Not assessed: identical or nearly identical values,Median [IQR]
sputum,T12,Species,GGB9758_SGB15368,30,0,1,100,0,0,0,0,0,0,0,NA,Not assessed: identical or nearly identical values,Median [IQR]
sputum,T12,Species,GGB9760_SGB15373,30,0,1,100,0,0,0,0,0,0,0,NA,Not assessed: identical or nearly identical values,Median [IQR]
sputum,T12,Species,GGB9762_SGB15377,30,0,1,100,0,0,0,0,0,0,0,NA,Not assessed: identical or nearly identical values,Median [IQR]
sputum,T12,Species,GGB9787_SGB15410,30,0,1,100,0,0,0,0,0,0,0,NA,Not assessed: identical or nearly identical values,Median [IQR]
sputum,T12,Species,GGB9790_SGB15413,30,0,1,100,0,0,0,0,0,0,0,NA,Not assessed: identical or nearly identical values,Median [IQR]
sputum,T12,Species,GGB9818_SGB15459,30,0,1,100,0,0,0,0,0,0,0,NA,Not assessed: identical or nearly identical values,Median [IQR]
sputum,T12,Species,GGB9832_SGB15478,30,0,1,100,0,0,0,0,0,0,0,NA,Not assessed: identical or nearly identical values,Median [IQR]
sputum,T12,Species,Gardnerella_vaginalis,30,0,1,100,0,0,0,0,0,0,0,NA,Not assessed: identical or nearly identical values,Median [IQR]
sputum,T12,Species,Gemmiger_formicilis,30,0,1,100,0,0,0,0,0,0,0,NA,Not assessed: identical or nearly identical values,Median [IQR]
sputum,T12,Species,Gordonibacter_pamelaeae,30,0,1,100,0,0,0,0,0,0,0,NA,Not assessed: identical or nearly identical values,Median [IQR]
sputum,T12,Species,Gordonibacter_urolithinfaciens,30,0,1,100,0,0,0,0,0,0,0,NA,Not assessed: identical or nearly identical values,Median [IQR]
sputum,T12,Species,Guopingia_tenuis,30,0,1,100,0,0,0,0,0,0,0,NA,Not assessed: identical or nearly identical values,Median [IQR]
sputum,T12,Species,Holdemania_filiformis,30,0,1,100,0,0,0,0,0,0,0,NA,Not assessed: identical or nearly identical values,Median [IQR]
sputum,T12,Species,Holdemania_massiliensis,30,0,1,100,0,0,0,0,0,0,0,NA,Not assessed: identical or nearly identical values,Median [IQR]
sputum,T12,Species,Holdemania_sp_1001095H_141210_F2,30,0,1,100,0,0,0,0,0,0,0,NA,Not assessed: identical or nearly identical values,Median [IQR]
sputum,T12,Species,Hornefia_butyriciproducens,30,0,1,100,0,0,0,0,0,0,0,NA,Not assessed: identical or nearly identical values,Median [IQR]
sputum,T12,Species,Hungatella_hathewayi,30,0,1,100,0,0,0,0,0,0,0,NA,Not assessed: identical or nearly identical values,Median [IQR]
sputum,T12,Species,Hydrogeniiclostridium_mannosilyticum,30,0,1,100,0,0,0,0,0,0,0,NA,Not assessed: identical or nearly identical values,Median [IQR]
sputum,T12,Species,Hydrogenoanaerobacterium_SGB53821,30,0,1,100,0,0,0,0,0,0,0,NA,Not assessed: identical or nearly identical values,Median [IQR]
sputum,T12,Species,Hydrogenoanaerobacterium_saccharovorans,30,0,1,100,0,0,0,0,0,0,0,NA,Not assessed: identical or nearly identical values,Median [IQR]
sputum,T12,Species,Intestinibacter_bartlettii,30,0,1,100,0,0,0,0,0,0,0,NA,Not assessed: identical or nearly identical values,Median [IQR]
sputum,T12,Species,Intestinimonas_butyriciproducens,30,0,1,100,0,0,0,0,0,0,0,NA,Not assessed: identical or nearly identical values,Median [IQR]
sputum,T12,Species,Intestinimonas_massiliensis,30,0,1,100,0,0,0,0,0,0,0,NA,Not assessed: identical or nearly identical values,Median [IQR]
sputum,T12,Species,Jutongia_hominis,30,0,1,100,0,0,0,0,0,0,0,NA,Not assessed: identical or nearly identical values,Median [IQR]
sputum,T12,Species,Klebsiella_grimontii,30,0,1,100,0,0,0,0,0,0,0,NA,Not assessed: identical or nearly identical values,Median [IQR]
sputum,T12,Species,Klebsiella_michiganensis,30,0,1,100,0,0,0,0,0,0,0,NA,Not assessed: identical or nearly identical values,Median [IQR]
sputum,T12,Species,Klebsiella_pneumoniae,30,0,1,100,0,0,0,0,0,0,0,NA,Not assessed: identical or nearly identical values,Median [IQR]
sputum,T12,Species,Lachnoclostridium_pacaense,30,0,1,100,0,0,0,0,0,0,0,NA,Not assessed: identical or nearly identical values,Median [IQR]
sputum,T12,Species,Lachnoclostridium_sp_An131,30,0,1,100,0,0,0,0,0,0,0,NA,Not assessed: identical or nearly identical values,Median [IQR]
sputum,T12,Species,Lachnospira_eligens,30,0,1,100,0,0,0,0,0,0,0,NA,Not assessed: identical or nearly identical values,Median [IQR]
sputum,T12,Species,Lachnospira_pectinoschiza,30,0,1,100,0,0,0,0,0,0,0,NA,Not assessed: identical or nearly identical values,Median [IQR]
sputum,T12,Species,Lachnospiraceae_bacterium,30,0,1,100,0,0,0,0,0,0,0,NA,Not assessed: identical or nearly identical values,Median [IQR]
sputum,T12,Species,Lachnospiraceae_bacterium_2_1_46FAA,30,0,1,100,0,0,0,0,0,0,0,NA,Not assessed: identical or nearly identical values,Median [IQR]
sputum,T12,Species,Lachnospiraceae_bacterium_AM48_27BH,30,0,1,100,0,0,0,0,0,0,0,NA,Not assessed: identical or nearly identical values,Median [IQR]
sputum,T12,Species,Lachnospiraceae_bacterium_CLA_AA_H215,30,0,1,100,0,0,0,0,0,0,0,NA,Not assessed: identical or nearly identical values,Median [IQR]
sputum,T12,Species,Lachnospiraceae_bacterium_CLA_AA_H244,30,0,1,100,0,0,0,0,0,0,0,NA,Not assessed: identical or nearly identical values,Median [IQR]
sputum,T12,Species,Lachnospiraceae_unclassified_SGB4550,30,0,1,100,0,0,0,0,0,0,0,NA,Not assessed: identical or nearly identical values,Median [IQR]
sputum,T12,Species,Lachnotalea_sp_AF33_28,30,0,1,100,0,0,0,0,0,0,0,NA,Not assessed: identical or nearly identical values,Median [IQR]
sputum,T12,Species,Lacrimispora_amygdalina,30,0,1,100,0,0,0,0,0,0,0,NA,Not assessed: identical or nearly identical values,Median [IQR]
sputum,T12,Species,Lacticaseibacillus_paracasei,30,0,1,100,0,0,0,0,0,0,0,NA,Not assessed: identical or nearly identical values,Median [IQR]
sputum,T12,Species,Lacticaseibacillus_rhamnosus,30,0,1,100,0,0,0,0,0,0,0,NA,Not assessed: identical or nearly identical values,Median [IQR]
sputum,T12,Species,Lactiplantibacillus_plantarum,30,0,1,100,0,0,0,0,0,0,0,NA,Not assessed: identical or nearly identical values,Median [IQR]
sputum,T12,Species,Lactobacillus_acidophilus,30,0,1,100,0,0,0,0,0,0,0,NA,Not assessed: identical or nearly identical values,Median [IQR]
sputum,T12,Species,Lactobacillus_amylovorus,30,0,1,100,0,0,0,0,0,0,0,NA,Not assessed: identical or nearly identical values,Median [IQR]
sputum,T12,Species,Lactobacillus_crispatus,30,0,1,100,0,0,0,0,0,0,0,NA,Not assessed: identical or nearly identical values,Median [IQR]
sputum,T12,Species,Lactobacillus_delbrueckii,30,0,1,100,0,0,0,0,0,0,0,NA,Not assessed: identical or nearly identical values,Median [IQR]
sputum,T12,Species,Lactobacillus_gasseri,30,0,1,100,0,0,0,0,0,0,0,NA,Not assessed: identical or nearly identical values,Median [IQR]
sputum,T12,Species,Lactobacillus_johnsonii,30,0,1,100,0,0,0,0,0,0,0,NA,Not assessed: identical or nearly identical values,Median [IQR]
sputum,T12,Species,Lactococcus_carnosus,30,0,1,100,0,0,0,0,0,0,0,NA,Not assessed: identical or nearly identical values,Median [IQR]
sputum,T12,Species,Lactococcus_cremoris,30,0,1,100,0,0,0,0,0,0,0,NA,Not assessed: identical or nearly identical values,Median [IQR]
sputum,T12,Species,Lactococcus_lactis,30,0,1,100,0,0,0,0,0,0,0,NA,Not assessed: identical or nearly identical values,Median [IQR]
sputum,T12,Species,Lactonifactor_longoviformis,30,0,1,100,0,0,0,0,0,0,0,NA,Not assessed: identical or nearly identical values,Median [IQR]
sputum,T12,Species,Latilactobacillus_curvatus,30,0,1,100,0,0,0,0,0,0,0,NA,Not assessed: identical or nearly identical values,Median [IQR]
sputum,T12,Species,Latilactobacillus_sakei,30,0,1,100,0,0,0,0,0,0,0,NA,Not assessed: identical or nearly identical values,Median [IQR]
sputum,T12,Species,Lawsonella_SGB3665,30,0,1,100,0,0,0,0,0,0,0,NA,Not assessed: identical or nearly identical values,Median [IQR]
sputum,T12,Species,Lawsonibacter_asaccharolyticus,30,0,1,100,0,0,0,0,0,0,0,NA,Not assessed: identical or nearly identical values,Median [IQR]
sputum,T12,Species,Lentihominibacter_SGB71368,30,0,1,100,0,0,0,0,0,0,0,NA,Not assessed: identical or nearly identical values,Median [IQR]
sputum,T12,Species,Lentihominibacter_faecis,30,0,1,100,0,0,0,0,0,0,0,NA,Not assessed: identical or nearly identical values,Median [IQR]
sputum,T12,Species,Lentihominibacter_hominis,30,0,1,100,0,0,0,0,0,0,0,NA,Not assessed: identical or nearly identical values,Median [IQR]
sputum,T12,Species,Leptotrichia_hongkongensis,30,0,1,100,0,0,0,0,0,0,0,NA,Not assessed: identical or nearly identical values,Median [IQR]
sputum,T12,Species,Leuconostoc_carnosum,30,0,1,100,0,0,0,0,0,0,0,NA,Not assessed: identical or nearly identical values,Median [IQR]
sputum,T12,Species,Leuconostoc_gelidum,30,0,1,100,0,0,0,0,0,0,0,NA,Not assessed: identical or nearly identical values,Median [IQR]
sputum,T12,Species,Leuconostoc_mesenteroides,30,0,1,100,0,0,0,0,0,0,0,NA,Not assessed: identical or nearly identical values,Median [IQR]
sputum,T12,Species,Ligilactobacillus_saerimneri,30,0,1,100,0,0,0,0,0,0,0,NA,Not assessed: identical or nearly identical values,Median [IQR]
sputum,T12,Species,Ligilactobacillus_salivarius,30,0,1,100,0,0,0,0,0,0,0,NA,Not assessed: identical or nearly identical values,Median [IQR]
sputum,T12,Species,Limosilactobacillus_fermentum,30,0,1,100,0,0,0,0,0,0,0,NA,Not assessed: identical or nearly identical values,Median [IQR]
sputum,T12,Species,Limosilactobacillus_mucosae,30,0,1,100,0,0,0,0,0,0,0,NA,Not assessed: identical or nearly identical values,Median [IQR]
sputum,T12,Species,Limosilactobacillus_oris,30,0,1,100,0,0,0,0,0,0,0,NA,Not assessed: identical or nearly identical values,Median [IQR]
sputum,T12,Species,Limosilactobacillus_pontis,30,0,1,100,0,0,0,0,0,0,0,NA,Not assessed: identical or nearly identical values,Median [IQR]
sputum,T12,Species,Limosilactobacillus_portuensis,30,0,1,100,0,0,0,0,0,0,0,NA,Not assessed: identical or nearly identical values,Median [IQR]
sputum,T12,Species,Limosilactobacillus_reuteri,30,0,1,100,0,0,0,0,0,0,0,NA,Not assessed: identical or nearly identical values,Median [IQR]
sputum,T12,Species,Longibaculum_muris,30,0,1,100,0,0,0,0,0,0,0,NA,Not assessed: identical or nearly identical values,Median [IQR]
sputum,T12,Species,Longicatena_caecimuris,30,0,1,100,0,0,0,0,0,0,0,NA,Not assessed: identical or nearly identical values,Median [IQR]
sputum,T12,Species,Massilicoli_timonensis,30,0,1,100,0,0,0,0,0,0,0,NA,Not assessed: identical or nearly identical values,Median [IQR]
sputum,T12,Species,Massiliimalia_timonensis,30,0,1,100,0,0,0,0,0,0,0,NA,Not assessed: identical or nearly identical values,Median [IQR]
sputum,T12,Species,Massilimicrobiota_timonensis,30,0,1,100,0,0,0,0,0,0,0,NA,Not assessed: identical or nearly identical values,Median [IQR]
sputum,T12,Species,Massilioclostridium_coli,30,0,1,100,0,0,0,0,0,0,0,NA,Not assessed: identical or nearly identical values,Median [IQR]
sputum,T12,Species,Mediterraneibacter_SGB4586,30,0,1,100,0,0,0,0,0,0,0,NA,Not assessed: identical or nearly identical values,Median [IQR]
sputum,T12,Species,Mediterraneibacter_butyricigenes,30,0,1,100,0,0,0,0,0,0,0,NA,Not assessed: identical or nearly identical values,Median [IQR]
sputum,T12,Species,Mediterraneibacter_faecis,30,0,1,100,0,0,0,0,0,0,0,NA,Not assessed: identical or nearly identical values,Median [IQR]
sputum,T12,Species,Mediterraneibacter_glycyrrhizinilyticus,30,0,1,100,0,0,0,0,0,0,0,NA,Not assessed: identical or nearly identical values,Median [IQR]
sputum,T12,Species,Mediterraneibacter_massiliensis,30,0,1,100,0,0,0,0,0,0,0,NA,Not assessed: identical or nearly identical values,Median [IQR]
sputum,T12,Species,Mediterraneibacter_sp_NSJ_151,30,0,1,100,0,0,0,0,0,0,0,NA,Not assessed: identical or nearly identical values,Median [IQR]
sputum,T12,Species,Megasphaera_SGB5856,30,0,1,100,0,0,0,0,0,0,0,NA,Not assessed: identical or nearly identical values,Median [IQR]
sputum,T12,Species,Megasphaera_massiliensis,30,0,1,100,0,0,0,0,0,0,0,NA,Not assessed: identical or nearly identical values,Median [IQR]
sputum,T12,Species,Megasphaera_sp_NM10,30,0,1,100,0,0,0,0,0,0,0,NA,Not assessed: identical or nearly identical values,Median [IQR]
sputum,T12,Species,Merdimonas_faecis,30,0,1,100,0,0,0,0,0,0,0,NA,Not assessed: identical or nearly identical values,Median [IQR]
sputum,T12,Species,Mogibacterium_kristiansenii,30,0,1,100,0,0,0,0,0,0,0,NA,Not assessed: identical or nearly identical values,Median [IQR]
sputum,T12,Species,Morganella_morganii,30,0,1,100,0,0,0,0,0,0,0,NA,Not assessed: identical or nearly identical values,Median [IQR]
sputum,T12,Species,Mycobacteroides_abscessus,30,0,1,100,0,0,0,0,0,0,0,NA,Not assessed: identical or nearly identical values,Median [IQR]
sputum,T12,Species,Negativibacillus_massiliensis,30,0,1,100,0,0,0,0,0,0,0,NA,Not assessed: identical or nearly identical values,Median [IQR]
sputum,T12,Species,Neobittarella_massiliensis,30,0,1,100,0,0,0,0,0,0,0,NA,Not assessed: identical or nearly identical values,Median [IQR]
sputum,T12,Species,Odoribacter_splanchnicus,30,0,1,100,0,0,0,0,0,0,0,NA,Not assessed: identical or nearly identical values,Median [IQR]
sputum,T12,Species,Oliverpabstia_intestinalis,30,0,1,100,0,0,0,0,0,0,0,NA,Not assessed: identical or nearly identical values,Median [IQR]
sputum,T12,Species,Olsenella_profusa,30,0,1,100,0,0,0,0,0,0,0,NA,Not assessed: identical or nearly identical values,Median [IQR]
sputum,T12,Species,Oribacterium_sp_oral_taxon_078,30,0,1,100,0,0,0,0,0,0,0,NA,Not assessed: identical or nearly identical values,Median [IQR]
sputum,T12,Species,Oscillibacter_sp_ER4,30,0,1,100,0,0,0,0,0,0,0,NA,Not assessed: identical or nearly identical values,Median [IQR]
sputum,T12,Species,Oscillibacter_valericigenes,30,0,1,100,0,0,0,0,0,0,0,NA,Not assessed: identical or nearly identical values,Median [IQR]
sputum,T12,Species,Oscillospiraceae_bacterium,30,0,1,100,0,0,0,0,0,0,0,NA,Not assessed: identical or nearly identical values,Median [IQR]
sputum,T12,Species,Oscillospiraceae_bacterium_CLA_AA_H250,30,0,1,100,0,0,0,0,0,0,0,NA,Not assessed: identical or nearly identical values,Median [IQR]
sputum,T12,Species,Oscillospiraceae_bacterium_Marseille_Q3528,30,0,1,100,0,0,0,0,0,0,0,NA,Not assessed: identical or nearly identical values,Median [IQR]
sputum,T12,Species,Oscillospiraceae_unclassified_SGB15256,30,0,1,100,0,0,0,0,0,0,0,NA,Not assessed: identical or nearly identical values,Median [IQR]
sputum,T12,Species,Parabacteroides_distasonis,30,0,1,100,0,0,0,0,0,0,0,NA,Not assessed: identical or nearly identical values,Median [IQR]
sputum,T12,Species,Parabacteroides_goldsteinii,30,0,1,100,0,0,0,0,0,0,0,NA,Not assessed: identical or nearly identical values,Median [IQR]
sputum,T12,Species,Parabacteroides_johnsonii,30,0,1,100,0,0,0,0,0,0,0,NA,Not assessed: identical or nearly identical values,Median [IQR]
sputum,T12,Species,Parabacteroides_merdae,30,0,1,100,0,0,0,0,0,0,0,NA,Not assessed: identical or nearly identical values,Median [IQR]
sputum,T12,Species,Paraeggerthella_hongkongensis,30,0,1,100,0,0,0,0,0,0,0,NA,Not assessed: identical or nearly identical values,Median [IQR]
sputum,T12,Species,Parafannyhessea_umbonata,30,0,1,100,0,0,0,0,0,0,0,NA,Not assessed: identical or nearly identical values,Median [IQR]
sputum,T12,Species,Paraprevotella_clara,30,0,1,100,0,0,0,0,0,0,0,NA,Not assessed: identical or nearly identical values,Median [IQR]
sputum,T12,Species,Parasutterella_SGB9260,30,0,1,100,0,0,0,0,0,0,0,NA,Not assessed: identical or nearly identical values,Median [IQR]
sputum,T12,Species,Parasutterella_excrementihominis,30,0,1,100,0,0,0,0,0,0,0,NA,Not assessed: identical or nearly identical values,Median [IQR]
sputum,T12,Species,Pediococcus_acidilactici,30,0,1,100,0,0,0,0,0,0,0,NA,Not assessed: identical or nearly identical values,Median [IQR]
sputum,T12,Species,Pediococcus_pentosaceus,30,0,1,100,0,0,0,0,0,0,0,NA,Not assessed: identical or nearly identical values,Median [IQR]
sputum,T12,Species,Peptoniphilus_harei,30,0,1,100,0,0,0,0,0,0,0,NA,Not assessed: identical or nearly identical values,Median [IQR]
sputum,T12,Species,Peptoniphilus_sp_Marseille_P3761,30,0,1,100,0,0,0,0,0,0,0,NA,Not assessed: identical or nearly identical values,Median [IQR]
sputum,T12,Species,Peptostreptococcus_russellii,30,0,1,100,0,0,0,0,0,0,0,NA,Not assessed: identical or nearly identical values,Median [IQR]
sputum,T12,Species,Phascolarctobacterium_faecium,30,0,1,100,0,0,0,0,0,0,0,NA,Not assessed: identical or nearly identical values,Median [IQR]
sputum,T12,Species,Phascolarctobacterium_succinatutens,30,0,1,100,0,0,0,0,0,0,0,NA,Not assessed: identical or nearly identical values,Median [IQR]
sputum,T12,Species,Phocaeicola_dorei,30,0,1,100,0,0,0,0,0,0,0,NA,Not assessed: identical or nearly identical values,Median [IQR]
sputum,T12,Species,Phocaeicola_massiliensis,30,0,1,100,0,0,0,0,0,0,0,NA,Not assessed: identical or nearly identical values,Median [IQR]
sputum,T12,Species,Phocaeicola_plebeius,30,0,1,100,0,0,0,0,0,0,0,NA,Not assessed: identical or nearly identical values,Median [IQR]
sputum,T12,Species,Phocaeicola_vulgatus,30,0,1,100,0,0,0,0,0,0,0,NA,Not assessed: identical or nearly identical values,Median [IQR]
sputum,T12,Species,Phocea_massiliensis,30,0,1,100,0,0,0,0,0,0,0,NA,Not assessed: identical or nearly identical values,Median [IQR]
sputum,T12,Species,Prevotella_brevis,30,0,1,100,0,0,0,0,0,0,0,NA,Not assessed: identical or nearly identical values,Median [IQR]
sputum,T12,Species,Prevotella_maculosa,30,0,1,100,0,0,0,0,0,0,0,NA,Not assessed: identical or nearly identical values,Median [IQR]
sputum,T12,Species,Prevotella_marseillensis,30,0,1,100,0,0,0,0,0,0,0,NA,Not assessed: identical or nearly identical values,Median [IQR]
sputum,T12,Species,Prevotella_oralis,30,0,1,100,0,0,0,0,0,0,0,NA,Not assessed: identical or nearly identical values,Median [IQR]
sputum,T12,Species,Prevotella_sp_885,30,0,1,100,0,0,0,0,0,0,0,NA,Not assessed: identical or nearly identical values,Median [IQR]
sputum,T12,Species,Prevotella_timonensis,30,0,1,100,0,0,0,0,0,0,0,NA,Not assessed: identical or nearly identical values,Median [IQR]
sputum,T12,Species,Propionibacterium_freudenreichii,30,0,1,100,0,0,0,0,0,0,0,NA,Not assessed: identical or nearly identical values,Median [IQR]
sputum,T12,Species,Proteus_mirabilis,30,0,1,100,0,0,0,0,0,0,0,NA,Not assessed: identical or nearly identical values,Median [IQR]
sputum,T12,Species,Provencibacterium_massiliense,30,0,1,100,0,0,0,0,0,0,0,NA,Not assessed: identical or nearly identical values,Median [IQR]
sputum,T12,Species,Providencia_rettgeri,30,0,1,100,0,0,0,0,0,0,0,NA,Not assessed: identical or nearly identical values,Median [IQR]
sputum,T12,Species,Pseudoflavonifractor_capillosus,30,0,1,100,0,0,0,0,0,0,0,NA,Not assessed: identical or nearly identical values,Median [IQR]
sputum,T12,Species,Pseudoflavonifractor_phocaeensis,30,0,1,100,0,0,0,0,0,0,0,NA,Not assessed: identical or nearly identical values,Median [IQR]
sputum,T12,Species,Pyramidobacter_piscolens,30,0,1,100,0,0,0,0,0,0,0,NA,Not assessed: identical or nearly identical values,Median [IQR]
sputum,T12,Species,Raoultella_ornithinolytica,30,0,1,100,0,0,0,0,0,0,0,NA,Not assessed: identical or nearly identical values,Median [IQR]
sputum,T12,Species,Raoultibacter_massiliensis,30,0,1,100,0,0,0,0,0,0,0,NA,Not assessed: identical or nearly identical values,Median [IQR]
sputum,T12,Species,Raoultibacter_timonensis,30,0,1,100,0,0,0,0,0,0,0,NA,Not assessed: identical or nearly identical values,Median [IQR]
sputum,T12,Species,Romboutsia_timonensis,30,0,1,100,0,0,0,0,0,0,0,NA,Not assessed: identical or nearly identical values,Median [IQR]
sputum,T12,Species,Roseburia_faecis,30,0,1,100,0,0,0,0,0,0,0,NA,Not assessed: identical or nearly identical values,Median [IQR]
sputum,T12,Species,Roseburia_hominis,30,0,1,100,0,0,0,0,0,0,0,NA,Not assessed: identical or nearly identical values,Median [IQR]
sputum,T12,Species,Roseburia_intestinalis,30,0,1,100,0,0,0,0,0,0,0,NA,Not assessed: identical or nearly identical values,Median [IQR]
sputum,T12,Species,Roseburia_inulinivorans,30,0,1,100,0,0,0,0,0,0,0,NA,Not assessed: identical or nearly identical values,Median [IQR]
sputum,T12,Species,Roseburia_lenta,30,0,1,100,0,0,0,0,0,0,0,NA,Not assessed: identical or nearly identical values,Median [IQR]
sputum,T12,Species,Roseburia_sp_AF02_12,30,0,1,100,0,0,0,0,0,0,0,NA,Not assessed: identical or nearly identical values,Median [IQR]
sputum,T12,Species,Rubneribacter_badeniensis,30,0,1,100,0,0,0,0,0,0,0,NA,Not assessed: identical or nearly identical values,Median [IQR]
sputum,T12,Species,Ruminococcus_SGB4421,30,0,1,100,0,0,0,0,0,0,0,NA,Not assessed: identical or nearly identical values,Median [IQR]
sputum,T12,Species,Ruminococcus_bicirculans,30,0,1,100,0,0,0,0,0,0,0,NA,Not assessed: identical or nearly identical values,Median [IQR]
sputum,T12,Species,Ruminococcus_bovis,30,0,1,100,0,0,0,0,0,0,0,NA,Not assessed: identical or nearly identical values,Median [IQR]
sputum,T12,Species,Ruminococcus_bromii,30,0,1,100,0,0,0,0,0,0,0,NA,Not assessed: identical or nearly identical values,Median [IQR]
sputum,T12,Species,Ruminococcus_callidus,30,0,1,100,0,0,0,0,0,0,0,NA,Not assessed: identical or nearly identical values,Median [IQR]
sputum,T12,Species,Ruminococcus_gnavus,30,0,1,100,0,0,0,0,0,0,0,NA,Not assessed: identical or nearly identical values,Median [IQR]
sputum,T12,Species,Ruminococcus_lactaris,30,0,1,100,0,0,0,0,0,0,0,NA,Not assessed: identical or nearly identical values,Median [IQR]
sputum,T12,Species,Ruminococcus_sp_AF13_28,30,0,1,100,0,0,0,0,0,0,0,NA,Not assessed: identical or nearly identical values,Median [IQR]
sputum,T12,Species,Ruminococcus_sp_AF41_9,30,0,1,100,0,0,0,0,0,0,0,NA,Not assessed: identical or nearly identical values,Median [IQR]
sputum,T12,Species,Ruminococcus_torques,30,0,1,100,0,0,0,0,0,0,0,NA,Not assessed: identical or nearly identical values,Median [IQR]
sputum,T12,Species,Ruthenibacterium_lactatiformans,30,0,1,100,0,0,0,0,0,0,0,NA,Not assessed: identical or nearly identical values,Median [IQR]
sputum,T12,Species,Schaalia_SGB17153,30,0,1,100,0,0,0,0,0,0,0,NA,Not assessed: identical or nearly identical values,Median [IQR]
sputum,T12,Species,Schaalia_georgiae,30,0,1,100,0,0,0,0,0,0,0,NA,Not assessed: identical or nearly identical values,Median [IQR]
sputum,T12,Species,Schaalia_turicensis,30,0,1,100,0,0,0,0,0,0,0,NA,Not assessed: identical or nearly identical values,Median [IQR]
sputum,T12,Species,Segatella_brunsvicensis,30,0,1,100,0,0,0,0,0,0,0,NA,Not assessed: identical or nearly identical values,Median [IQR]
sputum,T12,Species,Segatella_hominis,30,0,1,100,0,0,0,0,0,0,0,NA,Not assessed: identical or nearly identical values,Median [IQR]
sputum,T12,Species,Selenomonas_infelix,30,0,1,100,0,0,0,0,0,0,0,NA,Not assessed: identical or nearly identical values,Median [IQR]
sputum,T12,Species,Sellimonas_intestinalis,30,0,1,100,0,0,0,0,0,0,0,NA,Not assessed: identical or nearly identical values,Median [IQR]
sputum,T12,Species,Senegalimassilia_SGB14826,30,0,1,100,0,0,0,0,0,0,0,NA,Not assessed: identical or nearly identical values,Median [IQR]
sputum,T12,Species,Senegalimassilia_anaerobia,30,0,1,100,0,0,0,0,0,0,0,NA,Not assessed: identical or nearly identical values,Median [IQR]
sputum,T12,Species,Simiaoa_sunii,30,0,1,100,0,0,0,0,0,0,0,NA,Not assessed: identical or nearly identical values,Median [IQR]
sputum,T12,Species,Slackia_isoflavoniconvertens,30,0,1,100,0,0,0,0,0,0,0,NA,Not assessed: identical or nearly identical values,Median [IQR]
sputum,T12,Species,Slackia_piriformis,30,0,1,100,0,0,0,0,0,0,0,NA,Not assessed: identical or nearly identical values,Median [IQR]
sputum,T12,Species,Staphylococcus_aureus,30,0,1,100,0,0,0,0,0,0,0,NA,Not assessed: identical or nearly identical values,Median [IQR]
sputum,T12,Species,Staphylococcus_xylosus,30,0,1,100,0,0,0,0,0,0,0,NA,Not assessed: identical or nearly identical values,Median [IQR]
sputum,T12,Species,Streptococcus_lutetiensis,30,0,1,100,0,0,0,0,0,0,0,NA,Not assessed: identical or nearly identical values,Median [IQR]
sputum,T12,Species,Streptococcus_pyogenes,30,0,1,100,0,0,0,0,0,0,0,NA,Not assessed: identical or nearly identical values,Median [IQR]
sputum,T12,Species,Streptococcus_thermophilus,30,0,1,100,0,0,0,0,0,0,0,NA,Not assessed: identical or nearly identical values,Median [IQR]
sputum,T12,Species,Sutterella_wadsworthensis,30,0,1,100,0,0,0,0,0,0,0,NA,Not assessed: identical or nearly identical values,Median [IQR]
sputum,T12,Species,Terrisporobacter_mayombei,30,0,1,100,0,0,0,0,0,0,0,NA,Not assessed: identical or nearly identical values,Median [IQR]
sputum,T12,Species,Thermophilibacter_provencensis,30,0,1,100,0,0,0,0,0,0,0,NA,Not assessed: identical or nearly identical values,Median [IQR]
sputum,T12,Species,Tractidigestivibacter_SGB14390,30,0,1,100,0,0,0,0,0,0,0,NA,Not assessed: identical or nearly identical values,Median [IQR]
sputum,T12,Species,Turicibacter_bilis,30,0,1,100,0,0,0,0,0,0,0,NA,Not assessed: identical or nearly identical values,Median [IQR]
sputum,T12,Species,Turicibacter_sanguinis,30,0,1,100,0,0,0,0,0,0,0,NA,Not assessed: identical or nearly identical values,Median [IQR]
sputum,T12,Species,Tyzzerella_SGB4587,30,0,1,100,0,0,0,0,0,0,0,NA,Not assessed: identical or nearly identical values,Median [IQR]
sputum,T12,Species,Tyzzerella_nexilis,30,0,1,100,0,0,0,0,0,0,0,NA,Not assessed: identical or nearly identical values,Median [IQR]
sputum,T12,Species,Veillonella_ratti,30,0,1,100,0,0,0,0,0,0,0,NA,Not assessed: identical or nearly identical values,Median [IQR]
sputum,T12,Species,Vescimonas_coprocola,30,0,1,100,0,0,0,0,0,0,0,NA,Not assessed: identical or nearly identical values,Median [IQR]
sputum,T12,Species,Wansuia_hejianensis,30,0,1,100,0,0,0,0,0,0,0,NA,Not assessed: identical or nearly identical values,Median [IQR]
sputum,T12,Species,Wujia_chipingensis,30,0,1,100,0,0,0,0,0,0,0,NA,Not assessed: identical or nearly identical values,Median [IQR]
sputum,T12,Species,Zhenpiania_hominis,30,0,1,100,0,0,0,0,0,0,0,NA,Not assessed: identical or nearly identical values,Median [IQR]
sputum,T12,Species,bacterium_210917_SL_2_15,30,0,1,100,0,0,0,0,0,0,0,NA,Not assessed: identical or nearly identical values,Median [IQR]
