FeatureID,Rank,Taxon,A1E0,A1E12,A3E0,A3E12,A4E0,A4E12,A6E0,A6E12,A7E0,A7E12,A8E0,A8E12,A9E0,A9E12,A10E0,A10E12,A13E0,A13E12,A16E0,A16E12,A17E0,A17E12,A19E0,A19E12,A22E0,A22E12,A24E0,A24E12,A25E0,A25E12,A27E0,A27E12,A28E0,A28E12,A30E0,A30E12,P2E0,P2E12,P3E0,P3E12,P4E0,P4E12,P5E0,P5E12,P11E0,P11E12,P14E0,P14E12,P17E0,P17E12,P20E0,P20E12,P25E0,P25E12,P26E0,P26E12,P27E0,P27E12,P42E0,P42E12
UNCLASSIFIED,Species,UNCLASSIFIED,9.19521150933355,2.9560786691691545,3.565690713138143,25.743506318574404,4.789740478974048,9.773990000000001,5.919659408034059,26.61358,0.22383,14.005701400570139,21.53313532707445,0,14.742161474216148,0,0,45.088210000000004,0,19.01199,0,0,2.4961207108437584,0,0.5086,15.665046542267818,13.91369860863014,14.858001232408585,30.137150000000002,0,3.8271997830110966,18.708675260320465,26.68178207597852,1.0959598904040109,2.615409738459026,0,0,28.053804024972766,73.27926000000001,46.18106,4.0620804062080405,22.02695779730422,4.292249141550172,0,21.512212151221217,0,6.2738112547622515,15.909911590991161,21.848642184864218,12.351328764867125,0,28.809394182725,9.860377041886888,0,0,0,18.716328103832108,0,21.848991140104413,0,0,0
Cutibacterium_acnes,Species,Cutibacterium_acnes,0.03368911460250006,0,0,0.007050348501530547,0,0,0,0,0,0,0,0,0,0,50.350139999999996,0,23.39848,0,0,0,0,0,0,0,0,0,0,0,0,0,0,0,0,0,0,0,0,53.818940000000005,0,0,0,0,0,0,0,0,0,0,0,0.015456948049885478,0,0,0,0,1.8591793392423672,0,0,0,0.6579439228717832,0
Staphylococcus_aureus,Species,Staphylococcus_aureus,0,0,0,0,0,0,0,0,0,0,0.017516170729380803,0,0,0,49.649860000000004,0,52.185610000000004,0,2.6777100000000003,0,0,0,0,0,0,0,0,0,0,0,0,0,0,0,100,0,0,0,0,0,2.8495594300881137,0,0,0,0,0,0,0,0,0,0,0,88.66108848980551,0,1.1352084980475008,0,0,0,0,0
Streptococcus_mitis,Species,Streptococcus_mitis,0.4717981366718306,0.3206489455060844,0.8202401640480328,0.10287099404505934,0,0,0.6573399342660066,5.8861,1.07314,11.549031154903115,5.947953705334898,0.3948400394840039,0,0,0,33.02005,0,0,20.39193,0.30333337289114254,0,0,0,10.651771833686615,0,2.1284194131276406,0,49.20273,5.311107439510943,6.595488161160941,2.3955184464355352,2.7658597234140276,0,0,0,1.3811159239421618,0,0,4.938600493860049,0,19.532936093412783,7.455050845151175,4.02422040242204,0.49148519726895135,4.125110825022165,17.408761740876173,3.9679803967980396,6.805069319493068,0,13.858428517988225,1.1016996694900991,0.8049799999999999,0,0,0,0,0.25307696288027726,3.882005965590394,3.296353493516594,0
Streptococcus_sanguinis,Species,Streptococcus_sanguinis,0.042580552057911156,0.5519406937172695,0,0,0,0,0,0,0,0,0.734460391647073,0,0,0,0,13.74882,0,0,1.37255,0,0,0,0,0.07956721358579408,0,0.12009125716343841,0,0,0,0.3802928054023042,3.164096876087273,0,0,0,0,0.019353165218770688,0,0,0,0,0,0.4663165256997399,0.3497500349750035,0,0,0,0,0,0,0,0.1397899580630126,0,0,0,0,0,9.30461684802381,0.0803749101326539,0,0
Actinomyces_sp_ICM47,Species,Actinomyces_sp_ICM47,0.8531966473861632,0.38085163566000274,6.971751394350278,5.4740948764596675,0,0,0.8474799152520085,0.50342,0,0,0,0,0,0,0,8.14292,0,0,0,0,0,0,0,0,0,0,0,0,0,0,0,0,0,0,0,2.3692401823911893,0,0,0,0,4.594499081100184,15.098673513393443,0,0.5744551108515089,0,0,0,0,0,2.3063627798309487,0,0,0,0,0,0,0,0.2709927170575598,0,0
Enterocloster_clostridioformis,Species,Enterocloster_clostridioformis,0,0,0,0,0,0,0,0,0,0,0,0,0,0,0,0,0,0,0,0,0,0,0,0,0,0,0,0,0,0,0,0,0,0,0,0,0,0,0,0,0,0,0,0,0,0,0,0,0,0,0,0,0,0,0,0,0,0,0,0
Ruminococcus_gnavus,Species,Ruminococcus_gnavus,0,0,0,0,0,0,0,0,0,0,0,0,0,0,0,0,0,0,0,0,0,0,0,0,0,0,0,0,0,0,0,0,0,0,0,0,0,0,0,0,0,0,0,0,0,0,0,0,0,0,0,0,0,0,0,0,0,0,0,0
Longicatena_caecimuris,Species,Longicatena_caecimuris,0,0,0,0,0,0,0,0,0,0,0,0,0,0,0,0,0,0,0,0,0,0,0,0,0,0,0,0,0,0,0,0,0,0,0,0,0,0,0,0,0,0,0,0,0,0,0,0,0,0,0,0,0,0,0,0,0,0,0,0
Clostridium_symbiosum,Species,Clostridium_symbiosum,0,0,0,0,0,0,0,0,0,0,0,0,0,0,0,0,0,0,0,0,0,0,0,0,0,0,0,0,0,0,0,0,0,0,0,0,0,0,0,0,0,0,0,0,0,0,0,0,0,0,0,0,0,0,0,0,0,0,0,0
Eisenbergiella_massiliensis,Species,Eisenbergiella_massiliensis,0,0,0,0,0,0,0,0,0,0,0,0,0,0,0,0,0,0,0,0,0,0,0,0,0,0,0,0,0,0,0,0,0,0,0,0,0,0,0,0,0,0,0,0,0,0,0,0,0,0,0,0,0,0,0,0,0,0,0,0
Streptococcus_thermophilus,Species,Streptococcus_thermophilus,0,0,0,0,0,0,0,0,0,0,0,0,0,0,0,0,0,0,0,0,0,0,0,0,0,0,0,0,0,0,0,0,0,0,0,0,0,0,0,0,0,0,0,0,0,0,0,0,0,0,0,0,0,0,0,0,0,0,0,0
Eggerthella_lenta,Species,Eggerthella_lenta,0,0,0,0,0,0,0,0,0,0,0,0,0,0,0,0,0,0,0,0,0,0,0,0,0,0,0,0,0,0,0,0,0,0,0,0,0,0,0,0,0,0,0,0,0,0,0,0,0,0,0,0,0,0,0,0,0,0,0,0
Lancefieldella_parvula,Species,Lancefieldella_parvula,1.2594931900721382,0.8773997784703028,0.13600002720000542,1.466502532417082,0,0,1.8919298108070188,2.08466,0,0,0.012933158836414578,0,0,0,0,0,0,0,0,0,0,0,0,0,0,0.6362093428356472,0,0,0.684431166231342,0.3364860353384262,0.029481787427159317,0.02171999782800022,0,0,0,2.937796316889314,0,0,0,0,0,3.487538110099289,0.6740500674050067,1.4915039238281345,0.18357003671400735,0,0,0,0,0.2502953308889505,0.5133698459890462,0.17141,0,0,0,0,0.9664185105891281,0.2758179508812268,0,0
Erysipelatoclostridium_ramosum,Species,Erysipelatoclostridium_ramosum,0,0,0,0,0,0,0,0,0,0,0,0,0,0,0,0,0,0,0,0,0,0,0,0,0,0,0,0,0,0,0,0,0,0,0,0,0,0,0,0,0,0,0,0,0,0,0,0,0,0,0,0,0,0,0,0,0,0,0,0
Ruminococcus_torques,Species,Ruminococcus_torques,0,0,0,0,0,0,0,0,0,0,0,0,0,0,0,0,0,0,0,0,0,0,0,0,0,0,0,0,0,0,0,0,0,0,0,0,0,0,0,0,0,0,0,0,0,0,0,0,0,0,0,0,0,0,0,0,0,0,0,0
Hungatella_hathewayi,Species,Hungatella_hathewayi,0,0,0,0,0,0,0,0,0,0,0,0,0,0,0,0,0,0,0,0,0,0,0,0,0,0,0,0,0,0,0,0,0,0,0,0,0,0,0,0,0,0,0,0,0,0,0,0,0,0,0,0,0,0,0,0,0,0,0,0
Enterocloster_lavalensis,Species,Enterocloster_lavalensis,0,0,0,0,0,0,0,0,0,0,0,0,0,0,0,0,0,0,0,0,0,0,0,0,0,0,0,0,0,0,0,0,0,0,0,0,0,0,0,0,0,0,0,0,0,0,0,0,0,0,0,0,0,0,0,0,0,0,0,0
Flavonifractor_plautii,Species,Flavonifractor_plautii,0,0,0,0,0,0,0,0,0,0,0,0,0,0,0,0,0,0,0,0,0,0,0,0,0,0,0,0,0,0,0,0,0,0,0,0,0,0,0,0,0,0,0,0,0,0,0,0,0,0,0,0,0,0,0,0,0,0,0,0
Faecalimonas_umbilicata,Species,Faecalimonas_umbilicata,0,0,0,0,0,0,0,0,0,0,0,0,0,0,0,0,0,0,0,0,0,0,0,0,0,0,0,0,0,0,0,0,0,0,0,0,0,0,0,0,0,0,0,0,0,0,0,0,0,0,0,0,0,0,0,0,0,0,0,0
Blautia_hansenii,Species,Blautia_hansenii,0,0,0,0,0,0,0,0,0,0,0,0,0,0,0,0,0,0,0,0,0,0,0,0,0,0,0,0,0,0,0,0,0,0,0,0,0,0,0,0,0,0,0,0,0,0,0,0,0,0,0,0,0,0,0,0,0,0,0,0
Enterocloster_aldenensis,Species,Enterocloster_aldenensis,0,0,0,0,0,0,0,0,0,0,0,0,0,0,0,0,0,0,0,0,0,0,0,0,0,0,0,0,0,0,0,0,0,0,0,0,0,0,0,0,0,0,0,0,0,0,0,0,0,0,0,0,0,0,0,0,0,0,0,0
Oliverpabstia_intestinalis,Species,Oliverpabstia_intestinalis,0,0,0,0,0,0,0,0,0,0,0,0,0,0,0,0,0,0,0,0,0,0,0,0,0,0,0,0,0,0,0,0,0,0,0,0,0,0,0,0,0,0,0,0,0,0,0,0,0,0,0,0,0,0,0,0,0,0,0,0
Sellimonas_intestinalis,Species,Sellimonas_intestinalis,0,0,0,0,0,0,0,0,0,0,0,0,0,0,0,0,0,0,0,0,0,0,0,0,0,0,0,0,0,0,0,0,0,0,0,0,0,0,0,0,0,0,0,0,0,0,0,0,0,0,0,0,0,0,0,0,0,0,0,0
Schaalia_odontolytica,Species,Schaalia_odontolytica,6.499309608984487,0.03717478142220931,1.0810402162080432,1.7371197443607729,0,0,0,0,0,0,0.2708308214902766,0,0,0,0,0,0,0,0,0,3.245807919847013,0,0,0,0,0,0,0,0,1.038893525975595,0,0,0,0,0,8.972685834899393,0,0,0,0,1.8324896335020733,2.1033272730729324,0,0.657527355358564,0,0,0,0,0,0.1530015309257316,0,0,0,0,0,0,0.11357736987919745,0,0,0
Blautia_producta,Species,Blautia_producta,0,0,0,0,0,0,0,0,0,0,0,0,0,0,0,0,0,0,0,0,0,0,0,0,0,0,0,0,0,0,0,0,0,0,0,0,0,0,0,0,0,0,0,0,0,0,0,0,0,0,0,0,0,0,0,0,0,0,0,0
Streptococcus_salivarius,Species,Streptococcus_salivarius,0.11839862200783309,2.8610910773030898,0.6935201387040277,1.7980692059805383,0,0,0.7097699290230071,1.75628,0,0,0,0,0,0,0,0,0,0,0.7005199999999999,0,0,0,0,0.3220706324347897,0,2.8205799025960334,0,0,1.3554805500092613,2.1799166895936226,0,1.9676098032390197,0,0,0,0.29795578778004933,0,0,0,0,0,4.956779370166508,17.476861747686176,1.9845752504267966,15.352473070494613,6.8310906831090685,0,8.697069130293086,0,0.04896048989623411,0,0,0,0,0,0,0,0,0,0
Clostridium_spiroforme,Species,Clostridium_spiroforme,0,0,0,0,0,0,0,0,0,0,0,0,0,0,0,0,0,0,0,0,0,0,0,0,0,0,0,0,0,0,0,0,0,0,0,0,0,0,0,0,0,0,0,0,0,0,0,0,0,0,0,0,0,0,0,0,0,0,0,0
GGB3433_SGB4574,Species,GGB3433_SGB4574,0,0,0,0,0,0,0,0,0,0,0,0,0,0,0,0,0,0,0,0,0,0,0,0,0,0,0,0,0,0,0,0,0,0,0,0,0,0,0,0,0,0,0,0,0,0,0,0,0,0,0,0,0,0,0,0,0,0,0,0
Clostridium_scindens,Species,Clostridium_scindens,0,0,0,0,0,0,0,0,0,0,0,0,0,0,0,0,0,0,0,0,0,0,0,0,0,0,0,0,0,0,0,0,0,0,0,0,0,0,0,0,0,0,0,0,0,0,0,0,0,0,0,0,0,0,0,0,0,0,0,0
Actinomyces_graevenitzii,Species,Actinomyces_graevenitzii,0,0.31361095229212754,1.5365903073180616,4.506144118336895,0,0,0.4431799556820044,0.77593,0,0,0,0,0,0,0,0,0,0,0.36357,0,0,0,0,0.023380935263422702,0,2.031858727164754,0,0,0,1.3805387726101919,0,1.0045598995440101,0,0,0,1.4605013329707524,0,0,0,0,0,2.566011644905429,0.19187001918700192,1.680017952937394,0,0.9607300960730095,0,1.2893598710640128,0,0.835868859530129,0,0.80168,0,0,0,0,0,0.02424205901366321,0,0
Fusicatenibacter_saccharivorans,Species,Fusicatenibacter_saccharivorans,0,0,0,0,0,0,0,0,0,0,0,0,0,0,0,0,0,0,0,0,0,0,0,0,0,0,0,0,0,0,0,0,0,0,0,0,0,0,0,0,0,0,0,0,0,0,0,0,0,0,0,0,0,0,0,0,0,0,0,0
Clostridia_bacterium,Species,Clostridia_bacterium,0,0,0,0,0,0,0,0,0,0,0,0,0,0,0,0,0,0,0,0,0,0,0,0,0,0,0,0,0,0,0,0,0,0,0,0,0,0,0,0,0,0,0,0,0,0,0,0,0,0,0,0,0,0,0,0,0,0,0,0
Clostridium_innocuum,Species,Clostridium_innocuum,0,0,0,0,0,0,0,0,0,0,0,0,0,0,0,0,0,0,0,0,0,0,0,0,0,0,0,0,0,0,0,0,0,0,0,0,0,0,0,0,0,0,0,0,0,0,0,0,0,0,0,0,0,0,0,0,0,0,0,0
Anaerostipes_hadrus,Species,Anaerostipes_hadrus,0,0,0,0,0,0,0,0,0,0,0,0,0,0,0,0,0,0,0,0,0,0,0,0,0,0,0,0,0,0,0,0,0,0,0,0,0,0,0,0,0,0,0,0,0,0,0,0,0,0,0,0,0,0,0.3151711083172708,0,0,0,0,0
Solobacterium_moorei,Species,Solobacterium_moorei,0.19915414932577113,0.3807604961795343,0,0,0,0,0,0,0,0,0.08846723836466451,0,2.385430238543024,0,0,0,0,0,0,0,0,0,0,0.03959852022791059,0,0,0,0,0,0,0,0,0,0,0,0,0,0,0,0,0,0.08844244637069783,0,0,0.020090004018000804,0,0,0,0,0.5467288424425134,0,0,0,0,0,0,0,0,0,0
Gemella_sanguinis,Species,Gemella_sanguinis,1.5290663197868704,0,0.40735008147001633,0.4750472743893487,0,0,0.35662996433700356,0.76629,0,0,1.6356316181083967,0,0,0,0,0,0,2.69008,2.05409,0,0,0,0,4.317029074498143,0,2.4999098299570788,0,0,0.6957926795849207,1.3170566937354664,2.6317650316629972,1.8552698144730186,0,0,0,1.3236431944033034,0,0,0,0,0,0.4978752400173303,0.34553003455300346,1.9077963577763368,0,1.2609501260950127,0,5.409179459082054,0,0.6806013885761419,3.380248985925304,1.5245,0,0,0,0,0,0.20074236959858272,2.1841257379137566,0
Shuttleworthia_satelles,Species,Shuttleworthia_satelles,0,0,0,0,0,0,0,0.1958,0,0,0.05140024107649812,0,3.6286003628600363,0,0,0,0,0,0,0,0,0,0,0,0,0,0,0,0,0,0.6789260341081448,0,0,0,0,0,0,0,0,0,0,0,0,0,0,0,0,0,0,0.05681035356554768,0,0,0,0,0,0,0,0,0,0
Streptococcus_australis,Species,Streptococcus_australis,0.3500376280414662,0,1.5595803119160625,0.6394485826295837,0,0,0,0,0,0.3152600315260031,10.436424610109077,0,0,0,0,0,0,7.167370000000001,5.81978,0,0,0,0,0,0,2.3229733457353126,0,0,0.5363214380155437,1.169889933034678,0,0,0,0,0,0.900847856806406,0,0,0,0,0,0,0,0,0,0,0,0,0,0.9520893282114995,6.5022580493225846,0.1908,0,0,0,0,2.181620303085835,0.05537429907684216,0,0
Agathobaculum_butyriciproducens,Species,Agathobaculum_butyriciproducens,0,0,0,0,0,0,0,0,0,0,0,0,0,0,0,0,0,0,0,0,0,0,0,0,0,0,0,0,0,0,0,0,0,0,0,0,0,0,0,0,0,0,0,0,0,0,0,0,0,0,0,0,0,0,0,0,0,0,0,0
Schaalia_SGB17157,Species,Schaalia_SGB17157,0.126176120910704,0,0.32433006486601296,1.169085984407914,0,0,0,0,0,0,0.15787720529747828,0,0,0,0,0,0,8.37344,0,0,0,0,0,0,0.7053799294620071,3.1939296003104896,0,0,0,0,0,0,0,0,0,3.6538735466410266,0,0,0,0,0,0,0,0,0,0,0,0,0,0.28292891361730826,0,0.89955,0,0,0,0,0.3709279965714607,0,0,0
Turicibacter_bilis,Species,Turicibacter_bilis,0,0,0,0,0,0,0,0,0,0,0,0,0,0,0,0,0,0,0,0,0,0,0,0,0,0,0,0,0,0,0,0,0,0,0,0,0,0,0,0,0,0,0,0,0,0,0,0,0,0,0,0,0,0,0,0,0,0,0,0
Alistipes_finegoldii,Species,Alistipes_finegoldii,0,0,0,0,0,0,0,0,0,0,0,0,0,0,0,0,0,0,0,0,0,0,0,0,0,0,0,0,0,0,0,0,0,0,0,0,0,0,0,0,0,0,0,0,0,0,0,0,0,0,0,0,0,0,0,0,0,0,0,0
GGB3637_SGB4930,Species,GGB3637_SGB4930,0,0,0,0,0,0,0,0,0,0,0,0,0,0,0,0,0,0,0,0,0,0,0,0,0,0,0,0,0,0,0,0,0,0,0,0,0,0,0,0,0,0,0,0,0,0,0,0,0,0,0,0,0,0,0,0,0,0,0,0
Actinomyces_sp_ph3,Species,Actinomyces_sp_ph3,0.10638614950881833,0,0.09400001880000376,0.410572638518818,0,0,0,0.75898,0,0,0.05318308306563004,0,0,0,0,0,0,0,0,0,0,0,0,0.08326894488552296,1.6090498390950159,0.15403583332105666,0,0,1.0171154797819069,0,0.46408417206218916,0,0.013609998639000136,0,0,0.047123389225841014,0,0,0,0,0,0,0,0,1.701100340220068,0,0,0,0,0,0.2722899183130245,0,0,0,0,0,0.1385487778672656,0,0,0
Veillonella_dispar,Species,Veillonella_dispar,1.150457673195116,3.3703683675521576,0,1.6401874671643037,0,0,1.0630998936900107,3.71461,0,0,0,0,0,0,0,0,0,2.29753,0,0,0,0,0,0,0.045979995402000456,0.48559743114437726,0,0.48875,0,0.8619811722906722,0,0.5231499476850052,0,0,0,0.9238834852450578,0,0,0,0,1.1316497736700453,3.550215277659652,4.559220455922046,5.11448937329165,0,0,0.07780000778000078,0,0,0.07552459040605039,0,0,0,0,0,0,0.0872848292841453,0,4.274366290795988,0
Ruthenibacterium_lactatiformans,Species,Ruthenibacterium_lactatiformans,0,0,0,0,0,0,0,0,0,0,0,0,0,0,0,0,0,0,0,0,0,0,0,0,0,0,0,0,0,0,0,0,0,0,0,0,0,0,0,0,0,0,0,0,0,0,0,0,0,0,0,0,0,0,0,0,0,0,0,0
Roseburia_faecis,Species,Roseburia_faecis,0,0,0,0,0,0,0,0,0,0,0,0,0,0,0,0,0,0,0,0,0,0,0,0,0,0,0,0,0,0,0,0,0,0,0,0,0,0,0,0,0,0,0,0,0,0,0,0,0,0,0,0,0,0,0,0,0,0,0,0
Actinomyces_oris,Species,Actinomyces_oris,0.4017404336512607,0.06780777346856812,0,0.01520231395642524,0,0,0,0,0,0,0.005872298755163316,0,0,0,0,0,0,0,0,0,0,0,0,0.5011143711914062,0,1.4917122300550214,0,0,0.204697265675788,2.3328423294366294,0.06656788440564325,0,0,0,0,0.09204134718263236,0,0,0,0,0.13370997325800535,0.3677981042758356,1.5698601569860158,0,0,0,0,0,0,0.03954267665379734,0,0,0,0,0,0,0.2837232359301629,0,0,0
Bacteroides_fragilis,Species,Bacteroides_fragilis,0,0,0,0,0,0,0,0,0,0,0,0,0,0,0,0,0,0,0,0,0,0,0,0,0,0,0,0,0,0,0,0,0,0,0,0,0,0,0,0,0,0,0,0,0,0,0,0,0,0,0,0,0,0,0,0,0,0,0,0
Romboutsia_timonensis,Species,Romboutsia_timonensis,0,0,0,0,0,0,0,0,0,0,0,0,0,0,0,0,0,0,0,0,0,0,0,0,0,0,0,0,0,0,0,0,0,0,0,0,0,0,0,0,0,0,0,0,0,0,0,0,0,0,0,0,0,0,0,0,0,0,0,0
Clostridiaceae_bacterium_AF18_31LB,Species,Clostridiaceae_bacterium_AF18_31LB,0,0,0,0,0,0,0,0,0,0,0,0,0,0,0,0,0,0,0,0,0,0,0,0,0,0,0,0,0,0,0,0,0,0,0,0,0,0,0,0,0,0,0,0,0,0,0,0,0,0,0,0,0,0,0,0,0,0,0,0
Blautia_massiliensis,Species,Blautia_massiliensis,0,0,0,0,0,0,0,0,0,0,0,0,0,0,0,0,0,0,0,0,0,0,0,0,0,0,0,0,0,0,0,0,0,0,0,0,0,0,0,0,0,0,0,0,0,0,0,0,0,0,0,0,0,0,2.718640119834764,0,0,0,0,0
Streptococcus_parasanguinis,Species,Streptococcus_parasanguinis,1.759260216346938,1.4112239687922217,4.331740866348173,4.93406221652141,0,0,2.7502097249790274,4.99162,0,0,0.12208942231789804,0,0.6855200685520069,0,0,0,0,0,0,0,0.8346966785836107,0,0,4.077577082801627,0,10.551134542340042,0,0,4.588651208340951,9.438110194343045,3.375649572493965,2.0112297988770202,0,0,0,1.3837260214991105,0,0,0,0,6.893068621386275,2.737003042804383,9.588710958871095,18.58384847573483,2.349050469810094,0,0,2.7893497210650278,0,0.4336645045147844,0.2578499226450232,0,1.4595819278594608,0,0,0,1.219885808103287,0,2.482724009777706,0
Abiotrophia_defectiva,Species,Abiotrophia_defectiva,0.08368588819489067,0,0,0,0,0,0,0,0,0,0.023217236073158568,0,0,0,0,0,0,0,0,0,0,0,0,0,0.08630999136900086,0,0,0,0,0,0,0,0,0,0,0.03318263560771974,0,0,0,0,1.4144497171100565,0,0,0,0,0,0.6553500655350065,0,0,0.13576420142507395,0.11393996581801026,0,0,0,0,0,0.5818488189925223,0.03637889168803957,0,0
Gemella_SGB7293,Species,Gemella_SGB7293,0,0,0,0,0,0,0,0,0,0,0,0,0,0,0,0,0,0,0,0,0,0,0,0,0,0,0,0,0,0,0,0,0,0,0,0.0076684261556864515,0,0,0,0,0,0,0,0,0,0,0,0,0,0.020838555616992202,0,0,0,0,0,0,0,0,0,0
Abiotrophia_sp_HMSC24B09,Species,Abiotrophia_sp_HMSC24B09,0.1413698413480543,0,0,0,0,0,0,0,0,0,0.09790522109809166,0,0,0,0,0,0,0,0,0,0,0,0,0,0,0,0,0,0,0,0,0,0,0,0,0.3595257634838854,0,0,0,0,0,0,0,0,0,0,0.6479500647950065,0,0,0.2183597386157251,0,0,0,0,0,0,3.029977599796305,0.09071018170692752,0,0
Mogibacterium_diversum,Species,Mogibacterium_diversum,1.6260692931999672,0.06432421999288301,0,0.6567439687974008,0,0,0.7866299213370078,2.77009,0,0,0.09843906643947015,0,0,0,0,0,0,0,0,0,0,0,0,0,0,1.842171436873604,0,0,0,1.4121247255356455,1.3914176515136047,0.5924099407590059,0,0,0,0.8303651061115941,0,0,0,0,0,1.131791152153227,0.04711000471100047,0.2677795632250082,0,0,0,0,0,0.10419277808496102,2.523679242896227,0.20518,0,0,0,0,0.9746355550613541,1.0234131301987153,0,0
Escherichia_coli,Species,Escherichia_coli,0,0,0,0,0,0,0,0,0,0,0,0,0,0,0,0,0,0,0,0,0,0,0,0,0,0,0,0,0,0,0,0,0,0,0,0,0,0,0,0,0,0,0,0,0,0,0,0,0,0,0,0,0,0,0,0,0,0,0,0
Enterococcus_faecium,Species,Enterococcus_faecium,0,0,0,0,0,0,0,0,0,0,0,0,0,0,0,0,0,0,0,0,0,0,0,0,0.008229999177000081,0,0,0,0,0,0,0,0,0,0,0,0,0,0,0,0,0,0,0,0,0,0,0,0,0,0,0,0,0,0,0,0,0,0,0
Actinomyces_SGB17132,Species,Actinomyces_SGB17132,0.4282441428157537,0.08760529394811571,0,0.6362338640656756,0,0,0,0.16844,0,0,0,0,0,0,0,0,0,0,0,0,0,0,0,0.04581142600394204,0,0.15272519269719173,0,0,0,0,0,0,0,0,0,0.3970383283721246,0,0,0,0,0,0.7301729925846027,0,0,0,0,0,0,0,0.3760853498682214,0.056589983023005094,0.18135,0,0,0,0,2.9822566886591875,0.03342896707968421,0,0
bacterium_210917_SL_2_15,Species,bacterium_210917_SL_2_15,0,0,0,0,0,0,0,0,0,0,0,0,0,0,0,0,0,0,0,0,0,0,0,0,0,0,0,0,0,0,0,0,0,0,0,0,0,0,0,0,0,0,0,0,0,0,0,0,0,0,0,0,0,0,0,0,0,0,0,0
Schaalia_SGB17158,Species,Schaalia_SGB17158,0,0,0.3049000609800122,0.13389653333162416,0,0,0.16723998327600167,0.44081,0,0,0,0,0,0,0,0,0,0,0,0,0,0,0,0,0,0,0,0,0,0,0,0,0,0,0,0,0,0,0,0,0,0,0,0,0,0,0,0,0,0.025036614151483352,0,0,0,0,0,0,0,0,0,0
Clostridium_saudiense,Species,Clostridium_saudiense,0,0,0,0,0,0,0,0,0,0,0,0,0,0,0,0,0,0,0,0,0,0,0,0,0,0,0,0,0,0,0,0,0,0,0,0,0,0,0,0,0,0,0,0,0,0,0,0,0,0,0,0,0,0,0,0,0,0,0,0
Streptococcus_rubneri,Species,Streptococcus_rubneri,0,0,0,0,0,0,0,0,0,0,0,0,0,0,0,0,0,0,0,0,0,0,0,0,0,0,0,0,0,0,0,8.06221919377808,0,0,0,0,0,0,0,0,0,0,0,0,0,0,0,0,0,0.1200745898901444,0,2.0209799999999998,0,0,0,0,0,0.03071082226198533,0,0
Clostridium_porci,Species,Clostridium_porci,0,0,0,0,0,0,0,0,0,0,0,0,0,0,0,0,0,0,0,0,0,0,0,0,0,0,0,0,0,0,0,0,0,0,0,0,0,0,0,0,0,0,0,0,0,0,0,0,0,0,0,0,0,0,0,0,0,0,0,0
Clostridium_SGB6173,Species,Clostridium_SGB6173,0,0,0,0,0,0,0,0,0,0,0,0,0,0,0,0,0,0,0,0,0,0,0,0,0,0,0,0,0,0,0,0,0,0,0,0,0,0,0,0,0,0,0,0,0,0,0,0,0,0,0,0,0,0,0,0,0,0,0,0
Rothia_aeria,Species,Rothia_aeria,0.5526841252616878,0,0,5.307790775299986e-4,0,0,0,0,0,0,0.5798366211659203,0,0,0,0,0,0,0,0,0,0,0,0,0,0,0,0,0,0,0.6308298958407969,0,0,0,0,0,0.12372671752512573,0,0,0,0,0.06113998777200245,0.6794028859113455,0,0,0,0,0.09725000972500097,0,0,0.378068047392945,0,0,0,0,0,0,0,0,0,0
Bacteroides_xylanisolvens,Species,Bacteroides_xylanisolvens,0,0,0,0,0,0,0,0,0,0,0,0,0,0,0,0,0,0,0,0,0,0,0,0,0,0,0,0,0,0,0,0,0,0,0,0,0,0,0,0,0,0,0,0,0,0,0,0,0,0,0,0,0,0,0,0,0,0,0,0
Clostridium_perfringens,Species,Clostridium_perfringens,0,0,0,0,0,0,0,0,0,0,0,0,0,0,0,0,0,0,0,0,0,0,0,0,0,0,0,0,0,0,0,0,0,0,0,0,0,0,0,0,0,0,0,0,0,0,0,0,0,0,0,0,0,0,0,0,0,0,0,0
Scardovia_wiggsiae,Species,Scardovia_wiggsiae,0.10279344678981474,0,0,0,0,0,0,0,0,0,0.10003052990999468,0,4.353690435369043,0,0,0,0,0,0,0,0,0,0,0.3050326637768484,0,0,0,0,0,0,0.37375784961391534,3.2641896735810327,0,0,0,1.2976332687485939,0,0,0,0,0,0,0,0,0,0,0,0,0,0.08383978104545213,0,0,0,0,0,0,0.24351876864035538,0,0,0
Granulicatella_SGB8255,Species,Granulicatella_SGB8255,1.035160015265976,0.02920514018568555,0.7317001463400293,0.4590638138659925,0,0,0.6071299392870061,0.7922,0,0.06397000639700064,0.5176083849576887,0,0,0,0,0,0,1.5747799999999998,1.05452,0,0.17838873265608088,0,0,1.1339703579364069,1.00402989959701,3.132756211191957,0,0,1.8159318821266992,0.9672228792720776,1.8769266639783355,1.1750398824960118,0,0,0,1.2780676537286761,0,0,0,0,2.5464994907001017,0.4763124532847979,0.13948001394800139,4.103674734197982,0.3624000724800145,0,0.7562800756280076,0.9224899077510093,0,1.5405559767101829,3.166719049984285,2.3369500000000003,0,0,0,0,6.093564012427855,0.07394828866445113,6.139465621026912,0
Lactobacillus_crispatus,Species,Lactobacillus_crispatus,0,0,0,0,0,0,0,0,0,0,0,0,0,0,0,0,0,0,0,0,0,0,0,0,0,0,0,0,0,0,0,0,0,0,0,0,0,0,0,0,0,0,0,0,0,0,0,0,0,0,0,0,0,0,0,0,0,0,0,0
Roseburia_sp_AF02_12,Species,Roseburia_sp_AF02_12,0,0,0,0,0,0,0,0,0,0,0,0,0,0,0,0,0,0,0,0,0,0,0,0,0,0,0,0,0,0,0,0,0,0,0,0,0,0,0,0,0,0,0,0,0,0,0,0,0,0,0,0,0,0,0,0,0,0,0,0
Granulicatella_adiacens,Species,Granulicatella_adiacens,0.11089208113125577,0,0,0.0011917492495484873,0,0,0,0.18347000000000002,0,0,0.05091675850317422,0,0,0,0,0,0,0,0,0,0,0,0,0,0,0,0,0,0,0.04154250699000757,4.039608394151884,0,0,0,0,0.047821438572466825,0,0,0,0,1.0841697831660435,0,0,0,0,0,0,0,0,0.2757163455809415,0.042249987325003804,0,0,0,0,0,0,0,1.4451958394837114,0
Actinomyces_bouchesdurhonensis,Species,Actinomyces_bouchesdurhonensis,0,0,0,0,0,0,0,0,0,0,0,0,0,0,0,0,0,0,0,0,0,0,0,0,0,0,0,0,0,0,0,0,0,0,0,0,0,0,0,0,0,0,0,0,0,0,0,0,0,0,0,0,0,0,0,0,0,0,0,0
Blautia_SGB4793,Species,Blautia_SGB4793,0,0,0,0,0,0,0,0,0,0,0,0,0,0,0,0,0,0,0,0,0,0,0,0,0,0,0,0,0,0,0,0,0,0,0,0,0,0,0,0,0,0,0,0,0,0,0,0,0,0,0,0,0,0,0,0,0,0,0,0
Actinomyces_naeslundii,Species,Actinomyces_naeslundii,0.3411261196211445,0,0,0,0,0,0,0,0,0,0.04103558341086681,0,0,0,0,0,0,0,0,0,0,0,0,0,0,0,0,0,0,0.38657897868501323,0,0,0,0,0,0.017208433892905876,0,0,0,0,0,0,0,0,0,0,0,0,0,0,0.10971996708400988,0.55755,0,0,0,0,0.21868748077727035,0,0,0
Simiaoa_sunii,Species,Simiaoa_sunii,0,0,0,0,0,0,0,0,0,0,0,0,0,0,0,0,0,0,0,0,0,0,0,0,0,0,0,0,0,0,0,0,0,0,0,0,0,0,0,0,0,0,0,0,0,0,0,0,0,0,0,0,0,0,0,0,0,0,0,0
Gemella_haemolysans,Species,Gemella_haemolysans,0,0,0,0.0804981551921911,0,0,0,0,0,8.318260831826082,0.2545233571942056,0,0,0,0,0,0,0,0,0,0,0,0,22.684609591906135,0,0,0,0,0,1.0230126671561197,0.9353904264760331,9.8596490140351,0,0,0,0.15992411697769318,0,0,0,0,10.354747929050415,0.31701799166905975,0.19300001930000193,0,3.0424406084881217,0,0,0,0,3.978444436216924,0.009079997276000817,0.31132,0,0,0,0,0.19003291521821658,0.08756008364300517,0,0
Clostridium_sp_AF20_17LB,Species,Clostridium_sp_AF20_17LB,0,0,0,0,0,0,0,0,0,0,0,0,0,0,0,0,0,0,0,0,0,0,0,0,0,0,0,0,0,0,0,0,0,0,0,0,0,0,0,0,0,0,0,0,0,0,0,0,0,0,0,0,0,0,0,0,0,0,0,0
Blautia_sp_Marseille_P3201T,Species,Blautia_sp_Marseille_P3201T,0,0,0,0,0,0,0,0,0,0,0,0,0,0,0,0,0,0,0,0,0,0,0,0,0,0,0,0,0,0,0,0,0,0,0,0,0,0,0,0,0,0,0,0,0,0,0,0,0,0,0,0,0,0,0,0,0,0,0,0
Blautia_sp_MSJ_9,Species,Blautia_sp_MSJ_9,0,0,0,0,0,0,0,0,0,0,0,0,0,0,0,0,0,0,0,0,0,0,0,0,0,0,0,0,0,0,0,0,0,0,0,0,0,0,0,0,0,0,0,0,0,0,0,0,0,0,0,0,0,0,0,0,0,0,0,0
Clostridium_paraputrificum,Species,Clostridium_paraputrificum,0,0,0,0,0,0,0,0,0,0,0,0,0,0,0,0,0,0,0,0,0,0,0,0,0,0,0,0,0,0,0,0,0,0,0,0,0,0,0,0,0,0,0,0,0,0,0,0,0,0,0,0,0,0,0,0,0,0,0,0
Clostridium_disporicum,Species,Clostridium_disporicum,0,0,0,0,0,0,0,0,0,0,0,0,0,0,0,0,0,0,0,0,0,0,0,0,0,0,0,0,0,0,0,0,0,0,0,0,0,0,0,0,0,0,0,0,0,0,0,0,0,0,0,0,0,0,0,0,0,0,0,0
Rothia_mucilaginosa,Species,Rothia_mucilaginosa,2.069778114479365,0.05537229768908759,14.723282944656587,17.620543433651914,0,0,3.1995696800430324,13.96888,0,0.03170000317000032,17.76310945370599,0.011120001112000111,2.02629020262902,0,0,0,15.56782,5.22272,1.1986999999999999,0,0.5949962050595402,0,0.8026099999999999,4.466128808443709,11.684328831567118,20.111688933163933,0,12.30942,0.708604386104229,4.222426729635926,6.128258750915711,3.853179614682038,0.42356995764300426,0,0,2.424568180604183,0,0,0,0,15.924086815182637,5.750369969391849,1.9831701983170198,5.26110912191164,6.825281365056273,21.10516211051621,14.299891429989142,20.66137793386221,0,4.525931963936755,6.053208184037545,15.22882,6.760640709006108,0,0,0,6.069283196484346,0.29272734015412094,16.0336226055645,0
Clostridium_SGB6176,Species,Clostridium_SGB6176,0,0,0,0,0,0,0,0,0,0,0,0,0,0,0,0,0,0,0,0,0,0,0,0,0,0,0,0,0,0,0,0,0,0,0,0,0,0,0,0,0,0,0,0,0,0,0,0,0,0,0,0,0,0,0,0,0,0,0,0
Streptococcus_vestibularis,Species,Streptococcus_vestibularis,0.20310812941316614,0.1898840442516608,0,0,0,0,0,0,0,0,0,0,2.6661902666190267,0,0,0,0,0,0,0,0,0,0,0,0,0,0,0,0,0.17950746798419895,0,0,0,0,0,0,0,0,0,0,0,0,0,0,0,0,0,0,0,0,0,0,0,0,0,0,0,0,0,0
Enterocloster_bolteae,Species,Enterocloster_bolteae,0,0,0,0,0,0,0,0,0,0,0,0,0,0,0,0,0,0,0,0,0,0,0,0,0,0,0,0,0,0,0,0,0,0,0,0,0,0,0,0,0,0,0,0,0,0,0,0,0,0,0,0,0,0,0,0,0,0,0,0
Parvimonas_micra,Species,Parvimonas_micra,2.082302396583601,4.427495201506353,4.2608908521781705,0.39030288657691764,0,0,0,0,0,0,0,0,0,0,0,0,0,0,0.5236099999999999,0.4875124862860578,0,0,0,0,0,0.40597347324337324,0,0,0,0.06864129017089603,0,0,0,0,0,0.9916145051821565,0,0,0,0,0,0.7100310484117082,0,0,0,0,0,0,0,1.6113767183968637,0,7.36029,0,0,0,0,0,0.7836474722096032,0,0
Lachnospira_pectinoschiza,Species,Lachnospira_pectinoschiza,0,0,0,0,0,0,0,0,0,0,0,0,0,0,0,0,0,0,0,0,0,0,0,0,0,0,0,0,0,0,0,0,0,0,0,0,0,0,0,0,0,0,0,0,0,0,0,0,0,0,0,0,0,0,0,0,0,0,0,0
Streptococcus_infantis,Species,Streptococcus_infantis,0.12388803091089164,0,0,0.031676494759007266,0,0,0.12346998765300124,0.32583,0,0.26720002672000265,1.3263538594852582,0,0,0,0,0,0,0,0,0,0,0,0,0.008523986668564888,2.2742897725710227,0.5028287993465085,0,0,0.5500632684273545,1.7693820143690757,0,0,0.03414999658500034,0,0,0.1442534149788036,0,0,0,0,1.3601597279680544,0.05052996426881141,0,0,0,0,0,0,0,0.04027101452002231,0,0,0,0,0,0,0.3488290511455471,0,0,0
Butyricicoccus_SGB14985,Species,Butyricicoccus_SGB14985,0,0,0,0,0,0,0,0,0,0,0,0,0,0,0,0,0,0,0,0,0,0,0,0,0,0,0,0,0,0,0,0,0,0,0,0,0,0,0,0,0,0,0,0,0,0,0,0,0,0,0,0,0,0,0,0,0,0,0,0
Enterococcus_faecalis,Species,Enterococcus_faecalis,0,0,0,0,0,0,0,0,0,0,0,0,0,0,0,0,0,0,0,0,0,0,0,0,0.0200899979910002,0,0,0,0,0,0,0,0,0,0,0,0,0,0,0,0,0,0,0,0,0,0,0,0,0,0,0,0,0,0,0,0,0,0,0
Veillonella_atypica,Species,Veillonella_atypica,0.6275086824485332,3.9381673308709475,0,0.33624353826546605,0,0,0.20313997968600203,0.40115999999999996,0,0,0.2631152454243159,0,0,0,0,0,0,0.6538999999999999,0.28461,0,0.6184536526189295,0,0,0.654476098471255,0,0.3830220223184826,0,5.307110000000001,1.4510032736360483,1.1645342788234228,0,3.5474496452550355,0,0,0,0.3054016474773913,0,0,0,0,1.8232396353520728,2.451883967192545,6.412550641255065,4.160140938335692,0,0,0,0,0,0,0,0,0,0,0,0,0.04049471612012979,0.018268461681743592,2.4023487723006274,0
Dorea_longicatena,Species,Dorea_longicatena,0,0,0,0,0,0,0,0,0,0,0,0,0,0,0,0,0,0,0,0,0,0,0,0,0,0,0,0,0,0,0,0,0,0,0,0,0,0,0,0,0,0,0,0,0,0,0,0,0,0,0,0,0,0,0,0,0,0,0,0
Bifidobacterium_bifidum,Species,Bifidobacterium_bifidum,0,0,0,0,0,0,0,0,0,0,0,0,0,0,0,0,0,0,0,0,0,0,0,0,0,0,0,0,0,0,0,0,0,0,0,0,0,0,0,0,0,0,0,0,0,0,0,0,0,0,0,0,0,0,0,0,0,0,0,0
Blautia_wexlerae,Species,Blautia_wexlerae,0,0,0,0,0,0,0,0,0,0,0,0,0,0,0,0,0,0,0,0,0,0,0,0,0,0,0,0,0,0,0,0,0,0,0,0,0,0,0,0,0,0,0,0,0,0,0,0,0,0,0,0,0,0,0,0,0,0,0,0
Bifidobacterium_longum,Species,Bifidobacterium_longum,0,0,0,0,0,0,0,0,0,0,0,0,0,0,0,0,0,0,0,0,0,0,0,0,0,0,0,0,0,0,0,0,0,0,0,0,20.04373,0,0,0,0,0.0031918927924259087,0,0,0,0,0,0,0,0,0,0,0,0,3.241435943393257,0,0,0,0,0
Bifidobacterium_pseudocatenulatum,Species,Bifidobacterium_pseudocatenulatum,0,0,0,0,0,0,0,0,0,0,0,0,0,0,0,0,0,0,0,0,0,0,0,0,0,0,0,0,0,0,0,0,0,0,0,0,0,0,0,0,0,0,0,0,0,0,0,0,0,0,0,0,0,0,0,0,0,0,0,0
Anaerobutyricum_soehngenii,Species,Anaerobutyricum_soehngenii,0,0,0,0,0,0,0,0,0,0,0,0,0,0,0,0,0,0,0,0,0,0,0,0,0,0,0,0,0,0,0,0,0,0,0,0,0,0,0,0,0,0,0,0,0,0,0,0,0,0,0,0,0,0,0,0,0,0,0,0
Streptococcus_mutans,Species,Streptococcus_mutans,0,0,0,0,0,0,0,0,0,0,0,0,0,0,0,0,0,0,0,0,0,0,0,0,0,0,0,0,0,0,0,0,0,0,0,0.1643349795157925,0,0,0,0,0,0,0,0,0,0,0,0,0,0,0,0,0,0,0,0,0,0,0,0
Anaerobutyricum_hallii,Species,Anaerobutyricum_hallii,0,0,0,0,0,0,0,0,0,0,0,0,0,0,0,0,0,0,0,0,0,0,0,0,0,0,0,0,0,0,0,0,0,0,0,0,0,0,0,0,0,0,0,0,0,0,0,0,0,0,0,0,0,0,0,0,0,0,0,0
Ruminococcus_sp_AF41_9,Species,Ruminococcus_sp_AF41_9,0,0,0,0,0,0,0,0,0,0,0,0,0,0,0,0,0,0,0,0,0,0,0,0,0,0,0,0,0,0,0,0,0,0,0,0,0,0,0,0,0,0,0,0,0,0,0,0,0,0,0,0,0,0,0,0,0,0,0,0
GGB3606_SGB4870,Species,GGB3606_SGB4870,0,0,0,0,0,0,0,0,0,0,0,0,0,0,0,0,0,0,0,0,0,0,0,0,0,0,0,0,0,0,0,0,0,0,0,0,0,0,0,0,0,0,0,0,0,0,0,0,0,0,0,0,0,0,0,0,0,0,0,0
Veillonella_parvula,Species,Veillonella_parvula,0.005900863683726552,0.12252184157649428,0,0,0,0,0,0.27035000000000003,0,0,0.13394481791794477,7.200000720000071e-4,26.00546260054626,24.69077,0,0,0,0,0.14766,0,0.46311188721923524,0,0,1.3887094994328848,0,0.01693672806188256,0,0,0,0,2.745578209669926,1.6458298354170164,0,0,0,0.030238688363254357,0,0,0,5.279309472069053,0.929219814156037,1.8623143524109795,0,0,0,0,0,0,0,0.03197605548801571,0,0.54988,0,0,0,0,1.5425524301984093,0.451875772774893,1.5523171929298432,0
Lactobacillus_gasseri,Species,Lactobacillus_gasseri,0,0,0,0,0,0,0,0,0,0,0,0,0,0,0,0,0,0,9.27548,0,0,0,0,0,0,0,0,0,0,0,0,0,0,0,0,0,0,0,0,0,0,0,0,0,0,0,0,0,0,0,0,0,0,0,0,0,0,0,0,0
Coprococcus_catus,Species,Coprococcus_catus,0,0,0,0,0,0,0,0,0,0,0,0,0,0,0,0,0,0,0,0,0,0,0,0,0,0,0,0,0,0,0,0,0,0,0,0,0,0,0,0,0,0,0,0,0,0,0,0,0,0,0,0,0,0,0,0,0,0,0,0
Blautia_stercoris,Species,Blautia_stercoris,0,0,0,0,0,0,0,0,0,0,0,0,0,0,0,0,0,0,0,0,0,0,0,0,0,0,0,0,0,0,0,0,0,0,0,0,0,0,0,0,0,0,0,0,0,0,0,0,0,0,0,0,0,0,0,0,0,0,0,0
Dorea_formicigenerans,Species,Dorea_formicigenerans,0,0,0,0,0,0,0,0,0,0,0,0,0,0,0,0,0,0,0,0,0,0,0,0,0,0,0,0,0,0,0,0,0,0,0,0,0,0,0,0,0,0,0,0,0,0,0,0,0,0,0,0,0,0,0,0,0,0,0,0
Megasphaera_micronuciformis,Species,Megasphaera_micronuciformis,0,0.6463814487005232,0,0,0,0,0,0,0,0,0,0,0,0,0,0,0,0,0,0,0,0,0,0,0,0,0,0,0.11930589154475375,0,0,0,0,0,0,0.005007745312750387,0,0,0,0,0,0.18980255291387793,0,0,0,0,0,0,0,0,0,0,0,0,0,0,0,0.4857577639908603,0,0
Blautia_faecis,Species,Blautia_faecis,0,0,0,0,0,0,0,0,0,0,0,0,0,0,0,0,0,0,0,0,0,0,0,0,0,0,0,0,0,0,0,0,0,0,0,0,0,0,0,0,0,0,0,0,0,0,0,0,0,0,0,0,0,0,0,0,0,0,0,0
Blautia_caecimuris,Species,Blautia_caecimuris,0,0,0,0,0,0,0,0,0,0,0,0,0,0,0,0,0,0,0,0,0,0,0,0,0,0,0,0,0,0,0,0,0,0,0,0,0,0,0,0,0,0,0,0,0,0,0,0,0,0,0,0,0,0,0,0,0,0,0,0
Limosilactobacillus_oris,Species,Limosilactobacillus_oris,0,0,0,0,0,0,0,0,0,0,0,0,0,0,0,0,0,0,0,0,0,0,0,0,0,0,0,0,0,0,0,0,0,0,0,0,0,0,0,0,0,0,0,0,0,0,0,0,0,0,0,0,0,0,0,0,0,0,0,0
GGB3550_SGB4746,Species,GGB3550_SGB4746,0,0,0,0,0,0,0,0,0,0,0,0,0,0,0,0,0,0,0,0,0,0,0,0,0,0,0,0,0,0,0,0,0,0,0,0,0,0,0,0,0,0,0,0,0,0,0,0,0,0,0,0,0,0,0,0,0,0,0,0
GGB3653_SGB4964,Species,GGB3653_SGB4964,0,0,0,0,0,0,0,0,0,0,0,0,0,0,0,0,0,0,0,0,0,0,0,0,0,0,0,0,0,0,0,0,0,0,0,0,0,0,0,0,0,0,0,0,0,0,0,0,0,0,0,0,0,0,0,0,0,0,0,0
Phocaeicola_vulgatus,Species,Phocaeicola_vulgatus,0,0,0,0,0,0,0,0,0,0,0,0,0,0,0,0,0,0,0,0,0,0,0,0,0,0,0,0,0,0,0,0,0,0,0,0,0,0,0,0,0,0,0,0,0,0,0,0,0,0,0,0,0,0,0,0,0,0,0,0
Streptococcus_gordonii,Species,Streptococcus_gordonii,0.10465001104404843,0.008921542476972598,0,0,0,0,0,0,0,0,0.38463053218639176,0,0,0,0,0,0,0,0,0,0,0,0,0,0,0,0,0,0,0.011352332671734274,0,2.2223497777650225,0,0,0,0.05503461515426688,0,0,0,0,0.1423199715360057,0.3849983039942686,0,0,0,0,0,0,0,0.009427929046134337,0,0,0,0,0,0,0,0,0,0
Intestinibacter_bartlettii,Species,Intestinibacter_bartlettii,0,0,0,0,0,0,0,0,0,0,0,0,0,0,0,0,0,0,0,0,0,0,0,0,0,0,0,0,0,0,0,0,0,0,0,0,0,0,0,0,0,0,0,0,0,0,0,0,0,0,0,0,0,0,0,0,0,0,0,0
Oscillospiraceae_bacterium_CLA_AA_H250,Species,Oscillospiraceae_bacterium_CLA_AA_H250,0,0,0,0,0,0,0,0,0,0,0,0,0,0,0,0,0,0,0,0,0,0,0,0,0,0,0,0,0,0,0,0,0,0,0,0,0,0,0,0,0,0,0,0,0,0,0,0,0,0,0,0,0,0,0,0,0,0,0,0
Lactobacillus_delbrueckii,Species,Lactobacillus_delbrueckii,0,0,0,0,0,0,0,0,0,0,0,0,0,0,0,0,0,0,0,0,0,0,0,0,0,0,0,0,0,0,0,0,0,0,0,0,0,0,0,0,0,0,0,0,0,0,0,0,0,0,0,0,0,0,0,0,0,0,0,0
Tyzzerella_nexilis,Species,Tyzzerella_nexilis,0,0,0,0,0,0,0,0,0,0,0,0,0,0,0,0,0,0,0,0,0,0,0,0,0,0,0,0,0,0,0,0,0,0,0,0,0,0,0,0,0,0,0,0,0,0,0,0,0,0,0,0,0,0,0,0,0,0,0,0
Alloscardovia_omnicolens,Species,Alloscardovia_omnicolens,0,0,0,0,0,0,0,0,0,0,0.14620311566242802,0,0,0,0,0,0,0,0,0,0,0,0,0,0,0,0,0,0,0,0,0,0,0,0,0.014183553390860693,0,0,0,0,0,0,0,0,0,0,0,0,0,0,0,0,0,0,0,0,0.10802260778165121,0,0,0
Dialister_pneumosintes,Species,Dialister_pneumosintes,0.019970610086081357,0.3347958181965846,0,0,0,0,0,0,0,0,0.04117659916141962,0,0,0,0,0,0,0,0,0,0,0,0,0,0,0,0,0,0,0,0,0,0,0,0,0,0,0,0,0,0,0,0,0,0,0,0,0,0,0,0,0,0,0,0,0,0,0,0,0
Limosilactobacillus_portuensis,Species,Limosilactobacillus_portuensis,0,0,0,0,0,0,0,0,0,0,0,0,0,0,0,0,0,0,0,0,0,0,0,0,0,0,0,0,0,0,0,0,0,0,0,0,0,0,0,0,0,0,0,0,0,0,0,0,0,0,0,0,0,0,0,0,0,0,0,0
Veillonella_rogosae,Species,Veillonella_rogosae,0.10123794700924056,0.77653875341849,0.18195003639000729,0.843197645504071,0,0,0,0,0,0,0.10466390457101549,0,1.9735801973580196,0,0,0,0,0.49652,0.9744900000000001,1.342564761930874,0,0,0,0,0,0.11109965288343478,0,0,0,0.7666546629706449,0,1.594059840594016,0,0,0,0.31326229011982976,0,0,0,0,0,0,0,0,0,0,0,1.913559808644019,0,0.9021071421418111,9.280787215763835,3.46203,0,0,0,0,0.2808207476269406,1.6041795374686783,0,0
Porphyromonas_bobii,Species,Porphyromonas_bobii,0,0.033093758019008455,1.3161502632300526,1.7274856033686246,0,0,0,0,0,1.6517401651740167,1.015162315676046,0.008770000877000089,0,0,0,0,0,12.251529999999999,3.71436,0.3275693513187687,0,0,0,0,0,0.6573624729045371,0,0,24.18554151412968,4.757609604032084,0,11.319628868037112,0,0,0,2.637442881353463,0,0,2.3776202377620237,0,0.059669988066002384,1.5862706585004906,0,0.32678357429025573,0.047080009416001885,19.782201978220197,4.252550425255042,18.83201811679819,0,2.7347367190119045,29.36817118954864,17.33712,0,0,0,0,16.817047254611378,9.52317840048345,15.28355200213632,0
Prevotella_histicola,Species,Prevotella_histicola,0,1.0108482310940767,0,0,0,0,0,0,0,0,0.023499267574264182,0,0,0,0,0,0,0,0,0,0,0,0,1.0690199806449476,0,0.14664950980516667,0,0,0,0,0,3.8578896142110386,0,0,0,0.2616572217555071,0,0,0,0,1.9640396071920787,3.3040392953021143,7.577080757708075,0,3.2937506587501315,0,0,0,0,0.023003337608271973,0,0,0,0,0,0,0,0.025980407443586907,1.6858477034036854,0
Rothia_SGB49305,Species,Rothia_SGB49305,0.715309118450104,0,0.550400110080022,0.09501946957744577,0,0,0.5387099461290055,3.23892,0,0,1.9675726223560932,0,4.367310436731044,0,0,0,0,0.39938999999999997,0,0,0,0,0,0.10543931396714244,1.4488798551120146,0.36958033592023987,0,0,0,0,3.2187151311979774,2.904239709576029,0,0,0,0.060558309984088524,0,0,0,0,8.102838379432324,0.017240223452507336,2.1465502146550213,0,3.214050642810128,0,0,0,0,0.11841559808374306,0,3.46787,0,0,0,0,0,0,3.9728090982283755,0
Streptococcus_oralis,Species,Streptococcus_oralis,0.12434966310383624,0.034916547628378564,0,0,0,0,0,0,0,1.205350120535012,0.5307127772054889,0.01706000170600017,6.318170631817063,0,0,0,0,0,2.16507,0,0.697406034801321,0,0,16.996159103612758,0,0.09036308301282751,0,5.66626,0.46578204216801683,3.949143617450789,0.5584238801069954,0,0.013719998628000137,0,0,0.3015472010851531,0,0,0,7.729419227058078,0.9102398179520363,0,0.22546002254600225,0,2.2683104536620906,0,0.7110100711010071,0,0,3.711437797619589,0,1.2977,1.020554858425175,0,0,0,0,0.4890553582852004,0,0
Streptococcus_intermedius,Species,Streptococcus_intermedius,0.1572259036274556,0.05259760683926864,0,0.012468300972166946,0,0,0,0,0,0,4.836185527976568,0,0,0,0,0,0,0,0,0,0,0,0,0,0,0,0,0,0,0,0,0,0,0,0,0.037229298486709944,0,0,0,0,0,0,0,0,0,0,0,0,0,0.7699947458515595,0.05706998287900514,0,0,0,5.979286286955379,0,0,4.6884099990644525,0,0
Tannerella_serpentiformis,Species,Tannerella_serpentiformis,0.011882011227095642,0,0.05116001023200205,0.1603854137102439,0,0,0,0,0,0,0.010193424254245758,0,0,0,0,0,0,0,0,0,0,0,0,0,0,0,0,0,0,0.06331665326202249,0.5531833440273127,0.9395099060490094,0,0,0,0.006393727348804534,0,0,0,0,0,0.18139756875827368,0,0,0,0,0,0,0,0.16562605394029775,0.7566597730020681,0.04183,0,0,0,0,0,0.24381126888057106,0,0
Prevotella_salivae,Species,Prevotella_salivae,0.2099422929652372,0.47746961156555956,0,0.18098565073815348,0,0,0.022889997711000226,0,0,0,0.01679094686939494,0,0,0,0,0,0,0,0,0,0,0,0,0,0,0,0,0,3.4126145602594264,1.0925741372976754,0,0,0,0,0,0.8454996252790173,0,0,0,0,0,0.10630303770135689,2.0320502032050203,2.298086503809729,0,0,0,0,0,0.01751045620049199,0.4158298752510374,0,0,0,0,0,0.07145125516104957,0.24295789783315394,0,0
Gemella_morbillorum,Species,Gemella_morbillorum,0.2186831981838185,0.6362244599327552,0.47394009478801896,0.05720396397832739,0,0,0,0,0,0,2.1267693321766012,0,0,0,0,0,0,0,0,0,0,0,0,0,0,0,0,0,0,0,0,0,0,0,0,2.625292776059295,0,0,0,0,2.2425295514940897,0.5267523641519422,0,0,4.615920923184184,0,0,0,0,1.475015684553633,0,0.23773000000000002,0,0,0,0,0,1.462951896843665,0,0
Prevotella_oris,Species,Prevotella_oris,0.7865510084004013,2.8326960658326796,0,0.2244494468981571,0,0,0,0,0,0,0.13328002937962438,0,0,0,0,0,0,0,0.6174299999999999,5.611237718834823,0,0,0,0.3120759579255218,0,0.08624828105418178,0,0,0,0.5737890767606895,0.6983592696281965,1.2611698738830126,0,0,0,0.007233409896195003,0,0,0,0,0,2.1133332065915087,0,0,0,0,0,0,0,0.2821904599473857,0,0.5804,0,0,0,0,0,0.07646626002658304,0,0
Prevotella_melaninogenica,Species,Prevotella_melaninogenica,4.359503897931917,3.31981633571896,0,1.191408749762902,0,0,10.185248981475102,5.86071,0,0.3677400367740037,1.3682657550602746,0,10.840671084067107,0,0,0,0,0.58955,0,0,0.10277025147124651,0,0,0,0,0.6682031980647223,0,0,0.22710024975326712,0.7576493061791325,0.6509027452060411,11.274628872537113,0,0,0,2.043332070774515,0,0,0,0,0,2.6783482605184874,12.837141283714129,10.776264996980727,0.23871004774200952,10.91131109113111,0,10.920688907931108,0,1.8040220840133685,19.137404258778723,1.91711,0,0,0,0,0,4.724420150176448,11.609025276764386,0
Prevotella_nigrescens,Species,Prevotella_nigrescens,0.5825697920136226,6.005777837997345,0,0,0,0,0,0,0,0,0.16432363960846372,0,0,0,0,0,0,0,0,0,0,0,0,0,0,0,0,0,0,0,0.6593419194303286,0,0,0,0,0,0,0,0,0,0,2.5022938602591336,0,0,0,0,0,0,0,0.010884604778584276,0,0.97482,0,0,0,0,0,0.3395363224217027,0,0
GGB1144_SGB1468,Species,GGB1144_SGB1468,0.04015196530372438,0.2450133033261657,0,0.038105931886823485,0,0,0,0,0,0,0.028394528629168764,0,0,0,0,0,0,0,0,0,0,0,0,0,0,0,0,0,0,0.2920692583277063,3.0338781043260976,0,0,0,0,0.2588549077118064,0,0,0,0,0,0.8928594656631382,0,3.4974356381975555,0,0,0,0,0,0,0,0,0,0,0,0,0,0,0,0
Capnocytophaga_gingivalis,Species,Capnocytophaga_gingivalis,0,0,0,0.040719768476169316,0,0,0,0,0,0,0.05071530743095591,0,0,0,0,0,0,0,0,0.9765493122874875,0,0,0,0,0,0.3721203371292805,0,0,0,0.1741724919745315,0.9146696888097253,0,0,0,0,0.009711990909576508,0,0,0,0,0,0,0,0,0,0,0,0,0,0.0329572884466799,0.17151994854401545,0,0,0,0,0,0.4436403328573586,0,4.072917493707819,0
Fusobacterium_nucleatum,Species,Fusobacterium_nucleatum,0.6939435763027335,2.6390145432281646,0.2514900502980101,0,0,0,0,0,0,0,0.6198951668765283,0.5208800520880053,0,0,0,0,0,0,2.19078,23.283736707041548,0,0,0,0.045411238836403786,0,0.05382770562198788,0,0,0,1.1781612136698214,0.08014700860443719,2.1750797824920216,0,0,0,0.002883247301280526,0,0,4.468390446839045,0,0,1.353862840664514,0.22369002236900223,0,0,0,0,0,0,0.5591207019720354,0,3.44289,0,0,0,0,0,25.315684074874145,2.0991804947947212,0
Peptostreptococcus_stomatis,Species,Peptostreptococcus_stomatis,0.4717981366718306,0.6662498554426574,0,0,0,0,0,0,0,0,0.005358598521006663,0,0,0,0,0,0,0,0,0,0,0,0,0,0,0,0,0,0,0,0,0,0,0,0,0.08782270113128507,0,0,0,0,0,0.023103700494393177,0,0,2.849710569942114,0,0,0,0,0,0,0,0,0,0,0,0,0.8652339585206886,0,0
Prevotella_denticola,Species,Prevotella_denticola,0,0.11152434426662794,0,0,0,0,0,0,0,0,0,0,0,0,0,0,0,0,0,0,0,0,0,0,0,0,0,0,0,0.023014838367286423,0.6512950310162284,0,0,0,0,0,0,0,0,0,0,0,0,0,0,0,0,0,0,1.1417909949520115,0,0,0,0,0,0,0,0,0,0
Metamycoplasma_salivarium,Species,Metamycoplasma_salivarium,0.6170316387651821,0.1461472202357191,0,0,0,0,0,0,0,0,0.24329245991803558,0,0,0,0,0,0,0,0,0,0,0,0,1.3811159479288464,0,0,0,0,0,0.4947466511911006,0.060361721716268524,0,0,0,0,0,0,0,0,0,0,0,0,0,3.3959406791881355,0,0,0,0,0,0,0,0,0,0,0,0.2507549722376994,0,0,0
Alloprevotella_tannerae,Species,Alloprevotella_tannerae,1.1893150612621044,6.061818491876536,0,0.03383966986743142,0,0,0,0,0,0,0.13443837304487957,0,0,0,0,0,0,0,0,0,0,0,0,0,0,0,0,0,0,1.1080104147830117,0,0,0,0,0,0,0,0,0,0,1.2194397561120487,0.2847488560716505,0,0,0.7323301464660292,0,0,0,0,0.06018903200053573,0,0,0,0,0,0,0,1.1366059515993228,0,0
Streptococcus_anginosus,Species,Streptococcus_anginosus,1.7785985910383342,1.7281260689901563,0,0.2941617706469556,0,0,0,0,0,0,0,0,1.7609201760920175,0,0,0,0,0,0,0,0,0,0,0.04500104698967707,0,0.10307324906286654,0,0,0,0,0,0,0,0,0,0,0,0,0,0,0,0.6271318892103017,0,0,0,0,0,0,0,0,0,0.43796,0,0,0,0,0,0,0,0
Corynebacterium_durum,Species,Corynebacterium_durum,0,0,0,0,0,0,0,0,0,0,0.25456364740864923,0,0,0,0,0,0,0,0,0,0,0,0,0,0,0.059314108233515524,0,0,0,0.2909629745427559,0.10590711014007521,0,0,0,0,0.05668363027745539,0,0,0,0,0,0,0,0,0,0,0,0,0,0.025673909784430203,0,0,0,0,0,0,0.526151069311721,0,0,0
Eubacterium_rectale,Species,Eubacterium_rectale,0,0,0,0,0,0,0,0,0,0,0,0,0,0,0,0,0,0,0,0,0,0,0,0,0,0,0,0,0,0,0,0,0,0,0,0,0,0,0,0,0,0,0,0,0,0,0,0,0,0,0,0,0,0,0,0,0,0,0,0
Lacticaseibacillus_rhamnosus,Species,Lacticaseibacillus_rhamnosus,0,0,0,0,0,0,0,0,0,0,0,0,0,0,0,0,0,0,0,0,0,0,0,0,0,0,0,0,0,0,0,0,0,0,0,0,0,0,0,0,0,0,0,0,0,0,0,0,0,0,0,0,0,0,0,0,0,0,0,0
Blautia_SGB101324,Species,Blautia_SGB101324,0,0,0,0,0,0,0,0,0,0,0,0,0,0,0,0,0,0,0,0,0,0,0,0,0,0,0,0,0,0,0,0,0,0,0,0,0,0,0,0,0,0,0,0,0,0,0,0,0,0,0,0,0,0,0,0,0,0,0,0
Coprococcus_comes,Species,Coprococcus_comes,0,0,0,0,0,0,0,0,0,0,0,0,0,0,0,0,0,0,0,0,0,0,0,0,0,0,0,0,0,0,0,0,0,0,0,0,0,0,0,0,0,0,0,0,0,0,0,0,0,0,0,0,0,0,0,0,0,0,0,0
Faecalibacterium_prausnitzii,Species,Faecalibacterium_prausnitzii,0,0,0,0,0,0,0,0,0,0,0,0,0,0,0,0,0,0,0,0,0,0,0,0,0,0,0,0,0,0,0,0,0,0,0,0,6.67701,0,0,0,0,0,0,0,0,0,0,0,0,0,0,0,0,0,0,0,0,0,0,0
Latilactobacillus_sakei,Species,Latilactobacillus_sakei,0,0,0,0,0,0,0,0,0,0,0,0,0,0,0,0,0,0,0,0,0,0,0,0,0,0,0,0,0,0,0,0,0,0,0,0,0,0,0,0,0,0,0,0,0,0,0,0,0,0,0,0,0,0,0,0,0,0,0,0
GGB51647_SGB4348,Species,GGB51647_SGB4348,0,0,0,0,0,0,0,0,0,0,0,0,0,0,0,0,0,0,0,0,0,0,0,0,0,0,0,0,0,0,0,0,0,0,0,0,0,0,0,0,0,0,0,0,0,0,0,0,0,0,0,0,0,0,0,0,0,0,0,0
Actinomyces_johnsonii,Species,Actinomyces_johnsonii,0,0,0,0,0,0,0,0,0,0,0,0,0,0,0,0,0,0,0,0,0,0,0,0,0,0,0,0,0,0,0,0,0,0,0,0,0,0,0,0,0,0,0,0,0,0,0,0,0,0.021273535175987672,0,0,0,0,0,0,0,0,0,0
Ruminococcus_lactaris,Species,Ruminococcus_lactaris,0,0,0,0,0,0,0,0,0,0,0,0,0,0,0,0,0,0,0,0,0,0,0,0,0,0,0,0,0,0,0,0,0,0,0,0,0,0,0,0,0,0,0,0,0,0,0,0,0,0,0,0,0,0,0,0,0,0,0,0
Limosilactobacillus_pontis,Species,Limosilactobacillus_pontis,0,0,0,0,0,0,0,0,0,0,0,0,0,0,0,0,0,0,0,0,0,0,0,0,0,0,0,0,0,0,0,0,0,0,0,0,0,0,0,0,0,0,0,0,0,0,0,0,0,0,0,0,0,0,0,0,0,0,0,0
Lactobacillus_acidophilus,Species,Lactobacillus_acidophilus,0,0,0,0,0,0,0,0,0,0,0,0,0,0,0,0,0,0,0,0,0,0,0,0,0,0,0,0,0,0,0,0,0,0,0,0,0,0,0,0,0,0,0,0,0,0,0,0,0,0,0,0,0,0,0,0,0,0,0,0
Lactococcus_cremoris,Species,Lactococcus_cremoris,0,0,0,0,0,0,0,0,0,0,0,0,0,0,0,0,0,0,0,0,0,0,0,0,0,0,0,0,0,0,0,0,0,0,0,0,0,0,0,0,0,0,0,0,0,0,0,0,0,0,0,0,0,0,0,0,0,0,0,0
Mediterraneibacter_glycyrrhizinilyticus,Species,Mediterraneibacter_glycyrrhizinilyticus,0,0,0,0,0,0,0,0,0,0,0,0,0,0,0,0,0,0,0,0,0,0,0,0,0,0,0,0,0,0,0,0,0,0,0,0,0,0,0,0,0,0,0,0,0,0,0,0,0,0,0,0,0,0,0,0,0,0,0,0
Staphylococcus_xylosus,Species,Staphylococcus_xylosus,0,0,0,0,0,0,0,0,0,0,0,0,0,0,0,0,0,0,0,0,0,0,0,0,0,0,0,0,0,0,0,0,0,0,0,0,0,0,0,0,0,0,0,0,0,0,0,0,0,0,0,0,0,0,0,0,0,0,0,0
Phocaeicola_dorei,Species,Phocaeicola_dorei,0,0,0,0,0,0,0,0,0,0,0,0,0,0,0,0,0,0,0,0,0,0,0,0,0,0,0,0,0,0,0,0,0,0,0,0,0,0,0,0,0,0,0,0,0,0,0,0,0,0,0,0,0,0,0,0,0,0,0,0
Ligilactobacillus_saerimneri,Species,Ligilactobacillus_saerimneri,0,0,0,0,0,0,0,0,0,0,0,0,0,0,0,0,0,0,0,0,0,0,0,0,0,0,0,0,0,0,0,0,0,0,0,0,0,0,0,0,0,0,0,0,0,0,0,0,0,0,0,0,0,0,0,0,0,0,0,0
Actinomyces_massiliensis,Species,Actinomyces_massiliensis,0,0,0,0,0,0,0,0,0,0,0.03458914909988136,0,0,0,0,0,0,0,0,0,0,0,0,0,0,0,0,0,0,0,0,0,0,0,0,0,0,0,0,0,0,0,0,0,0,0,0,0,0,0.03400933203122708,0,0,0,0,0,0,0,0,0,0
Candidatus_Nanosynsacchari_sp_TM7_ANC_38_39_G1_1,Species,Candidatus_Nanosynsacchari_sp_TM7_ANC_38_39_G1_1,0.38231173961776654,1.1208130775837992,0,0.05046407116365401,0,0,0,0,0,0,0.0909753042137823,0,0,0,0,0,0,0,0.30526,0,0,0,0,0,0,0,0,0,0,0,0,0,0,0,0,0,0,0,0,0,0,4.05907703268038,0,0,0,0,0,0,0,0.20979165288388413,0,0,0,0,0,0,0,0,0,0
Lactobacillus_amylovorus,Species,Lactobacillus_amylovorus,0,0,0,0,0,0,0,0,0,0,0,0,0,0,0,0,0,0,0,0,0,0,0,0,0,0,0,0,0,0,0,0,0,0,0,0,0,0,0,0,0,0,0,0,0,0,0,0,0,0,0,0,0,0,0.6791315559324566,0,0,0,0,0
Bifidobacterium_animalis,Species,Bifidobacterium_animalis,0,0,0,0,0,0,0,0,0,0,0,0,0,0,0,0,0,0,0,0,0,0,0,0,0,0,0,0,0,0,0,0,0,0,0,0,0,0,0,0,0,0,0,0,0,0,0,0,0,0,0,0,0,0,0,0,0,0,0,0
Blautia_SGB59878,Species,Blautia_SGB59878,0,0,0,0,0,0,0,0,0,0,0,0,0,0,0,0,0,0,0,0,0,0,0,0,0,0,0,0,0,0,0,0,0,0,0,0,0,0,0,0,0,0,0,0,0,0,0,0,0,0,0,0,0,0,0,0,0,0,0,0
Lactococcus_lactis,Species,Lactococcus_lactis,0,0,0,0,0,0,0,0,0,0,0,0,0,0,0,0,0,0,0,0,0,0,0,0,0,0,0,0,0,0,0,0,0,0,0,0,0,0,0,0,0,0,0,0,0,0,0,0,0,0,0,0,0,0,0,0,0,0,0,0
Arachnia_propionica,Species,Arachnia_propionica,0,0,0,0,0,0,0,0,0,0,0.026188639388378426,0,0,0,0,0,0,0,0,0,0,0,0,0,0,0,0,0,0,0,0,0,0,0,0,0,0,0,0,0,0,0,0,0,0,0,0,0,0,0.07166035339357901,0,0,0,0,0,0,0.009317988311379347,0,0,0
Leuconostoc_mesenteroides,Species,Leuconostoc_mesenteroides,0,0,0,0,0,0,0,0,0,0,0,0,0,0,0,0,0,0,0,0,0,0,0,0,0,0,0,0,0,0,0,0,0,0,0,0,0,0,0,0,0,0,0,0,0,0,0,0,0,0,0,0,0,0,0,0,0,0,0,0
Bacteroides_uniformis,Species,Bacteroides_uniformis,0,0,0,0,0,0,0,0,0,0,0,0,0,0,0,0,0,0,0,0,0,0,0,0,0,0,0,0,0,0,0,0,0,0,0,0,0,0,0,0,0,0,0,0,0,0,0,0,0,0,0,0,0,0,0,0,0,0,0,0
Paraprevotella_clara,Species,Paraprevotella_clara,0,0,0,0,0,0,0,0,0,0,0,0,0,0,0,0,0,0,0,0,0,0,0,0,0,0,0,0,0,0,0,0,0,0,0,0,0,0,0,0,0,0,0,0,0,0,0,0,0,0,0,0,0,0,0,0,0,0,0,0
Parabacteroides_merdae,Species,Parabacteroides_merdae,0,0,0,0,0,0,0,0,0,0,0,0,0,0,0,0,0,0,0,0,0,0,0,0,0,0,0,0,0,0,0,0,0,0,0,0,0,0,0,0,0,0,0,0,0,0,0,0,0,0,0,0,0,0,0,0,0,0,0,0
Pediococcus_pentosaceus,Species,Pediococcus_pentosaceus,0,0,0,0,0,0,0,0,0,0,0,0,0,0,0,0,0,0,0,0,0,0,0,0,0,0,0,0,0,0,0,0,0,0,0,0,0,0,0,0,0,0,0,0,0,0,0,0,0,0,0,0,0,0,0,0,0,0,0,0
Parabacteroides_distasonis,Species,Parabacteroides_distasonis,0,0,0,0,0,0,0,0,0,0,0,0,0,0,0,0,0,0,0,0,0,0,0,0,0,0,0,0,0,0,0,0,0,0,0,0,0,0,0,0,0,0,0,0,0,0,0,0,0,0,0,0,0,0,0,0,0,0,0,0
Gemmiger_formicilis,Species,Gemmiger_formicilis,0,0,0,0,0,0,0,0,0,0,0,0,0,0,0,0,0,0,0,0,0,0,0,0,0,0,0,0,0,0,0,0,0,0,0,0,0,0,0,0,0,0,0,0,0,0,0,0,0,0,0,0,0,0,0,0,0,0,0,0
Anaerostipes_caccae,Species,Anaerostipes_caccae,0,0,0,0,0,0,0,0,0,0,0,0,0,0,0,0,0,0,0,0,0,0,0,0,0,0,0,0,0,0,0,0,0,0,0,0,0,0,0,0,0,0,0,0,0,0,0,0,0,0,0,0,0,0,0,0,0,0,0,0
Bifidobacterium_breve,Species,Bifidobacterium_breve,0,0,0,0,0,0,0,0,0,0,0,0,0,0,0,0,0,0,0,0,0,0,0,0,0,0,0,0,0,0,0.00603516631057509,0,0,0,0,0,0,0,0,0,0,0,0,0,0,0,0,0,0,0,0,0,0,0,0,0,0,0,0,0
Acidaminococcus_intestini,Species,Acidaminococcus_intestini,0,0,0,0,0,0,0,0,0,0,0,0,0,0,0,0,0,0,0,0,0,0,0,0,0,0,0,0,0,0,0,0,0,0,0,0,0,0,0,0,0,0,0,0,0,0,0,0,0,0,0,0,0,0,0,0,0,0,0,0
Dialister_invisus,Species,Dialister_invisus,0,0.025711460101059503,0,0,0,0,0,0,0,0,0,0,0,0,0,0,0,0,0,0,0,0,0,0.013586354337923847,0,0,0,0,0,0,0.19930130879622474,0,0,0,0,0,0,0,0,0,0,0.04083421468931076,0,0,0,0,0,0,0,0.28873538493971285,0,0,0,0,0,0,0,0,0,0
Parasutterella_SGB9260,Species,Parasutterella_SGB9260,0,0,0,0,0,0,0,0,0,0,0,0,0,0,0,0,0,0,0,0,0,0,0,0,0,0,0,0,0,0,0,0,0,0,0,0,0,0,0,0,0,0,0,0,0,0,0,0,0,0,0,0,0,0,0,0,0,0,0,0
Ruminococcus_bromii,Species,Ruminococcus_bromii,0,0,0,0,0,0,0,0,0,0,0,0,0,0,0,0,0,0,0,0,0,0,0,0,0,0,0,0,0,0,0,0,0,0,0,0,0,0,0,0,0,0,0,0,0,0,0,0,0,0,0,0,0,0,0,0,0,0,0,0
Mediterraneibacter_faecis,Species,Mediterraneibacter_faecis,0,0,0,0,0,0,0,0,0,0,0,0,0,0,0,0,0,0,0,0,0,0,0,0,0,0,0,0,0,0,0,0,0,0,0,0,0,0,0,0,0,0,0,0,0,0,0,0,0,0,0,0,0,0,0,0,0,0,0,0
Faecalicatena_fissicatena,Species,Faecalicatena_fissicatena,0,0,0,0,0,0,0,0,0,0,0,0,0,0,0,0,0,0,0,0,0,0,0,0,0,0,0,0,0,0,0,0,0,0,0,0,0,0,0,0,0,0,0,0,0,0,0,0,0,0,0,0,0,0,0,0,0,0,0,0
Blautia_obeum,Species,Blautia_obeum,0,0,0,0,0,0,0,0,0,0,0,0,0,0,0,0,0,0,0,0,0,0,0,0,0,0,0,0,0,0,0,0,0,0,0,0,0,0,0,0,0,0,0,0,0,0,0,0,0,0,0,0,0,0,0,0,0,0,0,0
Eubacterium_sp_AF34_35BH,Species,Eubacterium_sp_AF34_35BH,0,0,0,0,0,0,0,0,0,0,0,0,0,0,0,0,0,0,0,0,0,0,0,0,0,0,0,0,0,0,0,0,0,0,0,0,0,0,0,0,0,0,0,0,0,0,0,0,0,0,0,0,0,0,0,0,0,0,0,0
Collinsella_aerofaciens,Species,Collinsella_aerofaciens,0,0,0,0,0,0,0,0,0,0,0,0,0,0,0,0,0,0,0,0,0,0,0,0,0,0,0,0,0,0,0,0,0,0,0,0,0,0,0,0,0,0,0,0,0,0,0,0,0,0,0,0,0,0,0,0,0,0,0,0
Eubacterium_ramulus,Species,Eubacterium_ramulus,0,0,0,0,0,0,0,0,0,0,0,0,0,0,0,0,0,0,0,0,0,0,0,0,0,0,0,0,0,0,0,0,0,0,0,0,0,0,0,0,0,0,0,0,0,0,0,0,0,0,0,0,0,0,0,0,0,0,0,0
Roseburia_lenta,Species,Roseburia_lenta,0,0,0,0,0,0,0,0,0,0,0,0,0,0,0,0,0,0,0,0,0,0,0,0,0,0,0,0,0,0,0,0,0,0,0,0,0,0,0,0,0,0,0,0,0,0,0,0,0,0,0,0,0,0,0,0,0,0,0,0
Neisseria_subflava,Species,Neisseria_subflava,0,0.74578424206484,0.8092001618400324,2.061706172319731,0,0,0,0,0,0.8397500839750084,0.1532035404220138,0.018500001850000183,0,0,0,0,8.848090000000001,30.76683,19.755039999999997,11.816323407187763,0,0,0,0,0,10.02869693365974,0,13.39699,0,3.3869033162769187,0,0,0,0,0,4.819757588706897,0,0,0.17478001747800173,0,0,0,0,0,0,0,0,0,0,0.4685640272713975,0,3.89757,0,0,0,0,0.5392022580958656,0.5541538731245854,0,0
Burkholderia_contaminans,Species,Burkholderia_contaminans,0,0,0,0,0,0,0,0,0,0,0,0,0,0,0,0,0,4.26339,0,0,0,100,0,0,0,0.12333229870617418,0,0,0,0,0,0,0,0,0,0.012008472093403454,0,0,0,0,0,0,0,0,0,0,0,0,0,0,0,0,0,0,0,0,0,0,0,100
Fusobacterium_periodonticum,Species,Fusobacterium_periodonticum,0,0.6335712883902276,0,0.20742445761889303,0,0,0,0,0,0,0.1271559167841882,0,0,0,0,0,0,1.52661,0.48762,4.559300088677696,0,0,0,0,0,0,0,0,0,0.32755305225247133,0,0.3635799636420036,0,0,0,0.2916632270032195,0,0,0,0,0,0.6327051941801488,0,0,0,0,0,0,0,0.3231594649225403,0,1.0156999999999998,0,0,0,0,0,1.6681718305799298,0,0
Lachnoanaerobaculum_sp_ICM7,Species,Lachnoanaerobaculum_sp_ICM7,0,0,0,0.28198389596249374,0,0,0,0,0,0,0.015451297239143274,0,0,0,0,0,0,0.8227099999999999,0,0,0,0,0,0,0,0,0,0,0.16442190099721282,0.08339518700383301,1.3262177381383584,0,0,0,0,0.055752897815287646,0,0,0,0,0,0,0,0,0,0,0,0,0,0.07730497185682253,0.5100598469820459,1.14524,0,0,0,0,0.4493151979191761,0,0,0
Prevotella_nanceiensis,Species,Prevotella_nanceiensis,0.2773205221702373,0,0.10042002008400401,0.1773603294916278,0,0,0.7161299283870072,0,0,0,0.0901594273712982,0.17995001799500182,0,0,0,0,0,0.6172000000000001,0,0,0,0,0,0.3589278705650633,0,0,0,10.78621,0,0.05090973230930743,10.730404996876299,1.1498298850170114,0,0,0,0.615831273581928,0,0,0,0,0,0,0.07695000769500077,0.5116955548572039,0,0,0,0,0,0.20762687089260437,0,0,0,0,0,0,0.1016771678359858,1.0874475650900863,0,0
Campylobacter_showae,Species,Campylobacter_showae,0,0,0,0.03365940527506274,0,0,0,0,0,0,0.05225640813342588,0,0,0,0,0,0,0.47393,0.49921000000000004,0,0,0,0,0,0,0,0,0,0,0,0,0,0,0,0,0,0,0,0,0,0,0,0,0,0,0,0,0,0,0,0,0,0,0,0,0,0,0,0,0
Solobacterium_SGB6829,Species,Solobacterium_SGB6829,0.7894412273475327,0.3853174702029595,0.03174000634800127,0.25159929744879533,0,0,0,0.77694,0,0,0.22057885152542278,0,0,0,0,0,0,0.32461999999999996,0,0,0,0,0,0,0,0.13651998498351287,0,0,0.13900851593432245,0.23622777493969463,0.6865001678279165,1.2642898735710126,0,0,0,0.6976042137091226,0,0,0,0,0,0.6574798855721443,0.059110005911000595,0,0,0,0,0,0,0.16101324745420625,0,0,0,0,0,0,0.1623491819536889,0.02284084482469441,0,0
Prevotella_pallens,Species,Prevotella_pallens,1.2224020469172854,1.0675369879454872,0.14036002807200562,0.6370851135296388,0,0,0,0,0,0,0.002236106901623081,0,0,0,0,0,0,0.23257,0,0.10198753437948734,0,0,0,0,0,0.3858769836774442,0,0,0,2.0146461634026642,0.14424047482274466,0.698749930125007,0,0,0,1.4369194050434368,0,0,0,0,0,0.6749702573626161,0,16.534630780302976,0,0,0,0,0,0.29305483311857483,0,0.23676,0,0,0,0,0.08636403989139889,1.874297812588761,3.233468531088569,0
Oribacterium_SGB5283,Species,Oribacterium_SGB5283,0,0,0,0.04946260120605024,0,0,0,0,0,0,0,0,0,0,0,0,0,0.16888,0,0,0,0,0,0,0,0,0,0,0.007170955171228808,0,0,0,0,0,0,0.05689608007860238,0,0,0,0,0,0,0,0,0,0,0,0,0,0.0185523839813416,0,0,0,0,0,0,0,0,0,0
Peptostreptococcus_SGB749,Species,Peptostreptococcus_SGB749,1.1593691816154377,0,0,0.3286323665876774,0,0,0,0,0,0,0.12732715019557375,0,0,0,0,0,0,0.04562,0,0,0,0,0,0.03533652689362815,0,0.3948279479381032,0,0,0,0.4441367528048171,0.5366972813889251,0.6727199327280067,0,0,0,0.6989598457735844,0,0,0,0,0,0.04442634482247973,0,1.9089117648533593,0,0,0,0,0,1.0543196403791322,3.854938843518347,3.58259,0,0,0,0,0.6795625890075562,1.1502493529129663,0.9858365626986874,0
Eubacterium_sulci,Species,Eubacterium_sulci,0.826080773791896,0.14190417108946313,0,0.7637810778660918,0,0,1.0247398975260102,2.96379,0,0,0,0,0,0,0,0,0,0.02884,0,0,0,0,0,0,0,1.1228735744878215,0,0,0.10729429159964107,0.5516323837592991,0,0,0,0,0,0.8369004666611631,0,0,0,0,0,0.9613000509302015,0,3.078943089372657,0,0,0,0,0,0.26880725165550184,0,0,0,0,0,0,0,0.18858446603414664,0,0
Limosilactobacillus_mucosae,Species,Limosilactobacillus_mucosae,0,0,0,0,0,0,0,0,0,0,0,0,0,0,0,0,0,0,0,0,0,0,0,0,0,0,0,0,0,0,0,0,0,0,0,0,0,0,0,0,0,0,0,0,0,0,0,0,0,0,0,0,0,0,0,0,0,0,0,0
Candidatus_Cibionibacter_quicibialis,Species,Candidatus_Cibionibacter_quicibialis,0,0,0,0,0,0,0,0,0,0,0,0,0,0,0,0,0,0,0,0,0,0,0,0,0,0,0,0,0,0,0,0,0,0,0,0,0,0,0,0,0,0,0,0,0,0,0,0,0,0,0,0,0,0,0,0,0,0,0,0
Pediococcus_acidilactici,Species,Pediococcus_acidilactici,0,0,0,0,0,0,0,0,0,0,0,0,0,0,0,0,0,0,0,0,0,0,0,0,0,0,0,0,0,0,0,0,0,0,0,0,0,0,0,0,0,0,0,0,0,0,0,0,0,0,0,0,0,0,0,0,0,0,0,0
Parafannyhessea_umbonata,Species,Parafannyhessea_umbonata,0,0,0,0,0,0,0,0,0,0,0,0,0,0,0,0,0,0,0,0,0,0,0,0,0,0,0,0,0,0,0,0,0,0,0,0,0,0,0,0,0,0,0,0,0,0,0,0,0,0,0,0,0,0,2.1098843313083133,0,0,0,0,0
Drancourtella_massiliensis,Species,Drancourtella_massiliensis,0,0,0,0,0,0,0,0,0,0,0,0,0,0,0,0,0,0,0,0,0,0,0,0,0,0,0,0,0,0,0,0,0,0,0,0,0,0,0,0,0,0,0,0,0,0,0,0,0,0,0,0,0,0,0,0,0,0,0,0
Anaerotignum_lactatifermentans,Species,Anaerotignum_lactatifermentans,0,0,0,0,0,0,0,0,0,0,0,0,0,0,0,0,0,0,0,0,0,0,0,0,0,0,0,0,0,0,0,0,0,0,0,0,0,0,0,0,0,0,0,0,0,0,0,0,0,0,0,0,0,0,0,0,0,0,0,0
GGB3609_SGB4877,Species,GGB3609_SGB4877,0,0,0,0,0,0,0,0,0,0,0,0,0,0,0,0,0,0,0,0,0,0,0,0,0,0,0,0,0,0,0,0,0,0,0,0,0,0,0,0,0,0,0,0,0,0,0,0,0,0,0,0,0,0,0,0,0,0,0,0
Anaeromassilibacillus_senegalensis,Species,Anaeromassilibacillus_senegalensis,0,0,0,0,0,0,0,0,0,0,0,0,0,0,0,0,0,0,0,0,0,0,0,0,0,0,0,0,0,0,0,0,0,0,0,0,0,0,0,0,0,0,0,0,0,0,0,0,0,0,0,0,0,0,0,0,0,0,0,0
Gordonibacter_urolithinfaciens,Species,Gordonibacter_urolithinfaciens,0,0,0,0,0,0,0,0,0,0,0,0,0,0,0,0,0,0,0,0,0,0,0,0,0,0,0,0,0,0,0,0,0,0,0,0,0,0,0,0,0,0,0,0,0,0,0,0,0,0,0,0,0,0,0,0,0,0,0,0
Schaalia_meyeri,Species,Schaalia_meyeri,0.009312927718534423,0,0,0,0,0,0,0,0,0,0.39151008630264655,0,0,0,0,0,0,0,0,0,0,0,0,0,0,0,0,0,0,0,1.3142178157908315,0,0,0,0,0.007192943267405102,0,0,0,0,0,0.4015881417680685,0,0,0,0,0,0,0,0.1630262923900225,0,0.61165,0,0,0,0,0.09974551182728954,0,1.1690579870536164,0
Faecalicatena_contorta,Species,Faecalicatena_contorta,0,0,0,0,0,0,0,0,0,0,0,0,0,0,0,0,0,0,0,0,0,0,0,0,0,0,0,0,0,0,0,0,0,0,0,0,0,0,0,0,0,0,0,0,0,0,0,0,0,0,0,0,0,0,0,0,0,0,0,0
GGB9480_SGB14875,Species,GGB9480_SGB14875,0,0,0,0,0,0,0,0,0,0,0,0,0,0,0,0,0,0,0,0,0,0,0,0,0,0,0,0,0,0,0,0,0,0,0,0,0,0,0,0,0,0,0,0,0,0,0,0,0,0,0,0,0,0,0,0,0,0,0,0
Massilioclostridium_coli,Species,Massilioclostridium_coli,0,0,0,0,0,0,0,0,0,0,0,0,0,0,0,0,0,0,0,0,0,0,0,0,0,0,0,0,0,0,0,0,0,0,0,0,0,0,0,0,0,0,0,0,0,0,0,0,0,0,0,0,0,0,0,0,0,0,0,0
Paraeggerthella_hongkongensis,Species,Paraeggerthella_hongkongensis,0,0,0,0,0,0,0,0,0,0,0,0,0,0,0,0,0,0,0,0,0,0,0,0,0,0,0,0,0,0,0,0,0,0,0,0,0,0,0,0,0,0,0,0,0,0,0,0,0,0,0,0,0,0,0,0,0,0,0,0
Clostridiales_bacterium_KLE1615,Species,Clostridiales_bacterium_KLE1615,0,0,0,0,0,0,0,0,0,0,0,0,0,0,0,0,0,0,0,0,0,0,0,0,0,0,0,0,0,0,0,0,0,0,0,0,0,0,0,0,0,0,0,0,0,0,0,0,0,0,0,0,0,0,0,0,0,0,0,0
GGB3449_SGB4601,Species,GGB3449_SGB4601,0,0,0,0,0,0,0,0,0,0,0,0,0,0,0,0,0,0,0,0,0,0,0,0,0,0,0,0,0,0,0,0,0,0,0,0,0,0,0,0,0,0,0,0,0,0,0,0,0,0,0,0,0,0,0,0,0,0,0,0
Merdimonas_faecis,Species,Merdimonas_faecis,0,0,0,0,0,0,0,0,0,0,0,0,0,0,0,0,0,0,0,0,0,0,0,0,0,0,0,0,0,0,0,0,0,0,0,0,0,0,0,0,0,0,0,0,0,0,0,0,0,0,0,0,0,0,0,0,0,0,0,0
Anaerostipes_butyraticus,Species,Anaerostipes_butyraticus,0,0,0,0,0,0,0,0,0,0,0,0,0,0,0,0,0,0,0,0,0,0,0,0,0,0,0,0,0,0,0,0,0,0,0,0,0,0,0,0,0,0,0,0,0,0,0,0,0,0,0,0,0,0,0,0,0,0,0,0
Clostridia_bacterium_UC5_1_1D1,Species,Clostridia_bacterium_UC5_1_1D1,0,0,0,0,0,0,0,0,0,0,0,0,0,0,0,0,0,0,0,0,0,0,0,0,0,0,0,0,0,0,0,0,0,0,0,0,0,0,0,0,0,0,0,0,0,0,0,0,0,0,0,0,0,0,0,0,0,0,0,0
Clostridioides_difficile,Species,Clostridioides_difficile,0,0,0,0,0,0,0,0,0,0,0,0,0,0,0,0,0,0,0,0,0,0,0,0,0,0,0,0,0,0,0,0,0,0,0,0,0,0,0,0,0,0,0,0,0,0,0,0,0,0,0,0,0,0,0,0,0,0,0,0
Proteus_mirabilis,Species,Proteus_mirabilis,0,0,0,0,0,0,0,0,0,0,0,0,0,0,0,0,0,0,0,0,0,0,0,0,0,0,0,0,0,0,0,0,0,0,0,0,0,0,0,0,0,0,0,0,0,0,0,0,0,0,0,0,0,0,0,0,0,0,0,0
Lactiplantibacillus_plantarum,Species,Lactiplantibacillus_plantarum,0,0,0,0,0,0,0,0,0,0,0,0,0,0,0,0,0,0,0,0,0,0,0,0,0,0,0,0,0,0,0,0,0,0,0,0,0,0,0,0,0,0,0,0,0,0,0,0,0,0,0,0,0,0,0,0,0,0,0,0
Enterobacter_hormaechei,Species,Enterobacter_hormaechei,0,0,0,0,0,0,0,0,0,0,0,0,0,0,0,0,0,0,0,0,0,0,0,0,0,0,0,0,0,0,0,0,0,0,0,0,0,0,0,0,0,0,0,0,0,0,0,0,0,0,0,0,0,0,0,0,0,0,0,0
Clostridiaceae_bacterium,Species,Clostridiaceae_bacterium,0,0,0,0,0,0,0,0,0,0,0,0,0,0,0,0,0,0,0,0,0,0,0,0,0,0,0,0,0,0,0,0,0,0,0,0,0,0,0,0,0,0,0,0,0,0,0,0,0,0,0,0,0,0,0,0,0,0,0,0
Bifidobacterium_pseudolongum,Species,Bifidobacterium_pseudolongum,0,0,0,0,0,0,0,0,0,0,0,0,0,0,0,0,0,0,0,0,0,0,0,0,0,0,0,0,0,0,0,0,0,0,0,0,0,0,0,0,0,0,0,0,0,0,0,0,0,0,0,0,0,0,0,0,0,0,0,0
Lactobacillus_johnsonii,Species,Lactobacillus_johnsonii,0,0,0,0,0,0,0,0,0,0,0,0,0,0,0,0,0,0,0,0,0,0,0,0,0,0,0,0,0,0,0,0,0,0,0,0,0,0,0,0,0,0,0,0,0,0,0,0,0,0,0,0,0,0,0,0,0,0,0,0
Blautia_glucerasea,Species,Blautia_glucerasea,0,0,0,0,0,0,0,0,0,0,0,0,0,0,0,0,0,0,0,0,0,0,0,0,0,0,0,0,0,0,0,0,0,0,0,0,0,0,0,0,0,0,0,0,0,0,0,0,0,0,0,0,0,0,0,0,0,0,0,0
Schaalia_SGB17168,Species,Schaalia_SGB17168,0,0.038106429444776255,4.369180873836174,12.1274106132982,0,0,0,0,0,0,0,0,0,0,0,0,0,0,7.608810000000001,0,0,0,0,0,0,0,0,0,12.394500947526211,3.9818668714635757,0,5.142099485790051,0,0,0,0,0,0,0,0,0,0.27984594864754797,0,0.09176013999689119,0,0,0.42556004255600427,0,0,2.697551024619641,0.4489398653180404,0,0,0,0,0,0.6674021638750901,0.7983338825812009,0,0
Haemophilus_sputorum,Species,Haemophilus_sputorum,0,0,0,0,0,0,0,0,0,0,0.04702875280936111,0,0,0,0,0,0,0,4.11881,1.172258162992633,0,0,0,0,0,0,0,0,0,0,0,0,0,0,0,0.013637253902197015,0,0,0,0,0,0,0,0,0,0,0,0,0,0.056759774547059834,0,0,0,0,0,0,0,0,0,0
Porphyromonas_endodontalis,Species,Porphyromonas_endodontalis,1.3366158727412512,3.5275738447513887,2.534400506880101,1.5793081084415703,0,0,0,0,0,0,0,0,0,0,0,0,0,0,2.88501,16.3663240005549,0,0,0,0,0,0.006695443187030957,0,0,0.1747532771365146,0.08297128387128191,0,0,0,0,0,0.11266921120828498,0,0,0,0,0,0,0,0,0,0,0,0,0,0,0,0,0,0,0,0,0,0.3943417074669334,0,0
Haemophilus_parahaemolyticus,Species,Haemophilus_parahaemolyticus,0,0.09873443717421435,0,0,0,0,0,0,0,0,0,0,0,0,0,0,0,0,1.61345,0,0,0,0,0,0,0,0,0,0,0,0,0,0,0,0,0,0,0,0,0,0,0,0,0,0,0,0,0,0,0,0,0,0,0,0,0,0,0.1684617660271511,0,0
Capnocytophaga_leadbetteri,Species,Capnocytophaga_leadbetteri,0,0,0,0.0241153965790988,0,0,0,0,0,2.590880259088026,0.7252842953075297,0,0,0,0,0,0,0,1.42332,0,0,0,0,0,0,0,0,0,0,0,1.2201899246720718,2.660649733935027,0,0,0,0.04617242344927831,0,0,0,0,0,0,0,0,0,0,0.4437700443770044,0,0,0.12314979421420538,0,0,0,0,0,0,0,0.16195086099870962,0,0
Oribacterium_sinus,Species,Oribacterium_sinus,0.4499609268490602,0.13640542243452994,1.7912903582580717,1.1984991570627368,0,0,0.2697799730220027,1.4034200000000001,0,0,0.6066094686637318,0,0.14401001440100145,0,0,0,0,0,1.4100899999999998,2.214814454096095,0,0,0,0.21108872619724242,0,0.058044107628995235,0,0,0.015862112833429413,0.09200765796517604,2.4140564656195185,0,0,0,0,0.16617621112573305,0,0,0,0,0,2.521425205146652,0.1290700129070013,2.0083057918177625,0.50144010028802,0,0,0,0,0.10068259420190458,0.3151899054430284,0,0,0,0,0,0.22573352134785152,0.03152205152928306,2.526981460729647,0
Limosilactobacillus_vaginalis,Species,Limosilactobacillus_vaginalis,0,0,0,0,0,0,0,0,0,0,0,0,0,0,0,0,0,0,1.33409,0,0,0,0,0,0,0,0,0,0,0,0,0,0,0,0,0.06265245802396595,0,0,0,0,0,0,0,0,0,0,0,0,0,0,0,0,0,0,0,0,0,0,0,0
Actinomyces_sp_oral_taxon_448,Species,Actinomyces_sp_oral_taxon_448,0,0,0,0,0,0,0,0,0,0,0,0,0,0,0,0,0,0,1.32412,0,0.30540735714859957,0,0,0,0,0,0,0,0,0,0,0,0,0,0,0,0,0,0,0,0,0,0,0,0,0,0,0,0,0,0,0,0,0,0,0,0,0,0,0
Capnocytophaga_SGB2499,Species,Capnocytophaga_SGB2499,0,0,0,0.06244165185659511,0,0,0,0,0,0,0.01993358359600035,0,0,0,0,0,0,0,0.86697,0,0,0,0,0,0,0,0,0,0,0,0,0,0,0,0,0,0,0,0,0,0,0,0,0,2.2484004496800902,0,0,0,0,0.040786920508598334,0,1.1951,0,0,0,0,0,0,0,0
Prevotella_shahii,Species,Prevotella_shahii,0,0,0,0,0,0,0,0,0,0,0,0,0,0,0,0,0,0,0.33175,0,0,0,0,0,0,0,0,0,0,0.33103732922002543,0,0,0,0,0,0,0,0,0,0,0,0,0,0,0,0,0,0,0,0.3808296618023813,0.1533899539830138,0.45519000000000004,0,0,0,0,0,0.05144457808071162,0,0
Lautropia_mirabilis,Species,Lautropia_mirabilis,0,0.44888219452527167,0,0,0,0,0,0,0,0,0.01036465766563131,0,0,0,0,0,0,0,0.29883000000000004,0,0,0,0,0,0,0,0,0,0,0,0,0,0,0,0,0.020374947595715717,0,0,0,0,0.3377399324520135,0.23572978776414413,0,0,0,0,0,0,0,0.2703347380138348,0,0,2.0981340149037506,0,0,0,11.319834494111802,0,0,0
Veillonella_tobetsuensis,Species,Veillonella_tobetsuensis,0,0,0,0,0,0,0,0,0,0,0,0,0,0,0,0,0,0,0.14121,0.5009246296877539,0,0,0,0,0,0,0,0,0,0.3403735372369435,0,0,0,0,0,0.0654041887816793,0,0,0,0,0,0,0,0,0,0,0,0,0,0.22843507909850383,0,2.34381,0,0,0,0,0.1057206342997852,1.4885424928211477,0,0
GGB12785_SGB19823,Species,GGB12785_SGB19823,0,0,0,0,0,0,0,0,0,0,0,0,0,0,0,0,0,0,0.06955,0,0,0,0,0,0,0,0,0,0,0,0,0,0,0,0,0.0031462803884148897,0,0,0,0,0,0,0,0,0,0,1.9168801916880192,0,0,0,0,0,0,0,0,0,0,0,0.5373336818050385,0
Porphyromonas_gingivalis,Species,Porphyromonas_gingivalis,0,0,0,0,0,0,0,0,0,0,0,0,0,0,0,0,0,0,0,15.841009935421194,0,0,0,0,0,0,0,0,0,0,0,0,0,0,0,0.0039050296782255542,0,0,0,0,0,0,0,0,0,0,0,0,0,0,0,0,0,0,0,0,0,0,0,0
Haemophilus_haemolyticus,Species,Haemophilus_haemolyticus,0.04186803280358363,0,0,0,0,0,0,0,0,0,0.019399738254621865,0,0,0,0,0,0,0,0,5.463867828902382,0,0,0,0,0,0,0,0,0,0.5214939049449955,0,0,0,0,0,0.060699943184853174,0,0,0,0,0,0,0,0,0,0,0,0,0,0.1297756456361131,0,0,0,0,0,0,0,0.40737405296884627,0,0
Oribacterium_SGB96486,Species,Oribacterium_SGB96486,0,0,0,0,0,0,0,0,0,0,0,0,0,0,0,0,0,0,0,4.506214190804774,0,0,0,0,0,0,0,0,0,0,0,0,0,0,0,0,0,0,0,0,0,0,0,0,0,0,0,0,0,0,0,0,0,0,0,0,0.31065632566799517,0.32490258927525406,0,0
Treponema_vincentii,Species,Treponema_vincentii,0.5759162671457472,1.3623833338700435,0,0,0,0,0,0,0,0,0.33899179177533695,0,0,0,0,0,0,0,0,1.2515238281919776,0,0,0,0,0,0.07497067568604163,0,0,0,0,0.04885467128410535,0.0704799929520007,0,0,0,0,0,0,0,0,0,0,0,0,0,0,0,0,0,0,0,2.23434,0,0,0,0,0,0.10073992537533577,0,0
Leptotrichia_wadei,Species,Leptotrichia_wadei,0.021265187322817285,0.544284977357915,0,0,0,0,0,0,0,0,0.08493177204723343,0,0,0,0,0,0,0,0,1.215369354674362,0,0,0,0,0,0,0,0,0,0,0,0,0,0,0,0.09011918231511201,0,0,0,0,0,0.3656968582369345,0,0,0,0,0,0,0,0.02214349429397861,0,0,0,0,0,0,0.010378897829108896,0,0,0
Filifactor_alocis,Species,Filifactor_alocis,0.4525199748751661,0.5491660028674507,2.4996204999241,0.6313667200717213,0,0,0,0,0,0,0,0,0,0,0,0,0,0,0,0.956824970198647,0,0,0,0,0,0,0,0,0,0.0343671710390207,0,0,0,0,0,0.03563086664950882,0,0,0,0,0,0,0,0,0,0,0,0,0,0.4725395381245421,0,3.1586000000000003,0,0,0,0,0,0,0,0
Leptotrichia_sp_oral_taxon_215,Species,Leptotrichia_sp_oral_taxon_215,0.8440543228693692,0.011645600282086818,0,0.03779547619996631,0,0,0,0,0,0,0.21906796848378557,0,0,0,0,0,0,0,0,0.5950040123895058,0,0,0,0,0,0,0,0,0,0.09760111149469175,0,0,0,0,0,0.29785462120807454,0,0,0,0,0,0.11189635453824118,0,0,0,0,0,0,0,0.15627905132374395,0.31730990480702853,0,0,0,0,0,1.7203548602216683,0.24171471531963276,0,0
Catonella_massiliensis,Species,Catonella_massiliensis,0.04787928679431867,0,0.07220001444000289,0.09631136582275464,0,0,0,0.16884000000000002,0,0,5.03627680545739e-4,0,0,0,0,0,0,0,0,0.5277796078948112,0,0,0,0,0,0.05932426823835168,0,0,0,0.008416028046258378,0.038454068008880946,0,0,0,0,0.06439252306193174,0,0,0,0,0,0.1831686189910617,0,0,0,0,0,0,0,0.022588589656671647,0.12118996364301092,0.27201000000000003,0,0,0,0,0.2826723349927893,0.042068032004153495,0,0
Prevotella_intermedia,Species,Prevotella_intermedia,0,0,1.3077102615420524,0,0,0,0,0,0,0,0,0,0,0,0,0,0,0,0,0.3518667125537253,0,0,0,0.16307627077184,0,0,0,0,0,0,0,0,0,0,0,0.021801396260559765,0,0,0,0,0,0,0,0,0,0,0,0,0,0.833805235575825,0,0,0,0,0,0,0,10.22107788559518,0,0
TM7_phylum_sp_oral_taxon_352,Species,TM7_phylum_sp_oral_taxon_352,1.4100756043141736,0.07498753920769817,1.0386902077380415,1.0737660738431871,0,0,1.5394198460580153,0.96828,0,0,0,0,0,0,0,0,0,0,0,0.2261035708015899,0,0,0,0,0,0.807283504266948,0,0,0,0.10937734729897712,0,1.2462698753730124,0,0,0,4.8801135655470365,0,0,0,0,0,0.5988551210868044,0,7.2846315222021785,0,0,0,0,0,4.852530802116469,0,2.37742,0,0,0,0,0,1.1320230330113419,0,0
Peptostreptococcus_russellii,Species,Peptostreptococcus_russellii,0,0,0,0,0,0,0,0,0,0,0,0,0,0,0,0,0,0,0,0,0,0,0,0,0,0,0,0,0,0,0,0,0,0,0,0,0,0,0,0,0,0,0,0,0,0,0,0,0,0,0,0,0,0,0,0,0,0,0,0
GGB3256_SGB4303,Species,GGB3256_SGB4303,0,0,0,0,0,0,0,0,0,0,0,0,0,0,0,0,0,0,0,0,0,0,0,0,0,0,0,0,0,0,0,0,0,0,0,0,0,0,0,0,0,0,0,0,0,0,0,0,0,0,0,0,0,0,0,0,0,0,0,0
Dorea_sp_AF36_15AT,Species,Dorea_sp_AF36_15AT,0,0,0,0,0,0,0,0,0,0,0,0,0,0,0,0,0,0,0,0,0,0,0,0,0,0,0,0,0,0,0,0,0,0,0,0,0,0,0,0,0,0,0,0,0,0,0,0,0,0,0,0,0,0,0,0,0,0,0,0
Limosilactobacillus_fermentum,Species,Limosilactobacillus_fermentum,0,0,0,0,0,0,0,0,0,0,0,0,0,0,0,0,0,0,0,0,0,0,0,0,0,0,0,0,0,0,0,0,0,0,0,0,0,0,0,0,0,0,0,0,0,0,0,0,0,0,0,0,0,0,0,0,0,0,0,0
Clostridiaceae_bacterium_Marseille_Q3526,Species,Clostridiaceae_bacterium_Marseille_Q3526,0,0,0,0,0,0,0,0,0,0,0,0,0,0,0,0,0,0,0,0,0,0,0,0,0,0,0,0,0,0,0,0,0,0,0,0,0,0,0,0,0,0,0,0,0,0,0,0,0,0,0,0,0,0,0,0,0,0,0,0
Clostridium_SGB6179,Species,Clostridium_SGB6179,0,0,0,0,0,0,0,0,0,0,0,0,0,0,0,0,0,0,0,0,0,0,0,0,0,0,0,0,0,0,0,0,0,0,0,0,0,0,0,0,0,0,0,0,0,0,0,0,0,0,0,0,0,0,0,0,0,0,0,0
GGB9512_SGB14909,Species,GGB9512_SGB14909,0,0,0,0,0,0,0,0,0,0,0,0,0,0,0,0,0,0,0,0,0,0,0,0,0,0,0,0,0,0,0,0,0,0,0,0,0,0,0,0,0,0,0,0,0,0,0,0,0,0,0,0,0,0,0,0,0,0,0,0
Streptococcus_sp_F0442,Species,Streptococcus_sp_F0442,0,0,0,0,0,0,0,0,0,0,0,0,0,0,0,0,0,0,0,0,0,0,0,0,0,0,0,0,0,0,1.9371676823683923,0.5359799464020053,0,0,0,0,0,0,0,0,0,0,0,0,0,0,0,0,0,0,0,0.17539000000000002,0,0,0,0,0,0,0,0
Carnobacterium_divergens,Species,Carnobacterium_divergens,0,0,0,0,0,0,0,0,0,0,0,0,0,0,0,0,0,0,0,0,0,0,0,0,0,0,0,0,0,0,0,0,0,0,0,0,0,0,0,0,0,0,0,0,0,0,0,0,0,0,0,0,0,0,0,0,0,0,0,0
Blautia_luti,Species,Blautia_luti,0,0,0,0,0,0,0,0,0,0,0,0,0,0,0,0,0,0,0,0,0,0,0,0,0,0,0,0,0,0,0,0,0,0,0,0,0,0,0,0,0,0,0,0,0,0,0,0,0,0,0,0,0,0,0,0,0,0,0,0
Faecalibacillus_SGB6753,Species,Faecalibacillus_SGB6753,0,0,0,0,0,0,0,0,0,0,0,0,0,0,0,0,0,0,0,0,0,0,0,0,0,0,0,0,0,0,0,0,0,0,0,0,0,0,0,0,0,0,0,0,0,0,0,0,0,0,0,0,0,0,0,0,0,0,0,0
Clostridium_sp_AT4,Species,Clostridium_sp_AT4,0,0,0,0,0,0,0,0,0,0,0,0,0,0,0,0,0,0,0,0,0,0,0,0,0,0,0,0,0,0,0,0,0,0,0,0,0,0,0,0,0,0,0,0,0,0,0,0,0,0,0,0,0,0,0,0,0,0,0,0
Lactococcus_carnosus,Species,Lactococcus_carnosus,0,0,0,0,0,0,0,0,0,0,0,0,0,0,0,0,0,0,0,0,0,0,0,0,0,0,0,0,0,0,0,0,0,0,0,0,0,0,0,0,0,0,0,0,0,0,0,0,0,0,0,0,0,0,0,0,0,0,0,0
Eggerthella_sinensis,Species,Eggerthella_sinensis,0,0,0,0,0,0,0,0,0,0,0,0,0,0,0,0,0,0,0,0,0,0,0,0,0,0,0,0,0,0,0,0,0,0,0,0,0,0,0,0,0,0,0,0,0,0,0,0,0,0,0,0,0,0,0,0,0,0,0,0
Clostridium_cuniculi,Species,Clostridium_cuniculi,0,0,0,0,0,0,0,0,0,0,0,0,0,0,0,0,0,0,0,0,0,0,0,0,0,0,0,0,0,0,0,0,0,0,0,0,0,0,0,0,0,0,0,0,0,0,0,0,0,0,0,0,0,0,0,0,0,0,0,0
Leuconostoc_gelidum,Species,Leuconostoc_gelidum,0,0,0,0,0,0,0,0,0,0,0,0,0,0,0,0,0,0,0,0,0,0,0,0,0,0,0,0,0,0,0,0,0,0,0,0,0,0,0,0,0,0,0,0,0,0,0,0,0,0,0,0,0,0,0,0,0,0,0,0
Clostridium_SGB4750,Species,Clostridium_SGB4750,0,0,0,0,0,0,0,0,0,0,0,0,0,0,0,0,0,0,0,0,0,0,0,0,0,0,0,0,0,0,0,0,0,0,0,0,0,0,0,0,0,0,0,0,0,0,0,0,0,0,0,0,0,0,0,0,0,0,0,0
Actinomyces_gerencseriae,Species,Actinomyces_gerencseriae,0.05857711109168688,0,0,0,0,0,0,0,0,0,0,0,0,0,0,0,0,0,0,0,0,0,0,0,0,0,0,0,0,0,0,0,0,0,0,0,0,0,0,0,0,0,0,0,0,0,0,0,0,0.0047038487193695995,0,0,0,0,0,0,0,0,0,0
Phascolarctobacterium_faecium,Species,Phascolarctobacterium_faecium,0,0,0,0,0,0,0,0,0,0,0,0,0,0,0,0,0,0,0,0,0,0,0,0,0,0,0,0,0,0,0,0,0,0,0,0,0,0,0,0,0,0,0,0,0,0,0,0,0,0,0,0,0,0,0,0,0,0,0,0
Streptococcus_constellatus,Species,Streptococcus_constellatus,1.0467208910545014,0.6554042572669052,0,0,0,0,0,0,0,0,7.934613816783674,0.0200400020040002,0,0,0,0,0,0,0,0,0,0,0,0,0,0,0,0,0,0.6703149217728125,0.08148480380328134,0.5586699441330055,0,0,0,0.02833675681012896,0,0,0,0,0,0,0,0,0,0,0,0,0,0,0,0,0,0,0,0,0,0,0,0
GGB12794_SGB19881,Species,GGB12794_SGB19881,0,0,0,0,0,0,0,0,0,0,0,0,0,0,0,0,0,0,0,0,0,0,0,0,0,0,0,0,0,0,0,0,0,0,0,0.11297271092420924,0,0,0,0,0,0,0,0,0,0,0,0,0,0,0,0,0,0,0,0,0,0,0,0
Sutterella_wadsworthensis,Species,Sutterella_wadsworthensis,0,0,0,0,0,0,0,0,0,0,0,0,0,0,0,0,0,0,0,0,0,0,0,0,0,0,0,0,0,0,0,0,0,0,0,0,0,0,0,0,0,0,0,0,0,0,0,0,0,0,0,0,0,0,0,0,0,0,0,0
Fusicatenibacter_sp_CLA_AA_H277,Species,Fusicatenibacter_sp_CLA_AA_H277,0,0,0,0,0,0,0,0,0,0,0,0,0,0,0,0,0,0,0,0,0,0,0,0,0,0,0,0,0,0,0,0,0,0,0,0,0,0,0,0,0,0,0,0,0,0,0,0,0,0,0,0,0,0,0,0,0,0,0,0
Lachnospiraceae_bacterium,Species,Lachnospiraceae_bacterium,0,0,0,0,0,0,0,0,0,0,0,0,0,0,0,0,0,0,0,0,0,0,0,0,0,0,0,0,0,0,0,0,0,0,0,0,0,0,0,0,0,0,0,0,0,0,0,0,0,0,0,0,0,0,0,0,0,0,0,0
Solobacterium_SGB6834,Species,Solobacterium_SGB6834,0.8340288758965073,0,0,0,0,0,0,0,0,0,0,0,0,0,0,0,0,0,0,0,0,0,0,0,0,0,0,0,0,0,0,0,0,0,0,0,0,0,0,0,0,0,0,0,0,0,0,0,0,0.2935808549108484,0,1.0538,0,0,0,0,0,0.1747408912649361,0,0
Leuconostoc_carnosum,Species,Leuconostoc_carnosum,0,0,0,0,0,0,0,0,0,0,0,0,0,0,0,0,0,0,0,0,0,0,0,0,0,0,0,0,0,0,0,0,0,0,0,0,0,0,0,0,0,0,0,0,0,0,0,0,0,0,0,0,0,0,0,0,0,0,0,0
Anaeroglobus_geminatus,Species,Anaeroglobus_geminatus,0,0,0,0,0,0,0,0,0,0,0,0,0,0,0,0,0,0,0,0,0,0,0,0,0,0,0,0,0,0,0,0,0,0,0,0,0,0,0,0,0,0,0,0,0,0,0,0,0,0,0,0,0,0,0,0,0,0,0,0
Eubacterium_ventriosum,Species,Eubacterium_ventriosum,0,0,0,0,0,0,0,0,0,0,0,0,0,0,0,0,0,0,0,0,0,0,0,0,0,0,0,0,0,0,0,0,0,0,0,0,0,0,0,0,0,0,0,0,0,0,0,0,0,0,0,0,0,0,0,0,0,0,0,0
GGB3819_SGB5184,Species,GGB3819_SGB5184,0,0,0,0,0,0,0,0,0,0,0,0,0,0,0,0,0,0,0,0,0,0,0,0,0,0,0,0,0,0,0,0,0,0,0,0,0,0,0,0,0,0,0,0,0,0,0,0,0,0,0,0,0,0,0,0,0,0,0,0
Pseudoflavonifractor_phocaeensis,Species,Pseudoflavonifractor_phocaeensis,0,0,0,0,0,0,0,0,0,0,0,0,0,0,0,0,0,0,0,0,0,0,0,0,0,0,0,0,0,0,0,0,0,0,0,0,0,0,0,0,0,0,0,0,0,0,0,0,0,0,0,0,0,0,0,0,0,0,0,0
Bacteroides_caccae,Species,Bacteroides_caccae,0,0,0,0,0,0,0,0,0,0,0,0,0,0,0,0,0,0,0,0,0,0,0,0,0,0,0,0,0,0,0,0,0,0,0,0,0,0,0,0,0,0,0,0,0,0,0,0,0,0,0,0,0,0,0,0,0,0,0,0
GGB4456_SGB6141,Species,GGB4456_SGB6141,0,0,0,0,0,0,0,0,0,0,0,0,0,0,0,0,0,0,0,0,0,0,0,0,0,0,0,0,0,0,0,0,0,0,0,0,0,0,0,0,0,0,0,0,0,0,0,0,0,0,0,0,0,0,0,0,0,0,0,0
Alistipes_onderdonkii,Species,Alistipes_onderdonkii,0,0,0,0,0,0,0,0,0,0,0,0,0,0,0,0,0,0,0,0,0,0,0,0,0,0,0,0,0,0,0,0,0,0,0,0,0,0,0,0,0,0,0,0,0,0,0,0,0,0,0,0,0,0,0,0,0,0,0,0
Bacteroides_thetaiotaomicron,Species,Bacteroides_thetaiotaomicron,0,0,0,0,0,0,0,0,0,0,0,0,0,0,0,0,0,0,0,0,0,0,0,0,0,0,0,0,0,0,0,0,0,0,0,0,0,0,0,0,0,0,0,0,0,0,0,0,0,0,0,0,0,0,0,0,0,0,0,0
GGB9614_SGB15049,Species,GGB9614_SGB15049,0,0,0,0,0,0,0,0,0,0,0,0,0,0,0,0,0,0,0,0,0,0,0,0,0,0,0,0,0,0,0,0,0,0,0,0,0,0,0,0,0,0,0,0,0,0,0,0,0,0,0,0,0,0,0,0,0,0,0,0
Barnesiella_intestinihominis,Species,Barnesiella_intestinihominis,0,0,0,0,0,0,0,0,0,0,0,0,0,0,0,0,0,0,0,0,0,0,0,0,0,0,0,0,0,0,0,0,0,0,0,0,0,0,0,0,0,0,0,0,0,0,0,0,0,0,0,0,0,0,0,0,0,0,0,0
Lancefieldella_rimae,Species,Lancefieldella_rimae,0.44092899263927465,0.18809163446911353,0,0,0,0,0,0,0,0,0.005227655324064771,0,0,0,0,0,0,0,0,0,0,0,0,0,0,0,0,0,0,0,0.2684039630523095,0.27911997208800277,0,0,0,0,0,0,0,0,0,0.11151612906453527,0,0,0,0,0,0,0,0.9424691988951115,0,0,0,0,0,0,0,0,0,0
Lachnospira_eligens,Species,Lachnospira_eligens,0,0,0,0,0,0,0,0,0,0,0,0,0,0,0,0,0,0,0,0,0,0,0,0,0,0,0,0,0,0,0,0,0,0,0,0,0,0,0,0,0,0,0,0,0,0,0,0,0,0,0,0,0,0,0,0,0,0,0,0
GGB3433_SGB4573,Species,GGB3433_SGB4573,0,0,0,0,0,0,0,0,0,0,0,0,0,0,0,0,0,0,0,0,0,0,0,0,0,0,0,0,0,0,0,0,0,0,0,0,0,0,0,0,0,0,0,0,0,0,0,0,0,0,0,0,0,0,0,0,0,0,0,0
Haemophilus_parainfluenzae,Species,Haemophilus_parainfluenzae,0,0.15274976926521527,0,0,0,0,0,0,0,2.802530280253028,0,0,0,0,0,0,0,0,0,0,0,0,0,0,0,0,0,0,0,0.41205452304125473,0,0,0,0,0,0,0,0,0,6.574669342533065,2.230519553896089,0.1746935933008274,0,0,0,0,0,0,0,0,0,0,0,0,0,0,0.20365459308264977,0.4238093472153976,0,0
Streptococcus_cristatus,Species,Streptococcus_cristatus,1.3080950316032396,0.14799026306297108,0,0.13211391680708945,0,0,0,0,0,0,0,0,0,0,0,0,0,0,0,0,0,0,0,0,0,0.15454383356286477,0,0,0,0.17907322575085394,0.054376848458281564,0,0,0,0,0.004077012850582639,0,0,0,0,1.2679397464120508,0.9747480255791684,0,0,0,5.829880582988058,0,8.491809150819085,0,0.6198155241574497,0,0,0,0,0,0,0,0,0,0
Candidatus_Nanoperiomorbus_periodonticus,Species,Candidatus_Nanoperiomorbus_periodonticus,0.0010737966227189475,0.09199011561954493,0,0.11830364609173344,0,0,0,0,0,0,0,0,0,0,0,0,0,0,0,0,0,0,0,0,0,0,0,0,0,0,0,0,0,0,0,0,0,0,0,0,0,0.05153055762066905,0,0,0,0,0,0,0,0,0,0,0,0,0,0,0,0,0,0
Klebsiella_pneumoniae,Species,Klebsiella_pneumoniae,0,0,0,0,0,0,0,0,0,0,0,0,0,0,0,0,0,0,0,0,0,0,0,0,0,0,0,0,0,0,0,0,0,0,0,0,0,0,0,0,0,0,0,0,0,0,0,0,0,0,0,0,0,0,0,0,0,0,0,0
Ruminococcus_callidus,Species,Ruminococcus_callidus,0,0,0,0,0,0,0,0,0,0,0,0,0,0,0,0,0,0,0,0,0,0,0,0,0,0,0,0,0,0,0,0,0,0,0,0,0,0,0,0,0,0,0,0,0,0,0,0,0,0,0,0,0,0,0,0,0,0,0,0
Blautia_SGB4815,Species,Blautia_SGB4815,0,0,0,0,0,0,0,0,0,0,0,0,0,0,0,0,0,0,0,0,0,0,0,0,0,0,0,0,0,0,0,0,0,0,0,0,0,0,0,0,0,0,0,0,0,0,0,0,0,0,0,0,0,0,0,0,0,0,0,0
Faecalibacillus_intestinalis,Species,Faecalibacillus_intestinalis,0,0,0,0,0,0,0,0,0,0,0,0,0,0,0,0,0,0,0,0,0,0,0,0,0,0,0,0,0,0,0,0,0,0,0,0,0,0,0,0,0,0,0,0,0,0,0,0,0,0,0,0,0,0,0,0,0,0,0,0
Lentihominibacter_faecis,Species,Lentihominibacter_faecis,0,0,0,0,0,0,0,0,0,0,0,0,0,0,0,0,0,0,0,0,0,0,0,0,0,0,0,0,0,0,0,0,0,0,0,0,0,0,0,0,0,0,0,0,0,0,0,0,0,0,0,0,0,0,0,0,0,0,0,0
Roseburia_intestinalis,Species,Roseburia_intestinalis,0,0,0,0,0,0,0,0,0,0,0,0,0,0,0,0,0,0,0,0,0,0,0,0,0,0,0,0,0,0,0,0,0,0,0,0,0,0,0,0,0,0,0,0,0,0,0,0,0,0,0,0,0,0,0,0,0,0,0,0
Clostridium_sp_AM49_4BH,Species,Clostridium_sp_AM49_4BH,0,0,0,0,0,0,0,0,0,0,0,0,0,0,0,0,0,0,0,0,0,0,0,0,0,0,0,0,0,0,0,0,0,0,0,0,0,0,0,0,0,0,0,0,0,0,0,0,0,0,0,0,0,0,0,0,0,0,0,0
Jutongia_hominis,Species,Jutongia_hominis,0,0,0,0,0,0,0,0,0,0,0,0,0,0,0,0,0,0,0,0,0,0,0,0,0,0,0,0,0,0,0,0,0,0,0,0,0,0,0,0,0,0,0,0,0,0,0,0,0,0,0,0,0,0,0,0,0,0,0,0
Roseburia_inulinivorans,Species,Roseburia_inulinivorans,0,0,0,0,0,0,0,0,0,0,0,0,0,0,0,0,0,0,0,0,0,0,0,0,0,0,0,0,0,0,0,0,0,0,0,0,0,0,0,0,0,0,0,0,0,0,0,0,0,0,0,0,0,0,0,0,0,0,0,0
Ruminococcus_bicirculans,Species,Ruminococcus_bicirculans,0,0,0,0,0,0,0,0,0,0,0,0,0,0,0,0,0,0,0,0,0,0,0,0,0,0,0,0,0,0,0,0,0,0,0,0,0,0,0,0,0,0,0,0,0,0,0,0,0,0,0,0,0,0,0,0,0,0,0,0
Faecalibacterium_SGB15346,Species,Faecalibacterium_SGB15346,0,0,0,0,0,0,0,0,0,0,0,0,0,0,0,0,0,0,0,0,0,0,0,0,0,0,0,0,0,0,0,0,0,0,0,0,0,0,0,0,0,0,0,0,0,0,0,0,0,0,0,0,0,0,0,0,0,0,0,0
Enterobacter_kobei,Species,Enterobacter_kobei,0,0,0,0,0,0,0,0,0,0,0,0,0,0,0,0,0,0,0,0,0,0,0,0,0,0,0,0,0,0,0,0,0,0,0,0,0,0,0,0,0,0,0,0,0,0,0,0,0,0,0,0,0,0,0,0,0,0,0,0
Blautia_sp_OF03_15BH,Species,Blautia_sp_OF03_15BH,0,0,0,0,0,0,0,0,0,0,0,0,0,0,0,0,0,0,0,0,0,0,0,0,0,0,0,0,0,0,0,0,0,0,0,0,0,0,0,0,0,0,0,0,0,0,0,0,0,0,0,0,0,0,0,0,0,0,0,0
Roseburia_hominis,Species,Roseburia_hominis,0,0,0,0,0,0,0,0,0,0,0,0,0,0,0,0,0,0,0,0,0,0,0,0,0,0,0,0,0,0,0,0,0,0,0,0,0,0,0,0,0,0,0,0,0,0,0,0,0,0,0,0,0,0,0,0,0,0,0,0
Eubacterium_sp_AF16_48,Species,Eubacterium_sp_AF16_48,0,0,0,0,0,0,0,0,0,0,0,0,0,0,0,0,0,0,0,0,0,0,0,0,0,0,0,0,0,0,0,0,0,0,0,0,0,0,0,0,0,0,0,0,0,0,0,0,0,0,0,0,0,0,0,0,0,0,0,0
Lachnospiraceae_bacterium_CLA_AA_H244,Species,Lachnospiraceae_bacterium_CLA_AA_H244,0,0,0,0,0,0,0,0,0,0,0,0,0,0,0,0,0,0,0,0,0,0,0,0,0,0,0,0,0,0,0,0,0,0,0,0,0,0,0,0,0,0,0,0,0,0,0,0,0,0,0,0,0,0,0,0,0,0,0,0
Eubacteriaceae_bacterium,Species,Eubacteriaceae_bacterium,0,0,0,0,0,0,0,0,0,0,0,0,0,0,0,0,0,0,0,0,0,0,0,0,0,0,0,0,0,0,0,0,0,0,0,0,0,0,0,0,0,0,0,0,0,0,0,0,0,0,0,0,0,0,0,0,0,0,0,0
Anaerotignum_faecicola,Species,Anaerotignum_faecicola,0,0,0,0,0,0,0,0,0,0,0,0,0,0,0,0,0,0,0,0,0,0,0,0,0,0,0,0,0,0,0,0,0,0,0,0,0,0,0,0,0,0,0,0,0,0,0,0,0,0,0,0,0,0,0,0,0,0,0,0
Bacteroides_ovatus,Species,Bacteroides_ovatus,0,0,0,0,0,0,0,0,0,0,0,0,0,0,0,0,0,0,0,0,0,0,0,0,0,0,0,0,0,0,0,0,0,0,0,0,0,0,0,0,0,0,0,0,0,0,0,0,0,0,0,0,0,0,0,0,0,0,0,0
Wansuia_hejianensis,Species,Wansuia_hejianensis,0,0,0,0,0,0,0,0,0,0,0,0,0,0,0,0,0,0,0,0,0,0,0,0,0,0,0,0,0,0,0,0,0,0,0,0,0,0,0,0,0,0,0,0,0,0,0,0,0,0,0,0,0,0,0,0,0,0,0,0
Clostridium_fessum,Species,Clostridium_fessum,0,0,0,0,0,0,0,0,0,0,0,0,0,0,0,0,0,0,0,0,0,0,0,0,0,0,0,0,0,0,0,0,0,0,0,0,0,0,0,0,0,0,0,0,0,0,0,0,0,0,0,0,0,0,0,0,0,0,0,0
GGB3109_SGB4121,Species,GGB3109_SGB4121,0,0,0,0,0,0,0,0,0,0,0,0,0,0,0,0,0,0,0,0,0,0,0,0,0,0,0,0,0,0,0,0,0,0,0,0,0,0,0,0,0,0,0,0,0,0,0,0,0,0,0,0,0,0,0,0,0,0,0,0
Mediterraneibacter_massiliensis,Species,Mediterraneibacter_massiliensis,0,0,0,0,0,0,0,0,0,0,0,0,0,0,0,0,0,0,0,0,0,0,0,0,0,0,0,0,0,0,0,0,0,0,0,0,0,0,0,0,0,0,0,0,0,0,0,0,0,0,0,0,0,0,0,0,0,0,0,0
Clostridium_sp_1001270J_160509_D11,Species,Clostridium_sp_1001270J_160509_D11,0,0,0,0,0,0,0,0,0,0,0,0,0,0,0,0,0,0,0,0,0,0,0,0,0,0,0,0,0,0,0,0,0,0,0,0,0,0,0,0,0,0,0,0,0,0,0,0,0,0,0,0,0,0,0,0,0,0,0,0
Klebsiella_grimontii,Species,Klebsiella_grimontii,0,0,0,0,0,0,0,0,0,0,0,0,0,0,0,0,0,0,0,0,0,0,0,0,0,0,0,0,0,0,0,0,0,0,0,0,0,0,0,0,0,0,0,0,0,0,0,0,0,0,0,0,0,0,0,0,0,0,0,0
Achromobacter_xylosoxidans,Species,Achromobacter_xylosoxidans,0,0,0,0,0,0,0,0,0,0,7.151513063749494e-4,0,0,0,0,0,0,0,0,0,87.83561645481377,0,0,0,0,0,0,0,0,0,0,0,96.89954031004598,100,0,0,0,0,0,0,0,0,0,0,0,0,0,0,0,0,0,0,0,0,0,0,0,0,0,0
Pseudomonas_aeruginosa,Species,Pseudomonas_aeruginosa,2.6907938397793076,0.19711444303549558,19.27749385549877,0,0.17694001769400178,0,58.93585410641459,3.7058099999999996,98.70303,55.99088559908856,0,0,11.389641138964114,75.30923,0,0,0,0,0,0,2.5285786899250815,0,98.68879,12.37090587267665,0,0,0,0,35.66858105499652,0,7.5373594397193004,2.2798197720180227,0,0,0,0,0,0,82.06405820640582,58.389644161035584,0,0,0,0,1.7178203435640687,0,0,0,0,0,0.1977599406720178,0,0,0,21.008022930063678,0,0,0,0,0
Neisseria_bacilliformis,Species,Neisseria_bacilliformis,0,0,0,0,0,0,0,0,0,0,0,0,0,0,0,0,0,0,0,0,0.09864542501180631,0,0,0,0,0.1825346468864919,0,0,0,0,0,0,0,0,0,0,0,0,0,0,0,0,0,0,0,0,0,0,0,0,0,0,0,0,0,0,0,0,0,0
GGB9730_SGB15290,Species,GGB9730_SGB15290,0,0,0,0,0,0,0,0,0,0,0,0,0,0,0,0,0,0,0,0,0,0,0,0,0,0,0,0,0,0,0,0,0,0,0,0,0,0,0,0,0,0,0,0,0,0,0,0,0,0,0,0,0,0,0,0,0,0,0,0
Clostridium_leptum,Species,Clostridium_leptum,0,0,0,0,0,0,0,0,0,0,0,0,0,0,0,0,0,0,0,0,0,0,0,0,0,0,0,0,0,0,0,0,0,0,0,0,0,0,0,0,0,0,0,0,0,0,0,0,0,0,0,0,0,0,0,0,0,0,0,0
GGB1219_SGB1587,Species,GGB1219_SGB1587,0,0,0,0,0,0,0,0,0,0,0,0,0,0,0,0,0,0,0,0,0,0,0,0,0,0,0,0,0,0,0,0,0,0,0,0,0,0,0,0,0,0,0,0,0,0,0,0,0,0,0,0,0,0,0,0,0,0,0,0
Prevotella_buccae,Species,Prevotella_buccae,0,0.12153956050922261,0,0,0,0,0,0,0,0,0,0,0,0,0,0,0,0,0,0,0,0,0,0,0,0,0,0,0,0,0,0,0,0,0,0,0,0,0,0,0,0,0,0,0,0,0,0,0,0,0,0,0,0,0,0,0,0,0,0
Adlercreutzia_equolifaciens,Species,Adlercreutzia_equolifaciens,0,0,0,0,0,0,0,0,0,0,0,0,0,0,0,0,0,0,0,0,0,0,0,0,0,0,0,0,0,0,0,0,0,0,0,0,0,0,0,0,0,0,0,0,0,0,0,0,0,0,0,0,0,0,0,0,0,0,0,0
GGB9359_SGB14334,Species,GGB9359_SGB14334,0,0,0,0,0,0,0,0,0,0,0,0,0,0,0,0,0,0,0,0,0,0,0,0,0,0,0,0,0,0,0,0,0,0,0,0,0,0,0,0,0,0,0,0,0,0,0,0,0,0,0,0,0,0,0,0,0,0,0,0
GGB3486_SGB4658,Species,GGB3486_SGB4658,0,0,0,0,0,0,0,0,0,0,0,0,0,0,0,0,0,0,0,0,0,0,0,0,0,0,0,0,0,0,0,0,0,0,0,0,0,0,0,0,0,0,0,0,0,0,0,0,0,0,0,0,0,0,0,0,0,0,0,0
GGB36331_SGB15121,Species,GGB36331_SGB15121,0,0,0,0,0,0,0,0,0,0,0,0,0,0,0,0,0,0,0,0,0,0,0,0,0,0,0,0,0,0,0,0,0,0,0,0,0,0,0,0,0,0,0,0,0,0,0,0,0,0,0,0,0,0,0,0,0,0,0,0
GGB9640_SGB15115,Species,GGB9640_SGB15115,0,0,0,0,0,0,0,0,0,0,0,0,0,0,0,0,0,0,0,0,0,0,0,0,0,0,0,0,0,0,0,0,0,0,0,0,0,0,0,0,0,0,0,0,0,0,0,0,0,0,0,0,0,0,0,0,0,0,0,0
Gordonibacter_pamelaeae,Species,Gordonibacter_pamelaeae,0,0,0,0,0,0,0,0,0,0,0,0,0,0,0,0,0,0,0,0,0,0,0,0,0,0,0,0,0,0,0,0,0,0,0,0,0,0,0,0,0,0,0,0,0,0,0,0,0,0,0,0,0,0,0,0,0,0,0,0
Negativibacillus_massiliensis,Species,Negativibacillus_massiliensis,0,0,0,0,0,0,0,0,0,0,0,0,0,0,0,0,0,0,0,0,0,0,0,0,0,0,0,0,0,0,0,0,0,0,0,0,0,0,0,0,0,0,0,0,0,0,0,0,0,0,0,0,0,0,0,0,0,0,0,0
GGB9758_SGB15368,Species,GGB9758_SGB15368,0,0,0,0,0,0,0,0,0,0,0,0,0,0,0,0,0,0,0,0,0,0,0,0,0,0,0,0,0,0,0,0,0,0,0,0,0,0,0,0,0,0,0,0,0,0,0,0,0,0,0,0,0,0,0,0,0,0,0,0
Slackia_exigua,Species,Slackia_exigua,0.19438729515949543,0.14463835550351828,0,0.007470965883724131,0,0,0,0,0,0,0.16319551360404128,0,0,0,0,0,0,0,0,0,0,0,0,0,0,0.0635508302501952,0,0,0,0,0.12053232983270216,0,0,0,0,0.00563497805899387,0,0,0,0,0,0,0,0,0,0,0,0,0,0.05500974050738039,0,0,0,0,0,0,0,0,0,0
GGB47687_SGB2286,Species,GGB47687_SGB2286,0,0,0,0,0,0,0,0,0,0,0,0,0,0,0,0,0,0,0,0,0,0,0,0,0,0,0,0,0,0,0,0,0,0,0,0,0,0,0,0,0,0,0,0,0,0,0,0,0,0,0,0,0,0,0,0,0,0,0,0
Zhenpiania_hominis,Species,Zhenpiania_hominis,0,0,0,0,0,0,0,0,0,0,0,0,0,0,0,0,0,0,0,0,0,0,0,0,0,0,0,0,0,0,0,0,0,0,0,0,0,0,0,0,0,0,0,0,0,0,0,0,0,0,0,0,0,0,0,0,0,0,0,0
Alistipes_dispar,Species,Alistipes_dispar,0,0,0,0,0,0,0,0,0,0,0,0,0,0,0,0,0,0,0,0,0,0,0,0,0,0,0,0,0,0,0,0,0,0,0,0,0,0,0,0,0,0,0,0,0,0,0,0,0,0,0,0,0,0,0,0,0,0,0,0
GGB3532_SGB4720,Species,GGB3532_SGB4720,0,0,0,0,0,0,0,0,0,0,0,0,0,0,0,0,0,0,0,0,0,0,0,0,0,0,0,0,0,0,0,0,0,0,0,0,0,0,0,0,0,0,0,0,0,0,0,0,0,0,0,0,0,0,0,0,0,0,0,0
GGB9499_SGB72735,Species,GGB9499_SGB72735,0,0,0,0,0,0,0,0,0,0,0,0,0,0,0,0,0,0,0,0,0,0,0,0,0,0,0,0,0,0,0,0,0,0,0,0,0,0,0,0,0,0,0,0,0,0,0,0,0,0,0,0,0,0,0,0,0,0,0,0
Brotolimicola_acetigignens,Species,Brotolimicola_acetigignens,0,0,0,0,0,0,0,0,0,0,0,0,0,0,0,0,0,0,0,0,0,0,0,0,0,0,0,0,0,0,0,0,0,0,0,0,0,0,0,0,0,0,0,0,0,0,0,0,0,0,0,0,0,0,0,0,0,0,0,0
Holdemania_sp_1001095H_141210_F2,Species,Holdemania_sp_1001095H_141210_F2,0,0,0,0,0,0,0,0,0,0,0,0,0,0,0,0,0,0,0,0,0,0,0,0,0,0,0,0,0,0,0,0,0,0,0,0,0,0,0,0,0,0,0,0,0,0,0,0,0,0,0,0,0,0,0,0,0,0,0,0
Hydrogeniiclostridium_mannosilyticum,Species,Hydrogeniiclostridium_mannosilyticum,0,0,0,0,0,0,0,0,0,0,0,0,0,0,0,0,0,0,0,0,0,0,0,0,0,0,0,0,0,0,0,0,0,0,0,0,0,0,0,0,0,0,0,0,0,0,0,0,0,0,0,0,0,0,0,0,0,0,0,0
Lacrimispora_amygdalina,Species,Lacrimispora_amygdalina,0,0,0,0,0,0,0,0,0,0,0,0,0,0,0,0,0,0,0,0,0,0,0,0,0,0,0,0,0,0,0,0,0,0,0,0,0,0,0,0,0,0,0,0,0,0,0,0,0,0,0,0,0,0,0,0,0,0,0,0
GGB9453_SGB14844,Species,GGB9453_SGB14844,0,0,0,0,0,0,0,0,0,0,0,0,0,0,0,0,0,0,0,0,0,0,0,0,0,0,0,0,0,0,0,0,0,0,0,0,0,0,0,0,0,0,0,0,0,0,0,0,0,0,0,0,0,0,0,0,0,0,0,0
Blautia_sp_An46,Species,Blautia_sp_An46,0,0,0,0,0,0,0,0,0,0,0,0,0,0,0,0,0,0,0,0,0,0,0,0,0,0,0,0,0,0,0,0,0,0,0,0,0,0,0,0,0,0,0,0,0,0,0,0,0,0,0,0,0,0,0,0,0,0,0,0
Dysosmobacter_welbionis,Species,Dysosmobacter_welbionis,0,0,0,0,0,0,0,0,0,0,0,0,0,0,0,0,0,0,0,0,0,0,0,0,0,0,0,0,0,0,0,0,0,0,0,0,0,0,0,0,0,0,0,0,0,0,0,0,0,0,0,0,0,0,0,0,0,0,0,0
GGB9715_SGB15267,Species,GGB9715_SGB15267,0,0,0,0,0,0,0,0,0,0,0,0,0,0,0,0,0,0,0,0,0,0,0,0,0,0,0,0,0,0,0,0,0,0,0,0,0,0,0,0,0,0,0,0,0,0,0,0,0,0,0,0,0,0,0,0,0,0,0,0
GGB2980_SGB3962,Species,GGB2980_SGB3962,0,0,0,0,0,0,0,0,0,0,0,0,0,0,0,0,0,0,0,0,0,0,0,0,0,0,0,0,0,0,0,0,0,0,0,0,0,0,0,0,0,0,0,0,0,0,0,0,0,0,0,0,0,0,0,0,0,0,0,0
Enorma_phocaeensis,Species,Enorma_phocaeensis,0,0,0,0,0,0,0,0,0,0,0,0,0,0,0,0,0,0,0,0,0,0,0,0,0,0,0,0,0,0,0,0,0,0,0,0,0,0,0,0,0,0,0,0,0,0,0,0,0,0,0,0,0,0,0,0,0,0,0,0
Thermophilibacter_provencensis,Species,Thermophilibacter_provencensis,0,0,0,0,0,0,0,0,0,0,0,0,0,0,0,0,0,0,0,0,0,0,0,0,0,0,0,0,0,0,0,0,0,0,0,0,0,0,0,0,0,0,0,0,0,0,0,0,0,0,0,0,0,0,0,0,0,0,0,0
Pseudoflavonifractor_capillosus,Species,Pseudoflavonifractor_capillosus,0,0,0,0,0,0,0,0,0,0,0,0,0,0,0,0,0,0,0,0,0,0,0,0,0,0,0,0,0,0,0,0,0,0,0,0,0,0,0,0,0,0,0,0,0,0,0,0,0,0,0,0,0,0,0,0,0,0,0,0
Coprobacillus_sp_AF33_1AC,Species,Coprobacillus_sp_AF33_1AC,0,0,0,0,0,0,0,0,0,0,0,0,0,0,0,0,0,0,0,0,0,0,0,0,0,0,0,0,0,0,0,0,0,0,0,0,0,0,0,0,0,0,0,0,0,0,0,0,0,0,0,0,0,0,0,0,0,0,0,0
Massilimicrobiota_timonensis,Species,Massilimicrobiota_timonensis,0,0,0,0,0,0,0,0,0,0,0,0,0,0,0,0,0,0,0,0,0,0,0,0,0,0,0,0,0,0,0,0,0,0,0,0,0,0,0,0,0,0,0,0,0,0,0,0,0,0,0,0,0,0,0,0,0,0,0,0
Intestinimonas_massiliensis,Species,Intestinimonas_massiliensis,0,0,0,0,0,0,0,0,0,0,0,0,0,0,0,0,0,0,0,0,0,0,0,0,0,0,0,0,0,0,0,0,0,0,0,0,0,0,0,0,0,0,0,0,0,0,0,0,0,0,0,0,0,0,0,0,0,0,0,0
GGB42389_SGB59559,Species,GGB42389_SGB59559,0,0,0,0,0,0,0,0,0,0,0,0,0,0,0,0,0,0,0,0,0,0,0,0,0,0,0,0,0,0,0,0,0,0,0,0,0,0,0,0,0,0,0,0,0,0,0,0,0,0,0,0,0,0,0,0,0,0,0,0
GGB9580_SGB14998,Species,GGB9580_SGB14998,0,0,0,0,0,0,0,0,0,0,0,0,0,0,0,0,0,0,0,0,0,0,0,0,0,0,0,0,0,0,0,0,0,0,0,0,0,0,0,0,0,0,0,0,0,0,0,0,0,0,0,0,0,0,0,0,0,0,0,0
GGB9619_SGB15067,Species,GGB9619_SGB15067,0,0,0,0,0,0,0,0,0,0,0,0,0,0,0,0,0,0,0,0,0,0,0,0,0,0,0,0,0,0,0,0,0,0,0,0,0,0,0,0,0,0,0,0,0,0,0,0,0,0,0,0,0,0,0,0,0,0,0,0
Alistipes_putredinis,Species,Alistipes_putredinis,0,0,0,0,0,0,0,0,0,0,0,0,0,0,0,0,0,0,0,0,0,0,0,0,0,0,0,0,0,0,0,0,0,0,0,0,0,0,0,0,0,0,0,0,0,0,0,0,0,0,0,0,0,0,0,0,0,0,0,0
Bittarella_massiliensis,Species,Bittarella_massiliensis,0,0,0,0,0,0,0,0,0,0,0,0,0,0,0,0,0,0,0,0,0,0,0,0,0,0,0,0,0,0,0,0,0,0,0,0,0,0,0,0,0,0,0,0,0,0,0,0,0,0,0,0,0,0,0,0,0,0,0,0
GGB3534_SGB4722,Species,GGB3534_SGB4722,0,0,0,0,0,0,0,0,0,0,0,0,0,0,0,0,0,0,0,0,0,0,0,0,0,0,0,0,0,0,0,0,0,0,0,0,0,0,0,0,0,0,0,0,0,0,0,0,0,0,0,0,0,0,0,0,0,0,0,0
Rubneribacter_badeniensis,Species,Rubneribacter_badeniensis,0,0,0,0,0,0,0,0,0,0,0,0,0,0,0,0,0,0,0,0,0,0,0,0,0,0,0,0,0,0,0,0,0,0,0,0,0,0,0,0,0,0,0,0,0,0,0,0,0,0,0,0,0,0,0,0,0,0,0,0
GGB2987_SGB3969,Species,GGB2987_SGB3969,0,0,0,0,0,0,0,0,0,0,0,0,0,0,0,0,0,0,0,0,0,0,0,0,0,0,0,0,0,0,0,0,0,0,0,0,0,0,0,0,0,0,0,0,0,0,0,0,0,0,0,0,0,0,0,0,0,0,0,0
Raoultibacter_massiliensis,Species,Raoultibacter_massiliensis,0,0,0,0,0,0,0,0,0,0,0,0,0,0,0,0,0,0,0,0,0,0,0,0,0,0,0,0,0,0,0,0,0,0,0,0,0,0,0,0,0,0,0,0,0,0,0,0,0,0,0,0,0,0,0,0,0,0,0,0
Anaerofustis_stercorihominis,Species,Anaerofustis_stercorihominis,0,0,0,0,0,0,0,0,0,0,0,0,0,0,0,0,0,0,0,0,0,0,0,0,0,0,0,0,0,0,0,0,0,0,0,0,0,0,0,0,0,0,0,0,0,0,0,0,0,0,0,0,0,0,0,0,0,0,0,0
Clostridium_methylpentosum,Species,Clostridium_methylpentosum,0,0,0,0,0,0,0,0,0,0,0,0,0,0,0,0,0,0,0,0,0,0,0,0,0,0,0,0,0,0,0,0,0,0,0,0,0,0,0,0,0,0,0,0,0,0,0,0,0,0,0,0,0,0,0,0,0,0,0,0
GGB9715_SGB15265,Species,GGB9715_SGB15265,0,0,0,0,0,0,0,0,0,0,0,0,0,0,0,0,0,0,0,0,0,0,0,0,0,0,0,0,0,0,0,0,0,0,0,0,0,0,0,0,0,0,0,0,0,0,0,0,0,0,0,0,0,0,0,0,0,0,0,0
Enterocloster_citroniae,Species,Enterocloster_citroniae,0,0,0,0,0,0,0,0,0,0,0,0,0,0,0,0,0,0,0,0,0,0,0,0,0,0,0,0,0,0,0,0,0,0,0,0,0,0,0,0,0,0,0,0,0,0,0,0,0,0,0,0,0,0,0,0,0,0,0,0
GGB9730_SGB15291,Species,GGB9730_SGB15291,0,0,0,0,0,0,0,0,0,0,0,0,0,0,0,0,0,0,0,0,0,0,0,0,0,0,0,0,0,0,0,0,0,0,0,0,0,0,0,0,0,0,0,0,0,0,0,0,0,0,0,0,0,0,0,0,0,0,0,0
Coprococcus_eutactus,Species,Coprococcus_eutactus,0,0,0,0,0,0,0,0,0,0,0,0,0,0,0,0,0,0,0,0,0,0,0,0,0,0,0,0,0,0,0,0,0,0,0,0,0,0,0,0,0,0,0,0,0,0,0,0,0,0,0,0,0,0,0,0,0,0,0,0
Oscillospiraceae_bacterium,Species,Oscillospiraceae_bacterium,0,0,0,0,0,0,0,0,0,0,0,0,0,0,0,0,0,0,0,0,0,0,0,0,0,0,0,0,0,0,0,0,0,0,0,0,0,0,0,0,0,0,0,0,0,0,0,0,0,0,0,0,0,0,0,0,0,0,0,0
GGB4598_SGB6360,Species,GGB4598_SGB6360,0,0,0,0,0,0,0,0,0,0,0,0,0,0,0,0,0,0,0,0,0,0,0,0,0,0,0,0,0,0,0,0,0,0,0,0,0,0,0,0,0,0,0,0,0,0,0,0,0,0,0,0,0,0,0,0,0,0,0,0
Wujia_chipingensis,Species,Wujia_chipingensis,0,0,0,0,0,0,0,0,0,0,0,0,0,0,0,0,0,0,0,0,0,0,0,0,0,0,0,0,0,0,0,0,0,0,0,0,0,0,0,0,0,0,0,0,0,0,0,0,0,0,0,0,0,0,0,0,0,0,0,0
Oscillibacter_sp_ER4,Species,Oscillibacter_sp_ER4,0,0,0,0,0,0,0,0,0,0,0,0,0,0,0,0,0,0,0,0,0,0,0,0,0,0,0,0,0,0,0,0,0,0,0,0,0,0,0,0,0,0,0,0,0,0,0,0,0,0,0,0,0,0,0,0,0,0,0,0
GGB3429_SGB4569,Species,GGB3429_SGB4569,0,0,0,0,0,0,0,0,0,0,0,0,0,0,0,0,0,0,0,0,0,0,0,0,0,0,0,0,0,0,0,0,0,0,0,0,0,0,0,0,0,0,0,0,0,0,0,0,0,0,0,0,0,0,0,0,0,0,0,0
GGB9469_SGB14862,Species,GGB9469_SGB14862,0,0,0,0,0,0,0,0,0,0,0,0,0,0,0,0,0,0,0,0,0,0,0,0,0,0,0,0,0,0,0,0,0,0,0,0,0,0,0,0,0,0,0,0,0,0,0,0,0,0,0,0,0,0,0,0,0,0,0,0
GGB9762_SGB15377,Species,GGB9762_SGB15377,0,0,0,0,0,0,0,0,0,0,0,0,0,0,0,0,0,0,0,0,0,0,0,0,0,0,0,0,0,0,0,0,0,0,0,0,0,0,0,0,0,0,0,0,0,0,0,0,0,0,0,0,0,0,0,0,0,0,0,0
Clostridium_sp_AF36_4,Species,Clostridium_sp_AF36_4,0,0,0,0,0,0,0,0,0,0,0,0,0,0,0,0,0,0,0,0,0,0,0,0,0,0,0,0,0,0,0,0,0,0,0,0,0,0,0,0,0,0,0,0,0,0,0,0,0,0,0,0,0,0,0,0,0,0,0,0
GGB9559_SGB14969,Species,GGB9559_SGB14969,0,0,0,0,0,0,0,0,0,0,0,0,0,0,0,0,0,0,0,0,0,0,0,0,0,0,0,0,0,0,0,0,0,0,0,0,0,0,0,0,0,0,0,0,0,0,0,0,0,0,0,0,0,0,0,0,0,0,0,0
Akkermansia_muciniphila,Species,Akkermansia_muciniphila,0,0,0,0,0,0,0,0,0,0,0,0,0,0,0,0,0,0,0,0,0,0,0,0,0,0,0,0,0,0,0,0,0,0,0,0,0,0,0,0,0,0,0,0,0,0,0,0,0,0,0,0,0,0,0,0,0,0,0,0
GGB9699_SGB15216,Species,GGB9699_SGB15216,0,0,0,0,0,0,0,0,0,0,0,0,0,0,0,0,0,0,0,0,0,0,0,0,0,0,0,0,0,0,0,0,0,0,0,0,0,0,0,0,0,0,0,0,0,0,0,0,0,0,0,0,0,0,0,0,0,0,0,0
Alistipes_shahii,Species,Alistipes_shahii,0,0,0,0,0,0,0,0,0,0,0,0,0,0,0,0,0,0,0,0,0,0,0,0,0,0,0,0,0,0,0,0,0,0,0,0,0,0,0,0,0,0,0,0,0,0,0,0,0,0,0,0,0,0,0,0,0,0,0,0
Clostridiaceae_bacterium_Marseille_Q4149,Species,Clostridiaceae_bacterium_Marseille_Q4149,0,0,0,0,0,0,0,0,0,0,0,0,0,0,0,0,0,0,0,0,0,0,0,0,0,0,0,0,0,0,0,0,0,0,0,0,0,0,0,0,0,0,0,0,0,0,0,0,0,0,0,0,0,0,0,0,0,0,0,0
Mediterraneibacter_butyricigenes,Species,Mediterraneibacter_butyricigenes,0,0,0,0,0,0,0,0,0,0,0,0,0,0,0,0,0,0,0,0,0,0,0,0,0,0,0,0,0,0,0,0,0,0,0,0,0,0,0,0,0,0,0,0,0,0,0,0,0,0,0,0,0,0,0,0,0,0,0,0
GGB9787_SGB15410,Species,GGB9787_SGB15410,0,0,0,0,0,0,0,0,0,0,0,0,0,0,0,0,0,0,0,0,0,0,0,0,0,0,0,0,0,0,0,0,0,0,0,0,0,0,0,0,0,0,0,0,0,0,0,0,0,0,0,0,0,0,0,0,0,0,0,0
Oscillibacter_valericigenes,Species,Oscillibacter_valericigenes,0,0,0,0,0,0,0,0,0,0,0,0,0,0,0,0,0,0,0,0,0,0,0,0,0,0,0,0,0,0,0,0,0,0,0,0,0,0,0,0,0,0,0,0,0,0,0,0,0,0,0,0,0,0,0,0,0,0,0,0
Alistipes_communis,Species,Alistipes_communis,0,0,0,0,0,0,0,0,0,0,0,0,0,0,0,0,0,0,0,0,0,0,0,0,0,0,0,0,0,0,0,0,0,0,0,0,0,0,0,0,0,0,0,0,0,0,0,0,0,0,0,0,0,0,0,0,0,0,0,0
Clostridium_saccharogumia,Species,Clostridium_saccharogumia,0,0,0,0,0,0,0,0,0,0,0,0,0,0,0,0,0,0,0,0,0,0,0,0,0,0,0,0,0,0,0,0,0,0,0,0,0,0,0,0,0,0,0,0,0,0,0,0,0,0,0,0,0,0,0,0,0,0,0,0
GGB9708_SGB15234,Species,GGB9708_SGB15234,0,0,0,0,0,0,0,0,0,0,0,0,0,0,0,0,0,0,0,0,0,0,0,0,0,0,0,0,0,0,0,0,0,0,0,0,0,0,0,0,0,0,0,0,0,0,0,0,0,0,0,0,0,0,0,0,0,0,0,0
Lachnospiraceae_bacterium_AM48_27BH,Species,Lachnospiraceae_bacterium_AM48_27BH,0,0,0,0,0,0,0,0,0,0,0,0,0,0,0,0,0,0,0,0,0,0,0,0,0,0,0,0,0,0,0,0,0,0,0,0,0,0,0,0,0,0,0,0,0,0,0,0,0,0,0,0,0,0,0,0,0,0,0,0
Vescimonas_coprocola,Species,Vescimonas_coprocola,0,0,0,0,0,0,0,0,0,0,0,0,0,0,0,0,0,0,0,0,0,0,0,0,0,0,0,0,0,0,0,0,0,0,0,0,0,0,0,0,0,0,0,0,0,0,0,0,0,0,0,0,0,0,0,0,0,0,0,0
Eisenbergiella_tayi,Species,Eisenbergiella_tayi,0,0,0,0,0,0,0,0,0,0,0,0,0,0,0,0,0,0,0,0,0,0,0,0,0,0,0,0,0,0,0,0,0,0,0,0,0,0,0,0,0,0,0,0,0,0,0,0,0,0,0,0,0,0,0,0,0,0,0,0
Butyricimonas_paravirosa,Species,Butyricimonas_paravirosa,0,0,0,0,0,0,0,0,0,0,0,0,0,0,0,0,0,0,0,0,0,0,0,0,0,0,0,0,0,0,0,0,0,0,0,0,0,0,0,0,0,0,0,0,0,0,0,0,0,0,0,0,0,0,0,0,0,0,0,0
GGB3585_SGB4803,Species,GGB3585_SGB4803,0,0,0,0,0,0,0,0,0,0,0,0,0,0,0,0,0,0,0,0,0,0,0,0,0,0,0,0,0,0,0,0,0,0,0,0,0,0,0,0,0,0,0,0,0,0,0,0,0,0,0,0,0,0,0,0,0,0,0,0
Oscillospiraceae_bacterium_Marseille_Q3528,Species,Oscillospiraceae_bacterium_Marseille_Q3528,0,0,0,0,0,0,0,0,0,0,0,0,0,0,0,0,0,0,0,0,0,0,0,0,0,0,0,0,0,0,0,0,0,0,0,0,0,0,0,0,0,0,0,0,0,0,0,0,0,0,0,0,0,0,0,0,0,0,0,0
Collinsella_SGB14754,Species,Collinsella_SGB14754,0,0,0,0,0,0,0,0,0,0,0,0,0,0,0,0,0,0,0,0,0,0,0,0,0,0,0,0,0,0,0,0,0,0,0,0,0,0,0,0,0,0,0,0,0,0,0,0,0,0,0,0,0,0,0,0,0,0,0,0
Lawsonibacter_asaccharolyticus,Species,Lawsonibacter_asaccharolyticus,0,0,0,0,0,0,0,0,0,0,0,0,0,0,0,0,0,0,0,0,0,0,0,0,0,0,0,0,0,0,0,0,0,0,0,0,0,0,0,0,0,0,0,0,0,0,0,0,0,0,0,0,0,0,0,0,0,0,0,0
Catonella_morbi,Species,Catonella_morbi,0,0,0,0,0,0,0,0,0,0,0,0,0.3342000334200034,0,0,0,0,0,0,0,0,0,0,0.20959802899816246,0,0,0,0,0,0,0.017411454806009134,0,0,0,0,0,0,0,0,0,0,0,0,0,0,0,0,0,0,0,0,0,0,0,0,0,0,0,0,0
Tannerella_forsythia,Species,Tannerella_forsythia,0.762375531165542,0.8835162502706335,0.7087101417420283,0.18692436758674383,0,0,0,0,0,0,0.10825980621011207,0.06582000658200066,0,0,0,0,0,0,0,0,0,0,0,0.17836342057180143,0,0.037104337661664724,0,0,0,0,0,0,0,0,0,0,0,0,0,0,0,0,0,0,0,0,0,0,0,0,0,0,0,0,0,0,0,0,0,0
GGB4733_SGB6557,Species,GGB4733_SGB6557,0.03415074679544465,0,0,0,0,0,0,0,0,0,0,0,0,0,0,0,0,0,0,0,0,0,0,0.04044891795892939,0,0,0,0,0,0,0,0,0,0,0,0,0,0,0,0,0,0.03951343146485866,0,0,0,0,0,0,0,0.12651835684549587,0,0,0,0,0,0,0,0,0,0
Prevotella_conceptionensis,Species,Prevotella_conceptionensis,0,0,0,0,0,0,0,0,0,0,0,0,0,0,0,0,0,0,0,0,0,0,0,0.01675783764066454,0,0,0,0,0,0,0,0,0,0,0,0,0,0,0,0,0,0.3943738637011748,0,0,0,0,0,0,0,0,0,0,0,0,0,0,0,0,0,0
Clostridium_sp_AM29_11AC,Species,Clostridium_sp_AM29_11AC,0,0,0,0,0,0,0,0,0,0,0,0,0,0,0,0,0,0,0,0,0,0,0,0,0,0,0,0,0,0,0,0,0,0,0,0,0,0,0,0,0,0,0,0,0,0,0,0,0,0,0,0,0,0,0,0,0,0,0,0
Parabacteroides_johnsonii,Species,Parabacteroides_johnsonii,0,0,0,0,0,0,0,0,0,0,0,0,0,0,0,0,0,0,0,0,0,0,0,0,0,0,0,0,0,0,0,0,0,0,0,0,0,0,0,0,0,0,0,0,0,0,0,0,0,0,0,0,0,0,0,0,0,0,0,0
GGB9715_SGB15266,Species,GGB9715_SGB15266,0,0,0,0,0,0,0,0,0,0,0,0,0,0,0,0,0,0,0,0,0,0,0,0,0,0,0,0,0,0,0,0,0,0,0,0,0,0,0,0,0,0,0,0,0,0,0,0,0,0,0,0,0,0,0,0,0,0,0,0
Lentihominibacter_SGB71368,Species,Lentihominibacter_SGB71368,0,0,0,0,0,0,0,0,0,0,0,0,0,0,0,0,0,0,0,0,0,0,0,0,0,0,0,0,0,0,0,0,0,0,0,0,0,0,0,0,0,0,0,0,0,0,0,0,0,0,0,0,0,0,0,0,0,0,0,0
Bifidobacterium_pullorum,Species,Bifidobacterium_pullorum,0,0,0,0,0,0,0,0,0,0,0,0,0,0,0,0,0,0,0,0,0,0,0,0,0,0,0,0,0,0,0,0,0,0,0,0,0,0,0,0,0,0,0,0,0,0,0,0,0,0,0,0,0,0,0,0,0,0,0,0
GGB38987_SGB63305,Species,GGB38987_SGB63305,0,0,0,0,0,0,0,0,0,0,0,0,0,0,0,0,0,0,0,0,0,0,0,0,0,0,0,0,0,0,0,0,0,0,0,0,0,0,0,0,0,0,0,0,0,0,0,0,0,0,0,0,0,0,0,0,0,0,0,0
GGB12787_SGB19830,Species,GGB12787_SGB19830,0,0,0,0,0,0,0,0,0,0,0,0,0,0,0,0,0,0,0,0,0,0,0,0,0,0,0,0,0,0,0.010581658264541658,0,0,0,0,0,0,0,0,0,0,0,0,0,0,0,0,0,0,0,0,0,0,0,0,0,0,0,9.35140036977032,0
Clostridium_sp_C5_48,Species,Clostridium_sp_C5_48,0,0,0,0,0,0,0,0,0,0,0,0,0,0,0,0,0,0,0,0,0,0,0,0,0,0,0,0,0,0,0,0,0,0,0,0,0,0,0,0,0,0,0,0,0,0,0,0,0,0,0,0,0,0,0,0,0,0,0,0
Escherichia_marmotae,Species,Escherichia_marmotae,0,0,0,0,0,0,0,0,0,0,0,0,0,0,0,0,0,0,0,0,0,0,0,0,0,0,0,0,0,0,0,0,0,0,0,0,0,0,0,0,0,0,0,0,0,0,0,0,0,0,0,0,0,0,0,0,0,0,0,0
Bilophila_wadsworthia,Species,Bilophila_wadsworthia,0,0,0,0,0,0,0,0,0,0,0,0,0,0,0,0,0,0,0,0,0,0,0,0,0,0,0,0,0,0,0,0,0,0,0,0,0,0,0,0,0,0,0,0,0,0,0,0,0,0,0,0,0,0,0,0,0,0,0,0
Propionibacterium_acidifaciens,Species,Propionibacterium_acidifaciens,0,0,0,0,0,0,0,0,0,0,0,0,0,0,0,0,0,0,0,0,0,0,0,0,0,0.09074916319660169,0,0,0,0.46772024171576965,0,0,0,0,0,0,0,0,0,0,0,0,0,0,0,0,0,0,0,0,0,0,0,0,0,0,0,0,0,0
Haemophilus_influenzae,Species,Haemophilus_influenzae,14.42208215587854,0,0,0,0,0,0,0,0,0,0,3.0655303065530304,0,0,0,0,0,0,0,0,0,0,0,0,0,0,0,0,0,0,0,0,0,0,0,0,0,0,0,0,0,0,0,0,0,0,35.005653500565344,0,0,0,0,0,0,0,0,0,0.019446671631589762,0.2668944289409518,0,0
Eubacterium_brachy,Species,Eubacterium_brachy,4.662726000319329,0.2745931280426662,9.629901925980386,0.1719123329222633,0,0,0,0,0,0,2.1954339301422077,0,0,0,0,0,0,0,0,0,0,0,0,0,0,0.15501119378532824,0,0,0,0.7129740516485645,0,0,0,0,0,0,0,0,0,0,1.198909760218048,2.2640125594477527,0,0,0,0,0,0,0,0,0,0,0,0,0,0,0,0,0,0
Bulleidia_extructa,Species,Bulleidia_extructa,2.2136668619237034,0.633510528736582,2.671450534290107,0.02863202608789181,0,0,0,0,0,0,0,0,0,0,0,0,0,0,0,0,0,0,0,0,0,0,0,0,0,0,0,0,0,0,0,0,0,0,0,0,0,0,0,0,0,0,0,0,0,0,0,0,0,0,0,0,0,0,0,0
Prevotella_jejuni,Species,Prevotella_jejuni,2.047830514349586,1.6341106315824225,0,0,0,0,0.41057995894200405,0.49097999999999997,0,0,0,0,0,0,0,0,0,0,0,0,0,0,0,0,0,0,0,0,0,0,0,0,0,0,0,6.602292353587691,0,0,0,0,0,0.8237885065844046,0,0,0,0,0,0,0,0.020616007935645685,0,0,0,0,0,0,0,0,0,0
Prevotella_pleuritidis,Species,Prevotella_pleuritidis,1.8204365173945518,1.2832945180412627,0,0,0,0,0,0,0,0,0,0,0,0,0,0,0,0,0,0,0,0,0,0,0,0,0,0,0,0,0,0,0,0,0,0,0,0,0,0,0.037839992432001514,0,0,0,0,0,0,0,0,0,0,0,0,0,0,0,0,0,0,0
GGB70967_SGB95921,Species,GGB70967_SGB95921,1.1450184417043339,2.352684675422943,0,0,0,0,0,0,0,0,0,0,0,0,0,0,0,0,0,0,0,0,0,0,0,0,0,0,0,0,0,0,0,0,0,0,0,0,0,0,0,0,0,0,0,0,0,0,0,0,0,0,0,0,0,0,0,0,0,0
GGB18703_SGB19793,Species,GGB18703_SGB19793,1.0817647957884693,0,0,0,0,0,0,0,0,0,0,0,0,0,0,0,0,0,0,0,0,0,0,0,0,0,0,0,0,0,0,0,0,0,0,0,0,0,0,0,0,0,0,0,0,0,0,0,0,0,0,0,0,0,0,0,0,0,1.5286668872343736,0
GGB1431_SGB1972,Species,GGB1431_SGB1972,0.8179319620381783,1.4094315590096744,0,0,0,0,0,0,0,0,0.35416105751337457,0,0,0,0,0,0,0,0,0,0,0,0,0,0,0,0,0,0,0,0,0,0,0,0,0,0,0,0,0,0,0,0,0,0,0,0,0,0,0,0,0,0,0,0,0,0,0,0,0
GGB3883_SGB5265,Species,GGB3883_SGB5265,0.7697917527000214,0.1605270049318611,0,0,0,0,0,0,0,0,0.004885188501293668,0,0,0,0,0,0,0,0,0,0,0,0,0,0,0,0,0,0.17166286549368376,0,0,0,0,0,0,0.1260535486805451,0,0,0,0,0,0.33797041645695897,0.7207100720710072,0,1.151640230328046,0,0,0,0,0,0,0,0,0,0,0,0,0,0,0
Treponema_denticola,Species,Treponema_denticola,0.7449238271757452,1.053592647433806,0.18063003612600723,0.0425724878977363,0,0,0,0,0,0,0,0,0,0,0,0,0,0,0,0,0,0,0,0,0,0,0,0,0,0.646007695806285,0,0,0,0,0,0,0,0,0,0,0,0,0,0,0,0,0,0,0,0.017621730041165254,0,0,0,0,0,0,0,0,0,0
Mogibacterium_timidum,Species,Mogibacterium_timidum,0.6712031730589847,0.008101287152756048,0.49880009976002,0.04883167513275987,0,0,0,0,0,0,0,0,0,0,0,0,0,0,0,0,0,0,0,0,0,0,0,0,0,0,0,0,0,0,0,0,0,0,0,0,0,0,0,0,0,0,0,0,0,0,0,0,0,0,0,0,0,0,0,0
Eggerthia_catenaformis,Species,Eggerthia_catenaformis,0.6637267386297733,0.1810232614283339,0,0.09586070434183294,0,0,0,0,0,0,0,0,0,0,0,0,0,0,0,0,0,0,0,0,0,0,0,0,0,0,0,0,0,0,0,0,0,0,0,0,0,0,0,0,0,0,0,0,0,0,0,0,0,0,0,0,0,0,0,0
Parvimonas_sp_oral_taxon_110,Species,Parvimonas_sp_oral_taxon_110,0.6387885647283099,0.4363960857010864,0,0,0,0,0,0,0,0,2.042885105704903,0.2412200241220024,2.7368102736810274,0,0,0,0,0,0,0,0,0,0,0,0,0,0,0,0,0,0,0,0,0,0,0,0,0,0,0,0,0,0,0,0,0,0,0,0,0,0,0,0,0,0,0,0,0.31449356958577157,0,0
Candidatus_Nanosynbacter_sp_HMT_352,Species,Candidatus_Nanosynbacter_sp_HMT_352,0.6219490251682875,0,0,0.006920157407042056,0,0,0,0,0,0,0,0,0,0,0,0,0,0,0,0,0,0,0,0,0,0,0,0,0,0,0,0,0,0,0,0.09428724508047194,0,0,0,0,0,0.3809659127862823,0,0,0,0,0,0,0,0,0,0,0,0,0,0,0,0,0,0
Parvimonas_sp_oral_taxon_393,Species,Parvimonas_sp_oral_taxon_393,0.5832923467504054,0.47836075315236276,0.08448001689600339,0,0,0,0,0,0,0,0,0,0,0,0,0,0,0,0,0,0,0,0,0,0,0,0,0,0,0,0,0,0,0,0,0,0,0,0,0,0,0,0,0,0,0,0,0,0,0,0,0,0,0,0,0,0,0,0,0
Oribacterium_asaccharolyticum,Species,Oribacterium_asaccharolyticum,0.5573606600858656,0.5319912741036078,0.4192400838480168,0.21993281738936413,0,0,0.08117999188200081,0.73329,0,0,0.06365853882098141,0,0,0,0,0,0,0,0,0,0,0,0,0,0,0.03822193819364258,0,0,0,0.008178228727998007,0,0,0,0,0,0.021943029461324422,0,0,0,0,0,0,0,0,0,0,0,0,0,0,0,0,0,0,0,0,0,0,1.4754589644030256,0
GGB1188_SGB1538,Species,GGB1188_SGB1538,0.5073137090811984,2.937111530622764,1.2207202441440488,0.017105106875872404,0,0,0,0,0,0,0,0,0,0,0,0,0,0,0,0,0,0,0,0,0,0,0,0,0,0,0,0,0,0,0,0,0,0,0,0,0,0,0,0,0,0,0,0,0,0,0,0,0,0,0,0,0,0,0,0
Eubacterium_saphenum,Species,Eubacterium_saphenum,0.2801003508103602,0.08792934543422595,0,0,0,0,0,0,0,0,0,0,0,0,0,0,0,0,0,0,0,0,0,0,0,0,0,0,0,0,0,0,0,0,0,0,0,0,0,0,0,0,0,0,0,0,0,0,0,0,0,0,0,0,0,0,0,0,0,0
GGB1022_SGB1315,Species,GGB1022_SGB1315,0.2772402383105948,2.9663976836799772,0.24476004895200978,0.006960216205346207,0,0,0,0,0,0,0,0,0,0,0,0,0,0,0,0,0,0,0,0,0,0,0,0,0,0,0,0,0,0,0,0,0,0,0,0,0,0,0,0,0,0,0,0,0,0,0,0,0,0,0,0,0,0,0,0
GGB49528_SGB69474,Species,GGB49528_SGB69474,0.2333048961212158,1.7719742857044485,0,0,0,0,0,0,0,0,0,0,0,0,0,0,0,0,0,0,0,0,0,0,0,0,0,0,0,2.57987446470598,0,0,0,0,0,0,0,0,0,0,0,0,0,0,0,0,0,0,0,0,0,0,0,0,0,0,0,0,0,0
Oribacterium_parvum,Species,Oribacterium_parvum,0.1958223691506058,0.04779759420126068,0,0,0,0,0,0,0,0,0,0,0,0,0,0,0,0,0,0,0,0,0,0,0,0.43516316713766756,0,0,0,0.2121169918882517,0,0,0,0,0,0.052384050968528294,0,0,0,0,0,0.3375401613156602,0,0,0,0,0,0,0,0.11583606814086297,0,0,0,0,0,0,0.025772094416543302,0.13057630569984433,0,0
GGB2964_SGB3946,Species,GGB2964_SGB3946,0.17458728827515446,0.17505868876211725,0.10880002176000435,0.03881697555672216,0,0,0,0,0,0,0,0,0,0,0,0,0,0,0,0,0,0,0,0,0,0,0,0,0,0,0,0,0,0,0,0,0,0,0,0,0,0,0,0,0,0,0,0,0,0.008841212431675332,0,0,0,0,0,0,0,0,0,0
GGB3887_SGB5270,Species,GGB3887_SGB5270,0.16720117318804095,0.484588617651044,0,0,0,0,0,0,0,0,0.009105588464266961,0,0,0,0,0,0,0,0,0,0,0,0,0,0,0,0,0,0,0,0,0,0,0,0,0.03727988177269733,0,0,0,0,0,0.4720299137388471,0,0,0,0,0,0,0,0,0,0,0,0,0,0,0,0,0,0
GGB1025_SGB1320,Species,GGB1025_SGB1320,0.16383928656550967,0.1898840442516608,0,0,0,0,0,0,0,0,0,0,0,0,0,0,0,0,0,0,0,0,0,0,0,0,0,0,0,0,0,0,0,0,0,0,0,0,0,0,0,0,0,0,0,0,0,0,0,0,0,0,0,0,0,0,0,0,0,0
GGB49400_SGB97338,Species,GGB49400_SGB97338,0.14877602740007845,2.0408661329133624,0,0,0,0,0,0,0,0,0,0,0,0,0,0,0,0,0,0,0,0,0,0,0,0,0,0,0,0,0,0,0,0,0,0,0,0,0,0,0,0,0,0,0,0,0,0,0,0,0,0,0,0,0,0,0,0,0,0
GGB49401_SGB69314,Species,GGB49401_SGB69314,0.14395899582152616,0.9350201833442802,0.2606300521260104,0,0,0,0,0,0,0,0,0,0,0,0,0,0,0,0,0,0,0,0,0,0,0,0,0,0,0,0,0,0,0,0,0,0,0,0,0,0,0,0,0,0,0,0,0,0,0,0,0,0,0,0,0,0,0,0,0
Campylobacter_concisus,Species,Campylobacter_concisus,0.13046127191912443,0.5889331961785418,0,0.011026184233217516,0,0,0,0.26309,0,0,0.06389020755403245,0,0,0,0,0,0,0,0,0,0,0,0,0,0,0.045384741603137,0,0,0,0.01781427066794003,0.03459156157011289,0,0,0,0,0.007860642642438487,0,0,0,0,0,0.811351131220814,0,0.23587278096669365,0,0,0,0,0,0.02149608285733419,0,0,0,0,0,0,0.06566629571531674,0.09115267039818083,0,0
Bacteroidota_unclassified_SGB1343,Species,Bacteroidota_unclassified_SGB1343,0.12517257266517226,0.5258342958675132,0,0,0,0,0,0,0,0,0.029049244613878228,0,0,0,0,0,0,0,0,0,0,0,0,0,0,0,0,0,0,0,0,0,0,0,0,0,0,0,0,0,0,0,0,0,0,0,0,0,0,0.5524746189427326,0,0,0,0,0,0,0,0,0,0
GGB1611_SGB2208,Species,GGB1611_SGB2208,0.10187018240392556,1.2487425283347582,0.7913801582760317,0.03990857781051027,0,0,0,0,0,0,0,0,0,0,0,0,0,0,0,0,0,0,0,0,0,0,0,0,0,0,0,0,0,0,0,0,0,0,0,0,0,0,0,0,0,0,0,0,0,0,0,0,0,0,0,0,0,0,0,0
Arachnia_SGB15899,Species,Arachnia_SGB15899,0.10021432779879821,0,0,0,0,0,0,0,0,0,0.06618674977732103,0,0,0,0,0,0,0,0,0,0,0,0,0,0,0,0,0,0,0,0,0,0,0,0,0,0,0,0,0,0,0,0,0,0,0,0,0,0,0.8973223669928608,0,0,0,0,0,0,0,0,0,0
Lachnoanaerobaculum_orale,Species,Lachnoanaerobaculum_orale,0.09587899937810115,0.117043346139443,0.2173000434600087,0.08264130090146317,0,0,0,0,0,0,0.0012590692013643475,0,0,0,0,0,0,0,0,0,0,0,0,0,0,0.21265906122571315,0,0,0,0.6362579237576097,0.03766949638850619,0,0,0,0,0.21234863457501138,0,0,0,0,0,0.2895216863600115,0.45760004576000457,0,0,0,0,0,0,0,0,0,0,0,0,0,0,0,0,0
Candidatus_Saccharibacteria_unclassified_SGB19846,Species,Candidatus_Saccharibacteria_unclassified_SGB19846,0.06663560350330663,0.12694716968368727,0,0.03982846021390196,0,0,0,0,0,0,0,0,0,0,0,0,0,0,0,0,0,0,0,0,0,0,0,0,0,0,0,0,0,0,0,0,0,0,0,0,0,0,0,0,0,0,0,0,0,0,0,0,0,0,0,0,0,0,0,0
GGB71270_SGB97344,Species,GGB71270_SGB97344,0.05544604056562789,0.001346838989145693,0,0.045546853671819494,0,0,0,0,0,0,0.07139425999416396,0,0,0,0,0,0,0,0,0,0,0,0,0,0,0,0,0,0,0,0,0,0,0,0,0,0,0,0,0,0,0,0,0,0,0,0,0,0,0,0,0,0,0,0,0,0,0,0,0
Neisseria_sicca,Species,Neisseria_sicca,0.05495430192531735,0.24349431198502397,0,0,0,0,0,0,0,0,0.023418687145376864,0,0,0,0,0,0,0,0,0,0,0,0,0,0,0,0,0,0,0,0,0,0,0,0,0.04372419240748924,0,0,0,0,1.377859724428055,1.1294597696433986,0,0,0,0,0.06357000635700064,0,0,0.5110504028011874,0,0,0,0,0,0,0.07880756172266484,3.055584586559638,0,0
Arachnia_rubra,Species,Arachnia_rubra,0.04431669052268104,0.009316480225669456,0,0,0,0,0,0,0,0,0.03273579923547303,0,0,0,0,0,0,0,0,0,0,0,0,0,0,0,0,0,0,0,0,0,0,0,0,0,0,0,0,0,0,0,0,0,0,0,0,0,0,0.21131913924221707,0,0,0,0,0,0,0,0,0,0
Actinobaculum_sp_oral_taxon_183,Species,Actinobaculum_sp_oral_taxon_183,0.040814307145775316,0,0,0,0,0,0,0,0,0,0,0,0,0,0,0,0,0,0,0,0,0,0,0,0,0.05340098541886906,0,0,0,0,0,0,0,0,0,0,0,0,0,0,0,0,0,0,0,0,0,0,0,0,0,0,0,0,0,0,0,0,0,0
Capnocytophaga_sputigena,Species,Capnocytophaga_sputigena,0.03867674938279274,0.047048225139630744,0,0,0,0,0,0,0,0,0.020507719151822493,0,0,0,0,0,0,0,0,0,0,0,0,0,0,0,0,0,0,0,0,0,0,0,0,0.01732983377927558,0,0,0,0,0,0,0,0,0.4488600897720179,0,0,0,0,0.04268869160374131,0,0,0,0,0,0,0.8638005361996839,0,0,0
Eubacterium_infirmum,Species,Eubacterium_infirmum,0.03783376885654609,0.1608409298090304,0,0.010655640348904122,0,0,0,0,0,0,0.047774121776568805,0,0,0,0,0,0,0,0,0,0,0,0,0,0,0,0,0,0,0,0,0,0,0,0,0,0,0,0,0,0,0.007324343335598009,0,0,0,0,0,0,0,0,0,0,0,0,0,0,0,0,0,0
Prevotella_baroniae,Species,Prevotella_baroniae,0.036950646400478175,1.1561751960055795,0.8049601609920323,0.06722867825394113,0,0,0,0,0,0,0,0,0,0,0,0,0,0,0,0,0,0,0,0,0,0,0,0,0,0.20374232024516903,0,0,0,0,0,0.04834750474673556,0,0,0,0,0,0,0,0,0,0,0,0,0,0,0,0,0,0,0,0,0,0,0,0
GGB74353_SGB98242,Species,GGB74353_SGB98242,0.03571628205847415,0.3394439317004784,0,0,0,0,0,0,0,0,0,0,0,0,0,0,0,0,0,0,0,0,0,0,0,0,0,0,0,0,0,0,0,0,0,0,0,0,0,0,0,0,0,0,0,0,0,0,0,0,0,0,0,0,0,0,0,0,0,0
Porphyromonas_catoniae,Species,Porphyromonas_catoniae,0.03446184675155949,0,0,0,0,0,0,0,0,0,0.13499236349347987,0,0,0,0,0,0,0,0,0,0,0,0,0,0,0,0,0,0,0,0,0,0,0,0,0,0,0,0,0,0,0,0,0,0,0,0,0,0,0.4368206352684259,0,0,0,0,0,0,0.21310269293865633,0.06107397483798593,0,0
Prevotella_micans,Species,Prevotella_micans,0.0331873404797342,0.24384874329795703,0,0,0,0,0,0,0,0,0.015431152131921443,0,0,0,0,0,0,0,0,0,0,0,0,0,0,0,0,0,0,0,0,0,0,0,0,0,0,0,0,0,0,0,0,0,0,0,0,0,0,0.044651157521069705,0,0,0,0,0,0,0,0,0,0
Corynebacterium_matruchotii,Species,Corynebacterium_matruchotii,0.02513888355056975,0,0.08396001679200336,0.05718393457917532,0,0,0,0,0,0,0,0,0,0,0,0,0,0,0,0,0,0,0,0,0,0.012618726006513578,0,0,0,0,0,0,0,0,0,0,0,0,0,0,0,0.30961360086531314,0,0,0,0,0,0,0,0.063891416153846,0,0,0,0,0,0,0,0,0,0
Cardiobacterium_hominis,Species,Cardiobacterium_hominis,0.023171928989327566,0,0,0,0,0,0,0,0,0,0.10872314367621413,0,0,0,0,0,0,0,0,0,0,0,0,0,0,0,0,0,0,0,0,0,0,0,0,0,0,0,0,0,0,0,0,0,0,0,0,0,0,0.10614512819859184,0,0,0,0,0,0,0.05193452346696823,0,0,0
Aggregatibacter_sp_2125159857,Species,Aggregatibacter_sp_2125159857,0.021967671094689493,0,0,0,0,0,0,0,0,0,0,0,0,0,0,0,0,0,0,0,0,0,0,0,0,0,0,0,0,0,0,0,0,0,0,0,0,0,0,0,0,0,0,0,0,0,0,0,0,0.24611750396185453,0,0,0,0,0,0,0,0,0,0
Treponema_SGB3588,Species,Treponema_SGB3588,0.01885667153354114,0.07926096818077699,0,0,0,0,0,0,0,0,0,0,0,0,0,0,0,0,0,0,0,0,0,0,0,0,0,0,0,0,0,0,0,0,0,0,0,0,0,0,0,0,0,0,0,0,0,0,0,0,0,0,0,0,0,0,0,0,0,0
GGB1843_SGB2524,Species,GGB1843_SGB2524,0.01584602679694596,0,0,0.04851120474632666,0,0,0,0,0,0,0.028626197362219805,0,0,0,0,0,0,0,0,0,0,0,0,0,0,0.04090417947038943,0,0,0,0,0,0,0,0,0,0.114308109674276,0,0,0,0,0,0,0,0,0,0,0,0,0,0.09963055061735739,0,0,0,0,0,0,0,0,0,0
TM7_phylum_sp_oral_taxon_349,Species,TM7_phylum_sp_oral_taxon_349,0.013297014253295375,0.11492688487078548,0,0,0,0,0,0,0,0,0,0,0,0,0,0,0,0,0,0,0,0,0,0,0,0,0,0,0,0,0,0,0,0,0,0,0,0,0,0,0,0,0,0,0,0,0,0,0,0,0,0,0,0,0,0,0,0,0,0
GGB4533_SGB6246,Species,GGB4533_SGB6246,0.01152073385870422,0,0,0,0,0,0,0,0,0,0.07308644900079765,0,0,0,0,0,0,0,0,0,0,0,0,0,0,0,0,0,0,0,0,0,0,0,0,0.1306060444194091,0,0,0,0,0,0.20564194567378452,0,0,0,0,0,0,0,0.011875953540946043,0,0,0,0,0,0,0,0,0,0
Prevotella_loescheii,Species,Prevotella_loescheii,0.011289917762231923,0,0,0,0,0,0,0,0,0,0.06650907149287029,0,0,0,0,0,0,0,0,0,0,0,0,0,0,0,0,0,0,0,0,0,0,0,0,0.016915050834179084,0,0,0,0,0,0,0,0,0,0,0,0,0,0.029002009200930413,0,0,0,0,0,0,0,0,0,0
Prevotella_bivia,Species,Prevotella_bivia,0.009312927718534423,0.04372669740700077,0,0,0,0,0,0,0,0,0,0,3.223350322335032,0,0,0,0,0,0,0,0,0,0,0,0,0,0,0,0,0,0,0,0,0,0,0,0,0,0,0,0,0,0,0,0,0,0,0,0,0,0,0,0,0,0,0,0,0,0,0
Mogibacterium_SGB3923,Species,Mogibacterium_SGB3923,0.008339485920368648,0,0,0,0,0,0,0,0,0,0.1101937365034077,0,0.41799004179900423,0,0,0,0,0,0,0,0,0,0,0,0,0,0,0,0,0,0,0,0,0,0,0,0,0,0,0,0,0.13712131293857258,0,0,0,0,0,0,0,0.3051128711260771,0,0,0,0,0,0,0,0,0,0
Campylobacter_rectus,Species,Campylobacter_rectus,0.007797569867781515,0.5493381552194466,0.08643001728600345,0,0,0,0,0,0,0,0,0,0,0,0,0,0,0,0,0,0,0,0,0,0,0,0,0,0,0.09691873084229241,0,0,0,0,0,0,0,0,0,0,0,0,0,0,0,0,0,0,0,0,0,0,0,0,0,0,0,0.564025585117546,0,0
Prevotella_oulorum,Species,Prevotella_oulorum,0.006984695788900817,0,0,0,0,0,0,0,0,0,0.10142054230830091,0,0,0,0,0,0,0,0,0,0,0,0,0,0,0,0,0,0,0,0.6200026936958967,0,0,0,0,0,0,0,0,0,0,0.0885024819718093,0,0,0.3025900605180121,0,0,0,0,0.004511648449115788,0,0.18381999999999998,0,0,0,0,0.0035830717674262143,0,0,0
Neisseria_sp_oral_taxon_014,Species,Neisseria_sp_oral_taxon_014,0.006412673288947733,0,0,0,0,0,0,0,0,0,0,0,0,0,0,0,0,0,0,0,0,0,0,0,0,0,0,0,0,0.22156693001390299,0,0,0,0,0,0,0,0,0,0,0,0,0,0,0,0,0,0,0,0,0,0.31835,0,0,0,0,0,0,0,0
Selenomonas_SGB5896,Species,Selenomonas_SGB5896,0.0021275222805272605,0.007240525392775718,0,0.008923097322249598,0,0,0,0,0,0,0.0910458120890587,0,0,0,0,0,0,0,0,0,0,0,0,0,0,0,0,0,0,0,0,0,0,0,0,0,0,0,0,0,0,0,0,0,0,0,0,0,0,0,0,0,0,0,0,0,0,0,0,0
Prevotella_koreensis,Species,Prevotella_koreensis,0,3.229335084831616,0,0.016884783485199575,0,0,0,0,0,0,0,0,0,0,0,0,0,0,0,0,0,0,0,0,0,0,0,0,0,0,0,0,0,0,0,0,0,0,0,0,0,0,0,0,0,0,0,0,0,0,0,0,0,0,0,0,0,0,0,0
GGB4333_SGB5935,Species,GGB4333_SGB5935,0,2.1352056218072066,0.25125005025001007,0.09367749983425672,0,0,0,0,0,0,0,0,0,0,0,0,0,0,0,0,0,0,0,0,0,0,0,0,0,0.12438972165176233,0,0,0,0,0,0,0,0,0,0,0,0,0,0,0,0,0,0,0,0,0,0,0,0,0,0,0,0,0,0
Prevotella_vespertina,Species,Prevotella_vespertina,0,1.3498870984369173,0,0,0,0,0,0,0,0,0,0,0,0,0,0,0,0,0,0,0,0,0,0,0,0.33617424001893825,0,0,0,2.9306491373416166,0,0,0,0,0,0,0,0,0,0,0,0.44447357282868744,0,0,0,0,0,0,0,0,0,0,0,0,0,0,0,1.4272472736375352,0,0
Treponema_SGB3604,Species,Treponema_SGB3604,0,0.6032117147852744,0,0.031846744651799916,0,0,0,0,0,0,0,0,0,0,0,0,0,0,0,0,0,0,0,0,0,0,0,0,0,0,0,0,0,0,0,0,0,0,0,0,0,0,0,0,0,0,0,0,0,0,0,0,0,0,0,0,0,0,0,0
Alloprevotella_SGB1483,Species,Alloprevotella_SGB1483,0,0.19897773908062946,0,0,0,0,0,0,0,0,0.0017526243282991719,0,0,0,0,0,0,0,0,0,0,0,0,0,0,0,0,0,0,1.2022616576204703,0,0,0,0,0,0.009469191136837096,0,0,0,0,0,0,0,0,0,0,0,0,0,0.009306539401763509,0,0,0,0,0,0,0,0.3151678380676814,0,0
Alloprevotella_SGB1484,Species,Alloprevotella_SGB1484,0,0.1873422654074836,0,0,0,0,0,0,0,0,0,0,0,0,0,0,0,0,0,0,0,0,0,0,0,0,0,0,0,1.454287578573289,0,0,0,0,0,0.02810407369458702,0,0,0,0,0,0,0,0,0,0,0,0,0,0.016529223241827797,0,0,0,0,0,0,0,0.27705059794971815,0,0
Catonella_SGB4505,Species,Catonella_SGB4505,0,0.16539790383245564,0,0,0,0,0,0,0,0,0,0,0,0,0,0,0,0,0,0,0,0,0,0,0,0,0,0,0,0,0.022531287559480338,0,0,0,0,0,0,0,0,0,0,0.040443983282086274,0,0,0,0,0,0,0,0.010813794152701294,0,0.80415,0,0,0,0,0,0,0,0
Catonella_SGB69305,Species,Catonella_SGB69305,0,0.16321055630121153,0,0,0,0,0,0,0,0,0.07117266381472384,0,0,0,0,0,0,0,0,0,0,0,0,0,0,0,0,0,0,0,0,0,0,0,0,0,0,0,0,0,0,0,0,0,0,0,0,0,0,0.16378497766734018,0,0,0,0,0,0,0,0.098411592023741,0,0
GGB1024_SGB69047,Species,GGB1024_SGB69047,0,0.08384832203102509,0,0.026849409563357098,0,0,0,0,0,0,0,0,0,0,0,0,0,0,0,0,0,0,0,0,0,0,0,0,0,0,0,0,0,0,0,0,0,0,0,0,0,0,0,0,0,0,0,0,0,0,0,0,0,0,0,0,0,0,0,0
Treponema_sp_Marseille_Q4130,Species,Treponema_sp_Marseille_Q4130,0,0.08089135222026914,0,0,0,0,0,0,0,0,0.0647363020573493,0,0,0,0,0,0,0,0,0,0,0,0,0,0,0,0,0,0,0,0,0,0,0,0,0,0,0,0,0,0,0,0,0,0,0,0,0,0,0,0,0,0,0,0,0,0,0,0,0
GGB4538_SGB6256,Species,GGB4538_SGB6256,0,0.07167613808400913,0,0.07820478898927846,0,0,0,0,0,0,0,0,0,0,0,0,0,0,0,0,0,0,0,0,0,0.04287522040860491,0,0,0,0.17049177209189267,0,0,0,0,0,0,0,0,0,0,0,0,0,1.3188409549235347,0,0,0,0,0,0,0,0,0,0,0,0,0,0,0,0
Capnocytophaga_ochracea,Species,Capnocytophaga_ochracea,0,0.06287611491432787,0,0,0,0,0,0,0,0,0.01632760940329286,0,0,0,0,0,0,0,0,0,0,0,0,0,0,0,0,0,0,0.01781427066794003,0,0,0,0,0,0,0,0,0,0,0,0,0,0,0,0,0,0,0,0,0,0,0,0,0,0,0,0,0,0
Alloprevotella_sp_oral_taxon_473,Species,Alloprevotella_sp_oral_taxon_473,0,0.05608116031495374,0,0,0,0,0,0,0,0,0,0,0,0,0,0,0,0,0,0,0,0,0,0,0,0,0,0,0,0.18824400815506914,0,0,0,0,0,0,0,0,0,0,0,0,0,0,0,0,0,0,0,0,0,0,0,0,0,0,0,0,0,0
GGB3059_SGB69431,Species,GGB3059_SGB69431,0,0.04917481301722921,0,0,0,0,0,0,0,0,0,0,0,0,0,0,0,0,0,0,0,0,0,0,0,0,0,0,0,0.1622515087591311,0,0,0,0,0,0.011006923030853377,0,0,0,0,0,0,0,0,0,0,0,0,0,0.001972581721025961,0,0,0,0,0,0,0,0.07217833389943791,0,0
GGB1202_SGB1567,Species,GGB1202_SGB1567,0,0.03953428130544951,0,0,0,0,0,0,0,0,0,0,0,0,0,0,0,0,0,0,0,0,0,0,0,0.005181602466442774,0,0,0,0,0,0,0,0,0,0.0580898456279045,0,0,0,0,0,0,0,0,0,0,0,0,0,0,0,0,0,0,0,0,0,0,0,0
Streptococcus_pneumoniae,Species,Streptococcus_pneumoniae,0,0.0324962880914927,0,0,0,0,0,0,0,0,0,0.01678000167800017,0,0,0,0,0,0,0,0,0,0,0,0,0,0,0,0,0,0,0,0,0,0,0,0,0,0,0,0,0,0,0,0,0,0,0,0,100,0,0,0,0,0,0,0,0,0,0,0
Selenomonas_noxia,Species,Selenomonas_noxia,0,0.028992481397925703,0,0,0,0,0,0,0,0,0,0,0,0,0,0,0,0,0,0,0,0,0,0,0,0,0,0,0,0,0.027087838123964526,0,0,0,0,0,0,0,0,0,0,0.4205593917192895,0,0,0,0,0,0,0,0.036700135814780446,0,0,0,0,0,0,0,0,0,0
Haemophilus_pittmaniae,Species,Haemophilus_pittmaniae,0,0.028941848353220983,0,0,0,0,0,0,0,0,0,0,0,0,0,0,0,0,0,0,0,0,0,0,0,0,0,0,0,0,0,0,0,0,0,0,0,0,0,0,0,0,0,0,0,0,0,0,0,0,0,0,0,0,0,0,0,0,0,0
Treponema_maltophilum,Species,Treponema_maltophilum,0,0.019686127781197195,0,0,0,0,0,0,0,0,0,0,0,0,0,0,0,0,0,0,0,0,0,0,0,0,0,0,0,0,0.03134263037291997,0,0,0,0,0,0,0,0,0,0,0,0,0,0,0,0,0,0,0,0,0,0,0,0,0,0,0,0,0
Atopobium_sp_oral_taxon_199,Species,Atopobium_sp_oral_taxon_199,0,0.012901299790764006,0,0.02407533778079465,0,0,0,0,0,0,0.13017768286746262,0,0,0,0,0,0,0,0,0,0,0,0,0,0,0,0,0,0,0,0,0,0,0,0,0,0,0,0,0,0,0,0,0,0,0,0,0,0,0,0,0,0,0,0,0,0,0,0,0
Selenomonas_SGB69112,Species,Selenomonas_SGB69112,0,0.011382308449622248,0,0,0,0,0,0,0,0,0.02603755108421471,0,0,0,0,0,0,0,0,0,0,0,0,0,0,0.017119608148933478,0,0,0,0,0.025669574040979384,0,0,0,0,0,0,0,0,0,0,0,0,0,0,0,0,0,0,0,0,0,0,0,0,0,0,0,0,0
Prevotella_veroralis,Species,Prevotella_veroralis,0,0.0038481113975591228,0,0,0,0,0,0,0,0,0,0,0,0,0,0,0,0,0,0,0,0,0,0,0,0,0,0,0,0,0,0,0,0,0,0.015832568514049204,0,0,1.6567801656780166,0,0,0.1528406344962563,0,0,0,0,0,0,0,0,0,0,0,0,0,0,0,0.03614711189738308,0,0
Bifidobacterium_adolescentis,Species,Bifidobacterium_adolescentis,0,0,0,0,0,0,0,0,0,0,0,0,0,0,0,0,0,0,0,0,0,0,0,0,0,0,0,0,0,0,0,0,0,0,0,0,0,0,0,0,0,0,0,0,0,0,0,0,0,0,0,0,0,0,0,0,0,0,0,0
Blautia_schinkii,Species,Blautia_schinkii,0,0,0,0,0,0,0,0,0,0,0,0,0,0,0,0,0,0,0,0,0,0,0,0,0,0,0,0,0,0,0,0,0,0,0,0,0,0,0,0,0,0,0,0,0,0,0,0,0,0,0,0,0,0,0,0,0,0,0,0
GGB3343_SGB4423,Species,GGB3343_SGB4423,0,0,0,0,0,0,0,0,0,0,0,0,0,0,0,0,0,0,0,0,0,0,0,0,0,0,0,0,0,0,0,0,0,0,0,0,0,0,0,0,0,0,0,0,0,0,0,0,0,0,0,0,0,0,0,0,0,0,0,0
Evtepia_gabavorous,Species,Evtepia_gabavorous,0,0,0,0,0,0,0,0,0,0,0,0,0,0,0,0,0,0,0,0,0,0,0,0,0,0,0,0,0,0,0,0,0,0,0,0,0,0,0,0,0,0,0,0,0,0,0,0,0,0,0,0,0,0,0,0,0,0,0,0
Blautia_hydrogenotrophica,Species,Blautia_hydrogenotrophica,0,0,0,0,0,0,0,0,0,0,0,0,0,0,0,0,0,0,0,0,0,0,0,0,0,0,0,0,0,0,0,0,0,0,0,0,0,0,0,0,0,0,0,0,0,0,0,0,0,0,0,0,0,0,0,0,0,0,0,0
GGB51959_SGB72479,Species,GGB51959_SGB72479,0,0,0,0,0,0,0,0,0,0,0,0,0,0,0,0,0,0,0,0,0,0,0,0,0,0,0,0,0,0,0,0,0,0,0,0,0,0,0,0,0,0,0,0,0,0,0,0,0,0,0,0,0,0,0,0,0,0,0,0
Bacteroides_faecis,Species,Bacteroides_faecis,0,0,0,0,0,0,0,0,0,0,0,0,0,0,0,0,0,0,0,0,0,0,0,0,0,0,0,0,0,0,0,0,0,0,0,0,0,0,0,0,0,0,0,0,0,0,0,0,0,0,0,0,0,0,0,0,0,0,0,0
GGB9357_SGB14330,Species,GGB9357_SGB14330,0,0,0,0,0,0,0,0,0,0,0,0,0,0,0,0,0,0,0,0,0,0,0,0,0,0,0,0,0,0,0,0,0,0,0,0,0,0,0,0,0,0,0,0,0,0,0,0,0,0,0,0,0,0,0,0,0,0,0,0
Ruminococcus_bovis,Species,Ruminococcus_bovis,0,0,0,0,0,0,0,0,0,0,0,0,0,0,0,0,0,0,0,0,0,0,0,0,0,0,0,0,0,0,0,0,0,0,0,0,0,0,0,0,0,0,0,0,0,0,0,0,0,0,0,0,0,0,0,0,0,0,0,0
Clostridium_sp_AM22_11AC,Species,Clostridium_sp_AM22_11AC,0,0,0,0,0,0,0,0,0,0,0,0,0,0,0,0,0,0,0,0,0,0,0,0,0,0,0,0,0,0,0,0,0,0,0,0,0,0,0,0,0,0,0,0,0,0,0,0,0,0,0,0,0,0,0,0,0,0,0,0
GGB4277_SGB5832,Species,GGB4277_SGB5832,0,0,0,0,0,0,0,0,0,0,0,0,0,0,0,0,0,0,0,0,0,0,0,0,0,0,0,0,0,0,0,0,0,0,0,0,0,0,0,0,0,0,0,0,0,0,0,0,0,0,0,0,0,0,0,0,0,0,0,0
Bacteroides_stercoris,Species,Bacteroides_stercoris,0,0,0,0,0,0,0,0,0,0,0,0,0,0,0,0,0,0,0,0,0,0,0,0,0,0,0,0,0,0,0,0,0,0,0,0,0,0,0,0,0,0,0,0,0,0,0,0,0,0,0,0,0,0,0,0,0,0,0,0
GGB3496_SGB4671,Species,GGB3496_SGB4671,0,0,0,0,0,0,0,0,0,0,0,0,0,0,0,0,0,0,0,0,0,0,0,0,0,0,0,0,0,0,0,0,0,0,0,0,0,0,0,0,0,0,0,0,0,0,0,0,0,0,0,0,0,0,0,0,0,0,0,0
Enterocloster_hominis,Species,Enterocloster_hominis,0,0,0,0,0,0,0,0,0,0,0,0,0,0,0,0,0,0,0,0,0,0,0,0,0,0,0,0,0,0,0,0,0,0,0,0,0,0,0,0,0,0,0,0,0,0,0,0,0,0,0,0,0,0,0,0,0,0,0,0
Desulfovibrio_piger,Species,Desulfovibrio_piger,0,0,0,0,0,0,0,0,0,0,0,0,0,0,0,0,0,0,0,0,0,0,0,0,0,0,0,0,0,0,0,0,0,0,0,0,0,0,0,0,0,0,0,0,0,0,0,0,0,0,0,0,0,0,0,0,0,0,0,0
GGB3005_SGB3996,Species,GGB3005_SGB3996,0,0,0,0,0,0,0,0,0,0,0,0,0,0,0,0,0,0,0,0,0,0,0,0,0,0,0,0,0,0,0,0,0,0,0,0,0,0,0,0,0,0,0,0,0,0,0,0,0,0,0,0,0,0,0,0,0,0,0,0
Alistipes_ihumii,Species,Alistipes_ihumii,0,0,0,0,0,0,0,0,0,0,0,0,0,0,0,0,0,0,0,0,0,0,0,0,0,0,0,0,0,0,0,0,0,0,0,0,0,0,0,0,0,0,0,0,0,0,0,0,0,0,0,0,0,0,0,0,0,0,0,0
GGB6601_SGB9333,Species,GGB6601_SGB9333,0,0,0,0,0,0,0,0,0,0,0,0,0,0,0,0,0,0,0,0,0,0,0,0,0,0,0,0,0,0,0,0,0,0,0,0,0,0,0,0,0,0,0,0,0,0,0,0,0,0,0,0,0,0,0,0,0,0,0,0
GGB6649_SGB9391,Species,GGB6649_SGB9391,0,0,0,0,0,0,0,0,0,0,0,0,0,0,0,0,0,0,0,0,0,0,0,0,0,0,0,0,0,0,0,0,0,0,0,0,0,0,0,0,0,0,0,0,0,0,0,0,0,0,0,0,0,0,0,0,0,0,0,0
Enterocloster_asparagiformis,Species,Enterocloster_asparagiformis,0,0,0,0,0,0,0,0,0,0,0,0,0,0,0,0,0,0,0,0,0,0,0,0,0,0,0,0,0,0,0,0,0,0,0,0,0,0,0,0,0,0,0,0,0,0,0,0,0,0,0,0,0,0,0,0,0,0,0,0
Schaalia_turicensis,Species,Schaalia_turicensis,0,0,0,0,0,0,0,0,0,0,0,0,0,0,0,0,0,0,0,0,0,0,0,0,0,0,0,0,0,0,0,0,0,0,0,0,0,0,0,0,0,0,0,0,0,0,0,0,0,0,0,0,0,0,0,0,0,0,0,0
GGB2653_SGB3574,Species,GGB2653_SGB3574,0,0,0,0,0,0,0,0,0,0,0,0,0,0,0,0,0,0,0,0,0,0,0,0,0,0,0,0,0,0,0,0,0,0,0,0,0,0,0,0,0,0,0,0,0,0,0,0,0,0,0,0,0,0,0,0,0,0,0,0
GGB51441_SGB71759,Species,GGB51441_SGB71759,0,0,0,0,0,0,0,0,0,0,0,0,0,0,0,0,0,0,0,0,0,0,0,0,0,0,0,0,0,0,0,0,0,0,0,0,0,0,0,0,0,0,0,0,0,0,0,0,0,0,0,0,0,0,0,0,0,0,0,0
Schaalia_SGB17154,Species,Schaalia_SGB17154,0,0,0,0,0,0,4.2513595748640425,5.43065,0,0,0.9147490287288366,0,0,0,0,0,0,0,0,0,0,0,0,0,0,0,0,0,0,0,0,0,0,0,0,0,0,0,0,0,0,0,0,2.2008823586295723,0,0,0,0,0,0,0,0,0,0,0,0,0,0,0,0
Catenibacterium_tridentinum,Species,Catenibacterium_tridentinum,0,0,0,0,0,0,0,0,0,0,0,0,0,0,0,0,0,0,0,0,0,0,0,0,0,0,0,0,0,0,0,0,0,0,0,0,0,0,0,0,0,0,0,0,0,0,0,0,0,0,0,0,0,0,0,0,0,0,0,0
GGB3363_SGB4447,Species,GGB3363_SGB4447,0,0,0,0,0,0,0,0,0,0,0,0,0,0,0,0,0,0,0,0,0,0,0,0,0,0,0,0,0,0,0,0,0,0,0,0,0,0,0,0,0,0,0,0,0,0,0,0,0,0,0,0,0,0,0,0,0,0,0,0
GGB9480_SGB14874,Species,GGB9480_SGB14874,0,0,0,0,0,0,0,0,0,0,0,0,0,0,0,0,0,0,0,0,0,0,0,0,0,0,0,0,0,0,0,0,0,0,0,0,0,0,0,0,0,0,0,0,0,0,0,0,0,0,0,0,0,0,0,0,0,0,0,0
Firmicutes_bacterium,Species,Firmicutes_bacterium,0,0,0,0,0,0,0,0,0,0,0,0,0,0,0,0,0,0,0,0,0,0,0,0,0,0,0,0,0,0,0,0,0,0,0,0,0,0,0,0,0,0,0,0,0,0,0,0,0,0,0,0,0,0,0,0,0,0,0,0
Senegalimassilia_anaerobia,Species,Senegalimassilia_anaerobia,0,0,0,0,0,0,0,0,0,0,0,0,0,0,0,0,0,0,0,0,0,0,0,0,0,0,0,0,0,0,0,0,0,0,0,0,0,0,0,0,0,0,0,0,0,0,0,0,0,0,0,0,0,0,0,0,0,0,0,0
Dorea_phocaeensis,Species,Dorea_phocaeensis,0,0,0,0,0,0,0,0,0,0,0,0,0,0,0,0,0,0,0,0,0,0,0,0,0,0,0,0,0,0,0,0,0,0,0,0,0,0,0,0,0,0,0,0,0,0,0,0,0,0,0,0,0,0,0,0,0,0,0,0
Slackia_isoflavoniconvertens,Species,Slackia_isoflavoniconvertens,0,0,0,0,0,0,0,0,0,0,0,0,0,0,0,0,0,0,0,0,0,0,0,0,0,0,0,0,0,0,0,0,0,0,0,0,0,0,0,0,0,0,0,0,0,0,0,0,0,0,0,0,0,0,0,0,0,0,0,0
Faecalibacterium_sp_CLA_AA_H233,Species,Faecalibacterium_sp_CLA_AA_H233,0,0,0,0,0,0,0,0,0,0,0,0,0,0,0,0,0,0,0,0,0,0,0,0,0,0,0,0,0,0,0,0,0,0,0,0,0,0,0,0,0,0,0,0,0,0,0,0,0,0,0,0,0,0,0,0,0,0,0,0
Eubacteriaceae_bacterium_Marseille_Q4139,Species,Eubacteriaceae_bacterium_Marseille_Q4139,0,0,0,0,0,0,0,0,0,0,0,0,0,0,0,0,0,0,0,0,0,0,0,0,0,0,0,0,0,0,0,0,0,0,0,0,0,0,0,0,0,0,0,0,0,0,0,0,0,0,0,0,0,0,0,0,0,0,0,0
Faecalitalea_cylindroides,Species,Faecalitalea_cylindroides,0,0,0,0,0,0,0,0,0,0,0,0,0,0,0,0,0,0,0,0,0,0,0,0,0,0,0,0,0,0,0,0,0,0,0,0,0,0,0,0,0,0,0,0,0,0,0,0,0,0,0,0,0,0,0,0,0,0,0,0
GGB3730_SGB5060,Species,GGB3730_SGB5060,0,0,0,0,0,0,0,0,0,0,0,0,0,0,0,0,0,0,0,0,0,0,0,0,0,0,0,0,0,0,0,0,0,0,0,0,0,0,0,0,0,0,0,0,0,0,0,0,0,0,0,0,0,0,0,0,0,0,0,0
GGB3537_SGB4727,Species,GGB3537_SGB4727,0,0,0,0,0,0,0,0,0,0,0,0,0,0,0,0,0,0,0,0,0,0,0,0,0,0,0,0,0,0,0,0,0,0,0,0,0,0,0,0,0,0,0,0,0,0,0,0,0,0,0,0,0,0,0,0,0,0,0,0
Holdemania_filiformis,Species,Holdemania_filiformis,0,0,0,0,0,0,0,0,0,0,0,0,0,0,0,0,0,0,0,0,0,0,0,0,0,0,0,0,0,0,0,0,0,0,0,0,0,0,0,0,0,0,0,0,0,0,0,0,0,0,0,0,0,0,0,0,0,0,0,0
GGB3510_SGB4687,Species,GGB3510_SGB4687,0,0,0,0,0,0,0,0,0,0,0,0,0,0,0,0,0,0,0,0,0,0,0,0,0,0,0,0,0,0,0,0,0,0,0,0,0,0,0,0,0,0,0,0,0,0,0,0,0,0,0,0,0,0,0,0,0,0,0,0
GGB9453_SGB14845,Species,GGB9453_SGB14845,0,0,0,0,0,0,0,0,0,0,0,0,0,0,0,0,0,0,0,0,0,0,0,0,0,0,0,0,0,0,0,0,0,0,0,0,0,0,0,0,0,0,0,0,0,0,0,0,0,0,0,0,0,0,0,0,0,0,0,0
GGB3600_SGB4859,Species,GGB3600_SGB4859,0,0,0,0,0,0,0,0,0,0,0,0,0,0,0,0,0,0,0,0,0,0,0,0,0,0,0,0,0,0,0,0,0,0,0,0,0,0,0,0,0,0,0,0,0,0,0,0,0,0,0,0,0,0,0,0,0,0,0,0
GGB9641_SGB15117,Species,GGB9641_SGB15117,0,0,0,0,0,0,0,0,0,0,0,0,0,0,0,0,0,0,0,0,0,0,0,0,0,0,0,0,0,0,0,0,0,0,0,0,0,0,0,0,0,0,0,0,0,0,0,0,0,0,0,0,0,0,0,0,0,0,0,0
GGB74505_SGB47518,Species,GGB74505_SGB47518,0,0,0,0,0,0,0,0,0,0,0,0,0,0,0,0,0,0,0,0,0,0,0,0,0,0,0,0,0,0,0,0,0,0,0,0,0,0,0,0,0,0,0,0,0,0,0,0,0,0,0,0,0,0,0,0,0,0,0,0
Neobittarella_massiliensis,Species,Neobittarella_massiliensis,0,0,0,0,0,0,0,0,0,0,0,0,0,0,0,0,0,0,0,0,0,0,0,0,0,0,0,0,0,0,0,0,0,0,0,0,0,0,0,0,0,0,0,0,0,0,0,0,0,0,0,0,0,0,0,0,0,0,0,0
GGB9491_SGB14888,Species,GGB9491_SGB14888,0,0,0,0,0,0,0,0,0,0,0,0,0,0,0,0,0,0,0,0,0,0,0,0,0,0,0,0,0,0,0,0,0,0,0,0,0,0,0,0,0,0,0,0,0,0,0,0,0,0,0,0,0,0,0,0,0,0,0,0
Alistipes_indistinctus,Species,Alistipes_indistinctus,0,0,0,0,0,0,0,0,0,0,0,0,0,0,0,0,0,0,0,0,0,0,0,0,0,0,0,0,0,0,0,0,0,0,0,0,0,0,0,0,0,0,0,0,0,0,0,0,0,0,0,0,0,0,0,0,0,0,0,0
GGB3677_SGB4990,Species,GGB3677_SGB4990,0,0,0,0,0,0,0,0,0,0,0,0,0,0,0,0,0,0,0,0,0,0,0,0,0,0,0,0,0,0,0,0,0,0,0,0,0,0,0,0,0,0,0,0,0,0,0,0,0,0,0,0,0,0,0,0,0,0,0,0
Enorma_massiliensis,Species,Enorma_massiliensis,0,0,0,0,0,0,0,0,0,0,0,0,0,0,0,0,0,0,0,0,0,0,0,0,0,0,0,0,0,0,0,0,0,0,0,0,0,0,0,0,0,0,0,0,0,0,0,0,0,0,0,0,0,0,0,0,0,0,0,0
Cuneatibacter_caecimuris,Species,Cuneatibacter_caecimuris,0,0,0,0,0,0,0,0,0,0,0,0,0,0,0,0,0,0,0,0,0,0,0,0,0,0,0,0,0,0,0,0,0,0,0,0,0,0,0,0,0,0,0,0,0,0,0,0,0,0,0,0,0,0,0,0,0,0,0,0
Eubacterium_siraeum,Species,Eubacterium_siraeum,0,0,0,0,0,0,0,0,0,0,0,0,0,0,0,0,0,0,0,0,0,0,0,0,0,0,0,0,0,0,0,0,0,0,0,0,0,0,0,0,0,0,0,0,0,0,0,0,0,0,0,0,0,0,0,0,0,0,0,0
GGB3602_SGB66069,Species,GGB3602_SGB66069,0,0,0,0,0,0,0,0,0,0,0,0,0,0,0,0,0,0,0,0,0,0,0,0,0,0,0,0,0,0,0,0,0,0,0,0,0,0,0,0,0,0,0,0,0,0,0,0,0,0,0,0,0,0,0,0,0,0,0,0
GGB3444_SGB4594,Species,GGB3444_SGB4594,0,0,0,0,0,0,0,0,0,0,0,0,0,0,0,0,0,0,0,0,0,0,0,0,0,0,0,0,0,0,0,0,0,0,0,0,0,0,0,0,0,0,0,0,0,0,0,0,0,0,0,0,0,0,0,0,0,0,0,0
Lachnotalea_sp_AF33_28,Species,Lachnotalea_sp_AF33_28,0,0,0,0,0,0,0,0,0,0,0,0,0,0,0,0,0,0,0,0,0,0,0,0,0,0,0,0,0,0,0,0,0,0,0,0,0,0,0,0,0,0,0,0,0,0,0,0,0,0,0,0,0,0,0,0,0,0,0,0
Lacticaseibacillus_paracasei,Species,Lacticaseibacillus_paracasei,0,0,0,0,0,0,0,0,0,0,0,0,0,0,0,0,0,0,0,0,0,0,0,0,0,0,0,0,0,0,0,0,0,0,0,0,0,0,0,0,0,0,0,0,0,0,0,0,0,0,0,0,0,0,0,0,0,0,0,0
Dielma_fastidiosa,Species,Dielma_fastidiosa,0,0,0,0,0,0,0,0,0,0,0,0,0,0,0,0,0,0,0,0,0,0,0,0,0,0,0,0,0,0,0,0,0,0,0,0,0,0,0,0,0,0,0,0,0,0,0,0,0,0,0,0,0,0,0,0,0,0,0,0
GGB9719_SGB15272,Species,GGB9719_SGB15272,0,0,0,0,0,0,0,0,0,0,0,0,0,0,0,0,0,0,0,0,0,0,0,0,0,0,0,0,0,0,0,0,0,0,0,0,0,0,0,0,0,0,0,0,0,0,0,0,0,0,0,0,0,0,0,0,0,0,0,0
Christensenella_hongkongensis,Species,Christensenella_hongkongensis,0,0,0,0,0,0,0,0,0,0,0,0,0,0,0,0,0,0,0,0,0,0,0,0,0,0,0,0,0,0,0,0,0,0,0,0,0,0,0,0,0,0,0,0,0,0,0,0,0,0,0,0,0,0,0,0,0,0,0,0
GGB9707_SGB15229,Species,GGB9707_SGB15229,0,0,0,0,0,0,0,0,0,0,0,0,0,0,0,0,0,0,0,0,0,0,0,0,0,0,0,0,0,0,0,0,0,0,0,0,0,0,0,0,0,0,0,0,0,0,0,0,0,0,0,0,0,0,0,0,0,0,0,0
Odoribacter_splanchnicus,Species,Odoribacter_splanchnicus,0,0,0,0,0,0,0,0,0,0,0,0,0,0,0,0,0,0,0,0,0,0,0,0,0,0,0,0,0,0,0,0,0,0,0,0,0,0,0,0,0,0,0,0,0,0,0,0,0,0,0,0,0,0,0,0,0,0,0,0
Catenibacillus_scindens,Species,Catenibacillus_scindens,0,0,0,0,0,0,0,0,0,0,0,0,0,0,0,0,0,0,0,0,0,0,0,0,0,0,0,0,0,0,0,0,0,0,0,0,0,0,0,0,0,0,0,0,0,0,0,0,0,0,0,0,0,0,0,0,0,0,0,0
GGB45613_SGB63326,Species,GGB45613_SGB63326,0,0,0,0,0,0,0,0,0,0,0,0,0,0,0,0,0,0,0,0,0,0,0,0,0,0,0,0,0,0,0,0,0,0,0,0,0,0,0,0,0,0,0,0,0,0,0,0,0,0,0,0,0,0,0,0,0,0,0,0
Bifidobacterium_dentium,Species,Bifidobacterium_dentium,0,0,0,0,0,0,0,0,0,0,0,0,0,0,0,0,0,0,0,0,0,0,0,0,0,0,0,0,0,0,0,0,0,0,0,0,0,0,0,0,0,0,0,0,0,0,0,0,0,0,0,0,0,0,0,0,0,0,0,0
Diplocloster_modestus,Species,Diplocloster_modestus,0,0,0,0,0,0,0,0,0,0,0,0,0,0,0,0,0,0,0,0,0,0,0,0,0,0,0,0,0,0,0,0,0,0,0,0,0,0,0,0,0,0,0,0,0,0,0,0,0,0,0,0,0,0,0,0,0,0,0,0
GGB9695_SGB15210,Species,GGB9695_SGB15210,0,0,0,0,0,0,0,0,0,0,0,0,0,0,0,0,0,0,0,0,0,0,0,0,0,0,0,0,0,0,0,0,0,0,0,0,0,0,0,0,0,0,0,0,0,0,0,0,0,0,0,0,0,0,0,0,0,0,0,0
Anaerotruncus_rubiinfantis,Species,Anaerotruncus_rubiinfantis,0,0,0,0,0,0,0,0,0,0,0,0,0,0,0,0,0,0,0,0,0,0,0,0,0,0,0,0,0,0,0,0,0,0,0,0,0,0,0,0,0,0,0,0,0,0,0,0,0,0,0,0,0,0,0,0,0,0,0,0
Lachnoclostridium_sp_An131,Species,Lachnoclostridium_sp_An131,0,0,0,0,0,0,0,0,0,0,0,0,0,0,0,0,0,0,0,0,0,0,0,0,0,0,0,0,0,0,0,0,0,0,0,0,0,0,0,0,0,0,0,0,0,0,0,0,0,0,0,0,0,0,0,0,0,0,0,0
Collinsella_intestinalis,Species,Collinsella_intestinalis,0,0,0,0,0,0,0,0,0,0,0,0,0,0,0,0,0,0,0,0,0,0,0,0,0,0,0,0,0,0,0,0,0,0,0,0,0,0,0,0,0,0,0,0,0,0,0,0,0,0,0,0,0,0,0,0,0,0,0,0
Limosilactobacillus_reuteri,Species,Limosilactobacillus_reuteri,0,0,0,0,0,0,0,0,0,0,0,0,0,0,0,0,0,0,0,0,0,0,0,0,0,0,0,0,0,0,0,0,0,0,0,0,0,0,0,0,0,0,0,0,0,0,0,0,0,0,0,0,0,0,0,0,0,0,0,0
Citrobacter_freundii,Species,Citrobacter_freundii,0,0,0,0,0,0,0,0,0,0,0,0,0,0,0,0,0,0,0,0,0,0,0,0,0,0,0,0,0,0,0,0,0,0,0,0,0,0,0,0,0,0,0,0,0,0,0,0,0,0,0,0,0,0,0,0,0,0,0,0
Actinomyces_radicidentis,Species,Actinomyces_radicidentis,0,0,0,0,0,0,0,0,0,0,0,0,0,0,0,0,0,0,0,0,0,0,0,0,0,0,0,0,0,0,0,0,0,0,0,0,0,0,0,0,0,0,0,0,0,0,0,0,0,0,0,0,0,0,0,0,0,0,0,0
Bordetella_bronchiseptica,Species,Bordetella_bronchiseptica,0,0,0,0,0,0,0,0,0,0,0,0,0,0,0,0,0,0,0,0,0,0,0,0,67.19973328002668,8.700520141447587,0,0,0,0,0,0,0,0,0,0,0,0,0,0,0,0,0,0,0,0,0,0,0,0,0,0,0,0,0,0,0,0,0,0
GGB3886_SGB5269,Species,GGB3886_SGB5269,0,0,0,0.32304416422424836,0,0,0,0,0,0,0,0,0,0,0,0,0,0,0,0,0,0,0,0,0,2.7610625942657947,0,0,0,0,0,0,0,0,0,0,0,0,0,0,0,1.3387738929185007,0,0,0,0,0,0,0,0,0,0,0,0,0,0,0,0.7891575099602097,0,0
GGB3883_SGB5266,Species,GGB3883_SGB5266,0,0,0.6188901237780248,0.08574585777003485,0,0,0.6896999310300068,0.32937,0,0,0.2846402924908408,0,0,0,0,0,0,0,0,0,0,0,0,0,0,0.45791141796583495,0,0,0,0.21336802308431713,1.973851434926171,0,0,0,0,0.056268847332358894,0,0,0,0,0,0.4685078251403082,0,0.14398984386040548,0,0,0,0,0,0.1988362374794169,0.41861987441403764,0,0,0,0,0,3.385612485583891,0.34659507059169586,0,0
Solobacterium_SGB6833,Species,Solobacterium_SGB6833,0,0,0,0,0,0,0,0,0,0,0.008783266748717688,0,0,0,0,0,0,0,0,0,0,0,0,0,0,0.24601435710283398,0,0,0,0,0.15627057300182434,0,0,0,0,0.4073269687419573,0,0,0,0,0,0,0,0.7571669765417611,0,0,0,0,0,0,0,0,0,0,0,0,0,0,0,0
Leptotrichia_sp_oral_taxon_221,Species,Leptotrichia_sp_oral_taxon_221,0,0,0,0,0,0,0,0,0,0,0.026873573033920635,0,0,0,0,0,0,0,0,0,0,0,0,0,0,0.1382878258250051,0,0,0,0,0,0,0,0,0,0,0,0,0,0,0,0,0,0,0,0,0,0,0,0.326639301394504,0,0,0,0,0,0,0,0,0,0
Oribacterium_SGB5287,Species,Oribacterium_SGB5287,0,0,0,0,0,0,0,0,0,0,0,0,0,0,0,0,0,0,0,0,0,0,0,0,0,0.01416304674161025,0,0,0,0,0,0,0,0,0,0.21021401990634403,0,0,0,0,0,0,0.7546500754650075,0,0,0,0,0,0,0,0,0,0,0,0,0,0,0,0,0
GGB3304_SGB4367,Species,GGB3304_SGB4367,0,0,0,0,0,0,0,0,0,0,0,0,0,0,0,0,0,0,0,0,0,0,0,0,0,0,0,0,0,0,0,0,0,0,0,0,0,0,0,0,0,0,0,0,0,0,0,0,0,0,0,0,0,0,0,0,0,0,0,0
Bacteroides_eggerthii,Species,Bacteroides_eggerthii,0,0,0,0,0,0,0,0,0,0,0,0,0,0,0,0,0,0,0,0,0,0,0,0,0,0,0,0,0,0,0,0,0,0,0,0,0,0,0,0,0,0,0,0,0,0,0,0,0,0,0,0,0,0,0,0,0,0,0,0
Anaerotruncus_colihominis,Species,Anaerotruncus_colihominis,0,0,0,0,0,0,0,0,0,0,0,0,0,0,0,0,0,0,0,0,0,0,0,0,0,0,0,0,0,0,0,0,0,0,0,0,0,0,0,0,0,0,0,0,0,0,0,0,0,0,0,0,0,0,0,0,0,0,0,0
Phocaeicola_massiliensis,Species,Phocaeicola_massiliensis,0,0,0,0,0,0,0,0,0,0,0,0,0,0,0,0,0,0,0,0,0,0,0,0,0,0,0,0,0,0,0,0,0,0,0,0,0,0,0,0,0,0,0,0,0,0,0,0,0,0,0,0,0,0,0,0,0,0,0,0
Intestinimonas_butyriciproducens,Species,Intestinimonas_butyriciproducens,0,0,0,0,0,0,0,0,0,0,0,0,0,0,0,0,0,0,0,0,0,0,0,0,0,0,0,0,0,0,0,0,0,0,0,0,0,0,0,0,0,0,0,0,0,0,0,0,0,0,0,0,0,0,0,0,0,0,0,0
Eubacterium_maltosivorans,Species,Eubacterium_maltosivorans,0,0,0,0,0,0,0,0,0,0,0,0,0,0,0,0,0,0,0,0,0,0,0,0,0,0,0,0,0,0,0,0,0,0,0,0,0,0,0,0,0,0,0,0,0,0,0,0,0,0,0,0,0,0,0,0,0,0,0,0
Phascolarctobacterium_succinatutens,Species,Phascolarctobacterium_succinatutens,0,0,0,0,0,0,0,0,0,0,0,0,0,0,0,0,0,0,0,0,0,0,0,0,0,0,0,0,0,0,0,0,0,0,0,0,0,0,0,0,0,0,0,0,0,0,0,0,0,0,0,0,0,0,0,0,0,0,0,0
Pyramidobacter_piscolens,Species,Pyramidobacter_piscolens,0,0,0,0,0,0,0,0,0,0,0,0,0,0,0,0,0,0,0,0,0,0,0,0,0,0,0,0,0,0,0,0,0,0,0,0,0,0,0,0,0,0,0,0,0,0,0,0,0,0,0,0,0,0,0,0,0,0,0,0
GGB1096_SGB1408,Species,GGB1096_SGB1408,0,0,0,0,0,0,0,0,0,0,0,0,0,0,0,0,0,0,0,0,0,0,0,0,0,0,0,0,0,0,0,0,0,0,0,0,0,0,0,0,0,0,0,0,0,0,0,0,0,0,0,0,0,0,0,0,0,0,0,0
Clostridiales_bacterium,Species,Clostridiales_bacterium,0,0,0,0,0,0,0,0,0,0,0,0,0,0,0,0,0,0,0,0,0,0,0,0,0,0,0,0,0,0,0,0,0,0,0,0,0,0,0,0,0,0,0,0,0,0,0,0,0,0,0,0,0,0,0,0,0,0,0,0
Lachnoclostridium_pacaense,Species,Lachnoclostridium_pacaense,0,0,0,0,0,0,0,0,0,0,0,0,0,0,0,0,0,0,0,0,0,0,0,0,0,0,0,0,0,0,0,0,0,0,0,0,0,0,0,0,0,0,0,0,0,0,0,0,0,0,0,0,0,0,0,0,0,0,0,0
GGB79097_SGB105802,Species,GGB79097_SGB105802,0,0,0,0,0,0,0,0,0,0,0,0,0,0,0,0,0,0,0,0,0,0,0,0,0,0,0,0,0,0,0,0,0,0,0,0,0,0,0,0,0,0,0,0,0,0,0,0,0,0,0,0,0,0,0,0,0,0,0,0
Coprobacter_fastidiosus,Species,Coprobacter_fastidiosus,0,0,0,0,0,0,0,0,0,0,0,0,0,0,0,0,0,0,0,0,0,0,0,0,0,0,0,0,0,0,0,0,0,0,0,0,0,0,0,0,0,0,0,0,0,0,0,0,0,0,0,0,0,0,0,0,0,0,0,0
Butyricimonas_faecihominis,Species,Butyricimonas_faecihominis,0,0,0,0,0,0,0,0,0,0,0,0,0,0,0,0,0,0,0,0,0,0,0,0,0,0,0,0,0,0,0,0,0,0,0,0,0,0,0,0,0,0,0,0,0,0,0,0,0,0,0,0,0,0,0,0,0,0,0,0
Phocea_massiliensis,Species,Phocea_massiliensis,0,0,0,0,0,0,0,0,0,0,0,0,0,0,0,0,0,0,0,0,0,0,0,0,0,0,0,0,0,0,0,0,0,0,0,0,0,0,0,0,0,0,0,0,0,0,0,0,0,0,0,0,0,0,0,0,0,0,0,0
Colidextribacter_sp_210702_DFI_3_9,Species,Colidextribacter_sp_210702_DFI_3_9,0,0,0,0,0,0,0,0,0,0,0,0,0,0,0,0,0,0,0,0,0,0,0,0,0,0,0,0,0,0,0,0,0,0,0,0,0,0,0,0,0,0,0,0,0,0,0,0,0,0,0,0,0,0,0,0,0,0,0,0
Diplocloster_agilis,Species,Diplocloster_agilis,0,0,0,0,0,0,0,0,0,0,0,0,0,0,0,0,0,0,0,0,0,0,0,0,0,0,0,0,0,0,0,0,0,0,0,0,0,0,0,0,0,0,0,0,0,0,0,0,0,0,0,0,0,0,0,0,0,0,0,0
GGB9502_SGB14899,Species,GGB9502_SGB14899,0,0,0,0,0,0,0,0,0,0,0,0,0,0,0,0,0,0,0,0,0,0,0,0,0,0,0,0,0,0,0,0,0,0,0,0,0,0,0,0,0,0,0,0,0,0,0,0,0,0,0,0,0,0,0,0,0,0,0,0
GGB9642_SGB15119,Species,GGB9642_SGB15119,0,0,0,0,0,0,0,0,0,0,0,0,0,0,0,0,0,0,0,0,0,0,0,0,0,0,0,0,0,0,0,0,0,0,0,0,0,0,0,0,0,0,0,0,0,0,0,0,0,0,0,0,0,0,0,0,0,0,0,0
Hydrogenoanaerobacterium_saccharovorans,Species,Hydrogenoanaerobacterium_saccharovorans,0,0,0,0,0,0,0,0,0,0,0,0,0,0,0,0,0,0,0,0,0,0,0,0,0,0,0,0,0,0,0,0,0,0,0,0,0,0,0,0,0,0,0,0,0,0,0,0,0,0,0,0,0,0,0,0,0,0,0,0
GGB52130_SGB14966,Species,GGB52130_SGB14966,0,0,0,0,0,0,0,0,0,0,0,0,0,0,0,0,0,0,0,0,0,0,0,0,0,0,0,0,0,0,0,0,0,0,0,0,0,0,0,0,0,0,0,0,0,0,0,0,0,0,0,0,0,0,0,0,0,0,0,0
Clostridiaceae_bacterium_Marseille_Q4143,Species,Clostridiaceae_bacterium_Marseille_Q4143,0,0,0,0,0,0,0,0,0,0,0,0,0,0,0,0,0,0,0,0,0,0,0,0,0,0,0,0,0,0,0,0,0,0,0,0,0,0,0,0,0,0,0,0,0,0,0,0,0,0,0,0,0,0,0,0,0,0,0,0
Fusobacterium_ulcerans,Species,Fusobacterium_ulcerans,0,0,0,0,0,0,0,0,0,0,0,0,0,0,0,0,0,0,0,0,0,0,0,0,0,0,0,0,0,0,0,0,0,0,0,0,0,0,0,0,0,0,0,0,0,0,0,0,0,0,0,0,0,0,0,0,0,0,0,0
Holdemania_massiliensis,Species,Holdemania_massiliensis,0,0,0,0,0,0,0,0,0,0,0,0,0,0,0,0,0,0,0,0,0,0,0,0,0,0,0,0,0,0,0,0,0,0,0,0,0,0,0,0,0,0,0,0,0,0,0,0,0,0,0,0,0,0,0,0,0,0,0,0
Christensenella_minuta,Species,Christensenella_minuta,0,0,0,0,0,0,0,0,0,0,0,0,0,0,0,0,0,0,0,0,0,0,0,0,0,0,0,0,0,0,0,0,0,0,0,0,0,0,0,0,0,0,0,0,0,0,0,0,0,0,0,0,0,0,0,0,0,0,0,0
Lactonifactor_longoviformis,Species,Lactonifactor_longoviformis,0,0,0,0,0,0,0,0,0,0,0,0,0,0,0,0,0,0,0,0,0,0,0,0,0,0,0,0,0,0,0,0,0,0,0,0,0,0,0,0,0,0,0,0,0,0,0,0,0,0,0,0,0,0,0,0,0,0,0,0
Cuneatibacter_sp_NSJ_177,Species,Cuneatibacter_sp_NSJ_177,0,0,0,0,0,0,0,0,0,0,0,0,0,0,0,0,0,0,0,0,0,0,0,0,0,0,0,0,0,0,0,0,0,0,0,0,0,0,0,0,0,0,0,0,0,0,0,0,0,0,0,0,0,0,0,0,0,0,0,0
GGB58233_SGB79883,Species,GGB58233_SGB79883,0,0,0,0,0,0,0,0,0,0,0,0,0,0,0,0,0,0,0,0,0,0,0,0,0,0,0,0,0,0,0,0,0,0,0,0,0,0,0,0,0,0,0,0,0,0,0,0,0,0,0,0,0,0,0,0,0,0,0,0
Bacteroides_clarus,Species,Bacteroides_clarus,0,0,0,0,0,0,0,0,0,0,0,0,0,0,0,0,0,0,0,0,0,0,0,0,0,0,0,0,0,0,0,0,0,0,0,0,0,0,0,0,0,0,0,0,0,0,0,0,0,0,0,0,0,0,0,0,0,0,0,0
GGB9534_SGB14937,Species,GGB9534_SGB14937,0,0,0,0,0,0,0,0,0,0,0,0,0,0,0,0,0,0,0,0,0,0,0,0,0,0,0,0,0,0,0,0,0,0,0,0,0,0,0,0,0,0,0,0,0,0,0,0,0,0,0,0,0,0,0,0,0,0,0,0
Massiliimalia_timonensis,Species,Massiliimalia_timonensis,0,0,0,0,0,0,0,0,0,0,0,0,0,0,0,0,0,0,0,0,0,0,0,0,0,0,0,0,0,0,0,0,0,0,0,0,0,0,0,0,0,0,0,0,0,0,0,0,0,0,0,0,0,0,0,0,0,0,0,0
Faecalicoccus_pleomorphus,Species,Faecalicoccus_pleomorphus,0,0,0,0,0,0,0,0,0,0,0,0,0,0,0,0,0,0,0,0,0,0,0,0,0,0,0,0,0,0,0,0,0,0,0,0,0,0,0,0,0,0,0,0,0,0,0,0,0,0,0,0,0,0,0,0,0,0,0,0
Parasutterella_excrementihominis,Species,Parasutterella_excrementihominis,0,0,0,0,0,0,0,0,0,0,0,0,0,0,0,0,0,0,0,0,0,0,0,0,0,0,0,0,0,0,0,0,0,0,0,0,0,0,0,0,0,0,0,0,0,0,0,0,0,0,0,0,0,0,0,0,0,0,0,0
Acidaminococcus_SGB5735,Species,Acidaminococcus_SGB5735,0,0,0,0,0,0,0,0,0,0,0,0,0,0,0,0,0,0,0,0,0,0,0,0,0,0,0,0,0,0,0,0,0,0,0,0,0,0,0,0,0,0,0,0,0,0,0,0,0,0,0,0,0,0,0,0,0,0,0,0
Prevotella_marseillensis,Species,Prevotella_marseillensis,0,0,0,0,0,0,0,0,0,0,0,0,0,0,0,0,0,0,0,0,0,0,0,0,0,0,0,0,0,0,0,0,0,0,0,0,0,0,0,0,0,0,0,0,0,0,0,0,0,0,0,0,0,0,0,0,0,0,0,0
Lachnospiraceae_bacterium_CLA_AA_H215,Species,Lachnospiraceae_bacterium_CLA_AA_H215,0,0,0,0,0,0,0,0,0,0,0,0,0,0,0,0,0,0,0,0,0,0,0,0,0,0,0,0,0,0,0,0,0,0,0,0,0,0,0,0,0,0,0,0,0,0,0,0,0,0,0,0,0,0,0,0,0,0,0,0
Ruminococcus_sp_AF13_28,Species,Ruminococcus_sp_AF13_28,0,0,0,0,0,0,0,0,0,0,0,0,0,0,0,0,0,0,0,0,0,0,0,0,0,0,0,0,0,0,0,0,0,0,0,0,0,0,0,0,0,0,0,0,0,0,0,0,0,0,0,0,0,0,0,0,0,0,0,0
Oscillospiraceae_unclassified_SGB15256,Species,Oscillospiraceae_unclassified_SGB15256,0,0,0,0,0,0,0,0,0,0,0,0,0,0,0,0,0,0,0,0,0,0,0,0,0,0,0,0,0,0,0,0,0,0,0,0,0,0,0,0,0,0,0,0,0,0,0,0,0,0,0,0,0,0,0,0,0,0,0,0
Allisonella_histaminiformans,Species,Allisonella_histaminiformans,0,0,0,0,0,0,0,0,0,0,0,0,0,0,0,0,0,0,0,0,0,0,0,0,0,0,0,0,0,0,0,0,0,0,0,0,0,0,0,0,0,0,0,0,0,0,0,0,0,0,0,0,0,0,0,0,0,0,0,0
Blautia_faecicola,Species,Blautia_faecicola,0,0,0,0,0,0,0,0,0,0,0,0,0,0,0,0,0,0,0,0,0,0,0,0,0,0,0,0,0,0,0,0,0,0,0,0,0,0,0,0,0,0,0,0,0,0,0,0,0,0,0,0,0,0,0,0,0,0,0,0
Baileyella_intestinalis,Species,Baileyella_intestinalis,0,0,0,0,0,0,0,0,0,0,0,0,0,0,0,0,0,0,0,0,0,0,0,0,0,0,0,0,0,0,0,0,0,0,0,0,0,0,0,0,0,0,0,0,0,0,0,0,0,0,0,0,0,0,0,0,0,0,0,0
Bacteroides_cellulosilyticus,Species,Bacteroides_cellulosilyticus,0,0,0,0,0,0,0,0,0,0,0,0,0,0,0,0,0,0,0,0,0,0,0,0,0,0,0,0,0,0,0,0,0,0,0,0,0,0,0,0,0,0,0,0,0,0,0,0,0,0,0,0,0,0,0,0,0,0,0,0
GGB9627_SGB15081,Species,GGB9627_SGB15081,0,0,0,0,0,0,0,0,0,0,0,0,0,0,0,0,0,0,0,0,0,0,0,0,0,0,0,0,0,0,0,0,0,0,0,0,0,0,0,0,0,0,0,0,0,0,0,0,0,0,0,0,0,0,0,0,0,0,0,0
Klebsiella_michiganensis,Species,Klebsiella_michiganensis,0,0,0,0,0,0,0,0,0,0,0,0,0,0,0,0,0,0,0,0,0,0,0,0,0,0,0,0,0,0,0,0,0,0,0,0,0,0,0,0,0,0,0,0,0,0,0,0,0,0,0,0,0,0,0,0,0,0,0,0
Serratia_marcescens,Species,Serratia_marcescens,0,0,0,0,0,0,0,0,0,0,0,0,0,0,0,0,0,0,0,0,0,0,0,0,0,0,69.86285,2.84253,0,0,0,0,0,0,0,0,0,0,0,0,0,0,0,0,0,0,0,0,0,0,0,0,0,0,0,0,0,0,0,0
Collinsella_bouchesdurhonensis,Species,Collinsella_bouchesdurhonensis,0,0,0,0,0,0,0,0,0,0,0,0,0,0,0,0,0,0,0,0,0,0,0,0,0,0,0,0,0,0,0,0,0,0,0,0,0,0,0,0,0,0,0,0,0,0,0,0,0,0,0,0,0,0,0,0,0,0,0,0
Tractidigestivibacter_SGB14390,Species,Tractidigestivibacter_SGB14390,0,0,0,0,0,0,0,0,0,0,0,0,0,0,0,0,0,0,0,0,0,0,0,0,0,0,0,0,0,0,0,0,0,0,0,0,0,0,0,0,0,0,0,0,0,0,0,0,0,0,0,0,0,0,0,0,0,0,0,0
Mediterraneibacter_sp_NSJ_151,Species,Mediterraneibacter_sp_NSJ_151,0,0,0,0,0,0,0,0,0,0,0,0,0,0,0,0,0,0,0,0,0,0,0,0,0,0,0,0,0,0,0,0,0,0,0,0,0,0,0,0,0,0,0,0,0,0,0,0,0,0,0,0,0,0,0,0,0,0,0,0
Prevotella_brevis,Species,Prevotella_brevis,0,0,0,0,0,0,0,0,0,0,0,0,0,0,0,0,0,0,0,0,0,0,0,0,0,0,0,0,0,0,0,0,0,0,0,0,0,0,0,0,0,0,0,0,0,0,0,0,0,0,0,0,0,0,0,0,0,0,0,0
Hornefia_butyriciproducens,Species,Hornefia_butyriciproducens,0,0,0,0,0,0,0,0,0,0,0,0,0,0,0,0,0,0,0,0,0,0,0,0,0,0,0,0,0,0,0,0,0,0,0,0,0,0,0,0,0,0,0,0,0,0,0,0,0,0,0,0,0,0,0,0,0,0,0,0
Mogibacterium_kristiansenii,Species,Mogibacterium_kristiansenii,0,0,0,0,0,0,0,0,0,0,0,0,0,0,0,0,0,0,0,0,0,0,0,0,0,0,0,0,0,0,0,0,0,0,0,0,0,0,0,0,0,0,0,0,0,0,0,0,0,0,0,0,0,0,0,0,0,0,0,0
GGB3511_SGB4688,Species,GGB3511_SGB4688,0,0,0,0,0,0,0,0,0,0,0,0,0,0,0,0,0,0,0,0,0,0,0,0,0,0,0,0,0,0,0,0,0,0,0,0,0,0,0,0,0,0,0,0,0,0,0,0,0,0,0,0,0,0,0,0,0,0,0,0
Segatella_brunsvicensis,Species,Segatella_brunsvicensis,0,0,0,0,0,0,0,0,0,0,0,0,0,0,0,0,0,0,0,0,0,0,0,0,0,0,0,0,0,0,0,0,0,0,0,0,0,0,0,0,0,0,0,0,0,0,0,0,0,0,0,0,0,0,0,0,0,0,0,0
Coprococcus_SGB4580,Species,Coprococcus_SGB4580,0,0,0,0,0,0,0,0,0,0,0,0,0,0,0,0,0,0,0,0,0,0,0,0,0,0,0,0,0,0,0,0,0,0,0,0,0,0,0,0,0,0,0,0,0,0,0,0,0,0,0,0,0,0,0,0,0,0,0,0
Lentihominibacter_hominis,Species,Lentihominibacter_hominis,0,0,0,0,0,0,0,0,0,0,0,0,0,0,0,0,0,0,0,0,0,0,0,0,0,0,0,0,0,0,0,0,0,0,0,0,0,0,0,0,0,0,0,0,0,0,0,0,0,0,0,0,0,0,0,0,0,0,0,0
Raoultella_ornithinolytica,Species,Raoultella_ornithinolytica,0,0,0,0,0,0,0,0,0,0,0,0,0,0,0,0,0,0,0,0,0,0,0,0,0,0,0,0,0,0,0,0,0,0,0,0,0,0,0,0,0,0,0,0,0,0,0,0,0,0,0,0,0,0,0,0,0,0,0,0
TM7_phylum_sp_oral_taxon_351,Species,TM7_phylum_sp_oral_taxon_351,0,0,0.08869001773800356,0.002673924786802068,0,0,1.4847798515220147,5.5981700000000005,0,0,0,0,0,0,0,0,0,0,0,0,0,0,0,0,0,0,0,0,0,0.22147387810675764,0,1.8581798141820185,0,0,0,0.018189749641061004,0,0,0,0,0,0.21764906589607635,0,0.412526655926695,0,0,0,0,0,0.029173977863789082,0,0,0,0,0,0,0,0.12744727852598167,0,0
Granulicatella_SGB8244,Species,Granulicatella_SGB8244,0,0,0,0,0,0,0,0,0,0,0,0,0,0,0,0,0,0,0,0,0,0,0,0,0,0,0,0,0,0.17950746798419895,0,0,0,0,0,0,0,0,0,0,0,0,0,0,0,0,0,0,0,0,0,0.71165,0,0,0,0,0,0,0,0
Prevotellaceae_bacterium_Marseille_P2826,Species,Prevotellaceae_bacterium_Marseille_P2826,0,0,0,0,0,0,0,0,0,0,0,0,0,0,0,0,0,0,0,0,0,0,0,0,0,0,0,0,0,0.12528922342083418,0,0,0,0,0,0,0,0,0,0,0,0,0,0,0,0,0,0,0,0,0.3720898883730335,0,0,0,0,0,0,0.8761486795716036,0,0
Catonella_SGB96613,Species,Catonella_SGB96613,0,0,0,0,0,0,0,0,0,0,0,0,0,0,0,0,0,0,0,0,0,0,0,0,0,0,0,0,0,0.05578978788404203,0,0,0,0,0,0.008518225360274396,0,0,0,0,0,0,0,0,0,0,0,0,0,0,0,0,0,0,0,0,0,0,0,0
Selenomonas_SGB5880,Species,Selenomonas_SGB5880,0,0,0,0.27587492922111073,0,0,0,0,0,0,0,0,0,0,0,0,0,0,0,0,0,0,0,0,0,0,0,0,0,0.03407767621679068,0,0,0,0,0,0.23197494953811393,0,0,0,0,0,0.17167180137821728,0,0,0,0,0,0,0,0,0,0,0,0,0,0,0.049002009422678065,0,0,0
GGB3008_SGB3999,Species,GGB3008_SGB3999,0,0,0,0,0,0,0,0,0,0,0,0,0,0,0,0,0,0,0,0,0,0,0,0,0,0,0,0,0,0.02137092134105168,0,0,0,0,0,0,0,0,0,0,0,0,0,0,0,0,0,0,0,0.01085425736749157,0,0,0,0,0,0,0,0,0,0
Blautia_marasmi,Species,Blautia_marasmi,0,0,0,0,0,0,0,0,0,0,0,0,0,0,0,0,0,0,0,0,0,0,0,0,0,0,0,0,0,0,0,0,0,0,0,0,0,0,0,0,0,0,0,0,0,0,0,0,0,0,0,0,0,0,0,0,0,0,0,0
GGB9580_SGB14996,Species,GGB9580_SGB14996,0,0,0,0,0,0,0,0,0,0,0,0,0,0,0,0,0,0,0,0,0,0,0,0,0,0,0,0,0,0,0,0,0,0,0,0,0,0,0,0,0,0,0,0,0,0,0,0,0,0,0,0,0,0,0,0,0,0,0,0
Enterococcus_avium,Species,Enterococcus_avium,0,0,0,0,0,0,0,0,0,0,0,0,0,0,0,0,0,0,0,0,0,0,0,0,0,0,0,0,0,0,0,0,0,0,0,0,0,0,0,0,0,0,0,0,0,0,0,0,0,0,0,0,0,0,0,0,0,0,0,0
Enterococcus_gallinarum,Species,Enterococcus_gallinarum,0,0,0,0,0,0,0,0,0,0,0,0,0,0,0,0,0,0,0,0,0,0,0,0,0,0,0,0,0,0,0,0,0,0,0,0,0,0,0,0,0,0,0,0,0,0,0,0,0,0,0,0,0,0,0,0,0,0,0,0
Mediterraneibacter_SGB4586,Species,Mediterraneibacter_SGB4586,0,0,0,0,0,0,0,0,0,0,0,0,0,0,0,0,0,0,0,0,0,0,0,0,0,0,0,0,0,0,0,0,0,0,0,0,0,0,0,0,0,0,0,0,0,0,0,0,0,0,0,0,0,0,0,0,0,0,0,0
GGB3277_SGB4327,Species,GGB3277_SGB4327,0,0,0,0,0,0,0,0,0,0,0,0,0,0,0,0,0,0,0,0,0,0,0,0,0,0,0,0,0,0,0,0,0,0,0,0,0,0,0,0,0,0,0,0,0,0,0,0,0,0,0,0,0,0,0,0,0,0,0,0
Clostridium_celatum,Species,Clostridium_celatum,0,0,0,0,0,0,0,0,0,0,0,0,0,0,0,0,0,0,0,0,0,0,0,0,0,0,0,0,0,0,0,0,0,0,0,0,0,0,0,0,0,0,0,0,0,0,0,0,0,0,0,0,0,0,0,0,0,0,0,0
Parabacteroides_goldsteinii,Species,Parabacteroides_goldsteinii,0,0,0,0,0,0,0,0,0,0,0,0,0,0,0,0,0,0,0,0,0,0,0,0,0,0,0,0,0,0,0,0,0,0,0,0,0,0,0,0,0,0,0,0,0,0,0,0,0,0,0,0,0,0,0,0,0,0,0,0
Terrisporobacter_mayombei,Species,Terrisporobacter_mayombei,0,0,0,0,0,0,0,0,0,0,0,0,0,0,0,0,0,0,0,0,0,0,0,0,0,0,0,0,0,0,0,0,0,0,0,0,0,0,0,0,0,0,0,0,0,0,0,0,0,0,0,0,0,0,0,0,0,0,0,0
Clostridium_SGB6177,Species,Clostridium_SGB6177,0,0,0,0,0,0,0,0,0,0,0,0,0,0,0,0,0,0,0,0,0,0,0,0,0,0,0,0,0,0,0,0,0,0,0,0,0,0,0,0,0,0,0,0,0,0,0,0,0,0,0,0,0,0,0,0,0,0,0,0
Longibaculum_muris,Species,Longibaculum_muris,0,0,0,0,0,0,0,0,0,0,0,0,0,0,0,0,0,0,0,0,0,0,0,0,0,0,0,0,0,0,0,0,0,0,0,0,0,0,0,0,0,0,0,0,0,0,0,0,0,0,0,0,0,0,0,0,0,0,0,0
Turicibacter_sanguinis,Species,Turicibacter_sanguinis,0,0,0,0,0,0,0,0,0,0,0,0,0,0,0,0,0,0,0,0,0,0,0,0,0,0,0,0,0,0,0,0,0,0,0,0,0,0,0,0,0,0,0,0,0,0,0,0,0,0,0,0,0,0,0,0,0,0,0,0
GGB3504_SGB4680,Species,GGB3504_SGB4680,0,0,0,0,0,0,0,0,0,0,0,0,0,0,0,0,0,0,0,0,0,0,0,0,0,0,0,0,0,0,0,0,0,0,0,0,0,0,0,0,0,0,0,0,0,0,0,0,0,0,0,0,0,0,0,0,0,0,0,0
Coprobacillus_cateniformis,Species,Coprobacillus_cateniformis,0,0,0,0,0,0,0,0,0,0,0,0,0,0,0,0,0,0,0,0,0,0,0,0,0,0,0,0,0,0,0,0,0,0,0,0,0,0,0,0,0,0,0,0,0,0,0,0,0,0,0,0,0,0,0,0,0,0,0,0
Lawsonella_SGB3665,Species,Lawsonella_SGB3665,0,0,0,0,0,0,0,0,0,0,0,0,0,0,0,0,0,0,0,0,0,0,0,0,0,0,0,0,0,0,0,0,0,0,0,0,0,0,0,0,0,0,0,0,0,0,0,0,0,0,0,0,0,0,0,0,0,0,0,0
Streptococcus_lutetiensis,Species,Streptococcus_lutetiensis,0,0,0,0,0,0,0,0,0,0,0,0,0,0,0,0,0,0,0,0,0,0,0,0,0,0,0,0,0,0,0,0,0,0,0,0,0,0,0,0,0,0,0,0,0,0,0,0,0,0,0,0,0,0,0,0,0,0,0,0
Oribacterium_sp_oral_taxon_078,Species,Oribacterium_sp_oral_taxon_078,0,0,0,0,0,0,0,0,0,0,0.020467428937378834,0,0,0,0,0,0,0,0,0,0,0,0,0,0,0,0,0,0,0,0.21238756107965504,0,0,0,0,0,0,0,0,0,0,0,0,0,0,0,0,0,0,0,0,0,0,0,0,0,0,0,0,0
Selenomonas_infelix,Species,Selenomonas_infelix,0,0,0,0,0,0,0,0,0,0,0.018382410339919473,0,0,0,0,0,0,0,0,0,0,0,0,0,0,0,0,0,0,0,0.0021123082087012818,0,0,0,0,0,0,0,0,0,0,0,0,0,0,0,0,0,0,0,0,0,0,0,0,0,0,0,0,0
Prevotella_sp_oral_taxon_475,Species,Prevotella_sp_oral_taxon_475,0,0,0,0,0,0,0,0,0,0,0,0,0,0,0,0,0,0,0,0,0,0,0,0,0,0,0,0,0,0,0,0.2278199772180023,0,0,0,0,0,0,0,0,0,0.14894832635753003,0,0,0,0,0,0,0,0.16448296812247243,0,0,0,0,0,0,0,0,0,0
Granulicatella_SGB64171,Species,Granulicatella_SGB64171,0,0,0,0,0,0,0,0,0,0,0,0,0,0,0,0,0,0,0,0,0,0,0,0,0,0,0,0,0,0,0,0.197859980214002,0,0,0,0,0,0,0,0,0,0,0,0,0,0,0,0,0,0.08293947451636847,0,0,0,0,0,0,0,0,0,0
Propionibacterium_freudenreichii,Species,Propionibacterium_freudenreichii,0,0,0,0,0,0,0,0,0,0,0,0,0,0,0,0,0,0,0,0,0,0,0,0,0,0,0,0,0,0,0,0,0,0,0,0,0,0,0,0,0,0,0,0,0,0,0,0,0,0,0,0,0,0,0,0,0,0,0,0
GGB3109_SGB4119,Species,GGB3109_SGB4119,0,0,0,0,0,0,0,0,0,0,0,0,0,0,0,0,0,0,0,0,0,0,0,0,0,0,0,0,0,0,0,0,0,0,0,0,0,0,0,0,0,0,0,0,0,0,0,0,0,0,0,0,0,0,0,0,0,0,0,0
Faecalibacillus_faecis,Species,Faecalibacillus_faecis,0,0,0,0,0,0,0,0,0,0,0,0,0,0,0,0,0,0,0,0,0,0,0,0,0,0,0,0,0,0,0,0,0,0,0,0,0,0,0,0,0,0,0,0,0,0,0,0,0,0,0,0,0,0,0,0,0,0,0,0
Latilactobacillus_curvatus,Species,Latilactobacillus_curvatus,0,0,0,0,0,0,0,0,0,0,0,0,0,0,0,0,0,0,0,0,0,0,0,0,0,0,0,0,0,0,0,0,0,0,0,0,0,0,0,0,0,0,0,0,0,0,0,0,0,0,0,0,0,0,0,0,0,0,0,0
Megasphaera_massiliensis,Species,Megasphaera_massiliensis,0,0,0,0,0,0,0,0,0,0,0,0,0,0,0,0,0,0,0,0,0,0,0,0,0,0,0,0,0,0,0,0,0,0,0,0,0,0,0,0,0,0,0,0,0,0,0,0,0,0,0,0,0,0,0,0,0,0,0,0
Gardnerella_vaginalis,Species,Gardnerella_vaginalis,0,0,0,0,0,0,0,0,0,0,0,0,0,0,0,0,0,0,0,0,0,0,0,0,0,0,0,0,0,0,0,0,0,0,0,0,0,0,0,0,0,0,0,0,0,0,0,0,0,0,0,0,0,0,0,0,0,0,0,0
Eubacterium_callanderi,Species,Eubacterium_callanderi,0,0,0,0,0,0,0,0,0,0,0,0,0,0,0,0,0,0,0,0,0,0,0,0,0,0,0,0,0,0,0,0,0,0,0,0,0,0,0,0,0,0,0,0,0,0,0,0,0,0,0,0,0,0,0,0,0,0,0,0
Eubacterium_sp_c_25,Species,Eubacterium_sp_c_25,0,0,0,0,0,0,0,0,0,0,0,0,0,0,0,0,0,0,0,0,0,0,0,0,0,0,0,0,0,0,0,0,0,0,0,0,0,0,0,0,0,0,0,0,0,0,0,0,0,0,0,0,0,0,0,0,0,0,0,0
Megasphaera_sp_NM10,Species,Megasphaera_sp_NM10,0,0,0,0,0,0,0,0,0,0,0,0,0,0,0,0,0,0,0,0,0,0,0,0,0,0,0,0,0,0,0,0,0,0,0,0,0,0,0,0,0,0,0,0,0,0,0,0,0,0,0,0,0,0,0,0,0,0,0,0
Provencibacterium_massiliense,Species,Provencibacterium_massiliense,0,0,0,0,0,0,0,0,0,0,0,0,0,0,0,0,0,0,0,0,0,0,0,0,0,0,0,0,0,0,0,0,0,0,0,0,0,0,0,0,0,0,0,0,0,0,0,0,0,0,0,0,0,0,0,0,0,0,0,0
GGB30134_SGB43057,Species,GGB30134_SGB43057,0,0,0,0,0,0,0,0,0,0,0,0,0,0,0,0,0,0,0,0,0,0,0,0,0,0,0,0,0,0,0,0,0,0,0,0,0,0,0,0,0,0,0,0,0,0,0,0,0,0,0,0,0,0,6.1196983639987135,0,0,0,0,0
GGB32387_SGB47381,Species,GGB32387_SGB47381,0,0,0,0,0,0,0,0,0,0,0,0,0,0,0,0,0,0,0,0,0,0,0,0,0,0,0,0,0,0,0,0,0,0,0,0,0,0,0,0,0,0,0,0,0,0,0,0,0,0,0,0,0,0,0,0,0,0,0,0
Alistipes_timonensis,Species,Alistipes_timonensis,0,0,0,0,0,0,0,0,0,0,0,0,0,0,0,0,0,0,0,0,0,0,0,0,0,0,0,0,0,0,0,0,0,0,0,0,0,0,0,0,0,0,0,0,0,0,0,0,0,0,0,0,0,0,0,0,0,0,0,0
GGB45432_SGB63101,Species,GGB45432_SGB63101,0,0,0,0,0,0,0,0,0,0,0,0,0,0,0,0,0,0,0,0,0,0,0,0,0,0,0,0,0,0,0,0,0,0,0,0,0,0,0,0,0,0,0,0,0,0,0,0,0,0,0,0,0,0,0,0,0,0,0,0
Enteroscipio_rubneri,Species,Enteroscipio_rubneri,0,0,0,0,0,0,0,0,0,0,0,0,0,0,0,0,0,0,0,0,0,0,0,0,0,0,0,0,0,0,0,0,0,0,0,0,0,0,0,0,0,0,0,0,0,0,0,0,0,0,0,0,0,0,0,0,0,0,0,0
Phocaeicola_plebeius,Species,Phocaeicola_plebeius,0,0,0,0,0,0,0,0,0,0,0,0,0,0,0,0,0,0,0,0,0,0,0,0,0,0,0,0,0,0,0,0,0,0,0,0,0,0,0,0,0,0,0,0,0,0,0,0,0,0,0,0,0,0,0,0,0,0,0,0
Aggregatibacter_segnis,Species,Aggregatibacter_segnis,0,0,0,0,0,0,0,0,0,0,0.09542737290980663,0,0,0,0,0,0,0,0,0,0,0,0,0,0,0,0,0,0,0,0,0,0,0,0,0.4703132764534399,0,0,0,0,0,0,0,0,0,0,0,0,0,0.04598644360914882,0,0,0,0,0,0,0,0.025674879537721525,0,0
Neisseria_cinerea,Species,Neisseria_cinerea,0,0,0,0,0,0,0,0,0,0,0.03575756531874747,0,0,0,0,0,0,0,0,0,0,0,0,0,0,0,0,0,0,0,0,0,0,0,0,0.45856783744717083,0,0,0,0,0.09909998018000396,0,0,0,0,0,0,0,0,0,0,0,0,0,0,0,0,0.5843906003602279,0,0
GGB45697_SGB2042,Species,GGB45697_SGB2042,0,0,0,0,0,0,0,0,0,0,0,0.5261000526100053,0,0,0,0,0,0,0,0,0,0,0,0,0,0,0,0,0,0,0,0,0,0,0,0.43934618877196735,0,0,0,0,0,0,0,0,0,0,0,0,0,0,0,0,0,0,0,0,0,0.6984051864731629,0,0
Granulicatella_SGB8245,Species,Granulicatella_SGB8245,0,0,0,0,0,0,0,0,0,0,0,0,0,0,0,0,0,0,0,0,0,0,0,0,0,0,0,0,0,0,0,0,0,0,0,0.3461414260116253,0,0,0,0,0,0,0,0,0.4909300981860197,0,0,0,0,0.016539339045525365,0,0,0,0,0,0,0,0.6981101940123273,0,0
GGB1473_SGB2039,Species,GGB1473_SGB2039,0,0,0,0,0,0,0,0,0,0,0,0,0,0,0,0,0,0,0,0,0,0,0,0,0,0,0,0,0,0,0,0,0,0,0,0.30515884770465185,0,0,0,0,0,0,0,0,0,0,0,0,0,0,0,0.73816,0,0,0,0,0,0,0,0
Gemella_SGB7291,Species,Gemella_SGB7291,0,0,0,0,0,0,0,0,0,0,0,0,0,0,0,0,0,0,0,0,0,0,0,0,0,0,0,0,0,0,0,0,0,0,0,0.2660782009508039,0,0,0,0,0,0,0,0,0,0,0,0,0,0,0,0,0,0,0,0,0,0.023378152521216278,0,0
GGB1144_SGB1469,Species,GGB1144_SGB1469,0,0,0,0.018867694001255042,0,0,0,0,0,0,0,0,0,0,0,0,0,0,0,0,0,0,0,0,0,0,0,0,0,0,0,0,0,0,0,0.24966898297649862,0,0,0,0,0,0,0,0,0,0,0,0,0,0.046977792371510584,0,2.73458,0,0,0,0,0,0.3111011562861629,0,0
Porphyromonas_sp_oral_taxon_278,Species,Porphyromonas_sp_oral_taxon_278,0,0,0,0,0,0,0,0,0,0,0,0,0,0,0,0,0,0,0,0,0,0,0,0,0,0,0,0,0,0,0,0,0,0,0,0.21376496658265792,0,0,0,0,0,0,0,0,0,0,0,0,0,0,0,0,0,0,0,0,0,0.0641292538966397,0,0
Porphyromonas_sp_oral_taxon_275,Species,Porphyromonas_sp_oral_taxon_275,0,0,0,0,0,0,0,0,0,0,0,0,0,0,0,0,0,0,0,0,0,0,0,0,0,0,0,0,0,0,0,0,0,0,0,0.15082924215716267,0,0,0,0,0,0,0,0,0,0,0,0.9166999083300091,0,0.5288744489163041,0,0,0,0,0,0,0,0.009945460108169522,0,0
Granulicatella_SGB8239,Species,Granulicatella_SGB8239,0,0,0,0,0,0,0,0.24137999999999998,0,0,0,0,0,0,0,0,0,0,0,0,0,0,0,0,0,0,0,0,0,0,0,0,0,0,0,0.13858808694821728,0,0,0,0,0,0.13795180542061442,0,0,0,0,0,0,0,0.3438867466988592,0,0,0,0,0,0,0,0.06248572447198457,0,0
GGB1203_SGB1568,Species,GGB1203_SGB1568,0,0,0,0.025317160528223324,0,0,0,0,0,0,0.006023387059327039,0,0,0,0,0,0,0,0,0,0,0,0,0,0,0,0,0,0,0,0,0,0,0,0,0.08469665405726513,0,0,0,0,0,0,0,0,0,0,0,0,0,0.011774795503970351,0,0.08612,0,0,0,0,0.2765771095560224,0.09968638087235171,0,0
GGB12763_SGB19797,Species,GGB12763_SGB19797,0,0,0.2279000455800091,0.02551745451974408,0,0,0,0,0,0,0,0,0,0,0,0,0,0,0,0,0,0,0,0,0,0,0,0,0,0,0,0,0,0,0,0.07968890874451476,0,0,0,0,0,0,0,0,0,0,0,0,0,0,0,0,0,0,0,0,0,0.05458414069960412,0,0
Alloprevotella_SGB1466,Species,Alloprevotella_SGB1466,0,0,0,0,0,0,0,0,0,0,0.010183351700634844,0,0,0,0,0,0,0,0,0,0,0,0,0,0,0,0,0,0,0,0,0,0,0,0,0.0767348448428519,0,0,0,0,0,0.2255137296416775,0,0.33486771732555676,0,0,0,0,0,0,0,0,0,0,0,0,0,1.7869800441814423,0,0
Prevotella_sp_oral_taxon_299,Species,Prevotella_sp_oral_taxon_299,0,0,0,0,0,0,0,0,0,0,0,0,0,0,0,0,0,0,0,0,0,0,0,0,0,0,0,0,0,0,0,0,0,0,0,0.07370996434080672,0,0,0,0,0,0,0,0,0,0,0,0,0,0,0,0,0,0,0,0,0,0.025169178176289178,0,0
Neisseria_elongata,Species,Neisseria_elongata,0,0,0,0,0,0,0,0,0,0,0,0,0,0,0,0,0,0,0,0,0,0,0,0,0,0,0,0,0,0,0,0,0,0,0,0.07276911522144149,0,0,0,0,0,0,0,0,0,0,0,0,0,0,0,0,0,0,0,0,0.10591079732654804,0,0,0
Prevotella_SGB98243,Species,Prevotella_SGB98243,0,0,0,0,0,0,0,0,0,0,0,0,0,0,0,0,0,0,0,0,0,0,0,0,0,0,0,0,0,0,0,0,0,0,0,0.06397774011683524,0,0,0,0,0,0,0,0,0,0,0,0,0,0.19208899641313834,0,0,0,0,0,0,0,0,0,0
GGB4538_SGB6253,Species,GGB4538_SGB6253,0,0,0,0,0,0,0,0,0,0,0,0,0,0,0,0,0,0,0,0,0,0,0,0,0,0,0,0,0,0,0,0,0,0,0,0.06167114227581083,0,0,0,0,0,0.13075753922075792,0,0,0,0,0,0,0,0.15803920116712097,0,1.53619,0,0,0,0,0,0.09466097359311774,0,0
GGB1088_SGB1395,Species,GGB1088_SGB1395,0,0,0,0,0,0,0,0,0,0,0.08829600495327897,0,0,0,0,0,0,0,0,0,0,0,0,0,0,0,0,0,0,0,0,0,0,0,0,0.046182540106475795,0,0,0,0,0,0,0,0,0,0,0,0,0,0,0,0,0,0,0,0,0,0.17182257299167025,0,0
Kingella_denitrificans,Species,Kingella_denitrificans,0,0,0,0,0,0,0,0,0,0,0.008017752674288165,0,0,0,0,0,0,0,0,0,0,0,0,0,0,0,0,0,0,0,0,0,0,0,0,0.039404379784167186,0,0,0,0,0,0,0,0,0.25929005185801035,0,0,0,0,0,0,0,0,0,0,0,0,0,0,0
Haemophilus_paraphrohaemolyticus,Species,Haemophilus_paraphrohaemolyticus,0,0,0,0,0,0,0,0,0,0,0,0,0,0,0,0,0,0,0,0,0,0,0,0,0,0,0,0,0,0,0,0,0,0,0,0.029105622757137097,0,0,0,0,0,0,0,0,0,0,0,0,0,0.06706777851488267,0,0,0,0,0,0,0,0,0,0
GGB1472_SGB2037,Species,GGB1472_SGB2037,0,0,0,0,0,0,0,0,0,0,0,0,0,0,0,0,0,0,0,0,0,0,0,0,0,0,0,0,0,0,0,0,0,0,0,0.023359361468970996,0,0,0,0,0,0,0,0,5.289071057814212,0,0,0,0,0,0,0,0,0,0,0,0,0,0,0
TM7_phylum_sp_oral_taxon_348,Species,TM7_phylum_sp_oral_taxon_348,0,0,0.5665301133060227,0,0,0,0,0,0,0,0,0,0,0,0,0,0,0,0,0,0,0,0,0,0,0,0,0,0,0,0,0,0,0,0,0.014001453561306132,0,0,0,0,0,0,0,0,0,0,0,0,0,0.1155629414410286,0,0,0,0,0,0,0,0,0,0
GGB1843_SGB2516,Species,GGB1843_SGB2516,0,0,0,0,0,0,0,0,0,0,0.019268795057679974,0,0,0,0,0,0,0,0,0,0,0,0,0,0,0,0,0,0,0,0,0,0,0,0,0.013819353731751572,0,0,0,0,0,0,0,0,0,0,0,0,0,0.015254631975934099,0,0,0,0,0,0,0,0,0,0
Peptoanaerobacter_stomatis,Species,Peptoanaerobacter_stomatis,0,0,0,0,0,0,0,0,0,0,6.849336455422051e-4,0,0,0,0,0,0,0,0,0,0,0,0,0,0,0,0,0,0,0,0,0,0,0,0,0.009499541108429523,0,0,0,0,0,0,0,0,0,0,0,0,0,0,0,0,0,0,0,0,0,0,0,0
GGB1472_SGB2038,Species,GGB1472_SGB2038,0,0,0,0,0,0,0,0,0,0,0,0,0,0,0,0,0,0,0,0,0,0,0,0,0,0,0,0,0,0,0,0,0,0,0,0.002599980899751211,0,0,0,0,1.2711697457660507,0,0,0,0,0,0,0,0,0,0,0,0,0,0,0,0,0,0,0
Selenomonas_SGB5897,Species,Selenomonas_SGB5897,0,0,0,0,0,0,0,0,0,0,0,0,0,0,0,0,0,0,0,0,0,0,0,0,0,0,0,0,0,0,0,0,0,0,0,0.0019322815247178264,0,0,0,0,0,0.021752899469385346,0,0,0,0,0,0,0,0.026584332117211413,0,0,0,0,0,0,0,0,0,0
Veillonella_sp_3627,Species,Veillonella_sp_3627,0,0,0,0,0,0,0,0,0,0,0,0,0,0,0,0,0,0,0,0,0,0,0,0,0,0,0,0,0,0,0,0,0,0,0,0.001851348267138022,0,0,0,0,0,0,0,0,0,0,0,0,0,0,0,0,0,0,0,0,0,0.46894319372323473,0,0
GGB12785_SGB19824,Species,GGB12785_SGB19824,0,0,0,0,0,0,0,0,0,0,0,0,0,0,0,0,0,0,0,0,0,0,0,0,0,0,0,0,0,0,0,0,0,0,0,8.093325757980423e-4,0,0,0,0,0,0,0,0,0,0,0,0,0,0.02443978173332678,0,0,0,0,0,0,0,0,0,0
Lachnospiraceae_bacterium_2_1_46FAA,Species,Lachnospiraceae_bacterium_2_1_46FAA,0,0,0,0,0,0,0,0,0,0,0,0,0,0,0,0,0,0,0,0,0,0,0,0,0,0,0,0,0,0,0,0,0,0,0,0,0,0,0,0,0,0,0,0,0,0,0,0,0,0,0,0,0,0,0,0,0,0,0,0
GGB9513_SGB14911,Species,GGB9513_SGB14911,0,0,0,0,0,0,0,0,0,0,0,0,0,0,0,0,0,0,0,0,0,0,0,0,0,0,0,0,0,0,0,0,0,0,0,0,0,0,0,0,0,0,0,0,0,0,0,0,0,0,0,0,0,0,0,0,0,0,0,0
GGB48196_SGB66203,Species,GGB48196_SGB66203,0,0,0,0,0,0,0,0,0,0,0,0,0,0,0,0,0,0,0,0,0,0,0,0,0,0,0,0,0,0,0,0,0,0,0,0,0,0,0,0,0,0,0,0,0,0,0,0,0,0,0,0,0,0,0,0,0,0,0,0
GGB3441_SGB4591,Species,GGB3441_SGB4591,0,0,0,0,0,0,0,0,0,0,0,0,0,0,0,0,0,0,0,0,0,0,0,0,0,0,0,0,0,0,0,0,0,0,0,0,0,0,0,0,0,0,0,0,0,0,0,0,0,0,0,0,0,0,0,0,0,0,0,0
Hydrogenoanaerobacterium_SGB53821,Species,Hydrogenoanaerobacterium_SGB53821,0,0,0,0,0,0,0,0,0,0,0,0,0,0,0,0,0,0,0,0,0,0,0,0,0,0,0,0,0,0,0,0,0,0,0,0,0,0,0,0,0,0,0,0,0,0,0,0,0,0,0,0,0,0,0,0,0,0,0,0
Clostridium_sp_NSJ_42,Species,Clostridium_sp_NSJ_42,0,0,0,0,0,0,0,0,0,0,0,0,0,0,0,0,0,0,0,0,0,0,0,0,0,0,0,0,0,0,0,0,0,0,0,0,0,0,0,0,0,0,0,0,0,0,0,0,0,0,0,0,0,0,0,0,0,0,0,0
Blautia_sp_MCC283,Species,Blautia_sp_MCC283,0,0,0,0,0,0,0,0,0,0,0,0,0,0,0,0,0,0,0,0,0,0,0,0,0,0,0,0,0,0,0,0,0,0,0,0,0,0,0,0,0,0,0,0,0,0,0,0,0,0,0,0,0,0,0,0,0,0,0,0
Eubacterium_nodatum,Species,Eubacterium_nodatum,0,0,1.0698602139720428,0.20140562317369437,0,0,0,0,0,0,0,0,0,0,0,0,0,0,0,0,0,0,0,0,0,0,0,0,0,0,0,0,0,0,0,0,0,0,0,0,0,0,0,0,0,0,0,0,0,0,0,0,0,0,0,0,0,0,0,0
GGB49400_SGB69312,Species,GGB49400_SGB69312,0,0,0.5624801124960225,0.029112731667541615,0,0,0,0,0,0,0,0,0,0,0,0,0,0,0,0,0,0,0,0,0,0,0,0,0,0,0,0,0,0,0,0,0,0,0,0,0,0,0,0,0,0,0,0,0,0,0,0,0,0,0,0,0,0,0,0
GGB96534_SGB136060,Species,GGB96534_SGB136060,0,0,0.23320004664000935,0.09379767622916918,0,0,0,0,0,0,0,0,0,0,0,0,0,0,0,0,0,0,0,0,0,0,0,0,0,0,0,0,0,0,0,0,0,0,0,0,0,0,0,0,0,0,0,0,0,0,0,0,0,0,0,0,0,0,0,0
Treponema_SGB69454,Species,Treponema_SGB69454,0,0,0.029040005808001163,0.056332685115212104,0,0,0,0,0,0,0,0,0,0,0,0,0,0,0,0,0,0,0,0,0,0,0,0,0,0,0,0,0,0,0,0,0,0,0,0,0,0,0,0,0,0,0,0,0,0,0,0,0,0,0,0,0,0,0,0
Capnocytophaga_SGB2480,Species,Capnocytophaga_SGB2480,0,0,0,0.009453876399779597,0,0,0,0,0,0,0.07887816732707364,0,0,0,0,0,0,0,0,0,0,0,0,0,0,0,0,0,0,0,0,0,0,0,0,0,0,0,0,0,0,0,0,0,0,0,0,0,0,0,0,0,0,0,0,0,0.0026322566336119953,0,0,0
Olsenella_uli,Species,Olsenella_uli,0,0,0,0.008011759660830167,0,0,0,0,0,0,0,0,0,0,0,0,0,0,0,0,0,0,0,0,0,0,0,0,0,0,0,0,0,0,0,0,0,0,0,0,0,0,0,0,0,0,0,0,0,0,0,0,0,0,0,0,0,0,0,0
GGB9760_SGB15373,Species,GGB9760_SGB15373,0,0,0,0,0,0,0,0,0,0,0,0,0,0,0,0,0,0,0,0,0,0,0,0,0,0,0,0,0,0,0,0,0,0,0,0,0,0,0,0,0,0,0,0,0,0,0,0,0,0,0,0,0,0,0,0,0,0,0,0
Slackia_piriformis,Species,Slackia_piriformis,0,0,0,0,0,0,0,0,0,0,0,0,0,0,0,0,0,0,0,0,0,0,0,0,0,0,0,0,0,0,0,0,0,0,0,0,0,0,0,0,0,0,0,0,0,0,0,0,0,0,0,0,0,0,0,0,0,0,0,0
GGB9411_SGB14764,Species,GGB9411_SGB14764,0,0,0,0,0,0,0,0,0,0,0,0,0,0,0,0,0,0,0,0,0,0,0,0,0,0,0,0,0,0,0,0,0,0,0,0,0,0,0,0,0,0,0,0,0,0,0,0,0,0,0,0,0,0,0,0,0,0,0,0
GGB3588_SGB4808,Species,GGB3588_SGB4808,0,0,0,0,0,0,0,0,0,0,0,0,0,0,0,0,0,0,0,0,0,0,0,0,0,0,0,0,0,0,0,0,0,0,0,0,0,0,0,0,0,0,0,0,0,0,0,0,0,0,0,0,0,0,0,0,0,0,0,0
GGB34797_SGB14322,Species,GGB34797_SGB14322,0,0,0,0,0,0,0,0,0,0,0,0,0,0,0,0,0,0,0,0,0,0,0,0,0,0,0,0,0,0,0,0,0,0,0,0,0,0,0,0,0,0,0,0,0,0,0,0,0,0,0,0,0,0,0,0,0,0,0,0
Prevotella_sp_885,Species,Prevotella_sp_885,0,0,0,0,0,0,0,0,0,0,0,0,0,0,0,0,0,0,0,0,0,0,0,0,0,0,0,0,0,0,0,0,0,0,0,0,0,0,0,0,0,0,0,0,0,0,0,0,0,0,0,0,0,0,0,0,0,0,0,0
Raoultibacter_timonensis,Species,Raoultibacter_timonensis,0,0,0,0,0,0,0,0,0,0,0,0,0,0,0,0,0,0,0,0,0,0,0,0,0,0,0,0,0,0,0,0,0,0,0,0,0,0,0,0,0,0,0,0,0,0,0,0,0,0,0,0,0,0,0,0,0,0,0,0
GGB9608_SGB15041,Species,GGB9608_SGB15041,0,0,0,0,0,0,0,0,0,0,0,0,0,0,0,0,0,0,0,0,0,0,0,0,0,0,0,0,0,0,0,0,0,0,0,0,0,0,0,0,0,0,0,0,0,0,0,0,0,0,0,0,0,0,0,0,0,0,0,0
Clostridiaceae_unclassified_SGB15090,Species,Clostridiaceae_unclassified_SGB15090,0,0,0,0,0,0,0,0,0,0,0,0,0,0,0,0,0,0,0,0,0,0,0,0,0,0,0,0,0,0,0,0,0,0,0,0,0,0,0,0,0,0,0,0,0,0,0,0,0,0,0,0,0,0,0,0,0,0,0,0
Stenotrophomonas_maltophilia,Species,Stenotrophomonas_maltophilia,0,0,0,0,95.03331950333195,90.22601,0,0,0,0,0,0,0,0,0,0,0,0,0,0,0,0,0,0,0,0,0,0,0,0,0,0,0,0,0,0,0,0,0,0,0,0,0,0,0,0,0,0,0,0,0,0,0,0,0,0,0,0,0,0
Senegalimassilia_SGB14826,Species,Senegalimassilia_SGB14826,0,0,0,0,0,0,0,0,0,0,0,0,0,0,0,0,0,0,0,0,0,0,0,0,0,0,0,0,0,0,0,0,0,0,0,0,0,0,0,0,0,0,0,0,0,0,0,0,0,0,0,0,0,0,0,0,0,0,0,0
GGB9509_SGB14906,Species,GGB9509_SGB14906,0,0,0,0,0,0,0,0,0,0,0,0,0,0,0,0,0,0,0,0,0,0,0,0,0,0,0,0,0,0,0,0,0,0,0,0,0,0,0,0,0,0,0,0,0,0,0,0,0,0,0,0,0,0,0,0,0,0,0,0
Eggerthella_sp_YY7918,Species,Eggerthella_sp_YY7918,0,0,0,0,0,0,0,0,0,0,0,0,0,0,0,0,0,0,0,0,0,0,0,0,0,0,0,0,0,0,0,0,0,0,0,0,0,0,0,0,0,0,0,0,0,0,0,0,0,0,0,0,0,0,0,0,0,0,0,0
Clostridium_SGB4909,Species,Clostridium_SGB4909,0,0,0,0,0,0,0,0,0,0,0,0,0,0,0,0,0,0,0,0,0,0,0,0,0,0,0,0,0,0,0,0,0,0,0,0,0,0,0,0,0,0,0,0,0,0,0,0,0,0,0,0,0,0,0,0,0,0,0,0
GGB3000_SGB3991,Species,GGB3000_SGB3991,0,0,0,0,0,0,0,0,0,0,0,0,0,0,0,0,0,0,0,0,0,0,0,0,0,0,0,0,0,0,0,0,0,0,0,0,0,0,0,0,0,0,0,0,0,0,0,0,0,0,0,0,0,0,0,0,0,0,0,0
GGB34900_SGB14891,Species,GGB34900_SGB14891,0,0,0,0,0,0,0,0,0,0,0,0,0,0,0,0,0,0,0,0,0,0,0,0,0,0,0,0,0,0,0,0,0,0,0,0,0,0,0,0,0,0,0,0,0,0,0,0,0,0,0,0,0,0,0,0,0,0,0,0
GGB3538_SGB4728,Species,GGB3538_SGB4728,0,0,0,0,0,0,0,0,0,0,0,0,0,0,0,0,0,0,0,0,0,0,0,0,0,0,0,0,0,0,0,0,0,0,0,0,0,0,0,0,0,0,0,0,0,0,0,0,0,0,0,0,0,0,0,0,0,0,0,0
GGB3002_SGB3993,Species,GGB3002_SGB3993,0,0,0,0,0,0,0,0,0,0,0,0,0,0,0,0,0,0,0,0,0,0,0,0,0,0,0,0,0,0,0,0,0,0,0,0,0,0,0,0,0,0,0,0,0,0,0,0,0,0,0,0,0,0,0,0,0,0,0,0
Guopingia_tenuis,Species,Guopingia_tenuis,0,0,0,0,0,0,0,0,0,0,0,0,0,0,0,0,0,0,0,0,0,0,0,0,0,0,0,0,0,0,0,0,0,0,0,0,0,0,0,0,0,0,0,0,0,0,0,0,0,0,0,0,0,0,0,0,0,0,0,0
Massilicoli_timonensis,Species,Massilicoli_timonensis,0,0,0,0,0,0,0,0,0,0,0,0,0,0,0,0,0,0,0,0,0,0,0,0,0,0,0,0,0,0,0,0,0,0,0,0,0,0,0,0,0,0,0,0,0,0,0,0,0,0,0,0,0,0,0,0,0,0,0,0
Butyricicoccus_intestinisimiae,Species,Butyricicoccus_intestinisimiae,0,0,0,0,0,0,0,0,0,0,0,0,0,0,0,0,0,0,0,0,0,0,0,0,0,0,0,0,0,0,0,0,0,0,0,0,0,0,0,0,0,0,0,0,0,0,0,0,0,0,0,0,0,0,0,0,0,0,0,0
Schaalia_SGB17153,Species,Schaalia_SGB17153,0,0,0,0,0,0,0,0,0,0,2.9163165195217675,0,0,0,0,0,0,0,0,0,0,0,0,0,0,0,0,0,0,0,0,0,0,0,0,0,0,0,0,0,0,0,2.609260260926026,0,0,0,0,0,0,0,0,0,0,0,0,0,0,0,0,0
GGB9621_SGB15073,Species,GGB9621_SGB15073,0,0,0,0,0,0,0,0,0,0,0,0,0,0,0,0,0,0,0,0,0,0,0,0,0,0,0,0,0,0,0,0,0,0,0,0,0,0,0,0,0,0,0,0,0,0,0,0,0,0,0,0,0,0,0,0,0,0,0,0
Clostridium_sp_AF27_2AA,Species,Clostridium_sp_AF27_2AA,0,0,0,0,0,0,0,0,0,0,0,0,0,0,0,0,0,0,0,0,0,0,0,0,0,0,0,0,0,0,0,0,0,0,0,0,0,0,0,0,0,0,0,0,0,0,0,0,0,0,0,0,0,0,0,0,0,0,0,0
Ligilactobacillus_salivarius,Species,Ligilactobacillus_salivarius,0,0,0,0,0,0,0,0,0,0,0,0,0,0,0,0,0,0,0,0,0,0,0,0,0,0,0,0,0,0,0,0,0,0,0,0,0,0,0,0,0,0,0,0,0,0,0,0,0,0,0,0,0,0,0,0,0,0,0,0
Solobacterium_SGB6828,Species,Solobacterium_SGB6828,0,0,0,0,0,0,0.12314998768500124,0.45786000000000004,0,0,0,0,0,0,0,0,0,0,0,0,0,0,0,0,0,0,0,0,0,0,0,0,0,0,0,0,0,0,0,0,0,0,0,0,0,0,0,0,0,0,0,0,0,0,0,0,0,0,0,0
GGB4260_SGB5794,Species,GGB4260_SGB5794,0,0,0,0,0,0,0,0,0,0,0,0,0,0,0,0,0,0,0,0,0,0,0,0,0,0,0,0,0,0,0,0,0,0,0,0,0,0,0,0,0,0,0,0,0,0,0,0,0,0,0,0,0,0,0,0,0,0,0,0
Providencia_rettgeri,Species,Providencia_rettgeri,0,0,0,0,0,0,0,0,0,0,0,0,0,0,0,0,0,0,0,0,0,0,0,0,0,0,0,0,0,0,0,0,0,0,0,0,0,0,0,0,0,0,0,0,0,0,0,0,0,0,0,0,0,0,0,0,0,0,0,0
Anaerococcus_obesiensis,Species,Anaerococcus_obesiensis,0,0,0,0,0,0,0,0,0,0,0,0,0,0,0,0,0,0,0,0,0,0,0,0,0,0,0,0,0,0,0,0,0,0,0,0,0,0,0,0,0,0,0,0,0,0,0,0,0,0,0,0,0,0,0,0,0,0,0,0
Peptoniphilus_sp_Marseille_P3761,Species,Peptoniphilus_sp_Marseille_P3761,0,0,0,0,0,0,0,0,0,0,0,0,0,0,0,0,0,0,0,0,0,0,0,0,0,0,0,0,0,0,0,0,0,0,0,0,0,0,0,0,0,0,0,0,0,0,0,0,0,0,0,0,0,0,0,0,0,0,0,0
Olsenella_profusa,Species,Olsenella_profusa,0,0,0,0,0,0,0,0,0,0,0,0,0,0,0,0,0,0,0,0,0,0,0,0,0,0,0,0,0,0,0,0,0,0,0,0,0,0,0,0,0,0,0,0,0,0,0,0,0,0,0,0,0,0,0,0,0,0,0,0
Prevotella_timonensis,Species,Prevotella_timonensis,0,0,0,0,0,0,0,0,0,0,0,0,0,0,0,0,0,0,0,0,0,0,0,0,0,0,0,0,0,0,0,0,0,0,0,0,0,0,0,0,0,0,0,0,0,0,0,0,0,0,0,0,0,0,0,0,0,0,0,0
Amedibacillus_dolichus,Species,Amedibacillus_dolichus,0,0,0,0,0,0,0,0,0,0,0,0,0,0,0,0,0,0,0,0,0,0,0,0,0,0,0,0,0,0,0,0,0,0,0,0,0,0,0,0,0,0,0,0,0,0,0,0,0,0,0,0,0,0,0,0,0,0,0,0
Aggregatibacter_aphrophilus,Species,Aggregatibacter_aphrophilus,0,0,0,0,0,0,0,0,0,0,0.6597925517293618,0.006680000668000067,0,0,0,0,0,0,0,0,0,0,0,0,0,0,0,0,0,0,0,0,0,0,0,0,0,0,0,0,0,0,0,0,0,0,0,0,0,0,0,0,0,0,0,0,0,0,0,0
Alloprevotella_sp_Lung230,Species,Alloprevotella_sp_Lung230,0,0,0,0,0,0,0,0,0,0,0.14472245028162356,0,0,0,0,0,0,0,0,0,0,0,0,0,0,0,0,0,0,0,0,0,0,0,0,0,0,0,0,0,0,0,0,0,0,0,0,0,0,0,0,0,0,0,0,0,0,2.5201521992530793,0,0
Gemella_SGB7284,Species,Gemella_SGB7284,0,0,0,0,0,0,0,0,0,0,0.1307820360841175,0,0,0,0,0,0,0,0,0,0,0,0,0,0,0,0,0,0,0,0,0,0,0,0,0,0,0,0,0,0,0,0,0,0,0,1.624840162484016,0,0,0.5204075212214389,0,0,0,0,0,0,0,0,0,0
Eikenella_corrodens,Species,Eikenella_corrodens,0,0,0,0,0,0,0,0,0,0,0.07364043944939795,0.16555001655500165,0,0,0,0,0,0,0,0,0,0,0,0,0,0,0,0,0,0,0,0,0,0,0,0,0,0,0,0,0,0,0,0,0,0,0,0,0,0,0,0,0,0,0,0,0,0.19761334242472003,0,0
Leptotrichia_sp_oral_taxon_212,Species,Leptotrichia_sp_oral_taxon_212,0,0,0,0,0,0,0,0,0,0,0.07006468291752321,0,0,0,0,0,0,0,0,0,0,0,0,0,0,0,0,0,0,0,0,0,0,0,0,0,0,0,0,0,0,0,0,0,0,0,0,0,0,0.11498634063026718,0,0,0,0,0,0,0.12710897052042716,0,0,0
Schaalia_georgiae,Species,Schaalia_georgiae,0,0,0,0,0,0,0,0,0,0,0.06033459612937954,0,0,0,0,0,0,0,0,0,0,0,0,0,0,0,0,0,0,0,0,0,0,0,0,0,0,0,0,0,0,0,0,0,0,0,0,0,0,0,0,0,0,0,0,0,0,0,0,0
Leptotrichia_hongkongensis,Species,Leptotrichia_hongkongensis,0,0,0,0,0,0,0,0,0,0,0.04196225834307098,0,0,0,0,0,0,0,0,0,0,0,0,0,0,0,0,0,0,0,0,0,0,0,0,0,0,0,0,0,0,0,0,0,0,0,0,0,0,0,0,0,0,0,0,0,0.17485990739861285,0,0,0
Prevotella_maculosa,Species,Prevotella_maculosa,0,0,0,0,0,0,0,0,0,0,0.03603959681985309,0,0,0,0,0,0,0,0,0,0,0,0,0,0,0,0,0,0,0,0,0,0,0,0,0,0,0,0,0,0,0,0,0,0.4038000807600161,0,0,0,0,0,0,0,0,0,0,0,0,0,0,0
SR1_bacterium_human_oral_taxon_HOT_345,Species,SR1_bacterium_human_oral_taxon_HOT_345,0,0,0,0,0,0,0,0,0,0,0.03255449327047657,0,0,0,0,0,0,0,0,0,0,0,0,0,0,0,0,0,0,0,0,0,0,0,0,0,0,0,0,0,0,0,0,0,0,0,0,0,0,0,0,1.0569,0,0,0,0,0,0.2755334938654211,0,0
Pauljensenia_hongkongensis,Species,Pauljensenia_hongkongensis,0,0,0,0,0,0,0,0,0,0,0.004250617623806038,0,0,0,0,0,0,0,0,0,0,0,0,0,0,0,0,0,0,0,0,0,0,0,0,0,0,0,0,0,0,0,0,0,0,0,0,0,0,0.043680040366103075,0,0,0,0,0,0,0,0,0,0
Campylobacter_SGB96342,Species,Campylobacter_SGB96342,0,0,0,0,0,0,0,0,0,0,0.0036361918535402354,0,0,0,0,0,0,0,0,0,0,0,0,0,0,0,0,0,0,0,0,0,0,0,0,0,0,0,0,0,0,0,0,0,0,0,0,0,0,0.003661920938519989,0,0,0,0,0,0,0,0,0,0
Candidatus_Saccharibacteria_unclassified_SGB19905,Species,Candidatus_Saccharibacteria_unclassified_SGB19905,0,0,0,0,0,0,0,0,0,0,0.0032332897091036446,0,0,0,0,0,0,0,0,0,0,0,0,0,0,0,0,0,0,0,0,0,0,0,0,0,0,0,0,0,0,0,0,0,0,0,0,0,0,0,0,0,0,0,0,0,0,0.03125866540353705,0,0
Moraxella_catarrhalis,Species,Moraxella_catarrhalis,0,0,0,0,0,0,0,0,0,0,0,94.66043946604394,0,0,0,0,0,0,0,0,0,0,0,0,0,0,0,0,0,0,0,0,0,0,0,0,0,0,0,0,0,0,0,0,0,0,0,0,0,0,0,0,0,100,0,100,0,0,0,0
Dolosigranulum_pigrum,Species,Dolosigranulum_pigrum,0,0,0,0,0,0,0,0,0,0,0,0.0800000080000008,0,0,0,0,0,0,0,0,0,0,0,0,0,0,0,0,0,0,0,0,0,0,0,0,0,0,0,0,0,0,0,0,0,0,0,0,0,0,0,0,0,0,36.118013419074195,0,0,0,0,0
Tyzzerella_SGB4587,Species,Tyzzerella_SGB4587,0,0,0,0,0,0,0,0,0,0,0,0,0,0,0,0,0,0,0,0,0,0,0,0,0,0,0,0,0,0,0,0,0,0,0,0,0,0,0,0,0,0,0,0,0,0,0,0,0,0,0,0,0,0,0,0,0,0,0,0
Lachnospiraceae_unclassified_SGB4550,Species,Lachnospiraceae_unclassified_SGB4550,0,0,0,0,0,0,0,0,0,0,0,0,0,0,0,0,0,0,0,0,0,0,0,0,0,0,0,0,0,0,0,0,0,0,0,0,0,0,0,0,0,0,0,0,0,0,0,0,0,0,0,0,0,0,0,0,0,0,0,0
GGB79118_SGB105839,Species,GGB79118_SGB105839,0,0,0,0,0,0,0,0,0,0,0,0,0,0,0,0,0,0,0,0,0,0,0,0,0,0,0,0,0,0,0,0,0,0,0,0,0,0,0,0,0,0,0,0,0,0,0,0,0,0,0,0,0,0,0,0,0,0,0,0
Peptoniphilus_harei,Species,Peptoniphilus_harei,0,0,0,0,0,0,0,0,0,0,0,0,0,0,0,0,0,0,0,0,0,0,0,0,0,0,0,0,0,0,0,0,0,0,0,0,0,0,0,0,0,0,0,0,0,0,0,0,0,0,0,0,0,0,0,0,0,0,0,0
Desulfovibrio_desulfuricans,Species,Desulfovibrio_desulfuricans,0,0,0,0,0,0,0,0,0,0,0,0,0,0,0,0,0,0,0,0,0,0,0,0,0,0,0,0,0,0,0,0,0,0,0,0,0,0,0,0,0,0,0,0,0,0,0,0,0,0,0,0,0,0,0,0,0,0,0,0
Finegoldia_magna,Species,Finegoldia_magna,0,0,0,0,0,0,0,0,0,0,0,0,0,0,0,0,0,0,0,0,0,0,0,0,0,0,0,0,0,0,0,0,0,0,0,0,0,0,0,0,0,0,0,0,0,0,0,0,0,0,0,0,0,0,0,0,0,0,0,0
Clostridium_butyricum,Species,Clostridium_butyricum,0,0,0,0,0,0,0,0,0,0,0,0,0,0,0,0,0,0,0,0,0,0,0,0,0,0,0,0,0,0,0,0,0,0,0,0,0,0,0,0,0,0,0,0,0,0,0,0,0,0,0,0,0,0,0,0,0,0,0,0
Faecalibacterium_sp_HTFF,Species,Faecalibacterium_sp_HTFF,0,0,0,0,0,0,0,0,0,0,0,0,0,0,0,0,0,0,0,0,0,0,0,0,0,0,0,0,0,0,0,0,0,0,0,0,0,0,0,0,0,0,0,0,0,0,0,0,0,0,0,0,0,0,0,0,0,0,0,0
Bifidobacterium_catenulatum,Species,Bifidobacterium_catenulatum,0,0,0,0,0,0,0,0,0,0,0,0,0,0,0,0,0,0,0,0,0,0,0,0,0,0,0,0,0,0,0,0,0,0,0,0,0,0,0,0,0,0,0,0,0,0,0,0,0,0,0,0,0,0,0,0,0,0,0,0
Clostridium_SGB47280,Species,Clostridium_SGB47280,0,0,0,0,0,0,0,0,0,0,0,0,0,0,0,0,0,0,0,0,0,0,0,0,0,0,0,0,0,0,0,0,0,0,0,0,0,0,0,0,0,0,0,0,0,0,0,0,0,0,0,0,0,0,0,0,0,0,0,0
Morganella_morganii,Species,Morganella_morganii,0,0,0,0,0,0,0,0,0,0,0,0,0,0,0,0,0,0,0,0,0,0,0,0,0,0,0,0,0,0,0,0,0,0,0,0,0,0,0,0,0,0,0,0,0,0,0,0,0,0,0,0,0,0,0,0,0,0,0,0
Mycobacteroides_abscessus,Species,Mycobacteroides_abscessus,0,0,0,0,0,0,0,0,0,0,0,0,0,0,0,0,0,0,0,0,0,0,0,0,0,0,0,0,0,0,0,0,0,0,0,0,0,0,0,0,0,0,0,0,24.54074490814898,0,0,0,0,0,0,0,0,0,0,0,0,0,0,0
Prevotella_oralis,Species,Prevotella_oralis,0,0,0,0,0,0,0,0,0,0,0,0,0,0,0,0,0,0,0,0,0,0,0,0,0,0,0,0,0,0,0,0,0,0,0,0,0,0,0,0,0,0,0,0,1.7542803508560703,0,0,0,0,0,0,0,0,0,0,0,0,0,0,0
GGB36599_SGB9269,Species,GGB36599_SGB9269,0,0,0,0,0,0,0,0,0,0,0,0,0,0,0,0,0,0,0,0,0,0,0,0,0,0,0,0,0,0,0,0,0,0,0,0,0,0,0,0,0,0,0,0,0,0,0,0,0,0,0,0,0,0,0,0,0,0,0,0
Streptococcus_pyogenes,Species,Streptococcus_pyogenes,0,0,0,0,0,0,0,0,0,0,0,0,0,0,0,0,0,0,0,0,0,0,0,0,0,0,0,0,0,0,0,0,0,0,0,0,0,0,0,0,0,0,0,0,0,0,13.205021320502134,0,0,0,0,0,0,0,0,0,0,0,0,0
Erysipelatoclostridium_SGB66626,Species,Erysipelatoclostridium_SGB66626,0,0,0,0,0,0,0,0,0,0,0,0,0,0,0,0,0,0,0,0,0,0,0,0,0,0,0,0,0,0,0,0,0,0,0,0,0,0,0,0,0,0,0,0,0,0,0,0,0,0,0,0,0,0,0,0,0,0,0,0
Erysipelotrichaceae_bacterium_LH1062,Species,Erysipelotrichaceae_bacterium_LH1062,0,0,0,0,0,0,0,0,0,0,0,0,0,0,0,0,0,0,0,0,0,0,0,0,0,0,0,0,0,0,0,0,0,0,0,0,0,0,0,0,0,0,0,0,0,0,0,0,0,0,0,0,0,0,0,0,0,0,0,0
Veillonella_ratti,Species,Veillonella_ratti,0,0,0,0,0,0,0,0,0,0,0,0,0,0,0,0,0,0,0,0,0,0,0,0,0,0,0,0,0,0,0,0,0,0,0,0,0,0,0,0,0,0,0,0,0,0,0,0,0,0,0,0,0,0,0,0,0,0,0,0
GGB3600_SGB47662,Species,GGB3600_SGB47662,0,0,0,0,0,0,0,0,0,0,0,0,0,0,0,0,0,0,0,0,0,0,0,0,0,0,0,0,0,0,0,0,0,0,0,0,0,0,0,0,0,0,0,0,0,0,0,0,0,0,0,0,0,0,0,0,0,0,0,0
Amedibacterium_intestinale,Species,Amedibacterium_intestinale,0,0,0,0,0,0,0,0,0,0,0,0,0,0,0,0,0,0,0,0,0,0,0,0,0,0,0,0,0,0,0,0,0,0,0,0,0,0,0,0,0,0,0,0,0,0,0,0,0,0,0,0,0,0,0,0,0,0,0,0
GGB3003_SGB3994,Species,GGB3003_SGB3994,0,0,0,0,0,0,0,0,0,0,0,0,0,0,0,0,0,0,0,0,0,0,0,0,0,0,0,0,0,0,0,0,0,0,0,0,0,0,0,0,0,0,0,0,0,0,0,0,0,0,0,0,0,0,0,0,0,0,0,0
GGB9832_SGB15478,Species,GGB9832_SGB15478,0,0,0,0,0,0,0,0,0,0,0,0,0,0,0,0,0,0,0,0,0,0,0,0,0,0,0,0,0,0,0,0,0,0,0,0,0,0,0,0,0,0,0,0,0,0,0,0,0,0,0,0,0,0,0,0,0,0,0,0
Actinomyces_dentalis,Species,Actinomyces_dentalis,0,0,0,0,0,0,0,0,0,0,0,0,0,0,0,0,0,0,0,0,0,0,0,0,0,0,0,0,0,0,0,0,0,0,0,0,0,0,0,0,0,0.20193975027191124,0,0,0,0,0,0,0,0,0,0,0,0,0,0,0,0,0,0
GGB4533_SGB6245,Species,GGB4533_SGB6245,0,0,0,0,0,0,0,0,0,0,0,0,0,0,0,0,0,0,0,0,0,0,0,0,0,0,0,0,0,0,0,0,0,0,0,0,0,0,0,0,0,0,0,0,0,0,0,0,0,0.06407350062040225,0,0,0,0,0,0,0,0.1502459815705567,0,0
GGB1844_SGB2532,Species,GGB1844_SGB2532,0,0,0,0,0,0,0,0,0,0,0,0,0,0,0,0,0,0,0,0,0,0,0,0,0,0,0,0,0,0,0,0,0,0,0,0,0,0,0,0,0,0,0,0,0,0,0,0,0,0.05158048305390449,0,0.89121,0,0,0,0,0,0.8965136948142854,0,0
Capnocytophaga_granulosa,Species,Capnocytophaga_granulosa,0,0,0,0,0,0,0,0,0,0,0,0,0,0,0,0,0,0,0,0,0,0,0,0,0,0,0,0,0,0,0,0,0,0,0,0,0,0,0,0,0,0,0,0,0,0,0,0,0,0.020089986143372096,0,0.39844,0,0,0,0,0,0,0,0
GGB3385_SGB4471,Species,GGB3385_SGB4471,0,0,0,0,0,0,0,0,0,0,0,0,0,0,0,0,0,0,0,0,0,0,0,0,0,0,0,0,0,0,0,0,0,0,0,0,0,0,0,0,0,0,0,0,0,0,0,0,0,0.01628644395308614,0,0.20187999999999998,0,0,0,0,0,0.1777013513183213,0,0
Prevotella_SGB1459,Species,Prevotella_SGB1459,0,0,0,0,0,0,0,0,0,0,0,0,0,0,0,0,0,0,0,0,0,0,0,0,0,0,0,0,0,0,0,0,0,0,0,0,0,0,0,0,0,0,0,0,0,0,0,0,0,0.014010388121133107,0,0.24068,0,0,0,0,0,0,0,0
GGB18703_SGB19792,Species,GGB18703_SGB19792,0,0,0,0,0,0,0,0,0,0,0,0,0,0,0,0,0,0,0,0,0,0,0,0,0,0,0,0,0,0,0,0,0,0,0,0,0,0,0,0,0,0.38234673161184585,0,0,0,0,0,0,0,0.011602826841111679,0,0,0,0,0,0,0,0,0,0
GGB3363_SGB4448,Species,GGB3363_SGB4448,0,0,0,0,0,0,0,0,0,0,0,0,0,0,0,0,0,0,0,0,0,0,0,0,0,0,0,0,0,0,0,0,0,0,0,0,0,0,0,0,0,0,0,0,0,0,0,0,0,0,0,0,0,0,0,0,0,0,0,0
GGB9790_SGB15413,Species,GGB9790_SGB15413,0,0,0,0,0,0,0,0,0,0,0,0,0,0,0,0,0,0,0,0,0,0,0,0,0,0,0,0,0,0,0,0,0,0,0,0,0,0,0,0,0,0,0,0,0,0,0,0,0,0,0,0,0,0,0,0,0,0,0,0
GGB3576_SGB4784,Species,GGB3576_SGB4784,0,0,0,0,0,0,0,0,0,0,0,0,0,0,0,0,0,0,0,0,0,0,0,0,0,0,0,0,0,0,0,0,0,0,0,0,0,0,0,0,0,0,0,0,0,0,0,0,0,0,0,0,0,0,0,0,0,0,0,0
Enterobacter_ludwigii,Species,Enterobacter_ludwigii,0,0,0,0,0,0,0,0,0,0,0,0,0,0,0,0,0,0,0,0,0,0,0,0,0,0,0,0,0,0,0,0,0,0,0,0,0,0,0,0,0,0,0,0,0,0,0,0,0,0,0,0,0,0,0,0,0,0,0,0
Ruminococcus_SGB4421,Species,Ruminococcus_SGB4421,0,0,0,0,0,0,0,0,0,0,0,0,0,0,0,0,0,0,0,0,0,0,0,0,0,0,0,0,0,0,0,0,0,0,0,0,0,0,0,0,0,0,0,0,0,0,0,0,0,0,0,0,0,0,0,0,0,0,0,0
GGB9818_SGB15459,Species,GGB9818_SGB15459,0,0,0,0,0,0,0,0,0,0,0,0,0,0,0,0,0,0,0,0,0,0,0,0,0,0,0,0,0,0,0,0,0,0,0,0,0,0,0,0,0,0,0,0,0,0,0,0,0,0,0,0,0,0,0,0,0,0,0,0
Candidatus_Nanogingivalis_gingivitcus,Species,Candidatus_Nanogingivalis_gingivitcus,0,0,0,0,0,0,0,0,0,0,0,0,0,0,0,0,0,0,0,0,0,0,0,0,0,0,0,0,0,0,0,0,0,0,0,0,0,0,0.2576900257690026,0,0,0,0,0,0,0,0,0,0,0,0,0,0,0,0,0,0,0.07691928416286617,0,0
Candidatus_Nanosynbacter_lyticus,Species,Candidatus_Nanosynbacter_lyticus,0,0,0,0,0,0,0,0,0,0,0,0,0,0,0,0,0,0,0,0,0,0,0,0,0,0,0,0,0,0,0,0,0,0,0,0,0,0,0,0,0,0.0751145429239539,0,0,0,0,0,0,0,0,0,0,0,0,0,0,0,0,0,0
GGB12788_SGB19833,Species,GGB12788_SGB19833,0,0,0,0,0,0,0,0,0,0,0,0,0,0,0,0,0,0,0,0,0,0,0,0,0,0,0,0,0,0,0,0,0,0,0,0,0,0,0,0,0.7799698440060312,0,1.0830801083080108,0,0,0,0,0,0,0,0,0,0,0,0,0,0,0,0,0
Megasphaera_SGB5856,Species,Megasphaera_SGB5856,0,0,0,0,0,0,0,0,0,0,0,0,0,0,0,0,0,0,0,0,0,0,0,0,0,0,0,0,0,0,0,0,0,0,0,0,0,0,0,0,0,0,0,0,0,0,0,0,0,0,0,0,0,0,0,0,0,0,0,0
Segatella_hominis,Species,Segatella_hominis,0,0,0,0,0,0,0,0,0,0,0,0,0,0,0,0,0,0,0,0,0,0,0,0,0,0,0,0,0,0,0,0,0,0,0,0,0,0,0,0,0,0,0,0,0,0,0,0,0,0,0,0,0,0,0,0,0,0,0,0
