FeatureID,A1H0,A1E0,A1H12,A1E12,A3H0,A3E0,A3H12,A3E12,A4H0,A4E0,A4H12,A4E12,A6H0,A6E0,A6H12,A6E12,A7H0,A7E0,A7H12,A7E12,A8H0,A8E0,A8H12,A8E12,A9H0,A9E0,A9H12,A9E12,A10H0,A10E0,A10H12,A10E12,A12H0,A12H12,A13H0,A13E0,A13H12,A13E12,A16H0,A16E0,A16H12,A16E12,A17H0,A17E0,A17H12,A17E12,A19H0,A19E0,A19H12,A19E12,A20H0,A20H12,A22H0,A22E0,A22H12,A22E12,A24H0,A24E0,A24H12,A24E12,A25H0,A25E0,A25H12,A25E12,A26H0,A26H12,A27H0,A27E0,A27H12,A27E12,A28H0,A28E0,A28H12,A28E12,A30H0,A30E0,A30H12,A30E12,P2H0,P2E0,P2H12,P2E12,P3E0,P3E12,P4H0,P4E0,P4H12,P4E12,P5H0,P5E0,P5H12,P5E12,P11H0,P11E0,P11H12,P11E12,P14H0,P14E0,P14H12,P14E12,P16H0,P16H12,P17H0,P17E0,P17H12,P17E12,P20H0,P20E0,P20H12,P20E12,P21H0,P21H12,P25H0,P25E0,P25H12,P25E12,P26H0,P26E0,P26H12,P26E12,P27H0,P27E0,P27H12,P27E12,P42H0,P42E0,P42H12,P42E12
UNCLASSIFIED,0.09178870917887091,0.091952115093335507,0.14328847973613976,0.029560786691691543,0.21426988819490994,0.03565690713138143,0.16046323740118817,0.25743506318574405,0.250024487317775,0.04789740478974048,0.16332069522654785,0.0977399,0.21181859060756061,0.059196594080340594,0.1942531,0.2661358,0.1968980543410028,0.0022383,0.16171568382843163,0.1400570140057014,0.2669395583265896,0.2153313532707445,0.18315840533000619,0,0.1816783096008654,0.14742161474216148,0.10467275467950149,0,0.19265349572923762,0,0.0810736929008386,0.4508821,0.361527640030882,0.058895176441929424,0.3675741,0,0.11257241125724113,0.1901199,0.18400365203792454,0,0.1259467723160889,0,0.1896510433352501,0.024961207108437584,0.09360138751023182,0,0.1779413035459824,0.005086,0.2966406,0.1566504654226782,0.20689236641667333,0.13855789864982745,0.14895965098874422,0.1391369860863014,0.118457350761137,0.14858001232408585,0.14113572354196044,0.3013715,0.1645542809885289,0,0.14649541909768587,0.03827199783011097,0.1677270343119254,0.18708675260320465,0.30124018985255796,0.09593024780173924,0.14934343812635983,0.2668178207597852,0.09119533671598794,0.01095959890404011,0.11593416864646997,0.02615409738459026,0.31355305480924506,0,0.3586853112856549,0,0.1695050585844937,0.28053804024972767,0.1638103857010199,0.7327926,0.031328206265641256,0.4618106,0.04062080406208041,0.2202695779730422,0.3195874719031344,0.042922491415501716,0.04278360855672171,0,0.1467529360508903,0.21512212151221216,0.25371011262611504,0,0.039182391690837266,0.06273811254762252,0.2525441681133736,0.1590991159099116,0.12346732469346494,0.2184864218486422,0.16028414808524444,0.12351328764867124,0.11389693416908026,0.14458504961144816,0.04388401423210177,0,0.09873620048846128,0.28809394182725,0.08661520866152086,0.09860377041886888,0.3289050588246126,0,0.20544036230080526,0.11028628120976652,0.1201549759690048,0,0.1416956224535749,0,0.18461777209096497,0.18716328103832108,0.09153943619575641,0,0.2610027607783463,0.21848991140104412,0.11844028673822213,0,0.1751931314641105,0,0.07140999119660531,0
Cutibacterium_acnes,0,3.368911460250006e-4,0,0,1.5166072511503617e-5,0,0,7.050348501530546e-5,2.8171694144428154e-5,0,0,0,1.2346209501860707e-4,0,0,0,0,0,0,0,4.1097860239456326e-4,0,0,0,9.808337005561225e-5,0,0,0,3.434312122300761e-5,0.5035014,0,0,3.1346703453475335e-5,0,0,0.2339848,0,0,0,0,0,0,0,0,0,0,7.330955956656748e-5,0,0,0,0,0,0,0,0,0,3.6356394301366184e-5,0,0,0,0,0,0,0,0,0,1.5100388079973655e-5,0,0,0,8.099897916553739e-5,0,0,0,0,0,0,0,1.1600075825862344e-4,0,0,0.5381894,0,0,0,0,0,0,0,0,0,0,0,0,0,0,0,0,0,0,0,0,0,0,0,1.5456948049885478e-4,0,0,0,0,0,0,0,0,0,0,0,0.018591793392423672,0,0,0,0,0,0,4.009372308708838e-5,0.006579439228717831,0,0
Staphylococcus_aureus,0,0,0,0,0,0,0,0,0,0,0,0,0,0,0,0,0,0,0,0,0.00100568175165945,1.7516170729380803e-4,0,0,0,0,0,0,0.005156674720779411,0.4964986,0,0,0,0,0,0.5218561,0,0,2.330233219182038e-5,0.0267771,0,0,0,0,0,0,0,0,0,0,0,0,0,0,0,0,0,0,0,0,3.009873229209693e-4,0,1.3698194259806215e-4,0,1.8892149504224045e-4,0,0,0,0,0,0,0,0,0,4.308431168954527e-6,1,0,0,0,0,0,0,0,0,3.275463473073086e-5,0.02849559430088114,0,0,0,0,0,0,0,0,0,0,0,0,0,0,0,0,0,0,0,0,0,0,0,0,0,0,0,0.8866108848980551,0,0,0,0.011352084980475007,0,0,0,0,0,0,0,0,0,0
Streptococcus_mitis,0,0.004717981366718306,0,0.003206489455060844,3.615752386848544e-4,0.008202401640480328,0,0.0010287099404505933,0,0,0,0,5.393397239088987e-4,0.006573399342660066,1.44e-4,0.058861,0,0.0107314,0,0.11549031154903115,0.0010619198754835903,0.05947953705334898,0,0.0039484003948400395,0,0,1.1627586172301966e-4,0,0.006044689712402893,0,0,0.3302005,0.002638731445981368,0,0,0,0,0,0.008276847777012751,0.2039193,2.2096030450634763e-4,0.003033333728911425,0,0,0,0,0,0,0,0.10651771833686616,0,0,0,0,3.434928091332635e-5,0.021284194131276406,0,0,0,0.4920273,0,0.053111074395109426,0,0.06595488161160941,0,0,5.330136984520502e-5,0.023955184464355354,0,0.027658597234140277,0,0,0,0,3.940711578487943e-4,0,0,0.013811159239421618,0,0,0,0,0.04938600493860049,0,0,0.1953293609341278,0,0.07455050845151175,0,0.0402422040242204,0,0.004914851972689514,0,0.04125110825022165,0.0017997859177750681,0.17408761740876175,0,0.0396798039679804,0,0.06805069319493068,0,1.930406543618086e-5,0,0,1.8361325265423714e-4,0.13858428517988225,0,0.011016996694900992,8.606234356167607e-5,0.0080498,1.6872525991230538e-4,0,0,0,1.8207787187303275e-4,0,0,0,2.189094131047635e-4,0,8.3105368606812e-4,0.0025307696288027724,0,0.03882005965590394,8.379588125201471e-5,0.03296353493516594,0.003960315855865063,0
Streptococcus_sanguinis,0,4.258055205791116e-4,0,0.0055194069371726955,2.114210770643385e-4,0,7.253558310270803e-5,0,0,0,9.480580211508945e-5,0,0.003278402787822522,0,6.45e-5,0,0,0,0,0,0.0014600897948719438,0.00734460391647073,0,0,0,0,0,0,0.004729938911297024,0,0,0.1374882,2.053058852384167e-5,0,0,0,0,0,0.001294685611864503,0.0137255,0,0,5.317396085398196e-5,0,0,0,0,0,0,7.956721358579408e-4,0,0,0,0,0,0.001200912571634384,0,0,1.411012699114292e-4,0,6.428171769602252e-5,0,7.884716637492549e-5,0.0038029280540230422,0,0,0.008645722195060414,0.03164096876087273,0,0,0,0,0,0,4.17416843020106e-4,0,7.313567653870875e-5,1.9353165218770688e-4,0,0,0,0,0,0,0,0,0,0.004663165256997399,2.091356785467601e-4,0.003497500349750035,0,0,0,0,0,0,2.220000444000089e-5,0,0,0,0,0,0,0,0,0,0,0.0013978995806301258,0,0,0,0,0,0,2.9128455588264176e-5,0,0,0,4.6351993135704836e-4,0,0.0011511743658640348,0.09304616848023811,1.3770287782001933e-4,8.037491013265389e-4,0.007230101084294647,0,1.264263609868446e-4,0
Actinomyces_sp_ICM47,0,0.008531966473861632,0,0.0038085163566000274,3.922086964067657e-4,0.06971751394350278,4.5321951078278784e-5,0.054740948764596675,0,0,0,0,5.968343269812892e-4,0.008474799152520085,0,0.0050342,1.496099191376388e-4,0,0,0,0,0,0,0,0,0,0,0,0,0,2.89634256410319e-4,0.0814292,0,0,0,0,0,0,0,0,1.4029225682942707e-5,0,0,0,0,0,0,0,0,0,0,0,0,0,0,0,0,0,0,0,0,0,0,0,0,0,0,0,0,0,0,0,0,0,7.805274140966457e-4,0,5.54503231198573e-4,0.023692401823911892,0,0,0,0,0,0,0,0.04594499081100184,0,0.15098673513393443,0,0,3.596642360325554e-4,0.005744551108515089,0,0,0,0,0,0,0,0,0,0,7.101847190454237e-4,0,0,0.023063627798309488,0,0,0,0,0,0,0,0,0,0,0,0,0,0,0,0,0,0.002709927170575598,0.0032243372106636474,0,1.8176313879897785e-5,0
Enterocloster_clostridioformis,0,0,3.606399917293228e-5,0,0,0,0,0,3.1780879159372686e-5,0,0.0016799028100519752,0,0.0516381221092571,0,0,0,6.066402202466024e-4,0,0,0,0,0,0,0,0.003837587691083089,0,0,0,0.3221846350277408,0,4.462482855085954e-4,0,0,0,7.5e-5,0,0,0,3.082536961064515e-4,0,0,0,1.2020167396110865e-5,0,0,0,0.005110866456985991,0,2.274e-4,0,1.4252621726958446e-4,0.004119075996156353,0.0010097331091576745,0,0,0,0,0,0,0,0.0037894022283121633,0,0,0,0.00158752247267837,2.6995477022280896e-4,8.450217170581284e-5,0,9.93187037885872e-5,0,0.0015361981964639513,0,0,0,0.002251906756331465,0,0,0,0.008157485591985198,0,0,0,0,0,0.01708950529483178,0,0,0,0,0,0.0010724915469902925,0,1.5341405153926943e-4,0,0.009543806031602833,0,0,0,0,0,0,0,0,0,0,0,5.7600005760000574e-5,0,0.1399705946987998,0,0.0017782448058784003,0,5.279998944000211e-5,0,3.7056200201977314e-4,0,0,0,0,0,1.960126624179922e-5,0,0,0,1.417313111128574e-4,0,0,0
Ruminococcus_gnavus,0,0,3.7857181354030865e-4,0,0.011827728682779396,0,5.520479639241362e-4,0,0.0031493146909570167,0,6.719411227967152e-4,0,0.019649436240199943,0,0.0512768,0,0.0074132915012265314,0,0.004411999558800044,0,0.0022573302441725247,0,6.731946700341876e-5,0,0.060834440731657446,0,0.018949654759008495,0,0.041896104749122996,0,0.0056491900664806215,0,0.00123674262283376,0.003913598434560626,0.0158355,0,0.0011288001128800112,0,0.02426114280864416,0,0.0025681499700175407,0,0.0018421415863666853,0,0.0024542769429579127,0,0.0892150336403867,0,0.0554894,0,0.0034654519471095783,0.006608282086910648,0.010361773062859772,0,0.004617725050129421,0,3.788296113390974e-4,0,0,0,0.23601168458540506,0,0.03051175213012424,0,9.88251049477466e-4,0.0015906860461317104,0.017812657785305084,0,0.31049966236656806,0,0.017020193890533487,0,0,0,0.0012134746485397273,0,0.002632079561153749,0,0.015828648764316687,0,5.130001026000205e-4,0,0,0,0,0,0.001099300219860044,0,0.06130675893307398,0,0.03545853289397487,0,0.21253785396089614,0,0.0095269696802366,0,0.014531502906300581,0,0.02179610653883196,0,6.287001886100565e-4,3.610760426145746e-4,0.0038753079676023734,0,0.001303904248140253,0,0.007209300720930072,0,0.022316466048005176,0,0.02453085116579843,0.011740519158585455,0.04844779031044194,0,0.0042446465952589085,0,0.0015249268623811327,0,0.008060146586303212,0,2.9151883211655475e-4,0,0.082915145905506,0,0.020464437669496214,0,0.0022608305080946195,0
Longicatena_caecimuris,0,0,0,0,5.041965828327692e-5,0,0,0,0,0,0,0,0,0,0,0,0,0,0,0,3.022048646777651e-4,0,0,0,0,0,0,0,0.03439879112213295,0,0,0,0,0,0,0,0,0,0,0,0.001519365141462695,0,0,0,5.81267858607535e-4,0,0,0,0,0,0,0,0,0,0,0,0,0,0,0,0,0,0.004896929343133062,0,0,0,0,0,0,0,0,0,0,0,0,0,0,0,0.0011200728953168722,0,0,0,0,0,0,0,0,0,0,0,0.0024644401490106133,0,0,0,0,0,0,0,0,0,0,0,0,0,0.0034673386544820843,0,0,0,0,0,0,0,0,0,9.141930752151777e-4,0,1.692027048403988e-5,0,2.3821024304045073e-4,0,0,0,0,0,0.008954832817193472,0,0,0
Clostridium_symbiosum,0,0,8.715466466791969e-5,0,0,0,0,0,6.125589011475303e-5,0,0,0,0.004732411039205873,0,0,0,0.0010368687443977535,0,0,0,0.001709859113493037,0,0,0,0,0,0,0,0.03299122378057889,0,0,0,0,0,0,0,0,0,1.4664398706921446e-5,0,0,0,0,0,0,0,0.001135048010260538,0,8.32e-5,0,9.830783608135296e-5,0,0.0022607431932516256,0,6.84982744743884e-5,0,0,0,0,0,0.005354496068554289,0,0,0,0.005465479788861418,0,0,0,0,0,0.004047578759140982,0,7.155783954194862e-5,0,1.5891097288283441e-4,0,1.2454190860374336e-4,0,0.0010352992609380508,0,0,0,0,0,8.414034609729028e-6,0,0,0,1.8263115687536293e-4,0,4.4557958051307965e-4,0,0.001916467659583078,0,0.0052166632977261205,0,1.0200002040000409e-5,0,0,0,0,0,0,0,0,0,0.0011453001145300115,0,0,0,0.0012617451050190756,0,0,0,0,0,4.625541398595517e-5,0,0,0,3.4702241764818005e-5,0,6.574912116842493e-5,0,3.700650640938257e-4,0,0,0
Eisenbergiella_massiliensis,0,0,0,0,0,0,0,0,4.197682682659099e-4,0,0.0053348264913812725,0,5.478126127827247e-4,0,0,0,0,0,0,0,0,0,0,0,0,0,0,0,0.0319370000973222,0,0,0,0,0,0,0,0,0,0,0,0,0,0,0,0,0,0,0,0,0,7.288478502916701e-4,3.656512469700974e-4,0,0,0,0,0,0,0,0,0,0,0,0,0,0,0,0,0,0,0,0,0,0,0,0,0,0,8.772619897643093e-4,0,0,0,0,0,0,0,0,0,0,0,0,0,0,0,0,0,0,0,0,0,0,0,0,0,0,0,0,0,0,0,0,0,0,0,3.7716845586453405e-4,0,0,0,0,0,0,0,0,0,0,0,0,0
Streptococcus_thermophilus,0.015535701553570156,0,0,0,0.0070682937284573975,0,0.002515828665837367,0,0.019405384763685102,0,0.12339985207094674,0,4.158776288902916e-4,0,1.258e-4,0,0.0012999861890843362,0,0,0,0.015044898936989385,0,6.680473044911975e-4,0,0.011019616067309864,0,0.01106948210089113,0,0.028170771220344264,0,0.001794044212547204,0,0.09307467195374389,0.006078197568720973,1.117e-4,0,0,0,5.677934650015543e-4,0,0,0,0.012668339643072334,0,3.270416353504597e-4,0,0.04428437468245859,0,0.0822085,0,0,0,0.023993019614434178,0,0.004858270160198837,0,0,0,0.00643505791552124,0,0.0014830063885364069,0,0.004076238405814358,0,1.1738616526788176e-5,0,0.6251857672742189,0,0,0,0.00538797789655338,0,1.786408476508221e-4,0,0.034233792107775704,0,0.09396968682136354,0,0.0012628969522927615,0,0,0,0,0,0.0032522247108176436,0,0,0,0.0062286626098412385,0,0.002863011333824221,0,0.006839911128568727,0,0,0,0,0,0,0,2.1600006480001943e-5,0,7.628984298816122e-4,0,0,0,0.06396460639646064,0,0.0016132686518113722,0,0.0012034453151513562,8.103223400036098e-4,0.003630199273960145,0,0,0,0.009676192078109574,0,0.005608441162970008,0,0.0017180109835095347,0,2.2116523254523453e-5,0,0.11703618378321164,0,4.7460375130844215e-4,0
Eggerthella_lenta,0.0016419001641900164,0,8.815644242272337e-6,0,6.79962323860129e-5,0,3.014983969022293e-4,0,0,0,7.138436872336587e-4,0,0.003032487275032192,0,0.0056131,0,0.003492531554842086,0,2.7389997261000276e-4,0,0.002755267796038935,0,0,0,0,0,1.4617250261470202e-4,0,0.020497036078500164,0,0.012920657400607804,0,0.05045998032468575,0,0.0055474,0,0.00801140080114008,0,0.03836337275143794,0,0.011134395172022356,0,0.001263849295623284,0,0.004702662031031083,0,0.028813657300912038,0,0.2209153,0,4.933522347607242e-4,0.0073724293282914615,0.0015338035459893369,0,1.3579482483519104e-4,0,0,0,3.1830286472578253e-4,0,0.0019602402989431843,0,0.018405510176187394,0,0.005368059304694654,0,0,0,0.10009870674005818,0,0.010354884764009578,0,0.014970001532657273,0,0,0,0.001787146208679726,0,0.0030596576186075223,0,0.0042717008543401705,0,0,0,0,0,0,0,0,0,0.013235963943160248,0,0,0,0.0012542079604073153,0,3.7370007474001493e-4,0,0.0034605010381503114,0,0.0038153011445903433,0.0042116869812782575,0,0,0.011243635074113714,0,0.011723201172320117,0,7.715589172796774e-5,0,7.601239963655749e-5,0.012718528897261253,0,0,9.294079386152332e-4,0,0.023772179070526492,0,0.009100891338327548,0,2.70017443126826e-5,0,3.6197042810683864e-4,0,0.0057184674896036975,0,0.003004443704825549,0
Lancefieldella_parvula,0,0.012594931900721381,0,0.008773997784703029,2.0288388392872388e-5,0.0013600002720000543,0,0.014665025324170819,0,0,0,0,7.083940304866646e-4,0.01891929810807019,0,0.0208466,0,0,0,0,0,1.293315883641458e-4,0,0,0,0,0,0,0.020338236689987948,0,0,0,0,0,0,0,0,0,0,0,0,0,1.2672108678611792e-4,0,0,0,0,0,0,0,0,0,0,0,0,0.006362093428356472,0,0,0,0,0,0.00684431166231342,0,0.003364860353384262,0,0,0,2.9481787427159317e-4,0,2.1719997828000218e-4,0,0,0,0,3.975780204281759e-4,0,0,0.02937796316889314,0,0,0,0,0,0,0,0,0,0.03487538110099289,0,0.0067405006740500675,0,0.014915039238281344,0,0.0018357003671400733,2.449288258278449e-4,0,0,0,0,0,0,0,6.801769140153354e-6,0,0,0.002502953308889505,0,0.005133698459890462,0,0.0017141,0,0,0,0,0,0,0,0,0,0,6.110394731499655e-4,0.00966418510589128,0,0.002758179508812268,5.4627697706157914e-5,0,0,0
Erysipelatoclostridium_ramosum,0,0,0,0,0.0012690286502175378,0,0,0,0.0018293555268803579,0,0.005529538407750554,0,0.003173903825045335,0,5.044e-4,0,0.003680844039959849,0,7.782999221700078e-4,0,5.688856475804949e-4,0,0,0,0.0023748309578619686,0,0.0023497957146475985,0,0.019871550719082882,0,4.590621606166362e-4,0,0,0,0.00214,0,4.340000434000043e-4,0,7.497927147066341e-4,0,5.30104313305478e-5,0,0,0,0,0,0.05974199035554236,0,0.0034779,0,4.443997672038209e-4,0,0.01103706780484684,0,0.0039893234824002,0,0,0,0,0,0.06991446608249105,0,0.012007783055823994,0,6.48433150535316e-4,9.677833133463945e-4,0.0128200294747575,0,1.465703295304302e-4,0,0.0014504588190266397,0,0,0,0,0,0,0,0.002183997019811408,0,0,0,0,0,2.0093515984662418e-4,0,0,0,0.010619011603379537,0,0.003550134053942034,0,0.0035113094040296958,0,0.0013128345410575975,0,5.922001184400237e-4,0,0.005834101750230525,0,0,0.0015453254455388304,0,0,0,0,0.002102200210220021,0,4.514270137287451e-4,0,8.724725497564921e-5,0.0012321421925107366,0.0200329959934008,0,0.0024549982878273786,0,0,0,0.004354687251551817,0,0,0,0.004409694482748061,0,0.0014185159228211868,0,6.382915557490772e-4,0
Ruminococcus_torques,0,0,0,0,0.00368394949436716,0,0,0,0.02705515265799934,0,0.03774500999461167,0,0.04314052064288246,0,3.073e-4,0,0.029135931712272523,0,0.008767399123260088,0,0.011314770282774693,0,3.108605073021436e-5,0,0.0040304175742748955,0,0.004126739686035109,0,0.019763715320956995,0,0.0014115602103143355,0,0,0,0.0142467,0,0,0,0.013595102894360585,0,7.794236954423455e-4,0,0.01182234396320199,0,0.003279727519706194,0,0,0,5.468e-4,0,0.005922644222933969,0.010084756681751935,0.02347727253126823,0,0.004220455086913194,0,8.01447587085365e-5,0,0,0,0.04820263689843026,0,0,0,1.428699994371484e-4,0,2.558065742289577e-4,0,0,0,0.05149896545960325,0,0.005227477804382182,0,0.011672341605287387,0,0.007538105246765507,0,0.06584529322169236,0,3.75000075000015e-5,0,0,0,5.439072372717693e-4,0,0,0,0.0032042466444775477,0,0.0026310699090857626,0,0.002157460598812088,0,0.001947204208606803,0,0.00873110174622035,0,0.0015922004776601432,0,5.990001797000539e-5,3.550747787484044e-5,0,0,7.824826352894465e-5,0,0.008659500865950086,0,0,0,0.0016884671780786312,0.002928126139343826,0,0,0.0016247872546690863,0,3.890661011892247e-4,0,0.003702459205745847,0,0,0,3.3665151234487284e-4,0,7.876411900458512e-4,0,0,0
Hungatella_hathewayi,0,0,0,0,0,0,7.979937210170983e-6,0,1.0737325419459983e-4,0,2.430148725101976e-4,0,7.64879956312171e-4,0,0,0,3.44922868386174e-4,0,0,0,6.9757288465851e-4,0,0,0,0,0,0,0,0.01904681518114144,0,0,0,0,0,0,0,0,0,0,0,0,0,0,0,0,0,0,0,0,0,0,4.3387505878348126e-5,0.005565214879910052,0,2.83807178158504e-4,0,0,0,0,0,0.005093848289915174,0,0,0,0,0,8.840227193838881e-5,0,0,0,0.0032697412340246,0,0,0,3.647137082556855e-5,0,0,0,5.528802317693148e-4,0,0,0,0,0,3.9866497317525635e-5,0,5.0900010180002034e-5,0,0,0,5.771030706084106e-5,0,0,0,8.368067494527434e-5,0,2.5010005002001e-4,0,0,0,0,0,0,0,0,0,0.0019322001932200192,0,0,0,0,0,0,0,6.90674720134099e-6,0,0,0,0,0,0,0,0,0,0.0010272011854912041,0,0,0
Enterocloster_lavalensis,0,0,4.4679287864243886e-5,0,0,0,0,0,1.3434188666737981e-5,0,0,0,0.0011592727598438326,0,0,0,8.901590175428631e-4,0,0,0,0,0,0,0,0,0,0,0,0.018527863585517976,0,0,0,0,0,0,0,0,0,0,0,0,0,0,0,0,0,4.6756096995048153e-4,0,0,0,0,0,0.004853919126284529,0,1.5221838772086313e-5,0,0,0,0,0,0,0,0,0,0,0,0,0,0,0,0,0,0,0,0,0,0,0,6.110307413018948e-4,0,0,0,0,0,0,0,0,0,0,0,0,0,0,0,4.209087841558709e-6,0,0,0,0,0,0,0,0,0,0,0,1.609000160900016e-4,0,0,0,0,0,0,0,0,0,0,0,0,0,0,0,0,0,0,0,0,0
Flavonifractor_plautii,0,0,0,0,0,0,0,0,0.002949606453463419,0,0.0031719941260405136,0,0.0017812231502725344,0,0,0,0.002716880129152563,0,0,0,0.0065608475985870825,0,0,0,1.9697567512199247e-4,0,2.63852904513841e-4,0,0.018387086826219,0,0,0,0,0,8.484e-4,0,0,0,0,0,0,0,0.005117840933457678,0,0,0,0.02307250865512863,0,6.453e-4,0,0.0019877119233907984,3.5591946995065484e-4,3.369454014072685e-4,0,0,0,1.2453571528644772e-4,0,0,0,0.04674860255167234,0,7.764644810525656e-5,0,0.003760470820859381,3.4084688956036396e-4,2.1760559246372633e-4,0,0,0,0.003587863178915203,0,0.0019245506319927488,0,0,0,0,0,0.005310812972147607,0,0,0,0,0,0,0,0,0,0,0,0,0,9.373960944446698e-4,0,0,0,1.2830002566000513e-4,0,1.1200003360001008e-5,0,8.400002520000756e-5,0,0,0,0,0,6.383000638300063e-4,0,2.0154599992234373e-4,0,1.2064817625403e-4,0,0.005776098844780231,0,0,0,4.6225378002847414e-4,0,0,0,0,0,0,0,0,0,0,0
Faecalimonas_umbilicata,0,0,0,0,0.0018309768336735824,0,0,0,0.0018941203468707513,0,0.002564356938644645,0,0.008700345592998327,0,0.0071701,0,0.0031880113651535096,0,0.001106799889320011,0,0.022946355334281108,0,0,0,0,0,0.02959526669960648,0,0.016358239405397417,0,0.0013902037518009342,0,5.251824693611011e-4,0,0,0,0,0,0.005810516884900039,0,0.014783296563400876,0,0,0,0,0,0.024709522121684667,0,0.0055927,0,0,0,0,0,0,0,0,0,0,0,0.00785494422982555,0,0.00650729266247069,0,0,0,0.0331891529612311,0,2.608369998488149e-4,0,0,0,0,0,0.003150364949169029,0,0.020395900418382344,0,0,0,0,0,0,0,0,0,4.290000858000172e-5,0,0,0,0.006793013232163264,0,0.028846874958790108,0,0.0013998223564498109,0,7.723001544600309e-4,0,0,0,0,0.001371088751291022,8.802289475492576e-5,0,5.42534635363092e-4,0,0,0,0,0,4.3016338010035864e-5,0.0019337078485306542,0,0,0,0,0,0,0,0,0,0,0.005501209953956601,0,0.03177197015744003,0,0.013234275115475131,0
Blautia_hansenii,0,0,0,0,0,0,0,0,0.009406638955477796,0,0.0014887911140161777,0,0.007764192240165246,0,0.0333041,0,0.03318360007268482,0,0.0017366998263300174,0,1.5520521361430913e-4,0,0,0,0,0,0.001436944924468344,0,0.01583998868979891,0,0,0,0,9.425996229601508e-4,0,0,0,0,0.004112761190769264,0,0,0,0,0,0,0,0.013464755804156863,0,0.0040599,0,0.0022781027957499587,0.004784080759151596,0,0,0,0,0,0,0,0,0.008580050053226066,0,0.008905427226566932,0,0,0,0.0219930652217762,0,0,0,0.07898029086671587,0,0,0,0.001901220498393306,0,0.013872741307241367,0,0.03450306936605135,0,1.6660003332000668e-4,0,0,0,0,0,0,0,0,0,0.019378060921680613,0,0.028691346934099707,0,0.007591891653268572,0,0.0039406007881201575,0,0.004902401470720442,0,0,0,0,0,3.96744712138447e-4,0,3.680000368000037e-5,0,0.017085676864320515,0,0.0013862394479657674,0.008657312191114009,0,0,2.95288467303709e-5,0,0,0,0,0,0,0,1.4801057870334928e-4,0,0.0029648305879824677,0,0.011782896452165294,0
Enterocloster_aldenensis,0,0,0,0,0,0,0,0,0.001749452180855058,0,0.00382643417777168,0,0.0049654154832360865,0,0,0,0.001345089179412595,0,0,0,9.306308746699387e-6,0,0,0,2.8818309758607725e-5,0,0,0,0.015216706096174357,0,0,0,1.4050934487292618e-4,0,0,0,0,0,0,0,0,0,0,0,0,0,0,0,0,0,3.423650971726626e-4,1.46382146000782e-4,2.689546329090161e-4,0,0,0,0,0,0,0,0.0015089605092963032,0,0,0,0.001847176657048693,0,0,0,0,0,1.4520046010717836e-4,0,0,0,3.90764687416806e-6,0,0,0,0.0011094636801525805,0,0,0,0,0,8.774636093003129e-5,0,0,0,4.870830963762418e-5,0,7.397321161559454e-4,0,6.301653298135345e-5,0,8.637649549141552e-4,0,0,0,0,0,0,0,0,0,0,0,1.6700001670000167e-5,0,5.323856601722288e-5,0,4.6660074876768316e-5,0,0,0,3.9738820854092365e-5,0,0,0,0,0,0,0,4.465336052564871e-4,0,5.1019262628319964e-5,0,0,0
Oliverpabstia_intestinalis,0,0,0,0,0.0024156239071137318,0,0.003696143224731503,0,0,0,0,0,0.005938990761928567,0,0.0091157,0,0,0,0,0,2.2104984969310696e-4,0,0.0021871257120900816,0,0,0,0,0,0.014968494441620898,0,0.0352193425241361,0,0,0,0,0,2.527000252700025e-4,0,0,0,0,0,9.768932654974847e-5,0,6.432028068248966e-4,0,0,0,0,0,0,0,0,0,0,0,0.012396927864595128,0,0.006857661718955471,0,0,0,0,0,2.6878421944671383e-4,0,0,0,0,0,0,0,0,0,7.745156496748486e-5,0,0.004672534756799731,0,0,0,0,0,0,0,8.053433126454926e-5,0,0.0031614006322801267,0,0,0,4.304768831713344e-4,0,9.190749938015287e-5,0,0,0,0,0,0,0,0,0,0,0,0,0,0,0,0,0,0,0,0,0,0,0,0,0,0,0,0,0,0,0,3.576360099368283e-4,0,0.011894579803005111,0
Sellimonas_intestinalis,0.0014565001456500145,0,0,0,0,0,0,0,0.004196680131266059,0,0,0,0,0,0.0024347,0,0.0010112670470052165,0,8.039999196000081e-5,0,7.11082042516622e-4,0,0,0,0,0,0,0,0.008962653507744323,0,0,0,0.016512301678270454,0.01768819292472283,0,0,0,0,0,0,0,0,0,0,0,0,0.002990389946849069,0,0.002695,0,0.004801874456461413,0.0029994147755340286,5.916600798520489e-6,0,0,0,0,0,0,0,0.04036026733951551,0,0.01319369246683366,0,0.0016797257939443386,0,3.5400909803381944e-5,0,0.0013835396403519254,0,0.00973090407845318,0,4.7278924338495985e-4,0,0,0,0,0,0.0057258734937166425,0,0,0,0,0,0,0,0,0,0,0,0.00532915178650907,0,0,0,0.0010448559484783596,0,1.9070003814000762e-4,0,2.309000692700208e-4,0,0,0,6.2966377554802e-4,0,0.0020353554072151704,0,0.03559560355956035,0,4.002899700543073e-5,0,3.641712568473154e-4,0.0034819147739801985,0,0,5.612482834481005e-4,0,5.175199889467582e-4,0,0,0,0,0,0,0,0,0,0,0
Schaalia_odontolytica,0,0.06499309608984487,0,3.7174781422209314e-4,7.487620567765527e-4,0.010810402162080433,7.301642547306449e-4,0.01737119744360773,0,0,0,0,1.5483195739670087e-4,0,0,0,0,0,0,0,0.00174418238123624,0.002708308214902766,0,0,0,0,0,0,0.008738371899757335,0,0,0,0,0,0,0,0,0,0,0,0,0,0.012660801571993417,0.03245807919847013,5.094986449637681e-4,0,2.1862850915759416e-4,0,0,0,2.7165597736824687e-4,0,0,0,0,0,0,0,0,0,0,0,0,0.01038893525975595,0,0,0,0,0,0,0,0,0,0,0.00489387682756386,0,8.533836919915629e-4,0.08972685834899392,0,0,0,0,0,0,3.0080173729781276e-4,0.018324896335020734,0,0.021033272730729323,0,0,2.39242728751355e-4,0.0065752735535856395,4.842005169973005e-5,0,0,0,0,0,0,0,0,0,0.0034921082973681456,0,0,0.001530015309257316,0,0,0,0,0,1.4307457046612695e-5,0,0,1.5314961185582196e-5,0,0,0,0,0,0,0.0011357736987919744,0,0,0.00470680262180874,0,5.341816690258849e-4,0
Blautia_producta,0,0,0,0,0,0,0,0,5.012756965200739e-6,0,4.7462904729769464e-4,0,5.519481894949493e-4,0,0.0051407,0,4.583303873046783e-4,0,0,0,0,0,0,0,0,0,0,0,0.006993280763326433,0,1.0973151779028588e-4,0,2.531772087232768e-4,0,0.0018189,0,0,0,0,0,2.0342377240266924e-5,0,6.906502961494208e-5,0,0,0,0.0019139495790251048,0,0.0073063,0,0.007038377727312193,3.2794061101975745e-4,1.5744175006232488e-5,0,0,0,1.3056163699385647e-5,0,0,0,0.033886122573063365,0,0.0015718402748524168,0,2.739010522917241e-5,0,1.9620504246959148e-4,0,0.007515014931413412,0,1.892037223256064e-4,0,0,0,0,0,0,0,2.6493011830075605e-4,0,5.230001046000209e-5,0,0,0,0,0,0,0,0.023387589922840835,0,3.556635215049408e-4,0,0.010640331527362715,0,7.46612009990771e-5,0,1.425000285000057e-4,0,0,0,0,1.318277629268724e-4,0,0,0.0017627872871987442,0,6.576000657600065e-4,0,0,0,2.141707558334962e-4,6.629455272087813e-4,0.061220287755942446,0,0,0,1.2334777062921379e-4,0,3.1401350258061095e-4,0,0,0,0,0,0.0011338504889028592,0,0,0
Streptococcus_salivarius,0.0025450002545000256,0.001183986220078331,5.459688763680027e-5,0.028610910773030896,0.07743003167599966,0.006935201387040278,0.011136616218117465,0.017980692059805382,1.2732402691609877e-4,0,0.00574975188481535,0,0.052783071652195174,0.007097699290230071,0.1515194,0.0175628,0.0013691907773485381,0,1.7399998260000176e-5,0,0,0,0,0,0,0,2.789015492579764e-5,0,0.005340705790190163,0,0.018605950051718223,0,0.009169862177658493,0,0,0,0,0,0.08097399730918328,0.0070052,9.303380802888578e-4,0,0.04346064693967047,0,0.0037441350114914436,0,4.83163004455781e-4,0,9.94e-4,0.0032207063243478973,4.834811610558342e-5,0.08607401969326453,0,0,0.00433501945240837,0.028205799025960335,0.001796025964893181,0,0.057082013738123646,0,0.002089407318538948,0.013554805500092613,0.03336205718260664,0.021799166895936226,0,3.872343360685792e-5,2.0700532003672495e-5,0,0.009079434998968188,0.019676098032390198,0,0,1.7437782742279112e-4,0,0.0910921582444686,0,0.02632210340217711,0.002979557877800493,0,0,0,0,0,0,2.760604688620619e-4,0,1.0600002120000424e-4,0.049567793701665086,0.03336119141925613,0.17476861747686176,0.009064518923079662,0.019845752504267965,0.025024106843827013,0.15352473070494613,0.0030605079426990816,0.06831090683109069,1.2550002510000502e-4,0,0.027049408114822433,0.08697069130293086,0,0,0.018697163132130667,0,0.00385717910807386,4.896048989623411e-4,0,0,0,0,0.0012698422980562587,0.0016486592812173706,0,0,5.574445675980865e-4,0,0,0,3.363144615218454e-4,0,2.8361832174358465e-4,0,3.502616805015027e-6,0,0.00788703673707659,0,0.0802713481311417,0
Clostridium_spiroforme,0,0,0,0,0,0,0,0,0.0035453224912078748,0,5.259321870498474e-4,0,0,0,0,0,6.964461743813614e-4,0,8.101999189800081e-4,0,0,0,0,0,0,0,0,0,0.00499977772090637,0,0,0,0,0,0,0,0,0,0,0,0,0,0.0012325764872283176,0,0,0,0.0895743804992171,0,0,0,0.01867647435061933,0,6.658682932572211e-4,0,1.3479338807386958e-4,0,0,0,0,0,0.013338406123241029,0,0.003606057143383172,0,0,0,0,0,0,0,1.558148301504994e-4,0,0,0,0,0,0,0,0,0,0,0,0,0,0,0,0,0,0,0,0,0,1.522060668814799e-4,0,0,0,0,0,0,0,0,0,0,0,5.103147621452912e-6,0,0,0,0,0,0,0,0,0,6.909750134906791e-4,0,0,0,9.077390327784095e-4,0,0,0,0.0019266393922899798,0,0,0,0,0
GGB3433_SGB4574,0,0,0,0,0,0,0,0,0,0,0,0,0,0,0,0,0,0,0,0,0,0,0,0,0,0,0,0,0.00494500895324169,0,0,0,0,0,0,0,0,0,0,0,0,0,9.706794501486477e-4,0,0,0,0,0,0,0,0.002283541958811837,5.830956397482673e-4,0.0014280067012022333,0,6.116775738151527e-4,0,0,0,0,0,0,0,0,0,0,0,0,0,0,0,0,0,0,0,1.2825097433166964e-5,0,5.416265233623217e-4,0,0,0,0,0,0,0,0.0010980315165696382,0,0,0,0,0,0,0,0,0,0,0,0,0,0,0,0,0,0,0,0,0,0,0,0,0,0,0,0,0,0,0,0,0,3.2401393259910175e-5,0,0,0,0,0,0,0,0,0
Clostridium_scindens,0,0,0,0,0,0,0,0,0,0,0.0031310916228073156,0,0.001898330578635772,0,0.0060771,0,0.004307585592924811,0,8.869999113000089e-5,0,4.883310396117528e-5,0,0,0,0,0,0.02470806883250106,0,0.004755270717913412,0,4.903849664362915e-4,0,0.0011353916199746002,0,0,0,0,0,6.639155852928133e-5,0,0,0,1.9914768863895543e-4,0,0,0,0.004718615307436089,0,0.0619883,0,2.2169625739247733e-4,3.7102399886624795e-5,5.741108401954204e-4,0,7.060129167316348e-5,0,0,0,0,0,0.007092818575263631,0,0.012212305401090933,0,4.5299020186708214e-4,0,7.500192754953803e-6,0,0.008146140149124525,0,1.8302059414503105e-4,0,0,0,3.43672532779396e-5,0,1.5653247963443026e-4,0,8.102037429711447e-4,0,0,0,0,0,6.691160856308322e-5,0,0,0,0.014352248493593006,0,1.690301887917182e-5,0,0,0,3.7120146107460616e-4,0,0,0,0,0,0,3.5757530535930864e-4,0,0,0,0,3.02900030290003e-4,0,0,0,0,2.3972494464114696e-4,0,0,0.0036405564596053886,0,5.5065969030899016e-5,0,0,0,0,0,0,0,0.004544122340382879,0,0,0
Actinomyces_graevenitzii,0,0,0,0.0031361095229212755,0,0.015365903073180615,0,0.045061441183368946,0,0,0,0,0,0.004431799556820044,0,0.0077593,0,0,0,0,0,0,0,0,0,0,0,0,0.004672867252121764,0,0,0,0,0,0,0,0,0,0,0.0036357,0,0,0,0,0,0,0,0,0,2.3380935263422702e-4,0,0,0,0,0,0.02031858727164754,0,0,0,0,0,0,0,0.013805387726101919,0,0,0,0,0,0.010045598995440101,0,0,0,0,0,0,0,0.014605013329707523,0,0,0,0,0,0,0,0,0,0.02566011644905429,0,0.0019187001918700192,3.050544827306157e-4,0.01680017952937394,0,0,0,0.009607300960730095,0,0,0,0.01289359871064013,0,0,0,0,0,0.00835868859530129,0,0,0,0.0080168,0,0,0,0,0,0,0,0,0,0,0,0,0,2.4242059013663208e-4,1.5606481711649152e-4,0,0.001016459863972506,0
Fusicatenibacter_saccharivorans,0.031637503163750316,0,0.05906090948998092,0,0.014742828607109734,0,0.005134680367195788,0,0.003098986611026401,0,0.011582508849541592,0,0.006635885871800753,0,0.0055033,0,0.00793142585353409,0,0.0045619995438000455,0,0.02306353477022073,0,0.019063419681567818,0,0.021948226945908336,0,0.012815526188404015,0,0.004297696187332815,0,0.08621612471602266,0,0.002364723201097315,0.0032323987070405173,0,0,0,0,0.016008903097954667,0,0.03588716013198696,0,0.007250300122188058,0,0.050910108955291335,0,0.01410263898412353,0,0.0019304,0,0,0.003876795297443148,7.897157845482856e-4,0,0.009126794211655463,0,0.10214409324591596,0,0.01702275320477884,0,0,0,0.04441186717894645,0,0.010930758917611265,0,0,0,0,0,2.6793555449159948e-6,0,0,0,0.005977196776371682,0,0.018171147341830014,0,0.0011078622891843855,0,0.00875540175108035,0,0,0,0.007412363822856525,0,5.133001026600205e-4,0,0.0026247477819716044,0,0.05388082311500834,0,0,0,0.01738804252261057,0,0.046181109236221846,0,0.001400200420060126,0,0.012163003648901095,0.02220067546225235,0.04774121749066932,0,0.024591868264345448,0,3.2760003276000325e-4,0,0,0,0.05120320746010589,0.0403336218837258,0,0,0.008468172557771688,0,0,0,0.08576378784287725,0,0,0,4.058031755524552e-4,0,0.004801022871063398,0,0.05119722330550809,0
Clostridia_bacterium,0,0,0,0,0,0,0,0,0,0,0,0,0,0,0,0,0.016833816082006237,0,1.3289998671000132e-4,0,0.002198990695792678,0,0,0,0,0,0,0,0.004234016230779366,0,0,0,0,0,0,0,0,0,0.002677156733796467,0,0,0,0.002885960699145906,0,0,0,0,0,0,0,0,0,0,0,0,0,0,0,0,0,0,0,0,0,0,0,0,0,0,0,0,0,0,0,0,0,0.0011537731419841136,0,0.013130505156779179,0,0,0,0,0,0,0,0,0,0,0,3.4936239612394775e-4,0,0,0,0,0,0,0,0,0,0,1.2302590925648942e-5,0,0,0,0,0,0,0,0,0.0017139733361457583,0,0,0,0,0,8.432101657786028e-4,0,0,0,0,0,0,0,0,0,0,0
Clostridium_innocuum,0,0,4.2775910130116904e-5,0,0,0,0,0,4.224751570271183e-4,0,0,0,0.004664728795939953,0,0.0060499,0,0.0033041190630938833,0,0,0,2.5747454199201637e-4,0,0,0,0,0,3.1100532471213197e-6,0,0.003910510036401706,0,3.4587293049560916e-4,0,6.840191200870177e-5,0,0.0027089,0,0,0,6.070659300317344e-4,0,6.488516878361001e-4,0,9.911544810521925e-5,0,0,0,0.005509418428163032,0,0.0010581,0,0,5.170006541578865e-6,4.259952574934752e-4,0,2.6417901763660324e-4,0,0,0,0,0,0.016408436578088003,0,0.0033401981065073125,0,1.7487528723240847e-4,0,0.0046240188372841185,0,0.0032307672088966286,0,0.0025118958233587454,0,0,0,0,0,0,0,5.546817966085341e-4,0,0,0,0,0,1.5636080983079777e-4,0,0,0,0,0,5.885051070121124e-4,0,0.005060851723809207,0,1.037239503812682e-4,0,1.6400003280000656e-5,0,1.4030004209001262e-4,0,4.1200012360003705e-5,5.1410827120191515e-5,2.1605619621663596e-5,0,9.756017511601155e-4,0,0.00905310090531009,0,3.1222617664235974e-5,0,2.2166065939289067e-5,6.514395302831835e-4,0.011433397713320458,0,6.386238716602249e-5,0,0,0,6.440276931908072e-4,0,0,0,4.6214526873026836e-4,0,0.004296744068935544,0,0,0
Anaerostipes_hadrus,0.012216701221670121,0,0.005722955957642432,0,0.03213580283864685,0,0.007728569188050596,0,9.063064593082937e-4,0,0,0,0,0,6.5e-4,0,0,0,0,0,0.0016127933125866024,0,0.010168166450864208,0,0.01800183749587696,0,0.055856656642597195,0,0.0036476800270419537,0,0.11441326028610943,0,0,0.13674984530006187,0.0548256,0,0.11770491177049118,0,0.07834384700411859,0,0.02875760784867035,0,0.09471759482562353,0,0.10081377500205055,0,0.0313795918987836,0,0.0177091,0,0.0038025793317041363,0.06372053337031408,8.824760513047508e-6,0,0.008120550553879651,0,0.01863516288016159,0,0.0527135744221698,0,0,0,0.0221863718876632,0,0,0.011548255650495196,0,0,0,0,0,0,0,0,0.0014752869891089873,0,0.018943951010565035,0,0.005366961742969943,0,0.0017731003546200708,0,0,0,8.739577615462592e-4,0,0.004365500873100174,0,0.03988230392104893,0,0.01791209910089942,0,0.03506034537690682,0,0.14731556904512533,0,7.791001558200312e-4,0,0.039312711793813536,0,7.761002328300698e-4,0.02213726210739982,0,0,0.02807361580622928,0,0,0,0.013537906859729188,0,0.018436701256188407,0.0268604996924397,0,0,0.014699159609022053,0,1.1814153355720152e-5,0.003151711083172708,0.013138464953993022,0,0.007067656570614461,0,0.009698345634023178,0,0.0010505557791894331,0,0.012409272424370883,0
Solobacterium_moorei,0,0.0019915414932577115,0,0.0038076049617953426,0,0,0,0,0,0,0,0,0,0,0,0,3.330220793638618e-5,0,0,0,0,8.846723836466451e-4,0,0,3.220572511619846e-4,0.023854302385430237,0,0,0.0031169135967120316,0,0,0,0,0,0,0,0,0,1.9385129797505746e-5,0,0,0,0,0,0,0,0,0,0,3.959852022791059e-4,0,0,0,0,0,0,0,0,0,0,0,0,0,0,0,0,0,0,0,0,0,0,0,0,0,0,0,0,9.878580535052747e-5,0,0,0,0,0,0,0,0,8.844244637069783e-4,0,0,0,0,0,2.0090004018000803e-4,1.1825532507236375e-5,0,0,0,0,0,0,0,0,0,0,0.005467288424425134,0,0,0,0,0,0,0,0,0,0,0,0,0,0,6.510420573169026e-5,0,0,0,0,0,0,0
Gemella_sanguinis,0,0.015290663197868704,0,0,4.7105218595332425e-5,0.004073500814700163,0,0.004750472743893487,0,0,0,0,0.003621857390386539,0.003566299643370036,9.1e-6,0.0076629,3.9142595154058714e-4,0,0,0,4.856292080401304e-4,0.016356316181083966,0,0,0,0,0,0,0.003064347594840081,0,0,0,0,0,1.758e-4,0,0,0.0269008,0.002693026425547793,0.0205409,3.647598677565104e-5,0,7.818202098741601e-4,0,0,0,0,0,1.485e-4,0.04317029074498143,0,0,0,0,0,0.02499909829957079,0,0,1.0440093960845647e-4,0,0,0.006957926795849207,0,0.013170566937354664,0,0,0.005342037290358362,0.02631765031662997,0,0.018552698144730186,0,0,0,0,2.3275547919724107e-4,0,0,0.013236431944033034,0,0,0,0,0,0,0,0,0,0.004978752400173303,2.0753540554018516e-4,0.0034553003455300344,1.6973031383405075e-4,0.019077963577763368,0,0,6.624302531595969e-5,0.012609501260950126,0,0,8.450002535000761e-5,0.054091794590820544,0,2.1514530960220222e-4,0,0,5.193203167713846e-5,0.00680601388576142,0,0.03380248985925304,6.240520633146652e-4,0.015245,0,0,0,0,0,0,0,0,0,0,0,0,1.7873353182162394e-4,0.002007423695985827,1.3822311034273718e-4,0.021841257379137568,0.003716450311309767,0
Shuttleworthia_satelles,0,0,0,0,0,0,0,0,0,0,0,0,0,0,0,0.001958,0,0,0,0,0,5.140024107649812e-4,0,0,4.0254628473339424e-4,0.03628600362860036,0,0,0.002531178147281727,0,0,0,0,0,0,0,0,0,0,0,0,0,0,0,0,0,0,0,0,0,0,0,0,0,0,0,0,0,0,0,0,0,0,0,0,0,2.8000719618494194e-6,0.006789260341081448,0,0,0,0,0,0,0,0,0,0,0,0,0,0,0,0,0,0,0,0,0,0,0,0,0,0,0,0,0,0,0,0,0,0,0,0,0,5.681035356554768e-4,0,0,0,0,0,0,0,0,0,0,0,0,0,0,0,0,0,0,0,0,0,0
Streptococcus_australis,0,0.0035003762804146623,0,0,0.0010279784910943014,0.015595803119160624,5.029406580153916e-4,0.006394485826295837,0,0,0,0,0.0010807976700362538,0,0,0,2.324154091416261e-4,0,0,0.0031526003152600314,0.004846785635982633,0.10436424610109077,1.943887457999768e-4,0,0,0,0,0,0.0020416635127065543,0,0,0,0,0,0,0,7.220000722000073e-5,0.0716737,0.023657491875571573,0.0581978,1.6444256675506415e-4,0,0,0,0,0,0,0,0,0,0,0,0,0,1.061522967000756e-4,0.023229733457353127,0,0,0.002163519471675245,0,4.800506366907973e-4,0.0053632143801554365,9.442648592387966e-4,0.01169889933034678,0,0,0,0,7.403757918785592e-5,0,0,0,0,0,0.0017467181527531226,0,0.0022420561527072926,0.00900847856806406,0,0,0,0,0,0,0,0,0,0,0,0,0,0,0,0,0,0,0,0,4.3200012960003886e-5,0,0,3.715782543803725e-4,0,0,0.0010144256977703849,0.009520893282114995,0,0.06502258049322585,9.877155011090033e-5,0.001908,1.6811797043451664e-4,3.301720856910622e-5,0,0,6.706551630287628e-6,0,0,0,0,0,0.010745694171843501,0.021816203030858353,3.6827513835586566e-5,5.537429907684216e-4,0.0023840730090659928,0,0.013269920886584043,0
Agathobaculum_butyriciproducens,0.0034624003462400345,0,2.3341421686925618e-5,0,2.3110684005940278e-4,0,0.0012276826477186126,0,0.0034141887689982235,0,0.006655907341529301,0,0,0,0.0023724,0,0.005010832218176065,0,3.1499996850000316e-5,0,5.192520009314315e-4,0,0.004603157797739015,0,0,0,2.3676534397439723e-5,0,0.0018618377234455583,0,0,0,0,0,0.0042324,0,1.584000158400016e-4,0,0.003403546675224247,0,0.005579823889125827,0,0.005414270485344819,0,0.013251986521616134,0,5.265686645538578e-4,0,0.0059675,0,0,0,8.291263627486001e-4,0,2.919188159252079e-4,0,0.0012492740019742928,0,0.0049692447232025086,0,0,0,4.054425357248706e-4,0,4.318205600965496e-4,0,0,0,0.003887675160823567,0,0,0,0,0,8.896409383522616e-4,0,0.0028161762435001546,0,5.434720598311693e-4,0,6.907001381400277e-4,0,0,0,6.871461597945373e-5,0,0.003943800788760158,0,0,0,0.002619567854818871,0,0,0,0,0,0,0,6.871002061300619e-4,0,0.0012407003722101117,0.0015166194000456497,3.4508975784601573e-5,0,0,0,0.0010513001051300106,0,0,0,0.0011689310298303628,7.877105547411311e-4,0,0,0,0,0.0015328363379328435,0,0,0,0,0,0,0,0,0,0.004934465300306028,0
Schaalia_SGB17157,0,0.0012617612091070398,0,0,5.853501364042588e-4,0.0032433006486601297,1.1161681405508386e-4,0.01169085984407914,0,0,0,0,0,0,0,0,5.120339478507425e-5,0,0,0,6.291264848440758e-4,0.0015787720529747828,0,0,0,0,0,0,0.0018512243973533168,0,0,0,0,0,0,0,0,0.0837344,0.0026858951083684,0,0,0,0,0,0,0,0,0,0,0,0,0,5.405165814241599e-5,0.007053799294620071,1.425044511360449e-4,0.0319392960031049,0,0,0,0,0,0,0,0,0,0,0,0,0,0,0,0,0,0,7.320325144274831e-4,0,1.2725808916295262e-4,0.03653873546641027,0,0,0,0,0,0,1.8801360669596888e-4,0,0,0,0,0,3.7506698696387174e-5,0,0,0,0,0,0,0,0,0,0,2.2854813223664903e-4,4.4531582664651074e-4,0,5.5534253527575805e-5,0.0028292891361730824,0,0,1.0407539221411991e-5,0.0089955,0.001302028640379062,6.98263935163007e-4,0,0,0,0,0,0,0,0,6.646429359336613e-4,0.003709279965714607,0,0,0,0,6.482885283830209e-5,0
Turicibacter_bilis,0,0,0,0,2.460720374383037e-4,0,3.1091063053473864e-4,0,0,0,0,0,0,0,0,0,0,0,0,0,1.530037212226168e-4,0,0.014325017377405144,0,0,0,0,0,0.0017636143942333996,0,0,0,0,0,0,0,0.01100980110098011,0,0.0023725189168232294,0,0,0,1.166363700724317e-4,0,0,0,0,0,0,0,0,0,0,0,0,0,0,0,0,0,7.303368864994108e-5,0,0.008556218329804889,0,0,0,0,0,0,0,0,0,1.2789060684092946e-5,0,8.015685895729353e-6,0,7.122429021926519e-5,0,0,0,0,0,0,0,0,0,0,0,0.0016379794392923433,0,0.002438135450991547,0,0,0,0.004905691879336676,0,0,0,2.2080006624001987e-4,0,0,3.90082151301064e-6,0,0,5.556427204299612e-4,0,0,0,2.6249014786311204e-4,0,0,2.267181655078627e-4,0,0,0,0,0,0,0,0,7.228466958965549e-4,0,0,0,7.94156420047503e-4,0,0,0
Alistipes_finegoldii,0,0,0,0,0,0,1.5683645824605277e-4,0,0,0,4.0932505069310243e-4,0,0,0,0,0,0,0,0,0,2.301560227678343e-5,0,0,0,0,0,0,0,0.001699634060526397,0,0,0,0,0,0,0,0,0,0,0,8.417535409765623e-6,0,0,0,0.0026852775606334774,0,0,0,0,0,4.992950240320354e-4,0,4.1115361481244076e-5,0,5.227499894098062e-5,0,0,0,0,0,0,0,0,0,0,0,0,0,0,0,6.0594656169638653e-5,0,5.960108280713792e-4,0,0,0,0,0,0,0,0,0,0,0,0,0,0.001224200244840049,0,0,0,0,0,0,0,0,0,0,0,0,0,0,0,0,0,0,0,0,0,0,0,0,0,0,0,0,0,0,0,0,0,0,0,0,0,0,0,0,0
GGB3637_SGB4930,0,0,0,0,0,0,0,0,0,0,0,0,0,0,0,0,0,0,0,0,0,0,0,0,0,0,0,0,0.001604614754285481,0,0.002953089725295942,0,0,0,0,0,0,0,0,0,0,0,0,0,0,0,0,0,0,0,0,0,0,0,0,0,0,0,0,0,0,0,0,0,0,0,0,0,0,0,0,0,0,0,0,0,0,0,0,0,0,0,0,0,0,0,0,0,0,0,0,0,0,0,0,0,0,0,0,0,0,0,0,0,0,0,0,0,0,0,0,0,0,0,0,0,0,0,0,0,0,0,0,0,0,0,0,0
Actinomyces_sp_ph3,0,0.0010638614950881833,0,0,2.513952284522752e-4,9.400001880000376e-4,0,0.00410572638518818,0,0,2.941180000216013e-4,0,8.472888873825975e-4,0,0,0.0075898,0,0,0,0,9.566485120263027e-5,5.318308306563004e-4,0,0,0,0,2.4338674766181682e-4,0,0.0011589551841291927,0,0,0,1.8187096955754378e-4,0,0,0,0,0,0,0,0,0,8.556729332824683e-6,0,0,0,9.901291128363138e-5,0,2.44e-5,8.326894488552296e-4,2.5282035713544663e-5,0,3.068609905673338e-5,0.01609049839095016,0,0.0015403583332105667,0,0,0,0,5.613333094582248e-5,0.01017115479781907,0,0,0,0,0.0017237443002285158,0.004640841720621892,0,0,0,1.3609998639000135e-4,0,0,1.7343940356884387e-4,0,0,4.7123389225841016e-4,0,0,0,0,0,0,0,0,0,0,2.6964600160787433e-4,0,3.2105734084107424e-5,0,3.8403845578891915e-4,0.01701100340220068,0,0,0,0,0,0,0,0,1.598415747936038e-4,0,0,0,0,0.002722899183130245,0,0,0,0,0,0,0,0,0,0,0,0,1.9771277224508703e-4,0.001385487778672656,0,0,4.089559754883015e-5,0,2.5244880388746924e-4,0
Veillonella_dispar,0,0.01150457673195116,2.2620141703466972e-4,0.033703683675521574,4.419252917259332e-5,0,1.0128381843678555e-5,0.016401874671643037,0,0,4.2562604831415684e-4,0,0.0017795083989528317,0.010630998936900107,0,0.0371461,0,0,0,0,0,0,0,0,0,0,0,0,0.0011448374579121545,0,9.717188623597605e-4,0,0,0,3.61e-4,0,9.663000966300097e-4,0.0229753,1.566880957725853e-5,0,1.1413777180622673e-4,0,0.010310043919450618,0,0.00403351350265567,0,0,0,0,0,0,0,0,4.597999540200046e-4,0,0.0048559743114437726,0.0062064984945741095,0,0.0019622176599589395,0.0048875,4.42628416060249e-6,0,2.724629873590382e-4,0.008619811722906722,0,0,0,0,0,0.005231499476850052,0,0,0,0,0.0018717628527265004,0,0,0.009238834852450578,0,0,0,0,0,0,0,0.011316497736700452,6.190001238000247e-5,0.03550215277659652,4.2147190310667e-4,0.04559220455922046,0.025487452058937727,0.051144893732916495,0,0,0,0,0,7.780000778000078e-4,0,0,0,0,0,0,0,7.552459040605039e-4,0,0,0,0,0.0040034546674093145,0,0,0,1.9749293084414163e-4,0,0,0,0,0,5.900381164623234e-6,8.72848292841453e-4,3.3124747498856395e-5,0,5.042788021278541e-4,0.042743662907959876,0.005098153104746664,0
Ruthenibacterium_lactatiformans,0,0,0,0,1.8400162146407038e-4,0,2.8543621559457746e-5,0,0.0028704048934132475,0,0.012217347701679343,0,0.01885268208288624,0,0,0,0.04208969054648323,0,0,0,0.0012866722351081799,0,0,0,0,0,0.0017000955588941252,0,0.0010381034426826324,0,0,0,0,0,0.0011019,0,0,0,0,0,0,0,0.0011293864061074673,0,2.492044706989108e-4,0,0.09058421218126844,0,0,0,0.008492950945397048,0.0013755258580918357,0.008123693459107564,0,0.0014601949416828324,0,2.6142457007308337e-4,0,0,0,0.003858512619637934,0,0,0,0.004697352881775176,0,0,0,0,0,0.17827957756043852,0,0.017983246330503837,0,1.202352884359403e-5,0,0,0,0.002988896155200407,0,0.002966700593340119,0,0,0,5.147586173737794e-4,0,2.8910005782001156e-4,0,0,0,1.871334220291744e-4,0,0,0,4.549823523970605e-5,0,0.005880501176100235,0,0.0015470004641001392,0,2.872000861600258e-4,4.798010461003087e-4,0,0,0.0012698832639972334,0,8.045000804500081e-4,0,0,0,3.3856388386722345e-4,0.003491519780109393,0,0,0.0012585294574269604,0,0.0019817741654502095,0,9.876424686261509e-4,0,0,0,0,0,0,0,0,0
Roseburia_faecis,0.002885600288560029,0,0,0,4.499602970300411e-5,0,3.080460376900619e-4,0,0.03443834213690421,0,6.906422673067592e-4,0,0,0,0,0,0,0,0,0,6.354307585111948e-5,0,3.211552383881237e-4,0,0.0013228109763582677,0,0,0,0.0010274901165903908,0,0,0,0,0.006168997532400987,0,0,0,0,0.0041967299395294436,0,0.004833268665283518,0,0.03659407538172945,0,0.007083914322205688,0,0.0028342695887543738,0,6.467e-4,0,0,0,0,0,0.0021201417673936797,0,0.0019881524353310637,0,2.829025461229151e-4,0,0,0,0,0,0.017842897780829595,0,0,0,0.0034634137483771673,0,0,0,0,0,0,0,0,0,0.0026450975317160487,0,6.50000130000026e-6,0,0,0,3.876465945196588e-5,0,1.5600003120000623e-5,0,0,0,3.299589306650168e-4,0,0,0,0,0,0,0,0,0,0,7.991683048450003e-5,0,0,5.463369806496647e-4,0,0,0,0,0,0,2.963544599445231e-4,0,0,3.538456718368174e-4,0,0,0,6.064260763212818e-4,0,0,0,0,0,0.002151429180853162,0,0.0032107448673623887,0
Actinomyces_oris,0,0.004017404336512607,0,6.780777346856812e-4,1.0043756630134845e-5,0,0,1.520231395642524e-4,5.514032661720813e-6,0,0,0,2.5670835933198937e-4,0,0,0,1.0030665033091694e-4,0,0,0,0,5.8722987551633166e-5,0,0,0,0,0.008725204222649715,0,9.910443552925052e-4,0,1.2925742271682424e-4,0,0,0,0,0,0,0,2.3001008930719253e-4,0,4.5494774714685634e-5,0,0,0,0,0,1.2831673250191826e-4,0,1.773e-4,0.0050111437119140624,0,1.6452785523495095e-4,0,0,0,0.014917122300550215,0,0,0,0,0,0.00204697265675788,1.207722459575318e-4,0.023328423294366296,0,0,0,6.656788440564324e-4,0,0,0,0,9.467964925493572e-4,0,7.675019245160856e-5,0,1.3409884020096114e-4,9.204134718263237e-4,0,0,0,0,0,0,0,0.0013370997325800535,0,0.0036779810427583558,0.003401380275474996,0.01569860156986016,3.3095910929692045e-4,0,0,0,0,0,0,0,0,0,0,2.848599915142129e-4,5.919539672268757e-4,0,2.1072997825058497e-4,3.954267665379734e-4,0,0,0,0,0,0,0,0,5.605475989494137e-6,0,2.621140125870793e-4,0,0,0,0,0.002837232359301629,0,0,0.007489808175591262,0,0,0
Bacteroides_fragilis,1.203000120300012e-4,0,0,0,0,0,0,0,0,0,0,0,0.0026126758048790524,0,0,0,0.04805358595274867,0,8.749999125000087e-5,0,0.01376062832994487,0,0,0,0.0024057727220238422,0,0,0,9.724209717721571e-4,0,4.453330087151639e-4,0,0,0,0,0,0,0,4.215512422804747e-4,0,0,0,0.004323287495409671,0,0.002496438740477502,0,0,0,0,0,3.082192401730943e-5,0,0,0,0,0,0,0,0,0,0.001992431456474839,0,6.433848728309274e-4,0,0,0,0,0,0,0,0,0,0,0,0,0,0.0021812941876049818,0,0.04887074913269666,0,0,0,0,0,0,0,0,0,0,0,0.0010510877242675542,0,1.0720863837882016e-4,0,2.7248832955233647e-4,0,5.930001186000237e-5,0,0,0,2.4150007245002175e-4,0,0,0,0,0,0.004155100415510041,0,0,0,0.00686722941483509,0,0,0,0,0,0.0032719197598723273,0,0,0,0,0,0,0,3.391928973167677e-4,0,0,0
Romboutsia_timonensis,0.006480900648090065,0,4.137342127339176e-5,0,0.002748976189667907,0,0.018179013112980667,0,0,0,2.2271363007416055e-4,0,0,0,0,0,0,0,0,0,0.001657223431764393,0,0.009408273996488286,0,0.008850962420317373,0,1.8820838359998696e-4,0,8.087154230852258e-4,0,0.020155310268154744,0,8.454596503330311e-4,0,0,0,0.03324840332484033,0,0.005318054235173766,0,3.028308572418061e-4,0,9.677253412123153e-6,0,0,0,0,0,4.86e-5,0,0,0,0,0,0,0,6.939853166365756e-5,0,0.012036608329474965,0,9.25495779035066e-6,0,0.014024989748867773,0,0,0,0,0,0,0,0,0,8.002297970903871e-4,0,1.4368116968094865e-4,0,0.01856247854091609,0,0,0,0,0,0,0,1.4544259825388748e-4,0,4.2550008510001703e-4,0,0.001154696991306717,0,0.003747469298016626,0,6.55130346074518e-4,0,0.002700731148622992,0,4.690000938000188e-5,0,0.0010385003115500934,0,0,0.01238280781932675,3.871006848881394e-5,0,0.011407536168308613,0,0,0,0.004601633423251803,0,0.0018312814202719502,0.004655426408243977,2.1699995660000868e-4,0,2.0289821126258243e-4,0,0,0,0,0,0,0,0.00226629314761058,0,0.023365018066231622,0,0.014225187160494226,0
Clostridiaceae_bacterium_AF18_31LB,0,0,0,0,0,0,0,0,6.216821188241957e-4,0,1.4370879497825267e-4,0,0,0,0,0,0,0,0,0,1.5800711302191756e-4,0,0.0033247944258270176,0,0,0,0,0,7.984024741465384e-4,0,0,0,0,0,0,0,0,0,0,0,0,0,0,0,1.0838615938038269e-4,0,1.0301343295165689e-4,0,0,0,0,0,0,0,2.433491330011167e-4,0,0,0,0,0,0,0,0,0,0,0,0,0,0,0,0,0,0,0,0,0,0,0,0,0,0,0,0,0,0,0,0,0,0,0,0,0,0,0,0,0,0,0,0,0,0,0,0,0,0,0,0,0,0,0,0,0,0,0,0,0,0,0,0,0,0,0,0,0,0,0,0,0
Blautia_massiliensis,0.03687600368760037,0,0.006204610702152039,0,0.002710609039340792,0,0.027425100360498778,0,0.007093051105759046,0,0.003973843199203791,0,0.011160206794974448,0,0.0992492,0,0,0,0,0,0.036349541354083935,0,0.007707120148898146,0,0,0,0.037474335790442605,0,7.91694051050499e-4,0,0,0,0,0.021352091459163416,0.0870669,0,0.01290210129021013,0,1.0134505681701191e-4,0,0.08119735032018702,0,0.0023914021168737172,0,0.0265487503368759,0,0.0012900682248965264,0,0.0980961,0,0,0,4.643027406296587e-5,0,2.5887140280159946e-4,0,0.006829377935063261,0,0.06475268277414496,0,0,0,0.1055900639762706,0,0.008019983339190937,0.03912619765327925,0,0,0,0,1.1242988075012887e-4,0,0,0,4.924637022188721e-4,0,0.08085757666998074,0,0.007451772609688776,0,0.003448000689600138,0,0,0,0.0010440414611572102,0,0.0037880007576001516,0,0,0,0.0069469407236132374,0,0,0,0,0,0.009713401942680389,0,0.06089161826748548,0,0.001377800413340124,0.09612424376573707,0.05088073407893393,0,0.009634742709303099,0,0.30313383031338303,0,0,0,0.0020800676763394047,0.03910998412372529,0,0,0.011560093054905338,0,0.0030771864693903295,0.027186401198347643,3.1741364878689785e-4,0,0.0012839829452982662,0,3.99298315771713e-5,0,0.013535741148508754,0,0.1215351149217641,0
Streptococcus_parasanguinis,0,0.01759260216346938,0,0.014112239687922216,0.01835114861405198,0.04331740866348173,0.007391979528801077,0.0493406221652141,6.862464285359812e-4,0,0.013926552305001066,0,0.07056403416026712,0.027502097249790275,0.0307921,0.0499162,0,0,0,0,1.8412481821426747e-5,0.0012208942231789804,0,0,4.6190189114849156e-4,0.006855200685520068,0.11122844595153834,0,6.920689617884216e-4,0,3.337709373380151e-4,0,0.014280877078759644,0,0,0,0,0,0.013323510195021437,0,6.499539841397599e-4,0,0.03598603826997194,0.008346966785836107,0.0023183757643525874,0,9.427229310702116e-4,0,9.638e-4,0.04077577082801626,2.9170030050368665e-4,0.015970555697646258,0,0,0.014038641238584998,0.10551134542340042,0.015948505686913396,0,0.008670378033402301,0,0.002568250786822308,0.04588651208340951,0.023496255460016182,0.09438110194343044,1.9443964811038873e-4,0,0.03196252143680092,0.03375649572493965,9.00890868708599e-4,0.020112297988770202,0,0,0,0,0.026418598555513283,0,0.0026606497566654314,0.013837260214991105,0,0,0,0,0,0,9.125220868408505e-5,0.06893068621386275,2.0200004040000806e-5,0.02737003042804383,0.002679857183635528,0.09588710958871095,0.0037473692801534356,0.1858384847573483,0.0037689121323033117,0.02349050469810094,0.009207279437032498,0,2.5000005000001e-5,0,9.477002843100853e-4,0.027893497210650278,0,0,0.029700825184630523,0,5.423345119269565e-5,0.004336645045147844,0,0.002578499226450232,0,0,0.0010922101258030517,1.1756127293545396e-4,0.0035050992989801404,0.014595819278594609,3.9628713290013013e-4,0,1.471763172280392e-5,0,4.2931846069380985e-4,0,0.0010513679183675264,0.01219885808103287,0,0,0.0560004065503521,0.02482724009777706,0.03819560500769565,0
Abiotrophia_defectiva,0,8.368588819489067e-4,0,0,0,0,0,0,0,0,0,0,0,0,0,0,0,0,0,0,0,2.321723607315857e-4,0,0,0,0,0,0,6.459110058589565e-4,0,0,0,0,0,1.436e-4,0,0,0,0,0,0,0,0,0,0,0,0,0,0,0,0,0,0,8.630999136900086e-4,0,0,0,0,0,0,0,0,0,0,0,0,0,0,0,0,0,0,0,0,0,0,0,3.3182635607719737e-4,0,0,0,0,0,0,0,0.014144497171100565,0,0,0,0,0,0,0,0,0,0,0,0.006553500655350065,0,0,0,0,0,0,0,0.0013576420142507395,0,0.0011393996581801026,0,0,0,0,0,0,0,0,0,0,4.800206408875582e-5,0,1.7141107315532582e-4,0.005818488189925223,1.0607925180902652e-5,3.6378891688039575e-4,3.142345546950552e-4,0,0,0
Gemella_SGB7293,0,0,0,0,0,0,0,0,0,0,0,0,0,0,0,0,0,0,0,0,0,0,0,0,0,0,0,0,4.142200947509693e-4,0,0,0,0,0,0,0,0,0,0,0,0,0,0,0,0,0,0,0,0,0,0,0,0,0,0,0,0,0,0,0,0,0,0,0,0,0,0,0,0,0,0,0,0,0,0,0,0,7.668426155686452e-5,0,0,0,0,0,0,0,0,0,0,0,0,0,0,0,0,0,0,0,0,0,0,0,0,0,0,0,2.0838555616992202e-4,0,0,0,0,0,0,0,0,0,0,0,0,0,0,0,0,0,0,0,0,0,0
Abiotrophia_sp_HMSC24B09,0,0.0014136984134805431,0,0,0,0,0,0,0,0,0,0,0,0,0,0,0,0,0,0,0,9.790522109809166e-4,0,0,0,0,0,0,4.130185861367533e-4,0,0,0,0,0,0,0,0,0,0,0,0,0,0,0,0,0,0,0,0,0,0,0,0,0,0,0,0,0,0,0,0,0,0,0,0,0,0,0,0,0,0,0,0,0,0,0,0,0.003595257634838854,0,0,0,0,0,0,0,0,0,0,0,0,0,0,0,0,0,0,0,0.006479500647950065,0,0,0,0,0,0,0,0.002183597386157251,0,0,0,0,6.497997412339535e-5,0,0,0,0,0,0,0,0,0,0.0012808827450253287,0.030299775997963053,0,9.071018170692752e-4,0,0,0,0
Mogibacterium_diversum,0,0.016260692931999672,0,6.432421999288301e-4,0,0,7.79578481301319e-5,0.006567439687974008,0,0,0,0,7.1374001989515e-4,0.007866299213370079,9.317e-4,0.0277009,0,0,0,0,0,9.843906643947015e-4,0,0,0,0,0,0,3.698644017428283e-4,0,1.4847823537888545e-4,0,0,0,0,0,0,0,0,0,0,0,5.612806979031429e-5,0,0,0,0,0,0,0,0,0,0,0,0,0.01842171436873604,0,0,0,0,0,0,1.992191729092343e-4,0.014121247255356455,0,0,7.770199694132139e-4,0.013914176515136047,0,0.005924099407590059,0,0,0,0,0,0,8.550938797510651e-6,0.0083036510611159409,0,0,0,0,0,0,0,0,0,0.011317911521532269,6.867171539464633e-4,4.711000471100047e-4,4.500803843566461e-5,0.002677795632250082,5.496330192942329e-5,0,0,0,0,0,0,0,0,1.200252773234043e-5,1.9004943185722605e-5,0,3.001851542031125e-5,0.0010419277808496102,0,0.025236792428962273,0,0.0020518,0,5.5628993831585024e-5,0,0,0,0,0,0,0,0,2.4131558898704856e-4,0.00974635555061354,0,0.010234131301987153,0.0010497539047276915,0,0.005183682759503738,0
Escherichia_coli,1.683000168300017e-4,0,0.0018611027128742667,0,3.505271063917061e-5,0,0.0012423125326039262,0,0,0,0,0,0,0,0,0,0,0,0,0,0.029065703640497893,0,0.10297486440476622,0,0.10231126888939088,0,0.0033388929715304724,0,2.9466998763647635e-4,0,0.004715607737180506,0,0.009861893234730424,0,0,0,0,0,5.851697730583859e-4,0,7.726095001106305e-5,0,0,0,0,0,0.03134018676035355,0,0,0,0,0.012201722301512551,0,0,0,0,0,0,0,0,0,0,0,0,0.08115487519292215,0.02137957072653632,0,0,5.761488038968245e-4,0,0,0,0,0,0.006555929298043341,0,5.921273619076199e-4,0,0.023306644151109654,0,4.820000964000193e-5,0,0,0,0.10151232255402011,0,0.029363705872741175,0,0,0,0.08558298512114264,0,0.01548555798975649,0,0.05328414579919504,0,7.660001532000307e-5,0,8.480002544000763e-5,0,1.6120004836001452e-4,2.6745632630231927e-4,0.004788345448651195,0,4.1765761121459715e-4,0,0,0,0,0,0.029892609965195226,2.4162593543755004e-4,0,0,0.01547041304650513,0,0.0026519770685280966,0,0.0019942857542874343,0,0.3540438712340817,0,0,0,0.009461316774091115,0,0.0018349998656972363,0
Enterococcus_faecium,0.0034469003446900345,0,0,0,0,0,0,0,0,0,9.3505722550220075e-05,0,0,0,0,0,0,0,0,0,0,0,0,0,0.0022487382130585167,0,0,0,2.6002648925991476e-4,0,0.005325893963556322,0,0,0,0.0014894,0,2.205000220500022e-4,0,0,0,0,0,0,0,0,0,0,0,0,0,0,0,0.003318310515644796,8.229999177000082e-5,0.0022733615918758645,0,5.125046412151151e-4,0,0,0,3.3519042779835216e-4,0,3.477079989249569e-4,0,0,0,0,0,0,0,0.003463788406758324,0,0,0,0,0,2.081399102594063e-4,0,0.0010808388165960954,0,0,0,0,0,0,0,6.918001383600277e-4,0,0.012029852292801152,0,0,0,0.0018039237556323542,0,0,0,0,0,0,0,0,0,1.9365036846083668e-4,0,0,0,0.15764801576480159,0,0.0023387942225348043,0,0,1.2706622691746939e-5,0,0,0,0,0,0,0,0,0,0,0,0,0.0018718756966284386,0,0,0
Actinomyces_SGB17132,0,0.004282441428157537,0,8.760529394811571e-4,1.104813229314833e-4,0,0,0.006362338640656756,0,0,0,0,3.2681142799043046e-4,0,0,0.0016844,1.790118684868807e-5,0,0,0,0,0,0,0,0,0,0,0,2.581241006207394e-4,0,0,0,0,0,0,0,0,0,6.546750052857122e-4,0,0,0,0,0,0,0,4.880636434991123e-5,0,0,4.581142600394204e-4,0,0,0,0,0,0.0015272519269719173,0,0,0,0,0,0,0,0,0,0,0,0,0,0,0,0,0,0,6.482685968171115e-5,0,0,0.003970383283721246,0,0,0,0,0,0,0,0,0,0.0073017299258460264,2.8204811740882997e-4,0,0,0,0,0,0,0,0,0,0,0,0,0,2.1305541571362712e-4,0,0,0.003760853498682214,0,5.65899830230051e-4,2.621899303855713e-5,0.0018135,3.5830079189535755e-5,0,0,0,4.7045959197540075e-6,0,0,0,0,0,0.003847648558096853,0.029822566886591875,0,3.3428967079684205e-4,4.3822439334187597e-4,0,1.3389884558191368e-4,0
bacterium_210917_SL_2_15,0,0,0,0,0,0,0,0,0,0,0,0,8.644364005796263e-5,0,0,0,0,0,0,0,1.1988126751124587e-4,0,0,0,0,0,0,0,2.5331806616387537e-4,0,0,0,0,0,0,0,0,0,1.6572779360561906e-5,0,0,0,0,0,0,0,0,0,1.61e-5,0,0,0,0,0,0,0,0,0,0,0,0,0,0,0,0,0,0,0,0,0,0,0,0,0,0,0,0,0,0,0,0,0,0,0,0,0,0,0,0,0,0,0,0,0,0,0,0,0,0,0,0,0,0,0,0,0,0,0,0,0,1.4827984749341775e-4,0,0,0,0,0,0,0,0,0,0,0,0,0,0,0,0,0
Schaalia_SGB17158,0,0,0,0,0,0.003049000609800122,0,0.0013389653333162415,0,0,0,0,7.212042315220919e-5,0.0016723998327600167,0,0.0044081,0,0,0,0,0,0,0,0,0,0,5.929166029189355e-5,0,2.2748563095823115e-4,0,0,0,0,0,0,0,0,0,2.3804537626988923e-4,0,0,0,0,0,0,0,1.1301473712172068e-4,0,0,0,5.8319915052360004e-5,1.9199985077941904e-4,0,0,0,0,0,0,0,0,0,0,0,0,0,0,0,0,0,0,0,0,0,0,0,0,0,0,0,0,0,0,0,0,0,0,0,0,6.741150040196858e-5,0,3.2085730511469346e-4,0,0,0,0,0,0,0,2.690000807000242e-4,0,0,0,0,0,0,2.503661415148335e-4,0,0,0,0,0,0,0,0,0,0,0,0,0,0,0,0,0,0,0,0,0,0
Clostridium_saudiense,0,0,0,0,1.525646632117483e-4,0,2.854362155945774e-4,0,0,0,1.890115675079315e-4,0,0,0,0,0,0,0,0,0,1.1477780787595911e-4,0,0.002990821237949487,0,0,0,0,0,2.2698500236897448e-4,0,0.1089083788607265,0,0,0,0,0,0,0,0,0,0,0,6.0406434456726634e-5,0,0,0,8.50110854455421e-6,0,0,0,0,0,0,0,0,0,0.0014588756453636608,0,0.010876097884880963,0,1.5592591929395134e-5,0,0.02621157976701663,0,0,0,0,0,0,0,0,0,3.0947496845872534e-4,0,0,0,0.00201611016989307,0,0,0,0,0,0,0,1.819034148960466e-4,0,0.0011425002285000458,0,0.01575548788623339,0,0.011446444334958223,0,0,0,3.179865647920425e-4,0,0,0,0,0,0,9.862076953406387e-5,1.950507326955741e-5,0,0.004559011998600737,0,0,0,9.096589569484134e-5,0,0,0.0034672071083448695,0,0,0,0,1.939323309324571e-4,0,0,0,0,0,0,0,0.024852595427070318,0,0.0012248815964620006,0
Streptococcus_rubneri,0,0,0,0,0,0,0,0,0,0,0,0,0,0,0,0,0,0,0,0,0,0,0,0,0,0,0,0,2.1306752758763905e-4,0,0,0,0,0,0,0,0,0,0,0,0,0,0,0,0,0,0,0,0,0,0,0,0,0,0,0,0,0,0,0,0,0,0,0,0,0,0,0,0.002071948676106759,0.08062219193778081,0,0,0,0,0,0,0,0,0,0,0,0,0,0,0,0,0,0,0,0,0,0,0,0,0,0,0,0,0,0,0,1.5243210220072348e-4,0,0,0,0.001200745898901444,0,0,6.158461189285519e-4,0.0202098,1.0698416300378331e-4,0,0,0,0,0,0,0,0,0,0,0,1.561166347378126e-4,3.071082226198533e-4,0.004396076267883805,0,0,0
Clostridium_porci,0,0,0,0,0,0,0,0,0,0,0,0,0,0,0,0,0.011598368971862835,0,0,0,0,0,0,0,0,0,0,0,2.1066451035920702e-4,0,0,0,0,0,0,0,0,0,0,0,0,0,0,0,0,0,0,0,0,0,0,0,0,0,0,0,0,0,0,0,0,0,0,0,0,0,0,0,0,0,0,0,0,0,0,0,0,0,0,0,0,0,0,0,0,0,0,0,0,0,0,0,0,0,0,0,0,0,0,0,0,0,0,0,0,0,0,0,0,0,0,0,0,0,0,0,0,0,0,0,0,0,0,0,0,0,0,0
Clostridium_SGB6173,0,0,0,0,0,0,0.006453723065282127,0,0,0,0,0,0,0,0,0,0,0,0,0,1.133768581721549e-4,0,3.326611143077485e-4,0,0,0,0,0,2.0726023595226165e-4,0,0,0,0,0,0,0,2.4350002435000244e-4,0,0,0,0,0,9.208670615325612e-5,0,0,0,0,0,0,0,0,0,0,0,0,0,0,0,0,0,0,0,0.0034022352171068733,0,0,0,0,0,0,0,0,0,0,0,0,0,0,0,0,0,0,0,0,0,0,0,0,0,1.6652840974670278e-4,0,0.005245236799292354,0,0,0,0.004530281330420511,0,0,0,1.9360005808001743e-4,0,0,0,0,0,2.664643552142962e-4,0,0.0020264002026400205,0,0,0,0,8.804588951761659e-6,0.00124979975004005,0,0,0,0,0,0,0,0.002739276957291441,0,0,0,3.9562481256184454e-4,0,0,0
Rothia_aeria,0,0.005526841252616877,0,0,0,0,0,5.3077907752999855e-6,0,0,0,0,0,0,0,0,0,0,0,0,0,0.005798366211659202,0,0,0,0,0,0,2.0335533295605962e-4,0,0,0,0,0,0,0,0,0,2.368400832254847e-4,0,0,0,0,0,0,0,0,0,0,0,0,0,0,0,0,0,0,0,0,0,0,0,0,0.006308298958407969,0,0,0,0,0,0,0,0,0,0,0,0,0,0.0012372671752512573,0,0,0,0,0,0,0,6.113998777200245e-4,0,0.0067940288591134546,0,0,0,0,0,0,0,0,0,9.725000972500098e-4,0,0,0,0,0,0,0,0.0037806804739294497,0,0,0,0,0,0,0,0,0,0,0,0,0,0,0,0,0,0,0,0,0,0
Bacteroides_xylanisolvens,0,0,0,0,0,0,0,0,0,0,0,0,0.0026703721434008197,0,0,0,0.004242581283139072,0,2.4299997570000244e-5,0,0,0,0,0,0,0,0,0,1.918408754031562e-4,0,0,0,0,0,0,0,0,0,1.9957643993597884e-4,0,3.841001574479957e-4,0,0.0034457134096681874,0,0.006876348549801557,0,0,0,0,0,0,0,0.0037814098798408576,0,2.8140372993133248e-5,0,0,0,0,0,0,0,0,0,9.126021874159422e-4,0,0,0,0,0,0,0,1.0150048161978529e-4,0,4.9597056479825374e-5,0,0,0,0,0,0,0,0,0,0,0,6.889001377800275e-4,0,0,0,0,0,0,0,0.0017419610681422258,0,0,0,0,0,0,0,0,0,0,0,2.2510002251000224e-4,0,5.06566957103726e-4,0,0,0,0,0,0,0,0.0017502968556330485,0,8.23535412022717e-4,0,0,0,0,0,0,0,0,0
Clostridium_perfringens,0,0,0,0,0,0,0,0,0,0,6.120374566923495e-5,0,0.0016214486743661017,0,0,0,0,0,0,0,8.125508282064411e-5,0,6.24748876688399e-4,0,0,0,0,0,1.906393667889402e-4,0,0.001261454816191572,0,0,0,0,0,0,0,1.964627662379339e-4,0,0,0,0,0,0,0,0,0,0,0,0,0,0,0,0,0,0,0,0,0,0,0,0.0030751395484778996,0,0,0,0,0,0,0,0,0,0,0,0.004162846273873343,0,3.839874516482136e-4,0,0,0,0,0,0,0,1.9322229478770588e-4,0,7.600001520000304e-6,0,0,0,0.0016014860254041372,0,3.695426398954449e-4,0,0,0,0,0,0,0,0,0,0,0,6.514017846207541e-4,0,0,0,0.02453497313453866,0,0.009249626036200323,0,0,0,4.504400348700646e-6,0,0,0,0,0,0,0,0,0,0.0025594830475720045,0,0,0
Scardovia_wiggsiae,0,0.0010279344678981474,0,0,0,0,0,0,0,0,1.859113777763199e-4,0,0,0,0,0,0,0,0,0,0,0.0010003052990999468,0,0,5.70096948838703e-4,0.04353690435369043,7.995846574050619e-4,0,1.8573320661422483e-4,0,0,0,4.074069956828679e-4,0,0,0,0,0,1.3157782401415817e-5,0,0,0,0,0,0,0,1.5111970600966367e-4,0,2.103e-4,0.003050326637768484,0,3.2125001431889067e-4,0,0,0,0,0,0,0,0,4.909151523577307e-5,0,0,0,2.031683629636415e-4,0,5.850150348863966e-5,0.0037375784961391533,3.6547276555739714e-4,0.032641896735810326,0,0,0,0,0,0,0,0.012976332687485938,0,0,0,0,0,0,0,0,0,0,3.614616653601104e-4,0,0,0,0,0,7.756747593729622e-5,0,0,0,0,0,0,0,1.6804370816849463e-5,0,0,8.383978104545213e-4,0,0,0,0,0,0,0,0,0,0,0,0,0,0,2.2901479435571538e-5,0.002435187686403554,0,0,0,0,0,0
Granulicatella_SGB8255,0,0.010351600152659759,0,2.920514018568555e-4,0,0.007317001463400293,5.759877755546491e-5,0.004590638138659925,0,0,4.030246651095047e-5,0,4.629828563197765e-4,0.006071299392870061,0,0.007922,0,0,0,6.397000639700064e-4,2.1814788244951253e-5,0.005176083849576887,0,0,0,0,0,0,1.6110228002279663e-4,0,0,0,0.00101220808883155,0,0,0,0,0.0157478,6.76772044433128e-4,0.0105452,0,0,7.285443831947873e-4,0.0017838873265608088,0,0,5.070661214222334e-5,0,0,0.011339703579364068,0,0,0,0.010040298995970101,3.304741312360844e-5,0.03132756211191957,0,0,2.631023679213113e-4,0,0,0.018159318821266993,0,0.009672228792720776,0,0,0.0036506938228312467,0.018769266639783354,0,0.011750398824960118,0,0,0,0,7.76018590780298e-4,0,0,0.012780676537286761,0,0,0,0,0,0,0,0.025464994907001017,0,0.004763124532847979,0,0.001394800139480014,8.131452277376739e-5,0.04103674734197982,0,0.003624000724800145,6.210408893842696e-4,0,0,0.007562800756280076,0,0.009224899077510092,0,8.201727283765961e-6,0,0,9.836066886055319e-5,0.015405559767101827,4.9500004950000496e-5,0.03166719049984285,1.4310366429441487e-5,0.0233695,1.2844172455231886e-4,0,0,0,1.771730803822254e-4,0,0,0,0,0,0.004375482656179589,0.060935640124278545,0,7.394828866445114e-4,4.369213473415456e-4,0.06139465621026912,0.0011280422352907674,0
Lactobacillus_crispatus,0,0,0,0,0,0,0,0,0,0,0,0,0,0,0,0,0,0,0,0,0,0,0,0,0,0,0.032962651771852515,0,1.6040139999783727e-4,0,0,0,0,0,0,0,0,0,0,0,0,0,0,0,0,0,0,0,0,0,0,0,0,0,0,0,0,0,0,0,0,0,0,0,0,0,0,0,0,0,0,0,0,0,0,0,0,0,0,0,0,0,0,0,0,0,0,0,0,0,0,0,0,0,0,0,0,0,0,0,0,0,0,0,0,0,0,0,0,0,0,0,0,0,0,0,0,0,0,0,0,0,0,0,0,0,0,0
Roseburia_sp_AF02_12,0,0,0,0,0,0,0,0,0.0025027692975854252,0,3.8442352671983523e-4,0,0,0,0,0,0,0,0,0,0,0,8.433605191612701e-4,0,0,0,0,0,1.5539511410527057e-4,0,0,0,0,0,0,0,0,0,0,0,2.7817950354177824e-4,0,1.2122033221501635e-5,0,0,0,0,0,0,0,0,0,9.557817323847251e-4,0,0.0020420297000106054,0,0,0,0,0,0,0,0,0,0,0,0,0,0,0,0,0,9.777541394433917e-4,0,0,0,0,0,2.4080916684231923e-4,0,0,0,0,0,2.464110135706358e-5,0,6.560001312000262e-5,0,0,0,0,0,0,0,0,0,0,0,0,0,0,0,0,0,0,0,0,0,0,0,0,0,0,0,0,0,0,0,0,0,0,0,0,0,0,0,0,0
Granulicatella_adiacens,0,0.0011089208113125577,0,0,0,0,0,1.1917492495484872e-5,0,0,0,0,8.876359772579593e-6,0,0,0.0018347,0,0,0,0,0,5.091675850317422e-4,0,0,0,0,0,0,1.504889539305552e-4,0,0,0,1.6574694637540473e-4,0,0,0,0,0,0,0,0,0,0,0,0,0,0,0,0,0,0,0,0,0,0,0,0,0,0,0,0,0,0,4.154250699000757e-4,0,0,0.002986276747312406,0.040396083941518834,0,0,0,0,0,0,7.29427416511371e-5,0,0,4.7821438572466827e-4,0,0,0,0,0,0,0,0.010841697831660434,0,0,0,0,0,0,0,0,0,0,0,0,0,0,0,0,0,0,0,0.002757163455809415,0,4.2249987325003804e-4,0,0,0,0,0,0,0,0,0,0,0,0,0,0,0,0,0,0.014451958394837115,0,0
Actinomyces_bouchesdurhonensis,0,0,0,0,0,0,0,0,0,0,0,0,0,0,0,0,0,0,0,0,0,0,0,0,0,0,0,0,1.4338002796311048e-4,0,4.575366992942504e-4,0,0,0,0,0,0,0,0,0,0,0,0,0,0,0,0,0,0,0,0,0,0,0,0,0,0,0,0,0,0,0,0,0,0,0,0,0,0,0,0,0,0,0,0,0,0,0,0,0,0,0,0,0,0,0,0,0,0,0,0,0,0,0,0,0,0,0,0,0,0,0,0,0,0,0,0,0,0,0,0,0,0,0,0,0,0,0,0,0,0,0,0,0,0,0,0,0
Blautia_SGB4793,0,0,0,0,0,0,0,0,0,0,0,0,0,0,0,0,0,0,0,0,0.005737789647602109,0,0,0,0,0,0,0,1.2766029026045102e-4,0,0.0031498742358837114,0,0,0,0,0,0,0,0,0,0,0,0,0,0,0,0,0,0,0,0,0,0,0,0,0,0,0,0,0,1.6095578765827237e-5,0,0,0,0,0,0,0,0,0,0,0,0,0,0,0,0,0,0,0,0,0,0,0,0,0,0,0,0,0,0,0,0,0,0,0,0,0,0,0,0,0.0022139662612946287,0,0,0,0,0.002606000260600026,0,0,0,0,0,0,0,0.0015653291700662376,0,0,0,0,0,0,0,0,0,0.032915142436960636,0,0,0
Actinomyces_naeslundii,0,0.0034112611962114447,0,0,0,0,0,0,0,0,0,0,0,0,0,0,0,0,0,0,6.804612847049014e-6,4.1035583410866815e-4,0,0,0,0,0,0,1.2135237003581697e-4,0,0,0,2.874282393337834e-5,0,0,0,0,0,0,0,0,0,0,0,0,0,0,0,0,0,0,0,0,0,0,0,0,0,0,0,8.792209900833127e-5,0,0,0.003865789786850132,0,0,0,0,0,0,0,0,8.280409290542084e-4,0,0,0,1.2041733812494411e-4,1.7208433892905876e-4,0,0,0,0,0,0,0,0,0,0,0,0,0,0,0,0,0,0,0,0,4.500001350000405e-5,0,2.1590006477001944e-4,5.484154963035215e-4,9.975594652169028e-4,0,0,0,0,0.0010971996708400988,0,0.0055755,0,0,3.579999284000143e-5,0,4.9648501621233784e-5,0,0.0013891642187340435,0,0,0,0,0.0021868748077727034,0,0,0,0,6.449562041717064e-4,0
Simiaoa_sunii,0,0,0,0,0,0,3.559256609510878e-4,0,0,0,0,0,0,0,0,0,0,0,0,0,0,0,0,0,0,0,0,0,1.2135237003581697e-4,0,0,0,0,0,0,0,0,0,0,0,0,0,0,0,8.097576000040174e-5,0,0,0,0,0,0,0,0,0,0,0,0,0,0,0,0,0,0,0,0,0,0,0,0,0,0,0,0,0,0,0,0,0,0,0,0,0,0,0,0,0,0,0,0,0,0,0,0,0,0,0,0,0,0,0,0,0,0,0,0,0,0,0,0,0,0,0,0,0,0,0,0,0,0,0,0,0,0,0,0,0,0,0
Gemella_haemolysans,0,0,0,0,0,0,0,8.04981551921911e-4,0,0,0,0,0,0,0,0,0,0,0,0.08318260831826083,0,0.002545233571942056,0,0,0,0,0,0,8.040095143462132e-5,0,0,0,0,0,0,0,0,0,2.0289099580809122e-5,0,0,0,0,0,0,0,0,0,0,0.22684609591906135,0,0,0,0,0,0,0,0,0,0,0,0,0,0.010230126671561196,0,0,0,0.009353904264760331,0,0.09859649014035099,0,0,0,0,6.973646729284537e-5,0,0,0.0015992411697769318,0,0,0,0,0,0,0,0.10354747929050415,0,0.0031701799166905975,0,0.0019300001930000193,0,0,0,0.030424406084881218,0,0,0,0,0,0,0,0,0,0,0,0.03978444436216924,0,9.079997276000817e-5,0,0.0031132,0,0,0,0,0,0,0,0,0,0,2.200142129181545e-6,0.0019003291521821658,0,8.756008364300518e-4,0,0,5.291326929481355e-5,0
Clostridium_sp_AF20_17LB,0,0,0,0,0,0,0,0,0,0,0,0,0,0,0,0,0,0,0,0,0,0,4.5973039310430653e-4,0,0,0,0,0,7.839843707759463e-5,0,0,0,0,0,0,0,0,0,0,0,0,0,0,0,0,0,0,0,0,0,0,0,0,0,0,0,0,0,0,0,0,0,0,0,0,0,0,0,0,0,0,0,0,0,0,0,0,0,0,0,0,0,0,0,0,0,0,0,0,0,0,0,0,0,0,0,0,0,0,0,0,0,0,0,0,0,0,0,0,0,0,0,0,0,0,0,0,0,0,0,0,0,0,0,0,0,0,0
Blautia_sp_Marseille_P3201T,0,0,0,0,0,0,0,0,0,0,0,0,0,0,0,0,0,0,0,0,0,0,0,0,0,0,0,0,6.978762534237989e-5,0,0,0,0,0,0,0,0,0,0,0,0,0,0,0,0,0,4.5105881806987634e-5,0,0,0,0,0,0,0,0,0,0,0,0,0,1.6397370867686495e-5,0,0,0,0,0,0,0,0,0,0,0,0,0,0,0,0,0,0,0,0,0,0,0,0,0,0,0,0,0,0,0,0,0,0,0,0,0,0,0,0,0,0,0,0,0,0,0,0,0,0,0,0,0,0,0,0,0,0,0,0,0,0,0,0,0,0,0
Blautia_sp_MSJ_9,0,0,0,0,0,0,0,0,0,0,0,0,0,0,0,0,0,0,0,0,0,0,0,0,0,0,0,0,6.738460811394787e-5,0,0,0,0,0,0,0,0,0,0,0,0,0,0,0,0,0,0,0,0,0,2.1837232441021846e-4,0,0,0,0,0,0,0,0,0,0,0,0,0,0,0,0,0,0,0,0,0,0,0,0,0,0,0,0,0,0,0,0,0,0,0,0,0,0,0,0,0,0,0,0,0,0,0,0,0,0,0,0,0,0,0,0,0,0,0,0,0,0,0,0,0,0,0,0,0,0,0,0,0,0,0,0,0
Clostridium_paraputrificum,0,0,0,0,0,0,0,0,0,0,0,0,0,0,0,0,0,0,0,0,0,0,0,0,0,0,0,0,6.508171660336719e-5,0,0,0,0,0,0,0,0,0,0,0,0,0,0,0,0,0,3.708483586259648e-4,0,0,0,0,0,0,0,0,0,0,0,0,0,3.58126627539656e-5,0,2.2263317916777816e-4,0,0,0,0,0,0,0,0,0,0,0,0,0,0,0,0,0,0,0,0,0,0,0,0,0,0,0,0,0,3.895750521371211e-5,0,0,0,0,0,0,0,0,0,0,0,0,0,0,0,0,0,0,0,0,0,0,0,0,0,0,0,0,0,0,0,0.0033557443880815794,0,0,0
Clostridium_disporicum,0,0,0,0,0,0,0,0,0,0,7.940485957740613e-5,0,0,0,0,0,0,0,0,0,0,0,5.7731237070398096e-5,0,0,0,0,0,4.916172746500506e-5,0,0,0,0,0,0,0,0,0,0,0,0,0,0,0,0,0,0,0,0,0,0,0,0,0,0,0,0,0,0,0,0,0,0.0012604540035849445,0,0,0,0,0,0,0,0,0,0,0,0,0,0,0,0,0,0,0,0,0,0,0,0,0,0,0,0,0,0,0,0,0,0,0,0,0,0,0,0,0,0,0,0,0,0,0,0,1.190620551431406e-5,0,0,0,0,0,0,0,0,0,0,0,0,1.263954620320461e-4,0,0,0
Rothia_mucilaginosa,0,0.020697781144793648,0,5.537229768908759e-4,3.7523474770183784e-4,0.14723282944656588,5.3404195175759654e-5,0.17620543433651914,5.814798079632857e-6,0,0.002628160843443619,0,0.0037031567764853933,0.03199569680043032,4.148e-4,0.1396888,0,0,0,3.1700003170000314e-4,2.820912296445761e-4,0.17763109453705989,0,1.1120001112000111e-4,0.001976632698811452,0.020262902026290202,2.7900187355627064e-4,0,4.005028714053365e-5,0,0,0,5.86974533357249e-4,0,0,0.1556782,0,0.0522272,0.0024785847047308256,0.011987,0,0,9.760783388943586e-4,0.005949962050595402,0,0,6.490846406371391e-5,0.0080261,0,0.04466128808443709,0,0,0,0.11684328831567117,2.9542384458983305e-5,0.20111688933163932,1.7475172951485405e-4,0,6.0600545404908644e-5,0.1230942,0,0.007086043861042291,1.370820024538679e-5,0.04222426729635926,0,0,0.0025668659684553894,0.061282587509157105,0,0.03853179614682038,0,0.0042356995764300425,0,0,0.0011596693569646441,0,0,0.02424568180604183,0,0,0,0,0,0,0,0.15924086815182636,0,0.05750369969391849,3.3305681949340557e-4,0.019831701983170198,7.581354029829727e-5,0.0526110912191164,1.2180511966044356e-5,0.06825281365056272,2.0845006453433607e-5,0.21105162110516212,0,0.14299891429989142,0,0.20661377933862207,0,0,9.702523626395225e-6,0,0,0.04525931963936755,0,0.06053208184037545,0,0.1522882,1.2125546573181874e-4,0,3.50599929880014e-4,0.06760640709006108,0,0,1.471763172280392e-4,0,0,0,9.210595004437287e-4,0.06069283196484346,0,0.0029272734015412093,7.985667295870828e-4,0.160336226055645,0.001829546971533267,0
Clostridium_SGB6176,0,0,0,0,0,0,0,0,0,0,0,0,0,0,0,0,0,0,0,0,0,0,8.387177972989653e-5,0,0,0,0,0,3.584500699077762e-5,0,0,0,0,0,0,0,0,0,0,0,0,0,0,0,0,0,0,0,0,0,0,0,0,0,0,0,0,0,0,0,0,0,2.5645341043011927e-4,0,0,0,0,0,0,0,0,0,0,0,0,0,0,0,0,0,0,0,0,0,0,0,0,0,0,0,4.30076811718573e-6,0,0,0,0,0,0,0,0,0,0,0,0,0,0,0,0,0,0,0,0,0,0,0,0,0,0,0,0,0,0,0,0,0,0,0,0,0
Streptococcus_vestibularis,0,0.0020310812941316614,0,0.0018988404425166082,0,0,0,0,0,0,0,0,0.0019912297530737927,0,0.0018324,0,0,0,0,0,0,0,0,0,0.004362182045566096,0.026661902666190267,8.522549140095358e-4,0,3.1539601123170254e-5,0,5.696072577788612e-4,0,0,0,0,0,0,0,0.002245862706073723,0,0,0,0,0,0,0,0,0,2.832e-4,0,0,0,0,0,0,0,0,0,0,0,0,0,5.886521317051861e-4,0.0017950746798419896,0,0,0,0,0,0,0,0,0,0,0,0,0,0,0,0,0,0,0,0,0,0,0,0,1.549264304490346e-4,0,0,0,0.0011363109014273446,0,4.253183047517896e-4,0,0,0,0,0,0,0,0,0,0,0,0,0,0,0,0,0,0,0,7.827646828186456e-5,0,0,0,0,0,0,0,0,0,0.004990866649880761,0,0.007574877829925847,0
Enterocloster_bolteae,0,0,0,0,0,0,0,0,1.742434321103777e-4,0,6.484396845086919e-4,0,9.935470881807841e-5,0,0,0,0.0025233672992519404,0,0,0,0.00234859211059177,0,1.0436031316571963e-4,0,0,0,0,0,2.833557815192756e-5,0,1.5895306979260134e-4,0,0,0,0,0,0,0,0,0,0,0,2.648511460160021e-6,0,0,0,0.0021116753624672658,0,4.19e-5,0,5.776592622198353e-4,4.957123919278559e-4,0.016959184078687982,0,0.0013468323003012423,0,0,0,0,0,0,0,0,0,0.03382597731758165,0,0,0,6.551021573126005e-5,0,0.0013468914220020022,0,0,0,0,0,0,0,0.13426582329411327,0,0,0,0,0,4.6677858668258655e-5,0,6.710001342000268e-4,0,6.421095438881873e-5,0,0.005453473990454695,0,0,0,0.028004865304679334,0,1.0310002062000413e-4,0,0,0,0,0,0,0,0,0,2.2350002235000223e-4,0,0.001034149137635303,0,4.5293673551743643e-4,4.502346623059939e-6,0,0,1.7366965788879156e-4,0,0,0,0,0,3.271211320251288e-4,0,7.984965567775685e-4,0,2.4376983636949733e-4,0,0,0
Parvimonas_micra,0,0.020823023965836008,0,0.04427495201506353,0,0.0426089085217817,0,0.003903028865769176,0,0,0,0,0,0,0,0,0,0,0,0,0,0,0,0,0,0,0,0,2.7434446691265552e-5,0,0,0,0,0,0,0,0,0,0,0.0052361,0,0.004875124862860578,0,0,0,0,0,0,0,0,0,0,0,0,0,0.004059734732433732,0,0,0,0,0,0,0,6.864129017089603e-4,0,0,0,0,0,0,0,0,0,0,4.779352715328627e-5,0,0,0.009916145051821566,0,0,0,0,0,0,0,0,0,0.007100310484117082,0,0,0,0,0,0,0,0,0,0,0,0,0,0,0,0,0,0.016113767183968637,0,0,4.7334288958921845e-5,0.0736029,0,0,0,0,0,0,0,0,0,0,0,0,0,0.007836474722096032,0,0,0,0
Lachnospira_pectinoschiza,0,0,0,0,0,0,0,0,5.992249676200963e-4,0,5.137314403641503e-4,0,0,0,0,0,0,0,0,0,0,0,0,0,0,0,0,0,2.0625897877374833e-5,0,0,0,0,0,0,0,0,0,5.864755071898241e-4,0,0,0,0.011283983076011769,0,2.6008493457493377e-4,0,0,0,0,0,4.431910643011814e-6,0,0,0,0,0,0,0,2.1390192511732604e-4,0,0,0,0,0,0,0,0,0,7.062663380521756e-5,0,0,0,0,0,1.0620783811841393e-5,0,0,0,0,0,0,0,0,0,1.1419046970346537e-5,0,0,0,0,0,0,0,0,0,0,0,0,0,0,0,0,0,0,0,0,0,0,0,0,0,0,0,0,0,0,0,0,0,0,0,0,0,0,0,0,0,0,0
Streptococcus_infantis,0,0.0012388803091089163,0,0,0,0,0,3.167649475900727e-4,0,0,0,0,1.4413997857973e-4,0.0012346998765300123,0,0.0032583,0,0,0,0.0026720002672000268,0,0.013263538594852582,0,0,0,0,0,0,1.1414331835052091e-5,0,0,0,3.274879242583525e-5,0,0,0,0,0,2.99113557186384e-4,0,0,0,0,0,0,0,0,0,0,8.523986668564888e-5,0,0,0,0.022742897725710226,0,0.005028287993465085,0,0,3.240029160262442e-5,0,0,0.005500632684273545,0,0.017693820143690756,0,0,0,0,0,0,0,3.4149996585000343e-4,0,0,0,0,0,0.0014425341497880358,0,0,0,0,0,0,0,0.013601597279680544,0,5.052996426881141e-4,0,0,0,0,0,0,0,0,0,0,0,0,0,0,0,0,0,4.027101452002231e-4,0,0,0,0,0,0,0,0,0,0,0,0,0,0,1.690109181053096e-5,0.0034882905114554707,0,0,0,0,3.052610936607278e-4,0
Butyricicoccus_SGB14985,0,0,0,0,0,0,0,0,0,0,0,0,0,0,0,0,0,0,0,0,0,0,0,0,0,0,0,0,1.111395468149809e-5,0,0,0,0,0,0,0,0,0,2.532119804119792e-4,0,0,0,0,0,0,0,0,0,0,0,2.82836479217663e-4,0,0,0,0,0,0,0,0,0,7.192711760979045e-5,0,0,0,0,0,0,0,0,0,3.5676649601919903e-4,0,0,0,0,0,0,0,0,0,0,0,0,0,0,0,0,0,0,0,0,0,0,0,0,0,0,0,0,0,0,0,0,0,0,0,0,0,0.004373768357798389,0,0,0,0,0,0,0,0,0,0,0,0,0,0,0,0,0,0,0
Enterococcus_faecalis,0.003396700339670034,0,0,0,0.001362736899576696,0,5.613578906693357e-4,0,0,0,1.1560707515299936e-4,0,0,0,0,0,0,0,0,0,0,0,0,0,2.889920325968452e-4,0,0.03331980627377999,0,4.806034456864039e-6,0,0.02016364945671712,0,0.0031542995909605723,0,8.242e-4,0,3.098000309800031e-4,0,4.5198489165168835e-6,0,7.174946849276412e-5,0,0,0,0,0,7.530982040058024e-5,0,0,0,0,0,6.34580505983689e-4,2.00899979910002e-4,0.0019965644710466107,0,0,0,0,0,0.0028465031047365465,0,0.007629363885476292,0,0.004577759455280035,0,0.0020626530101823617,0,0.13386134767856575,0,0.01739870438732104,0,1.7295682068011413e-4,0,0,0,0.0012510526457157937,0,0,0,0,0,0,0,0,0,0,0,0.20428315070551037,0,0,0,0.010988633770358695,0,0,0,0,0,0,0,0,0,0,0,0,0,4.900000490000049e-5,0,0,0,0,0.0010106267386561876,0,0,0,0,0,0,0,0,0,0,0,0,0.0021233635746922006,0,1.4399679773741245e-4,0
Veillonella_atypica,0,0.0062750868244853325,3.666506582581449e-5,0.039381673308709474,0,0,0,0.0033624353826546606,0,0,0,0,0.009208012851355068,0.0020313997968600204,0.0026808,0.0040116,0,0,0,0,0,0.002631152454243159,0,0,0,0,0,0,1.3016343320673438e-6,0,0.0021927998022188548,0,0,0,0,0,0,0.006539,0.0037694535552880476,0.0028461,1.359832803696661e-4,0,0.04006382912618986,0.006184536526189294,0.0036008058238938333,0,0,0,0,0.00654476098471255,0,0,0,0,0,0.003830220223184826,0.0022305953520258093,0,0.0010924098316884851,0.0530711,0.004253256688869847,0.014510032736360484,3.011801659752864e-5,0.011645342788234227,0,0,0,0,0,0.03547449645255035,0,0,0,0,0.012480623331797995,0,0,0.003054016474773913,0,0,0,0,0,0,0,0.018232396353520728,1.900000380000076e-5,0.024518839671925453,0,0.06412550641255065,6.252116628029766e-4,0.04160140938335692,0,0,0.003300225516913568,0,0,0,0,0,0,0,0,0,0,0,0,0,0.0030029753553474136,0,0.007808022030842816,0,0,0,1.3833513959787317e-4,0,0,0,0,0,0,4.0494716120129787e-4,0,1.826846168174359e-4,1.804217538918977e-6,0.024023487723006273,0.008928306357327347,0
Dorea_longicatena,0.013146101314610132,0,0.005848378532543852,0,0.04901624416934818,0,0.016449924410556312,0,0.009849465905783629,0,0.004220758310408597,0,0.06989719763235207,0,0.0346634,0,0.018946756169934065,0,0.009604299039570096,0,0.03103874116263415,0,0.006614465651478338,0,0.017926707656751886,0,0.03864271256837728,0,0,0,0.10113910264839408,0,0,0.03271868691252523,0.0182809,0,0.026696302669630266,0,0.055804465309406255,0,0.054235182732668696,0,0.0037172877001599804,0,0.010568592118191968,0,0.01038435411977722,0,0.0113788,0,0,0.010135747138426722,0.0010409206150617403,0,0.003598462714456431,0,0.07800856946326011,0,0.0403370630335673,0,0,0,0,0,0.018870578542230374,0,0,0,0,0,0,0,0.0073858855460269155,0,0.010847928310911623,0,0.06590067692249499,0,0,0,0.0019041003808200761,0,0,0,0.004512126226545878,0,0.004390900878180176,0,0,0,0.029202715605007055,0,0,0,0,0,0,0,0,0,3.452001035600311e-4,0.030370696068592044,0.008923721059847666,0,0.015340461996959725,0,0,0,0,0,0.08735423913865299,0,0,0,0.017218320577372034,0,0.0017827357173894325,0,0.018126979460116786,0,0.0017772148080766018,0,0.005020951152606112,0,0.017325800791931217,0,0.024542062918724208,0
Bifidobacterium_bifidum,0,0,0,0,0,0,0,0,0.0029299564461598322,0,0,0,0,0,0,0,0.02204696171356161,0,0,0,0.04482578740127933,0,0.005208326499616824,0,0.001836282474443215,0,0,0,0,0,0.07144091313707969,0,0.007037585298335991,0,0,0,0.004407300440730044,0,0,0,0.03855181113295217,0,0.015906246768943352,0,0.015960071208451276,0,0,0,0,0,0,0,0,0,0,0,0,0,0,0,0.05273796860517123,0,0,0,0,0,0,0,0,0,0,0,0,0,0,0,0.0021966858774405008,0,0,0,0.1098114219622844,0,0,0,0.004772660798211417,0,0.0039579007915801585,0,0,0,0.0025132488662475117,0,0,0,0,0,0.011376402275280455,0,0.09523712857113857,0,0.08587692576307773,0.1112941385455777,0.28708427061878794,0,0.14862457163578496,0,0,0,0,0,2.903855852959833e-4,0,0,0,0.013961939418618048,0,0,0,0,0,2.766178695143706e-4,0,0,0,0.017996568779178206,0,0.06533526513890037,0
Blautia_wexlerae,0.06269400626940062,0,0.0075879656037604335,0,0.00430214271495196,0,0.03790101870036901,0,0.006553678456303447,0,0.0031793945789482317,0,0.004180261114261547,0,0.1205664,0,0.026268041571156166,0,0.00891559910844009,0,0.007344678957865537,0,0.043629877772272674,0,0.005031474650100217,0,0.042261610656446964,0,0,0,0.0539432615847855,0,0.15169200591961965,0.005324997870000852,0,0,0.12926161292616128,0,0.007775747193801579,0,0.03799966089357349,0,0.01338211348158546,0,0.13998511887325263,0,0.007515480018594424,0,0.0041771,0,0,0.17581874403105005,2.5371186475011586e-4,0,1.434057442212342e-4,0,0.004481578405828352,0,0.059404734642611784,0,0,0,0.06756921990734857,0,0.002132715995811421,0.11424078473038204,2.377061090470025e-4,0,0.11419504046534926,0,1.702421292385086e-4,0,0,0,4.3986076352814824e-4,0,0.04674717761175096,0,9.368137163940599e-5,0,0.0039622007924401586,0,0,0,9.06311727962241e-4,0,0.021652504330500866,0,0.11958220072344342,0,0.13661139879582493,0,0,0,0,0,8.090001618000324e-4,0,0.017719305315791595,0,9.456002836800851e-4,0.03667162304381303,0.005468122258599462,0,0.037018232846019426,0,0.005410400541040054,0,2.4087448948017945e-4,0,0.004888983940938264,0.06680802034020131,0,0,0.014844401495821268,0,0.0012813350393771738,0,0.018713604685001457,0,0.0011178722145450597,0,0.003804041999778034,0,0.029558696408725035,0,0.04724680344275542,0
Bifidobacterium_longum,0.04605710460571046,0,0.05714561060057177,0,0.01067942598725608,0,0,0,0,0,0,0,0.0016674443568240143,0,0.0022672,0,0.017635369224979616,0,8.297999170200083e-4,0,0.007685409939397918,0,0.013870131563635417,0,0.005774987041872296,0,0,0,0,0,0.045522918480058815,0,0.0012640833577947784,0.005265597893760843,3.91e-5,0,0.2125662212566221,0,0.0047388104862503685,0,0.0026015194853919684,0,0.009368396229538339,0,0.0036815723442043115,0,0,0,0,0,0.011640514029112415,0.039359969409780905,0.010893966290618217,0,0.0030654980700811456,0,0.09512108235998797,0,0.11870846837621539,0,0,0,0.06254091197354257,0,0,0.6339412307355959,0,0,0,0,0.007544137745256356,0,0.034809691671986984,0,0,0,0.01667433065514577,0,0.041566304492081825,0.2004373,0.2906461581292316,0,0,0,0.0014458116137717712,0,0,3.1918927924259087e-5,0,0,0.05003463618602282,0,0.09642858329270645,0,2.8261018364751335e-5,0,0.03100710620142124,0,0.03358391007517302,0,0.22087496626248987,0.009293657244215632,0.46260032234384163,0,0.09092027962847485,0,0.17225381722538172,0,0,0,0.018456741808955436,0,0.38205012358997525,0,0.03318341687995002,0,0.09232110067861297,0.03241435943393257,0.03242449425325289,0,0.04792939623899704,0,0.011638695269235645,0,0.09668861931651429,0,0.04270434064512585,0
Bifidobacterium_pseudocatenulatum,0.01799460179946018,0,0.036263352946138215,0,0,0,0,0,0,0,0,0,0,0,0,0,0,0,0,0,3.0020350795804476e-6,0,0,0,0,0,0,0,0,0,0.04447929954070393,0,0,0,0,0,0,0,0,0,0,0,0,0,0.006118063913518725,0,0,0,0,0,0,0.0711994040097557,0.011741043018501311,0,0.0019027298465107891,0,0,0,0,0,0,0,0,0,0,0,0,0,0,0,5.658592806589896e-4,0,0.03830333824933999,0,0,0,0,0,3.0646619653831316e-4,0,0.3134411626882325,0,0,0,0,0,0,0,0,0,0.0025675585659598803,0,0,0,0.02707605992097538,0,0.07556231511246302,0,0.03372411011723304,0,0.3509547052864116,0.0019893189505709903,0,0,0,0,0,0,0,0,0,0,0,0,0.0036249412050632264,0,0,0,0.005615541468283136,0,0.02247005156533112,0,0.05214996123603945,0,0,0,0.013092196928647264,0
Anaerobutyricum_soehngenii,0.05262260526226053,0,0.0019038786230043837,0,0.001939248530146436,0,0.0809945211592639,0,0.002733055352566747,0,0.001906016648218871,0,0.002710517497826805,0,0.0041035,0,0,0,0,0,0.0016016857827921547,0,0.015745286552325845,0,0,0,0,0,0,0,0.030940220120000923,0,0,0,0,0,0.12232811223281122,0,0.0014048694843404811,0,0.039041431109286866,0,0.010318906246259614,0,0,0,0.002169282874486833,0,0.0069014,0,0,0,0,0,0,0,7.426948504381297e-4,0,0.002469322223900015,0,0,0,0,0,0.04040201049392186,0,0,0,0,0,0,0,0,0,6.016774225481845e-4,0,0.020714196540209683,0,0.0012191589614739362,0,0,0,0,0,0.002782541278853127,0,0.013635302727060546,0,0,0,0.0011857117681217865,0,0,0,0,0,0.001571700314340063,0,0.0030525009157502747,0,0,0.03430802527012189,5.942545656125158e-4,0,0.017701418234767206,0,0,0,0,0,0.0050750169509675485,0.03663969660987307,0,0,0.0025519930420027327,0,3.5362364112206425e-4,0,0,0,0,0,0,0,0.04511786752713142,0,0.00668676293784973,0
Streptococcus_mutans,0,0,0,0,0,0,0,0,0,0,0,0,0.0039665224056468175,0,0.0079813,0,0,0,0,0,0,0,0,0,0,0,0.017684766006114766,0,0,0,0.028091065159470203,0,0,0,0,0,0,0,2.4808948497326007e-5,0,0,0,0,0,0,0,0.0013766795190092787,0,0.005625,0,0,0.005141520819261539,0,0,0,0,8.284638027402477e-4,0,8.638077742699684e-4,0,0,0,0,0,0,0,0,0,0,0,0,0,0,0,0,0,1.940560110635064e-4,0.001643349795157925,0,0,0,0,0,0,1.191988236378279e-5,0,0,0,0,0,0,0,0,0,0,0,0,0,1.8070005421001625e-4,0,0,0,0,0,0,0,0,0,0,0,0,0,0,0,0,0,0,0,0,0,0,0,0,0,0,0,0,0
Anaerobutyricum_hallii,0.02886840288684029,0,3.1856532602756853e-4,0,0,0,0.014888721310207475,0,0,0,0,0,0.010688952785230221,0,0.0530113,0,0.01232141690994113,0,0.0011186998881300113,0,7.865331908500772e-4,0,0,0,0,0,2.940505183004061e-4,0,0,0,0.021235336884403898,0,0.08643638156489354,0.006933897226441109,0,0,0,0,5.811521295770376e-4,0,0.003328333584523279,0,0,0,0.06259447172000047,0,0,0,0,0,0.004242647913506832,0.03630692848796265,0,0,1.6964338736785665e-4,0,0.0031522600771739795,0,0.03541641874776873,0,0,0,0,0,0,0.002379575163596423,0,0,0,0,0,0,6.198634412520287e-4,0,1.836594030858988e-4,0,0.0016795049791110625,0,3.252825404146041e-4,0,0.002644300528860106,0,0,0,3.806348990115513e-5,0,0.0015412003082400617,0,0.09300266625486307,0,0.04751048537268756,0,0,0,0,0,0,0,0,0,9.060002718000816e-5,0.00258504441035282,0.01533708917689491,0,0,0,0.005836200583620058,0,0,0,5.568844511322761e-4,0,0,0,0,0,0.01240606246283047,0,0.0014495623311802407,0,0.0010359669234632557,0,0.0020096013731859073,0,0,0,0.05900647460496306,0
Ruminococcus_sp_AF41_9,1.7130001713000173e-4,0,3.556311029553045e-5,0,0,0,0.005876712220854379,0,0,0,0,0,0,0,0,0,0,0,0,0,0,0,0.010792713470080333,0,0,0,0,0,0,0,0.020351891383899527,0,0,0,0,0,0,0,0.001078636833654996,0,0.018690536124855297,0,0,0,0,0,0,0,0,0,0,0,0,0,7.110201005382423e-5,0,0,0,0,0,0,0,5.018001768658011e-4,0,0,0,0,0,0,0,0,0,0,0,0,0,3.143727499084798e-4,0,0,0,0,0,0,0,0,0,0,0,0,0,0,0,0,0,0,0,0,0,0,0,0,0,0,0,0,0,0,0,0,0,0,2.9815539859374705e-5,0,0,2.7026402092203875e-5,0,0,0,0,0,0,0,0,0,0,0,0,0
GGB3606_SGB4870,0,0,0,0,0,0,0,0,0,0,0,0,0,0,0,0,0,0,0,0,0,0,0,0,0,0,0,0,0,0,0.011562284941733988,0,0,0,0,0,0,0,0,0,0,0,0,0,0,0,0,0,0,0,0,0,0,0,0,0,0,0,0,0,0,0,0,0,0,0,0,0,0,0,0,0,0,0,0,0,0,0,0,0,0,0,0,0,0,0,0,0,0,0,0,0,0,0,0,0,0,0,0,0,0,0,0,0,0,0,0,0,0,0,0,0.0042027904944056844,0,0,0,0,0,0,0,0,0,0,0,0,0,0,0,0
Veillonella_parvula,0,5.900863683726552e-5,0,0.0012252184157649428,0,0,0,0,8.020411144321182e-6,0,3.749229452842514e-4,0,0.04613538425660588,0,0.0036155,0.0027035,0,0,0,0,0.014433184255606876,0.0013394481791794476,0.0035061633646653136,7.200000720000072e-6,0.15632871316843058,0.2600546260054626,0,0.2469077,0,0,0.010091943621797052,0,1.023524949822741e-4,0.02682118927152429,8.048e-4,0,0,0,0.056630894573519615,0.0014766,0.0037588303954798636,0,0.011337666365992705,0.004631118872192352,0.0011592925020212554,0,0,0,0,0.013887094994328848,0,0,0,0,0,1.693672806188256e-4,2.038770177673297e-5,0,6.25505629550666e-4,0,0.0049318865285840376,0,0.0012408422718470189,0,0,5.233714073426891e-5,0,0.027455782096699258,0,0.016458298354170165,0,0,0,0,0.029174792150759823,0,0,3.023868836325436e-4,0,0,0,0,0,0.05279309472069053,5.879807518941595e-5,0.00929219814156037,5.0000010000002e-5,0.018623143524109795,0,0,0.004189548253318042,0,7.166368982336345e-4,0,0.0038139346663380908,0,0,0,0,0,7.070002121000636e-5,1.85639095593532e-4,0,0,0,3.1976055488015706e-4,0,0,0.2378108701943688,0.0054988,0.00120162344671799,1.4197399684715673e-4,0,0,9.575354163482305e-4,0,0,0,0,0,0,0.015425524301984092,0.002599842342213868,0.00451875772774893,0.004988761729418689,0.015523171929298432,0.005817531216304396,0
Lactobacillus_gasseri,0,0,0,0,0,0,0,0,0,0,0,0,0,0,0,0,0,0,0,0,0,0,0,0,4.954726940953609e-6,0,0.014937987043116874,0,0,0,0.007105903931937577,0,0,0,0,0,0,0,0.007930326026746457,0.0927548,6.961502201385927e-4,0,0,0,0,0,0,0,7.066e-4,0,0,0.0013707613422594004,0,0,0,0,0,0,0,0,0,0,5.010997578751609e-4,0,0,0.001868203986980859,0,0,0,0,0,0,0,0,0,0,0,0,0,0,0,0,0,0,0,0,0,0,0,0,0,0,0,0,0,0,0,0,0,0,0,0,0,0,0,0,0,0,0,0,0,0,0,0,0,0,0,0,0,0,0,0,0,0,0,0,0,0
Coprococcus_catus,0,0,0,0,0,0,0.008161327321371408,0,5.56416023137282e-4,0,7.754474573843919e-4,0,8.6736156459559e-4,0,0.0013863,0,0,0,0,0,0.0036780933795019645,0,2.688741530691268e-4,0,0,0,0.0016520402200111862,0,0,0,0.004733913273049136,0,0,0,0,0,0,0,2.742041676020243e-4,0,0.003723857540027385,0,3.2322026396491333e-4,0,3.1783508899382493e-4,0,0,0,0,0,0,0,9.81253200229203e-4,0,8.376017071692757e-4,0,0.013975920215993138,0,0.0014453130078170703,0,0,0,0,0,0,0,0,0,0,0,0,0,0,0,7.514705527246268e-5,0,0.0019363349408762943,0,0,0,3.674000734800147e-4,0,0,0,0,0,0,0,0,0,9.811752378974885e-5,0,4.842005169973005e-5,0,0,0,0.002053100410620082,0,0.004186101255830377,0,0,0.003711081553775225,2.9007544862418716e-6,0,0.0044251294198261485,0,0,0,0,0,0.0011089105864422423,0,0,0,0.002362608031786252,0,0.0017656152070180077,0,0.004273483759801672,0,0,0,0,0,5.618132947578259e-4,0,4.0977489847014004e-4,0
Blautia_stercoris,0,0,0,0,6.150796560294579e-4,0,4.713278298366374e-4,0,0,0,0,0,0,0,0,0,0,0,0,0,0,0,0.010887485553313031,0,0,0,0,0,0,0,0.0027022021864742227,0,0,0,0,0,0,0,0.001367404958876908,0,0.014941526187353494,0,0,0,0,0,0,0,0,0,0,0,0,0,0,0,0,0,0,0,0,0,0,0,0,0,0,0,0,0,0,0,0,0,0,0,0.0031822570233135815,0,0,0,0,0,0,0,0,0,5.4400010880002175e-5,0,0,0,0,0,0,0,0,0,0,0,0,0,0,0,0,0,0,0,0,0,0,0,0,0,0,0,0,0,4.407279921345772e-4,0,0,0,0,0,0,0,0,0,0,0
Dorea_formicigenerans,0.006896600689660069,0,0.016560488242435025,0,0.010549560214028437,0,0.0023737243993639376,0,0.0015040275998388299,0,0,0,0.007219607394572549,0,0.0075249,0,0.010722510902472834,0,0.0034401996559800343,0,0.0037784614189959372,0,0.0032366836391793646,0,0,0,0,0,0,0,0.0022631744178915865,0,0,0.01782129287148285,0,0,0.05190720519072052,0,0.0019536795838926645,0,0.01148262059522397,0,0.0028765890432099553,0,0.00368502479908805,0,0,0,0.0202466,0,0.005387188837064633,0.004083595559106303,0,0,3.796446762169685e-4,0,9.677630262098469e-4,0,0.007541667875010875,0,0,0,0,0,0.0034247664542043964,0,8.740224623772832e-5,0,0,0,0,0,0,0,6.10194088812397e-5,0,0.002461060785203536,0,0,0,1.278000255600051e-4,0,0,0,1.0046757992331209e-4,0,0.002177200435440087,0,0,0,0.004137739000185433,0,0,0,0,0,0,0,5.854001756200527e-4,0,6.530001959000588e-5,0.0030874502170157034,0,0,0.005598653249324183,0,0,0,0,0,0.030759212049999762,0.011562926597342534,0,0,1.0710463051354868e-5,0,3.826584247929019e-4,0,0.0038751666321651832,0,0,0,8.666474723265751e-5,0,0.00414168159489623,0,0.005737656414754401,0
Megasphaera_micronuciformis,0,0,0,0.006463814487005231,0,0,0,0,0,0,0,0,0,0,0,0,0,0,0,0,0,0,0,0,0,0,0,0,0,0,0.0021646296164654633,0,0,0,0,0,0,0,9.483647437722759e-4,0,0,0,0,0,0,0,0,0,0,0,0,0,0,0,0,0,0,0,0,0,0.009695171869596035,0.0011930589154475375,2.4034377364539467e-4,0,0,0,0,0,0,0,0,0,0,0,7.52472513461593e-5,0,0,5.007745312750387e-5,0,0,0,0,0,0,0,0,0,0.0018980255291387792,0,0,0,0,0,0,0,0,0,0,0,0,4.5090013527004057e-4,0,0,0,0,0,0,0,0,0,0,0,0,0,0,0,0,0,0,0,0,0,0,0.004857577639908603,0.0032613236702114866,0,2.972837114578838e-4,0
Blautia_faecis,0.03290310329031033,0,0.0011680728621010846,0,0.002164128241095155,0,0.057040181950752944,0,0.0069343472202407904,0,0.0024628507264644597,0,5.902779248765429e-4,0,0.0116263,0,0.013356085508469211,0,0.0013748998625100137,0,0.0017249693567269252,0,0.0013291305261889379,0,0,0,2.6836749793708164e-4,0,0,0,0.00201238857649136,0,0.0012137083040021327,0.011433595426561829,0,0,0.003098900309890031,0,8.29141173463264e-4,0,0.008750028058451365,0,0.02870609519259517,0,0.043386058945331527,0,5.823759418228137e-4,0,3.805e-4,0,0.010462633050490139,0.008246768669882006,2.4669216888746447e-4,0,0.0011752861830868746,0,0.012242262540771638,0,0.010606195455759101,0,0,0,0.007089340843692697,0,0.014843932083374678,0,0,0,0.012583880413860035,0,0,0,4.567521672890338e-5,0,0,0,0.00657708032520528,0,0.0010933496835351187,0,0.005529401105880221,0,0,0,5.124547745639727e-4,0,0.0023866004773200953,0,0.042263510154832415,0,0.015355842553480051,0,0,0,0,0,5.058001011600202e-4,0,0.009960802988240897,0,0,0.013790004174879229,3.390881968399981e-5,0,0.02420873194586421,0,3.120000312000031e-5,0,0,0,0.004287564928101481,0.007402458161193614,0,0,0.0035213399970431113,0,7.905470753963248e-4,0,0.0033860455999607983,0,3.0501970427289604e-5,0,3.542646711358056e-5,0,0.028135870410671986,0,0.004911542948913047,0
Blautia_caecimuris,0,0,0,0,8.848549591148799e-5,0,0,0,0,0,0,0,0.001987800250434387,0,0.0122052,0,0,0,1.089999891000011e-5,0,0.02216992899486562,0,0,0,0,0,0.007313942318544695,0,0,0,0.001906928350403754,0,0.031436837744555614,0,0,0,0,0,3.6681084984710357e-4,0,0,0,0,0,0,0,0,0,0.0010815,0,0.0034813665353276664,9.136719403774571e-4,0.001765252946717901,0,5.30761483500378e-5,0,0,0,0,0,0,0,0.0054853813551266365,0,0.0013453257180145524,0,0.007185284661815809,0,0.06464915266598989,0,0.009070339884495043,0,5.1359243699611354e-5,0,1.1532568082480606e-4,0,0.006200235422434987,0,0.005486865891713542,0,0.0013822002764400552,0,0,0,0,0,0,0,0.14375612479489,0,0.0020138596753380153,0,0,0,0.01666608374140607,0,0.004622000924400185,0,0.001176300352890106,0,0,8.737840189143834e-4,0,0,1.6680288401886283e-4,0,0.025344602534460255,0,0.001833928497803809,0,0,0,0.019193196161360768,0,1.4083758423604018e-4,0,3.085696664604196e-4,0,0,0,0,0,1.5781790575739135e-4,0,0,0,0,0
Limosilactobacillus_oris,0,0,0,0,0,0,0,0,0,0,0,0,0,0,0,0,0,0,0,0,0,0,0,0,0,0,0.06185153508716928,0,0,0,0.0015126474472777684,0,0,0,0,0,0,0,2.2458627060737227e-4,0,0,0,0,0,0,0,0,0,0,0,0,0,0,0,0,0,0,0,0,0,0,0,0,0,0,0,0,0,0,0,0,0,0,0,0,0,0,0,0,0,0,0,0,0,0,0,0,0,0,0,0,0,0,0,0,0,0,0,0,0,0,0,0,0,0,0,0,0,0,0,0,0,0,0,0,0,0,0,0,0,0,0,0,0,0,0,0,0
GGB3550_SGB4746,0,0,5.643014092809099e-4,0,0,0,8.47714868249702e-4,0,0,0,0,0,5.737356180276446e-4,0,0,0,2.820186978396668e-4,0,0.001799699820030018,0,0,0,3.242840292083725e-4,0,0,0,0,0,0,0,0.001108705289110006,0,0,0,0,0,0,0,0,0,2.154488229880487e-5,0,0,0,0,0,0,0,0,0,0,3.0655097611244093e-4,0.002857417341576997,0,1.438063189257628e-4,0,0,0,0,0,0,0,0,0,0,0,0,0,0,0,0,0,0,0,6.685082037038281e-4,0,0,0,0.0018649198693985597,0,0,0,0,0,0,0,0,0,0,0,0,0,0,0,0,0,0,0,0,0,0,0,0,0,0,0,0,0,0,0,0,0,0,0,0,0,0,0,0,0,0,0,0,0,0,0,0,0
GGB3653_SGB4964,0.0016801001680100168,0,0,0,0,0,0.0013944428740337242,0,0.0037678889004627877,0,0.013224709352212356,0,0,0,0.0026016,0,0,0,0,0,0,0,0.004305317097398551,0,0,0,0,0,0,0,0.0010003975352206138,0,0,0,0,0,0,0,8.157825088877807e-4,0,0.021795905229774665,0,0,0,0.0010570789134936166,0,0,0,0,0,0,0,0,0,0.021790562920622217,0,0.017688691443984588,0,0.0011375102375921382,0,0,0,0.0012455450850698889,0,0,0,0,0,0,0,0,0,0,0,0,0,4.4293862971105173e-4,0,0,0,0,0,0,0,0.04242887135742418,0,0.00574410114882023,0,0,0,0,0,0,0,0,0,0,0,0,0,0,0,0,0,0,0,0,0,0,0,0.0010456512658392483,0,0,0,8.550352839689092e-4,0,0,0,0,0,0,0,0,0,0,0,0,0
Phocaeicola_vulgatus,1.9290001929000194e-4,0,3.432090587957389e-4,0,0,0,0,0,0.0027772678689998178,0,0.0022433372922422853,0,0.013926201541379874,0,1.559e-4,0,0,0,0,0,0,0,0,0,0,0,0,0,0,0,5.59844305315592e-4,0,0,0,2.5e-6,0,0,0,0.00621870946260503,0,7.285176479642392e-4,0,0.010594860767243211,0,0.004241393134594686,0,0,0,0,0,0.001212933362798824,3.42031413162492e-4,0.006627595708037612,0,0.0016245307142156852,0,8.677327258668615e-5,0,0.0011455103095927863,0,0,0,0,0,0.008180411098390374,0,2.8800740179022602e-5,0,0,0,2.85969678351611e-4,0,0.003868284855011637,0,0.0188718302846841,0,0,0,0,0,0,0,0,0,0.003294695552181038,0,0.022402504480500896,0,0,0,0,0,0,0,0,0,0,0,0,0,0.0017391005217301566,1.2822700460717027e-4,0,0,0,0,0,0,0,0,0.011335361747665756,0,0,0,3.5724899654472457e-4,0,0,0,0,0,6.375411851605614e-4,0,8.922666123861137e-4,0,3.248593913131336e-4,0,0,0
Streptococcus_gordonii,0,0.0010465001104404844,0,8.921542476972598e-5,0,0,0,0,2.807143900512414e-5,0,1.170071608382433e-4,0,9.8810023104761e-4,0,1.64e-4,0,0,0,1.8249998175000183e-4,0,0,0.003846305321863918,0,0,0,0,0,0,0,0,4.280444470614581e-4,0,6.782104657729551e-4,0,0,0,0,0,6.860126244402292e-5,0,0,0,0,0,0,0,2.5803364758764544e-5,0,7.96e-5,0,0,6.63078682126811e-4,0,0,0,0,1.0796443059107362e-4,0,9.975089775807982e-4,0,9.4561525249235e-6,0,2.969776520314452e-4,1.1352332671734273e-4,0,0,0,0,0.0048408337514249476,0.022223497777650224,0,0,0,0,8.101854519108443e-4,0,4.668812583440815e-4,5.503461515426688e-4,0,0,0,0,0,0,2.003341573745007e-6,0.001423199715360057,0,0.003849983039942686,0,0,0,0,0,0,0.0018497938899878729,0,0,0,2.1040006312001894e-4,0,0,9.2819547796766e-5,2.4646410531379214e-4,0,0,9.427929046134337e-5,0,0,0,0,0,0,0,0,2.62956882578591e-4,0,0,0,0,0,0,0,1.8513831683650856e-5,0,0,0,0,0
Intestinibacter_bartlettii,0,0,0,0,0.0033018849921568304,0,5.963468461293161e-4,0,0.0012735410345788999,0,1.5040920504334865e-4,0,4.37160718799545e-4,0,0,0,0,0,0,0,0.001817031765834059,0,7.550478750413429e-4,0,0,0,0,0,0,0,2.5556562021036925e-4,0,0,0,0,0,0,0,3.645007048453283e-4,0,0.0035615193571247625,0,0,0,0,0,0.0021180761971361065,0,2.34e-5,0,1.144238747832141e-4,0.001929628912136347,1.5673978047605974e-4,0,0,0,0.01062600990681615,0,0.0015023135208216873,0,0,0,0.004895228325584365,0,0,0,0,0,0,0,0,0,0,0,0,0,0.0016671312676746649,0,0,0,0,0,0,0,1.202004944247004e-6,0,0,0,0,0,9.104626086218999e-4,0,4.560142083155449e-4,0,0,0,4.570000914000183e-5,0,0.005601901680570504,0,0,0.0033272007084692037,0,0,0.004859897584830323,0,0,0,9.212673660799883e-4,0,0.0013968670138270706,0.010822440656069944,0,0,0,0,0,0,0,0,0,0,5.0938055821504245e-5,0,1.1316453341330695e-4,0,0,0
Oscillospiraceae_bacterium_CLA_AA_H250,0,0,0,0,3.461078534744468e-4,0,0.01906171693669035,0,0,0,0,0,0,0,0,0,0,0,0,0,0,0,1.4675038234328468e-4,0,0,0,0,0,0,0,1.9007248076927184e-4,0,0,0,0.0042785,0,0,0,8.326566115094437e-5,0,1.6885175196970328e-4,0,0.016136565400151882,0,0.0337937792203227,0,0,0,0,0,0,0,0.003992702725306665,0,0.0013255016972850949,0,0.0012871368767025113,0,0,0,0,0,8.567124854087715e-4,0,0,0,0,0,0,0,0,0,0,0,0.005980102462508884,0,1.760487399487487e-4,0,3.3459062541723743e-4,0,0.0017830003566000714,0,0,0,4.830056534299211e-4,0,0.0012026002405200482,0,0,0,0,0,0,0,0,0,0,0,0,0,0,0.025493068840297766,0,0,7.698748588129158e-4,0,0,0,0,0,0,0,0,0,0,0,0.0017709215640337125,0,0,0,0,0,0,0,0,0,0,0
Lactobacillus_delbrueckii,0,0,0,0,0,0,0,0,0,0,0,0,0,0,0,0,0,0,0,0,0,0,0,0,0,0,0,0,0,0,1.0098553954194058e-4,0,0,0,0,0,0,0,0,0,0,0,0,0,0,0,0,0,4.4e-6,0,0,0,0,0,0,0,0,0,0,0,0,0,0,0,0,0,0,0,0,0,0,0,0,0,0,0,0,0,6.519662979263789e-4,0,0,0,0,0,0,0,0,0,0,0,0,0,0,0,0,0,0,0,0,0,0,0,0,0,0,0,0,0,0,0,0,0,0,0,0,0,0,0,0,0,0,0,0,0,0,0,0,0
Tyzzerella_nexilis,0,0,0,0,0,0,0,0,0,0,0,0,0.011808988000170264,0,0.0026275,0,0,0,0,0,0,0,0,0,0,0,0,0,0,0,9.549387878135166e-5,0,0,0,0,0,0,0,0,0,0,0,1.3884312000761958e-4,0,0,0,0,0,1.45e-5,0,0,0,0,0,0,0,0,0,0,0,0,0,0,0,0,0,0.01807326448289721,0,0,0,0,0,0,0,0,0,0,0,0.019093384513788676,0,0,0,0,0,0,0,0,0,0,0,0,0,0,0,0,0,0,0,0,0,0,0,0,0,0,0,0.002811100281110028,0,0.012329431440135234,0,8.330999486131887e-4,0.0018786791675821438,0,0,0,0,0,0,0,0,0,0,0.005156952759406553,0,0.0012671621181674282,0,0,0
Alloscardovia_omnicolens,0,0,0,0,0,0,0,0,0,0,0,0,0,0,0,0,0,0,0,0,0,0.0014620311566242803,0,0,0,0,0,0,0,0,8.054435782197074e-5,0,0,0,0,0,0,0,0,0,0,0,0,0,0,0,0,0,0,0,0,0,0,0,0,0,0,0,0,0,0,0,0,0,0,0,0,0,0,0,0,0,0,0,0,0,0,1.4183553390860693e-4,0,0,0,0,0,0,0,0,0,0,0,0,0,0,0,0,0,0,0,0,0,0,0,0,0,0,0,0,0,0,0,0,0,0,0,0,0,0,0,0,0,0,4.810310746074196e-5,0.001080226077816512,2.4118018571674897e-5,0,0,0,0,0
Dialister_pneumosintes,0,1.9970610086081359e-4,0,0.0033479581819658463,0,0,0,0,0,0,0,0,0,0,0,0,0,0,0,0,1.3268995051745578e-4,4.117659916141962e-4,0,0,0,0,0,0,0,0,4.027217891098537e-5,0,0,0,0,0,0,0,7.490896270973982e-4,0,6.64183627332459e-4,0,0,0,0,0,0,0,0,0,0,0,0,0,0,0,0,0,0,0,0,0,0,0,0,0,0,0,0,0,0,0,0,0,0,0,0,0,0,0,0,0,0,0,1.197998261099514e-4,0,0,0,0,0,0.0017662154460786697,0,0,0,0,0,0,0,0,0,0,0,0,0,0,0,0,0,0,0,0,0,0,0,0,0,7.318767883924942e-5,0,0,0,0,0,0,0,0,0,1.1410685935713609e-5,0
Limosilactobacillus_portuensis,0,0,0,0,0,0,0,0,0,0,0,0,0,0,0,0,0,0,0,0,0,0,0,0,2.455117757680686e-4,0,9.601035346758396e-5,0,0,0,3.610258462979749e-5,0,0,0,0,0,0,0,0,0,0,0,0,0,0,0,0,0,0,0,0,0,0,0,0,0,0,0,0,0,0,0,0,0,2.480158978993194e-4,1.629611164288604e-4,0,0,0,0,0,0,0,0,0,0,0,0,0,0,0,0,0,0,0,0,0,0,0,0,0,0,0,0,6.534107792133996e-5,0,0,0,0,0,0,0,0,0,0,0,0,0,0,0,0,0,0,0,0,0,0,0,0,0,0,0,0,0,0,0,0,0
Veillonella_rogosae,0,0.0010123794700924056,0,0.0077653875341849,4.5196904835606805e-4,0.0018195003639000728,6.036106351283179e-5,0.008431976455040709,0,0,0,0,0,0,0,0,0,0,0,0,4.102781275426611e-6,0.0010466390457101549,2.2446550916882058e-4,0,1.9212206505738484e-6,0.019735801973580196,0,0,0,0,2.8271883174883667e-5,0,0,0,0,0,0,0.0049652,0.006082611789674355,0.0097449,2.8509390762837143e-4,0.01342564761930874,4.328278920853819e-4,0,0,0,0,0,0,0,0,0,0,0,0,0.0011109965288343478,5.997800739440853e-4,0,0.0012370111331001978,0,0,0,9.340587539466109e-4,0.007666546629706449,0,0,0,0,0,0.01594059840594016,0,0,0,0,0.001910338341099698,0,0,0.0031326229011982977,0,0,0,0,0,0,0,0,0,0,0,0,8.467512297696369e-4,0,0,0,0,0,0,0,0,0.019135598086440192,0,3.870815193679789e-5,0,0,0,0.00902107142141811,0,0.09280787215763835,0.005534409125970853,0.0346203,0.003676732928358971,0,0,0,0,0,0,0,0,0,0,0.002808207476269406,2.2666934466740102e-4,0.016041795374686783,0,0,0.00476239619557633,0
Porphyromonas_bobii,0,0,0,3.3093758019008457e-4,0,0.013161502632300526,0,0.017274856033686246,0,0,0,0,0,0,0,0,0,0,0,0.016517401651740166,0,0.01015162315676046,0,8.770000877000088e-5,0,0,0,0,0,0,0,0,0,0,0,0,0,0.1225153,3.615879133213507e-5,0.0371436,0,0.003275693513187687,0,0,0,0,0,0,0,0,0,0,0,0,0,0.006573624729045371,0,0,0,0,0,0.24185541514129683,0,0.04757609604032084,0,0,0,0,0,0.11319628868037113,0,0,0,0,0,0,0,0.02637442881353463,0,0,0,0,0.023776202377620237,0,0,5.966998806600239e-4,0,0.015862706585004906,0,0,0,0.0032678357429025574,0,4.708000941600188e-4,0,0.19782201978220199,0,0.042525504252550424,0,0.18832018116798188,0,0,0,0,0,0.027347367190119046,0,0.2936817118954864,0,0.1733712,0,0,0,0,0,0,0,0,0,0,0,0.16817047254611378,0,0.09523178400483451,0,0.1528355200213632,0,0
Prevotella_histicola,0,0,0,0.010108482310940768,0,0,0,0,0,0,0,0,0,0,0,0,0,0,0,0,0,2.3499267574264183e-4,0,0,0,0,0,0,0,0,0,0,0,0,0,0,0,0,0,0,0,0,0,0,0,0,0,0,0,0.010690199806449476,0,0,0,0,0,0.0014664950980516668,0,0,0,0,0,0,0,0,0,0,0,0,0,0.03857889614211039,0,0,0,0,0,0,0,0.002616572217555071,0,0,0,0,0,0,0,0.019640396071920786,0,0.03304039295302114,0,0.07577080757708075,0,0,0,0.03293750658750132,0,0,0,0,0,0,0,0,0,0,0,2.3003337608271975e-4,0,0,0,0,0,0,0,0,0,0,0,0,0,0,0,0,0,2.5980407443586907e-4,0,0.016858477034036853,0,0
Rothia_SGB49305,0,0.007153091184501041,0,0,1.2253383088764512e-4,0.00550400110080022,0,9.501946957744577e-4,0,0,0.002724866761845825,0,0.0027002289899085877,0.005387099461290054,2.199e-4,0.0323892,0,0,0,0,5.108463027086061e-4,0.01967572622356093,0,0,0.002154396167427706,0.043673104367310436,0.005543419102248016,0,0,0,0,0,0.0019531099384973672,0,0,0,0,0.0039939,9.236562363619836e-4,0,0,0,1.5381739634006277e-5,0,0,0,1.8732442710529454e-4,0,0,0.0010543931396714244,0,8.353108608354872e-5,0,0.014488798551120145,0,0.003695803359202399,0,0,0,0,0,0,0,0,6.842509804503876e-5,0,0.003803197742181974,0.03218715131197977,0,0.02904239709576029,0,0,0,0,7.163017308571143e-4,0,0,6.055830998408853e-4,0,0,0,0,0,0,0,0.08102838379432324,0,1.7240223452507337e-4,0,0.021465502146550214,0,0,2.669646093714846e-4,0.03214050642810128,0,0,0,0,0,0,0,0,0,0,0,0.0011841559808374307,0,0,0,0.0346787,0,0,0,0,0,0,0,0,0,0,0,0,0,0,2.8406402807202116e-4,0.039728090982283755,0,0
Streptococcus_oralis,0,0.0012434966310383624,0,3.4916547628378565e-4,4.439340430519602e-5,0,0,0,0,0,2.5191541722353406e-4,0,8.624190460858582e-5,0,0,0,1.1700775761432983e-5,0,0,0.01205350120535012,0,0.005307127772054889,0,1.706000170600017e-4,2.7544237116648224e-4,0.06318170631817063,0,0,0,0,0,0,2.0270200571831972e-4,0,0,0,0,0,0.003587554746670001,0.0216507,2.886012140491071e-5,0,6.566271104689037e-4,0.00697406034801321,0,0,0,0,0,0.1699615910361276,0,1.8693121691512604e-4,0,0,0,9.036308301282751e-4,0,0,0,0.0566626,0,0.004657820421680168,2.466475445611565e-4,0.03949143617450789,0,0,0,0.005584238801069954,0,0,0,1.3719998628000137e-4,0,0,6.985670258128131e-4,0,0,0.003015472010851531,0,0,0,0,0,0.07729419227058078,0,0.009102398179520363,0,0,0,0.0022546002254600224,0,0,3.120627032622934e-5,0.022683104536620907,3.6458718018072823e-4,0,0,0.007110100711010071,0,0,0,0,0,0,0,0.03711437797619589,0,0,0,0.012977,6.740913203455032e-5,0,0,0.01020554858425175,0,0,0,0,0,0,0,0,0,0.004890553582852004,2.0457822205186845e-4,0,0,0
Streptococcus_intermedius,0,0.001572259036274556,0,5.259760683926864e-4,3.3244834445746335e-5,0,0,1.2468300972166946e-4,0,0,0,0,0.0015998629812827832,0,0,0,0,0,0,0,1.5400439958247695e-4,0.04836185527976568,0,0,1.5875349586320747e-5,0,0,0,0,0,0,0,0.001593474117087048,0,0,0,0,0,0,0,0,0,0,0,0,0,0,0,0,0,0,0,0,0,0,0,0,0,0,0,0,0,0,0,0,0,0,0,0,0,0,0,0,0,2.328556752709377e-4,0,0,3.722929848670995e-4,0,0,0,0,0,0,0,0,0,0,0,0,0,0,0,0,3.7120146107460616e-4,0,0,0,0,0,0,5.101074286244683e-5,0,0,1.3608393657207766e-5,0.007699947458515595,0,5.706998287900514e-4,0,0,1.5000050101381918e-4,0,0,0,0,0,0,0.059792862869553785,2.500107504622699e-6,0,0,0,0,0.04688409999064452,0,0,0,0
Tannerella_serpentiformis,0,1.1882011227095642e-4,0,0,0,5.116001023200205e-4,0,0.001603854137102439,0,0,0,0,0,0,0,0,0,0,0,0,0,1.0193424254245757e-4,0,0,0,0,0,0,0,0,0,0,0,0,0,0,0,0,0,0,0,0,0,0,0,0,0,0,0,0,0,0,0,0,0,0,0,0,0,0,0,0,0,6.331665326202248e-4,0,0,0,0.005531833440273128,0,0.009395099060490094,0,0,0,0,0,0,0,6.393727348804534e-5,0,0,0,0,0,0,0,0,0,0.0018139756875827366,0,0,0,0,0,0,0,0,0,0,0,0,0,0,0,0,0,0.0016562605394029775,0,0.007566597730020681,0,4.183e-4,0,0,0,0,0,0,0,0,0,0,0,0,0,0.0024381126888057105,0,0,0,0
Prevotella_salivae,0,0.002099422929652372,0,0.0047746961156555955,0,0,0,0.0018098565073815347,0,0,0,0,0,2.2889997711000228e-4,0,0,0,0,0,0,0,1.679094686939494e-4,0,0,0,0,0,0,0,0,0,0,0,0,0,0,0,0,0,0,0,0,0,0,0,0,0,0,0,0,0,0,0,0,0,0,0,0,0,0,0,0.03412614560259426,0,0.010925741372976755,0,0,0,0,0,0,0,0,0,0,0,0,0,0.008454996252790174,0,0,0,0,0,0,0,0,0,0.001063030377013569,0,0.020320502032050203,0,0.022980865038097292,0,0,0,0,0,0,0,0,0,0,0,0,0,1.7510456200491993e-4,0,0.004158298752510374,0,0,0,0,0,0,0,0,0,0,0,0,0,7.145125516104957e-4,0,0.0024295789783315394,0,0,0,0
Gemella_morbillorum,0,0.002186831981838185,0,0.006362244599327552,0,0.00473940094788019,0,5.720396397832739e-4,0,0,0,0,0,0,0,0,0,0,0,0,3.742537065876958e-5,0.021267693321766014,0,0,0,0,0,0,0,0,0,0,4.8271920334105786e-4,0,0,0,0,0,0,0,0,0,0,0,0,0,0,0,0,0,0,0,0,0,0,0,0,0,0,0,0,0,0,0,0,0,0,0,0,0,0,0,0,0,7.344372201962019e-5,0,0,0.02625292776059295,0,0,0,0,0,0,0,0.022425295514940897,0,0.0052675236415194214,0,0,0,0,0,0.046159209231841844,0,0,0,0,0,0,0,1.930406543618086e-5,0,0,0,0.01475015684553633,0,0,0,0.0023773,1.8218684333662249e-6,0,0,0,0,0,0,0,0,0,0,0,1.2209121434623807e-5,0.01462951896843665,0,0,0,0
Prevotella_oris,0,0.007865510084004013,0,0.028326960658326798,0,0,0,0.002244494468981571,0,0,0,0,0,0,0,0,0,0,0,0,0,0.0013328002937962437,0,0,0,0,0,0,0,0,0,0,0,0,0,0,0,0,0,0.0061743,0,0.05611237718834823,0,0,0,0,0,0,0,0.003120759579255218,0,0,0,0,0,8.624828105418178e-4,0,0,0,0,0,0,0,0.0057378907676068945,0,0,0,0.0069835926962819655,0,0.012611698738830127,0,0,0,0,0,0,0,7.233409896195003e-5,0,0,0,0,0,0,0,0,0,0.021133332065915087,0,0,0,0,0,0,0,0,0,0,0,0,0,0,0,0,0,0.002821904599473857,0,0,0,0.005804,0,0,0,0,0,0,0,0,0,0,0,0,0,7.646626002658304e-4,0,0,0,0
Prevotella_melaninogenica,0,0.04359503897931918,0,0.0331981633571896,0,0,0,0.01191408749762902,0,0,0,0,0,0.10185248981475102,0,0.0586071,0,0,0,0.0036774003677400367,0,0.013682657550602747,0,0,0,0.10840671084067108,0,0,0,0,0,0,0,0,0,0,0,0.0058955,0,0,0,0,0,0.001027702514712465,0,0,0,0,0,0,0,0,0,0,0,0.006682031980647223,0,0,0,0,0,0.002271002497532671,0,0.007576493061791326,0,0,0,0.0065090274520604105,0,0.11274628872537112,0,0,0,0,0,0,0,0.020433320707745152,0,0,0,0,0,0,0,0,0,0.026783482605184875,0,0.1283714128371413,0,0.10776264996980726,0,0.0023871004774200953,0,0.1091131109113111,0,0,0,0.10920688907931109,0,0,0,0,0,0.018040220840133684,0,0.19137404258778723,0,0.0191711,0,0,0,0,0,0,0,0,0,0,0,0,0,0.04724420150176448,0,0.11609025276764386,0,0
Prevotella_nigrescens,0,0.005825697920136225,0,0.060057778379973455,0,0,0,0,0,0,0,0,0,0,0,0,0,0,0,0,0,0.0016432363960846373,0,0,0,0,0,0,0,0,0,0,0,0,0,0,0,0,0,0,0,0,0,0,0,0,0,0,0,0,0,0,0,0,0,0,0,0,0,0,0,0,0,0,0,0,0,0.006593419194303286,0,0,0,0,0,0,0,0,0,0,0,0,0,0,0,0,0,0,0,0.025022938602591336,0,0,0,0,0,0,0,0,0,0,0,0,0,0,0,0,0,1.0884604778584277e-4,0,0,0,0.0097482,0,0,0,0,0,0,0,0,0,0,0,0,0,0.0033953632242170267,0,0,0,0
GGB1144_SGB1468,0,4.015196530372438e-4,0,0.002450133033261657,0,0,0,3.810593188682348e-4,0,0,0,0,0,0,0,0,0,0,0,0,0,2.8394528629168764e-4,0,0,0,0,0,0,0,0,0,0,0,0,0,0,0,0,0,0,0,0,0,0,0,0,0,0,0,0,0,0,0,0,0,0,0,0,0,0,0,0,0,0.002920692583277063,0,0,0,0.030338781043260977,0,0,0,0,0,0,0,0,0,0.002588549077118064,0,0,0,0,0,0,0,0,0,0.008928594656631383,0,0,0,0.034974356381975553,0,0,0,0,0,0,0,0,0,0,0,0,0,0,0,0,0,0,0,0,0,0,0,0,0,0,0,0,0,0,0,0,0,0,0,0
Capnocytophaga_gingivalis,0,0,0,0,0,0,0,4.071976847616932e-4,0,0,0,0,0,0,0,0,0,0,0,0,0,5.071530743095591e-4,0,0,0,0,0,0,0,0,0,0,0,0,0,0,0,0,0,0,0,0.009765493122874875,0,0,0,0,0,0,0,0,0,0,0,0,0,0.003721203371292805,0,0,0,0,0,0,0,0.001741724919745315,0,0,0,0.009146696888097253,0,0,0,0,0,0,0,0,0,9.711990909576509e-5,0,0,0,0,0,0,0,0,0,0,0,0,0,0,0,0,0,0,0,0,0,0,0,0,0,0,0,3.2957288446679904e-4,0,0.0017151994854401544,0,0,0,0,0,0,0,0,0,0,0,0,0,0.004436403328573586,0,0,0,0.040729174937078186,0,0
Fusobacterium_nucleatum,0,0.006939435763027336,5.239297657623218e-5,0.026390145432281645,0,0.0025149005029801007,0,0,0,0,0,0,0,0,0,0,2.0311346642282383e-4,0,0,0,8.596827789558542e-4,0.006198951668765283,0,0.005208800520880052,0,0,0,0,0,0,0,0,0,0,0,0,0,0,0.009539090917765367,0.0219078,0,0.2328373670704155,0,0,0,0,0,0,0,4.541123883640379e-4,0,0,0,0,0,5.382770562198788e-4,0,0,0,0,0,0,0,0.011781612136698214,0,0,0,8.014700860443719e-4,0,0.021750797824920218,0,0,0,0,0.0028012818284100156,0,4.406248462717253e-5,2.883247301280526e-5,0,0,0,0,0.04468390446839045,0,7.712865058918276e-6,0,0,0.01353862840664514,0,0.0022369002236900222,0,0,0,0,0,0,0,0,0,0,0,0,0,0,0,0.005591207019720355,0,0,0,0.0344289,4.180175905445838e-5,0,0,0,0,0,0,0,0,0,2.760178307518666e-4,0,0,0.25315684074874145,0,0.020991804947947213,0,0
Peptostreptococcus_stomatis,0,0.004717981366718306,0,0.0066624985544265734,0,0,0,0,0,0,0,0,0,0,0,0,0,0,0,0,0,5.358598521006663e-5,0,0,0,0,0,0,0,0,0,0,9.213727532650897e-6,0,0,0,0,0,0,0,0,0,0,0,0,0,0,0,0,0,0,0,0,0,0,0,0,0,0,0,0,0,0,0,0,0,0,0,0,0,0,0,0,0,0,0,0,8.782270113128507e-4,0,0,0,0,0,0,0,0,0,2.3103700494393176e-4,0,0,0,0,0,0.02849710569942114,0,0,0,0,0,0,0,0,0,0,0,0,0,0,0,0,0,0,0,0,0,0,0,0,0,0,0,0,0,0.008652339585206887,0,0,0,0
Prevotella_denticola,0,0,0,0.0011152434426662794,0,0,0,0,0,0,0,0,0,0,0,0,0,0,0,0,0,0,0,0,0,0,0,0,0,0,0,0,0,0,0,0,0,0,0,0,0,0,0,0,0,0,0,0,0,0,0,0,0,0,0,0,0,0,0,0,0,0,0,2.3014838367286424e-4,0,0,0,0.006512950310162285,0,0,0,0,0,0,0,0,0,0,0,0,0,0,0,0,0,0,0,0,0,0,0,0,0,0,0,0,0,0,0,0,0,0,0,0,0,0.011417909949520116,0,0,0,0,0,0,0,0,0,0,0,0,0,0,0,0,0,0,0,0,0,0
Metamycoplasma_salivarium,0,0.006170316387651821,0,0.001461472202357191,0,0,0,0,0,0,0,0,0,0,0,0,0,0,0,0,0,0.002432924599180356,0,0,0,0,0,0,0,0,0,0,0,0,0,0,0,0,0,0,0,0,0,0,0,0,0,0,0,0.013811159479288463,0,0,0,0,0,0,0,0,0,0,0,0,0,0.004947466511911006,0,0,0,6.036172171626853e-4,0,0,0,0,0,0,0,0,0,0,0,0,0,0,0,0,0,0,0,0,0,0,0,0,0,0.03395940679188136,0,0,0,0,0,0,0,0,0,0,0,0,0,0,0,0,0,0,0,0,0,0,0,0,0,0,0,0.0025075497223769937,0,0,0,0,0,0
Alloprevotella_tannerae,0,0.011893150612621044,0,0.060618184918765354,0,0,0,3.383966986743142e-4,0,0,0,0,0,0,0,0,0,0,0,0,0,0.0013443837304487956,0,0,0,0,0,0,0,0,0,0,0,0,0,0,0,0,0,0,0,0,0,0,0,0,0,0,0,0,0,0,0,0,0,0,0,0,0,0,0,0,0,0.011080104147830117,0,0,0,0,0,0,0,0,0,0,0,0,0,0,0,0,0,0,0,0,0,0.012194397561120488,0,0.002847488560716505,0,0,0,0,0,0.007323301464660293,0,0,0,0,0,0,0,0,0,0,0,6.018903200053573e-4,0,0,0,0,0,0,0,0,0,0,0,0,0,0,0,0,0,0.011366059515993227,0,0,0,0
Streptococcus_anginosus,0,0.017785985910383342,0.0010227149098790715,0.017281260689901563,1.1952070389860467e-4,0,0,0.002941617706469556,2.887348011955626e-5,0,0.0012370757090333928,0,0.0028221780690568686,0,0,0,0,0,0,0,7.425033430162308e-5,0,0,0,3.687732480338329e-4,0.017609201760920176,0.0017583839762030764,0,0,0,0,0,3.2167926994429e-4,0,0,0,0,0,9.887420607598268e-4,0,0,0,0,0,0,0,1.594207884708166e-4,0,8.8e-5,4.5001046989677073e-4,9.770348463003317e-6,2.7198289315796267e-4,0,0,9.874166466629674e-5,0.0010307324906286654,0,0,0,0,0.011662554581616556,0,0.0016470852864183354,0,0,0,0,0,0,0,0,0,0,0,0,0,0,0,0,0,0,0,0,0,3.696165203559537e-5,0,0,0.006271318892103017,0,0,0,0,0,0,7.385946998163735e-5,0,0,0,0,0,0,0.0017720731986156284,0,0,5.143172308679994e-5,0,0,0,8.03582114884022e-5,0.0043796,2.2732869451891894e-4,0,0,0,0,0,0,0,0,0,0,0,0,0,0.007259269267840504,0,0,0
Corynebacterium_durum,0,0,0,0,0,0,0,0,0,0,0,0,0,0,0,0,0,0,0,0,4.4730322685748666e-5,0.0025456364740864923,8.679871307787126e-5,0,0,0,0,0,0,0,0,0,7.811638560290977e-5,0,0,0,0,0,0,0,0,0,0,0,0,0,0,0,0,0,0,0,0,0,0,5.931410823351552e-4,0,0,0,0,2.846905494205692e-5,0,0,0.0029096297454275586,0,0,4.30011051284018e-6,0.0010590711014007521,0,0,0,0,0,0,0,0,4.1346304067963266e-5,5.668363027745539e-4,0,0,0,0,0,0,0,0,7.26000145200029e-5,0,0,0,0,0,0,0,0,0,0,0,0,0,4.960001488000446e-5,2.0344284506317031e-4,0,0,0,2.56739097844302e-4,0,0,0,0,0,0,0,0,0,0,5.100109931698174e-4,0,0,0,0,0.005261510693117209,0,0,0,0,0,0
Eubacterium_rectale,0.01097270109727011,0,3.162612371915201e-4,0,0.02487085235537141,0,6.735885460482788e-4,0,0,0,0,0,0.04331784610288467,0,0.0469607,0,0,0,0,0,0.006587365575123376,0,0.01021408902580657,0,0,0,0,0,0,0,0,0,0.04148641060315764,0.0036724985310005874,0,0,0,0,0.0035895635684106753,0,0.006448433376409737,0,0,0,0.009568321780512586,0,0,0,0,0,0.06731266464799852,0.023312978713461104,0,0,0,0,0.0012712686162063348,0,0.04375139376254386,0,2.9072639145775444e-4,0,0,0,0.19837228530697434,0.0010529950357364853,0,0,0,0,0,0,0,0,0.0542342309665785,0,0.007097882797613664,0,0.001107562028377849,0,0.004910900982180197,0,0,0,0,0,1.6220003244000648e-4,0,0,0,0.002767794328066993,0,0,0,0.038462644696163485,0,0.14913462982692596,0,0.005498901649670495,0,6.059001817700546e-4,0.021744979492681157,5.4014049054158984e-5,0,0.007695046304560653,0,0,0,0,0,0.0517746668587051,0.055472012012661,0,0,0.20207790991019126,0,5.807957933604459e-4,0,0.1712425634302275,0,0,0,0.43533013514396607,0,0,0,0.0010676564814008848,0
Lacticaseibacillus_rhamnosus,0,0,0,0,0,0,0,0,0,0,0,0,0,0,0,0,4.0692697925872484e-4,0,0,0,0,0,0,0,0,0,6.970532245483526e-4,0,0,0,0,0,0.030046766677673066,0,0,0,0,0,0,0,0,0,1.758204146244691e-4,0,0,0,2.1272773969725653e-4,0,0,0,5.1772774329728915e-5,0,5.318923836500453e-4,0,2.4294855829658812e-4,0,0,0,0,0,0,0,8.309971024666956e-4,0,0,0,0,0,0,0,9.934225943457766e-5,0,2.815623360132844e-4,0,0,0,0,0,6.980062882619843e-4,0,0,0,0,0,0,0,0,0,0,0,0,0,0.003753409662528346,0,0,0,0,0,0,0,0,0,0,0,0,0,0,0,0,0,0,0,0,0,0.0013916595121774462,0,0,0,0,0,0,0,0,0,0,0,0,0
Blautia_SGB101324,0,0,0,0,0,0,0,0,0,0,0,0,0,0,0,0,0,0,0,0,0,0,0,0,0,0,0,0,0,0,0,0,0.020271202063955086,0,0,0,0,0,0,0,0,0,0,0,0,0,0,0,0,0,0,0,0,0,0,0,0,0,0,0,0,0,0,0,0,0,0,0,0,0,0,0,0,0,0,0,0,0,0,0,0,0,0,0,0,0,0,0,0,0,0,0,0,0,0,0,0,0,0,0,0,0,0,0,0,0,0,0,0,0,0,0,0,0,0,0,4.927903628547e-4,0,0,0,0,0,0,0,0,0,0,0
Coprococcus_comes,0,0,0,0,0.038672078778406005,0,0.01906048925404263,0,0.007923865445171418,0,0,0,0,0,0,0,0,0,0,0,5.005393156020466e-4,0,2.2880544482271412e-4,0,0,0,0.0014761717251013903,0,0,0,0,0,0.012300827002150504,0.021147491541003382,0,0,0,0,0.018770129021598348,0,0.006147506485510616,0,0.011951509829797485,0,0.007800351020503815,0,0,0,1.063e-4,0,0,0,2.7577376603273466e-5,0,0.010984659691259049,0,0.01732723657356852,0,0.0018937170434533911,0,0,0,0.04824175821976706,0,0,0,0,0,0,0,0,0,0.0012463244138093436,0,0.006353533229176175,0,0.024356192272989425,0,0.002939453209057387,0,0.0019385003877000775,0,0,0,0.005961243353914329,0,0,0,0,0,5.029898339843496e-4,0,0,0,0,0,0.03604360720872144,0,0.02056160616848185,0,1.6380004914001475e-4,0.004755301466488842,0.005064217202894473,0,0.015454332232120772,0,0.002093400209340021,0,0.029794182906097175,0,0,0.006627554281291409,0,0,0.0066513977504624264,0,0,0,0.022664874589607354,0,0,0,0.005196582366686151,0,0.011541780065080132,0,0.006338181629441913,0
Faecalibacterium_prausnitzii,0.005917600591760059,0,0.09960636144902744,0,0.08803161854937219,0,0.006550607687564588,0,0,0,0.007201940758774437,0,0,0,0,0,0.0013453891993039139,0,0,0,0.015116247304047413,0,0.14685009993458809,0,0,0,0,0,0,0,0,0,0.012165024670256215,0,0,0,0.00100400010040001,0,0.006194302278455839,0,0.04324017793868186,0,0.0013726419971406263,0,0.019203077162575893,0,0,0,0,0,0,0,0.02399693058784337,0,0.015050693229576473,0,0.0065049824831477565,0,0.013167318505866553,0,0,0,0.002960370893868712,0,0,1.1586777399552019e-4,0,0,0,0,0,0,0,0,0.008010275307749736,0,2.102524951387913e-4,0,0.0027020469980224824,0.0667701,0,0,0,0,0.02618026868817187,0,0.0034831006966201394,0,0,0,0.005448573115158367,0,0,0,0.04210270394809433,0,7.846001569200314e-4,0,6.852002055600617e-4,0,0.0094234028270208485,0.006505270009864077,0,0,2.116305337131943e-4,0,0.0011844001184400119,0,0,0,0.010273212451013248,0.002256376023183283,0,0,0.04815864618145466,0,0.022168157452628248,0,0.016658116299000856,0,0.02570246037894048,0,0.009944629632798664,0,0,0,0.0231469298489205,0
Latilactobacillus_sakei,0,0,0,0,0,0,0,0,6.887528070185815e-5,0,0,0,1.6512046531491813e-4,0,0,0,0,0,0,0,0,0,0,0,0,0,0,0,0,0,0,0,0.0065324326714371744,0,0,0,0,0,5.032098460388798e-5,0,1.5131521986602491e-5,0,0,0,0,0,1.2801669337681634e-5,0,8.3e-5,0,0,0,0,0,0,0,0,0,0,0,0,0,0,0,0,0,5.480140839619578e-5,0,2.4608967716505494e-4,0,0,0,0,0,0,0,0,0,0,0,0,0,0,0,2.994995652748785e-5,0,1.5200003040000607e-5,0,0,0,0,0,0.008188324002826281,0,0,0,0,0,0,0,0,0,0,0,9.984158228795522e-4,0,0,0,0,0,0,0,0,0,0,0,0,0,0,0,0,0,0,0,0.005979277158285208,0,0.02286691363564852,0
GGB51647_SGB4348,0.008047000804700081,0,0.03686582208787715,0,0,0,0,0,0.11317411680986944,0,0,0,0,0,0,0,0,0,0.020613597938640205,0,0.015529827670177613,0,0,0,0,0,0,0,0,0,0,0,0.006146758054825885,0.014895094041962383,0,0,0,0,0,0,0,0,0,0,0,0,0,0,0,0,0.005600927800348066,0,0,0,0,0,0.0737987601264359,0,0.015747741729675566,0,0,0,0,0,0,0,0,0,0,0,0,0,0,0,0,0,0,0,0,0,0,0,0,0,0.006018639090002124,0,0,0,0,0,0,0,0,0,0,0,0.014875402975080596,0,0,0,0,8.711834712390429e-5,0,0,0,0,0,0,0,0,0,0,0,0,0.07376656255495995,0,0.005155476260560151,0,0,0,0,0,0,0,0,0,0,0
Actinomyces_johnsonii,0,0,0,0,0,0,0,0,0,0,0,0,0,0,0,0,3.4302274240782164e-4,0,0,0,0,0,0,0,0,0,0,0,0,0,0,0,0.004059848768680457,0,0,0,0,0,0,0,0,0,0,0,0,0,1.078140589532875e-4,0,0,0,0,0,0,0,0,0,0,0,0,0,0,0,0,0,0,0,0,0,0,0,0,0,0,0,5.330431120660019e-5,0,0,0,0,0,0,0,0,0,0,0,0,0,5.290902627988335e-5,0,0,0,0,0,0,0,0,0,6.200001860000558e-6,0,0,7.981680942006386e-5,0,0,1.2537733273883332e-4,2.127353517598767e-4,0,0,0,0,0,0,0,0,0,0,7.51900777131003e-5,0,0,0,0,0,0,0,0,0,0,0
Ruminococcus_lactaris,0,0,0.003296249524406011,0,0,0,0.0023540814770004396,0,0,0,0,0,0,0,0,0,0,0,0,0,0,0,0,0,0,0,0,0,0,0,0,0,0.0038759748148766847,0,0,0,0,0,0,0,0,0,0,0,0,0,0,0,0,0,0,0,0,0,0,0,0.0011797750382821785,0,0,0,0,0,0,0,0,0,0,0,0,0,0,0,0,0,9.641868171825445e-4,0,0.025506142642334653,0,0,0,0,0,0,0,0,0,0,0,0,0,0,0,0,0,0,0,0,0,0,0,0,0,5.241363278588761e-5,0,5.651485836463931e-4,0,0,0,0,0,0,0,0,0,0,0,0,0,0,0,0,0,0,0,0,0,0,0
Limosilactobacillus_pontis,0,0,0,0,0,0,0,0,0,0,0,0,0,0,0,0,0,0,0,0,0,0,0,0,0,0,1.272112102370914e-4,0,0,0,0,0,0.0027216549937752257,0.003099998760000496,0,0,0,0,0,0,0,0,0,0,0,0,0,0,0,0,0,0,0,0,0,0,0,0,0,0,0,0,0,0,0,0,0,0,0,0,0,0,0,0,0,0,0,0,0,0,0,0,0,0,0,0,0,0,0,0,0,0,0,0,0,0,0,0,0,0,0,0,0,0,0,0,0,0,0,0,0,0,0,0,0,0,0,0,0,0,0,0,0,0,0,0,0,0
Lactobacillus_acidophilus,0,0,0,0,0,0,0,0,0,0,0,0,0,0,0,0,0,0,0,0,0,0,0,0,0,0,0,0,0,0,0,0,0.0020066897670839782,0,0,0,0,0,0,0,0,0,0,0,0,0,0,0,0,0,0,0,0,0,0,0,0,0,0,0,0,0,0,0,0,0,0,0,0,0,0,0,0,0,0,0,0,0,0,0,0,0,0,0,0,0,0,0,0,0,0,0,0,0,0,0,0,0,0,0,0.0012843003852901155,0,0,0,0,0,0,0,0,0,0,0,0,0,0,0,0,0,0,0,0,0,0,0,0,0,0,0
Lactococcus_cremoris,0,0,0,0,0,0,5.094882988032243e-5,0,0,0,0,0,0,0,0,0,0,0,0,0,0,0,0,0,0,0,0,0,0,0,0,0,8.894251545377458e-4,0,0,0,0,0,0,0,0,0,2.213544385741433e-4,0,0,0,0,0,0,0,0,0,0,0,0,0,0,0,1.1200100800907208e-4,0,0,0,3.480081784923741e-4,0,0,0,0,0,0,0,0,0,0,0,0,0,0,0,0,0,0,0,0,0,0,0,0,0,0,0,0,0,1.9237155675298155e-4,0,0,0,0,0,3.0270009081002723e-4,0,0,0,0,0,0,0,0,0,0,0,0,0,0,0,0,0,0,0,0,0,0,0,0,0,0,0,0,0
Mediterraneibacter_glycyrrhizinilyticus,0,0,0,0,0,0,0,0,0,0,0,0,0.0025501378155722417,0,9.033e-4,0,4.3482882915137273e-4,0,6.419999358000064e-5,0,0.0014870080427521817,0,0,0,0,0,0,0,0,0,0,0,6.588816677968505e-4,0,0,0,0,0,2.11930693641125e-4,0,0,0,0,0,0,0,0.0010270339252238493,0,0,0,0.004100020970995361,5.976933052774312e-4,1.2625424415825924e-4,0,7.110201005382422e-6,0,0,0,0,0,0,0,0.004285263444592556,0,0,0,1.1110285534338233e-4,0,0.0024210689682120957,0,0.004476790907009256,0,0,0,3.2914410209338655e-4,0,0.0013463201638480593,0,7.719705336054897e-4,0,5.0100010020002004e-5,0,0,0,0,0,9.320001864000373e-5,0,0,0,0,0,0,0,0.0018782553411069841,0,0,0,0,0,0,4.9110342638159594e-5,0,0,2.8267435354126425e-4,0,0,0,0.0011580388833671111,0,0,8.221284933707449e-4,0,0,0,0,6.607916283707882e-6,0,0,0,0,0,0.01729311968972019,0,0,0,0,0
Staphylococcus_xylosus,0,0,0,0,0,0,0,0,0,0,0,0,0,0,0,0,0,0,0,0,0,0,0,0,0,0,0,0,0,0,0,0,5.113618780621247e-4,0,0,0,0,0,4.791039851507897e-5,0,0,0,0,0,0,0,0,0,0,0,0,0,0,0,0,0,0,0,0,0,0,0,0,0,0,0,0,0,0,0,0,0,0,0,0,0,0,0,0,0,0,0,0,0,0,0,0,0,0,0,0,0,0,0,0,0,0,0,0,0,0,0,0,0,0,0,0,0,0,0,0,0,0,0,0,0,0,0,0,0,0,0,0,0,0,0,0,0
Phocaeicola_dorei,0,0,0,0,0,0,0.007347885260370517,0,0.009595720148205167,0,0.003928240408312989,0,0,0,0,0,0.05328703293028328,0,9.671999032800097e-4,0,0.025548419273425455,0,0.0060737904119921105,0,0,0,0,0,0,0,0,0,5.069553127204222e-4,0,0,0,0,0,0,0,0,0,0,0,0,0,0.0553721205245164,0,0.0016475,0,0,0,0,0,0,0,0,0,0,0,0,0,0,0,0,9.712119506970016e-4,0,0,0,0,0.06650284125045111,0,0.0012180057794374233,0,0,0,0,0,0.02616963094143573,0,0,0,0,0,3.401673992219021e-4,0,0.025827305165461032,0,1.7182931408098222e-4,0,0.003803579319266421,0,3.330011039973118e-4,0,0.006400218712221558,0,8.400001680000336e-6,0,2.0480006144001843e-4,0,0,0,0,0,0,0,0.0013909001390900138,0,0.0018185173339567181,0,0,0,0,0,0,0,0.0021840164517091475,0,4.970213719189925e-4,0,0,0,0,0,9.432048356237541e-5,0,2.3427249000757145e-5,0
Ligilactobacillus_saerimneri,0,0,0,0,0,0,0,0,0,0,0,0,0,0,0,0,0,0,0,0,0,0,0,0,0,0,0,0,0,0,0,0,3.6854910130603585e-4,0,0.0072579,0,0.004787700478770048,0,0,0,0,0,6.049811369957833e-4,0,0,0,8.367091068675355e-4,0,7.032e-4,0,0,0,0,0,0,0,0,0,0,0,0,0,0,0,0,0,0,0,0,0,0,0,0,0,0,0,0,0,0,0,0,0,0,0,0,0,0,0,0,0,0,0,0,0,0,0,0,0,0,0,0,0,0,0,0,0,0.0011502001150200114,0,0,0,0,0,0,0,0,0,0,0,0,0,0,0,0,0,0,0,0,0
Actinomyces_massiliensis,0,0,0,0,0,0,0,0,3.488878847779715e-5,0,6.80041618547055e-6,0,0,0,0,0,6.160408435079245e-5,0,0,0,4.282903380201438e-5,3.458914909988136e-4,0,0,0,0,0,0,0,0,0,0,3.5883462771182787e-4,0,0,0,0,0,3.79064662465216e-4,0,0,0,0,0,0,0,0,0,0,0,0,0,0,0,0,0,0,0,0,0,0,0,0,0,0,0,0,0,0,0,0,0,0,0,0,0,0,0,0,0,0,0,0,0,0,0,0,0,0,0,0,0,0,0,0,0,0,0,0,0,0,0,0.0014108669664979862,0,2.039257814219811e-4,3.400933203122708e-4,0,0,0,0,0,0,0,0,0,0,0,0,0,0,0,0,0,0,0,0,0,0
Candidatus_Nanosynsacchari_sp_TM7_ANC_38_39_G1_1,0,0.0038231173961776653,0,0.011208130775837991,0,0,0,5.046407116365402e-4,0,0,0,0,0,0,0,0,5.38035671765038e-5,0,0,0,0,9.09753042137823e-4,0,0,0,0,0,0,0,0,0,0,2.2453453400220988e-4,0,0,0,0,0,9.454519522482984e-4,0.0030526,0,0,0,0,0,0,0,0,0,0,0,0,0,0,0,0,0,0,0,0,0,0,0,0,0,0,0,0,0,0,0,0,0,0,0,0,0,0,0,0,0,0,0,0,0,0,0,0.0405907703268038,0,0,0,0,0,0,1.6285161291745007e-4,0,0,0,0,0,0,6.0712786112755346e-5,0,0,4.1425551280029524e-5,0.0020979165288388412,0,0,0,0,0,0,0,0,0,0,0,0,0,0,0,0,0,0,0,0,0,0
Lactobacillus_amylovorus,0,0,0,0,0,0,0,0,0,0,0,0,0,0,0,0,0,0,0,0,0,0,0,0,0,0,0,0,0,0,0,0,2.1121468876479066e-4,0,0.1060533,0,0,0,0,0,0,0,0,0,0,0,0,0,0,0,0,0,0,0,0,0,0,0,0,0,0,0,0,0,0,0,0,0,0,0,1.143878713406444e-5,0,0,0,0,0,0,0,0,0,0,0,0,0,0,0,0,0,0,0,0,0,0,0,0,0,0,0,0,0,0,0,0,0,0,0,0,0,0,0,0,0,0,0,0,0,0,0.006791315559324566,0,0,0,0,0,0,0,0,0,0
Bifidobacterium_animalis,0,0,0,0,0,0,0.043143837447451344,0,2.2096232702604858e-4,0,0.0012344755499036541,0,0,0,0,0,0,0,0,0,0,0,0,0,0,0,0,0,0,0,0,0,1.5893679993822797e-4,0,0,0,0,0,4.017643481348341e-6,0,0,0,2.536459052230174e-5,0,0.002044481010242701,0,3.0433968589504073e-4,0,0,0,0.0011900687328905586,0,0.01373453636212485,0,0.0035402792386236533,0,0,0,0,0,0,0,0,0,0,0,0,0,0,0,0,0,1.6666379081968743e-4,0,0,0,0.06525020197820436,0,0,0,0,0,0,0,0,0,0,0,0,0,0,0,0,0,0,0,0,0,0,0,0.07015162104548632,0,0,0,0,0,0,0,0,0,0,0,0,0,5.415290196993443e-5,0,1.254502894467572e-4,0,0,0,0,0,0,0,6.014058463063257e-6,0,0,0
Blautia_SGB59878,0,0,0,0,0,0,0,0,0,0,0,0,0,0,0,0,0,0,0,0,1.5510514577832312e-5,0,0,0,0,0,0,0,0,0,0,0,5.6083558894396764e-5,0,0,0,0,0,0,0,0,0,0,0,0,0,0,0,0,0,0,0,0,0,0,0,0,0,0,0,0,0,0,0,0,0,7.900203035218005e-6,0,0,0,0,0,0,0,0,0,0,0,5.004346775609294e-6,0,0,0,0,0,0,0,0,0,0,0,0,0,0,0,0,0,0,0,0,0,0,0,0,0,0,0,0,0,0,0,0,0,0,0,0,0,0,0,0,0,0,0,0,0,0,0,0,0
Lactococcus_lactis,0,0,0,0,2.012768828679023e-4,0,0.002561866765126815,0,0,0,0,0,0,0,0,0,0,0,0,0,4.402984783384657e-6,0,3.511310730208304e-4,0,0,0,0,0,0,0,0,0,4.707012978636871e-5,0,0,0,1.2390001239000125e-4,0,0,0,0,0,0,0,0,0,3.375440157396524e-4,0,6.826e-4,0,3.034851538044226e-4,0,0,0,0,0,0,0,0,0,5.382965123496346e-4,0,0.007249036373558663,0,0,0,0,0,0,0,1.1315124570452933e-4,0,0,0,0,0,1.3419943948093186e-4,0,0,0,0,0,0,0,1.202004944247004e-6,0,0,0,9.377599818529041e-4,0,3.1985712648278984e-4,0,0,0,0,0,5.9400011880002374e-5,0,0,0,0,0,0,0,0,0,0,0,0,0,5.692326705139804e-4,4.6724352732644256e-5,0,0,0,0,0,0,0,0,1.2560811428418277e-4,0,9.597170045741174e-5,0,0,0,0,0
Arachnia_propionica,0,0,0,0,0,0,0,0,0,0,0,0,0,0,0,0,0,0,0,0,0,2.618863938837843e-4,0,0,0,0,0,0,0,0,0,0,3.855744673989777e-5,0,0,0,0,0,0,0,0,0,0,0,0,0,0,0,0,0,0,0,0,0,0,0,0,0,0,0,0,0,0,0,0,0,0,0,0,0,0,0,0,0,0,0,0,0,0,0,0,0,0,0,0,0,0,0,0,0,0,0,0,0,0,0,0,0,0,0,0,1.6463467206193625e-4,3.680957417024168e-5,0,0,7.166035339357901e-4,0,0,0,0,0,0,0,0,0,0,0,0,0,0,0,9.317988311379346e-5,0,0,0,0,0,0
Leuconostoc_mesenteroides,0,0,0,0,0,0,1.1949444437794497e-4,0,0,0,0,0,0,0,0,0,0,0,0,0,0,0,0,0,4.348025682877657e-6,0,0,0,0,0,0,0,3.7555954616783546e-5,0,0,0,0,0,0,0,0,0,0,0,0,0,0,0,0,0,0,0,0,0,0,0,0,0,0,0,0,0,0.013343382011119051,0,0,0,1.0700274997067424e-5,0,0,0,0,0,0,0,0,0,0,0,0,0,0,0,0,0,0,0,1.871000374200075e-4,0,0,0,0,0,0,0,0,0,0,0,0,0,0,0,0,0,0,0,0,0,0,0,0,0,0,0,0,0,0,0,0,0,0,0,0,0,0,0,0,0
Bacteroides_uniformis,0.0013679001367900136,0,4.553079895582701e-4,0,0,0,0.0010957067630888617,0,0.012597258763828067,0,0.026430217529312794,0,1.401052695921938e-4,0,0,0,0.006557734777815769,0,6.373999362600063e-4,0,4.2358714972880114e-4,0,4.4782080224013346e-4,0,0,0,0,0,0,0,0,0,3.415088139819517e-5,0,0,0,1.7220001722000172e-4,0,0,0,0.0013063213285917222,0,0,0,0,0,0,0,0,0,0.0023507256951502205,2.5971679920637356e-4,0.01339167435991906,0,0.0010333825940076228,0,0,0,4.680042120379083e-5,0,0,0,0,0,7.18262869361338e-4,0,2.700069391783369e-6,0,0,0,0.0017126234538830355,0,0.00616899627188731,0,3.9787860864926575e-4,0,0,0,0.009468824621065857,0,4.540000908000182e-5,0,0,0,0,0,0.0033302006660401334,0,7.841337732217116e-5,0,9.652723976502204e-4,0,9.663877262316184e-5,0,0.001183956280004157,0,0,0,0,0,0,0,0,0,0,0,1.9770001977000197e-4,0,4.643363652629965e-5,0,0,0,0,0,6.125984474232879e-5,0,0.0015938093836416027,0,0,0,0,0,0,0,1.8543346927778374e-5,0,0,0
Paraprevotella_clara,0,0,0,0,0,0,2.844131467214786e-5,0,0,0,0,0,0,0,0,0,2.8901916197043864e-4,0,0,0,0,0,0,0,0,0,0,0,0,0,0,0,1.972939482535029e-5,0,0,0,0,0,0,0,0,0,0,0,0,0,0,0,0,0,0,0,4.308087632278647e-4,0,0.001143440494076852,0,0,0,0,0,0,0,0,0,0,0,0,0,0,0,0,0,0,0,0,0,0,0,0,0,0,0,0,0,0,0,0,0,0,0,0,0,0,0,0,0,0,0,0,0,0,0,0,0,0,0,0,0,0,0,0,0,0,0,0,0,0,0,0,0,0,0,0,0,0,0,0,0
Parabacteroides_merdae,0,0,0,0,0,0,0.0011964790470890979,0,0,0,0,0,7.494471944348452e-5,0,0,0,0,0,0,0,0.0017834089729427578,0,2.4333918282645072e-4,0,0.004885664114409297,0,0,0,0,0,0,0,1.5022381846713418e-5,0,1.94e-5,0,0,0,1.3177870618822558e-4,0,4.7268469676029103e-4,0,0,0,0,0,0,0,0,0,0,0,3.279200781552881e-4,0,2.480558857793276e-4,0,0,0,3.3220298982690845e-4,0,0,0,0,0,0,0,0,0,0,0,0.031114737630291392,0,0.0027241714261934174,0,1.4778920870250995e-4,0,0,0,0.00482419029168736,0,0,0,0,0,6.811361350733023e-6,0,0.005046001009200202,0,0,0,0,0,1.6166861336749784e-4,0,0,0,0,0,0,0,0,0,0,0,0,0,0,0,6.549744635013603e-4,0,7.387676497300042e-4,0,0,0,0,0,6.423695587313602e-4,0,7.910340144626218e-5,0,0,0,0,0,0,0,0,0
Pediococcus_pentosaceus,0,0,0,0,0,0,0,0,0,0,0,0,0,0,0,0,0,0,0,0,0,0,0,0,0,0,0,0,0,0,0,0,1.0916264141945084e-5,0,0,0,0,0,0,0,0,0,0,0,0,0,0,0,0,0,0,0,0,0,0,0,0,0,0,0,0,0,0,0,0,0,0,0,0,0,0,0,0,0,0,0,0,0,0,0,0,0,0,0,0,0,0,0,0,0,0,0,0,0,0,0,0,0,0,0,0,0,0,0,0,0,0,0,0,0,0,0,0,0,0,0,0,0,0,0,0,0,0,0,0,0,0.0011230942387345732,0
Parabacteroides_distasonis,0,0,0,0,0,0,0.0012980697861878132,0,3.085853187777575e-4,0,8.958548263153705e-4,0,7.520697552767437e-4,0,0,0,0,0,0,0,0.0014313703259439573,0,3.9170442494792834e-4,0,9.285562754852447e-4,0,0,0,0,0,0,0,8.913279895716627e-6,0,3.6e-5,0,0,0,1.1450283921842773e-5,0,4.218788580370628e-5,0,0.010235478135264573,0,0.01890323668691549,0,0.005404804786544166,0,6.536e-4,0,1.6579374814539648e-4,0,8.678349713626493e-4,0,5.660120574988936e-4,0,0,0,1.0700096300866708e-5,0,0,0,0,0,0,0,0.0015848407304067714,0,0,0,6.714877204104855e-4,0,0.0013280323015132708,0,2.1051195083659214e-4,0,0,0,0.004979625302537784,0,0,0,0,0,3.826382405852963e-5,0,0.0100279020055804,0,0,0,0.0011870120003432613,0,0,0,4.386470829167255e-4,0,5.647001129400226e-4,0,0,0,0.00600210180063054,1.1042325513753196e-4,0,0,0,0,4.286000428600043e-4,0,0.0024406680199136254,0,0,0,0.002173199565360087,0,0,0,0.0011565855895362645,0,2.6691147719351934e-4,0,3.210207379396709e-5,0,0,0,0,0,0,0
Gemmiger_formicilis,0.0495843049584305,0,0.007539780093754377,0,0,0,0.0011535101544189465,0,0,0,0,0,0,0,0,0,0,0,0,0,0,0,0.008729326388494286,0,0,0,0,0,0,0,0,0,3.7055208555226433e-6,0,0,0,0.006596400659640066,0,0,0,0,0,0.0073334226357069255,0,2.578879178307368e-4,0,0,0,0,0,0,0,1.6616622920590592e-4,0,0.002073775245344496,0,0.04509498509739346,0,0.05529419764777883,0,0,0,0.028253000945165398,0,0,0,0,0,0,0,0,0,0,0,0,0,0,0,0,0,0,0,0,0,0.007769659792533946,0,0.0011668002333600467,0,0,0,0.0013532416889656493,0,0,0,0,0,0,0,0,0,0.00931860279558084,0.09654993341597741,0,0,0.025625805997139036,0,0,0,0,0,0,0,0,0,0.07550676255634128,0,0.16674075542499914,0,0.00419928056906447,0,9.332602886146445e-4,0,7.185368188573684e-4,0,0,0,0,0
Anaerostipes_caccae,0,0,0,0,0,0,0,0,0,0,0,0,7.66594707631874e-6,0,0,0,3.4202267610342566e-5,0,2.3199997680000232e-5,0,0,0,0,0,4.701934750088629e-5,0,0,0,0,0,0,0,3.5052224308997978e-6,0,0,0,0,0,0,0,0,0,0,0,0,0,0,0,0,0,0,0,2.105908758795428e-6,0,0,0,0,0,0,0,0.005038922127376789,0,0,0,6.0800013805415674e-5,0,0.0018037463562813564,0,0.0016009372475336106,0,0,0,0,0,0,0,0,0,0,0,0,0,0,0,0,0,0,0,0,0,0,0,0,0,0,0,0,0,0,0,0,0,0,0,9.655955793533451e-5,0,0.0013185001318500131,0,0,0,0,5.154686622667735e-4,0,0,8.80860512634793e-6,0,0,0,1.2900554723853126e-5,0,0,0,0,0,0,0,0,0
Bifidobacterium_breve,0,0,0,0,0,0,0,0,0,0,0.007823778815263494,0,0.012548852760759711,0,1.552e-4,0,0,0,0,0,0,0,0,0,0,0,0,0,0,0,0,0,2.904327157031261e-6,0,0,0,0,0,0,0,0,0,0,0,0,0,0,0,0,0,0,0,0.005481379655036101,0,0.0032127092739954012,0,0,0,0,0,0,0,0,0,0,0.010910024891907165,0,6.03516631057509e-5,0.02103740693511409,0,3.7263652501600916e-4,0,0,0,0,0,0,0,3.723234001053315e-5,0,0,0,0,0,0,0,0,0,0,0,0,0,0,0,0,0,0,0,0,0,0.011112603333781,0,0,0,0,0,0,0,6.650817852452317e-4,0,0,0,0,0,0,0,0,0,0,0,0,0,0,0,0,0,0,0
Acidaminococcus_intestini,0,0,5.085023883383452e-4,0,0,0,0,0,0,0,0,0,0.07014331488059178,0,0,0,0,0,0,0,0,0,0.0014615490280007603,0,0.038074144151814454,0,0,0,0,0,0,0,0,0.27911828835268465,0,0,0,0,0,0,0,0,0,0,0,0,0,0,0,0,0,0,0.007122283703615604,0,1.2127399179602976e-4,0,0,0,0,0,0,0,0,0,0,0,1.1520296071609041e-4,0,3.260462498110186e-5,0,0,0,0,0,0,0,0,0,0,0,0,0,0,0,0.0031295200394257624,0,0.00575370115074023,0,0,0,0,0,0,0,0,0,0,0,0,0,7.305002191500657e-4,0,0,0,0,0,0,0,0,0,0,0,0,0,0,0,0,0,0,0,0,0,0,0,0,0,6.089065149765758e-4,0
Dialister_invisus,0,0,0,2.5711460101059504e-4,0,0,0,0,0.029534662763266235,0,0.15921764411982015,0,0,0,0,0,0.06702114350181416,0,2.3729997627000237e-4,0,0.0776789585660119,0,0.005316219318547341,0,0,0,0,0,0,0,0,0,0,0.2664135934345626,0,0,0,0,0.0036521383656326757,0,0.02099754207966035,0,0.03703250589421132,0,0.04514702017572786,0,0.01080950956004663,0,0.006751,1.3586354337923848e-4,0,0,0,0,0,0,0.04139657564947133,0,0.026933442400981607,0,0,0,8.174890219329203e-5,0,0.16768483279444388,4.141592234983476e-4,0,0.0019930130879622474,0,0,0,0,0,0,0.09258017013493706,0,4.5128836994862094e-4,0,1.0869441196623387e-4,0,0,0,0,0,0.09583284919245301,0,0.051146810229362044,4.083421468931076e-4,0,0,0.004665233210651422,0,0,0,0.19555071354561634,0,5.550001110000222e-5,0,0.0014505004351501305,0,1.576000472800142e-4,0.002167756529525118,0,0,5.197205636436554e-4,0.0028873538493971286,0,0,0,0,0.08839644909745144,8.563463277060004e-4,0,0,0.0942842062410769,0,0,0,0,0,0,0,0,0,0,0,0,0
Parasutterella_SGB9260,0,0,0,0,0,0,8.795323102030762e-4,0,0,0,0,0,0,0,0,0,0,0,0,0,0,0,0,0,0,0,0,0,0,0,0,0,0,0.01762099295160282,0,0,0.025803902580390257,0,0,0,0,0,0,0,0,0,0,0,0,0,0,0,0,0,0,0,0,0,0,0,0,0,0,0,0,0,0,0,0,0,0,0,0,0,0.0017247752126135635,0,0,0,0,0,0,0,0,0,8.051429784881182e-4,0,0.0010667002133400428,0,2.957504550276277e-4,0,0.004839064256876278,0,0,0,0,0,0,0,0,0,0,0,0,0,0,0,0,0,0,0,0,0,0,0,0.005548019860601822,0,0,0,0,0,0,0,0,0,7.152720198736566e-4,0,0.003530547012127035,0
Ruminococcus_bromii,9.516000951600095e-4,0,0,0,0.1749165414042819,0,0.0028880211218707263,0,0.17526062075375623,0,0,0,0,0,0,0,0,0,0.6864981313501869,0,0.017227578575516343,0,0.0067994680248175685,0,0,0,0,0,0,0,0,0,0,0.01718819312472275,0,0,0.006426600642660064,0,0,0,0.009034019669776077,0,0,0,0.01391893803324735,0,0,0,1.639e-4,0,0.1296293572984201,0.029311504146497306,0,0,0.4573456538095205,0,1.0133591671292399e-4,0,0.01731555584000256,0,0,0,0.023047186827160008,0,0.0025775794631599574,0,0,0,0,0,0,0,0.002102277975308993,0,0,0,0,0,0.006281255898873761,0,0.004823900964780193,0,0,0,0.007595970078090254,0,0,0,0,0,0.0027154849856184313,0,0,0,0,0,0.30394066078813214,0,0.057188117156435146,0,0,0.015130786543646092,0,0,0.16760367794855868,0,0,0,0,0,0.07291360386122747,0.06383687177757047,0,0,0.019674419940840206,0,0,0,0.00540493241209372,0,0,0,0.1751429492974201,0,0.005496749200932099,0,0,0
Mediterraneibacter_faecis,0,0,0,0,0.03854552744486631,0,0.013462972528656926,0,6.257925795356603e-4,0,1.626099517290458e-4,0,0,0,0,0,0,0,0,0,0.039029358001789416,0,0.008360431857913332,0,0.12857971437718171,0,0.023078099958114606,0,0,0,0,0,0,0.005745997701600919,0,0,0,0,0.08569322178346207,0,0.08155429390506302,0,0.0047601900205106835,0,0,0,0.05660528132868526,0,0.048106,0,0,0,0,0,4.0988806640887684e-4,0,0.00012594176368484308,0,9.26308336775031e-4,0,0,0,0.028189462936728752,0,0,0,0,0,0,0,0,0,2.4319515396100554e-4,0,1.1763019051982825e-4,0,0.039252531253932806,0,0,0,0,0,0,0,7.535569329641843e-4,0,0.0010668002133600427,0,0,0,0,0,0,0,0,0,0,0,0,0,0,0.05781147509665536,0,0,0.13431584601382132,0,0,0,0.012746833806409364,0,0.003834526977671079,0.005319172352630191,0,0,0.0014275946171815245,0,9.03081892106744e-5,0,0,0,0,0,0,0,0.010218085797359909,0,0.003603757165254401,0
Faecalicatena_fissicatena,0,0,0,0,7.723648848573696e-5,0,0.003063784354269108,0,0,0,0,0,0,0,0,0,0,0,0,0,4.22586471368941e-4,0,6.815717551335635e-4,0,0,0,0,0,0,0,0,0,0,0.0037801984879206048,0,0,0,0,0.03233248812158594,0,0.0015884089735737489,0,0,0,0,0,0,0,0,0,0,0,0,0,0.004406722324518987,0,0.021538954118933414,0,9.81208830879478e-4,0,0,0,0.0012285349095829126,0,0,0,0,0,0,0,0,0,0,0,0,0,0,0,0,0,0,0,0,0,3.5649463304792393e-4,0,0.0011331002266200454,0,0,0,0,0,0,0,0,0,0,0,0,0,0,1.5823332393802135e-4,0,0,0,0,0,0,0,0,0,1.488775950025153e-4,0,0,0,0,4.982969597577898e-4,0,0.00474210391046815,0,0,0,0,0,0,0,0,0
Blautia_obeum,0.04149980414998042,0,0.0032968505910588933,0,5.480877993064585e-4,0,0.0011969905815256473,0,1.0456611029408742e-4,0,1.0120619381906173e-4,0,2.4278861332498956e-4,0,0.0111043,0,0.0038925580766004785,0,3.181999681800032e-4,0,0.0016081901921312458,0,0.001940254023498834,0,0,0,2.4117961309934362e-4,0,0,0,0,0,0,0.0027515988993604404,0,0,0,0,4.4194078294831755e-6,0,0.0018394319045435452,0,0.005190776864437469,0,9.665827476016946e-4,0,1.2401617170879084e-4,0,0.0015919,0,0.0015619463259360044,0.006964404302215875,4.6029148585100075e-4,0,9.924238304695747e-5,0,3.2228637931791185e-4,0,0.017777960001640013,0,0,0,0.0059396531004847096,0,0,0,0,0,0,0,0,0,2.5557821271861937e-4,0,3.206274358291741e-6,0,0.002896856866036667,0,7.232281960110552e-4,0,0.008889701777940356,0,0,0,4.217034012733239e-5,0,5.381001076200215e-4,0,0,0,5.019896553524459e-4,0,1.7113115985351574e-4,0,0.03249546094973658,0,0.0019404003880800775,0,0.00288820086646026,0,0,0.005235502596846896,0,0,8.755400330924114e-5,0,0,0,0,0,0,0,0.30100103979979204,0,0.0017894481118604765,0,0.003045548567183486,0,0.001505764747884159,0,1.010065250215164e-5,0,1.1138321439947785e-4,0,0,0,0.008368475889826496,0
Eubacterium_sp_AF34_35BH,0,0,0,0,0,0,0,0,0,0,0,0,0,0,0,0,0,0,0,0,0,0,0,0,0,0,0,0,0,0,0,0,0,0.0017670992931602828,0,0,0,0,0,0,0,0,0,0,1.6979800837293543e-4,0,7.99304229271497e-4,0,0.0035129,0,0,0,0,0,0,0,0,0,0,0,0,0,0,0,0,0,0,0,0,0,0,0,0,0,0,0,0,0,0,0,0,0,0,0,0,0,0,0,0,0,0,0,0,0,0,0,0,0,0,0,0,0,0,0,0,0,0,0,0,0,0,0,0,0,0,0,0,0,0,0,0,0,0,0,0,0,0,0
Collinsella_aerofaciens,0.04471400447140045,0,0.009120585390834575,0,0.001873863674484258,0,0.05410407659184657,0,0.003912456811339177,0,0.020877577707755713,0,0,0,0,0,0,0,0.0018839998116000189,0,0,0,0,0,0,0,0,0,0,0,0,0,0,9.013996394401443e-4,0,0,0,0,0,0,0,0,0.0016672379641707333,0,0.003355263047768584,0,0,0,0,0,0.009946315460579263,0.03447573244547088,0.014762821524633818,0,0.012174366563708953,0,0.0025140145363309347,0,0.0018153163378470407,0,0,0,0.008157279684707391,0,0.005354113426940607,0,0,0,0,0,0,0,0.043738181537671394,0,0.0033929396435885386,0,0.05839164486764102,0,0.02250694953636729,0,0.1527151305430261,0,0,0,0.0017936918780525918,0,0,0,0,0,7.861404046762752e-5,0,0.001042994086613104,0,0.002325320599706827,0,0.005679201135840227,0,0.16289234886770465,0,0.03261410978423294,0.06455429513455534,0,0,0,0,6.710000671000067e-5,0,0,0,0.0027693412336296263,0,0,0,0.009771345627543547,0,0.20677201287141997,0,0,0,0.005028024810402752,0,0.004055429811612256,0,1.0454438294958294e-4,0,0,0
Eubacterium_ramulus,0,0,1.0548719758082693e-4,0,2.6445211207145046e-4,0,0.0028659228342117916,0,1.5399189397096672e-4,0,3.1361919349464187e-4,0,0.05669240205794367,0,0.0228435,0,0.037037555589935614,0,0.004794499520550048,0,0,0,5.399687383332689e-5,0,0,0,0.0012144256308517282,0,0,0,0,0,0,3.843998462400615e-4,0,0,0,0,0.01717462235406789,0,0.013579488791049515,0,0,0,0,0,0,0,0,0,0,0,0.03652558348213417,0,0.011958356654291912,0,0,0,0.002792925136326227,0,0,0,9.902923929094385e-4,0,0,0,7.15918399102857e-4,0,0.026323870668588434,0,0,0,0,0,0.016451994908837104,0,4.287541312351811e-4,0,0.003870862230933789,0,7.25000145000029e-4,0,0,0,0.001214826330318972,0,5.410001082000217e-4,0,0,0,0.0010558885817006918,0,0,0,0,0,0,0,0,0,0,0,0,0,0,0,0,0,0.08457296465559651,0,0,0.005469750834134751,0,0,0.0015271919137805723,0,0,0,0,0,0,0,0,0,0,0,0,0
Roseburia_lenta,0,0,4.9487821087301526e-5,0,0,0,0,0,6.57773968973641e-4,0,0.014063760702154971,0,0,0,0,0,0,0,0,0,0,0,0,0,0,0,0,0,0,0,0,0,0,1.7279993088002764e-4,0,0,0,0,0,0,0,0,0.0038997293934348496,0,0,0,0,0,0,0,0,0,0.12054031200743044,0,0.055770714243725476,0,0,0,0,0,0,0,0,0,0,0,0,0,0,0,0,0,0,0,0,0,0,0,0,0,0,0,0,0,0.006498439396914053,0,0.003352300670460134,0,0,0,0,0,0,0,0,0,0,0,0,0,0,0,0,0,0,0,0,0,0,0,0,0,0,0,0,0,0,0,0,0,0,0,0,0,0,0,0,0
Neisseria_subflava,0,0,0,0.007457842420648399,0,0.008092001618400324,0,0.02061706172319731,0,0,0,0,0,0,0,0,0,0,0,0.008397500839750084,0,0.001532035404220138,0,1.8500001850000185e-4,0,0,0,0,0,0,0,0,0,0,0,0.0884809,0,0.3076683,0,0.1975504,0,0.11816323407187763,0,0,0,0,0,0,0,0,0,0,0,0,0,0.1002869693365974,0,0,0,0.1339699,0,0,0,0.03386903316276919,0,0,0,0,0,0,0,0,0,0,0,0,0,0.048197575887068966,0,0,0,0,0.0017478001747800174,0,0,0,0,0,0,0,0,0,0,0,0,0,0,0,0,0,0,0,0,0,0,0.004685640272713975,0,0,0,0.0389757,0,0,0,0,0,0,0,0,0,0,0,0.005392022580958656,0,0.005541538731245854,0,0,0,0
Burkholderia_contaminans,0,0,0,0,0,0,0,0,0,0,0,0,0,0,0,0,0,0,0,0,0,0,0,0,0,0,0,0,0,0,0,0,0,0,0,0,0,0.0426339,0,0,0,0,0,0,0,1,0,0,0,0,0,0,0,0,0,0.0012333229870617418,0,0,0,0,0,0,0,0,0,0,0,0,0,0,0,0,0,0,0,0,0,1.2008472093403454e-4,0,0,0,0,0,0,0,0,0,0,0,0,0,0,0,0,0,0,0,0,0,0,0,0,0,0,0,0,0,0,0,0,0,0,0,0,0,0,0,0,0,0,0,0,0,0,0,0,0,1
Fusobacterium_periodonticum,0,0,0,0.006335712883902276,0,0,0,0.00207424457618893,0,0,0,0,0,0,0,0,0,0,0,0,0,0.001271559167841882,0,0,0,0,0,0,0,0,0,0,0,0,0,0,0,0.0152661,1.7376308056831578e-5,0.0048762,0,0.04559300088677696,4.563588977506498e-5,0,0,0,0,0,0,0,0,0,0,0,0,0,0,0,0,0,0,0,0,0.003275530522524713,0,0,0,0,0,0.0036357996364200364,0,0,0,0,0,0,0,0.002916632270032195,0,0,0,0,0,0,0,0,0,0.0063270519418014886,0,0,0,0,0,0,0,0,0,0,0,0,0,0,0,0,0,0.0032315946492254026,0,0,0,0.010157,0,0,0,0,0,0,0,0,0,0,0,0,0,0.016681718305799297,0,0,0,0
Lachnoanaerobaculum_sp_ICM7,0,0,0,0,0,0,0,0.0028198389596249375,0,0,0,0,0,0,0,0,0,0,0,0,0,1.5451297239143274e-4,0,0,0,0,0,0,0,0,0,0,0,0,0,0,0,0.0082271,0,0,0,0,0,0,0,0,0,0,0,0,0,0,0,0,0,0,0,0,0,0,0,0.0016442190099721283,0,8.339518700383301e-4,0,0,0,0.013262177381383584,0,0,0,0,0,0,0,0,0,5.575289781528765e-4,0,0,0,0,0,0,0,0,0,0,0,0,0,0,0,0,0,0,0,0,0,0,0,0,0,0,0,7.730497185682254e-4,0,0.005100598469820459,0,0.0114524,0,0,0,0,0,0,0,0,0,0,0,0.0044931519791917614,0,0,0,0,0,0
Prevotella_nanceiensis,0,0.002773205221702373,0,0,0,0.0010042002008400401,0,0.0017736032949162781,0,0,0,0,0,0.007161299283870072,0,0,0,0,0,0,0,9.01594273712982e-4,0,0.001799500179950018,0,0,0,0,0,0,0,0,0,0,0,0,0,0.006172,0,0,0,0,0,0,0,0,0,0,0,0.003589278705650633,0,0,0,0,0,0,0,0,0,0.1078621,0,0,0,5.090973230930743e-4,0,0,0,0.10730404996876299,0,0.011498298850170115,0,0,0,0,0,0,0,0.00615831273581928,0,0,0,0,0,0,0,0,0,0,0,7.695000769500077e-4,0,0.005116955548572039,0,0,0,0,0,0,0,0,0,0,0,0,0,0.0020762687089260438,0,0,0,0,0,0,0,0,0,0,0,0,0,0,0,0.001016771678359858,0,0.010874475650900864,0,0,0,0
Campylobacter_showae,0,0,0,0,0,0,0,3.365940527506274e-4,0,0,0,0,0,0,0,0,0,0,0,0,0,5.225640813342588e-4,0,0,0,0,0,0,0,0,0,0,0,0,0,0,0,0.0047393,0,0.0049921,0,0,0,0,0,0,0,0,0,0,0,0,0,0,0,0,0,0,0,0,0,0,0,0,0,0,0,0,0,0,0,0,0,0,0,0,0,0,0,0,0,0,0,0,0,0,0,0,0,0,0,0,0,0,0,0,0,0,0,0,0,0,0,0,0,0,0,0,0,0,0,0,0,0,0,0,0,0,0,0,0,0,0,0,0,0,0,0
Solobacterium_SGB6829,0,0.007894412273475327,0,0.003853174702029595,4.449384187149736e-5,3.174000634800127e-4,0,0.0025159929744879533,0,0,0,0,1.4424084630441838e-4,0,0,0.0077694,0,0,0,0,6.589466999679083e-4,0.002205788515254228,0,0,0,0,0,0,0,0,0,0,0,0,0,0,0,0.0032462,3.515438046179799e-5,0,0,0,5.297022920320042e-5,0,0,0,0,0,0,0,0,0,0,0,0,0.0013651998498351286,0,0,0,0,0,0.0013900851593432245,0,0.0023622777493969463,0,0,1.2570323057302572e-4,0.0068650016782791645,0,0.012642898735710126,0,0,0,0,0,0,0,0.006976042137091226,0,0,0,0,0,0,0,0,0,0.006574798855721443,3.2655571040419496e-4,5.91100059110006e-4,0,0,0,0,8.929279206735262e-5,0,0,0,0,0,0,0,0,0,0,0.0016101324745420626,0,0,0,0,2.8745035282000435e-5,0,0,0,0,0,0,0,0,0,1.6631074367404135e-4,0.001623491819536889,0,2.2840844824694408e-4,0,0,0,0
Prevotella_pallens,0,0.012224020469172854,0,0.010675369879454872,0,0.0014036002807200562,0,0.006370851135296388,0,0,0,0,0,0,0,0,0,0,0,0,0,2.2361069016230812e-5,0,0,0,0,0,0,0,0,0,0,0,0,0,0,0,0.0023257,0,0,0,0.0010198753437948734,0,0,0,0,0,0,0,0,0,0,0,0,0,0.0038587698367744424,0,0,0,0,0,0,0,0.02014646163402664,0,0,0,0.0014424047482274466,0,0.0069874993012500695,0,0,0,0,0,0,0,0.014369194050434369,0,0,0,0,0,0,0,0,0,0.00674970257362616,0,0,0,0.16534630780302975,0,0,0,0,0,0,0,0,0,0,0,0,0,0.0029305483311857484,0,0,0,0.0023676,0,0,0,0,0,0,0,0,0,0,0,8.636403989139889e-4,0,0.01874297812588761,0,0.03233468531088569,0,0
Oribacterium_SGB5283,0,0,0,0,0,0,0,4.946260120605024e-4,0,0,0,0,0,0,0,0,0,0,0,0,0,0,0,0,0,0,0,0,0,0,0,0,0,0,0,0,0,0.0016888,0,0,0,0,0,0,0,0,0,0,0,0,0,0,0,0,0,0,0,0,0,0,0,7.170955171228808e-5,0,0,0,0,0,0,0,0,0,0,0,0,0,0,0,5.689608007860238e-4,0,0,0,0,0,0,0,0,0,0,0,0,0,0,0,0,0,0,0,0,0,0,0,0,0,0,0,1.85523839813416e-4,0,0,0,0,0,0,0,0,0,0,0,0,0,0,0,0,0,0,0,0,0,0
Peptostreptococcus_SGB749,0,0.011593691816154376,0,0,0,0,0,0.003286323665876774,0,0,0,0,0,0,0,0,0,0,0,0,2.0013567197202984e-6,0.0012732715019557375,0,0,0,0,0,0,0,0,0,0,0,0,0,0,0,4.562e-4,0,0,0,0,0,0,0,0,0,0,0,3.533652689362815e-4,0,0,0,0,0,0.003948279479381032,0,0,0,0,4.7180165257331086e-5,0,0,0.004441367528048171,0,0,0,0.005366972813889251,0,0.006727199327280067,0,0,0,0,0,0,0,0.006989598457735844,0,0,0,0,0,0,0,0,0,4.442634482247973e-4,0,0,0,0.019089117648533594,0,0,0,0,0,0,0,0,0,0,0,0,0,0.010543196403791323,0,0.03854938843518347,0,0.0358259,0,0,0,0,0,0,0,0,0,0,3.3072136460015315e-4,0.0067956258900755614,0,0.011502493529129663,0.01084084155121011,0.009858365626986873,0,0
Eubacterium_sulci,0,0.00826080773791896,0,0.0014190417108946311,5.3231910139714685e-6,0,0,0.007637810778660919,0,0,0,0,1.1226577757819417e-4,0.010247398975260103,0,0.0296379,3.4902314023419754e-5,0,0,0,0,0,0,0,0,0,0,0,0,0,0,0,0,0,0,0,0,2.884e-4,0,0,0,0,0,0,0,0,0,0,0,0,0,0,0,0,0,0.011228735744878215,0,0,0,0,9.536630418752637e-5,0.0010729429159964108,0,0.0055163238375929916,0,0,0,0,0,0,0,0,0,0,7.504685919876606e-5,0,0,0.008369004666611632,0,0,0,0,0,0,0,0,0,0.009613000509302016,1.3352277898609502e-4,0,0,0.03078943089372657,0,0,0,0,0,0,0,0,0,5.2411037764553214e-5,2.500650419174027e-6,0,1.2907961630733837e-5,0.0026880725165550185,0,0,0,0,3.7601340166419585e-4,0,0,0,6.065925802916869e-5,0,0,0,0,0,0,0,0,0.0018858446603414664,7.431371574191831e-4,0,0,0
Limosilactobacillus_mucosae,0,0,0,0,0,0,0,0,0,0,0,0,0,0,0,0,0,0,0,0,0,0,0,0,0,0,0,0,0,0,0,0,0,0,0.1140801,0,9.08600090860009e-4,0,0,0,0,0,5.805333389019984e-4,0,0,0,0.010583180046678086,0,0.0012439,0,0,0,0,0,0,0,0,0,0,0,0,0,0,0,0,0,0,0,0,0,0,0,0,0,0,0,0,0,0,0,0,0,0,0,0,0,0,0,0,0,0,0,0,0,0,0,0,0,0,0,0,0,0,0,0,0,0.06494800649480065,0,0,0,0,0,0,0,0,0,0,0,0,0,0,0,0,0,0,0,0,0
Candidatus_Cibionibacter_quicibialis,0,0,0,0,0.02077510883916872,0,0.009978399946882264,0,0,0,0,0,0,0,0,0,0,0,0,0,7.284938459781886e-5,0,0.0026162746981448592,0,0,0,0,0,0,0,0,0,0,0,0.0939431,0,0.07391340739134074,0,6.670292589908584e-4,0,0.018635421309672308,0,0.006719884769378318,0,5.762461060493706e-4,0,7.952036945617708e-4,0,0,0,0,0,0.00906563636250592,0,0.008807235741117782,0,0.007954819245950304,0,0.012620313582822245,0,0,0,0.0016505873813715364,0,0,0,0,0,0,0,7.503226047128215e-4,0,0.0036667048985147433,0,0,0,0,0,0.06593407033349168,0,0.01774360354872071,0,0,0,7.698841667902061e-4,0,0,0,0,0,0.0026202679798612034,0,0,0,0,0,0.001474500294900059,0,7.829002348700704e-4,0,0,0.004849021203865534,0,0,0.01924837239609391,0,0,0,0,0,0.008565312009645377,0,0,0,0.026283476328024847,0,0,0,0.004717102835421923,0,0,0,0,0,0,0,0,0
Pediococcus_acidilactici,0,0,0,0,0,0,0,0,0,0,0,0,0,0,0,0,0,0,0,0,0,0,0,0,0,0,0,0,0,0,0,0,0,0,0.0410881,0,0,0,0,0,0,0,0,0,0,0,0,0,0.0038962,0,0,0,0,0,0,0,0,0,0,0,0.05664959663473639,0,0,0,0,0,0,0,0,0,0,0,0,0,0,0,0,0,0,0,0,0,0,0,0,0,0,0,0,0,0,0,0,0,0,0,0,0,0,0,0,0,3.522916310532369e-4,0,0,0,0,0,8.04282622331617e-4,0,0,0,0,0,0,0,0,0,0,0,0,0,0,0,1.814240969690749e-4,0,0.0465650906927377,0
Parafannyhessea_umbonata,0,0,0,0,0,0,0,0,0,0,0,0,0,0,0,0,0,0,0,0,0,0,0,0,0,0,0,0,0,0,0,0,0,0,0.0350442,0,0.0199911019991102,0,0,0,0,0,0,0,0,0,0,0,0,0,0,0,0,0,0,0,0,0,0,0,0,0,0,0,0,0,0,0,0,0,1.4427299088009204e-5,0,0,0,0,0,0,0,0,0,0,0,0,0,0.048572518961627995,0,0,0,0,0,0,0,0,0,0,0,0,0,0,0,0,0,0,0,0,0,0,0,0,0,0,0,0,0,0,0,0,0.021098843313083135,0,0,0,0,0,0,0,0,0,0
Drancourtella_massiliensis,0,0,0,0,0,0,0,0,0,0,0,0,0,0,0,0,0,0,0,0,0,0,0,0,0,0,0,0,0,0,0,0,0,0,0.0097797,0,0,0,0,0,0,0,0,0,0,0,8.824150669247269e-4,0,0,0,0,0,0,0,0,0,0,0,0,0,0,0,0.010842385915254505,0,0,0,0.0022180570040650047,0,0.021883622355777455,0,0,0,0,0,0,0,0,0,0,0,0,0,0,0,0,0,0,0,0,0,0,0,0,0,0,0,0,0,0,0,0,0,0,0,0,0,0,0,0,0,0,0,0,0,0,0,0,0,0,0,0,0,0,0,7.018406226394821e-4,0,0,0
Anaerotignum_lactatifermentans,0,0,0,0,0,0,0,0,0,0,0,0,0,0,0,0,0,0,0,0,0,0,0,0,0,0,0,0,0,0,0,0,0,0,0.0019427,0,0,0,0,0,0,0,0,0,0,0,0,0,0,0,0,0,0,0,0,0,0,0,0,0,0,0,0,0,8.384582761911862e-4,0,0,0,6.672411099978722e-4,0,0,0,0,0,0,0,0,0,0,0,0,0,0,0,0,0,0,0,0,0,0,0,0,0,0,0,0,0,0,0,0,0,0,0,0,0,0,0,0,0,0,0,0,0,0,0,0,0,0,0,0,0,0,0,5.713355539910094e-4,0,0,0
GGB3609_SGB4877,0,0,0,0,0,0,0,0,0,0,0,0,0,0,0,0,0,0,0,0,0,0,0,0,0,0,0,0,0,0,0,0,0,0,0.0018965,0,1.3330001333000134e-4,0,0,0,0,0,0,0,0,0,0,0,0,0,0,0.006972615489076029,0,0,0,0,0,0,0,0,0.024060475918096843,0,0,0,0,0,0,0,0,0,0,0,0,0,0,0,0,0,0,0,0,0,0,0,0,0,0,0,0,0,0,0,0,0,2.035394620525176e-4,0,0,0,0,0,0,0,0,0,0,0,0,0,0,0,0,0,0,0,0,0,0,0,0,0,0,0,0,0,5.4828166321593357e-5,0,0,0
Anaeromassilibacillus_senegalensis,0,0,7.813866487468661e-5,0,0,0,0,0,0.0015590676713167339,0,2.9211787761410996e-4,0,0,0,0,0,0.0010721710849429316,0,0,0,0,0,0,0,0,0,0,0,0,0,0,0,0,0,0.0016427,0,0,0,0,0,0,0,0.004823856161379915,0,0,0,0.007795316509272809,0,4.6e-5,0,6.506850625876436e-5,0,0,0,0,0,0,0,0,0,0,0,0,0,0,0,0,0,0,0,0.004677639520741613,0,0,0,0,0,0,0,0,0,0,0,0,0,0,0,0,0,0,0,0,0,0,0,0,0,0,0,0,0,0,0,0,0,2.3974787649021917e-4,0,0,0,0,0,0,0,0,0,7.714536330541306e-4,0,2.363831870580956e-4,0,0,0,0,0,0,0,0,0,0,0
Gordonibacter_urolithinfaciens,0,0,7.242853167230567e-5,0,0,0,0,0,0.0021457607465238285,0,0.0024399493248986838,0,0,0,0,0,0,0,0,0,7.999422808722033e-4,0,0,0,0,0,0,0,0,0,0,0,0,0,0.001357,0,0,0,5.333421721489923e-5,0,1.964091595611979e-4,0,0,0,0,0,0.0034111448132836523,0,0,0,1.6881550540199546e-4,9.722653478486843e-4,4.307084818583983e-4,0,0,0,0,0,0,0,0,0,0.0028867268399956855,0,9.276516957836193e-4,0,0,0,0,0,0,0,0.0035006501105847745,0,4.91962721850389e-5,0,1.0583044252919064e-4,0,2.3120082103314938e-4,0,0.0011563002312600463,0,0,0,8.714535845790779e-6,0,2.5000005000001e-5,0,0,0,2.4394356832130217e-4,0,0,0,0,0,0,0,0,0,0,1.7603707340765965e-4,0,0,8.282108404463873e-4,0,3.589000358900036e-4,0,0,0,1.0101248313886068e-4,0,0,0,5.293170898650892e-4,0,0,0,0,0,0,0,0,0,0,0,4.970212050936495e-4,0
Schaalia_meyeri,0,9.312927718534423e-5,0,0,0,0,0,0,0,0,0,0,0,0,0,0,0,0,0,0,2.3575982158305115e-4,0.003915100863026466,0,0,4.2256742624990066e-4,0,3.7631644290167965e-4,0,0,0,0,0,0,0,2.889e-4,0,0,0,0,0,0,0,0,0,0,0,0,0,0,0,0,0,0,0,0,0,0,0,0,0,0,0,0,0,3.044013892502164e-4,0,0.0014122362944727679,0.013142178157908316,0,0,0,0,0,0,0,0,0,7.192943267405102e-5,0,0,0,0,0,0,0,0,0,0.004015881417680685,2.619446877637325e-4,0,0,0,0,0,0,0,0,0,0,0,0,0,0,0,0,0.001630262923900225,0,0,0,0.0061165,0,0,5.49999890000022e-6,0,0,0,2.6541797072893327e-4,0,0,0,0,9.974551182728953e-4,0,0,0.0010564696033447789,0.011690579870536164,0,0
Faecalicatena_contorta,0,0,0,0,0,0,0,0,2.6968632472779976e-4,0,4.541277926209084e-4,0,2.0930052872843928e-4,0,2.4e-6,0,4.4462947893445334e-4,0,0,0,7.024762086218247e-5,0,0,0,0,0,0,0,0,0,0,0,0,0,1.508e-4,0,0,0,0,0,5.812107782933407e-6,0,0,0,0,0,0,0,0,0,1.2832395816356933e-4,1.5489745089279424e-4,5.840386957725988e-4,0,2.047938176902402e-4,0,2.9727880423216552e-5,0,0,0,0,0,0,0,8.929374964821774e-5,0,0,0,0,0,8.658440495532381e-4,0,0,0,0,0,0,0,0,0,0,0,0,0,0,0,3.3800006760001353e-5,0,0,0,0,0,0,0,0,0,0,0,0,0,0,0,0,0,2.121308423035328e-5,0,0,0,0,0,0,3.121626991988224e-5,0,0,0,0,0,0,5.1902231795967226e-5,0,0,0,0,0,0,0,0,0
GGB9480_SGB14875,0,0,0,0,0,0,0,0,0,0,0,0,0,0,0,0,0,0,0,0,0,0,0,0,0,0,0,0,0,0,0,0,0,0,1.322e-4,0,0,0,0,0,0,0,0,0,0,0,0,0,0,0,0,0,0,0,0,0,0,0,0,0,0,0,0,0,0,0,0,0,0,0,0.011013490967377198,0,0,0,0,0,0,0,0,0,0,0,0,0,0,0,0,0,0,0,0,0,0,0,0,0,0,0,0,0,0,0,0,0,0,0,0,0,0,0,0,0,0,0,0,0,0,0,0,0,0,0,0,0,0,0,0,0
Massilioclostridium_coli,0,0,0,0,4.439340430519602e-5,0,0,0,6.498538129686239e-4,0,0.0019476191942946908,0,0,0,0,0,0,0,0,0,0,0,4.037149445482384e-6,0,0,0,0,0,0,0,0,0,0,0,1.259e-4,0,0,0,1.5267045229123697e-5,0,0,0,3.7557929821576915e-4,0,0,0,0,0,0,0,8.863821286023628e-6,0,7.1199772321178765e-6,0,3.10445396009655e-5,0,2.8120967967907548e-5,0,0,0,0,0,0,0,0,0,0,0,0,0,0,0,0,0,1.843607756017751e-4,0,6.720031902043665e-5,0,2.6593098765587787e-4,0,0,0,0,0,6.510860114671272e-5,0,0,0,0,0,0,0,0,0,0,0,0,0,0,0,0,0,0,0,6.624085736082016e-5,0,0,0,0,0,0,0,0,0,0,0,0,0,0,0,0,0,0,0,0,0,0,0
Paraeggerthella_hongkongensis,0,0,0,0,0,0,0,0,0,0,0,0,0,0,0,0,0,0,0,0,0.0027457613516202635,0,0,0,0,0,0,0,0,0,0,0,0,0,1.243e-4,0,0,0,0,0,0,0,0,0,0,0,0,0,0,0,0,0,0,0,0,0,0,0,0,0,0,0,0,0,0,0,0,0,0,0,0,0,0,0,0,0,0,0,0,0,0,0,0,0,0,0,0,0,0,0,0,0,0,0,0,0,0,0,0,0,0,0,0,0,0,0,0,0,0,0,0,0.0015418035880300812,0,0,0,0,0,0,0,0,0,0,0,0,0,0,0,0
Clostridiales_bacterium_KLE1615,0,0,0,0,0,0,0,0,0.002834112532985194,0,0,0,0,0,0,0,0.0018626234919375156,0,0.0010865998913400109,0,0,0,0.0040724745031303555,0,0,0,0,0,0,0,0,0,0,0,1.042e-4,0,0,0,2.213721558222936e-4,0,5.200834378176618e-5,0,9.259603528020997e-5,0,0.0045698994477746105,0,0,0,0,0,0,0,0,0,0,0,4.73938742287699e-4,0,0,0,0,0,0,0,0.0014254894325863793,0.003895940453039971,0,0,0,0,0,0,0,0,6.763234974521641e-5,0,0,0,1.5553509778593687e-4,0,0,0,0,0,0,0,0,0,0,0,3.775674335436309e-4,0,0,0,0,0,0,0,0,0,0,0,0,0,0,0,0,0,0,0,0,0,0,0,0,0,0,0,0,0,0,0,3.732788766487443e-5,0,0,0,0,0
GGB3449_SGB4601,0,0,0,0,0,0,0,0,0,0,0,0,0,0,0,0,2.2431487207601864e-4,0,0,0,0,0,0,0,0,0,0,0,0,0,0,0,0,0,8.88e-5,0,0,0,0,0,0,0,0,0,0,0,0,0,0,0,0,0,0,0,0,0,0,0,0,0,0,0,7.124261733368901e-4,0,0,0,0,0,0,0,0,0,0,0,0,0,0,0,0,0,0,0,0,0,0,0,0,0,0,0,0,0,0,0,0,0,0,0,0,0,0,0,0,0,0,0,0,0,0,0,0,0,0,0,0,0,0,0,0,0,0,0,0,0,0,0,0,0
Merdimonas_faecis,0,0,0,0,0,0,0,0,0,0,0,0,0,0,0,0,0,0,0,0,0,0,0,0,0,0,0,0,0,0,0,0,0,0,8.49e-5,0,0,0,0,0,0,0,0.0011817454403583233,0,0,0,2.349306349547981e-4,0,0,0,0,0,0,0,0,0,0,0,0,0,0,0,0,0,0,0,0,0,0,0,0,0,0,0,0,0,0,0,0.005981995961692326,0,0,0,0,0,0,0,0,0,0,0,8.751563029157008e-5,0,0,0,0.0024021865610038633,0,0,0,0,0,0,0,0,0,5.323283401201861e-4,0,0,0,0,0,0,0,0,0,0,0,0,0,0,0,0,0,0,0,0,0,0,0
Anaerostipes_butyraticus,0,0,0,0,0,0,0,0,0,0,0,0,0,0,0,0,0,0,0,0,0,0,0,0,0,0,0,0,0,0,0,0,0,0,6.28e-5,0,0,0,0,0,0,0,5.878676783301339e-4,0,0,0,0,0,3.35e-5,0,0,0,0,0,0,0,0,0,0,0,0,0,0,0,0,0,0,0,0,0,0,0,0,0,0,0,0,0,0,0,0,0,0,0,0,0,0,0,0,0,0,0,0,0,0,0,0,0,0,0,0,0,0,0,0,0,0,0,0,0,0,0,0,0,0,0,0,0,0,0,0,0,0,0,0,0,0,0
Clostridia_bacterium_UC5_1_1D1,0,0,0,0,0,0,0,0,1.782536376825383e-4,0,0.002043425057613526,0,5.523516603937029e-4,0,0,0,2.366156876200892e-4,0,0,0,2.4796809757334496e-4,0,0,0,0,0,0,0,0,0,0,0,0,0,5.88e-5,0,0,0,3.7424349028759797e-4,0,3.367014163906249e-5,0,6.305494591688666e-5,0,0,0,0.002890476918190132,0,2.45e-5,0,3.249396303262752e-4,0.0012627994409499593,2.1029003177114346e-4,0,0,0,0,0,0,0,0,0,0,0,9.260464148910672e-5,0,2.730070162803184e-5,0,0,0,0,0,0,0,4.138097843670279e-5,0,0,0,5.482762327357543e-4,0,3.7200007440001485e-5,0,0,0,0,0,0,0,0,0,0,0,0,0,0,0,0,0,0,0,0,0,0,0,0,0,1.4400001440000143e-5,0,0,0,1.943326328923973e-5,0,0,0,5.034918611992055e-5,0,3.9927833544586415e-4,0,0,0,0,0,0,0,0,0,0,0
Clostridioides_difficile,0,0,0,0,0,0,0,0,0,0,0,0,9.057921677018721e-5,0,1.05e-4,0,0,0,0,0,0,0,0,0,0,0,0,0,0,0,0,0,0,0,5.32e-5,0,0,0,0,0,0,0,0,0,0,0,0,0,0,0,0,0,4.412380256523754e-6,0,0,0,0,0,0,0,0.0011599882421797116,0,0,0,0,0,0,0,0,0,9.99605722526352e-6,0,0,0,0,0,0,0,0,0,0,0,0,0,0,0,0,0,6.861170515689976e-4,0,0,0,0,0,0,0,0,0,0,0,0,0,0,0,0,0,3.5610003561000353e-4,0,8.246974108043867e-4,0,0,0,0,0,0,0,0,0,0,0,0,0,0,0,0,0,0,0
Proteus_mirabilis,0,0,0,0,0,0,0,0,0,0,0,0,0,0,0,0,0,0,0,0,1.3038839028977744e-4,0,0,0,0,0,0,0,0,0,0,0,0,0,3.6e-5,0,0,0,0,0,0,0,0,0,0,0,0,0,0,0,0,0,0,0,0,0,0,0,0,0,0,0,0,0,0,0,0,0,0,0,0,0,0,0,0,0,0,0,0,0,0,0,0,0,0,0,0,0,0,0,0,0,0,0,0,0,0,0,0,0,0,0,0,0,0,0,0,0,0,0,4.721675689807466e-4,0,0,0,0,0,0,0,0,0,0,0,0,0,0,0,0,0
Lactiplantibacillus_plantarum,0,0,0,0,0,0,0,0,0,0,0,0,0,0,0,0,0,0,0,0,0,0,0,0,0,0,0,0,0,0,0,0,0,0,1.53e-5,0,0,0,0,0,0,0,0,0,0,0,0,0,9.78e-4,0,0,2.9773155318857115e-4,3.08465492478797e-4,0,2.2872815628582327e-4,0,0,0,0,0,0,0,0,0,0,0,0,0,0,0,0,0,0,0,0,0,0.0025905320585258443,0,0,0,0,0,0,0,0,0,0,0,0,0,0,0,0.29007375853655076,0,0,0,0,0,0,0,0.0037460011238003373,0,0,0,0,0,0,0,0,0,0,0,0,0,0,0,0,0,0,0,0,0,0,0,0,0,0.004945976965763297,0
Enterobacter_hormaechei,0,0,0,0,0,0,0,0,0,0,0,0,0,0,0,0,0,0,0,0,0,0,0,0,0,0,0,0,0,0,0,0,0,0,0,0,0.005675200567520057,0,7.712871073318478e-4,0,7.0146128414713535e-6,0,0,0,0,0,0,0,0,0,0,0,0,0,0,0,0,0,0,0,0,0,7.570528690262515e-4,0,0,0,0,0,0,0,0,0,0,0,0,0,0,0,0,0,0,0,0,0,0,0,0,0,0,0,0.015200814865534984,0,8.546491453860875e-5,0,0,0,0,0,0,0,0,0,0,0,0,0,0,0,0,0,0,0,0,0,0,0,0,0,0,0,0,0,0,0,0.00709057492795158,0,0,0
Clostridiaceae_bacterium,0.00201030020103002,0,0.027309162840376534,0,0.012336444956095727,0,0.0024057464550919314,0,0.01584161532684529,0,0.127238186977043,0,0,0,0,0,0,0,0.004280499571950043,0,0.002010963231974956,0,0.00239897512924177,0,0,0,0,0,0,0,0,0,0,0,0,0,0.0022703002270300227,0,0.011651366978084257,0,0.013981726733130457,0,0.03607904176855371,0,0.0067729841429793386,0,0,0,0,0,0.0071356783109746795,0.004407582635711911,0,0,0.002672534284938601,0,0.03972980570520207,0,0.0050499454495090456,0,0,0,0.003083244396798165,0,0,5.243798300928677e-6,0,0,0,0,0,0,0,0,0,0,4.324763045940975e-4,0,1.5113127262340068e-5,0,0,0,0,0,1.250085142016884e-4,0,0,0,0,0,5.419968006285923e-4,0,3.895750521371211e-5,0,1.7387541440724668e-4,0,7.536001507200301e-4,0,0,0,4.5800013740004125e-5,0.0023643979422066285,0,0,0.004406417878547488,0,0,0,1.5110946369550103e-5,0,0.005510241076716147,0.0034931206144642587,0,0,0.001686947979481155,0,0,0,8.500365515717176e-6,0,0,0,0,0,0,0,0.002403918490138037,0
Bifidobacterium_pseudolongum,0,0,0,0,0,0,0,0,0,0,0,0,0,0,0,0,0,0,0,0,0,0,0,0,0,0,0,0,0,0,0,0,0,0,0,0,0.0021559002155900216,0,0,0,0,0,0,0,0,0,0,0,0,0,0,0,0,0,0,0,0,0,0,0,0,0,0,0,0,0.022282411614771215,0,0,0,0,0,0,0,0,0,0,0,0,0,0,0,0,0,0,0,0,0,0,0,0,0,0,0,0,0,0,0,0,0,0,0,0,0,0,0,0,0,0,0,0,0,0,0,0,0,0,0,0,0,0,0,0,0,0,0,0,0,0
Lactobacillus_johnsonii,0,0,0,0,0,0,0,0,0,0,0,0,0,0,0,0,0,0,0,0,0,0,0,0,0.19923027811387903,0,0,0,0,0,0,0,0,0,0,0,4.799000479900048e-4,0,0,0,0,0,0,0,0,0,6.796886313975342e-4,0,0,0,0,0,0,0,0,0,0,0,0,0,0,0,0,0,0,0,0,0,0,0,0,0,0,0,0,0,0,0,0,0,0,0,0,0,0,0,0,0,0,0,0,0,0,0,0,0,0,0,0,0,0,0,0,0,0,0,0,0,0,0,0,0,0,0,0,0,0,0,0,0,0,0,0,0,0,0,0,0
Blautia_glucerasea,0.0016745001674500167,0,0.005717546357766492,0,6.789579481971155e-5,0,0.0016723083799673702,0,0,0,0,0,4.353450997551537e-4,0,3.417e-4,0,0,0,0,0,1.8212346149454716e-5,0,0,0,0,0,0.002666619848660796,0,0,0,0,0,0,0,0,0,5.6700005670000564e-5,0,0.0030839431362829866,0,0.014409217281440697,0,0,0,0,0,1.4471887134082285e-4,0,0.0012329,0,0,0,2.4438569738973614e-4,0,0,0,0.002771723121351116,0,0.011140700266302397,0,0.11292436747896357,0,1.5839475174049116e-4,0,0.003422057542698214,0,0,0,0,0,0,0,0,0,0,0,6.453443810121273e-4,0,0,0,0,0,0,0,1.4233741881458274e-4,0,4.8120009624001925e-4,0,0,0,0,0,0,0,0,0,1.349000269800054e-4,0,8.764002629200789e-4,0,0,0.0014879133545524688,0,0,0,0,8.400000840000084e-6,0,0,0,0,0,0,0,0,0,3.933712587680041e-4,0,0.06648745896073531,0,0,0,0,0,0.0018482204000070566,0,0.0020134306802848997,0
Schaalia_SGB17168,0,0,0,3.810642944477626e-4,6.611804989617769e-4,0.043691808738361745,1.0169304598602508e-4,0.12127410613298199,0,0,0,0,0,0,0,0,8.204543961264632e-4,0,0,0,0,0,0,0,0,0,0,0,0,0,0,0,0,0,0,0,0,0,0.006013508321795163,0.0760881,0,0,0,0,0,0,0,0,0,0,0,0,0,0,0,0,0,0,1.1050099450895058e-4,0,6.890919659119786e-5,0.1239450094752621,4.065431941387338e-4,0.039818668714635755,0,0,0,0,0,0.05142099485790051,0,0,0,0,0,0,0,0,0,0,0,0,0,0,0,0,0,0.00279845948647548,0,0,1.877335292083166e-4,9.176013999689118e-4,0,0,0,0,0,0.004255600425560043,0,0,0,0,0.0023764181063494613,0,2.431499749045211e-4,0.026975510246196408,0,0.004489398653180404,0,0,3.8745068682921716e-4,2.413257789960127e-4,0,0,0,0,0,0,0,0,0.007390677437762479,0.006674021638750901,1.5981940107454278e-4,0.007983338825812009,0,0,0.004514289511115725,0
Haemophilus_sputorum,0,0,0,0,0,0,0,0,0,0,0,0,0,0,0,0,0,0,0,0,0,4.702875280936111e-4,0,0,0,0,0,0,0,0,0,0,0,0,0,0,0,0,0,0.0411881,0,0.011722581629926329,0,0,0,0,0,0,0,0,0,0,0,0,0,0,0,0,0,0,0,0,0,0,0,0,0,0,0,0,0,0,0,0,0,0,0,1.3637253902197015e-4,0,0,0,0,0,0,0,0,0,0,0,0,0,0,0,0,0,0,0,0,0,0,0,0,0,0,0,5.675977454705983e-4,0,0,0,0,0,0,0,0,0,0,0,0,0,0,0,0,0,0,0,0,0,0
Porphyromonas_endodontalis,0,0.013366158727412512,0,0.03527573844751389,0,0.025344005068801013,0,0.015793081084415704,0,0,0,0,0,0,0,0,0,0,0,0,0,0,0,0,0,0,0,0,0,0,0,0,0,0,0,0,0,0,0,0.0288501,0,0.163663240005549,0,0,0,0,0,0,0,0,0,0,0,0,0,6.695443187030957e-5,0,0,0,0,0,0.0017475327713651458,0,8.297128387128192e-4,0,0,0,0,0,0,0,0,0,0,0,0,0,0.0011266921120828498,0,0,0,0,0,0,0,0,0,0,0,0,0,0,0,0,0,0,0,0,0,0,0,0,0,0,0,0,0,0,0,0,0,0,0,0,0,0,0,0,0,0,0,0,0,0.003943417074669334,0,0,0,0
Haemophilus_parahaemolyticus,0,0,0,9.873443717421434e-4,0,0,0,0,0,0,0,0,0,0,0,0,0,0,0,0,0,0,0,0,0,0,0,0,0,0,0,0,0,0,0,0,0,0,0,0.0161345,0,0,0,0,0,0,0,0,0,0,0,0,0,0,0,0,0,0,0,0,0,0,0,0,0,0,0,0,0,0,0,0,0,0,0,0,0,0,0,0,0,0,0,0,0,0,0,0,0,0,0,0,0,0,0,0,0,0,0,0,0,0,0,0,0,0,0,0,0,0,0,0,0,0,0,0,0,0,0,0,0,0,0,0.001684617660271511,0,0,0,0
Capnocytophaga_leadbetteri,0,0,0,0,0,0,0,2.41153965790988e-4,0,0,0,0,0,0,0,0,0,0,0,0.02590880259088026,0,0.007252842953075296,0,0,0,0,0,0,0,0,0,0,0,0,0,0,0,0,0,0.0142332,0,0,0,0,0,0,0,0,0,0,0,0,0,0,0,0,0,0,0,0,0,0,0,0,0,0,0,0.012201899246720717,0,0.026606497339350266,0,0,0,0,0,0,0,4.6172423449278315e-4,0,0,0,0,0,0,0,0,0,0,0,0,0,0,0,0,0,0,0,0.004437700443770044,0,0,0,0,0,0,0,0.0012314979421420538,0,0,0,0,0,0,0,0,0,0,0,0,0,0,0,0,0,0.0016195086099870962,0,0,0,0
Oribacterium_sinus,0,0.004499609268490602,0,0.0013640542243452995,0,0.017912903582580717,0,0.011984991570627367,0,0,0,0,0,0.002697799730220027,0,0.0140342,0,0,0,0,0,0.0060660946866373175,0,0,0,0.0014401001440100143,0,0,0,0,0,0,0,0,0,0,0,0,1.4875324989692233e-4,0.0141009,0,0.02214814454096095,0,0,0,0,0,0,0,0.0021108872619724243,0,0,0,0,0,5.804410762899523e-4,0,0,0,0,0,1.5862112833429413e-4,0,9.200765796517604e-4,0,0,1.5200390650039706e-5,0.024140564656195185,0,0,0,0,0,0,0,0,0,0.0016617621112573306,0,0,0,0,0,0,0,0,0,0.025214252051466518,0,0.0012907001290700128,0,0.020083057918177626,0,0.0050144010028802,0,0,0,0,0,0,0,0,0,0,0,0.0010068259420190457,0,0.0031518990544302837,0,0,0,0,0,0,0,0,0,0,0,0,1.7211111837824725e-4,0.0022573352134785153,0,3.152205152928306e-4,0,0.025269814607296468,0,0
Limosilactobacillus_vaginalis,0,0,0,0,0,0,0,0,0,0,0,0,0,0,0,0,0,0,0,0,0,0,0,0,0,0,0,0,0,0,0,0,0,0,0,0,0,0,0.002661086159871074,0.0133409,0,0,0,0,0,0,0,0,0,0,0,0,0,0,0,0,0,0,0,0,0,0,0,0,0,0,0,0,0,0,0,0,0,0,0,0,0,6.265245802396595e-4,0,0,0,0,0,0,0,0,0,0,0,0,0,0,0,0,0,0,0,0,0,0,0,0,0,0,0,0,0,0,0,0,0,0,0,0,0,0,0,0,0,0,0,0,0,0,0,0,0,0
Actinomyces_sp_oral_taxon_448,0,0,0,0,0,0,0,0,5.928086387046394e-4,0,2.446149704361907e-4,0,0,0,0,0,0,0,0,0,0,0,0,0,0,0,0,0,0,0,0,0,0,0,0,0,0,0,0.002211310972134127,0.0132412,0,0,1.6614316121234593e-4,0.0030540735714859957,0,0,0,0,0,0,0,2.1207164088201934e-4,0,0,0,0,0,0,0,0,0,0,0,0,0,0,0,0,0,0,0,0,0,0,0,0,0,0,0,0,0,0,0,0,0,0,0,0,0,0,0,0,0,0,0,0,0,0,0,0,0,0,0,0,0,0,0,0,0,0,0,0,0,0,0,0,0,0,0,0,0,0,0,0,0,0,0,0
Capnocytophaga_SGB2499,0,0,0,0,0,0,0,6.244165185659511e-4,0,0,0,0,0,0,0,0,0,0,0,0,0,1.993358359600035e-4,0,0,0,0,0,0,0,0,0,0,0,0,0,0,0,0,0,0.0086697,0,0,0,0,0,0,0,0,0,0,0,0,0,0,0,0,0,0,0,0,0,0,0,0,0,0,0,0,0,0,0,0,0,0,0,0,0,0,0,0,0,0,0,0,0,0,0,0,0,0,0,0,0,0.0224840044968009,0,0,0,0,0,0,0,0,0,0,0,4.0786920508598335e-4,0,0,0,0.011951,0,0,0,0,0,0,0,0,0,0,0,0,0,0,0,0,0,0
Prevotella_shahii,0,0,0,0,0,0,0,0,0,0,0,0,0,0,0,0,0,0,0,0,0,0,0,0,0,0,0,0,0,0,0,0,0,0,0,0,0,0,0,0.0033175,0,0,0,0,0,0,0,0,0,0,0,0,0,0,0,0,0,0,0,0,0,0,0,0.0033103732922002546,0,0,0,0,0,0,0,0,0,0,0,0,0,0,0,0,0,0,0,0,0,0,0,0,0,0,0,0,0,0,0,0,0,0,0,0,0,0,0,0,0,0.003808296618023813,0,0.001533899539830138,0,0.0045519,0,0,0,0,0,0,0,0,0,0,0,0,0,5.144457808071162e-4,0,0,0,0
Lautropia_mirabilis,0,0,0,0.004488821945252717,0,0,0,0,0,0,0,0,0,0,0,0,0,0,0,0,0,1.0364657665631309e-4,0,0,0,0,0,0,0,0,0,0,0,0,0,0,0,0,0,0.0029883,0,0,0,0,0,0,0,0,0,0,0,0,0,0,0,0,0,0,0,0,0,0,0,0,0,0,0,0,0,0,0,0,0,0,0,0,0,2.0374947595715718e-4,0,0,0,0,0,0,0,0.0033773993245201353,0,0.0023572978776414412,0,0,0,0,0,0,0,0,0,0,0,0,0,0,0,0,0,0.002703347380138348,0,0,0,0,0,0,0,0.020981340149037506,0,0,0,0,0,0,0,0.11319834494111802,0,0,0,0,0,0
Veillonella_tobetsuensis,0,0,0,0,0,0,0,0,0,0,0,0,0,0,0,0,0,0,0,0,0,0,0,0,0,0,0,0,0,0,0,0,0,0,0,0,0,0,1.932486514528552e-4,0.0014121,7.886429008911364e-5,0.005009246296877538,0,0,0,0,0,0,0,0,0,0,0,0,0,0,0,0,0,0,0,0,1.444864317834929e-4,0.0034037353723694354,0,0,0,0,0,0,0,0,0,0,0,0,0,6.54041887816793e-4,0,0,0,0,0,0,0,0,0,0,0,0,0,0,0,0,0,0,0,0,0,0,0,4.8670249954640445e-4,7.902055324589926e-6,0,0,0.0022843507909850384,0,0,0.0010348496450828981,0.0234381,1.0991939547976224e-4,0,0,0,0,0,0,0,0,0,0,0.0010572063429978521,0,0.014885424928211478,0,0,0,0
GGB12785_SGB19823,0,0,0,0,1.1761239013887905e-4,0,0,0,0,0,0,0,0,0,0,0,0,0,0,0,0,0,0,0,0,0,0,0,0,0,0,0,0,0,0,0,0,0,6.58190443331892e-4,6.955e-4,0,0,0,0,0,0,0,0,0,0,0,0,0,0,0,0,0,0,0,0,0,0,0,0,0,0,0,0,0,0,0,0,0,0,0,0,0,3.1462803884148895e-05,0,0,0,0,0,0,0,0,0,0,0,0,0,0,0,0,0,0,0,0.019168801916880192,0,0,0,0,0,0,0,0,0,0,0,0,0,0,0,0,0,0,0,0,0,0,0,0,0,0,0,0.005373336818050385,0,0
Porphyromonas_gingivalis,0,0,0,0,0,0,0,0,0,0,0,0,0,0,0,0,0,0,0,0,0,0,0,0,0,0,0,0,0,0,0,0,0,0,0,0,0,0,0,0,0,0.15841009935421194,0,0,0,0,0,0,0,0,0,0,0,0,0,0,0,0,0,0,0,0,0,0,0,0,0,0,0,0,0,0,0,0,0,0,0,3.9050296782255544e-5,0,0,0,0,0,0,0,0,0,0,0,0,0,0,0,0,0,0,0,0,0,0,0,0,0,0,0,0,0,0,0,0,0,0,0,0,0,0,0,0,0,0,0,0,0,0,0,0,0,0
Haemophilus_haemolyticus,0,4.186803280358363e-4,0,0,0,0,0,0,0,0,0,0,0,0,0,0,0,0,0,0,0,1.9399738254621867e-4,0,0,0,0,0,0,0,0,0,0,0,0,0,0,0,0,0,0,0,0.054638678289023815,0,0,0,0,0,0,0,0,0,0,0,0,0,0,0,0,0,0,0,0,0,0.005214939049449955,0,0,0,0,0,0,0,0,0,0,0,0,0,6.069994318485318e-4,0,0,0,0,0,0,0,0,0,0,0,0,0,0,0,0,0,0,0,0,0,0,0,0,0,0,0,0.001297756456361131,0,0,0,0,0,0,0,0,0,0,0,0,0,0,0,0,0,0.0040737405296884625,0,0,0,0
Oribacterium_SGB96486,0,0,0,0,0,0,0,0,0,0,0,0,0,0,0,0,0,0,0,0,0,0,0,0,0,0,0,0,0,0,0,0,0,0,0,0,0,0,0,0,0,0.045062141908047734,0,0,0,0,0,0,0,0,0,0,0,0,0,0,0,0,0,0,0,0,0,0,0,0,0,0,0,0,0,0,0,0,0,0,0,0,0,0,0,0,0,0,0,0,0,0,0,0,0,0,0,0,0,0,0,0,0,0,0,0,0,0,0,0,0,0,0,0,0,0,0,0,0,0,0,0,0,0,3.170204795229772e-5,0.0031065632566799517,0,0.0032490258927525407,0,0,0,0
Treponema_vincentii,0,0.005759162671457472,0,0.013623833338700436,0,0,0,0,0,0,0,0,0,0,0,0,0,0,0,0,0,0.0033899179177533695,0,0,0,0,0,0,0,0,0,0,0,0,0,0,0,0,0,0,0,0.012515238281919775,0,0,0,0,0,0,0,0,0,0,0,0,0,7.497067568604163e-4,0,0,0,0,0,0,0,0,0,0,0,4.885467128410535e-4,0,7.047999295200071e-4,0,0,0,0,0,0,0,0,0,0,0,0,0,0,0,0,0,0,0,0,0,0,0,0,0,0,0,0,0,0,0,0,0,0,0,0,0,0,0,0.0223434,0,0,0,0,0,0,0,0,0,0,0,0,0,0.0010073992537533577,0,0,0,0
Leptotrichia_wadei,0,2.1265187322817286e-4,0,0.005442849773579151,0,0,0,0,0,0,0,0,0,0,0,0,0,0,0,0,0,8.493177204723343e-4,0,0,0,0,0,0,0,0,0,0,0,0,0,0,0,0,0,0,0,0.012153693546743621,0,0,0,0,0,0,0,0,0,0,0,0,0,0,0,0,0,0,0,0,0,0,0,0,0,0,0,0,0,0,0,0,0,0,0,9.011918231511202e-4,0,0,0,0,0,0,0,0,0,0.003656968582369345,0,0,0,0,0,0,0,0,0,0,0,0,0,0,0,0,0,2.2143494293978608e-4,0,0,0,0,0,0,0,0,0,0,0,0,0,0,0,1.0378897829108896e-4,0,0,0,0,0,0
Filifactor_alocis,0,0.004525199748751661,0,0.005491660028674506,0,0.024996204999241,0,0.006313667200717213,0,0,0,0,0,0,0,0,0,0,0,0,0,0,0,0,0,0,0,0,0,0,0,0,0,0,0,0,0,0,0,0,0,0.00956824970198647,0,0,0,0,0,0,0,0,0,0,0,0,0,0,0,0,0,0,0,0,0,3.43671710390207e-4,0,0,0,0,0,0,0,0,0,0,0,0,0,3.563086664950882e-4,0,0,0,0,0,0,0,0,0,0,0,0,0,0,0,0,0,0,0,0,0,0,0,0,0,0,0,0.004725395381245421,0,0,0,0.031586,0,0,0,0,0,0,0,0,0,0,0,0,0,0,0,0,0,0
Leptotrichia_sp_oral_taxon_215,0,0.008440543228693692,0,1.1645600282086818e-4,0,0,0,3.779547619996631e-4,0,0,0,0,0,0,0,0,0,0,0,0,0,0.0021906796848378558,0,0,0,0,0,0,0,0,0,0,0,0,0,0,0,0,0,0,0,0.0059500401238950585,0,0,0,0,0,0,0,0,0,0,0,0,0,0,0,0,0,0,0,0,0,9.760111149469175e-4,0,0,0,0,0,0,0,0,0,0,0,0,0,0.0029785462120807456,0,0,0,0,0,0,0,0,0,0.0011189635453824117,0,0,0,0,0,0,0,0,0,0,0,0,0,0,0,0,0,0.0015627905132374396,0,0.0031730990480702856,0,0,0,0,0,0,0,0,0,0,0,0,0,0.017203548602216682,0,0.0024171471531963277,0,0,0,0
Catonella_massiliensis,0,4.7879286794318674e-4,0,0,0,7.220001444000289e-4,0,9.631136582275464e-4,0,0,0,0,0,0,0,0.0016884,0,0,0,0,0,5.03627680545739e-6,0,0,0,0,0,0,0,0,0,0,0,0,0,0,0,0,0,0,0,0.0052777960789481115,0,0,0,0,0,0,0,0,0,0,0,0,0,5.932426823835168e-4,0,0,0,0,0,0,0,8.416028046258377e-5,0,0,0,3.845406800888095e-4,0,0,0,0,0,0,0,0,0,6.439252306193174e-4,0,0,0,0,0,0,0,0,0,0.001831686189910617,0,0,0,0,0,0,0,0,0,0,0,0,0,0,0,0,0,2.2588589656671645e-4,0,0.0012118996364301091,0,0.0027201,0,0,0,0,0,0,0,0,0,0,0,0.0028267233499278933,0,4.2068032004153493e-4,0,0,0,0
Prevotella_intermedia,0,0,0,0,0,0.013077102615420524,0,0,0,0,0,0,0,0,0,0,0,0,0,0,0,0,0,0,0,0,0,0,0,0,0,0,0,0,0,0,0,0,0,0,0,0.003518667125537253,0,0,0,0,0,0,0,0.0016307627077184,0,0,0,0,0,0,0,0,0,0,0,0,0,0,0,0,0,0,0,0,0,0,0,0,0,0,0,2.1801396260559766e-4,0,0,0,0,0,0,0,0,0,0,0,0,0,0,0,0,0,0,0,0,0,0,0,0,0,0,0,0.00833805235575825,0,0,0,0,0,0,0,0,0,0,0,0,0,0,0,0,0,0.10221077885595181,0,0,0,0
TM7_phylum_sp_oral_taxon_352,0,0.014100756043141736,0,7.498753920769817e-4,0,0.010386902077380416,0,0.01073766073843187,4.1405372532558107e-5,0,9.260566746684897e-5,0,2.0708143878529439e-4,0.015394198460580153,0,0.0096828,1.0200676304839011e-4,0,0,0,0,0,0,0,0,0,0,0,0,0,0,0,0,0,0,0,0,0,0,0,0,0.002261035708015899,0,0,0,0,0,0,0,0,0,0,0,0,0,0.00807283504266948,0,0,0,0,0,0,0,0.0010937734729897712,0,0,0,0,0,0.012462698753730125,0,0,0,0,0,0,0,0.04880113565547036,0,0,0,0,0,0,8.113533373667277e-6,0,0,0.005988551210868044,0,0,0,0.07284631522202178,0,0,0,0,0,0,0,0,0,0,8.802289475492576e-6,0,0,0.04852530802116469,0,0,1.796301240618704e-4,0.0237742,0,0,0,0,0,0,0,0,0,0,0,0,0,0.01132023033011342,2.2482555221084807e-4,0,0,0
Peptostreptococcus_russellii,0,0,0,0,0,0,0,0,0,0,0,0,0,0,0,0,0,0,0,0,0,0,0,0,0,0,0,0,0,0,0,0,0,0,0,0,0,0,0.04025618503658818,0,2.645511128783482e-4,0,0,0,0,0,0,0,0,0,0,0,0,0,0,0,0,0,0,0,0,0,0,0,0,0,0,0,0,0,0,0,0,0,0.0037526435481593933,0,0.012462339402051964,0,0,0,0,0,0,0,0,0,0,0,0,0,0,0,0,0,0,0,0,0,0,0,0,0,0,0,0,0,0,0,0,0,0,0,0,0,0,0,0,0,0,0,0,0,0,0,0,0,0,0
GGB3256_SGB4303,0,0,0,0,0.017897271251936187,0,0.0017742060397280151,0,0,0,0,0,0.010465732510494782,0,0.0026015,0,0,0,0,0,0,0,0,0,0,0,0,0,0,0,0,0,0,0,0,0,0,0,0.02220521419815118,0,0.03498989094080789,0,0,0,0.03287458926248868,0,0,0,0.0033944,0,0,0,0,0,0,0,0,0,0,0,0,0,0,0,0,0,0,0,0,0,0,0,0,0,0,0,0,0,0,0,0,0,0,0,0,0,0.002618400523680105,0,0,0,0.00941128085476066,0,0,0,0,0,0,0,0,0,0,0.0449607687378962,0,0,0,0,0,0,0,0,0.021900984082234284,0,0,0,0,0,0,0,0.28027705191323227,0,0,0,0,0,0,0,0,0
Dorea_sp_AF36_15AT,1.8650001865000188e-4,0,1.0518666425438584e-4,0,3.6569317890320973e-4,0,5.240158768012278e-4,0,0,0,0,0,0,0,0,0,0,0,0,0,2.0864143803084112e-4,0,7.741234061712473e-5,0,0,0,0,0,0,0,0,0,0,0,0,0,0,0,0.009132907161801049,0,0.0011332608089171363,0,0.001857828923476864,0,0.002225473342026545,0,0,0,0,0,0,0.0053583569759759935,3.9550972117567473e-4,0,5.200461101542383e-4,0,0.003144225514897434,0,0.001247111224001016,0,0,0,0.00549258566474465,0,0,0,0,0,0,0,0,0,0,0,0.0012767985671159894,0,0.008378411032360877,0,2.0317647908973734e-5,0,0,0,0,0,8.434068025466478e-5,0,5.76000115200023e-5,0,0,0,0.0012723272376446433,0,0,0,0,0,5.4600010920002186e-5,0,0.0017947005384101615,0,0,0.0020140241534867243,0,0,6.882244968696692e-4,0,0,0,0,0,0,0,0,0,0,0,1.3566252370339666e-4,0,0,0,0,0,3.7047678320473225e-4,0,0,0,0.006308089732018526,0
Limosilactobacillus_fermentum,0,0,0,0,0,0,0,0,0,0,0,0,0,0,0,0,0,0,0,0,0,0,0,0,4.712046437723228e-5,0,0.012407406942943063,0,0,0,0,0,0,0,0,0,0,0,0.005185572441376304,0,0,0,0,0,0,0,0,0,0,0,0,0,0,0,0,0,0,0,0,0,0,0,0,0,0,0,0,0,0,0,0,0,0,0,0,0,0,0,0,0,0,0,0,0,0,0,0,0,0,0,0,0,0,0,0,0,0,0,0.0022989006896702068,0,0,0,0,0,0,0,0,0,0,0,0,0,0,0,0,0,0,0,0,0,0,0,0,0,0,0,0,0
Clostridiaceae_bacterium_Marseille_Q3526,0,0,0,0,0,0,0,0,0,0,0,0,0,0,0,0,0,0,0,0,6.524422906288173e-4,0,2.3839367475573479e-4,0,0,0,0,0,0,0,0,0,0,0,0,0,0,0,0.0037815064857320926,0,4.088517199029017e-5,0,0,0,0,0,0,0,0,0,0,0,0.015417157460402398,0,0.0012629118997025033,0,0,0,0,0,0,0,0,0,0,0,0.0076675970572443715,0,0,0,0,0,0,0,0,0,0,0,0,0,0,0,0,0,0,0,0,0,0,0,0,0,0,0,0,0,0,0,0,0,0,0,0,0,0,0,0,0,0,0,0,0,0,0,0,0,7.942515133129489e-4,0,0,0,1.1980773957997686e-4,0,1.3410018624914674e-5,0,0,0,0,0
Clostridium_SGB6179,0,0,0,0,0.002733910554722705,0,0.011579502733281954,0,0,0,0,0,0,0,0,0,0,0,0,0,0.006009874093648084,0,0.14591741748394552,0,0,0,0,0,0,0,0,0,0,0,0,0,0,0,0.002649937199210332,0,0.0023659287026734093,0,0,0,0,0,0,0,0,0,0,0,0,0,0,0,0,0,0,0,0,0,0,0,0,0,0,0,0,0,0,0,0,0,0,0,0,0,0,0,0,0,0,0,0,0,1.320000264000053e-4,0,0,0,7.69137367933913e-5,0,6.653982156657289e-5,0,0.001066502685949233,0,0,0,0,0,0,2.3494948036056394e-4,0,0,9.420810756074347e-4,0,0,0,0,0,0,4.800502021653686e-4,0,0,3.412333508604556e-4,0,1.3005580685661422e-4,0,9.260398197122476e-5,0,0,0,0,0,0,0,0,0
GGB9512_SGB14909,0,0,0,0,0,0,0,0,0,0,0,0,0,0,0,0,0,0,0,0,0,0,0,0,0,0,0,0,0,0,0,0,0,0,0,0,0,0,0.002433587097739724,0,4.4322332282611135e-4,0,0,0,0,0,0,0,0,0,0,0,0.004744211308088234,0,8.739538616052451e-4,0,0,0,0,0,0,0,0,0,0,0,0,0,0,0,0,0,0,0,0,0,0,0,0,0,0,0,0,0,0.07026430085382418,0,0,0,0,0,0,0,0,0,0,0,0,0,0,0,0,0,0,0,0,0,0,0,0,0,0,0,0,0,0,0,0.0010930094252914993,0,0,0,0,0,0,0,0,0,0,0
Streptococcus_sp_F0442,0,0,0,0,0,0,0,0,0,0,0,0,0,0,0,0,0,0,0,0,0,0,0,0,0,0,0,0,0,0,0,0,0,0,0,0,0,0,0.0022097039147415875,0,0,0,0,0,0,0,0,0,0,0,0,0,0,0,0,0,0,0,0,0,0,0,0,0,0,0,0.02509294488868364,0.019371676823683924,0,0.0053597994640200534,0,0,0,0,0,0,0,0,0,0,0,0,0,0,0,0,0,0,0,0,0,0,0,0,0,0,0,0,0,0,0,0,0,0,0,0,0,0,4.4932549138596e-5,0.0017539,9.453472870911411e-5,0,0,0,0,0,0,0,0,0,0,0,0,0,0,0,0,0
Carnobacterium_divergens,0,0,0,0,1.979624431799578e-4,0,0,0,0,0,0,0,0,0,0,0,0,0,0,0,0,0,0,0,0,0,0,0,0,0,0,0,0,0,0,0,0,0,0.001911193004077406,0,0,0,0,0,0,0,0,0,0,0,0,0,0,0,0,0,0,0,0,0,0,0,0,0,0,0,0,0,0,0,0,0,0,0,0,0,0,0,0,0,0,0,0,0,0,0,2.7400005480001095e-5,0,0,0,0,0,0,0,0,0,0,0,0,0,0,0,0,0,0,0,0,0,0,0,0,0,0,0,0,0,0,0,0,0,0,0,0,0,0,0,0,0
Blautia_luti,0,0,0,0,0,0,0.025029379980363215,0,0,0,0,0,0,0,0,0,0,0,0,0,0,0,1.3827236850777167e-5,0,0,0,0,0,0,0,0,0,0,0,0,0,0,0,0.0017988998687737197,0,0.006853777789891903,0,0,0,0,0,0,0,0,0,0,0,0,0,0,0,0.0029611379270206646,0,0.015821442392981538,0,0,0,0,0,0,0,0,0,0,0,0,0,0,0,0,0,0,0,0,0,0,0,0,0,0,0,0,0,0,0,0,0,0,0,0,0,0,0,0,0,0,0,0,0,0,0,0,0,0,0,0,0,0,0,0,0,0,0,0,0,0,0,0,0,0,0,0,0
Faecalibacillus_SGB6753,0,0,0,0,0,0,9.821461181748901e-5,0,0,0,0,0,0,0,0,0,0,0,0,0,0,0,0,0,0,0,0,0,0,0,0,0,0,0,0,0,0,0,0.001717140823928281,0,0,0,0.00234546062962248,0,0.003378697893040018,0,0,0,0,0,0,0,0,0,0,0,0.005105361734573616,0,0.0016043144388299495,0,0,0,0,0,0,0,0,0,0,0,0,0,0,0,0,0,0,0,0,0,0,0,0,0,0,0,0,0,0,0,0.0025074478301824704,0,0,0,0,0,0,0,0,0,0,0,0,0,0,0,0,0,0,0,0,0,0,0,0,0,0,0,0,0,0,0,0,0,0,0,1.2864791046105433e-4,0
Clostridium_sp_AT4,0,0,0,0,0,0,0,0,0,0,0,0,0,0,0,0,6.344420635088107e-4,0,0,0,0.0016457156306260014,0,2.998592750632041e-4,0,0,0,0,0,0,0,0,0,0,0,0,0,0,0,0.0014071796293422564,0,2.2947804867099143e-5,0,0,0,0,0,9.132190837685234e-4,0,0,0,0,0.0017285055204012006,0.0036186532171968108,0,1.6643878973162797e-4,0,0,0,0,0,0,0,0,0,0.01424616561101054,0,0,0,0,0,0,0,2.669462666600353e-4,0,0,0,0,0,0.03812501538836634,0,0,0,0,0,0,0,0,0,0,0,0,0,0,0,0.0035102790434827836,0,0,0,0,0,0,0,0,0,0,0,0,0,0,0,0,0,0,0,3.1821086018931895e-4,0,0,0,0,0,4.7073040918443334e-4,0,5.6342093177813145e-5,0,0,0,0,0
Lactococcus_carnosus,0,0,0,0,0,0,0,0,0,0,0,0,3.497084014946983e-4,0,0,0,0,0,0,0,0,0,0,0,0,0,0,0,0,0,0,0,0,0,0,0,0,0,7.132321590263643e-4,0,0,0,0,0,0,0,0,0,0,0,0,0,0,0,0,0,0,0,0,0,0,0,0,0,0,0,0,0,0,0,0,0,0,0,0,0,0,0,0,0,0,0,0,0,0,0,0,0,0,0,0,0,0,0,0,0,0,0,0,0,0,0,0,0,0,0,0,0,0,0,0,0,0,0,0,0,0,0,0,0,0,0,0,0,0,0,0,0
Eggerthella_sinensis,0,0,0,0,1.2253383088764512e-5,0,0,0,0,0,0,0,0,0,0,0,0,0,0,0,0,0,0,0,0,0,0,0,0,0,0,0,0,0,0,0,0,0,4.806106014562953e-4,0,5.0705629968350065e-5,0,0,0,0,0,0,0,0,0,0,0,0,0,0,0,0,0,1.337012033108298e-4,0,0,0,0,0,0,0,0,0,0,0,0,0,0,0,0,0,0,0,0,0,0,0,0,0,0,0,0,0,0,0,0,0,0,0,0,0,0,0,0,0,0,0,0,0,0,0,0,0,0,0,0,0,0,0,0,0,0,0,0,0,0,0,0,0,0,0,0,0
Clostridium_cuniculi,0,0,0,0,0,0,0,0,0,0,0,0,0.0010200752997738343,0,0,0,0,0,0,0,0,0,0,0,0,0,0,0,0,0,0,0,0,0,0,0,0,0,4.646404686179357e-4,0,0,0,0,0,0,0,0,0,0,0,0,0,0,0,0,0,0,0,0,0,0,0,1.5339175895020402e-4,0,0,0,0,0,0,0,0,0,0,0,0,0,0,0,0,0,0,0,0,0,0,0,0,0,0,0,1.754313320359016e-4,0,0,0,0,0,0,0,0,0,0,0,0,0,0,0,0,0,0,0,0,0,0,0,0,0,0,0,0,0,0,0,0,0,0,0,0,0
Leuconostoc_gelidum,0,0,0,0,0,0,0,0,0,0,0,0,0,0,0,0,0,0,0,0,0,0,0,0,0,0,0,0,0,0,0,0,0,0,0,0,0,0,3.9855023334975544e-4,0,0,0,0,0,0,0,0,0,0,0,0,0,0,0,0,0,0,0,0,0,0,0,0,0,0,0,5.4101390405733426e-5,0,0,0,0,0,0,0,0,0,0,0,0,0,0,0,0,0,0,0,0,0,0,0,0,0,0,0,0,0,0,0,0,0,0,0,0,0,0,0,0,0,0,0,0,0,0,0,0,0,0,0,0,0,0,0,0,0,0,0,0,0
Clostridium_SGB4750,0,0,0,0,0,0,0,0,0,0,0,0,0,0,0,0,0,0,0,0,0,0,2.6372678752613674e-4,0,0,0,0,0,0,0,0,0,0,0,0,0,0,0,3.743439313746317e-4,0,1.7205843212580448e-4,0,0,0,0,0,0,0,0,0,0,0,0,0,0,0,0,0,0,0,0,0,0,0,0,0,0,0,1.6603278259607254e-4,0,0,0,0,0,0.0018832854012016114,0,0,0,4.5029112286932427e-4,0,0,0,0,0,6.881478305814098e-5,0,1.552000310400062e-4,0,0,0,0,0,0,0,0,0,0,0,0,0,0,0,0,0,0,0,0,0,0,0,0,0,0,0,0,0,0,0,0,0,0,0,0.0016387242909177446,0,0,0,0,0
Actinomyces_gerencseriae,0,5.857711109168688e-4,0,0,0,0,0,0,0,0,0,0,5.437779037951885e-4,0,0,0,0,0,0,0,0,0,0,0,0,0,0,0,0,0,0,0,0,0,0,0,0,0,3.2342030024854146e-4,0,0,0,0,0,0,0,7.590989865078406e-5,0,2.11e-4,0,0,0,0,0,0,0,0,0,0,0,0,0,0,0,0,0,0,0,0,0,0,0,0,0,0,0,0,0,0,0,0,0,0,0,0,0,0,0,0.0021108601127352326,0,2.1483837013290573e-4,0,0,0,0,0,0,0,9.780002934000881e-5,0,0,0,7.826035551847035e-4,0,0,4.7038487193695996e-5,0,0,0,0,0,0,0,0,0,0,0,0,0,0,0,0,0,0,0,0,0,0
Phascolarctobacterium_faecium,0,0,0.004118608883324347,0,0,0,0,0,0,0,0,0,0,0,0,0,0,0,0,0,0,0,0,0,0,0,0,0,0,0,0,0,0,0,0,0,0,0,2.44674488014114e-4,0,1.3267639145868673e-4,0,0,0,0,0,0,0,0,0,0.0019410761363972877,3.2672413889232713e-4,0,0,0,0,4.368793237871351e-5,0,0,0,0,0,0,0,0,0,8.242211824843899e-4,0,7.634498341728773e-5,0,0.03844112621145515,0,0.002442609090180133,0,0,0,0,0,0,0,0,0,0,0,0,0,0,0,0,0,0,0,0,0,0,0,0,0,0,0,0,0,0,0,0,0,0,0,0,0,0,0,0,0,0,0,9.561454622637921e-4,0,0.0021159909876124674,0,0,0,0,0,0,0,0,0
Streptococcus_constellatus,0,0.010467208910545015,0,0.006554042572669052,0,0,0,0,0,0,0,0,0,0,0,0,0,0,0,0,0.0012640569041753404,0.07934613816783674,0,2.00400020040002e-4,0,0,0,0,0,0,0,0,0,0,0,0,0,0,2.3774405300878808e-4,0,0,0,0,0,0,0,0,0,0,0,0,0,0,0,0,0,0,0,0,0,0,0,4.643777907944532e-4,0.006703149217728125,0,0,0,8.148480380328134e-4,0,0.0055866994413300555,0,0,0,0,0.0010495538719720622,0,0,2.833675681012896e-4,0,0,0,0,0,0,0,0,0,0,0,0,0,0,0,0,0,0,0,0,0,0,0,0,0,0,0,0,0,0,0,0,0,0,0,0,0,0,0,0,0,0,0,0,0,0,0,0,0,0
GGB12794_SGB19881,0,0,0,0,0,0,0,0,0,0,0,0,0,0,0,0,0,0,0,0,0,0,0,0,0,0,0,0,0,0,0,0,0,0,0,0,0,0,2.0901790211714746e-4,0,0,0,0,0,0,0,0,0,0,0,0,0,0,0,0,0,0,0,0,0,0,0,0,0,0,0,0,0,0,0,0,0,0,0,3.1491625962846694e-4,0,0,0.0011297271092420924,0,0,0,0,0,0,0,0,0,0,0,0,0,0,0,0,0,0,0,0,0,0,0,0,0,0,0,0,0,0,0,0,0,0,0,0,0,0,0,0,0,0,0,0,0,0,0,0,0,0
Sutterella_wadsworthensis,0,0,0,0,0,0,0,0,0,0,0,0,0,0,0,0,0,0,0,0,0,0,0.0034529739207210834,0,0,0,0,0,0,0,0,0,0,0,0,0,0,0,1.905367421029451e-4,0,0,0,0,0,0,0,0,0,0,0,3.787269094937368e-5,0,0,0,0,0,0,0,0,0,0,0,0,0,0,0,0,0,0,0,6.502589803238434e-5,0,0,0,0,0,0,0,0,0,0,0,0,0,0,0,0,0,0,0,0,0,0,0,0,0,0,0,0,0,2.536000760800228e-4,0,0,0,0,0,0,0,0,0,0,0,0,0,0,0,0,0,0,0,0,0,0,0,0,0,0,0
Fusicatenibacter_sp_CLA_AA_H277,0,0,0,0,0,0,5.865253849475672e-4,0,9.012937023430929e-5,0,0,0,0,0,0,0,0,0,8.869999113000089e-5,0,0,0,3.194394498737937e-4,0,0,0,0,0,0,0,0,0,0,0,0,0,0,0,1.7607322557009107e-4,0,6.230980378324124e-4,0,0,0,0,0,0,0,0,0,0,0,0,0,8.11163776670389e-6,0,0.001830875878767695,0,6.479058311524803e-4,0,0,0,0.003104557146084788,0,0,0,0,0,0,0,0,0,0,0,0,0,3.046146197513206e-4,0,0,0,1.1640002328000466e-4,0,0,0,0,0,0,0,0,0,0,0,0,0,0,0,0,0,0,0,0,0.001035117995849926,0,0,0,0,0,0,0,0,0,0,0,0,0,0,3.165792619558231e-4,0,0,0,0,0,0,0,0,0,2.5032823393481446e-4,0
Lachnospiraceae_bacterium,0,0,0,0,2.2658714957584213e-4,0,0.006515823345879227,0,0,0,0,0,0,0,0,0,0,0,0,0,1.0206919270573522e-5,0,1.511912467333153e-4,0,0,0,1.7837660236715182e-4,0,0,0,0,0,0,0,0,0,0,0,1.42325020326765e-4,0,5.929352026140856e-4,0,0,0,0,0,0,0,0,0,1.611603870186114e-5,0,0,0,0,0,0.0014473259620911274,0,0.0011129100161901457,0,0,0,0.0020326159108378632,0,0,0,0,0,0.03824151319168079,0,0,0,2.951634005503356e-4,0,0,0,4.367014743528675e-4,0,0,0,0,0,0,0,0,0,2.6140005228001046e-4,0,0,0,0,0,0,0,0,0,0,0,0,0,0,0,0,0,0,0,0,0,0,0,0,0,0,0,0,0,5.555655675499249e-4,0,0,0,0,0,0,0,0,0,0,0
Solobacterium_SGB6834,0,0.008340288758965073,0,0,0,0,0,0,0,0,0,0,0,0,0,0,0,0,0,0,0,0,0,0,0,0,0,0,0,0,0,0,0,0,0,0,0,0,1.365998783658436e-4,0,0,0,0,0,0,0,0,0,0,0,0,0,0,0,0,0,0,0,0,0,0,0,0,0,0,0,0,0,0,0,0,0,0,0,0,0,0,0,0,0,0,0,0,0,0,0,0,0,0,0,0,0,0,0,0,0,0,0,0,0,0,0,0,0,0,0.002935808549108484,0,0,0,0.010538,0,2.1311107349150378e-5,0,0,0,0,0,0,0,0,0,0,0,0.001747408912649361,0,0,0,0
Leuconostoc_carnosum,0,0,0,0,0,0,0,0,7.11811489058505e-6,0,0,0,0,0,0,0,0,0,0,0,0,0,0,0,0,0,0,0,0,0,0,0,0,0,0,0,0,0,1.1942445248307945e-4,0,0,0,0,0,0,0,0,0,0,0,0,0,2.7306616905714055e-4,0,1.5782643358426334e-4,0,0,0,0,0,0,0,0,0,0,0,0,0,0,0,0,0,0,0,0,0,0,0,0,0,0,0,0,0,0,0,8.300001660000333e-5,0,0,0,0,0,0,0,0,0,0,0,0,0,0,0,0,0,0,0,0,0,0,0,0,0,0,0,0,0,0,0,0,0,0,0,0,0,0.007928032568933138,0,0,0
Anaeroglobus_geminatus,0,0,0,0,0,0,0,0,0,0,0,0,0,0,0,0,0,0,0,0,0,0,0,0,0,0,0,0,0,0,0,0,0,0,0,0,0,0,9.823138311896695e-5,0,0,0,0,0,0,0,0,0,0,0,0,0,0,0,0,0,0,0,0,0,0,0,0,0,0,0,0,0,0,0,0,0,0,0,0.001995805591962912,0,0,0,0,0,0,0,0,0,0,0,0,0,0,0,0,0,0,0,0,0,0,0,0,0,0,0,0,0,0,0,0,0,0,0,0,0,0,0,0,0,0,0,0,0,0,0,0,0,0,0,0,0
Eubacterium_ventriosum,0,0,3.84682657844611e-5,0,0,0,0.001446107852125216,0,0.007886269767932412,0,0.0059036613040718095,0,8.359917022174962e-4,0,0,0,0.010033065192222244,0,0.012531898746810126,0,0,0,0.0026437273143741394,0,0,0,0,0,0,0,0,0,0,0,0,0,0,0,7.633522614561849e-5,0,0,0,0,0,0,0,0,0,0,0,0,0.0028234318077657757,0,0,0.006336090388880927,0,0,0,0,0,0,0,3.5661332609166803e-4,0,0,0,0,0,0,0,0,0,0,0,0.003649040807957091,0,0.005851558318056494,0,0,0,0,0,0,0,0,0,5.132001026400205e-4,0,0,0,0,0,0,0,0,0,0,0,0.0020183006054901816,0,0,0,0,0,0,0,0,0,0,0,0,0,0,0,0.0036318479522645672,0,0,0,0,0,0,0,6.513866509669374e-4,0,0,0,0,0
GGB3819_SGB5184,0,0,0,0,0,0,0,0,0,0,0,0,0,0,0,0,0,0,0,0,6.544436473485376e-5,0,0,0,0,0,0,0,0,0,0,0,0,0,0,0,0,0,7.010787874952856e-5,0,0,0,0,0,0,0,0,0,0,0,2.7790094236521806e-4,0,0.002885395843658136,0,3.724343315354539e-4,0,0,0,0,0,0,0,0,0,0,0,0,0,0,0,0,0,0,0,0.007271229068163489,0,0,0,0,0,0,0,0,0,0,0,0,0,0,0,0,0,0,0,0,0,0,0,0,0,0,0,0,0,0,0,0,0,0,0,0,0,0,0,0,0,9.180998836606254e-5,0,3.3531441851999635e-4,0,0,0,0,0,0,0,0,0
Pseudoflavonifractor_phocaeensis,0,0,0,0,0,0,0,0,0,0,0,0,0,0,0,0,0,0,0,0,0,0,0,0,0,0,0,0,0,0,0,0,0,0,0,0,0,0,6.789817483478697e-5,0,0,0,2.5812800154021126e-4,0,0,0,0,0,0,0,0,0,0.0033116919452600107,0,2.685853393864177e-4,0,0,0,0,0,0,0,0,0,0,0,0,0,0,0,1.4571572078889296e-4,0,5.106489230291398e-4,0,0,0,0,0,0,0,0,0,0,0,1.562606427521105e-5,0,0,0,0,0,0,0,0,0,0,0,0,0,0,0,0,0,0,0,0,0,0,0,0,0,0,0,0,0,0,0,0,0,0,0,0,0,0,0,0,0,0,0
Bacteroides_caccae,0,0,0,0,0,0,0.0020240394585387526,0,0.0017514572836411382,0,0.0013723839899001818,0,0,0,0,0,0,0,0,0,0.016305053195561272,0,0.0011238414768861588,0,0,0,0,0,0,0,0,0,0,0,0,0,0,0,5.835627156658466e-5,0,0.0012461960756648249,0,0,0,0,0,0,0,0,0,0,0,0.0010655898319504866,0,1.7264769765182108e-4,0,0,0,7.751069759627837e-4,0,0,0,0,0,0.0013031870945850565,0,4.645119379568055e-4,0,4.989009231723678e-4,0,0.013852371219352037,0,7.385175042655578e-4,0,0,0,0,0,0,0,0,0,0,0,0,0,0.0032862006572401316,0,0,0,0,0,0,0,0.0015257943425650321,0,0,0,0,0,0,0,0,0,0,0,0,0,0,0,0.01002392012038097,0,0.009903698019260396,0,1.376344550991864e-4,0,0,0,0,0,0,0,1.8613906449508426e-5,0,0,0,0,0
GGB4456_SGB6141,0,0,0,0,1.1319313722161971e-4,0,3.1694673688602184e-4,0,0,0,0,0,0,0,0,0,0,0,0,0,4.893317179716129e-4,0,0,0,0,0,0,0,0,0,0,0,0,0,0,0,0,0,5.453951025930373e-5,0,0,0,0,0,0,0,0,0,0,0,0,0,0,0,0,0,0,0,0.0049750447754029785,0,0,0,0,0,0,0,0,0,0,0,0,0,0,0,0,0,0,0,0,0,0,0,0,0,0,0,0,0,0,0,1.93034475957406e-5,0,0,0,0,0,0,0,1.4100004230001268e-4,0,0,0,0,0,0,0,0,0,0,0,0,1.118583005462447e-4,0,0,0,0,0,0,0,0,0,0,0,0,0,0,9.455722398409047e-4,0
Alistipes_onderdonkii,0,0,8.485057583187124e-5,0,0,0,4.910730590874451e-6,0,0,0,0,0,1.7399682508749772e-4,0,0,0,0,0,0,0,7.148846202840906e-4,0,1.876265204787938e-4,0,0,0,0,0,0,0,0,0,0,0,0,0,0,0,5.41377459111689e-5,0,1.2055113211842912e-4,0,0,0,0,0,0,0,0,0,0.001251007504231971,2.2190479057874777e-4,0.0029683285362068893,0,2.1330603016147268e-4,0,0,0,0,0,0,0,0,0,0,0,0,0,0,0,0.001773115057916331,0,0.03633818742469933,0,1.3025489580560198e-5,0,0,0,0,0,1.7770003554000712e-4,0,0,0,4.584647191515448e-4,0,4.2950008590001717e-4,0,0,0,0,0,3.2675984993206595e-4,0,1.2015943623878316e-4,0,2.130000426000085e-4,0,0,0,0,0,0,0,0,0,0,0,0,0,0,0.001100373514675849,0,0,2.2011503037317156e-4,0,0.003056762000877051,0,0.003962870403427347,0,0,0,0,0,0,0,0,0
Bacteroides_thetaiotaomicron,0,0,0,0,0,0,5.614601975566456e-4,0,9.800942418360485e-4,0,0.0020169234357142658,0,7.621565277455842e-4,0,0,0,0,0,0,0,9.05113576493505e-4,0,0.0016964101969916979,0,0,0,0,0,0,0,0,0,0,0,0,0,0,0,4.459584264296659e-5,0,1.7506469477214935e-4,0,0,0,0,0,0,0,0,0,7.092064281237769e-4,1.7233355138596216e-4,0.0012145076656081633,0,5.768275745211655e-5,0,0,0,0,0,0,0,0.0018020780030614312,0,3.405202093326416e-4,0,0,0,0,0,0,0,0,0,5.1701174027454324e-5,0,0,0,0.003027129364566062,0,0,0,0,0,0,0,0.0031058006211601243,0,0,0,1.1242007822597116e-4,0,0,0,0,0,0,0,0,0,0,0,0,0,0,0,0,0,0,0,0,0,0,0,0,0,4.1509728654928605e-4,0,5.940255430983532e-5,0,0,0,0,0,0,0,0,0
GGB9614_SGB15049,0,0,0,0,0,0,0,0,0,0,0,0,0,0,0,0,0,0,0,0,0,0,0,0,0,0,0,0,0,0,0,0,0,0,0,0,0,0,4.4194078294831756e-5,0,0,0,0,0,0,0,0,0,0,0,0,0,0,0,0,0,0,0,0,0,0,0,0,0,6.932806854709939e-4,0,0,0,0,0,0,0,0,0,0,0,0,0,0,0,0,0,0,0,0,0,0,0,0,0,0,0,0,0,0,0,0,0,0,0,0,0,0,0,0,0,0,0,0,0,0,0,0,0,0,0,0,0,0,0,0,0,0,0,0,0,0,0
Barnesiella_intestinihominis,0,0,0,0,0,0,0,0,0,0,0,0,0,0,0,0,0.007005164442402532,0,1.4459998554000144e-4,0,0,0,3.7141774898437937e-4,0,0,0,0,0,0,0,0,0,0,0,0,0,0,0,4.258702090229242e-5,0,2.276742910831845e-4,0,0,0,5.028029748862155e-4,0,0,0,0,0,0.0011350727508204574,0,0,0,5.117341850352701e-5,0,0,0,4.200037800340203e-6,0,0,0,0,0,0,0,0,0,0,0,0,0,0,0,0,0,0,0,0,0,0,0,0,0,0,0,0.0060888012177602435,0,0,0,0,0,0,0,1.7327411614416688e-4,0,0,0,0,0,0,0,0,0,0,0,0,0,0,0,0,0,0,0,0,0,0,0,0,0,0,0,0,0,0,0,0,0
Lancefieldella_rimae,0,0.004409289926392747,0,0.0018809163446911353,0,0,0,0,0,0,0,0,0,0,0,0,0,0,0,0,0,5.227655324064771e-5,0,0,0,0,0,0,0,0,0,0,0,0,0,0,0,0,4.1883933293056457e-5,0,0,0,0,0,0,0,0,0,0,0,0,0,0,0,0,0,0,0,0,0,0,0,0,0,0,0,6.860176306531078e-5,0.002684039630523095,0,0.002791199720880028,0,0,0,0,0,0,0,0,0,0,0,0,0,0,0,0,0,0.0011151612906453528,0,0,0,0,0,0,0,0,0,0,0,0,0,0,0,0,0,0.009424691988951114,0,0,0,0,0,0,0,0,0,0,0,0,0,0,3.240209317521912e-4,0,0,0,0,0,0,0
Lachnospira_eligens,0,0,0,0,0,0,1.0435302505608209e-5,0,0.0017501539668301862,0,0.008691831940114735,0,0,0,0,0,0,0,0,0,0,0,5.512727567806196e-4,0,0,0,0,0,0,0,0,0,0,0,0,0,0,0,3.6761437854337324e-5,0,7.114821596349515e-5,0,0.010156430254761336,0,4.0686657705628213e-4,0,0,0,0,0,0,0,0,0,4.145948191870877e-5,0,0,0,0.001351912167209505,0,0,0,0,0,0,0.0018418841532011976,0,0,0,0,0,0,0.0011378203989577931,0,0,0,0,0,0,0,0,0,0,0,0,0,0,0,0,0,0,0,0,0,0,0,0,0,0,0,0,0,0,0,0,0,0,0,0,0,0,0,0,0,0,0,0,0,0,0,0,0,0,0,0,0,0,0
GGB3433_SGB4573,0,0,0,0,0,0,0,0,0,0,4.260260727956551e-5,0,0,0,0,0,0,0,0,0,0,0,0,0,1.179022778194267e-4,0,0.04278751062810535,0,0,0,0,0,0,0,0,0,0,0,2.7018652412067595e-5,0,0,0,0.001003785843400648,0,0,0,0,0,0,0,0,0,0,0,0,0,0,0,0,0,0,0,0,0,0,0,0,0,0,0,0,0,0,0,0,0,0,0,0,0,0,0,0,0,0,0,0,0,0.007973860340574101,0,0.0029438257672820367,0,0,0,0,0,0,0,0,0,0,0,0,0,0,0,0,0,0,0,0,0,0,0,0,0,6.55785631186161e-5,0,0,0,0,0,0,0,0.01833516027064867,0,0,0
Haemophilus_parainfluenzae,0,0,0,0.0015274976926521527,0,0,0,0,0,0,0,0,0,0,0,0,0,0,0,0.02802530280253028,0,0,4.211756158999497e-4,0,0,0,0,0,0,0,0,0,0,0,0,0,0,0,2.2800126756651838e-5,0,0,0,0,0,0,0,0,0,0,0,0,0,0,0,0,0,0,0,1.6530148771338942e-4,0,0,0,0,0.004120545230412547,0,0,0,0,0,0,0,0,0,0,0,0,0,0,0,0,0,0,0,0.06574669342533065,0,0.022305195538960893,2.7600005520001103e-5,0.001746935933008274,0,0,0,0,0,0,0,0,0,0,0,0,0,0,0,0,0,0,0,0,0,0,8.987884271273375e-5,0,0,0,0,0,0,0,0,0,0,0.0020365459308264978,0,0.004238093472153976,0,0,0,0
Streptococcus_cristatus,0,0.013080950316032396,0,0.001479902630629711,0,0,0,0.0013211391680708945,0,0,0,0,0,0,0,0,0,0,0,0,0,0,0,0,0,0,0,0,0,0,0,0,0,0,0,0,0,0,1.4965721968022572e-5,0,0,0,0,0,0,0,0,0,0,0,0,0,0,0,0,0.0015454383356286478,0,0,0,0,0,0,0,0.0017907322575085394,0,0,5.035129402825653e-4,5.437684845828156e-4,0,0,0,0,0,0,0,0,0,4.0770128505826386e-5,0,0,0,0,0,0,0,0.012679397464120508,0,0.009747480255791684,0,0,0,0,0,0,0,0.05829880582988058,0,0,0,0.08491809150819085,0,3.240682487731916e-5,0,0,0,0.006198155241574497,0,0,0,0,3.6437368667324498e-6,0,0,0,0,0,0,0,0,0,0,0,0,0,0,0,8.997275370549404e-5,0
Candidatus_Nanoperiomorbus_periodonticus,0,1.0737966227189474e-5,0,9.199011561954492e-4,0,0,0,0.0011830364609173344,0,0,0,0,0,0,0,0,0,0,0,0,0,0,0,0,0,0,0,0,0,0,0,0,0,0,0,0,0,0,1.165116609591019e-5,0,0,0,0,0,0,0,0,0,0,0,0,0,0,0,0,0,0,0,0,0,0,0,0,0,0,0,0,0,0,0,0,0,0,0,0,0,0,0,0,0,0,0,0,0,0,0,0,5.153055762066905e-4,0,0,0,0,0,0,0,0,0,0,0,0,0,0,0,0,0,0,0,0,0,0,0,0,0,0,0,0,0,0,0,0,0,0,0,0,0,0,0,0
Klebsiella_pneumoniae,0,0,0,0,4.3700385097716714e-4,0,6.00848349170951e-4,0,0,0,0,0,0,0,0,0,0,0,0,0,0,0,1.3322593170091867e-4,0,0,0,0,0,0,0,0,0,0,0,0,0,0,0,0,0,0.09447951973551302,0,0,0,0,0,0,0,0,0,0,0,0,0,0,0,0,0,0,0,0,0,0,0,0,0,0,0,0,0,0,0,0,0,0,0,0,0,0,0,0,0,0,0,0,0,0,0,0,0,0,0,7.429105645405566e-5,0,6.224439186647892e-4,0,0,0,0,0,0,0,0,0,0,0,0,0,0,0,2.8846250194965228e-5,0,0,0,0,0,0,0,0,0,0.21341138637555987,0,0,0,0.001594126429942634,0,0,0
Ruminococcus_callidus,0,0,0,0,0.0015193190654404982,0,6.312334947019867e-4,0,0,0,0,0,0,0,0,0,0,0,0,0,0,0,9.527672691338428e-5,0,0,0,0,0,0,0,0,0,0,0,0,0,0,0,0,0,0.010192432876167633,0,0,0,0,0,0,0,0,0,0,0,0,0,0.0024688420476858147,0,0.008023816049500134,0,0.006441457973121758,0,0,0,0,0,0,0,0,0,0,0,0,0,0,0,0,0,0,0,0,0,0,0,0,0,0.0024627077966047368,0,0,0,0,0,0,0,0,0,0,0,0,0,0,0,0,0,0,0,0,0,0,0,0,0,0,0,0,0,0,0,0,0,0,0,0,0,0,0,0,0,0,0
Blautia_SGB4815,0.0012940001294000129,0,0,0,2.8383656236761074e-4,0,9.36210325772752e-4,0,3.208164457728473e-6,0,8.13049758645229e-5,0,6.227573322262091e-4,0,0.0031736,0,0,0,0,0,2.9720147287846433e-5,0,0.00197951530185615,0,0,0,0,0,0,0,0,0,0,0,0,0,0,0,0,0,0.006968316396717642,0,0,0,0,0,0,0,0,0,0.0012634974342259134,0.010077863339696496,0,0,0,0,0,0,7.37506637559738e-4,0,0,0,0,0,0,0,0,0,0,0,0,0,0,0,0,0,0,0,0,0,0,0,0,0,4.217034012733239e-5,0,9.439001887800377e-4,0,0,0,6.90123256013524e-4,0,0,0,0,0,9.49000189800038e-5,0,0.005610701683210505,0,0,0,0,0,0,0,0,0,0,0,9.004078657347742e-4,0,0,0,0,0,4.551452640263035e-4,0,0.00512822051348208,0,0,0,0,0,0,0,0,0
Faecalibacillus_intestinalis,0.008732800873280088,0,0.01918424436004133,0,0,0,2.3612429591121317e-4,0,0,0,0,0,0,0,0,0,0,0,0,0,7.829307487545807e-4,0,0.0020989139967062917,0,0,0,0,0,0,0,0,0,0,0,0,0,0,0,0,0,0.0054475483326866525,0,0,0,0.005948998244060522,0,0,0,0,0,0,0,4.6660921212738704e-4,0,0.0027447378754298793,0,0.0019903619399571134,0,0.004671642044778403,0,0,0,0,0,0,0,0,0,0,0,0,0,0,0,6.280289899303948e-4,0,0.0026868055694578173,0,0,0,1.4860002972000595e-4,0,0,0,0,0,1.5100003020000604e-5,0,0,0,0,0,0,0,0,0,0,0,0.002689400806820242,0,0,0,0,0,9.877092190463078e-4,0,0,0,0,0,0.014175857065109631,0,0,0,0,0,5.849007110518401e-4,0,0.0062608692173763475,0,0,0,0.0168895181590166,0,0,0,0,0
Lentihominibacter_faecis,9.770000977000098e-4,0,2.3371475019569728e-4,0,0.0017200937604768937,0,0.008972314017076861,0,0,0,0,0,0.001218482114235926,0,0.0015927,0,0,0,0,0,0,0,0,0,0,0,0,0,0,0,0,0,0,0,0,0,0,0,0,0,0.003069995414447377,0,0,0,0,0,0,0,0,0,3.6734495716054735e-4,0.0023112970421176105,0,0,0,0,0,0,0,0,0,0,0,0,0,0,0,0,0,0,0,0,0,0,0,0,0,0,4.1816321656991265e-4,0,0.00125320025064005,0,0,0,2.8307216437016943e-4,0,6.505001301000261e-4,0,0,0,5.039900126162533e-4,0,0,0,0,0,6.820001364000273e-5,0,0.00355960106788032,0,0,0,0,0,0,0,0,0,0,0,0,0,0,0,0,0,0,0,0,0,0,0,0,0,0,0,0,0
Roseburia_intestinalis,1.223000122300012e-4,0,0,0,5.875597628628885e-5,0,5.794662097231852e-4,0,0.0016442845397251465,0,0,0,0,0,0,0,0.0010869720662479922,0,0.03375609662439034,0,0,0,4.72346485121439e-5,0,0,0,0,0,0,0,0,0,0,0,0,0,0,0,0,0,0.002571356650173642,0,0.003431248462462698,0,0,0,0,0,0,0,2.859589617161486e-4,0,0,0,5.862410800775873e-4,0,2.21954782889556e-5,0,4.8760438843949594e-4,0,0,0,0.0024615725126770835,0,5.999737335913956e-5,0,0,0,0,0,0,0,0,0,0,0,0,0,0,0,0,0,0,0,0,0,4.0100008020001606e-5,0,0,0,0,0,0,0,0,0,0,0,0,0,0,2.5475365111892563e-4,0,0,0.0011060822315204018,0,0,0,0,0,0,1.4537576985124647e-4,0,0,0,0,2.6311521202400476e-4,0,1.8190782203634755e-4,0,0,0,0,0,0,0,0,0
Clostridium_sp_AM49_4BH,0,0,0,0,0.0028000989109152937,0,0,0,0,0,0,0,0,0,0,0,0,0,0,0,0,0,0,0,0,0,0,0,0,0,0,0,0,0,0,0,0,0,0,0,0.0019373358580595096,0,3.999252304841632e-4,0,0.00363093633924282,0,0,0,0,0,0,0,0,0,0.0017600251080224798,0,0.004010652624394357,0,0.0012759114832033489,0,0,0,0,0,0,0,0,0,0,0,0,0,0,0,0,0,0,0,0,0,0,0,0,0,2.9959973235356576e-4,0,6.200001240000248e-5,0,0,0,0,0,0,0,0,0,0,0,1.2200003660001098e-4,0,0,1.143240766505426e-4,0,0,2.9898441358630005e-4,0,0,0,0,0,0,0,0,0,0,0,0,0,0,0,0,0,0,0,0,0,0,0
Jutongia_hominis,0,0,0,0,0,0,0,0,9.860092950549854e-4,0,0.002279939532299377,0,0,0,0,0,0,0,0,0,0,0,0,0,0,0,0,0,0,0,0,0,0,0,0,0,0,0,0,0,0.0017385216883812357,0,0,0,0,0,0,0,0,0,0,0,0,0,0,0,0,0,0,0,0,0,0,0,0,0,0,0,0,0,0,0,0,0,0,0,0,0,0,0,0,0,0,0,0,0,0,0,0,0,0,0,0,0,0,0,0,0,0,0,0,0,0,0,0,0,0,0,0,0,0,0,0,0,0,0,0,0,0,0,0,0,0,0,0,0,0,0
Roseburia_inulinivorans,0,0,0,0,0,0,2.2047134215280085e-4,0,6.396277887596143e-5,0,0,0,0,0,0,0,3.3222202632034506e-4,0,0.0018628998137100185,0,0.004913630950421291,0,0.01336992874734015,0,0,0,0,0,0,0,0,0,0,0,0,0,0,0,0,0,0.0015268807980785572,0,0.004498394849256405,0,0.0131048910195999,0,0,0,0,0,0,0,0,0,0,0,0,0,0,0,0,0,0,0,0,0,0,0,0,0,0,0,0,0,0,0,0,0,0,0,0,0,0,0,4.3192044329942345e-4,0,0.001370700274140055,0,0,0,0,0,0,0,0,0,0,0,0,0,0,3.205675115179257e-4,0,0,0,0,0,0,0,0,8.118448168905828e-4,0,0,0,7.775595979712582e-4,0,0,0,0,0,0,0,0,0,0,0,3.306069535710297e-4,0
Ruminococcus_bicirculans,0,0,0,0,2.118228273295439e-4,0,1.7228479822984532e-4,0,0.0016362641285808254,0,0,0,0,0,0,0,0,0,0,0,0,0,6.054714880862206e-4,0,0,0,0,0,0,0,0,0,0,0,0,0,0,0,0,0,0.0013632399013625183,0,0.02956981552608351,0,0,0,0,0,0,0,0.03797825100287087,0,0,0,0.05109140083277478,0,0,0,0,0,0,0,0.0010183091525350465,0,0,0,0,0,0,0,0,0,0,0,0,0,0,0,0,0,0,0,0,0,0,0,0,0,0,0,0,0,0,0,0,0,0.07878261575652315,0,5.33300159990048e-4,0,0,0,0,0,0,0,0,0,0,0,2.289481331263556e-4,0,0,0,0.007056093097346798,0,0.0012916473935775058,0,0.004110376746200087,0,0,0,0,0,0,0,0,0
Faecalibacterium_SGB15346,0,0,0.0028226090019348336,0,0,0,0.0017429001322111905,0,0,0,0,0,0,0,0,0,0,0,0,0,3.545403428984509e-4,0,0.01941424796838024,0,0,0,0,0,0,0,0,0,0,0,0,0,0,0,0,0,0.00125792049998557,0,0,0,0,0,0,0,0,0,0,0,0.0028897079425451934,0,6.431226881206467e-4,0,6.564237379937276e-4,0,9.008081072729655e-4,0,0,0,0,0,0,0,0,0,0,0,0,0,0,0,0,0,0,0,0,0,0,0,0,0,0,0,1.150000230000046e-5,0,0,0,0,0,0,0,0,0,0,0,0,0,0,9.201937928127663e-6,0,0,0,0,0,0,0,0,0.0037927252186166207,0,0,0,6.103962961417008e-4,0,8.389050081998233e-4,0,2.881123888327198e-4,0,0,0,0.0031631631992261417,0,0,0,0.0013846311995619912,0
Enterobacter_kobei,0,0,0,0,0,0,0,0,0,0,0,0,0,0,0,0,0,0,0,0,0,0,0,0,0,0,0,0,0,0,0,0,0,0,0,0,0,0,0,0,9.36049979316913e-4,0,0,0,0,0,0,0,0,0,0,0,0,0,0,0,0,0,0,0,0,0,4.668792871895968e-4,0,0,0,0,0,0,0,0,0,0,0,0,0,0,0,0,0,0,0,0,0,0,0,0,0,0,0,0,0,0,0,0,0,0,0,0,0,0,0,0,0,0,0,0,0,0,0,8.137679002369138e-5,0,0,0,0,0,0,0,0,0,0,0,0,0,0,0,0,0
Blautia_sp_OF03_15BH,0,0,0,0,0,0,0,0,0,0,0,0,0,0,0,0,0,0,0,0,0,0,9.477208323269898e-5,0,0,0,0,0,0,0,0,0,0,0,0,0,0,0,0,0,8.553819316399925e-4,0,0,0,2.5213382635784005e-4,0,0,0,0,0,0,0,0,0,0,0,3.233911316309368e-5,0,0,0,0,0,0,0,0,0,0,0,0,0,0,0,0,0,0,0,0,0,0,0,0,0,0,0,0,0,1.1740002348000469e-4,0,0,0,0,0,0,0,0,0,0,0,0,0,0,0,0,0,0,0,0,0,0,0,0,0,0,0,0,0,0,0,0,0,0,0,0,0,0,0,0,0
Roseburia_hominis,0,0,0,0,0,0,1.4701499706430387e-4,0,0.004280192662306303,0,0.00823580403120671,0,0,0,0,0,0,0,0,0,4.673167940546897e-5,0,3.316518269463779e-4,0,0,0,0,0,0,0,0,0,0,0,0,0,0,0,0,0,7.150896748105654e-4,0,0.011363132822340399,0,0.002375498199701708,0,0,0,0,0,0,0,0,0,0.003742769751762854,0,1.378931750712038e-4,0,6.600059400534604e-5,0,0,0,0,0,0,0,0,0,0.0020578032849611115,0,0,0,0.0011438089273733605,0,0.004671140955736281,0,0,0,0,0,0,0,0,0,6.657104049554657e-4,0,2.3600004720000945e-5,0,0,0,0,0,0,0,0,0,0,0,0.0010378003113400934,0,0,0.001925105427202969,0,0,2.2814071719436547e-5,0,0,0,0,0,1.8532450563853097e-4,0,0,0,0,0,1.9523389020046015e-4,0,0,0,0,0,0,0,0,0,7.639100805634819e-4,0
Eubacterium_sp_AF16_48,0.0017340001734000173,0,0,0,0,0,0.0017575300170965039,0,2.1183910934938324e-4,0,0,0,0,0,0,0,0,0,0,0,0,0,0,0,0,0,0,0,0,0,0,0,0,0,0,0,0,0,0,0,5.56058380818922e-4,0,0,0,0.0037904816028095033,0,0,0,0,0,0,0,0,0,0,0,0,0,0,0,0,0,0,0,0,0,0,0,0,0,0,0,0,0,0,0,0,0,0,0,0,0,0,0,0,0,0,0,0,0,0,0,0,0,0,0,0,0,0,0,0,0,0,0,0,0,0,0,0,0,0,0,0,0,0,0,0,0,0,0,0,0,0,0,0,0,0,0
Lachnospiraceae_bacterium_CLA_AA_H244,0.0027349002734900272,0,0,0,0,0,4.7224859182242633e-4,0,0.002542069312192599,0,0,0,0,0,0,0,0,0,0,0,2.8179102613661803e-4,0,1.0647981662459788e-4,0,0,0,0,0,0,0,0,0,0,0,0,0,0,0,0,0,4.723840704956566e-4,0,0,0,0.001596394214271486,0,0,0,0,0,0,0,0,0,0.001018461186263933,0,0,0,9.981089829808468e-4,0,0,0,0,0,0,0,0,0,0,0,0,0,0,0,0,0,0,0,0,0,3.800000760000152e-6,0,0,0,0,0,0,0,0,0,0,0,0,0,0,0,0,0,0,0,0.0016761005028301508,0,0,0,0.0013241167151899292,0,0,0,0,0,0.010248009937685015,0,0,0,7.357187236211055e-5,0,0,0,0,0,0,0,0,0,0,0,0,0
Eubacteriaceae_bacterium,0,0,0,0,6.892025799598531e-4,0,0.0027260693192591797,0,0,0,0,0,0,0,0,0,0,0,0,0,1.1587855407180527e-4,0,0,0,0,0,0,0,0,0,0,0,0,0,0,0,0,0,0,0,1.727598934099516e-4,0,0,0,3.9452143535079453e-4,0,0,0,0,0,0,0,0,0,0.0037684065328526836,0,0,0,0,0,0,0,0.007419638427707455,0,0,0,0,0,0,0,0,0,0,0,0,0,0,0,0,0,0,0,0,0,1.8410709062716612e-4,0,3.657000731400146e-4,0,0,0,0,0,0,0,0,0,0,0,0,0,0,0,0,0,2.976836112514199e-4,0,0,0,0,0,0,0,0,0,0,0,0,0,0,0,0,0,0,0,0,0,0,0
Anaerotignum_faecicola,0,0,0,0,0,0,0,0,0,0,0,0,0,0,0,0,0,0,0,0,0,0,1.369602949379899e-4,0,0,0,0,0,0,0,0,0,0,0,0,0,0,0,0,0,1.0531940137694845e-4,0,0,0,0,0,0,0,0,0,0,0,0.004424714864968127,0,0.001294156726655733,0,0,0,0,0,0,0,0,0,0.001968877014715309,0,0,0,0,0,0,0,0,0,0,0,0,0,0,0,0,0,0,0,2.6353958402615564e-4,0,6.01000120200024e-5,0,0,0,0,0,0,0,0,0,0,0,0,0,0,0,0,0,0,0,0,0,0,0,0,0,0,0,0,0,0,0,0,0,0,0,0,0,0,0,0,0
Bacteroides_ovatus,0,0,0,0,0,0,9.627078095860121e-5,0,0.0027375668338354277,0,0.0028784761627411596,0,1.1902391513231727e-5,0,0,0,0.014082133645460694,0,4.409999559000044e-5,0,2.642791548390654e-4,0,9.19460786208613e-5,0,0.0027542214779121307,0,0,0,0,0,0,0,0,0,0,0,0,0,0,0,9.048850565498046e-5,0,0,0,0,0,0,0,0,0,9.577963250999849e-4,3.773091048579713e-4,9.817546070765353e-5,0,9.84412336379003e-5,0,0,0,0,0,0,0,0,0,0,0,0,0,0,0,4.4930731445514375e-4,0,0.001361019958039701,0,0,0,0,0,0.0031492354258909287,0,0,0,0,0,0,0,3.50000070000014e-5,0,7.721317256723997e-5,0,0.00203426331942885,0,0,0,0.002266393369925005,0,9.900001980000396e-6,0,0,0,0.0015645004693501407,8.271742028871281e-5,0,0,0,0,0,0,0,0,0,0,8.433998313200337e-4,0,4.454351455937305e-5,0,7.603108524011766e-4,0,0,0,0,0,1.1918904613636848e-4,0,0,0,0,0
Wansuia_hejianensis,0,0,0.004411628876604423,0,2.5812454539446554e-5,0,4.256989580964289e-4,0,0,0,0,0,0,0,0,0,9.518631085240952e-4,0,3.541999645800035e-4,0,6.0741176443511054e-5,0,0,0,0,0,0,0,0,0,0,0,0,0,0,0,0,0,0,0,6.293109806348585e-5,0,3.8709013648492615e-4,0,2.920986071332321e-4,0,0,0,0,0,0.002115330804861161,5.568401163312295e-4,0.0029973098519826932,0,9.537683714825661e-4,0,4.2623352877071296e-4,0,1.390012510112591e-5,0,0,0,2.0332162699726976e-4,0,0,0,0,0,0,0,0.008416989340080913,0,3.9077685423617335e-4,0,0,0,1.7725593130839726e-4,0,2.575236850728543e-4,0,5.50000110000022e-5,0,0,0,3.575964709134837e-5,0,0,0,0,0,6.401143244183411e-6,0,0,0,0,0,1.0430002086000417e-4,0,1.1120003336001e-4,0,0,0,0,0,0,0,0,0,0,0,0,0,0,0,0.0014150823939906895,0,5.703833192164212e-4,0,0.003259240147326335,0,0,0,0,0,0,0,0,0
Clostridium_fessum,0,0,0,0,0,0,6.915945582148184e-5,0,0.0014659306469033042,0,0.004920701146910191,0,0.0053338852815228285,0,0,0,0.005479463288416022,0,1.3569998643000135e-4,0,6.847642016523001e-4,0,0.015159092452841805,0,0,0,0,0,0,0,0,0,0,0,0,0,0,0,0,0,3.226721907076823e-5,0,0,0,1.6979800837293543e-4,0,0,0,0,0,0,0,0.003879585340548511,0,2.2161795528044084e-4,0,0,0,0,0,0,0,0,0,0.019139764081900226,0,0,0,0,0,0,0,0,0,0.0016592469804159761,0,0,0,0.03101393870716104,0,5.705001141000228e-4,0,0,0,9.666123093319657e-5,0,0,0,0,0,0,0,0,0,0,0,0,0,0,0,0,0,0,0,0,0,3.1300003130000316e-5,0,0,0,6.419049780226998e-4,0,0,0,6.476326723576262e-5,0,0,0,0,0,0.0052536393851042775,0,4.3882784828545407e-4,0,0,0,0,0
GGB3109_SGB4121,0,0,1.5136861875083524e-4,0,0,0,0,0,0.001389836996171557,0,0.005119213295853706,0,0.002023910895872836,0,0,0,0,0,0,0,1.3409090022126e-4,0,0,0,2.5784803468227964e-5,0,0,0,0,0,0,0,0,0,0,0,0,0,0,0,2.6655528797591142e-5,0,7.987299368890279e-4,0,4.836575432582135e-4,0,0.003914410439121261,0,0,0,0,0,9.587901734687185e-4,0,2.4715459269413826e-4,0,0,0,2.3800214201927818e-5,0,1.4807932464561057e-4,0,0,0,0,0,1.9800508873078038e-5,0,0,0,2.282604819995742e-4,0,0,0,4.027882162604e-5,0,0,0,3.2157932380065323e-4,0,0,0,0,0,0,0,0,0,0,0,0,0,0,0,3.584739811727501e-4,0,1.300000260000052e-5,0,0,0,0,0,0,0,1.6920436525248773e-4,0,0,0,0,0,1.0860360161121995e-4,0,0,0,0,0,0,0,0,0,0,0,1.68425830938294e-4,0,0,0,0,0
Mediterraneibacter_massiliensis,0,0,0,0,0,0,0,0,0,0,0,0,0,0,0,0,0,0,0,0,0,0,0,0,0,0,0,0,0,0,0,0,0,0,0,0,0,0,0,0,1.653444455489676e-5,0,0,0,0,0,0,0,0,0,0,7.562401725525164e-5,0,0,0,0,0,0,0,0,0,0,0,0,0,0,0,0,0,0,0,0,0,0,0,0,0,0,0,0,0,0,0,0,0,0,0,0,0,0,0,0,0,0,0,0,0,0,0,0,0,0,0,0,0,0,0,0,0,0,0,0,0,0,0,0,0,0,0,0,0,0,0,0,0,0,0,0
Clostridium_sp_1001270J_160509_D11,0,0,0,0,0,0,1.0384149061953266e-4,0,0,0,0,0,0,0,0,0,0,0,0,0,5.218537646670678e-4,0,5.964888305700223e-4,0,0,0,0,0,0,0,0,0,0,0,0,0,0,0,0,0,9.62004046830357e-6,0,0,0,0,0,0,0,0,0,0,0,0,0,0,0,0,0,0.002922926306336757,0,0,0,0,0,0,0,0,0,0,0,0,0,0,0,0,0,6.98460800836664e-4,0,0,0,0,0,0,0,0,0,0,0,0,0,0,0,0,0,6.924951663135877e-4,0,0,0,2.3070006921002077e-4,0,0,0,0,0,0,0,0,0,7.075125220709882e-5,0,0,0,0,0,0,0,0,0,0,0,0,0,0,0,0,0,8.140969027763108e-4,0
Klebsiella_grimontii,0,0,0,0,0,0,0,0,0,0,0,0,0,0,0,0,0,0,0,0,0,0,0,0,0,0,0,0,0,0,0,0,0,0,0,0,0,0,0,0,3.908141440248325e-6,0,0,0,0,0,0,0,0,0,0,0,0,0,0,0,0,0,0,0,0,0,0,0,0,0,0,0,0,0,0,0,0,0,0,0,0,0,0,0,0,0,0,0,0,0,0,0,0,0,0,0,0,0,0.03284531632247185,0,0,0,0,0,0,0,0,0,0,0,0,0,0,0,8.771284357528725e-4,0,0,0,0,0,0,0,0,0,0,0,0,0,0,0,0,0
Achromobacter_xylosoxidans,0,0,0,0,0,0,0,0,0,0,0,0,0,0,0,0,0,0,0,0,0,7.151513063749494e-6,0,0,0,0,0,0,0,0,0,0,0,0,0,0,0,0,0,0,0,0,0,0.8783561645481378,0,0,0,0,0,0,0,0,0,0,0,0,0,0,0,0,0,0,0,0,0,0,0,0,0,0,0,0.9689954031004597,0,1,0,0,0,0,0,0,0,0,0,0,0,0,0,0,0,0,0,0,0,0,0,0,0,0,0,0,0,0,0,0,0,0,0,0,0,0,0,0,0,0,0,0,0,0,0,0,0,0,0,0,0,0,0,0
Pseudomonas_aeruginosa,0,0.026907938397793076,0,0.001971144430354956,0,0.1927749385549877,0,0,0,0.0017694001769400177,0,0,0,0.5893585410641459,0,0.0370581,0,0.9870303,0,0.5599088559908856,0,0,0,0,0,0.11389641138964114,0,0.7530923,0,0,0,0,0,0,0,0,0,0,0,0,0,0,0,0.025285786899250814,0,0,0,0.9868879,0,0.1237090587267665,0,0,0,0,0,0,0,0,0,0,0,0.35668581054996523,0,0,0,0,0,0.075373594397193,0,0.022798197720180227,0,0,0,0,0,0,0,0,1.6714518230535043e-5,0,0,0,0.8206405820640582,0.5838964416103558,0,0,0,0,0,0,0,0,0,0.017178203435640686,0,0,0,0,0,0,0,0,0,0,0,0,0,0.001977599406720178,0,0,0,0,0,0,0,0,0,0.21008022930063677,0,0,0,0,0,0,0,0,0,0
Neisseria_bacilliformis,0,0,0,0,0,0,0,0,0,0,0,0,0,0,0,0,0,0,0,0,0,0,0,0,0,0,0,0,0,0,0,0,0,0,0,0,0,0,0,0,0,0,0,9.86454250118063e-4,0,0,0,0,0,0,0,0,0,0,0,0.0018253464688649192,0,0,0,0,0,0,0,0,0,0,0,0,0,0,0,0,0,0,0,0,0,0,0,0,0,0,0,0,0,0,0,0,0,0,0,0,0,0,0,0,0,0,0,0,0,0,0,0,0,0,0,0,0,0,0,0,0,0,0,0,0,0,0,0,0,0,0,0,0,0,0,0
GGB9730_SGB15290,0,0,0,0,0,0,2.353058408127341e-5,0,8.791373165569057e-4,0,0.009378773980967635,0,0,0,0,0,0,0,0,0,0,0,0,0,0,0,0,0,0,0,0,0,0,0,0,0,0,0,0,0,0,0,0.0347117986601588,0,0.018178011921640574,0,0,0,0,0,0,0,0,0,0,0,0,0,0,0,0,0,0,0,0,0,0,0,0,0,0,0,0,0,0,0,0,0,0,0,0,0,0,0,0,0,0,0,0,0,0,0,0,0,0,0,0,0,0,0,0,0,0,0,0,0,0,0,0,0,0,0,0,0,0,0,0,0,0,0,0,0,0,0,0,0,1.7923865076010316e-4,0
Clostridium_leptum,0,0,0,0,0,0,3.396588658688162e-5,0,0,0,0,0,0,0,0,0,1.563103633770919e-4,0,0,0,0,0,0,0,0,0,0,0,0,0,0,0,0,0,0,0,0,0,0,0,0,0,0.015138280311322335,0,0,0,0,0,0,0,8.112410981549351e-4,0,0.0018240178292252402,0,0.0011087907821351294,0,0,0,0,0,0,0,0,0,0,0,0,0,0,0,4.045826872823152e-4,0,2.014784560152738e-4,0,0,0,0,0,4.5979938174298195e-4,0,0,0,0,0,0,0,0,0,0,0,0,0,0,0,8.54845697345138e-5,0,6.620001324000265e-5,0,2.0900006270001882e-5,0,0,0,0,0,5.963678396835168e-4,0,0,0,0,0,0,0,0,0,0,0,0,0,0.0021666931678062155,0,0,0,0,0,0,0,0,0
GGB1219_SGB1587,0,0,0,0,0,0,0,0,0,0,0,0,0,0,0,0,0,0,0,0,0,0,0,0,0,0,0,0,0,0,0,0,0,0,0,0,0,0,0,0,0,0,0.013858539946938092,0,0.017464399959156413,0,0,0,0,0,0,0,0,0,0,0,0,0,0,0,0,0,0,0,0,0,0,0,0,0,0,0,0,0,0,0,0,0,0,0,0,0,0,0,0,0,0,0,0,0,0,0,0,0,0,0,0,0,0,0,0,0,0,0,0,0,0,0,0,0,0,0,0,0,0,0,0,0,0,0,0,0,0,0,0,0,0,0
Prevotella_buccae,0,0,0,0.001215395605092226,0,0,0,0,0,0,0,0,0,0,0,0,0,0,0,0,0,0,0,0,0,0,0,0,0,0,0,0,0,0,0,0,0,0,0,0,0,0,0.01377500997011766,0,0.004214715074129437,0,0,0,0,0,0,0,0,0,0,0,0,0,0,0,0,0,0,0,0,0,0,0,0,0,0,0,0,0,0,0,0,0,0,0,0,0,0,0,0,0,0,0,0,0,0,0,0,0,0,0,0,0,0,0,0,0,0,0,0,0,0,0,0,0,0.004764995672556396,0,0,0,0,0,0,0,0,0,0,0,0,0,0,0,0,0
Adlercreutzia_equolifaciens,0,0,0,0,0,0,7.029506227062156e-4,0,0,0,0,0,3.37906877706155e-5,0,0.0080355,0,0,0,0,0,0,0,4.420678642803211e-5,0,0,0,0,0,0,0,0,0,0,0,0,0,0,0,0,0,0,0,0.009149995899900528,0,0.004198917477540211,0,0,0,0,0,0,2.6468406039338073e-4,0,0,0,0,0,0,6.648059832538493e-4,0,0,0,0.002370518043893857,0,0,0,0,0,0,0,0,0,0,0,0,0,0.006985714600446319,0,0,0,0.0034183006836601367,0,0,0,0,0,4.1800008360001674e-4,0,0,0,4.7418468938552425e-4,0,0,0,0,0,0,0,0.001143400343020103,0,0,0.0010377185435252664,0,0,0.002395677653976973,0,0,0,0,0,0,0,0,0,0,0,5.076081145211964e-5,0,0,0,0,0,0,0,0,0,0.010953854580198845,0
GGB9359_SGB14334,0,0,0,0,0,0,0,0,0,0,0,0,0,0,0,0,0,0,0,0,0,0,0,0,0,0,0,0,0,0,0,0,0,0,0,0,0,0,0,0,0,0,0.008553367760586787,0,0.01034501950950869,0,0,0,0,0,0,0,0,0,0,0,1.4281434446558762e-4,0,0.0012239110151991367,0,0,0,0,0,0,0,0,0,0,0,0,0,0,0,0,0,0,0,0,0,0,0,0,0,0,0,0,0,0,0,0,0,0,0,0,0,0,0,0,0,0,0,0,0,0,0,6.393000639300063e-4,0,0,0,0,0,0,0,0,0,0.0013554237977096563,0,1.019043818884212e-4,0,0,0,0,0,0,0,0,0
GGB3486_SGB4658,0,0,0,0,0,0,0,0,8.565799102135023e-4,0,0,0,0,0,0,0,0,0,0,0,0,0,0,0,0,0,0,0,0,0,0,0,0,0,0,0,0,0,0,0,0,0,0.006714282148981825,0,0,0,0,0,0,0,0,0,0,0,0,0,0,0,0,0,0,0,0,0,0,0,0,0,0,0,0,0,0,0,0,0,0,0,0,0,0,0,0,0,0,0,0,0,0,0,0,0,0,0,0,0,0,0,0,0,0,0,0,0,0,0,0,0,0,0,0,0,0,0,0,0,0,0,0,0,0,0,0,0,0,0,0,0
GGB36331_SGB15121,0,0,0,0,0,0,0,0,0,0,0,0,0.0026113645244581034,0,0,0,0,0,0,0,0,0,0,0,0,0,0,0,0,0,0,0,0,0,0,0,0,0,0,0,0,0,0.006319857673068764,0,0.0026661321290054754,0,0,0,0,0,8.183925903288861e-4,8.740352235586858e-4,0,0,0,0,0,0,0,0,0,0,0,0,0,0,0,0,0,0,0,0,0.005002451236631118,0,0,0,0,0,0,0,0,0,0,0,0,0,0,0,0,0,8.120450312425799e-4,0,0,0,0,0,0,0,0,0,0,0,0,0,0,0,0,0,0,0,0,0,0,0,0,0,0,0,0,0,0,0,0,0,0,0,0,0
GGB9640_SGB15115,0,0,0,0,0,0,1.396489011779922e-4,0,0,0,0,0,0,0,0,0,0,0,0,0,0,0,0,0,0,0,0,0,0,0,0,0,0,0,0,0,0,0,0,0,0,0,0.006032086716339839,0,3.188812874434425e-4,0,0,0,0,0,0,0,0,0,0,0,0,0,0,0,0,0,0,0,0,0,0,0,0,0,0,0,0,0,0,0,0,0,0,0,0,0,0,0,0,0,0,0,0,0,0,0,0,0,0,0,0,0,0,0,0,0,0,0,0,0,0,0,0,0,0,0,0,0,0,0,0,0,0,0,0,0,0,0,0,0,0,0
Gordonibacter_pamelaeae,0,0,0,0,0,0,0,0,0,0,0,0,0,0,0,0,2.36915707511408e-4,0,0,0,0,0,0,0,0,0,0,0,0,0,0,0,0,0,0,0,0,0,0,0,0,0,0.003551348270598416,0,0,0,0,0,0,0,0,0,0,0,0,0,4.549570889093614e-5,0,0.0010043090387813491,0,0,0,0,0,0,0,0,0,0,0,0,0,0,0,0,0,0,0,0,0,0,0,0,0,0,0,0,0,0,0,6.61118075688318e-5,0,0,0,0,0,3.4310006862001374e-4,0,9.048002714400814e-4,0,0,0,0,0,4.517786570756843e-4,0,0,0,0,0,0,0,0,0,0,0,0.002644868552525926,0,8.979386113602885e-4,0,0,0,0,0,0,0,0,0
Negativibacillus_massiliensis,0,0,0,0,0,0,0,0,0,0,0,0,0,0,0,0,0,0,0,0,0,0,0,0,0,0,0,0,0,0,0,0,0,0,0,0,0,0,0,0,0,0,0.0031351245080517296,0,0,0,0,0,0,0,0,0,0,0,0,0,0,0,0,0,0,0,0,0,0,0,0,0,0,0,2.3609244436163633e-4,0,0,0,0,0,0,0,0,0,0,0,0,0,0,0,0,0,0,0,0,0,0,0,0,0,0,0,0,0,0,0,0,0,0,0,0,0,0,0,0,0,0,0,0,0,0,0,0,0,0,0,0,0,0,0,0,0
GGB9758_SGB15368,0.004328400432840043,0,0,0,0,0,0.008346502787402298,0,0,0,0,0,0,0,0,0,0,0,0,0,0,0,0,0,0,0,0,0,0,0,0,0,0,0,0,0,0,0,0,0,0,0,0.0029796772585054146,0,0.006480676296156183,0,0,0,0,0,0,0,0,0,0,0,0,0,0,0,0,0,0,0,0,0,0,0,0,0,0,0,0,0,0,0,0,0,0,0,0,0,0,0,0,0,0,0,0,0,0,0,0,0,0,0,0,0,0,0,0,0,0,0,0,0,0,0,0,0,0,0,0,0,0,0,0,0,0,0,0,0,0,0,0,0,0,0
Slackia_exigua,0,0.0019438729515949542,0,0.0014463835550351828,0,0,0,7.47096588372413e-5,0,0,0,0,0,0,0,0,0,0,0,0,0,0.0016319551360404127,0,0,0,0,0,0,0,0,0,0,0,0,0,0,0,0,0,0,0,0,0.002334357254654886,0,0,0,0,0,0,0,0,0,0,0,0,6.35508302501952e-4,0,0,0,0,0,0,0,0,0,0,0,0.0012053232983270216,0,0,0,0,0,0,0,0,0,5.63497805899387e-5,0,0,0,0,0,0,0,0,0,0,0,0,0,0,0,0,0,0,0,0,0,0,0,0,0,0,0,5.500974050738039e-4,0,0,0,0,0,0,0,0,0,0,0,0,0,0,0,0,0,0,0,0,0,0
GGB47687_SGB2286,0,0,7.73973493361319e-4,0,0,0,0,0,0,0,0,0,0,0,0,0,0,0,0,0,0,0,0,0,0,0,0,0,0,0,0,0,0,0,0,0,0,0,0,0,0,0,0.0012954277014944225,0,4.517484905448769e-4,0,0,0,0,0,0.001082091273588089,8.277079100390477e-4,0,0,0,0,0,0,0,0,0,0,0,0,0,0,0,0,0,0,0,0,0,0,0,0,0,0,0,0,0,0,0,0,0,0,0,0,0,0,0,0,0,0,0,0,0,0,0,0,0,0,0,0,0,0,0,0,0,0,0,0,0,0,0,0,0,0,0,0,0,0,0,0,0,0,0,0
Zhenpiania_hominis,0,0,0,0,5.26895472816874e-4,0,4.985414618610667e-4,0,1.0677172335877575e-4,0,0,0,0,0,0,0,0.0011420757196202109,0,0,0,0,0,0,0,0,0,0,0,0,0,0,0,0,0,0,0,0,0,0,0,0,0,7.052171091803009e-4,0,1.263807727138053e-4,0,0,0,0,0,0,3.699088994161035e-4,0,0,4.4764223231069616e-5,0,0,0,0,0,0,0,0,0,0,0,0,0,0,0,0,0,0.0012536324484859682,0,0,0,0,0,9.768484905989342e-5,0,8.385001677000335e-4,0,0,0,0,0,0,0,0,0,0,0,0,0,0,0,0,0,6.903002070900621e-4,0,0,0,0,0,0,0,0,0,0,0,0,0,0,0,0.0010397156982656357,0,0.0038747419408451324,0,0,0,0,0,0,0,0,0,0,0
Alistipes_dispar,0,0,0,0,0,0,0,0,0,0,0,0,1.1599788339166514e-5,0,0,0,7.309484618830229e-4,0,0,0,0.009136793832539078,0,0,0,0,0,0,0,0,0,0,0,0,0,0,0,0,0,0,0,0,0,6.360502137399681e-4,0,7.532628837246674e-6,0,0,0,0,0,0,0,0,0,0,0,0,0,0,0,0,0,0,0,0,0,0,0,0,0,3.246142294802071e-5,0,0.0021819558533805244,0,0,0,0,0,0.0015144154212348847,0,0.0026134005226801046,0,0,0,0,0,1.24700024940005e-4,0,0,0,0,0,0,0,0,0,0,0,0,0,0,0,0,0,0,0,0,0,0,0,0,0,0,0,0,0,0,0,0,0,0,0,0,0,0,0,0,0
GGB3532_SGB4720,0,0,0,0,0,0,0,0,0.002978179168165063,0,0,0,0,0,0,0,0,0,0,0,0,0,0,0,0,0,0,0,0,0,0,0,0,0,0,0,0,0,0,0,0,0,6.230113880899495e-4,0,0,0,0,0,0,0,0,0,0,0,0,0,0,0,0,0,0,0,0,0,0,0,0,0,0,0,0,0,0,0,0,0,0,0,0,0,0,0,0,0,0,0,0,0,0,0,0,0,0,0,0,0,0,0,0,0,0,0,0,0,0,0,0,0,0,0,0,0,0,0,0,0,0,0,0,0,0,0,0,0,0,0,0,0
GGB9499_SGB72735,0,0,0,0,0,0,0,0,0,0,0,0,0,0,0,0,0,0,0,0,0,0,0,0,0,0,0,0,0,0,0,0,0,0,0,0,0,0,0,0,0,0,6.116024156461833e-4,0,3.096747410868077e-5,0,0,0,0,0,0,0,0,0,0,0,0,0,0,0,0,0,0,0,0,0,0,0,0,0,0,0,0,0,0,0,0,0,0,0,0,0,0,0,0,0,0,0,0,0,0,0,0,0,0,0,0,0,0,0,0,0,0,0,0,0,0,0,0,0,0,0,0,0,0,0,0,0,0,0,0,0,0,0,0,0,0,0
Brotolimicola_acetigignens,0,0,0,0,0,0,0,0,0,0,0,0,0,0,0,0,0.04659498924778713,0,7.07999929200007e-4,0,0,0,0,0,0,0,0,0,0,0,0,0,0,0,0,0,0,0,0,0,0,0,4.965958987800039e-4,0,0.0013296136096189997,0,0,0,0,0,2.8928289469840746e-4,0,3.342378044316744e-4,0,3.7053160168894314e-4,0,0,0,0,0,0,0,0,0,0,0,0,0,0,0,0,0,0,0,0,0,0,0,0,0,0,0,0,0,0,0,0,0,0,0,0,0,0,0,0,0,0,0,0,0,0,0,0,0,0,0,0,0,0,0,0,0,0,0,0,0,0,0,0,0,0,0,0,0,0,0,0,0
Holdemania_sp_1001095H_141210_F2,0,0,0,0,0,0,0,0,0,0,0,0,0,0,0,0,0,0,0,0,0,0,0,0,0,0,0,0,0,0,0,0,0,0,0,0,0,0,0,0,0,0,4.922156682882009e-4,0,0,0,0,0,0,0,0,0,0,0,0,0,0,0,0,0,0,0,0,0,0,0,0,0,0,0,0,0,0,0,0,0,0,0,0,0,0,0,0,0,1.621705003946583e-4,0,0,0,0,0,0,0,0,0,0,0,0,0,0,0,0,0,0,0,0,0,0,0,0,0,0,0,0,0,0,0,0,0,0,0,0,0,0,0,0,0,0,0
Hydrogeniiclostridium_mannosilyticum,0,0,0,0,0,0,0,0,0,0,0,0,0,0,0,0,0,0,0,0,3.802577767468567e-6,0,0,0,0,0,0,0,0,0,0,0,0,0,0,0,0,0,0,0,0,0,4.1357525108652636e-4,0,0,0,0,0,0,0,1.2469784945565057e-4,0,0,0,0,0,0,0,0,0,0,0,0,0,0,0,0,0,0,0,8.628555375992934e-4,0,0.004482667270256198,0,0,0,0,0,9.748467518886905e-5,0,0,0,0,0,0,0,0,0,0,0,0,0,0,0,0,0,0.007049701409940282,0,0.0015294004588201377,0,0,3.100652997521278e-6,0,0,2.6536367631555143e-4,0,0,0,0,0,0,0,0,0,3.773686514355874e-5,0,1.9463317053830488e-4,0,0,0,0,0,0,0,0,0,0,0
Lacrimispora_amygdalina,0,0,0,0,0,0,0,0,0,0,0,0,0.001541662304137574,0,0,0,0,0,0,0,1.362923926129523e-4,0,1.1122346722303969e-4,0,0,0,0,0,0,0,0,0,0,0,0,0,0,0,0,0,0,0,3.8026512618374457e-4,0,0,0,0,0,0,0,0,0,1.6586538509750658e-4,0,0,0,0,0,0,0,0,0,0,0,0,0,0,0,0,0,0,0,0,0,2.311523420180952e-4,0,0,0,9.35812847038938e-5,0,0,0,0,0,0,0,0,0,0,0,0,0,0,0,0,0,0,0,0,0,0,0,0,0,0,0,0,0,0.01577732909719801,0,0,0,0,0,3.532450851236573e-4,0,0,0,0,0,0,0,1.5711738239638834e-4,0,0,0,0,0
GGB9453_SGB14844,0,0,0,0,0,0,0,0,1.4547020713012544e-4,0,0,0,0,0,0,0,0,0,0,0,0,0,0,0,0,0,0,0,0,0,0,0,0,0,0,0,0,0,0,0,0,0,3.786352729774922e-4,0,0,0,0,0,0,0,6.547140722631088e-4,0.0013807972373107004,0,0,0,0,0,0,0,0,0,0,0,0,0,0,0,0,0,0,0,0,0,0,0,0,0,0,0,0,0,0,0,0,0,0,0,0,0,0,0,0,0,0,0,0,0,0,0,0,0,0,0,0,0,0,0,0,0,0,0,0,0,0,0,0,0,0,0,0,0,0,0,0,0,0,0,0
Blautia_sp_An46,0,0,0,0,0,0,0,0,7.990334602529979e-5,0,0,0,0,0,0,0,0,0,0,0,0,0,0,0,0,0,0,0,0,0,0,0,0,0,0,0,0,0,0,0,0,0,3.2118294745709795e-4,0,0,0,0,0,0,0,0,0,0,0,0,0,0,0,0,0,0,0,0,0,0,0,0,0,0,0,0,0,0,0,0,0,0,0,0,0,0,0,0,0,0,0,0,0,0,0,0,0,0,0,0,0,0,0,0,0,0,0,0,0,0,0,0,0,0,0,0,0,0,0,0,0,0,0,0,0,0,0,0,0,0,0,0,0
Dysosmobacter_welbionis,0,0,0,0,0,0,0,0,0.0010225021657616468,0,2.2441373412052817e-4,0,0.0012311914475466648,0,0,0,0.0019925321048785533,0,0,0,0.0010438075971701216,0,0,0,0,0,0,0,0,0,0,0,0,0,0,0,0,0,0,0,0,0,2.5517389260387897e-4,0,0,0,0,0,0,0,7.098107795750966e-4,0,0.0024461634453950896,0,0,0,0,0,0,0,0,0,0,0,0,0,0,0,0,0,1.4076921824443265e-4,0,0,0,0,0,0,0,0.0011879318375941342,0,0,0,0,0,0,0,0,0,0,0,0,0,0,0,0,0,0,0,0,0,0,0,0,0,0,0,3.600000360000036e-6,0,0,0,0,0,0,0,0,0,0,0,0,0,0,0,0,0,0,0,0,0
GGB9715_SGB15267,0,0,0,0,0,0,0,0,0,0,0,0,0,0,0,0,0,0,0,0,0,0,0,0,0,0,0,0,0,0,0,0,0,0,0,0,0,0,0,0,0,0,2.2726265644680796e-4,0,0.0010074891069817426,0,0,0,0,0,0,0,0,0,0.006252971137691246,0,0,0,0,0,0,0,0,0,0,0,0,0,0,0,0,0,0,0,0,0,0,0,0,0,0,0,0,0,0.0057909593201460035,0,0,0,0,0,0,0,0,0,0,0,0,0,0,0,0,0,0,0,0,0,0,0,0,0,0,0,0,0,0,0,0,0,0,0,0,0,0,0,0,0,0,0
GGB2980_SGB3962,0,0,0,0,0,0,0,0,0,0,0,0,0,0,0,0,3.13820806319459e-4,0,0,0,0,0,0,0,0,0,0,0,0,0,0,0,0,0,0,0,0,0,0,0,0,0,2.1799286633624788e-4,0,0,0,0,0,0,0,0,5.055455416245843e-4,0,0,0,0,0,0,0,0,0,0,0,0,0,0,0,0,0,0,0,0,0,0,0,0,0,0,0,0,0,0,0,0,0,0,0,0,0,0,0,0,0,0,0,0,0,0,0,0,0,0,0,0,0,0,0,0,0,0,0,0,0,0,4.274175441989279e-5,0,0,0,0,0,0,0,0,0,0,0,0,0
Enorma_phocaeensis,0,0,0,0,0,0,0,0,0,0,0,0,0,0,0,0,0,0,0,0,0,0,0,0,0,0,0,0,0,0,0,0,0,0,0,0,0,0,0,0,0,0,1.9894395698817388e-4,0,1.567205277527155e-4,0,0,0,0,0,0,0,0,0,0,0,0,0,0,0,0,0,0,0,0,0,0,0,0,0,0,0,0,0,0,0,0,0,0,0,0,0,0,0,0,0,0,0,0,0,0,0,0,0,0,0,0,0,0,0,0,0,0,0,0,0,0,0,0,0,0,0,0,0,0,0,0,0,0,0,0,0,0,0,0,0,0,0
Thermophilibacter_provencensis,0,0,0,0,0,0,0,0,0,0,0,0,0,0,0,0,0,0,0,0,0,0,0,0,0,0,0,0,0,0,0,0,0,0,0,0,0,0,0,0,0,0,1.8987789852839535e-4,0,1.006442908532125e-4,0,0,0,0,0,0,0,0,0,0,0,0,0,0,0,0,0,0,0,0,0,0,0,0,0,0,0,0,0,0,0,0,0,0,0,0,0,0,0,0,0,0,0,0,0,0,0,0,0,0,0,0,0,0,0,0,0,0,0,0,0,0,0,0,0,0,0,0,0,0,0,0,0,0,0,0,0,0,0,0,0,0,0
Pseudoflavonifractor_capillosus,0,0,0,0,0,0,0,0,4.40521082101841e-4,0,0,0,0,0,0,0,0,0,0,0,0,0,0,0,0,0,0,0,0,0,0,0,0,0,0,0,0,0,0,0,0,0,1.6481890548226592e-4,0,0,0,0,0,0,0,0.001057715765051524,0,0,0,0,0,0,0,0,0,0,0,0,0,0,0,0,0,0,0,0,0,0,0,0,0,0,0,0,0,0,0,0,0,0,0,0,0,0,0,0,0,0,0,0,0,0,0,0,0,0,0,0,0,0,0,0,0,0,0,0,0,0,0,0,0,0,0,0,0,0,0,0,0,0,0,0,0
Coprobacillus_sp_AF33_1AC,0,0,0,0,0,0,0,0,0,0,0,0,0,0,0,0,0,0,0,0,0,0,0,0,0,0,0,0,0,0,0,0,0,0,0,0,0,0,0,0,0,0,1.618647965459336e-4,0,4.6032731783174114e-4,0,0,0,0,0,0,0,0,0,0,0,0,0,0,0,0,0,0,0,0,0,0,0,0,0,0,0,0,0,0,0,0,0,0,0,0,0,0,0,0,0,0,0,0,0,0,0,0,0,0,0,0,0,0,0,0,0,0,0,0,0,0,0,0,0,0,0,0,0,0,0,0,0,0,0,0,0,0,0,0,0,0,0
Massilimicrobiota_timonensis,0,0,0,0,0,0,0,0,7.212354721530823e-4,0,0,0,0,0,0,0,0,0,0,0,0,0,0,0,0,0,0,0,0,0,0,0,0,0,0,0,0,0,0,0,0,0,1.3609274272206878e-4,0,0,0,0,0,0,0,0,0,0,0,0,0,0,0,0,0,2.816726284019766e-6,0,0,0,0,0,0,0,0,0,0,0,0,0,0,0,0,0,1.1289806325774568e-4,0,0,0,0,0,0,0,0,0,0,0,0,0,0,0,0,0,0,0,0,0,0,0,0,0,1.1967381480897418e-4,0,0,0,0,0,0,2.2901936489298221e-4,0,0,7.947764170818473e-5,0,0,0,0,0,0,0,0,0,2.1881149374778483e-4,0,0,0
Intestinimonas_massiliensis,0,0,0,0,0,0,0,0,0,0,0,0,0,0,0,0,0,0,0,0,0,0,0,0,0,0,0,0,0,0,0,0,0,0,0,0,0,0,0,0,0,0,1.0196769121616081e-4,0,0,0,2.1332781794746036e-4,0,0,0,1.2389204752055752e-4,0,0.0018464808559857247,0,6.268994125872389e-5,0,0,0,0,0,0.004336249516881143,0,0,0,0,0,0,0,0,0,0,0,0,0,0,0,0,0,0,0,0,0,0,0,0,0,0,0,0,0,0,0,0,0,0,0,0,0,0,0,0,0,0,0,0,0,0,0,0,0,0,0,0,0,0,0,0,0,0,0,0,0,0,0,0,0,0,0
GGB42389_SGB59559,0,0,0,0,0,0,0,0,9.483133626766759e-4,0,1.5710961510844462e-4,0,0,0,0,0,0,0,0,0,0,0,0,0,0,0,0,0,0,0,0,0,0,0,0,0,0,0,0,0,0,0,8.505796420129298e-5,0,0,0,0,0,0,0,0,0,0,0,0,0,0,0,0,0,0,0,0,0,0,0,0,0,0,0,0,0,0,0,0,0,0,0,0,0,0,0,0,0,0,0,0,0,0,0,0,0,0,0,0,0,0,0,0,0,0,0,0,0,0,0,0,0,0,0,0,0,0,0,1.5314961185582196e-5,0,0,0,0,0,0,0,0,0,0,0,0,0
GGB9580_SGB14998,0,0,0,0,0,0,0,0,7.316620066406999e-4,0,0.002015723362269771,0,0,0,0,0,0,0,0,0,0,0,0,0,0,0,0,0,0,0,0,0,0,0,0,0,0,0,0,0,0,0,7.690869817003138e-5,0,0,0,3.4504499386720026e-5,0,0,0,0,0,0,0,0,0,0,0,0,0,0,0,0,0,0,0,0,0,0,0,0,0,0,0,0,0,0,0,0,0,0,0,0,0,0,0,0,0,0,0,0,0,0,0,7.63448361357006e-4,0,0,0,0,0,0,0,0,0,0,0,0,0,0,0,0,0,0,0,0,0,0,0,0,0,0,0,0,0,0,0,0,0
GGB9619_SGB15067,0,0,0,0,0,0,0,0,0,0,0,0,0,0,0,0,0,0,0,0,0,0,0,0,0,0,0,0,0,0,0,0,0,0,0,0,0,0,0,0,0,0,7.660310069385907e-5,0,0,0,0,0,0,0,0,0,7.019695862651427e-6,0,0,0,0,0,0,0,0,0,0,0,0,0,0,0,0,0,0,0,0,0,0,0,0,0,0,0,0,0,0,0,0,0,0,0,0,0,0,0,0,0,0,0,0,0,0,0,0,0,0,0,0,0,0,0,0,0,0,0,0,0,0,0,0,0,0,0,0,0,0,0,0,0,0,0
Alistipes_putredinis,0,0,1.7931821810985774e-5,0,0,0,4.9721147232603815e-5,0,0,0,0,0,0,0,0,0,1.3310882511510512e-4,0,0,0,1.347913750731621e-4,0,0,0,0,0,0,0,0,0,0,0,0,0,0,0,0,0,0,0,0,0,5.826725212352046e-5,0,0,0,0.008911362041610226,0,0,0,0,0,0.0010098333905271411,0,0,0,0,0,3.080027720249482e-5,0,0,0,0,0,0,0,0,0,0,0,0,0,0,0,0,0,0,0,0,0,0,0,0,0,0,0,0,0,0,0,0,0,0,0,0,0,0,0,0,0,0,0,0,0,0,0,0,0,0,0,0,0,0,0,0,0,0,0,0,0,0,0,0,0,0,0,0,0
Bittarella_massiliensis,0,0,1.1139768633416862e-4,0,0,0,0,0,3.070814916881973e-4,0,2.3501438288023226e-4,0,0,0,0,0,0,0,0,0,0,0,0,0,0,0,0,0,0,0,0,0,0,0,0,0,0,0,0,0,0,0,4.471909734654805e-5,0,0,0,6.160803368759286e-5,0,0,0,3.827559191692021e-6,0,0,0,0,0,0,0,0,0,0,0,0,0,0,0,0,0,0,0,0.001301548482011116,0,5.278025044228835e-6,0,0,0,0,0,9.978667470564932e-5,0,0,0,0,0,0,0,0,0,0,0,0,0,0,0,0,0,0,0,0,0,0,0,0,0,5.043110590612289e-5,0,0,0,0,0,0,1.1465976066725977e-4,0,0,1.281251654741517e-5,0,0,0,0,0,0,0,0,0,0,0,0,0
GGB3534_SGB4722,0,0,0,0,0,0,0,0,0,0,0,0,0,0,0,0,0,0,0,0,0,0,0,0,0,0,0,0,0,0,0,0,0,0,0,0,0,0,0,0,0,0,4.237618336256033e-5,0,0,0,0,0,0,0,0,0,0,0,0,0,0,0,0,0,0,0,0,0,0,0,0,0,0,0,0,0,0,0,0,0,0,0,0,0,0,0,0,0,0,0,0,0,0,0,0,0,0,0,0.0014711764170019489,0,0,0,0,0,0,0,0,0,0,0,0,0,0,0,0,0,0,0,4.6655577833986024e-4,0,0,0,0,0,0,0,0,0,0,0,0,0
Rubneribacter_badeniensis,0,0,0,0,0,0,0,0,0.0018193300129499563,0,9.557584924197361e-4,0,0,0,0,0,0.0022969522879366902,0,0,0,0,0,0,0,0,0,0,0,0,0,0,0,0,0,0,0,0,0,0,0,0,0,3.819968452153877e-5,0,0,0,0.008360490207923113,0,0,0,0,0,0,0,0,0,0,0,0,0,0,0,0,0,0,0,0,0,0,0,0,0,0,0,0,0,0,0,0,0,0,0,0,0,0,0,0,0,0,0,0,0,0,0,0,0,0,0,0,0,0,0,0,0,0.006216234173238053,0,0,0,0,0,0,3.8019815928061704e-5,0,0,2.1020534960603012e-5,0,0,0,0,0,0,0,0,0,0,0,0,0
GGB2987_SGB3969,0,0,0,0,0,0,0,0,3.0718174682750133e-4,0,6.350388643785e-4,0,0,0,0,0,0.0021749441988003805,0,0,0,0,0,0,0,0,0,0,0,0,0,0,0,0,0,0,0,0,0,0,0,0,0,3.4838112283643355e-5,0,0,0,0,0,0,0,0,0,0,0,0,0,0,0,0,0,0,0,0,0,0,0,0,0,0,0,0,0,0,0,0,0,0,0,0,0,0,0,0,0,0,0,0,0,0,0,0,0,0,0,0,0,0,0,0,0,0,0,0,0,0,0,0,0,0,0,0,0,0,0,0,0,0,0,0,0,0,0,0,0,0,0,0,0
Raoultibacter_massiliensis,0,0,0,0,0,0,0,0,0,0,0,0,0,0,0,0,0,0,0,0,0,0,0,0,0,0,0,0,0,0,0,0,0,0,0,0,0,0,0,0,0,0,3.3615722378954115e-5,0,0,0,0,0,0,0,0,0,0,0,0,0,0,0,0,0,0,0,0,0,0,0,0,0,0,0,0,0,0.0010267788720657478,0,0,0,0,0,0,0,0,0,0,0,0,0,0,0,0,0,0,0,0,0,0,0,0,0,0,0,0,0,0,0,0,0,0,0,0,0,0,0,0,0,0,0,0,0,0,0,0,0,0,0,0,0,0,0
Anaerofustis_stercorihominis,0,0,0,0,0,0,0,0,2.175536522897121e-5,0,0,0,0,0,0,0,0,0,0,0,0,0,0,0,0,0,0.0023790904097495155,0,0,0,0,0,0,0,0,0,0,0,0,0,0,0,1.1408972443766245e-5,0,0,0,0,0,0,0,0,0,0,0,0,0,0,0,0,0,0,0,0,0,0,0,0,0,0,0,0,0,0,0,0,0,0,0,0,0,0,0,0,0,0,0,0,0,0,0,0,0,0,0,0,0,0,0,1.0500003150000945e-5,0,0,0,0,0,0,0,0,0,0,0,0,1.1055762263291627e-4,0,0,0,0,0,0,0,0,0,0,0,0,0,0,0,0
Clostridium_methylpentosum,0,0,0,0,0,0,0,0,1.42362297811701e-5,0,0,0,2.93525078843257e-5,0,0,0,8.007530899298624e-4,0,0,0,2.5917569520377865e-5,0,0,0,0,0,0,0,0,0,0,0,0,0,0,0,0,0,0,0,0,0,9.779119237513923e-6,0,0,0,0,0,0,0,5.8319915052360004e-5,0,0,0,0,0,0,0,0,0,0,0,0,0,0,0,0,0,0,0,0,0,0,0,0,0,0,0,0,0,0,0,0,0,0,0,0,0,0,0,0,0,0,0,0,0,0,0,0,0,0,0,0,0,0,0,0,0,0,0,0,0,0,0,0,0,0,0,0,0,0,0,0,0,0,0,0,0
GGB9715_SGB15265,0.011788301178830118,0,7.601489603450283e-4,0,8.707936998326912e-5,0,0.028301358850307937,0,0.028161167354801234,0,0,0,0,0,0,0,0,0,0,0,0.004178632695104011,0,0.010428360732625546,0,0,0,0,0,0,0,0,0,0,0,0,0,0,0,0,0,0,0,8.760460983606223e-6,0,0,0,0,0,0,0,0.007504534146763527,0.007454034333506579,0,0,0,0,0,0,0,0,0,0,0,0,0,0,0,0,0,0,0,0,0,0,0,0,0,0,0.0022917906493580323,0,0.0010224002044800409,0,0,0,0,0,0,0,0,0,0,0,0,0,0,0,0.001073700214740043,0,0.0067475020242506074,0,0,0,0,0,0,0,0,0,0,0,0,0,0,0,0,0,0,0,0,0,0,0,0,0,0,0,0,0
Enterocloster_citroniae,0,0,8.054293148621543e-5,0,0,0,0,0,3.302404288674247e-4,0,4.4362714998157885e-4,0,0.0018669607162576784,0,0,0,4.696311365443529e-4,0,0,0,1.8012210477482685e-6,0,0,0,0,0,0,0,0,0,0,0,0,0,0,0,0,0,0,0,0,0,5.6026203964923525e-6,0,0,0,1.504196147177592e-4,0,0,0,0,0,4.618959877624639e-4,0,0,0,0,0,0,0,0,0,0,0,0,0,0,0,0,0,0,0,0,0,0,0,0,0,3.281850615444575e-4,0,0,0,0,0,0,0,0,0,0,0,0,0,0,0,0,0,0,0,0,0,0,0,0,0,0,0,0,0,0,0,0,0,0,0,2.402346852640344e-6,0,0,0,0,0,0,0,0,0,0,0,0,0
GGB9730_SGB15291,0,0,0,0,0.0030214633070434656,0,0.004556134919458391,0,0,0,0,0,0,0,0,0,0,0,0,0,0,0,0,0,0,0,0,0,0,0,0,0,0,0,0,0,0,0,0,0,0,0,3.0559747617231013e-6,0,0,0,0,0,0,0,0,0,0,0,0,0,0,0,0,0,0,0,0,0,0,0,0,0,0,0,0,0,0,0,0,0,0,0,0,0,0,0,0,0,9.145254284145956e-5,0,2.0400004080000817e-5,0,0,0,0,0,0,0,0,0,0,0,0.0025281007584302276,0,5.8600017580005277e-5,3.9578335197392573e-4,0,0,0,0,0,0,0,0,0,0,0,0,0.005914577951200528,0,0,0,0,0,0,0,0,0,0,0,0,0
Coprococcus_eutactus,0,0,0,0,0,0,3.421142311642534e-4,0,0,0,0,0,0,0,0,0,0,0,0.003217699678230032,0,0,0,3.249905303613319e-5,0,0,0,0,0,0,0,0,0,0,0,0,0,0,0,0,0,0,0,0,0,0.028305736013163687,0,0,0,0,0,0,0,0,0,0,0,0,0,0,0,0,0,0,0,0,0,0,0,0,0,0,0,0,0,0,0,0,0,0,0,0,0,0,0,0,0,0,0,0,0,0,0,0,0,0,0,0,0,0,0,0,0,0,0,0,0,0,0,0,0,0,0,0,0,0.012140760308745613,0,0,0,0,0,0,0,0,0,0,0,0,0
Oscillospiraceae_bacterium,0,0,0,0,0,0,0,0,0.0015356079687195946,0,0,0,0,0,0,0,0,0,0,0,0,0,0,0,0,0,0,0,0,0,0,0,0,0,0,0,0,0,0,0,0,0,0,0,0.008934220900199364,0,0,0,0,0,0,0,0,0,0,0,0,0,0,0,0,0,0,0,0,0,0,0,0,0,0,0,0,0,0,0,0,0,0,0,0,0,0,0,0,0,0,0,0,0,0,0,0,0,0,0,0,0,0,0,0,0,0,0,0,0,0,0,0,0,0,0,0,0,0,0,0,0,0,0,0,0,0,0,0,0,0,0
GGB4598_SGB6360,0,0,0,0,0,0,0.01369858529013159,0,0,0,0,0,0,0,0,0,0,0,0,0,0,0,0,0,0,0,0,0,0,0,0,0,0,0,0,0,0,0,0,0,0,0,0,0,0.007363877027323356,0,0,0,0,0,0,0,0,0,0,0,0,0,0,0,0,0,0,0,0,0,0,0,0,0,0,0,0,0,0,0,0,0,0,0,0,0,0,0,0,0,0,0,0,0,0,0,0,0,0,0,0,0,0,0,0,0,0,0,0,0,0,0,0,0,0,0,0,0,0,0,0,0,0,0,0,0,0,0,0,0,0,0
Wujia_chipingensis,0,0,0,0,0,0,1.402627425018515e-4,0,0,0,0,0,0,0,0,0,0,0,0,0,0,0,0,0,0,0,0,0,0,0,0,0,0,0,0,0,0,0,0,0,0,0,0,0,0.006478583899256948,0,0,0,0,0,0,0,0,0,0,0,0,0,0.002200419803778234,0,0,0,0,0,0,0,0,0,0,0,0,0,0,0,0,0,0,0,0,0,0,0,0,0,1.2470801296562666e-4,0,8.553001710600342e-4,0,0,0,0,0,0,0,0,0,0,0,0,0,0,0,0,0,0,0,0,0,0,0,0,0,0,0,0,0,0,0,0,0,0,0,0,0,0,0,0,0
Oscillibacter_sp_ER4,0,0,0,0,3.173827095122611e-5,0,4.0605603573293117e-4,0,0,0,0,0,0,0,0,0,0,0,0,0,0,0,0,0,0,0,0,0,0,0,0,0,0,0,0,0,0,0,0,0,0,0,0,0,0.003500893871955353,0,0,0,0,0,0,0,0,0,0,0,0,0,0,0,0,0,0,0,0,0,0,0,0,0,0,0,0,0,0,0,0,0,0,0,0,0,0,0,0,0,0,0,0,0,0,0,0,0,0,0,0,0,0,0,0,0,0,0,2.0052368300767915e-4,0,0,0,0,0,0,0,0,0,0,0,0,0,0,0,0,0,0,0,0,0,0,0
GGB3429_SGB4569,0,0,0,0,0,0,2.957692112128758e-4,0,0,0,0,0,0,0,0,0,0,0,0,0,0,0,0,0,0,0,0,0,0,0,0,0,0,0,0,0,0,0,0,0,0,0,0,0,0.003272299510713909,0,0,0,0,0,0,0,0,0,0,0,0,0,0,0,0,0,0,0,0,0,0,0,0,0,0,0,0,0,0,0,0,0,0,0,0,0,0,0,0,0,0,0,0,0,0,0,0,0,0,0,0,0,0,0,0,0,0,0,0,0,0,0,0,0,0,0,0,0,0,0,0,0,0,0,0,0,0,0,0,0,0,0
GGB9469_SGB14862,0,0,0,0,0,0,0,0,0,0,0,0,0,0,0,0,0.0011430757859246068,0,6.079999392000061e-5,0,0,0,0,0,0,0,0,0,0,0,0,0,0,0,0,0,0,0,0,0,0,0,0,0,0.0023791598942753695,0,0,0,0,0,0,0,1.8852897459692406e-5,0,0,0,0,0,0,0,0,0,0,0,0,0,0,0,0,0,0,0,0,0,0,0,0,0,0,0,0,0,0,0,0,0,0,0,0,0,0,0,0,0,0,0,0,0,0,0,0,0,0,0,0,0,0,0,0,0,0,0,0,0,0,0,0,0,0,0,0,0,0,0,0,0,0,0
GGB9762_SGB15377,0,0,0,0,0,0,0,0,0,0,0,0,0,0,0,0,0,0,0,0,0,0,0,0,0,0,0,0,0,0,0,0,0,0,0,0,0,0,0,0,0,0,0,0,0.0015092458834183404,0,0,0,0,0,0,0,0,0,0,0,0,0,2.2100198901790115e-4,0,0,0,0,0,0,0,0,0,0,0,0,0,0,0,0,0,0,0,0,0,0,0,0,0,0,0,0,0,0,0,0,0,0,0,0,0,0,0,0,0,0,0,0,0,0,0,0,0,0,0,0,0,0,0,0,0,0,0,0,0,0,0,0,0,0,0,0,0
Clostridium_sp_AF36_4,0,0,0,0,0,0,4.4871800774115296e-4,0,0.014587122768734152,0,0,0,0,0,0,0,0,0,0,0,0,0,1.1203089711213616e-5,0,0,0,0,0,0,0,0,0,0,0,0,0,0,0,0,0,0,0,0,0,0.0010402351184547734,0,0,0,0,0,0,0,0,0,3.3357858519618097e-4,0,0,0,0,0,0,0,0,0,0,0,0,0,0,0,0,0,0,0,0,0,0,0,0,0,0,0,0,0,0,0,0,0,0,0,0,0,0,0,0,0,0,0,0,0,0,0,0,0,0,0,0,0,0,0,0,0,0,0,0,0,0,0,0,0,0,0,0,0,0,0,0,0
GGB9559_SGB14969,0,0,0,0,0,0,8.044390549176209e-4,0,0,0,0,0,0,0,0,0,0,0,0,0,0,0,0,0,0,0,0,0,0,0,0,0,0,0,0,0,0,0,0,0,0,0,0,0,9.279780248108055e-4,0,0,0,0,0,0,0,9.255970401753239e-5,0,4.06583325096516e-5,0,0,0,0,0,0,0,0,0,0,0,0,0,0,0,0,0,0,0,0,0,0,0,0,0,0,0,0,0,0,0,0,0,0,0,0,0,0,0,0,0,0,0,7.826002347800704e-4,0,0,0,0,0,0,0,0,0,0,0,0,0,0,0,0,0,0.0019122909245275841,0,0,0,0,0,0,0,0,0,0,0
Akkermansia_muciniphila,0.06047850604785061,0,0.387262335741006,0,0,0,0.04068284527321208,0,0,0,0,0,0,0,0,0,0,0,0,0,0.02940933658927387,0,0.002613751479741433,0,0,0,0,0,0,0,0,0,0,0,0,0,0,0,0,0,0,0,0,0,8.765050610896199e-4,0,0,0,0,0,0,0,0.228813805776247,0,0.056017267974362815,0,0,0,0,0,0,0,0,0,0,0,0,0,0,0,0,0,0,0,0.0061822981392286565,0,0,0,7.93689398611634e-5,0,0.0019404003880800775,0,0,0,0.06385200514458116,0,0.6536596307319261,0,0,0,0,0,0,0,0.002627873842413154,0,0,0,0.02791950837585251,0,0,4.31790935170947e-4,0,0,0,0,0,0,0,0,0,0.0016058369622247116,0,0,0.013857036939386086,0,0.1485431546993298,0,0.0411651701023144,0,2.4411576987873416e-4,0,4.573416799691049e-5,0,0,0,0.0015800265737708923,0
GGB9699_SGB15216,0,0,0,0,0,0,0,0,0,0,0,0,0,0,0,0,0,0,0,0,0,0,0,0,0,0,0,0,0,0,0,0,0,0,0,0,0,0,0,0,0,0,0,0,7.969939789186827e-4,0,0,0,0,0,4.473207992185333e-4,1.71725315322247e-4,3.4005412386072843e-4,0,0.0012843426463947827,0,0,0,0,0,0,0,0,0,0,0,0,0,0,0,0,0,0.0034511178755543197,0,0,0,0,0,0,0,0,0,0,0,9.855438872038561e-4,0,0,0,0,0,0,0,0,0,0,0,0,0,3.930001179000354e-4,0,0,0,0,0,0,0,0,0,0,0,0,0,0,0,0,0,0,0,0,0,0,0,0,0,0,0,0,0
Alistipes_shahii,0,0,0,0,0,0,3.615525397531314e-4,0,0,0,0,0,0,0,0,0,0,0,0,0,0,0,0,0,0,0,0,0,0,0,0,0,0,0,0,0,0,0,0,0,0,0,0,0,6.152693082201068e-4,0,0,0,0,0,1.1583402816962695e-5,0,0,0,3.42491372371942e-5,0,0,0,0,0,0,0,0,0,0,0,0,0,0,0,0,0,0.00217941834134003,0,0,0,0,0,0,0,0,0,0,0,0,0,2.3280004656000931e-4,0,0,0,0,0,0,0,0,0,0,0,0,0,0,0,0,0,0,0,0,0,0,0,0,0,0,0,0,0,2.0003964749770224e-4,0,0,0,0,0,0,0,0,0,0,0
Clostridiaceae_bacterium_Marseille_Q4149,0,0,0,0,0,0,0,0,0,0,0,0,0,0,0,0,0,0,0,0,0,0,0,0,0,0,0,0,0,0,0,0,0,0,0,0,0,0,0,0,0,0,0,0,5.277024979871142e-4,0,0,0,0,0,0,0,2.3285333990109448e-4,0,0.005544254341704043,0,0,0,5.760051840466564e-5,0,0,0,0,0,0,0,0,0,0,0,0,0,0,0,0,0,0,0,0,0,0,0,0,0,0,0,0,0,0,0,0,0,0,0,0,0,0,0,0,0,0,0,0,0,0,0,0,0,0,0,0,0,0,0,0,0,0,0,0,0,0,0,0,0,0,0,0,0
Mediterraneibacter_butyricigenes,0,0,4.538053229260646e-5,0,3.706146196519758e-4,0,2.463549846422016e-4,0,2.2828095219524166e-4,0,0,0,9.592520617867265e-5,0,0,0,0,0,0,0,3.4623471251161165e-5,0,0,0,0,0,0,0,0,0,0,0,0,0,0,0,0,0,0,0,0,0,0,0,4.4724983721152123e-4,0,0,0,0,0,1.081789097862429e-4,3.96367168187713e-5,4.97195029814654e-4,0,8.3920400598739e-5,0,6.17656975009398e-5,0,1.1770105930953378e-4,0,0,0,0,0,0,0,0,0,0,0,0,0,0,0,5.520803660683592e-5,0,1.1096100580769703e-4,0,0,0,0,0,0,0,0,0,2.2900004580000917e-5,0,0,0,0,0,0,0,0,0,0,0,0,0,0,0,0,0,0,0,0,0,0,0,0,0,0,0,2.5705111323251684e-4,0,3.314971335660121e-4,0,0,0,0,0,0,0,0,0,4.1219840698745975e-4,0
GGB9787_SGB15410,0,0,0,0,0,0,0.0035824802729302217,0,0,0,0,0,0,0,0,0,0,0,0,0,0,0,0,0,0,0,0,0,0,0,0,0,0,0,0,0,0,0,0,0,0,0,0,0,3.9776465054460906e-4,0,0,0,0,0,0,0,0,0,0,0,0,0,0,0,0,0,0,0,0,0,0,0,0,0,0,0,0,0,0,0,0,0,0,0,0,0,0,0,0,0,0,0,0,0,0,0,0,0,0,0,0,0,0,0,0,0,0,0,0,0,0,0,0,0,0,0,0,0,0,0,0,0,0,0,0,0,0,0,0,0,0,0
Oscillibacter_valericigenes,0,0,0,0,0,0,4.009406913674369e-4,0,0,0,0,0,0,0,0,0,0,0,0,0,0,0,0,0,0,0,0,0,0,0,0,0,0,0,0,0,0,0,0,0,0,0,0,0,3.96927691784915e-4,0,0,0,0,0,0,0,0.002052057663391945,0,1.425044511360449e-4,0,0,0,3.330029970269732e-5,0,0,0,0,0,0,0,0,0,0,0,0,0,0,0,0,0,0,0,0,0,0,0,0,0,8.717540858151397e-4,0,6.190001238000248e-4,0,0,0,0,0,0,0,0,0,0,0,0,0,0,0,0,0,0,0,0,0,0,0,0,0,0,0,1.6015645684268962e-6,0,0,0,0,0,0,0,0,0,0,0,0,0
Alistipes_communis,0,0,0,0,0,0,7.908322389054063e-5,0,0.002114781908478888,0,2.890176878824984e-4,0,0,0,0,0,0,0,0,0,2.9419943779888385e-5,0,0,0,0,0,0,0,0,0,0,0,0,0,0,0,0,0,0,0,0,0,0,0,3.4922104248235274e-4,0,0.0016023089410859175,0,0,0,0,0,0,0,2.864109137379398e-5,0,0,0,0,0,0,0,0,0,0,0,0,0,0,0,0,0,0,0,0,0,0,0,1.5013040326827882e-5,0,7.370001474000295e-5,0,0,0,0,0,4.560000912000182e-5,0,0,0,0,0,0,0,0,0,0,0,0,0,0,0,0,0,0,0,0,0,0,0,0,0,0,0,0,0,2.3908642553779427e-4,0,0,0,0,0,0,0,0,0,0,0
Clostridium_saccharogumia,0,0,0.001648826006631368,0,0,0,0,0,0,0,0,0,0,0,0,0,0,0,0,0,0,0,0,0,0,0,0,0,0,0,0,0,0,0,0,0,0,0,0,0,0,0,0,0,3.153242127147427e-4,0,0,0,0,0,0,0,0,0,0,0,9.415502667826188e-4,0,6.780061020549184e-5,0,0,0,0,0,0,0,0,0,0,0,0,0,0,0,0,0,0,0,0,0,0,0,0,0,0,0,0,0,0,0,0,0,0,0,0,0,0,0,0,0,0,0,0,0,0.0014426898511001585,0,0,0,0,0,0,0,0,0,0,0,0,0,7.110305743146955e-5,0,0,0,0,0,0,0,0,0
GGB9708_SGB15234,0,0,0,0,0,0,0,0,0,0,0,0,0,0,0,0,0,0,0,0,0,0,0,0,0,0,0,0,0,0,0,0,0,0,0,0,0,0,0,0,0,0,0,0,2.977480787611671e-4,0,0,0,0,0,0,0,0,0,0,0,0,0,0,0,0,0,0,0,0,0,0,0,0,0,0,0,0,0,0,0,0,0,0,0,0,0,0,0,0,0,0,0,0,0,0,0,0,0,0,0,0,0,0,0,0,0,0,0,0,0,0,0,0,0,3.350213619134558e-5,0,0,0,0,0,0,0,0,0,0,0,0,0,0,0,0,0
Lachnospiraceae_bacterium_AM48_27BH,0,0,0,0,0,0,0,0,0,0,0,0,0,0,0,0,0,0,0,0,0,0,1.742029985725649e-4,0,0,0,0,0,0,0,0,0,0,0,0,0,0,0,0,0,0,0,0,0,2.880184331797235e-4,0,0,0,0,0,0,0,0,0,2.6037355794358164e-6,0,0,0,0,0,0,0,0,0,0,0,0,0,0,0,0,0,0,0,0,0,0,0,0,0,0,0,0,0,5.429055664848968e-5,0,0,0,0,0,0,0,0,0,0,0,0,0,0,0,0,0,0,0,0,0,0,0,0,0,0,0,0,0,0,0,0,0,0,0,0,0,0,0,0,0,0,0
Vescimonas_coprocola,0.005660800566080057,0,0.005070397928163319,0,5.765116305697401e-5,0,1.9100695860755417e-4,0,0.03082675099861638,0,0,0,0,0,0,0,0.07359577940017423,0,0,0,1.3529171425309217e-4,0,0,0,0,0,0,0,0,0,0,0,0,0,0,0,0,0,0,0,0,0,0,0,2.826828210866738e-4,0,0,0,0,0,0.0023285661419351613,0.008726160060766838,1.7047832809296323e-6,0,0.0025042929090365947,0,0.1360053542323011,0,0,0,0,0,0,0,0,0,0,0,0,0,0,0,0.037835725530517644,0,0,0,0,0,1.9617039360388434e-4,0,6.850001370000275e-5,0,0,0,0.06484996974954224,0,1.5880003176000637e-4,0,0,0,0,0,0,0,0,0,4.028000805600161e-4,0,0.0020940006282001884,0,0,0,0,0,0,0,0,0,0,0,0,0,0,0,0.057000583870382975,0,0.013392644387976797,0,0,0,0,0,0,0,0,0,0,0
Eisenbergiella_tayi,0,0,4.953790997504171e-4,0,0,0,0,0,3.842779489522887e-4,0,0.0066328059277227765,0,0.004322081135173443,0,0,0,0.009564934155134486,0,1.809999819000018e-4,0,2.2435208828064544e-4,0,0,0,0,0,0,0,0,0,0,0,0,0,0,0,0,0,0,0,0,0,0,0,2.349761717841115e-4,0,0,0,0,0,0,6.913616590895659e-5,3.008441083993469e-4,0,1.5552312903322396e-4,0,0,0,0,0,0,0,0,0,0,0,0,0,0,0,0.004649918496065366,0,6.891882701983421e-4,0,0,0,0,0,0,0,0,0,0,0,0,0,0,0,0,0,0,0,0,0,0,0,1.7700003540000707e-5,0,3.700001110000333e-5,0,0,0,0,0,1.1306974141650571e-5,0,0,0,0,0,0,0,0,0,0,0,0.001397574294004217,0,0,0,0,0,0,0,0,0,0,0
Butyricimonas_paravirosa,0,0,0,0,0,0,0,0,0,0,0,0,0,0,0,0,0,0,0,0,1.414959200842251e-4,0,3.280183924454437e-5,0,0,0,0,0,0,0,0,0,0,0,0,0,0,0,0,0,0,0,0,0,2.0432255721031603e-4,0,0,0,0,0,0,0,0,0,0,0,0,0,0,0,0,0,0,0,0,0,0,0,0,0,0,0,0,0,0,0,0,0,0,0,0,0,0,0,0,0,2.25000045000009e-5,0,0,0,0,0,0,0,0,0,0,0,0,0,0,0,0,0,0,0,2.707000270700027e-4,0,0,0,0,0,0,0,0,0,0,0,0,0,0,0,0,0,0,0,0,0
GGB3585_SGB4803,0,0,0,0,0,0,0.0012331049127460366,0,0,0,0,0,0,0,0,0,0,0,0,0,0,0,0,0,0,0,0,0,0,0,0,0,0,0,0,0,0,0,0,0,0,0,0,0,1.3161176496189327e-4,0,0,0,0,0,0,0,0,0,0,0,0,0,1.1410102690924218e-4,0,0,0,0,0,0,0,0,0,0,0,0,0,0,0,0,0,0,0,0,0,0,0,0,0,0,0,0,0,0,0,0,0,0,0,0,0,0,0,0,0,0,0,0,0,0,0,0,0,0,0,0,1.0805631895343853e-5,0,0,0,0,0,0,0,0,0,0,0,0,0,0,0,0
Oscillospiraceae_bacterium_Marseille_Q3528,0,0,0,0,0,0,1.6225872327347665e-4,0,0,0,0,0,0,0,0,0,0,0,0,0,3.5494061424239494e-4,0,0,0,0,0,0,0,0,0,0,0,0,0,0,0,0,0,0,0,0,0,0,0,9.06007857368836e-5,0,0,0,0,0,1.2157536695716497e-4,0,3.1749081573077744e-4,0,8.552269941685336e-5,0,0,0,0,0,0,0,0,0,0,0,0,0,0,0,0,0,0,0,0,0,0,0,0,0,0,0,0,0,7.833065553342976e-5,0,0,0,0,0,0,0,0,0,0,0,0,0,0,0,0,0,0,0,0,0,0,0,0,0,0,0,0,0,0,0,0,0,0,0,0,0,0,0,0,0,0,0
Collinsella_SGB14754,0,0,0,0,0,0,0,0,0.007461187977283388,0,7.414453764570391e-4,0,0,0,0,0,0,0,0,0,0,0,0,0,0,0,0,0,0,0,0,0,0,0,0,0,0,0,0,0,0,0,0,0,8.013880124070766e-5,0,0,0,0,0,0,0,0,0,0,0,0,0,0,0,0,0,0,0,0,0,0,0,0,0,0.0026559627099661514,0,0.0016082751312654978,0,0,0,0,0,0,0,0,0,0,0,0,0,0,0,0,0,0,0,0,0,0,0,0,0,0,0,0,0,0,0,0,0,0,0,0,0,0,0,0,0,0,0,0,0,0,0,0,0,0,0,0,0,0,0
Lawsonibacter_asaccharolyticus,0,0,0,0,0,0,0,0,0.0014499900797539658,0,0.0011538706168817531,0,0,0,0,0,0,0,0,0,0,0,0,0,0,0,0,0,0,0,0,0,0,0,0,0,0,0,0,0,0,0,0,0,2.5108762790822244e-5,0,0,0,0,0,1.237913222786709e-4,0,2.2463026760484567e-5,0,0,0,0,0,0,0,0,0,0,0,0,0,0,0,0,0,0,0,0,0,0,0,0,0,0,0,0,0,0,0,0,0,0,0,0,0,0,0,0,0,0,0,0,0,0,0,0,0,0,0,0,0,0,0,0,0,0,0,0,0,0,0,0,0,0,0,0,0,0,0,0,0,0,0
Catonella_morbi,0,0,0,0,0,0,0,0,0,0,0,0,0,0,0,0,0,0,0,0,0,0,0,0,0,0.0033420003342000335,0,0,0,0,0,0,0,0,0,0,0,0,0,0,0,0,0,0,0,0,0,0,0,0.0020959802899816245,0,0,0,0,0,0,0,0,0,0,0,0,0,0,0,0,0,1.7411454806009135e-4,0,0,0,0,0,0,0,0,0,0,0,0,0,0,0,0,0,0,0,0,0,0,0,0,0,0,0,0,0,0,0,0,0,0,0,0,0,0,0,0,0,0,0,0,0,0,0,0,0,0,0,0,0,0,0,0,0,0,0,0
Tannerella_forsythia,0,0.00762375531165542,0,0.008835162502706335,0,0.007087101417420283,0,0.0018692436758674382,0,0,0,0,0,0,0,0,0,0,0,0,0,0.0010825980621011206,0,6.582000658200066e-4,0,0,0,0,0,0,0,0,0,0,0,0,0,0,0,0,0,0,0,0,0,0,0,0,0,0.0017836342057180143,0,0,0,0,0,3.7104337661664726e-4,0,0,0,0,0,0,0,0,0,0,0,0,0,0,0,0,0,0,0,0,0,0,0,0,0,0,0,0,0,0,0,0,0,0,0,0,0,0,0,0,0,0,0,0,0,0,0,0,0,0,0,0,0,0,0,0,0,0,0,0,0,0,0,0,0,0,0,0,0,0,0,0
GGB4733_SGB6557,0,3.415074679544465e-4,0,0,0,0,0,0,0,0,0,0,0,0,0,0,0,0,0,0,0,0,0,0,0,0,0,0,0,0,0,0,0,0,0,0,0,0,0,0,0,0,0,0,0,0,0,0,0,4.044891795892939e-4,0,0,0,0,0,0,0,0,0,0,0,0,0,0,0,0,0,0,0,0,0,0,0,0,0,0,0,0,0,0,0,0,0,0,0,0,0,3.951343146485866e-4,0,0,0,0,0,0,0,0,0,0,0,0,0,0,0,0,0,0.0012651835684549587,0,0,0,0,0,0,0,0,0,0,0,0,0,0,0,0,0,0,0,0,0,0
Prevotella_conceptionensis,0,0,0,0,0,0,0,0,0,0,0,0,0,0,0,0,0,0,0,0,0,0,0,0,0,0,0,0,0,0,0,0,0,0,0,0,0,0,0,0,0,0,0,0,0,0,0,0,0,1.675783764066454e-4,0,0,0,0,0,0,0,0,0,0,0,0,0,0,0,0,0,0,0,0,0,0,0,0,0,0,0,0,0,0,0,0,0,0,0,0,0,0.003943738637011748,0,0,0,0,0,0,0,0,0,0,0,0,0,0,0,0,0,0,0,0,0,0,0,0,0,0,0,0,0,0,0,0,0,0,0,0,0,0,0,0
Clostridium_sp_AM29_11AC,0,0,0,0,0,0,0,0,0.0010224019106223428,0,0.004717088685827573,0,0,0,0,0,0.0026653767144761698,0,0,0,0,0,0,0,0,0,0,0,0,0,0,0,0,0,0,0,0,0,0,0,0,0,0,0,0,0,0.01966806471563892,0,0.0017645,0,0.002263094734708851,0.003663101693724555,0,0,0,0,0,0,0,0,0,0,0,0,0,0,0,0,0,0,7.487768226676777e-4,0,0,0,0,0,0,0,0,0,0,0,0,0,0,0,0,0,0,0,0,0,0,0,0,0,0,0,0,0,0,0,0,0,0,0,0,0,0,0,0,0,0,0,0,0,0,0,0,0,0,0,0,0,0,0,0,0
Parabacteroides_johnsonii,0,0,0,0,0,0,0,0,0.0010383424777716812,0,0.0013569830473624987,0,0,0,0,0,0,0,0,0,0,0,0,0,0,0,0,0,0,0,0,0,0,0,0,0,0,0,0,0,0,0,0,0,0,0,0.011293472668836017,0,0,0,0,0,0,0,0,0,0,0,0,0,0,0,0,0,0,0,0,0,0,0,0,0,0,0,0,0,0,0,0,0,0,0,0,0,0,0,0,0,0,0,0,0,0,0,0,0,0,0,0,0,0,0,0,0,0,0,3.620000362000036e-5,0,0,0,0,0,0,0,0,0,0,0,0,0,0,0,0,0,0,0,0,0
GGB9715_SGB15266,0,0,0,0,0,0,0,0,0,0,0,0,0,0,0,0,0,0,0,0,0,0,0,0,0,0,0,0,0,0,0,0,0,0,0,0,0,0,0,0,0,0,0,0,0,0,0.008765042961602193,0,0,0,0,0,0,0,0,0,0,0,0,0,0,0,0,0,0,0,0,0,0,0,0,0,5.855562784645413e-4,0,0,0,0,0,0,0,0,0,0,0,0,0,5.957001191400238e-4,0,0,0,0,0,0,0,0,0,0,0,0,0,0,0,0,0,0,0,0,0,0,0,0,0.0013526049777143848,0,0,0,0,0,0,0,0,0,0,0,0,0,0,0,0
Lentihominibacter_SGB71368,0,0,0,0,0,0,0,0,0,0,0,0,0,0,0,0,0,0,0,0,0,0,0,0,0,0,0,0,0,0,0,0,0,0,0,0,0,0,0,0,0,0,0,0,0,0,0.0015014957950516747,0,0,0,0,0,2.4869779627679342e-5,0,0,0,0,0,0,0,0,0,0,0,0,0,0,0,0,0,0,0,0,0,0,0,0.0011010591192794597,0,0,0,0,0,0,0,0,0,0,0,0,0,0,0,0,0,0,0,0,0,0,0,0,0.00304914214933665,0,0,0,0,0,0,0,0,0,0,0,0,0,0,0.0064284012246671515,0,0,0,0,0,0,0,0,0,0,0
Bifidobacterium_pullorum,0,0,0,0,0,0,0,0,0,0,0,0,0,0,0,0,0,0,0,0,0,0,0,0,0,0,0,0,0,0,0,0,0,0,0,0,0,0,0,0,0,0,0,0,0,0,6.016784588710368e-4,0,0,0,0,0,0,0,0,0,0,0,0,0,0,0,0,0,0,2.724758270982555e-4,0,0,0,0,0,0,0,0,0,0,0,0,0,0,0,0,0,0,0,0,0,0,0,0,0,0,0,0,0,0,0,0,0,0,0,0,0,0,0,0,0,0,0,0,0,0,0,0,0,0,0,0,0,0,0,0,0,0,0,0,0,0
GGB38987_SGB63305,0,0,0,0,0,0,0,0,0,0,1.7401064945174643e-5,0,0,0,0,0,0,0,0,0,0,0,0,0,0,0,0,0,0,0,0,0,0,0,0,0,0,0,0,0,0,0,0,0,0,0,9.141192011438292e-5,0,0,0,0,0,0,0,0,0,0,0,0,0,0,0,0,0,0,0,0,0,0,0,0,0,0,0,0,0,0,0,0,0,0,0,0,0,0,0,0,0,0,0,0,0,0,0,0,0,0,0,0,0,0,0,0,0,0,0,0,0,0,0,0,0,0,0,0,0,0,0,0,0,0,0,0,0,0,0,0,0
GGB12787_SGB19830,0,0,0,0,0,0,0,0,0,0,0,0,0,0,0,0,0,0,0,0,0,0,0,0,0,0,0,0,0,0,0,0,0,0,0,0,0,0,0,0,0,0,0,0,0,0,7.560985952568214e-5,0,0,0,0,0,0,0,0,0,0,0,0,0,0,0,0,0,0,0,0,1.0581658264541658e-4,0,0,0,0,0,0,0,0,0,0,0,0,0,0,0,0,0,0,0,0,0,0,0,0,0,0,1.1625099752876435e-5,0,0,0,0,0,0,0,0,0,0,0,0,0,0,0,0,0,0,0,0,0,0,0,0,0,0,0,0,0,0,0.09351400369770319,0,0
Clostridium_sp_C5_48,0,0,0,0,0,0,0,0,0,0,0,0,0.0021914521865802755,0,0,0,0,0,0,0,0,0,0,0,0,0,0,0,0,0,0,0,0,0,0,0,0,0,0,0,0,0,0,0,0,0,6.490846406371391e-5,0,0,0,0,0,0,0,0,0,0,0,0,0,0,0,0,0,0,6.016250127565478e-4,0,0,0,0,0,0,0,0,0,0,0,0,0.00218589867158614,0,0,0,0,0,0,0,0,0,0,0,1.8123236810094282e-4,0,1.6287659802528733e-4,0,0,0,1.5200003040000607e-5,0,0,0,0,0,0,0,0,0,0,0,0,0,0,0,0,0,0,0,0,0,0,0,0,0,0,0,0,0,0,0
Escherichia_marmotae,0,0,0,0,0,0,0,0,0,0,0,0,0,0,0,0,0,0,0,0,3.282225020341289e-5,0,0,0,6.59282033775868e-5,0,0,0,0,0,0,0,0,0,0,0,0,0,0,0,0,0,0,0,0,0,1.8002347506114796e-6,0,0,0,0,0,0,0,0,0,0,0,0,0,0,0,0,0,8.397625669163848e-5,0,0,0,0,0,0,0,0,0,0,0,0,0,1.2711040810047608e-5,0,0,0,0,0,1.054759338576746e-4,0,0,0,0,0,0,0,0,0,0,0,0,0,0,0,0,0,0,0,0,0,0,0,0,0,0,0,0,0,0,0,0,0,0,0,5.1203307733679594e-5,0,0,0,0,0,0,0
Bilophila_wadsworthia,0,0,1.8272426247619024e-4,0,0,0,0,0,0,0,0,0,1.5120071930791828e-4,0,0,0,0.0012276813952765068,0,0,0,0.0011544826237706541,0,5.779179431208033e-4,0,0,0,0,0,0,0,0,0,0,0,0,0,0,0,0,0,0,0,0,0,0,0,0,0,0.0022429,0,0,0,0.0012772838028941604,0,1.0745416448979351e-4,0,0,0,0,0,0,0,0,0,0,0,5.660145465738469e-4,0,0,0,0.0349369413672504,0,0.001221964298220595,0,1.8035293265391042e-5,0,0,0,0.004582480342425431,0,0,0,0,0,5.592328003109187e-4,0,0.0020585004117000824,0,0,0,2.6104662292685476e-4,0,0,0,9.25999325142916e-5,0,0.002471900494380099,0,0,0,0,0,0,0,0,0,0,0,3.085234944193574e-4,0,0,0,0,0,0,0,0.008234464888936947,0,4.7672049898145623e-4,0,0,0,0,0,0,0,0,0
Propionibacterium_acidifaciens,0,0,0,0,0,0,0,0,0,0,0,0,9.834603157119436e-5,0,1.214e-4,0,0,0,0,0,0,0,0,0,0,0,0.00412393060568287,0,0,0,0,0,0,0,0,0,0,0,0,0,0,0,0,0,0,0,0,0,3.03e-5,0,0,0,0,0,0,9.074916319660168e-4,0,0,0,0,0,0,2.045223452669387e-4,0.0046772024171576965,0,0,0,0,0,0,0,0,0,0,0,0,0,0,0,0,0,0,0,0,0,0,0,0,2.9405016495814186e-5,0,0,0,0,0,0,0,0,0,0,0,0,0,0,0,0,0,0,0,0,0,0,0,0,0,0,0,0,0,0,0,0,0,0,0,0,0,0,0
Haemophilus_influenzae,0,0.1442208215587854,0,0,0,0,0,0,0,0,0,0,0,0,0,0,0,0,0,0,0,0,0,0.030655303065530305,0,0,0,0,0,0,0,0,0,0,0,0,0,0,0,0,0,0,0,0,0,0,0,0,0,0,0,0,0,0,0,0,0,0,0,0,0,0,0,0,0,0,1.2400318688190286e-05,0,0,0,0,0,0,0,0,0,0,0,0,0,0,0,0,0,0,0,0,0,0,0,0,0,0,0,0,0,0,0.3500565350056535,0,0,0,0,0,0,0,0,0,0,0,0,0,0,0,0,0,0,0,0,0,0,0,1.9446671631589762e-4,0,0.002668944289409518,0,0,0,0
Eubacterium_brachy,0,0.04662726000319329,0,0.0027459312804266624,2.7821205865473523e-5,0.09629901925980386,0,0.001719123329222633,0,0,0,0,0,0,0,0,0,0,0,0,3.000033722860727e-4,0.021954339301422075,0,0,0,0,0,0,0,0,0,0,0,0,0,0,0,0,0,0,0,0,0,0,0,0,0,0,0,0,2.7095090067504044e-5,0,0,0,0,0.0015501119378532825,0,0,0,0,2.707075153677568e-4,0,0,0.007129740516485645,0,0,0,0,0,0,0,0,0,0,1.8937057928660595e-5,0,0,0,0,0,0,0,0,0,3.638068297920932e-4,0.01198909760218048,0,0.022640125594477527,0,0,0,0,0,0,0,0,0,0,7.910002373000712e-5,0,0,1.597336399045639e-4,0,0,0,0,0,0,0,0,0,0,0,0,0,0,0,0,0,0,0,0,0,0,0,0,0,0
Bulleidia_extructa,0,0.022136668619237035,0,0.00633510528736582,0,0.026714505342901068,0,2.863202608789181e-4,0,0,0,0,0,0,0,0,0,0,0,0,0,0,0,0,0,0,0,0,0,0,0,0,0,0,0,0,0,0,0,0,0,0,0,0,0,0,0,0,0,0,0,0,0,0,0,0,0,0,0,0,0,0,0,0,0,0,0,0,0,0,0,0,0,0,0,0,0,0,0,0,0,0,0,0,0,0,0,0,0,0,0,0,0,0,0,0,0,0,0,0,0,0,0,0,0,0,0,0,0,0,0,0,0,0,0,0,0,0,0,0,0,0,0,0,0,0,0,0
Prevotella_jejuni,0,0.02047830514349586,0,0.016341106315824225,0,0,0,0,0,0,0,0,0,0.004105799589420041,0,0.0049098,0,0,0,0,0,0,0,0,0,0,0,0,0,0,0,0,0,0,0,0,0,0,0,0,0,0,0,0,0,0,0,0,0,0,0,0,0,0,0,0,0,0,0,0,0,0,0,0,0,0,0,0,0,0,0,0,0,0,0,0,0,0.06602292353587691,0,0,0,0,0,0,0,0,0,0.008237885065844046,0,0,0,0,0,0,0,0,0,0,0,0,0,0,0,0,0,2.0616007935645684e-4,0,0,0,0,0,0,0,0,0,0,0,0,0,0,0,0,0,0,0,0,0,0
Prevotella_pleuritidis,0,0.018204365173945518,0,0.012832945180412628,0,0,0,0,0,0,0,0,0,0,0,0,0,0,0,0,0,0,0,0,0,0,0,0,0,0,0,0,0,0,0,0,0,0,0,0,0,0,0,0,0,0,0,0,0,0,0,0,0,0,0,0,0,0,0,0,0,0,0,0,0,0,0,0,0,0,0,0,0,0,0,0,0,0,0,0,0,0,0,0,0,3.7839992432001513e-4,0,0,0,0,0,0,0,0,0,0,0,0,0,0,0,0,0,0,0,0,0,0,0,0,0,0,0,0,0,0,0,0,0,0,0,0,0,0,0,0,0,0
GGB70967_SGB95921,0,0.01145018441704334,0,0.02352684675422943,0,0,0,0,0,0,0,0,0,0,0,0,0,0,0,0,0,0,0,0,0,0,0,0,0,0,0,0,0,0,0,0,0,0,0,0,0,0,0,0,0,0,0,0,0,0,0,0,0,0,0,0,0,0,0,0,0,0,0,0,0,0,0,0,0,0,0,0,0,0,0,0,0,0,0,0,0,0,0,0,0,0,0,0,0,0,0,0,0,0,0,0,0,0,0,0,0,0,0,0,0,0,0,0,0,0,0,0,0,0,0,0,0,0,0,0,0,0,0,0,0,0,0,0
GGB18703_SGB19793,0,0.010817647957884693,0,0,0,0,0,0,0,0,0,0,0,0,0,0,0,0,0,0,0,0,0,0,0,0,0,0,0,0,0,0,0,0,0,0,0,0,0,0,0,0,0,0,0,0,0,0,0,0,0,0,0,0,0,0,0,0,0,0,0,0,0,0,0,0,0,0,0,0,0,0,0,0,0,0,0,0,0,0,0,0,0,0,0,0,0,0,0,0,0,0,0,0,0,0,0,0,0,0,0,0,0,0,0,0,0,0,0,0,0,0,0,0,0,0,0,0,0,0,0,0,0,0,0,0.015286668872343737,0,0
GGB1431_SGB1972,0,0.008179319620381783,0,0.014094315590096744,0,0,0,0,0,0,0,0,0,0,0,0,0,0,0,0,0,0.003541610575133746,0,0,0,0,0,0,0,0,0,0,0,0,0,0,0,0,0,0,0,0,0,0,0,0,0,0,0,0,0,0,0,0,0,0,0,0,0,0,0,0,0,0,0,0,0,0,0,0,0,0,0,0,0,0,0,0,0,0,0,0,0,0,0,0,0,0,0,0,0,0,0,0,0,0,0,0,0,0,0,0,0,0,0,0,0,0,0,0,0,0,0,0,0,0,0,0,0,0,0,0,0,0,0,0,0,0
GGB3883_SGB5265,0,0.007697917527000215,0,0.0016052700493186108,0,0,0,0,0,0,0,0,0,0,0,0,0,0,0,0,0,4.8851885012936685e-5,0,0,0,0,0,0,0,0,0,0,0,0,0,0,0,0,0,0,0,0,0,0,0,0,0,0,0,0,0,0,0,0,0,0,0,0,0,0,0,0.0017166286549368376,0,0,0,0,0,0,0,0,0,0,0,0,0,0,0,0.0012605354868054511,0,0,0,0,0,0,0,0,0,0.0033797041645695896,0,0.0072071007207100725,0,0,0,0.01151640230328046,0,0,0,0,0,0,0,0,0,0,0,0,0,0,0,0,0,0,0,0,0,0,0,0,0,0,0,0,0,0,0,0,0,0
Treponema_denticola,0,0.007449238271757453,0,0.01053592647433806,0,0.0018063003612600723,0,4.25724878977363e-4,0,0,0,0,0,0,0,0,0,0,0,0,0,0,0,0,0,0,0,0,0,0,0,0,0,0,0,0,0,0,0,0,0,0,0,0,0,0,0,0,0,0,0,0,0,0,0,0,0,0,0,0,0,0,0,0.00646007695806285,0,0,0,0,0,0,0,0,0,0,0,0,0,0,0,0,0,0,0,0,0,0,0,0,0,0,0,0,0,0,0,0,0,0,0,0,0,0,0,0,0,1.7621730041165253e-4,0,0,0,0,0,0,0,0,0,0,0,0,0,0,0,0,0,0,0,0,0,0
Mogibacterium_timidum,0,0.006712031730589847,0,8.101287152756048e-5,0,0.0049880009976002,0,4.883167513275987e-4,0,0,0,0,0,0,0,0,0,0,0,0,0,0,0,0,0,0,0,0,0,0,0,0,0,0,0,0,0,0,0,0,0,0,0,0,0,0,0,0,0,0,0,0,0,0,0,0,0,0,0,0,0,0,0,0,0,0,0,0,0,0,0,0,0,0,0,0,0,0,0,0,0,0,0,0,0,0,0,0,0,0,0,0,0,0,0,0,0,0,0,0,0,0,0,0,0,0,0,0,0,0,0,0,0,0,0,0,0,0,0,0,0,0,0,0,0,0,0,0
Eggerthia_catenaformis,0,0.006637267386297733,0,0.0018102326142833388,0,0,0,9.586070434183295e-4,0,0,0,0,0,0,0,0,0,0,0,0,0,0,0,0,0,0,0,0,0,0,0,0,0,0,0,0,0,0,0,0,0,0,0,0,0,0,0,0,0,0,0,0,0,0,0,0,0,0,0,0,0,0,0,0,0,0,0,0,0,0,0,0,0,0,0,0,0,0,0,0,0,0,0,0,0,0,0,0,0,0,0,0,0,0,0,0,0,0,0,0,0,0,0,0,0,0,0,0,0,0,0,0,0,0,0,0,0,0,0,0,0,0,0,0,0,0,0,0
Parvimonas_sp_oral_taxon_110,0,0.006387885647283099,0,0.004363960857010864,0,0,0,0,0,0,0,0,0,0,0,0,0,0,0,0,3.682496364285349e-5,0.02042885105704903,0,0.002412200241220024,0,0.027368102736810274,0,0,0,0,0,0,0,0,0,0,0,0,0,0,0,0,0,0,0,0,0,0,0,0,0,0,0,0,0,0,0,0,0,0,0,0,0,0,0,0,0,0,0,0,0,0,0,0,0,0,0,0,0,0,0,0,0,0,0,0,0,0,0,0,0,0,0,0,0,0,0,0,0,0,0,0,0,0,0,0,0,0,0,0,0,0,0,0,0,0,0,0,0,0,1.1930770727789015e-4,0,0,0.003144935695857716,0,0,0,0
Candidatus_Nanosynbacter_sp_HMT_352,0,0.006219490251682875,0,0,0,0,0,6.920157407042056e-5,0,0,0,0,0,0,0,0,0,0,0,0,0,0,0,0,0,0,0,0,0,0,0,0,0,0,0,0,0,0,0,0,0,0,0,0,0,0,0,0,0,0,0,0,0,0,0,0,0,0,0,0,0,0,0,0,0,0,0,0,0,0,0,0,0,0,0,0,0,9.428724508047194e-4,0,0,0,0,0,0,0,0,0,0.0038096591278628227,0,0,0,0,0,0,0,0,0,0,0,0,0,0,0,0,0,0,0,0,0,0,0,0,0,0,0,0,0,0,0,0,0,0,0,0,0,0,0,0
Parvimonas_sp_oral_taxon_393,0,0.005832923467504054,0,0.004783607531523628,0,8.448001689600338e-4,0,0,0,0,0,0,0,0,0,0,0,0,0,0,0,0,0,0,0,0,0,0,0,0,0,0,0,0,0,0,0,0,0,0,0,0,0,0,0,0,0,0,0,0,0,0,0,0,0,0,0,0,0,0,0,0,0,0,0,0,0,0,0,0,0,0,0,0,0,0,0,0,0,0,0,0,0,0,0,0,0,0,0,0,0,0,0,0,0,0,0,0,0,0,0,0,0,0,0,0,0,0,0,0,0,0,0,0,0,0,0,0,0,0,0,0,0,0,0,0,0,0
Oribacterium_asaccharolyticum,0,0.005573606600858656,0,0.0053199127410360775,0,0.004192400838480168,0,0.002199328173893641,0,0,0,0,0,8.117999188200081e-4,0,0.0073329,0,0,0,0,0,6.365853882098141e-4,0,0,0,0,0,0,0,0,0,0,0,0,0,0,0,0,0,0,0,0,0,0,0,0,0,0,0,0,0,0,0,0,0,3.822193819364258e-4,0,0,0,0,0,0,0,8.178228727998006e-5,0,0,0,0,0,0,0,0,0,0,0,0,0,2.1943029461324423e-4,0,0,0,0,0,0,0,0,0,0,0,0,0,0,0,0,0,0,0,0,0,0,0,0,0,0,0,0,0,0,0,0,0,0,0,0,0,0,0,0,0,0,0,0,0,0,0,0.014754589644030256,0,0
GGB1188_SGB1538,0,0.005073137090811984,0,0.02937111530622764,0,0.012207202441440489,0,1.7105106875872406e-4,0,0,0,0,0,0,0,0,0,0,0,0,0,0,0,0,0,0,0,0,0,0,0,0,0,0,0,0,0,0,0,0,0,0,0,0,0,0,0,0,0,0,0,0,0,0,0,0,0,0,0,0,0,0,0,0,0,0,0,0,0,0,0,0,0,0,0,0,0,0,0,0,0,0,0,0,0,0,0,0,0,0,0,0,0,0,0,0,0,0,0,0,0,0,0,0,0,0,0,0,0,0,0,0,0,0,0,0,0,0,0,0,0,0,0,0,0,0,0,0
Eubacterium_saphenum,0,0.002801003508103602,0,8.792934543422595e-4,0,0,0,0,0,0,0,0,0,0,0,0,0,0,0,0,0,0,0,0,0,0,0,0,0,0,0,0,0,0,0,0,0,0,0,0,0,0,0,0,0,0,0,0,0,0,0,0,0,0,0,0,0,0,0,0,0,0,0,0,0,0,0,0,0,0,0,0,0,0,0,0,0,0,0,0,0,0,0,0,0,0,0,0,0,0,0,0,0,0,0,0,0,0,0,0,0,0,0,0,0,0,0,0,0,0,0,0,0,0,0,0,0,0,0,0,0,0,0,0,0,0,0,0
GGB1022_SGB1315,0,0.0027724023831059478,0,0.029663976836799773,0,0.002447600489520098,0,6.960216205346207e-5,0,0,0,0,0,0,0,0,0,0,0,0,0,0,0,0,0,0,0,0,0,0,0,0,0,0,0,0,0,0,0,0,0,0,0,0,0,0,0,0,0,0,0,0,0,0,0,0,0,0,0,0,0,0,0,0,0,0,0,0,0,0,0,0,0,0,0,0,0,0,0,0,0,0,0,0,0,0,0,0,0,0,0,0,0,0,0,0,0,0,0,0,0,0,0,0,0,0,0,0,0,0,0,0,0,0,0,0,0,0,0,0,0,0,0,0,0,0,0,0
GGB49528_SGB69474,0,0.002333048961212158,0,0.017719742857044484,0,0,0,0,0,0,0,0,0,0,0,0,0,0,0,0,0,0,0,0,0,0,0,0,0,0,0,0,0,0,0,0,0,0,0,0,0,0,0,0,0,0,0,0,0,0,0,0,0,0,0,0,0,0,0,0,0,0,0,0.025798744647059803,0,0,0,0,0,0,0,0,0,0,0,0,0,0,0,0,0,0,0,0,0,0,0,0,0,0,0,0,0,0,0,0,0,0,0,0,0,0,0,0,0,0,0,0,0,0,0,0,0,0,0,0,0,0,0,0,0,0,0,0,0,0,0,0
Oribacterium_parvum,0,0.001958223691506058,0,4.779759420126068e-4,0,0,0,0,0,0,0,0,0,0,0,0,0,0,0,0,0,0,0,0,0,0,0,0,0,0,0,0,0,0,0,0,0,0,0,0,0,0,0,0,0,0,0,0,0,0,0,0,0,0,0,0.0043516316713766755,0,0,0,0,0,0,0,0.002121169918882517,0,0,0,0,0,0,0,0,0,0,0,0,0,5.238405096852829e-4,0,0,0,0,0,0,0,0,0,0.003375401613156602,0,0,0,0,0,0,0,0,0,0,0,0,0,0,0,0,0,0.0011583606814086298,0,0,0,0,0,0,0,0,0,0,0,0,0,0,0,2.5772094416543303e-4,0,0.0013057630569984432,0,0,0,0
GGB2964_SGB3946,0,0.0017458728827515447,0,0.0017505868876211725,0,0.0010880002176000434,0,3.881697555672216e-4,0,0,0,0,0,0,0,0,0,0,0,0,0,0,0,0,0,0,0,0,0,0,0,0,0,0,0,0,0,0,0,0,0,0,0,0,0,0,0,0,0,0,0,0,0,0,0,0,0,0,0,0,0,0,0,0,0,0,0,0,0,0,0,0,0,0,0,0,0,0,0,0,0,0,0,0,0,0,0,0,0,0,0,0,0,0,0,0,0,0,0,0,0,0,0,0,0,8.841212431675332e-5,0,0,0,0,0,0,0,0,0,0,0,0,0,0,0,0,0,0,0,0,0,0
GGB3887_SGB5270,0,0.0016720117318804095,0,0.00484588617651044,0,0,0,0,0,0,0,0,0,0,0,0,0,0,0,0,0,9.105588464266961e-5,0,0,0,0,0,0,0,0,0,0,0,0,0,0,0,0,0,0,0,0,0,0,0,0,0,0,0,0,0,0,0,0,0,0,0,0,0,0,0,0,0,0,0,0,0,0,0,0,0,0,0,0,0,0,0,3.727988177269733e-4,0,0,0,0,0,0,0,0,0,0.004720299137388471,0,0,0,0,0,0,0,0,0,0,0,0,0,0,0,0,0,0,0,0,0,0,0,0,0,0,0,0,0,0,0,0,0,0,0,0,0,0,0,0
GGB1025_SGB1320,0,0.0016383928656550967,0,0.0018988404425166082,0,0,0,0,0,0,0,0,0,0,0,0,0,0,0,0,0,0,0,0,0,0,0,0,0,0,0,0,0,0,0,0,0,0,0,0,0,0,0,0,0,0,0,0,0,0,0,0,0,0,0,0,0,0,0,0,0,0,0,0,0,0,0,0,0,0,0,0,0,0,0,0,0,0,0,0,0,0,0,0,0,0,0,0,0,0,0,0,0,0,0,0,0,0,0,0,0,0,0,0,0,0,0,0,0,0,0,0,0,0,0,0,0,0,0,0,0,0,0,0,0,0,0,0
GGB49400_SGB97338,0,0.0014877602740007846,0,0.020408661329133625,0,0,0,0,0,0,0,0,0,0,0,0,0,0,0,0,0,0,0,0,0,0,0,0,0,0,0,0,0,0,0,0,0,0,0,0,0,0,0,0,0,0,0,0,0,0,0,0,0,0,0,0,0,0,0,0,0,0,0,0,0,0,0,0,0,0,0,0,0,0,0,0,0,0,0,0,0,0,0,0,0,0,0,0,0,0,0,0,0,0,0,0,0,0,0,0,0,0,0,0,0,0,0,0,0,0,0,0,0,0,0,0,0,0,0,0,0,0,0,0,0,0,0,0
GGB49401_SGB69314,0,0.0014395899582152617,0,0.009350201833442802,0,0.0026063005212601043,0,0,0,0,0,0,0,0,0,0,0,0,0,0,0,0,0,0,0,0,0,0,0,0,0,0,0,0,0,0,0,0,0,0,0,0,0,0,0,0,0,0,0,0,0,0,0,0,0,0,0,0,0,0,0,0,0,0,0,0,0,0,0,0,0,0,0,0,0,0,0,0,0,0,0,0,0,0,0,0,0,0,0,0,0,0,0,0,0,0,0,0,0,0,0,0,0,0,0,0,0,0,0,0,0,0,0,0,0,0,0,0,0,0,0,0,0,0,0,0,0,0
Campylobacter_concisus,0,0.0013046127191912445,0,0.005889331961785418,0,0,0,1.1026184233217517e-4,0,0,0,0,0,0,0,0.0026309,0,0,0,0,0,6.389020755403245e-4,0,0,0,0,0,0,0,0,0,0,0,0,0,0,0,0,0,0,0,0,0,0,0,0,0,0,0,0,0,0,0,0,0,4.5384741603137e-4,0,0,0,0,0,0,0,1.781427066794003e-4,0,0,0,3.459156157011289e-4,0,0,0,0,0,0,0,0,0,7.860642642438487e-5,0,0,0,0,0,0,0,0,0,0.00811351131220814,0,0,0,0.0023587278096669365,0,0,0,0,0,0,0,0,0,0,0,0,0,2.149608285733419e-4,0,0,0,0,0,0,0,0,0,0,0,0,0,0,0,6.566629571531674e-4,0,9.115267039818082e-4,0,0,0,0
Bacteroidota_unclassified_SGB1343,0,0.0012517257266517225,0,0.0052583429586751315,0,0,0,0,0,0,0,0,0,0,0,0,0,0,0,0,0,2.9049244613878227e-4,0,0,0,0,0,0,0,0,0,0,0,0,0,0,0,0,0,0,0,0,0,0,0,0,0,0,0,0,0,0,0,0,0,0,0,0,0,0,0,0,0,0,0,0,0,0,0,0,0,0,0,0,0,0,0,0,0,0,0,0,0,0,0,0,0,0,0,0,0,0,0,0,0,0,0,0,0,0,0,0,0,0,0,0.005524746189427326,0,0,0,0,0,0,0,0,0,0,0,0,0,0,0,0,0,0,0,0,0,0
GGB1611_SGB2208,0,0.0010187018240392556,0,0.012487425283347581,0,0.007913801582760317,0,3.990857781051027e-4,0,0,0,0,0,0,0,0,0,0,0,0,0,0,0,0,0,0,0,0,0,0,0,0,0,0,0,0,0,0,0,0,0,0,0,0,0,0,0,0,0,0,0,0,0,0,0,0,0,0,0,0,0,0,0,0,0,0,0,0,0,0,0,0,0,0,0,0,0,0,0,0,0,0,0,0,0,0,0,0,0,0,0,0,0,0,0,0,0,0,0,0,0,0,0,0,0,0,0,0,0,0,0,0,0,0,0,0,0,0,0,0,0,0,0,0,0,0,0,0
Arachnia_SGB15899,0,0.001002143277987982,0,0,0,0,0,0,0,0,0,0,0,0,0,0,0,0,0,0,0,6.618674977732102e-4,0,0,0,0,0,0,0,0,0,0,0,0,0,0,0,0,0,0,0,0,0,0,0,0,0,0,0,0,0,0,0,0,0,0,0,0,0,0,0,0,0,0,0,0,0,0,0,0,0,0,0,0,0,0,0,0,0,0,0,0,0,0,0,0,0,0,0,0,0,0,0,0,0,0,0,0,0,0,0,0,0,0,0,0.008973223669928608,0,0,0,0,0,0,0,0,0,0,0,0,0,0,0,0,0,0,0,0,0,0
Lachnoanaerobaculum_orale,0,9.587899937810115e-4,0,0.00117043346139443,0,0.002173000434600087,0,8.264130090146317e-4,0,0,0,0,0,0,0,0,0,0,0,0,0,1.2590692013643476e-5,0,0,0,0,0,0,0,0,0,0,0,0,0,0,0,0,0,0,0,0,0,0,0,0,0,0,0,0,0,0,0,0,0,0.0021265906122571315,0,0,0,0,0,0,0,0.006362579237576097,0,0,0,3.766949638850619e-4,0,0,0,0,0,0,0,0,0,0.002123486345750114,0,0,0,0,0,0,0,0,0,0.002895216863600115,0,0.004576000457600046,0,0,0,0,0,0,0,0,0,0,0,0,0,0,0,0,0,0,0,0,0,0,0,0,0,0,0,0,0,0,0,0,0,0,0,0,0,0
Candidatus_Saccharibacteria_unclassified_SGB19846,0,6.663560350330664e-4,0,0.0012694716968368726,0,0,0,3.9828460213901963e-4,0,0,0,0,0,0,0,0,0,0,0,0,0,0,0,0,0,0,0,0,0,0,0,0,0,0,0,0,0,0,0,0,0,0,0,0,0,0,0,0,0,0,0,0,0,0,0,0,0,0,0,0,0,0,0,0,0,0,0,0,0,0,0,0,0,0,0,0,0,0,0,0,0,0,0,0,0,0,0,0,0,0,0,0,0,0,0,0,0,0,0,0,0,0,0,0,0,0,0,0,0,0,0,0,0,0,0,0,0,0,0,0,0,0,0,0,0,0,0,0
GGB71270_SGB97344,0,5.544604056562789e-4,0,1.346838989145693e-5,0,0,0,4.5546853671819495e-4,0,0,0,0,0,0,0,0,0,0,0,0,0,7.139425999416396e-4,0,0,0,0,0,0,0,0,0,0,0,0,0,0,0,0,0,0,0,0,0,0,0,0,0,0,0,0,0,0,0,0,0,0,0,0,0,0,0,0,0,0,0,0,0,0,0,0,0,0,0,0,0,0,0,0,0,0,0,0,0,0,0,0,0,0,0,0,0,0,0,0,0,0,0,0,0,0,0,0,0,0,0,0,0,0,0,0,0,0,0,0,0,0,0,0,0,0,0,0,0,0,0,0,0,0
Neisseria_sicca,0,5.495430192531735e-4,0,0.0024349431198502397,0,0,0,0,0,0,0,0,0,0,0,0,0,0,0,0,0,2.3418687145376863e-4,0,0,0,0,0,0,0,0,0,0,0,0,0,0,0,0,0,0,0,0,0,0,0,0,0,0,0,0,0,0,0,0,0,0,0,0,0,0,0,0,0,0,0,0,0,0,0,0,0,0,0,0,0,0,0,4.372419240748924e-4,0,0,0,0,0,0,0,0.01377859724428055,0,0.011294597696433985,0,0,0,0,0,0,0,0,0,6.357000635700064e-4,0,0,0,0,0,0,0,0.005110504028011874,0,0,0,0,0,0,0,0,0,0,0,0,0,0,0,7.880756172266484e-4,0,0.030555845865596377,0,0,0,0
Arachnia_rubra,0,4.4316690522681044e-4,0,9.316480225669455e-5,0,0,0,0,0,0,0,0,0,0,0,0,0,0,0,0,4.553086537363679e-5,3.2735799235473036e-4,0,0,0,0,0,0,0,0,0,0,0,0,0,0,0,0,0,0,0,0,0,0,0,0,0,0,0,0,0,0,0,0,0,0,0,0,0,0,0,0,0,0,0,0,0,0,0,0,0,0,0,0,0,0,0,0,0,0,0,0,0,0,0,0,0,0,0,0,0,0,0,0,0,0,0,0,0,0,0,0,0,0,0,0.0021131913924221707,0,0,0,0,0,0,0,0,0,0,0,0,0,0,0,0,0,0,0,0,0,0
Actinobaculum_sp_oral_taxon_183,0,4.0814307145775315e-4,0,0,0,0,0,0,0,0,0,0,0,0,0,0,0,0,0,0,0,0,0,0,0,0,0,0,0,0,0,0,0,0,0,0,0,0,0,0,0,0,0,0,0,0,0,0,0,0,0,0,0,0,0,5.340098541886906e-4,0,0,0,0,0,0,0,0,0,0,0,0,0,0,0,0,0,0,0,0,0,0,0,0,0,0,0,0,2.9449121134051597e-5,0,0,0,0,0,0,0,0,0,0,0,0,0,0,0,0,0,0,0,0,0,0,0,0,0,0,0,0,0,0,0,0,0,0,0,0,0,0,0,0,0,0,0
Capnocytophaga_sputigena,0,3.867674938279274e-4,0,4.7048225139630746e-4,0,0,0,0,0,0,0,0,0,0,0,0,0,0,0,0,0,2.0507719151822493e-4,0,0,0,0,0,0,0,0,0,0,0,0,0,0,0,0,0,0,0,0,0,0,0,0,0,0,0,0,0,0,0,0,0,0,0,0,0,0,0,0,0,0,0,0,0,0,0,0,0,0,0,0,0,0,0,1.7329833779275582e-4,0,0,0,0,0,0,0,0,0,0,0,0,0,0,0,0.004488600897720179,0,0,0,0,0,0,0,0,0,0,0,4.268869160374131e-4,0,0,0,0,0,0,0,0,0,0,0,0,0,0,0,0.00863800536199684,0,0,0,0,0,0
Eubacterium_infirmum,0,3.783376885654609e-4,0,0.0016084092980903038,0,0,0,1.0655640348904121e-4,0,0,0,0,0,0,0,0,0,0,0,0,3.950678164727869e-4,4.7774121776568803e-4,0,0,0,0,0,0,0,0,0,0,0,0,0,0,0,0,0,0,0,0,0,0,0,0,0,0,0,0,0,0,0,0,0,0,0,0,0,0,0,0,0,0,0,0,0,0,0,0,0,0,0,0,0,0,0,0,0,0,0,0,0,0,0,0,0,7.324343335598009e-5,0,0,0,0,0,0,0,0,0,0,0,0,0,0,0,0,0,0,0,0,0,0,7.044557942349403e-5,0,0,0,0,0,0,0,0,0,0,0,0,0,0,0,0,0
Prevotella_baroniae,0,3.695064640047817e-4,0,0.011561751960055794,0,0.008049601609920323,0,6.722867825394113e-4,0,0,0,0,0,0,0,0,0,0,0,0,0,0,0,0,0,0,0,0,0,0,0,0,0,0,0,0,0,0,0,0,0,0,0,0,0,0,0,0,0,0,0,0,0,0,0,0,0,0,0,0,0,0,0,0.0020374232024516904,0,0,0,0,0,0,0,0,0,0,0,0,0,4.834750474673556e-4,0,0,0,0,0,0,0,0,0,0,0,0,0,0,0,0,0,0,0,0,0,0,0,0,0,0,0,0,0,0,0,0,0,0,0,0,0,0,0,0,0,0,0,0,0,0,0,0,0,0
GGB74353_SGB98242,0,3.571628205847415e-4,0,0.003394439317004784,0,0,0,0,0,0,0,0,0,0,0,0,0,0,0,0,0,0,0,0,0,0,0,0,0,0,0,0,0,0,0,0,0,0,0,0,0,0,0,0,0,0,0,0,0,0,0,0,0,0,0,0,0,0,0,0,0,0,0,0,0,0,0,0,0,0,0,0,0,0,0,0,0,0,0,0,0,0,0,0,0,0,0,0,0,0,0,0,0,0,0,0,0,0,0,0,0,0,0,0,0,0,0,0,0,0,0,0,0,0,0,0,0,0,0,0,0,0,0,0,0,0,0,0
Porphyromonas_catoniae,0,3.446184675155949e-4,0,0,0,0,0,0,0,0,0,0,0,0,0,0,0,0,0,0,0,0.0013499236349347988,0,0,0,0,0,0,0,0,0,0,0,0,0,0,0,0,0,0,0,0,0,0,0,0,0,0,0,0,0,0,0,0,0,0,0,0,0,0,0,0,0,0,0,0,0,0,0,0,0,0,0,0,0,0,0,0,0,0,0,0,0,0,0,0,0,0,0,0,0,0,0,0,0,0,0,0,0,0,0,0,0,0,0,0.004368206352684259,0,0,0,0,0,0,0,0,0,0,0,0,0,0,0,0.002131026929386563,0,6.107397483798593e-4,0,0,0,0
Prevotella_micans,0,3.3187340479734197e-4,0,0.00243848743297957,0,0,0,0,0,0,0,0,0,0,0,0,0,0,0,0,0,1.5431152131921443e-4,0,0,0,0,0,0,0,0,0,0,0,0,0,0,0,0,0,0,0,0,0,0,0,0,0,0,0,0,0,0,0,0,0,0,0,0,0,0,0,0,0,0,0,0,0,0,0,0,0,0,0,0,0,0,0,0,0,0,0,0,0,0,0,0,0,0,0,0,0,0,0,0,0,0,0,0,0,0,0,0,0,0,0,4.46511575210697e-4,0,0,0,0,0,0,0,0,0,0,0,0,0,0,0,0,0,0,0,0,0,0
Corynebacterium_matruchotii,0,2.513888355056975e-4,0,0,0,8.396001679200336e-4,0,5.718393457917532e-4,0,0,0,0,0,0,0,0,0,0,0,0,0,0,0,0,0,0,0,0,0,0,0,0,0,0,0,0,0,0,0,0,0,0,0,0,0,0,0,0,0,0,0,0,0,0,0,1.2618726006513578e-4,0,0,0,0,0,0,0,0,0,0,0,0,0,0,0,0,0,0,0,0,0,0,0,0,0,0,0,0,0,0,0,0.0030961360086531314,0,0,0,0,0,0,0,0,0,0,0,0,0,0,0,0,0,6.3891416153846e-4,0,0,0,0,0,0,0,0,0,0,0,0,0,0,0,0,0,0,0,0,0,0
Cardiobacterium_hominis,0,2.3171928989327567e-4,0,0,0,0,0,0,0,0,0,0,0,0,0,0,0,0,0,0,0,0.0010872314367621413,0,0,0,0,0,0,0,0,0,0,0,0,0,0,0,0,0,0,0,0,0,0,0,0,0,0,0,0,0,0,0,0,0,0,0,0,0,0,0,0,0,0,0,0,0,0,0,0,0,0,0,0,0,0,0,0,0,0,0,0,0,0,0,0,0,0,0,0,0,0,0,0,0,0,0,0,0,0,0,0,0,0,0,0.0010614512819859185,0,0,0,0,0,0,0,0,0,0,0,0,0,0,0,5.193452346696823e-4,0,0,0,0,0,0
Aggregatibacter_sp_2125159857,0,2.1967671094689494e-4,0,0,0,0,0,0,0,0,0,0,0,0,0,0,0,0,0,0,0,0,0,0,0,0,0,0,0,0,0,0,0,0,0,0,0,0,0,0,0,0,0,0,0,0,0,0,0,0,0,0,0,0,0,0,0,0,0,0,0,0,0,0,0,0,0,0,0,0,0,0,0,0,0,0,0,0,0,0,0,0,0,0,0,0,0,0,0,0,0,0,0,0,0,0,0,0,0,0,0,0,0,0,0,0.0024611750396185453,0,0,0,0,0,0,0,0,0,0,0,0,0,0,0,0,0,0,0,0,0,0
Treponema_SGB3588,0,1.885667153354114e-4,0,7.926096818077699e-4,0,0,0,0,0,0,0,0,0,0,0,0,0,0,0,0,0,0,0,0,0,0,0,0,0,0,0,0,0,0,0,0,0,0,0,0,0,0,0,0,0,0,0,0,0,0,0,0,0,0,0,0,0,0,0,0,0,0,0,0,0,0,0,0,0,0,0,0,0,0,0,0,0,0,0,0,0,0,0,0,0,0,0,0,0,0,0,0,0,0,0,0,0,0,0,0,0,0,0,0,0,0,0,0,0,0,0,0,0,0,0,0,0,0,0,0,0,0,0,0,0,0,0,0
GGB1843_SGB2524,0,1.584602679694596e-4,0,0,0,0,0,4.851120474632666e-4,0,0,0,0,0,0,0,0,0,0,0,0,0,2.8626197362219806e-4,0,0,0,0,0,0,0,0,0,0,0,0,0,0,0,0,0,0,0,0,0,0,0,0,0,0,0,0,0,0,0,0,0,4.090417947038943e-4,0,0,0,0,0,0,0,0,0,0,0,0,0,0,0,0,0,0,0,0,0,0.00114308109674276,0,0,0,0,0,0,0,0,0,0,0,0,0,0,0,0,0,0,0,0,0,0,0,0,0,0,0,9.963055061735738e-4,0,0,0,0,0,0,0,0,0,0,0,0,0,0,0,0,0,0,0,0,0,0
TM7_phylum_sp_oral_taxon_349,0,1.3297014253295375e-4,0,0.0011492688487078548,0,0,0,0,0,0,0,0,0,0,0,0,0,0,0,0,0,0,0,0,0,0,0,0,0,0,0,0,0,0,0,0,0,0,0,0,0,0,0,0,0,0,0,0,0,0,0,0,0,0,0,0,0,0,0,0,0,0,0,0,0,0,0,0,0,0,0,0,0,0,0,0,0,0,0,0,0,0,0,0,0,0,0,0,0,0,0,0,0,0,0,0,0,0,0,0,0,0,0,0,0,0,0,0,0,0,0,0,0,0,0,0,0,0,0,0,0,0,0,0,0,0,0,0
GGB4533_SGB6246,0,1.152073385870422e-4,0,0,0,0,0,0,0,0,0,0,0,0,0,0,0,0,0,0,0,7.308644900079765e-4,0,0,0,0,0,0,0,0,0,0,0,0,0,0,0,0,0,0,0,0,0,0,0,0,0,0,0,0,0,0,0,0,0,0,0,0,0,0,0,0,0,0,0,0,0,0,0,0,0,0,0,0,0,0,0,0.001306060444194091,0,0,0,0,0,0,0,0,0,0.0020564194567378453,0,0,0,0,0,0,0,0,0,0,0,0,0,0,0,0,0,1.1875953540946043e-4,0,0,0,0,0,0,0,0,0,0,0,0,0,0,0,0,0,0,0,0,0,0
Prevotella_loescheii,0,1.1289917762231923e-4,0,0,0,0,0,0,0,0,0,0,0,0,0,0,0,0,0,0,0,6.65090714928703e-4,0,0,0,0,0,0,0,0,0,0,0,0,0,0,0,0,0,0,0,0,0,0,0,0,0,0,0,0,0,0,0,0,0,0,0,0,0,0,0,0,0,0,0,0,0,0,0,0,0,0,0,0,0,0,0,1.6915050834179085e-4,0,0,0,0,0,0,0,0,0,0,0,0,0,0,0,0,0,0,0,0,0,0,0,0,0,0,0,2.9002009200930414e-4,0,0,0,0,0,0,0,0,0,0,0,0,0,0,0,0,0,0,0,0,0,0
Prevotella_bivia,0,9.312927718534423e-5,0,4.3726697407000766e-4,0,0,0,0,0,0,0,0,0,0,0,0,4.940327543716148e-5,0,0,0,0.002165668106409335,0,0,0,1.6492162532031297e-4,0.03223350322335032,0,0,0,0,0,0,0,0,0,0,0,0,0,0,0,0,0,0,0,0,0,0,0,0,0,0,3.87086086140493e-5,0,0,0,0,0,0,0,0,0,0,0,0,0,0,0,0,0,0,0,0,0,0,0,0,0,0,0,0,0,0,0,0,0,0,0,0,0,0,0,0,0,0,0,0,0,0,0,0,0,0,0,0,0,0,0,0,0,0,0,0,0,0,0,0,0,0,0,0,0,0,0,0,0,0,0
Mogibacterium_SGB3923,0,8.339485920368648e-5,0,0,0,0,0,0,0,0,0,0,0,0,0,0,0,0,0,0,0,0.001101937365034077,0,0,0,0.004179900417990042,1.3142483076544931e-5,0,0,0,0,0,0,0,0,0,0,0,0,0,0,0,0,0,0,0,0,0,0,0,0,0,0,0,0,0,0,0,0,0,0,0,0,0,0,0,0,0,0,0,0,0,0,0,0,0,0,0,0,0,0,0,0,0,0,0,0,0.0013712131293857257,0,0,0,0,0,0,0,0,0,0,0,0,0,0,0,0,0,0.003051128711260771,0,0,0,0,0,0,0,0,0,0,0,0,0,0,0,0,0,0,0,0,0,0
Campylobacter_rectus,0,7.797569867781515e-5,0,0.005493381552194467,0,8.643001728600346e-4,0,0,0,0,0,0,0,0,0,0,0,0,0,0,0,0,0,0,0,0,0,0,0,0,0,0,0,0,0,0,0,0,0,0,0,0,0,0,0,0,0,0,0,0,0,0,0,0,0,0,0,0,0,0,0,0,0,9.691873084229242e-4,0,0,0,0,0,0,0,0,0,0,0,0,0,0,0,0,0,0,0,0,0,0,0,0,0,0,0,0,0,0,0,0,0,0,0,0,0,0,0,0,0,0,0,0,0,0,0,0,0,0,0,0,0,0,0,0,0,0,0,0.00564025585117546,0,0,0,0
Prevotella_oulorum,0,6.984695788900817e-5,0,0,0,0,0,0,0,0,0,0,0,0,0,0,0,0,0,0,0,0.0010142054230830092,0,0,0,0,0,0,0,0,0,0,0,0,0,0,0,0,0,0,0,0,0,0,0,0,0,0,0,0,0,0,0,0,0,0,0,0,0,0,0,0,0,0,0,0,0,0.006200026936958966,0,0,0,0,0,0,0,0,0,0,0,0,0,0,0,0,0,0,0,8.850248197180929e-4,0,0,0,0,0,0.003025900605180121,0,0,0,0,0,0,0,0,0,0,0,4.511648449115788e-5,0,0,0,0.0018382,0,0,0,0,0,0,0,0,0,0,0,3.583071767426214e-5,0,0,0,0,0,0
Neisseria_sp_oral_taxon_014,0,6.412673288947733e-5,0,0,0,0,0,0,0,0,0,0,0,0,0,0,0,0,0,0,0,0,0,0,0,0,0,0,0,0,0,0,0,0,0,0,0,0,0,0,0,0,0,0,0,0,0,0,0,0,0,0,0,0,0,0,0,0,0,0,0,0,0,0.00221566930013903,0,0,0,0,0,0,0,0,0,0,0,0,0,0,0,0,0,0,0,0,0,0,0,0,0,0,0,0,0,0,0,0,0,0,0,0,0,0,0,0,0,0,0,0,0,0.0031835,0,0,0,0,0,0,0,0,0,0,0,0,0,0,0,0,0,0
Selenomonas_SGB5896,0,2.1275222805272603e-5,0,7.240525392775718e-5,0,0,0,8.923097322249598e-5,0,0,0,0,0,0,0,0,0,0,0,0,0,9.10458120890587e-4,0,0,0,0,0,0,0,0,0,0,0,0,0,0,0,0,0,0,0,0,0,0,0,0,0,0,0,0,0,0,0,0,0,0,0,0,0,0,0,0,0,0,0,0,0,0,0,0,0,0,0,0,0,0,0,0,0,0,0,0,0,0,0,0,0,0,0,0,0,0,0,0,0,0,0,0,0,0,0,0,0,0,0,0,0,0,0,0,0,0,0,0,0,0,0,0,0,0,0,0,0,0,0,0,0,0
Prevotella_koreensis,0,0,0,0.03229335084831616,0,0,0,1.6884783485199577e-4,0,0,0,0,0,0,0,0,0,0,0,0,0,0,0,0,0,0,0,0,0,0,0,0,0,0,0,0,0,0,0,0,0,0,0,0,0,0,0,0,0,0,0,0,0,0,0,0,0,0,0,0,0,0,0,0,0,0,0,0,0,0,0,0,0,0,0,0,0,0,0,0,0,0,0,0,0,0,0,0,0,0,0,0,0,0,0,0,0,0,0,0,0,0,0,0,0,0,0,0,0,0,0,0,0,0,0,0,0,0,0,0,0,0,0,0,0,0,0,0
GGB4333_SGB5935,0,0,0,0.02135205621807207,0,0.0025125005025001005,0,9.367749983425672e-4,0,0,0,0,0,0,0,0,0,0,0,0,0,0,0,0,0,0,0,0,0,0,0,0,0,0,0,0,0,0,0,0,0,0,0,0,0,0,0,0,0,0,0,0,0,0,0,0,0,0,0,0,0,0,0,0.0012438972165176234,0,0,0,0,0,0,0,0,0,0,0,0,0,0,0,0,0,0,0,0,0,0,0,0,0,0,0,0,0,0,0,0,0,0,0,0,0,0,0,0,0,0,0,0,0,0,0,0,0,0,0,0,0,0,0,0,0,0,0,0,0,0,0,0
Prevotella_vespertina,0,0,0,0.013498870984369174,0,0,0,0,0,0,0,0,0,0,0,0,0,0,0,0,0,0,0,0,0,0,0,0,0,0,0,0,0,0,0,0,0,0,0,0,0,0,0,0,0,0,0,0,0,0,0,0,0,0,0,0.0033617424001893825,0,0,0,0,0,0,0,0.029306491373416167,0,0,0,0,0,0,0,0,0,0,0,0,0,0,0,0,0,0,0,0,0,0,0,0.004444735728286874,0,0,0,0,0,0,0,0,0,0,0,0,0,0,0,0,0,0,0,0,0,0,0,0,0,0,0,0,0,0,0,0,0,0,0,0.014272472736375353,0,0,0,0
Treponema_SGB3604,0,0,0,0.006032117147852744,0,0,0,3.1846744651799913e-4,0,0,0,0,0,0,0,0,0,0,0,0,0,0,0,0,0,0,0,0,0,0,0,0,0,0,0,0,0,0,0,0,0,0,0,0,0,0,0,0,0,0,0,0,0,0,0,0,0,0,0,0,0,0,0,0,0,0,0,0,0,0,0,0,0,0,0,0,0,0,0,0,0,0,0,0,0,0,0,0,0,0,0,0,0,0,0,0,0,0,0,0,0,0,0,0,0,0,0,0,0,0,0,0,0,0,0,0,0,0,0,0,0,0,0,0,0,0,0,0
Alloprevotella_SGB1483,0,0,0,0.0019897773908062947,0,0,0,0,0,0,0,0,0,0,0,0,0,0,0,0,0,1.7526243282991718e-5,0,0,0,0,0,0,0,0,0,0,0,0,0,0,0,0,0,0,0,0,0,0,0,0,0,0,0,0,0,0,0,0,0,0,0,0,0,0,0,0,0,0.012022616576204704,0,0,0,0,0,0,0,0,0,0,0,0,0,9.469191136837095e-5,0,0,0,0,0,0,0,0,0,0,0,0,0,0,0,0,0,0,0,0,0,0,0,0,0,0,0,9.306539401763508e-5,0,0,0,0,0,0,0,0,0,0,0,0,0,0,0,0,0,0.003151678380676814,0,0,0,0
Alloprevotella_SGB1484,0,0,0,0.001873422654074836,0,0,0,0,0,0,0,0,0,0,0,0,0,0,0,0,0,0,0,0,0,0,0,0,0,0,0,0,0,0,0,0,0,0,0,0,0,0,0,0,0,0,0,0,0,0,0,0,0,0,0,0,0,0,0,0,0,0,0,0.014542875785732889,0,0,0,0,0,0,0,0,0,0,0,0,0,2.810407369458702e-4,0,0,0,0,0,0,0,0,0,0,0,0,0,0,0,0,0,0,0,0,0,0,0,0,0,0,0,1.6529223241827797e-4,0,0,0,0,0,0,0,0,0,0,0,0,0,0,0,0,0,0.002770505979497181,0,0,0,0
Catonella_SGB4505,0,0,0,0.0016539790383245565,0,0,0,0,0,0,0,0,0,0,0,0,0,0,0,0,0,0,0,0,0,0,0,0,0,0,0,0,0,0,0,0,0,0,0,0,0,0,0,0,0,0,0,0,0,0,0,0,0,0,0,0,0,0,0,0,0,0,0,0,0,0,0,2.2531287559480337e-4,0,0,0,0,0,0,0,0,0,0,0,0,0,0,0,0,0,0,0,4.0443983282086276e-4,0,0,0,0,0,0,0,0,0,0,0,0,0,0,0,0,0,1.0813794152701294e-4,0,0,0,0.0080415,0,0,0,0,0,0,0,0,0,0,0,0,0,0,0,0,0,0
Catonella_SGB69305,0,0,0,0.0016321055630121152,0,0,0,0,0,0,0,0,0,0,0,0,0,0,0,0,0,7.117266381472384e-4,0,0,0,0,0,0,0,0,0,0,0,0,0,0,0,0,0,0,0,0,0,0,0,0,0,0,0,0,0,0,0,0,0,0,0,0,0,0,0,0,0,0,0,0,0,0,0,0,0,0,0,0,0,0,0,0,0,0,0,0,0,0,0,0,0,0,0,0,0,0,0,0,0,0,0,0,0,0,0,0,0,0,0,0.0016378497766734018,0,0,0,0,0,0,0,0,0,0,0,0,0,0,0,0,0,9.8411592023741e-4,0,0,0,0
GGB1024_SGB69047,0,0,0,8.38483220310251e-4,0,0,0,2.68494095633571e-4,0,0,0,0,0,0,0,0,0,0,0,0,0,0,0,0,0,0,0,0,0,0,0,0,0,0,0,0,0,0,0,0,0,0,0,0,0,0,0,0,0,0,0,0,0,0,0,0,0,0,0,0,0,0,0,0,0,0,0,0,0,0,0,0,0,0,0,0,0,0,0,0,0,0,0,0,0,0,0,0,0,0,0,0,0,0,0,0,0,0,0,0,0,0,0,0,0,0,0,0,0,0,0,0,0,0,0,0,0,0,0,0,0,0,0,0,0,0,0,0
Treponema_sp_Marseille_Q4130,0,0,0,8.089135222026913e-4,0,0,0,0,0,0,0,0,0,0,0,0,0,0,0,0,0,6.47363020573493e-4,0,0,0,0,0,0,0,0,0,0,0,0,0,0,0,0,0,0,0,0,0,0,0,0,0,0,0,0,0,0,0,0,0,0,0,0,0,0,0,0,0,0,0,0,0,0,0,0,0,0,0,0,0,0,0,0,0,0,0,0,0,0,0,0,0,0,0,0,0,0,0,0,0,0,0,0,0,0,0,0,0,0,0,0,0,0,0,0,0,0,0,0,0,0,0,0,0,0,0,0,0,0,0,0,0,0
GGB4538_SGB6256,0,0,0,7.167613808400913e-4,0,0,0,7.820478898927846e-4,0,0,0,0,0,0,0,0,0,0,0,0,0,0,0,0,0,0,0,0,0,0,0,0,0,0,0,0,0,0,0,0,0,0,0,0,0,0,0,0,0,0,0,0,0,0,0,4.2875220408604913e-4,0,0,0,0,0,0,0,0.0017049177209189268,0,0,0,0,0,0,0,0,0,0,0,0,0,0,0,0,0,0,0,0,0,0,0,0,0,0,0,0.013188409549235348,0,0,0,0,0,0,0,0,0,0,0,0,0,0,0,0,0,0,0,0,0,0,0,0,0,0,0,0,0,0,0,0,0,0,0,0
Capnocytophaga_ochracea,0,0,0,6.287611491432787e-4,0,0,0,0,0,0,0,0,0,0,0,0,0,0,0,0,0,1.632760940329286e-4,0,0,0,0,0,0,0,0,0,0,0,0,0,0,0,0,0,0,0,0,0,0,0,0,0,0,0,0,0,0,0,0,0,0,0,0,0,0,0,0,0,1.781427066794003e-4,0,0,0,0,0,0,0,0,0,0,0,0,0,0,0,0,0,0,0,0,0,0,0,0,0,0,0,0,0,0,0,0,0,0,0,0,0,0,0,0,0,0,0,0,0,0,0,0,0,0,0,0,0,0,0,0,0,0,0,0,0,0,0,0
Alloprevotella_sp_oral_taxon_473,0,0,0,5.608116031495374e-4,0,0,0,0,0,0,0,0,0,0,0,0,0,0,0,0,0,0,0,0,0,0,0,0,0,0,0,0,0,0,0,0,0,0,0,0,0,0,0,0,0,0,0,0,0,0,0,0,0,0,0,0,0,0,0,0,0,0,0,0.0018824400815506915,0,0,0,0,0,0,0,0,0,0,0,0,0,0,0,0,0,0,0,0,0,0,0,0,0,0,0,0,0,0,0,0,0,0,0,0,0,0,0,0,0,0,0,0,0,0,0,0,0,0,0,0,0,0,0,0,0,0,0,0,0,0,0,0
GGB3059_SGB69431,0,0,0,4.917481301722921e-4,0,0,0,0,0,0,0,0,0,0,0,0,0,0,0,0,0,0,0,0,0,0,0,0,0,0,0,0,0,0,0,0,0,0,0,0,0,0,0,0,0,0,0,0,0,0,0,0,0,0,0,0,0,0,0,0,0,0,0,0.001622515087591311,0,0,0,0,0,0,0,0,0,0,0,0,0,1.1006923030853377e-4,0,0,0,0,0,0,0,0,0,0,0,0,0,0,0,0,0,0,0,0,0,0,0,0,0,0,0,1.972581721025961e-5,0,0,0,0,0,0,0,0,0,0,0,0,0,0,0,0,0,7.217833389943792e-4,0,0,0,0
GGB1202_SGB1567,0,0,0,3.953428130544951e-4,0,0,0,0,0,0,0,0,0,0,0,0,0,0,0,0,0,0,0,0,0,0,0,0,0,0,0,0,0,0,0,0,0,0,0,0,0,0,0,0,0,0,0,0,0,0,0,0,0,0,0,5.181602466442774e-5,0,0,0,0,0,0,0,0,0,0,0,0,0,0,0,0,0,0,0,0,0,5.80898456279045e-4,0,0,0,0,0,0,0,0,0,0,0,0,0,0,0,0,0,0,0,0,0,0,0,0,0,0,0,0,0,0,0,0,0,0,0,0,0,0,0,0,0,0,0,0,0,0,0,0,0,0
Streptococcus_pneumoniae,0,0,0,3.24962880914927e-4,0,0,0,0,0,0,0,0,0,0,0,0,0,0,0,0,0,0,0,1.678000167800017e-4,0,0,0,0,0,0,0,0,0,0,0,0,0,0,0,0,0,0,0,0,0,0,0,0,0,0,0,0,0,0,0,0,0,0,0,0,0,0,0,0,0,0,0,0,0,0,0,0,0,0,0,0,0,0,0,0,0,0,0,0,0,0,0,0,0,0,0,0,0,0,0,0,0,0,0,0,0,0,0,1,0,0,0,0,0,0,0,0,0,0,0,0,0,0,0,0,0,0,0,0,0,0,0,0
Selenomonas_noxia,0,0,0,2.8992481397925704e-4,0,0,0,0,0,0,0,0,0,0,0,0,0,0,0,0,0,0,0,0,0,0,0,0,0,0,0,0,0,0,0,0,0,0,0,0,0,0,0,0,0,0,0,0,0,0,0,0,0,0,0,0,0,0,0,0,0,0,0,0,0,0,0,2.7087838123964527e-4,0,0,0,0,0,0,0,0,0,0,0,0,0,0,0,0,0,0,0,0.004205593917192895,0,0,0,0,0,0,0,0,0,0,0,0,0,0,0,0,0,3.6700135814780443e-4,0,0,0,0,0,0,0,0,0,0,0,0,0,0,0,0,0,0,0,0,0,0
Haemophilus_pittmaniae,0,0,0,2.894184835322098e-4,0,0,0,0,0,0,0,0,0,0,0,0,0,0,0,0,0,0,0,0,0,0,0,0,0,0,0,0,0,0,0,0,0,0,0,0,0,0,0,0,0,0,0,0,0,0,0,0,0,0,0,0,0,0,0,0,0,0,0,0,0,0,0,0,0,0,0,0,0,0,0,0,0,0,0,0,0,0,0,0,0,0,0,0,0,0,5.2709413901322775e-5,0,0,0,0,0,0,0,0,0,0,0,0,0,0,0,0,0,0,0,0,0,0,0,0,0,0,0,0,0,0,0,0,0,0,0,0,0
Treponema_maltophilum,0,0,0,1.9686127781197197e-4,0,0,0,0,0,0,0,0,0,0,0,0,0,0,0,0,0,0,0,0,0,0,0,0,0,0,0,0,0,0,0,0,0,0,0,0,0,0,0,0,0,0,0,0,0,0,0,0,0,0,0,0,0,0,0,0,0,0,0,0,0,0,0,3.1342630372919967e-4,0,0,0,0,0,0,0,0,0,0,0,0,0,0,0,0,0,0,0,0,0,0,0,0,0,0,0,0,0,0,0,0,0,0,0,0,0,0,0,0,0,0,0,0,0,0,0,0,0,0,0,0,0,0,0,0,0,0,0,0
Atopobium_sp_oral_taxon_199,0,0,0,1.2901299790764006e-4,0,0,0,2.407533778079465e-4,0,0,0,0,0,0,0,0,0,0,0,0,3.562414961102131e-5,0.0013017768286746262,0,0,0,0,0,0,0,0,0,0,0,0,0,0,0,0,0,0,0,0,0,0,0,0,0,0,0,0,0,0,0,0,0,0,0,0,0,0,0,0,0,0,0,0,0,0,0,0,0,0,0,0,0,0,0,0,0,0,0,0,0,0,0,0,0,0,0,0,0,0,0,0,0,0,0,0,0,0,0,0,0,0,0,0,0,0,0,0,0,0,0,0,0,0,0,0,0,0,0,0,0,0,0,0,0,0
Selenomonas_SGB69112,0,0,0,1.1382308449622248e-4,0,0,0,0,0,0,0,0,0,0,0,0,0,0,0,0,0,2.603755108421471e-4,0,0,0,0,0,0,0,0,0,0,0,0,0,0,0,0,0,0,0,0,0,0,0,0,0,0,0,0,0,0,0,0,0,1.711960814893348e-4,0,0,0,0,0,0,0,0,0,0,0,2.5669574040979384e-4,0,0,0,0,0,0,0,0,0,0,0,0,0,0,0,0,0,0,0,0,0,0,0,0,0,0,0,0,0,0,0,0,0,0,0,0,0,0,0,0,0,0,0,0,0,0,0,0,0,0,0,0,0,0,0,0,0,0,0,0
Prevotella_veroralis,0,0,0,3.8481113975591226e-5,0,0,0,0,0,0,0,0,0,0,0,0,0,0,0,0,0,0,0,0,0,0,0,0,0,0,0,0,0,0,0,0,0,0,0,0,0,0,0,0,0,0,0,0,0,0,0,0,0,0,0,0,0,0,0,0,0,0,0,0,0,0,0,0,0,0,0,0,0,0,0,0,0,1.5832568514049204e-4,0,0,0,0,0.016567801656780165,0,0,0,0,0.0015284063449625628,0,0,0,0,0,0,0,0,0,0,0,0,0,0,0,0,0,0,0,0,0,0,0,0,0,0,0,0,0,0,0,0,0,0,0,3.614711189738308e-4,0,0,0,0
Bifidobacterium_adolescentis,0.23200812320081232,0,0.01838562713391184,0,0,0,0,0,0,0,0,0,0,0,0,0,0,0,0,0,4.0027134394405965e-5,0,0.012662014592074814,0,2.8605964318281145e-4,0,0,0,0,0,0,0,0,0,0,0,0,0,0,0,0,0,0,0,0,0,0,0,0,0,0.01930006432313947,0,0,0,0,0,0,0,0,0,0,0,1.505900829876432e-4,0,0,0,0,0,0,0,0,0,0.21887543556394176,0,0,0,0,0,0,0,0,0,0,0,1.1238746228709487e-4,0,1.5300003060000612e-4,0,0,0,0.024904247898674705,0,0.09098973303639728,0,0,0,0,0,0.13035503910651172,0,0.0543911163173349,0.058583437671973715,0,0,0,0,0,0,0,0,0.0014348226061888668,0.4130246684571999,0,0,0,0,0,0,0.02328930143996192,0,0,0,0,0,0,0,0,0
Blautia_schinkii,0.01901880190188019,0,0.0015260080538924375,0,0,0,3.897892406506595e-5,0,0,0,0,0,0,0,0,0,0,0,0,0,0,0,0,0,0,0,0,0,0,0,0,0,0,0,0,0,0,0,0,0,0,0,0,0,0,0,0,0,0,0,0,0,0,0,0,0,0,0,0,0,0,0,0,0,0,0,0,0,0,0,0,0,0,0,0,0,0,0,0,0,0,0,0,0,0,0,0,0,0,0,0,0,0,0,0,0,0,0,0,0,0,0,0,0,0,0,0,0,0,0,0,0,0,0,0,0,0,0,0,0,0,0,0,0,0,0,0,0
GGB3343_SGB4423,0.002827100282710028,0,0,0,0,0,0,0,0,0,0,0,0,0,0,0,0,0,4.272999572700043e-4,0,0,0,0,0,0,0,0,0,0,0,0,0,0,0,0,0,0,0,0,0,0,0,0,0,0,0,0,0,0,0,0,0,0,0,0,0,0,0,0,0,0,0,0,0,0,0,0,0,0,0,0,0,0,0,0,0,0,0,0,0,0,0,0,0,0,0,0,0,0,0,0,0,0,0,0,0,0,0,0,0,0,0,0,0,0,0,0,0,0,0,0,0,0,0,0,0,0,0,0,0,0,0,0,0,0,0,0,0
Evtepia_gabavorous,0.002213300221330022,0,4.7584443353174544e-5,0,0.0029802839048599125,0,0.007691022560407869,0,0,0,0,0,0,0,0,0,0.0044536952799970634,0,0,0,0,0,0,0,0,0,0,0,0,0,0,0,0,0,0,0,0,0,0,0,0,0,0,0,0,0,0,0,0,0,0,0,0,0,0,0,0.0017624816673886055,0,0.0016343147088323795,0,0,0,0,0,0,0,0,0,0,0,0,0,0,0,3.597039045708547e-5,0,0.0028786483963619677,0,0.0051977147350188374,0,0.003953900790780158,0,0,0,0.004734396974152887,0,0.0042291008458201695,0,0,0,0,0,0,0,0,0,0,0,0,0,0,0.0027689831478509373,0,0,0.007784801665667383,0,0,0,0,0,0,0,0,0,0,0,0.017872611388443354,0,0,0,0,0,0,0,0,0,0,0
Blautia_hydrogenotrophica,0.0018483001848300185,0,0,0,0,0,0,0,0,0,0,0,0,0,0,0,8.084536004737114e-4,0,0,0,0,0,0,0,0,0,0,0,0,0,0,0,0,0,0,0,0,0,0,0,0,0,0,0,0,0,0,0,0,0,1.351732746118603e-4,0.002777307239600709,0,0,0,0,0,0,0,0,0,0,0,0,0,0,0,0,0,0,6.565451606407617e-4,0,0.004193492398121429,0,0,0,2.1809923897650696e-4,0,0,0,0,0,0,0,0,0,0,0,0,0,0,0,0,0,0,0,0,0,0,0,0,0,0,0,0,0,0,0,0,0,0,0,0,0,0,0,0.002966754171497454,0,7.227310774363298e-4,0,0,0,0,0,0,0,0,0
GGB51959_SGB72479,3.8400003840000384e-4,0,0.0021083414627598137,0,0,0,0,0,0,0,0,0,0,0,0,0,0,0,0,0,0,0,0,0,0,0,0,0,0,0,0,0,0,0,0,0,0,0,0,0,0,0,0,0,0,0,0,0,0,0,0.002747583148183551,0,0,0,0,0,0,0,0,0,0,0,5.653381853024479e-5,0,0,0,0,0,0,0,0,0,0,0,0,0,0,0,0,0,0,0,0,0,2.023374989482457e-5,0,1.2650002530000505e-4,0,0,0,0,0,0,0,0,0,0,0,0,0,0,0,0,0,0,0,0,0,0,0,0,0,0,0,0,0,0,0,0,0,0,0,0,0,0,0,0,0
Bacteroides_faecis,2.400000240000024e-5,0,0,0,0,0,0,0,0,0,0,0,0,0,0,0,0,0,0,0,0,0,0,0,0,0,0,0,0,0,0,0,0,0,0,0,0,0,0,0,0,0,0,0,0,0,0,0,0,0,0,0,0,0,0,0,0,0,0,0,0,0,0,0,0,0,0,0,0,0,0.007271977053174696,0,8.758476558971272e-4,0,4.137095882933312e-4,0,0,0,0,0,0,0,0,0,0,0,0,0,0,0,0,0,0,0,0,0,0,0,0,0,0,0,0,0,0,0,4.402000440200044e-4,0,0,0,0,0,0,0,0,0,0,0,0,0,0,0,0,0,0,0,0,0
GGB9357_SGB14330,1.3200001320000132e-5,0,7.595478936921461e-4,0,0,0,0,0,0,0,0,0,0,0,0,0,0,0,0,0,0,0,0,0,0,0,0,0,0,0,0,0,0,0,0,0,0,0,0,0,0,0,0,0,0,0,0,0,0,0,0,0,0,0,0,0,0,0,0,0,0,0,0,0,0,0,0,0,0,0,0,0,0,0,0,0,0,0,0,0,0,0,0,0,0,0,0,0,0,0,0,0,0,0,0,0,0,0,0,0,0,0,0,0,0,0,0,0,0,0,0,0,0,0,0,0,0,0,0,0,0,0,0,0,0,0,0,0
Ruminococcus_bovis,0,0,0.005044251528762943,0,0,0,0,0,0,0,0,0,0,0,0,0,0,0,0,0,0,0,0,0,0,0,0,0,0,0,0,0,0,0,0,0,0,0,0,0,0,0,0,0,0,0,0,0,0,0,0,0,0,0,0,0,0,0,0,0,0,0,0,0,0,0,0,0,0,0,0,0,0,0,0,0,0,0,0,0,0,0,0,0,0,0,0,0,0,0,0,0,0,0,0,0,0,0,0,0,0,0,0,0,0,0,0,0,0,0,0,0,0,0,4.218120682094338e-4,0,0,0,0,0,0,0,0,0,0,0,0,0
Clostridium_sp_AM22_11AC,0,0,6.974376728943183e-4,0,0,0,1.1734599974443739e-4,0,7.939204481484931e-4,0,0.002730467104586801,0,0,0,0,0,0,0,0,0,0,0,3.421484155046321e-4,0,0,0,0,0,0,0,0,0,0,0,0,0,0,0,0,0,0,0,0,0,0,0,0,0,0,0,0,0,1.530293698058011e-4,0,1.4891364640850228e-4,0,0,0,0,0,0,0,0,0,0,0,0,0,0,0,0,0,0,0,0,0,0,0,0,0,0,0,0,0,0,0,0,0,0,0,0,0,0,0,0,0,0,0,0,0,0,0,0,0,0,0,0,0,0,0,0,0,0,0,0,0,0,0,0,0,0.004290077138983178,0,0,0,0,0,0,0
GGB4277_SGB5832,0,0,6.888223842030066e-4,0,0,0,0,0,0,0,0,0,0.0020593154672384657,0,0.0106045,0,0,0,0,0,0,0,0,0,0,0,0,0,0,0,0,0,0,0,0,0,0,0,0,0,0,0,0,0,0,0,0,0,0,0,0,0,0,0,0,0,0,0,0,0,5.2210033621652097e-5,0,0,0,0,4.8495050056088473e-4,0,0,0,0,0,0,0,0,0,0,2.9908165935293134e-4,0,0,0,0,0,0,0,0,0,0,0,0,0,0,0,0,0,0,0,0,0,0,0,0,0,0,0,0,0,0,0,0,0,0.016781634999388156,0,0,0,0,0,0,0,1.308056246418596e-4,0,0,0,0,0,0,0,0,0
Bacteroides_stercoris,0,0,6.707903846165405e-4,0,0,0,2.6896480673768605e-4,0,0,0,0,0,0.0010689961462477106,0,0,0,0,0,6.378999362100064e-4,0,0,0,0,0,0,0,0,0,0,0,0,0,0,0,0,0,0,0,0,0,0,0,0,0,0,0,0,0,0,0,0,0,0,0,0,0,0,0,0,0,0,0,0,0,0,0,0,0,0,0,6.124388462859907e-4,0,0.07909313379691986,0,0.0021343767618853334,0,0,0,0.027103041702022376,0,0,0,0,0,0,0,1.8830003766000754e-4,0,0,0,0,0,0,0,0,0,0,0,0,0,0,0,0,0,0,0,6.00200060020006e-4,0,3.6996800482269355e-4,0,0,0,0,0,0,0,0,0,0,0,0,0,3.1333409190005855e-4,0,0,0,0,0
GGB3496_SGB4671,0,0,5.424626542261898e-4,0,0,0,0,0,0,0,0,0,0,0,0,0,0,0,0,0,0,0,0,0,0,0,0,0,0,0,0,0,0,0,0,0,0,0,0,0,0,0,0,0,0,0,0,0,0,0,0,0,0,0,0,0,0,0,0,0,0,0,0,0,0,0,0,0,0,0,0,0,0,0,0,0,0,0,1.6314170488486298e-5,0,0,0,0,0,0,0,0,0,0,0,0,0,0,0,0,0,0,0,0,0,0,0,0,0,0,0,0,0,0,0,0,0,0,0,0,0,0,0,0,0,0,0,0,0,0,0,0,0
Enterocloster_hominis,0,0,4.115303016733495e-4,0,0,0,0,0,0,0,0,0,0,0,0,0,0,0,0,0,7.875338692099374e-4,0,2.5736827714950202e-5,0,0,0,0,0,0,0,0,0,0,0,0,0,0,0,0,0,0,0,0,0,0,0,0,0,0,0,0,0,0.006361448953473656,0,0.003210606256796626,0,0,0,0,0,0,0,0,0,0,0,0,0,0,0,0,0,0,0,0,0,0,0,0.008142372464722858,0,0,0,0,0,2.704511124555759e-6,0,2.3390004678000936e-4,0,0,0,2.8305055282873523e-4,0,0,0,0,0,3.330000666000133e-5,0,4.0190012057003617e-4,0,0,0,0,0,3.922419348254003e-5,0,0,0,0,0,4.5071000743221104e-4,0,0,0,3.2361614060775974e-4,0,4.905877240934639e-6,0,0,0,0,0,0,0,0,0,0,0
Desulfovibrio_piger,0,0,2.947230154632411e-4,0,0,0,0,0,0,0,0,0,0,0,0,0,0,0,0,0,0,0,0,0,0,0,1.8259022289550972e-5,0,0,0,0,0,0,0,0,0,0,0,0,0,0,0,0,0,0,0,0,0,0,0,0,0,0,0,0,0,0,0,0,0,0,0,0,0,0,0,0,0,0,0,0,0,0,0,0,0,0,0,0,0,0,0,0,0,2.891823561700917e-4,0,0.006888101377620275,0,0,0,0,0,0,0,0,0,0,0,0,0,0,0,0,0,0,0,0,0,0,0,0,0,0,0,0,0,0,0,0,0,0,0,0,0,0,0,0,0
GGB3005_SGB3996,0,0,2.741865714897657e-4,0,0,0,6.138413238593063e-6,0,0,0,0,0,0,0,0,0,0,0,0,0,0,0,0,0,0,0,0,0,0,0,0,0,0,0,0,0,0,0,0,0,0,0,0,0,0,0,0,0,0,0,0.023553691288011942,0.002926020957179066,0,0,0,0,0,0,0,0,0,0,0,0,0,0,0,0,0,0,0,0,0,0,0,0,0,0,2.071799565102248e-5,0,0,0,0,0,0,0,0,0,0,0,0,0,0,0,0,0,0,0,0,0,0,0,0,0,0,0,0,0,0,0,0,0,0,0,0,0,1.4547427818526596e-4,0,0.0020711890611296285,0,0,0,0,0,0,0,0,0
Alistipes_ihumii,0,0,1.5437395201524625e-4,0,0,0,0,0,0,0,0,0,0,0,0,0,0,0,0,0,0,0,0,0,0,0,0,0,0,0,0,0,0,0,0,0,0,0,0,0,0,0,0,0,0,0,0,0,0,0,1.4212331630203794e-4,0,2.17109164894862e-4,0,9.613792908686093e-6,0,0,0,0,0,0,0,0,0,0,0,0,0,0,0,0,0,0.007684905964878803,0,0,0,0,0,0,0,8.940001788000358e-4,0,0,0,3.6560983720846374e-5,0,4.1400008280001654e-5,0,0,0,0,0,0,0,0,0,0,0,0,0,0,0,0,0,0,0,0,0,0,0,0,0,0,0,0,0,0,0,0,0,0,0,0,0,0,0,0,0
GGB6601_SGB9333,0,0,1.4886417436382605e-4,0,0,0,0,0,0,0,0,0,0,0,0,0,0,0,0,0,0,0,0,0,0,0,0,0,0,0,0,0,0,0,0,0,0,0,0,0,0,0,0,0,0,0,0,0,0,0,0,0,0,0,0,0,0,0,0,0,0,0,0,0,0,0,0,0,0,0,0,0,0,0,0,0,0,0,0,0,1.8400003680000735e-4,0,0,0,0,0,0,0,0,0,0,0,0,0,0,0,0,0,0,0,0,0,0,0,0,0,0,0,0,0,0,0,0,0,0,0,0,0,0,0,0,0,0,0,0,0,0,0
GGB6649_SGB9391,0,0,1.3493946357205497e-4,0,0,0,0,0,0,0,0,0,0,0,0,0,0,0,0,0,0,0,0,0,0,0,0,0,0,0,0,0,0,0,0,0,0,0,0,0,0,0,0,0,0,0,0,0,0,0,0,0,0,0,0,0,0,0,0,0,0,0,0,0,0,0,0,0,0,0,0.0014303636524397696,0,0,0,0,0,0,0,0,0,0,0,0,0,0,0,0,0,0,0,0,0,0,0,0,0,0,0,0,0,0,0,0,0,0,0,0,0,0,0,0,0,0,0,0,0,0,0,5.103219438435853e-4,0,0,0,0,0,0,0,0,0
Enterocloster_asparagiformis,0,0,1.290289748187133e-4,0,0,0,0,0,0,0,0,0,0,0,0,0,0,0,0,0,0,0,0,0,0,0,0,0,0,0,0,0,0,0,0,0,0,0,0,0,0,0,0,0,0,0,0,0,0,0,0,0,6.268588405347724e-4,0,0,0,0,0,0,0,0,0,0,0,0,0,0,0,0,0,6.179006095121656e-4,0,0,0,0,0,0,0,0,0,0,0,0,0,1.6727902140770806e-5,0,0,0,0,0,0,0,0,0,0,0,0,0,0,0,0,0,0,0,0,0,0,0,0,0,0,0,0,0,0,0,0,0,0,0,0,0,0,0,0,0,0,0
Schaalia_turicensis,0,0,6.030702083918121e-5,0,0,0,0,0,0,0,0,0,5.023212689482543e-5,0,0,0,0,0,0,0,0,0,0,0,0,0,0,0,0,0,0,0,0,0,0,0,0,0,0,0,0,0,0,0,0,0,0,0,0,0,0,0,0,0,0,0,0,0,0,0,0,0,0,0,0,0,0,0,0,0,0,0,0,0,0,0,0,0,0,0,0,0,0,0,0,0,0,0,0,0,0,0,0,0,0,0,0,0,5.500001650000495e-6,0,0,0,0,0,0,0,0,0,0,0,0,0,0,0,0,0,2.650174909541631e-4,0,0,0,0,0,0,0,0,0,0,0
GGB2653_SGB3574,0,0,2.7849421583542155e-5,0,0,0,0,0,0.0016993246112030507,0,0.0028193725455997907,0,0,0,0,0,0,0,0,0,0,0,0,0,0,0,0,0,0,0,0,0,0,0,0,0,0,0,0,0,0,0,0,0,0,0,0,0,0,0,0,4.663143155149565e-6,0,0,0,0,0,0,0,0,0,0,0,0,0,0,0,0,0,0,0,0,0,0,0,0,0,0,0,0,0,0,0,0,0,0,0,0,0,0,0,0,0,0,0,0,0,0,0,0,0,0,0,0,7.4045671370101076e-6,0,0,0,0,0,0,0,0,0,0,0,0,0,0,0,0,0,0,0,0,0,0,0
GGB51441_SGB71759,0,0,2.284053280952378e-5,0,0,0,4.865715560458102e-4,0,0,0,0,0,0,0,0,0,0,0,0,0,0,0,0,0,0,0,0,0,0,0,0,0,0,0,0,0,0,0,0,0,0,0,0,0,0,0,0,0,0,0,0,0,0,0,0,0,0,0,8.311074799673197e-4,0,0,0,0,0,0,0,0,0,0,0,0,0,0,0,0,0,0,0,0,0,0,0,0,0,0,0,0,0,0,0,0,0,0,0,0,0,0,0,0,0,0,0,0,0,0,0,0,0,0,0,0,0,0,0,0,0,0,0,0,0,0,0,0,0,0,0,3.4413820945939803e-4,0
Schaalia_SGB17154,0,0,0,0,0,0,0,0,0,0,0,0,0.006864048665045924,0.04251359574864042,0.0043519,0.0543065,0,0,0,0,4.731207285418785e-4,0.009147490287288366,0,0,0,0,0,0,0,0,0,0,0,0,0,0,0,0,0,0,0,0,0,0,0,0,0,0,0,0,1.6226836467936437e-4,1.7730081257296933e-4,0,0,0,0,0,0,0,0,0,0,0,0,0,0,0,0,0,0,0,0,0,0,0,0,0,0,0,0,0,0,0,0,0,0,0,0,0,0,3.64465093465693e-4,0.02200882358629572,0,0,0,0,0,0,0,0,0,0,0,0,0,0,0,0,0,0,0,0,0,0,0,0,0,0,0,0,0,0,0,0,0,0,0,0
Catenibacterium_tridentinum,0,0,0,0,0,0,0,0,0,0,0,0,0,0,0,0,0,0,0,0,0,0,0,0,0,0,0,0,0,0,0,0,0,0,0,0,0,0,0,0,0,0,0,0,0,0,0,0,0,0,0.3065570722314811,0.0849292180486753,0,0,0,0,0,0,0,0,0,0,0,0,0,0,0,0,0,0,0,0,0,0,0,0,0,0,0,0,0,0,0,0,0,0,0,0,0,0,0,0,0,0,0,0,0,0,0,0,0,0,0,0,0,0,0,0,0,0,0,0,0,0,0,0,0,0,0,0,0,0,0,0,0,0,0,0
GGB3363_SGB4447,0,0,0,0,0,0,0,0,0,0,0,0,0,0,0,0,0,0,0,0,0,0,0,0,0,0,0,0,0,0,0,0,0,0,0,0,0,0,0,0,0,0,0,0,0,0,0,0,0,0,0.012845590823044081,0,0,0,0,0,0,0,0,0,0,0,0,0,0,0,0,0,0,0,0,0,0,0,0.028871799223901252,0,0,0,0,0,0,0,0,0,0,0,0,0,0,0,6.995249351534184e-4,0,0,0,0,0,0,0,0,0,0,0,0,0,0,0,0,0,0.013874750869529887,0,0,0,0,0,0,0,0,0,0,0,0,0,0,0,0,0,0,0
GGB9480_SGB14874,0,0,0,0,0,0,0,0,0,0,0,0,0,0,0,0,0.023226839939487987,0,0,0,0,0,0,0,0,0,0,0,0,0,0,0,0,0,0,0,0,0,0,0,0,0,0,0,0,0,0,0,0,0,0.00568664498119359,0.010077255103632781,0,0,0,0,0,0,0,0,0,0,0,0,0,0,0,0,0,0,0,0,0,0,0,0,0,0,0,0,0,0,0,0,0,0,0,0,0,0,0,0,0,0,0,0,0,0,4.702001410600423e-4,0,0,0,0,0,0,0,0,0,0,0,0,0,0,0,0,0,0,0,0,0,0,0,0,0,0,0,0,0
Firmicutes_bacterium,0,0,0,0,0,0,0,0,0,0,0,0,0,0,4.325e-4,0,0,0,0,0,0,0,0,0,0,0,0,0,0,0,0,0,0,0,0,0,0,0,0,0,0,0,0,0,0,0,0,0,0,0,0.002958501804694159,0.0011439906631709313,0,0,0,0,0,0,0,0,0,0,0,0,0,0,7.65419671285552e-4,0,4.173391997581038e-4,0,0,0,0,0,0,0,0,0,0.0032145921947803863,0,1.829000365800073e-4,0,0,0,0,0,0,0,0,0,0,0,0,0,0,0,1.3430002686000536e-4,0,7.653002295900689e-4,0,0,7.866656717904791e-4,0,0,0,0,0,0,0,0,0,0.002012949149096509,0,0,2.3522979598770037e-5,0,0,0,0,0,0,0,0,0,0,0,0,0
Senegalimassilia_anaerobia,0,0,0,0,0,0,0,0,0,0,0,0,0,0,0,0,0,0,0,0,0,0,0,0,0,0,0,0,0,0,0,0,0,0,0,0,0,0,0,0,0,0,0,0,0,0,0,0,0,0,0.0029407741621221115,0,0,0,0,0,7.271278860273237e-5,0,0.0026193235739121654,0,0,0,0,0,0,0,0,0,0,0,0,0,0,0,0,0,0,0,0,0,0,0,0,0,5.7596070245168943e-5,0,0,0,0,0,0,0,0,0,0,0,0,0,0,0,0,0,0,0,0,0,0,0,0,0,0,0,0,0,0,0,0,0,0,0,0,0,0,0,0,0,0,0
Dorea_phocaeensis,0,0,0,0,0,0,0,0,0,0,0,0,0,0,0,0,0,0,0,0,0,0,0,0,0,0,0,0,0,0,0,0,0,0,0,0,0,0,0,0,0,0,0,0,0,0,0,0,0,0,0.002609891742524525,6.68045943313818e-4,0,0,0,0,0,0,0,0,0,0,0,0,0,0,0,0,0,0,0,0,0,0,0,0,0,0,0,0,0,0,0,0,0,0,0,0,0,0,0,0,0,0,0,0,0,0,0,0,0,0,0,0,0,0,0,0,0,0,0,0.0045383653960444185,0,0,0,0,0,0,0,0,0,0,0,0,0,0,0,0
Slackia_isoflavoniconvertens,0,0,0,0,0,0,0,0,0,0,0,0,0,0,0,0,0,0,0,0,0,0,0,0,0,0,0,0,0,0,0,0,0,0,0,0,0,0,0,0,0,0,0,0,0,0,0,0,0,0,0.0024170029043116244,0,0,0,2.0489396136637232e-4,0,0,0,4.6280416523748714e-4,0,0,0,0,0,0,0,0,0,0,0,0,0,0,0,0.008834688602125499,0,0.022270568000636592,0,0,0,0,0,0,0,0.0011274806377036897,0,0,0,0,0,0,0,0,0,0,0,4.440000888000178e-5,0,2.346000703800211e-4,0,0,0,0,0,0,0,0,0,0,0,0.0021964648262489134,0,0,0,0,0,0,0,0,0,0,0,0,0,0,0,0,0
Faecalibacterium_sp_CLA_AA_H233,0,0,0,0,0,0,0,0,0,0,0,0,0,0,0,0,0,0,0,0,2.140451011740859e-4,0,0.0557025694740432,0,0,0,0,0,0,0,0,0,0,0,0,0,0,0,0,0,0,0,0,0,0,0,0,0,0,0,0.001971394434205164,0,0,0,0,0,0,0,0,0,0,0,0,0,0,0,0,0,0,0,0,0,0,0,0,0,0,0,3.71522704621234e-4,0,0,0,0,0,0.002949820300260835,0,4.0120008024001607e-4,0,0,0,0,0,0,0,0,0,0,0,0,0,0,0,0,0,0,0,0,0,0,0,0.06656925068676849,0,0,0,5.8657302318635076e-5,0,1.5608699221667557e-4,0,0,0,0,0,0.004139792839230189,0,0,0,0,0
Eubacteriaceae_bacterium_Marseille_Q4139,0,0,0,0,0,0,0,0,0,0,0,0,0,0,0,0,0.007792216623962169,0,0.0017628998237100176,0,0,0,0,0,0,0,0,0,0,0,0,0,0,0,0,0,0,0,0,0,0,0,0,0,0,0,0,0,0,0,0.0013446819791865388,0.005574280778594875,0,0,0,0,0,0,0,0,0,0,0,0,0,0,0,0,0,0,0,0,0,0,0,0,0,0,0,0,0,0,0,0,0,0,0,0,0,0,0,0,0,0,0.004619574122487863,0,0,0,0,0,0,0,0,0,0,0,0,0,0,0,0,0,0,0,0,0,0,0,0,0,0,0,0,0,0,0,0,0
Faecalitalea_cylindroides,0,0,0,0,0,0,0,0,0,0,0,0,0,0,0,0,0,0,0,0,0,0,0,0,0,0,0,0,0,0,0,0,0,0,0,0,0,0,0,0,0,0,0,0,0,0,0,0,0,0,0.0013353145316910822,0,0,0,0,0,1.6370420638460465e-5,0,0,0,0,0,0,0,0,0,0,0,0,0,0,0,0,0,0,0,0,0,0,0,0,0,0,0,0,0,0,0,0,0,0,0,0,0,0,0,0,0,0,0,0,0,0,0,0,0,0,0,0,0,0,0,0,0,0,0,0,0,0,0,0,0,0,0,0,0,0,0
GGB3730_SGB5060,0,0,0,0,5.402536691349534e-4,0,0.0029588174878891664,0,0,0,0,0,0.00196167550974009,0,8.521e-4,0,0,0,0,0,0,0,0,0,0,0,2.3245139914774508e-4,0,0,0,0,0,0,0,0,0,0,0,0,0,0,0,0,0,0,0,0,0,0,0,0.0013214144483107268,0,0,0,0,0,0,0,0,0,0,0,0,0,0,0,0,0,0,0,0,0,0,0,0,0,0,0,0,0,0,0,0,0,6.221377257265118e-4,0,9.366001873200375e-4,0,0,0,8.16145763633385e-5,0,0,0,0,0,0,0,0,0,0,0,0,0,0,0,0,0,0,0,0,0,0,0,0,0,0,0,0,0,0,0,0,0,0,0,0,0
GGB3537_SGB4727,0,0,0,0,0,0,1.678856020755203e-4,0,0,0,0,0,0,0,0,0,0.001880924705307962,0,4.6369995363000464e-4,0,0,0,0,0,0,0,0,0,0,0,0,0,0,0,0,0,0,0,0,0,0,0,0,0,0,0,0,0,0,0,0.0013078165406560315,8.643034465392433e-4,0,0,0,0,0,0,0,0,0,0,0,0,0,0,0,0,0,0,0,0,0,0,0,0,0,0,0,0,0,0,0,0,0,0,0,0,0,0,0.009681529121101028,0,0,0,0,0,0,0,0,0,0,0,0,0,0,0,0,0,0,0,0,3.978073371841404e-4,0,0,0,0,0,0,0,0,0,0,0,0,0.004940448793098747,0,0,0
Holdemania_filiformis,0,0,0,0,0,0,0,0,0,0,0,0,0,0,0,0,0,0,0,0,0,0,0,0,0,0,0,0,0,0,0,0,0,0,0,0,0,0,0,0,0,0,0,0,0,0,0,0,0,0,0.0011509873390385453,3.477082830905001e-5,0.001589660268782149,0,1.7274784132795322e-4,0,0,0,0,0,0,0,0,0,0,0,0,0,0,0,0,0,0,0,0,0,0,0,0,0,0,0,0,0,0,0,0,0,0,0,0,0,0,0,0,0,0,0,0,0,0,0,0,0,0,0,0,0,0,0,0,0,0,0,0,0,0,0,0,0,0,0,0,0,0,0,0,0
GGB3510_SGB4687,0,0,0,0,0,0,0,0,1.6141077427946382e-5,0,0,0,0,0,0,0,0,0,2.4319997568000244e-4,0,0,0,0,0,0,0,0,0,0,0,0,0,0,0,0,0,0,0,0,0,0,0,0,0,0,0,0,0,0,0,0.001018533645957624,1.1384151659202089e-4,0,0,0,0,0,0,0,0,0,0,0,0,0,0,0,0,0,0,0,0,0,0,0,0,0,0,0,0,0,0,0,0,0,0,0,0,0,0,0,0,0,0,0,0,0,0,0,0,0,0,0,0,0,0,0,0,0,0,0,0,0,0,0,0,0,0,0,0,0,0,0,0,0,0,0,0
GGB9453_SGB14845,0,0,0,0,0,0,0,0,3.649287070666138e-5,0,1.5730962734919376e-4,0,0,0,0,0,0,0,0,0,4.743215425737107e-5,0,0,0,0,0,0,0,0,0,0,0,0,0,0,0,0,0,0,0,0,0,0,0,0,0,0,0,0,0,9.994965752410506e-4,4.4026153745249045e-4,0,0,0,0,0,0,0,0,0,0,0,0,0,0,0,0,0,0,0,0,0,0,0,0,0,0,0,0,0,0,0,0,0,0,0,0,0,0,0,0,0,0,0,0,0,0,0,0,0,0,0,0,0,0,0,0,0,0,0,0,0,0,0,0,0,0,0,0,0,0,0,0,0,0,0,0
GGB3600_SGB4859,0,0,0,0,0,0,0,0,6.697043305508188e-5,0,0,0,3.732105813470965e-6,0,0.0014176,0,0,0,0,0,0,0,0,0,0,0,0,0,0,0,0,0,0,0,0,0,0,0,0,0,0,0,0,0,0,0,0,0,0,0,6.323530685642765e-4,1.408066487500597e-4,0,0,0,0,0,0,0,0,0,0,0,0,0,0,0,0,0,0,0,0,0,0,0,0,0,0,0,0,0,0,0,0,0,0,0,0,0,0,0,0,2.3857696991343078e-5,0,5.166154243627416e-4,0,0,0,0,0,0,0,0,0,0,0,5.8300005830000586e-5,0,0,0,0,0.004716658322317592,0,0,0,0,0,0,0,0,0,0,0,0,0,0,0,0
GGB9641_SGB15117,0,0,0,0,0,0,0,0,0,0,0,0,0,0,0,0,0,0,0,0,0,0,0,0,0,0,0,0,0,0,0,0,0,0,0,0,0,0,0,0,0,0,0,0,0,0,0,0,0,0,4.872079950056396e-4,0.0033299910761632186,0,0,0,0,0,0,0,0,0,0,0,0,0,0,0,0,0,0,0,0,0,0,0,0,0,0,0,0,0,0,0,0,0,0,0,0,0,0,0,0,0,0,0,0,0,0,0,0,0,0,0,0,4.8629994980904225e-5,0,0,0,0,0,0,0,0,0,0,0,0,0,0,0,0,0,0,0,0,0,0,0
GGB74505_SGB47518,0,0,0,0,0,0,0,0,0,0,0,0,0,0,0,0,0,0,0,0,0,0,0,0,0,0,0,0,0,0,0,0,0,0,0,0,0,0,0,0,0,0,0,0,0,0,0,0,0,0,4.382555274487364e-4,0,0,0,0,0,0,0,0,0,0,0,3.789266739363487e-4,0,0,0,0,0,0,0,0,0,0,0,0,0,0,0,8.348251291071425e-4,0,0,0,0,0,0,0,0,0,0,0,0,0,0,0,0,0,0,0,9.600002880000864e-6,0,0,0,0,0,0,0,0,0,0,0,0,6.713499075718265e-5,0,0,0,0,0,0,0,0,0,0,0,0,0,0,0,0
Neobittarella_massiliensis,0,0,0,0,9.642006364929451e-6,0,0,0,0,0,0,0,0,0,0,0,3.197211975153953e-4,0,3.099999690000031e-6,0,1.2498472714653262e-4,0,0,0,0,0,0,0,0,0,0,0,0,0,0,0,0,0,0,0,0,0,0,0,0,0,0,0,0,0,3.6895656103073346e-4,9.853424232185602e-5,7.330568107997419e-5,0,2.713893623181178e-5,0,0,0,0,0,0,0,3.882322405262828e-5,0,0,0,0,0,0,0,0,0,0,0,0,0,0,0,1.1009562906340447e-5,0,0,0,0,0,8.844753048084205e-5,0,1.200000240000048e-6,0,0,0,0,0,0,0,0,0,0,0,0,0,0,0,0,0,0,0,0,0,0,0,0,0,0,0,0,0,0,0,1.0360445499156464e-4,0,0,0,0,0,0,0,0,0
GGB9491_SGB14888,0,0,0,0,0,0,0,0,0,0,0,0,0,0,0,0,0,0,0,0,0,0,0,0,0,0,0,0,0,0,0,0,0,0,0,0,0,0,0,0,0,0,0,0,0,0,0,0,0,0,3.342063525798454e-4,0,0,0,0,0,0,0,0,0,0,0,0,0,0,0,0,0,0,0,0,0,0,0,0,0,0,0,0,0,0,0,0,0,4.224045708241347e-4,0,0,0,0,0,0,0,0,0,0,0,0,0,0,0,0,0,0,0,0,0,0,0,0,0,0,0,0,0,0,0,0,0,0,0,0,0,0,0,0,0,0,0
Alistipes_indistinctus,0,0,0,0,0,0,9.514540519819249e-6,0,0,0,0,0,0,0,0,0,0.0014512962209394483,0,0,0,0,0,0,0,0,0,0,0,0,0,0,0,0,0,0,0,0,0,0,0,0,0,0,0,0,0,0,0,0,0,1.8946417998875502e-4,0,0,0,0,0,0,0,0,0,0,0,0,0,0,0,0,0,0,0,0,0,0,0,0,0,0,0,0,0,0,0,0,0,0,0,7.040001408000282e-5,0,0,0,0,0,0,0,0,0,0,0,0,0,0,0,0,0,0,0,0,0,0,0,0,0,0,0,0,0,0,0,0,0,0,0,0,0,0,0,0,0
GGB3677_SGB4990,0,0,0,0,0,0,0,0,0,0,0,0,0,0,0,0,0,0,0,0,0,0,0,0,0,0,0,0,0,0,0,0,0,0,0,0,0,0,0,0,0,0,0,0,0,0,0,0,0,0,1.761684480597196e-4,3.1324157281330775e-5,0,0,0,0,0,0,0,0,0,0,0,0,0,0,0,0,0,0,0,0,0,0,0,0,0,0,0,0,0,0,0,0,0,0,0,0,0,0,0,0,0,0,0,0,0,0,0,0,0,0,0,0,0,0,0,0,0,0,0,0,0,0,0,0,0,0,0,0,0,0,0,0,0,0,0,0
Enorma_massiliensis,0,0,0,0,0,0,0,0,0,0,0,0,0,0,0,0,0,0,0,0,0,0,0,0,0,0,0.0017064159896866622,0,0,0,0,0,0,0,0,0,0,0,0,0,0,0,0,0,0,0,0,0,0,0,1.5854153072955896e-4,5.8694780148513e-5,0,0,0,0,0,0,0,0,0,0,0,0,0,0,0,0,0,0,2.0208523936847178e-4,0,0.026823836779105516,0,0,0,0,0,0,0,0,0,0,0,0,0,0,0,0,0,0,0,0,0,0,0,0,0,0,0,0,0,0,0,0,0,0,0,0,0,0,0,0,0,0,0,0,0,0,0,0,0,0,0,0,0,0,0
Cuneatibacter_caecimuris,0,0,0,0,0,0,0,0,0,0,0,0,0,0,0,0,0.0014400954783302133,0,0,0,0,0,0,0,0,0,0,0,0,0,0,0,0,0,0,0,0,0,0,0,0,0,0,0,0,0,0,0,0,0,1.2782033195413617e-4,0,0,0,0,0,0,0,0,0,0,0,0,0,0,0,0,0,0,0,0,0,0,0,0,0,0,0,0,0,0,0,0,0,0,0,0,0,0,0,0,0,0,0,0,0,0,0,0,0,0,0,0,0,0,0,0,0,0,0,0,0,0,0,0,0,0,0,0,0,0,0,0,0,0,0,0,0
Eubacterium_siraeum,0,0,0,0,4.232439043938824e-4,0,6.424872523060739e-5,0,0.011837425063042938,0,5.887360306450755e-4,0,0,0,0,0,0,0,0.002827099717290028,0,0,0,0,0,0,0,0,0,0,0,0,0,0,0,0,0,0,0,0,0,0,0,0,0,0,0,0,0,0,0,8.702660899005016e-5,0,1.6075103525471768e-4,0,0,0,0,0,0,0,0,0,0,0,0,0,0,0,0,0,0,0,0,0,0,0,0,0,0,0,0,0,0,0,0,0,0,0,0,0,0,0,0,0,0,0,0,0,0,0,0,0,0,0,0,0,0,0,0,0,0,0,0,0,0,0,0,0,0,0,0,0,0,0,0,0,0,0
GGB3602_SGB66069,0,0,0,0,0,0,0,0,0,0,0,0,0,0,0,0,0,0,0,0,0,0,0,0,0,0,0,0,0,0,0,0,0,0,0,0,0,0,0,0,0,0,0,0,0,0,0,0,0,0,6.92989664180029e-5,0,0,0,0,0,0,0,0,0,0,0,0,0,0,0,0,0,0,0,0,0,0,0,0,0,0,0,0,0,0,0,0,0,0,0,0,0,0,0,0,0,0,0,0,0,0,0,0,0,0,2.340492907806384e-5,0,0,0,0,0,0,0,0,0,3.324732850761817e-4,0,0,0,0,0,0,0,0,0,0,0,0,0,0,0,0
GGB3444_SGB4594,0,0,0,0,0,0,0,0,3.289371120564725e-4,0,4.970304182615976e-5,0,0,0,0,0,3.9792638251916104e-4,0,0,0,0,0,0,0,0,0,0,0,0,0,0,0,0,0,0,0,0,0,0,0,0,0,0,0,0,0,0,0,0,0,6.325545190480498e-5,0,0,0,0,0,0,0,0,0,0,0,0,0,0,0,0,0,0,0,0,0,0,0,0,0,0,0,8.036980921628526e-5,0,0,0,0,0,0,0,0,0,0,0,0,0,0,0,0,0,0,0,0,0,0,0,0,0,0,0,0,0,0,0,0,0,0,0,0,0,0,0,0,0,0,0,0,0,0,0,0,0
Lachnotalea_sp_AF33_28,0,0,0,0,0,0,0,0,0,0,0,0,0,0,0,0,0,0,0,0,0,0,0,0,0,0,0,0,0,0,0,0,0,0,0,0,0,0,0,0,0,0,0,0,0,0,0,0,0,0,5.902499174556643e-5,0,2.273378645804398e-4,0,0,0,0,0,0,0,0,0,0,0,0,0,0,0,0,0,0,0,0,0,0,0,0,0,0,0,0,0,0,0,0,0,0,0,0,0,0,0,0,0,0,0,0,0,0,0,0,0,0,0,0,0,0,0,0,0,0,0,0,0,0,0,0,0,0,0,0,0,0,0,0,0,0,0
Lacticaseibacillus_paracasei,0,0,0,0,2.8845669041747274e-4,0,0.0026093371608386013,0,0,0,0,0,0,0,0,0,2.260149847934918e-5,0,0,0,0,0,0,0,0,0,0,0,0,0,0,0,0,0,0,0,0,0,0,0,0,0,0,0,0,0,0,0,0,0,5.560033352142093e-5,4.766543285981142e-4,9.025323251980406e-7,0,0,0,0,0,4.7930431373882366e-4,0,0,0,0,0,0,0,6.0801562600158825e-5,0,0.003332593960760685,0,3.894340232399056e-4,0,0,0,0,0,0,0,6.457609079246233e-4,0,5.423001084600217e-4,0,0,0,0,0,0,0,0.0012666160847040506,0,0,0,1.137518886085134e-5,0,0,0,0,0,0,0,2.2510006753002025e-4,0,0,0,3.3820860706884005e-5,0,0.0098733009873301,0,0,0,0,0,1.4599997080000585e-4,0,0,0,0,0,0,0,0,0,0,0,0,0,0,0
Dielma_fastidiosa,0,0,0,0,0,0,0,0,0,0,2.340143216764866e-4,0,0,0,0,0,0,0,0,0,0,0,0,0,0,0,0,0,0,0,0,0,0,0,0,0,0,0,0,0,0,0,0,0,0,0,0,0,0,0,5.066479666897596e-5,0,9.476589414579428e-5,0,0,0,0,0,0,0,0,0,0,0,0,0,0,0,0,0,0,0,0,0,0,0,0,0,0,0,0,0,0,0,0,0,0,0,0,0,0,0,0,0,0,0,0,0,0,0,0,0,0,0,0,0,0,0,0,0,0,0,0,0,0,0,5.897064683490822e-5,0,0,0,0,0,0,0,0,0,0,0
GGB9719_SGB15272,0,0,0,0,0,0,0,0,0.002297045751733587,0,8.542522802395506e-4,0,0,0,0,0,0,0,0,0,0,0,0,0,0,0,0,0,0,0,0,0,0,0,0,0,0,0,0,0,0,0,0,0,0,0,0,0,0,0,4.8045940379923526e-5,0,0,0,0,0,0,0,0,0,0,0,0,0,0,0,0,0,0,0,0,0,0,0,0,0,0,0,4.173625210858152e-5,0,1.3600002720000544e-5,0,0,0,0,0,0,0,0,0,5.8010360650412165e-6,0,0,0,0,0,7.853001570600314e-4,0,4.6960014088004225e-4,0,0,0,0,0,0,0,0,0,0,0,0,0,0,0,0,0,0,0,0,0,0,0,0,0,0,0,0,0
Christensenella_hongkongensis,0,0,0,0,0,0,0,0,0,0,0,0,0,0,0,0,0,0,0,0,0,0,0,0,0,0,0,0,0,0,0,0,0,0,0,0,0,0,0,0,0,0,0,0,0,0,0,0,0,0,4.3714754978798346e-5,3.6798281854767216e-5,9.316139223433109e-5,0,0,0,0,0,0,0,0,0,0,0,0,0,0,0,0,0,0.00928036013836192,0,6.0900288971871174e-5,0,0,0,0,0,0,0,0,0,0,0,0,0,0,0,0,0,0,0,0,0,0,0,0,0,0,0,0,0,0,0,0,0,0,0,0,0,0,0,0,0,0,0,2.5780885500829994e-4,0,0,0,0,0,0,0,0,0,0,0
GGB9707_SGB15229,0,0,0,0,0,0,1.0455763883070185e-4,0,0,0,0,0,0,0,0,0,0,0,0,0,0,0,0,0,0,0,0,0,0,0,0,0,0,0,0,0,0,0,0,0,0,0,0,0,0,0,0,0,0,0,2.649073861618425e-5,0,0,0,0,0,0,0,0,0,0,0,0,0,0,0,0,0,0,0,0,0,0,0,0,0,0,0,0,0,0,0,0,0,0,0,0,0,0,0,0,0,0,0,0,0,0,0,0,0,0,0,0,0,0,0,0,0,0,0,0,0,0,0,0,0,0,0,0,0,0,0,0,0,0,0,0,0
Odoribacter_splanchnicus,0,0,0,0,0,0,0,0,0,0,0,0,1.6865083567901227e-4,0,0,0,0,0,0,0,1.730172884198198e-4,0,0,0,0,0,0,0,0,0,0,0,0,0,0,0,0,0,0,0,0,0,0,0,0,0,0,0,0,0,2.0547949344872955e-5,0,2.025683663222269e-5,0,0,0,0,0,0,0,0,0,0,0,0,0,0,0,0,0,0,0,0,0,0,0,0,0,1.091948466437948e-4,0,0,0,0,0,0,0,0,0,0,0,0,0,0,0,0,0,0,0,0,0,0,0,0,0,0,0,0,0,0,0,8.178164967555053e-5,0,0,0,7.126962329499689e-5,0,0,0,0,0,0,0,0,0,0,0,0,0
Catenibacillus_scindens,0,0,0,0,0,0,0,0,6.285997234361727e-5,0,1.1300691602326063e-5,0,0,0,0,0,0,0,0,0,0,0,0,0,0,0,0,0,0,0,0,0,0,0,0,0,0,0,0,0,0,0,0,0,0,0,0,0,0,0,1.3900083380355233e-5,7.045401071367277e-5,0,0,0,0,0,0,0,0,0,0,0,0,0,0,0,0,0,0,0,0,0,0,0,0,0,0,0,0,0,0,0,0,0,0,0,0,0,0,0,0,0,0,0,0,0,0,0,0,0,0,0,0,0,0,0,0,0,0,0,0,0,0,2.442385966851017e-5,0,4.3351935618871406e-5,0,0,0,0,0,0,0,0,0,0,0
GGB45613_SGB63326,0,0,0,0,0,0,0,0,1.593054163540795e-4,0,3.096189486796592e-4,0,0,0,0,0,0,0,0,0,0,0,0,0,0,0,0,0,0,0,0,0,0,0,0,0,0,0,0,0,0,0,0,0,0,0,0,0,0,0,8.763096044136995e-6,0,0,0,0,0,0,0,0,0,0,0,0,0,0,0,0,0,0,0,0,0,0,0,0,0,0,0,0,0,0,0,0,0,0,0,0,0,0,0,0,0,0,0,0,0,0,0,0,0,0,0,0,0,0,0,0,0,0,0,0,0,0,0,0,0,0,0,0,0,0,0,0,0,0,0,0,0
Bifidobacterium_dentium,0,0,0,0,0,0,0,0,1.7324088071733756e-4,0,0.0011731717981140447,0,0,0,0,0,0,0,0,0,0,0,0,0,0,0,0,0,0,0,0,0,0,0,0,0,0,0,0,0,0,0,0,0,0,0,0,0,0,0,3.726833949805389e-6,9.52903166487085e-6,0,0,0,0,0,0,0,0,0,0,0,0,0,8.537307003011957e-4,0,0,0,0,0,0,0,0,0,0,0,0,0,0,0,0,0,0,0,0,0,0,0,0,0,0,2.8186308681755535e-5,0,0,0,0,0,0,0,0,0.0035439463551023846,0,0,0,0,0,0,0,0,0,0,0,0,0,0,0,0,0,0,0,0,0,0,0,0,0,0
Diplocloster_modestus,0,0,0,0,0,0,0,0,0,0,0,0,0,0,0,0,0,0,0,0,0,0,0,0,0,0,0,0,0,0,0,0,0,0,0,0,0,0,0,0,0,0,0,0,0,0,0,0,0,0,3.4246582241454924e-6,2.3315715775747822e-5,0,0,0,0,0,0,0,0,0,0,0,0,0,0,0,0,0,0,0,0,0,0,0,0,0,0,0,0,0,0,0,0,0,0,0,0,0,0,0,0,0,0,0,0,0,0,0,0,0,0,0,0,0,0,0,0,0,0,0,0,0,0,0,0,0,0,0,0,0,0,0,0,0,0,0,0
GGB9695_SGB15210,0,0,0,0,0,0,0,0,0.0012555953646434812,0,0,0,0,0,0,0,0,0,0,0,0,0,0,0,0,0,0,0,0,0,0,0,0,0,0,0,0,0,0,0,0,0,0,0,0,0,0,0,0,0,1.1079776607529535e-6,0,0,0,0,0,0,0,0,0,0,0,0,0,0,0,0,0,0,0,0,0,0,0,0,0,0,0,0,0,0,0,0,0,0,0,0,0,0,0,0,0,0,0,0,0,0,0,0,0,0,0,0,0,0,0,0,0,0,0,0,0,0,0,0,0,0,0,0,0,0,0,0,0,0,0,0,0
Anaerotruncus_rubiinfantis,0,0,0,0,0,0,0,0,0,0,0,0,0,0,0,0,0,0,0,0,0,0,0,0,0,0,0,0,0,0,0,0,0,0,0,0,0,0,0,0,0,0,0,0,0,0,0,0,0,0,9.065271769796891e-7,0,1.1091119462989255e-4,0,0,0,0,0,0,0,0,0,0,0,0,0,0,0,0,0,0,0,0,0,0,0,0,0,0,0,0,0,0,0,4.046749978964914e-5,0,0,0,0,0,0,0,0,0,0,0,0,0,0,0,0,0,0,0,0,0,0,0,0,0,0,0,0,0,0,0,0,0,0,0,0,0,0,0,0,0,0,0
Lachnoclostridium_sp_An131,0,0,0,0,0,0,0,0,3.335488484644572e-4,0,5.280323155777133e-5,0,0,0,0,0,0,0,0,0,0,0,0,0,0,0,0,0,0,0,0,0,0,0,0,0,0,0,0,0,0,0,0,0,0,0,0,0,0,0,8.058019350930571e-7,0,0,0,0,0,0,0,0,0,0,0,0,0,0,0,0,0,0,0,0,0,0,0,0,0,0,0,0,0,0,0,0,0,0,0,0,0,0,0,0,0,0,0,4.810386104638525e-6,0,0,0,0,0,0,0,0,0,0,0,0,0,0,0,0,0,0,0,0,0,0,0,0,0,0,0,0,0,0,0,0,0
Collinsella_intestinalis,0,0,0,0,0.012189504796596853,0,0,0,0,0,0,0,0,0,0,0,0,0,0,0,0,0,0,0,0,0,0,0,0,0,0,0,0,0,0,0,0,0,0,0,0,0,0,0,0,0,0,0,0,0,0,0.00789186292670421,0,0,0,0,0,0,0,0,0,0,0,0,0,0.002270564664302117,0,0,0,0,0.008461610915117398,0,1.9274941459597225e-4,0,0,0,0,0,0,0,0,0,0,0,0,0,0,0,0,0,0,0,0,0,0,0,0,0,0,0,0,0,0,0,0,0,0,0,0,0,0,0,0,0,0,0,0,0,0,0,0,0,0,0,0,0,0.0549732515345353,0
Limosilactobacillus_reuteri,0,0,0,0,0,0,0,0,0,0,0,0,0,0,0,0,0,0,0,0,0,0,0,0,0,0,0.1433844903651052,0,0,0,0,0,0,0,0,0,0,0,0,0,0,0,0,0,0,0,0,0,0,0,0,0.0019385497077375028,0,0,0,0,0,0,0,0,0,0,0,0,0,0,1.1900305837860033e-5,0,0,0,0,0,0,0,1.3225881727953431e-5,0,0,0,0,0,0,0,0,0,0,0,0,0,2.2803890343692634e-5,0,0,0,0.02832794488288136,0,0,0,0,0,0,0,0,0,0.0010350692215045133,0,0,0,0,0,0,0,0,0,0,0,0,0,0,0,0,0,0,0,0,0,0,0,0,0
Citrobacter_freundii,0,0,0,0,0,0,0,0,0,0,0,0,0,0,0,0,0,0,0,0,0.0029688125580330906,0,0,0,0,0,0,0,0,0,0,0,0,0,0,0,0,0,0,0,0,0,0,0,0,0,0,0,0,0,0,9.611143533472396e-4,0,0,0,0,0,0,0,0,0,0,0,0,0,0,0,0,0,0,0,0,0,0,0,0,0,0,0,0,0,0,0,0,0,0,4.200000840000168e-5,0,0,0,0,0,0,0,0,0,0,0,0,0,0,0,0,0,0,0,0,0,0,0,0.010323415047843783,0,0,0,0,0,0,0,0,0,0,0,0,0,0,0,0,0
Actinomyces_radicidentis,0,0,0,0,0,0,0,0,0,0,0,0,0,0,0,0,0,0,0,0,0,0,0,0,0,0,0,0,0,0,0,0,0,0,0,0,0,0,0,0,0,0,0,0,0,0,0,0,0,0,0,4.7837766411197385e-4,0,0,0,0,0,0,0,0,0,0,0,0,0,0,0,0,0,0,0,0,4.0112990336139146e-4,0,0,0,0,0,0,0,0,0,0,0,0,0,0,0,0,0,0,0,0,0,0,0,0,0,0,0,0,0,0,0,0,0,0,0,0,0,0,0,0,0,0,0,0,0,0,0,0,0,0,0,0,0,0,0
Bordetella_bronchiseptica,0,0,0,0,0,0,0,0,0,0,0,0,0,0,0,0,0,0,0,0,0,0,0,0,0,0,0,0,0,0,0,0,0,0,0,0,0,0,0,0,0,0,0,0,0,0,0,0,0,0,0,0,0,0.6719973328002667,0,0.08700520141447587,0,0,0,0,0,0,0,0,0,0,0,0,0,0,0,0,0,0,0,0,0,0,0,0,0,0,0,0,0,0,0,0,0,0,0,0,0,0,0,0,0,0,0,0,0,0,0,0,0,0,0,0,0,0,0,0,0,0,0,0,0,0,0,0,0,0,0,0,0,0,0,0
GGB3886_SGB5269,0,0,0,0,0,0,0,0.0032304416422424837,0,0,0,0,0,0,0,0,0,0,0,0,0,0,0,0,0,0,0,0,0,0,0,0,0,0,0,0,0,0,0,0,0,0,0,0,0,0,0,0,0,0,0,0,0,0,0,0.027610625942657948,0,0,0,0,0,0,0,0,0,0,0,0,0,0,0,0,0,0,0,0,0,0,0,0,0,0,0,0,0,0,0,0.013387738929185006,0,0,0,0,0,0,0,0,0,0,0,0,0,0,0,0,0,0,0,0,0,0,0,0,0,0,0,0,0,0,0,0,0,0,0,0.007891575099602097,0,0,0,0
GGB3883_SGB5266,0,0,0,0,0,0.006188901237780248,0,8.574585777003486e-4,0,0,0,0,0,0.006896999310300069,0,0.0032937,0,0,0,0,0,0.0028464029249084077,0,0,0,0,0,0,0,0,0,0,0,0,0,0,0,0,0,0,0,0,0,0,0,0,0,0,0,0,0,0,0,0,0,0.004579114179658349,0,0,0,0,0,0,0,0.002133680230843171,0,0,0,0.019738514349261712,0,0,0,0,0,0,0,0,0,5.62688473323589e-4,0,0,0,0,0,0,0,0,0,0.004685078251403082,0,0,0,0.0014398984386040548,0,0,0,0,0,0,0,0,0,0,0,0,0,0.001988362374794169,0,0.004186198744140376,0,0,0,0,0,0,0,0,0,0,0,0,1.883121649658568e-4,0.03385612485583891,0,0.0034659507059169588,0,0,0,0
Solobacterium_SGB6833,0,0,0,0,0,0,0,0,0,0,0,0,0,0,0,0,0,0,0,0,0,8.783266748717688e-5,0,0,0,0,0,0,0,0,0,0,0,0,0,0,0,0,0,0,0,0,0,0,0,0,0,0,0,0,0,0,0,0,0,0.0024601435710283398,0,0,0,0,0,0,0,0,0,0,0,0.0015627057300182433,0,0,0,0,0,0,0,0,0,0.004073269687419573,0,0,0,0,0,0,0,0,0,0,0,0,0,0.007571669765417612,0,0,0,0,0,0,0,0,0,0,0,0,0,0,0,0,0,0,0,0,0,0,0,0,0,0,0,0,0,0,0,0,1.9866439789652292e-4,0,0,0
Leptotrichia_sp_oral_taxon_221,0,0,0,0,0,0,0,0,0,0,0,0,0,0,0,0,0,0,0,0,0,2.6873573033920636e-4,0,0,0,0,0,0,0,0,0,0,0,0,0,0,0,0,0,0,0,0,0,0,0,0,0,0,0,0,0,0,0,0,0,0.0013828782582500508,0,0,0,0,0,0,0,0,0,0,0,0,0,0,0,0,0,0,0,0,0,0,0,0,0,0,0,0,0,0,0,0,0,0,0,0,0,0,0,0,0,0,0,0,0,0,0,0,0,0.00326639301394504,0,0,0,0,0,0,0,0,0,0,0,0,0,0,0,0,0,0,0,0,0,0
Oribacterium_SGB5287,0,0,0,0,0,0,0,0,0,0,0,0,0,0,0,0,0,0,0,0,0,0,0,0,0,0,0,0,0,0,0,0,0,0,0,0,0,0,0,0,0,0,0,0,0,0,0,0,0,0,0,0,0,0,0,1.416304674161025e-4,0,0,0,0,0,0,0,0,0,0,0,0,0,0,0,0,0,0,0,0,0,0.0021021401990634404,0,0,0,0,0,0,0,0,0,0,0,0.007546500754650075,0,0,0,0,0,0,0,0,0,0,0,0,0,0,0,0,0,0,0,0,0,0,0,0,0,0,0,0,0,0,0,0,0,0,0,0,0,0
GGB3304_SGB4367,0,0,0,0,0,0,0,0,0,0,0,0,0,0,0,0,0,0,0,0,0,0,0,0,0,0,0,0,0,0,0,0,0,0,0,0,0,0,0,0,0,0,0,0,0,0,0,0,0,0,0,0,0.10743794939842209,0,0.018491629941477038,0,0,0,0,0,0,0,0,0,0,0,0,0,0,0,0,0,0,0,0,0,0,0,0.010693988798670525,0,0,0,0,0,0,0,0,0,0,0,0,0,0,0,0,0,0,0,0,0,0,0,0,0,0,0,0,0,0,0,0,0,0,0,0,0,0.006575677661838883,0,0,0,0,0,0,0,0,0,0,0
Bacteroides_eggerthii,0,0,0,0,0,0,0,0,0.024479096853582683,0,0.029499405363608254,0,0,0,0,0,0,0,0,0,0,0,0,0,0.00225217618685428,0,0,0,0,0,0,0,0,0,0,0,0,0,0,0,0,0,0,0,0,0,0,0,0,0,0,0,0.010554012448126955,0,4.227064569537916e-4,0,0,0,0,0,0,0,0,0,0,0,0,0,0,0,0,0,0,0,0,0,0,0,0,0,0,0,0,0,0,0,0,0,0,0,0,0,0,0,0,0,0,0,0,0,0,0,0,0,0,0,0,0,0,0,0,0,0,0,0,0,0,0,0,0,0,0,0,0,0,0,0,0
Anaerotruncus_colihominis,0,0,0,0,0,0,0,0,0,0,0,0,3.066378830527496e-5,0,0,0,7.837519627551307e-4,0,0,0,0,0,0,0,0,0,0,0,0,0,0,0,0,0,0,0,0,0,0,0,0,0,0,0,0,0,0,0,0,0,0,0,0.0038046751575570737,0,2.463534432850811e-4,0,0,0,0,0,6.941218342762995e-6,0,0,0,0,0,0,0,0,0,0.002253131909001666,0,0,0,0,0,0,0,0,0,0,0,0,0,6.831394766470473e-5,0,0,0,0,0,0,0,0,0,0,0,0,0,0,0,0,0,0,0,0,0,0,0,0,0,0,0,0,0,0,0,0,0,0,0,0,0,0,0,0,0,0,0
Phocaeicola_massiliensis,0,0,0,0,0,0,0,0,0,0,0,0,0,0,0,0,0,0,0,0,0,0,0,0,0,0,0,0,0,0,0,0,0,0,0,0,0,0,0,0,0,0,0,0,0,0,0,0,0,0,0,0,0.0018423693198376004,0,2.877127815276577e-4,0,0,0,0,0,0,0,0,0,0,0,0,0,0,0,0,0,0,0,0,0,0,0,0,0,0,0,0,0,0,0,0,0,0,0,0,0,0,0,0,0,0,0,0,0,0,0,0,0,0,0,0,0,0,0,0,0,0,0,0,0,0,0,0,0,0,0,0,0,0,0,0,0
Intestinimonas_butyriciproducens,0,0,0,0,0,0,0,0,0,0,0,0,0,0,0,0,0,0,0,0,0,0,0,0,0,0,0,0,0,0,0,0,0,0,0,0,0,0,0,0,0,0,0,0,0,0,0,0,0,0,0,0,0.001695557394938719,0,0,0,0,0,0,0,0,0,0,0,0,0,0,0,0,0,0,0,0,0,1.1863215125679441e-4,0,0,0,0,0,0,0,0,0,0.0014838751036729265,0,4.0560008112001624e-4,0,0,0,0,0,0,0,0,0,0,0,0,0,0,0,0,0,0,0,0,0,0,0,0,0,0,0,0,0,0,0,0,0,0,0,0,0,0,0,0,0
Eubacterium_maltosivorans,0,0,0,0,0,0,0,0,0,0,0,0,1.9901202081022202e-4,0,0,0,0,0,0,0,0,0,0,0,0,0,0,0,0,0,0,0,0,0,0,0,0,0,0,0,0,0,0,0,0,0,0,0,0,0,0,0,0.0015317979186000078,0,1.483127843517094e-4,0,0,0,0,0,0,0,0,0,0,0,0,0,0,0,1.1644891406750286e-5,0,0,0,0,0,0,0,0,0,0,0,0,0,0,0,0,0,0,0,0,0,0,0,0,0,0,0,0,0,0,0,0,0,0,0,0,0,0,0,0,0,0,0,0,0,0,0,0,0,0,0,0,0,0,0,0,0
Phascolarctobacterium_succinatutens,0,0,0,0,0,0,0.001091921408258396,0,0,0,0,0,0,0,0,0,0,0,0,0,0,0,0,0,0,0,0,0,0,0,0,0,0,0,0,0,0,0,0,0,0,0,0,0,0,0,0,0,0,0,0,0,0.0013926073777805767,0,6.370139238765858e-4,0,0,0,0,0,0,0,0,0,0,0,0,0,0,0,0,0,0,0,0,0,0,0,0,0,0,0,0,0,0,0,0,0,0,0,0,0,0,0,0,0,0,0,0,0,0,0,0,0,0,0,0,0,0,0,0,0,0,0,0,0,0,0,0,0,0,0,0,0,0,0,0,0
Pyramidobacter_piscolens,0,0,0,0,0,0,0,0,0,0,0,0,0,0,0,0,0,0,0,0,0,0,0,0,0,0,0,0,0,0,0,0,0,0,0,0,0,0,0,0,0,0,0,0,0,0,0,0,0,0,0,0,9.818548884460018e-4,0,0,0,0,0,0,0,0,0,0,0,0,0,0,0,0,0,0,0,0,0,0,0,0,0,0,0,0,0,0,0,0,0,0,0,0,0,0,0,0,0,0,0,0,0,0,0,0,0,0,0,0,0,0,0,0,0,0,0,0,0,0,0,0,0,0,0,1.49009626021841e-5,0,0,0,0,0,0,0
GGB1096_SGB1408,0,0,0,0,0,0,0,0,0,0,0,0,0,0,0,0,0,0,0,0,0,0,0,0,0,0,0,0,0,0,0,0,0,0,0,0,0,0,0,0,0,0,0,0,0,0,0,0,0,0,0,0,8.947103783796576e-4,0,5.60804586340022e-6,0,0,0,0,0,0,0,0,0,0,0,0,0,0,0,0,0,0,0,0,0,0,0,0,0,0,0,0,0,0,0,0,0,0,0,0,0,0,0,0,0,0,0,0,0,0,0,0,0,0,0,0,0,0,0,0,0,0,0,0,0,0,0,0,0,0,0,0,0,0,0,0,0
Clostridiales_bacterium,0,0,0,0,0,0,0,0,0,0,0,0,8.809787074285246e-4,0,0,0,0,0,0,0,1.836244790343374e-4,0,0,0,0,0,0,0,0,0,0,0,0,0,0,0,0,0,0,0,0,0,0,0,0,0,0,0,0,0,0,0,7.18114886749241e-4,0,0,0,0,0,0,0,0,0,0,0,7.865876373505922e-5,0,0,0,0,0,0,0,0,0,0,0,0,0,0,0,0,0,0,0,0,0,0,0,0,0,0,0,0,0,0,0,0,0,0,0,0,0,0,0,0,0,0,0,0,0,0,0,0,0,0,0,0,0,0,0,0,0,0,0,0,0,0,0
Lachnoclostridium_pacaense,0,0,0,0,0,0,0,0,0,0,0,0,0,0,0,0,0,0,0,0,2.401628063664358e-5,0,0,0,0,0,0,0,0,0,0,0,0,0,0,0,0,0,0,0,0,0,0,0,0,0,0,0,0,0,0,0,4.309090445973312e-4,0,0,0,0,0,0,0,0,0,0,0,0,0,0,0,0,0,0,0,0,0,0,0,0,0,6.725842066418892e-5,0,0,0,0,0,2.8347283268491845e-5,0,1.9400003880000776e-5,0,0,0,0,0,0,0,0,0,0,0,0,0,0,0,0,0,0,0,0,0,7.77563266830492e-5,0,0,0,0,0,0,0,0,0,0,0,0,0,0,0,0,0,0,0
GGB79097_SGB105802,0,0,0,0,0,0,0,0,0,0,0,0,0,0,0,0,0,0,0,0,0,0,0,0,0,0,0,0,0,0,0,0,0,0,0,0,0,0,0,0,0,0,0,0,0,0,0,0,0,0,0,0,4.2870285446906933e-4,0,1.371968363010411e-5,0,0,0,0,0,0,0,0,0,0,0,0,0,0,0,0,0,0,0,0,0,0,0,0,0,0,0,0,0,0,0,0,0,0,0,0,0,0,0,0,0,0,0,0,0,0,0,0,0,0,0,0,0,0,0,0,0,0,0,0,0,0,0,0,0,0,0,0,0,0,0,0,0
Coprobacter_fastidiosus,0,0,0,0,0,0,0,0,1.7233858446360142e-4,0,5.6603464132004877e-5,0,0,0,0,0,3.1592094555869056e-4,0,0,0,0,0,0,0,0,0,0,0,0,0,0,0,0,0,0,0,0,0,0,0,0,0,0,0,0,0,0,0,0,0,0,0,3.0736239741466605e-4,0,0,0,0,0,0,0,0,0,0,0,0,0,0,0,0,0,0,0,0,0,0,0,0,0,0,0,0,0,0,0,0,0,0,0,0,0,0,0,0,0,0,0,0,0,0,0,0,0,0,0,0,0,0,0,0,0,0,0,0,0,0,0,0,0,0,0,0,0,0,0,0,0,0,0
Butyricimonas_faecihominis,0,0,0,0,0,0,0,0,0,0,0,0,0,0,0,0,0,0,0,0,0,0,0,0,0,0,0,0,0,0,0,0,0,0,0,0,0,0,0,0,0,0,0,0,0,0,0,0,0,0,0,0,2.7166222988461025e-4,0,0,0,0,0,0,0,0,0,0,0,0,0,0,0,0,0,1.6467731387599077e-4,0,0,0,0,0,0,0,0,0,0,0,0,0,0,0,3.596000719200144e-4,0,0,0,0,0,0,0,0,0,0,0,0,0,0,0,0,0,0,0,0,0,0,0,0,0,0,0,0,0,0,0,0,0,0,0,0,0,0,0,0,0
Phocea_massiliensis,0,0,0,0,0,0,0,0,0,0,0,0,0,0,0,0,0,0,0,0,2.326577186674847e-4,0,0,0,0,0,0,0,0,0,0,0,0,0,0,0,0,0,0,0,0,0,0,0,0,0,0,0,0,0,0,0,2.1720944626432844e-4,0,0,0,0,0,0,0,0,0,0,0,0,0,0,0,0,0,0,0,0,0,0,0,0,0,1.3131405939198788e-4,0,0,0,0,0,0,0,0,0,0,0,0,0,0,0,0,0,0,0,0,0,0,0,0,0,0,0,0,0,0,0,0,0,0,0,0,0,0,0,4.7872058498515436e-4,0,0,0,0,0,0,0,0,0
Colidextribacter_sp_210702_DFI_3_9,0,0,0,0,0,0,0,0,0,0,0,0,0,0,0,0,0,0,0,0,0,0,3.784827605139735e-5,0,0,0,0,0,0,0,0,0,0,0,0,0,0,0,0,0,0,0,0,0,0,0,0,0,0,0,0,0,2.167080394169962e-4,0,0,0,0,0,0,0,0,0,0,0,0,0,0,0,0,0,0,0,0,0,0,0,0,0,0,0,0,0,0,0,0,0,0,0,0,0,0,0,0,0,0,0,0,0,0,0,0,0,0,0,0,0,0,0,0,0,0,0,0,0,0,0,0,0,0,0,0,0,0,0,0,0,0,0
Diplocloster_agilis,0,0,0,0,0,0,0,0,0,0,0,0,0,0,0,0,0.001210180234949577,0,0,0,0,0,0,0,0,0,0,0,0,0,0,0,0,0,0,0,0,0,0,0,0,0,0,0,0,0,0,0,0,0,0,0,1.898326323999879e-4,0,0,0,0,0,0,0,0,0,0,0,0,0,0,0,0,0,0,0,0,0,0,0,0,0,0,0,0,0,0,0,0,0,0,0,0,0,0,0,0,0,0,0,0,0,0,0,0,0,0,0,0,0,0,0,0,0,0,0,0,0,0,0,0,0,0,0,0,0,0,0,0,0,0,0
GGB9502_SGB14899,0,0,0,0,0,0,0,0,0,0,0,0,0,0,0,0,0,0,0,0,0,0,0,0,0,0,0,0,0,0,0,0,0,0,0,0,0,0,0,0,0,0,0,0,0,0,0,0,0,0,0,0,1.8120843462587327e-4,0,0,0,0,0,0,0,0,0,0,0,0,0,0,0,0,0,0,0,0,0,0,0,0,0,3.703216613950878e-6,0,0,0,0,0,0,0,0,0,0,0,0,0,0,0,0,0,0,0,0,0,0,0,0,0,0,0,0,0,0,0,0,0,0,0,0,0,0,0,0,0,0,0,0,0,0,0,0,0
GGB9642_SGB15119,0,0,0,0,0,0,0,0,0,0,0,0,0,0,0,0,0,0,0,0,0,0,1.0183709476229314e-4,0,0,0,0,0,0,0,0,0,0,0,0,0,0,0,0,0,0,0,0,0,0,0,0,0,0,0,0,0,1.7499098971895344e-4,0,2.373405124331879e-5,0,0,0,0,0,0,0,0,0,0,0,0,0,0,0,0,0,0,0,0,0,0,0,0,0,0,0,0,0,0,0,0,0,0,0,0,0,0,0,0,0,0,0,0.006069901820970547,0,0,0,0,0,0,0,0,0,0,0,0,0,0,0,0,0,0,0,0,0,0,0,0,0,0,0,0,0
Hydrogenoanaerobacterium_saccharovorans,0,0,0,0,0,0,0,0,0,0,0,0,0,0,0,0,0,0,0,0,1.2738635521019698e-4,0,0,0,0,0,0,0,0,0,0,0,0,0,0,0,0,0,0,0,0,0,0,0,0,0,0,0,0,0,0,0,1.7178198589602706e-4,0,0,0,0,0,0,0,0,0,0,0,0,0,0,0,0,0,0,0,1.2119157505402363e-4,0,0,0,0,0,1.601390968194974e-5,0,0,0,0,0,0,0,0,0,0,0,0,0,0,0,0,0,0,0,0,0,0,0,0,0,0,0,0,0,0,0,0,0,0,0,0,0,0,0,0,0,0,0,0,0,0,0,0,0
GGB52130_SGB14966,0,0,0,0,0,0,0,0,0,0,0,0,0,0,0,0,0,0,0,0,0,0,0,0,0,0,0,0,0,0,0,0,0,0,0,0,0,0,0,0,0,0,0,0,0,0,0,0,0,0,0,0,1.2665536963612505e-4,0,0,0,0,0,0,0,0,0,0,0,0,0,0,0,0,0,0,0,0,0,0,0,0,0,0,0,0,0,0,0,0,0,0,0,0,0,0,0,0,0,0,0,0,0,0,0,0,0,0,0,0,0,0,0,0,0,0,0,0,0,0,0,0,0,2.590111374789116e-5,0,0,0,0,0,0,0,0,0
Clostridiaceae_bacterium_Marseille_Q4143,0,0,0,0,0,0,0,0,0,0,0,0,0,0,0,0,0,0,0,0,0,0,1.966091779949921e-4,0,0,0,0,0,0,0,0,0,0,0,0,0,0,0,0,0,0,0,0,0,0,0,0,0,0,0,0,0,1.1702835816734594e-4,0,0,0,0,0,0,0,0,0,0,0,0,0,0,0,0,0,0,0,0,0,0,0,0,0,0,0,0,0,0,0,0,0,0,0,0,0,0,0,0,0,0,0,0,0,0,0,0,0,0,0,0,0,0,0,0,0,0,0,0,0,0,0,0,0,0,0,0,0,0,0,0,0,0,0
Fusobacterium_ulcerans,0,0,0,0,0,0,0,0,0,0,0,0,0,0,0,0,0,0,0,0,0,0,7.77151268255359e-6,0,0,0,0,0,0,0,0,0,0,0,0,0,0,0,0,0,0,0,0,0,0,0,0,0,0,0,0,0,1.0308924781150953e-4,0,0,0,0,0,0,0,0,0,0,0,0,0,0,0,0,0,0,0,0,0,0,0,0,0,0,0,0,0,0,0,0,0,0,0,0,0,0,0,0,0,0,0,0,0,0,0,0,0,0,0,0,0,0,0,0,0,0,0,0,0,0,0,0,0,0,0,0,0,0,0,0,0,0,0
Holdemania_massiliensis,0,0,0,0,0,0,0,0,0,0,0,0,0,0,0,0,0,0,0,0,3.3262548681751357e-4,0,0,0,0,0,0,0,0,0,0,0,0,0,0,0,0,0,0,0,0,0,0,0,0,0,0,0,0,0,0,0,1.0258784096417728e-4,0,0,0,0,0,0,0,0,0,0,0,0,0,0,0,0,0,0,0,0,0,0,0,0,0,0,0,0,0,0,0,0,0,0,0,0,0,0,0,0,0,0,0,0,0,0,0,0,0,0,0,0,0,0,0,0,0,0,0,0,0,0,0,3.5041980292390284e-5,0,0,0,0,0,0,0,0,0,0,0
Christensenella_minuta,0,0,0,0,0,0,0,0,0,0,0,0,0,0,0,0,0,0,0,0,0,0,0,0,0,0,0,0,0,0,0,0,0,0,0,0,0,0,0,0,0,0,0,0,0,0,0,0,0,0,0,0,7.380708792730643e-5,0,3.7854309577951484e-5,0,1.6681759926676583e-4,0,0,0,0,0,0,0,0,0,0,0,0,0,0,0,0,0,0,0,0,0,0,0,0,0,0,0,0,0,0,0,0,0,0,0,0,0,0,0,0,0,0,0,0,0,0,0,0,0,0,0,0,0,0,0,0,0,0,0,3.330990526650928e-4,0,0,0,0,0,0,0,0,0,0,0
Lactonifactor_longoviformis,0,0,0,0,0,0,0,0,7.289551178794915e-4,0,0.0013135803911199365,0,9.864863474525958e-5,0,0,0,0,0,0,0,0,0,0,0,0,0,0,0,0,0,0,0,0,0,0,0,0,0,0,0,0,0,0,0,0,0,0,0,0,0,0,0,5.094293568895607e-5,0,0,0,1.0043202845681268e-6,0,0,0,0,0,8.259941096764084e-4,0,0,0,0,0,0,0,0,0,0,0,0,0,3.6215740789456874e-5,0,0,0,0,0,0,0,0,0,0,0,0,0,2.3004108533784136e-6,0,0,0,0,0,0,0,2.7500008250002475e-5,0,0,0,0,0,0,0,0,0,0,0,0,0,0,0,0,0,0,0,0,0,0,0,0,0,0,0,0,0
Cuneatibacter_sp_NSJ_177,0,0,0,0,1.0947694726846982e-5,0,5.1664978091491614e-5,0,0,0,0,0,0,0,0,0,0,0,0,0,0,0,0,0,0,0,0,0,0,0,0,0,0,0,0,0,0,0,0,0,0,0,0,0,0,0,0,0,0,0,0,0,4.913787103855999e-5,0,0,0,0,0,0,0,0,0,0,0,0,0,0,0,0,0,0,0,0,0,0,0,0,0,0,0,0,0,0,0,0,0,0,0,0,0,0,0,0,0,0,0,0,0,0,0,0,0,0,0,0,0,0,0,0,0,0,0,0,0,0,0,0,0,0,0,0,0,0,0,0,0,0,0
GGB58233_SGB79883,0,0,0,0,0,0,0,0,1.7253909474220945e-4,0,3.520215437184756e-5,0,0,0,0,0,0,0,0,0,0,0,0,0,0,0,0,0,0,0,0,0,0,0,0,0,0,0,0,0,0,0,0,0,0,0,0,0,0,0,0,0,4.602914858510007e-5,0,0,0,0,0,0,0,0,0,0,0,0,0,0,0,0,0,0,0,0,0,0,0,0,0,1.2080493116320837e-4,0,0,0,0,0,0,0,0,0,0,0,0,0,0,0,0,0,0,0,0,0,0,0,0,0,0,0,0,0,0,0,0,0,0,0,0,0,0,0,0,0,0,0,0,0,0,0,0,0
Bacteroides_clarus,0,0,0,0,0,0,0,0,0,0,0,0,0,0,0,0,0,0,0,0,0,0,0,0,0,0,0,0,0,0,0,0,0,0,0,0,0,0,0,0,0,0,0,0,0,0,0,0,0,0,0,0,4.432436530417044e-5,0,0,0,0,0,0,0,0,0,0,0,0,0,0,0,0,0,0,0,0,0,0,0,0,0,0,0,0,0,0,0,0,0,0,0,0,0,0,0,0,0,0,0,0,0,0,0,0,0,0,0,0,0,0,0,0,0,0,0,0,0,0,0,2.0023988738508735e-6,0,0,0,0,0,0,0,0,0,0,0
GGB9534_SGB14937,0,0,0,0,0,0,0,0,3.235233345340557e-4,0,2.800171370487874e-4,0,0,0,0,0,1.7001127174731684e-6,0,0,0,0,0,0,0,0,0,0,0,0,0,0,0,0,0,0,0,0,0,0,0,0,0,0,0,0,0,0,0,0,0,0,0,3.600101163845518e-5,0,0,0,0,0,0,0,0,0,0,0,0,0,0,0,0,0,0,0,0,0,0,0,0,0,0,0,0,0,0,0,0,0,0,0,0,0,0,0,0,0,0,0,0.0029534005906801182,0,0,0,0,0,0,0,0,0,0,0,0,0,0,0,0,0,0,0,0,0,0,0,0,0,0,0,0,0,0,0
Massiliimalia_timonensis,0,0,0,0,0,0,0,0,0,0,0,0,0,0,0,0,0,0,0,0,0,0,0,0,0,0,0,0,0,0,0,0,0,0,0,0,0,0,0,0,0,0,0,0,0,0,0,0,0,0,0,0,3.469735383539134e-5,0,1.1115948050668294e-5,0,0,0,0,0,0,0,0,0,0,0,0,0,0,0,0,0,0,0,0,0,0,0,0,0,0,0,0,0,0,0,0,0,0,0,0,0,0,0,0,0,0,0,0,0,0,0,0,0,0,0,0,0,0,0,0,0,0,0,0,0,0,0,0,0,0,0,0,0,0,0,0,0
Faecalicoccus_pleomorphus,0,0,0,0,1.7174823837530586e-5,0,0,0,0,0,0,0,0,0,0,0,0,0,0,0,0,0,0,0,0,0,0,0,0,0,0,0,0,0,0,0,0,0,0,0,0,0,0,0,0,0,0,0,0,0,0,0,2.9482722623135995e-5,0,0,0,0.0013299209208251135,0,6.208055872502853e-4,0,0,0,0,0,0,0,0,0,0,0,0,0,0,0,0,0,0,0,0,0,0,0,0,0,0,0,0,0,0,0,0,0,0,0,0,0,0,0,0,0,0,0,0,0,0,0,0,0,0,0,0,0,0,0,0,0,0,0,0,0,0,0,0,0,0,0,0,0
Parasutterella_excrementihominis,0,0,0,0,0,0,8.051552031287902e-5,0,0.001098194795936178,0,0.002883476468759888,0,0,0,0,0,0,0,0,0,0,0,0,0,0,0,0,0,0,0,0,0,0,0,0,0,0,0,0,0,0,0,0,0,0,0,0,0,0,0,0,0,2.0657962110088486e-5,0,1.0024381980827894e-4,0,0,0,0,0,0,0,0,0,0,0,0,0,0,0,0,0,0,0,0.001576084239247784,0,0,0,0,0,0,0,0,0,2.4941602593125332e-5,0,9.03000180600036e-5,0,0,0,0,0,0,0,0,0,0,0,0,0,0,0,0,0,0,0,0,0,0,0,0,0,0,0,0,0,4.992981591947153e-4,0,0.00296632755208474,0,0.0014428932109014241,0,0,0,0,0,0,0
Acidaminococcus_SGB5735,0,0,0,0,0,0,0,0,0,0,0,0,2.864643381150687e-5,0,0,0,0,0,0,0,0,0,0,0,9.302752623831265e-6,0,0,0,0,0,0,0,0,0,0,0,0,0,0,0,0,0,0,0,0,0,0,0,0,0,0,0,1.4039391725302854e-6,0,0,0,0,0,0,0,0,0,0,0,0,0,0,0,0,0,0,0,0,0,0,0,0,0,0,0,0,0,0,0,0,0,0,0,0,0,0,0,0,0,0,0,0,0,0,0,0,0,0,0,0,0,0,0,0,0,0,0,0,0,0,0,0,0,0,0,0,0,0,0,0,0,0,0
Prevotella_marseillensis,0,0,0,0,0,0,0,0,0,0,0,0,0,0,0,0,0,0,0,0,0.011407733302405701,0,0.003170979031954139,0,0,0,0,0,0,0,0,0,0,0,0,0,0,0,0,0,0,0,0,0,0,0,0,0,0,0,0,0,0,0,0.0021833324270330644,0,0,0,0,0,0,0,0,0,0,0,0,0,0,0,0,0,0,0,0,0,0,0,0,0,0,0,0,0,7.472464070068875e-5,0,0.005158301031660206,0,0,0,0,0,0,0,0,0,0,0,0,0,0,0,0,0,0,0,0,0,0,0,0,0,0,0,0,0,0,0,0,0,0,0,0,0,0,0,0,0
Lachnospiraceae_bacterium_CLA_AA_H215,0,0,0,0,0,0,0,0,0,0,0,0,0,0,0,0,0,0,0,0,0,0,0,0,0,0,0,0,0,0,0,0,0,0,0,0,0,0,0,0,0,0,0,0,0,0,0,0,0,0,0,0,0,0,8.852700970081776e-4,0,9.155383714123043e-4,0,3.4100306902762124e-5,0,0,0,0,0,0,0,0,0,0,0,0,0,0,0,0,0,0,0,0,0,0,0,0,0,2.500170284033768e-4,0,0,0,0,0,0,0,0,0,0,0,0,0,0,0,0,0,0,0,0,0,0,0,0,0,0,0,0,0,0,0,0,0,0,0,0,0,0,0,0,0,0,0
Ruminococcus_sp_AF13_28,0,0,0,0,0,0,0.005040251110208765,0,0,0,0,0,0,0,0,0,0,0,0,0,0,0,0,0,0,0,0,0,0,0,0,0,0,0,0,0,0,0,0,0,0,0,0,0,0,0,0,0,0,0,0,0,0,0,7.49775703201383e-4,0,0,0,0,0,0,0,0,0,0,0,0,0,0,0,0,0,0,0,0,0,0,0,0,0,0,0,0,0,0,0,0,0,0,0,0,0,5.043335946271258e-5,0,0,0,0,0,0,0,0,0,0,0,0,0,0,0,0,0,0.005952145386720421,0,0,0,0,0,0,0,0,0,0,0,0,0,0,0,0,0
Oscillospiraceae_unclassified_SGB15256,0,0,0,0,0,0,0.0011811330139926152,0,0,0,0,0,0,0,0,0,0,0,0,0,0,0,0,0,0,0,0,0,0,0,0,0,0,0,0,0,0,0,0,0,0,0,0,0,0,0,0,0,0,0,0,0,0,0,6.71964066846705e-4,0,0,0,0,0,0,0,0,0,0,0,0,0,0,0,0,0,0,0,0,0,0,0,0,0,0,0,0,0,0,0,0,0,0,0,0,0,0,0,0,0,0,0,0,0,0,0,0,0,0,0,0,0,0,0,0,0,0,0,0,0,0,0,0,0,0,0,0,0,0,0,0,0
Allisonella_histaminiformans,0,0,0,0,0,0,0,0,0,0,0,0,0,0,0,0,0,0,0,0,0,0,0,0,0,0,0,0,0,0,0,0,0,0,0,0,0,0,0,0,0,0,0,0,0,0,0,0,0,0,0,0,0,0,6.077719704459988e-4,0,0,0,0,0,0,0,0,0,0,0,0,0,0,0,0,0,0,0,0.004299714110542922,0,8.440279589542866e-5,0,0,0,0,0,0,0,0,0,0,0,0,0,0,0,0,0,0,0,0,0,0,0,0,0,0,0,0,0,0,0,0,0,0,0,0,0,0,0,0,0,0,0,0,0,0,0,0,0,0,0
Blautia_faecicola,0,0,0,0,0,0,0,0,0,0,0,0,0,0,0,0,0,0,0,0,0,0,0,0,0,0,0,0,0,0,0,0,0,0,0,0,0,0,0,0,0,0,0,0,0,0,0,0,0,0,0,0,0,0,3.9286364146641186e-4,0,0.0038266611482614763,0,0.0077211694905254145,0,0,0,0,0,0,0,0,0,0,0,0,0,0,0,0,0,0,0,0,0,0,0,0,0,0,0,0,0,0,0,0,0,0,0,0,0,0,0,0,0,0,0,0,0,0,0,0,0,0,0,0,0,0,0,2.3963409855087435e-4,0,0,0,0,0,0,0,0,0,0,0,0,0
Baileyella_intestinalis,0,0,0,0,0.0013623351493114904,0,0.021692947771413267,0,0,0,0,0,0,0,0,0,0,0,0,0,0,0,2.139689206105664e-5,0,0,0,0,0,0,0,0,0,0,0,0,0,0,0,0,0,0,0,0,0,0,0,0,0,0,0,0,0,0,0,1.438063189257628e-4,0,0,0,0,0,0,0,0,0,0,0,0,0,0,0,0,0,0,0,0,0,0,0,0,0,0,0,0,0,0,0,0,0,0,0,0,0,0,0,0,0,0,0,0,0,0,0,0,0,0,0,0,0,0,0,0,0,0,0,0,0,0,0,0,0,0,0,0,0,0,0,0,0
Bacteroides_cellulosilyticus,0,0,0,0,0,0,9.143166518884368e-4,0,0,0,0,0,0,0,0,0,0,0,0,0,0,0,3.209533809158496e-5,0,0,0,0,0,0,0,0,0,0,0,0,0,0,0,0,0,0,0,0,0,0,0,0,0,0,0,0,0,0,0,1.1786910680753678e-4,0,0,0,0,0,0,0,0,0,0,0,0,0,0,0,0,0,0,0,0,0,0,0,0,0,0,0,0,0,0,0,0,0,0,0,0,0,0,0,0,0,0,0,0,0,0,0,0,0,0,0,0,0,0,0,0,0,0.0034377993124401376,0,0,0,0,0,0,0,0,0,0,0,0,0,0,0
GGB9627_SGB15081,0,0,0,0,0,0,5.309727451383e-4,0,0,0,0,0,0,0,0,0,0,0,0,0,0,0,0,0,0,0,0,0,0,0,0,0,0,0,0,0,0,0,0,0,0,0,0,0,0,0,0,0,0,0,0,0,0,0,9.443548659261443e-5,0,0,0,0,0,0,0,0,0,0,0,0,0,0,0,0,0,0,0,0,0,0,0,0,0,0,0,0,0,3.7552637799850153e-4,0,0,0,0,0,0,0,0,0,0,0,0,0,0,0,0,0,0,0,0,0,0,0,0,0,0,0,0,0,0,0,0,0,0,0,0,0,0,0,0,0,0,0
Klebsiella_michiganensis,0,0,0,0,0,0,0,0,0,0,0,0,0,0,0,0,0,0,0,0,0,0,0,0,0,0,0,0,0,0,0,0,0,0,0,0,0,0,0,0,0,0,0,0,0,0,0,0,0,0,0,0,0,0,8.54225557407212e-5,0,0,0,0,0,0,0,0,0,0,0,0,0,0,0,0,0,0,0,0,0,0,0,0,0,0,0,0,0,0,0,1.2390002478000496e-4,0,0,0,0,0,0,0,0,0,0,0,0,0,0,0,0,0,0,0,0,0,0,0,0.00018502086089963661,0,0,0,0,0,0,0,0,0,0,0,0,0,0,0,0,0
Serratia_marcescens,0,0,0,0,0,0,0,0,0,0,0,0,0,0,0,0,0,0,0,0,0,0,0,0,0,0,0,0,0,0,0,0,0,0,0,0,0,0,0,0,0,0,0,0,0,0,0,0,0,0,0,0,0,0,0,0,0,0.6986285,0,0.0284253,0,0,0,0,0,0,0,0,0,0,0,0,0,0,0,0,0,0,0,0,0,0,0,0,0,0,0,0,0,0,0,0,0,0,0,0,0,0,0,0,0,0,0,0,0,0,0,0,0,0,0,0,0,0,0,0,0,0,0,0,0,0,0,0,0,0,0,0
Collinsella_bouchesdurhonensis,0,0,0,0,0.00226506799522801,0,0.004889859985863235,0,0,0,0,0,0,0,0,0,0,0,0,0,0,0,0,0,0,0,0,0,0,0,0,0,0,0,0,0,0,0,0,0,0,0,0,0,0,0,0,0,0,0,0,0,0,0,0,0,0.004532397012227499,0,0.0023869214822933404,0,0,0,0,0,0,0,0,0,0,0,0,0,0,0,0,0,0,0,0,0,0,0,0,0,0.0016930239639719052,0,0.0017786003557200712,0,0,0,0,0,0,0,0,0,0,0,0,0,0,0,0,0,0,0,0,0,0,0,0,0,0,0,0,0,0,0,0,0,0,0,0,0,0,0,0,0
Tractidigestivibacter_SGB14390,0,0,0,0,0,0,0,0,0,0,0,0,0,0,0,0,0,0,0,0,0,0,0,0,0,0,0,0,0,0,0,0,0,0,0,0,0,0,0,0,0,0,0,0,0,0,0,0,0,0,0,0,0,0,0,0,0.0035607171369078363,0,8.386075474679272e-4,0,0,0,0,0,0,0,0,0,0,0,0,0,0,0,0,0,0,0,0,0,0,0,0,0,0,0,0,0,0,0,0,0,0,0,0,0,0,0,0,0,0,0,0,0,0,0,0,0,0,0,0,0,0,0,0,0,0,0,0,0,0,0,0,0,0,0,0,0
Mediterraneibacter_sp_NSJ_151,0,0,0,0,6.668050026746524e-4,0,0.008445126626769026,0,0,0,0,0,0,0,0,0,0,0,0,0,0,0,0,0,0,0,0,0,0,0,0,0,0,0,0,0,0,0,0,0,0,0,0,0,0,0,0,0,0,0,0,0,0,0,0,0,2.7608764622777805e-4,0,0.0011942107478967311,0,0,0,0,0,0,0,0,0,0,0,0,0,0,0,0,0,0,0,0,0,0,0,0,0,0,0,0,0,0,0,0,0,0,0,0,0,0,0,0,0,0,0,0,0,0,0,0,0,0,0,0,0,0,0,0,0,0,0,0,0,0,0,0,0,0,0,0,0
Prevotella_brevis,0,0,0,0,0,0,0,0,0,0,0,0,0,0,0,0,0,0,0,0,0,0,0,0,0,0,0,0,0,0,0,0,0,0,0,0,0,0,0,0,0,0,0,0,0,0,0,0,0,0,0,0,0,0,0,0,2.733759814594441e-4,0,5.729051561464053e-4,0,0,0,0,0,0,0,0,0,0,0,0,0,0,0,0,0,0,0,0,0,0,0,0,0,0,0,0,0,0,0,0,0,0,0,0,0,0,0,0,0,0,0,0,0,0,0,0,0,0,0,0,0,0,0,0,0,0,0,0,0,0,0,0,0,0,0,0,0
Hornefia_butyriciproducens,0,0,0,0,7.19132974717655e-5,0,0,0,0,0,0,0,0,0,0,0,0,0,0,0,0,0,0,0,0,0,0,0,0,0,0,0,0,0,0,0,0,0,0,0,0,0,0,0,0,0,0,0,0,0,0,0,0,0,0,0,1.695292640350998e-4,0,0.002063518571667145,0,0,0,0,0,0,0,0,0,0,0,0,0,0,0,0,0,0,0,0,0,0,0,0,0,0,0,0,0,0,0,0,0,0,0,0,0,0,0,0,0,0,0,0,0,0,0,0,0,0,0,0,0,0,0,0,0,0,0,0,0,0,0,0,0,0,0,0,0
Mogibacterium_kristiansenii,0,0,0,0,0,0,0,0,0,0,0,0,0,0,0,0,0,0,0,0,0,0,0,0,0,0,0,0,0,0,0,0,0,0,0,0,0,0,0,0,0,0,0,0,0,0,0,0,0,0,0,0,0,0,0,0,1.4140829606719223e-4,0,0.0014617131554183988,0,0,0,0,0,0,0,0,0,0,0,0,0,0,0,0,0,0,0,0,0,0,0,0,0,0,0,0,0,0,0,0,0,0,0,0,0,0,0,0,0,0,0,0,0,0,0,0,0,0,0,0,0,0,0,0,0,0,0,0,0,0,0,0,0,0,0,0,0
GGB3511_SGB4688,0,0,0,0,0,0,0,0,0,0,0,0,0,0,0.0011588,0,9.042599524348464e-4,0,2.9229997077000295e-4,0,3.2512039911856245e-4,0,0,0,0,0,0,0,0,0,0,0,0,0,0,0,0,0,0,0,0,0,0,0,0,0,0,0,0,0,0,0,0,0,0,0,1.1529596866842095e-4,0,0,0,2.589376233952456e-4,0,0.001403539597387157,0,0,0,1.6300418920766264e-5,0,0,0,0,0,0,0,0,0,1.8560567154596647e-4,0,2.5131829507109873e-4,0,0,0,0,0,6.210358878609521e-6,0,0,0,0,0,0,0,0,0,0,0,0,0,4.22500126750038e-4,0,0,0,0,0,0.0010026184150383956,0,0,0,0,0,0,0,0,0,0,0,3.1047194539057793e-4,0,0.0018074777215420263,0,0,0,0,0,0.0012037138013821108,0,0,0
Segatella_brunsvicensis,0,0,0,0,0,0,0,0,0,0,0,0,0,0,0,0,0,0,0,0,0,0,0,0,0,0,0,0,0,0,0,0,0,0,0,0,0,0,0,0,0,0,0,0,0,0,0,0,0,0,0,0,0,0,0,0,3.2238681134636864e-5,0,5.014045126406138e-4,0,0,0,0,0,0,0,0,0,0,0,0,0,0,0,0,0,0,0,0,0,0,0,0,0,0,0,0,0,0,0,0,0,0,0,0,0,0,0,0,0,0,0,0,0,0,0,0,0,0,0,0,0,0,0,0,0,0,0,0,0,0,0,0,0,0,0,0,0
Coprococcus_SGB4580,0,0,0,0,0,0,0,0,0,0,0,0,0,0,0,0,0,0,0,0,0,0,0,0,0,0,0,0,0,0,0,0,0,0,0,0,0,0,0,0,0,0,0,0,0,0,0,0,0,0,0,0,0,0,0,0,6.126353735865573e-6,0,0,0,0,0,0,0,0,0,0,0,0,0,0,0,0,0,0,0,0,0,0,0,0,0,0,0,0,0,0,0,0,0,0,0,0,0,0,0,0,0,0,0,0,0,0,0,0,0,0,0,0,0,0,0,0,0,0,0,6.857214943502316e-4,0,0,0,0,0,0,0,4.510543847297442e-6,0,0,0
Lentihominibacter_hominis,0,0,0,0,6.52844180958765e-6,0,1.1120758650584433e-4,0,0,0,0,0,0,0,0,0,0,0,0,0,0,0,0,0,0,0,0,0,0,0,0,0,0,0,0,0,0,0,0,0,0,0,0,0,0,0,0,0,0,0,0,0,0,0,0,0,0,0,5.809052281470533e-4,0,0,0,0,0,0,0,0,0,0,0,0,0,2.6704776714165507e-4,0,0,0,0,0,0,0,0,0,0,0,0,0,0,0,0,0,0,0,0,0,0,0,0,0,0.0012525003757501128,0,0,0,0,0,0,0,0,0,0,0,0,0,0,0,1.0630384822933524e-4,0,2.2496951347714562e-4,0,0,0,0,0,0,0,0,0,0,0
Raoultella_ornithinolytica,0,0,0,0,0,0,0,0,0,0,0,0,0,0,0,0,0,0,0,0,4.202849111412627e-6,0,0,0,0,0,0,0,0,0,0,0,0,0,0,0,0,0,0,0,0,0,0,0,0,0,0,0,0,0,0,0,0,0,0,0,0,0,1.8700168301514713e-5,0,0,0,0,0,0,0,0,0,0,0,0,0,0,0,0,0,0,0,0,0,0,0,0,0,0,0,0,0,0,0,0,0,2.301210773089041e-4,0,0,0,0,0,0,0,0,0,0,0,0,0,0,0,0,0,0.006211053134084355,0,0,0,0,0,0,0,0,0,0,0,0,0,0,0,0,0
TM7_phylum_sp_oral_taxon_351,0,0,0,0,0,8.869001773800355e-4,0,2.673924786802068e-5,0,0,0,0,0,0.014847798515220148,0,0.0559817,0,0,0,0,0,0,0,0,0,0,0,0,0,0,0,0,0,0,0,0,0,0,0,0,0,0,0,0,0,0,0,0,0,0,0,0,0,0,0,0,0,0,0,0,0,0,0,0.0022147387810675765,0,0,0,0,0,0.018581798141820184,0,0,0,0,0,0,0,1.8189749641061003e-4,0,0,0,0,0,0,0,0,0,0.0021764906589607637,0,0,0,0.00412526655926695,0,0,0,0,0,0,0,0,0,0,0,0,0,2.917397786378908e-4,0,0,0,0,0,0,0,0,0,0,0,0,0,0,0,0,0,0.0012744727852598168,0,0,0,0
Granulicatella_SGB8244,0,0,0,0,0,0,0,0,0,0,0,0,0,0,0,0,0,0,0,0,0,0,0,0,0,0,0,0,0,0,0,0,0,0,0,0,0,0,0,0,0,0,0,0,0,0,0,0,0,0,0,0,0,0,0,0,0,0,0,0,0,0,0,0.0017950746798419896,0,0,0,0,0,0,0,0,0,0,0,0,0,0,0,0,0,0,0,0,0,0,0,0,0,0,0,0,0,0,0,0,0,0,0,0,0,0,0,0,0,0,0,0,0,0.0071165,0,0,0,0,0,0,0,0,0,0,0,0,0,0,0,0,0,0
Prevotellaceae_bacterium_Marseille_P2826,0,0,0,0,0,0,0,0,0,0,0,0,0,0,0,0,0,0,0,0,0,0,0,0,0,0,0,0,0,0,0,0,0,0,0,0,0,0,0,0,0,0,0,0,0,0,0,0,0,0,0,0,0,0,0,0,0,0,0,0,0,0,0,0.0012528922342083418,0,0,0,0,0,0,0,0,0,0,0,0,0,0,0,0,0,0,0,0,0,0,0,0,0,0,0,0,0,0,0,0,0,0,0,0,0,0,0,0,0,0,0,0.003720898883730335,0,0,0,0,0,0,0,0,0,0,0,0,0,0,0,0.008761486795716035,0,0,0,0
Catonella_SGB96613,0,0,0,0,0,0,0,0,0,0,0,0,0,0,0,0,0,0,0,0,0,0,0,0,0,0,0,0,0,0,0,0,0,0,0,0,0,0,0,0,0,0,0,0,0,0,0,0,0,0,0,0,0,0,0,0,0,0,0,0,0,0,0,5.578978788404203e-4,0,0,0,0,0,0,0,0,0,0,0,0,0,8.518225360274396e-5,0,0,0,0,0,0,0,0,0,0,0,0,0,0,0,0,0,0,0,0,0,0,0,0,0,0,0,0,0,0,0,0,0,0,0,0,0,0,0,0,0,0,0,0,0,0,0,0,0,0
Selenomonas_SGB5880,0,0,0,0,0,0,0,0.0027587492922111073,0,0,0,0,0,0,0,0,0,0,0,0,0,0,0,0,0,0,0,0,0,0,0,0,0,0,0,0,0,0,0,0,0,0,0,0,0,0,0,0,0,0,0,0,0,0,0,0,0,0,0,0,0,0,0,3.407767621679068e-4,0,0,0,0,0,0,0,0,0,0,0,0,0,0.002319749495381139,0,0,0,0,0,0,0,0,0,0.0017167180137821728,0,0,0,0,0,0,0,0,0,0,0,0,0,0,0,0,0,0,0,0,0,0,0,0,0,0,0,0,0,0,0,0,0,4.900200942267806e-4,0,0,0,0,0,0
GGB3008_SGB3999,0,0,0,0,0,0,0,0,0,0,0,0,0,0,0,0,0,0,0,0,0,0,0,0,0,0,0,0,0,0,0,0,0,0,0,0,0,0,0,0,0,0,0,0,0,0,0,0,0,0,0,0,0,0,0,0,0,0,0,0,0,0,0,2.137092134105168e-4,0,0,0,0,0,0,0,0,0,0,0,0,0,0,0,0,0,0,0,0,0,0,0,0,0,0,0,0,0,0,0,0,0,0,0,0,0,0,0,0,0,1.085425736749157e-4,0,0,0,0,0,0,0,0,0,0,0,0,0,0,0,0,0,0,0,0,0,0
Blautia_marasmi,0,0,0,0,0,0,0,0,0,0,0,0,0,0,0,0,0,0,0,0,0,0,0,0,0,0,0,0,0,0,0,0,0,0,0,0,0,0,0,0,0,0,0,0,0,0,0,0,0,0,0,0,0,0,0,0,0,0,0,0,0.0012858355486550233,0,0,0,0,0,0,0,0,0,0,0,0,0,0,0,0,0,0,0,0,0,0,0,0,0,0,0,0,0,0,0,0,0,0,0,0,0,0,0,0,0,0,0,0,0,0,0,0,0,1.3977779480437536e-4,0,0,0,0,0,0,0,0,0,0,0,0,0,0,0,0,0
GGB9580_SGB14996,0,0,0,0,0,0,0,0,1.2461713815489038e-4,0,0,0,0,0,0,0,0,0,0,0,0,0,0,0,0,0,0,0,0,0,0,0,0,0,0,0,0,0,0,0,0,0,0,0,0,0,0,0,0,0,0,0,0,0,0,0,0,0,0,0,2.481737050955987e-4,0,0,0,0,0,0,0,0,0,0,0,0,0,0,0,0,0,0,0,0,0,0,0,0,0,0,0,0,0,0,0,7.988805203514712e-4,0,0,0,0,0,0,0,0,0,0,0,0,0,0,0,0,0,0,0,0,0,0,0,0,0,0,0,0,0,0,0,0,0,0,0
Enterococcus_avium,0,0,0,0,0,0,0,0,0,0,5.306324747074521e-4,0,0,0,0,0,0,0,0,0,0,0,0,0,0,0,0,0,0,0,0,0,0,0,0,0,0,0,0,0,0,0,0,0,0,0,0,0,0,0,0,0,0,0,0,0,0,0,0,0,1.3751660108053643e-4,0,0,0,0,0.001516566973993584,0,0,7.794010199328625e-4,0,0,0,0,0,0,0,0,0,0,0,0,0,0,0,0,0,0,0,0,0,0,0,0.03400285547440024,0,0,0,0,0,0,0,0,0,0,0,0,0,4.4500004450000445e-5,0,0,0,0,0,0,0,0,0,1.4387235908618526e-4,0,0,0,0,0,0,0,0.004682144982110181,0,0,0
Enterococcus_gallinarum,0,0,0,0,0,0,0,0,0,0,0,0,0,0,0,0,4.693311166530341e-4,0,0,0,0,0,0,0,0,0,0,0,0,0,0,0,0,0,0,0,0,0,0,0,0,0,0,0,0,0,0,0,0,0,0,0,0,0,0,0,0,0,0,0,2.816726284019766e-6,0,0,0,0,0,0,0,0,0,0,0,0,0,0,0,0,0,0,0,0,0,0,0,0,0,0,0,0,0,0,0,0.0010782269724652984,0,0,0,0,0,0,0,0,0,0,0,0,0,0,0,0,0,0,0,0,0,0,0,0,0,0,0,0,0,0,0,0,0,0,0
Mediterraneibacter_SGB4586,0,0,0,0,0,0,0,0,0,0,0,0,0,0,0,0,0,0,0,0,0,0,0,0,0,0,0.02062446859473247,0,0,0,0,0,0,0,0,0,0,0,0,0,0,0,0,0,0,0,0,0,0,0,0,0,0,0,0,0,0,0,0,0,2.0119473457284046e-6,0,0,0,0,0,0,0,0,0,0,0,0,0,0,0,0,0,0,0,0,0,0,0,0,0,0,0,0,0,4.924879583493612e-4,0,0,0,0,0,0,0,0,0,0,0,0,0,0,0,0,0,0.006726772874270121,0,0,0,0,0,0,0,0,0,0,0,0,0,0,0,0,0,0,0
GGB3277_SGB4327,0,0,0,0,0,0,2.2446131075788635e-4,0,0,0,0,0,0,0,0,0,0,0,0,0,0,0,0,0,0,0,0,0,0,0,0,0,0,0,0,0,0,0,0,0,0,0,0,0,0,0,0,0,0,0,0,0,0,0,0,0,0,0,0,0,0,0,0.0310737883401851,0,0,0,0,0,0,0,0,0,0,0,0,0,0,0,0,0,0,0,0,0,0,0,3.50000070000014e-6,0,0,0,0,0,0,0,0,0,0,0,0,0,0,0,0,0,0.02409145961228886,0,0,0,0,0,0,0,0,0,0,0,0,0,0,0,0,0,0,0,0,0,0,0
Clostridium_celatum,0,0,0,0,0,0,0,0,0,0,0,0,0,0,0,0,0,0,0,0,0,0,0,0,0,0,0,0,0,0,0,0,0,0,0,0,0,0,0,0,0,0,0,0,0,0,0,0,0,0,0,0,0,0,0,0,0,0,0,0,0,0,0.0022866678847286446,0,0,0,0,0,0,0,0,0,0,0,0,0,0,0,0,0,0,0,0,0,0,0,0,0,0,0,2.9105198188396446e-5,0,0,0,0,0,0,0,0,0,0,0,0,0,0,0,0,0,0,0,0,1.3106831280463377e-5,0,0,0,0,0,0,0,0,0,0,0,0,1.9645924312673306e-4,0,0,0
Parabacteroides_goldsteinii,0,0,0,0,0,0,0,0,0,0,0,0,0,0,0,0,0,0,0,0,3.6925031478839503e-5,0,2.6221285648408087e-4,0,0,0,0,0,0,0,0,0,0,0,0,0,0,0,0,0,0,0,0,0,0,0,0,0,0,0,0,0,0,0,0,0,0,0,0,0,0,0,0.0013676181091528952,0,0,0,0,0,0,0,0,0,0,0,0,0,0,0,0,0,0,0,0,0,0,0,0,0,0,0,0,0,0,0,0,0,0,0,0,0,0,0,0,0,0,0,0,0,0,0,0,0,0,0,0,0,0,0,0,0,0,0,0,0,0,0,0,0
Terrisporobacter_mayombei,0,0,0,0,0,0,0,0,0,0,0,0,1.3697837012685327e-4,0,0,0,0,0,0,0,0,0,0,0,0,0,0,0,0,0,0,0,0,0,0,0,0,0,0,0,0,0,0,0,0,0,0,0,0,0,0,0,0,0,0,0,0,0,0,0,0,0,5.943555434861134e-4,0,0,0,0,0,0,0,0,0,0,0,0,0,5.241222486474176e-4,0,0,0,0,0,0,0,0,0,0,0,0,0,0,0,0.0013519361628427744,0,0,0,0,0,0,0,0,0,0,0,0,0,0,0,0,0,0,0,0,0,0,0,0,0,0,0,0,0,0,0,6.0140584630632564e-5,0,0,0
Clostridium_SGB6177,0,0,0,0,0,0,0,0,0,0,0,0,0,0,0,0,0,0,0,0,0,0,0,0,0,0,0,0,0,0,0,0,0,0,0,0,0,0,0,0,0,0,0,0,0,0,0,0,0,0,0,0,0,0,0,0,0,0,0,0,0,0,2.32038805613518e-4,0,0,0,0,0,0,0,0,0,0,0,0,0,0,0,0,0,0,0,0,0,0,0,0,0,0,0,0,0,0,0,0,0,0,0,0,0,0,4.831017412267023e-5,0,0,0,0,0,0,0,0,0,3.751955519216616e-5,0,0,0,0,0,0,0,0,0,0,0,0,0,0,0,0
Longibaculum_muris,0,0,0,0,0,0,0,0,0,0,0,0,4.897128033622037e-4,0,6.041e-4,0,0,0,0,0,0,0,0,0,0,0,0,0,0,0,0,0,0,0,0,0,0,0,0,0,0,0,0,0,0,0,0,0,0,0,0,0,0,0,0,0,0,0,0,0,0,0,1.9631743709086776e-4,0,0,0,0,0,0,0,0,0,0,0,0,0,0,0,0,0,0,0,0,0,0,0,0,0,0,0,0,0,0,0,0,0,0,0,0,0,0,0,0,0,0,0,0,0,0,0,0,0,0,0,0,0,0,0,0,0,0,0,0,0,0,0,0,0
Turicibacter_sanguinis,0,0,0,0,0,0,7.519556217276503e-5,0,0,0,0,0,0,0,0,0,0,0,0,0,0,0,0,0,0,0,0,0,0,0,0,0,0,0,0,0,0,0,0,0,0,0,0,0,0,0,0,0,0,0,0,0,0,0,0,0,0,0,0,0,0,0,1.5619343491276482e-4,0,0,0,0,0,0,0,0,0,0,0,0,0,0,0,0,0,0,0,0,0,0,0,0,0,0,0,0,0,8.143829901264367e-5,0,0,0,0,0,0,0,0,0,0,0,0,0,0,0,0,0,0,0,0,0,0,0,2.2066435589836625e-4,0,0,0,0,0,0,0,0,0,0,0
GGB3504_SGB4680,0,0,0,0,0,0,0,0,9.714722998559033e-5,0,0,0,0,0,0,0,0,0,0,0,0,0,0,0,0,0,0,0,0,0,0,0,0,0,0,0,0,0,0,0,0,0,0,0,0,0,0,0,0,0,0,0,0,0,0,0,0,0,0,0,0,0,5.3632082711878244e-5,0,0,0,0,0,0,0,0,0,0,0,0,0,0,0,0,0,0,0,0,0,0,0,0,0,0,0,0,0,0,0,0,0,0,0,0,0,0,0,0,0,0,0,0,0,0,0,0,0,0,0,0,0,0,0,0,0,0,0,0,0,0,0,0,0
Coprobacillus_cateniformis,0,0,0,0,0,0,0,0,0,0,0,0,0,0,0,0,0,0,0,0,0,0,0,0,0,0,0,0,0,0,0,0,0,0,0,0,0,0,0,0,0,0,0,0,0,0,0,0,0,0,0,0,0,0,0,0,0,0,0,0,0,0,4.802873078675664e-5,0,0,0,0,0,0,0,0.1311780528628605,0,0,0,0,0,0,0,1.928675247319822e-4,0,0,0,0,0,1.202004944247004e-6,0,0,0,0,0,0,0,0,0,0,0,1.779000355800071e-4,0,0,0,0,0,0,0,0.001278188386596853,0,0,0,0,0,0,0,0,0,0,0,0,0,0,0,0,0,0,0,0,0,0,0
Lawsonella_SGB3665,0,0,0,0,0,0,0,0,0,0,0,0,2.7446107887714856e-4,0,0,0,0,0,0,0,3.982699872243394e-5,0,0,0,0,0,0,0,0,0,0,0,0,0,0,0,0,0,0,0,0,0,0,0,0,0,0,0,0,0,0,0,0,0,0,0,0,0,0,0,0,0,0,0,0.004057046465758406,0,0,0,0,0,0,0,0,0,0,0,0,0,1.2530884326125672e-4,0,0,0,0,0,0.0013847096957725485,0,0,0,0,0,0,0,0,0,0,0,0,0,0,0,0,0,0,0,0,0,0,0,0,0,2.257092559114823e-5,0,0,0,0,0,5.473557321671362e-4,0,0,0,0,0,0,0,0,0,0,0
Streptococcus_lutetiensis,0,0,0,0,0,0,0,0,0,0,0,0,3.129925497081191e-4,0,0,0,0,0,0,0,0,0,0,0,0,0,0,0,0,0,0,0,0,0,0,0,0,0,0,0,0,0,0,0,0,0,0,0,0,0,0,0,0,0,0,0,0,0,0,0,0,0,0,0,0,0.028672988267202985,0,0,0,0,0,0,0,0,0,0,0.006497103897628563,0,0,0,0,0,0,0,0,0,0,0,0,0,0,0,0,0,0,0,9.01700180340036e-4,0,0,0,0,0,0,0,0,0,0,0,0,0,0,0,0,0,2.362307738429672e-5,0,0,0,0,0,0,0,0,0,0,0,0,0
Oribacterium_sp_oral_taxon_078,0,0,0,0,0,0,0,0,0,0,0,0,0,0,0,0,0,0,0,0,0,2.0467428937378834e-4,0,0,0,0,0,0,0,0,0,0,0,0,0,0,0,0,0,0,0,0,0,0,0,0,0,0,0,0,0,0,0,0,0,0,0,0,0,0,0,0,0,0,0,0,0,0.0021238756107965504,0,0,0,0,0,0,0,0,0,0,0,0,0,0,0,0,0,0,0,0,0,0,0,0,0,0,0,0,0,0,0,0,0,0,0,0,0,0,0,0,0,0,0,0,0,0,0,0,0,0,0,0,0,0,0,0,0,0,0,0
Selenomonas_infelix,0,0,0,0,0,0,0,0,0,0,0,0,0,0,0,0,0,0,0,0,0,1.8382410339919474e-4,0,0,0,0,0,0,0,0,0,0,0,0,0,0,0,0,0,0,0,0,0,0,0,0,0,0,0,0,0,0,0,0,0,0,0,0,0,0,0,0,0,0,0,0,0,2.1123082087012817e-5,0,0,0,0,0,0,0,0,0,0,0,0,0,0,0,0,0,0,0,0,0,0,0,0,0,0,0,0,0,0,0,0,0,0,0,0,0,0,0,0,0,0,0,0,0,0,0,0,0,0,0,0,0,0,0,0,0,0,0,0
Prevotella_sp_oral_taxon_475,0,0,0,0,0,0,0,0,0,0,0,0,0,0,0,0,0,0,0,0,0,0,0,0,0,0,0,0,0,0,0,0,0,0,0,0,0,0,0,0,0,0,0,0,0,0,0,0,0,0,0,0,0,0,0,0,0,0,0,0,0,0,0,0,0,0,0,0,0,0.002278199772180023,0,0,0,0,0,0,0,0,0,0,0,0,0,0,0,0,0,0.0014894832635753003,0,0,0,0,0,0,0,0,0,0,0,0,0,0,0,0,0,0.0016448296812247244,0,0,0,0,0,0,0,0,0,0,0,0,0,0,0,0,0,0,0,0,0,0
Granulicatella_SGB64171,0,0,0,0,0,0,0,0,0,0,0,0,0,0,0,0,0,0,0,0,0,0,0,0,0,0,0,0,0,0,0,0,0,0,0,0,0,0,0,0,0,0,0,0,0,0,0,0,0,0,0,0,0,0,0,0,0,0,0,0,0,0,0,0,0,0,0,0,0,0.00197859980214002,0,0,0,0,0,0,0,0,0,0,0,0,0,0,0,0,0,0,0,0,0,0,0,0,0,0,0,0,0,0,0,0,0,0,0,8.293947451636848e-4,0,0,0,0,0,0,0,0,0,0,0,0,0,0,0,0,0,0,0,0,0,0
Propionibacterium_freudenreichii,0,0,0,0,0,0,0,0,0,0,0,0,0,0,0,0,0,0,0,0,0,0,0,0,0,0,0,0,0,0,0,0,0,0,0,0,0,0,0,0,0,0,0,0,0,0,0,0,0,0,0,0,0,0,0,0,0,0,0,0,0,0,0,0,0,0,4.4131134170148173e-4,0,0,0,0,0,0,0,0,0,0,0,0,0,0,0,0,0,0,0,0,0,0,0,0,0,0,0,0,0,0,0,0,0,0,0,0,0,0.002593899917469095,0,0,0,0,0,0,0,0,0,0,0,0,0,0,0,0,0,0,0,0,0,0,0
GGB3109_SGB4119,0,0,0,0,0,0,0,0,0,0,0,0,0,0,0,0,0.0017326148723660379,0,2.789999721000028e-5,0,0,0,0,0,0,0,0,0,0,0,0,0,0,0,0,0,0,0,0,0,0,0,0,0,0,0,0,0,0,0,0,0,0,0,0,0,0,0,0,0,0,0,0,0,0,0,4.440114110932651e-5,0,0,0,0,0,0,0,0,0,0,0,0,0,0,0,0,0,0,0,0,0,0,0,0,0,0,0,0,0,0,0,0,0,0,0,0,0,0,0,0,0,0,0,0,0,0,0,0,0,0,0,8.108348658992337e-4,0,0,0,0,0,0,0,0,0
Faecalibacillus_faecis,0,0,0,0,0.004409108723062896,0,2.4717343974068066e-4,0,0,0,0,0,0,0,0,0,0.031291374618137184,0,0.006820299317970068,0,0,0,0,0,0,0,0,0,0,0,0,0,0,0,0,0,0,0,0,0,0,0,0,0,0,0,0,0,0,0,0,0,0,0,0,0,0,0,0,0,0,0,0,0,0,0,2.590066564710713e-5,0,2.444845263967545e-4,0,0,0,0,0,0,0,0,0,0,0,0,0,0,0,0,0,0,0,0,0,0,0,0,0,0,0,0,0,0,0,0,0,0,0,0,0,0,0,0,0,0,0,0,0,0,0,0,0,0,0,0.002144438530729085,0,0,0,0,0,0,0
Latilactobacillus_curvatus,0,0,0,0,0,0,0,0,0,0,0,0,0,0,0,0,0,0,0,0,0,0,0,0,0,0,0,0,0,0,0,0,0,0,0,0,0,0,0,0,0,0,0,0,0,0,0,0,0,0,0,0,0,0,0,0,0,0,0,0,0,0,0,0,0,0,1.3400344388850793e-5,0,1.085483207063145e-4,0,0,0,0,0,0,0,0,0,0,0,0,0,0,0,0,0,0,0,5.857999374693322e-4,0,0,0,0,0,0,0,0,0,0,0,0,0,0,0,6.989311007029135e-4,0,0,0,0,0,0,1.1345913490111046e-4,0,0,0,0,0,0,0,0,0,0,0,0,0,0,0,0
Megasphaera_massiliensis,0,0,0,0,0,0,0,0,0,0,0,0,0,0,0,0,0,0,0,0,0,0,0,0,0,0,0,0,0,0,0,0,0,0,0,0,0,0,0,0,0,0,0,0,0,0,0,0,0,0,0,0,0,0,0,0,0,0,0,0,0,0,0,0,0,0,0,0,0.006472268863556265,0,0,0,0,0,0,0,0,0,0,0,0,0,0,0,1.6928236298145308e-5,0,0,0,0,0,0,0,0,0,0,0,0,0,0,0,0,0,0,0,0,0,0,0,0,0,0,0,0.004910199017960196,0,0.0019173730817635749,0,0,0,0,0,0,0,0,0,0,0,0,0
Gardnerella_vaginalis,0,0,0,0,0,0,0,0,0,0,0,0,0,0,0,0,1.6051064185555503e-4,0,0,0,0,0,0,0,0,0,0,0,0,0,0,0,0,0,0,0,0,0,0,0,0,0,0,0,0,0,0,0,0,0,0,0,0,0,0,0,0,0,0,0,0,0,0,0,0,0,0,0,1.30619143770445e-4,0,0,0,0,0,0,0,0,0,0,0,0,0,0,0,0,0,0,0,0,0,0,0,0,0,0,0,0,0,0,0,0,0,0,0,0,0,0,0,0,0,0,0,0,0,0,0,0,0,0,0,0,0,0,0,0,0,0,0
Eubacterium_callanderi,0,0,0,0,0,0,0,0,0,0,0,0,0,0,0,0,0,0,0,0,0,0,0,0,0,0,0,0,0,0,0,0,0,0,0,0,0,0,0,0,0,0,0,0,0,0,0,0,0,0,0,0,0,0,0,0,0,0,0,0,0,0,0,0,0,0,0,0,0,0,0.07559348240580571,0,9.371539467954776e-4,0,0,0,0,0,0,0,0,0,0,0,0,0,0,0,0,0,0,0,0,0,0,0,0,0,0,0,0,0,0,0,0,0,0,0,0,0,0,0,0,0,0,0,0,0,0,0,0,0,0,0,0,0,0,0
Eubacterium_sp_c_25,0,0,0,0,0,0,0,0,0.0016498988275261714,0,0.003234497951274618,0,0,0,0,0,1.7121135131259203e-4,0,0,0,0,0,0,0,0,0,0,0,0,0,0,0,0,0,0,0,0,0,0,0,0,0,0,0,0,0,0,0,0,0,0,0,0,0,0,0,0,0,0,0,0,0,0,0,0,0,0,0,0,0,0.0040940552726316404,0,0,0,0,0,0,0,0,0,0,0,0,0,0,0,0,0,0,0,6.297124666465431e-4,0,0,0,0,0,0,0,9.358002807400843e-4,0,0,0,0,0,0.002471424374554225,0,0,0,0,0,0,0,0,0,6.512361926365867e-4,0,0,0,0,0,0,0,1.320986909319953e-4,0,0.001042737503187451,0,0,0
Megasphaera_sp_NM10,0,0,0,0,0,0,0,0,0,0,0,0,0,0,0,0,0,0,0,0,0,0,0,0,0,0,0,0,0,0,0,0,0,0,0,0,0,0,0,0,0,0,0,0,0,0,0,0,0,0,0,0,0,0,0,0,0,0,0,0,0,0,0,0,0,0,0,0,0,0,8.385352334223635e-4,0,0.03782516948042918,0,0,0,0,0,0,0,0,0,0,0,0,0,0,0,0,0,0,0,0,0,0,0,0,0,0,0,0,0,0,0,0,0,0,0,0,0,0,0,0,0,0,0,0,0,0,0,0,0,0,0,0,0,0,0
Provencibacterium_massiliense,0,0,0,0,0,0,1.854823866928204e-4,0,0,0,0,0,0,0,0,0,0,0,0,0,0,0,0,0,0,0,0,0,0,0,0,0,0,0,0,0,0,0,0,0,0,0,0,0,0,0,0,0,0,0,0,0,0,0,0,0,0,0,0,0,0,0,0,0,0,0,0,0,0,0,4.1715504791615184e-4,0,0,0,0,0,0,0,0,0,0,0,0,0,3.1051794393047603e-6,0,0,0,0,0,0,0,0,0,0,0,0,0,0,0,0,0,0,0,0,0,0,0,0,0,0,0,0,0,0,0,0,0,0,0,0,0,0,0,0,0,0,0
GGB30134_SGB43057,0,0,0,0,0.0550655987876784,0,0,0,0,0,0,0,0,0,0,0,0,0,0,0,0,0,0,0,0,0,0,0,0,0,0,0,0,0,0,0,0,0,0,0,0,0,0,0,0,0,0,0,0,0,0,0,0,0,0,0,0,0,0,0,0,0,0,0,0,0,0,0,0,0,5.461763226174913e-5,0,0,0,0,0,0,0,0,0,0,0,0,0,0,0,0,0,0,0,0,0,0,0,0,0,0,0,0,0,0,0,0,0,0,0,0,0,0,0,0,0,0,0,0,0,0,0.061196983639987136,0,0,0,0,0,0,0,0,0,0
GGB32387_SGB47381,0,0,0,0,0,0,0,0,5.580201053661463e-4,0,3.972243101277798e-4,0,0,0,0,0,0.0031716102777614155,0,7.549999245000075e-5,0,1.1707936810363746e-5,0,0,0,0,0,0,0,0,0,0,0,0,0,0,0,0,0,0,0,0,0,0,0,0,0,0,0,0,0,0,0,0,0,0,0,0,0,0,0,0,0,0,0,0,0,0,0,0,0,0,0,0.0016326352468542464,0,0,0,0,0,0,0,0,0,0,0,0,0,0,0,0,0,0,0,0,0,0,0,0,0,0,0,0,0,0,0,0,0,0,0,0,0,0,1.5908291401478452e-5,0,0,0.006149607551617175,0,0,0,0,0,0,0,0,0,0,0,0,0
Alistipes_timonensis,0,0,0,0,0,0,0,0,0,0,0,0,0,0,0,0,0,0,0,0,0,0,0,0,0,0,0,0,0,0,0,0,0,0,0,0,0,0,0,0,0,0,0,0,0,0,0,0,0,0,0,0,0,0,0,0,0,0,0,0,0,0,0,0,0,0,0,0,0,0,0,0,0.0014752079998619594,0,0,0,0,0,5.905129195218967e-6,0,0,0,0,0,0,0,0,0,0,0,0,0,0,0,0,0,0,0,0,0,0,0,0,0,0,0,0,0,0,0,0,0,0,0,0,0,0,0,0,0,0,0,0,0,0,0,0,0
GGB45432_SGB63101,0,0,0,0,0,0,0,0,7.098063862724247e-5,0,3.541216722463415e-4,0,0,0,0,0,3.6502420110453326e-5,0,0,0,0,0,0,0,0,0,0,0,0,0,0,0,0,0,0,0,0,0,0,0,0,0,0,0,0,0,0,0,0,0,0,0,0,0,0,0,0,0,0,0,0,0,0,0,0,0,0,0,0,0,0,0,0.0011299033613914498,0,0,0,0,0,0,0,0,0,0,0,0,0,0,0,0,0,0,0,0,0,0,0,0,0,0,0,0,0,0,0,9.766023683407925e-5,0,0,0,0,0,0,0,0,0,0,0,1.912290924527584e-5,0,4.7102025387091644e-5,0,0,0,0,0,0,0,0,0
Enteroscipio_rubneri,0,0,0,0,0,0,0,0,0,0,0,0,0,0,0,0,0,0,0,0,5.4036631432448055e-6,0,0,0,0,0,0,0,0,0,0,0,0,0,0,0,0,0,0,0,0,0,0,0,0,0,0,0,0,0,0,0,0,0,0,0,0,0,0,0,0,0,0,0,0,0,0,0,0,0,0,0,7.47855548574578e-4,0,0,0,0,0,0,0,0,0,0,0,0,0,0,0,0,0,0,0,0,0,0,0,0,0,0,0,0,0,0,0,0,0,0,0,0,0,0,0,0,0,0,0,0,0,0,0,0,0,0,0,0,0,0,0
Phocaeicola_plebeius,0,0,0,0,0,0,0,0,0,0,0,0,0,0,0,0,0,0,0,0,0,0,0,0,0,0,0,0,0,0,0,0,0,0,0,0,0,0,0,0,0,0,0,0,0,0,0,0,0,0,0,0,0,0,0,0,0,0,0,0,0,0,0,0,0,0,0,0,0,0,0,0,2.8572385575969557e-4,0,0,0,0,0,0,0,0,0,0,0,0,0,0,0,0,0,0,0,0,0,0,0,0,0,0,0,0,0,0,0,0,0,0,0,0,0,0,0,0,0,0,0,0,0,0,0,6.40041346670995e-5,0,1.230919620048138e-5,0,0,0,0,0
Aggregatibacter_segnis,0,0,0,0,0,0,0,0,0,0,0,0,0,0,0,0,0,0,0,0,0,9.542737290980663e-4,0,0,0,0,0,0,0,0,0,0,0,0,0,0,0,0,0,0,0,0,0,0,0,0,0,0,0,0,0,0,0,0,0,0,0,0,0,0,0,0,0,0,0,0,0,0,0,0,0,0,0,0,0,0,0,0.004703132764534399,0,0,0,0,0,0,0,0,0,0,0,0,0,0,0,0,1.4531374691095544e-5,0,0,0,0,0,0,0,0,0,0,4.5986443609148816e-4,0,0,0,0,0,0,0,0,0,0,0,0,0,0,0,0,0,2.5674879537721526e-4,0,0,0,0
Neisseria_cinerea,0,0,0,0,0,0,0,0,0,0,0,0,0,0,0,0,0,0,0,0,0,3.575756531874747e-4,0,0,0,0,0,0,0,0,0,0,0,0,0,0,0,0,0,0,0,0,0,0,0,0,0,0,0,0,0,0,0,0,0,0,0,0,0,0,0,0,0,0,0,0,0,0,0,0,0,0,0,0,0,0,0,0.004585678374471708,0,0,0,0,0,0,0,9.909998018000396e-4,0,0,0,0,0,0,0,0,0,0,0,0,0,0,0,0,0,0,0,0,0,0,0,0,0,0,0,0,0,0,0,0,0,0,0,0,0,0.005843906003602279,0,0,0,0
GGB45697_SGB2042,0,0,0,0,0,0,0,0,0,0,0,0,0,0,0,0,0,0,0,0,0,0,0,0.0052610005261000525,0,0,0,0,0,0,0,0,0,0,0,0,0,0,0,0,0,0,0,0,0,0,0,0,0,0,0,0,0,0,0,0,0,0,0,0,0,0,0,0,0,0,0,0,0,0,0,0,0,0,0,0,0,0.004393461887719673,0,0,0,0,0,0,0,0,0,0,0,0,0,0,0,0,0,0,0,0,0,0,0,0,0,0,0,0,0,0,0,0,0,0,0,0,0,0,0,0,0,0,0,0,0,0.006984051864731628,0,0,0,0
Granulicatella_SGB8245,0,0,0,0,0,0,0,0,0,0,0,0,0,0,0,0,0,0,0,0,0,0,0,0,0,0,0,0,0,0,0,0,0,0,0,0,0,0,0,0,0,0,0,0,0,0,0,0,0,0,0,0,0,0,0,0,0,0,0,0,0,0,0,0,0,0,0,0,0,0,0,0,0,0,0,0,0,0.0034614142601162527,0,0,0,0,0,0,0,0,0,0,0,0,0,0,0,0.004909300981860197,0,0,0,0,0,0,0,0,0,0,0,1.6539339045525364e-4,0,0,0,0,0,0,0,0,0,0,0,0,0,0,0,0,0,0.0069811019401232735,0,0,0,0
GGB1473_SGB2039,0,0,0,0,0,0,0,0,0,0,0,0,0,0,0,0,0,0,0,0,0,0,0,0,0,0,0,0,0,0,0,0,0,0,0,0,0,0,0,0,0,0,0,0,0,0,0,0,0,0,0,0,0,0,0,0,0,0,0,0,0,0,0,0,0,0,0,0,0,0,0,0,0,0,0,0,0,0.0030515884770465187,0,0,0,0,0,0,0,0,0,0,0,0,0,0,0,0,0,0,0,0,0,0,0,0,0,0,0,0,0,0,0,0.0073816,0,0,0,0,0,0,0,0,0,0,0,0,0,0,0,0,0,0
Gemella_SGB7291,0,0,0,0,0,0,0,0,0,0,0,0,0,0,0,0,0,0,0,0,0,0,0,0,0,0,0,0,0,0,0,0,0,0,0,0,0,0,0,0,0,0,0,0,0,0,0,0,0,0,0,0,0,0,0,0,0,0,0,0,0,0,0,0,0,0,0,0,0,0,0,0,0,0,0,0,0,0.0026607820095080393,0,0,0,0,0,0,0,0,0,0,0,0,0,0,0,0,0,0,0,0,0,0,0,0,0,0,0,0,0,0,0,0,0,0,0,0,0,0,0,0,0,0,0,0,0,2.3378152521216279e-4,0,0,0,0
GGB1144_SGB1469,0,0,0,0,0,0,0,1.8867694001255042e-4,0,0,0,0,0,0,0,0,0,0,0,0,0,0,0,0,0,0,0,0,0,0,0,0,0,0,0,0,0,0,0,0,0,0,0,0,0,0,0,0,0,0,0,0,0,0,0,0,0,0,0,0,0,0,0,0,0,0,0,0,0,0,0,0,0,0,0,0,0,0.002496689829764986,0,0,0,0,0,0,0,0,0,0,0,0,0,0,0,0,0,0,0,0,0,0,0,0,0,0,0,4.697779237151058e-4,0,0,0,0.0273458,0,0,0,0,0,0,0,0,0,0,0,0,0,0.003111011562861629,0,0,0,0
Porphyromonas_sp_oral_taxon_278,0,0,0,0,0,0,0,0,0,0,0,0,0,0,0,0,0,0,0,0,0,0,0,0,0,0,0,0,0,0,0,0,0,0,0,0,0,0,0,0,0,0,0,0,0,0,0,0,0,0,0,0,0,0,0,0,0,0,0,0,0,0,0,0,0,0,0,0,0,0,0,0,0,0,0,0,0,0.0021376496658265793,0,0,0,0,0,0,0,0,0,0,0,0,0,0,0,0,0,0,0,0,0,0,0,0,0,0,0,0,0,0,0,0,0,0,0,0,0,0,0,0,0,0,0,0,0,6.41292538966397e-4,0,0,0,0
Porphyromonas_sp_oral_taxon_275,0,0,0,0,0,0,0,0,0,0,0,0,0,0,0,0,0,0,0,0,0,0,0,0,0,0,0,0,0,0,0,0,0,0,0,0,0,0,0,0,0,0,0,0,0,0,0,0,0,0,0,0,0,0,0,0,0,0,0,0,0,0,0,0,0,0,0,0,0,0,0,0,0,0,0,0,0,0.0015082924215716268,0,0,0,0,0,0,0,0,0,0,0,0,0,0,0,0,0,0,0,0,0,0.009166999083300091,0,0,0,0,0,0.0052887444891630405,0,0,0,0,0,0,0,0,0,0,0,0,0,0,0,0,0,9.945460108169521e-5,0,0,0,0
Granulicatella_SGB8239,0,0,0,0,0,0,0,0,0,0,0,0,0,0,0,0.0024138,0,0,0,0,0,0,0,0,0,0,0,0,0,0,0,0,0,0,0,0,0,0,0,0,0,0,0,0,0,0,0,0,0,0,0,0,0,0,0,0,0,0,0,0,0,0,0,0,0,0,0,0,0,0,0,0,0,0,0,0,0,0.0013858808694821728,0,0,0,0,0,0,0,0,0,0.0013795180542061443,0,0,0,0,0,0,0,0,0,0,0,0,0,0,0,0,0,0.003438867466988592,0,0,0,0,0,0,0,0,0,0,0,0,0,0,0,0,0,6.248572447198457e-4,0,0,0,0
GGB1203_SGB1568,0,0,0,0,0,0,0,2.5317160528223325e-4,0,0,0,0,0,0,0,0,0,0,0,0,0,6.0233870593270385e-5,0,0,0,0,0,0,0,0,0,0,0,0,0,0,0,0,0,0,0,0,0,0,0,0,0,0,0,0,0,0,0,0,0,0,0,0,0,0,0,0,0,0,0,0,0,0,0,0,0,0,0,0,0,0,0,8.469665405726513e-4,0,0,0,0,0,0,0,0,0,0,0,0,0,0,0,0,0,0,0,0,0,0,0,0,0,0,0,1.1774795503970351e-4,0,0,0,8.612e-4,0,0,0,0,0,0,0,0,0,0,0,0.0027657710955602236,0,9.968638087235171e-4,0,0,0,0
GGB12763_SGB19797,0,0,0,0,0,0.002279000455800091,0,2.551745451974408e-4,0,0,0,0,0,0,0,0,0,0,0,0,0,0,0,0,0,0,0,0,0,0,0,0,0,0,0,0,0,0,0,0,0,0,0,0,0,0,0,0,0,0,0,0,0,0,0,0,0,0,0,0,0,0,0,0,0,0,0,0,0,0,0,0,0,0,0,0,0,7.968890874451475e-4,0,0,0,0,0,0,0,0,0,0,0,0,0,0,0,0,0,0,0,0,0,0,0,0,0,0,0,0,0,0,0,0,0,0,0,0,0,0,0,0,0,0,0,0,0,5.458414069960412e-4,0,0,0,0
Alloprevotella_SGB1466,0,0,0,0,0,0,0,0,0,0,0,0,0,0,0,0,0,0,0,0,0,1.0183351700634843e-4,0,0,0,0,0,0,0,0,0,0,0,0,0,0,0,0,0,0,0,0,0,0,0,0,0,0,0,0,0,0,0,0,0,0,0,0,0,0,0,0,0,0,0,0,0,0,0,0,0,0,0,0,0,0,0,7.67348448428519e-4,0,0,0,0,0,0,0,0,0,0.002255137296416775,0,0,0,0.0033486771732555674,0,0,0,0,0,0,0,0,0,0,0,0,0,0,0,0,0,0,0,0,0,0,0,0,0,0,0,0,0,0,0,0.017869800441814424,0,0,0,0
Prevotella_sp_oral_taxon_299,0,0,0,0,0,0,0,0,0,0,0,0,0,0,0,0,0,0,0,0,0,0,0,0,0,0,0,0,0,0,0,0,0,0,0,0,0,0,0,0,0,0,0,0,0,0,0,0,0,0,0,0,0,0,0,0,0,0,0,0,0,0,0,0,0,0,0,0,0,0,0,0,0,0,0,0,0,7.370996434080671e-4,0,0,0,0,0,0,0,0,0,0,0,0,0,0,0,0,0,0,0,0,0,0,0,0,0,0,0,0,0,0,0,0,0,0,0,0,0,0,0,0,0,0,0,0,0,2.516917817628918e-4,0,0,0,0
Neisseria_elongata,0,0,0,0,0,0,0,0,0,0,0,0,0,0,0,0,0,0,0,0,0,0,0,0,0,0,0,0,0,0,0,0,0,0,0,0,0,0,0,0,0,0,0,0,0,0,0,0,0,0,0,0,0,0,0,0,0,0,0,0,0,0,0,0,0,0,0,0,0,0,0,0,0,0,0,0,0,7.276911522144148e-4,0,0,0,0,0,0,0,0,0,0,0,0,0,0,0,0,0,0,0,0,0,0,0,0,0,0,0,0,0,0,0,0,0,0,0,0,0,0,0,0,0,0,0,0.0010591079732654805,0,0,0,0,0,0
Prevotella_SGB98243,0,0,0,0,0,0,0,0,0,0,0,0,0,0,0,0,0,0,0,0,0,0,0,0,0,0,0,0,0,0,0,0,0,0,0,0,0,0,0,0,0,0,0,0,0,0,0,0,0,0,0,0,0,0,0,0,0,0,0,0,0,0,0,0,0,0,0,0,0,0,0,0,0,0,0,0,0,6.397774011683525e-4,0,0,0,0,0,0,0,0,0,0,0,0,0,0,0,0,0,0,0,0,0,0,0,0,0,0,0,0.0019208899641313833,0,0,0,0,0,0,0,0,0,0,0,0,0,0,0,0,0,0,0,0,0,0
GGB4538_SGB6253,0,0,0,0,0,0,0,0,0,0,0,0,0,0,0,0,0,0,0,0,0,0,0,0,0,0,0,0,0,0,0,0,0,0,0,0,0,0,0,0,0,0,0,0,0,0,0,0,0,0,0,0,0,0,0,0,0,0,0,0,0,0,0,0,0,0,0,0,0,0,0,0,0,0,0,0,0,6.167114227581083e-4,0,0,0,0,0,0,0,0,0,0.0013075753922075792,0,0,0,0,0,0,0,0,0,0,0,0,0,0,0,0,0,0.0015803920116712097,0,0,0,0.0153619,0,0,0,0,0,0,0,0,0,0,0,0,0,9.466097359311774e-4,0,0,0,0
GGB1088_SGB1395,0,0,0,0,0,0,0,0,0,0,0,0,0,0,0,0,0,0,0,0,0,8.829600495327897e-4,0,0,0,0,0,0,0,0,0,0,0,0,0,0,0,0,0,0,0,0,0,0,0,0,0,0,0,0,0,0,0,0,0,0,0,0,0,0,0,0,0,0,0,0,0,0,0,0,0,0,0,0,0,0,0,4.618254010647579e-4,0,0,0,0,0,0,0,0,0,0,0,0,0,0,0,0,0,0,0,0,0,0,0,0,0,0,0,0,0,0,0,0,0,0,0,0,0,0,0,0,0,0,0,0,0,0.0017182257299167025,0,0,0,0
Kingella_denitrificans,0,0,0,0,0,0,0,0,0,0,0,0,0,0,0,0,0,0,0,0,0,8.017752674288165e-5,0,0,0,0,0,0,0,0,0,0,0,0,0,0,0,0,0,0,0,0,0,0,0,0,0,0,0,0,0,0,0,0,0,0,0,0,0,0,0,0,0,0,0,0,0,0,0,0,0,0,0,0,0,0,0,3.9404379784167186e-4,0,0,0,0,0,0,0,0,0,0,0,0,0,0,0,0.0025929005185801038,0,0,0,0,0,0,0,0,0,0,0,0,0,0,0,0,0,0,0,0,0,0,0,0,0,0,0,0,0,0,0,0,0,0
Haemophilus_paraphrohaemolyticus,0,0,0,0,0,0,0,0,0,0,0,0,0,0,0,0,0,0,0,0,0,0,0,0,0,0,0,0,0,0,0,0,0,0,0,0,0,0,0,0,0,0,0,0,0,0,0,0,0,0,0,0,0,0,0,0,0,0,0,0,0,0,0,0,0,0,0,0,0,0,0,0,0,0,0,0,0,2.9105622757137097e-4,0,0,0,0,0,0,0,0,0,0,0,0,0,0,0,0,0,0,0,0,0,0,0,0,0,0,0,6.706777851488268e-4,0,0,0,0,0,0,0,0,0,0,0,0,0,0,0,0,0,0,0,0,0,0
GGB1472_SGB2037,0,0,0,0,0,0,0,0,0,0,0,0,0,0,0,0,0,0,0,0,0,0,0,0,0,0,0,0,0,0,0,0,0,0,0,0,0,0,0,0,0,0,0,0,0,0,0,0,0,0,0,0,0,0,0,0,0,0,0,0,0,0,0,0,0,0,0,0,0,0,0,0,0,0,0,0,0,2.3359361468970998e-4,0,0,0,0,0,0,0,0,0,0,0,0,0,0,0,0.05289071057814212,0,0,0,0,0,0,0,0,0,0,0,0,0,0,0,0,0,0,0,0,0,0,0,0,0,0,0,0,0,0,0,0,0,0
TM7_phylum_sp_oral_taxon_348,0,0,0,0,0,0.005665301133060226,0,0,0,0,0,0,0,0,0,0,0,0,0,0,0,0,0,0,0,0,0,0,0,0,0,0,0,0,0,0,0,0,0,0,0,0,0,0,0,0,0,0,0,0,0,0,0,0,0,0,0,0,0,0,0,0,0,0,0,0,0,0,0,0,0,0,0,0,0,0,0,1.4001453561306133e-4,0,0,0,0,0,0,0,0,0,0,0,0,0,0,0,0,0,0,0,0,0,0,0,0,0,0,0,0.001155629414410286,0,0,0,0,0,0,0,0,0,0,0,0,0,0,0,0,0,0,0,0,0,0
GGB1843_SGB2516,0,0,0,0,0,0,0,0,0,0,0,0,0,0,0,0,0,0,0,0,0,1.9268795057679974e-4,0,0,0,0,0,0,0,0,0,0,0,0,0,0,0,0,0,0,0,0,0,0,0,0,0,0,0,0,0,0,0,0,0,0,0,0,0,0,0,0,0,0,0,0,0,0,0,0,0,0,0,0,0,0,0,1.3819353731751573e-4,0,0,0,0,0,0,0,0,0,0,0,0,0,0,0,0,0,0,0,0,0,0,0,0,0,0,0,1.5254631975934098e-4,0,0,0,0,0,0,0,0,0,0,0,0,0,0,0,0,0,0,0,0,0,0
Peptoanaerobacter_stomatis,0,0,0,0,0,0,0,0,0,0,0,0,0,0,0,0,0,0,0,0,0,6.849336455422051e-6,0,0,0,0,0,0,0,0,0,0,0,0,0,0,0,0,0,0,0,0,0,0,0,0,0,0,0,0,0,0,0,0,0,0,0,0,0,0,0,0,0,0,0,0,0,0,0,0,0,0,0,0,0,0,0,9.499541108429522e-5,0,0,0,0,0,0,0,0,0,0,0,0,0,0,0,0,0,0,0,0,0,0,0,0,0,0,0,0,0,0,0,0,0,0,0,0,0,0,0,0,0,0,0,0,0,0,0,0,0,0
GGB1472_SGB2038,0,0,0,0,0,0,0,0,0,0,0,0,0,0,0,0,0,0,0,0,0,0,0,0,0,0,0,0,0,0,0,0,0,0,0,0,0,0,0,0,0,0,0,0,0,0,0,0,0,0,0,0,0,0,0,0,0,0,0,0,0,0,0,0,0,0,0,0,0,0,0,0,0,0,0,0,0,2.599980899751211e-5,0,0,0,0,0,0,0,0.012711697457660508,0,0,0,0,0,0,0,0,0,0,0,0,0,0,0,0,0,0,0,0,0,0,0,0,0,0,0,0,0,0,0,0,0,0,0,0,0,0,0,0,0,0
Selenomonas_SGB5897,0,0,0,0,0,0,0,0,0,0,0,0,0,0,0,0,0,0,0,0,0,0,0,0,0,0,0,0,0,0,0,0,0,0,0,0,0,0,0,0,0,0,0,0,0,0,0,0,0,0,0,0,0,0,0,0,0,0,0,0,0,0,0,0,0,0,0,0,0,0,0,0,0,0,0,0,0,1.9322815247178263e-5,0,0,0,0,0,0,0,0,0,2.1752899469385344e-4,0,0,0,0,0,0,0,0,0,0,0,0,0,0,0,0,0,2.658433211721141e-4,0,0,0,0,0,0,0,0,0,0,0,0,0,0,0,0,0,0,0,0,0,0
Veillonella_sp_3627,0,0,0,0,0,0,0,0,0,0,0,0,0,0,0,0,0,0,0,0,0,0,0,0,0,0,0,0,0,0,0,0,0,0,0,0,0,0,0,0,0,0,0,0,0,0,0,0,0,0,0,0,0,0,0,0,0,0,0,0,0,0,0,0,0,0,0,0,0,0,0,0,0,0,0,0,0,1.851348267138022e-5,0,0,0,0,0,0,0,0,0,0,0,0,0,0,0,0,0,0,0,0,0,0,0,0,0,0,0,0,0,0,0,0,0,0,0,0,0,0,0,0,0,0,0,0,0,0.004689431937232347,0,0,0,0
GGB12785_SGB19824,0,0,0,0,0,0,0,0,0,0,0,0,0,0,0,0,0,0,0,0,0,0,0,0,0,0,0,0,0,0,0,0,0,0,0,0,0,0,0,0,0,0,0,0,0,0,0,0,0,0,0,0,0,0,0,0,0,0,0,0,0,0,0,0,0,0,0,0,0,0,0,0,0,0,0,0,0,8.093325757980424e-6,0,0,0,0,0,0,0,0,0,0,0,0,0,0,0,0,0,0,0,0,0,0,0,0,0,0,0,2.443978173332678e-4,0,0,0,0,0,0,0,0,0,0,0,0,0,0,0,0,0,0,0,0,0,0
Lachnospiraceae_bacterium_2_1_46FAA,0,0,0,0,0,0,0,0,0,0,0,0,0,0,0,0,0,0,0,0,0,0,0,0,0,0,7.098947347300148e-4,0,0,0,0,0,0,0,0,0,0,0,0,0,0,0,0,0,0,0,0,0,0,0,0,0,0,0,0,0,0,0,0,0,0,0,0,0,0,0,0,0,0,0,0,0,0,0,0.06901515575830343,0,0,0,0,0,0,0,0,0,0,0,0,0,0,0,0,0,0,0,0,0,0,0,0,0,0,0,0,0,0,0,0,0,0,0,0,0,2.2899995420000915e-4,0,0,0,0,0,0,0,0,0,0,0,0,0,0,0
GGB9513_SGB14911,0,0,0,0,0,0,0,0,0,0,0,0,0,0,0,0,0,0,0,0,0.013904826081600718,0,0,0,0,0,0,0,0,0,0,0,0,0,0,0,0,0,0,0,0,0,0,0,0,0,0,0,0,0,0,0,0,0,0,0,0,0,0,0,0,0,0,0,0,0,0,0,0,0,0,0,0,0,0.010235329516330507,0,8.118361893636582e-5,0,0.004686570755358104,0,0,0,0,0,0,0,0,0,0,0,0,0,0,0,0,0,0,0,0,0,0,0,0,0,0,0,0,0,0,0,0,0,0,0,0,0,0,0,0,0,0,0,0,0,0,0,0,0
GGB48196_SGB66203,0,0,0,0,0,0,0,0,0,0,0,0,0,0,0,0,0,0,0,0,0,0,0,0,0,0,0,0,0,0,0,0,0,0,0,0,0,0,0,0,0,0,0,0,0,0,0,0,0,0,0,0,0,0,0,0,0,0,0,0,0,0,0,0,0,0,0,0,0,0,0,0,0,0,0.0025146208615639946,0,0.023721913812774078,0,0,0,0,0,0,0,0,0,0,0,0,0,0,0,0,0,0,0,0,0,0,0,0,0,0,0,0,0,0,0,0,0,0,0,0,0,0,0,0,0,0,0,0,0,0,0,0,0,0,0
GGB3441_SGB4591,0,0,0,0,0,0,0,0,0,0,0,0,0,0,0,0,0,0,0,0,0,0,0,0,0,0,0,0,0,0,0,0,0,0,0,0,0,0,0,0,0,0,0,0,0,0,0,0,0,0,0,0,0,0,0,0,0,0,0,0,0,0,0,0,0,0,0,0,0,0,0,0,0,0,1.8345901093850557e-4,0,7.340729459462967e-4,0,0,0,0,0,0,0,0,0,0,0,0,0,0,0,0,0,0,0,0,0,0,0,0,0,0,0,0,0,0,0,0,0,0,0,0,0,0,0,0,0,0,0,0,0,0,0,0,0,0,0
Hydrogenoanaerobacterium_SGB53821,0,0,0,0,0,0,0,0,0,0,0,0,0,0,0,0,0,0,0,0,0,0,0,0,0,0,0,0,0,0,0,0,0,0,0,0,0,0,0,0,0,0,0,0,0,0,0,0,0,0,0,0,0,0,0,0,0,0,0,0,0,0,0,0,0,0,0,0,0,0,0,0,0,0,9.00762702532586e-5,0,0,0,0,0,0,0,0,0,4.106850226177264e-6,0,0,0,0,0,0,0,0,0,0,0,0,0,0,0,0,0,0,0,0,0,0,0,0,0,0,0,0,0,0,0,0,0,0,0,0,0,0,0,0,0,0,0
Clostridium_sp_NSJ_42,0,0,0,0,0,0,0,0,0,0,0,0,0,0,0,0,0,0,0,0,0,0,0,0,0,0,0,0,0,0,0,0,0,0,0,0,0,0,0,0,0,0,0,0,0,0,0,0,0,0,0,0,0,0,0,0,0,0,0,0,0,0,0,0,0,0,0,0,0,0,0,0,0,0,6.031803636536338e-5,0,0,0,0,0,0,0,0,0,0,0,0,0,0,0,0,0,0,0,0,0,0,0,1.2200003660001098e-5,0,0,0.0021531534541174373,0,0,0,0,0,0,0,0,0,0,0,0,0,0,0,0,0,0,0,0,0,0,0,0,0,0
Blautia_sp_MCC283,0,0,0,0,0,0,4.915845935239945e-4,0,0,0,0,0,0,0,0,0,0,0,0,0,0,0,0,0,0,0,0.005200009029186847,0,0,0,0,0,0,0,0,0,0,0,0,0,0,0,0,0,0,0,0,0,0,0,0,0,0,0,0,0,0,0,0,0,0,0,0,0,0,0,0,0,0,0,0,0,0,0,0,0,9.939208861106498e-4,0,0,0,0.001419900283980057,0,0,0,0,0,0,0,0,0,0,0,0,0,0,0,0,0,0,0,0,0,0,0,0,0,0,0,0,0,0,0.002914819203769004,0,0,0,0,0,0,0,0,0,0,0.010899342899079902,0,0,0,0,0
Eubacterium_nodatum,0,0,0,0,0,0.010698602139720428,0,0.0020140562317369436,0,0,0,0,0,0,0,0,0,0,0,0,0,0,0,0,0,0,0,0,0,0,0,0,0,0,0,0,0,0,0,0,0,0,0,0,0,0,0,0,0,0,0,0,0,0,0,0,0,0,0,0,0,0,0,0,0,0,0,0,0,0,0,0,0,0,0,0,0,0,0,0,0,0,0,0,0,0,0,0,0,0,0,0,0,0,0,0,0,0,0,0,0,0,0,0,0,0,0,0,0,0,0,0,0,0,0,0,0,0,0,0,0,0,0,0,0,0,0,0
GGB49400_SGB69312,0,0,0,0,0,0.005624801124960225,0,2.9112731667541616e-4,0,0,0,0,0,0,0,0,0,0,0,0,0,0,0,0,0,0,0,0,0,0,0,0,0,0,0,0,0,0,0,0,0,0,0,0,0,0,0,0,0,0,0,0,0,0,0,0,0,0,0,0,0,0,0,0,0,0,0,0,0,0,0,0,0,0,0,0,0,0,0,0,0,0,0,0,0,0,0,0,0,0,0,0,0,0,0,0,0,0,0,0,0,0,0,0,0,0,0,0,0,0,0,0,0,0,0,0,0,0,0,0,0,0,0,0,0,0,0,0
GGB96534_SGB136060,0,0,0,0,0,0.0023320004664000933,0,9.379767622916918e-4,0,0,0,0,0,0,0,0,0,0,0,0,0,0,0,0,0,0,0,0,0,0,0,0,0,0,0,0,0,0,0,0,0,0,0,0,0,0,0,0,0,0,0,0,0,0,0,0,0,0,0,0,0,0,0,0,0,0,0,0,0,0,0,0,0,0,0,0,0,0,0,0,0,0,0,0,0,0,0,0,0,0,0,0,0,0,0,0,0,0,0,0,0,0,0,0,0,0,0,0,0,0,0,0,0,0,0,0,0,0,0,0,0,0,0,0,0,0,0,0
Treponema_SGB69454,0,0,0,0,0,2.904000580800116e-4,0,5.633268511521211e-4,0,0,0,0,0,0,0,0,0,0,0,0,0,0,0,0,0,0,0,0,0,0,0,0,0,0,0,0,0,0,0,0,0,0,0,0,0,0,0,0,0,0,0,0,0,0,0,0,0,0,0,0,0,0,0,0,0,0,0,0,0,0,0,0,0,0,0,0,0,0,0,0,0,0,0,0,0,0,0,0,0,0,0,0,0,0,0,0,0,0,0,0,0,0,0,0,0,0,0,0,0,0,0,0,0,0,0,0,0,0,0,0,0,0,0,0,0,0,0,0
Capnocytophaga_SGB2480,0,0,0,0,0,0,0,9.453876399779597e-5,0,0,0,0,0,0,0,0,0,0,0,0,0,7.887816732707365e-4,0,0,0,0,0,0,0,0,0,0,0,0,0,0,0,0,0,0,0,0,0,0,0,0,0,0,0,0,0,0,0,0,0,0,0,0,0,0,0,0,0,0,0,0,0,0,0,0,0,0,0,0,0,0,0,0,0,0,0,0,0,0,0,0,0,0,0,0,0,0,0,0,0,0,0,0,0,0,0,0,0,0,0,0,0,0,0,0,0,0,0,0,0,0,0,0,0,0,0,2.6322566336119954e-5,0,0,0,0,0,0
Olsenella_uli,0,0,0,0,0,0,0,8.011759660830167e-5,0,0,0,0,0,0,0,0,0,0,0,0,0,0,0,0,0,0,0,0,0,0,0,0,0,0,0,0,0,0,0,0,0,0,0,0,0,0,0,0,0,0,0,0,0,0,0,0,0,0,0,0,0,0,0,0,0,0,0,0,0,0,0,0,0,0,0,0,0,0,0,0,0,0,0,0,0,0,0,0,0,0,0,0,0,0,0,0,0,0,0,0,0,0,0,0,0,0,0,0,0,0,0,0,0,0,0,0,0,0,0,0,1.6501065968861588e-4,0,0,0,0,0,0,0
GGB9760_SGB15373,0,0,0,0,9.271391745277476e-4,0,0.014748970102142173,0,0,0,0,0,0,0,0,0,0,0,0,0,0,0,4.279378412211328e-5,0,0,0,0,0,0,0,0,0,0,0,0,0,0,0,0,0,0,0,0,0,0,0,0,0,0,0,0,0,0,0,0,0,0,0,0,0,0,0,0,0,0,0,0,0,0,0,0,0,0,0,0,0,0,0,0,0,0,0,0,0,5.639406530092194e-5,0,3.0300006060001213e-5,0,0,0,0,0,0,0,0,0,0,0,0,0,0,0,0,0,0,0,0,0,0,0,0,0,0,0,0,0,0,0,0,0,0,0,0,0,0,0,0,0
Slackia_piriformis,0,0,0,0,8.585403167439266e-4,0,0.009403537547088024,0,0,0,0,0,0,0,0,0,0,0,0,0,0,0,0,0,0,0,0,0,0,0,0,0,0,0,0,0,0,0,0,0,0,0,0,0,0,0,0,0,0,0,0,0,0,0,0,0,0,0,0,0,0,0,0,0,0,0,0,0,0,0,0,0,0,0,0,0,0,0,0,0,0,0,0,0,0,0,0,0,0,0,0,0,0,0,0,0,0,0,0,0,0,0,0,0,0,0,0,0,0,0,0,0,0,0,0,0,0,0,0,0,0,0,0,0,0.02025665194959738,0,0,0
GGB9411_SGB14764,0,0,0,0,7.600110642023037e-4,0,0.011296010348546265,0,0,0,0,0,0,0,0,0,0,0,0,0,0,0,0,0,0,0,0,0,0,0,0,0,0,0,0,0,0,0,0,0,0,0,0,0,0,0,0,0,0,0,0,0,0,0,0,0,0,0,0,0,0,0,0,0,0,0,0,0,0,0,0,0,0,0,0,0,0,0,0,0,0,0,0,0,1.6848102635195507e-4,0,0,0,0,0,0,0,0,0,0,0,0,0,0,0,0,0,0,0,0,0,0,0,0,0,0,0,0,0,0,0,0,0,0,0,0,0,0,0,0,0,0,0
GGB3588_SGB4808,0,0,0,0,3.4892010533088454e-4,0,0.007160663656593428,0,0,0,0,0,0,0,0,0,0,0,0,0,0,0,0,0,0,0,0,0,0,0,0,0,0,0,0,0,0,0,0,0,0,0,0,0,0,0,0,0,0,0,0,0,0,0,0,0,0,0,0,0,0,0,0,0,0,0,0,0,0,0,0,0,0,0,0,0,0,0,0,0,0,0,0,0,0,0,0,0,0,0,0,0,0,0,0,0,0,0,0,0,0,0,0,0,0,0,0,0,0,0,0,0,0,0,0,0,0,0,0,0,0,0,0,0,0,0,0,0
GGB34797_SGB14322,0,0,0,0,2.2980115169748527e-4,0,0.00898182855759668,0,0,0,0,0,0,0,0,0,0,0,0,0,0,0,0,0,0,0,0,0,0,0,0,0,0,0,0,0,0,0,0,0,0,0,0,0,0,0,0,0,0,0,0,0,0,0,0,0,0,0,0,0,0,0,0,0,0,0,0,0,0,0,0,0,0,0,0,0,0,0,9.207998067121101e-5,0,0.0013118002623600524,0,0,0,0,0,8.040001608000322e-5,0,0,0,0,0,0,0,0,0,0,0,0,0,0,0,0,0,0,0,0,0,0,0,0,0,0,0,0,0,0,0,0,0,0,0,0,0,0,0,0,0
Prevotella_sp_885,0,0,0,0,1.1168657372709948e-4,0,0.022694839118838964,0,0,0,0,0,0,0,0,0,0,0,0,0,0,0,0,0,0,0,0,0,0,0,0,0,0,0,0,0,0,0,0,0,0,0,0,0,0,0,0,0,0,0,0,0,0,0,0,0,0,0,0,0,0,0,0,0,0,0,0,0,0,0,0,0,0,0,0,0,0,0,0,0,0,0,0,0,0,0,0,0,0,0,0,0,0,0,0,0,0,0,0,0,0,0,0,0,0,0,0,0,0,0,0,0,0,0,0,0,0,0,0,0,0,0,0,0,0,0,0,0
Raoultibacter_timonensis,0,0,0,0,8.316230489751652e-5,0,4.22118217040583e-4,0,0,0,0,0,0,0,0,0,0,0,0,0,0,0,0,0,0,0,0,0,0,0,0,0,0,0,0,0,0,0,0,0,0,0,0,0,0,0,0,0,0,0,0,0,0,0,0,0,0,0,0,0,0,0,0,0,0,0,0,0,0,0,0,0,0,0,0,0,0,0,0,0,0,0,0,0,0,0,0,0,0,0,0,0,0,0,0,0,0,0,0,0,0,0,0,0,0,0,0,0,0,0,0,0,0,0,0,0,0,0,0,0,0,0,0,0,0,0,0,0
GGB9608_SGB15041,0,0,0,0,6.287391650464413e-5,0,0.0034314753072608325,0,0,0,0,0,0,0,0,0,0,0,0,0,0,0,0,0,0,0,0,0,0,0,0,0,0,0,0,0,0,0,0,0,0,0,0,0,0,0,0,0,0,0,0,0,0,0,0,0,0,0,0,0,0,0,0,0,0,0,0,0,0,0,0,0,0,0,0,0,0,0,0,0,0,0,0,0,0,0,0,0,0,0,0,0,0,0,0,0,0,0,0,0,0,0,0,0,0,0,0,0,0,0,0,0,0,0,0,0,0,0,0,0,0,0,0,0,0,0,0,0
Clostridiaceae_unclassified_SGB15090,0,0,0,0,5.925816411779559e-6,0,0.003496542487589919,0,0,0,0,0,0,0,0,0,0,0,0,0,0,0,0,0,0,0,0,0,0,0,0,0,0,0,0,0,0,0,0,0,0,0,0,0,0,0,0,0,0,0,0,0,0,0,0,0,0,0,0,0,0,0,0,0,0,0,0,0,0,0,0,0,0,0,0,0,0,0,0,0,0,0,0,0,0,0,0,0,0,0,0,0,0,0,0,0,0.03920360784072157,0,3.6720011016003304e-4,0,0,0,0,0,0,0,0,0,0,0,0,0,0,0,0,0,0,0,0,0,0,0,0,0,0,0,0,0
Stenotrophomonas_maltophilia,0,0,0,0,0,0,0,0,0,0.9503331950333195,0,0.9022601,0,0,0,0,0,0,0,0,0,0,0,0,0,0,0,0,0,0,0,0,0,0,0,0,0,0,0,0,0,0,0,0,0,0,0,0,0,0,0,0,0,0,0,0,0,0,0,0,0,0,0,0,0,0,0,0,0,0,0,0,0,0,0,0,0,0,0,0,0,0,0,0,0,0,0,0,0,0,0,0,0,0,0,0,0,0,0,0,0,0,0,0,0,0,0,0,0,0,0,0,0,0,0,0,0,0,0,0,0,0,0,0,0,0,0,0
Senegalimassilia_SGB14826,0,0,0,0,0,0,0,0,0.009382176701487615,0,0.04488854717908736,0,0,0,0,0,0,0,0,0,0,0,0,0,0,0,0,0,0,0,0,0,0,0,0,0,0,0,0,0,0,0,0,0,0,0,0,0,0,0,0,0,0,0,0,0,0,0,0,0,0,0,0,0,0,0,0,0,0,0,0,0,0,0,0,0,0,0,0,0,0,0,0,0,0.0012611035206724817,0,0,0,0,0,0,0,0,0,0,0,0,0,0,0,0,0,0,0,0,0,0,0,0,0,0,0,0,0,0,0,0,0,0,0,0,0,0,0,0,0,0,0
GGB9509_SGB14906,0,0,0,0,0,0,0,0,0.0017755185170741019,0,0,0,0,0,0,0,0,0,0,0,0,0,0,0,0,0,0,0,0,0,0,0,0,0,0,0,0,0,0,0,0,0,0,0,0,0,0,0,0,0,0,0,0,0,0,0,0,0,0,0,0,0,0,0,0,0,0,0,0,0,0,0,0,0,0,0,0,0,0,0,0,0,0,0,0,0,0,0,0,0,0,0,0,0,0,0,0,0,0,0,0,0,0,0,0,0,0,0,0,0,0,0,0,0,5.213092670229547e-4,0,0,0,0,0,0,0,0,0,0,0,0,0
Eggerthella_sp_YY7918,0,0,0,0,0,0,0,0,0.001742133555685865,0,1.2540767494970692e-4,0,0,0,0,0,0,0,0,0,0,0,0,0,0,0,0,0,0,0,0,0,0,0,0,0,0,0,0,0,0,0,0,0,0,0,0,0,0,0,0,0,0,0,0,0,0,0,0,0,0,0,0,0,0,0,0,0,0,0,0,0,0,0,0,0,0,0,0,0,0,0,0,0,0,0,0,0,0,0,0,0,0,0,0,0,0,0,0,0,0,0,0,0,0,0,0,0,0,0,0,0,0,0,0,0,0,0,0,0,0,0,0,0,0,0,0,0
Clostridium_SGB4909,0,0,0,0,0,0,0,0,0.0016386702519241216,0,1.448088623023729e-4,0,0,0,0,0,0,0,0,0,0,0,0,0,0,0,0,0,0,0,0,0,0,0,0,0,0,0,0,0,0,0,0,0,0,0,0,0,0,0,0,0,0,0,0,0,0,0,0,0,0,0,0,0,0,0,0,0,0,0,0,0,0,0,0,0,0,0,0,0,0,0,0,0,0,0,0,0,0,0,0,0,0,0,0,0,0,0,0,0,0,0,0,0,0,0,0,0,0,0,0,0,0,0,0,0,0,0,0,0,0,0,0,0,0,0,0,0
GGB3000_SGB3991,0,0,0,0,0,0,0,0,0.001389736741032253,0,0.0042248585613439546,0,0,0,0,0,0,0,0,0,0,0,0,0,0,0,0,0,0,0,0,0,0,0,0,0,0,0,0,0,0,0,0,0,0,0,0,0,0,0,0,0,0,0,0,0,0,0,0,0,0,0,0,0,0,0,0,0,0,0,0,0,0,0,0,0,0,0,0,0,0,0,0,0,0,0,0,0,0,0,0,0,0,0,0,0,0,0,0,0,0,0,0,0,0,0,0,0,0,0,0,0,0,0,0,0,0,0,0,0,0,0,0,0,0,0,0,0
GGB34900_SGB14891,0,0,0,0,0,0,0,0,0.0013631691291166891,0,0,0,0,0,0,0,6.240413739430925e-5,0,0,0,0,0,0,0,0,0,0,0,0,0,0,0,0,0,0,0,0,0,0,0,0,0,0,0,0,0,0,0,0,0,0,0,0,0,0,0,0,0,0,0,0,0,0,0,0,0,0,0,0,0,0,0,0,0,0,0,0,0,0,0,0,0,0,0,0,0,0,0,0,0,0,0,0,0,0,0,0,0,0,0,0,0,0,0,0,0,0,0,0,0,0,0,0,0,0,0,0,0,0,0,0,0,0,0,0,0,0,0
GGB3538_SGB4728,0,0,0,0,0,0,0,0,0.0012773507298724524,0,0.001474890263284113,0,0,0,0,0,0,0,0,0,0,0,0,0,0,0,0,0,0,0,0,0,0,0,0,0,0,0,0,0,0,0,0,0,0,0,0,0,0,0,0,0,0,0,0,0,0,0,0,0,0,0,0,0,0,0,0,0,0,0,0,0,0,0,0,0,0,0,0,0,0,0,0,0,0,0,0,0,0,0,0,0,0,0,0,0,0,0,0,0,0,0,0,0,0,0,0,0,0,0,0,0,0,0,0,0,0,0,0,0,0,0,0,0,0,0,0,0
GGB3002_SGB3993,0,0,0,0,0,0,0,0,6.965727078842947e-4,0,0.0012346755621444033,0,0,0,0,0,0,0,0,0,0,0,0,0,0,0,0,0,0,0,0,0,0,0,0,0,0,0,0,0,0,0,0,0,0,0,0,0,0,0,0,0,0,0,0,0,0,0,0,0,0,0,0,0,0,0,0,0,0,0,0,0,0,0,0,0,0,0,0,0,0,0,0,0,0,0,0,0,0,0,3.8906948781052296e-4,0,0,0,0,0,0,0,0,0,0,0,0,0,0,0,0,0,0,0,0,0,0,0,0,0,0,0,0,0,0,0,0,0,0,0,0,0
Guopingia_tenuis,0,0,0,0,0,0,0,0,5.741611827940927e-4,0,3.690225841821519e-5,0,0,0,0,0,0,0,0,0,0,0,0,0,0,0,0,0,0,0,0,0,0,0,0,0,0,0,0,0,0,0,0,0,0,0,0,0,0,0,0,0,0,0,0,0,0,0,0,0,0,0,0,0,0,0,0,0,0,0,0,0,0,0,0,0,0,0,4.093555662448403e-5,0,0,0,0,0,0,0,0,0,0,0,0,0,0,0,0,0,0,0,0,0,0,0,0,0,0,0,0,0,0,0,0,0,0,0,0,0,0,0,0,0,0,0,0,0,0,0,0,0
Massilicoli_timonensis,0,0,0,0,0,0,0,0,5.154116711619401e-4,0,0,0,0,0,0,0,0,0,0,0,0,0,0,0,0,0,0,0,0,0,0,0,0,0,0,0,0,0,0,0,0,0,0,0,0,0,0,0,0,0,0,0,0,0,0,0,0,0,0,0,0,0,0,0,0,0,0,0,0,0,0,0,0,0,0,0,0,0,0,0,0,0,0,0,0,0,0,0,0,0,0,0,0,0,0,0,0,0,0,0,0,0,0,0,1.3868554124183796e-4,0,0,0,0,0,0,0,0,0,0,0,0,0,0,0,0,0,0,0,0,0,0,0
Butyricicoccus_intestinisimiae,0,0,0,0,0,0,0,0,4.6939456222139724e-4,0,0,0,1.4151741773783146e-4,0,0,0,0,0,0,0,0,0,0,0,0,0,0,0,0,0,0,0,0,0,0,0,0,0,0,0,0,0,0,0,0,0,0,0,0,0,0,0,0,0,0,0,0,0,0,0,0,0,0,0,0,0,0,0,0,0,0,0,0,0,0,0,0,0,0,0,0,0,0,0,0,0,0,0,0,0,0,0,0,0,0,0,0,0,0,0,0,0,0,0,0,0,0,0,0,0,0,0,0,0,0,0,0,0,0,0,0,0,0,0,0,0,0,0
Schaalia_SGB17153,0,0,0,0,0,0,0,0,2.8983760772790677e-4,0,0.003985043884685743,0,0,0,0,0,0,0,0,0,0.0017734021893441563,0.029163165195217673,0,0,0,0,0,0,0,0,0,0,0,0,0,0,0,0,0,0,0,0,0,0,0,0,0,0,0,0,0,0,0,0,0,0,0,0,0,0,0,0,0,0,0,0,0,0,0,0,0,0,0,0,0,0,0,0,0,0,0,0,0,0,0,0,0,0,2.1803719714583308e-4,0.02609260260926026,0,0,0,0,0,0,0,0,0,0,0,0,0,0,0,0,0,0,0,0,0,0,0,0,0,0,0,0,0,0,0,0,0,0,0,0,0,0
GGB9621_SGB15073,0,0,0,0,0,0,0,0,2.8302025825523375e-4,0,1.1570708127337393e-4,0,0,0,0,0,0,0,0,0,0,0,0,0,0,0,0,0,0,0,0,0,0,0,0,0,0,0,0,0,0,0,0,0,0,0,0,0,0,0,0,0,0,0,0,0,0,0,0,0,0,0,0,0,0,0,0,0,0,0,0,0,0,0,0,0,0,0,0,0,0,0,0,0,0,0,0,0,0,0,0,0,0,0,0,0,0,0,0,0,0,0,0,0,0,0,0,0,0,0,0,0,0,0,0,0,0,0,0,0,0,0,0,0,0,0,0,0
Clostridium_sp_AF27_2AA,0,0,0,0,0,0,0,0,5.012756965200739e-5,0,7.550462088279803e-5,0,0,0,0,0,0,0,0,0,0,0,0,0,0,0,0,0,0,0,0,0,0,0,0,0,0,0,0,0,0,0,0,0,0,0,0,0,0,0,0,0,0,0,0,0,0,0,0,0,0,0,0,0,0,0,0,0,0,0,0,0,0,0,0,0,0,0,0,0,0,0,0,0,0,0,0,0,0,0,0,0,0,0,0,0,0,0,0,0,0,0,0,0,0,0,0,0,0,0,0,0,0,0,0,0,0,0,0,0,0,0,0,0,0,0,0,0
Ligilactobacillus_salivarius,0,0,0,0,0,0,0,0,0,0,6.037369487012606e-4,0,0,0,3.079e-4,0,0,0,0,0,0,0,0,0,0,0,0.04660123850346244,0,0,0,0,0,0,0,0,0,0,0,0,0,0,0,0,0,0,0,0,0,0,0,0,0,0,0,0,0,0,0,0,0,0,0,0,0,0,0,0,0,0,0,0,0,0,0,0,0,0,0,0,0,0,0,0,0,0,0,0,0,0,0,0,0,0,0,0,0,0,0,0,0,0,0,0,0,0,0,0,0,0,0,0,0,0,0,0,0,0,0,0,0,0,0,0,0,0,0,0,0
Solobacterium_SGB6828,0,0,0,0,0,0,0,0,0,0,0,0,3.9076156544287893e-4,0.0012314998768500124,0,0.0045786,0,0,0,0,0,0,0,0,0,0,0,0,0,0,0,0,0,0,0,0,0,0,0,0,0,0,0,0,0,0,0,0,0,0,0,0,0,0,0,0,0,0,0,0,0,0,0,0,0,0,0,0,0,0,0,0,0,0,0,0,0,0,0,0,0,0,0,0,0,0,0,0,0,0,0,0,0,0,0,0,0,0,0,0,0,0,0,0,0,0,0,0,0,0,0,0,0,0,0,0,0,0,0,0,0,0,0,0,0,0,0,0
GGB4260_SGB5794,0,0,0,0,0,0,0,0,0,0,0,0,5.540664117134057e-4,0,0,0,0,0,0,0,0,0,0,0,0,0,0,0,0,0,0,0,0,0,0,0,0,0,0,0,0,0,0,0,0,0,0,0,0,0,0,0,0,0,0,0,0,0,0,0,0,0,0,0,0,0,0,0,0,0,0,0,0,0,0,0,0,0,0,0,0,0,0,0,0,0,0,0,0,0,0,0,0,0,0,0,0,0,0,0,0,0,0,0,0,0,0,0,1.3930090957889896e-4,0,0.004360642095262059,0,0,0,0,0,0,0,0,0,0,0,0,0,0,0,0,0
Providencia_rettgeri,0,0,0,0,0,0,0,0,0,0,0,0,2.436964228471852e-4,0,0,0,0,0,0,0,0,0,0,0,0,0,0,0,0,0,0,0,0,0,0,0,0,0,0,0,0,0,0,0,0,0,0,0,0,0,0,0,0,0,0,0,0,0,0,0,0,0,0,0,0,0,0,0,0,0,0,0,0,0,0,0,0,0,0,0,0,0,0,0,0,0,0,0,0,0,0,0,0,0,0,0,0,0,0,0,0,0,0,0,0,0,0,0,0,0,0,0,0,0,0,0,0,0,0,0,0,0,0,0,8.519916156006281e-6,0,0,0
Anaerococcus_obesiensis,0,0,0,0,0,0,0,0,0,0,0,0,1.9144694145859168e-4,0,0,0,0,0,0,0,7.395013079366502e-5,0,0,0,0,0,0,0,0,0,0,0,0,0,0,0,0,0,0,0,0,0,0,0,0,0,0,0,0,0,0,0,0,0,0,0,0,0,0,0,0,0,0,0,0,0,0,0,0,0,0,0,0,0,0,0,0,0,0,0,0,0,0,0,0,0,0,0,0,0,0,0,0,0,0,0,0,0,0,0,0,0,0,0,9.065591656933996e-5,0,6.116000611600061e-4,0,0,0,2.1315860670384831e-4,0,0,0,0,0,8.510195213866212e-6,0,0,0,0,0,0,0,0,0,0,0
Peptoniphilus_sp_Marseille_P3761,0,0,0,0,0,0,0,0,0,0,0,0,1.8862264516731635e-5,0,0,0,0,0,0,0,6.37432115230915e-5,0,0,0,0,0,0,0,0,0,0,0,0,0,0,0,0,0,0,0,0,0,0,0,0,0,0,0,0,0,0,0,0,0,0,0,0,0,0,0,0,0,0,0,0,0,0,0,0,0,0,0,0,0,0,0,0,0,0,0,0,0,0,0,0,0,0,0,0,0,0,0,0,0,0,0,0,0,0,0,0,0,0,0,0,0,0,0,0,0,0,0,0,0,0,0,0,0,0,0,0,0,0,0,0,0,0,0
Olsenella_profusa,0,0,0,0,0,0,0,0,0,0,0,0,0,0,7.31e-5,0,0,0,0,0,0,0,0,0,0,0,1.1838267198719863e-4,0,0,0,0,0,0,0,0,0,0,0,0,0,0,0,0,0,0,0,0,0,0,0,0,0,0,0,0,0,0,0,0,0,0,0,0,0,0,0,0,0,0,0,0,0,0,0,0,0,0,0,0,0,0,0,0,0,0,0,0,0,0,0,0,0,0,0,0,0,0,0,0,0,0,0,0,0,0,0,0,0,0,0,0,0,0,0,0,0,0,0,0,0,0,0,0,0,0,0,0,0
Prevotella_timonensis,0,0,0,0,0,0,0,0,0,0,0,0,0,0,0,0,4.200278478463122e-6,0,0,0,1.2198269206695219e-4,0,0,0,0,0,0,0,0,0,0,0,0,0,0,0,0,0,0,0,0,0,0,0,0,0,0,0,0,0,0,0,0,0,0,0,0,0,0,0,0,0,0,0,0,0,0,0,0,0,0,0,0,0,0,0,0,0,0,0,0,0,0,0,0,0,0,0,0,0,0,0,0,0,0,0,0,0,0,0,0,0,0,0,0,0,0,0,0,0,0,0,0,0,0,0,0,0,0,0,0,0,0,0,0,0,0,0
Amedibacillus_dolichus,0,0,0,0,0,0,0,0,0,0,0,0,0,0,0,0,0,0,2.599999740000026e-5,0,0,0,0,0,0,0,0,0,0,0,0,0,0,0,0,0,0,0,0,0,0,0,0,0,0,0,0,0,0,0,0,0,0,0,0,0,0,0,0,0,0,0,0,0,0,0,0,0,0,0,0,0,0,0,0,0,0,0,0,0,0,0,0,0,0,0,0,0,0,0,0,0,0.00238204507977279,0,0,0,0,0,0,0,0,0,0,0,0,0,0,0,0,0,0,6.31729257288899e-4,0,0,0,0,0,0,0,0,0,0,0,0,0,0,0,0
Aggregatibacter_aphrophilus,0,0,0,0,0,0,0,0,0,0,0,0,0,0,0,0,0,0,0,0,0,0.006597925517293618,0,6.680000668000067e-5,0,0,0,0,0,0,0,0,0,0,0,0,0,0,0,0,0,0,0,0,0,0,0,0,0,0,0,0,0,0,0,0,0,0,0,0,0,0,0,0,0,0,0,0,0,0,0,0,0,0,0,0,0,0,0,0,0,0,0,0,0,0,0,0,0,0,0,0,0,0,0,0,0,0,0,0,0,0,0,0,0,0,0,0,0,0,0,0,0,0,0,0,0,0,0,0,0,0,0,0,0,0,0,0
Alloprevotella_sp_Lung230,0,0,0,0,0,0,0,0,0,0,0,0,0,0,0,0,0,0,0,0,0,0.0014472245028162357,0,0,0,0,0,0,0,0,0,0,0,0,0,0,0,0,0,0,0,0,0,0,0,0,0,0,0,0,0,0,0,0,0,0,0,0,0,0,0,0,0,0,0,0,0,0,0,0,0,0,0,0,0,0,0,0,0,0,0,0,0,0,0,0,0,0,0,0,0,0,0,0,0,0,0,0,0,0,0,0,0,0,0,0,0,0,0,0,0,0,0,0,0,0,0,0,0,0,0,0,0,0.02520152199253079,0,0,0,0
Gemella_SGB7284,0,0,0,0,0,0,0,0,0,0,0,0,0,0,0,0,0,0,0,0,0,0.001307820360841175,0,0,0,0,0,0,0,0,0,0,0,0,0,0,0,0,0,0,0,0,0,0,0,0,0,0,0,0,0,0,0,0,0,0,0,0,0,0,0,0,0,0,0,0,0,0,0,0,0,0,0,0,0,0,0,0,0,0,0,0,0,0,0,0,0,0,0,0,0,0,0,0,0,0,0,0.01624840162484016,0,0,0,0,0,0,0,0.005204075212214388,0,0,0,0,0,0,0,0,0,0,0,0,0,0,0,0,0,0,0,0,0,0
Eikenella_corrodens,0,0,0,0,0,0,0,0,0,0,0,0,0,0,0,0,0,0,0,0,0,7.364043944939795e-4,0,0.0016555001655500165,0,0,0,0,0,0,0,0,0,0,0,0,0,0,0,0,0,0,0,0,0,0,0,0,0,0,0,0,0,0,0,0,0,0,0,0,0,0,0,0,0,0,0,0,0,0,0,0,0,0,0,0,0,0,0,0,0,0,0,0,0,0,0,0,0,0,0,0,0,0,0,0,0,0,0,0,0,0,0,0,0,0,0,0,0,0,0,0,0,0,0,0,0,0,0,0,0,0,0,0.0019761334242472004,0,0,0,0
Leptotrichia_sp_oral_taxon_212,0,0,0,0,0,0,0,0,0,0,0,0,0,0,0,0,0,0,0,0,0,7.006468291752321e-4,0,0,0,0,0,0,0,0,0,0,0,0,0,0,0,0,0,0,0,0,0,0,0,0,0,0,0,0,0,0,0,0,0,0,0,0,0,0,0,0,0,0,0,0,0,0,0,0,0,0,0,0,0,0,0,0,0,0,0,0,0,0,0,0,0,0,0,0,0,0,0,0,0,0,0,0,0,0,0,0,0,0,0,0.0011498634063026717,0,0,0,0,0,0,0,0,0,0,0,0,0,0,0,0.0012710897052042717,0,0,0,0,0,0
Schaalia_georgiae,0,0,0,0,0,0,0,0,0,0,0,0,0,0,0,0,0,0,0,0,2.5517298176433803e-5,6.033459612937954e-4,0,0,0,0,0,0,0,0,0,0,0,0,0,0,0,0,0,0,0,0,0,0,0,0,0,0,0,0,0,0,0,0,0,0,0,0,0,0,0,0,0,0,0,0,0,0,0,0,0,0,0,0,0,0,0,0,0,0,0,0,0,0,0,0,0,0,0,0,0,0,0,0,0,0,0,0,0,0,0,0,0,0,0,0,0,0,0,0,0,0,0,0,0,0,0,0,0,0,0,0,0,0,0,0,0,0
Leptotrichia_hongkongensis,0,0,0,0,0,0,0,0,0,0,0,0,0,0,0,0,0,0,0,0,0,4.1962258343070975e-4,0,0,0,0,0,0,0,0,0,0,0,0,0,0,0,0,0,0,0,0,0,0,0,0,0,0,0,0,0,0,0,0,0,0,0,0,0,0,0,0,0,0,0,0,0,0,0,0,0,0,0,0,0,0,0,0,0,0,0,0,0,0,0,0,0,0,0,0,0,0,0,0,0,0,0,0,0,0,0,0,0,0,0,0,0,0,0,0,0,0,0,0,0,0,0,0,0,0,0,0.0017485990739861284,0,0,0,0,0,0
Prevotella_maculosa,0,0,0,0,0,0,0,0,0,0,0,0,0,0,0,0,0,0,0,0,0,3.6039596819853085e-4,0,0,0,0,0,0,0,0,0,0,0,0,0,0,0,0,0,0,0,0,0,0,0,0,0,0,0,0,0,0,0,0,0,0,0,0,0,0,0,0,0,0,0,0,0,0,0,0,0,0,0,0,0,0,0,0,0,0,0,0,0,0,0,0,0,0,0,0,0,0,0,0.004038000807600161,0,0,0,0,0,0,0,0,0,0,0,0,0,0,0,0,0,0,0,0,0,0,0,0,0,0,0,0,0,0,0,0,0,0
SR1_bacterium_human_oral_taxon_HOT_345,0,0,0,0,0,0,0,0,0,0,0,0,0,0,0,0,0,0,0,0,0,3.255449327047657e-4,0,0,0,0,0,0,0,0,0,0,0,0,0,0,0,0,0,0,0,0,0,0,0,0,0,0,0,0,0,0,0,0,0,0,0,0,0,0,0,0,0,0,0,0,0,0,0,0,0,0,0,0,0,0,0,0,0,0,0,0,0,0,0,0,0,0,0,0,0,0,0,0,0,0,0,0,0,0,0,0,0,0,0,0,0,0,0,0.010569,0,0,0,0,0,0,0,0,0,0,0,0,0,0.0027553349386542107,0,0,0,0
Pauljensenia_hongkongensis,0,0,0,0,0,0,0,0,0,0,0,0,0,0,0,0,0,0,0,0,0,4.2506176238060376e-5,0,0,0,0,0,0,0,0,0,0,0,0,0,0,0,0,0,0,0,0,0,0,0,0,0,0,0,0,0,0,0,0,0,0,0,0,0,0,0,0,0,0,0,0,0,0,0,0,0,0,0,0,0,0,0,0,0,0,0,0,0,0,0,0,0,0,0,0,0,0,0,0,0,0,0,0,0,0,0,0,5.06531748907891e-4,0,9.6059249344996e-6,4.3680040366103075e-4,0,0,0,0,0,0,0,0,0,0,0,0,0,0,0,0,0,0,0,0,0,0
Campylobacter_SGB96342,0,0,0,0,0,0,0,0,0,0,0,0,0,0,0,0,0,0,0,0,0,3.6361918535402354e-5,0,0,0,0,0,0,0,0,0,0,0,0,0,0,0,0,0,0,0,0,0,0,0,0,0,0,0,0,0,0,0,0,0,0,0,0,0,0,0,0,0,0,0,0,0,0,0,0,0,0,0,0,0,0,0,0,0,0,0,0,0,0,0,0,0,0,0,0,0,0,0,0,0,0,0,0,0,0,0,0,0,0,0,3.661920938519989e-5,0,0,0,0,0,0,0,0,0,0,0,0,0,0,0,0,0,0,0,0,0,0
Candidatus_Saccharibacteria_unclassified_SGB19905,0,0,0,0,0,0,0,0,0,0,0,0,0,0,0,0,0,0,0,0,1.0607190614517582e-5,3.233289709103645e-5,0,0,0,0,0,0,0,0,0,0,0,0,0,0,0,0,0,0,0,0,0,0,0,0,0,0,0,0,0,0,0,0,0,0,0,0,0,0,0,0,0,0,0,0,0,0,0,0,0,0,0,0,0,0,0,0,0,0,0,0,0,0,0,0,0,0,0,0,0,0,0,0,0,0,0,0,0,0,0,0,0,0,0,0,0,0,0,0,0,0,0,0,0,0,0,0,0,0,0,0,0,3.1258665403537046e-4,0,0,0,0
Moraxella_catarrhalis,0,0,0,0,0,0,0,0,0,0,0,0,0,0,0,0,0,0,0,0,0,0,0,0.9466043946604394,0,0,0,0,0,0,0,0,0,0,0,0,0,0,0,0,0,0,0,0,0,0,0,0,0,0,0,0,0,0,0,0,0,0,0,0,0,0,0,0,0,0,0,0,0,0,0,0,0,0,0,0,0,0,0,0,0,0,0,0,0,0,0,0,0,0,0,0,0,0,0,0,0,0,0,0,0,0,0,0,0,0,0,0,0,0,0,0,0,0,0,1,0,0,0,1,0,0,0,0,0,0,0,0
Dolosigranulum_pigrum,0,0,0,0,0,0,0,0,0,0,0,0,0,0,0,0,0,0,0,0,0,0,0,8.00000080000008e-4,0,0,0,0,0,0,0,0,0,0,0,0,0,0,0,0,0,0,0,0,0,0,0,0,0,0,0,0,0,0,0,0,0,0,0,0,0,0,0,0,0,0,0,0,0,0,0,0,0,0,0,0,0,0,0,0,0,0,0,0,0,0,0,0,0,0,0,0,0,0,0,0,0,0,0,0,0,0,0,0,0,0,0,0,0,0,0,0,0,0,0,0,0,0.36118013419074196,0,0,0,0,0,0,0,0,0,0
Tyzzerella_SGB4587,0,0,0,0,0,0,0,0,0,0,0,0,0,0,0,0,0,0,0,0,0.03608956511619227,0,0,0,0,0,0,0,0,0,0,0,0,0,0,0,0,0,0,0,0,0,0,0,0,0,0,0,0,0,0,0,0,0,0,0,0,0,0,0,0,0,0,0,0,0,0,0,0,0,0,0,0,0,0,0,0,0,0,0,0,0,0,0,0,0,0,0,0,0,0,0,0,0,0,0,0,0,0,0,0,0,0,0,0.004040892422446165,0,0,0,0,0,0,0,0,0,0,0,0,0,0,0,0,0,0,0,0,0,0,0
Lachnospiraceae_unclassified_SGB4550,0,0,0,0,0,0,0,0,0,0,0,0,0,0,0,0,0,0,0,0,0.02651457422987043,0,0,0,0,0,0,0,0,0,0,0,0,0,0,0,0,0,0,0,0,0,0,0,0,0,0,0,0,0,0,0,0,0,0,0,0,0,0,0,0,0,0,0,0,0,0,0,0,0,0,0,0,0,0,0,0,0,0,0,0,0,0,0,0,0,0,0,0,0,0.0012913306316508129,0,0,0,0,0,0,0,0,0,0,0,0,0,0,0,0,0,0,0,0,0,0,0,0,0,0,0,0,0,4.0832637788401133e-4,0,0,0,0,0,0,0
GGB79118_SGB105839,0,0,0,0,0,0,0,0,0,0,0,0,0,0,0,0,0,0,0,0,6.766587069374329e-4,0,0,0,0,0,0,0,0,0,0,0,0,0,0,0,0,0,0,0,0,0,0,0,0,0,0,0,0,0,0,0,0,0,0,0,0,0,0,0,0,0,0,0,0,0,0,0,0,0,0,0,0,0,0,0,0,0,1.5013040326827883e-6,0,0,0,0,0,0,0,0,0,0,0,0,0,0,0,0,0,0,0,0,0,0,0,0,0,0,0,0,0,0,0,0,0,0,0,0,0,0,0,0,0,0,0,0,0,0,0,0,0
Peptoniphilus_harei,0,0,0,0,0,0,0,0,0,0,0,0,0,0,0,0,0,0,0,0,3.9196571355722045e-4,0,0,0,0,0,0,0,0,0,0,0,0,0,0,0,0,0,0,0,0,0,0,0,0,0,0,0,0,0,0,0,0,0,0,0,0,0,0,0,0,0,0,0,0,0,0,0,0,0,0,0,0,0,0,0,0,0,0,0,0,0,0,0,0,0,0,0,0,0,0,0,0,0,0,0,0,0,0,0,0,0,0,0,0,0,0,0,0,0,0,0,0,0,0,0,0,0,0,0,0,0,0,0,0.017730145989264506,0,0,0
Desulfovibrio_desulfuricans,0,0,0,0,0,0,0,0,0,0,0,0,0,0,0,0,0,0,0,0,3.3622792891301014e-5,0,0,0,0,0,0,0,0,0,0,0,0,0,0,0,0,0,0,0,0,0,0,0,0,0,0,0,0,0,0,0,0,0,0,0,0,0,0,0,0,0,0,0,0,0,0,0,0,0,0,0,0,0,0,0,0,0,0,0,0,0,0,0,0,0,0,0,0,0,0,0,0,0,0,0,0,0,0,0,0,0,0,0,0,0,0,0,0,0,0,0,0,0,0,0,0.001165496264524901,0,0,0,0,0,0,0,0,0,0,0
Finegoldia_magna,0,0,0,0,0,0,0,0,0,0,0,0,0,0,0,0,0,0,0,0,7.605155534937134e-6,0,0,0,0,0,0,0,0,0,0,0,0,0,0,0,0,0,0,0,0,0,0,0,0,0,0,0,0,0,0,0,0,0,0,0,0,0,0,0,0,0,0,0,0,0,0,0,0,0,0,0,0,0,0,0,0,0,0,0,0,0,0,0,0,0,0,0,0,0,0,0,0,0,0,0,0,0,0,0,0,0,0,0,4.132548956196182e-5,0,1.600000160000016e-5,0,0,0,0,0,0,0,0,0,0,0,0,0,0,0,0,0,0,0,0,0
Clostridium_butyricum,0,0,0,0,0,0,0,0,0,0,0,0,0,0,0,0,0,0,0,0,0,0,0.0036616945470525227,0,0,0,0,0,0,0,0,0,0,0,0,0,0,0,0,0,0,0,0,0,0,0,0,0,0,0,0,0,0,0,0,0,0,0,0,0,0,0,0,0,0,0,0,0,0,0,0,0,0,0,0,0,0,0,0,0,0,0,0,0,0,0,0,0,0,0,0,0,0,0,0,0,0,0,0,0,0,0,0,0,0,0,0,0,5.495981288845639e-4,0,0,0,0,0,0,0,0,0,0,0,0,0,0,0,0,0,0,0
Faecalibacterium_sp_HTFF,0,0,0,0,0,0,0,0,0,0,0,0,0,0,0,0,0,0,0,0,0,0,0.0028610268832772287,0,0,0,0,0,0,0,0,0,0,0,0,0,0,0,0,0,0,0,0,0,0,0,0,0,0,0,0,0,0,0,0,0,0,0,0,0,0,0,0,0,0,0,0,0,0,0,0,0,0,0,0,0,0,0,0,0,0,0,0,0,0,0,0,0,0,0,0,0,0,0,0,0,0,0,0,0,0,0,0,0,0,0,0,0,0,0,0,0,0,0,4.276177397699813e-4,0,0,0,0,0,0,0,0,0,0,0,0,0
Bifidobacterium_catenulatum,0,0,0,0,0,0,0,0,0,0,0,0,0,0,0,0,0,0,0,0,0,0,0.0028499247223021523,0,0,0,0,0,0,0,0,0,0,0,0,0,0,0,0,0,0,0,0,0,0,0,0,0,0,0,0,0,0,0,0,0,0,0,0,0,0,0,0,0,0,0,0,0,0,0,0,0,0,0,0,0,0,0,0,0,5.044001008800202e-4,0,0,0,0,0,0,0,0,0,0,0,0,0,0,0,0,0,0,0,0,0,0,0,0,0,0,0,0,0,0,0,0,0,0,0,0,0,0,0,0,0,0,0,0,0,0.008195296010359692,0
Clostridium_SGB47280,0,0,0,0,0,0,0,0,0,0,0,0,0,0,0,0,0,0,0,0,0,0,1.374649386186752e-4,0,0,0,0,0,0,0,0,0,0,0,0,0,0,0,0,0,0,0,0,0,0,0,0,0,0,0,0,0,0,0,0,0,0,0,0,0,0,0,0,0,0,0,0,0,0,0,0,0,0,0,0,0,0,0,0,0,0,0,0,0,0,0,0,0,0,0,0,0,8.103563746004716e-5,0,0,0,0,0,0,0,0,0,0,0,0,0,0,0,0,0,0,0,0,0,0,0,0,0,0,0,0,0,0,0,0.0028545728494929748,0,0,0
Morganella_morganii,0,0,0,0,0,0,0,0,0,0,0,0,0,0,0,0,0,0,0,0,0,0,0,0,0.0025661440879085856,0,0,0,0,0,0,0,0,0,0,0,0,0,0,0,0,0,0,0,0,0,0,0,0,0,0,0,0,0,0,0,0,0,0,0,0,0,0,0,0,0,0,0,0,0,0,0,0,0,0,0,0,0,0,0,0,0,0,0,0,0,0,0,0,0,0,0,0,0,0,0,0,0,0,0,0,0,0,0,0,0,0,0,0,0,0,0,0,0,0,0,0,0,0,0,0,0,0,0,6.292709838518521e-4,0,0,0
Mycobacteroides_abscessus,0,0,0,0,0,0,0,0,0,0,0,0,0,0,0,0,0,0,0,0,0,0,0,0,0,0,0,0,0,0,0,0,0,0,0,0,0,0,0,0,0,0,0,0,0,0,0,0,0,0,0,0,0,0,0,0,0,0,0,0,0,0,0,0,0,0,0,0,0,0,0,0,0,0,0,0,0,0,0,0,0,0,0,0,0,0,0,0,0,0,0,0,0.00212494567843992,0.24540744908148981,0,0,0,0,0,0,0,0,0,0,0,0,0,0,0,0,0,0,0,0,0,0,0,0,0,0,0,0,0,0,0,0,0,0
Prevotella_oralis,0,0,0,0,0,0,0,0,0,0,0,0,0,0,0,0,0,0,0,0,0,0,0,0,0,0,0,0,0,0,0,0,0,0,0,0,0,0,0,0,0,0,0,0,0,0,0,0,0,0,0,0,0,0,0,0,0,0,0,0,0,0,0,0,0,0,0,0,0,0,0,0,0,0,0,0,0,0,0,0,0,0,0,0,0,0,0,0,0,0,0,0,0,0.017542803508560703,0,0,0,0,0,0,0,0,0,0,0,0,0,0,0,0,4.065803053795625e-4,0,0,0,0,0,0,0,0,0,0,0,0,0,0,0,0,0
GGB36599_SGB9269,0,0,0,0,0,0,0,0,0,0,0,0,0,0,0,0,0,0,0,0,0,0,0,0,0,0,0,0,0,0,0,0,0,0,0,0,0,0,0,0,0,0,0,0,0,0,0,0,0,0,0,0,0,0,0,0,0,0,0,0,0,0,0,0,0,0,0,0,0,0,0,0,0,0,0,0,0,0,0,0,0,0,0,0,0,0,0,0,0,0,0,0,0,0,2.0584443872765688e-4,0,0,0,0,0,0,0,0,0,0,0,0,0,0,0,3.3613472595606846e-4,0,0,0,0,0,0,0,0,0,0,0,0,0,0,0,0,0
Streptococcus_pyogenes,0,0,0,0,0,0,0,0,0,0,0,0,0,0,0,0,0,0,0,0,0,0,0,0,0,0,0,0,0,0,0,0,0,0,0,0,0,0,0,0,0,0,0,0,0,0,0,0,0,0,0,0,0,0,0,0,0,0,0,0,0,0,0,0,0,0,0,0,0,0,0,0,0,0,0,0,0,0,0,0,0,0,0,0,0,0,0,0,0,0,0,0,0,0,0,0,3.171000634200127e-4,0.13205021320502133,0,0,0,0,0,0,0,0,0,0,0,0,0,0,0,0,0,0,0,0,0,0,0,0,0,0,0,0,0,0
Erysipelatoclostridium_SGB66626,0,0,0,0,0,0,0,0,0,0,0,0,0,0,0,0,0,0,0,0,0,0,0,0,0,0,0,0,0,0,0,0,0,0,0,0,0,0,0,0,0,0,0,0,0,0,0,0,0,0,0,0,0,0,0,0,0,0,0,0,0,0,0,0,0,0,0,0,0,0,0,0,0,0,0,0,0,0,0,0,0,0,0,0,0,0,0,0,0,0,0,0,0,0,0,0,0.004920000984000197,0,1.2770003831001148e-4,0,0,0,0,0,0,0,0,0,0,0,0,0.0012657597139629174,0,0,0,0,0,0,0,0,0,0,0,0,0,0,0.002445421073497137,0
Erysipelotrichaceae_bacterium_LH1062,0,0,0,0,0,0,0,0,0,0,0,0,0,0,0,0,0,0,0,0,0,0,0,0,0,0,0,0,0,0,0,0,0,0,0,0,0,0,0,0,0,0,0,0,0,0,0,0,0,0,0,0,0,0,0,0,0,0,0,0,0,0,0,0,0,0,0,0,0,0,0,0,0,0,0,0,0,0,0,0,0,0,0,0,0,0,0,0,0,0,0,0,0,0,0,0,3.627000725400145e-4,0,8.020002406000721e-5,0,0,0,0,0,0,0,0,0,0,0,0,0,0,0,0,0,0,0,0,0,0,0,0,0,0,0,0,0
Veillonella_ratti,0,0,0,0,0,0,0,0,0,0,0,0,0,0,0,0,0,0,0,0,0,0,0,0,0,0,0,0,0,0,0,0,0,0,0,0,0,0,0,0,0,0,0,0,0,0,0,0,0,0,0,0,0,0,0,0,0,0,0,0,0,0,0,0,0,0,0,0,0,0,0,0,0,0,0,0,0,0,0.06028526378011941,0,0,0,0,0,0,0,0,0,0,0,0,0,0,0,0,0,1.1330002266000453e-4,0,0,0,0,0,0,0,0,0,0,0,0,0,0,0,0,0,0,0,0,0,0,0,0,0,0,0,0,0,0,0
GGB3600_SGB47662,0,0,0,0,0,0,0,0,0,0,0,0,0,0,0,0,0,0,0,0,0,0,0,0,0,0,0,0,0,0,0,0,0,0,0,0,0,0,0,0,0,0,0,0,0,0,0,0,0,0,0,0,0,0,0,0,0,0,0,0,0,0,0,0,0,0,0,0,0,0,0,0,0,0,0,0,0,0,2.6002585846065894e-4,0,0,0,0,0,0,0,0,0,0,0,0,0,0,0,0,0,1.0990002198000439e-4,0,0.001976800593040178,0,0,0,0,0,0,0,0,0,0,0,0,0,0,0,0,0,0,0,0,0,0,0,0,0,0,0,0,0
Amedibacterium_intestinale,0,0,0,0,0,0,0,0,0,0,0,0,0,0,0,0,0,0,0,0,0,0,0,0,0,0,0,0,0,0,0,0,0,0,0,0,0,0,0,0,0,0,0,0,0,0,0,0,0,0,0,0,0,0,0,0,0,0,0,0,0,0,0,0,0,0,0,0,0,0,0,0,0,0,0,0,0,0,8.800644239586505e-4,0,0,0,0,0,0,0,0,0,0,0,0,0,0,0,0,0,0,0,1.8710005613001683e-4,0,0,0,0,0,0,0,0,0,0,0,0,0,0,0,0,0,0,0,0,0,0,0,0,0,0,0,0,0
GGB3003_SGB3994,0,0,0,0,0,0,0,0,0,0,0,0,0,0,0,0,0,0,0,0,0,0,0,0,0,0,0,0,0,0,0,0,0,0,0,0,0,0,0,0,0,0,0,0,0,0,0,0,0,0,0,0,0,0,0,0,0,0,0,0,0,0,0,0,0,0,0,0,0,0,0,0,0,0,0,0,0,0,0,0,0,0,0,0,0,0,0,0,0,0,0,0,0,0,0,0,0,0,5.630001689000507e-5,0,0,0,0,0,0,0,0,0,0,0,0,0,0,0,0.0010514271391722574,0,0,0,0,0,0,0,0,0,0,0,0,0
GGB9832_SGB15478,0,0,0,0,0,0,0,0,0,0,0,0,0,0,0,0,0,0,0,0,0,0,0,0,0,0,0,0,0,0,0,0,0,0,0,0,0,0,0,0,0,0,0,0,0,0,0,0,0,0,0,0,0,0,0,0,0,0,0,0,0,0,0,0,0,0,0,0,0,0,0,0,0,0,0,0,0,0,0,0,0,0,0,0,0,0,0,0,0,0,0,0,0,0,0,0,0,0,2.3600007080002123e-5,0,0,0,0,0,0,0,0,0,0,0,0,0,0,0,0,0,9.486364664868512e-4,0,0,0,0,0,0,0,0,0,0,0
Actinomyces_dentalis,0,0,0,0,0,0,0,0,0,0,0,0,0,0,0,0,0,0,0,0,0,0,0,0,0,0,0,0,0,0,0,0,0,0,0,0,0,0,0,0,0,0,0,0,0,0,0,0,0,0,0,0,0,0,0,0,0,0,0,0,0,0,0,0,0,0,0,0,0,0,0,0,0,0,0,0,0,0,0,0,0,0,0,0,0,0,0,0.0020193975027191125,0,0,0,0,0,0,0,0,0,0,0,0,0,1.5413246029613836e-4,0,0,0,0,0,0,0,0,0,0,0,0,0,0,0,0,0,0,0,0,0,0,0,0,0,0
GGB4533_SGB6245,0,0,0,0,0,0,0,0,0,0,0,0,0,0,0,0,0,0,0,0,0,0,0,0,0,0,0,0,0,0,0,0,0,0,0,0,0,0,0,0,0,0,0,0,0,0,0,0,0,0,0,0,0,0,0,0,0,0,0,0,0,0,0,0,0,0,0,0,0,0,0,0,0,0,0,0,0,0,0,0,0,0,0,0,0,0,0,0,0,0,0,0,0,0,0,0,0,0,0,0,0,0,0,0,0,6.407350062040225e-4,0,0,0,0,0,0,0,0,0,0,0,0,0,0,0,0,0,0.0015024598157055672,0,0,0,0
GGB1844_SGB2532,0,0,0,0,0,0,0,0,0,0,0,0,0,0,0,0,0,0,0,0,0,0,0,0,0,0,0,0,0,0,0,0,0,0,0,0,0,0,0,0,0,0,0,0,0,0,0,0,0,0,0,0,0,0,0,0,0,0,0,0,0,0,0,0,0,0,0,0,0,0,0,0,0,0,0,0,0,0,0,0,0,0,0,0,0,0,0,0,0,0,0,0,0,0,0,0,0,0,0,0,0,0,0,0,0,5.158048305390449e-4,0,0,0,0.0089121,0,0,0,0,0,0,0,0,0,0,0,0,0,0.008965136948142854,0,0,0,0
Capnocytophaga_granulosa,0,0,0,0,0,0,0,0,0,0,0,0,0,0,0,0,0,0,0,0,0,0,0,0,0,0,0,0,0,0,0,0,0,0,0,0,0,0,0,0,0,0,0,0,0,0,0,0,0,0,0,0,0,0,0,0,0,0,0,0,0,0,0,0,0,0,0,0,0,0,0,0,0,0,0,0,0,0,0,0,0,0,0,0,0,0,0,0,0,0,0,0,0,0,0,0,0,0,0,0,0,0,0,0,0,2.0089986143372095e-4,0,0,0,0.0039844,0,0,0,0,0,0,0,0,0,0,0,0,0,0,0,0,0,0
GGB3385_SGB4471,0,0,0,0,0,0,0,0,0,0,0,0,0,0,0,0,0,0,0,0,0,0,0,0,0,0,0,0,0,0,0,0,0,0,0,0,0,0,0,0,0,0,0,0,0,0,0,0,0,0,0,0,0,0,0,0,0,0,0,0,0,0,0,0,0,0,0,0,0,0,0,0,0,0,0,0,0,0,0,0,0,0,0,0,0,0,0,0,0,0,0,0,0,0,0,0,0,0,0,0,0,0,0,0,0,1.628644395308614e-4,0,0,0,0.0020188,0,0,0,0,0,0,0,0,0,0,0,0,0,0.001777013513183213,0,0,0,0
Prevotella_SGB1459,0,0,0,0,0,0,0,0,0,0,0,0,0,0,0,0,0,0,0,0,0,0,0,0,0,0,0,0,0,0,0,0,0,0,0,0,0,0,0,0,0,0,0,0,0,0,0,0,0,0,0,0,0,0,0,0,0,0,0,0,0,0,0,0,0,0,0,0,0,0,0,0,0,0,0,0,0,0,0,0,0,0,0,0,0,0,0,0,0,0,0,0,0,0,0,0,0,0,0,0,0,0,0,0,0,1.4010388121133107e-4,0,0,0,0.0024068,0,0,0,0,0,0,0,0,0,0,0,0,0,0,0,0,0,0
GGB18703_SGB19792,0,0,0,0,0,0,0,0,0,0,0,0,0,0,0,0,0,0,0,0,0,0,0,0,0,0,0,0,0,0,0,0,0,0,0,0,0,0,0,0,0,0,0,0,0,0,0,0,0,0,0,0,0,0,0,0,0,0,0,0,0,0,0,0,0,0,0,0,0,0,0,0,0,0,0,0,0,0,0,0,0,0,0,0,0,0,0,0.0038234673161184583,0,0,0,0,0,0,0,0,0,0,0,0,0,0,0,0,0,1.1602826841111679e-4,0,0,0,0,0,0,0,0,0,0,0,0,0,0,0,0,0,0,0,0,0,0
GGB3363_SGB4448,0,0,0,0,0,0,0,0,0,0,0,0,0,0,0,0,0,0,0,0,0,0,0,0,0,0,0,0,0,0,0,0,0,0,0,0,0,0,0,0,0,0,0,0,0,0,0,0,0,0,0,0,0,0,0,0,0,0,0,0,0,0,0,0,0,0,0,0,0,0,0,0,0,0,0,0,0,0,0,0,0,0,0,0,0,0,0,0,0,0,0.0020822718937602257,0,0,0,0,0,0,0,0,0,0,0,0,0,4.6888921086526167e-4,0,0,0,0,0,0,0,0,0,0,0,0,0,0,0,0,0,0,0,0,0,0,0
GGB9790_SGB15413,0,0,0,0,0,0,0,0,0,0,0,0,0,0,0,0,0,0,0,0,0,0,0,0,0,0,0,0,0,0,0,0,0,0,0,0,0,0,0,0,0,0,0,0,0,0,0,0,0,0,0,0,0,0,0,0,0,0,0,0,0,0,0,0,0,0,0,0,0,0,0,0,0,0,0,0,0,0,0,0,0,0,0,0,1.403340772408377e-4,0,0,0,0,0,0,0,0,0,0,0,0,0,0,0,0,0,0,0,2.612611458747756e-4,0,0,0,0,0,0,0,0,0,0,0,0,0,0,0,0,0,0,0,0,0,0,0
GGB3576_SGB4784,0,0,0,0,0,0,0,0,0,0,0,0,0,0,0,0,0,0,0,0,0,0,0,0,0,0,0,0,0,0,0,0,0,0,0,0,0,0,0,0,0,0,0,0,0,0,0,0,0,0,0,0,0,0,0,0,0,0,0,0,0,0,0,0,0,0,0,0,0,0,0,0,0,0,0,0,0,0,0,0,0,0,0,0,0,0,0,0,0,0,0,0,0,0,0,0,0,0,0,0,0,0,0,0,1.1206912423582866e-5,0,0,0,0,0,0,0,0,0,0,0,0,0,0,0,0,0,0,0,8.482829462150723e-4,0,0,0
Enterobacter_ludwigii,0,0,0,0,0,0,0,0,0,0,0,0,0,0,0,0,0,0,0,0,0,0,0,0,0,0,0,0,0,0,0,0,0,0,0,0,0,0,0,0,0,0,0,0,0,0,0,0,0,0,0,0,0,0,0,0,0,0,0,0,0,0,0,0,0,0,0,0,0,0,0,0,0,0,0,0,0,0,0,0,0,0,0,0,0,0,1.9900003980000795e-4,0,0,0,0,0,0,0,0,0,0,0,0,0,0,0,0,0,0,0,0,0,0,0,0.017759472273540994,0,0,0,0,0,0,0,0,0,0,0,0,0,0,0,0,0
Ruminococcus_SGB4421,0,0,0,0,0,0,0,0,0,0,0,0,0,0,0,0,0,0,0,0,0,0,0,0,0,0,0,0,0,0,0,0,0,0,0,0,0,0,0,0,0,0,0,0,0,0,0,0,0,0,0,0,0,0,0,0,0,0,0,0,0,0,0,0,0,0,0,0,0,0,0,0,0,0,0,0,0,0,0,0,0,0,0,0,0,0,0.001152700230540046,0,0,0,0,0,0,0,0,0,0,0,0,0,0,0,0,0,0,0,0,0,0,0,0,0,0,0,0.0038539649383482724,0,0,0,0,0,0,0,0,0,0,0,0,0
GGB9818_SGB15459,0,0,0,0,0,0,0,0,0,0,0,0,0,0,0,0,0,0,0,0,0,0,0,0,0,0,0,0,0,0,0,0,0,0,0,0,0,0,0,0,0,0,0,0,0,0,0,0,0,0,0,0,0,0,0,0,0,0,0,0,0,0,0,0,0,0,0,0,0,0,0,0,0,0,0,0,0,0,0,0,0,0,0,0,0,0,1.0560002112000423e-4,0,0,0,0,0,0,0,0,0,0,0,0,0,0,0,0,0,0,0,0,0,0,0,0,0,0,0,0,0,0,0,4.820207268912563e-5,0,0,0,0,0,0,0,0,0
Candidatus_Nanogingivalis_gingivitcus,0,0,0,0,0,0,0,0,0,0,0,0,0,0,0,0,0,0,0,0,0,0,0,0,0,0,0,0,0,0,0,0,0,0,0,0,0,0,0,0,0,0,0,0,0,0,0,0,0,0,0,0,0,0,0,0,0,0,0,0,0,0,0,0,0,0,0,0,0,0,0,0,0,0,0,0,0,0,0,0,0,0,0.0025769002576900256,0,0,0,0,0,0,0,0,0,0,0,0,0,0,0,0,0,0,0,0,0,0,0,0,0,0,0,0,0,0,0,0,0,0,0,0,0,0,0,0,7.691928416286618e-4,0,0,0,0
Candidatus_Nanosynbacter_lyticus,0,0,0,0,0,0,0,0,0,0,0,0,0,0,0,0,0,0,0,0,0,0,0,0,0,0,0,0,0,0,0,0,0,0,0,0,0,0,0,0,0,0,0,0,0,0,0,0,0,0,0,0,0,0,0,0,0,0,0,0,0,0,0,0,0,0,0,0,0,0,0,0,0,0,0,0,0,0,0,0,0,0,0,0,0,0,0,7.51145429239539e-4,0,0,0,0,0,0,0,0,0,0,0,0,0,0,0,0,0,0,0,0,0,0,0,0,0,0,0,0,0,0,0,0,0,0,0,0,7.6178073865467916e-06,0,0,0
GGB12788_SGB19833,0,0,0,0,0,0,0,0,0,0,0,0,0,0,0,0,0,0,0,0,0,0,0,0,0,0,0,0,0,0,0,0,0,0,0,0,0,0,0,0,0,0,0,0,0,0,0,0,0,0,0,0,0,0,0,0,0,0,0,0,0,0,0,0,0,0,0,0,0,0,0,0,0,0,0,0,0,0,0,0,0,0,0,0,0,0.007799698440060312,0,0,4.8508275511802314e-5,0.010830801083080108,0,0,0,0,0,0,0,0,0,0,0,0,0,0,0,0,0,0,0,0,0,0,0,0,0,0,0,0,0,0,0,0,0,0,0,0,0,0
Megasphaera_SGB5856,0,0,0,0,0,0,0,0,0,0,0,0,0,0,0,0,0,0,0,0,0,0,0,0,0,0,0,0,0,0,0,0,0,0,0,0,0,0,0,0,0,0,0,0,0,0,0,0,0,0,0,0,0,0,0,0,0,0,0,0,0,0,0,0,0,0,0,0,0,0,0,0,0,0,0,0,0,0,0,0,0,0,0,0,0.03798215423326108,0,0.009148301829660366,0,0,0,0,0,0,0,0,0,0,0,0,0,0,0,0,0,0,0,0,0,0,0,0,0,0,0,0,0,0,0,0,0,0,0,0,0,0,0,0,0
Segatella_hominis,0,0,0,0,0,0,0,0,0,0,0,0,0,0,0,0,0,0,0,0,0,0,0,0,0,0,0,0,0,0,0,0,0,0,0,0,0,0,0,0,0,0,0,0,0,0,0,0,0,0,0,0,0,0,0,0,0,0,0,0,0,0,0,0,0,0,0,0,0,0,0,0,0,0,0,0,0,0,0,0,0,0,0,0,1.3502522207041345e-4,0,4.306000861200172e-4,0,0,0,0,0,0,0,0,0,0,0,0,0,0,0,0,0,0,0,0,0,0,0,0,0,0,0,0,0,0,0,0,0,0,0,0,0,0,0,0,0
