SampleID,SampleType,Time,Rank,Taxon,Relative_abundance_percent,FeatureID,PatientID,TimeMonths,Sex,Age,AgeGroup,Mutation1,Mutation2,MutationGroup,ppFEV1,ppFEVGroup_4,ppFEVGroup_2,mCFTR,mCFTRGroup
A1E0,sputum,T0,Phylum,UNCLASSIFIED,9.19521150933355,UNCLASSIFIED,A1,0,male,30,adult,F508del,3849+10kbC>T,Heterozygous,84,Mild,Normal-Mild,yes,teziva
A1E12,sputum,T12,Phylum,UNCLASSIFIED,2.9560786691691545,UNCLASSIFIED,A1,12,male,30,adult,F508del,3849+10kbC>T,Heterozygous,77,Mild,Normal-Mild,yes,teziva
A3E0,sputum,T0,Phylum,UNCLASSIFIED,3.565690713138143,UNCLASSIFIED,A3,0,male,38,adult,F508del,F508del,Homozygous,81,Mild,Normal-Mild,yes,teziva
A3E12,sputum,T12,Phylum,UNCLASSIFIED,25.743506318574404,UNCLASSIFIED,A3,12,male,38,adult,F508del,F508del,Homozygous,89,Mild,Normal-Mild,yes,teziva
A4E0,sputum,T0,Phylum,UNCLASSIFIED,4.789740478974048,UNCLASSIFIED,A4,0,female,66,adult,F508del,P205S,Heterozygous,32,Severe,Moderate-Severe,no,naive
A4E12,sputum,T12,Phylum,UNCLASSIFIED,9.773990000000001,UNCLASSIFIED,A4,12,female,66,adult,F508del,P205S,Heterozygous,39,Severe,Moderate-Severe,no,naive
A6E0,sputum,T0,Phylum,UNCLASSIFIED,5.919659408034059,UNCLASSIFIED,A6,0,male,46,adult,F508del,F508del,Homozygous,34,Severe,Moderate-Severe,yes,teziva
A6E12,sputum,T12,Phylum,UNCLASSIFIED,26.61358,UNCLASSIFIED,A6,12,male,46,adult,F508del,F508del,Homozygous,55,Moderate,Moderate-Severe,yes,teziva
A7E0,sputum,T0,Phylum,UNCLASSIFIED,0.22383,UNCLASSIFIED,A7,0,female,50,adult,F508del,R334W,Heterozygous,43,Moderate,Moderate-Severe,no,naive
A7E12,sputum,T12,Phylum,UNCLASSIFIED,14.005701400570139,UNCLASSIFIED,A7,12,female,50,adult,F508del,R334W,Heterozygous,72,Mild,Normal-Mild,no,naive
A8E0,sputum,T0,Phylum,UNCLASSIFIED,21.53313532707445,UNCLASSIFIED,A8,0,male,19,adult,F508del,F508del,Homozygous,81,Mild,Normal-Mild,yes,teziva
A8E12,sputum,T12,Phylum,UNCLASSIFIED,0,UNCLASSIFIED,A8,12,male,19,adult,F508del,F508del,Homozygous,96,Normal,Normal-Mild,yes,teziva
A9E0,sputum,T0,Phylum,UNCLASSIFIED,14.742161474216148,UNCLASSIFIED,A9,0,male,26,adult,F508del,F508del,Homozygous,30,Severe,Moderate-Severe,yes,lumiva_teziva
A9E12,sputum,T12,Phylum,UNCLASSIFIED,0,UNCLASSIFIED,A9,12,male,26,adult,F508del,F508del,Homozygous,46,Moderate,Moderate-Severe,yes,lumiva_teziva
A10E0,sputum,T0,Phylum,UNCLASSIFIED,0,UNCLASSIFIED,A10,0,male,21,adult,F508del,F508del,Homozygous,48,Moderate,Moderate-Severe,yes,teziva
A10E12,sputum,T12,Phylum,UNCLASSIFIED,45.088210000000004,UNCLASSIFIED,A10,12,male,21,adult,F508del,F508del,Homozygous,82,Mild,Normal-Mild,yes,teziva
A13E0,sputum,T0,Phylum,UNCLASSIFIED,0,UNCLASSIFIED,A13,0,male,37,adult,F508del,F508del,Homozygous,83,Mild,Normal-Mild,yes,teziva
A13E12,sputum,T12,Phylum,UNCLASSIFIED,19.01199,UNCLASSIFIED,A13,12,male,37,adult,F508del,F508del,Homozygous,97,Normal,Normal-Mild,yes,teziva
A16E0,sputum,T0,Phylum,UNCLASSIFIED,0,UNCLASSIFIED,A16,0,male,46,adult,F508del,F508del,Homozygous,62,Moderate,Moderate-Severe,yes,teziva
A16E12,sputum,T12,Phylum,UNCLASSIFIED,0,UNCLASSIFIED,A16,12,male,46,adult,F508del,F508del,Homozygous,59,Moderate,Moderate-Severe,yes,teziva
A17E0,sputum,T0,Phylum,UNCLASSIFIED,2.4961207108437584,UNCLASSIFIED,A17,0,male,54,adult,F508del,N1303K,Heterozygous,52,Moderate,Moderate-Severe,no,naive
A17E12,sputum,T12,Phylum,UNCLASSIFIED,0,UNCLASSIFIED,A17,12,male,54,adult,F508del,N1303K,Heterozygous,66,Moderate,Moderate-Severe,no,naive
A19E0,sputum,T0,Phylum,UNCLASSIFIED,0.5086,UNCLASSIFIED,A19,0,female,48,adult,F508del,F508del,Homozygous,64,Moderate,Moderate-Severe,yes,teziva
A19E12,sputum,T12,Phylum,UNCLASSIFIED,15.665046542267818,UNCLASSIFIED,A19,12,female,48,adult,F508del,F508del,Homozygous,70,Mild,Normal-Mild,yes,teziva
A22E0,sputum,T0,Phylum,UNCLASSIFIED,13.91369860863014,UNCLASSIFIED,A22,0,male,56,adult,F508del,F508del,Homozygous,69,Moderate,Moderate-Severe,yes,teziva
A22E12,sputum,T12,Phylum,UNCLASSIFIED,14.858001232408585,UNCLASSIFIED,A22,12,male,56,adult,F508del,F508del,Homozygous,84,Mild,Normal-Mild,yes,teziva
A24E0,sputum,T0,Phylum,UNCLASSIFIED,30.137150000000002,UNCLASSIFIED,A24,0,female,63,adult,F508del,L206W,Heterozygous,43,Moderate,Moderate-Severe,yes,teziva
A24E12,sputum,T12,Phylum,UNCLASSIFIED,0,UNCLASSIFIED,A24,12,female,63,adult,F508del,L206W,Heterozygous,40,Moderate,Moderate-Severe,yes,teziva
A25E0,sputum,T0,Phylum,UNCLASSIFIED,3.8271997830110966,UNCLASSIFIED,A25,0,female,23,adult,F508del,H1194/V754M,Heterozygous,63,Moderate,Moderate-Severe,no,naive
A25E12,sputum,T12,Phylum,UNCLASSIFIED,18.708675260320465,UNCLASSIFIED,A25,12,female,23,adult,F508del,H1194/V754M,Heterozygous,80,Mild,Normal-Mild,no,naive
A27E0,sputum,T0,Phylum,UNCLASSIFIED,26.68178207597852,UNCLASSIFIED,A27,0,female,49,adult,F508del,F508del,Homozygous,86,Mild,Normal-Mild,yes,teziva
A27E12,sputum,T12,Phylum,UNCLASSIFIED,1.0959598904040109,UNCLASSIFIED,A27,12,female,49,adult,F508del,F508del,Homozygous,92,Normal,Normal-Mild,yes,teziva
A28E0,sputum,T0,Phylum,UNCLASSIFIED,2.615409738459026,UNCLASSIFIED,A28,0,female,38,adult,F508del,F508del,Homozygous,46,Moderate,Moderate-Severe,yes,teziva
A28E12,sputum,T12,Phylum,UNCLASSIFIED,0,UNCLASSIFIED,A28,12,female,38,adult,F508del,F508del,Homozygous,62,Moderate,Moderate-Severe,yes,teziva
A30E0,sputum,T0,Phylum,UNCLASSIFIED,0,UNCLASSIFIED,A30,0,male,26,adult,F508del,F508del,Homozygous,66,Moderate,Moderate-Severe,yes,teziva
A30E12,sputum,T12,Phylum,UNCLASSIFIED,28.053804024972766,UNCLASSIFIED,A30,12,male,26,adult,F508del,F508del,Homozygous,76,Mild,Normal-Mild,yes,teziva
P2E0,sputum,T0,Phylum,UNCLASSIFIED,73.27926000000001,UNCLASSIFIED,P2,0,female,12,pediatric,F508del,G85E,Heterozygous,85,Mild,Normal-Mild,no,naive
P2E12,sputum,T12,Phylum,UNCLASSIFIED,46.18106,UNCLASSIFIED,P2,12,female,12,pediatric,F508del,G85E,Heterozygous,103,Normal,Normal-Mild,no,naive
P3E0,sputum,T0,Phylum,UNCLASSIFIED,4.0620804062080405,UNCLASSIFIED,P3,0,female,15,pediatric,F508del,F508del,Homozygous,37,Severe,Moderate-Severe,yes,lumiva_teziva
P3E12,sputum,T12,Phylum,UNCLASSIFIED,22.02695779730422,UNCLASSIFIED,P3,12,female,15,pediatric,F508del,F508del,Homozygous,62,Moderate,Moderate-Severe,yes,lumiva_teziva
P4E0,sputum,T0,Phylum,UNCLASSIFIED,4.292249141550172,UNCLASSIFIED,P4,0,male,16,pediatric,F508del,F508del,Homozygous,97,Normal,Normal-Mild,yes,teziva
P4E12,sputum,T12,Phylum,UNCLASSIFIED,0,UNCLASSIFIED,P4,12,male,16,pediatric,F508del,F508del,Homozygous,94,Normal,Normal-Mild,yes,teziva
P5E0,sputum,T0,Phylum,UNCLASSIFIED,21.512212151221217,UNCLASSIFIED,P5,0,female,17,pediatric,F508del,F508del,Homozygous,87,Mild,Normal-Mild,yes,teziva
P5E12,sputum,T12,Phylum,UNCLASSIFIED,0,UNCLASSIFIED,P5,12,female,17,pediatric,F508del,F508del,Homozygous,100,Normal,Normal-Mild,yes,teziva
P11E0,sputum,T0,Phylum,UNCLASSIFIED,6.2738112547622515,UNCLASSIFIED,P11,0,male,17,pediatric,F508del,H199Y,Heterozygous,76,Mild,Normal-Mild,no,naive
P11E12,sputum,T12,Phylum,UNCLASSIFIED,15.909911590991161,UNCLASSIFIED,P11,12,male,17,pediatric,F508del,H199Y,Heterozygous,87,Mild,Normal-Mild,no,naive
P14E0,sputum,T0,Phylum,UNCLASSIFIED,21.848642184864218,UNCLASSIFIED,P14,0,female,7,pediatric,F508del,G542X,Heterozygous,87,Mild,Normal-Mild,no,naive
P14E12,sputum,T12,Phylum,UNCLASSIFIED,12.351328764867125,UNCLASSIFIED,P14,12,female,7,pediatric,F508del,G542X,Heterozygous,111,Normal,Normal-Mild,no,naive
P17E0,sputum,T0,Phylum,UNCLASSIFIED,0,UNCLASSIFIED,P17,0,male,6,pediatric,F508del,c.580-1G>T,Heterozygous,122,Normal,Normal-Mild,no,naive
P17E12,sputum,T12,Phylum,UNCLASSIFIED,28.809394182725,UNCLASSIFIED,P17,12,male,6,pediatric,F508del,c.580-1G>T,Heterozygous,134,Normal,Normal-Mild,no,naive
P20E0,sputum,T0,Phylum,UNCLASSIFIED,9.860377041886888,UNCLASSIFIED,P20,0,male,11,pediatric,F508del,G542X,Heterozygous,77,Mild,Normal-Mild,no,naive
P20E12,sputum,T12,Phylum,UNCLASSIFIED,0,UNCLASSIFIED,P20,12,male,11,pediatric,F508del,G542X,Heterozygous,87,Mild,Normal-Mild,no,naive
P25E0,sputum,T0,Phylum,UNCLASSIFIED,0,UNCLASSIFIED,P25,0,female,7,pediatric,F508del,Dele 22-23,Heterozygous,109,Normal,Normal-Mild,no,naive
P25E12,sputum,T12,Phylum,UNCLASSIFIED,0,UNCLASSIFIED,P25,12,female,7,pediatric,F508del,Dele 22-23,Heterozygous,130,Normal,Normal-Mild,no,naive
P26E0,sputum,T0,Phylum,UNCLASSIFIED,18.716328103832108,UNCLASSIFIED,P26,0,female,11,pediatric,F508del,F508del,Homozygous,92,Normal,Normal-Mild,yes,lumiva
P26E12,sputum,T12,Phylum,UNCLASSIFIED,0,UNCLASSIFIED,P26,12,female,11,pediatric,F508del,F508del,Homozygous,96,Normal,Normal-Mild,yes,lumiva
P27E0,sputum,T0,Phylum,UNCLASSIFIED,21.848991140104413,UNCLASSIFIED,P27,0,male,9,pediatric,F508del,F508del,Homozygous,87,Mild,Normal-Mild,yes,lumiva
P27E12,sputum,T12,Phylum,UNCLASSIFIED,0,UNCLASSIFIED,P27,12,male,9,pediatric,F508del,F508del,Homozygous,97,Normal,Normal-Mild,yes,lumiva
P42E0,sputum,T0,Phylum,UNCLASSIFIED,0,UNCLASSIFIED,P42,0,male,17,pediatric,F508del,F508del,Homozygous,110,Normal,Normal-Mild,yes,teziva
P42E12,sputum,T12,Phylum,UNCLASSIFIED,0,UNCLASSIFIED,P42,12,male,17,pediatric,F508del,F508del,Homozygous,124,Normal,Normal-Mild,yes,teziva
A1E0,sputum,T0,Phylum,Actinomycetota,14.403616868160757,Actinomycetota,A1,0,male,30,adult,F508del,3849+10kbC>T,Heterozygous,84,Mild,Normal-Mild,yes,teziva
A1E12,sputum,T12,Phylum,Actinomycetota,2.2128767123842557,Actinomycetota,A1,12,male,30,adult,F508del,3849+10kbC>T,Heterozygous,77,Mild,Normal-Mild,yes,teziva
A3E0,sputum,T0,Phylum,Actinomycetota,30.175436035087206,Actinomycetota,A3,0,male,38,adult,F508del,F508del,Homozygous,81,Mild,Normal-Mild,yes,teziva
A3E12,sputum,T12,Phylum,Actinomycetota,45.496149247866015,Actinomycetota,A3,12,male,38,adult,F508del,F508del,Homozygous,89,Mild,Normal-Mild,yes,teziva
A4E0,sputum,T0,Phylum,Actinomycetota,0,Actinomycetota,A4,0,female,66,adult,F508del,P205S,Heterozygous,32,Severe,Moderate-Severe,no,naive
A4E12,sputum,T12,Phylum,Actinomycetota,0,Actinomycetota,A4,12,female,66,adult,F508del,P205S,Heterozygous,39,Severe,Moderate-Severe,no,naive
A6E0,sputum,T0,Phylum,Actinomycetota,11.339468866053116,Actinomycetota,A6,0,male,46,adult,F508del,F508del,Homozygous,34,Severe,Moderate-Severe,yes,teziva
A6E12,sputum,T12,Phylum,Actinomycetota,27.370689999999996,Actinomycetota,A6,12,male,46,adult,F508del,F508del,Homozygous,55,Moderate,Moderate-Severe,yes,teziva
A7E0,sputum,T0,Phylum,Actinomycetota,0,Actinomycetota,A7,0,female,50,adult,F508del,R334W,Heterozygous,43,Moderate,Moderate-Severe,no,naive
A7E12,sputum,T12,Phylum,Actinomycetota,0.03170000317000032,Actinomycetota,A7,12,female,50,adult,F508del,R334W,Heterozygous,72,Mild,Normal-Mild,no,naive
A8E0,sputum,T0,Phylum,Actinomycetota,26.09851017866796,Actinomycetota,A8,0,male,19,adult,F508del,F508del,Homozygous,81,Mild,Normal-Mild,yes,teziva
A8E12,sputum,T12,Phylum,Actinomycetota,0.011120001112000111,Actinomycetota,A8,12,male,19,adult,F508del,F508del,Homozygous,96,Normal,Normal-Mild,yes,teziva
A9E0,sputum,T0,Phylum,Actinomycetota,10.747291074729107,Actinomycetota,A9,0,male,26,adult,F508del,F508del,Homozygous,30,Severe,Moderate-Severe,yes,lumiva_teziva
A9E12,sputum,T12,Phylum,Actinomycetota,0,Actinomycetota,A9,12,male,26,adult,F508del,F508del,Homozygous,46,Moderate,Moderate-Severe,yes,lumiva_teziva
A10E0,sputum,T0,Phylum,Actinomycetota,50.350139999999996,Actinomycetota,A10,0,male,21,adult,F508del,F508del,Homozygous,48,Moderate,Moderate-Severe,yes,teziva
A10E12,sputum,T12,Phylum,Actinomycetota,8.14292,Actinomycetota,A10,12,male,21,adult,F508del,F508del,Homozygous,82,Mild,Normal-Mild,yes,teziva
A13E0,sputum,T0,Phylum,Actinomycetota,38.9663,Actinomycetota,A13,0,male,37,adult,F508del,F508del,Homozygous,83,Mild,Normal-Mild,yes,teziva
A13E12,sputum,T12,Phylum,Actinomycetota,13.995550000000001,Actinomycetota,A13,12,male,37,adult,F508del,F508del,Homozygous,97,Normal,Normal-Mild,yes,teziva
A16E0,sputum,T0,Phylum,Actinomycetota,10.4952,Actinomycetota,A16,0,male,46,adult,F508del,F508del,Homozygous,62,Moderate,Moderate-Severe,yes,teziva
A16E12,sputum,T12,Phylum,Actinomycetota,0,Actinomycetota,A16,12,male,46,adult,F508del,F508del,Homozygous,59,Moderate,Moderate-Severe,yes,teziva
A17E0,sputum,T0,Phylum,Actinomycetota,4.146211482055152,Actinomycetota,A17,0,male,54,adult,F508del,N1303K,Heterozygous,52,Moderate,Moderate-Severe,no,naive
A17E12,sputum,T12,Phylum,Actinomycetota,0,Actinomycetota,A17,12,male,54,adult,F508del,N1303K,Heterozygous,66,Moderate,Moderate-Severe,no,naive
A19E0,sputum,T0,Phylum,Actinomycetota,0.8026099999999999,Actinomycetota,A19,0,female,48,adult,F508del,F508del,Homozygous,64,Moderate,Moderate-Severe,yes,teziva
A19E12,sputum,T12,Phylum,Actinomycetota,5.530176463531994,Actinomycetota,A19,12,female,48,adult,F508del,F508del,Homozygous,70,Mild,Normal-Mild,yes,teziva
A22E0,sputum,T0,Phylum,Actinomycetota,15.447638455236154,Actinomycetota,A22,0,male,56,adult,F508del,F508del,Homozygous,69,Moderate,Moderate-Severe,yes,teziva
A22E12,sputum,T12,Phylum,Actinomycetota,28.42137400857403,Actinomycetota,A22,12,male,56,adult,F508del,F508del,Homozygous,84,Mild,Normal-Mild,yes,teziva
A24E0,sputum,T0,Phylum,Actinomycetota,0,Actinomycetota,A24,0,female,63,adult,F508del,L206W,Heterozygous,43,Moderate,Moderate-Severe,yes,teziva
A24E12,sputum,T12,Phylum,Actinomycetota,12.30942,Actinomycetota,A24,12,female,63,adult,F508del,L206W,Heterozygous,40,Moderate,Moderate-Severe,yes,teziva
A25E0,sputum,T0,Phylum,Actinomycetota,15.009349245319475,Actinomycetota,A25,0,female,23,adult,F508del,H1194/V754M,Heterozygous,63,Moderate,Moderate-Severe,no,naive
A25E12,sputum,T12,Phylum,Actinomycetota,15.069146355244678,Actinomycetota,A25,12,female,23,adult,F508del,H1194/V754M,Heterozygous,80,Mild,Normal-Mild,no,naive
A27E0,sputum,T0,Phylum,Actinomycetota,12.095961960749088,Actinomycetota,A27,0,female,49,adult,F508del,F508del,Homozygous,86,Mild,Normal-Mild,yes,teziva
A27E12,sputum,T12,Phylum,Actinomycetota,16.46910835308916,Actinomycetota,A27,12,female,49,adult,F508del,F508del,Homozygous,92,Normal,Normal-Mild,yes,teziva
A28E0,sputum,T0,Phylum,Actinomycetota,0.4371799562820044,Actinomycetota,A28,0,female,38,adult,F508del,F508del,Homozygous,46,Moderate,Moderate-Severe,yes,teziva
A28E12,sputum,T12,Phylum,Actinomycetota,0,Actinomycetota,A28,12,female,38,adult,F508del,F508del,Homozygous,62,Moderate,Moderate-Severe,yes,teziva
A30E0,sputum,T0,Phylum,Actinomycetota,0,Actinomycetota,A30,0,male,26,adult,F508del,F508del,Homozygous,66,Moderate,Moderate-Severe,yes,teziva
A30E12,sputum,T12,Phylum,Actinomycetota,23.937690294321882,Actinomycetota,A30,12,male,26,adult,F508del,F508del,Homozygous,76,Mild,Normal-Mild,yes,teziva
P2E0,sputum,T0,Phylum,Actinomycetota,20.04373,Actinomycetota,P2,0,female,12,pediatric,F508del,G85E,Heterozygous,85,Mild,Normal-Mild,no,naive
P2E12,sputum,T12,Phylum,Actinomycetota,53.818940000000005,Actinomycetota,P2,12,female,12,pediatric,F508del,G85E,Heterozygous,103,Normal,Normal-Mild,no,naive
P3E0,sputum,T0,Phylum,Actinomycetota,0,Actinomycetota,P3,0,female,15,pediatric,F508del,F508del,Homozygous,37,Severe,Moderate-Severe,yes,lumiva_teziva
P3E12,sputum,T12,Phylum,Actinomycetota,0,Actinomycetota,P3,12,female,15,pediatric,F508del,F508del,Homozygous,62,Moderate,Moderate-Severe,yes,lumiva_teziva
P4E0,sputum,T0,Phylum,Actinomycetota,30.648763870247226,Actinomycetota,P4,0,male,16,pediatric,F508del,F508del,Homozygous,97,Normal,Normal-Mild,yes,teziva
P4E12,sputum,T12,Phylum,Actinomycetota,32.10823018049703,Actinomycetota,P4,12,male,16,pediatric,F508del,F508del,Homozygous,94,Normal,Normal-Mild,yes,teziva
P5E0,sputum,T0,Phylum,Actinomycetota,9.174760917476092,Actinomycetota,P5,0,female,17,pediatric,F508del,F508del,Homozygous,87,Mild,Normal-Mild,yes,teziva
P5E12,sputum,T12,Phylum,Actinomycetota,11.957255963513704,Actinomycetota,P5,12,female,17,pediatric,F508del,F508del,Homozygous,100,Normal,Normal-Mild,yes,teziva
P11E0,sputum,T0,Phylum,Actinomycetota,36.464747292949454,Actinomycetota,P11,0,male,17,pediatric,F508del,H199Y,Heterozygous,76,Mild,Normal-Mild,no,naive
P11E12,sputum,T12,Phylum,Actinomycetota,22.065892206589222,Actinomycetota,P11,12,male,17,pediatric,F508del,H199Y,Heterozygous,87,Mild,Normal-Mild,no,naive
P14E0,sputum,T0,Phylum,Actinomycetota,14.822701482270146,Actinomycetota,P14,0,female,7,pediatric,F508del,G542X,Heterozygous,87,Mild,Normal-Mild,no,naive
P14E12,sputum,T12,Phylum,Actinomycetota,21.95073780492622,Actinomycetota,P14,12,female,7,pediatric,F508del,G542X,Heterozygous,111,Normal,Normal-Mild,no,naive
P17E0,sputum,T0,Phylum,Actinomycetota,0,Actinomycetota,P17,0,male,6,pediatric,F508del,c.580-1G>T,Heterozygous,122,Normal,Normal-Mild,no,naive
P17E12,sputum,T12,Phylum,Actinomycetota,14.622424592247132,Actinomycetota,P17,12,male,6,pediatric,F508del,c.580-1G>T,Heterozygous,134,Normal,Normal-Mild,no,naive
P20E0,sputum,T0,Phylum,Actinomycetota,7.454117763764671,Actinomycetota,P20,0,male,11,pediatric,F508del,G542X,Heterozygous,77,Mild,Normal-Mild,no,naive
P20E12,sputum,T12,Phylum,Actinomycetota,21.91988,Actinomycetota,P20,12,male,11,pediatric,F508del,G542X,Heterozygous,87,Mild,Normal-Mild,no,naive
P25E0,sputum,T0,Phylum,Actinomycetota,6.760640709006108,Actinomycetota,P25,0,female,7,pediatric,F508del,Dele 22-23,Heterozygous,109,Normal,Normal-Mild,no,naive
P25E12,sputum,T12,Phylum,Actinomycetota,0,Actinomycetota,P25,12,female,7,pediatric,F508del,Dele 22-23,Heterozygous,130,Normal,Normal-Mild,no,naive
P26E0,sputum,T0,Phylum,Actinomycetota,7.210499613943938,Actinomycetota,P26,0,female,11,pediatric,F508del,F508del,Homozygous,92,Normal,Normal-Mild,yes,lumiva
P26E12,sputum,T12,Phylum,Actinomycetota,0,Actinomycetota,P26,12,female,11,pediatric,F508del,F508del,Homozygous,96,Normal,Normal-Mild,yes,lumiva
P27E0,sputum,T0,Phylum,Actinomycetota,12.797581366505502,Actinomycetota,P27,0,male,9,pediatric,F508del,F508del,Homozygous,87,Mild,Normal-Mild,yes,lumiva
P27E12,sputum,T12,Phylum,Actinomycetota,1.6955429167674558,Actinomycetota,P27,12,male,9,pediatric,F508del,F508del,Homozygous,97,Normal,Normal-Mild,yes,lumiva
P42E0,sputum,T0,Phylum,Actinomycetota,21.833433613718274,Actinomycetota,P42,0,male,17,pediatric,F508del,F508del,Homozygous,110,Normal,Normal-Mild,yes,teziva
P42E12,sputum,T12,Phylum,Actinomycetota,0,Actinomycetota,P42,12,male,17,pediatric,F508del,F508del,Homozygous,124,Normal,Normal-Mild,yes,teziva
A1E0,sputum,T0,Phylum,Bacillota,33.667548350703576,Bacillota,A1,0,male,30,adult,F508del,3849+10kbC>T,Heterozygous,84,Mild,Normal-Mild,yes,teziva
A1E12,sputum,T12,Phylum,Bacillota,31.878848491145394,Bacillota,A1,12,male,30,adult,F508del,3849+10kbC>T,Heterozygous,77,Mild,Normal-Mild,yes,teziva
A3E0,sputum,T0,Phylum,Bacillota,34.230796846159365,Bacillota,A3,0,male,38,adult,F508del,F508del,Homozygous,81,Mild,Normal-Mild,yes,teziva
A3E12,sputum,T12,Phylum,Bacillota,18.32512762232404,Bacillota,A3,12,male,38,adult,F508del,F508del,Homozygous,89,Mild,Normal-Mild,yes,teziva
A4E0,sputum,T0,Phylum,Bacillota,0,Bacillota,A4,0,female,66,adult,F508del,P205S,Heterozygous,32,Severe,Moderate-Severe,no,naive
A4E12,sputum,T12,Phylum,Bacillota,0,Bacillota,A4,12,female,66,adult,F508del,P205S,Heterozygous,39,Severe,Moderate-Severe,no,naive
A6E0,sputum,T0,Phylum,Bacillota,9.445969055403092,Bacillota,A6,0,male,46,adult,F508del,F508del,Homozygous,34,Severe,Moderate-Severe,yes,teziva
A6E12,sputum,T12,Phylum,Bacillota,29.128690000000002,Bacillota,A6,12,male,46,adult,F508del,F508del,Homozygous,55,Moderate,Moderate-Severe,yes,teziva
A7E0,sputum,T0,Phylum,Bacillota,1.07314,Bacillota,A7,0,female,50,adult,F508del,R334W,Heterozygous,43,Moderate,Moderate-Severe,no,naive
A7E12,sputum,T12,Phylum,Bacillota,21.719072171907218,Bacillota,A7,12,female,50,adult,F508del,R334W,Heterozygous,72,Mild,Normal-Mild,no,naive
A8E0,sputum,T0,Phylum,Bacillota,44.00622121201222,Bacillota,A8,0,male,19,adult,F508del,F508del,Homozygous,81,Mild,Normal-Mild,yes,teziva
A8E12,sputum,T12,Phylum,Bacillota,0.7706600770660077,Bacillota,A8,12,male,19,adult,F508del,F508del,Homozygous,96,Normal,Normal-Mild,yes,teziva
A9E0,sputum,T0,Phylum,Bacillota,49.05688490568849,Bacillota,A9,0,male,26,adult,F508del,F508del,Homozygous,30,Severe,Moderate-Severe,yes,lumiva_teziva
A9E12,sputum,T12,Phylum,Bacillota,24.69077,Bacillota,A9,12,male,26,adult,F508del,F508del,Homozygous,46,Moderate,Moderate-Severe,yes,lumiva_teziva
A10E0,sputum,T0,Phylum,Bacillota,49.649860000000004,Bacillota,A10,0,male,21,adult,F508del,F508del,Homozygous,48,Moderate,Moderate-Severe,yes,teziva
A10E12,sputum,T12,Phylum,Bacillota,46.76887,Bacillota,A10,12,male,21,adult,F508del,F508del,Homozygous,82,Mild,Normal-Mild,yes,teziva
A13E0,sputum,T0,Phylum,Bacillota,52.185610000000004,Bacillota,A13,0,male,37,adult,F508del,F508del,Homozygous,83,Mild,Normal-Mild,yes,teziva
A13E12,sputum,T12,Phylum,Bacillota,16.27085,Bacillota,A13,12,male,37,adult,F508del,F508del,Homozygous,97,Normal,Normal-Mild,yes,teziva
A16E0,sputum,T0,Phylum,Bacillota,50.32741000000001,Bacillota,A16,0,male,46,adult,F508del,F508del,Homozygous,62,Moderate,Moderate-Severe,yes,teziva
A16E12,sputum,T12,Phylum,Bacillota,10.839968473790156,Bacillota,A16,12,male,46,adult,F508del,F508del,Homozygous,59,Moderate,Moderate-Severe,yes,teziva
A17E0,sputum,T0,Phylum,Bacillota,2.7920569858791775,Bacillota,A17,0,male,54,adult,F508del,N1303K,Heterozygous,52,Moderate,Moderate-Severe,no,naive
A17E12,sputum,T12,Phylum,Bacillota,0,Bacillota,A17,12,male,54,adult,F508del,N1303K,Heterozygous,66,Moderate,Moderate-Severe,no,naive
A19E0,sputum,T0,Phylum,Bacillota,0,Bacillota,A19,0,female,48,adult,F508del,F508del,Homozygous,64,Moderate,Moderate-Severe,yes,teziva
A19E12,sputum,T12,Phylum,Bacillota,62.90912259663843,Bacillota,A19,12,female,48,adult,F508del,F508del,Homozygous,70,Mild,Normal-Mild,yes,teziva
A22E0,sputum,T0,Phylum,Bacillota,3.4389296561070344,Bacillota,A22,0,male,56,adult,F508del,F508del,Homozygous,69,Moderate,Moderate-Severe,yes,teziva
A22E12,sputum,T12,Phylum,Bacillota,33.82326569987448,Bacillota,A22,12,male,56,adult,F508del,F508del,Homozygous,84,Mild,Normal-Mild,yes,teziva
A24E0,sputum,T0,Phylum,Bacillota,0,Bacillota,A24,0,female,63,adult,F508del,L206W,Heterozygous,43,Moderate,Moderate-Severe,yes,teziva
A24E12,sputum,T12,Phylum,Bacillota,60.66485,Bacillota,A24,12,female,63,adult,F508del,L206W,Heterozygous,40,Moderate,Moderate-Severe,yes,teziva
A25E0,sputum,T0,Phylum,Bacillota,17.494860315394007,Bacillota,A25,0,female,23,adult,F508del,H1194/V754M,Heterozygous,63,Moderate,Moderate-Severe,no,naive
A25E12,sputum,T12,Phylum,Bacillota,38.34218308665789,Bacillota,A25,12,female,23,adult,F508del,H1194/V754M,Heterozygous,80,Mild,Normal-Mild,no,naive
A27E0,sputum,T0,Phylum,Bacillota,33.54254907922976,Bacillota,A27,0,female,49,adult,F508del,F508del,Homozygous,86,Mild,Normal-Mild,yes,teziva
A27E12,sputum,T12,Phylum,Bacillota,41.0516458948354,Bacillota,A27,12,female,49,adult,F508del,F508del,Homozygous,92,Normal,Normal-Mild,yes,teziva
A28E0,sputum,T0,Phylum,Bacillota,0.04786999521300048,Bacillota,A28,0,female,38,adult,F508del,F508del,Homozygous,46,Moderate,Moderate-Severe,yes,teziva
A28E12,sputum,T12,Phylum,Bacillota,0,Bacillota,A28,12,female,38,adult,F508del,F508del,Homozygous,62,Moderate,Moderate-Severe,yes,teziva
A30E0,sputum,T0,Phylum,Bacillota,100,Bacillota,A30,0,male,26,adult,F508del,F508del,Homozygous,66,Moderate,Moderate-Severe,yes,teziva
A30E12,sputum,T12,Phylum,Bacillota,19.11259111061472,Bacillota,A30,12,male,26,adult,F508del,F508del,Homozygous,76,Mild,Normal-Mild,yes,teziva
P2E0,sputum,T0,Phylum,Bacillota,6.67701,Bacillota,P2,0,female,12,pediatric,F508del,G85E,Heterozygous,85,Mild,Normal-Mild,no,naive
P2E12,sputum,T12,Phylum,Bacillota,0,Bacillota,P2,12,female,12,pediatric,F508del,G85E,Heterozygous,103,Normal,Normal-Mild,no,naive
P3E0,sputum,T0,Phylum,Bacillota,4.938600493860049,Bacillota,P3,0,female,15,pediatric,F508del,F508del,Homozygous,37,Severe,Moderate-Severe,yes,lumiva_teziva
P3E12,sputum,T12,Phylum,Bacillota,13.008728699127131,Bacillota,P3,12,female,15,pediatric,F508del,F508del,Homozygous,62,Moderate,Moderate-Severe,yes,lumiva_teziva
P4E0,sputum,T0,Phylum,Bacillota,55.681638863672234,Bacillota,P4,0,male,16,pediatric,F508del,F508del,Homozygous,97,Normal,Normal-Mild,yes,teziva
P4E12,sputum,T12,Phylum,Bacillota,40.70782974303762,Bacillota,P4,12,male,16,pediatric,F508del,F508del,Homozygous,94,Normal,Normal-Mild,yes,teziva
P5E0,sputum,T0,Phylum,Bacillota,45.48303454830345,Bacillota,P5,0,female,17,pediatric,F508del,F508del,Homozygous,87,Mild,Normal-Mild,yes,teziva
P5E12,sputum,T12,Phylum,Bacillota,45.829948311626715,Bacillota,P5,12,female,17,pediatric,F508del,F508del,Homozygous,100,Normal,Normal-Mild,yes,teziva
P11E0,sputum,T0,Phylum,Bacillota,37.12951742590349,Bacillota,P11,0,male,17,pediatric,F508del,H199Y,Heterozygous,76,Mild,Normal-Mild,no,naive
P11E12,sputum,T12,Phylum,Bacillota,31.33068313306831,Bacillota,P11,12,male,17,pediatric,F508del,H199Y,Heterozygous,87,Mild,Normal-Mild,no,naive
P14E0,sputum,T0,Phylum,Bacillota,21.646232164623218,Bacillota,P14,0,female,7,pediatric,F508del,G542X,Heterozygous,87,Mild,Normal-Mild,no,naive
P14E12,sputum,T12,Phylum,Bacillota,35.02852649714735,Bacillota,P14,12,female,7,pediatric,F508del,G542X,Heterozygous,111,Normal,Normal-Mild,no,naive
P17E0,sputum,T0,Phylum,Bacillota,100,Bacillota,P17,0,male,6,pediatric,F508del,c.580-1G>T,Heterozygous,122,Normal,Normal-Mild,no,naive
P17E12,sputum,T12,Phylum,Bacillota,37.42463979140404,Bacillota,P17,12,male,6,pediatric,F508del,c.580-1G>T,Heterozygous,134,Normal,Normal-Mild,no,naive
P20E0,sputum,T0,Phylum,Bacillota,31.79537046138886,Bacillota,P20,0,male,11,pediatric,F508del,G542X,Heterozygous,77,Mild,Normal-Mild,no,naive
P20E12,sputum,T12,Phylum,Bacillota,35.725609999999996,Bacillota,P20,12,male,11,pediatric,F508del,G542X,Heterozygous,87,Mild,Normal-Mild,no,naive
P25E0,sputum,T0,Phylum,Bacillota,91.14122527609014,Bacillota,P25,0,female,7,pediatric,F508del,Dele 22-23,Heterozygous,109,Normal,Normal-Mild,no,naive
P25E12,sputum,T12,Phylum,Bacillota,0,Bacillota,P25,12,female,7,pediatric,F508del,Dele 22-23,Heterozygous,130,Normal,Normal-Mild,no,naive
P26E0,sputum,T0,Phylum,Bacillota,53.065149352160276,Bacillota,P26,0,female,11,pediatric,F508del,F508del,Homozygous,92,Normal,Normal-Mild,yes,lumiva
P26E12,sputum,T12,Phylum,Bacillota,0,Bacillota,P26,12,female,11,pediatric,F508del,F508del,Homozygous,96,Normal,Normal-Mild,yes,lumiva
P27E0,sputum,T0,Phylum,Bacillota,31.80563697257659,Bacillota,P27,0,male,9,pediatric,F508del,F508del,Homozygous,87,Mild,Normal-Mild,yes,lumiva
P27E12,sputum,T12,Phylum,Bacillota,23.260987837039423,Bacillota,P27,12,male,9,pediatric,F508del,F508del,Homozygous,97,Normal,Normal-Mild,yes,lumiva
P42E0,sputum,T0,Phylum,Bacillota,28.765173945576507,Bacillota,P42,0,male,17,pediatric,F508del,F508del,Homozygous,110,Normal,Normal-Mild,yes,teziva
P42E12,sputum,T12,Phylum,Bacillota,0,Bacillota,P42,12,male,17,pediatric,F508del,F508del,Homozygous,124,Normal,Normal-Mild,yes,teziva
A1E0,sputum,T0,Phylum,Bacteroidota,16.862691418046786,Bacteroidota,A1,0,male,30,adult,F508del,3849+10kbC>T,Heterozygous,84,Mild,Normal-Mild,yes,teziva
A1E12,sputum,T12,Phylum,Bacteroidota,44.93500438583433,Bacteroidota,A1,12,male,30,adult,F508del,3849+10kbC>T,Heterozygous,77,Mild,Normal-Mild,yes,teziva
A3E0,sputum,T0,Phylum,Bacteroidota,9.220731844146371,Bacteroidota,A3,0,male,38,adult,F508del,F508del,Homozygous,81,Mild,Normal-Mild,yes,teziva
A3E12,sputum,T12,Phylum,Bacteroidota,6.541701910063592,Bacteroidota,A3,12,male,38,adult,F508del,F508del,Homozygous,89,Mild,Normal-Mild,yes,teziva
A4E0,sputum,T0,Phylum,Bacteroidota,0,Bacteroidota,A4,0,female,66,adult,F508del,P205S,Heterozygous,32,Severe,Moderate-Severe,no,naive
A4E12,sputum,T12,Phylum,Bacteroidota,0,Bacteroidota,A4,12,female,66,adult,F508del,P205S,Heterozygous,39,Severe,Moderate-Severe,no,naive
A6E0,sputum,T0,Phylum,Bacteroidota,11.334848866515115,Bacteroidota,A6,0,male,46,adult,F508del,F508del,Homozygous,34,Severe,Moderate-Severe,yes,teziva
A6E12,sputum,T12,Phylum,Bacteroidota,6.3516900000000005,Bacteroidota,A6,12,male,46,adult,F508del,F508del,Homozygous,55,Moderate,Moderate-Severe,yes,teziva
A7E0,sputum,T0,Phylum,Bacteroidota,0,Bacteroidota,A7,0,female,50,adult,F508del,R334W,Heterozygous,43,Moderate,Moderate-Severe,no,naive
A7E12,sputum,T12,Phylum,Bacteroidota,4.610360461036047,Bacteroidota,A7,12,female,50,adult,F508del,R334W,Heterozygous,72,Mild,Normal-Mild,no,naive
A8E0,sputum,T0,Phylum,Bacteroidota,5.043126141912813,Bacteroidota,A8,0,male,19,adult,F508del,F508del,Homozygous,81,Mild,Normal-Mild,yes,teziva
A8E12,sputum,T12,Phylum,Bacteroidota,0.7806400780640078,Bacteroidota,A8,12,male,19,adult,F508del,F508del,Homozygous,96,Normal,Normal-Mild,yes,teziva
A9E0,sputum,T0,Phylum,Bacteroidota,14.064021406402139,Bacteroidota,A9,0,male,26,adult,F508del,F508del,Homozygous,30,Severe,Moderate-Severe,yes,lumiva_teziva
A9E12,sputum,T12,Phylum,Bacteroidota,0,Bacteroidota,A9,12,male,26,adult,F508del,F508del,Homozygous,46,Moderate,Moderate-Severe,yes,lumiva_teziva
A10E0,sputum,T0,Phylum,Bacteroidota,0,Bacteroidota,A10,0,male,21,adult,F508del,F508del,Homozygous,48,Moderate,Moderate-Severe,yes,teziva
A10E12,sputum,T12,Phylum,Bacteroidota,0,Bacteroidota,A10,12,male,21,adult,F508del,F508del,Homozygous,82,Mild,Normal-Mild,yes,teziva
A13E0,sputum,T0,Phylum,Bacteroidota,0,Bacteroidota,A13,0,male,37,adult,F508del,F508del,Homozygous,83,Mild,Normal-Mild,yes,teziva
A13E12,sputum,T12,Phylum,Bacteroidota,13.69085,Bacteroidota,A13,12,male,37,adult,F508del,F508del,Homozygous,97,Normal,Normal-Mild,yes,teziva
A16E0,sputum,T0,Phylum,Bacteroidota,9.83884,Bacteroidota,A16,0,male,46,adult,F508del,F508del,Homozygous,62,Moderate,Moderate-Severe,yes,teziva
A16E12,sputum,T12,Phylum,Bacteroidota,39.57654456535039,Bacteroidota,A16,12,male,46,adult,F508del,F508del,Homozygous,59,Moderate,Moderate-Severe,yes,teziva
A17E0,sputum,T0,Phylum,Bacteroidota,0.10277025147124651,Bacteroidota,A17,0,male,54,adult,F508del,N1303K,Heterozygous,52,Moderate,Moderate-Severe,no,naive
A17E12,sputum,T12,Phylum,Bacteroidota,0,Bacteroidota,A17,12,male,54,adult,F508del,N1303K,Heterozygous,66,Moderate,Moderate-Severe,no,naive
A19E0,sputum,T0,Phylum,Bacteroidota,0,Bacteroidota,A19,0,female,48,adult,F508del,F508del,Homozygous,64,Moderate,Moderate-Severe,yes,teziva
A19E12,sputum,T12,Phylum,Bacteroidota,2.0982213381198385,Bacteroidota,A19,12,female,48,adult,F508del,F508del,Homozygous,70,Mild,Normal-Mild,yes,teziva
A22E0,sputum,T0,Phylum,Bacteroidota,0,Bacteroidota,A22,0,male,56,adult,F508del,F508del,Homozygous,69,Moderate,Moderate-Severe,yes,teziva
A22E12,sputum,T12,Phylum,Bacteroidota,2.7425205854397983,Bacteroidota,A22,12,male,56,adult,F508del,F508del,Homozygous,84,Mild,Normal-Mild,yes,teziva
A24E0,sputum,T0,Phylum,Bacteroidota,0,Bacteroidota,A24,0,female,63,adult,F508del,L206W,Heterozygous,43,Moderate,Moderate-Severe,yes,teziva
A24E12,sputum,T12,Phylum,Bacteroidota,10.78621,Bacteroidota,A24,12,female,63,adult,F508del,L206W,Heterozygous,40,Moderate,Moderate-Severe,yes,teziva
A25E0,sputum,T0,Phylum,Bacteroidota,28.000009601278887,Bacteroidota,A25,0,female,23,adult,F508del,H1194/V754M,Heterozygous,63,Moderate,Moderate-Severe,no,naive
A25E12,sputum,T12,Phylum,Bacteroidota,17.444058485811812,Bacteroidota,A25,12,female,23,adult,F508del,H1194/V754M,Heterozygous,80,Mild,Normal-Mild,no,naive
A27E0,sputum,T0,Phylum,Bacteroidota,19.87646819251094,Bacteroidota,A27,0,female,49,adult,F508del,F508del,Homozygous,86,Mild,Normal-Mild,yes,teziva
A27E12,sputum,T12,Phylum,Bacteroidota,33.38987666101234,Bacteroidota,A27,12,female,49,adult,F508del,F508del,Homozygous,92,Normal,Normal-Mild,yes,teziva
A28E0,sputum,T0,Phylum,Bacteroidota,0,Bacteroidota,A28,0,female,38,adult,F508del,F508del,Homozygous,46,Moderate,Moderate-Severe,yes,teziva
A28E12,sputum,T12,Phylum,Bacteroidota,0,Bacteroidota,A28,12,female,38,adult,F508del,F508del,Homozygous,62,Moderate,Moderate-Severe,yes,teziva
A30E0,sputum,T0,Phylum,Bacteroidota,0,Bacteroidota,A30,0,male,26,adult,F508del,F508del,Homozygous,66,Moderate,Moderate-Severe,yes,teziva
A30E12,sputum,T12,Phylum,Bacteroidota,16.96196177360378,Bacteroidota,A30,12,male,26,adult,F508del,F508del,Homozygous,76,Mild,Normal-Mild,yes,teziva
P2E0,sputum,T0,Phylum,Bacteroidota,0,Bacteroidota,P2,0,female,12,pediatric,F508del,G85E,Heterozygous,85,Mild,Normal-Mild,no,naive
P2E12,sputum,T12,Phylum,Bacteroidota,0,Bacteroidota,P2,12,female,12,pediatric,F508del,G85E,Heterozygous,103,Normal,Normal-Mild,no,naive
P3E0,sputum,T0,Phylum,Bacteroidota,4.03440040344004,Bacteroidota,P3,0,female,15,pediatric,F508del,F508del,Homozygous,37,Severe,Moderate-Severe,yes,lumiva_teziva
P3E12,sputum,T12,Phylum,Bacteroidota,0,Bacteroidota,P3,12,female,15,pediatric,F508del,F508del,Homozygous,62,Moderate,Moderate-Severe,yes,lumiva_teziva
P4E0,sputum,T0,Phylum,Bacteroidota,4.552159089568182,Bacteroidota,P4,0,male,16,pediatric,F508del,F508del,Homozygous,97,Normal,Normal-Mild,yes,teziva
P4E12,sputum,T12,Phylum,Bacteroidota,16.603005582310313,Bacteroidota,P4,12,male,16,pediatric,F508del,F508del,Homozygous,94,Normal,Normal-Mild,yes,teziva
P5E0,sputum,T0,Phylum,Bacteroidota,22.523222252322224,Bacteroidota,P5,0,female,17,pediatric,F508del,F508del,Homozygous,87,Mild,Normal-Mild,yes,teziva
P5E12,sputum,T12,Phylum,Bacteroidota,34.279764765764,Bacteroidota,P5,12,female,17,pediatric,F508del,F508del,Homozygous,100,Normal,Normal-Mild,yes,teziva
P11E0,sputum,T0,Phylum,Bacteroidota,14.758872951774594,Bacteroidota,P11,0,male,17,pediatric,F508del,H199Y,Heterozygous,76,Mild,Normal-Mild,no,naive
P11E12,sputum,T12,Phylum,Bacteroidota,30.693513069351308,Bacteroidota,P11,12,male,17,pediatric,F508del,H199Y,Heterozygous,87,Mild,Normal-Mild,no,naive
P14E0,sputum,T0,Phylum,Bacteroidota,4.696320469632047,Bacteroidota,P14,0,female,7,pediatric,F508del,G542X,Heterozygous,87,Mild,Normal-Mild,no,naive
P14E12,sputum,T12,Phylum,Bacteroidota,30.669406933059307,Bacteroidota,P14,12,female,7,pediatric,F508del,G542X,Heterozygous,111,Normal,Normal-Mild,no,naive
P17E0,sputum,T0,Phylum,Bacteroidota,0,Bacteroidota,P17,0,male,6,pediatric,F508del,c.580-1G>T,Heterozygous,122,Normal,Normal-Mild,no,naive
P17E12,sputum,T12,Phylum,Bacteroidota,10.453529919816075,Bacteroidota,P17,12,male,6,pediatric,F508del,c.580-1G>T,Heterozygous,134,Normal,Normal-Mild,no,naive
P20E0,sputum,T0,Phylum,Bacteroidota,50.37506488748053,Bacteroidota,P20,0,male,11,pediatric,F508del,G542X,Heterozygous,77,Mild,Normal-Mild,no,naive
P20E12,sputum,T12,Phylum,Bacteroidota,28.011339999999997,Bacteroidota,P20,12,male,11,pediatric,F508del,G542X,Heterozygous,87,Mild,Normal-Mild,no,naive
P25E0,sputum,T0,Phylum,Bacteroidota,0,Bacteroidota,P25,0,female,7,pediatric,F508del,Dele 22-23,Heterozygous,109,Normal,Normal-Mild,no,naive
P25E12,sputum,T12,Phylum,Bacteroidota,0,Bacteroidota,P25,12,female,7,pediatric,F508del,Dele 22-23,Heterozygous,130,Normal,Normal-Mild,no,naive
P26E0,sputum,T0,Phylum,Bacteroidota,0,Bacteroidota,P26,0,female,11,pediatric,F508del,F508del,Homozygous,92,Normal,Normal-Mild,yes,lumiva
P26E12,sputum,T12,Phylum,Bacteroidota,0,Bacteroidota,P26,12,female,11,pediatric,F508del,F508del,Homozygous,96,Normal,Normal-Mild,yes,lumiva
P27E0,sputum,T0,Phylum,Bacteroidota,18.879875717452578,Bacteroidota,P27,0,male,9,pediatric,F508del,F508del,Homozygous,87,Mild,Normal-Mild,yes,lumiva
P27E12,sputum,T12,Phylum,Bacteroidota,39.68025767170036,Bacteroidota,P27,12,male,9,pediatric,F508del,F508del,Homozygous,97,Normal,Normal-Mild,yes,lumiva
P42E0,sputum,T0,Phylum,Bacteroidota,35.88481100710077,Bacteroidota,P42,0,male,17,pediatric,F508del,F508del,Homozygous,110,Normal,Normal-Mild,yes,teziva
P42E12,sputum,T12,Phylum,Bacteroidota,0,Bacteroidota,P42,12,male,17,pediatric,F508del,F508del,Homozygous,124,Normal,Normal-Mild,yes,teziva
A1E0,sputum,T0,Phylum,Pseudomonadota,17.399509445546617,Pseudomonadota,A1,0,male,30,adult,F508del,3849+10kbC>T,Heterozygous,84,Mild,Normal-Mild,yes,teziva
A1E12,sputum,T12,Phylum,Pseudomonadota,3.0539725978012706,Pseudomonadota,A1,12,male,30,adult,F508del,3849+10kbC>T,Heterozygous,77,Mild,Normal-Mild,yes,teziva
A3E0,sputum,T0,Phylum,Pseudomonadota,20.173124034624806,Pseudomonadota,A3,0,male,38,adult,F508del,F508del,Homozygous,81,Mild,Normal-Mild,yes,teziva
A3E12,sputum,T12,Phylum,Pseudomonadota,2.1063917618280112,Pseudomonadota,A3,12,male,38,adult,F508del,F508del,Homozygous,89,Mild,Normal-Mild,yes,teziva
A4E0,sputum,T0,Phylum,Pseudomonadota,95.21025952102595,Pseudomonadota,A4,0,female,66,adult,F508del,P205S,Heterozygous,32,Severe,Moderate-Severe,no,naive
A4E12,sputum,T12,Phylum,Pseudomonadota,90.22601,Pseudomonadota,A4,12,female,66,adult,F508del,P205S,Heterozygous,39,Severe,Moderate-Severe,no,naive
A6E0,sputum,T0,Phylum,Pseudomonadota,58.93585410641459,Pseudomonadota,A6,0,male,46,adult,F508del,F508del,Homozygous,34,Severe,Moderate-Severe,yes,teziva
A6E12,sputum,T12,Phylum,Pseudomonadota,3.9688999999999997,Pseudomonadota,A6,12,male,46,adult,F508del,F508del,Homozygous,55,Moderate,Moderate-Severe,yes,teziva
A7E0,sputum,T0,Phylum,Pseudomonadota,98.70303,Pseudomonadota,A7,0,female,50,adult,F508del,R334W,Heterozygous,43,Moderate,Moderate-Severe,no,naive
A7E12,sputum,T12,Phylum,Pseudomonadota,59.63316596331659,Pseudomonadota,A7,12,female,50,adult,F508del,R334W,Heterozygous,72,Mild,Normal-Mild,no,naive
A8E0,sputum,T0,Phylum,Pseudomonadota,1.3552721609021945,Pseudomonadota,A8,0,male,19,adult,F508del,F508del,Homozygous,81,Mild,Normal-Mild,yes,teziva
A8E12,sputum,T12,Phylum,Pseudomonadota,97.91669979166998,Pseudomonadota,A8,12,male,19,adult,F508del,F508del,Homozygous,96,Normal,Normal-Mild,yes,teziva
A9E0,sputum,T0,Phylum,Pseudomonadota,11.389641138964114,Pseudomonadota,A9,0,male,26,adult,F508del,F508del,Homozygous,30,Severe,Moderate-Severe,yes,lumiva_teziva
A9E12,sputum,T12,Phylum,Pseudomonadota,75.30923,Pseudomonadota,A9,12,male,26,adult,F508del,F508del,Homozygous,46,Moderate,Moderate-Severe,yes,lumiva_teziva
A10E0,sputum,T0,Phylum,Pseudomonadota,0,Pseudomonadota,A10,0,male,21,adult,F508del,F508del,Homozygous,48,Moderate,Moderate-Severe,yes,teziva
A10E12,sputum,T12,Phylum,Pseudomonadota,0,Pseudomonadota,A10,12,male,21,adult,F508del,F508del,Homozygous,82,Mild,Normal-Mild,yes,teziva
A13E0,sputum,T0,Phylum,Pseudomonadota,8.848090000000001,Pseudomonadota,A13,0,male,37,adult,F508del,F508del,Homozygous,83,Mild,Normal-Mild,yes,teziva
A13E12,sputum,T12,Phylum,Pseudomonadota,35.50415,Pseudomonadota,A13,12,male,37,adult,F508del,F508del,Homozygous,97,Normal,Normal-Mild,yes,teziva
A16E0,sputum,T0,Phylum,Pseudomonadota,26.28534,Pseudomonadota,A16,0,male,46,adult,F508del,F508del,Homozygous,62,Moderate,Moderate-Severe,yes,teziva
A16E12,sputum,T12,Phylum,Pseudomonadota,18.452449399082777,Pseudomonadota,A16,12,male,46,adult,F508del,F508del,Homozygous,59,Moderate,Moderate-Severe,yes,teziva
A17E0,sputum,T0,Phylum,Pseudomonadota,90.46284056975067,Pseudomonadota,A17,0,male,54,adult,F508del,N1303K,Heterozygous,52,Moderate,Moderate-Severe,no,naive
A17E12,sputum,T12,Phylum,Pseudomonadota,100,Pseudomonadota,A17,12,male,54,adult,F508del,N1303K,Heterozygous,66,Moderate,Moderate-Severe,no,naive
A19E0,sputum,T0,Phylum,Pseudomonadota,98.68879,Pseudomonadota,A19,0,female,48,adult,F508del,F508del,Homozygous,64,Moderate,Moderate-Severe,yes,teziva
A19E12,sputum,T12,Phylum,Pseudomonadota,12.37090587267665,Pseudomonadota,A19,12,female,48,adult,F508del,F508del,Homozygous,70,Mild,Normal-Mild,yes,teziva
A22E0,sputum,T0,Phylum,Pseudomonadota,67.19973328002668,Pseudomonadota,A22,0,male,56,adult,F508del,F508del,Homozygous,69,Moderate,Moderate-Severe,yes,teziva
A22E12,sputum,T12,Phylum,Pseudomonadota,19.08046876230313,Pseudomonadota,A22,12,male,56,adult,F508del,F508del,Homozygous,84,Mild,Normal-Mild,yes,teziva
A24E0,sputum,T0,Phylum,Pseudomonadota,69.86285,Pseudomonadota,A24,0,female,63,adult,F508del,L206W,Heterozygous,43,Moderate,Moderate-Severe,yes,teziva
A24E12,sputum,T12,Phylum,Pseudomonadota,16.239520000000002,Pseudomonadota,A24,12,female,63,adult,F508del,L206W,Heterozygous,40,Moderate,Moderate-Severe,yes,teziva
A25E0,sputum,T0,Phylum,Pseudomonadota,35.66858105499652,Pseudomonadota,A25,0,female,23,adult,F508del,H1194/V754M,Heterozygous,63,Moderate,Moderate-Severe,no,naive
A25E12,sputum,T12,Phylum,Pseudomonadota,4.656751675787304,Pseudomonadota,A25,12,female,23,adult,F508del,H1194/V754M,Heterozygous,80,Mild,Normal-Mild,no,naive
A27E0,sputum,T0,Phylum,Pseudomonadota,7.571951001289413,Pseudomonadota,A27,0,female,49,adult,F508del,F508del,Homozygous,86,Mild,Normal-Mild,yes,teziva
A27E12,sputum,T12,Phylum,Pseudomonadota,2.2798197720180227,Pseudomonadota,A27,12,female,49,adult,F508del,F508del,Homozygous,92,Normal,Normal-Mild,yes,teziva
A28E0,sputum,T0,Phylum,Pseudomonadota,96.89954031004598,Pseudomonadota,A28,0,female,38,adult,F508del,F508del,Homozygous,46,Moderate,Moderate-Severe,yes,teziva
A28E12,sputum,T12,Phylum,Pseudomonadota,100,Pseudomonadota,A28,12,female,38,adult,F508del,F508del,Homozygous,62,Moderate,Moderate-Severe,yes,teziva
A30E0,sputum,T0,Phylum,Pseudomonadota,0,Pseudomonadota,A30,0,male,26,adult,F508del,F508del,Homozygous,66,Moderate,Moderate-Severe,yes,teziva
A30E12,sputum,T12,Phylum,Pseudomonadota,6.04822327219635,Pseudomonadota,A30,12,male,26,adult,F508del,F508del,Homozygous,76,Mild,Normal-Mild,yes,teziva
P2E0,sputum,T0,Phylum,Pseudomonadota,0,Pseudomonadota,P2,0,female,12,pediatric,F508del,G85E,Heterozygous,85,Mild,Normal-Mild,no,naive
P2E12,sputum,T12,Phylum,Pseudomonadota,0,Pseudomonadota,P2,12,female,12,pediatric,F508del,G85E,Heterozygous,103,Normal,Normal-Mild,no,naive
P3E0,sputum,T0,Phylum,Pseudomonadota,82.23883822388383,Pseudomonadota,P3,0,female,15,pediatric,F508del,F508del,Homozygous,37,Severe,Moderate-Severe,yes,lumiva_teziva
P3E12,sputum,T12,Phylum,Pseudomonadota,64.96431350356865,Pseudomonadota,P3,12,female,15,pediatric,F508del,F508del,Homozygous,62,Moderate,Moderate-Severe,yes,lumiva_teziva
P4E0,sputum,T0,Phylum,Pseudomonadota,4.045219190956162,Pseudomonadota,P4,0,male,16,pediatric,F508del,F508del,Homozygous,97,Normal,Normal-Mild,yes,teziva
P4E12,sputum,T12,Phylum,Pseudomonadota,2.3512342819291843,Pseudomonadota,P4,12,male,16,pediatric,F508del,F508del,Homozygous,94,Normal,Normal-Mild,yes,teziva
P5E0,sputum,T0,Phylum,Pseudomonadota,0,Pseudomonadota,P5,0,female,17,pediatric,F508del,F508del,Homozygous,87,Mild,Normal-Mild,yes,teziva
P5E12,sputum,T12,Phylum,Pseudomonadota,0.23587278096669365,Pseudomonadota,P5,12,female,17,pediatric,F508del,F508del,Homozygous,100,Normal,Normal-Mild,yes,teziva
P11E0,sputum,T0,Phylum,Pseudomonadota,1.977110395422079,Pseudomonadota,P11,0,male,17,pediatric,F508del,H199Y,Heterozygous,76,Mild,Normal-Mild,no,naive
P11E12,sputum,T12,Phylum,Pseudomonadota,0,Pseudomonadota,P11,12,male,17,pediatric,F508del,H199Y,Heterozygous,87,Mild,Normal-Mild,no,naive
P14E0,sputum,T0,Phylum,Pseudomonadota,35.06922350692235,Pseudomonadota,P14,0,female,7,pediatric,F508del,G542X,Heterozygous,87,Mild,Normal-Mild,no,naive
P14E12,sputum,T12,Phylum,Pseudomonadota,0,Pseudomonadota,P14,12,female,7,pediatric,F508del,G542X,Heterozygous,111,Normal,Normal-Mild,no,naive
P17E0,sputum,T0,Phylum,Pseudomonadota,0,Pseudomonadota,P17,0,male,6,pediatric,F508del,c.580-1G>T,Heterozygous,122,Normal,Normal-Mild,no,naive
P17E12,sputum,T12,Phylum,Pseudomonadota,1.926959446349924,Pseudomonadota,P17,12,male,6,pediatric,F508del,c.580-1G>T,Heterozygous,134,Normal,Normal-Mild,no,naive
P20E0,sputum,T0,Phylum,Pseudomonadota,0.1977599406720178,Pseudomonadota,P20,0,male,11,pediatric,F508del,G542X,Heterozygous,77,Mild,Normal-Mild,no,naive
P20E12,sputum,T12,Phylum,Pseudomonadota,4.21592,Pseudomonadota,P20,12,male,11,pediatric,F508del,G542X,Heterozygous,87,Mild,Normal-Mild,no,naive
P25E0,sputum,T0,Phylum,Pseudomonadota,2.0981340149037506,Pseudomonadota,P25,0,female,7,pediatric,F508del,Dele 22-23,Heterozygous,109,Normal,Normal-Mild,no,naive
P25E12,sputum,T12,Phylum,Pseudomonadota,100,Pseudomonadota,P25,12,female,7,pediatric,F508del,Dele 22-23,Heterozygous,130,Normal,Normal-Mild,no,naive
P26E0,sputum,T0,Phylum,Pseudomonadota,21.008022930063678,Pseudomonadota,P26,0,female,11,pediatric,F508del,F508del,Homozygous,92,Normal,Normal-Mild,yes,lumiva
P26E12,sputum,T12,Phylum,Pseudomonadota,100,Pseudomonadota,P26,12,female,11,pediatric,F508del,F508del,Homozygous,96,Normal,Normal-Mild,yes,lumiva
P27E0,sputum,T0,Phylum,Pseudomonadota,12.384457195153404,Pseudomonadota,P27,0,male,9,pediatric,F508del,F508del,Homozygous,87,Mild,Normal-Mild,yes,lumiva
P27E12,sputum,T12,Phylum,Pseudomonadota,6.339135132674967,Pseudomonadota,P27,12,male,9,pediatric,F508del,F508del,Homozygous,97,Normal,Normal-Mild,yes,lumiva
P42E0,sputum,T0,Phylum,Pseudomonadota,0,Pseudomonadota,P42,0,male,17,pediatric,F508del,F508del,Homozygous,110,Normal,Normal-Mild,yes,teziva
P42E12,sputum,T12,Phylum,Pseudomonadota,100,Pseudomonadota,P42,12,male,17,pediatric,F508del,F508del,Homozygous,124,Normal,Normal-Mild,yes,teziva
A1E0,sputum,T0,Phylum,Bacteria_unclassified,0,Bacteria_unclassified,A1,0,male,30,adult,F508del,3849+10kbC>T,Heterozygous,84,Mild,Normal-Mild,yes,teziva
A1E12,sputum,T12,Phylum,Bacteria_unclassified,0,Bacteria_unclassified,A1,12,male,30,adult,F508del,3849+10kbC>T,Heterozygous,77,Mild,Normal-Mild,yes,teziva
A3E0,sputum,T0,Phylum,Bacteria_unclassified,0,Bacteria_unclassified,A3,0,male,38,adult,F508del,F508del,Homozygous,81,Mild,Normal-Mild,yes,teziva
A3E12,sputum,T12,Phylum,Bacteria_unclassified,0,Bacteria_unclassified,A3,12,male,38,adult,F508del,F508del,Homozygous,89,Mild,Normal-Mild,yes,teziva
A4E0,sputum,T0,Phylum,Bacteria_unclassified,0,Bacteria_unclassified,A4,0,female,66,adult,F508del,P205S,Heterozygous,32,Severe,Moderate-Severe,no,naive
A4E12,sputum,T12,Phylum,Bacteria_unclassified,0,Bacteria_unclassified,A4,12,female,66,adult,F508del,P205S,Heterozygous,39,Severe,Moderate-Severe,no,naive
A6E0,sputum,T0,Phylum,Bacteria_unclassified,0,Bacteria_unclassified,A6,0,male,46,adult,F508del,F508del,Homozygous,34,Severe,Moderate-Severe,yes,teziva
A6E12,sputum,T12,Phylum,Bacteria_unclassified,0,Bacteria_unclassified,A6,12,male,46,adult,F508del,F508del,Homozygous,55,Moderate,Moderate-Severe,yes,teziva
A7E0,sputum,T0,Phylum,Bacteria_unclassified,0,Bacteria_unclassified,A7,0,female,50,adult,F508del,R334W,Heterozygous,43,Moderate,Moderate-Severe,no,naive
A7E12,sputum,T12,Phylum,Bacteria_unclassified,0,Bacteria_unclassified,A7,12,female,50,adult,F508del,R334W,Heterozygous,72,Mild,Normal-Mild,no,naive
A8E0,sputum,T0,Phylum,Bacteria_unclassified,0,Bacteria_unclassified,A8,0,male,19,adult,F508del,F508del,Homozygous,81,Mild,Normal-Mild,yes,teziva
A8E12,sputum,T12,Phylum,Bacteria_unclassified,0,Bacteria_unclassified,A8,12,male,19,adult,F508del,F508del,Homozygous,96,Normal,Normal-Mild,yes,teziva
A9E0,sputum,T0,Phylum,Bacteria_unclassified,0,Bacteria_unclassified,A9,0,male,26,adult,F508del,F508del,Homozygous,30,Severe,Moderate-Severe,yes,lumiva_teziva
A9E12,sputum,T12,Phylum,Bacteria_unclassified,0,Bacteria_unclassified,A9,12,male,26,adult,F508del,F508del,Homozygous,46,Moderate,Moderate-Severe,yes,lumiva_teziva
A10E0,sputum,T0,Phylum,Bacteria_unclassified,0,Bacteria_unclassified,A10,0,male,21,adult,F508del,F508del,Homozygous,48,Moderate,Moderate-Severe,yes,teziva
A10E12,sputum,T12,Phylum,Bacteria_unclassified,0,Bacteria_unclassified,A10,12,male,21,adult,F508del,F508del,Homozygous,82,Mild,Normal-Mild,yes,teziva
A13E0,sputum,T0,Phylum,Bacteria_unclassified,0,Bacteria_unclassified,A13,0,male,37,adult,F508del,F508del,Homozygous,83,Mild,Normal-Mild,yes,teziva
A13E12,sputum,T12,Phylum,Bacteria_unclassified,0,Bacteria_unclassified,A13,12,male,37,adult,F508del,F508del,Homozygous,97,Normal,Normal-Mild,yes,teziva
A16E0,sputum,T0,Phylum,Bacteria_unclassified,0,Bacteria_unclassified,A16,0,male,46,adult,F508del,F508del,Homozygous,62,Moderate,Moderate-Severe,yes,teziva
A16E12,sputum,T12,Phylum,Bacteria_unclassified,0,Bacteria_unclassified,A16,12,male,46,adult,F508del,F508del,Homozygous,59,Moderate,Moderate-Severe,yes,teziva
A17E0,sputum,T0,Phylum,Bacteria_unclassified,0,Bacteria_unclassified,A17,0,male,54,adult,F508del,N1303K,Heterozygous,52,Moderate,Moderate-Severe,no,naive
A17E12,sputum,T12,Phylum,Bacteria_unclassified,0,Bacteria_unclassified,A17,12,male,54,adult,F508del,N1303K,Heterozygous,66,Moderate,Moderate-Severe,no,naive
A19E0,sputum,T0,Phylum,Bacteria_unclassified,0,Bacteria_unclassified,A19,0,female,48,adult,F508del,F508del,Homozygous,64,Moderate,Moderate-Severe,yes,teziva
A19E12,sputum,T12,Phylum,Bacteria_unclassified,0,Bacteria_unclassified,A19,12,female,48,adult,F508del,F508del,Homozygous,70,Mild,Normal-Mild,yes,teziva
A22E0,sputum,T0,Phylum,Bacteria_unclassified,0,Bacteria_unclassified,A22,0,male,56,adult,F508del,F508del,Homozygous,69,Moderate,Moderate-Severe,yes,teziva
A22E12,sputum,T12,Phylum,Bacteria_unclassified,0,Bacteria_unclassified,A22,12,male,56,adult,F508del,F508del,Homozygous,84,Mild,Normal-Mild,yes,teziva
A24E0,sputum,T0,Phylum,Bacteria_unclassified,0,Bacteria_unclassified,A24,0,female,63,adult,F508del,L206W,Heterozygous,43,Moderate,Moderate-Severe,yes,teziva
A24E12,sputum,T12,Phylum,Bacteria_unclassified,0,Bacteria_unclassified,A24,12,female,63,adult,F508del,L206W,Heterozygous,40,Moderate,Moderate-Severe,yes,teziva
A25E0,sputum,T0,Phylum,Bacteria_unclassified,0,Bacteria_unclassified,A25,0,female,23,adult,F508del,H1194/V754M,Heterozygous,63,Moderate,Moderate-Severe,no,naive
A25E12,sputum,T12,Phylum,Bacteria_unclassified,0,Bacteria_unclassified,A25,12,female,23,adult,F508del,H1194/V754M,Heterozygous,80,Mild,Normal-Mild,no,naive
A27E0,sputum,T0,Phylum,Bacteria_unclassified,0,Bacteria_unclassified,A27,0,female,49,adult,F508del,F508del,Homozygous,86,Mild,Normal-Mild,yes,teziva
A27E12,sputum,T12,Phylum,Bacteria_unclassified,0,Bacteria_unclassified,A27,12,female,49,adult,F508del,F508del,Homozygous,92,Normal,Normal-Mild,yes,teziva
A28E0,sputum,T0,Phylum,Bacteria_unclassified,0,Bacteria_unclassified,A28,0,female,38,adult,F508del,F508del,Homozygous,46,Moderate,Moderate-Severe,yes,teziva
A28E12,sputum,T12,Phylum,Bacteria_unclassified,0,Bacteria_unclassified,A28,12,female,38,adult,F508del,F508del,Homozygous,62,Moderate,Moderate-Severe,yes,teziva
A30E0,sputum,T0,Phylum,Bacteria_unclassified,0,Bacteria_unclassified,A30,0,male,26,adult,F508del,F508del,Homozygous,66,Moderate,Moderate-Severe,yes,teziva
A30E12,sputum,T12,Phylum,Bacteria_unclassified,0,Bacteria_unclassified,A30,12,male,26,adult,F508del,F508del,Homozygous,76,Mild,Normal-Mild,yes,teziva
P2E0,sputum,T0,Phylum,Bacteria_unclassified,0,Bacteria_unclassified,P2,0,female,12,pediatric,F508del,G85E,Heterozygous,85,Mild,Normal-Mild,no,naive
P2E12,sputum,T12,Phylum,Bacteria_unclassified,0,Bacteria_unclassified,P2,12,female,12,pediatric,F508del,G85E,Heterozygous,103,Normal,Normal-Mild,no,naive
P3E0,sputum,T0,Phylum,Bacteria_unclassified,0,Bacteria_unclassified,P3,0,female,15,pediatric,F508del,F508del,Homozygous,37,Severe,Moderate-Severe,yes,lumiva_teziva
P3E12,sputum,T12,Phylum,Bacteria_unclassified,0,Bacteria_unclassified,P3,12,female,15,pediatric,F508del,F508del,Homozygous,62,Moderate,Moderate-Severe,yes,lumiva_teziva
P4E0,sputum,T0,Phylum,Bacteria_unclassified,0,Bacteria_unclassified,P4,0,male,16,pediatric,F508del,F508del,Homozygous,97,Normal,Normal-Mild,yes,teziva
P4E12,sputum,T12,Phylum,Bacteria_unclassified,0,Bacteria_unclassified,P4,12,male,16,pediatric,F508del,F508del,Homozygous,94,Normal,Normal-Mild,yes,teziva
P5E0,sputum,T0,Phylum,Bacteria_unclassified,0,Bacteria_unclassified,P5,0,female,17,pediatric,F508del,F508del,Homozygous,87,Mild,Normal-Mild,yes,teziva
P5E12,sputum,T12,Phylum,Bacteria_unclassified,0,Bacteria_unclassified,P5,12,female,17,pediatric,F508del,F508del,Homozygous,100,Normal,Normal-Mild,yes,teziva
P11E0,sputum,T0,Phylum,Bacteria_unclassified,0,Bacteria_unclassified,P11,0,male,17,pediatric,F508del,H199Y,Heterozygous,76,Mild,Normal-Mild,no,naive
P11E12,sputum,T12,Phylum,Bacteria_unclassified,0,Bacteria_unclassified,P11,12,male,17,pediatric,F508del,H199Y,Heterozygous,87,Mild,Normal-Mild,no,naive
P14E0,sputum,T0,Phylum,Bacteria_unclassified,0,Bacteria_unclassified,P14,0,female,7,pediatric,F508del,G542X,Heterozygous,87,Mild,Normal-Mild,no,naive
P14E12,sputum,T12,Phylum,Bacteria_unclassified,0,Bacteria_unclassified,P14,12,female,7,pediatric,F508del,G542X,Heterozygous,111,Normal,Normal-Mild,no,naive
P17E0,sputum,T0,Phylum,Bacteria_unclassified,0,Bacteria_unclassified,P17,0,male,6,pediatric,F508del,c.580-1G>T,Heterozygous,122,Normal,Normal-Mild,no,naive
P17E12,sputum,T12,Phylum,Bacteria_unclassified,0,Bacteria_unclassified,P17,12,male,6,pediatric,F508del,c.580-1G>T,Heterozygous,134,Normal,Normal-Mild,no,naive
P20E0,sputum,T0,Phylum,Bacteria_unclassified,0,Bacteria_unclassified,P20,0,male,11,pediatric,F508del,G542X,Heterozygous,77,Mild,Normal-Mild,no,naive
P20E12,sputum,T12,Phylum,Bacteria_unclassified,0,Bacteria_unclassified,P20,12,male,11,pediatric,F508del,G542X,Heterozygous,87,Mild,Normal-Mild,no,naive
P25E0,sputum,T0,Phylum,Bacteria_unclassified,0,Bacteria_unclassified,P25,0,female,7,pediatric,F508del,Dele 22-23,Heterozygous,109,Normal,Normal-Mild,no,naive
P25E12,sputum,T12,Phylum,Bacteria_unclassified,0,Bacteria_unclassified,P25,12,female,7,pediatric,F508del,Dele 22-23,Heterozygous,130,Normal,Normal-Mild,no,naive
P26E0,sputum,T0,Phylum,Bacteria_unclassified,0,Bacteria_unclassified,P26,0,female,11,pediatric,F508del,F508del,Homozygous,92,Normal,Normal-Mild,yes,lumiva
P26E12,sputum,T12,Phylum,Bacteria_unclassified,0,Bacteria_unclassified,P26,12,female,11,pediatric,F508del,F508del,Homozygous,96,Normal,Normal-Mild,yes,lumiva
P27E0,sputum,T0,Phylum,Bacteria_unclassified,0,Bacteria_unclassified,P27,0,male,9,pediatric,F508del,F508del,Homozygous,87,Mild,Normal-Mild,yes,lumiva
P27E12,sputum,T12,Phylum,Bacteria_unclassified,0,Bacteria_unclassified,P27,12,male,9,pediatric,F508del,F508del,Homozygous,97,Normal,Normal-Mild,yes,lumiva
P42E0,sputum,T0,Phylum,Bacteria_unclassified,0,Bacteria_unclassified,P42,0,male,17,pediatric,F508del,F508del,Homozygous,110,Normal,Normal-Mild,yes,teziva
P42E12,sputum,T12,Phylum,Bacteria_unclassified,0,Bacteria_unclassified,P42,12,male,17,pediatric,F508del,F508del,Homozygous,124,Normal,Normal-Mild,yes,teziva
A1E0,sputum,T0,Phylum,Fusobacteriota,1.792567982616136,Fusobacteriota,A1,0,male,30,adult,F508del,3849+10kbC>T,Heterozygous,84,Mild,Normal-Mild,yes,teziva
A1E12,sputum,T12,Phylum,Fusobacteriota,5.600490694962843,Fusobacteriota,A1,12,male,30,adult,F508del,3849+10kbC>T,Heterozygous,77,Mild,Normal-Mild,yes,teziva
A3E0,sputum,T0,Phylum,Fusobacteriota,0.2514900502980101,Fusobacteriota,A3,0,male,38,adult,F508del,F508del,Homozygous,81,Mild,Normal-Mild,yes,teziva
A3E12,sputum,T12,Phylum,Fusobacteriota,0.24521993381885934,Fusobacteriota,A3,12,male,38,adult,F508del,F508del,Homozygous,89,Mild,Normal-Mild,yes,teziva
A4E0,sputum,T0,Phylum,Fusobacteriota,0,Fusobacteriota,A4,0,female,66,adult,F508del,P205S,Heterozygous,32,Severe,Moderate-Severe,no,naive
A4E12,sputum,T12,Phylum,Fusobacteriota,0,Fusobacteriota,A4,12,female,66,adult,F508del,P205S,Heterozygous,39,Severe,Moderate-Severe,no,naive
A6E0,sputum,T0,Phylum,Fusobacteriota,0,Fusobacteriota,A6,0,male,46,adult,F508del,F508del,Homozygous,34,Severe,Moderate-Severe,yes,teziva
A6E12,sputum,T12,Phylum,Fusobacteriota,0,Fusobacteriota,A6,12,male,46,adult,F508del,F508del,Homozygous,55,Moderate,Moderate-Severe,yes,teziva
A7E0,sputum,T0,Phylum,Fusobacteriota,0,Fusobacteriota,A7,0,female,50,adult,F508del,R334W,Heterozygous,43,Moderate,Moderate-Severe,no,naive
A7E12,sputum,T12,Phylum,Fusobacteriota,0,Fusobacteriota,A7,12,female,50,adult,F508del,R334W,Heterozygous,72,Mild,Normal-Mild,no,naive
A8E0,sputum,T0,Phylum,Fusobacteriota,1.1899513384862506,Fusobacteriota,A8,0,male,19,adult,F508del,F508del,Homozygous,81,Mild,Normal-Mild,yes,teziva
A8E12,sputum,T12,Phylum,Fusobacteriota,0.5208800520880053,Fusobacteriota,A8,12,male,19,adult,F508del,F508del,Homozygous,96,Normal,Normal-Mild,yes,teziva
A9E0,sputum,T0,Phylum,Fusobacteriota,0,Fusobacteriota,A9,0,male,26,adult,F508del,F508del,Homozygous,30,Severe,Moderate-Severe,yes,lumiva_teziva
A9E12,sputum,T12,Phylum,Fusobacteriota,0,Fusobacteriota,A9,12,male,26,adult,F508del,F508del,Homozygous,46,Moderate,Moderate-Severe,yes,lumiva_teziva
A10E0,sputum,T0,Phylum,Fusobacteriota,0,Fusobacteriota,A10,0,male,21,adult,F508del,F508del,Homozygous,48,Moderate,Moderate-Severe,yes,teziva
A10E12,sputum,T12,Phylum,Fusobacteriota,0,Fusobacteriota,A10,12,male,21,adult,F508del,F508del,Homozygous,82,Mild,Normal-Mild,yes,teziva
A13E0,sputum,T0,Phylum,Fusobacteriota,0,Fusobacteriota,A13,0,male,37,adult,F508del,F508del,Homozygous,83,Mild,Normal-Mild,yes,teziva
A13E12,sputum,T12,Phylum,Fusobacteriota,1.52661,Fusobacteriota,A13,12,male,37,adult,F508del,F508del,Homozygous,97,Normal,Normal-Mild,yes,teziva
A16E0,sputum,T0,Phylum,Fusobacteriota,2.6784000000000003,Fusobacteriota,A16,0,male,46,adult,F508del,F508del,Homozygous,62,Moderate,Moderate-Severe,yes,teziva
A16E12,sputum,T12,Phylum,Fusobacteriota,29.65341016278311,Fusobacteriota,A16,12,male,46,adult,F508del,F508del,Homozygous,59,Moderate,Moderate-Severe,yes,teziva
A17E0,sputum,T0,Phylum,Fusobacteriota,0,Fusobacteriota,A17,0,male,54,adult,F508del,N1303K,Heterozygous,52,Moderate,Moderate-Severe,no,naive
A17E12,sputum,T12,Phylum,Fusobacteriota,0,Fusobacteriota,A17,12,male,54,adult,F508del,N1303K,Heterozygous,66,Moderate,Moderate-Severe,no,naive
A19E0,sputum,T0,Phylum,Fusobacteriota,0,Fusobacteriota,A19,0,female,48,adult,F508del,F508del,Homozygous,64,Moderate,Moderate-Severe,yes,teziva
A19E12,sputum,T12,Phylum,Fusobacteriota,0.045411238836403786,Fusobacteriota,A19,12,female,48,adult,F508del,F508del,Homozygous,70,Mild,Normal-Mild,yes,teziva
A22E0,sputum,T0,Phylum,Fusobacteriota,0,Fusobacteriota,A22,0,male,56,adult,F508del,F508del,Homozygous,69,Moderate,Moderate-Severe,yes,teziva
A22E12,sputum,T12,Phylum,Fusobacteriota,0.19211553144699295,Fusobacteriota,A22,12,male,56,adult,F508del,F508del,Homozygous,84,Mild,Normal-Mild,yes,teziva
A24E0,sputum,T0,Phylum,Fusobacteriota,0,Fusobacteriota,A24,0,female,63,adult,F508del,L206W,Heterozygous,43,Moderate,Moderate-Severe,yes,teziva
A24E12,sputum,T12,Phylum,Fusobacteriota,0,Fusobacteriota,A24,12,female,63,adult,F508del,L206W,Heterozygous,40,Moderate,Moderate-Severe,yes,teziva
A25E0,sputum,T0,Phylum,Fusobacteriota,0,Fusobacteriota,A25,0,female,23,adult,F508del,H1194/V754M,Heterozygous,63,Moderate,Moderate-Severe,no,naive
A25E12,sputum,T12,Phylum,Fusobacteriota,4.183189842122965,Fusobacteriota,A25,12,female,23,adult,F508del,H1194/V754M,Heterozygous,80,Mild,Normal-Mild,no,naive
A27E0,sputum,T0,Phylum,Fusobacteriota,0.08014700860443719,Fusobacteriota,A27,0,female,49,adult,F508del,F508del,Homozygous,86,Mild,Normal-Mild,yes,teziva
A27E12,sputum,T12,Phylum,Fusobacteriota,2.5386597461340257,Fusobacteriota,A27,12,female,49,adult,F508del,F508del,Homozygous,92,Normal,Normal-Mild,yes,teziva
A28E0,sputum,T0,Phylum,Fusobacteriota,0,Fusobacteriota,A28,0,female,38,adult,F508del,F508del,Homozygous,46,Moderate,Moderate-Severe,yes,teziva
A28E12,sputum,T12,Phylum,Fusobacteriota,0,Fusobacteriota,A28,12,female,38,adult,F508del,F508del,Homozygous,62,Moderate,Moderate-Severe,yes,teziva
A30E0,sputum,T0,Phylum,Fusobacteriota,0,Fusobacteriota,A30,0,male,26,adult,F508del,F508del,Homozygous,66,Moderate,Moderate-Severe,yes,teziva
A30E12,sputum,T12,Phylum,Fusobacteriota,0.68252027782768665,Fusobacteriota,A30,12,male,26,adult,F508del,F508del,Homozygous,76,Mild,Normal-Mild,yes,teziva
P2E0,sputum,T0,Phylum,Fusobacteriota,0,Fusobacteriota,P2,0,female,12,pediatric,F508del,G85E,Heterozygous,85,Mild,Normal-Mild,no,naive
P2E12,sputum,T12,Phylum,Fusobacteriota,0,Fusobacteriota,P2,12,female,12,pediatric,F508del,G85E,Heterozygous,103,Normal,Normal-Mild,no,naive
P3E0,sputum,T0,Phylum,Fusobacteriota,4.468390446839045,Fusobacteriota,P3,0,female,15,pediatric,F508del,F508del,Homozygous,37,Severe,Moderate-Severe,yes,lumiva_teziva
P3E12,sputum,T12,Phylum,Fusobacteriota,0,Fusobacteriota,P3,12,female,15,pediatric,F508del,F508del,Homozygous,62,Moderate,Moderate-Severe,yes,lumiva_teziva
P4E0,sputum,T0,Phylum,Fusobacteriota,0,Fusobacteriota,P4,0,male,16,pediatric,F508del,F508del,Homozygous,97,Normal,Normal-Mild,yes,teziva
P4E12,sputum,T12,Phylum,Fusobacteriota,2.4641612476198387,Fusobacteriota,P4,12,male,16,pediatric,F508del,F508del,Homozygous,94,Normal,Normal-Mild,yes,teziva
P5E0,sputum,T0,Phylum,Fusobacteriota,0.22369002236900223,Fusobacteriota,P5,0,female,17,pediatric,F508del,F508del,Homozygous,87,Mild,Normal-Mild,yes,teziva
P5E12,sputum,T12,Phylum,Fusobacteriota,0,Fusobacteriota,P5,12,female,17,pediatric,F508del,F508del,Homozygous,100,Normal,Normal-Mild,yes,teziva
P11E0,sputum,T0,Phylum,Fusobacteriota,0,Fusobacteriota,P11,0,male,17,pediatric,F508del,H199Y,Heterozygous,76,Mild,Normal-Mild,no,naive
P11E12,sputum,T12,Phylum,Fusobacteriota,0,Fusobacteriota,P11,12,male,17,pediatric,F508del,H199Y,Heterozygous,87,Mild,Normal-Mild,no,naive
P14E0,sputum,T0,Phylum,Fusobacteriota,0,Fusobacteriota,P14,0,female,7,pediatric,F508del,G542X,Heterozygous,87,Mild,Normal-Mild,no,naive
P14E12,sputum,T12,Phylum,Fusobacteriota,0,Fusobacteriota,P14,12,female,7,pediatric,F508del,G542X,Heterozygous,111,Normal,Normal-Mild,no,naive
P17E0,sputum,T0,Phylum,Fusobacteriota,0,Fusobacteriota,P17,0,male,6,pediatric,F508del,c.580-1G>T,Heterozygous,122,Normal,Normal-Mild,no,naive
P17E12,sputum,T12,Phylum,Fusobacteriota,1.5023283545370696,Fusobacteriota,P17,12,male,6,pediatric,F508del,c.580-1G>T,Heterozygous,134,Normal,Normal-Mild,no,naive
P20E0,sputum,T0,Phylum,Fusobacteriota,0.31730990480702853,Fusobacteriota,P20,0,male,11,pediatric,F508del,G542X,Heterozygous,77,Mild,Normal-Mild,no,naive
P20E12,sputum,T12,Phylum,Fusobacteriota,4.45859,Fusobacteriota,P20,12,male,11,pediatric,F508del,G542X,Heterozygous,87,Mild,Normal-Mild,no,naive
P25E0,sputum,T0,Phylum,Fusobacteriota,0,Fusobacteriota,P25,0,female,7,pediatric,F508del,Dele 22-23,Heterozygous,109,Normal,Normal-Mild,no,naive
P25E12,sputum,T12,Phylum,Fusobacteriota,0,Fusobacteriota,P25,12,female,7,pediatric,F508del,Dele 22-23,Heterozygous,130,Normal,Normal-Mild,no,naive
P26E0,sputum,T0,Phylum,Fusobacteriota,0,Fusobacteriota,P26,0,female,11,pediatric,F508del,F508del,Homozygous,92,Normal,Normal-Mild,yes,lumiva
P26E12,sputum,T12,Phylum,Fusobacteriota,0,Fusobacteriota,P26,12,female,11,pediatric,F508del,F508del,Homozygous,96,Normal,Normal-Mild,yes,lumiva
P27E0,sputum,T0,Phylum,Fusobacteriota,2.0327026359698173,Fusobacteriota,P27,0,male,9,pediatric,F508del,F508del,Homozygous,87,Mild,Normal-Mild,yes,lumiva
P27E12,sputum,T12,Phylum,Fusobacteriota,27.22557062077371,Fusobacteriota,P27,12,male,9,pediatric,F508del,F508del,Homozygous,97,Normal,Normal-Mild,yes,lumiva
P42E0,sputum,T0,Phylum,Fusobacteriota,2.0991804947947212,Fusobacteriota,P42,0,male,17,pediatric,F508del,F508del,Homozygous,110,Normal,Normal-Mild,yes,teziva
P42E12,sputum,T12,Phylum,Fusobacteriota,0,Fusobacteriota,P42,12,male,17,pediatric,F508del,F508del,Homozygous,124,Normal,Normal-Mild,yes,teziva
A1E0,sputum,T0,Phylum,Mycoplasmatota,0.6170316387651821,Mycoplasmatota,A1,0,male,30,adult,F508del,3849+10kbC>T,Heterozygous,84,Mild,Normal-Mild,yes,teziva
A1E12,sputum,T12,Phylum,Mycoplasmatota,2.281352842042926,Mycoplasmatota,A1,12,male,30,adult,F508del,3849+10kbC>T,Heterozygous,77,Mild,Normal-Mild,yes,teziva
A3E0,sputum,T0,Phylum,Mycoplasmatota,0.25125005025001007,Mycoplasmatota,A3,0,male,38,adult,F508del,F508del,Homozygous,81,Mild,Normal-Mild,yes,teziva
A3E12,sputum,T12,Phylum,Mycoplasmatota,0.09367749983425672,Mycoplasmatota,A3,12,male,38,adult,F508del,F508del,Homozygous,89,Mild,Normal-Mild,yes,teziva
A4E0,sputum,T0,Phylum,Mycoplasmatota,0,Mycoplasmatota,A4,0,female,66,adult,F508del,P205S,Heterozygous,32,Severe,Moderate-Severe,no,naive
A4E12,sputum,T12,Phylum,Mycoplasmatota,0,Mycoplasmatota,A4,12,female,66,adult,F508del,P205S,Heterozygous,39,Severe,Moderate-Severe,no,naive
A6E0,sputum,T0,Phylum,Mycoplasmatota,0,Mycoplasmatota,A6,0,male,46,adult,F508del,F508del,Homozygous,34,Severe,Moderate-Severe,yes,teziva
A6E12,sputum,T12,Phylum,Mycoplasmatota,0,Mycoplasmatota,A6,12,male,46,adult,F508del,F508del,Homozygous,55,Moderate,Moderate-Severe,yes,teziva
A7E0,sputum,T0,Phylum,Mycoplasmatota,0,Mycoplasmatota,A7,0,female,50,adult,F508del,R334W,Heterozygous,43,Moderate,Moderate-Severe,no,naive
A7E12,sputum,T12,Phylum,Mycoplasmatota,0,Mycoplasmatota,A7,12,female,50,adult,F508del,R334W,Heterozygous,72,Mild,Normal-Mild,no,naive
A8E0,sputum,T0,Phylum,Mycoplasmatota,0.24329245991803558,Mycoplasmatota,A8,0,male,19,adult,F508del,F508del,Homozygous,81,Mild,Normal-Mild,yes,teziva
A8E12,sputum,T12,Phylum,Mycoplasmatota,0,Mycoplasmatota,A8,12,male,19,adult,F508del,F508del,Homozygous,96,Normal,Normal-Mild,yes,teziva
A9E0,sputum,T0,Phylum,Mycoplasmatota,0,Mycoplasmatota,A9,0,male,26,adult,F508del,F508del,Homozygous,30,Severe,Moderate-Severe,yes,lumiva_teziva
A9E12,sputum,T12,Phylum,Mycoplasmatota,0,Mycoplasmatota,A9,12,male,26,adult,F508del,F508del,Homozygous,46,Moderate,Moderate-Severe,yes,lumiva_teziva
A10E0,sputum,T0,Phylum,Mycoplasmatota,0,Mycoplasmatota,A10,0,male,21,adult,F508del,F508del,Homozygous,48,Moderate,Moderate-Severe,yes,teziva
A10E12,sputum,T12,Phylum,Mycoplasmatota,0,Mycoplasmatota,A10,12,male,21,adult,F508del,F508del,Homozygous,82,Mild,Normal-Mild,yes,teziva
A13E0,sputum,T0,Phylum,Mycoplasmatota,0,Mycoplasmatota,A13,0,male,37,adult,F508del,F508del,Homozygous,83,Mild,Normal-Mild,yes,teziva
A13E12,sputum,T12,Phylum,Mycoplasmatota,0,Mycoplasmatota,A13,12,male,37,adult,F508del,F508del,Homozygous,97,Normal,Normal-Mild,yes,teziva
A16E0,sputum,T0,Phylum,Mycoplasmatota,0,Mycoplasmatota,A16,0,male,46,adult,F508del,F508del,Homozygous,62,Moderate,Moderate-Severe,yes,teziva
A16E12,sputum,T12,Phylum,Mycoplasmatota,0,Mycoplasmatota,A16,12,male,46,adult,F508del,F508del,Homozygous,59,Moderate,Moderate-Severe,yes,teziva
A17E0,sputum,T0,Phylum,Mycoplasmatota,0,Mycoplasmatota,A17,0,male,54,adult,F508del,N1303K,Heterozygous,52,Moderate,Moderate-Severe,no,naive
A17E12,sputum,T12,Phylum,Mycoplasmatota,0,Mycoplasmatota,A17,12,male,54,adult,F508del,N1303K,Heterozygous,66,Moderate,Moderate-Severe,no,naive
A19E0,sputum,T0,Phylum,Mycoplasmatota,0,Mycoplasmatota,A19,0,female,48,adult,F508del,F508del,Homozygous,64,Moderate,Moderate-Severe,yes,teziva
A19E12,sputum,T12,Phylum,Mycoplasmatota,1.3811159479288464,Mycoplasmatota,A19,12,female,48,adult,F508del,F508del,Homozygous,70,Mild,Normal-Mild,yes,teziva
A22E0,sputum,T0,Phylum,Mycoplasmatota,0,Mycoplasmatota,A22,0,male,56,adult,F508del,F508del,Homozygous,69,Moderate,Moderate-Severe,yes,teziva
A22E12,sputum,T12,Phylum,Mycoplasmatota,0,Mycoplasmatota,A22,12,male,56,adult,F508del,F508del,Homozygous,84,Mild,Normal-Mild,yes,teziva
A24E0,sputum,T0,Phylum,Mycoplasmatota,0,Mycoplasmatota,A24,0,female,63,adult,F508del,L206W,Heterozygous,43,Moderate,Moderate-Severe,yes,teziva
A24E12,sputum,T12,Phylum,Mycoplasmatota,0,Mycoplasmatota,A24,12,female,63,adult,F508del,L206W,Heterozygous,40,Moderate,Moderate-Severe,yes,teziva
A25E0,sputum,T0,Phylum,Mycoplasmatota,0,Mycoplasmatota,A25,0,female,23,adult,F508del,H1194/V754M,Heterozygous,63,Moderate,Moderate-Severe,no,naive
A25E12,sputum,T12,Phylum,Mycoplasmatota,0.6191363728428629,Mycoplasmatota,A25,12,female,23,adult,F508del,H1194/V754M,Heterozygous,80,Mild,Normal-Mild,no,naive
A27E0,sputum,T0,Phylum,Mycoplasmatota,0.060361721716268524,Mycoplasmatota,A27,0,female,49,adult,F508del,F508del,Homozygous,86,Mild,Normal-Mild,yes,teziva
A27E12,sputum,T12,Phylum,Mycoplasmatota,0,Mycoplasmatota,A27,12,female,49,adult,F508del,F508del,Homozygous,92,Normal,Normal-Mild,yes,teziva
A28E0,sputum,T0,Phylum,Mycoplasmatota,0,Mycoplasmatota,A28,0,female,38,adult,F508del,F508del,Homozygous,46,Moderate,Moderate-Severe,yes,teziva
A28E12,sputum,T12,Phylum,Mycoplasmatota,0,Mycoplasmatota,A28,12,female,38,adult,F508del,F508del,Homozygous,62,Moderate,Moderate-Severe,yes,teziva
A30E0,sputum,T0,Phylum,Mycoplasmatota,0,Mycoplasmatota,A30,0,male,26,adult,F508del,F508del,Homozygous,66,Moderate,Moderate-Severe,yes,teziva
A30E12,sputum,T12,Phylum,Mycoplasmatota,0,Mycoplasmatota,A30,12,male,26,adult,F508del,F508del,Homozygous,76,Mild,Normal-Mild,yes,teziva
P2E0,sputum,T0,Phylum,Mycoplasmatota,0,Mycoplasmatota,P2,0,female,12,pediatric,F508del,G85E,Heterozygous,85,Mild,Normal-Mild,no,naive
P2E12,sputum,T12,Phylum,Mycoplasmatota,0,Mycoplasmatota,P2,12,female,12,pediatric,F508del,G85E,Heterozygous,103,Normal,Normal-Mild,no,naive
P3E0,sputum,T0,Phylum,Mycoplasmatota,0,Mycoplasmatota,P3,0,female,15,pediatric,F508del,F508del,Homozygous,37,Severe,Moderate-Severe,yes,lumiva_teziva
P3E12,sputum,T12,Phylum,Mycoplasmatota,0,Mycoplasmatota,P3,12,female,15,pediatric,F508del,F508del,Homozygous,62,Moderate,Moderate-Severe,yes,lumiva_teziva
P4E0,sputum,T0,Phylum,Mycoplasmatota,0,Mycoplasmatota,P4,0,male,16,pediatric,F508del,F508del,Homozygous,97,Normal,Normal-Mild,yes,teziva
P4E12,sputum,T12,Phylum,Mycoplasmatota,0,Mycoplasmatota,P4,12,male,16,pediatric,F508del,F508del,Homozygous,94,Normal,Normal-Mild,yes,teziva
P5E0,sputum,T0,Phylum,Mycoplasmatota,0,Mycoplasmatota,P5,0,female,17,pediatric,F508del,F508del,Homozygous,87,Mild,Normal-Mild,yes,teziva
P5E12,sputum,T12,Phylum,Mycoplasmatota,0,Mycoplasmatota,P5,12,female,17,pediatric,F508del,F508del,Homozygous,100,Normal,Normal-Mild,yes,teziva
P11E0,sputum,T0,Phylum,Mycoplasmatota,3.3959406791881355,Mycoplasmatota,P11,0,male,17,pediatric,F508del,H199Y,Heterozygous,76,Mild,Normal-Mild,no,naive
P11E12,sputum,T12,Phylum,Mycoplasmatota,0,Mycoplasmatota,P11,12,male,17,pediatric,F508del,H199Y,Heterozygous,87,Mild,Normal-Mild,no,naive
P14E0,sputum,T0,Phylum,Mycoplasmatota,0,Mycoplasmatota,P14,0,female,7,pediatric,F508del,G542X,Heterozygous,87,Mild,Normal-Mild,no,naive
P14E12,sputum,T12,Phylum,Mycoplasmatota,0,Mycoplasmatota,P14,12,female,7,pediatric,F508del,G542X,Heterozygous,111,Normal,Normal-Mild,no,naive
P17E0,sputum,T0,Phylum,Mycoplasmatota,0,Mycoplasmatota,P17,0,male,6,pediatric,F508del,c.580-1G>T,Heterozygous,122,Normal,Normal-Mild,no,naive
P17E12,sputum,T12,Phylum,Mycoplasmatota,0,Mycoplasmatota,P17,12,male,6,pediatric,F508del,c.580-1G>T,Heterozygous,134,Normal,Normal-Mild,no,naive
P20E0,sputum,T0,Phylum,Mycoplasmatota,0,Mycoplasmatota,P20,0,male,11,pediatric,F508del,G542X,Heterozygous,77,Mild,Normal-Mild,no,naive
P20E12,sputum,T12,Phylum,Mycoplasmatota,0,Mycoplasmatota,P20,12,male,11,pediatric,F508del,G542X,Heterozygous,87,Mild,Normal-Mild,no,naive
P25E0,sputum,T0,Phylum,Mycoplasmatota,0,Mycoplasmatota,P25,0,female,7,pediatric,F508del,Dele 22-23,Heterozygous,109,Normal,Normal-Mild,no,naive
P25E12,sputum,T12,Phylum,Mycoplasmatota,0,Mycoplasmatota,P25,12,female,7,pediatric,F508del,Dele 22-23,Heterozygous,130,Normal,Normal-Mild,no,naive
P26E0,sputum,T0,Phylum,Mycoplasmatota,0,Mycoplasmatota,P26,0,female,11,pediatric,F508del,F508del,Homozygous,92,Normal,Normal-Mild,yes,lumiva
P26E12,sputum,T12,Phylum,Mycoplasmatota,0,Mycoplasmatota,P26,12,female,11,pediatric,F508del,F508del,Homozygous,96,Normal,Normal-Mild,yes,lumiva
P27E0,sputum,T0,Phylum,Mycoplasmatota,0.2507549722376994,Mycoplasmatota,P27,0,male,9,pediatric,F508del,F508del,Homozygous,87,Mild,Normal-Mild,yes,lumiva
P27E12,sputum,T12,Phylum,Mycoplasmatota,0,Mycoplasmatota,P27,12,male,9,pediatric,F508del,F508del,Homozygous,97,Normal,Normal-Mild,yes,lumiva
P42E0,sputum,T0,Phylum,Mycoplasmatota,0,Mycoplasmatota,P42,0,male,17,pediatric,F508del,F508del,Homozygous,110,Normal,Normal-Mild,yes,teziva
P42E12,sputum,T12,Phylum,Mycoplasmatota,0,Mycoplasmatota,P42,12,male,17,pediatric,F508del,F508del,Homozygous,124,Normal,Normal-Mild,yes,teziva
A1E0,sputum,T0,Phylum,Candidatus_Saccharibacteria,4.722126020972352,Candidatus_Saccharibacteria,A1,0,male,30,adult,F508del,3849+10kbC>T,Heterozygous,84,Mild,Normal-Mild,yes,teziva
A1E12,sputum,T12,Phylum,Candidatus_Saccharibacteria,3.8823494623884582,Candidatus_Saccharibacteria,A1,12,male,30,adult,F508del,3849+10kbC>T,Heterozygous,77,Mild,Normal-Mild,yes,teziva
A3E0,sputum,T0,Phylum,Candidatus_Saccharibacteria,1.921810384362077,Candidatus_Saccharibacteria,A3,0,male,38,adult,F508del,F508del,Homozygous,81,Mild,Normal-Mild,yes,teziva
A3E12,sputum,T12,Phylum,Candidatus_Saccharibacteria,1.3174737880260647,Candidatus_Saccharibacteria,A3,12,male,38,adult,F508del,F508del,Homozygous,89,Mild,Normal-Mild,yes,teziva
A4E0,sputum,T0,Phylum,Candidatus_Saccharibacteria,0,Candidatus_Saccharibacteria,A4,0,female,66,adult,F508del,P205S,Heterozygous,32,Severe,Moderate-Severe,no,naive
A4E12,sputum,T12,Phylum,Candidatus_Saccharibacteria,0,Candidatus_Saccharibacteria,A4,12,female,66,adult,F508del,P205S,Heterozygous,39,Severe,Moderate-Severe,no,naive
A6E0,sputum,T0,Phylum,Candidatus_Saccharibacteria,3.02419969758003,Candidatus_Saccharibacteria,A6,0,male,46,adult,F508del,F508del,Homozygous,34,Severe,Moderate-Severe,yes,teziva
A6E12,sputum,T12,Phylum,Candidatus_Saccharibacteria,6.56645,Candidatus_Saccharibacteria,A6,12,male,46,adult,F508del,F508del,Homozygous,55,Moderate,Moderate-Severe,yes,teziva
A7E0,sputum,T0,Phylum,Candidatus_Saccharibacteria,0,Candidatus_Saccharibacteria,A7,0,female,50,adult,F508del,R334W,Heterozygous,43,Moderate,Moderate-Severe,no,naive
A7E12,sputum,T12,Phylum,Candidatus_Saccharibacteria,0,Candidatus_Saccharibacteria,A7,12,female,50,adult,F508del,R334W,Heterozygous,72,Mild,Normal-Mild,no,naive
A8E0,sputum,T0,Phylum,Candidatus_Saccharibacteria,0.09420859392288594,Candidatus_Saccharibacteria,A8,0,male,19,adult,F508del,F508del,Homozygous,81,Mild,Normal-Mild,yes,teziva
A8E12,sputum,T12,Phylum,Candidatus_Saccharibacteria,0,Candidatus_Saccharibacteria,A8,12,male,19,adult,F508del,F508del,Homozygous,96,Normal,Normal-Mild,yes,teziva
A9E0,sputum,T0,Phylum,Candidatus_Saccharibacteria,0,Candidatus_Saccharibacteria,A9,0,male,26,adult,F508del,F508del,Homozygous,30,Severe,Moderate-Severe,yes,lumiva_teziva
A9E12,sputum,T12,Phylum,Candidatus_Saccharibacteria,0,Candidatus_Saccharibacteria,A9,12,male,26,adult,F508del,F508del,Homozygous,46,Moderate,Moderate-Severe,yes,lumiva_teziva
A10E0,sputum,T0,Phylum,Candidatus_Saccharibacteria,0,Candidatus_Saccharibacteria,A10,0,male,21,adult,F508del,F508del,Homozygous,48,Moderate,Moderate-Severe,yes,teziva
A10E12,sputum,T12,Phylum,Candidatus_Saccharibacteria,0,Candidatus_Saccharibacteria,A10,12,male,21,adult,F508del,F508del,Homozygous,82,Mild,Normal-Mild,yes,teziva
A13E0,sputum,T0,Phylum,Candidatus_Saccharibacteria,0,Candidatus_Saccharibacteria,A13,0,male,37,adult,F508del,F508del,Homozygous,83,Mild,Normal-Mild,yes,teziva
A13E12,sputum,T12,Phylum,Candidatus_Saccharibacteria,0,Candidatus_Saccharibacteria,A13,12,male,37,adult,F508del,F508del,Homozygous,97,Normal,Normal-Mild,yes,teziva
A16E0,sputum,T0,Phylum,Candidatus_Saccharibacteria,0.37481,Candidatus_Saccharibacteria,A16,0,male,46,adult,F508del,F508del,Homozygous,62,Moderate,Moderate-Severe,yes,teziva
A16E12,sputum,T12,Phylum,Candidatus_Saccharibacteria,0.2261035708015899,Candidatus_Saccharibacteria,A16,12,male,46,adult,F508del,F508del,Homozygous,59,Moderate,Moderate-Severe,yes,teziva
A17E0,sputum,T0,Phylum,Candidatus_Saccharibacteria,0,Candidatus_Saccharibacteria,A17,0,male,54,adult,F508del,N1303K,Heterozygous,52,Moderate,Moderate-Severe,no,naive
A17E12,sputum,T12,Phylum,Candidatus_Saccharibacteria,0,Candidatus_Saccharibacteria,A17,12,male,54,adult,F508del,N1303K,Heterozygous,66,Moderate,Moderate-Severe,no,naive
A19E0,sputum,T0,Phylum,Candidatus_Saccharibacteria,0,Candidatus_Saccharibacteria,A19,0,female,48,adult,F508del,F508del,Homozygous,64,Moderate,Moderate-Severe,yes,teziva
A19E12,sputum,T12,Phylum,Candidatus_Saccharibacteria,0,Candidatus_Saccharibacteria,A19,12,female,48,adult,F508del,F508del,Homozygous,70,Mild,Normal-Mild,yes,teziva
A22E0,sputum,T0,Phylum,Candidatus_Saccharibacteria,0,Candidatus_Saccharibacteria,A22,0,male,56,adult,F508del,F508del,Homozygous,69,Moderate,Moderate-Severe,yes,teziva
A22E12,sputum,T12,Phylum,Candidatus_Saccharibacteria,0.807283504266948,Candidatus_Saccharibacteria,A22,12,male,56,adult,F508del,F508del,Homozygous,84,Mild,Normal-Mild,yes,teziva
A24E0,sputum,T0,Phylum,Candidatus_Saccharibacteria,0,Candidatus_Saccharibacteria,A24,0,female,63,adult,F508del,L206W,Heterozygous,43,Moderate,Moderate-Severe,yes,teziva
A24E12,sputum,T12,Phylum,Candidatus_Saccharibacteria,0,Candidatus_Saccharibacteria,A24,12,female,63,adult,F508del,L206W,Heterozygous,40,Moderate,Moderate-Severe,yes,teziva
A25E0,sputum,T0,Phylum,Candidatus_Saccharibacteria,0,Candidatus_Saccharibacteria,A25,0,female,23,adult,F508del,H1194/V754M,Heterozygous,63,Moderate,Moderate-Severe,no,naive
A25E12,sputum,T12,Phylum,Candidatus_Saccharibacteria,0.33085122540573475,Candidatus_Saccharibacteria,A25,12,female,23,adult,F508del,H1194/V754M,Heterozygous,80,Mild,Normal-Mild,no,naive
A27E0,sputum,T0,Phylum,Candidatus_Saccharibacteria,0.010581658264541658,Candidatus_Saccharibacteria,A27,0,female,49,adult,F508del,F508del,Homozygous,86,Mild,Normal-Mild,yes,teziva
A27E12,sputum,T12,Phylum,Candidatus_Saccharibacteria,3.104449689555031,Candidatus_Saccharibacteria,A27,12,female,49,adult,F508del,F508del,Homozygous,92,Normal,Normal-Mild,yes,teziva
A28E0,sputum,T0,Phylum,Candidatus_Saccharibacteria,0,Candidatus_Saccharibacteria,A28,0,female,38,adult,F508del,F508del,Homozygous,46,Moderate,Moderate-Severe,yes,teziva
A28E12,sputum,T12,Phylum,Candidatus_Saccharibacteria,0,Candidatus_Saccharibacteria,A28,12,female,38,adult,F508del,F508del,Homozygous,62,Moderate,Moderate-Severe,yes,teziva
A30E0,sputum,T0,Phylum,Candidatus_Saccharibacteria,0,Candidatus_Saccharibacteria,A30,0,male,26,adult,F508del,F508del,Homozygous,66,Moderate,Moderate-Severe,yes,teziva
A30E12,sputum,T12,Phylum,Candidatus_Saccharibacteria,5.203209246462812,Candidatus_Saccharibacteria,A30,12,male,26,adult,F508del,F508del,Homozygous,76,Mild,Normal-Mild,yes,teziva
P2E0,sputum,T0,Phylum,Candidatus_Saccharibacteria,0,Candidatus_Saccharibacteria,P2,0,female,12,pediatric,F508del,G85E,Heterozygous,85,Mild,Normal-Mild,no,naive
P2E12,sputum,T12,Phylum,Candidatus_Saccharibacteria,0,Candidatus_Saccharibacteria,P2,12,female,12,pediatric,F508del,G85E,Heterozygous,103,Normal,Normal-Mild,no,naive
P3E0,sputum,T0,Phylum,Candidatus_Saccharibacteria,0.2576900257690026,Candidatus_Saccharibacteria,P3,0,female,15,pediatric,F508del,F508del,Homozygous,37,Severe,Moderate-Severe,yes,lumiva_teziva
P3E12,sputum,T12,Phylum,Candidatus_Saccharibacteria,0,Candidatus_Saccharibacteria,P3,12,female,15,pediatric,F508del,F508del,Homozygous,62,Moderate,Moderate-Severe,yes,lumiva_teziva
P4E0,sputum,T0,Phylum,Candidatus_Saccharibacteria,0.7799698440060312,Candidatus_Saccharibacteria,P4,0,male,16,pediatric,F508del,F508del,Homozygous,97,Normal,Normal-Mild,yes,teziva
P4E12,sputum,T12,Phylum,Candidatus_Saccharibacteria,5.765538964606012,Candidatus_Saccharibacteria,P4,12,male,16,pediatric,F508del,F508del,Homozygous,94,Normal,Normal-Mild,yes,teziva
P5E0,sputum,T0,Phylum,Candidatus_Saccharibacteria,1.0830801083080108,Candidatus_Saccharibacteria,P5,0,female,17,pediatric,F508del,F508del,Homozygous,87,Mild,Normal-Mild,yes,teziva
P5E12,sputum,T12,Phylum,Candidatus_Saccharibacteria,7.697158178128874,Candidatus_Saccharibacteria,P5,12,female,17,pediatric,F508del,F508del,Homozygous,100,Normal,Normal-Mild,yes,teziva
P11E0,sputum,T0,Phylum,Candidatus_Saccharibacteria,0,Candidatus_Saccharibacteria,P11,0,male,17,pediatric,F508del,H199Y,Heterozygous,76,Mild,Normal-Mild,no,naive
P11E12,sputum,T12,Phylum,Candidatus_Saccharibacteria,0,Candidatus_Saccharibacteria,P11,12,male,17,pediatric,F508del,H199Y,Heterozygous,87,Mild,Normal-Mild,no,naive
P14E0,sputum,T0,Phylum,Candidatus_Saccharibacteria,1.9168801916880192,Candidatus_Saccharibacteria,P14,0,female,7,pediatric,F508del,G542X,Heterozygous,87,Mild,Normal-Mild,no,naive
P14E12,sputum,T12,Phylum,Candidatus_Saccharibacteria,0,Candidatus_Saccharibacteria,P14,12,female,7,pediatric,F508del,G542X,Heterozygous,111,Normal,Normal-Mild,no,naive
P17E0,sputum,T0,Phylum,Candidatus_Saccharibacteria,0,Candidatus_Saccharibacteria,P17,0,male,6,pediatric,F508del,c.580-1G>T,Heterozygous,122,Normal,Normal-Mild,no,naive
P17E12,sputum,T12,Phylum,Candidatus_Saccharibacteria,5.24310198287961,Candidatus_Saccharibacteria,P17,12,male,6,pediatric,F508del,c.580-1G>T,Heterozygous,134,Normal,Normal-Mild,no,naive
P20E0,sputum,T0,Phylum,Candidatus_Saccharibacteria,0,Candidatus_Saccharibacteria,P20,0,male,11,pediatric,F508del,G542X,Heterozygous,77,Mild,Normal-Mild,no,naive
P20E12,sputum,T12,Phylum,Candidatus_Saccharibacteria,2.37742,Candidatus_Saccharibacteria,P20,12,male,11,pediatric,F508del,G542X,Heterozygous,87,Mild,Normal-Mild,no,naive
P25E0,sputum,T0,Phylum,Candidatus_Saccharibacteria,0,Candidatus_Saccharibacteria,P25,0,female,7,pediatric,F508del,Dele 22-23,Heterozygous,109,Normal,Normal-Mild,no,naive
P25E12,sputum,T12,Phylum,Candidatus_Saccharibacteria,0,Candidatus_Saccharibacteria,P25,12,female,7,pediatric,F508del,Dele 22-23,Heterozygous,130,Normal,Normal-Mild,no,naive
P26E0,sputum,T0,Phylum,Candidatus_Saccharibacteria,0,Candidatus_Saccharibacteria,P26,0,female,11,pediatric,F508del,F508del,Homozygous,92,Normal,Normal-Mild,yes,lumiva
P26E12,sputum,T12,Phylum,Candidatus_Saccharibacteria,0,Candidatus_Saccharibacteria,P26,12,female,11,pediatric,F508del,F508del,Homozygous,96,Normal,Normal-Mild,yes,lumiva
P27E0,sputum,T0,Phylum,Candidatus_Saccharibacteria,0,Candidatus_Saccharibacteria,P27,0,male,9,pediatric,F508del,F508del,Homozygous,87,Mild,Normal-Mild,yes,lumiva
P27E12,sputum,T12,Phylum,Candidatus_Saccharibacteria,1.422232401803331,Candidatus_Saccharibacteria,P27,12,male,9,pediatric,F508del,F508del,Homozygous,97,Normal,Normal-Mild,yes,lumiva
P42E0,sputum,T0,Phylum,Candidatus_Saccharibacteria,11.417400938809731,Candidatus_Saccharibacteria,P42,0,male,17,pediatric,F508del,F508del,Homozygous,110,Normal,Normal-Mild,yes,teziva
P42E12,sputum,T12,Phylum,Candidatus_Saccharibacteria,0,Candidatus_Saccharibacteria,P42,12,male,17,pediatric,F508del,F508del,Homozygous,124,Normal,Normal-Mild,yes,teziva
A1E0,sputum,T0,Phylum,Spirochaetota,1.3396967658550336,Spirochaetota,A1,0,male,30,adult,F508del,3849+10kbC>T,Heterozygous,84,Mild,Normal-Mild,yes,teziva
A1E12,sputum,T12,Phylum,Spirochaetota,3.1990261442713672,Spirochaetota,A1,12,male,30,adult,F508del,3849+10kbC>T,Heterozygous,77,Mild,Normal-Mild,yes,teziva
A3E0,sputum,T0,Phylum,Spirochaetota,0.2096700419340084,Spirochaetota,A3,0,male,38,adult,F508del,F508del,Homozygous,81,Mild,Normal-Mild,yes,teziva
A3E12,sputum,T12,Phylum,Spirochaetota,0.1307519176647483,Spirochaetota,A3,12,male,38,adult,F508del,F508del,Homozygous,89,Mild,Normal-Mild,yes,teziva
A4E0,sputum,T0,Phylum,Spirochaetota,0,Spirochaetota,A4,0,female,66,adult,F508del,P205S,Heterozygous,32,Severe,Moderate-Severe,no,naive
A4E12,sputum,T12,Phylum,Spirochaetota,0,Spirochaetota,A4,12,female,66,adult,F508del,P205S,Heterozygous,39,Severe,Moderate-Severe,no,naive
A6E0,sputum,T0,Phylum,Spirochaetota,0,Spirochaetota,A6,0,male,46,adult,F508del,F508del,Homozygous,34,Severe,Moderate-Severe,yes,teziva
A6E12,sputum,T12,Phylum,Spirochaetota,0,Spirochaetota,A6,12,male,46,adult,F508del,F508del,Homozygous,55,Moderate,Moderate-Severe,yes,teziva
A7E0,sputum,T0,Phylum,Spirochaetota,0,Spirochaetota,A7,0,female,50,adult,F508del,R334W,Heterozygous,43,Moderate,Moderate-Severe,no,naive
A7E12,sputum,T12,Phylum,Spirochaetota,0,Spirochaetota,A7,12,female,50,adult,F508del,R334W,Heterozygous,72,Mild,Normal-Mild,no,naive
A8E0,sputum,T0,Phylum,Spirochaetota,0.4037280938326862,Spirochaetota,A8,0,male,19,adult,F508del,F508del,Homozygous,81,Mild,Normal-Mild,yes,teziva
A8E12,sputum,T12,Phylum,Spirochaetota,0,Spirochaetota,A8,12,male,19,adult,F508del,F508del,Homozygous,96,Normal,Normal-Mild,yes,teziva
A9E0,sputum,T0,Phylum,Spirochaetota,0,Spirochaetota,A9,0,male,26,adult,F508del,F508del,Homozygous,30,Severe,Moderate-Severe,yes,lumiva_teziva
A9E12,sputum,T12,Phylum,Spirochaetota,0,Spirochaetota,A9,12,male,26,adult,F508del,F508del,Homozygous,46,Moderate,Moderate-Severe,yes,lumiva_teziva
A10E0,sputum,T0,Phylum,Spirochaetota,0,Spirochaetota,A10,0,male,21,adult,F508del,F508del,Homozygous,48,Moderate,Moderate-Severe,yes,teziva
A10E12,sputum,T12,Phylum,Spirochaetota,0,Spirochaetota,A10,12,male,21,adult,F508del,F508del,Homozygous,82,Mild,Normal-Mild,yes,teziva
A13E0,sputum,T0,Phylum,Spirochaetota,0,Spirochaetota,A13,0,male,37,adult,F508del,F508del,Homozygous,83,Mild,Normal-Mild,yes,teziva
A13E12,sputum,T12,Phylum,Spirochaetota,0,Spirochaetota,A13,12,male,37,adult,F508del,F508del,Homozygous,97,Normal,Normal-Mild,yes,teziva
A16E0,sputum,T0,Phylum,Spirochaetota,0,Spirochaetota,A16,0,male,46,adult,F508del,F508del,Homozygous,62,Moderate,Moderate-Severe,yes,teziva
A16E12,sputum,T12,Phylum,Spirochaetota,1.2515238281919776,Spirochaetota,A16,12,male,46,adult,F508del,F508del,Homozygous,59,Moderate,Moderate-Severe,yes,teziva
A17E0,sputum,T0,Phylum,Spirochaetota,0,Spirochaetota,A17,0,male,54,adult,F508del,N1303K,Heterozygous,52,Moderate,Moderate-Severe,no,naive
A17E12,sputum,T12,Phylum,Spirochaetota,0,Spirochaetota,A17,12,male,54,adult,F508del,N1303K,Heterozygous,66,Moderate,Moderate-Severe,no,naive
A19E0,sputum,T0,Phylum,Spirochaetota,0,Spirochaetota,A19,0,female,48,adult,F508del,F508del,Homozygous,64,Moderate,Moderate-Severe,yes,teziva
A19E12,sputum,T12,Phylum,Spirochaetota,0,Spirochaetota,A19,12,female,48,adult,F508del,F508del,Homozygous,70,Mild,Normal-Mild,yes,teziva
A22E0,sputum,T0,Phylum,Spirochaetota,0,Spirochaetota,A22,0,male,56,adult,F508del,F508del,Homozygous,69,Moderate,Moderate-Severe,yes,teziva
A22E12,sputum,T12,Phylum,Spirochaetota,0.07497067568604163,Spirochaetota,A22,12,male,56,adult,F508del,F508del,Homozygous,84,Mild,Normal-Mild,yes,teziva
A24E0,sputum,T0,Phylum,Spirochaetota,0,Spirochaetota,A24,0,female,63,adult,F508del,L206W,Heterozygous,43,Moderate,Moderate-Severe,yes,teziva
A24E12,sputum,T12,Phylum,Spirochaetota,0,Spirochaetota,A24,12,female,63,adult,F508del,L206W,Heterozygous,40,Moderate,Moderate-Severe,yes,teziva
A25E0,sputum,T0,Phylum,Spirochaetota,0,Spirochaetota,A25,0,female,23,adult,F508del,H1194/V754M,Heterozygous,63,Moderate,Moderate-Severe,no,naive
A25E12,sputum,T12,Phylum,Spirochaetota,0.646007695806285,Spirochaetota,A25,12,female,23,adult,F508del,H1194/V754M,Heterozygous,80,Mild,Normal-Mild,no,naive
A27E0,sputum,T0,Phylum,Spirochaetota,0.08019730165702532,Spirochaetota,A27,0,female,49,adult,F508del,F508del,Homozygous,86,Mild,Normal-Mild,yes,teziva
A27E12,sputum,T12,Phylum,Spirochaetota,0.0704799929520007,Spirochaetota,A27,12,female,49,adult,F508del,F508del,Homozygous,92,Normal,Normal-Mild,yes,teziva
A28E0,sputum,T0,Phylum,Spirochaetota,0,Spirochaetota,A28,0,female,38,adult,F508del,F508del,Homozygous,46,Moderate,Moderate-Severe,yes,teziva
A28E12,sputum,T12,Phylum,Spirochaetota,0,Spirochaetota,A28,12,female,38,adult,F508del,F508del,Homozygous,62,Moderate,Moderate-Severe,yes,teziva
A30E0,sputum,T0,Phylum,Spirochaetota,0,Spirochaetota,A30,0,male,26,adult,F508del,F508del,Homozygous,66,Moderate,Moderate-Severe,yes,teziva
A30E12,sputum,T12,Phylum,Spirochaetota,0,Spirochaetota,A30,12,male,26,adult,F508del,F508del,Homozygous,76,Mild,Normal-Mild,yes,teziva
P2E0,sputum,T0,Phylum,Spirochaetota,0,Spirochaetota,P2,0,female,12,pediatric,F508del,G85E,Heterozygous,85,Mild,Normal-Mild,no,naive
P2E12,sputum,T12,Phylum,Spirochaetota,0,Spirochaetota,P2,12,female,12,pediatric,F508del,G85E,Heterozygous,103,Normal,Normal-Mild,no,naive
P3E0,sputum,T0,Phylum,Spirochaetota,0,Spirochaetota,P3,0,female,15,pediatric,F508del,F508del,Homozygous,37,Severe,Moderate-Severe,yes,lumiva_teziva
P3E12,sputum,T12,Phylum,Spirochaetota,0,Spirochaetota,P3,12,female,15,pediatric,F508del,F508del,Homozygous,62,Moderate,Moderate-Severe,yes,lumiva_teziva
P4E0,sputum,T0,Phylum,Spirochaetota,0,Spirochaetota,P4,0,male,16,pediatric,F508del,F508del,Homozygous,97,Normal,Normal-Mild,yes,teziva
P4E12,sputum,T12,Phylum,Spirochaetota,0,Spirochaetota,P4,12,male,16,pediatric,F508del,F508del,Homozygous,94,Normal,Normal-Mild,yes,teziva
P5E0,sputum,T0,Phylum,Spirochaetota,0,Spirochaetota,P5,0,female,17,pediatric,F508del,F508del,Homozygous,87,Mild,Normal-Mild,yes,teziva
P5E12,sputum,T12,Phylum,Spirochaetota,0,Spirochaetota,P5,12,female,17,pediatric,F508del,F508del,Homozygous,100,Normal,Normal-Mild,yes,teziva
P11E0,sputum,T0,Phylum,Spirochaetota,0,Spirochaetota,P11,0,male,17,pediatric,F508del,H199Y,Heterozygous,76,Mild,Normal-Mild,no,naive
P11E12,sputum,T12,Phylum,Spirochaetota,0,Spirochaetota,P11,12,male,17,pediatric,F508del,H199Y,Heterozygous,87,Mild,Normal-Mild,no,naive
P14E0,sputum,T0,Phylum,Spirochaetota,0,Spirochaetota,P14,0,female,7,pediatric,F508del,G542X,Heterozygous,87,Mild,Normal-Mild,no,naive
P14E12,sputum,T12,Phylum,Spirochaetota,0,Spirochaetota,P14,12,female,7,pediatric,F508del,G542X,Heterozygous,111,Normal,Normal-Mild,no,naive
P17E0,sputum,T0,Phylum,Spirochaetota,0,Spirochaetota,P17,0,male,6,pediatric,F508del,c.580-1G>T,Heterozygous,122,Normal,Normal-Mild,no,naive
P17E12,sputum,T12,Phylum,Spirochaetota,0.017621730041165254,Spirochaetota,P17,12,male,6,pediatric,F508del,c.580-1G>T,Heterozygous,134,Normal,Normal-Mild,no,naive
P20E0,sputum,T0,Phylum,Spirochaetota,0,Spirochaetota,P20,0,male,11,pediatric,F508del,G542X,Heterozygous,77,Mild,Normal-Mild,no,naive
P20E12,sputum,T12,Phylum,Spirochaetota,2.23434,Spirochaetota,P20,12,male,11,pediatric,F508del,G542X,Heterozygous,87,Mild,Normal-Mild,no,naive
P25E0,sputum,T0,Phylum,Spirochaetota,0,Spirochaetota,P25,0,female,7,pediatric,F508del,Dele 22-23,Heterozygous,109,Normal,Normal-Mild,no,naive
P25E12,sputum,T12,Phylum,Spirochaetota,0,Spirochaetota,P25,12,female,7,pediatric,F508del,Dele 22-23,Heterozygous,130,Normal,Normal-Mild,no,naive
P26E0,sputum,T0,Phylum,Spirochaetota,0,Spirochaetota,P26,0,female,11,pediatric,F508del,F508del,Homozygous,92,Normal,Normal-Mild,yes,lumiva
P26E12,sputum,T12,Phylum,Spirochaetota,0,Spirochaetota,P26,12,female,11,pediatric,F508del,F508del,Homozygous,96,Normal,Normal-Mild,yes,lumiva
P27E0,sputum,T0,Phylum,Spirochaetota,0,Spirochaetota,P27,0,male,9,pediatric,F508del,F508del,Homozygous,87,Mild,Normal-Mild,yes,lumiva
P27E12,sputum,T12,Phylum,Spirochaetota,0.10073992537533577,Spirochaetota,P27,12,male,9,pediatric,F508del,F508del,Homozygous,97,Normal,Normal-Mild,yes,lumiva
P42E0,sputum,T0,Phylum,Spirochaetota,0,Spirochaetota,P42,0,male,17,pediatric,F508del,F508del,Homozygous,110,Normal,Normal-Mild,yes,teziva
P42E12,sputum,T12,Phylum,Spirochaetota,0,Spirochaetota,P42,12,male,17,pediatric,F508del,F508del,Homozygous,124,Normal,Normal-Mild,yes,teziva
A1E0,sputum,T0,Phylum,Verrucomicrobiota,0,Verrucomicrobiota,A1,0,male,30,adult,F508del,3849+10kbC>T,Heterozygous,84,Mild,Normal-Mild,yes,teziva
A1E12,sputum,T12,Phylum,Verrucomicrobiota,0,Verrucomicrobiota,A1,12,male,30,adult,F508del,3849+10kbC>T,Heterozygous,77,Mild,Normal-Mild,yes,teziva
A3E0,sputum,T0,Phylum,Verrucomicrobiota,0,Verrucomicrobiota,A3,0,male,38,adult,F508del,F508del,Homozygous,81,Mild,Normal-Mild,yes,teziva
A3E12,sputum,T12,Phylum,Verrucomicrobiota,0,Verrucomicrobiota,A3,12,male,38,adult,F508del,F508del,Homozygous,89,Mild,Normal-Mild,yes,teziva
A4E0,sputum,T0,Phylum,Verrucomicrobiota,0,Verrucomicrobiota,A4,0,female,66,adult,F508del,P205S,Heterozygous,32,Severe,Moderate-Severe,no,naive
A4E12,sputum,T12,Phylum,Verrucomicrobiota,0,Verrucomicrobiota,A4,12,female,66,adult,F508del,P205S,Heterozygous,39,Severe,Moderate-Severe,no,naive
A6E0,sputum,T0,Phylum,Verrucomicrobiota,0,Verrucomicrobiota,A6,0,male,46,adult,F508del,F508del,Homozygous,34,Severe,Moderate-Severe,yes,teziva
A6E12,sputum,T12,Phylum,Verrucomicrobiota,0,Verrucomicrobiota,A6,12,male,46,adult,F508del,F508del,Homozygous,55,Moderate,Moderate-Severe,yes,teziva
A7E0,sputum,T0,Phylum,Verrucomicrobiota,0,Verrucomicrobiota,A7,0,female,50,adult,F508del,R334W,Heterozygous,43,Moderate,Moderate-Severe,no,naive
A7E12,sputum,T12,Phylum,Verrucomicrobiota,0,Verrucomicrobiota,A7,12,female,50,adult,F508del,R334W,Heterozygous,72,Mild,Normal-Mild,no,naive
A8E0,sputum,T0,Phylum,Verrucomicrobiota,0,Verrucomicrobiota,A8,0,male,19,adult,F508del,F508del,Homozygous,81,Mild,Normal-Mild,yes,teziva
A8E12,sputum,T12,Phylum,Verrucomicrobiota,0,Verrucomicrobiota,A8,12,male,19,adult,F508del,F508del,Homozygous,96,Normal,Normal-Mild,yes,teziva
A9E0,sputum,T0,Phylum,Verrucomicrobiota,0,Verrucomicrobiota,A9,0,male,26,adult,F508del,F508del,Homozygous,30,Severe,Moderate-Severe,yes,lumiva_teziva
A9E12,sputum,T12,Phylum,Verrucomicrobiota,0,Verrucomicrobiota,A9,12,male,26,adult,F508del,F508del,Homozygous,46,Moderate,Moderate-Severe,yes,lumiva_teziva
A10E0,sputum,T0,Phylum,Verrucomicrobiota,0,Verrucomicrobiota,A10,0,male,21,adult,F508del,F508del,Homozygous,48,Moderate,Moderate-Severe,yes,teziva
A10E12,sputum,T12,Phylum,Verrucomicrobiota,0,Verrucomicrobiota,A10,12,male,21,adult,F508del,F508del,Homozygous,82,Mild,Normal-Mild,yes,teziva
A13E0,sputum,T0,Phylum,Verrucomicrobiota,0,Verrucomicrobiota,A13,0,male,37,adult,F508del,F508del,Homozygous,83,Mild,Normal-Mild,yes,teziva
A13E12,sputum,T12,Phylum,Verrucomicrobiota,0,Verrucomicrobiota,A13,12,male,37,adult,F508del,F508del,Homozygous,97,Normal,Normal-Mild,yes,teziva
A16E0,sputum,T0,Phylum,Verrucomicrobiota,0,Verrucomicrobiota,A16,0,male,46,adult,F508del,F508del,Homozygous,62,Moderate,Moderate-Severe,yes,teziva
A16E12,sputum,T12,Phylum,Verrucomicrobiota,0,Verrucomicrobiota,A16,12,male,46,adult,F508del,F508del,Homozygous,59,Moderate,Moderate-Severe,yes,teziva
A17E0,sputum,T0,Phylum,Verrucomicrobiota,0,Verrucomicrobiota,A17,0,male,54,adult,F508del,N1303K,Heterozygous,52,Moderate,Moderate-Severe,no,naive
A17E12,sputum,T12,Phylum,Verrucomicrobiota,0,Verrucomicrobiota,A17,12,male,54,adult,F508del,N1303K,Heterozygous,66,Moderate,Moderate-Severe,no,naive
A19E0,sputum,T0,Phylum,Verrucomicrobiota,0,Verrucomicrobiota,A19,0,female,48,adult,F508del,F508del,Homozygous,64,Moderate,Moderate-Severe,yes,teziva
A19E12,sputum,T12,Phylum,Verrucomicrobiota,0,Verrucomicrobiota,A19,12,female,48,adult,F508del,F508del,Homozygous,70,Mild,Normal-Mild,yes,teziva
A22E0,sputum,T0,Phylum,Verrucomicrobiota,0,Verrucomicrobiota,A22,0,male,56,adult,F508del,F508del,Homozygous,69,Moderate,Moderate-Severe,yes,teziva
A22E12,sputum,T12,Phylum,Verrucomicrobiota,0,Verrucomicrobiota,A22,12,male,56,adult,F508del,F508del,Homozygous,84,Mild,Normal-Mild,yes,teziva
A24E0,sputum,T0,Phylum,Verrucomicrobiota,0,Verrucomicrobiota,A24,0,female,63,adult,F508del,L206W,Heterozygous,43,Moderate,Moderate-Severe,yes,teziva
A24E12,sputum,T12,Phylum,Verrucomicrobiota,0,Verrucomicrobiota,A24,12,female,63,adult,F508del,L206W,Heterozygous,40,Moderate,Moderate-Severe,yes,teziva
A25E0,sputum,T0,Phylum,Verrucomicrobiota,0,Verrucomicrobiota,A25,0,female,23,adult,F508del,H1194/V754M,Heterozygous,63,Moderate,Moderate-Severe,no,naive
A25E12,sputum,T12,Phylum,Verrucomicrobiota,0,Verrucomicrobiota,A25,12,female,23,adult,F508del,H1194/V754M,Heterozygous,80,Mild,Normal-Mild,no,naive
A27E0,sputum,T0,Phylum,Verrucomicrobiota,0,Verrucomicrobiota,A27,0,female,49,adult,F508del,F508del,Homozygous,86,Mild,Normal-Mild,yes,teziva
A27E12,sputum,T12,Phylum,Verrucomicrobiota,0,Verrucomicrobiota,A27,12,female,49,adult,F508del,F508del,Homozygous,92,Normal,Normal-Mild,yes,teziva
A28E0,sputum,T0,Phylum,Verrucomicrobiota,0,Verrucomicrobiota,A28,0,female,38,adult,F508del,F508del,Homozygous,46,Moderate,Moderate-Severe,yes,teziva
A28E12,sputum,T12,Phylum,Verrucomicrobiota,0,Verrucomicrobiota,A28,12,female,38,adult,F508del,F508del,Homozygous,62,Moderate,Moderate-Severe,yes,teziva
A30E0,sputum,T0,Phylum,Verrucomicrobiota,0,Verrucomicrobiota,A30,0,male,26,adult,F508del,F508del,Homozygous,66,Moderate,Moderate-Severe,yes,teziva
A30E12,sputum,T12,Phylum,Verrucomicrobiota,0,Verrucomicrobiota,A30,12,male,26,adult,F508del,F508del,Homozygous,76,Mild,Normal-Mild,yes,teziva
P2E0,sputum,T0,Phylum,Verrucomicrobiota,0,Verrucomicrobiota,P2,0,female,12,pediatric,F508del,G85E,Heterozygous,85,Mild,Normal-Mild,no,naive
P2E12,sputum,T12,Phylum,Verrucomicrobiota,0,Verrucomicrobiota,P2,12,female,12,pediatric,F508del,G85E,Heterozygous,103,Normal,Normal-Mild,no,naive
P3E0,sputum,T0,Phylum,Verrucomicrobiota,0,Verrucomicrobiota,P3,0,female,15,pediatric,F508del,F508del,Homozygous,37,Severe,Moderate-Severe,yes,lumiva_teziva
P3E12,sputum,T12,Phylum,Verrucomicrobiota,0,Verrucomicrobiota,P3,12,female,15,pediatric,F508del,F508del,Homozygous,62,Moderate,Moderate-Severe,yes,lumiva_teziva
P4E0,sputum,T0,Phylum,Verrucomicrobiota,0,Verrucomicrobiota,P4,0,male,16,pediatric,F508del,F508del,Homozygous,97,Normal,Normal-Mild,yes,teziva
P4E12,sputum,T12,Phylum,Verrucomicrobiota,0,Verrucomicrobiota,P4,12,male,16,pediatric,F508del,F508del,Homozygous,94,Normal,Normal-Mild,yes,teziva
P5E0,sputum,T0,Phylum,Verrucomicrobiota,0,Verrucomicrobiota,P5,0,female,17,pediatric,F508del,F508del,Homozygous,87,Mild,Normal-Mild,yes,teziva
P5E12,sputum,T12,Phylum,Verrucomicrobiota,0,Verrucomicrobiota,P5,12,female,17,pediatric,F508del,F508del,Homozygous,100,Normal,Normal-Mild,yes,teziva
P11E0,sputum,T0,Phylum,Verrucomicrobiota,0,Verrucomicrobiota,P11,0,male,17,pediatric,F508del,H199Y,Heterozygous,76,Mild,Normal-Mild,no,naive
P11E12,sputum,T12,Phylum,Verrucomicrobiota,0,Verrucomicrobiota,P11,12,male,17,pediatric,F508del,H199Y,Heterozygous,87,Mild,Normal-Mild,no,naive
P14E0,sputum,T0,Phylum,Verrucomicrobiota,0,Verrucomicrobiota,P14,0,female,7,pediatric,F508del,G542X,Heterozygous,87,Mild,Normal-Mild,no,naive
P14E12,sputum,T12,Phylum,Verrucomicrobiota,0,Verrucomicrobiota,P14,12,female,7,pediatric,F508del,G542X,Heterozygous,111,Normal,Normal-Mild,no,naive
P17E0,sputum,T0,Phylum,Verrucomicrobiota,0,Verrucomicrobiota,P17,0,male,6,pediatric,F508del,c.580-1G>T,Heterozygous,122,Normal,Normal-Mild,no,naive
P17E12,sputum,T12,Phylum,Verrucomicrobiota,0,Verrucomicrobiota,P17,12,male,6,pediatric,F508del,c.580-1G>T,Heterozygous,134,Normal,Normal-Mild,no,naive
P20E0,sputum,T0,Phylum,Verrucomicrobiota,0,Verrucomicrobiota,P20,0,male,11,pediatric,F508del,G542X,Heterozygous,77,Mild,Normal-Mild,no,naive
P20E12,sputum,T12,Phylum,Verrucomicrobiota,0,Verrucomicrobiota,P20,12,male,11,pediatric,F508del,G542X,Heterozygous,87,Mild,Normal-Mild,no,naive
P25E0,sputum,T0,Phylum,Verrucomicrobiota,0,Verrucomicrobiota,P25,0,female,7,pediatric,F508del,Dele 22-23,Heterozygous,109,Normal,Normal-Mild,no,naive
P25E12,sputum,T12,Phylum,Verrucomicrobiota,0,Verrucomicrobiota,P25,12,female,7,pediatric,F508del,Dele 22-23,Heterozygous,130,Normal,Normal-Mild,no,naive
P26E0,sputum,T0,Phylum,Verrucomicrobiota,0,Verrucomicrobiota,P26,0,female,11,pediatric,F508del,F508del,Homozygous,92,Normal,Normal-Mild,yes,lumiva
P26E12,sputum,T12,Phylum,Verrucomicrobiota,0,Verrucomicrobiota,P26,12,female,11,pediatric,F508del,F508del,Homozygous,96,Normal,Normal-Mild,yes,lumiva
P27E0,sputum,T0,Phylum,Verrucomicrobiota,0,Verrucomicrobiota,P27,0,male,9,pediatric,F508del,F508del,Homozygous,87,Mild,Normal-Mild,yes,lumiva
P27E12,sputum,T12,Phylum,Verrucomicrobiota,0,Verrucomicrobiota,P27,12,male,9,pediatric,F508del,F508del,Homozygous,97,Normal,Normal-Mild,yes,lumiva
P42E0,sputum,T0,Phylum,Verrucomicrobiota,0,Verrucomicrobiota,P42,0,male,17,pediatric,F508del,F508del,Homozygous,110,Normal,Normal-Mild,yes,teziva
P42E12,sputum,T12,Phylum,Verrucomicrobiota,0,Verrucomicrobiota,P42,12,male,17,pediatric,F508del,F508del,Homozygous,124,Normal,Normal-Mild,yes,teziva
A1E0,sputum,T0,Phylum,Synergistetes,0,Synergistetes,A1,0,male,30,adult,F508del,3849+10kbC>T,Heterozygous,84,Mild,Normal-Mild,yes,teziva
A1E12,sputum,T12,Phylum,Synergistetes,0,Synergistetes,A1,12,male,30,adult,F508del,3849+10kbC>T,Heterozygous,77,Mild,Normal-Mild,yes,teziva
A3E0,sputum,T0,Phylum,Synergistetes,0,Synergistetes,A3,0,male,38,adult,F508del,F508del,Homozygous,81,Mild,Normal-Mild,yes,teziva
A3E12,sputum,T12,Phylum,Synergistetes,0,Synergistetes,A3,12,male,38,adult,F508del,F508del,Homozygous,89,Mild,Normal-Mild,yes,teziva
A4E0,sputum,T0,Phylum,Synergistetes,0,Synergistetes,A4,0,female,66,adult,F508del,P205S,Heterozygous,32,Severe,Moderate-Severe,no,naive
A4E12,sputum,T12,Phylum,Synergistetes,0,Synergistetes,A4,12,female,66,adult,F508del,P205S,Heterozygous,39,Severe,Moderate-Severe,no,naive
A6E0,sputum,T0,Phylum,Synergistetes,0,Synergistetes,A6,0,male,46,adult,F508del,F508del,Homozygous,34,Severe,Moderate-Severe,yes,teziva
A6E12,sputum,T12,Phylum,Synergistetes,0,Synergistetes,A6,12,male,46,adult,F508del,F508del,Homozygous,55,Moderate,Moderate-Severe,yes,teziva
A7E0,sputum,T0,Phylum,Synergistetes,0,Synergistetes,A7,0,female,50,adult,F508del,R334W,Heterozygous,43,Moderate,Moderate-Severe,no,naive
A7E12,sputum,T12,Phylum,Synergistetes,0,Synergistetes,A7,12,female,50,adult,F508del,R334W,Heterozygous,72,Mild,Normal-Mild,no,naive
A8E0,sputum,T0,Phylum,Synergistetes,0,Synergistetes,A8,0,male,19,adult,F508del,F508del,Homozygous,81,Mild,Normal-Mild,yes,teziva
A8E12,sputum,T12,Phylum,Synergistetes,0,Synergistetes,A8,12,male,19,adult,F508del,F508del,Homozygous,96,Normal,Normal-Mild,yes,teziva
A9E0,sputum,T0,Phylum,Synergistetes,0,Synergistetes,A9,0,male,26,adult,F508del,F508del,Homozygous,30,Severe,Moderate-Severe,yes,lumiva_teziva
A9E12,sputum,T12,Phylum,Synergistetes,0,Synergistetes,A9,12,male,26,adult,F508del,F508del,Homozygous,46,Moderate,Moderate-Severe,yes,lumiva_teziva
A10E0,sputum,T0,Phylum,Synergistetes,0,Synergistetes,A10,0,male,21,adult,F508del,F508del,Homozygous,48,Moderate,Moderate-Severe,yes,teziva
A10E12,sputum,T12,Phylum,Synergistetes,0,Synergistetes,A10,12,male,21,adult,F508del,F508del,Homozygous,82,Mild,Normal-Mild,yes,teziva
A13E0,sputum,T0,Phylum,Synergistetes,0,Synergistetes,A13,0,male,37,adult,F508del,F508del,Homozygous,83,Mild,Normal-Mild,yes,teziva
A13E12,sputum,T12,Phylum,Synergistetes,0,Synergistetes,A13,12,male,37,adult,F508del,F508del,Homozygous,97,Normal,Normal-Mild,yes,teziva
A16E0,sputum,T0,Phylum,Synergistetes,0,Synergistetes,A16,0,male,46,adult,F508del,F508del,Homozygous,62,Moderate,Moderate-Severe,yes,teziva
A16E12,sputum,T12,Phylum,Synergistetes,0,Synergistetes,A16,12,male,46,adult,F508del,F508del,Homozygous,59,Moderate,Moderate-Severe,yes,teziva
A17E0,sputum,T0,Phylum,Synergistetes,0,Synergistetes,A17,0,male,54,adult,F508del,N1303K,Heterozygous,52,Moderate,Moderate-Severe,no,naive
A17E12,sputum,T12,Phylum,Synergistetes,0,Synergistetes,A17,12,male,54,adult,F508del,N1303K,Heterozygous,66,Moderate,Moderate-Severe,no,naive
A19E0,sputum,T0,Phylum,Synergistetes,0,Synergistetes,A19,0,female,48,adult,F508del,F508del,Homozygous,64,Moderate,Moderate-Severe,yes,teziva
A19E12,sputum,T12,Phylum,Synergistetes,0,Synergistetes,A19,12,female,48,adult,F508del,F508del,Homozygous,70,Mild,Normal-Mild,yes,teziva
A22E0,sputum,T0,Phylum,Synergistetes,0,Synergistetes,A22,0,male,56,adult,F508del,F508del,Homozygous,69,Moderate,Moderate-Severe,yes,teziva
A22E12,sputum,T12,Phylum,Synergistetes,0,Synergistetes,A22,12,male,56,adult,F508del,F508del,Homozygous,84,Mild,Normal-Mild,yes,teziva
A24E0,sputum,T0,Phylum,Synergistetes,0,Synergistetes,A24,0,female,63,adult,F508del,L206W,Heterozygous,43,Moderate,Moderate-Severe,yes,teziva
A24E12,sputum,T12,Phylum,Synergistetes,0,Synergistetes,A24,12,female,63,adult,F508del,L206W,Heterozygous,40,Moderate,Moderate-Severe,yes,teziva
A25E0,sputum,T0,Phylum,Synergistetes,0,Synergistetes,A25,0,female,23,adult,F508del,H1194/V754M,Heterozygous,63,Moderate,Moderate-Severe,no,naive
A25E12,sputum,T12,Phylum,Synergistetes,0,Synergistetes,A25,12,female,23,adult,F508del,H1194/V754M,Heterozygous,80,Mild,Normal-Mild,no,naive
A27E0,sputum,T0,Phylum,Synergistetes,0,Synergistetes,A27,0,female,49,adult,F508del,F508del,Homozygous,86,Mild,Normal-Mild,yes,teziva
A27E12,sputum,T12,Phylum,Synergistetes,0,Synergistetes,A27,12,female,49,adult,F508del,F508del,Homozygous,92,Normal,Normal-Mild,yes,teziva
A28E0,sputum,T0,Phylum,Synergistetes,0,Synergistetes,A28,0,female,38,adult,F508del,F508del,Homozygous,46,Moderate,Moderate-Severe,yes,teziva
A28E12,sputum,T12,Phylum,Synergistetes,0,Synergistetes,A28,12,female,38,adult,F508del,F508del,Homozygous,62,Moderate,Moderate-Severe,yes,teziva
A30E0,sputum,T0,Phylum,Synergistetes,0,Synergistetes,A30,0,male,26,adult,F508del,F508del,Homozygous,66,Moderate,Moderate-Severe,yes,teziva
A30E12,sputum,T12,Phylum,Synergistetes,0,Synergistetes,A30,12,male,26,adult,F508del,F508del,Homozygous,76,Mild,Normal-Mild,yes,teziva
P2E0,sputum,T0,Phylum,Synergistetes,0,Synergistetes,P2,0,female,12,pediatric,F508del,G85E,Heterozygous,85,Mild,Normal-Mild,no,naive
P2E12,sputum,T12,Phylum,Synergistetes,0,Synergistetes,P2,12,female,12,pediatric,F508del,G85E,Heterozygous,103,Normal,Normal-Mild,no,naive
P3E0,sputum,T0,Phylum,Synergistetes,0,Synergistetes,P3,0,female,15,pediatric,F508del,F508del,Homozygous,37,Severe,Moderate-Severe,yes,lumiva_teziva
P3E12,sputum,T12,Phylum,Synergistetes,0,Synergistetes,P3,12,female,15,pediatric,F508del,F508del,Homozygous,62,Moderate,Moderate-Severe,yes,lumiva_teziva
P4E0,sputum,T0,Phylum,Synergistetes,0,Synergistetes,P4,0,male,16,pediatric,F508del,F508del,Homozygous,97,Normal,Normal-Mild,yes,teziva
P4E12,sputum,T12,Phylum,Synergistetes,0,Synergistetes,P4,12,male,16,pediatric,F508del,F508del,Homozygous,94,Normal,Normal-Mild,yes,teziva
P5E0,sputum,T0,Phylum,Synergistetes,0,Synergistetes,P5,0,female,17,pediatric,F508del,F508del,Homozygous,87,Mild,Normal-Mild,yes,teziva
P5E12,sputum,T12,Phylum,Synergistetes,0,Synergistetes,P5,12,female,17,pediatric,F508del,F508del,Homozygous,100,Normal,Normal-Mild,yes,teziva
P11E0,sputum,T0,Phylum,Synergistetes,0,Synergistetes,P11,0,male,17,pediatric,F508del,H199Y,Heterozygous,76,Mild,Normal-Mild,no,naive
P11E12,sputum,T12,Phylum,Synergistetes,0,Synergistetes,P11,12,male,17,pediatric,F508del,H199Y,Heterozygous,87,Mild,Normal-Mild,no,naive
P14E0,sputum,T0,Phylum,Synergistetes,0,Synergistetes,P14,0,female,7,pediatric,F508del,G542X,Heterozygous,87,Mild,Normal-Mild,no,naive
P14E12,sputum,T12,Phylum,Synergistetes,0,Synergistetes,P14,12,female,7,pediatric,F508del,G542X,Heterozygous,111,Normal,Normal-Mild,no,naive
P17E0,sputum,T0,Phylum,Synergistetes,0,Synergistetes,P17,0,male,6,pediatric,F508del,c.580-1G>T,Heterozygous,122,Normal,Normal-Mild,no,naive
P17E12,sputum,T12,Phylum,Synergistetes,0,Synergistetes,P17,12,male,6,pediatric,F508del,c.580-1G>T,Heterozygous,134,Normal,Normal-Mild,no,naive
P20E0,sputum,T0,Phylum,Synergistetes,0,Synergistetes,P20,0,male,11,pediatric,F508del,G542X,Heterozygous,77,Mild,Normal-Mild,no,naive
P20E12,sputum,T12,Phylum,Synergistetes,0,Synergistetes,P20,12,male,11,pediatric,F508del,G542X,Heterozygous,87,Mild,Normal-Mild,no,naive
P25E0,sputum,T0,Phylum,Synergistetes,0,Synergistetes,P25,0,female,7,pediatric,F508del,Dele 22-23,Heterozygous,109,Normal,Normal-Mild,no,naive
P25E12,sputum,T12,Phylum,Synergistetes,0,Synergistetes,P25,12,female,7,pediatric,F508del,Dele 22-23,Heterozygous,130,Normal,Normal-Mild,no,naive
P26E0,sputum,T0,Phylum,Synergistetes,0,Synergistetes,P26,0,female,11,pediatric,F508del,F508del,Homozygous,92,Normal,Normal-Mild,yes,lumiva
P26E12,sputum,T12,Phylum,Synergistetes,0,Synergistetes,P26,12,female,11,pediatric,F508del,F508del,Homozygous,96,Normal,Normal-Mild,yes,lumiva
P27E0,sputum,T0,Phylum,Synergistetes,0,Synergistetes,P27,0,male,9,pediatric,F508del,F508del,Homozygous,87,Mild,Normal-Mild,yes,lumiva
P27E12,sputum,T12,Phylum,Synergistetes,0,Synergistetes,P27,12,male,9,pediatric,F508del,F508del,Homozygous,97,Normal,Normal-Mild,yes,lumiva
P42E0,sputum,T0,Phylum,Synergistetes,0,Synergistetes,P42,0,male,17,pediatric,F508del,F508del,Homozygous,110,Normal,Normal-Mild,yes,teziva
P42E12,sputum,T12,Phylum,Synergistetes,0,Synergistetes,P42,12,male,17,pediatric,F508del,F508del,Homozygous,124,Normal,Normal-Mild,yes,teziva
A1E0,sputum,T0,Phylum,Candidatus_Absconditabacteria,0,Candidatus_Absconditabacteria,A1,0,male,30,adult,F508del,3849+10kbC>T,Heterozygous,84,Mild,Normal-Mild,yes,teziva
A1E12,sputum,T12,Phylum,Candidatus_Absconditabacteria,0,Candidatus_Absconditabacteria,A1,12,male,30,adult,F508del,3849+10kbC>T,Heterozygous,77,Mild,Normal-Mild,yes,teziva
A3E0,sputum,T0,Phylum,Candidatus_Absconditabacteria,0,Candidatus_Absconditabacteria,A3,0,male,38,adult,F508del,F508del,Homozygous,81,Mild,Normal-Mild,yes,teziva
A3E12,sputum,T12,Phylum,Candidatus_Absconditabacteria,0,Candidatus_Absconditabacteria,A3,12,male,38,adult,F508del,F508del,Homozygous,89,Mild,Normal-Mild,yes,teziva
A4E0,sputum,T0,Phylum,Candidatus_Absconditabacteria,0,Candidatus_Absconditabacteria,A4,0,female,66,adult,F508del,P205S,Heterozygous,32,Severe,Moderate-Severe,no,naive
A4E12,sputum,T12,Phylum,Candidatus_Absconditabacteria,0,Candidatus_Absconditabacteria,A4,12,female,66,adult,F508del,P205S,Heterozygous,39,Severe,Moderate-Severe,no,naive
A6E0,sputum,T0,Phylum,Candidatus_Absconditabacteria,0,Candidatus_Absconditabacteria,A6,0,male,46,adult,F508del,F508del,Homozygous,34,Severe,Moderate-Severe,yes,teziva
A6E12,sputum,T12,Phylum,Candidatus_Absconditabacteria,0,Candidatus_Absconditabacteria,A6,12,male,46,adult,F508del,F508del,Homozygous,55,Moderate,Moderate-Severe,yes,teziva
A7E0,sputum,T0,Phylum,Candidatus_Absconditabacteria,0,Candidatus_Absconditabacteria,A7,0,female,50,adult,F508del,R334W,Heterozygous,43,Moderate,Moderate-Severe,no,naive
A7E12,sputum,T12,Phylum,Candidatus_Absconditabacteria,0,Candidatus_Absconditabacteria,A7,12,female,50,adult,F508del,R334W,Heterozygous,72,Mild,Normal-Mild,no,naive
A8E0,sputum,T0,Phylum,Candidatus_Absconditabacteria,0.03255449327047657,Candidatus_Absconditabacteria,A8,0,male,19,adult,F508del,F508del,Homozygous,81,Mild,Normal-Mild,yes,teziva
A8E12,sputum,T12,Phylum,Candidatus_Absconditabacteria,0,Candidatus_Absconditabacteria,A8,12,male,19,adult,F508del,F508del,Homozygous,96,Normal,Normal-Mild,yes,teziva
A9E0,sputum,T0,Phylum,Candidatus_Absconditabacteria,0,Candidatus_Absconditabacteria,A9,0,male,26,adult,F508del,F508del,Homozygous,30,Severe,Moderate-Severe,yes,lumiva_teziva
A9E12,sputum,T12,Phylum,Candidatus_Absconditabacteria,0,Candidatus_Absconditabacteria,A9,12,male,26,adult,F508del,F508del,Homozygous,46,Moderate,Moderate-Severe,yes,lumiva_teziva
A10E0,sputum,T0,Phylum,Candidatus_Absconditabacteria,0,Candidatus_Absconditabacteria,A10,0,male,21,adult,F508del,F508del,Homozygous,48,Moderate,Moderate-Severe,yes,teziva
A10E12,sputum,T12,Phylum,Candidatus_Absconditabacteria,0,Candidatus_Absconditabacteria,A10,12,male,21,adult,F508del,F508del,Homozygous,82,Mild,Normal-Mild,yes,teziva
A13E0,sputum,T0,Phylum,Candidatus_Absconditabacteria,0,Candidatus_Absconditabacteria,A13,0,male,37,adult,F508del,F508del,Homozygous,83,Mild,Normal-Mild,yes,teziva
A13E12,sputum,T12,Phylum,Candidatus_Absconditabacteria,0,Candidatus_Absconditabacteria,A13,12,male,37,adult,F508del,F508del,Homozygous,97,Normal,Normal-Mild,yes,teziva
A16E0,sputum,T0,Phylum,Candidatus_Absconditabacteria,0,Candidatus_Absconditabacteria,A16,0,male,46,adult,F508del,F508del,Homozygous,62,Moderate,Moderate-Severe,yes,teziva
A16E12,sputum,T12,Phylum,Candidatus_Absconditabacteria,0,Candidatus_Absconditabacteria,A16,12,male,46,adult,F508del,F508del,Homozygous,59,Moderate,Moderate-Severe,yes,teziva
A17E0,sputum,T0,Phylum,Candidatus_Absconditabacteria,0,Candidatus_Absconditabacteria,A17,0,male,54,adult,F508del,N1303K,Heterozygous,52,Moderate,Moderate-Severe,no,naive
A17E12,sputum,T12,Phylum,Candidatus_Absconditabacteria,0,Candidatus_Absconditabacteria,A17,12,male,54,adult,F508del,N1303K,Heterozygous,66,Moderate,Moderate-Severe,no,naive
A19E0,sputum,T0,Phylum,Candidatus_Absconditabacteria,0,Candidatus_Absconditabacteria,A19,0,female,48,adult,F508del,F508del,Homozygous,64,Moderate,Moderate-Severe,yes,teziva
A19E12,sputum,T12,Phylum,Candidatus_Absconditabacteria,0,Candidatus_Absconditabacteria,A19,12,female,48,adult,F508del,F508del,Homozygous,70,Mild,Normal-Mild,yes,teziva
A22E0,sputum,T0,Phylum,Candidatus_Absconditabacteria,0,Candidatus_Absconditabacteria,A22,0,male,56,adult,F508del,F508del,Homozygous,69,Moderate,Moderate-Severe,yes,teziva
A22E12,sputum,T12,Phylum,Candidatus_Absconditabacteria,0,Candidatus_Absconditabacteria,A22,12,male,56,adult,F508del,F508del,Homozygous,84,Mild,Normal-Mild,yes,teziva
A24E0,sputum,T0,Phylum,Candidatus_Absconditabacteria,0,Candidatus_Absconditabacteria,A24,0,female,63,adult,F508del,L206W,Heterozygous,43,Moderate,Moderate-Severe,yes,teziva
A24E12,sputum,T12,Phylum,Candidatus_Absconditabacteria,0,Candidatus_Absconditabacteria,A24,12,female,63,adult,F508del,L206W,Heterozygous,40,Moderate,Moderate-Severe,yes,teziva
A25E0,sputum,T0,Phylum,Candidatus_Absconditabacteria,0,Candidatus_Absconditabacteria,A25,0,female,23,adult,F508del,H1194/V754M,Heterozygous,63,Moderate,Moderate-Severe,no,naive
A25E12,sputum,T12,Phylum,Candidatus_Absconditabacteria,0,Candidatus_Absconditabacteria,A25,12,female,23,adult,F508del,H1194/V754M,Heterozygous,80,Mild,Normal-Mild,no,naive
A27E0,sputum,T0,Phylum,Candidatus_Absconditabacteria,0,Candidatus_Absconditabacteria,A27,0,female,49,adult,F508del,F508del,Homozygous,86,Mild,Normal-Mild,yes,teziva
A27E12,sputum,T12,Phylum,Candidatus_Absconditabacteria,0,Candidatus_Absconditabacteria,A27,12,female,49,adult,F508del,F508del,Homozygous,92,Normal,Normal-Mild,yes,teziva
A28E0,sputum,T0,Phylum,Candidatus_Absconditabacteria,0,Candidatus_Absconditabacteria,A28,0,female,38,adult,F508del,F508del,Homozygous,46,Moderate,Moderate-Severe,yes,teziva
A28E12,sputum,T12,Phylum,Candidatus_Absconditabacteria,0,Candidatus_Absconditabacteria,A28,12,female,38,adult,F508del,F508del,Homozygous,62,Moderate,Moderate-Severe,yes,teziva
A30E0,sputum,T0,Phylum,Candidatus_Absconditabacteria,0,Candidatus_Absconditabacteria,A30,0,male,26,adult,F508del,F508del,Homozygous,66,Moderate,Moderate-Severe,yes,teziva
A30E12,sputum,T12,Phylum,Candidatus_Absconditabacteria,0,Candidatus_Absconditabacteria,A30,12,male,26,adult,F508del,F508del,Homozygous,76,Mild,Normal-Mild,yes,teziva
P2E0,sputum,T0,Phylum,Candidatus_Absconditabacteria,0,Candidatus_Absconditabacteria,P2,0,female,12,pediatric,F508del,G85E,Heterozygous,85,Mild,Normal-Mild,no,naive
P2E12,sputum,T12,Phylum,Candidatus_Absconditabacteria,0,Candidatus_Absconditabacteria,P2,12,female,12,pediatric,F508del,G85E,Heterozygous,103,Normal,Normal-Mild,no,naive
P3E0,sputum,T0,Phylum,Candidatus_Absconditabacteria,0,Candidatus_Absconditabacteria,P3,0,female,15,pediatric,F508del,F508del,Homozygous,37,Severe,Moderate-Severe,yes,lumiva_teziva
P3E12,sputum,T12,Phylum,Candidatus_Absconditabacteria,0,Candidatus_Absconditabacteria,P3,12,female,15,pediatric,F508del,F508del,Homozygous,62,Moderate,Moderate-Severe,yes,lumiva_teziva
P4E0,sputum,T0,Phylum,Candidatus_Absconditabacteria,0,Candidatus_Absconditabacteria,P4,0,male,16,pediatric,F508del,F508del,Homozygous,97,Normal,Normal-Mild,yes,teziva
P4E12,sputum,T12,Phylum,Candidatus_Absconditabacteria,0,Candidatus_Absconditabacteria,P4,12,male,16,pediatric,F508del,F508del,Homozygous,94,Normal,Normal-Mild,yes,teziva
P5E0,sputum,T0,Phylum,Candidatus_Absconditabacteria,0,Candidatus_Absconditabacteria,P5,0,female,17,pediatric,F508del,F508del,Homozygous,87,Mild,Normal-Mild,yes,teziva
P5E12,sputum,T12,Phylum,Candidatus_Absconditabacteria,0,Candidatus_Absconditabacteria,P5,12,female,17,pediatric,F508del,F508del,Homozygous,100,Normal,Normal-Mild,yes,teziva
P11E0,sputum,T0,Phylum,Candidatus_Absconditabacteria,0,Candidatus_Absconditabacteria,P11,0,male,17,pediatric,F508del,H199Y,Heterozygous,76,Mild,Normal-Mild,no,naive
P11E12,sputum,T12,Phylum,Candidatus_Absconditabacteria,0,Candidatus_Absconditabacteria,P11,12,male,17,pediatric,F508del,H199Y,Heterozygous,87,Mild,Normal-Mild,no,naive
P14E0,sputum,T0,Phylum,Candidatus_Absconditabacteria,0,Candidatus_Absconditabacteria,P14,0,female,7,pediatric,F508del,G542X,Heterozygous,87,Mild,Normal-Mild,no,naive
P14E12,sputum,T12,Phylum,Candidatus_Absconditabacteria,0,Candidatus_Absconditabacteria,P14,12,female,7,pediatric,F508del,G542X,Heterozygous,111,Normal,Normal-Mild,no,naive
P17E0,sputum,T0,Phylum,Candidatus_Absconditabacteria,0,Candidatus_Absconditabacteria,P17,0,male,6,pediatric,F508del,c.580-1G>T,Heterozygous,122,Normal,Normal-Mild,no,naive
P17E12,sputum,T12,Phylum,Candidatus_Absconditabacteria,0,Candidatus_Absconditabacteria,P17,12,male,6,pediatric,F508del,c.580-1G>T,Heterozygous,134,Normal,Normal-Mild,no,naive
P20E0,sputum,T0,Phylum,Candidatus_Absconditabacteria,0,Candidatus_Absconditabacteria,P20,0,male,11,pediatric,F508del,G542X,Heterozygous,77,Mild,Normal-Mild,no,naive
P20E12,sputum,T12,Phylum,Candidatus_Absconditabacteria,1.0569,Candidatus_Absconditabacteria,P20,12,male,11,pediatric,F508del,G542X,Heterozygous,87,Mild,Normal-Mild,no,naive
P25E0,sputum,T0,Phylum,Candidatus_Absconditabacteria,0,Candidatus_Absconditabacteria,P25,0,female,7,pediatric,F508del,Dele 22-23,Heterozygous,109,Normal,Normal-Mild,no,naive
P25E12,sputum,T12,Phylum,Candidatus_Absconditabacteria,0,Candidatus_Absconditabacteria,P25,12,female,7,pediatric,F508del,Dele 22-23,Heterozygous,130,Normal,Normal-Mild,no,naive
P26E0,sputum,T0,Phylum,Candidatus_Absconditabacteria,0,Candidatus_Absconditabacteria,P26,0,female,11,pediatric,F508del,F508del,Homozygous,92,Normal,Normal-Mild,yes,lumiva
P26E12,sputum,T12,Phylum,Candidatus_Absconditabacteria,0,Candidatus_Absconditabacteria,P26,12,female,11,pediatric,F508del,F508del,Homozygous,96,Normal,Normal-Mild,yes,lumiva
P27E0,sputum,T0,Phylum,Candidatus_Absconditabacteria,0,Candidatus_Absconditabacteria,P27,0,male,9,pediatric,F508del,F508del,Homozygous,87,Mild,Normal-Mild,yes,lumiva
P27E12,sputum,T12,Phylum,Candidatus_Absconditabacteria,0.2755334938654211,Candidatus_Absconditabacteria,P27,12,male,9,pediatric,F508del,F508del,Homozygous,97,Normal,Normal-Mild,yes,lumiva
P42E0,sputum,T0,Phylum,Candidatus_Absconditabacteria,0,Candidatus_Absconditabacteria,P42,0,male,17,pediatric,F508del,F508del,Homozygous,110,Normal,Normal-Mild,yes,teziva
P42E12,sputum,T12,Phylum,Candidatus_Absconditabacteria,0,Candidatus_Absconditabacteria,P42,12,male,17,pediatric,F508del,F508del,Homozygous,124,Normal,Normal-Mild,yes,teziva
