"Taxon","Species","Time","ClinVar","lfc","q","diff","sign"
"Cutibacterium_acnes","Cutibacterium_acnes","T0","ppFEV1",0.10028367131049,0.510383264338674,FALSE,"+"
"Staphylococcus_aureus","Staphylococcus_aureus","T0","ppFEV1",0.177421889853998,0.100369205079242,FALSE,"+"
"Streptococcus_mitis","Streptococcus_mitis","T0","ppFEV1",-0.00668896009078818,1,FALSE,"-"
"Streptococcus_sanguinis","Streptococcus_sanguinis","T0","ppFEV1",0.0555419605360431,0.425138350608657,FALSE,"+"
"Actinomyces_sp_ICM47","Actinomyces_sp_ICM47","T0","ppFEV1",NA,1,FALSE,NA
"Lancefieldella_parvula","Lancefieldella_parvula","T0","ppFEV1",-0.0499790993026228,0.345918009339133,FALSE,"-"
"Schaalia_odontolytica","Schaalia_odontolytica","T0","ppFEV1",NA,1,FALSE,NA
"Streptococcus_salivarius","Streptococcus_salivarius","T0","ppFEV1",-0.0203058092495816,1,FALSE,"-"
"Actinomyces_graevenitzii","Actinomyces_graevenitzii","T0","ppFEV1",-0.0189291897068281,1,FALSE,"-"
"Solobacterium_moorei","Solobacterium_moorei","T0","ppFEV1",NA,1,FALSE,NA
"Gemella_sanguinis","Gemella_sanguinis","T0","ppFEV1",0.00776535854251918,1,FALSE,"+"
"Shuttleworthia_satelles","Shuttleworthia_satelles","T0","ppFEV1",-0.0416103892719075,1,FALSE,"-"
"Streptococcus_australis","Streptococcus_australis","T0","ppFEV1",-0.0834119872446659,0.268029408974518,FALSE,"-"
"Schaalia_SGB17157","Schaalia_SGB17157","T0","ppFEV1",NA,1,FALSE,NA
"Actinomyces_sp_ph3","Actinomyces_sp_ph3","T0","ppFEV1",-0.0271809012147501,0.74042989614438,FALSE,"-"
"Veillonella_dispar","Veillonella_dispar","T0","ppFEV1",-0.00323181413546088,1,FALSE,"-"
"Actinomyces_oris","Actinomyces_oris","T0","ppFEV1",0.0106197680426417,1,FALSE,"+"
"Streptococcus_parasanguinis","Streptococcus_parasanguinis","T0","ppFEV1",0.00810045620971275,1,FALSE,"+"
"Abiotrophia_defectiva","Abiotrophia_defectiva","T0","ppFEV1",0.114615423561511,0.268029408974518,FALSE,"+"
"Abiotrophia_sp_HMSC24B09","Abiotrophia_sp_HMSC24B09","T0","ppFEV1",0.201420434822107,1,FALSE,"+"
"Mogibacterium_diversum","Mogibacterium_diversum","T0","ppFEV1",0.053454805684464,0.425138350608657,FALSE,"+"
"Actinomyces_SGB17132","Actinomyces_SGB17132","T0","ppFEV1",NA,1,FALSE,NA
"Rothia_aeria","Rothia_aeria","T0","ppFEV1",-0.253520359337991,1,FALSE,"-"
"Scardovia_wiggsiae","Scardovia_wiggsiae","T0","ppFEV1",-0.0455171520878457,0.8307844787202,FALSE,"-"
"Granulicatella_SGB8255","Granulicatella_SGB8255","T0","ppFEV1",0.00766703072127122,1,FALSE,"+"
"Granulicatella_adiacens","Granulicatella_adiacens","T0","ppFEV1",0.058196499269002,0.483278619471759,FALSE,"+"
"Actinomyces_naeslundii","Actinomyces_naeslundii","T0","ppFEV1",NA,1,FALSE,NA
"Gemella_haemolysans","Gemella_haemolysans","T0","ppFEV1",0.151973723264628,0.268029408974518,FALSE,"+"
"Rothia_mucilaginosa","Rothia_mucilaginosa","T0","ppFEV1",0.0115444579126243,1,FALSE,"+"
"Parvimonas_micra","Parvimonas_micra","T0","ppFEV1",NA,1,FALSE,NA
"Streptococcus_infantis","Streptococcus_infantis","T0","ppFEV1",0.0382524144002559,0.514358981200551,FALSE,"+"
"Veillonella_atypica","Veillonella_atypica","T0","ppFEV1",0.0560737992266041,0.268029408974518,FALSE,"+"
"Veillonella_parvula","Veillonella_parvula","T0","ppFEV1",-0.0727177212398743,0.268029408974518,FALSE,"-"
"Streptococcus_gordonii","Streptococcus_gordonii","T0","ppFEV1",NA,1,FALSE,NA
"Veillonella_rogosae","Veillonella_rogosae","T0","ppFEV1",NA,1,FALSE,NA
"Porphyromonas_bobii","Porphyromonas_bobii","T0","ppFEV1",-0.00421532115251368,1,FALSE,"-"
"Prevotella_histicola","Prevotella_histicola","T0","ppFEV1",-0.0557528472805244,0.74042989614438,FALSE,"-"
"Rothia_SGB49305","Rothia_SGB49305","T0","ppFEV1",-0.00306932361118877,1,FALSE,"-"
"Streptococcus_oralis","Streptococcus_oralis","T0","ppFEV1",-0.0215535056853391,0.887357907519145,FALSE,"-"
"Streptococcus_intermedius","Streptococcus_intermedius","T0","ppFEV1",4.9147894574756,1,FALSE,"+"
"Tannerella_serpentiformis","Tannerella_serpentiformis","T0","ppFEV1",-0.47052935904001,0.268029408974518,FALSE,"-"
"Prevotella_salivae","Prevotella_salivae","T0","ppFEV1",0.0346310843258339,0.703167966919554,FALSE,"+"
"Gemella_morbillorum","Gemella_morbillorum","T0","ppFEV1",NA,1,FALSE,NA
"Prevotella_oris","Prevotella_oris","T0","ppFEV1",0.120776385371879,1,FALSE,"+"
"Prevotella_melaninogenica","Prevotella_melaninogenica","T0","ppFEV1",-0.00985803988976233,1,FALSE,"-"
"Prevotella_nigrescens","Prevotella_nigrescens","T0","ppFEV1",0.527551696146861,1,FALSE,"+"
"GGB1144_SGB1468","GGB1144_SGB1468","T0","ppFEV1",-1.29176382417447,1,FALSE,"-"
"Capnocytophaga_gingivalis","Capnocytophaga_gingivalis","T0","ppFEV1",0.0588198591749962,0.74042989614438,FALSE,"+"
"Fusobacterium_nucleatum","Fusobacterium_nucleatum","T0","ppFEV1",-0.0614782018188413,0.300652475624992,FALSE,"-"
"Peptostreptococcus_stomatis","Peptostreptococcus_stomatis","T0","ppFEV1",NA,1,FALSE,NA
"Metamycoplasma_salivarium","Metamycoplasma_salivarium","T0","ppFEV1",-0.186792561347893,0.425138350608657,FALSE,"-"
"Alloprevotella_tannerae","Alloprevotella_tannerae","T0","ppFEV1",NA,1,FALSE,NA
"Corynebacterium_durum","Corynebacterium_durum","T0","ppFEV1",-0.188717839163934,1,FALSE,"-"
"Candidatus_Nanosynsacchari_sp_TM7_ANC_38_39_G1_1","Candidatus_Nanosynsacchari_sp_TM7_ANC_38_39_G1_1","T0","ppFEV1",NA,1,FALSE,NA
"Neisseria_subflava","Neisseria_subflava","T0","ppFEV1",-0.12769211312674,0.268029408974518,FALSE,"-"
"Lachnoanaerobaculum_sp_ICM7","Lachnoanaerobaculum_sp_ICM7","T0","ppFEV1",0.112867973481593,0.493801223096211,FALSE,"+"
"Prevotella_nanceiensis","Prevotella_nanceiensis","T0","ppFEV1",0.0193070073756243,1,FALSE,"+"
"Solobacterium_SGB6829","Solobacterium_SGB6829","T0","ppFEV1",-0.0087527749183108,1,FALSE,"-"
"Prevotella_pallens","Prevotella_pallens","T0","ppFEV1",0.114425536954778,0.268029408974518,FALSE,"+"
"Peptostreptococcus_SGB749","Peptostreptococcus_SGB749","T0","ppFEV1",-0.0642938533389471,0.445854493372256,FALSE,"-"
"Eubacterium_sulci","Eubacterium_sulci","T0","ppFEV1",0.0557394255176203,1,FALSE,"+"
"Schaalia_meyeri","Schaalia_meyeri","T0","ppFEV1",-0.00254246896991922,1,FALSE,"-"
"Schaalia_SGB17168","Schaalia_SGB17168","T0","ppFEV1",-0.0196928490495637,1,FALSE,"-"
"Porphyromonas_endodontalis","Porphyromonas_endodontalis","T0","ppFEV1",0.0426736965486928,1,FALSE,"+"
"Capnocytophaga_leadbetteri","Capnocytophaga_leadbetteri","T0","ppFEV1",0.0660942474579665,1,FALSE,"+"
"Oribacterium_sinus","Oribacterium_sinus","T0","ppFEV1",0.0469234153230697,0.300652475624992,FALSE,"+"
"Capnocytophaga_SGB2499","Capnocytophaga_SGB2499","T0","ppFEV1",NA,1,FALSE,NA
"Lautropia_mirabilis","Lautropia_mirabilis","T0","ppFEV1",-0.107579922008296,0.495040110805898,FALSE,"-"
"GGB12785_SGB19823","GGB12785_SGB19823","T0","ppFEV1",-0.0852769980482661,1,FALSE,"-"
"Treponema_vincentii","Treponema_vincentii","T0","ppFEV1",0.942497163962813,1,FALSE,"+"
"Leptotrichia_wadei","Leptotrichia_wadei","T0","ppFEV1",NA,1,FALSE,NA
"Leptotrichia_sp_oral_taxon_215","Leptotrichia_sp_oral_taxon_215","T0","ppFEV1",NA,1,FALSE,NA
"Catonella_massiliensis","Catonella_massiliensis","T0","ppFEV1",0.157299328954701,0.268029408974518,FALSE,"+"
"TM7_phylum_sp_oral_taxon_352","TM7_phylum_sp_oral_taxon_352","T0","ppFEV1",NA,1,FALSE,NA
"Streptococcus_constellatus","Streptococcus_constellatus","T0","ppFEV1",-0.417812547175256,1,FALSE,"-"
"Lancefieldella_rimae","Lancefieldella_rimae","T0","ppFEV1",2.44294915522145,1,FALSE,"+"
"Streptococcus_cristatus","Streptococcus_cristatus","T0","ppFEV1",-0.282788827876666,1,FALSE,"-"
"Achromobacter_xylosoxidans","Achromobacter_xylosoxidans","T0","ppFEV1",-0.422096575932812,1,FALSE,"-"
"Pseudomonas_aeruginosa","Pseudomonas_aeruginosa","T0","ppFEV1",-0.0386406812354353,0.460328599859457,FALSE,"-"
"Slackia_exigua","Slackia_exigua","T0","ppFEV1",0.124567774986013,1,FALSE,"+"
"Tannerella_forsythia","Tannerella_forsythia","T0","ppFEV1",NA,1,FALSE,NA
"Haemophilus_influenzae","Haemophilus_influenzae","T0","ppFEV1",-32.7026617604423,1,FALSE,"-"
"Eubacterium_brachy","Eubacterium_brachy","T0","ppFEV1",NA,1,FALSE,NA
"GGB3883_SGB5265","GGB3883_SGB5265","T0","ppFEV1",0.0467684545291632,0.8307844787202,FALSE,"+"
"Parvimonas_sp_oral_taxon_110","Parvimonas_sp_oral_taxon_110","T0","ppFEV1",NA,1,FALSE,NA
"Oribacterium_asaccharolyticum","Oribacterium_asaccharolyticum","T0","ppFEV1",NA,1,FALSE,NA
"Campylobacter_concisus","Campylobacter_concisus","T0","ppFEV1",-0.152626365769195,1,FALSE,"-"
"Lachnoanaerobaculum_orale","Lachnoanaerobaculum_orale","T0","ppFEV1",0.758175654768454,0.268029408974518,FALSE,"+"
"Neisseria_sicca","Neisseria_sicca","T0","ppFEV1",0.164209413213694,0.425138350608657,FALSE,"+"
"Capnocytophaga_sputigena","Capnocytophaga_sputigena","T0","ppFEV1",NA,1,FALSE,NA
"Porphyromonas_catoniae","Porphyromonas_catoniae","T0","ppFEV1",NA,1,FALSE,NA
"Cardiobacterium_hominis","Cardiobacterium_hominis","T0","ppFEV1",NA,1,FALSE,NA
"Mogibacterium_SGB3923","Mogibacterium_SGB3923","T0","ppFEV1",NA,1,FALSE,NA
"Prevotella_oulorum","Prevotella_oulorum","T0","ppFEV1",-0.420762206694475,0.268029408974518,FALSE,"-"
"GGB3883_SGB5266","GGB3883_SGB5266","T0","ppFEV1",0.014759951488942,1,FALSE,"+"
"Cutibacterium_acnes","Cutibacterium_acnes","T12","ppFEV1",-0.341170412321673,1,FALSE,"-"
"Streptococcus_mitis","Streptococcus_mitis","T12","ppFEV1",0.0183595982619124,1,FALSE,"+"
"Streptococcus_sanguinis","Streptococcus_sanguinis","T12","ppFEV1",-0.0100563151268296,1,FALSE,"-"
"Actinomyces_sp_ICM47","Actinomyces_sp_ICM47","T12","ppFEV1",0.0653837229180142,1,FALSE,"+"
"Lancefieldella_parvula","Lancefieldella_parvula","T12","ppFEV1",-0.0206257159257062,1,FALSE,"-"
"Schaalia_odontolytica","Schaalia_odontolytica","T12","ppFEV1",-0.0288053095990356,1,FALSE,"-"
"Streptococcus_salivarius","Streptococcus_salivarius","T12","ppFEV1",-0.0167801534613859,1,FALSE,"-"
"Actinomyces_graevenitzii","Actinomyces_graevenitzii","T12","ppFEV1",0.038791568703559,1,FALSE,"+"
"Solobacterium_moorei","Solobacterium_moorei","T12","ppFEV1",0.161269044795504,1,FALSE,"+"
"Gemella_sanguinis","Gemella_sanguinis","T12","ppFEV1",0.0192556283233716,1,FALSE,"+"
"Streptococcus_australis","Streptococcus_australis","T12","ppFEV1",0.0486402999211875,1,FALSE,"+"
"Schaalia_SGB17157","Schaalia_SGB17157","T12","ppFEV1",NA,1,FALSE,NA
"Actinomyces_sp_ph3","Actinomyces_sp_ph3","T12","ppFEV1",0.0072315450198358,1,FALSE,"+"
"Veillonella_dispar","Veillonella_dispar","T12","ppFEV1",-0.0234098497615601,1,FALSE,"-"
"Actinomyces_oris","Actinomyces_oris","T12","ppFEV1",0.00384184164367443,1,FALSE,"+"
"Streptococcus_parasanguinis","Streptococcus_parasanguinis","T12","ppFEV1",-0.00995817427928304,1,FALSE,"-"
"Abiotrophia_defectiva","Abiotrophia_defectiva","T12","ppFEV1",NA,1,FALSE,NA
"Abiotrophia_sp_HMSC24B09","Abiotrophia_sp_HMSC24B09","T12","ppFEV1",NA,1,FALSE,NA
"Mogibacterium_diversum","Mogibacterium_diversum","T12","ppFEV1",-0.00853983996831465,1,FALSE,"-"
"Actinomyces_SGB17132","Actinomyces_SGB17132","T12","ppFEV1",0.0369287726747145,1,FALSE,"+"
"Schaalia_SGB17158","Schaalia_SGB17158","T12","ppFEV1",NA,1,FALSE,NA
"Streptococcus_rubneri","Streptococcus_rubneri","T12","ppFEV1",0.302256933488265,1,FALSE,"+"
"Rothia_aeria","Rothia_aeria","T12","ppFEV1",-0.0868394793543656,1,FALSE,"-"
"Scardovia_wiggsiae","Scardovia_wiggsiae","T12","ppFEV1",0.0405584131743186,1,FALSE,"+"
"Granulicatella_SGB8255","Granulicatella_SGB8255","T12","ppFEV1",0.0357153911961864,1,FALSE,"+"
"Granulicatella_adiacens","Granulicatella_adiacens","T12","ppFEV1",-0.0847000585664358,1,FALSE,"-"
"Actinomyces_naeslundii","Actinomyces_naeslundii","T12","ppFEV1",1.11040135734921,1,FALSE,"+"
"Gemella_haemolysans","Gemella_haemolysans","T12","ppFEV1",0.0630624942700725,1,FALSE,"+"
"Rothia_mucilaginosa","Rothia_mucilaginosa","T12","ppFEV1",0.0289801294467921,1,FALSE,"+"
"Parvimonas_micra","Parvimonas_micra","T12","ppFEV1",0.00481234562839368,1,FALSE,"+"
"Streptococcus_infantis","Streptococcus_infantis","T12","ppFEV1",-0.00776965429178872,1,FALSE,"-"
"Veillonella_atypica","Veillonella_atypica","T12","ppFEV1",0.0121521428765493,1,FALSE,"+"
"Veillonella_parvula","Veillonella_parvula","T12","ppFEV1",-0.0353611606604437,1,FALSE,"-"
"Megasphaera_micronuciformis","Megasphaera_micronuciformis","T12","ppFEV1",NA,1,FALSE,NA
"Streptococcus_gordonii","Streptococcus_gordonii","T12","ppFEV1",0.038363472440092,1,FALSE,"+"
"Veillonella_rogosae","Veillonella_rogosae","T12","ppFEV1",0.00146121795049857,1,FALSE,"+"
"Porphyromonas_bobii","Porphyromonas_bobii","T12","ppFEV1",0.036321211238424,1,FALSE,"+"
"Prevotella_histicola","Prevotella_histicola","T12","ppFEV1",-0.0458892307064999,1,FALSE,"-"
"Rothia_SGB49305","Rothia_SGB49305","T12","ppFEV1",-0.00321394349010531,1,FALSE,"-"
"Streptococcus_oralis","Streptococcus_oralis","T12","ppFEV1",0.0491209533675641,1,FALSE,"+"
"Streptococcus_intermedius","Streptococcus_intermedius","T12","ppFEV1",NA,1,FALSE,NA
"Tannerella_serpentiformis","Tannerella_serpentiformis","T12","ppFEV1",0.0665392674760816,1,FALSE,"+"
"Prevotella_salivae","Prevotella_salivae","T12","ppFEV1",-0.0519007324045773,1,FALSE,"-"
"Gemella_morbillorum","Gemella_morbillorum","T12","ppFEV1",NA,1,FALSE,NA
"Prevotella_oris","Prevotella_oris","T12","ppFEV1",0.000493940190284761,1,FALSE,"+"
"Prevotella_melaninogenica","Prevotella_melaninogenica","T12","ppFEV1",0.00416994261657972,1,FALSE,"+"
"Prevotella_nigrescens","Prevotella_nigrescens","T12","ppFEV1",NA,1,FALSE,NA
"GGB1144_SGB1468","GGB1144_SGB1468","T12","ppFEV1",-0.00848685755558246,1,FALSE,"-"
"Capnocytophaga_gingivalis","Capnocytophaga_gingivalis","T12","ppFEV1",0.0278908060236398,1,FALSE,"+"
"Fusobacterium_nucleatum","Fusobacterium_nucleatum","T12","ppFEV1",-0.00321175976837228,1,FALSE,"-"
"Peptostreptococcus_stomatis","Peptostreptococcus_stomatis","T12","ppFEV1",NA,1,FALSE,NA
"Prevotella_denticola","Prevotella_denticola","T12","ppFEV1",0.187786481747354,1,FALSE,"+"
"Metamycoplasma_salivarium","Metamycoplasma_salivarium","T12","ppFEV1",7.93857908991693,1,FALSE,"+"
"Alloprevotella_tannerae","Alloprevotella_tannerae","T12","ppFEV1",-0.0955683584364281,1,FALSE,"-"
"Streptococcus_anginosus","Streptococcus_anginosus","T12","ppFEV1",-0.103649093897989,1,FALSE,"-"
"Corynebacterium_durum","Corynebacterium_durum","T12","ppFEV1",-0.0177994357994412,1,FALSE,"-"
"Candidatus_Nanosynsacchari_sp_TM7_ANC_38_39_G1_1","Candidatus_Nanosynsacchari_sp_TM7_ANC_38_39_G1_1","T12","ppFEV1",NA,1,FALSE,NA
"Dialister_invisus","Dialister_invisus","T12","ppFEV1",0.116800918374389,1,FALSE,"+"
"Neisseria_subflava","Neisseria_subflava","T12","ppFEV1",0.0119018632291682,1,FALSE,"+"
"Burkholderia_contaminans","Burkholderia_contaminans","T12","ppFEV1",NA,1,FALSE,NA
"Fusobacterium_periodonticum","Fusobacterium_periodonticum","T12","ppFEV1",-0.00479607434295828,1,FALSE,"-"
"Lachnoanaerobaculum_sp_ICM7","Lachnoanaerobaculum_sp_ICM7","T12","ppFEV1",0.00142461768491826,1,FALSE,"+"
"Prevotella_nanceiensis","Prevotella_nanceiensis","T12","ppFEV1",-0.0175462723272735,1,FALSE,"-"
"Solobacterium_SGB6829","Solobacterium_SGB6829","T12","ppFEV1",-0.00240506741970339,1,FALSE,"-"
"Prevotella_pallens","Prevotella_pallens","T12","ppFEV1",0.00547434947823357,1,FALSE,"+"
"Oribacterium_SGB5283","Oribacterium_SGB5283","T12","ppFEV1",NA,1,FALSE,NA
"Peptostreptococcus_SGB749","Peptostreptococcus_SGB749","T12","ppFEV1",0.00820641113656078,1,FALSE,"+"
"Eubacterium_sulci","Eubacterium_sulci","T12","ppFEV1",-0.013824220316029,1,FALSE,"-"
"Schaalia_meyeri","Schaalia_meyeri","T12","ppFEV1",NA,1,FALSE,NA
"Schaalia_SGB17168","Schaalia_SGB17168","T12","ppFEV1",0.0700762894688279,1,FALSE,"+"
"Haemophilus_sputorum","Haemophilus_sputorum","T12","ppFEV1",NA,1,FALSE,NA
"Porphyromonas_endodontalis","Porphyromonas_endodontalis","T12","ppFEV1",-0.115155604636782,1,FALSE,"-"
"Capnocytophaga_leadbetteri","Capnocytophaga_leadbetteri","T12","ppFEV1",-0.0138448410140289,1,FALSE,"-"
"Oribacterium_sinus","Oribacterium_sinus","T12","ppFEV1",-0.00545361543070848,1,FALSE,"-"
"Capnocytophaga_SGB2499","Capnocytophaga_SGB2499","T12","ppFEV1",NA,1,FALSE,NA
"Prevotella_shahii","Prevotella_shahii","T12","ppFEV1",0.194465105642561,1,FALSE,"+"
"Lautropia_mirabilis","Lautropia_mirabilis","T12","ppFEV1",NA,1,FALSE,NA
"Veillonella_tobetsuensis","Veillonella_tobetsuensis","T12","ppFEV1",-0.0253053196747145,1,FALSE,"-"
"Haemophilus_haemolyticus","Haemophilus_haemolyticus","T12","ppFEV1",0.011116579440609,1,FALSE,"+"
"Treponema_vincentii","Treponema_vincentii","T12","ppFEV1",-0.0710893442325154,1,FALSE,"-"
"Leptotrichia_wadei","Leptotrichia_wadei","T12","ppFEV1",NA,1,FALSE,NA
"Filifactor_alocis","Filifactor_alocis","T12","ppFEV1",0.0208749012753087,1,FALSE,"+"
"Leptotrichia_sp_oral_taxon_215","Leptotrichia_sp_oral_taxon_215","T12","ppFEV1",-0.00714415772053657,1,FALSE,"-"
"Catonella_massiliensis","Catonella_massiliensis","T12","ppFEV1",-0.0131815971374164,1,FALSE,"-"
"Prevotella_intermedia","Prevotella_intermedia","T12","ppFEV1",-0.0196859728852569,1,FALSE,"-"
"TM7_phylum_sp_oral_taxon_352","TM7_phylum_sp_oral_taxon_352","T12","ppFEV1",0.0546807482899878,1,FALSE,"+"
"Streptococcus_constellatus","Streptococcus_constellatus","T12","ppFEV1",0.0276458202993529,1,FALSE,"+"
"Solobacterium_SGB6834","Solobacterium_SGB6834","T12","ppFEV1",NA,1,FALSE,NA
"Lancefieldella_rimae","Lancefieldella_rimae","T12","ppFEV1",0.148468218265612,1,FALSE,"+"
"Haemophilus_parainfluenzae","Haemophilus_parainfluenzae","T12","ppFEV1",-0.0547072203862333,1,FALSE,"-"
"Streptococcus_cristatus","Streptococcus_cristatus","T12","ppFEV1",0.0578815838836515,1,FALSE,"+"
"Candidatus_Nanoperiomorbus_periodonticus","Candidatus_Nanoperiomorbus_periodonticus","T12","ppFEV1",NA,1,FALSE,NA
"Pseudomonas_aeruginosa","Pseudomonas_aeruginosa","T12","ppFEV1",-0.116097554673203,1,FALSE,"-"
"Slackia_exigua","Slackia_exigua","T12","ppFEV1",NA,1,FALSE,NA
"Tannerella_forsythia","Tannerella_forsythia","T12","ppFEV1",-0.0383842231027163,1,FALSE,"-"
"GGB4733_SGB6557","GGB4733_SGB6557","T12","ppFEV1",0.0846323695386019,1,FALSE,"+"
"Eubacterium_brachy","Eubacterium_brachy","T12","ppFEV1",0.043989995816418,1,FALSE,"+"
"Prevotella_jejuni","Prevotella_jejuni","T12","ppFEV1",NA,1,FALSE,NA
"GGB3883_SGB5265","GGB3883_SGB5265","T12","ppFEV1",NA,1,FALSE,NA
"Treponema_denticola","Treponema_denticola","T12","ppFEV1",-0.130431338101461,1,FALSE,"-"
"Parvimonas_sp_oral_taxon_110","Parvimonas_sp_oral_taxon_110","T12","ppFEV1",NA,1,FALSE,NA
"Candidatus_Nanosynbacter_sp_HMT_352","Candidatus_Nanosynbacter_sp_HMT_352","T12","ppFEV1",NA,1,FALSE,NA
"Oribacterium_asaccharolyticum","Oribacterium_asaccharolyticum","T12","ppFEV1",-0.0201038521796975,1,FALSE,"-"
"Oribacterium_parvum","Oribacterium_parvum","T12","ppFEV1",0.0311845848768558,1,FALSE,"+"
"GGB2964_SGB3946","GGB2964_SGB3946","T12","ppFEV1",NA,1,FALSE,NA
"GGB3887_SGB5270","GGB3887_SGB5270","T12","ppFEV1",NA,1,FALSE,NA
"Campylobacter_concisus","Campylobacter_concisus","T12","ppFEV1",-0.021086929550755,1,FALSE,"-"
"Lachnoanaerobaculum_orale","Lachnoanaerobaculum_orale","T12","ppFEV1",-0.0277005331702255,1,FALSE,"-"
"Neisseria_sicca","Neisseria_sicca","T12","ppFEV1",NA,1,FALSE,NA
"Capnocytophaga_sputigena","Capnocytophaga_sputigena","T12","ppFEV1",NA,1,FALSE,NA
"Eubacterium_infirmum","Eubacterium_infirmum","T12","ppFEV1",NA,1,FALSE,NA
"Prevotella_baroniae","Prevotella_baroniae","T12","ppFEV1",-0.770627820239225,1,FALSE,"-"
"Corynebacterium_matruchotii","Corynebacterium_matruchotii","T12","ppFEV1",NA,1,FALSE,NA
"GGB1843_SGB2524","GGB1843_SGB2524","T12","ppFEV1",NA,1,FALSE,NA
"GGB4533_SGB6246","GGB4533_SGB6246","T12","ppFEV1",NA,1,FALSE,NA
"Campylobacter_rectus","Campylobacter_rectus","T12","ppFEV1",0.521011718423989,1,FALSE,"+"
"Prevotella_oulorum","Prevotella_oulorum","T12","ppFEV1",NA,1,FALSE,NA
"GGB4333_SGB5935","GGB4333_SGB5935","T12","ppFEV1",-0.401312775994973,1,FALSE,"-"
"Prevotella_vespertina","Prevotella_vespertina","T12","ppFEV1",-0.0671808425159353,1,FALSE,"-"
"Alloprevotella_SGB1483","Alloprevotella_SGB1483","T12","ppFEV1",-0.0700113338861984,1,FALSE,"-"
"Alloprevotella_SGB1484","Alloprevotella_SGB1484","T12","ppFEV1",-0.0581147375751049,1,FALSE,"-"
"Catonella_SGB4505","Catonella_SGB4505","T12","ppFEV1",NA,1,FALSE,NA
"Catonella_SGB69305","Catonella_SGB69305","T12","ppFEV1",NA,1,FALSE,NA
"GGB4538_SGB6256","GGB4538_SGB6256","T12","ppFEV1",0.0537367433052323,1,FALSE,"+"
"GGB3059_SGB69431","GGB3059_SGB69431","T12","ppFEV1",-0.083028797979678,1,FALSE,"-"
"GGB1202_SGB1567","GGB1202_SGB1567","T12","ppFEV1",NA,1,FALSE,NA
"Selenomonas_noxia","Selenomonas_noxia","T12","ppFEV1",NA,1,FALSE,NA
"Prevotella_veroralis","Prevotella_veroralis","T12","ppFEV1",NA,1,FALSE,NA
"GGB3886_SGB5269","GGB3886_SGB5269","T12","ppFEV1",NA,1,FALSE,NA
"GGB3883_SGB5266","GGB3883_SGB5266","T12","ppFEV1",0.0156489675210041,1,FALSE,"+"
"Solobacterium_SGB6833","Solobacterium_SGB6833","T12","ppFEV1",-0.0455578060710224,1,FALSE,"-"
"TM7_phylum_sp_oral_taxon_351","TM7_phylum_sp_oral_taxon_351","T12","ppFEV1",-0.0289708285347191,1,FALSE,"-"
"Selenomonas_SGB5880","Selenomonas_SGB5880","T12","ppFEV1",-0.0535526760469513,1,FALSE,"-"
"Prevotella_sp_oral_taxon_475","Prevotella_sp_oral_taxon_475","T12","ppFEV1",0.0361706289265247,1,FALSE,"+"
"Aggregatibacter_segnis","Aggregatibacter_segnis","T12","ppFEV1",NA,1,FALSE,NA
"GGB45697_SGB2042","GGB45697_SGB2042","T12","ppFEV1",NA,1,FALSE,NA
"Granulicatella_SGB8245","Granulicatella_SGB8245","T12","ppFEV1",NA,1,FALSE,NA
"GGB1144_SGB1469","GGB1144_SGB1469","T12","ppFEV1",NA,1,FALSE,NA
"Porphyromonas_sp_oral_taxon_275","Porphyromonas_sp_oral_taxon_275","T12","ppFEV1",0.150643858843598,1,FALSE,"+"
"Granulicatella_SGB8239","Granulicatella_SGB8239","T12","ppFEV1",NA,1,FALSE,NA
"GGB1203_SGB1568","GGB1203_SGB1568","T12","ppFEV1",NA,1,FALSE,NA
"GGB12763_SGB19797","GGB12763_SGB19797","T12","ppFEV1",NA,1,FALSE,NA
"Alloprevotella_SGB1466","Alloprevotella_SGB1466","T12","ppFEV1",-0.297857663384665,1,FALSE,"-"
"GGB4538_SGB6253","GGB4538_SGB6253","T12","ppFEV1",NA,1,FALSE,NA
"Selenomonas_SGB5897","Selenomonas_SGB5897","T12","ppFEV1",NA,1,FALSE,NA
"Moraxella_catarrhalis","Moraxella_catarrhalis","T12","ppFEV1",0.0600483816947911,1,FALSE,"+"
"GGB1844_SGB2532","GGB1844_SGB2532","T12","ppFEV1",NA,1,FALSE,NA
"GGB3385_SGB4471","GGB3385_SGB4471","T12","ppFEV1",NA,1,FALSE,NA
"Cutibacterium_acnes","Cutibacterium_acnes","T0","ALT",-0.217850533853963,0.366648317328653,FALSE,"-"
"Staphylococcus_aureus","Staphylococcus_aureus","T0","ALT",0.056078069573227,0.329594023652489,FALSE,"+"
"Streptococcus_mitis","Streptococcus_mitis","T0","ALT",0.0055628741551849,1,FALSE,"+"
"Streptococcus_sanguinis","Streptococcus_sanguinis","T0","ALT",-0.00422795103963831,1,FALSE,"-"
"Actinomyces_sp_ICM47","Actinomyces_sp_ICM47","T0","ALT",NA,1,FALSE,NA
"Lancefieldella_parvula","Lancefieldella_parvula","T0","ALT",0.0254783820290147,0.497733334889901,FALSE,"+"
"Schaalia_odontolytica","Schaalia_odontolytica","T0","ALT",NA,1,FALSE,NA
"Streptococcus_salivarius","Streptococcus_salivarius","T0","ALT",0.0939437991842305,0.296254109813208,FALSE,"+"
"Actinomyces_graevenitzii","Actinomyces_graevenitzii","T0","ALT",-0.125042634687018,1,FALSE,"-"
"Solobacterium_moorei","Solobacterium_moorei","T0","ALT",NA,1,FALSE,NA
"Gemella_sanguinis","Gemella_sanguinis","T0","ALT",0.00961915276938016,1,FALSE,"+"
"Shuttleworthia_satelles","Shuttleworthia_satelles","T0","ALT",0.0332127792613976,1,FALSE,"+"
"Streptococcus_australis","Streptococcus_australis","T0","ALT",-0.00781532791858632,1,FALSE,"-"
"Schaalia_SGB17157","Schaalia_SGB17157","T0","ALT",NA,1,FALSE,NA
"Actinomyces_sp_ph3","Actinomyces_sp_ph3","T0","ALT",0.0140408392189826,0.779237399383563,FALSE,"+"
"Veillonella_dispar","Veillonella_dispar","T0","ALT",-0.0235103064435364,0.578571741059713,FALSE,"-"
"Actinomyces_oris","Actinomyces_oris","T0","ALT",0.0102982191500229,1,FALSE,"+"
"Streptococcus_parasanguinis","Streptococcus_parasanguinis","T0","ALT",0.00269673847470882,1,FALSE,"+"
"Abiotrophia_defectiva","Abiotrophia_defectiva","T0","ALT",0.0256226180376502,0.5076506583257,FALSE,"+"
"Abiotrophia_sp_HMSC24B09","Abiotrophia_sp_HMSC24B09","T0","ALT",0.0514500190777085,1,FALSE,"+"
"Mogibacterium_diversum","Mogibacterium_diversum","T0","ALT",0.044537609339777,0.366648317328653,FALSE,"+"
"Actinomyces_SGB17132","Actinomyces_SGB17132","T0","ALT",NA,1,FALSE,NA
"Rothia_aeria","Rothia_aeria","T0","ALT",-0.0599856531793646,1,FALSE,"-"
"Scardovia_wiggsiae","Scardovia_wiggsiae","T0","ALT",0.0307681125732914,0.741584367108791,FALSE,"+"
"Granulicatella_SGB8255","Granulicatella_SGB8255","T0","ALT",-0.00249225648124646,1,FALSE,"-"
"Granulicatella_adiacens","Granulicatella_adiacens","T0","ALT",0.00484147105039487,1,FALSE,"+"
"Actinomyces_naeslundii","Actinomyces_naeslundii","T0","ALT",NA,1,FALSE,NA
"Gemella_haemolysans","Gemella_haemolysans","T0","ALT",0.00531433783027188,1,FALSE,"+"
"Rothia_mucilaginosa","Rothia_mucilaginosa","T0","ALT",-0.00819246286425773,1,FALSE,"-"
"Parvimonas_micra","Parvimonas_micra","T0","ALT",NA,1,FALSE,NA
"Streptococcus_infantis","Streptococcus_infantis","T0","ALT",-0.00657807910932399,1,FALSE,"-"
"Veillonella_atypica","Veillonella_atypica","T0","ALT",-0.00469552396095706,1,FALSE,"-"
"Veillonella_parvula","Veillonella_parvula","T0","ALT",0.0407143609223937,0.366648317328653,FALSE,"+"
"Streptococcus_gordonii","Streptococcus_gordonii","T0","ALT",NA,1,FALSE,NA
"Veillonella_rogosae","Veillonella_rogosae","T0","ALT",NA,1,FALSE,NA
"Porphyromonas_bobii","Porphyromonas_bobii","T0","ALT",-0.0322194025034449,0.674241887737882,FALSE,"-"
"Prevotella_histicola","Prevotella_histicola","T0","ALT",0.00279866764666529,1,FALSE,"+"
"Rothia_SGB49305","Rothia_SGB49305","T0","ALT",0.00557363276266828,1,FALSE,"+"
"Streptococcus_oralis","Streptococcus_oralis","T0","ALT",0.00282936954173194,1,FALSE,"+"
"Streptococcus_intermedius","Streptococcus_intermedius","T0","ALT",-0.12885107594326,1,FALSE,"-"
"Tannerella_serpentiformis","Tannerella_serpentiformis","T0","ALT",0.074231287786979,0.497733334889901,FALSE,"+"
"Prevotella_salivae","Prevotella_salivae","T0","ALT",0.0155346135954077,0.857100040863125,FALSE,"+"
"Gemella_morbillorum","Gemella_morbillorum","T0","ALT",NA,1,FALSE,NA
"Prevotella_oris","Prevotella_oris","T0","ALT",-1.23194119629544,1,FALSE,"-"
"Prevotella_melaninogenica","Prevotella_melaninogenica","T0","ALT",0.023769822261132,0.5076506583257,FALSE,"+"
"Prevotella_nigrescens","Prevotella_nigrescens","T0","ALT",0.156977497017627,1,FALSE,"+"
"GGB1144_SGB1468","GGB1144_SGB1468","T0","ALT",-0.314696897139765,1,FALSE,"-"
"Capnocytophaga_gingivalis","Capnocytophaga_gingivalis","T0","ALT",-0.0464419677965667,0.578571741059713,FALSE,"-"
"Fusobacterium_nucleatum","Fusobacterium_nucleatum","T0","ALT",0.0399082531948155,0.366648317328653,FALSE,"+"
"Peptostreptococcus_stomatis","Peptostreptococcus_stomatis","T0","ALT",NA,1,FALSE,NA
"Metamycoplasma_salivarium","Metamycoplasma_salivarium","T0","ALT",0.021662577989162,0.879338574844385,FALSE,"+"
"Alloprevotella_tannerae","Alloprevotella_tannerae","T0","ALT",NA,1,FALSE,NA
"Corynebacterium_durum","Corynebacterium_durum","T0","ALT",-0.0201050187616081,1,FALSE,"-"
"Candidatus_Nanosynsacchari_sp_TM7_ANC_38_39_G1_1","Candidatus_Nanosynsacchari_sp_TM7_ANC_38_39_G1_1","T0","ALT",NA,1,FALSE,NA
"Neisseria_subflava","Neisseria_subflava","T0","ALT",0.0478557843095503,0.366648317328653,FALSE,"+"
"Lachnoanaerobaculum_sp_ICM7","Lachnoanaerobaculum_sp_ICM7","T0","ALT",0.0634387678521005,0.5076506583257,FALSE,"+"
"Prevotella_nanceiensis","Prevotella_nanceiensis","T0","ALT",-0.0202790088188096,0.578571741059713,FALSE,"-"
"Solobacterium_SGB6829","Solobacterium_SGB6829","T0","ALT",-0.0357582429762044,0.366648317328653,FALSE,"-"
"Prevotella_pallens","Prevotella_pallens","T0","ALT",0.0124259524283442,1,FALSE,"+"
"Peptostreptococcus_SGB749","Peptostreptococcus_SGB749","T0","ALT",0.0674932109344392,0.366648317328653,FALSE,"+"
"Eubacterium_sulci","Eubacterium_sulci","T0","ALT",0.624260874211851,1,FALSE,"+"
"Schaalia_meyeri","Schaalia_meyeri","T0","ALT",-0.0952022127894444,0.472801173335081,FALSE,"-"
"Schaalia_SGB17168","Schaalia_SGB17168","T0","ALT",-0.0463370659060288,0.366648317328653,FALSE,"-"
"Porphyromonas_endodontalis","Porphyromonas_endodontalis","T0","ALT",-0.221810488032564,1,FALSE,"-"
"Capnocytophaga_leadbetteri","Capnocytophaga_leadbetteri","T0","ALT",-0.026452812105313,1,FALSE,"-"
"Oribacterium_sinus","Oribacterium_sinus","T0","ALT",-0.0222744996655449,0.578571741059713,FALSE,"-"
"Capnocytophaga_SGB2499","Capnocytophaga_SGB2499","T0","ALT",NA,1,FALSE,NA
"Lautropia_mirabilis","Lautropia_mirabilis","T0","ALT",0.0380255386689291,0.779237399383563,FALSE,"+"
"GGB12785_SGB19823","GGB12785_SGB19823","T0","ALT",0.0903654400818797,1,FALSE,"+"
"Treponema_vincentii","Treponema_vincentii","T0","ALT",0.264555951636579,1,FALSE,"+"
"Leptotrichia_wadei","Leptotrichia_wadei","T0","ALT",NA,1,FALSE,NA
"Leptotrichia_sp_oral_taxon_215","Leptotrichia_sp_oral_taxon_215","T0","ALT",NA,1,FALSE,NA
"Catonella_massiliensis","Catonella_massiliensis","T0","ALT",0.111330468218788,0.354268908713825,FALSE,"+"
"TM7_phylum_sp_oral_taxon_352","TM7_phylum_sp_oral_taxon_352","T0","ALT",NA,1,FALSE,NA
"Streptococcus_constellatus","Streptococcus_constellatus","T0","ALT",-0.08811693643626,1,FALSE,"-"
"Lancefieldella_rimae","Lancefieldella_rimae","T0","ALT",0.653562023444381,1,FALSE,"+"
"Streptococcus_cristatus","Streptococcus_cristatus","T0","ALT",-0.0699420171606518,1,FALSE,"-"
"Achromobacter_xylosoxidans","Achromobacter_xylosoxidans","T0","ALT",0.39966657589927,1,FALSE,"+"
"Pseudomonas_aeruginosa","Pseudomonas_aeruginosa","T0","ALT",-0.0317744394556309,0.366648317328653,FALSE,"-"
"Slackia_exigua","Slackia_exigua","T0","ALT",0.0525001841240714,1,FALSE,"+"
"Tannerella_forsythia","Tannerella_forsythia","T0","ALT",NA,1,FALSE,NA
"Haemophilus_influenzae","Haemophilus_influenzae","T0","ALT",-0.444187507449273,1,FALSE,"-"
"Eubacterium_brachy","Eubacterium_brachy","T0","ALT",NA,1,FALSE,NA
"GGB3883_SGB5265","GGB3883_SGB5265","T0","ALT",0.134931716667711,0.366648317328653,FALSE,"+"
"Parvimonas_sp_oral_taxon_110","Parvimonas_sp_oral_taxon_110","T0","ALT",NA,1,FALSE,NA
"Oribacterium_asaccharolyticum","Oribacterium_asaccharolyticum","T0","ALT",NA,1,FALSE,NA
"Campylobacter_concisus","Campylobacter_concisus","T0","ALT",-0.0141648319971273,1,FALSE,"-"
"Lachnoanaerobaculum_orale","Lachnoanaerobaculum_orale","T0","ALT",0.254277515835463,0.366648317328653,FALSE,"+"
"Neisseria_sicca","Neisseria_sicca","T0","ALT",0.0463559711506842,0.578571741059713,FALSE,"+"
"Capnocytophaga_sputigena","Capnocytophaga_sputigena","T0","ALT",NA,1,FALSE,NA
"Porphyromonas_catoniae","Porphyromonas_catoniae","T0","ALT",NA,1,FALSE,NA
"Cardiobacterium_hominis","Cardiobacterium_hominis","T0","ALT",NA,1,FALSE,NA
"Mogibacterium_SGB3923","Mogibacterium_SGB3923","T0","ALT",NA,1,FALSE,NA
"Prevotella_oulorum","Prevotella_oulorum","T0","ALT",-0.0775267386974504,0.497733334889901,FALSE,"-"
"GGB3883_SGB5266","GGB3883_SGB5266","T0","ALT",0.00322973865101921,1,FALSE,"+"
"Cutibacterium_acnes","Cutibacterium_acnes","T12","ALT",4.65882603090584,1,FALSE,"+"
"Streptococcus_mitis","Streptococcus_mitis","T12","ALT",0.00704533354107903,0.981348347982513,FALSE,"+"
"Streptococcus_sanguinis","Streptococcus_sanguinis","T12","ALT",0.0492495680002646,0.0261101027585759,TRUE,"+"
"Actinomyces_sp_ICM47","Actinomyces_sp_ICM47","T12","ALT",-0.0319681250515125,5.87130002910878e-05,TRUE,"-"
"Lancefieldella_parvula","Lancefieldella_parvula","T12","ALT",0.0191696422345149,4.92536468288e-05,TRUE,"+"
"Schaalia_odontolytica","Schaalia_odontolytica","T12","ALT",0.0231405908056162,0.00813059883689064,TRUE,"+"
"Streptococcus_salivarius","Streptococcus_salivarius","T12","ALT",-8.40549892921242e-05,1,FALSE,"-"
"Actinomyces_graevenitzii","Actinomyces_graevenitzii","T12","ALT",-0.0142851791345437,0.139809011036902,FALSE,"-"
"Solobacterium_moorei","Solobacterium_moorei","T12","ALT",NA,1,FALSE,NA
"Gemella_sanguinis","Gemella_sanguinis","T12","ALT",-0.0293846353518441,0.0274327457602,TRUE,"-"
"Streptococcus_australis","Streptococcus_australis","T12","ALT",-0.0465175409935303,9.77950693120632e-06,TRUE,"-"
"Schaalia_SGB17157","Schaalia_SGB17157","T12","ALT",NA,1,FALSE,NA
"Actinomyces_sp_ph3","Actinomyces_sp_ph3","T12","ALT",NA,1,FALSE,NA
"Veillonella_dispar","Veillonella_dispar","T12","ALT",0.0178841370707448,4.69918371820419e-05,TRUE,"+"
"Actinomyces_oris","Actinomyces_oris","T12","ALT",-0.072180046132723,0.0150278538272045,TRUE,"-"
"Streptococcus_parasanguinis","Streptococcus_parasanguinis","T12","ALT",0.0163612961219752,0.227240018389592,FALSE,"+"
"Abiotrophia_defectiva","Abiotrophia_defectiva","T12","ALT",NA,1,FALSE,NA
"Abiotrophia_sp_HMSC24B09","Abiotrophia_sp_HMSC24B09","T12","ALT",NA,1,FALSE,NA
"Mogibacterium_diversum","Mogibacterium_diversum","T12","ALT",0.0249863655625888,7.16749867794412e-06,TRUE,"+"
"Actinomyces_SGB17132","Actinomyces_SGB17132","T12","ALT",NA,1,FALSE,NA
"Schaalia_SGB17158","Schaalia_SGB17158","T12","ALT",NA,1,FALSE,NA
"Streptococcus_rubneri","Streptococcus_rubneri","T12","ALT",-0.178491176655946,1,FALSE,"-"
"Rothia_aeria","Rothia_aeria","T12","ALT",-0.134425032909835,0.0205002909902941,TRUE,"-"
"Scardovia_wiggsiae","Scardovia_wiggsiae","T12","ALT",-24.1850863280177,1,FALSE,"-"
"Granulicatella_SGB8255","Granulicatella_SGB8255","T12","ALT",-0.025814905058243,0.0380701240284931,TRUE,"-"
"Granulicatella_adiacens","Granulicatella_adiacens","T12","ALT",0.0180791213067189,0.125133765331372,FALSE,"+"
"Actinomyces_naeslundii","Actinomyces_naeslundii","T12","ALT",-10.8402008743211,1,FALSE,"-"
"Gemella_haemolysans","Gemella_haemolysans","T12","ALT",0.0127061258481026,0.587088087417478,FALSE,"+"
"Rothia_mucilaginosa","Rothia_mucilaginosa","T12","ALT",-0.0178441741695841,0.170076738439204,FALSE,"-"
"Parvimonas_micra","Parvimonas_micra","T12","ALT",-0.0400303565875621,7.16749867794412e-06,TRUE,"-"
"Streptococcus_infantis","Streptococcus_infantis","T12","ALT",-0.0437083694482151,0.0142256411965825,TRUE,"-"
"Veillonella_atypica","Veillonella_atypica","T12","ALT",-0.0372834020731163,0.00917170585898522,TRUE,"-"
"Veillonella_parvula","Veillonella_parvula","T12","ALT",0.0487255668207778,0.00439703697656347,TRUE,"+"
"Megasphaera_micronuciformis","Megasphaera_micronuciformis","T12","ALT",NA,1,FALSE,NA
"Streptococcus_gordonii","Streptococcus_gordonii","T12","ALT",0.206095673103244,0.000491502140175131,TRUE,"+"
"Veillonella_rogosae","Veillonella_rogosae","T12","ALT",0.0217448563620126,7.16749867794412e-06,TRUE,"+"
"Porphyromonas_bobii","Porphyromonas_bobii","T12","ALT",0.00464057461400393,0.218740042154031,FALSE,"+"
"Prevotella_histicola","Prevotella_histicola","T12","ALT",-0.113600000795455,0.00552169833391165,TRUE,"-"
"Rothia_SGB49305","Rothia_SGB49305","T12","ALT",0.0245399404303957,0.0708382077395265,FALSE,"+"
"Streptococcus_oralis","Streptococcus_oralis","T12","ALT",0.015343373914362,0.395853660650208,FALSE,"+"
"Streptococcus_intermedius","Streptococcus_intermedius","T12","ALT",NA,1,FALSE,NA
"Tannerella_serpentiformis","Tannerella_serpentiformis","T12","ALT",0.0667775492607572,2.50928727599742e-05,TRUE,"+"
"Prevotella_salivae","Prevotella_salivae","T12","ALT",-0.0140176731062979,0.00347288098194807,TRUE,"-"
"Gemella_morbillorum","Gemella_morbillorum","T12","ALT",NA,1,FALSE,NA
"Prevotella_oris","Prevotella_oris","T12","ALT",0.0358063211453363,0.0150278538272045,TRUE,"+"
"Prevotella_melaninogenica","Prevotella_melaninogenica","T12","ALT",-0.00123262225566129,0.981348347982513,FALSE,"-"
"Prevotella_nigrescens","Prevotella_nigrescens","T12","ALT",NA,1,FALSE,NA
"GGB1144_SGB1468","GGB1144_SGB1468","T12","ALT",-0.0125690233638048,0.0307941694775864,TRUE,"-"
"Capnocytophaga_gingivalis","Capnocytophaga_gingivalis","T12","ALT",0.0220170510811388,0.0150278538272045,TRUE,"+"
"Fusobacterium_nucleatum","Fusobacterium_nucleatum","T12","ALT",0.141550508778977,7.16749867794412e-06,TRUE,"+"
"Peptostreptococcus_stomatis","Peptostreptococcus_stomatis","T12","ALT",NA,1,FALSE,NA
"Prevotella_denticola","Prevotella_denticola","T12","ALT",3.2889796428369,1,FALSE,"+"
"Metamycoplasma_salivarium","Metamycoplasma_salivarium","T12","ALT",-1.18929439581555,1,FALSE,"-"
"Alloprevotella_tannerae","Alloprevotella_tannerae","T12","ALT",-0.0695370365235761,0.00285694575419779,TRUE,"-"
"Streptococcus_anginosus","Streptococcus_anginosus","T12","ALT",NA,1,FALSE,NA
"Corynebacterium_durum","Corynebacterium_durum","T12","ALT",-0.0837881808979239,1,FALSE,"-"
"Candidatus_Nanosynsacchari_sp_TM7_ANC_38_39_G1_1","Candidatus_Nanosynsacchari_sp_TM7_ANC_38_39_G1_1","T12","ALT",NA,1,FALSE,NA
"Dialister_invisus","Dialister_invisus","T12","ALT",NA,1,FALSE,NA
"Neisseria_subflava","Neisseria_subflava","T12","ALT",-0.0145563001062816,0.000187343381583569,TRUE,"-"
"Burkholderia_contaminans","Burkholderia_contaminans","T12","ALT",NA,1,FALSE,NA
"Fusobacterium_periodonticum","Fusobacterium_periodonticum","T12","ALT",0.0151706350806974,9.38135770023908e-05,TRUE,"+"
"Lachnoanaerobaculum_sp_ICM7","Lachnoanaerobaculum_sp_ICM7","T12","ALT",0.00938104545509409,0.0616297932536032,FALSE,"+"
"Prevotella_nanceiensis","Prevotella_nanceiensis","T12","ALT",-0.0109845324471248,0.523406451455574,FALSE,"-"
"Solobacterium_SGB6829","Solobacterium_SGB6829","T12","ALT",-0.0149911003899504,0.000150474804550756,TRUE,"-"
"Prevotella_pallens","Prevotella_pallens","T12","ALT",0.00631890113138927,0.0133472466059168,TRUE,"+"
"Oribacterium_SGB5283","Oribacterium_SGB5283","T12","ALT",NA,1,FALSE,NA
"Peptostreptococcus_SGB749","Peptostreptococcus_SGB749","T12","ALT",0.0480122604956858,0.00190342002635323,TRUE,"+"
"Eubacterium_sulci","Eubacterium_sulci","T12","ALT",0.044683492054344,7.16749867794412e-06,TRUE,"+"
"Schaalia_meyeri","Schaalia_meyeri","T12","ALT",NA,1,FALSE,NA
"Schaalia_SGB17168","Schaalia_SGB17168","T12","ALT",0.0846989625585703,2.38223232526529e-05,TRUE,"+"
"Haemophilus_sputorum","Haemophilus_sputorum","T12","ALT",NA,1,FALSE,NA
"Porphyromonas_endodontalis","Porphyromonas_endodontalis","T12","ALT",0.0862070572233149,0.000180257840512866,TRUE,"+"
"Capnocytophaga_leadbetteri","Capnocytophaga_leadbetteri","T12","ALT",0.0165235594802003,0.0205002909902941,TRUE,"+"
"Oribacterium_sinus","Oribacterium_sinus","T12","ALT",0.0391495256176562,0.00917170585898522,TRUE,"+"
"Capnocytophaga_SGB2499","Capnocytophaga_SGB2499","T12","ALT",NA,1,FALSE,NA
"Prevotella_shahii","Prevotella_shahii","T12","ALT",-0.110736313438647,1,FALSE,"-"
"Lautropia_mirabilis","Lautropia_mirabilis","T12","ALT",NA,1,FALSE,NA
"Veillonella_tobetsuensis","Veillonella_tobetsuensis","T12","ALT",0.076284179852708,0.00190342002635323,TRUE,"+"
"Haemophilus_haemolyticus","Haemophilus_haemolyticus","T12","ALT",0.0876376411042554,0.0281447356002632,TRUE,"+"
"Treponema_vincentii","Treponema_vincentii","T12","ALT",-0.021861329261669,0.0150278538272045,TRUE,"-"
"Leptotrichia_wadei","Leptotrichia_wadei","T12","ALT",NA,1,FALSE,NA
"Filifactor_alocis","Filifactor_alocis","T12","ALT",0.0721656272996532,0.000163670716049965,TRUE,"+"
"Leptotrichia_sp_oral_taxon_215","Leptotrichia_sp_oral_taxon_215","T12","ALT",0.0371113915584949,0.000180257840512866,TRUE,"+"
"Catonella_massiliensis","Catonella_massiliensis","T12","ALT",0.00447625291160935,0.0380701240284931,TRUE,"+"
"Prevotella_intermedia","Prevotella_intermedia","T12","ALT",NA,1,FALSE,NA
"TM7_phylum_sp_oral_taxon_352","TM7_phylum_sp_oral_taxon_352","T12","ALT",-0.00615537124156095,0.0281447356002632,TRUE,"-"
"Streptococcus_constellatus","Streptococcus_constellatus","T12","ALT",0.255891312192827,0.0150278538272045,TRUE,"+"
"Solobacterium_SGB6834","Solobacterium_SGB6834","T12","ALT",NA,1,FALSE,NA
"Lancefieldella_rimae","Lancefieldella_rimae","T12","ALT",-0.626827546116933,1,FALSE,"-"
"Haemophilus_parainfluenzae","Haemophilus_parainfluenzae","T12","ALT",0.0409246950310071,0.00552169833391165,TRUE,"+"
"Streptococcus_cristatus","Streptococcus_cristatus","T12","ALT",0.0669146920640853,7.16749867794412e-06,TRUE,"+"
"Candidatus_Nanoperiomorbus_periodonticus","Candidatus_Nanoperiomorbus_periodonticus","T12","ALT",NA,1,FALSE,NA
"Pseudomonas_aeruginosa","Pseudomonas_aeruginosa","T12","ALT",0.0474420531165444,0.0804831992327538,FALSE,"+"
"Slackia_exigua","Slackia_exigua","T12","ALT",NA,1,FALSE,NA
"Tannerella_forsythia","Tannerella_forsythia","T12","ALT",NA,1,FALSE,NA
"GGB4733_SGB6557","GGB4733_SGB6557","T12","ALT",NA,1,FALSE,NA
"Eubacterium_brachy","Eubacterium_brachy","T12","ALT",0.00385800437585283,0.481449417453241,FALSE,"+"
"Prevotella_jejuni","Prevotella_jejuni","T12","ALT",NA,1,FALSE,NA
"GGB3883_SGB5265","GGB3883_SGB5265","T12","ALT",NA,1,FALSE,NA
"Treponema_denticola","Treponema_denticola","T12","ALT",-0.116472183919104,1,FALSE,"-"
"Parvimonas_sp_oral_taxon_110","Parvimonas_sp_oral_taxon_110","T12","ALT",NA,1,FALSE,NA
"Candidatus_Nanosynbacter_sp_HMT_352","Candidatus_Nanosynbacter_sp_HMT_352","T12","ALT",NA,1,FALSE,NA
"Oribacterium_asaccharolyticum","Oribacterium_asaccharolyticum","T12","ALT",0.0406698129432943,0.00675486132716739,TRUE,"+"
"Oribacterium_parvum","Oribacterium_parvum","T12","ALT",0.0638760826377317,0.000180257840512866,TRUE,"+"
"GGB2964_SGB3946","GGB2964_SGB3946","T12","ALT",NA,1,FALSE,NA
"GGB3887_SGB5270","GGB3887_SGB5270","T12","ALT",NA,1,FALSE,NA
"Campylobacter_concisus","Campylobacter_concisus","T12","ALT",0.0007263032787393,1,FALSE,"+"
"Lachnoanaerobaculum_orale","Lachnoanaerobaculum_orale","T12","ALT",-0.0145452396987221,0.0262702873142044,TRUE,"-"
"Neisseria_sicca","Neisseria_sicca","T12","ALT",NA,1,FALSE,NA
"Capnocytophaga_sputigena","Capnocytophaga_sputigena","T12","ALT",NA,1,FALSE,NA
"Eubacterium_infirmum","Eubacterium_infirmum","T12","ALT",NA,1,FALSE,NA
"Prevotella_baroniae","Prevotella_baroniae","T12","ALT",-0.257383074576601,1,FALSE,"-"
"Corynebacterium_matruchotii","Corynebacterium_matruchotii","T12","ALT",NA,1,FALSE,NA
"GGB1843_SGB2524","GGB1843_SGB2524","T12","ALT",NA,1,FALSE,NA
"GGB4533_SGB6246","GGB4533_SGB6246","T12","ALT",NA,1,FALSE,NA
"Campylobacter_rectus","Campylobacter_rectus","T12","ALT",0.283152293126918,1,FALSE,"+"
"Prevotella_oulorum","Prevotella_oulorum","T12","ALT",NA,1,FALSE,NA
"GGB4333_SGB5935","GGB4333_SGB5935","T12","ALT",-0.178656099975587,1,FALSE,"-"
"Prevotella_vespertina","Prevotella_vespertina","T12","ALT",0.0310236042250919,0.0735622989781043,FALSE,"+"
"Alloprevotella_SGB1483","Alloprevotella_SGB1483","T12","ALT",0.207027895941641,0.0155249478362686,TRUE,"+"
"Alloprevotella_SGB1484","Alloprevotella_SGB1484","T12","ALT",0.155801855591939,0.0186206726039281,TRUE,"+"
"Catonella_SGB4505","Catonella_SGB4505","T12","ALT",NA,1,FALSE,NA
"Catonella_SGB69305","Catonella_SGB69305","T12","ALT",NA,1,FALSE,NA
"GGB4538_SGB6256","GGB4538_SGB6256","T12","ALT",0.0324238209487114,0.0690194199727843,FALSE,"+"
"GGB3059_SGB69431","GGB3059_SGB69431","T12","ALT",0.187373015317294,0.0156438585539131,TRUE,"+"
"GGB1202_SGB1567","GGB1202_SGB1567","T12","ALT",NA,1,FALSE,NA
"Selenomonas_noxia","Selenomonas_noxia","T12","ALT",NA,1,FALSE,NA
"Prevotella_veroralis","Prevotella_veroralis","T12","ALT",NA,1,FALSE,NA
"GGB3886_SGB5269","GGB3886_SGB5269","T12","ALT",NA,1,FALSE,NA
"GGB3883_SGB5266","GGB3883_SGB5266","T12","ALT",-0.0112216460993752,0.00263816850153667,TRUE,"-"
"Solobacterium_SGB6833","Solobacterium_SGB6833","T12","ALT",-0.0884746596425765,1,FALSE,"-"
"TM7_phylum_sp_oral_taxon_351","TM7_phylum_sp_oral_taxon_351","T12","ALT",0.0302856191339936,5.87130002910878e-05,TRUE,"+"
"Selenomonas_SGB5880","Selenomonas_SGB5880","T12","ALT",-0.0345963032544208,1,FALSE,"-"
"Prevotella_sp_oral_taxon_475","Prevotella_sp_oral_taxon_475","T12","ALT",-0.19555547836414,1,FALSE,"-"
"Aggregatibacter_segnis","Aggregatibacter_segnis","T12","ALT",NA,1,FALSE,NA
"GGB45697_SGB2042","GGB45697_SGB2042","T12","ALT",NA,1,FALSE,NA
"Granulicatella_SGB8245","Granulicatella_SGB8245","T12","ALT",NA,1,FALSE,NA
"GGB1144_SGB1469","GGB1144_SGB1469","T12","ALT",NA,1,FALSE,NA
"Porphyromonas_sp_oral_taxon_275","Porphyromonas_sp_oral_taxon_275","T12","ALT",-0.229039796246234,1,FALSE,"-"
"Granulicatella_SGB8239","Granulicatella_SGB8239","T12","ALT",NA,1,FALSE,NA
"GGB1203_SGB1568","GGB1203_SGB1568","T12","ALT",NA,1,FALSE,NA
"GGB12763_SGB19797","GGB12763_SGB19797","T12","ALT",NA,1,FALSE,NA
"Alloprevotella_SGB1466","Alloprevotella_SGB1466","T12","ALT",0.306644560291447,1,FALSE,"+"
"GGB4538_SGB6253","GGB4538_SGB6253","T12","ALT",NA,1,FALSE,NA
"Selenomonas_SGB5897","Selenomonas_SGB5897","T12","ALT",NA,1,FALSE,NA
"Moraxella_catarrhalis","Moraxella_catarrhalis","T12","ALT",-0.179038354188634,1,FALSE,"-"
"GGB1844_SGB2532","GGB1844_SGB2532","T12","ALT",NA,1,FALSE,NA
"GGB3385_SGB4471","GGB3385_SGB4471","T12","ALT",NA,1,FALSE,NA
"Cutibacterium_acnes","Cutibacterium_acnes","T0","AST",0.284462750590558,0.491524951850075,FALSE,"+"
"Staphylococcus_aureus","Staphylococcus_aureus","T0","AST",0.237873703987828,0.027502831449536,TRUE,"+"
"Streptococcus_mitis","Streptococcus_mitis","T0","AST",-0.000103125145188228,1,FALSE,"-"
"Streptococcus_sanguinis","Streptococcus_sanguinis","T0","AST",-0.0097436601177713,1,FALSE,"-"
"Actinomyces_sp_ICM47","Actinomyces_sp_ICM47","T0","AST",NA,1,FALSE,NA
"Lancefieldella_parvula","Lancefieldella_parvula","T0","AST",0.033533708039172,0.701589084037212,FALSE,"+"
"Schaalia_odontolytica","Schaalia_odontolytica","T0","AST",NA,1,FALSE,NA
"Streptococcus_salivarius","Streptococcus_salivarius","T0","AST",0.110291274320791,0.298475779238956,FALSE,"+"
"Actinomyces_graevenitzii","Actinomyces_graevenitzii","T0","AST",-0.0609666389097528,1,FALSE,"-"
"Solobacterium_moorei","Solobacterium_moorei","T0","AST",NA,1,FALSE,NA
"Gemella_sanguinis","Gemella_sanguinis","T0","AST",0.0127139327768805,1,FALSE,"+"
"Shuttleworthia_satelles","Shuttleworthia_satelles","T0","AST",0.0566358384338743,1,FALSE,"+"
"Streptococcus_australis","Streptococcus_australis","T0","AST",0.00209060951771996,1,FALSE,"+"
"Schaalia_SGB17157","Schaalia_SGB17157","T0","AST",NA,1,FALSE,NA
"Actinomyces_sp_ph3","Actinomyces_sp_ph3","T0","AST",0.0153094106492633,1,FALSE,"+"
"Veillonella_dispar","Veillonella_dispar","T0","AST",-0.136136525614996,0.189058846879214,FALSE,"-"
"Actinomyces_oris","Actinomyces_oris","T0","AST",0.0661500841205078,0.508239726761463,FALSE,"+"
"Streptococcus_parasanguinis","Streptococcus_parasanguinis","T0","AST",-0.00921468843403557,1,FALSE,"-"
"Abiotrophia_defectiva","Abiotrophia_defectiva","T0","AST",0.00336233504755866,1,FALSE,"+"
"Abiotrophia_sp_HMSC24B09","Abiotrophia_sp_HMSC24B09","T0","AST",0.076413560575336,1,FALSE,"+"
"Mogibacterium_diversum","Mogibacterium_diversum","T0","AST",0.0463332793360484,0.584663822869614,FALSE,"+"
"Actinomyces_SGB17132","Actinomyces_SGB17132","T0","AST",NA,1,FALSE,NA
"Rothia_aeria","Rothia_aeria","T0","AST",-0.222070551174489,1,FALSE,"-"
"Scardovia_wiggsiae","Scardovia_wiggsiae","T0","AST",0.0515244587808804,0.776618089217561,FALSE,"+"
"Granulicatella_SGB8255","Granulicatella_SGB8255","T0","AST",-0.00360040714921545,1,FALSE,"-"
"Granulicatella_adiacens","Granulicatella_adiacens","T0","AST",-0.0306109253476722,0.830552557734177,FALSE,"-"
"Actinomyces_naeslundii","Actinomyces_naeslundii","T0","AST",NA,1,FALSE,NA
"Gemella_haemolysans","Gemella_haemolysans","T0","AST",-0.10438940306661,0.427391042991437,FALSE,"-"
"Rothia_mucilaginosa","Rothia_mucilaginosa","T0","AST",-0.0143317838320711,1,FALSE,"-"
"Parvimonas_micra","Parvimonas_micra","T0","AST",NA,1,FALSE,NA
"Streptococcus_infantis","Streptococcus_infantis","T0","AST",-0.0155541783062399,1,FALSE,"-"
"Veillonella_atypica","Veillonella_atypica","T0","AST",-0.0383314343663633,0.584663822869614,FALSE,"-"
"Veillonella_parvula","Veillonella_parvula","T0","AST",0.0946392688085944,0.298475779238956,FALSE,"+"
"Streptococcus_gordonii","Streptococcus_gordonii","T0","AST",NA,1,FALSE,NA
"Veillonella_rogosae","Veillonella_rogosae","T0","AST",NA,1,FALSE,NA
"Porphyromonas_bobii","Porphyromonas_bobii","T0","AST",0.0460935740831228,0.584663822869614,FALSE,"+"
"Prevotella_histicola","Prevotella_histicola","T0","AST",0.0832142263569522,0.584663822869614,FALSE,"+"
"Rothia_SGB49305","Rothia_SGB49305","T0","AST",0.00466012967059509,1,FALSE,"+"
"Streptococcus_oralis","Streptococcus_oralis","T0","AST",0.0334772302186871,0.584663822869614,FALSE,"+"
"Streptococcus_intermedius","Streptococcus_intermedius","T0","AST",-0.165273075290129,1,FALSE,"-"
"Tannerella_serpentiformis","Tannerella_serpentiformis","T0","AST",0.0870825219243721,0.584663822869614,FALSE,"+"
"Prevotella_salivae","Prevotella_salivae","T0","AST",0.0197837042171629,1,FALSE,"+"
"Gemella_morbillorum","Gemella_morbillorum","T0","AST",NA,1,FALSE,NA
"Prevotella_oris","Prevotella_oris","T0","AST",-0.203711288699982,1,FALSE,"-"
"Prevotella_melaninogenica","Prevotella_melaninogenica","T0","AST",0.0373248682670621,0.584663822869614,FALSE,"+"
"Prevotella_nigrescens","Prevotella_nigrescens","T0","AST",0.914851597040092,1,FALSE,"+"
"GGB1144_SGB1468","GGB1144_SGB1468","T0","AST",-2.11734093682884,1,FALSE,"-"
"Capnocytophaga_gingivalis","Capnocytophaga_gingivalis","T0","AST",-0.0419576739661641,0.85661750886063,FALSE,"-"
"Fusobacterium_nucleatum","Fusobacterium_nucleatum","T0","AST",0.0358952590288175,0.584663822869614,FALSE,"+"
"Peptostreptococcus_stomatis","Peptostreptococcus_stomatis","T0","AST",NA,1,FALSE,NA
"Metamycoplasma_salivarium","Metamycoplasma_salivarium","T0","AST",0.0289846610544452,1,FALSE,"+"
"Alloprevotella_tannerae","Alloprevotella_tannerae","T0","AST",NA,1,FALSE,NA
"Corynebacterium_durum","Corynebacterium_durum","T0","AST",-0.0295435989578572,1,FALSE,"-"
"Candidatus_Nanosynsacchari_sp_TM7_ANC_38_39_G1_1","Candidatus_Nanosynsacchari_sp_TM7_ANC_38_39_G1_1","T0","AST",NA,1,FALSE,NA
"Neisseria_subflava","Neisseria_subflava","T0","AST",0.0456806898226171,0.584663822869614,FALSE,"+"
"Lachnoanaerobaculum_sp_ICM7","Lachnoanaerobaculum_sp_ICM7","T0","AST",0.0747131097544271,0.584663822869614,FALSE,"+"
"Prevotella_nanceiensis","Prevotella_nanceiensis","T0","AST",-0.0426271707620883,0.584663822869614,FALSE,"-"
"Solobacterium_SGB6829","Solobacterium_SGB6829","T0","AST",-0.0656790733193378,0.491524951850075,FALSE,"-"
"Prevotella_pallens","Prevotella_pallens","T0","AST",0.00429304076557596,1,FALSE,"+"
"Peptostreptococcus_SGB749","Peptostreptococcus_SGB749","T0","AST",0.0863448978865331,0.491524951850075,FALSE,"+"
"Eubacterium_sulci","Eubacterium_sulci","T0","AST",-0.447953834421897,1,FALSE,"-"
"Schaalia_meyeri","Schaalia_meyeri","T0","AST",-0.130160532273797,0.584663822869614,FALSE,"-"
"Schaalia_SGB17168","Schaalia_SGB17168","T0","AST",-0.0441429702337286,0.584663822869614,FALSE,"-"
"Porphyromonas_endodontalis","Porphyromonas_endodontalis","T0","AST",-0.16753315459611,1,FALSE,"-"
"Capnocytophaga_leadbetteri","Capnocytophaga_leadbetteri","T0","AST",-0.0188087916715325,1,FALSE,"-"
"Oribacterium_sinus","Oribacterium_sinus","T0","AST",-0.0225295643913558,1,FALSE,"-"
"Capnocytophaga_SGB2499","Capnocytophaga_SGB2499","T0","AST",NA,1,FALSE,NA
"Lautropia_mirabilis","Lautropia_mirabilis","T0","AST",0.186454535328632,0.511752074988108,FALSE,"+"
"GGB12785_SGB19823","GGB12785_SGB19823","T0","AST",0.0910201927291681,1,FALSE,"+"
"Treponema_vincentii","Treponema_vincentii","T0","AST",1.60642737673335,1,FALSE,"+"
"Leptotrichia_wadei","Leptotrichia_wadei","T0","AST",NA,1,FALSE,NA
"Leptotrichia_sp_oral_taxon_215","Leptotrichia_sp_oral_taxon_215","T0","AST",NA,1,FALSE,NA
"Catonella_massiliensis","Catonella_massiliensis","T0","AST",0.114090452930753,0.491524951850075,FALSE,"+"
"TM7_phylum_sp_oral_taxon_352","TM7_phylum_sp_oral_taxon_352","T0","AST",NA,1,FALSE,NA
"Streptococcus_constellatus","Streptococcus_constellatus","T0","AST",-0.660755475163457,1,FALSE,"-"
"Lancefieldella_rimae","Lancefieldella_rimae","T0","AST",4.10718069549779,1,FALSE,"+"
"Streptococcus_cristatus","Streptococcus_cristatus","T0","AST",-0.2335609216124,1,FALSE,"-"
"Achromobacter_xylosoxidans","Achromobacter_xylosoxidans","T0","AST",0.587331330742806,1,FALSE,"+"
"Pseudomonas_aeruginosa","Pseudomonas_aeruginosa","T0","AST",-0.0432254969122778,0.584663822869614,FALSE,"-"
"Slackia_exigua","Slackia_exigua","T0","AST",0.243211728438669,1,FALSE,"+"
"Tannerella_forsythia","Tannerella_forsythia","T0","AST",NA,1,FALSE,NA
"Haemophilus_influenzae","Haemophilus_influenzae","T0","AST",-4.11987136941787,1,FALSE,"-"
"Eubacterium_brachy","Eubacterium_brachy","T0","AST",NA,1,FALSE,NA
"GGB3883_SGB5265","GGB3883_SGB5265","T0","AST",0.207278225952589,0.508239726761463,FALSE,"+"
"Parvimonas_sp_oral_taxon_110","Parvimonas_sp_oral_taxon_110","T0","AST",NA,1,FALSE,NA
"Oribacterium_asaccharolyticum","Oribacterium_asaccharolyticum","T0","AST",NA,1,FALSE,NA
"Campylobacter_concisus","Campylobacter_concisus","T0","AST",-0.0244425013141742,1,FALSE,"-"
"Lachnoanaerobaculum_orale","Lachnoanaerobaculum_orale","T0","AST",0.292247486212129,0.491524951850075,FALSE,"+"
"Neisseria_sicca","Neisseria_sicca","T0","AST",0.0462308694420707,0.820239519635891,FALSE,"+"
"Capnocytophaga_sputigena","Capnocytophaga_sputigena","T0","AST",NA,1,FALSE,NA
"Porphyromonas_catoniae","Porphyromonas_catoniae","T0","AST",NA,1,FALSE,NA
"Cardiobacterium_hominis","Cardiobacterium_hominis","T0","AST",NA,1,FALSE,NA
"Mogibacterium_SGB3923","Mogibacterium_SGB3923","T0","AST",NA,1,FALSE,NA
"Prevotella_oulorum","Prevotella_oulorum","T0","AST",-0.130114318935324,0.584663822869614,FALSE,"-"
"GGB3883_SGB5266","GGB3883_SGB5266","T0","AST",-0.00616388497645647,1,FALSE,"-"
"Cutibacterium_acnes","Cutibacterium_acnes","T12","AST",-19.9535653954717,1,FALSE,"-"
"Streptococcus_mitis","Streptococcus_mitis","T12","AST",0.0282622568141336,0.31330254521592,FALSE,"+"
"Streptococcus_sanguinis","Streptococcus_sanguinis","T12","AST",0.0356637584976919,0.154086690670887,FALSE,"+"
"Actinomyces_sp_ICM47","Actinomyces_sp_ICM47","T12","AST",-0.0372091793985211,0.0821439578016707,FALSE,"-"
"Lancefieldella_parvula","Lancefieldella_parvula","T12","AST",0.0152183246767402,0.551181434557634,FALSE,"+"
"Schaalia_odontolytica","Schaalia_odontolytica","T12","AST",0.0718046303307052,0.0468399488611303,TRUE,"+"
"Streptococcus_salivarius","Streptococcus_salivarius","T12","AST",-0.0108031746486649,0.915531573845673,FALSE,"-"
"Actinomyces_graevenitzii","Actinomyces_graevenitzii","T12","AST",-0.026968111906652,0.48178695037461,FALSE,"-"
"Solobacterium_moorei","Solobacterium_moorei","T12","AST",NA,1,FALSE,NA
"Gemella_sanguinis","Gemella_sanguinis","T12","AST",-0.00229252534370513,1,FALSE,"-"
"Streptococcus_australis","Streptococcus_australis","T12","AST",-0.0562523223638109,0.0150731966108228,TRUE,"-"
"Schaalia_SGB17157","Schaalia_SGB17157","T12","AST",NA,1,FALSE,NA
"Actinomyces_sp_ph3","Actinomyces_sp_ph3","T12","AST",NA,1,FALSE,NA
"Veillonella_dispar","Veillonella_dispar","T12","AST",0.00492656062723306,1,FALSE,"+"
"Actinomyces_oris","Actinomyces_oris","T12","AST",-0.0708602852103995,0.0471561677152844,TRUE,"-"
"Streptococcus_parasanguinis","Streptococcus_parasanguinis","T12","AST",0.0134478045000406,0.590403424584483,FALSE,"+"
"Abiotrophia_defectiva","Abiotrophia_defectiva","T12","AST",NA,1,FALSE,NA
"Abiotrophia_sp_HMSC24B09","Abiotrophia_sp_HMSC24B09","T12","AST",NA,1,FALSE,NA
"Mogibacterium_diversum","Mogibacterium_diversum","T12","AST",0.0446085584799858,0.0150731966108228,TRUE,"+"
"Actinomyces_SGB17132","Actinomyces_SGB17132","T12","AST",NA,1,FALSE,NA
"Schaalia_SGB17158","Schaalia_SGB17158","T12","AST",NA,1,FALSE,NA
"Streptococcus_rubneri","Streptococcus_rubneri","T12","AST",-0.925370679265777,1,FALSE,"-"
"Rothia_aeria","Rothia_aeria","T12","AST",-0.147567175055532,0.14823855578369,FALSE,"-"
"Scardovia_wiggsiae","Scardovia_wiggsiae","T12","AST",0.8101444112055,1,FALSE,"+"
"Granulicatella_SGB8255","Granulicatella_SGB8255","T12","AST",-0.0171036995020297,0.451532714288584,FALSE,"-"
"Granulicatella_adiacens","Granulicatella_adiacens","T12","AST",0.156175616660048,0.141808296345957,FALSE,"+"
"Actinomyces_naeslundii","Actinomyces_naeslundii","T12","AST",0.440408308338595,1,FALSE,"+"
"Gemella_haemolysans","Gemella_haemolysans","T12","AST",0.0444694672696271,0.230928171132216,FALSE,"+"
"Rothia_mucilaginosa","Rothia_mucilaginosa","T12","AST",-0.0159180589632306,0.886184581156173,FALSE,"-"
"Parvimonas_micra","Parvimonas_micra","T12","AST",-0.019489687548229,0.277884818601071,FALSE,"-"
"Streptococcus_infantis","Streptococcus_infantis","T12","AST",-0.0263194362911689,0.451532714288584,FALSE,"-"
"Veillonella_atypica","Veillonella_atypica","T12","AST",-0.0763865855349036,0.00179843429521511,TRUE,"-"
"Veillonella_parvula","Veillonella_parvula","T12","AST",0.0720823629711466,0.0128413108992683,TRUE,"+"
"Megasphaera_micronuciformis","Megasphaera_micronuciformis","T12","AST",NA,1,FALSE,NA
"Streptococcus_gordonii","Streptococcus_gordonii","T12","AST",-0.279462331910852,0.0128413108992683,TRUE,"-"
"Veillonella_rogosae","Veillonella_rogosae","T12","AST",-0.00329940712717055,1,FALSE,"-"
"Porphyromonas_bobii","Porphyromonas_bobii","T12","AST",0.0401320562998813,0.0460536577767087,TRUE,"+"
"Prevotella_histicola","Prevotella_histicola","T12","AST",-0.275833710343727,0.00378047960684683,TRUE,"-"
"Rothia_SGB49305","Rothia_SGB49305","T12","AST",0.131394218637738,0.00206000488786193,TRUE,"+"
"Streptococcus_oralis","Streptococcus_oralis","T12","AST",0.0545581100581604,0.102935617452239,FALSE,"+"
"Streptococcus_intermedius","Streptococcus_intermedius","T12","AST",NA,1,FALSE,NA
"Tannerella_serpentiformis","Tannerella_serpentiformis","T12","AST",0.00129505932231227,1,FALSE,"+"
"Prevotella_salivae","Prevotella_salivae","T12","AST",0.0516952598530214,0.0393129568141797,TRUE,"+"
"Gemella_morbillorum","Gemella_morbillorum","T12","AST",NA,1,FALSE,NA
"Prevotella_oris","Prevotella_oris","T12","AST",0.0274768720502041,0.141808296345957,FALSE,"+"
"Prevotella_melaninogenica","Prevotella_melaninogenica","T12","AST",-0.003381058099789,1,FALSE,"-"
"Prevotella_nigrescens","Prevotella_nigrescens","T12","AST",NA,1,FALSE,NA
"GGB1144_SGB1468","GGB1144_SGB1468","T12","AST",-0.0604799894205193,0.0998429802001616,FALSE,"-"
"Capnocytophaga_gingivalis","Capnocytophaga_gingivalis","T12","AST",0.108606190840139,0.0460536577767087,TRUE,"+"
"Fusobacterium_nucleatum","Fusobacterium_nucleatum","T12","AST",0.0998136987543952,0.0112001050589621,TRUE,"+"
"Peptostreptococcus_stomatis","Peptostreptococcus_stomatis","T12","AST",NA,1,FALSE,NA
"Prevotella_denticola","Prevotella_denticola","T12","AST",-0.348338693318658,1,FALSE,"-"
"Metamycoplasma_salivarium","Metamycoplasma_salivarium","T12","AST",0.166315188138391,1,FALSE,"+"
"Alloprevotella_tannerae","Alloprevotella_tannerae","T12","AST",-0.0129052215967002,0.855416933222257,FALSE,"-"
"Streptococcus_anginosus","Streptococcus_anginosus","T12","AST",NA,1,FALSE,NA
"Corynebacterium_durum","Corynebacterium_durum","T12","AST",-0.143668258016588,1,FALSE,"-"
"Candidatus_Nanosynsacchari_sp_TM7_ANC_38_39_G1_1","Candidatus_Nanosynsacchari_sp_TM7_ANC_38_39_G1_1","T12","AST",NA,1,FALSE,NA
"Dialister_invisus","Dialister_invisus","T12","AST",NA,1,FALSE,NA
"Neisseria_subflava","Neisseria_subflava","T12","AST",0.0134979855834532,0.551181434557634,FALSE,"+"
"Burkholderia_contaminans","Burkholderia_contaminans","T12","AST",NA,1,FALSE,NA
"Fusobacterium_periodonticum","Fusobacterium_periodonticum","T12","AST",0.0704997208524284,0.00257354446912894,TRUE,"+"
"Lachnoanaerobaculum_sp_ICM7","Lachnoanaerobaculum_sp_ICM7","T12","AST",0.30823959340982,0.0118645904086913,TRUE,"+"
"Prevotella_nanceiensis","Prevotella_nanceiensis","T12","AST",-0.0506973487867939,0.0135681905332927,TRUE,"-"
"Solobacterium_SGB6829","Solobacterium_SGB6829","T12","AST",-0.0247596531553127,0.12462004001154,FALSE,"-"
"Prevotella_pallens","Prevotella_pallens","T12","AST",-0.0249081312018945,0.127672889445656,FALSE,"-"
"Oribacterium_SGB5283","Oribacterium_SGB5283","T12","AST",NA,1,FALSE,NA
"Peptostreptococcus_SGB749","Peptostreptococcus_SGB749","T12","AST",0.163533694497917,0.00149333521288056,TRUE,"+"
"Eubacterium_sulci","Eubacterium_sulci","T12","AST",0.0376683291893335,0.0460536577767087,TRUE,"+"
"Schaalia_meyeri","Schaalia_meyeri","T12","AST",NA,1,FALSE,NA
"Schaalia_SGB17168","Schaalia_SGB17168","T12","AST",0.258943743781329,0.00149333521288056,TRUE,"+"
"Haemophilus_sputorum","Haemophilus_sputorum","T12","AST",NA,1,FALSE,NA
"Porphyromonas_endodontalis","Porphyromonas_endodontalis","T12","AST",0.142759024337933,0.0121053055928334,TRUE,"+"
"Capnocytophaga_leadbetteri","Capnocytophaga_leadbetteri","T12","AST",0.0403907586780444,0.162543480341365,FALSE,"+"
"Oribacterium_sinus","Oribacterium_sinus","T12","AST",0.000118472152342112,1,FALSE,"+"
"Capnocytophaga_SGB2499","Capnocytophaga_SGB2499","T12","AST",NA,1,FALSE,NA
"Prevotella_shahii","Prevotella_shahii","T12","AST",-0.586596363179277,1,FALSE,"-"
"Lautropia_mirabilis","Lautropia_mirabilis","T12","AST",NA,1,FALSE,NA
"Veillonella_tobetsuensis","Veillonella_tobetsuensis","T12","AST",0.145743994567182,0.0319015855387168,TRUE,"+"
"Haemophilus_haemolyticus","Haemophilus_haemolyticus","T12","AST",0.186291937479559,0.127672889445656,FALSE,"+"
"Treponema_vincentii","Treponema_vincentii","T12","AST",-0.00394977285117924,1,FALSE,"-"
"Leptotrichia_wadei","Leptotrichia_wadei","T12","AST",NA,1,FALSE,NA
"Filifactor_alocis","Filifactor_alocis","T12","AST",0.0655233437191375,0.0445349798836322,TRUE,"+"
"Leptotrichia_sp_oral_taxon_215","Leptotrichia_sp_oral_taxon_215","T12","AST",0.118465042512072,0.00509206820376409,TRUE,"+"
"Catonella_massiliensis","Catonella_massiliensis","T12","AST",0.00047301839562132,1,FALSE,"+"
"Prevotella_intermedia","Prevotella_intermedia","T12","AST",NA,1,FALSE,NA
"TM7_phylum_sp_oral_taxon_352","TM7_phylum_sp_oral_taxon_352","T12","AST",-0.0162255010617223,0.451532714288584,FALSE,"-"
"Streptococcus_constellatus","Streptococcus_constellatus","T12","AST",-0.025195796599739,0.590403424584483,FALSE,"-"
"Solobacterium_SGB6834","Solobacterium_SGB6834","T12","AST",NA,1,FALSE,NA
"Lancefieldella_rimae","Lancefieldella_rimae","T12","AST",0.264767357042331,1,FALSE,"+"
"Haemophilus_parainfluenzae","Haemophilus_parainfluenzae","T12","AST",0.0666888869088232,0.0881025803068608,FALSE,"+"
"Streptococcus_cristatus","Streptococcus_cristatus","T12","AST",0.0803542657847189,0.00861209521520126,TRUE,"+"
"Candidatus_Nanoperiomorbus_periodonticus","Candidatus_Nanoperiomorbus_periodonticus","T12","AST",NA,1,FALSE,NA
"Pseudomonas_aeruginosa","Pseudomonas_aeruginosa","T12","AST",0.0874732169447987,0.064762662447246,FALSE,"+"
"Slackia_exigua","Slackia_exigua","T12","AST",NA,1,FALSE,NA
"Tannerella_forsythia","Tannerella_forsythia","T12","AST",NA,1,FALSE,NA
"GGB4733_SGB6557","GGB4733_SGB6557","T12","AST",NA,1,FALSE,NA
"Eubacterium_brachy","Eubacterium_brachy","T12","AST",-0.0608617955783197,0.296205651070329,FALSE,"-"
"Prevotella_jejuni","Prevotella_jejuni","T12","AST",NA,1,FALSE,NA
"GGB3883_SGB5265","GGB3883_SGB5265","T12","AST",NA,1,FALSE,NA
"Treponema_denticola","Treponema_denticola","T12","AST",-0.440294823376898,1,FALSE,"-"
"Parvimonas_sp_oral_taxon_110","Parvimonas_sp_oral_taxon_110","T12","AST",NA,1,FALSE,NA
"Candidatus_Nanosynbacter_sp_HMT_352","Candidatus_Nanosynbacter_sp_HMT_352","T12","AST",NA,1,FALSE,NA
"Oribacterium_asaccharolyticum","Oribacterium_asaccharolyticum","T12","AST",0.0486496984333891,0.141808296345957,FALSE,"+"
"Oribacterium_parvum","Oribacterium_parvum","T12","AST",0.0592366562049827,0.0471561677152844,TRUE,"+"
"GGB2964_SGB3946","GGB2964_SGB3946","T12","AST",NA,1,FALSE,NA
"GGB3887_SGB5270","GGB3887_SGB5270","T12","AST",NA,1,FALSE,NA
"Campylobacter_concisus","Campylobacter_concisus","T12","AST",-0.0189903230874924,0.330991479539214,FALSE,"-"
"Lachnoanaerobaculum_orale","Lachnoanaerobaculum_orale","T12","AST",0.0353377374866348,0.203924181979617,FALSE,"+"
"Neisseria_sicca","Neisseria_sicca","T12","AST",NA,1,FALSE,NA
"Capnocytophaga_sputigena","Capnocytophaga_sputigena","T12","AST",NA,1,FALSE,NA
"Eubacterium_infirmum","Eubacterium_infirmum","T12","AST",NA,1,FALSE,NA
"Prevotella_baroniae","Prevotella_baroniae","T12","AST",-0.677123193267499,1,FALSE,"-"
"Corynebacterium_matruchotii","Corynebacterium_matruchotii","T12","AST",NA,1,FALSE,NA
"GGB1843_SGB2524","GGB1843_SGB2524","T12","AST",NA,1,FALSE,NA
"GGB4533_SGB6246","GGB4533_SGB6246","T12","AST",NA,1,FALSE,NA
"Campylobacter_rectus","Campylobacter_rectus","T12","AST",-0.343564442835884,1,FALSE,"-"
"Prevotella_oulorum","Prevotella_oulorum","T12","AST",NA,1,FALSE,NA
"GGB4333_SGB5935","GGB4333_SGB5935","T12","AST",-0.349649532426429,1,FALSE,"-"
"Prevotella_vespertina","Prevotella_vespertina","T12","AST",0.0959433825667301,0.203924181979617,FALSE,"+"
"Alloprevotella_SGB1483","Alloprevotella_SGB1483","T12","AST",0.5772174992693,0.0560923871618773,FALSE,"+"
"Alloprevotella_SGB1484","Alloprevotella_SGB1484","T12","AST",0.47254922826282,0.0641388290717089,FALSE,"+"
"Catonella_SGB4505","Catonella_SGB4505","T12","AST",NA,1,FALSE,NA
"Catonella_SGB69305","Catonella_SGB69305","T12","AST",NA,1,FALSE,NA
"GGB4538_SGB6256","GGB4538_SGB6256","T12","AST",-0.0051395035043724,1,FALSE,"-"
"GGB3059_SGB69431","GGB3059_SGB69431","T12","AST",0.629113645811183,0.0514274447210234,FALSE,"+"
"GGB1202_SGB1567","GGB1202_SGB1567","T12","AST",NA,1,FALSE,NA
"Selenomonas_noxia","Selenomonas_noxia","T12","AST",NA,1,FALSE,NA
"Prevotella_veroralis","Prevotella_veroralis","T12","AST",NA,1,FALSE,NA
"GGB3886_SGB5269","GGB3886_SGB5269","T12","AST",NA,1,FALSE,NA
"GGB3883_SGB5266","GGB3883_SGB5266","T12","AST",0.00408658182263619,1,FALSE,"+"
"Solobacterium_SGB6833","Solobacterium_SGB6833","T12","AST",-1.43215259187452,1,FALSE,"-"
"TM7_phylum_sp_oral_taxon_351","TM7_phylum_sp_oral_taxon_351","T12","AST",0.0856338251971442,0.00861209521520126,TRUE,"+"
"Selenomonas_SGB5880","Selenomonas_SGB5880","T12","AST",0.347131329249398,1,FALSE,"+"
"Prevotella_sp_oral_taxon_475","Prevotella_sp_oral_taxon_475","T12","AST",0.116210079146793,1,FALSE,"+"
"Aggregatibacter_segnis","Aggregatibacter_segnis","T12","AST",NA,1,FALSE,NA
"GGB45697_SGB2042","GGB45697_SGB2042","T12","AST",NA,1,FALSE,NA
"Granulicatella_SGB8245","Granulicatella_SGB8245","T12","AST",NA,1,FALSE,NA
"GGB1144_SGB1469","GGB1144_SGB1469","T12","AST",NA,1,FALSE,NA
"Porphyromonas_sp_oral_taxon_275","Porphyromonas_sp_oral_taxon_275","T12","AST",-0.899672109033227,1,FALSE,"-"
"Granulicatella_SGB8239","Granulicatella_SGB8239","T12","AST",NA,1,FALSE,NA
"GGB1203_SGB1568","GGB1203_SGB1568","T12","AST",NA,1,FALSE,NA
"GGB12763_SGB19797","GGB12763_SGB19797","T12","AST",NA,1,FALSE,NA
"Alloprevotella_SGB1466","Alloprevotella_SGB1466","T12","AST",0.147769332051321,1,FALSE,"+"
"GGB4538_SGB6253","GGB4538_SGB6253","T12","AST",NA,1,FALSE,NA
"Selenomonas_SGB5897","Selenomonas_SGB5897","T12","AST",NA,1,FALSE,NA
"Moraxella_catarrhalis","Moraxella_catarrhalis","T12","AST",0.130304024411675,1,FALSE,"+"
"GGB1844_SGB2532","GGB1844_SGB2532","T12","AST",NA,1,FALSE,NA
"GGB3385_SGB4471","GGB3385_SGB4471","T12","AST",NA,1,FALSE,NA
"Cutibacterium_acnes","Cutibacterium_acnes","T0","GGT",0.171278613247099,0.00785497630593415,TRUE,"+"
"Staphylococcus_aureus","Staphylococcus_aureus","T0","GGT",0.164067194138605,6.05553719990467e-08,TRUE,"+"
"Streptococcus_mitis","Streptococcus_mitis","T0","GGT",-0.00732875505333839,1.68818358866213e-05,TRUE,"-"
"Streptococcus_sanguinis","Streptococcus_sanguinis","T0","GGT",-0.0155721860333427,0.00133048918789933,TRUE,"-"
"Actinomyces_sp_ICM47","Actinomyces_sp_ICM47","T0","GGT",NA,1,FALSE,NA
"Lancefieldella_parvula","Lancefieldella_parvula","T0","GGT",-0.000361857981802836,1,FALSE,"-"
"Schaalia_odontolytica","Schaalia_odontolytica","T0","GGT",NA,1,FALSE,NA
"Streptococcus_salivarius","Streptococcus_salivarius","T0","GGT",0.275668538783259,3.3185728444559e-07,TRUE,"+"
"Actinomyces_graevenitzii","Actinomyces_graevenitzii","T0","GGT",0.460602599363935,1,FALSE,"+"
"Solobacterium_moorei","Solobacterium_moorei","T0","GGT",NA,1,FALSE,NA
"Gemella_sanguinis","Gemella_sanguinis","T0","GGT",0.00995128800697332,3.89890386308364e-05,TRUE,"+"
"Shuttleworthia_satelles","Shuttleworthia_satelles","T0","GGT",0.000793953673945008,1,FALSE,"+"
"Streptococcus_australis","Streptococcus_australis","T0","GGT",0.00439170440960078,0.0240154484648094,TRUE,"+"
"Schaalia_SGB17157","Schaalia_SGB17157","T0","GGT",NA,1,FALSE,NA
"Actinomyces_sp_ph3","Actinomyces_sp_ph3","T0","GGT",0.00277816751365093,0.0130334046374113,TRUE,"+"
"Veillonella_dispar","Veillonella_dispar","T0","GGT",-0.0978380859225293,2.94220284062123e-07,TRUE,"-"
"Actinomyces_oris","Actinomyces_oris","T0","GGT",-0.000558062939944253,1,FALSE,"-"
"Streptococcus_parasanguinis","Streptococcus_parasanguinis","T0","GGT",-0.00593145670397805,2.60414761029743e-05,TRUE,"-"
"Abiotrophia_defectiva","Abiotrophia_defectiva","T0","GGT",-0.00741659580717239,0.00458054864530446,TRUE,"-"
"Abiotrophia_sp_HMSC24B09","Abiotrophia_sp_HMSC24B09","T0","GGT",0.181211497101266,1,FALSE,"+"
"Mogibacterium_diversum","Mogibacterium_diversum","T0","GGT",0.017438688752574,0.000549757117758837,TRUE,"+"
"Actinomyces_SGB17132","Actinomyces_SGB17132","T0","GGT",NA,1,FALSE,NA
"Rothia_aeria","Rothia_aeria","T0","GGT",-0.415828159710996,1,FALSE,"-"
"Scardovia_wiggsiae","Scardovia_wiggsiae","T0","GGT",0.000959119133259236,0.71391361653118,FALSE,"+"
"Granulicatella_SGB8255","Granulicatella_SGB8255","T0","GGT",0.00574052464306187,6.88409947411678e-06,TRUE,"+"
"Granulicatella_adiacens","Granulicatella_adiacens","T0","GGT",-0.0191880092182766,0.00380314204549931,TRUE,"-"
"Actinomyces_naeslundii","Actinomyces_naeslundii","T0","GGT",NA,1,FALSE,NA
"Gemella_haemolysans","Gemella_haemolysans","T0","GGT",-0.0380564499305966,8.3843766479222e-05,TRUE,"-"
"Rothia_mucilaginosa","Rothia_mucilaginosa","T0","GGT",-0.00594973860244649,4.45340825842087e-06,TRUE,"-"
"Parvimonas_micra","Parvimonas_micra","T0","GGT",NA,1,FALSE,NA
"Streptococcus_infantis","Streptococcus_infantis","T0","GGT",-0.0112388337237577,0.000506104102289202,TRUE,"-"
"Veillonella_atypica","Veillonella_atypica","T0","GGT",-0.028797763773606,2.94220284062123e-07,TRUE,"-"
"Veillonella_parvula","Veillonella_parvula","T0","GGT",0.00352927019186007,0.0206075688092711,TRUE,"+"
"Streptococcus_gordonii","Streptococcus_gordonii","T0","GGT",NA,1,FALSE,NA
"Veillonella_rogosae","Veillonella_rogosae","T0","GGT",NA,1,FALSE,NA
"Porphyromonas_bobii","Porphyromonas_bobii","T0","GGT",0.0291096253728669,2.94220284062123e-07,TRUE,"+"
"Prevotella_histicola","Prevotella_histicola","T0","GGT",0.140034818428513,0.00857714096166394,TRUE,"+"
"Rothia_SGB49305","Rothia_SGB49305","T0","GGT",-0.0026748649550152,0.00876910632597711,TRUE,"-"
"Streptococcus_oralis","Streptococcus_oralis","T0","GGT",-0.0010684938703995,0.26402593798316,FALSE,"-"
"Streptococcus_intermedius","Streptococcus_intermedius","T0","GGT",-0.0680454298023131,1,FALSE,"-"
"Tannerella_serpentiformis","Tannerella_serpentiformis","T0","GGT",0.0323481260212752,0.0274922897794204,TRUE,"+"
"Prevotella_salivae","Prevotella_salivae","T0","GGT",0.014390292908474,0.000990771988100745,TRUE,"+"
"Gemella_morbillorum","Gemella_morbillorum","T0","GGT",NA,1,FALSE,NA
"Prevotella_oris","Prevotella_oris","T0","GGT",-2.76846006331632,1,FALSE,"-"
"Prevotella_melaninogenica","Prevotella_melaninogenica","T0","GGT",-0.00153482382273012,0.354533977987169,FALSE,"-"
"Prevotella_nigrescens","Prevotella_nigrescens","T0","GGT",-0.26599142483217,1,FALSE,"-"
"GGB1144_SGB1468","GGB1144_SGB1468","T0","GGT",0.457599975295646,1,FALSE,"+"
"Capnocytophaga_gingivalis","Capnocytophaga_gingivalis","T0","GGT",-0.00746607276256935,0.120036038337624,FALSE,"-"
"Fusobacterium_nucleatum","Fusobacterium_nucleatum","T0","GGT",-0.615843685070345,5.13386875027594e-10,TRUE,"-"
"Peptostreptococcus_stomatis","Peptostreptococcus_stomatis","T0","GGT",NA,1,FALSE,NA
"Metamycoplasma_salivarium","Metamycoplasma_salivarium","T0","GGT",0.134341671745838,0.00876910632597711,TRUE,"+"
"Alloprevotella_tannerae","Alloprevotella_tannerae","T0","GGT",NA,1,FALSE,NA
"Corynebacterium_durum","Corynebacterium_durum","T0","GGT",-0.0995961443671233,1,FALSE,"-"
"Candidatus_Nanosynsacchari_sp_TM7_ANC_38_39_G1_1","Candidatus_Nanosynsacchari_sp_TM7_ANC_38_39_G1_1","T0","GGT",NA,1,FALSE,NA
"Neisseria_subflava","Neisseria_subflava","T0","GGT",0.031132735785526,0.00184657838801944,TRUE,"+"
"Lachnoanaerobaculum_sp_ICM7","Lachnoanaerobaculum_sp_ICM7","T0","GGT",0.0152928414205055,0.0604890068729247,FALSE,"+"
"Prevotella_nanceiensis","Prevotella_nanceiensis","T0","GGT",0.0628433679726471,2.19059873806256e-05,TRUE,"+"
"Solobacterium_SGB6829","Solobacterium_SGB6829","T0","GGT",-0.0377209391648223,9.11785664099048e-05,TRUE,"-"
"Prevotella_pallens","Prevotella_pallens","T0","GGT",-0.00998702640272515,0.0207085100824173,TRUE,"-"
"Peptostreptococcus_SGB749","Peptostreptococcus_SGB749","T0","GGT",0.0226729870846802,0.00294720029978941,TRUE,"+"
"Eubacterium_sulci","Eubacterium_sulci","T0","GGT",0.971755543264577,1,FALSE,"+"
"Schaalia_meyeri","Schaalia_meyeri","T0","GGT",-0.406528259908199,0.00380314204549931,TRUE,"-"
"Schaalia_SGB17168","Schaalia_SGB17168","T0","GGT",0.000681962218378199,0.730094897041057,FALSE,"+"
"Porphyromonas_endodontalis","Porphyromonas_endodontalis","T0","GGT",1.01563575215001,1,FALSE,"+"
"Capnocytophaga_leadbetteri","Capnocytophaga_leadbetteri","T0","GGT",0.121315565720963,1,FALSE,"+"
"Oribacterium_sinus","Oribacterium_sinus","T0","GGT",-0.00667665608435197,4.69887225522223e-05,TRUE,"-"
"Capnocytophaga_SGB2499","Capnocytophaga_SGB2499","T0","GGT",NA,1,FALSE,NA
"Lautropia_mirabilis","Lautropia_mirabilis","T0","GGT",0.368688520833603,0.00441816720207297,TRUE,"+"
"GGB12785_SGB19823","GGB12785_SGB19823","T0","GGT",-0.677379396854797,1,FALSE,"-"
"Treponema_vincentii","Treponema_vincentii","T0","GGT",-0.431026554077154,1,FALSE,"-"
"Leptotrichia_wadei","Leptotrichia_wadei","T0","GGT",NA,1,FALSE,NA
"Leptotrichia_sp_oral_taxon_215","Leptotrichia_sp_oral_taxon_215","T0","GGT",NA,1,FALSE,NA
"Catonella_massiliensis","Catonella_massiliensis","T0","GGT",0.0148148130914343,0.00897224923602849,TRUE,"+"
"TM7_phylum_sp_oral_taxon_352","TM7_phylum_sp_oral_taxon_352","T0","GGT",NA,1,FALSE,NA
"Streptococcus_constellatus","Streptococcus_constellatus","T0","GGT",0.110005717398224,1,FALSE,"+"
"Lancefieldella_rimae","Lancefieldella_rimae","T0","GGT",-1.02779723241867,1,FALSE,"-"
"Streptococcus_cristatus","Streptococcus_cristatus","T0","GGT",-0.271702016655967,1,FALSE,"-"
"Achromobacter_xylosoxidans","Achromobacter_xylosoxidans","T0","GGT",-3.14861671910067,1,FALSE,"-"
"Pseudomonas_aeruginosa","Pseudomonas_aeruginosa","T0","GGT",-0.00365004965622118,0.0274922897794204,TRUE,"-"
"Slackia_exigua","Slackia_exigua","T0","GGT",-0.105713728915921,1,FALSE,"-"
"Tannerella_forsythia","Tannerella_forsythia","T0","GGT",NA,1,FALSE,NA
"Haemophilus_influenzae","Haemophilus_influenzae","T0","GGT",-0.536533432650711,1,FALSE,"-"
"Eubacterium_brachy","Eubacterium_brachy","T0","GGT",NA,1,FALSE,NA
"GGB3883_SGB5265","GGB3883_SGB5265","T0","GGT",0.366740580630323,0.00380314204549931,TRUE,"+"
"Parvimonas_sp_oral_taxon_110","Parvimonas_sp_oral_taxon_110","T0","GGT",NA,1,FALSE,NA
"Oribacterium_asaccharolyticum","Oribacterium_asaccharolyticum","T0","GGT",NA,1,FALSE,NA
"Campylobacter_concisus","Campylobacter_concisus","T0","GGT",-0.0996851380786093,1,FALSE,"-"
"Lachnoanaerobaculum_orale","Lachnoanaerobaculum_orale","T0","GGT",1.24691072060056,0.00184657838801944,TRUE,"+"
"Neisseria_sicca","Neisseria_sicca","T0","GGT",0.216639910911085,0.00612924757812816,TRUE,"+"
"Capnocytophaga_sputigena","Capnocytophaga_sputigena","T0","GGT",NA,1,FALSE,NA
"Porphyromonas_catoniae","Porphyromonas_catoniae","T0","GGT",NA,1,FALSE,NA
"Cardiobacterium_hominis","Cardiobacterium_hominis","T0","GGT",NA,1,FALSE,NA
"Mogibacterium_SGB3923","Mogibacterium_SGB3923","T0","GGT",NA,1,FALSE,NA
"Prevotella_oulorum","Prevotella_oulorum","T0","GGT",0.00849564770606889,0.136270475016795,FALSE,"+"
"GGB3883_SGB5266","GGB3883_SGB5266","T0","GGT",-0.0106109406363384,0.00876910632597711,TRUE,"-"
"Cutibacterium_acnes","Cutibacterium_acnes","T12","GGT",-0.877696206278936,1,FALSE,"-"
"Streptococcus_mitis","Streptococcus_mitis","T12","GGT",0.0566399308268209,1.20312508240196e-11,TRUE,"+"
"Streptococcus_sanguinis","Streptococcus_sanguinis","T12","GGT",0.0746556761963116,0.000127750671727759,TRUE,"+"
"Actinomyces_sp_ICM47","Actinomyces_sp_ICM47","T12","GGT",0.0245158354087334,0.000271386253236888,TRUE,"+"
"Lancefieldella_parvula","Lancefieldella_parvula","T12","GGT",-0.15228085430996,1.20312508240196e-11,TRUE,"-"
"Schaalia_odontolytica","Schaalia_odontolytica","T12","GGT",0.0458557051862862,0.00102966393475929,TRUE,"+"
"Streptococcus_salivarius","Streptococcus_salivarius","T12","GGT",0.0482444666660831,8.38408625899275e-08,TRUE,"+"
"Actinomyces_graevenitzii","Actinomyces_graevenitzii","T12","GGT",0.0190443070987874,3.54242241554335e-05,TRUE,"+"
"Solobacterium_moorei","Solobacterium_moorei","T12","GGT",NA,1,FALSE,NA
"Gemella_sanguinis","Gemella_sanguinis","T12","GGT",0.0254343503427556,7.37456058859485e-07,TRUE,"+"
"Streptococcus_australis","Streptococcus_australis","T12","GGT",-0.0833311315466671,7.37456058859485e-07,TRUE,"-"
"Schaalia_SGB17157","Schaalia_SGB17157","T12","GGT",NA,1,FALSE,NA
"Actinomyces_sp_ph3","Actinomyces_sp_ph3","T12","GGT",NA,1,FALSE,NA
"Veillonella_dispar","Veillonella_dispar","T12","GGT",-0.209275084098951,3.68815246320179e-12,TRUE,"-"
"Actinomyces_oris","Actinomyces_oris","T12","GGT",0.0503574854516148,0.000396610427332247,TRUE,"+"
"Streptococcus_parasanguinis","Streptococcus_parasanguinis","T12","GGT",-0.129581460091393,4.51491626602639e-10,TRUE,"-"
"Abiotrophia_defectiva","Abiotrophia_defectiva","T12","GGT",NA,1,FALSE,NA
"Abiotrophia_sp_HMSC24B09","Abiotrophia_sp_HMSC24B09","T12","GGT",NA,1,FALSE,NA
"Mogibacterium_diversum","Mogibacterium_diversum","T12","GGT",-0.0266095708626404,4.52264566380453e-06,TRUE,"-"
"Actinomyces_SGB17132","Actinomyces_SGB17132","T12","GGT",NA,1,FALSE,NA
"Schaalia_SGB17158","Schaalia_SGB17158","T12","GGT",NA,1,FALSE,NA
"Streptococcus_rubneri","Streptococcus_rubneri","T12","GGT",0.270034692981069,1,FALSE,"+"
"Rothia_aeria","Rothia_aeria","T12","GGT",-0.396955328762847,0.00645842500166483,TRUE,"-"
"Scardovia_wiggsiae","Scardovia_wiggsiae","T12","GGT",-0.190352093741779,1,FALSE,"-"
"Granulicatella_SGB8255","Granulicatella_SGB8255","T12","GGT",0.0219954250157827,7.16485709974545e-06,TRUE,"+"
"Granulicatella_adiacens","Granulicatella_adiacens","T12","GGT",0.0366152998867455,0.0696241903012773,FALSE,"+"
"Actinomyces_naeslundii","Actinomyces_naeslundii","T12","GGT",-0.282220029820064,1,FALSE,"-"
"Gemella_haemolysans","Gemella_haemolysans","T12","GGT",0.0410037184078295,5.42146244908873e-05,TRUE,"+"
"Rothia_mucilaginosa","Rothia_mucilaginosa","T12","GGT",0.0586015903138184,1.72846742981698e-10,TRUE,"+"
"Parvimonas_micra","Parvimonas_micra","T12","GGT",0.0290625547259807,2.4540656480728e-05,TRUE,"+"
"Streptococcus_infantis","Streptococcus_infantis","T12","GGT",-0.138086443057052,9.4666575379173e-07,TRUE,"-"
"Veillonella_atypica","Veillonella_atypica","T12","GGT",-0.217860067947814,3.68815246320179e-12,TRUE,"-"
"Veillonella_parvula","Veillonella_parvula","T12","GGT",0.033370789528059,3.70772874192336e-06,TRUE,"+"
"Megasphaera_micronuciformis","Megasphaera_micronuciformis","T12","GGT",NA,1,FALSE,NA
"Streptococcus_gordonii","Streptococcus_gordonii","T12","GGT",0.228006705552328,0.000252633276154397,TRUE,"+"
"Veillonella_rogosae","Veillonella_rogosae","T12","GGT",0.0364762742498566,1.26790890391316e-07,TRUE,"+"
"Porphyromonas_bobii","Porphyromonas_bobii","T12","GGT",0.0842316161168939,5.58992682034613e-12,TRUE,"+"
"Prevotella_histicola","Prevotella_histicola","T12","GGT",-0.249081937798917,6.35046195905603e-06,TRUE,"-"
"Rothia_SGB49305","Rothia_SGB49305","T12","GGT",0.179309236178441,3.21070867467544e-08,TRUE,"+"
"Streptococcus_oralis","Streptococcus_oralis","T12","GGT",0.0532495023956884,5.10118024846904e-07,TRUE,"+"
"Streptococcus_intermedius","Streptococcus_intermedius","T12","GGT",NA,1,FALSE,NA
"Tannerella_serpentiformis","Tannerella_serpentiformis","T12","GGT",0.022577187176409,0.000990465605521248,TRUE,"+"
"Prevotella_salivae","Prevotella_salivae","T12","GGT",-0.228953464702504,1.62801304510716e-07,TRUE,"-"
"Gemella_morbillorum","Gemella_morbillorum","T12","GGT",NA,1,FALSE,NA
"Prevotella_oris","Prevotella_oris","T12","GGT",-0.00346762812150519,0.453337061215761,FALSE,"-"
"Prevotella_melaninogenica","Prevotella_melaninogenica","T12","GGT",0.0362468707584447,1.43494097099569e-09,TRUE,"+"
"Prevotella_nigrescens","Prevotella_nigrescens","T12","GGT",NA,1,FALSE,NA
"GGB1144_SGB1468","GGB1144_SGB1468","T12","GGT",-0.131370098169358,0.000480995987349247,TRUE,"-"
"Capnocytophaga_gingivalis","Capnocytophaga_gingivalis","T12","GGT",0.0886011650711613,0.00107564113719371,TRUE,"+"
"Fusobacterium_nucleatum","Fusobacterium_nucleatum","T12","GGT",0.0122155437087232,0.019369364605818,TRUE,"+"
"Peptostreptococcus_stomatis","Peptostreptococcus_stomatis","T12","GGT",NA,1,FALSE,NA
"Prevotella_denticola","Prevotella_denticola","T12","GGT",1.04880609821189,1,FALSE,"+"
"Metamycoplasma_salivarium","Metamycoplasma_salivarium","T12","GGT",-0.273881077727977,1,FALSE,"-"
"Alloprevotella_tannerae","Alloprevotella_tannerae","T12","GGT",-0.600722961850994,3.68767687997012e-05,TRUE,"-"
"Streptococcus_anginosus","Streptococcus_anginosus","T12","GGT",NA,1,FALSE,NA
"Corynebacterium_durum","Corynebacterium_durum","T12","GGT",-0.0773296733645725,1,FALSE,"-"
"Candidatus_Nanosynsacchari_sp_TM7_ANC_38_39_G1_1","Candidatus_Nanosynsacchari_sp_TM7_ANC_38_39_G1_1","T12","GGT",NA,1,FALSE,NA
"Dialister_invisus","Dialister_invisus","T12","GGT",NA,1,FALSE,NA
"Neisseria_subflava","Neisseria_subflava","T12","GGT",0.0227528352328318,7.16485709974545e-06,TRUE,"+"
"Burkholderia_contaminans","Burkholderia_contaminans","T12","GGT",NA,1,FALSE,NA
"Fusobacterium_periodonticum","Fusobacterium_periodonticum","T12","GGT",-0.00866478314929148,0.00329150994450979,TRUE,"-"
"Lachnoanaerobaculum_sp_ICM7","Lachnoanaerobaculum_sp_ICM7","T12","GGT",0.108544876755024,0.000680354055107373,TRUE,"+"
"Prevotella_nanceiensis","Prevotella_nanceiensis","T12","GGT",0.0138245100187358,0.000839492062782935,TRUE,"+"
"Solobacterium_SGB6829","Solobacterium_SGB6829","T12","GGT",-0.0987814850393806,2.6458971668653e-09,TRUE,"-"
"Prevotella_pallens","Prevotella_pallens","T12","GGT",-0.0734771080706248,7.39455333774893e-10,TRUE,"-"
"Oribacterium_SGB5283","Oribacterium_SGB5283","T12","GGT",NA,1,FALSE,NA
"Peptostreptococcus_SGB749","Peptostreptococcus_SGB749","T12","GGT",0.0620189005607028,1.62801304510716e-07,TRUE,"+"
"Eubacterium_sulci","Eubacterium_sulci","T12","GGT",0.0225258314867085,4.11173061397245e-05,TRUE,"+"
"Schaalia_meyeri","Schaalia_meyeri","T12","GGT",NA,1,FALSE,NA
"Schaalia_SGB17168","Schaalia_SGB17168","T12","GGT",0.299838945858716,1.18359288299702e-07,TRUE,"+"
"Haemophilus_sputorum","Haemophilus_sputorum","T12","GGT",NA,1,FALSE,NA
"Porphyromonas_endodontalis","Porphyromonas_endodontalis","T12","GGT",-0.298234105641126,4.80112710039537e-06,TRUE,"-"
"Capnocytophaga_leadbetteri","Capnocytophaga_leadbetteri","T12","GGT",0.0240997030037718,0.010596487390277,TRUE,"+"
"Oribacterium_sinus","Oribacterium_sinus","T12","GGT",-0.0512658954620532,2.53415090287636e-07,TRUE,"-"
"Capnocytophaga_SGB2499","Capnocytophaga_SGB2499","T12","GGT",NA,1,FALSE,NA
"Prevotella_shahii","Prevotella_shahii","T12","GGT",0.182204314736421,1,FALSE,"+"
"Lautropia_mirabilis","Lautropia_mirabilis","T12","GGT",NA,1,FALSE,NA
"Veillonella_tobetsuensis","Veillonella_tobetsuensis","T12","GGT",0.0715232862374576,0.0015408742943784,TRUE,"+"
"Haemophilus_haemolyticus","Haemophilus_haemolyticus","T12","GGT",0.420095682573212,0.00615501772836617,TRUE,"+"
"Treponema_vincentii","Treponema_vincentii","T12","GGT",0.00589351447407542,0.186699375436702,FALSE,"+"
"Leptotrichia_wadei","Leptotrichia_wadei","T12","GGT",NA,1,FALSE,NA
"Filifactor_alocis","Filifactor_alocis","T12","GGT",0.105893021107257,4.11173061397245e-05,TRUE,"+"
"Leptotrichia_sp_oral_taxon_215","Leptotrichia_sp_oral_taxon_215","T12","GGT",-0.0274513086790049,0.000531912961607337,TRUE,"-"
"Catonella_massiliensis","Catonella_massiliensis","T12","GGT",0.0192341371579214,8.5948393195179e-05,TRUE,"+"
"Prevotella_intermedia","Prevotella_intermedia","T12","GGT",NA,1,FALSE,NA
"TM7_phylum_sp_oral_taxon_352","TM7_phylum_sp_oral_taxon_352","T12","GGT",0.0473469416346151,8.27848224649052e-08,TRUE,"+"
"Streptococcus_constellatus","Streptococcus_constellatus","T12","GGT",-0.256888987023971,0.010596487390277,TRUE,"-"
"Solobacterium_SGB6834","Solobacterium_SGB6834","T12","GGT",NA,1,FALSE,NA
"Lancefieldella_rimae","Lancefieldella_rimae","T12","GGT",-1.89734810593242,1,FALSE,"-"
"Haemophilus_parainfluenzae","Haemophilus_parainfluenzae","T12","GGT",0.155275088789585,0.000389205102088152,TRUE,"+"
"Streptococcus_cristatus","Streptococcus_cristatus","T12","GGT",0.0807323982853413,1.30817144391798e-06,TRUE,"+"
"Candidatus_Nanoperiomorbus_periodonticus","Candidatus_Nanoperiomorbus_periodonticus","T12","GGT",NA,1,FALSE,NA
"Pseudomonas_aeruginosa","Pseudomonas_aeruginosa","T12","GGT",0.0302004316885883,0.00889536745702043,TRUE,"+"
"Slackia_exigua","Slackia_exigua","T12","GGT",NA,1,FALSE,NA
"Tannerella_forsythia","Tannerella_forsythia","T12","GGT",NA,1,FALSE,NA
"GGB4733_SGB6557","GGB4733_SGB6557","T12","GGT",NA,1,FALSE,NA
"Eubacterium_brachy","Eubacterium_brachy","T12","GGT",0.0805659988618889,0.0281988186421217,TRUE,"+"
"Prevotella_jejuni","Prevotella_jejuni","T12","GGT",NA,1,FALSE,NA
"GGB3883_SGB5265","GGB3883_SGB5265","T12","GGT",NA,1,FALSE,NA
"Treponema_denticola","Treponema_denticola","T12","GGT",-0.422276198596904,1,FALSE,"-"
"Parvimonas_sp_oral_taxon_110","Parvimonas_sp_oral_taxon_110","T12","GGT",NA,1,FALSE,NA
"Candidatus_Nanosynbacter_sp_HMT_352","Candidatus_Nanosynbacter_sp_HMT_352","T12","GGT",NA,1,FALSE,NA
"Oribacterium_asaccharolyticum","Oribacterium_asaccharolyticum","T12","GGT",0.212583615451955,0.000271386253236888,TRUE,"+"
"Oribacterium_parvum","Oribacterium_parvum","T12","GGT",0.155051312621538,1.13045507643735e-05,TRUE,"+"
"GGB2964_SGB3946","GGB2964_SGB3946","T12","GGT",NA,1,FALSE,NA
"GGB3887_SGB5270","GGB3887_SGB5270","T12","GGT",NA,1,FALSE,NA
"Campylobacter_concisus","Campylobacter_concisus","T12","GGT",-0.0535699808718125,1.69873561269119e-06,TRUE,"-"
"Lachnoanaerobaculum_orale","Lachnoanaerobaculum_orale","T12","GGT",-0.0429670956739772,0.0037355760381387,TRUE,"-"
"Neisseria_sicca","Neisseria_sicca","T12","GGT",NA,1,FALSE,NA
"Capnocytophaga_sputigena","Capnocytophaga_sputigena","T12","GGT",NA,1,FALSE,NA
"Eubacterium_infirmum","Eubacterium_infirmum","T12","GGT",NA,1,FALSE,NA
"Prevotella_baroniae","Prevotella_baroniae","T12","GGT",-1.16167047329434,1,FALSE,"-"
"Corynebacterium_matruchotii","Corynebacterium_matruchotii","T12","GGT",NA,1,FALSE,NA
"GGB1843_SGB2524","GGB1843_SGB2524","T12","GGT",NA,1,FALSE,NA
"GGB4533_SGB6246","GGB4533_SGB6246","T12","GGT",NA,1,FALSE,NA
"Campylobacter_rectus","Campylobacter_rectus","T12","GGT",0.799338622975457,1,FALSE,"+"
"Prevotella_oulorum","Prevotella_oulorum","T12","GGT",NA,1,FALSE,NA
"GGB4333_SGB5935","GGB4333_SGB5935","T12","GGT",-1.02662398063053,1,FALSE,"-"
"Prevotella_vespertina","Prevotella_vespertina","T12","GGT",-0.102426035469018,0.0236891776913739,TRUE,"-"
"Alloprevotella_SGB1483","Alloprevotella_SGB1483","T12","GGT",1.96641736288204,0.0015408742943784,TRUE,"+"
"Alloprevotella_SGB1484","Alloprevotella_SGB1484","T12","GGT",1.18964946335802,0.00243188548939387,TRUE,"+"
"Catonella_SGB4505","Catonella_SGB4505","T12","GGT",NA,1,FALSE,NA
"Catonella_SGB69305","Catonella_SGB69305","T12","GGT",NA,1,FALSE,NA
"GGB4538_SGB6256","GGB4538_SGB6256","T12","GGT",0.151000511275196,0.0157177423947041,TRUE,"+"
"GGB3059_SGB69431","GGB3059_SGB69431","T12","GGT",1.01891884081335,0.00292154370067841,TRUE,"+"
"GGB1202_SGB1567","GGB1202_SGB1567","T12","GGT",NA,1,FALSE,NA
"Selenomonas_noxia","Selenomonas_noxia","T12","GGT",NA,1,FALSE,NA
"Prevotella_veroralis","Prevotella_veroralis","T12","GGT",NA,1,FALSE,NA
"GGB3886_SGB5269","GGB3886_SGB5269","T12","GGT",NA,1,FALSE,NA
"GGB3883_SGB5266","GGB3883_SGB5266","T12","GGT",0.12605547667455,7.36043010150558e-08,TRUE,"+"
"Solobacterium_SGB6833","Solobacterium_SGB6833","T12","GGT",-0.90552907060702,1,FALSE,"-"
"TM7_phylum_sp_oral_taxon_351","TM7_phylum_sp_oral_taxon_351","T12","GGT",0.162858141716365,6.38647924618097e-08,TRUE,"+"
"Selenomonas_SGB5880","Selenomonas_SGB5880","T12","GGT",-0.115714725158022,1,FALSE,"-"
"Prevotella_sp_oral_taxon_475","Prevotella_sp_oral_taxon_475","T12","GGT",0.311062884474328,1,FALSE,"+"
"Aggregatibacter_segnis","Aggregatibacter_segnis","T12","GGT",NA,1,FALSE,NA
"GGB45697_SGB2042","GGB45697_SGB2042","T12","GGT",NA,1,FALSE,NA
"Granulicatella_SGB8245","Granulicatella_SGB8245","T12","GGT",NA,1,FALSE,NA
"GGB1144_SGB1469","GGB1144_SGB1469","T12","GGT",NA,1,FALSE,NA
"Porphyromonas_sp_oral_taxon_275","Porphyromonas_sp_oral_taxon_275","T12","GGT",-6.92005135229116,1,FALSE,"-"
"Granulicatella_SGB8239","Granulicatella_SGB8239","T12","GGT",NA,1,FALSE,NA
"GGB1203_SGB1568","GGB1203_SGB1568","T12","GGT",NA,1,FALSE,NA
"GGB12763_SGB19797","GGB12763_SGB19797","T12","GGT",NA,1,FALSE,NA
"Alloprevotella_SGB1466","Alloprevotella_SGB1466","T12","GGT",-0.998747750152485,1,FALSE,"-"
"GGB4538_SGB6253","GGB4538_SGB6253","T12","GGT",NA,1,FALSE,NA
"Selenomonas_SGB5897","Selenomonas_SGB5897","T12","GGT",NA,1,FALSE,NA
"Moraxella_catarrhalis","Moraxella_catarrhalis","T12","GGT",0.874632475288793,1,FALSE,"+"
"GGB1844_SGB2532","GGB1844_SGB2532","T12","GGT",NA,1,FALSE,NA
"GGB3385_SGB4471","GGB3385_SGB4471","T12","GGT",NA,1,FALSE,NA
"Cutibacterium_acnes","Cutibacterium_acnes","T0","Elastase",-0.00885692629623842,1,FALSE,"-"
"Staphylococcus_aureus","Staphylococcus_aureus","T0","Elastase",-0.263948548430929,1.4333735876606e-06,TRUE,"-"
"Streptococcus_mitis","Streptococcus_mitis","T0","Elastase",-0.00403383370357222,0.0182306151599897,TRUE,"-"
"Streptococcus_sanguinis","Streptococcus_sanguinis","T0","Elastase",-0.00679952326185355,0.0281465105684941,TRUE,"-"
"Actinomyces_sp_ICM47","Actinomyces_sp_ICM47","T0","Elastase",NA,1,FALSE,NA
"Lancefieldella_parvula","Lancefieldella_parvula","T0","Elastase",0.00179219419798958,0.63530157735235,FALSE,"+"
"Schaalia_odontolytica","Schaalia_odontolytica","T0","Elastase",NA,1,FALSE,NA
"Streptococcus_salivarius","Streptococcus_salivarius","T0","Elastase",-0.00800155386180569,0.0284353025212007,TRUE,"-"
"Actinomyces_graevenitzii","Actinomyces_graevenitzii","T0","Elastase",-0.538931717103964,1,FALSE,"-"
"Solobacterium_moorei","Solobacterium_moorei","T0","Elastase",NA,1,FALSE,NA
"Gemella_sanguinis","Gemella_sanguinis","T0","Elastase",0.000410011068653757,1,FALSE,"+"
"Shuttleworthia_satelles","Shuttleworthia_satelles","T0","Elastase",-1.70540352893467,1,FALSE,"-"
"Streptococcus_australis","Streptococcus_australis","T0","Elastase",NA,1,FALSE,NA
"Schaalia_SGB17157","Schaalia_SGB17157","T0","Elastase",NA,1,FALSE,NA
"Actinomyces_sp_ph3","Actinomyces_sp_ph3","T0","Elastase",0.000315475496149959,1,FALSE,"+"
"Veillonella_dispar","Veillonella_dispar","T0","Elastase",-0.000112961633680637,1,FALSE,"-"
"Actinomyces_oris","Actinomyces_oris","T0","Elastase",0.00838779790821382,0.0256206210206391,TRUE,"+"
"Streptococcus_parasanguinis","Streptococcus_parasanguinis","T0","Elastase",0.000327466966616777,1,FALSE,"+"
"Abiotrophia_defectiva","Abiotrophia_defectiva","T0","Elastase",0.00129235103360026,0.546384569294938,FALSE,"+"
"Abiotrophia_sp_HMSC24B09","Abiotrophia_sp_HMSC24B09","T0","Elastase",0.00251749004333274,1,FALSE,"+"
"Mogibacterium_diversum","Mogibacterium_diversum","T0","Elastase",0.00052987261849382,0.914092283864442,FALSE,"+"
"Actinomyces_SGB17132","Actinomyces_SGB17132","T0","Elastase",NA,1,FALSE,NA
"Rothia_aeria","Rothia_aeria","T0","Elastase",-0.0390883342881368,1,FALSE,"-"
"Scardovia_wiggsiae","Scardovia_wiggsiae","T0","Elastase",-0.00331034670199831,1,FALSE,"-"
"Granulicatella_SGB8255","Granulicatella_SGB8255","T0","Elastase",-0.00160777426863072,0.587267240379849,FALSE,"-"
"Granulicatella_adiacens","Granulicatella_adiacens","T0","Elastase",-0.00838499286065826,0.0254934161146769,TRUE,"-"
"Actinomyces_naeslundii","Actinomyces_naeslundii","T0","Elastase",NA,1,FALSE,NA
"Gemella_haemolysans","Gemella_haemolysans","T0","Elastase",0.00689271798855896,0.0254934161146769,TRUE,"+"
"Rothia_mucilaginosa","Rothia_mucilaginosa","T0","Elastase",-0.00272698163328182,0.0756420414985589,FALSE,"-"
"Parvimonas_micra","Parvimonas_micra","T0","Elastase",NA,1,FALSE,NA
"Streptococcus_infantis","Streptococcus_infantis","T0","Elastase",NA,1,FALSE,NA
"Veillonella_atypica","Veillonella_atypica","T0","Elastase",0.00058031560395476,1,FALSE,"+"
"Veillonella_parvula","Veillonella_parvula","T0","Elastase",-0.00773026605005362,0.0321382176240007,TRUE,"-"
"Streptococcus_gordonii","Streptococcus_gordonii","T0","Elastase",NA,1,FALSE,NA
"Veillonella_rogosae","Veillonella_rogosae","T0","Elastase",NA,1,FALSE,NA
"Porphyromonas_bobii","Porphyromonas_bobii","T0","Elastase",-0.0195412981804557,8.61129359294542e-05,TRUE,"-"
"Prevotella_histicola","Prevotella_histicola","T0","Elastase",0.00735742818416769,0.133068490297179,FALSE,"+"
"Rothia_SGB49305","Rothia_SGB49305","T0","Elastase",-0.0016391555541841,0.145847133812443,FALSE,"-"
"Streptococcus_oralis","Streptococcus_oralis","T0","Elastase",-0.00402816539549776,0.0756420414985589,FALSE,"-"
"Streptococcus_intermedius","Streptococcus_intermedius","T0","Elastase",-0.0274762951523302,1,FALSE,"-"
"Tannerella_serpentiformis","Tannerella_serpentiformis","T0","Elastase",-0.00390059029148123,0.242110893714427,FALSE,"-"
"Prevotella_salivae","Prevotella_salivae","T0","Elastase",0.00225160261053689,0.315732809989365,FALSE,"+"
"Gemella_morbillorum","Gemella_morbillorum","T0","Elastase",NA,1,FALSE,NA
"Prevotella_oris","Prevotella_oris","T0","Elastase",0.00125372371067427,1,FALSE,"+"
"Prevotella_melaninogenica","Prevotella_melaninogenica","T0","Elastase",-0.00339149995980151,0.627643033541032,FALSE,"-"
"Prevotella_nigrescens","Prevotella_nigrescens","T0","Elastase",-0.000374675867113341,1,FALSE,"-"
"GGB1144_SGB1468","GGB1144_SGB1468","T0","Elastase",-0.00502184989235383,1,FALSE,"-"
"Capnocytophaga_gingivalis","Capnocytophaga_gingivalis","T0","Elastase",0.00846658005962801,0.133068490297179,FALSE,"+"
"Fusobacterium_nucleatum","Fusobacterium_nucleatum","T0","Elastase",-0.000464722635215148,0.949566084350183,FALSE,"-"
"Peptostreptococcus_stomatis","Peptostreptococcus_stomatis","T0","Elastase",NA,1,FALSE,NA
"Metamycoplasma_salivarium","Metamycoplasma_salivarium","T0","Elastase",-0.00165277403557264,0.732506998310563,FALSE,"-"
"Alloprevotella_tannerae","Alloprevotella_tannerae","T0","Elastase",NA,1,FALSE,NA
"Corynebacterium_durum","Corynebacterium_durum","T0","Elastase",-0.016966620958547,1,FALSE,"-"
"Candidatus_Nanosynsacchari_sp_TM7_ANC_38_39_G1_1","Candidatus_Nanosynsacchari_sp_TM7_ANC_38_39_G1_1","T0","Elastase",NA,1,FALSE,NA
"Neisseria_subflava","Neisseria_subflava","T0","Elastase",0.016381402996822,0.11037659348146,FALSE,"+"
"Lachnoanaerobaculum_sp_ICM7","Lachnoanaerobaculum_sp_ICM7","T0","Elastase",-0.0110229913557709,1,FALSE,"-"
"Prevotella_nanceiensis","Prevotella_nanceiensis","T0","Elastase",0.000130601589477824,1,FALSE,"+"
"Solobacterium_SGB6829","Solobacterium_SGB6829","T0","Elastase",0.00336328636432168,0.133068490297179,FALSE,"+"
"Prevotella_pallens","Prevotella_pallens","T0","Elastase",0.0050553479377981,0.0756420414985589,FALSE,"+"
"Peptostreptococcus_SGB749","Peptostreptococcus_SGB749","T0","Elastase",0.00374046508543058,0.0756420414985589,FALSE,"+"
"Eubacterium_sulci","Eubacterium_sulci","T0","Elastase",NA,1,FALSE,NA
"Schaalia_meyeri","Schaalia_meyeri","T0","Elastase",-0.0129276827562512,0.0929363165465864,FALSE,"-"
"Schaalia_SGB17168","Schaalia_SGB17168","T0","Elastase",0.00422560662156672,0.304101806323778,FALSE,"+"
"Porphyromonas_endodontalis","Porphyromonas_endodontalis","T0","Elastase",NA,1,FALSE,NA
"Capnocytophaga_leadbetteri","Capnocytophaga_leadbetteri","T0","Elastase",-1.58255697849165,1,FALSE,"-"
"Oribacterium_sinus","Oribacterium_sinus","T0","Elastase",-0.00166977193139953,0.239934470885526,FALSE,"-"
"Capnocytophaga_SGB2499","Capnocytophaga_SGB2499","T0","Elastase",NA,1,FALSE,NA
"Lautropia_mirabilis","Lautropia_mirabilis","T0","Elastase",0.0694892152021522,0.0284353025212007,TRUE,"+"
"GGB12785_SGB19823","GGB12785_SGB19823","T0","Elastase",0.624318782022879,1,FALSE,"+"
"Treponema_vincentii","Treponema_vincentii","T0","Elastase",0.000685241326131387,1,FALSE,"+"
"Leptotrichia_wadei","Leptotrichia_wadei","T0","Elastase",NA,1,FALSE,NA
"Leptotrichia_sp_oral_taxon_215","Leptotrichia_sp_oral_taxon_215","T0","Elastase",NA,1,FALSE,NA
"Catonella_massiliensis","Catonella_massiliensis","T0","Elastase",0.00135560066739061,0.587267240379849,FALSE,"+"
"TM7_phylum_sp_oral_taxon_352","TM7_phylum_sp_oral_taxon_352","T0","Elastase",NA,1,FALSE,NA
"Streptococcus_constellatus","Streptococcus_constellatus","T0","Elastase",-0.00278946984148768,1,FALSE,"-"
"Lancefieldella_rimae","Lancefieldella_rimae","T0","Elastase",0.00451792534493532,1,FALSE,"+"
"Streptococcus_cristatus","Streptococcus_cristatus","T0","Elastase",0.00387035482288963,1,FALSE,"+"
"Achromobacter_xylosoxidans","Achromobacter_xylosoxidans","T0","Elastase",NA,1,FALSE,NA
"Pseudomonas_aeruginosa","Pseudomonas_aeruginosa","T0","Elastase",-0.00192703873692599,0.785607820360238,FALSE,"-"
"Slackia_exigua","Slackia_exigua","T0","Elastase",-0.00140403904798561,1,FALSE,"-"
"Tannerella_forsythia","Tannerella_forsythia","T0","Elastase",NA,1,FALSE,NA
"Haemophilus_influenzae","Haemophilus_influenzae","T0","Elastase",-0.230887762045062,1,FALSE,"-"
"Eubacterium_brachy","Eubacterium_brachy","T0","Elastase",NA,1,FALSE,NA
"GGB3883_SGB5265","GGB3883_SGB5265","T0","Elastase",0.0149755420600912,1,FALSE,"+"
"Parvimonas_sp_oral_taxon_110","Parvimonas_sp_oral_taxon_110","T0","Elastase",NA,1,FALSE,NA
"Oribacterium_asaccharolyticum","Oribacterium_asaccharolyticum","T0","Elastase",NA,1,FALSE,NA
"Campylobacter_concisus","Campylobacter_concisus","T0","Elastase",-0.0037968343658486,1,FALSE,"-"
"Lachnoanaerobaculum_orale","Lachnoanaerobaculum_orale","T0","Elastase",0.00227686841978551,0.587267240379849,FALSE,"+"
"Neisseria_sicca","Neisseria_sicca","T0","Elastase",-0.00406418626185395,0.239934470885526,FALSE,"-"
"Capnocytophaga_sputigena","Capnocytophaga_sputigena","T0","Elastase",NA,1,FALSE,NA
"Porphyromonas_catoniae","Porphyromonas_catoniae","T0","Elastase",NA,1,FALSE,NA
"Cardiobacterium_hominis","Cardiobacterium_hominis","T0","Elastase",NA,1,FALSE,NA
"Mogibacterium_SGB3923","Mogibacterium_SGB3923","T0","Elastase",NA,1,FALSE,NA
"Prevotella_oulorum","Prevotella_oulorum","T0","Elastase",-0.0134861186071457,0.242110893714427,FALSE,"-"
"GGB3883_SGB5266","GGB3883_SGB5266","T0","Elastase",0.0227677849131868,0.0055937144318144,TRUE,"+"
"Cutibacterium_acnes","Cutibacterium_acnes","T12","Elastase",-0.0478203705697336,1,FALSE,"-"
"Streptococcus_mitis","Streptococcus_mitis","T12","Elastase",0.00967093634863989,1,FALSE,"+"
"Streptococcus_sanguinis","Streptococcus_sanguinis","T12","Elastase",-0.00485276139286621,1,FALSE,"-"
"Actinomyces_sp_ICM47","Actinomyces_sp_ICM47","T12","Elastase",NA,1,FALSE,NA
"Lancefieldella_parvula","Lancefieldella_parvula","T12","Elastase",NA,1,FALSE,NA
"Schaalia_odontolytica","Schaalia_odontolytica","T12","Elastase",NA,1,FALSE,NA
"Streptococcus_salivarius","Streptococcus_salivarius","T12","Elastase",-0.0132198137876672,1,FALSE,"-"
"Actinomyces_graevenitzii","Actinomyces_graevenitzii","T12","Elastase",-0.00396912694064708,1,FALSE,"-"
"Solobacterium_moorei","Solobacterium_moorei","T12","Elastase",0.0113505857314483,1,FALSE,"+"
"Gemella_sanguinis","Gemella_sanguinis","T12","Elastase",0.00211297345205561,1,FALSE,"+"
"Streptococcus_australis","Streptococcus_australis","T12","Elastase",0.00686235159498851,1,FALSE,"+"
"Schaalia_SGB17157","Schaalia_SGB17157","T12","Elastase",NA,1,FALSE,NA
"Actinomyces_sp_ph3","Actinomyces_sp_ph3","T12","Elastase",-4.71781605759882,1,FALSE,"-"
"Veillonella_dispar","Veillonella_dispar","T12","Elastase",NA,1,FALSE,NA
"Actinomyces_oris","Actinomyces_oris","T12","Elastase",0.00112025160488359,1,FALSE,"+"
"Streptococcus_parasanguinis","Streptococcus_parasanguinis","T12","Elastase",-0.00141825216023865,1,FALSE,"-"
"Abiotrophia_defectiva","Abiotrophia_defectiva","T12","Elastase",NA,1,FALSE,NA
"Abiotrophia_sp_HMSC24B09","Abiotrophia_sp_HMSC24B09","T12","Elastase",NA,1,FALSE,NA
"Mogibacterium_diversum","Mogibacterium_diversum","T12","Elastase",NA,1,FALSE,NA
"Actinomyces_SGB17132","Actinomyces_SGB17132","T12","Elastase",-0.000514711603098143,1,FALSE,"-"
"Schaalia_SGB17158","Schaalia_SGB17158","T12","Elastase",NA,1,FALSE,NA
"Streptococcus_rubneri","Streptococcus_rubneri","T12","Elastase",NA,1,FALSE,NA
"Rothia_aeria","Rothia_aeria","T12","Elastase",NA,1,FALSE,NA
"Scardovia_wiggsiae","Scardovia_wiggsiae","T12","Elastase",-0.00689349516674262,1,FALSE,"-"
"Granulicatella_SGB8255","Granulicatella_SGB8255","T12","Elastase",-0.000218283413505021,1,FALSE,"-"
"Granulicatella_adiacens","Granulicatella_adiacens","T12","Elastase",NA,1,FALSE,NA
"Actinomyces_naeslundii","Actinomyces_naeslundii","T12","Elastase",NA,1,FALSE,NA
"Gemella_haemolysans","Gemella_haemolysans","T12","Elastase",0.00450923936349382,1,FALSE,"+"
"Rothia_mucilaginosa","Rothia_mucilaginosa","T12","Elastase",-0.00635658092498589,1,FALSE,"-"
"Parvimonas_micra","Parvimonas_micra","T12","Elastase",NA,1,FALSE,NA
"Streptococcus_infantis","Streptococcus_infantis","T12","Elastase",0.0117155267590595,1,FALSE,"+"
"Veillonella_atypica","Veillonella_atypica","T12","Elastase",-0.0180849956767359,1,FALSE,"-"
"Veillonella_parvula","Veillonella_parvula","T12","Elastase",-0.00639350448898827,1,FALSE,"-"
"Megasphaera_micronuciformis","Megasphaera_micronuciformis","T12","Elastase",NA,1,FALSE,NA
"Streptococcus_gordonii","Streptococcus_gordonii","T12","Elastase",NA,1,FALSE,NA
"Veillonella_rogosae","Veillonella_rogosae","T12","Elastase",-0.00170569043820778,1,FALSE,"-"
"Porphyromonas_bobii","Porphyromonas_bobii","T12","Elastase",0.00619228066407607,1,FALSE,"+"
"Prevotella_histicola","Prevotella_histicola","T12","Elastase",-0.0177891372243663,1,FALSE,"-"
"Rothia_SGB49305","Rothia_SGB49305","T12","Elastase",0.00185349514190274,1,FALSE,"+"
"Streptococcus_oralis","Streptococcus_oralis","T12","Elastase",0.00105219817687053,1,FALSE,"+"
"Streptococcus_intermedius","Streptococcus_intermedius","T12","Elastase",NA,1,FALSE,NA
"Tannerella_serpentiformis","Tannerella_serpentiformis","T12","Elastase",NA,1,FALSE,NA
"Prevotella_salivae","Prevotella_salivae","T12","Elastase",NA,1,FALSE,NA
"Gemella_morbillorum","Gemella_morbillorum","T12","Elastase",NA,1,FALSE,NA
"Prevotella_oris","Prevotella_oris","T12","Elastase",-0.00430149701478567,1,FALSE,"-"
"Prevotella_melaninogenica","Prevotella_melaninogenica","T12","Elastase",0.00390743992952886,1,FALSE,"+"
"Prevotella_nigrescens","Prevotella_nigrescens","T12","Elastase",NA,1,FALSE,NA
"GGB1144_SGB1468","GGB1144_SGB1468","T12","Elastase",NA,1,FALSE,NA
"Capnocytophaga_gingivalis","Capnocytophaga_gingivalis","T12","Elastase",NA,1,FALSE,NA
"Fusobacterium_nucleatum","Fusobacterium_nucleatum","T12","Elastase",0.00365782753231017,1,FALSE,"+"
"Peptostreptococcus_stomatis","Peptostreptococcus_stomatis","T12","Elastase",NA,1,FALSE,NA
"Prevotella_denticola","Prevotella_denticola","T12","Elastase",NA,1,FALSE,NA
"Metamycoplasma_salivarium","Metamycoplasma_salivarium","T12","Elastase",NA,1,FALSE,NA
"Alloprevotella_tannerae","Alloprevotella_tannerae","T12","Elastase",NA,1,FALSE,NA
"Streptococcus_anginosus","Streptococcus_anginosus","T12","Elastase",0.855435390677186,0.121300320508629,FALSE,"+"
"Corynebacterium_durum","Corynebacterium_durum","T12","Elastase",NA,1,FALSE,NA
"Candidatus_Nanosynsacchari_sp_TM7_ANC_38_39_G1_1","Candidatus_Nanosynsacchari_sp_TM7_ANC_38_39_G1_1","T12","Elastase",NA,1,FALSE,NA
"Dialister_invisus","Dialister_invisus","T12","Elastase",0.0115057324458222,1,FALSE,"+"
"Neisseria_subflava","Neisseria_subflava","T12","Elastase",-0.00218326413236728,1,FALSE,"-"
"Burkholderia_contaminans","Burkholderia_contaminans","T12","Elastase",NA,1,FALSE,NA
"Fusobacterium_periodonticum","Fusobacterium_periodonticum","T12","Elastase",NA,1,FALSE,NA
"Lachnoanaerobaculum_sp_ICM7","Lachnoanaerobaculum_sp_ICM7","T12","Elastase",NA,1,FALSE,NA
"Prevotella_nanceiensis","Prevotella_nanceiensis","T12","Elastase",-0.173621875638107,1,FALSE,"-"
"Solobacterium_SGB6829","Solobacterium_SGB6829","T12","Elastase",NA,1,FALSE,NA
"Prevotella_pallens","Prevotella_pallens","T12","Elastase",NA,1,FALSE,NA
"Oribacterium_SGB5283","Oribacterium_SGB5283","T12","Elastase",NA,1,FALSE,NA
"Peptostreptococcus_SGB749","Peptostreptococcus_SGB749","T12","Elastase",0.00765443241294362,1,FALSE,"+"
"Eubacterium_sulci","Eubacterium_sulci","T12","Elastase",NA,1,FALSE,NA
"Schaalia_meyeri","Schaalia_meyeri","T12","Elastase",NA,1,FALSE,NA
"Schaalia_SGB17168","Schaalia_SGB17168","T12","Elastase",NA,1,FALSE,NA
"Haemophilus_sputorum","Haemophilus_sputorum","T12","Elastase",NA,1,FALSE,NA
"Porphyromonas_endodontalis","Porphyromonas_endodontalis","T12","Elastase",NA,1,FALSE,NA
"Capnocytophaga_leadbetteri","Capnocytophaga_leadbetteri","T12","Elastase",-0.0142992671687034,1,FALSE,"-"
"Oribacterium_sinus","Oribacterium_sinus","T12","Elastase",-0.0156976618631236,1,FALSE,"-"
"Capnocytophaga_SGB2499","Capnocytophaga_SGB2499","T12","Elastase",NA,1,FALSE,NA
"Prevotella_shahii","Prevotella_shahii","T12","Elastase",NA,1,FALSE,NA
"Lautropia_mirabilis","Lautropia_mirabilis","T12","Elastase",NA,1,FALSE,NA
"Veillonella_tobetsuensis","Veillonella_tobetsuensis","T12","Elastase",NA,1,FALSE,NA
"Haemophilus_haemolyticus","Haemophilus_haemolyticus","T12","Elastase",NA,1,FALSE,NA
"Treponema_vincentii","Treponema_vincentii","T12","Elastase",NA,1,FALSE,NA
"Leptotrichia_wadei","Leptotrichia_wadei","T12","Elastase",NA,1,FALSE,NA
"Filifactor_alocis","Filifactor_alocis","T12","Elastase",NA,1,FALSE,NA
"Leptotrichia_sp_oral_taxon_215","Leptotrichia_sp_oral_taxon_215","T12","Elastase",NA,1,FALSE,NA
"Catonella_massiliensis","Catonella_massiliensis","T12","Elastase",NA,1,FALSE,NA
"Prevotella_intermedia","Prevotella_intermedia","T12","Elastase",-0.185711720560879,1,FALSE,"-"
"TM7_phylum_sp_oral_taxon_352","TM7_phylum_sp_oral_taxon_352","T12","Elastase",NA,1,FALSE,NA
"Streptococcus_constellatus","Streptococcus_constellatus","T12","Elastase",NA,1,FALSE,NA
"Solobacterium_SGB6834","Solobacterium_SGB6834","T12","Elastase",NA,1,FALSE,NA
"Lancefieldella_rimae","Lancefieldella_rimae","T12","Elastase",NA,1,FALSE,NA
"Haemophilus_parainfluenzae","Haemophilus_parainfluenzae","T12","Elastase",0.0091067157338604,1,FALSE,"+"
"Streptococcus_cristatus","Streptococcus_cristatus","T12","Elastase",0.00167451936302949,1,FALSE,"+"
"Candidatus_Nanoperiomorbus_periodonticus","Candidatus_Nanoperiomorbus_periodonticus","T12","Elastase",NA,1,FALSE,NA
"Pseudomonas_aeruginosa","Pseudomonas_aeruginosa","T12","Elastase",NA,1,FALSE,NA
"Slackia_exigua","Slackia_exigua","T12","Elastase",NA,1,FALSE,NA
"Tannerella_forsythia","Tannerella_forsythia","T12","Elastase",12.4025633528344,1,FALSE,"+"
"GGB4733_SGB6557","GGB4733_SGB6557","T12","Elastase",0.00986127528523047,1,FALSE,"+"
"Eubacterium_brachy","Eubacterium_brachy","T12","Elastase",NA,1,FALSE,NA
"Prevotella_jejuni","Prevotella_jejuni","T12","Elastase",NA,1,FALSE,NA
"GGB3883_SGB5265","GGB3883_SGB5265","T12","Elastase",NA,1,FALSE,NA
"Treponema_denticola","Treponema_denticola","T12","Elastase",NA,1,FALSE,NA
"Parvimonas_sp_oral_taxon_110","Parvimonas_sp_oral_taxon_110","T12","Elastase",NA,1,FALSE,NA
"Candidatus_Nanosynbacter_sp_HMT_352","Candidatus_Nanosynbacter_sp_HMT_352","T12","Elastase",NA,1,FALSE,NA
"Oribacterium_asaccharolyticum","Oribacterium_asaccharolyticum","T12","Elastase",NA,1,FALSE,NA
"Oribacterium_parvum","Oribacterium_parvum","T12","Elastase",NA,1,FALSE,NA
"GGB2964_SGB3946","GGB2964_SGB3946","T12","Elastase",NA,1,FALSE,NA
"GGB3887_SGB5270","GGB3887_SGB5270","T12","Elastase",NA,1,FALSE,NA
"Campylobacter_concisus","Campylobacter_concisus","T12","Elastase",NA,1,FALSE,NA
"Lachnoanaerobaculum_orale","Lachnoanaerobaculum_orale","T12","Elastase",NA,1,FALSE,NA
"Neisseria_sicca","Neisseria_sicca","T12","Elastase",NA,1,FALSE,NA
"Capnocytophaga_sputigena","Capnocytophaga_sputigena","T12","Elastase",NA,1,FALSE,NA
"Eubacterium_infirmum","Eubacterium_infirmum","T12","Elastase",NA,1,FALSE,NA
"Prevotella_baroniae","Prevotella_baroniae","T12","Elastase",NA,1,FALSE,NA
"Corynebacterium_matruchotii","Corynebacterium_matruchotii","T12","Elastase",NA,1,FALSE,NA
"GGB1843_SGB2524","GGB1843_SGB2524","T12","Elastase",NA,1,FALSE,NA
"GGB4533_SGB6246","GGB4533_SGB6246","T12","Elastase",NA,1,FALSE,NA
"Campylobacter_rectus","Campylobacter_rectus","T12","Elastase",NA,1,FALSE,NA
"Prevotella_oulorum","Prevotella_oulorum","T12","Elastase",NA,1,FALSE,NA
"GGB4333_SGB5935","GGB4333_SGB5935","T12","Elastase",NA,1,FALSE,NA
"Prevotella_vespertina","Prevotella_vespertina","T12","Elastase",NA,1,FALSE,NA
"Alloprevotella_SGB1483","Alloprevotella_SGB1483","T12","Elastase",NA,1,FALSE,NA
"Alloprevotella_SGB1484","Alloprevotella_SGB1484","T12","Elastase",NA,1,FALSE,NA
"Catonella_SGB4505","Catonella_SGB4505","T12","Elastase",NA,1,FALSE,NA
"Catonella_SGB69305","Catonella_SGB69305","T12","Elastase",NA,1,FALSE,NA
"GGB4538_SGB6256","GGB4538_SGB6256","T12","Elastase",NA,1,FALSE,NA
"GGB3059_SGB69431","GGB3059_SGB69431","T12","Elastase",NA,1,FALSE,NA
"GGB1202_SGB1567","GGB1202_SGB1567","T12","Elastase",NA,1,FALSE,NA
"Selenomonas_noxia","Selenomonas_noxia","T12","Elastase",NA,1,FALSE,NA
"Prevotella_veroralis","Prevotella_veroralis","T12","Elastase",NA,1,FALSE,NA
"GGB3886_SGB5269","GGB3886_SGB5269","T12","Elastase",NA,1,FALSE,NA
"GGB3883_SGB5266","GGB3883_SGB5266","T12","Elastase",NA,1,FALSE,NA
"Solobacterium_SGB6833","Solobacterium_SGB6833","T12","Elastase",NA,1,FALSE,NA
"TM7_phylum_sp_oral_taxon_351","TM7_phylum_sp_oral_taxon_351","T12","Elastase",NA,1,FALSE,NA
"Selenomonas_SGB5880","Selenomonas_SGB5880","T12","Elastase",NA,1,FALSE,NA
"Prevotella_sp_oral_taxon_475","Prevotella_sp_oral_taxon_475","T12","Elastase",NA,1,FALSE,NA
"Aggregatibacter_segnis","Aggregatibacter_segnis","T12","Elastase",NA,1,FALSE,NA
"GGB45697_SGB2042","GGB45697_SGB2042","T12","Elastase",NA,1,FALSE,NA
"Granulicatella_SGB8245","Granulicatella_SGB8245","T12","Elastase",NA,1,FALSE,NA
"GGB1144_SGB1469","GGB1144_SGB1469","T12","Elastase",NA,1,FALSE,NA
"Porphyromonas_sp_oral_taxon_275","Porphyromonas_sp_oral_taxon_275","T12","Elastase",-0.00721010384895988,1,FALSE,"-"
"Granulicatella_SGB8239","Granulicatella_SGB8239","T12","Elastase",NA,1,FALSE,NA
"GGB1203_SGB1568","GGB1203_SGB1568","T12","Elastase",NA,1,FALSE,NA
"GGB12763_SGB19797","GGB12763_SGB19797","T12","Elastase",NA,1,FALSE,NA
"Alloprevotella_SGB1466","Alloprevotella_SGB1466","T12","Elastase",NA,1,FALSE,NA
"GGB4538_SGB6253","GGB4538_SGB6253","T12","Elastase",NA,1,FALSE,NA
"Selenomonas_SGB5897","Selenomonas_SGB5897","T12","Elastase",NA,1,FALSE,NA
"Moraxella_catarrhalis","Moraxella_catarrhalis","T12","Elastase",NA,1,FALSE,NA
"GGB1844_SGB2532","GGB1844_SGB2532","T12","Elastase",NA,1,FALSE,NA
"GGB3385_SGB4471","GGB3385_SGB4471","T12","Elastase",NA,1,FALSE,NA
"Cutibacterium_acnes","Cutibacterium_acnes","T0","Calprotectin",-0.307893563282958,1,FALSE,"-"
"Staphylococcus_aureus","Staphylococcus_aureus","T0","Calprotectin",-0.0426034432112309,0.0474906702949449,TRUE,"-"
"Streptococcus_mitis","Streptococcus_mitis","T0","Calprotectin",0.00538610860510315,1,FALSE,"+"
"Streptococcus_sanguinis","Streptococcus_sanguinis","T0","Calprotectin",0.00783355458900715,1,FALSE,"+"
"Actinomyces_sp_ICM47","Actinomyces_sp_ICM47","T0","Calprotectin",NA,1,FALSE,NA
"Lancefieldella_parvula","Lancefieldella_parvula","T0","Calprotectin",-0.011588405924322,0.896022427698245,FALSE,"-"
"Schaalia_odontolytica","Schaalia_odontolytica","T0","Calprotectin",NA,1,FALSE,NA
"Streptococcus_salivarius","Streptococcus_salivarius","T0","Calprotectin",0.0142272808503447,0.896022427698245,FALSE,"+"
"Actinomyces_graevenitzii","Actinomyces_graevenitzii","T0","Calprotectin",0.00856435074455458,1,FALSE,"+"
"Solobacterium_moorei","Solobacterium_moorei","T0","Calprotectin",NA,1,FALSE,NA
"Gemella_sanguinis","Gemella_sanguinis","T0","Calprotectin",0.000385223317307843,1,FALSE,"+"
"Shuttleworthia_satelles","Shuttleworthia_satelles","T0","Calprotectin",NA,1,FALSE,NA
"Streptococcus_australis","Streptococcus_australis","T0","Calprotectin",NA,1,FALSE,NA
"Schaalia_SGB17157","Schaalia_SGB17157","T0","Calprotectin",NA,1,FALSE,NA
"Actinomyces_sp_ph3","Actinomyces_sp_ph3","T0","Calprotectin",-0.00249166304861937,1,FALSE,"-"
"Veillonella_dispar","Veillonella_dispar","T0","Calprotectin",-0.0143017018368611,0.896022427698245,FALSE,"-"
"Actinomyces_oris","Actinomyces_oris","T0","Calprotectin",-0.021603558529015,0.896022427698245,FALSE,"-"
"Streptococcus_parasanguinis","Streptococcus_parasanguinis","T0","Calprotectin",-0.00565467777717246,1,FALSE,"-"
"Abiotrophia_defectiva","Abiotrophia_defectiva","T0","Calprotectin",-0.00552123568196319,1,FALSE,"-"
"Abiotrophia_sp_HMSC24B09","Abiotrophia_sp_HMSC24B09","T0","Calprotectin",-0.008766751962316,1,FALSE,"-"
"Mogibacterium_diversum","Mogibacterium_diversum","T0","Calprotectin",-0.011151176123261,0.896022427698245,FALSE,"-"
"Actinomyces_SGB17132","Actinomyces_SGB17132","T0","Calprotectin",NA,1,FALSE,NA
"Rothia_aeria","Rothia_aeria","T0","Calprotectin",0.0279880270756828,1,FALSE,"+"
"Scardovia_wiggsiae","Scardovia_wiggsiae","T0","Calprotectin",NA,1,FALSE,NA
"Granulicatella_SGB8255","Granulicatella_SGB8255","T0","Calprotectin",-0.000721703345144486,1,FALSE,"-"
"Granulicatella_adiacens","Granulicatella_adiacens","T0","Calprotectin",NA,1,FALSE,NA
"Actinomyces_naeslundii","Actinomyces_naeslundii","T0","Calprotectin",NA,1,FALSE,NA
"Gemella_haemolysans","Gemella_haemolysans","T0","Calprotectin",-0.00973090814638953,1,FALSE,"-"
"Rothia_mucilaginosa","Rothia_mucilaginosa","T0","Calprotectin",0.011149753304218,0.896022427698245,FALSE,"+"
"Parvimonas_micra","Parvimonas_micra","T0","Calprotectin",NA,1,FALSE,NA
"Streptococcus_infantis","Streptococcus_infantis","T0","Calprotectin",0.0113393906049783,1,FALSE,"+"
"Veillonella_atypica","Veillonella_atypica","T0","Calprotectin",0.00340545321314645,1,FALSE,"+"
"Veillonella_parvula","Veillonella_parvula","T0","Calprotectin",NA,1,FALSE,NA
"Streptococcus_gordonii","Streptococcus_gordonii","T0","Calprotectin",NA,1,FALSE,NA
"Veillonella_rogosae","Veillonella_rogosae","T0","Calprotectin",NA,1,FALSE,NA
"Porphyromonas_bobii","Porphyromonas_bobii","T0","Calprotectin",-0.0179102085831342,0.896022427698245,FALSE,"-"
"Prevotella_histicola","Prevotella_histicola","T0","Calprotectin",-0.010989275682144,1,FALSE,"-"
"Rothia_SGB49305","Rothia_SGB49305","T0","Calprotectin",0.00619775995553421,0.896022427698245,FALSE,"+"
"Streptococcus_oralis","Streptococcus_oralis","T0","Calprotectin",0.00171136083510594,1,FALSE,"+"
"Streptococcus_intermedius","Streptococcus_intermedius","T0","Calprotectin",0.0267828284734347,1,FALSE,"+"
"Tannerella_serpentiformis","Tannerella_serpentiformis","T0","Calprotectin",NA,1,FALSE,NA
"Prevotella_salivae","Prevotella_salivae","T0","Calprotectin",-0.0118991558478289,0.896022427698245,FALSE,"-"
"Gemella_morbillorum","Gemella_morbillorum","T0","Calprotectin",NA,1,FALSE,NA
"Prevotella_oris","Prevotella_oris","T0","Calprotectin",NA,1,FALSE,NA
"Prevotella_melaninogenica","Prevotella_melaninogenica","T0","Calprotectin",-0.00346058218274619,1,FALSE,"-"
"Prevotella_nigrescens","Prevotella_nigrescens","T0","Calprotectin",NA,1,FALSE,NA
"GGB1144_SGB1468","GGB1144_SGB1468","T0","Calprotectin",NA,1,FALSE,NA
"Capnocytophaga_gingivalis","Capnocytophaga_gingivalis","T0","Calprotectin",NA,1,FALSE,NA
"Fusobacterium_nucleatum","Fusobacterium_nucleatum","T0","Calprotectin",0.0036427148520034,1,FALSE,"+"
"Peptostreptococcus_stomatis","Peptostreptococcus_stomatis","T0","Calprotectin",NA,1,FALSE,NA
"Metamycoplasma_salivarium","Metamycoplasma_salivarium","T0","Calprotectin",NA,1,FALSE,NA
"Alloprevotella_tannerae","Alloprevotella_tannerae","T0","Calprotectin",NA,1,FALSE,NA
"Corynebacterium_durum","Corynebacterium_durum","T0","Calprotectin",NA,1,FALSE,NA
"Candidatus_Nanosynsacchari_sp_TM7_ANC_38_39_G1_1","Candidatus_Nanosynsacchari_sp_TM7_ANC_38_39_G1_1","T0","Calprotectin",NA,1,FALSE,NA
"Neisseria_subflava","Neisseria_subflava","T0","Calprotectin",-0.0100208018527805,1,FALSE,"-"
"Lachnoanaerobaculum_sp_ICM7","Lachnoanaerobaculum_sp_ICM7","T0","Calprotectin",NA,1,FALSE,NA
"Prevotella_nanceiensis","Prevotella_nanceiensis","T0","Calprotectin",0.00315311537635193,1,FALSE,"+"
"Solobacterium_SGB6829","Solobacterium_SGB6829","T0","Calprotectin",-0.00198137103461071,1,FALSE,"-"
"Prevotella_pallens","Prevotella_pallens","T0","Calprotectin",NA,1,FALSE,NA
"Peptostreptococcus_SGB749","Peptostreptococcus_SGB749","T0","Calprotectin",NA,1,FALSE,NA
"Eubacterium_sulci","Eubacterium_sulci","T0","Calprotectin",NA,1,FALSE,NA
"Schaalia_meyeri","Schaalia_meyeri","T0","Calprotectin",NA,1,FALSE,NA
"Schaalia_SGB17168","Schaalia_SGB17168","T0","Calprotectin",0.0120630755515231,1,FALSE,"+"
"Porphyromonas_endodontalis","Porphyromonas_endodontalis","T0","Calprotectin",NA,1,FALSE,NA
"Capnocytophaga_leadbetteri","Capnocytophaga_leadbetteri","T0","Calprotectin",0.00792498515553155,1,FALSE,"+"
"Oribacterium_sinus","Oribacterium_sinus","T0","Calprotectin",0.0018450364397769,1,FALSE,"+"
"Capnocytophaga_SGB2499","Capnocytophaga_SGB2499","T0","Calprotectin",NA,1,FALSE,NA
"Lautropia_mirabilis","Lautropia_mirabilis","T0","Calprotectin",-0.0333659191042922,0.896022427698245,FALSE,"-"
"GGB12785_SGB19823","GGB12785_SGB19823","T0","Calprotectin",0.0836104565142213,1,FALSE,"+"
"Treponema_vincentii","Treponema_vincentii","T0","Calprotectin",NA,1,FALSE,NA
"Leptotrichia_wadei","Leptotrichia_wadei","T0","Calprotectin",NA,1,FALSE,NA
"Leptotrichia_sp_oral_taxon_215","Leptotrichia_sp_oral_taxon_215","T0","Calprotectin",NA,1,FALSE,NA
"Catonella_massiliensis","Catonella_massiliensis","T0","Calprotectin",NA,1,FALSE,NA
"TM7_phylum_sp_oral_taxon_352","TM7_phylum_sp_oral_taxon_352","T0","Calprotectin",NA,1,FALSE,NA
"Streptococcus_constellatus","Streptococcus_constellatus","T0","Calprotectin",NA,1,FALSE,NA
"Lancefieldella_rimae","Lancefieldella_rimae","T0","Calprotectin",NA,1,FALSE,NA
"Streptococcus_cristatus","Streptococcus_cristatus","T0","Calprotectin",NA,1,FALSE,NA
"Achromobacter_xylosoxidans","Achromobacter_xylosoxidans","T0","Calprotectin",-0.154610010577783,1,FALSE,"-"
"Pseudomonas_aeruginosa","Pseudomonas_aeruginosa","T0","Calprotectin",0.0121209162155779,1,FALSE,"+"
"Slackia_exigua","Slackia_exigua","T0","Calprotectin",NA,1,FALSE,NA
"Tannerella_forsythia","Tannerella_forsythia","T0","Calprotectin",NA,1,FALSE,NA
"Haemophilus_influenzae","Haemophilus_influenzae","T0","Calprotectin",0.264276765131633,1,FALSE,"+"
"Eubacterium_brachy","Eubacterium_brachy","T0","Calprotectin",NA,1,FALSE,NA
"GGB3883_SGB5265","GGB3883_SGB5265","T0","Calprotectin",-0.0375029114313078,1,FALSE,"-"
"Parvimonas_sp_oral_taxon_110","Parvimonas_sp_oral_taxon_110","T0","Calprotectin",NA,1,FALSE,NA
"Oribacterium_asaccharolyticum","Oribacterium_asaccharolyticum","T0","Calprotectin",NA,1,FALSE,NA
"Campylobacter_concisus","Campylobacter_concisus","T0","Calprotectin",NA,1,FALSE,NA
"Lachnoanaerobaculum_orale","Lachnoanaerobaculum_orale","T0","Calprotectin",-0.0107761658375029,1,FALSE,"-"
"Neisseria_sicca","Neisseria_sicca","T0","Calprotectin",-0.00146330442511551,1,FALSE,"-"
"Capnocytophaga_sputigena","Capnocytophaga_sputigena","T0","Calprotectin",NA,1,FALSE,NA
"Porphyromonas_catoniae","Porphyromonas_catoniae","T0","Calprotectin",NA,1,FALSE,NA
"Cardiobacterium_hominis","Cardiobacterium_hominis","T0","Calprotectin",NA,1,FALSE,NA
"Mogibacterium_SGB3923","Mogibacterium_SGB3923","T0","Calprotectin",NA,1,FALSE,NA
"Prevotella_oulorum","Prevotella_oulorum","T0","Calprotectin",NA,1,FALSE,NA
"GGB3883_SGB5266","GGB3883_SGB5266","T0","Calprotectin",NA,1,FALSE,NA
"Cutibacterium_acnes","Cutibacterium_acnes","T12","Calprotectin",-1.17200097869008,1,FALSE,"-"
"Streptococcus_mitis","Streptococcus_mitis","T12","Calprotectin",-0.0413140549412394,1,FALSE,"-"
"Streptococcus_sanguinis","Streptococcus_sanguinis","T12","Calprotectin",-0.0253210694035742,1,FALSE,"-"
"Actinomyces_sp_ICM47","Actinomyces_sp_ICM47","T12","Calprotectin",NA,1,FALSE,NA
"Lancefieldella_parvula","Lancefieldella_parvula","T12","Calprotectin",NA,1,FALSE,NA
"Schaalia_odontolytica","Schaalia_odontolytica","T12","Calprotectin",NA,1,FALSE,NA
"Streptococcus_salivarius","Streptococcus_salivarius","T12","Calprotectin",-0.0558016631078881,1,FALSE,"-"
"Actinomyces_graevenitzii","Actinomyces_graevenitzii","T12","Calprotectin",-0.00958169382678813,1,FALSE,"-"
"Solobacterium_moorei","Solobacterium_moorei","T12","Calprotectin",0.101177222499808,1,FALSE,"+"
"Gemella_sanguinis","Gemella_sanguinis","T12","Calprotectin",0.0421511016890921,1,FALSE,"+"
"Streptococcus_australis","Streptococcus_australis","T12","Calprotectin",0.220750360898992,1,FALSE,"+"
"Schaalia_SGB17157","Schaalia_SGB17157","T12","Calprotectin",NA,1,FALSE,NA
"Actinomyces_sp_ph3","Actinomyces_sp_ph3","T12","Calprotectin",NA,1,FALSE,NA
"Veillonella_dispar","Veillonella_dispar","T12","Calprotectin",NA,1,FALSE,NA
"Actinomyces_oris","Actinomyces_oris","T12","Calprotectin",-0.0196396218240638,1,FALSE,"-"
"Streptococcus_parasanguinis","Streptococcus_parasanguinis","T12","Calprotectin",0.00276822588273129,1,FALSE,"+"
"Abiotrophia_defectiva","Abiotrophia_defectiva","T12","Calprotectin",NA,1,FALSE,NA
"Abiotrophia_sp_HMSC24B09","Abiotrophia_sp_HMSC24B09","T12","Calprotectin",NA,1,FALSE,NA
"Mogibacterium_diversum","Mogibacterium_diversum","T12","Calprotectin",NA,1,FALSE,NA
"Actinomyces_SGB17132","Actinomyces_SGB17132","T12","Calprotectin",-0.0119795903549029,1,FALSE,"-"
"Schaalia_SGB17158","Schaalia_SGB17158","T12","Calprotectin",NA,1,FALSE,NA
"Streptococcus_rubneri","Streptococcus_rubneri","T12","Calprotectin",NA,1,FALSE,NA
"Rothia_aeria","Rothia_aeria","T12","Calprotectin",NA,1,FALSE,NA
"Scardovia_wiggsiae","Scardovia_wiggsiae","T12","Calprotectin",-0.0984894355135438,1,FALSE,"-"
"Granulicatella_SGB8255","Granulicatella_SGB8255","T12","Calprotectin",0.0465672177072703,1,FALSE,"+"
"Granulicatella_adiacens","Granulicatella_adiacens","T12","Calprotectin",NA,1,FALSE,NA
"Actinomyces_naeslundii","Actinomyces_naeslundii","T12","Calprotectin",NA,1,FALSE,NA
"Gemella_haemolysans","Gemella_haemolysans","T12","Calprotectin",0.0687543342625913,1,FALSE,"+"
"Rothia_mucilaginosa","Rothia_mucilaginosa","T12","Calprotectin",0.0351721460385718,1,FALSE,"+"
"Parvimonas_micra","Parvimonas_micra","T12","Calprotectin",NA,1,FALSE,NA
"Streptococcus_infantis","Streptococcus_infantis","T12","Calprotectin",0.0616197899051018,1,FALSE,"+"
"Veillonella_atypica","Veillonella_atypica","T12","Calprotectin",-0.139118519211029,1,FALSE,"-"
"Veillonella_parvula","Veillonella_parvula","T12","Calprotectin",-0.0789113100349306,1,FALSE,"-"
"Megasphaera_micronuciformis","Megasphaera_micronuciformis","T12","Calprotectin",NA,1,FALSE,NA
"Streptococcus_gordonii","Streptococcus_gordonii","T12","Calprotectin",NA,1,FALSE,NA
"Veillonella_rogosae","Veillonella_rogosae","T12","Calprotectin",-0.0143958301206333,1,FALSE,"-"
"Porphyromonas_bobii","Porphyromonas_bobii","T12","Calprotectin",0.0147245433239902,1,FALSE,"+"
"Prevotella_histicola","Prevotella_histicola","T12","Calprotectin",-0.139634928875298,1,FALSE,"-"
"Rothia_SGB49305","Rothia_SGB49305","T12","Calprotectin",0.152553881562528,1,FALSE,"+"
"Streptococcus_oralis","Streptococcus_oralis","T12","Calprotectin",0.160623872818871,1,FALSE,"+"
"Streptococcus_intermedius","Streptococcus_intermedius","T12","Calprotectin",NA,1,FALSE,NA
"Tannerella_serpentiformis","Tannerella_serpentiformis","T12","Calprotectin",NA,1,FALSE,NA
"Prevotella_salivae","Prevotella_salivae","T12","Calprotectin",NA,1,FALSE,NA
"Gemella_morbillorum","Gemella_morbillorum","T12","Calprotectin",NA,1,FALSE,NA
"Prevotella_oris","Prevotella_oris","T12","Calprotectin",-0.0299063184523768,1,FALSE,"-"
"Prevotella_melaninogenica","Prevotella_melaninogenica","T12","Calprotectin",0.0405841162834407,1,FALSE,"+"
"Prevotella_nigrescens","Prevotella_nigrescens","T12","Calprotectin",NA,1,FALSE,NA
"GGB1144_SGB1468","GGB1144_SGB1468","T12","Calprotectin",NA,1,FALSE,NA
"Capnocytophaga_gingivalis","Capnocytophaga_gingivalis","T12","Calprotectin",NA,1,FALSE,NA
"Fusobacterium_nucleatum","Fusobacterium_nucleatum","T12","Calprotectin",0.0964349636694158,1,FALSE,"+"
"Peptostreptococcus_stomatis","Peptostreptococcus_stomatis","T12","Calprotectin",NA,1,FALSE,NA
"Prevotella_denticola","Prevotella_denticola","T12","Calprotectin",NA,1,FALSE,NA
"Metamycoplasma_salivarium","Metamycoplasma_salivarium","T12","Calprotectin",NA,1,FALSE,NA
"Alloprevotella_tannerae","Alloprevotella_tannerae","T12","Calprotectin",NA,1,FALSE,NA
"Streptococcus_anginosus","Streptococcus_anginosus","T12","Calprotectin",-0.0121486169473933,1,FALSE,"-"
"Corynebacterium_durum","Corynebacterium_durum","T12","Calprotectin",NA,1,FALSE,NA
"Candidatus_Nanosynsacchari_sp_TM7_ANC_38_39_G1_1","Candidatus_Nanosynsacchari_sp_TM7_ANC_38_39_G1_1","T12","Calprotectin",NA,1,FALSE,NA
"Dialister_invisus","Dialister_invisus","T12","Calprotectin",0.102511222489495,1,FALSE,"+"
"Neisseria_subflava","Neisseria_subflava","T12","Calprotectin",-0.054803059960034,1,FALSE,"-"
"Burkholderia_contaminans","Burkholderia_contaminans","T12","Calprotectin",NA,1,FALSE,NA
"Fusobacterium_periodonticum","Fusobacterium_periodonticum","T12","Calprotectin",NA,1,FALSE,NA
"Lachnoanaerobaculum_sp_ICM7","Lachnoanaerobaculum_sp_ICM7","T12","Calprotectin",NA,1,FALSE,NA
"Prevotella_nanceiensis","Prevotella_nanceiensis","T12","Calprotectin",-2.39830734428651,1,FALSE,"-"
"Solobacterium_SGB6829","Solobacterium_SGB6829","T12","Calprotectin",NA,1,FALSE,NA
"Prevotella_pallens","Prevotella_pallens","T12","Calprotectin",NA,1,FALSE,NA
"Oribacterium_SGB5283","Oribacterium_SGB5283","T12","Calprotectin",NA,1,FALSE,NA
"Peptostreptococcus_SGB749","Peptostreptococcus_SGB749","T12","Calprotectin",0.175587113603886,1,FALSE,"+"
"Eubacterium_sulci","Eubacterium_sulci","T12","Calprotectin",NA,1,FALSE,NA
"Schaalia_meyeri","Schaalia_meyeri","T12","Calprotectin",NA,1,FALSE,NA
"Schaalia_SGB17168","Schaalia_SGB17168","T12","Calprotectin",NA,1,FALSE,NA
"Haemophilus_sputorum","Haemophilus_sputorum","T12","Calprotectin",NA,1,FALSE,NA
"Porphyromonas_endodontalis","Porphyromonas_endodontalis","T12","Calprotectin",NA,1,FALSE,NA
"Capnocytophaga_leadbetteri","Capnocytophaga_leadbetteri","T12","Calprotectin",-0.149518232766113,1,FALSE,"-"
"Oribacterium_sinus","Oribacterium_sinus","T12","Calprotectin",-0.0831183564834595,1,FALSE,"-"
"Capnocytophaga_SGB2499","Capnocytophaga_SGB2499","T12","Calprotectin",NA,1,FALSE,NA
"Prevotella_shahii","Prevotella_shahii","T12","Calprotectin",NA,1,FALSE,NA
"Lautropia_mirabilis","Lautropia_mirabilis","T12","Calprotectin",NA,1,FALSE,NA
"Veillonella_tobetsuensis","Veillonella_tobetsuensis","T12","Calprotectin",NA,1,FALSE,NA
"Haemophilus_haemolyticus","Haemophilus_haemolyticus","T12","Calprotectin",NA,1,FALSE,NA
"Treponema_vincentii","Treponema_vincentii","T12","Calprotectin",NA,1,FALSE,NA
"Leptotrichia_wadei","Leptotrichia_wadei","T12","Calprotectin",NA,1,FALSE,NA
"Filifactor_alocis","Filifactor_alocis","T12","Calprotectin",NA,1,FALSE,NA
"Leptotrichia_sp_oral_taxon_215","Leptotrichia_sp_oral_taxon_215","T12","Calprotectin",NA,1,FALSE,NA
"Catonella_massiliensis","Catonella_massiliensis","T12","Calprotectin",NA,1,FALSE,NA
"Prevotella_intermedia","Prevotella_intermedia","T12","Calprotectin",-2.03463791591876,1,FALSE,"-"
"TM7_phylum_sp_oral_taxon_352","TM7_phylum_sp_oral_taxon_352","T12","Calprotectin",NA,1,FALSE,NA
"Streptococcus_constellatus","Streptococcus_constellatus","T12","Calprotectin",NA,1,FALSE,NA
"Solobacterium_SGB6834","Solobacterium_SGB6834","T12","Calprotectin",NA,1,FALSE,NA
"Lancefieldella_rimae","Lancefieldella_rimae","T12","Calprotectin",NA,1,FALSE,NA
"Haemophilus_parainfluenzae","Haemophilus_parainfluenzae","T12","Calprotectin",0.0997375229006997,1,FALSE,"+"
"Streptococcus_cristatus","Streptococcus_cristatus","T12","Calprotectin",0.0251277218172347,1,FALSE,"+"
"Candidatus_Nanoperiomorbus_periodonticus","Candidatus_Nanoperiomorbus_periodonticus","T12","Calprotectin",NA,1,FALSE,NA
"Pseudomonas_aeruginosa","Pseudomonas_aeruginosa","T12","Calprotectin",NA,1,FALSE,NA
"Slackia_exigua","Slackia_exigua","T12","Calprotectin",NA,1,FALSE,NA
"Tannerella_forsythia","Tannerella_forsythia","T12","Calprotectin",NA,1,FALSE,NA
"GGB4733_SGB6557","GGB4733_SGB6557","T12","Calprotectin",0.0883716653346973,1,FALSE,"+"
"Eubacterium_brachy","Eubacterium_brachy","T12","Calprotectin",NA,1,FALSE,NA
"Prevotella_jejuni","Prevotella_jejuni","T12","Calprotectin",NA,1,FALSE,NA
"GGB3883_SGB5265","GGB3883_SGB5265","T12","Calprotectin",NA,1,FALSE,NA
"Treponema_denticola","Treponema_denticola","T12","Calprotectin",NA,1,FALSE,NA
"Parvimonas_sp_oral_taxon_110","Parvimonas_sp_oral_taxon_110","T12","Calprotectin",NA,1,FALSE,NA
"Candidatus_Nanosynbacter_sp_HMT_352","Candidatus_Nanosynbacter_sp_HMT_352","T12","Calprotectin",NA,1,FALSE,NA
"Oribacterium_asaccharolyticum","Oribacterium_asaccharolyticum","T12","Calprotectin",NA,1,FALSE,NA
"Oribacterium_parvum","Oribacterium_parvum","T12","Calprotectin",NA,1,FALSE,NA
"GGB2964_SGB3946","GGB2964_SGB3946","T12","Calprotectin",NA,1,FALSE,NA
"GGB3887_SGB5270","GGB3887_SGB5270","T12","Calprotectin",NA,1,FALSE,NA
"Campylobacter_concisus","Campylobacter_concisus","T12","Calprotectin",NA,1,FALSE,NA
"Lachnoanaerobaculum_orale","Lachnoanaerobaculum_orale","T12","Calprotectin",NA,1,FALSE,NA
"Neisseria_sicca","Neisseria_sicca","T12","Calprotectin",NA,1,FALSE,NA
"Capnocytophaga_sputigena","Capnocytophaga_sputigena","T12","Calprotectin",NA,1,FALSE,NA
"Eubacterium_infirmum","Eubacterium_infirmum","T12","Calprotectin",NA,1,FALSE,NA
"Prevotella_baroniae","Prevotella_baroniae","T12","Calprotectin",NA,1,FALSE,NA
"Corynebacterium_matruchotii","Corynebacterium_matruchotii","T12","Calprotectin",NA,1,FALSE,NA
"GGB1843_SGB2524","GGB1843_SGB2524","T12","Calprotectin",NA,1,FALSE,NA
"GGB4533_SGB6246","GGB4533_SGB6246","T12","Calprotectin",NA,1,FALSE,NA
"Campylobacter_rectus","Campylobacter_rectus","T12","Calprotectin",NA,1,FALSE,NA
"Prevotella_oulorum","Prevotella_oulorum","T12","Calprotectin",NA,1,FALSE,NA
"GGB4333_SGB5935","GGB4333_SGB5935","T12","Calprotectin",NA,1,FALSE,NA
"Prevotella_vespertina","Prevotella_vespertina","T12","Calprotectin",NA,1,FALSE,NA
"Alloprevotella_SGB1483","Alloprevotella_SGB1483","T12","Calprotectin",NA,1,FALSE,NA
"Alloprevotella_SGB1484","Alloprevotella_SGB1484","T12","Calprotectin",NA,1,FALSE,NA
"Catonella_SGB4505","Catonella_SGB4505","T12","Calprotectin",NA,1,FALSE,NA
"Catonella_SGB69305","Catonella_SGB69305","T12","Calprotectin",NA,1,FALSE,NA
"GGB4538_SGB6256","GGB4538_SGB6256","T12","Calprotectin",NA,1,FALSE,NA
"GGB3059_SGB69431","GGB3059_SGB69431","T12","Calprotectin",NA,1,FALSE,NA
"GGB1202_SGB1567","GGB1202_SGB1567","T12","Calprotectin",NA,1,FALSE,NA
"Selenomonas_noxia","Selenomonas_noxia","T12","Calprotectin",NA,1,FALSE,NA
"Prevotella_veroralis","Prevotella_veroralis","T12","Calprotectin",NA,1,FALSE,NA
"GGB3886_SGB5269","GGB3886_SGB5269","T12","Calprotectin",NA,1,FALSE,NA
"GGB3883_SGB5266","GGB3883_SGB5266","T12","Calprotectin",NA,1,FALSE,NA
"Solobacterium_SGB6833","Solobacterium_SGB6833","T12","Calprotectin",NA,1,FALSE,NA
"TM7_phylum_sp_oral_taxon_351","TM7_phylum_sp_oral_taxon_351","T12","Calprotectin",NA,1,FALSE,NA
"Selenomonas_SGB5880","Selenomonas_SGB5880","T12","Calprotectin",NA,1,FALSE,NA
"Prevotella_sp_oral_taxon_475","Prevotella_sp_oral_taxon_475","T12","Calprotectin",NA,1,FALSE,NA
"Aggregatibacter_segnis","Aggregatibacter_segnis","T12","Calprotectin",NA,1,FALSE,NA
"GGB45697_SGB2042","GGB45697_SGB2042","T12","Calprotectin",NA,1,FALSE,NA
"Granulicatella_SGB8245","Granulicatella_SGB8245","T12","Calprotectin",NA,1,FALSE,NA
"GGB1144_SGB1469","GGB1144_SGB1469","T12","Calprotectin",NA,1,FALSE,NA
"Porphyromonas_sp_oral_taxon_275","Porphyromonas_sp_oral_taxon_275","T12","Calprotectin",-0.572838215992466,1,FALSE,"-"
"Granulicatella_SGB8239","Granulicatella_SGB8239","T12","Calprotectin",NA,1,FALSE,NA
"GGB1203_SGB1568","GGB1203_SGB1568","T12","Calprotectin",NA,1,FALSE,NA
"GGB12763_SGB19797","GGB12763_SGB19797","T12","Calprotectin",NA,1,FALSE,NA
"Alloprevotella_SGB1466","Alloprevotella_SGB1466","T12","Calprotectin",NA,1,FALSE,NA
"GGB4538_SGB6253","GGB4538_SGB6253","T12","Calprotectin",NA,1,FALSE,NA
"Selenomonas_SGB5897","Selenomonas_SGB5897","T12","Calprotectin",NA,1,FALSE,NA
"Moraxella_catarrhalis","Moraxella_catarrhalis","T12","Calprotectin",NA,1,FALSE,NA
"GGB1844_SGB2532","GGB1844_SGB2532","T12","Calprotectin",NA,1,FALSE,NA
"GGB3385_SGB4471","GGB3385_SGB4471","T12","Calprotectin",NA,1,FALSE,NA
