FeatureID,Rank,Taxon,A1H0,A1H12,A3H0,A3H12,A4H0,A4H12,A6H0,A6H12,A7H0,A7H12,A8H0,A8H12,A9H0,A9H12,A10H0,A10H12,A12H0,A12H12,A13H0,A13H12,A16H0,A16H12,A17H0,A17H12,A19H0,A19H12,A20H0,A20H12,A22H0,A22H12,A24H0,A24H12,A25H0,A25H12,A26H0,A26H12,A27H0,A27H12,A28H0,A28H12,A30H0,A30H12,P2H0,P2H12,P4H0,P4H12,P5H0,P5H12,P11H0,P11H12,P14H0,P14H12,P16H0,P16H12,P17H0,P17H12,P20H0,P20H12,P21H0,P21H12,P25H0,P25H12,P26H0,P26H12,P27H0,P27H12,P42H0,P42H12
UNCLASSIFIED,Species,UNCLASSIFIED,9.17887091788709,14.328847973613975,21.426988819490994,16.04632374011882,25.0024487317775,16.332069522654784,21.18185906075606,19.42531,19.68980543410028,16.171568382843162,26.69395583265896,18.315840533000618,18.16783096008654,10.467275467950149,19.26534957292376,8.10736929008386,36.1527640030882,5.889517644192942,36.75741,11.257241125724113,18.400365203792454,12.59467723160889,18.96510433352501,9.360138751023182,17.794130354598238,29.66406,20.689236641667332,13.855789864982745,14.895965098874422,11.8457350761137,14.113572354196045,16.455428098852888,14.649541909768587,16.77270343119254,30.124018985255795,9.593024780173923,14.934343812635984,9.119533671598793,11.593416864646997,31.355305480924507,35.868531128565486,16.950505858449368,16.381038570101992,3.1328206265641256,31.958747190313442,4.2783608556721715,14.67529360508903,25.371011262611503,3.918239169083727,25.25441681133736,12.346732469346493,16.028414808524445,11.389693416908026,14.458504961144817,4.388401423210177,9.873620048846128,8.661520866152086,32.890505882461255,20.544036230080525,11.028628120976652,12.015497596900481,14.16956224535749,18.461777209096496,9.15394361957564,26.10027607783463,11.844028673822212,17.51931314641105,7.140999119660531
Cutibacterium_acnes,Species,Cutibacterium_acnes,0,0,0.0015166072511503617,0,0.0028171694144428156,0,0.012346209501860706,0,0,0,0.04109786023945633,0,0.009808337005561225,0,0.0034343121223007612,0,0.0031346703453475335,0,0,0,0,0,0,0,0.007330955956656748,0,0,0,0,0,0.0036356394301366186,0,0,0,0,0,0.0015100388079973654,0,0.00809989791655374,0,0,0,0.011600075825862343,0,0,0,0,0,0,0,0,0,0,0,0,0,0,0,0,0,0,0,0,0,0,0,0.004009372308708838,0
Staphylococcus_aureus,Species,Staphylococcus_aureus,0,0,0,0,0,0,0,0,0,0,0.100568175165945,0,0,0,0.5156674720779411,0,0,0,0,0,0.0023302332191820377,0,0,0,0,0,0,0,0,0,0,0,0.030098732292096933,0.013698194259806215,0.018892149504224045,0,0,0,0,0,4.308431168954527e-4,0,0,0,0.0032754634730730856,0,0,0,0,0,0,0,0,0,0,0,0,0,0,0,0,0,0,0,0,0,0,0
Streptococcus_mitis,Species,Streptococcus_mitis,0,0,0.03615752386848544,0,0,0,0.053933972390889866,0.0144,0,0,0.10619198754835903,0,0,0.011627586172301967,0.6044689712402893,0,0.26387314459813677,0,0,0,0.8276847777012751,0.02209603045063476,0,0,0,0,0,0,0,0.0034349280913326353,0,0,0,0,0,0,0.0053301369845205025,0,0,0,0.03940711578487943,0,0,0,0,0,0,0,0,0.1799785917775068,0,0,0,0.001930406543618086,0,0.018361325265423712,0,0.008606234356167607,0.016872525991230538,0,0,0.018207787187303277,0,0.02189094131047635,0.083105368606812,0,0.008379588125201471,0.39603158558650625
Streptococcus_sanguinis,Species,Streptococcus_sanguinis,0,0,0.02114210770643385,0.007253558310270802,0,0.009480580211508945,0.3278402787822522,0.006449999999999999,0,0,0.14600897948719438,0,0,0,0.4729938911297024,0,0.002053058852384167,0,0,0,0.12946856118645028,0,0.005317396085398196,0,0,0,0,0,0,0,0,0.01411012699114292,0.006428171769602252,0.007884716637492548,0,0,0.8645722195060414,0,0,0,0.041741684302010605,0.007313567653870875,0,0,0,0,0.020913567854676008,0,0,0,0.002220000444000089,0,0,0,0,0,0,0,0,0,0,0.0029128455588264177,0,0.04635199313570484,0.11511743658640348,0.013770287782001933,0.7230101084294647,0.012642636098684459
Actinomyces_sp_ICM47,Species,Actinomyces_sp_ICM47,0,0,0.03922086964067657,0.004532195107827879,0,0,0.059683432698128924,0,0.01496099191376388,0,0,0,0,0,0,0.028963425641031902,0,0,0,0,0,0.0014029225682942706,0,0,0,0,0,0,0,0,0,0,0,0,0,0,0,0,0,0,0.07805274140966457,0.0554503231198573,0,0,0,0,0,0.03596642360325554,0,0,0,0,0,0,0.07101847190454237,0,0,0,0,0,0,0,0,0,0,0,0.32243372106636475,0.0018176313879897784
Enterocloster_clostridioformis,Species,Enterocloster_clostridioformis,0,0.003606399917293228,0,0,0.0031780879159372688,0.16799028100519753,5.16381221092571,0,0.06066402202466024,0,0,0,0.3837587691083089,0,32.21846350277408,0.04462482855085954,0,0,0.0075,0,0.030825369610645147,0,0.0012020167396110865,0,0.5110866456985991,0.02274,0.014252621726958445,0.41190759961563533,0.10097331091576744,0,0,0,0.3789402228312163,0,0.15875224726783702,0.026995477022280896,0.008450217170581285,0.00993187037885872,0.15361981964639512,0,0.22519067563314651,0,0.8157485591985197,0,1.708950529483178,0,0,0.10724915469902925,0.015341405153926943,0.9543806031602833,0,0,0,0,0,0,0.005760000576000057,13.99705946987998,0.17782448058784003,0,0.0052799989440002115,0.037056200201977314,0,0,0.001960126624179922,0,0.01417313111128574,0
Ruminococcus_gnavus,Species,Ruminococcus_gnavus,0,0.037857181354030864,1.1827728682779397,0.05520479639241362,0.3149314690957017,0.06719411227967152,1.9649436240199942,5.12768,0.7413291501226531,0.44119995588000444,0.2257330244172525,0.0067319467003418764,6.083444073165745,1.8949654759008494,4.1896104749123,0.5649190066480622,0.123674262283376,0.3913598434560626,1.5835499999999998,0.11288001128800113,2.4261142808644163,0.2568149970017541,0.18421415863666854,0.24542769429579128,8.92150336403867,5.54894,0.34654519471095785,0.6608282086910648,1.0361773062859772,0.4617725050129421,0.037882961133909744,0,23.601168458540506,3.051175213012424,0.0988251049477466,0.15906860461317104,1.7812657785305084,31.049966236656807,1.7020193890533486,0,0.12134746485397273,0.2632079561153749,1.5828648764316686,0.05130001026000205,0,0.10993002198600439,6.130675893307398,3.5458532893974866,21.253785396089615,0.9526969680236599,1.4531502906300582,2.179610653883196,0.06287001886100566,0.03610760426145746,0.38753079676023733,0.1303904248140253,0.7209300720930072,2.2316466048005177,2.453085116579843,1.1740519158585454,4.844779031044194,0.42446465952589085,0.15249268623811327,0.8060146586303212,0.029151883211655474,8.2915145905506,2.0464437669496216,0.22608305080946195
Longicatena_caecimuris,Species,Longicatena_caecimuris,0,0,0.005041965828327692,0,0,0,0,0,0,0,0.03022048646777651,0,0,0,3.4398791122132946,0,0,0,0,0,0,0.1519365141462695,0,0.058126785860753503,0,0,0,0,0,0,0,0,0,0.48969293431330624,0,0,0,0,0,0,0,0,0.11200728953168722,0,0,0,0,0.24644401490106133,0,0,0,0,0,0,0,0.34673386544820844,0,0,0,0,0,0.09141930752151778,0.001692027048403988,0.023821024304045074,0,0,0.8954832817193472,0
Clostridium_symbiosum,Species,Clostridium_symbiosum,0,0.00871546646679197,0,0,0.006125589011475303,0,0.47324110392058727,0,0.10368687443977535,0,0.1709859113493037,0,0,0,3.2991223780578895,0,0,0,0,0,0.0014664398706921446,0,0,0,0.11350480102605379,0.008320000000000001,0.009830783608135297,0,0.22607431932516256,0.0068498274474388405,0,0,0.535449606855429,0,0.5465479788861418,0,0,0,0.40475787591409823,0.007155783954194862,0.015891097288283442,0.012454190860374336,0.10352992609380508,0,8.414034609729028e-4,0,0.01826311568753629,0.044557958051307966,0.19164676595830782,0.5216663297726121,0.0010200002040000409,0,0,0,0,0,0.11453001145300115,0,0.12617451050190756,0,0,0,0.004625541398595517,0,0.0034702241764818006,0.006574912116842493,0.03700650640938257,0
Eisenbergiella_massiliensis,Species,Eisenbergiella_massiliensis,0,0,0,0,0.04197682682659099,0.5334826491381273,0.05478126127827247,0,0,0,0,0,0,0,3.19370000973222,0,0,0,0,0,0,0,0,0,0,0,0.07288478502916701,0.03656512469700974,0,0,0,0,0,0,0,0,0,0,0,0,0,0,0.08772619897643093,0,0,0,0,0,0,0,0,0,0,0,0,0,0,0,0,0,0,0.037716845586453406,0,0,0,0,0,0
Streptococcus_thermophilus,Species,Streptococcus_thermophilus,1.5535701553570156,0,0.7068293728457398,0.2515828665837367,1.9405384763685103,12.339985207094674,0.04158776288902916,0.01258,0.12999861890843362,0,1.5044898936989384,0.06680473044911975,1.1019616067309863,1.106948210089113,2.8170771220344264,0.17940442125472042,9.30746719537439,0.6078197568720972,0.011170000000000001,0,0.05677934650015543,0,1.2668339643072335,0.032704163535045974,4.428437468245859,8.22085,0,0,2.3993019614434177,0.4858270160198837,0,0.643505791552124,0.1483006388536407,0.4076238405814358,0.0011738616526788177,0,62.518576727421895,0,0.538797789655338,0.01786408476508221,3.4233792107775702,9.396968682136354,0.12628969522927613,0,0.3252224710817644,0,0.6228662609841239,0.2863011333824221,0.6839911128568726,0,0,0,0.0021600006480001943,0,0.07628984298816122,0,6.3964606396460635,0.16132686518113723,0.12034453151513562,0.08103223400036098,0.3630199273960145,0,0.9676192078109574,0.5608441162970008,0.17180109835095347,0.0022116523254523453,11.703618378321163,0.047460375130844216
Eggerthella_lenta,Species,Eggerthella_lenta,0.16419001641900163,8.815644242272337e-4,0.00679962323860129,0.030149839690222932,0,0.07138436872336587,0.3032487275032192,0.56131,0.3492531554842086,0.027389997261000276,0.2755267796038935,0,0,0.014617250261470203,2.0497036078500166,1.2920657400607805,5.045998032468575,0,0.55474,0.801140080114008,3.836337275143794,1.1134395172022356,0.12638492956232839,0.4702662031031083,2.8813657300912037,22.091530000000002,0.049335223476072415,0.7372429328291461,0.15338035459893368,0.013579482483519104,0,0.031830286472578254,0.1960240298943184,1.8405510176187394,0.5368059304694653,0,0,10.009870674005818,1.0354884764009578,1.4970001532657273,0,0.1787146208679726,0.30596576186075225,0.427170085434017,0,0,0,1.3235963943160247,0,0.12542079604073153,0.037370007474001495,0.34605010381503115,0.38153011445903434,0.42116869812782576,0,1.1243635074113714,1.1723201172320117,0.007715589172796774,0.007601239963655749,1.2718528897261252,0,0.09294079386152332,2.3772179070526493,0.9100891338327548,0.00270017443126826,0.036197042810683866,0.5718467489603698,0.3004443704825549
Lancefieldella_parvula,Species,Lancefieldella_parvula,0,0,0.002028838839287239,0,0,0,0.07083940304866645,0,0,0,0,0,0,0,2.033823668998795,0,0,0,0,0,0,0,0.012672108678611791,0,0,0,0,0,0,0,0,0,0,0,0,0,0,0,0,0,0.03975780204281759,0,0,0,0,0,0,0,0,0.02449288258278449,0,0,0,0,6.801769140153354e-4,0,0,0,0,0,0,0,0,0,0.06110394731499655,0,0.005462769770615792,0
Erysipelatoclostridium_ramosum,Species,Erysipelatoclostridium_ramosum,0,0,0.12690286502175377,0,0.1829355526880358,0.5529538407750554,0.3173903825045335,0.05044,0.3680844039959849,0.07782999221700078,0.05688856475804949,0,0.23748309578619686,0.23497957146475984,1.9871550719082882,0.04590621606166362,0,0,0.214,0.04340000434000043,0.07497927147066341,0.00530104313305478,0,0,5.9741990355542365,0.34779,0.04443997672038209,0,1.1037067804846838,0.39893234824002,0,0,6.991446608249105,1.2007783055823995,0.0648433150535316,0.09677833133463945,1.2820029474757502,0.01465703295304302,0.14504588190266396,0,0,0,0.2183997019811408,0,0.020093515984662417,0,1.0619011603379536,0.3550134053942034,0.35113094040296955,0.13128345410575976,0.05922001184400237,0.5834101750230525,0,0.15453254455388304,0,0,0.2102200210220021,0.04514270137287451,0.00872472549756492,0.12321421925107366,2.00329959934008,0.24549982878273785,0,0.4354687251551817,0,0.44096944827480605,0.1418515922821187,0.06382915557490772
Ruminococcus_torques,Species,Ruminococcus_torques,0,0,0.36839494943671597,0,2.705515265799934,3.774500999461167,4.314052064288246,0.03073,2.9135931712272525,0.8767399123260088,1.1314770282774693,0.003108605073021436,0.40304175742748954,0.4126739686035109,1.9763715320956994,0.14115602103143354,0,0,1.4246699999999999,0,1.3595102894360585,0.07794236954423456,1.1822343963201989,0.32797275197061937,0,0.05467999999999999,0.5922644222933969,1.0084756681751934,2.347727253126823,0.4220455086913194,0.00801447587085365,0,4.820263689843026,0,0.014286999943714839,0,0.02558065742289577,0,5.149896545960325,0.5227477804382182,1.1672341605287386,0.7538105246765507,6.584529322169236,0.00375000075000015,0.05439072372717693,0,0.32042466444775475,0.26310699090857625,0.2157460598812088,0.1947204208606803,0.8731101746220349,0.1592200477660143,0.005990001797000539,0.0035507477874840436,0,0.007824826352894465,0.8659500865950086,0,0.16884671780786312,0.2928126139343826,0,0.16247872546690864,0.03890661011892247,0.3702459205745847,0,0.03366515123448728,0.07876411900458512,0
Hungatella_hathewayi,Species,Hungatella_hathewayi,0,0,0,7.979937210170982e-4,0.010737325419459983,0.02430148725101976,0.07648799563121711,0,0.0344922868386174,0,0.069757288465851,0,0,0,1.904681518114144,0,0,0,0,0,0,0,0,0,0,0,0,0.004338750587834813,0.5565214879910052,0.0283807178158504,0,0,0.5093848289915174,0,0,0,0.008840227193838882,0,0.32697412340246,0,0.0036471370825568554,0,0.05528802317693148,0,0.003986649731752563,0.005090001018000203,0,0.005771030706084106,0,0.008368067494527434,0.025010005002001002,0,0,0,0,0,0.19322001932200192,0,0,0,0,6.90674720134099e-4,0,0,0,0,0.10272011854912041,0
Enterocloster_lavalensis,Species,Enterocloster_lavalensis,0,0.004467928786424389,0,0,0.0013434188666737981,0,0.11592727598438327,0,0.08901590175428631,0,0,0,0,0,1.8527863585517976,0,0,0,0,0,0,0,0,0,0.04675609699504815,0,0,0,0.4853919126284529,0.0015221838772086313,0,0,0,0,0,0,0,0,0,0,0,0,0.06110307413018948,0,0,0,0,0,0,4.2090878415587094e-4,0,0,0,0,0,0,0.01609000160900016,0,0,0,0,0,0,0,0,0,0,0
Flavonifractor_plautii,Species,Flavonifractor_plautii,0,0,0,0,0.2949606453463419,0.3171994126040514,0.17812231502725345,0,0.2716880129152563,0,0.6560847598587083,0,0.019697567512199247,0.026385290451384102,1.8387086826219,0,0,0,0.08484,0,0,0,0.5117840933457678,0,2.307250865512863,0.06453,0.19877119233907983,0.03559194699506548,0.03369454014072685,0,0.012453571528644772,0,4.674860255167234,0.007764644810525656,0.3760470820859381,0.0340846889560364,0.021760559246372633,0,0.3587863178915203,0.19245506319927488,0,0,0.5310812972147607,0,0,0,0,0,0.09373960944446698,0,0.012830002566000512,0.0011200003360001007,0.008400002520000756,0,0,0,0.06383000638300064,0.020154599992234373,0.012064817625402999,0,0.5776098844780231,0,0.046225378002847414,0,0,0,0,0
Faecalimonas_umbilicata,Species,Faecalimonas_umbilicata,0,0,0.18309768336735824,0,0.18941203468707513,0.2564356938644645,0.8700345592998328,0.71701,0.31880113651535097,0.1106799889320011,2.294635533428111,0,0,2.9595266699606477,1.6358239405397417,0.13902037518009341,0.05251824693611011,0,0,0,0.5810516884900039,1.4783296563400876,0,0,2.470952212168467,0.55927,0,0,0,0,0,0,0.785494422982555,0.650729266247069,0,0,3.31891529612311,0.026083699984881487,0,0,0.3150364949169029,2.0395900418382342,0,0,0,0.004290000858000172,0,0.6793013232163264,2.8846874958790107,0.13998223564498108,0.0772300154460031,0,0,0.1371088751291022,0.008802289475492575,0.0542534635363092,0,0,0.004301633801003586,0.19337078485306541,0,0,0,0,0,0.5501209953956601,3.177197015744003,1.3234275115475131
Blautia_hansenii,Species,Blautia_hansenii,0,0,0,0,0.9406638955477796,0.14887911140161778,0.7764192240165246,3.3304100000000005,3.3183600072684816,0.17366998263300173,0.015520521361430914,0,0,0.1436944924468344,1.5839988689798912,0,0,0.09425996229601508,0,0,0.41127611907692635,0,0,0,1.3464755804156863,0.40599,0.22781027957499586,0.4784080759151596,0,0,0,0,0.8580050053226066,0.8905427226566932,0,0,2.1993065221776202,0,7.898029086671587,0,0.1901220498393306,1.3872741307241367,3.450306936605135,0.016660003332000666,0,0,0,1.9378060921680613,2.8691346934099706,0.7591891653268572,0.39406007881201577,0.49024014707204416,0,0,0,0.0396744712138447,0.003680000368000037,1.7085676864320516,0.13862394479657675,0.8657312191114008,0,0.00295288467303709,0,0,0,0.014801057870334929,0.29648305879824677,1.1782896452165295
Enterocloster_aldenensis,Species,Enterocloster_aldenensis,0,0,0,0,0.1749452180855058,0.382643417777168,0.49654154832360864,0,0.13450891794125952,0,9.306308746699387e-4,0,0.0028818309758607726,0,1.5216706096174357,0,0.014050934487292617,0,0,0,0,0,0,0,0,0,0.034236509717266266,0.014638214600078199,0.026895463290901613,0,0,0,0.15089605092963032,0,0.1847176657048693,0,0,0,0.014520046010717836,0,3.90764687416806e-4,0,0.11094636801525805,0,0.008774636093003128,0,0.0048708309637624176,0.07397321161559454,0.006301653298135345,0.08637649549141552,0,0,0,0,0,0,0.0016700001670000167,0.0053238566017222875,0.004666007487676832,0,0,0.003973882085409237,0,0,0,0.04465336052564871,0.005101926262831996,0
Oliverpabstia_intestinalis,Species,Oliverpabstia_intestinalis,0,0,0.24156239071137317,0.3696143224731503,0,0,0.5938990761928566,0.9115699999999999,0,0,0.022104984969310695,0.21871257120900817,0,0,1.4968494441620899,3.5219342524136104,0,0,0,0.025270002527000252,0,0,0.009768932654974846,0.06432028068248966,0,0,0,0,0,0,1.2396927864595129,0.6857661718955471,0,0,0.026878421944671382,0,0,0,0,0,0.0077451564967484865,0.4672534756799731,0,0,0.008053433126454927,0.3161400632280127,0,0.04304768831713344,0.009190749938015287,0,0,0,0,0,0,0,0,0,0,0,0,0,0,0,0,0,0.03576360099368283,1.1894579803005112
Sellimonas_intestinalis,Species,Sellimonas_intestinalis,0.14565001456500146,0,0,0,0.4196680131266059,0,0,0.24347000000000002,0.10112670470052165,0.008039999196000082,0.0711082042516622,0,0,0,0.8962653507744324,0,1.6512301678270453,1.7688192924722832,0,0,0,0,0,0,0.2990389946849069,0.2695,0.4801874456461413,0.2999414775534029,5.91660079852049e-4,0,0,0,4.036026733951551,1.319369246683366,0.16797257939443386,0,0.0035400909803381944,0.13835396403519254,0.973090407845318,0.04727892433849599,0,0,0.5725873493716642,0,0,0,0,0.532915178650907,0,0.10448559484783596,0.01907000381400076,0.02309000692700208,0,0,0.062966377554802,0.20353554072151703,3.559560355956035,0.004002899700543073,0.03641712568473154,0.34819147739801987,0,0.05612482834481005,0.05175199889467582,0,0,0,0,0
Schaalia_odontolytica,Species,Schaalia_odontolytica,0,0,0.07487620567765527,0.0730164254730645,0,0,0.015483195739670087,0,0,0,0.174418238123624,0,0,0,0.8738371899757335,0,0,0,0,0,0,0,1.2660801571993416,0.05094986449637681,0.021862850915759416,0,0.027165597736824688,0,0,0,0,0,0,0,0,0,0,0,0,0,0.48938768275638594,0.08533836919915629,0,0,0.030080173729781275,0,0,0.0239242728751355,0.004842005169973005,0,0,0,0,0,0.34921082973681455,0,0,0,0,0.0014307457046612694,0,0.0015314961185582197,0,0,0,0,0.47068026218087405,0.05341816690258849
Blautia_producta,Species,Blautia_producta,0,0,0,0,5.01275696520074e-4,0.04746290472976946,0.05519481894949493,0.51407,0.04583303873046783,0,0,0,0,0,0.6993280763326433,0.010973151779028589,0.025317720872327684,0,0.18189,0,0,0.0020342377240266923,0.006906502961494208,0,0.1913949579025105,0.73063,0.7038377727312193,0.03279406110197575,0.0015744175006232488,0,0.0013056163699385647,0,3.3886122573063364,0.15718402748524168,0.002739010522917241,0,0.019620504246959148,0.7515014931413412,0.01892037223256064,0,0,0,0.026493011830075606,0.0052300010460002095,0,0,2.3387589922840837,0.03556635215049408,1.0640331527362716,0.00746612009990771,0.014250002850000571,0,0,0.01318277629268724,0,0.17627872871987443,0.06576000657600066,0,0.02141707558334962,0.06629455272087813,6.122028775594244,0,0.012334777062921378,0.031401350258061095,0,0,0.11338504889028592,0
Streptococcus_salivarius,Species,Streptococcus_salivarius,0.25450002545000255,0.005459688763680027,7.743003167599966,1.1136616218117465,0.012732402691609877,0.5749751884815351,5.278307165219517,15.15194,0.13691907773485382,0.0017399998260000176,0,0,0,0.002789015492579764,0.5340705790190162,1.8605950051718223,0.9169862177658493,0,0,0,8.097399730918328,0.09303380802888578,4.3460646939670475,0.37441350114914435,0.0483163004455781,0.09940000000000002,0.004834811610558342,8.607401969326453,0,0.433501945240837,0.1796025964893181,5.708201373812365,0.2089407318538948,3.336205718260664,0,0.003872343360685792,0.0020700532003672494,0.9079434998968189,0,0.017437782742279112,9.10921582444686,2.632210340217711,0,0,0.027606046886206194,0.010600002120000424,3.3361191419256127,0.9064518923079662,2.5024106843827014,0.30605079426990817,0.012550002510000501,2.7049408114822433,0,0,1.8697163132130667,0.385717910807386,0,0,0.12698422980562588,0.16486592812173706,0,0.05574445675980865,0,0.033631446152184545,0.028361832174358465,3.502616805015027e-4,0.788703673707659,8.02713481311417
Clostridium_spiroforme,Species,Clostridium_spiroforme,0,0,0,0,0.35453224912078746,0.05259321870498474,0,0,0.06964461743813614,0.08101999189800081,0,0,0,0,0.499977772090637,0,0,0,0,0,0,0,0.12325764872283176,0,8.95743804992171,0,1.867647435061933,0,0.06658682932572212,0.013479338807386958,0,0,1.333840612324103,0.3606057143383172,0,0,0,0,0.015581483015049939,0,0,0,0,0,0,0,0,0,0.01522060668814799,0,0,0,0,0,0,5.103147621452912e-4,0,0,0,0,0,0.0690975013490679,0,0.09077390327784095,0,0.19266393922899797,0,0
GGB3433_SGB4574,Species,GGB3433_SGB4574,0,0,0,0,0,0,0,0,0,0,0,0,0,0,0.494500895324169,0,0,0,0,0,0,0,0.09706794501486478,0,0,0,0.2283541958811837,0.058309563974826735,0.14280067012022332,0.06116775738151527,0,0,0,0,0,0,0,0,0,0,0.0012825097433166964,0.05416265233623217,0,0,0.10980315165696382,0,0,0,0,0,0,0,0,0,0,0,0,0,0,0,0,0,0,0.0032401393259910176,0,0,0,0
Clostridium_scindens,Species,Clostridium_scindens,0,0,0,0,0,0.31310916228073155,0.1898330578635772,0.60771,0.4307585592924811,0.008869999113000088,0.004883310396117528,0,0,2.470806883250106,0.4755270717913412,0.04903849664362915,0.11353916199746002,0,0,0,0.006639155852928133,0,0.01991476886389554,0,0.4718615307436089,6.19883,0.022169625739247734,0.0037102399886624793,0.057411084019542036,0.007060129167316348,0,0,0.7092818575263631,1.2212305401090933,0.045299020186708214,0,7.500192754953803e-4,0.8146140149124524,0.018302059414503104,0,0.0034367253277939602,0.015653247963443025,0.08102037429711446,0,0.006691160856308323,0,1.4352248493593007,0.001690301887917182,0,0.037120146107460616,0,0,0,0.035757530535930865,0,0,0.0302900030290003,0,0,0.023972494464114695,0,0.36405564596053885,0.005506596903089901,0,0,0,0.4544122340382879,0
Actinomyces_graevenitzii,Species,Actinomyces_graevenitzii,0,0,0,0,0,0,0,0,0,0,0,0,0,0,0.4672867252121764,0,0,0,0,0,0,0,0,0,0,0,0,0,0,0,0,0,0,0,0,0,0,0,0,0,0,0,0,0,0,0,0,0.03050544827306157,0,0,0,0,0,0,0,0,0,0,0,0,0,0,0,0,0,0,0.015606481711649153,0.10164598639725062
Fusicatenibacter_saccharivorans,Species,Fusicatenibacter_saccharivorans,3.163750316375032,5.9060909489980915,1.4742828607109733,0.5134680367195787,0.3098986611026401,1.158250884954159,0.6635885871800753,0.55033,0.793142585353409,0.45619995438000455,2.306353477022073,1.9063419681567817,2.1948226945908336,1.2815526188404016,0.4297696187332815,8.621612471602266,0.23647232010973152,0.32323987070405175,0,0,1.6008903097954668,3.5887160131986957,0.7250300122188058,5.091010895529133,1.410263898412353,0.19304000000000002,0,0.3876795297443148,0.07897157845482855,0.9126794211655462,10.214409324591596,1.7022753204778842,0,4.441186717894645,1.0930758917611265,0,0,0,2.6793555449159946e-4,0,0.5977196776371682,1.8171147341830014,0.11078622891843855,0.8755401751080351,0.7412363822856525,0.05133001026600205,0.2624747781971604,5.388082311500834,0,1.738804252261057,4.618110923622185,0.14002004200601262,1.2163003648901094,2.220067546225235,4.774121749066932,2.4591868264345447,0.03276000327600032,0,5.120320746010589,4.03336218837258,0,0.8468172557771688,0,8.576378784287725,0,0.04058031755524552,0.4801022871063398,5.119722330550809
Clostridia_bacterium,Species,Clostridia_bacterium,0,0,0,0,0,0,0,0,1.6833816082006237,0.013289998671000131,0.21989906957926778,0,0,0,0.4234016230779366,0,0,0,0,0,0.2677156733796467,0,0.2885960699145906,0,0,0,0,0,0,0,0,0,0,0,0,0,0,0,0,0,0,0.11537731419841135,1.313050515677918,0,0,0,0,0.034936239612394775,0,0,0,0,0,0.0012302590925648942,0,0,0,0,0.17139733361457582,0,0,0,0.08432101657786029,0,0,0,0,0
Clostridium_innocuum,Species,Clostridium_innocuum,0,0.0042775910130116905,0,0,0.04224751570271183,0,0.4664728795939953,0.60499,0.3304119063093883,0,0.025747454199201637,0,0,3.1100532471213196e-4,0.3910510036401706,0.034587293049560916,0.006840191200870176,0,0.27089,0,0.060706593003173444,0.06488516878361002,0.009911544810521925,0,0.5509418428163032,0.10581,0,5.170006541578865e-4,0.04259952574934752,0.026417901763660323,0,0,1.6408436578088004,0.3340198106507313,0.017487528723240848,0,0.46240188372841184,0.3230767208896629,0.2511895823358745,0,0,0,0.05546817966085341,0,0.015636080983079777,0,0,0.058850510701211244,0.5060851723809207,0.01037239503812682,0.0016400003280000657,0.014030004209001263,0.00412000123600037,0.005141082712019152,0.0021605619621663597,0.09756017511601156,0.9053100905310091,0.0031222617664235976,0.002216606593928907,0.06514395302831835,1.143339771332046,0.006386238716602249,0,0.06440276931908072,0,0.04621452687302684,0.4296744068935544,0
Anaerostipes_hadrus,Species,Anaerostipes_hadrus,1.221670122167012,0.5722955957642433,3.213580283864685,0.7728569188050596,0.09063064593082937,0,0,0.065,0,0,0.16127933125866023,1.016816645086421,1.800183749587696,5.58566566425972,0.36476800270419535,11.441326028610943,0,13.674984530006187,5.48256,11.770491177049118,7.834384700411859,2.875760784867035,9.471759482562353,10.081377500205054,3.13795918987836,1.7709099999999998,0.3802579331704136,6.372053337031408,8.824760513047508e-4,0.8120550553879651,1.8635162880161589,5.2713574422169795,0,2.21863718876632,0,1.1548255650495196,0,0,0,0,0.14752869891089873,1.8943951010565034,0.5366961742969943,0.17731003546200708,0.08739577615462592,0.43655008731001743,3.988230392104893,1.7912099100899421,3.506034537690682,14.731556904512534,0.07791001558200311,3.9312711793813535,0.07761002328300698,2.2137262107399818,0,2.807361580622928,0,1.3537906859729187,1.8436701256188408,2.68604996924397,0,1.4699159609022052,0.0011814153355720152,1.3138464953993023,0.7067656570614461,0.9698345634023178,0.10505557791894331,1.2409272424370883
Solobacterium_moorei,Species,Solobacterium_moorei,0,0,0,0,0,0,0,0,0.0033302207936386184,0,0,0,0.03220572511619846,0,0.31169135967120315,0,0,0,0,0,0.0019385129797505746,0,0,0,0,0,0,0,0,0,0,0,0,0,0,0,0,0,0,0,0,0,0.009878580535052747,0,0,0,0,0,0,0.0011825532507236374,0,0,0,0,0,0,0,0,0,0,0,0,0,0,0.006510420573169026,0,0,0
Gemella_sanguinis,Species,Gemella_sanguinis,0,0,0.004710521859533243,0,0,0,0.3621857390386539,9.099999999999999e-4,0.03914259515405871,0,0.04856292080401304,0,0,0,0.3064347594840081,0,0,0,0.01758,0,0.2693026425547793,0.0036475986775651036,0.078182020987416,0,0,0.01485,0,0,0,0,0,0.010440093960845647,0,0,0,0,0.5342037290358362,0,0,0,0.023275547919724106,0,0,0,0,0,0.020753540554018516,0.016973031383405075,0,0.006624302531595969,0,0.00845000253500076,0,0.021514530960220223,0,0.005193203167713846,0,0.06240520633146652,0,0,0,0,0,0,0,0.017873353182162394,0.013822311034273718,0.3716450311309767
Shuttleworthia_satelles,Species,Shuttleworthia_satelles,0,0,0,0,0,0,0,0,0,0,0,0,0.040254628473339424,0,0.2531178147281727,0,0,0,0,0,0,0,0,0,0,0,0,0,0,0,0,0,0,0,0,0,2.800071961849419e-4,0,0,0,0,0,0,0,0,0,0,0,0,0,0,0,0,0,0,0,0,0,0,0,0,0,0,0,0,0,0,0
Streptococcus_australis,Species,Streptococcus_australis,0,0,0.10279784910943014,0.05029406580153917,0,0,0.10807976700362538,0,0.02324154091416261,0,0.4846785635982633,0.01943887457999768,0,0,0.20416635127065544,0,0,0,0,0.007220000722000072,2.3657491875571575,0.016444256675506416,0,0,0,0,0,0,0,0.01061522967000756,0,0.21635194716752448,0.04800506366907973,0.09442648592387967,0,0,0,0.007403757918785591,0,0,0.17467181527531225,0.22420561527072927,0,0,0,0,0,0,0,0,0,0.004320001296000389,0,0.03715782543803725,0,0.10144256977703849,0,0.009877155011090034,0.016811797043451666,0.003301720856910622,0,6.706551630287628e-4,0,0,1.07456941718435,0.003682751383558657,0.23840730090659928,1.3269920886584043
Agathobaculum_butyriciproducens,Species,Agathobaculum_butyriciproducens,0.34624003462400343,0.0023341421686925616,0.02311068400594028,0.12276826477186126,0.34141887689982237,0.6655907341529301,0,0.23724,0.50108322181760645,0.0031499996850000316,0.051925200093143144,0.4603157797739015,0,0.0023676534397439725,0.18618377234455583,0,0,0,0.42324,0.01584000158400016,0.3403546675224247,0.5579823889125827,0.5414270485344819,1.3251986521616135,0.05265686645538578,0.59675,0,0,0.08291263627486001,0.02919188159252079,0.12492740019742928,0.49692447232025083,0,0.04054425357248706,0.04318205600965496,0,0,0.3887675160823567,0,0,0.08896409383522616,0.28161762435001547,0.05434720598311694,0.06907001381400277,0.006871461597945373,0.3943800788760158,0,0.26195678548188706,0,0,0,0.06871002061300618,0.12407003722101116,0.15166194000456495,0.0034508975784601575,0,0.10513001051300107,0,0.11689310298303628,0.07877105547411312,0,0,0.15328363379328436,0,0,0,0,0.4934465300306028
Schaalia_SGB17157,Species,Schaalia_SGB17157,0,0,0.058535013640425876,0.011161681405508387,0,0,0,0,0.005120339478507425,0,0.06291264848440759,0,0,0,0.18512243973533168,0,0,0,0,0,0.26858951083684,0,0,0,0,0,0,0,0.005405165814241599,0.01425044511360449,0,0,0,0,0,0,0,0,0,0,0.07320325144274831,0.012725808916295262,0,0,0.018801360669596888,0,0,0.0037506698696387173,0,0,0,0,0,0.022854813223664904,0.04453158266465107,0.005553425352757581,0,0.001040753922141199,0.1302028640379062,0.0698263935163007,0,0,0,0,0.06646429359336613,0,0,0.006482885283830209
Turicibacter_bilis,Species,Turicibacter_bilis,0,0,0.024607203743830373,0.031091063053473863,0,0,0,0,0,0,0.015300372122261681,1.4325017377405145,0,0,0.17636143942333996,0,0,0,0,1.100980110098011,0.23725189168232294,0,0.011663637007243169,0,0,0,0,0,0,0,0,0,0.007303368864994109,0.8556218329804889,0,0,0,0,0,0.0012789060684092945,8.015685895729353e-4,0.007122429021926518,0,0,0,0,0.16379794392923433,0.2438135450991547,0,0.49056918793366755,0,0.022080006624001988,0,3.90082151301064e-4,0,0.05556427204299612,0,0.026249014786311205,0,0.022671816550786268,0,0,0,0,0.07228466958965549,0,0.0794156420047503,0
Alistipes_finegoldii,Species,Alistipes_finegoldii,0,0,0,0.015683645824605276,0,0.040932505069310246,0,0,0,0,0.002301560227678343,0,0,0,0.1699634060526397,0,0,0,0,0,0,8.417535409765624e-4,0,0.2685277560633477,0,0,0.04992950240320355,0,0.0041115361481244075,0.005227499894098062,0,0,0,0,0,0,0,0,0.006059465616963865,0.05960108280713792,0,0,0,0,0,0.1224200244840049,0,0,0,0,0,0,0,0,0,0,0,0,0,0,0,0,0,0,0,0,0,0
GGB3637_SGB4930,Species,GGB3637_SGB4930,0,0,0,0,0,0,0,0,0,0,0,0,0,0,0.1604614754285481,0.2953089725295942,0,0,0,0,0,0,0,0,0,0,0,0,0,0,0,0,0,0,0,0,0,0,0,0,0,0,0,0,0,0,0,0,0,0,0,0,0,0,0,0,0,0,0,0,0,0,0,0,0,0,0,0
Actinomyces_sp_ph3,Species,Actinomyces_sp_ph3,0,0,0.025139522845227517,0,0,0.02941180000216013,0.08472888873825975,0,0,0,0.009566485120263027,0,0,0.02433867476618168,0.11589551841291927,0,0.018187096955754378,0,0,0,0,0,8.556729332824683e-4,0,0.009901291128363137,0.00244,0.0025282035713544665,0,0.003068609905673338,0,0,0,0.005613333094582248,0,0,0,0.17237443002285158,0,0,0,0.01734394035688439,0,0,0,0,0,0.026964600160787434,0.0032105734084107423,0.03840384557889191,0,0,0,0,0,0.01598415747936038,0,0,0,0,0,0,0,0,0,0.019771277224508704,0,0.004089559754883015,0.025244880388746924
Veillonella_dispar,Species,Veillonella_dispar,0,0.022620141703466972,0.004419252917259332,0.0010128381843678555,0,0.04256260483141568,0.17795083989528315,0,0,0,0,0,0,0,0.11448374579121545,0.09717188623597606,0,0,0.0361,0.09663000966300096,0.001566880957725853,0.011413777180622673,1.0310043919450618,0.40335135026556707,0,0,0,0,0,0,0.620649849457411,0.19622176599589394,4.42628416060249e-4,0.02724629873590382,0,0,0,0,0,0,0.18717628527265004,0,0,0,0,0.006190001238000248,0.042147190310667,2.5487452058937725,0,0,0,0,0,0,0,0,0,0,0.40034546674093147,0,0,0.019749293084414164,0,0,5.900381164623234e-4,0.0033124747498856394,0.05042788021278541,0.5098153104746663
Ruthenibacterium_lactatiformans,Species,Ruthenibacterium_lactatiformans,0,0,0.018400162146407037,0.0028543621559457746,0.28704048934132476,1.2217347701679344,1.8852682082886238,0,4.208969054648323,0,0.128667223510818,0,0,0.17000955588941252,0.10381034426826324,0,0,0,0.11019000000000001,0,0,0,0.11293864061074674,0.024920447069891077,9.058421218126844,0,0.8492950945397048,0.13755258580918356,0.8123693459107564,0.14601949416828325,0.026142457007308335,0,0.3858512619637934,0,0.46973528817751753,0,0,0,17.82795775604385,1.7983246330503837,0.001202352884359403,0,0.29888961552004073,0.29667005933401186,0.05147586173737794,0.028910005782001157,0,0.01871334220291744,0,0.0045498235239706045,0.5880501176100235,0.15470004641001392,0.028720008616002584,0.04798010461003087,0,0.12698832639972335,0.08045000804500081,0,0.03385638838672234,0.34915197801093933,0,0.12585294574269604,0.19817741654502094,0.09876424686261509,0,0,0,0
Roseburia_faecis,Species,Roseburia_faecis,0.2885600288560029,0,0.004499602970300411,0.030804603769006192,3.4438342136904208,0.069064226730675915,0,0,0,0,0.006354307585111948,0.03211552383881237,0.13228109763582677,0,0.10274901165903907,0,0,0.6168997532400987,0,0,0.41967299395294433,0.48332686652835183,3.659407538172945,0.7083914322205688,0.2834269588754374,0.06467,0,0,0,0.21201417673936798,0.19881524353310637,0.02829025461229151,0,0,1.7842897780829596,0,0,0.3463413748377167,0,0,0,0,0.26450975317160486,6.50000130000026e-4,0.0038764659451965876,0.0015600003120000623,0,0.03299589306650168,0,0,0,0,0,0.007991683048450002,0,0.05463369806496647,0,0,0,0.02963544599445231,0,0.03538456718368174,0,0.060642607632128184,0,0,0.21514291808531621,0.3210744867362389
Actinomyces_oris,Species,Actinomyces_oris,0,0,0.0010043756630134845,0,5.514032661720813e-4,0,0.025670835933198938,0,0.010030665033091694,0,0,0,0,0.8725204222649715,0.09910443552925052,0.012925742271682424,0,0,0,0,0.02300100893071925,0.0045494774714685635,0,0,0.012831673250191826,0.01773,0,0.016452785523495096,0,0,0,0,0,0.01207722459575318,0,0,0,0,0,0.09467964925493572,0.007675019245160856,0.013409884020096113,0,0,0,0,0.3401380275474996,0.033095910929692045,0,0,0,0,0,0.02848599915142129,0.059195396722687574,0.021072997825058497,0,0,0,0,0,5.605475989494137e-4,0.026211401258707932,0,0,0,0.7489808175591262,0
Bacteroides_fragilis,Species,Bacteroides_fragilis,0.01203000120300012,0,0,0,0,0,0.2612675804879052,0,4.805358595274867,0.008749999125000088,1.376062832994487,0,0.24057727220238423,0,0.09724209717721571,0.04453330087151639,0,0,0,0,0.04215512422804747,0,0.4323287495409671,0.24964387404775018,0,0,0.0030821924017309433,0,0,0,0,0,0.1992431456474839,0.06433848728309274,0,0,0,0,0,0,0,0.21812941876049818,4.887074913269665,0,0,0,0,0.10510877242675541,0.010720863837882016,0.027248832955233646,0.005930001186000237,0,0.024150007245002176,0,0,0,0.41551004155100413,0,0.686722941483509,0,0,0,0.3271919759872327,0,0,0,0.03391928973167677,0
Romboutsia_timonensis,Species,Romboutsia_timonensis,0.6480900648090064,0.004137342127339176,0.2748976189667907,1.8179013112980666,0,0.022271363007416056,0,0,0,0,0.1657223431764393,0.9408273996488286,0.8850962420317373,0.018820838359998697,0.08087154230852259,2.0155310268154745,0.08454596503330311,0,0,3.324840332484033,0.5318054235173766,0.03028308572418061,9.677253412123154e-4,0,0,0.004860000000000001,0,0,0,0,0.0069398531663657555,1.2036608329474965,9.254957790350661e-4,1.4024989748867773,0,0,0,0,0,0.08002297970903871,0.014368116968094865,1.856247854091609,0,0,0.014544259825388747,0.0425500085100017,0.1154696991306717,0.3747469298016626,0.0655130346074518,0.2700731148622992,0.004690000938000188,0.10385003115500933,0,1.2382807819326749,0.0038710068488813937,1.1407536168308612,0,0.46016334232518036,0.18312814202719502,0.46554264082439767,0.021699995660000866,0.020289821126258243,0,0,0,0.226629314761058,2.336501806623162,1.4225187160494226
Clostridiaceae_bacterium_AF18_31LB,Species,Clostridiaceae_bacterium_AF18_31LB,0,0,0,0,0.062168211882419576,0.014370879497825267,0,0,0,0,0.015800711302191756,0.33247944258270173,0,0,0.07984024741465384,0,0,0,0,0,0,0,0,0.010838615938038268,0.01030134329516569,0,0,0,0,0.02433491330011167,0,0,0,0,0,0,0,0,0,0,0,0,0,0,0,0,0,0,0,0,0,0,0,0,0,0,0,0,0,0,0,0,0,0,0,0,0,0
Blautia_massiliensis,Species,Blautia_massiliensis,3.687600368760037,0.6204610702152039,0.2710609039340792,2.742510036049878,0.7093051105759046,0.3973843199203791,1.1160206794974448,9.92492,0,0,3.6349541354083934,0.7707120148898146,0,3.7474335790442606,0.0791694051050499,0,0,2.1352091459163414,8.70669,1.2902101290210128,0.01013450568170119,8.119735032018701,0.23914021168737173,2.65487503368759,0.12900682248965264,9.809610000000001,0,0,0.004643027406296588,0.025887140280159947,0.6829377935063261,6.4752682774144965,0,10.55900639762706,0.8019983339190937,3.9126197653279253,0,0,0.011242988075012887,0,0.04924637022188721,8.085757666998074,0.7451772609688776,0.3448000689600138,0.10440414611572102,0.3788000757600152,0,0.6946940723613237,0,0,0.9713401942680389,6.089161826748548,0.1377800413340124,9.612424376573706,5.088073407893393,0.9634742709303099,30.313383031338304,0,0.20800676763394046,3.9109984123725288,0,1.1560093054905338,0.30771864693903295,0.03174136487868979,0.12839829452982662,0.0039929831577171305,1.3535741148508755,12.15351149217641
Streptococcus_parasanguinis,Species,Streptococcus_parasanguinis,0,0,1.835114861405198,0.7391979528801077,0.06862464285359812,1.3926552305001065,7.056403416026711,3.07921,0,0,0.0018412481821426746,0,0.04619018911484916,11.122844595153834,0.06920689617884215,0.03337709373380151,1.4280877078759644,0,0,0,1.3323510195021437,0.06499539841397599,3.598603826997194,0.23183757643525874,0.09427229310702116,0.09638000000000001,0.029170030050368664,1.5970555697646258,0,1.4038641238585,1.5948505686913397,0.8670378033402302,0.2568250786822308,2.349625546001618,0.019443964811038873,0,3.196252143680092,0.0900890868708599,0,0,2.641859855551328,0.26606497566654314,0,0,0.009125220868408505,0.0020200004040000804,0.26798571836355284,0.37473692801534353,0.37689121323033115,0.9207279437032497,0.0025000005000001,0.09477002843100854,0,0,2.970082518463052,0.005423345119269565,0,0,0.10922101258030517,0.011756127293545396,0.35050992989801405,0.039628713290013017,0.001471763172280392,0.04293184606938098,0.10513679183675265,0,5.60004065503521,3.819560500769565
Abiotrophia_defectiva,Species,Abiotrophia_defectiva,0,0,0,0,0,0,0,0,0,0,0,0,0,0,0.06459110058589565,0,0,0,0.01436,0,0,0,0,0,0,0,0,0,0,0,0,0,0,0,0,0,0,0,0,0,0,0,0,0,0,0,0,0,0,0,0,0,0,0,0,0,0,0,0,0,0,0,0,0.004800206408875582,0.017141107315532582,0.0010607925180902652,0.03142345546950552,0
Gemella_SGB7293,Species,Gemella_SGB7293,0,0,0,0,0,0,0,0,0,0,0,0,0,0,0.04142200947509693,0,0,0,0,0,0,0,0,0,0,0,0,0,0,0,0,0,0,0,0,0,0,0,0,0,0,0,0,0,0,0,0,0,0,0,0,0,0,0,0,0,0,0,0,0,0,0,0,0,0,0,0,0
Abiotrophia_sp_HMSC24B09,Species,Abiotrophia_sp_HMSC24B09,0,0,0,0,0,0,0,0,0,0,0,0,0,0,0.04130185861367533,0,0,0,0,0,0,0,0,0,0,0,0,0,0,0,0,0,0,0,0,0,0,0,0,0,0,0,0,0,0,0,0,0,0,0,0,0,0,0,0,0,0,0,0.006497997412339535,0,0,0,0,0,0.12808827450253288,0,0,0
Mogibacterium_diversum,Species,Mogibacterium_diversum,0,0,0,0.007795784813013191,0,0,0.071374001989515,0.09317,0,0,0,0,0,0,0.036986440174282834,0.014847823537888544,0,0,0,0,0,0,0.005612806979031429,0,0,0,0,0,0,0,0,0,0,0.019921917290923432,0,0,0.07770199694132139,0,0,0,0,8.550938797510651e-4,0,0,0,0,0.06867171539464634,0.004500803843566461,0.0054963301929423294,0,0,0,0,0.001200252773234043,0.0019004943185722606,0.0030018515420311247,0,0,0,0.005562899383158503,0,0,0,0,0.024131558898704858,0,0.10497539047276915,0.5183682759503738
Escherichia_coli,Species,Escherichia_coli,0.016830001683000168,0.18611027128742666,0.0035052710639170612,0.12423125326039262,0,0,0,0,0,0,2.9065703640497893,10.297486440476622,10.231126888939087,0.3338892971530472,0.029466998763647636,0.4715607737180506,0.9861893234730424,0,0,0,0.058516977305838595,0.007726095001106305,0,0,3.134018676035355,0,0,1.2201722301512552,0,0,0,0,0,0,8.115487519292214,2.137957072653632,0,0.05761488038968245,0,0,0.6555929298043341,0.05921273619076199,2.3306644151109652,0.004820000964000193,10.151232255402011,2.9363705872741175,0,8.558298512114265,1.548555798975649,5.328414579919504,0.007660001532000307,0.008480002544000763,0.016120004836001452,0.026745632630231927,0.47883454486511945,0.041765761121459716,0,0,2.9892609965195227,0.024162593543755006,0,1.547041304650513,0.2651977068528097,0.19942857542874343,35.40438712340817,0,0.9461316774091115,0.18349998656972363
Enterococcus_faecium,Species,Enterococcus_faecium,0.3446900344690034,0,0,0,0,0.009350572255022007,0,0,0,0,0,0,0.22487382130585168,0,0.026002648925991478,0.5325893963556322,0,0,0.14894000000000002,0.02205000220500022,0,0,0,0,0,0,0,0,0.3318310515644796,0.22733615918758646,0.051250464121511505,0,0.033519042779835216,0.034770799892495693,0,0,0,0,0.34637884067583236,0,0,0.02081399102594063,0.10808388165960954,0,0,0.06918001383600277,1.2029852292801153,0,0.18039237556323542,0,0,0,0,0,0.019365036846083667,0,15.764801576480158,0.23387942225348043,0,0.001270662269174694,0,0,0,0,0,0,0.18718756966284386,0
Actinomyces_SGB17132,Species,Actinomyces_SGB17132,0,0,0.01104813229314833,0,0,0,0.03268114279904304,0,0.001790118684868807,0,0,0,0,0,0.025812410062073944,0,0,0,0,0,0.06546750052857121,0,0,0,0.004880636434991123,0,0,0,0,0,0,0,0,0,0,0,0,0,0,0,0.006482685968171115,0,0,0,0,0,0.028204811740882997,0,0,0,0,0,0,0,0.02130554157136271,0,0,0.002621899303855713,0.0035830079189535756,0,0,4.704595919754008e-4,0,0,0.3847648558096853,0,0.0438224393341876,0.013389884558191368
bacterium_210917_SL_2_15,Species,bacterium_210917_SL_2_15,0,0,0,0,0,0,0.008644364005796263,0,0,0,0.011988126751124588,0,0,0,0.025331806616387537,0,0,0,0,0,0.0016572779360561906,0,0,0,0,0.0016099999999999999,0,0,0,0,0,0,0,0,0,0,0,0,0,0,0,0,0,0,0,0,0,0,0,0,0,0,0,0,0,0,0,0,0.014827984749341775,0,0,0,0,0,0,0,0,0
Schaalia_SGB17158,Species,Schaalia_SGB17158,0,0,0,0,0,0,0.007212042315220919,0,0,0,0,0,0,0.0059291660291893545,0.022748563095823116,0,0,0,0,0,0.023804537626988923,0,0,0,0.011301473712172067,0,0.0058319915052360005,0.019199985077941906,0,0,0,0,0,0,0,0,0,0,0,0,0,0,0,0,0,0,0.0067411500401968584,0.032085730511469346,0,0,0,0.026900008070002424,0,0,0,0,0,0,0,0,0,0,0,0,0,0,0,0
Clostridium_saudiense,Species,Clostridium_saudiense,0,0,0.01525646632117483,0.028543621559457742,0,0.01890115675079315,0,0,0,0,0.011477780787595912,0.2990821237949487,0,0,0.02269850023689745,10.890837886072651,0,0,0,0,0,0,0.006040643445672664,0,8.50110854455421e-4,0,0,0,0,0,0.1458875645363661,1.0876097884880964,0.0015592591929395134,2.621157976701663,0,0,0,0,0,0.030947496845872533,0,0.201611016989307,0,0,0.01819034148960466,0.11425002285000457,1.575548788623339,1.1446444334958223,0,0.03179865647920425,0,0,0,0.009862076953406388,0.001950507326955741,0.45590119986007366,0,0.009096589569484134,0,0.34672071083448697,0,0,0.01939323309324571,0,0,0,2.485259542707032,0.12248815964620006
Streptococcus_rubneri,Species,Streptococcus_rubneri,0,0,0,0,0,0,0,0,0,0,0,0,0,0,0.021306752758763904,0,0,0,0,0,0,0,0,0,0,0,0,0,0,0,0,0,0,0,0,0,0,0.20719486761067588,0,0,0,0,0,0,0,0,0,0,0,0,0,0,0,0.015243210220072348,0,0,0,0.06158461189285519,0.010698416300378332,0,0,0,0,0,0,0.01561166347378126,0.4396076267883805,0
Clostridium_porci,Species,Clostridium_porci,0,0,0,0,0,0,0,0,1.1598368971862834,0,0,0,0,0,0.0210664510359207,0,0,0,0,0,0,0,0,0,0,0,0,0,0,0,0,0,0,0,0,0,0,0,0,0,0,0,0,0,0,0,0,0,0,0,0,0,0,0,0,0,0,0,0,0,0,0,0,0,0,0,0,0
Clostridium_SGB6173,Species,Clostridium_SGB6173,0,0,0,0.6453723065282126,0,0,0,0,0,0,0.01133768581721549,0.03326611143077485,0,0,0.020726023595226167,0,0,0,0,0.024350002435000243,0,0,0.009208670615325612,0,0,0,0,0,0,0,0,0,0,0.3402235217106873,0,0,0,0,0,0,0,0,0,0,0,0,0.016652840974670277,0.5245236799292354,0,0.4530281330420511,0,0.01936000580800174,0,0,0,0.026646435521429618,0.20264002026400205,0,0,8.804588951761658e-4,0.124979975004005,0,0,0,0.2739276957291441,0,0.03956248125618445,0
Rothia_aeria,Species,Rothia_aeria,0,0,0,0,0,0,0,0,0,0,0,0,0,0,0.020335533295605963,0,0,0,0,0,0.02368400832254847,0,0,0,0,0,0,0,0,0,0,0,0,0,0,0,0,0,0,0,0,0,0,0,0,0,0,0,0,0,0,0,0,0,0,0,0,0,0,0,0,0,0,0,0,0,0,0
Bacteroides_xylanisolvens,Species,Bacteroides_xylanisolvens,0,0,0,0,0,0,0.267037214340082,0,0.4242581283139072,0.0024299997570000243,0,0,0,0,0.01918408754031562,0,0,0,0,0,0.019957643993597885,0.03841001574479957,0.34457134096681874,0.6876348549801556,0,0,0,0,0.37814098798408574,0.0028140372993133247,0,0,0,0,0.09126021874159422,0,0,0,0,0.010150048161978528,0.0049597056479825374,0,0,0,0,0.06889001377800275,0,0,0,0.17419610681422257,0,0,0,0,0,0,0.022510002251000225,0.050656695710372596,0,0,0,0,0.17502968556330484,0.0823535412022717,0,0,0,0
Clostridium_perfringens,Species,Clostridium_perfringens,0,0,0,0,0,0.006120374566923496,0.16214486743661016,0,0,0,0.00812550828206441,0.0624748876688399,0,0,0.01906393667889402,0.1261454816191572,0,0,0,0,0.01964627662379339,0,0,0,0,0,0,0,0,0,0,0,0,0.30751395484779,0,0,0,0,0,0,0.4162846273873343,0.038398745164821356,0,0,0.01932222947877059,7.600001520000303e-4,0,0.16014860254041371,0.03695426398954449,0,0,0,0,0,0,0.06514017846207541,0,2.453497313453866,0.9249626036200322,0,0,4.504400348700646e-4,0,0,0,0,0.25594830475720043,0
Scardovia_wiggsiae,Species,Scardovia_wiggsiae,0,0,0,0,0,0.01859113777763199,0,0,0,0,0,0,0.0570096948838703,0.07995846574050619,0.018573320661422484,0,0.04074069956828679,0,0,0,0.0013157782401415818,0,0,0,0.015111970600966368,0.02103,0,0.032125001431889066,0,0,0,0,0.004909151523577307,0,0.02031683629636415,0,0.005850150348863966,0.036547276555739715,0,0,0,0,0,0,0,0,0.03614616653601104,0,0,0.0077567475937296215,0,0,0,0,0.0016804370816849463,0,0,0,0,0,0,0,0,0,0.0022901479435571536,0,0,0
Granulicatella_SGB8255,Species,Granulicatella_SGB8255,0,0,0,0.005759877755546492,0,0.004030246651095047,0.04629828563197765,0,0,0,0.002181478824495125,0,0,0,0.016110228002279663,0,0.101220808883155,0,0,0,0.06767720444331281,0,0.07285443831947873,0,0.005070661214222334,0,0,0,0,0.003304741312360844,0,0.02631023679213113,0,0,0,0,0.3650693822831247,0,0,0,0.0776018590780298,0,0,0,0,0,0,0.008131452277376739,0,0.062104088938426956,0,0,0,8.201727283765961e-4,0,0.009836066886055319,0.00495000049500005,0.0014310366429441488,0.012844172455231886,0,0,0.01771730803822254,0,0,0.4375482656179589,0,0.043692134734154564,0.11280422352907675
Lactobacillus_crispatus,Species,Lactobacillus_crispatus,0,0,0,0,0,0,0,0,0,0,0,0,0,3.2962651771852514,0.016040139999783726,0,0,0,0,0,0,0,0,0,0,0,0,0,0,0,0,0,0,0,0,0,0,0,0,0,0,0,0,0,0,0,0,0,0,0,0,0,0,0,0,0,0,0,0,0,0,0,0,0,0,0,0,0
Roseburia_sp_AF02_12,Species,Roseburia_sp_AF02_12,0,0,0,0,0.25027692975854254,0.038442352671983523,0,0,0,0,0,0.08433605191612702,0,0,0.015539511410527057,0,0,0,0,0,0,0.027817950354177823,0.0012122033221501636,0,0,0,0,0,0.09557817323847251,0.20420297000106052,0,0,0,0,0,0,0,0,0,0.09777541394433917,0,0,0.024080916684231922,0,0.002464110135706358,0.006560001312000263,0,0,0,0,0,0,0,0,0,0,0,0,0,0,0,0,0,0,0,0,0,0
Granulicatella_adiacens,Species,Granulicatella_adiacens,0,0,0,0,0,0,8.876359772579592e-4,0,0,0,0,0,0,0,0.01504889539305552,0,0.016574694637540473,0,0,0,0,0,0,0,0,0,0,0,0,0,0,0,0,0,0,0,0.2986276747312406,0,0,0,0.007294274165113711,0,0,0,0,0,0,0,0,0,0,0,0,0,0,0,0,0,0,0,0,0,0,0,0,0,0,0
Actinomyces_bouchesdurhonensis,Species,Actinomyces_bouchesdurhonensis,0,0,0,0,0,0,0,0,0,0,0,0,0,0,0.014338002796311047,0.04575366992942504,0,0,0,0,0,0,0,0,0,0,0,0,0,0,0,0,0,0,0,0,0,0,0,0,0,0,0,0,0,0,0,0,0,0,0,0,0,0,0,0,0,0,0,0,0,0,0,0,0,0,0,0
Blautia_SGB4793,Species,Blautia_SGB4793,0,0,0,0,0,0,0,0,0,0,0.573778964760211,0,0,0,0.012766029026045102,0.3149874235883711,0,0,0,0,0,0,0,0,0,0,0,0,0,0,0,0,0.0016095578765827237,0,0,0,0,0,0,0,0,0,0,0,0,0,0,0,0,0,0,0,0,0.22139662612946287,0,0,0.2606000260600026,0,0,0,0,0.15653291700662375,0,0,0,0,3.2915142436960636,0
Actinomyces_naeslundii,Species,Actinomyces_naeslundii,0,0,0,0,0,0,0,0,0,0,6.804612847049014e-4,0,0,0,0.012135237003581698,0,0.002874282393337834,0,0,0,0,0,0,0,0,0,0,0,0,0,0,0,0.008792209900833127,0,0,0,0,0,0,0.08280409290542085,0,0.012041733812494411,0,0,0,0,0,0,0,0,0,0.0045000013500004045,0.021590006477001943,0.05484154963035215,0.09975594652169029,0,0,0,0,0,0.003579999284000143,0.004964850162123379,0.13891642187340436,0,0,0,0,0.06449562041717063
Simiaoa_sunii,Species,Simiaoa_sunii,0,0,0,0.03559256609510878,0,0,0,0,0,0,0,0,0,0,0.012135237003581698,0,0,0,0,0,0,0,0,0.008097576000040173,0,0,0,0,0,0,0,0,0,0,0,0,0,0,0,0,0,0,0,0,0,0,0,0,0,0,0,0,0,0,0,0,0,0,0,0,0,0,0,0,0,0,0,0
Gemella_haemolysans,Species,Gemella_haemolysans,0,0,0,0,0,0,0,0,0,0,0,0,0,0,0.008040095143462132,0,0,0,0,0,0.002028909958080912,0,0,0,0,0,0,0,0,0,0,0,0,0,0,0,0,0,0,0,0.006973646729284536,0,0,0,0,0,0,0,0,0,0,0,0,0,0,0,0,0,0,0,0,0,0,0,2.2001421291815453e-4,0,0,0.0052913269294813554
Clostridium_sp_AF20_17LB,Species,Clostridium_sp_AF20_17LB,0,0,0,0,0,0,0,0,0,0,0,0.045973039310430654,0,0,0.007839843707759463,0,0,0,0,0,0,0,0,0,0,0,0,0,0,0,0,0,0,0,0,0,0,0,0,0,0,0,0,0,0,0,0,0,0,0,0,0,0,0,0,0,0,0,0,0,0,0,0,0,0,0,0,0
Blautia_sp_Marseille_P3201T,Species,Blautia_sp_Marseille_P3201T,0,0,0,0,0,0,0,0,0,0,0,0,0,0,0.006978762534237989,0,0,0,0,0,0,0,0,0,0.0045105881806987635,0,0,0,0,0,0,0,0.0016397370867686496,0,0,0,0,0,0,0,0,0,0,0,0,0,0,0,0,0,0,0,0,0,0,0,0,0,0,0,0,0,0,0,0,0,0,0
Blautia_sp_MSJ_9,Species,Blautia_sp_MSJ_9,0,0,0,0,0,0,0,0,0,0,0,0,0,0,0.006738460811394787,0,0,0,0,0,0,0,0,0,0,0,0.021837232441021846,0,0,0,0,0,0,0,0,0,0,0,0,0,0,0,0,0,0,0,0,0,0,0,0,0,0,0,0,0,0,0,0,0,0,0,0,0,0,0,0,0
Clostridium_paraputrificum,Species,Clostridium_paraputrificum,0,0,0,0,0,0,0,0,0,0,0,0,0,0,0.006508171660336719,0,0,0,0,0,0,0,0,0,0.037084835862596484,0,0,0,0,0,0,0,0.00358126627539656,0.022263317916777815,0,0,0,0,0,0,0,0,0,0,0,0,0,0,0.0038957505213712113,0,0,0,0,0,0,0,0,0,0,0,0,0,0,0,0,0,0.33557443880815796,0
Clostridium_disporicum,Species,Clostridium_disporicum,0,0,0,0,0,0.007940485957740613,0,0,0,0,0,0.005773123707039809,0,0,0.004916172746500506,0,0,0,0,0,0,0,0,0,0,0,0,0,0,0,0,0,0,0.12604540035849446,0,0,0,0,0,0,0,0,0,0,0,0,0,0,0,0,0,0,0,0,0,0,0,0,0,0.001190620551431406,0,0,0,0,0,0,0.01263954620320461,0
Rothia_mucilaginosa,Species,Rothia_mucilaginosa,0,0,0.037523474770183786,0.0053404195175759655,5.814798079632858e-4,0.2628160843443619,0.37031567764853934,0.04148,0,0,0.028209122964457607,0,0.19766326988114521,0.027900187355627062,0.004005028714053365,0,0.058697453335724896,0,0,0,0.24785847047308257,0,0.09760783388943585,0,0.006490846406371391,0,0,0,0,0.0029542384458983305,0.017475172951485405,0.006060054540490864,0,0.001370820024538679,0,0,0.25668659684553896,0,0,0,0.11596693569646442,0,0,0,0,0,0.033305681949340554,0.0075813540298297274,0.0012180511966044356,0.0020845006453433608,0,0,0,0,9.702523626395226e-4,0,0,0,0.012125546573181874,0,0.0350599929880014,0,0.01471763172280392,0,0.09210595004437287,0,0.07985667295870828,0.1829546971533267
Clostridium_SGB6176,Species,Clostridium_SGB6176,0,0,0,0,0,0,0,0,0,0,0,0.008387177972989653,0,0,0.003584500699077762,0,0,0,0,0,0,0,0,0,0,0,0,0,0,0,0,0,0,0.025645341043011926,0,0,0,0,0,0,0,0,0,0,0,0,0,4.3007681171857294e-4,0,0,0,0,0,0,0,0,0,0,0,0,0,0,0,0,0,0,0,0
Streptococcus_vestibularis,Species,Streptococcus_vestibularis,0,0,0,0,0,0,0.19912297530737927,0.18324000000000001,0,0,0,0,0.4362182045566096,0.08522549140095358,0.0031539601123170254,0.05696072577788611,0,0,0,0,0.2245862706073723,0,0,0,0,0.02832,0,0,0,0,0,0,0,0.05886521317051861,0,0,0,0,0,0,0,0,0,0,0,0,0.01549264304490346,0,0.11363109014273447,0.04253183047517896,0,0,0,0,0,0,0,0,0,0,0,0.007827646828186456,0,0,0,0,0.49908666498807613,0.7574877829925847
Enterocloster_bolteae,Species,Enterocloster_bolteae,0,0,0,0,0.01742434321103777,0.06484396845086919,0.00993547088180784,0,0.252336729925194,0,0.234859211059177,0.010436031316571963,0,0,0.002833557815192756,0.015895306979260133,0,0,0,0,0,0,2.648511460160021e-4,0,0.21116753624672657,0.00419,0.057765926221983524,0.04957123919278559,1.695918407868798,0.13468323003012422,0,0,0,0,3.382597731758165,0,0,0.006551021573126005,0.13468914220020023,0,0,0,13.426582329411326,0,0.004667785866825865,0.06710001342000269,0.0064210954388818735,0.5453473990454695,0,2.8004865304679334,0.010310002062000412,0,0,0,0,0,0.02235000223500022,0.10341491376353029,0.04529367355174364,4.502346623059939e-4,0,0.017366965788879155,0,0,0.03271211320251288,0.07984965567775684,0.024376983636949734,0
Parvimonas_micra,Species,Parvimonas_micra,0,0,0,0,0,0,0,0,0,0,0,0,0,0,0.002743444669126555,0,0,0,0,0,0,0,0,0,0,0,0,0,0,0,0,0,0,0,0,0,0,0,0,0,0.004779352715328627,0,0,0,0,0,0,0,0,0,0,0,0,0,0,0,0,0.004733428895892185,0,0,0,0,0,0,0,0,0,0
Lachnospira_pectinoschiza,Species,Lachnospira_pectinoschiza,0,0,0,0,0.059922496762009635,0.05137314403641503,0,0,0,0,0,0,0,0,0.0020625897877374834,0,0,0,0,0,0.058647550718982415,0,1.128398307601177,0.026008493457493377,0,0,4.431910643011814e-4,0,0,0,0,0.021390192511732603,0,0,0,0,0,0.007062663380521756,0,0,0.0010620783811841393,0,0,0,0.0011419046970346537,0,0,0,0,0,0,0,0,0,0,0,0,0,0,0,0,0,0,0,0,0,0,0
Streptococcus_infantis,Species,Streptococcus_infantis,0,0,0,0,0,0,0.014413997857973,0,0,0,0,0,0,0,0.0011414331835052091,0,0.003274879242583525,0,0,0,0.0299113557186384,0,0,0,0,0,0,0,0,0,0,0.003240029160262442,0,0,0,0,0,0,0,0,0,0,0,0,0,0,0,0,0,0,0,0,0,0,0,0,0,0,0,0,0,0,0,0,0.0016901091810530959,0,0,0.03052610936607278
Butyricicoccus_SGB14985,Species,Butyricicoccus_SGB14985,0,0,0,0,0,0,0,0,0,0,0,0,0,0,0.001111395468149809,0,0,0,0,0,0.025321198041197916,0,0,0,0,0,0.0282836479217663,0,0,0,0,0,0.0071927117609790455,0,0,0,0,0,0.0356766496019199,0,0,0,0,0,0,0,0,0,0,0,0,0,0,0,0,0,0,0.43737683577983894,0,0,0,0,0,0,0,0,0,0
Enterococcus_faecalis,Species,Enterococcus_faecalis,0.3396700339670034,0,0.13627368995766959,0.05613578906693357,0,0.011560707515299936,0,0,0,0,0,0,0.028899203259684522,3.331980627377999,4.8060344568640387e-4,2.0163649456717123,0.31542995909605726,0,0.08242,0.030980003098000312,4.5198489165168836e-4,0.007174946849276412,0,0,0.007530982040058024,0,0,0,0.0634580505983689,0.19965644710466107,0,0,0.28465031047365463,0.7629363885476292,0.4577759455280035,0,0.20626530101823617,13.386134767856575,1.739870438732104,0.017295682068011412,0,0.12510526457157936,0,0,0,0,20.428315070551037,0,1.0988633770358696,0,0,0,0,0,0,0,0.004900000490000049,0,0,0.10106267386561876,0,0,0,0,0,0,0.21233635746922006,0.014399679773741245
Veillonella_atypica,Species,Veillonella_atypica,0,0.0036665065825814487,0,0,0,0,0.9208012851355067,0.26808,0,0,0,0,0,0,1.3016343320673438e-4,0.21927998022188547,0,0,0,0,0.37694535552880476,0.01359832803696661,4.006382912618986,0.36008058238938334,0,0,0,0,0,0,0.22305953520258093,0.10924098316884852,0.4253256688869847,0.003011801659752864,0,0,0,0,0,0,1.2480623331797995,0,0,0,0,0.001900000380000076,0,0.06252116628029766,0,0.3300225516913568,0,0,0,0,0,0,0,0.30029753553474137,0.7808022030842816,0,0,0.013833513959787318,0,0,0,0,1.8042175389189772e-4,0.8928306357327347
Dorea_longicatena,Species,Dorea_longicatena,1.3146101314610132,0.5848378532543852,4.901624416934818,1.6449924410556311,0.9849465905783629,0.4220758310408597,6.989719763235207,3.4663399999999998,1.8946756169934065,0.9604299039570096,3.103874116263415,0.6614465651478338,1.7926707656751886,3.864271256837728,0,10.113910264839408,0,3.271868691252523,1.82809,2.6696302669630265,5.580446530940626,5.42351827326687,0.371728770015998,1.0568592118191968,1.038435411977722,1.13788,0,1.0135747138426723,0.10409206150617403,0.3598462714456431,7.800856946326011,4.03370630335673,0,0,1.8870578542230374,0,0,0,0,0.7385885546026916,1.0847928310911623,6.590067692249499,0,0.19041003808200763,0.45121262265458784,0.43909008781801756,0,2.9202715605007055,0,0,0,0,0.034520010356003106,3.0370696068592045,0.8923721059847666,1.5340461996959724,0,0,8.735423913865299,0,0,1.7218320577372035,0.17827357173894326,1.8126979460116786,0.17772148080766018,0.5020951152606112,1.7325800791931218,2.4542062918724206
Bifidobacterium_bifidum,Species,Bifidobacterium_bifidum,0,0,0,0,0.2929956446159832,0,0,0,2.204696171356161,0,4.4825787401279324,0.5208326499616823,0.1836282474443215,0,0,7.144091313707969,0.7037585298335991,0,0,0.44073004407300437,0,3.8551811132952167,1.5906246768943353,1.5960071208451276,0,0,0,0,0,0,0,0,5.273796860517123,0,0,0,0,0,0,0,0,0.21966858774405007,0,10.98114219622844,0.47726607982114166,0.39579007915801584,0,0.25132488662475116,0,0,1.1376402275280455,9.523712857113857,8.587692576307774,11.12941385455777,28.708427061878794,14.862457163578496,0,0,0.029038558529598326,0,0,1.3961939418618048,0,0,0.027661786951437062,0,1.7996568779178206,6.5335265138900365
Blautia_wexlerae,Species,Blautia_wexlerae,6.269400626940063,0.7587965603760434,0.430214271495196,3.7901018700369007,0.6553678456303447,0.31793945789482314,0.41802611142615465,12.05664,2.6268041571156164,0.891559910844009,0.7344678957865537,4.362987777227268,0.5031474650100217,4.226161065644696,0,5.39432615847855,15.169200591961966,0.5324997870000853,0,12.92616129261613,0.777574719380158,3.799966089357349,1.338211348158546,13.998511887325263,0.7515480018594425,0.41771,0,17.581874403105004,0.025371186475011586,0.014340574422123421,0.4481578405828352,5.940473464261179,0,6.756921990734857,0.2132715995811421,11.424078473038204,0.02377061090470025,11.419504046534925,0.01702421292385086,0,0.043986076352814825,4.6747177611750965,0.0093681371639406,0.39622007924401587,0.0906311727962241,2.165250433050087,11.958220072344341,13.661139879582493,0,0,0.08090001618000324,1.7719305315791596,0.0945600283680085,3.667162304381303,0.5468122258599462,3.7018232846019425,0.5410400541040054,0.024087448948017946,0.4888983940938264,6.680802034020131,0,1.4844401495821269,0.12813350393771739,1.8713604685001457,0.11178722145450597,0.3804041999778034,2.9558696408725034,4.724680344275542
Bifidobacterium_longum,Species,Bifidobacterium_longum,4.605710460571046,5.714561060057177,1.067942598725608,0,0,0,0.16674443568240144,0.22672,1.7635369224979616,0.08297999170200084,0.7685409939397918,1.3870131563635417,0.5774987041872296,0,0,4.552291848005882,0.12640833577947785,0.5265597893760843,0.00391,21.25662212566221,0.4738810486250368,0.2601519485391968,0.9368396229538339,0.36815723442043113,0,0,1.1640514029112414,3.9359969409780904,1.0893966290618218,0.30654980700811457,9.512108235998797,11.870846837621539,0,6.254091197354257,0,63.39412307355959,0,0,0.7544137745256356,3.4809691671986984,0,1.6674330655145768,4.1566304492081825,29.06461581292316,0.14458116137717714,0,0,5.003463618602282,9.642858329270645,0.0028261018364751337,3.100710620142124,3.358391007517302,22.08749662624899,0.9293657244215633,46.26003223438416,9.092027962847485,17.22538172253817,0,1.8456741808955437,0,38.20501235899753,3.3183416879950025,9.232110067861298,3.242449425325289,4.792939623899704,1.1638695269235646,9.66886193165143,4.270434064512585
Bifidobacterium_pseudocatenulatum,Species,Bifidobacterium_pseudocatenulatum,1.7994601799460181,3.6263352946138214,0,0,0,0,0,0,0,0,3.0020350795804474e-4,0,0,0,0,4.447929954070394,0,0,0,0,0,0,0,0.6118063913518725,0,0,0,7.119940400975571,1.1741043018501311,0.19027298465107892,0,0,0,0,0,0,0,0,0.05658592806589896,3.8303338249339993,0,0,0.030646619653831315,31.344116268823253,0,0,0,0.25675585659598804,0,2.707605992097538,7.556231511246302,3.3724110117233037,35.09547052864116,0.19893189505709902,0,0,0,0,0,0,0,0.3624941205063226,0,0.5615541468283136,2.247005156533112,5.214996123603945,0,1.3092196928647264
Anaerobutyricum_soehngenii,Species,Anaerobutyricum_soehngenii,5.2622605262260524,0.19038786230043836,0.1939248530146436,8.09945211592639,0.27330553525667467,0.1906016648218871,0.2710517497826805,0.41035000000000005,0,0,0.16016857827921546,1.5745286552325846,0,0,0,3.0940220120000923,0,0,0,12.232811223281121,0.1404869484340481,3.9041431109286866,1.0318906246259614,0,0.2169282874486833,0.69014,0,0,0,0,0.07426948504381296,0.2469322223900015,0,0,4.040201049392186,0,0,0,0,0,0.06016774225481845,2.071419654020968,0.12191589614739362,0,0.27825412788531273,1.3635302727060545,0,0.11857117681217866,0,0,0.1571700314340063,0.30525009157502747,0,3.430802527012189,0.05942545656125158,1.7701418234767206,0,0,0.5075016950967548,3.663969660987307,0,0.25519930420027326,0.035362364112206425,0,0,0,4.511786752713142,0.668676293784973
Streptococcus_mutans,Species,Streptococcus_mutans,0,0,0,0,0,0,0.39665224056468174,0.79813,0,0,0,0,0,1.7684766006114767,0,2.80910651594702,0,0,0,0,0.0024808948497326007,0,0,0,0.13766795190092787,0.5625,0,0.5141520819261539,0,0,0.08284638027402477,0.08638077742699685,0,0,0,0,0,0,0,0,0,0.01940560110635064,0,0,0.001191988236378279,0,0,0,0,0,0,0.018070005421001626,0,0,0,0,0,0,0,0,0,0,0,0,0,0,0,0
Anaerobutyricum_hallii,Species,Anaerobutyricum_hallii,2.886840288684029,0.03185653260275685,0,1.4888721310207476,0,0,1.0688952785230221,5.30113,1.232141690994113,0.11186998881300113,0.07865331908500772,0,0,0.029405051830040607,0,2.1235336884403897,8.643638156489354,0.6933897226441109,0,0,0.05811521295770376,0.33283335845232787,0,6.259447172000048,0,0,0.42426479135068323,3.630692848796265,0,0.016964338736785666,0.31522600771739795,3.5416418747768725,0,0,0,0.2379575163596423,0,0,0,0.061986344125202875,0.01836594030858988,0.16795049791110625,0.03252825404146041,0.26443005288601057,0.0038063489901155128,0.15412003082400616,9.300266625486307,4.751048537268756,0,0,0,0,0.009060002718000816,0.25850444103528203,1.533708917689491,0,0.5836200583620058,0,0.055688445113227604,0,0,0,1.2406062462830472,0.14495623311802408,0.10359669234632557,0.20096013731859072,0,5.900647460496306
Ruminococcus_sp_AF41_9,Species,Ruminococcus_sp_AF41_9,0.01713000171300017,0.0035563110295530453,0,0.5876712220854379,0,0,0,0,0,0,0,1.0792713470080333,0,0,0,2.0351891383899527,0,0,0,0,0.10786368336549959,1.8690536124855297,0,0,0,0,0,0,0,0.007110201005382423,0,0,0,0.05018001768658011,0,0,0,0,0,0,0,0.03143727499084798,0,0,0,0,0,0,0,0,0,0,0,0,0,0,0,0,0,0.0029815539859374706,0,0.0027026402092203876,0,0,0,0,0,0
GGB3606_SGB4870,Species,GGB3606_SGB4870,0,0,0,0,0,0,0,0,0,0,0,0,0,0,0,1.156228494173399,0,0,0,0,0,0,0,0,0,0,0,0,0,0,0,0,0,0,0,0,0,0,0,0,0,0,0,0,0,0,0,0,0,0,0,0,0,0,0,0,0,0,0,0.42027904944056843,0,0,0,0,0,0,0,0
Veillonella_parvula,Species,Veillonella_parvula,0,0,0,0,8.020411144321183e-4,0.03749229452842514,4.613538425660588,0.36155,0,0,1.4433184255606877,0.35061633646653134,15.632871316843058,0,0,1.0091943621797053,0.010235249498227409,2.682118927152429,0.08048000000000001,0,5.663089457351962,0.37588303954798635,1.1337666365992705,0.11592925020212555,0,0,0,0,0,0,0.002038770177673297,0.0625505629550666,0.49318865285840374,0.12408422718470188,0,0.005233714073426891,0,0,0,0,2.917479215075982,0,0,0,0.0058798075189415945,0.0050000010000002,0,0.4189548253318042,0.07166368982336345,0.3813934666338091,0,0,0.007070002121000636,0.0185639095593532,0,0,0,23.78108701943688,0.12016234467179901,0.014197399684715672,0,0.09575354163482305,0,0,0,0.25998423422138683,0.4988761729418689,0.5817531216304396
Lactobacillus_gasseri,Species,Lactobacillus_gasseri,0,0,0,0,0,0,0,0,0,0,0,0,4.954726940953609e-4,1.4937987043116874,0,0.7105903931937577,0,0,0,0,0.7930326026746457,0.06961502201385927,0,0,0,0.07066,0,0.13707613422594003,0,0,0,0,0,0.050109975787516095,0,0.1868203986980859,0,0,0,0,0,0,0,0,0,0,0,0,0,0,0,0,0,0,0,0,0,0,0,0,0,0,0,0,0,0,0,0
Coprococcus_catus,Species,Coprococcus_catus,0,0,0,0.8161327321371408,0.0556416023137282,0.0775447457384392,0.086736156459559,0.13863,0,0,0.36780933795019644,0.02688741530691268,0,0.1652040220011186,0,0.47339132730491357,0,0,0,0,0.02742041676020243,0.3723857540027385,0.032322026396491337,0.031783508899382494,0,0,0,0,0.0981253200229203,0.08376017071692757,1.3975920215993138,0.14453130078170703,0,0,0,0,0,0,0,0,0.0075147055272462675,0.19363349408762942,0,0.03674000734800147,0,0,0,0.009811752378974884,0.004842005169973005,0,0.20531004106200823,0.41861012558303773,0,0.3711081553775225,2.9007544862418716e-4,0.44251294198261487,0,0,0.11089105864422423,0,0,0.2362608031786252,0.17656152070180076,0.42734837598016717,0,0,0.05618132947578259,0.040977489847014006
Blautia_stercoris,Species,Blautia_stercoris,0,0,0.06150796560294579,0.04713278298366374,0,0,0,0,0,0,0,1.0887485553313032,0,0,0,0.2702202186474223,0,0,0,0,0.1367404958876908,1.4941526187353493,0,0,0,0,0,0,0,0,0,0,0,0,0,0,0,0,0,0,0,0.31822570233135816,0,0,0,0.005440001088000217,0,0,0,0,0,0,0,0,0,0,0,0,0,0,0,0,0.04407279921345772,0,0,0,0,0
Dorea_formicigenerans,Species,Dorea_formicigenerans,0.6896600689660068,1.6560488242435025,1.0549560214028437,0.23737243993639376,0.150402759983883,0,0.7219607394572549,0.75249,1.0722510902472833,0.3440199655980034,0.3778461418995937,0.32366836391793646,0,0,0,0.22631744178915866,0,1.782129287148285,0,5.190720519072052,0.19536795838926646,1.148262059522397,0.2876589043209955,0.36850247990880497,0,2.02466,0.5387188837064633,0.4083595559106303,0,0.03796446762169685,0.09677630262098469,0.7541667875010875,0,0,0.34247664542043965,0,0.008740224623772832,0,0,0,0.0061019408881239695,0.2461060785203536,0,0.012780002556000512,0.010046757992331208,0.2177200435440087,0,0.4137739000185433,0,0,0,0.05854001756200527,0.006530001959000588,0.30874502170157037,0,0.5598653249324184,0,0,3.0759212049999762,1.1562926597342533,0,0.0010710463051354867,0.038265842479290185,0.38751666321651834,0,0.008666474723265752,0.414168159489623,0.5737656414754401
Megasphaera_micronuciformis,Species,Megasphaera_micronuciformis,0,0,0,0,0,0,0,0,0,0,0,0,0,0,0,0.21646296164654633,0,0,0,0,0.09483647437722759,0,0,0,0,0,0,0,0,0,0,0,0.9695171869596034,0.024034377364539467,0,0,0,0,0,0,0.007524725134615931,0,0,0,0,0,0,0,0,0,0,0,0.04509001352700406,0,0,0,0,0,0,0,0,0,0,0,0,0,0.3261323670211487,0.029728371145788378
Blautia_faecis,Species,Blautia_faecis,3.290310329031033,0.11680728621010845,0.2164128241095155,5.704018195075294,0.6934347220240791,0.24628507264644597,0.059027792487654294,1.1626299999999998,1.335608550846921,0.13748998625100137,0.1724969356726925,0.1329130526188938,0,0.026836749793708165,0,0.201238857649136,0.12137083040021326,1.143359542656183,0,0.3098900309890031,0.0829141173463264,0.8750028058451366,2.870609519259517,4.338605894533153,0.058237594182281374,0.03805,1.0462633050490138,0.8246768669882005,0.024669216888746445,0.11752861830868747,1.2242262540771638,1.0606195455759102,0,0.7089340843692696,1.4843932083374678,0,0,1.2583880413860036,0,0.004567521672890338,0,0.657708032520528,0.10933496835351186,0.5529401105880221,0.05124547745639727,0.23866004773200952,4.2263510154832415,1.5355842553480052,0,0,0.050580010116002015,0.9960802988240897,0,1.379000417487923,0.003390881968399981,2.420873194586421,0.0031200003120000312,0,0.4287564928101481,0.7402458161193614,0,0.35213399970431114,0.07905470753963248,0.33860455999607986,0.0030501970427289603,0.0035426467113580558,2.8135870410671986,0.4911542948913047
Blautia_caecimuris,Species,Blautia_caecimuris,0,0,0.008848549591148799,0,0,0,0.1987800250434387,1.22052,0,0.0010899998910000109,2.216992899486562,0,0,0.7313942318544695,0,0.1906928350403754,3.1436837744555612,0,0,0,0.03668108498471036,0,0,0,0,0.10815,0.3481366535327666,0.09136719403774571,0.1765252946717901,0.00530761483500378,0,0,0,0.5485381355126636,0.13453257180145525,0,0.7185284661815808,6.464915266598989,0.9070339884495043,0.0051359243699611356,0.011532568082480606,0.6200235422434988,0.5486865891713542,0.1382200276440055,0,0,14.375612479489,0.20138596753380153,0,1.666608374140607,0.46220009244001853,0.11763003528901059,0,0.08737840189143833,0,0.016680288401886283,2.5344602534460257,0.18339284978038092,0,0,1.9193196161360768,0.014083758423604018,0.03085696664604196,0,0,0.015781790575739134,0,0
Limosilactobacillus_oris,Species,Limosilactobacillus_oris,0,0,0,0,0,0,0,0,0,0,0,0,0,6.185153508716928,0,0.15126474472777685,0,0,0,0,0.022458627060737226,0,0,0,0,0,0,0,0,0,0,0,0,0,0,0,0,0,0,0,0,0,0,0,0,0,0,0,0,0,0,0,0,0,0,0,0,0,0,0,0,0,0,0,0,0,0,0
GGB3550_SGB4746,Species,GGB3550_SGB4746,0,0.05643014092809098,0,0.0847714868249702,0,0,0.05737356180276446,0,0.028201869783966677,0.1799699820030018,0,0.032428402920837256,0,0,0,0.1108705289110006,0,0,0,0,0,0.002154488229880487,0,0,0,0,0,0.030655097611244093,0.28574173415769966,0.01438063189257628,0,0,0,0,0,0,0,0,0,0,0.06685082037038281,0,0.18649198693985597,0,0,0,0,0,0,0,0,0,0,0,0,0,0,0,0,0,0,0,0,0,0,0,0,0
GGB3653_SGB4964,Species,GGB3653_SGB4964,0.1680100168010017,0,0,0.13944428740337242,0.37678889004627875,1.3224709352212356,0,0.26016,0,0,0,0.43053170973985516,0,0,0,0.10003975352206138,0,0,0,0,0.08157825088877807,2.1795905229774664,0,0.10570789134936166,0,0,0,0,0,2.1790562920622216,1.7688691443984588,0.11375102375921382,0,0.12455450850698889,0,0,0,0,0,0,0,0.04429386297110517,0,0,4.242887135742418,0.574410114882023,0,0,0,0,0,0,0,0,0,0,0,0,0.10456512658392483,0,0,0.08550352839689092,0,0,0,0,0,0
Phocaeicola_vulgatus,Species,Phocaeicola_vulgatus,0.019290001929000194,0.03432090587957389,0,0,0.27772678689998176,0.22433372922422853,1.3926201541379875,0.01559,0,0,0,0,0,0,0,0.0559844305315592,0,0,2.5e-4,0,0.621870946260503,0.07285176479642391,1.059486076724321,0.42413931345946854,0,0,0.1212933362798824,0.0342031413162492,0.6627595708037612,0.1624530714215685,0.008677327258668615,0.11455103095927863,0,0,0.8180411098390374,0,0.0028800740179022602,0,0.0285969678351611,0.3868284855011637,1.88718302846841,0,0,0,0.32946955521810384,2.2402504480500895,0,0,0,0,0,0,0.17391005217301567,0.012822700460717026,0,0,0,0,1.1335361747665755,0,0,0.03572489965447246,0,0,0.06375411851605614,0.08922666123861137,0.032485939131313354,0
Streptococcus_gordonii,Species,Streptococcus_gordonii,0,0,0,0,0.002807143900512414,0.011700716083824331,0.098810023104761,0.0164,0,0.01824999817500018,0,0,0,0,0,0.04280444470614581,0.06782104657729551,0,0,0,0.006860126244402292,0,0,0,0.0025803364758764545,0.00796,0,0.0663078682126811,0,0,0.010796443059107362,0.09975089775807983,9.4561525249235e-4,0.02969776520314452,0,0,0,0.4840833751424948,0,0,0.08101854519108442,0.04668812583440815,0,0,2.0033415737450068e-4,0,0,0,0,0.1849793889987873,0,0.021040006312001893,0,0.0092819547796766,0.024646410531379215,0,0,0,0,0,0,0.0262956882578591,0,0,0,0.0018513831683650856,0,0
Intestinibacter_bartlettii,Species,Intestinibacter_bartlettii,0,0,0.33018849921568305,0.059634684612931615,0.12735410345788997,0.015040920504334865,0.0437160718799545,0,0,0,0.1817031765834059,0.0755047875041343,0,0,0,0.025556562021036924,0,0,0,0,0.03645007048453283,0.3561519357124762,0,0,0.21180761971361065,0.00234,0.01144238747832141,0.1929628912136347,0.015673978047605973,0,1.062600990681615,0.15023135208216873,0,0.4895228325584365,0,0,0,0,0,0,0,0.1667131267674665,0,0,1.202004944247004e-4,0,0,0.09104626086218999,0.04560142083155449,0,0.004570000914000183,0.5601901680570504,0,0.33272007084692035,0,0.48598975848303233,0,0.09212673660799883,0.13968670138270706,1.0822440656069945,0,0,0,0,0,0.005093805582150424,0.011316453341330695,0
Oscillospiraceae_bacterium_CLA_AA_H250,Species,Oscillospiraceae_bacterium_CLA_AA_H250,0,0,0.034610785347444675,1.906171693669035,0,0,0,0,0,0,0,0.014675038234328468,0,0,0,0.019007248076927184,0,0,0.42785,0,0.008326566115094438,0.016885175196970328,1.6136565400151883,3.37937792203227,0,0,0,0,0.39927027253066655,0.1325501697285095,0.12871368767025113,0,0,0.08567124854087715,0,0,0,0,0,0,0.5980102462508884,0.01760487399487487,0.03345906254172374,0.17830003566000713,0.04830056534299211,0.12026002405200481,0,0,0,0,0,0,0,2.5493068840297766,0,0.07698748588129158,0,0,0,0,0,0,0.17709215640337125,0,0,0,0,0
Lactobacillus_delbrueckii,Species,Lactobacillus_delbrueckii,0,0,0,0,0,0,0,0,0,0,0,0,0,0,0,0.010098553954194059,0,0,0,0,0,0,0,0,0,4.4e-4,0,0,0,0,0,0,0,0,0,0,0,0,0,0,0,0,0.06519662979263789,0,0,0,0,0,0,0,0,0,0,0,0,0,0,0,0,0,0,0,0,0,0,0,0,0
Tyzzerella_nexilis,Species,Tyzzerella_nexilis,0,0,0,0,0,0,1.1808988000170264,0.26275,0,0,0,0,0,0,0,0.009549387878135166,0,0,0,0,0,0,0.013884312000761958,0,0,0.00145,0,0,0,0,0,0,0,0,0,0,1.807326448289721,0,0,0,0,0,1.9093384513788676,0,0,0,0,0,0,0,0,0,0,0,0,0,0.28111002811100283,1.2329431440135235,0.08330999486131886,0.18786791675821438,0,0,0,0,0,0.5156952759406552,0.1267162118167428,0
Alloscardovia_omnicolens,Species,Alloscardovia_omnicolens,0,0,0,0,0,0,0,0,0,0,0,0,0,0,0,0.008054435782197073,0,0,0,0,0,0,0,0,0,0,0,0,0,0,0,0,0,0,0,0,0,0,0,0,0,0,0,0,0,0,0,0,0,0,0,0,0,0,0,0,0,0,0,0,0,0,0,0,0.004810310746074196,0.0024118018571674896,0,0
Dialister_pneumosintes,Species,Dialister_pneumosintes,0,0,0,0,0,0,0,0,0,0,0.013268995051745577,0,0,0,0,0.004027217891098537,0,0,0,0,0.07490896270973982,0.0664183627332459,0,0,0,0,0,0,0,0,0,0,0,0,0,0,0,0,0,0,0,0,0,0,0.01197998261099514,0,0,0.17662154460786697,0,0,0,0,0,0,0,0,0,0,0,0,0,0,0.007318767883924942,0,0,0,0,0.0011410685935713608
Limosilactobacillus_portuensis,Species,Limosilactobacillus_portuensis,0,0,0,0,0,0,0,0,0,0,0,0,0.02455117757680686,0.009601035346758395,0,0.003610258462979749,0,0,0,0,0,0,0,0,0,0,0,0,0,0,0,0,0,0,0.024801589789931938,0.01629611164288604,0,0,0,0,0,0,0,0,0,0,0,0,0,0.006534107792133996,0,0,0,0,0,0,0,0,0,0,0,0,0,0,0,0,0,0
Veillonella_rogosae,Species,Veillonella_rogosae,0,0,0.0451969048356068,0.006036106351283179,0,0,0,0,0,0,4.1027812754266114e-4,0.02244655091688206,1.9212206505738483e-4,0,0,0.0028271883174883668,0,0,0,0,0.6082611789674355,0.028509390762837143,0.04328278920853819,0,0,0,0,0,0,0,0.059978007394408527,0.12370111331001979,0,0.09340587539466108,0,0,0,0,0,0,0.19103383410996982,0,0,0,0,0,0,0.08467512297696368,0,0,0,0,0,0.003870815193679789,0,0,0,0.5534409125970853,0.3676732928358971,0,0,0,0,0,0,0.0226669344667401,0,0.476239619557633
Porphyromonas_bobii,Species,Porphyromonas_bobii,0,0,0,0,0,0,0,0,0,0,0,0,0,0,0,0,0,0,0,0,0.003615879133213507,0,0,0,0,0,0,0,0,0,0,0,0,0,0,0,0,0,0,0,0,0,0,0,0,0,0,0,0,0,0,0,0,0,0,0,0,0,0,0,0,0,0,0,0,0,0,0
Prevotella_histicola,Species,Prevotella_histicola,0,0,0,0,0,0,0,0,0,0,0,0,0,0,0,0,0,0,0,0,0,0,0,0,0,0,0,0,0,0,0,0,0,0,0,0,0,0,0,0,0,0,0,0,0,0,0,0,0,0,0,0,0,0,0,0,0,0,0,0,0,0,0,0,0,0,0,0
Rothia_SGB49305,Species,Rothia_SGB49305,0,0,0.012253383088764513,0,0,0.2724866761845825,0.27002289899085874,0.02199,0,0,0.05108463027086062,0,0.2154396167427706,0.5543419102248016,0,0,0.1953109938497367,0,0,0,0.09236562363619837,0,0.0015381739634006278,0,0.018732442710529453,0,0,0.008353108608354871,0,0,0,0,0,0,0.006842509804503876,0,0.3803197742181974,0,0,0,0.07163017308571143,0,0,0,0,0,0,0,0.02669646093714846,0,0,0,0,0,0,0,0,0,0,0,0,0,0,0,0,0,0.028406402807202115,0
Streptococcus_oralis,Species,Streptococcus_oralis,0,0,0.004439340430519602,0,0,0.025191541722353404,0.008624190460858583,0,0.0011700775761432983,0,0,0,0.027544237116648225,0,0,0,0.020270200571831973,0,0,0,0.35875547466700014,0.002886012140491071,0.06566271104689037,0,0,0,0,0.018693121691512604,0,0,0,0,0,0.02466475445611565,0,0,0,0,0,0,0.06985670258128131,0,0,0,0,0,0,0,0.0031206270326229343,0.03645871801807282,0,0,0,0,0,0,0,0,0.006740913203455032,0,0,0,0,0,0,0,0.020457822205186844,0
Streptococcus_intermedius,Species,Streptococcus_intermedius,0,0,0.0033244834445746337,0,0,0,0.15998629812827833,0,0,0,0.015400439958247695,0,0.0015875349586320748,0,0,0,0.1593474117087048,0,0,0,0,0,0,0,0,0,0,0,0,0,0,0,0,0,0,0,0,0,0,0,0.02328556752709377,0,0,0,0,0,0,0,0,0.037120146107460616,0,0,0,0.005101074286244683,0,0.0013608393657207766,0,0,0.015000050101381918,0,0,0,0,2.500107504622699e-4,0,0,0,0
Tannerella_serpentiformis,Species,Tannerella_serpentiformis,0,0,0,0,0,0,0,0,0,0,0,0,0,0,0,0,0,0,0,0,0,0,0,0,0,0,0,0,0,0,0,0,0,0,0,0,0,0,0,0,0,0,0,0,0,0,0,0,0,0,0,0,0,0,0,0,0,0,0,0,0,0,0,0,0,0,0,0
Prevotella_salivae,Species,Prevotella_salivae,0,0,0,0,0,0,0,0,0,0,0,0,0,0,0,0,0,0,0,0,0,0,0,0,0,0,0,0,0,0,0,0,0,0,0,0,0,0,0,0,0,0,0,0,0,0,0,0,0,0,0,0,0,0,0,0,0,0,0,0,0,0,0,0,0,0,0,0
Gemella_morbillorum,Species,Gemella_morbillorum,0,0,0,0,0,0,0,0,0,0,0.003742537065876958,0,0,0,0,0,0.04827192033410579,0,0,0,0,0,0,0,0,0,0,0,0,0,0,0,0,0,0,0,0,0,0,0,0.007344372201962019,0,0,0,0,0,0,0,0,0,0,0,0,0.001930406543618086,0,0,0,0,1.821868433366225e-4,0,0,0,0,0,0,0.0012209121434623806,0,0
Prevotella_oris,Species,Prevotella_oris,0,0,0,0,0,0,0,0,0,0,0,0,0,0,0,0,0,0,0,0,0,0,0,0,0,0,0,0,0,0,0,0,0,0,0,0,0,0,0,0,0,0,0,0,0,0,0,0,0,0,0,0,0,0,0,0,0,0,0,0,0,0,0,0,0,0,0,0
Prevotella_melaninogenica,Species,Prevotella_melaninogenica,0,0,0,0,0,0,0,0,0,0,0,0,0,0,0,0,0,0,0,0,0,0,0,0,0,0,0,0,0,0,0,0,0,0,0,0,0,0,0,0,0,0,0,0,0,0,0,0,0,0,0,0,0,0,0,0,0,0,0,0,0,0,0,0,0,0,0,0
Prevotella_nigrescens,Species,Prevotella_nigrescens,0,0,0,0,0,0,0,0,0,0,0,0,0,0,0,0,0,0,0,0,0,0,0,0,0,0,0,0,0,0,0,0,0,0,0,0,0,0,0,0,0,0,0,0,0,0,0,0,0,0,0,0,0,0,0,0,0,0,0,0,0,0,0,0,0,0,0,0
GGB1144_SGB1468,Species,GGB1144_SGB1468,0,0,0,0,0,0,0,0,0,0,0,0,0,0,0,0,0,0,0,0,0,0,0,0,0,0,0,0,0,0,0,0,0,0,0,0,0,0,0,0,0,0,0,0,0,0,0,0,0,0,0,0,0,0,0,0,0,0,0,0,0,0,0,0,0,0,0,0
Capnocytophaga_gingivalis,Species,Capnocytophaga_gingivalis,0,0,0,0,0,0,0,0,0,0,0,0,0,0,0,0,0,0,0,0,0,0,0,0,0,0,0,0,0,0,0,0,0,0,0,0,0,0,0,0,0,0,0,0,0,0,0,0,0,0,0,0,0,0,0,0,0,0,0,0,0,0,0,0,0,0,0,0
Fusobacterium_nucleatum,Species,Fusobacterium_nucleatum,0,0.0052392976576232184,0,0,0,0,0,0,0.020311346642282384,0,0.08596827789558542,0,0,0,0,0,0,0,0,0,0.9539090917765367,0,0,0,0,0,0,0,0,0,0,0,0,0,0,0,0,0,0,0,0.28012818284100155,0.004406248462717253,0,0,7.712865058918276e-4,0,0,0,0,0,0,0,0,0,0,0,0,0,0.0041801759054458385,0,0,0,0,0,0.02760178307518666,0,0,0
Peptostreptococcus_stomatis,Species,Peptostreptococcus_stomatis,0,0,0,0,0,0,0,0,0,0,0,0,0,0,0,0,9.213727532650897e-4,0,0,0,0,0,0,0,0,0,0,0,0,0,0,0,0,0,0,0,0,0,0,0,0,0,0,0,0,0,0,0,0,0,0,0,0,0,0,0,0,0,0,0,0,0,0,0,0,0,0,0
Prevotella_denticola,Species,Prevotella_denticola,0,0,0,0,0,0,0,0,0,0,0,0,0,0,0,0,0,0,0,0,0,0,0,0,0,0,0,0,0,0,0,0,0,0,0,0,0,0,0,0,0,0,0,0,0,0,0,0,0,0,0,0,0,0,0,0,0,0,0,0,0,0,0,0,0,0,0,0
Metamycoplasma_salivarium,Species,Metamycoplasma_salivarium,0,0,0,0,0,0,0,0,0,0,0,0,0,0,0,0,0,0,0,0,0,0,0,0,0,0,0,0,0,0,0,0,0,0,0,0,0,0,0,0,0,0,0,0,0,0,0,0,0,0,0,0,0,0,0,0,0,0,0,0,0,0,0,0,0,0,0,0
Alloprevotella_tannerae,Species,Alloprevotella_tannerae,0,0,0,0,0,0,0,0,0,0,0,0,0,0,0,0,0,0,0,0,0,0,0,0,0,0,0,0,0,0,0,0,0,0,0,0,0,0,0,0,0,0,0,0,0,0,0,0,0,0,0,0,0,0,0,0,0,0,0,0,0,0,0,0,0,0,0,0
Streptococcus_anginosus,Species,Streptococcus_anginosus,0,0.10227149098790715,0.011952070389860467,0,0.0028873480119556262,0.12370757090333928,0.2822178069056869,0,0,0,0.007425033430162308,0,0.03687732480338329,0.17583839762030765,0,0,0.032167926994429004,0,0,0,0.09887420607598268,0,0,0,0.01594207884708166,0.0088,9.770348463003316e-4,0.027198289315796268,0,0.009874166466629674,0,0,1.1662554581616555,0.16470852864183355,0,0,0,0,0,0,0,0,0,0,0.0036961652035595372,0,0,0,0,0.007385946998163735,0,0,0,0.17720731986156285,0,0.0051431723086799936,0,0.00803582114884022,0.022732869451891895,0,0,0,0,0,0,0,0.7259269267840504,0
Corynebacterium_durum,Species,Corynebacterium_durum,0,0,0,0,0,0,0,0,0,0,0.004473032268574866,0.008679871307787126,0,0,0,0,0.007811638560290978,0,0,0,0,0,0,0,0,0,0,0,0,0,0,0,0.0028469054942056923,0,0,0,4.30011051284018e-4,0,0,0,0,0.004134630406796327,0,0,0,0.007260001452000291,0,0,0,0,0,0,0.004960001488000446,0.02034428450631703,0,0,0,0,0,0,0,0,0.05100109931698174,0,0,0,0,0
Eubacterium_rectale,Species,Eubacterium_rectale,1.097270109727011,0.03162612371915201,2.4870852355371413,0.06735885460482788,0,0,4.331784610288468,4.69607,0,0,0.6587365575123376,1.021408902580657,0,0,0,0,4.148641060315764,0.36724985310005875,0,0,0.3589563568410675,0.6448433376409737,0,0.9568321780512586,0,0,6.731266464799853,2.3312978713461106,0,0,0.12712686162063347,4.375139376254386,0.029072639145775445,0,19.837228530697434,0.10529950357364853,0,0,0,0,5.42342309665785,0.7097882797613664,0.1107562028377849,0.4910900982180197,0,0.016220003244000646,0,0.2767794328066993,0,3.8462644696163486,14.913462982692597,0.5498901649670495,0.060590018177005454,2.174497949268116,0.005401404905415899,0.7695046304560653,0,0,5.17746668587051,5.5472012012661,0,20.207790991019124,0.05807957933604459,17.12425634302275,0,43.53301351439661,0,0.10676564814008849
Lacticaseibacillus_rhamnosus,Species,Lacticaseibacillus_rhamnosus,0,0,0,0,0,0,0,0,0.04069269792587248,0,0,0,0,0.06970532245483525,0,0,3.0046766677673067,0,0,0,0,0,0.01758204146244691,0,0.021272773969725652,0,0.005177277432972891,0,0.053189238365004526,0.02429485582965881,0,0,0,0.08309971024666955,0,0,0,0,0.009934225943457766,0.028156233601328438,0,0,0.06980062882619843,0,0,0,0,0,0.3753409662528346,0,0,0,0,0,0,0,0,0,0,0,0,0.1391659512177446,0,0,0,0,0,0
Blautia_SGB101324,Species,Blautia_SGB101324,0,0,0,0,0,0,0,0,0,0,0,0,0,0,0,0,2.0271202063955087,0,0,0,0,0,0,0,0,0,0,0,0,0,0,0,0,0,0,0,0,0,0,0,0,0,0,0,0,0,0,0,0,0,0,0,0,0,0,0,0,0,0,0,0,0,0.04927903628546999,0,0,0,0,0
Coprococcus_comes,Species,Coprococcus_comes,0,0,3.8672078778406007,1.906048925404263,0.7923865445171417,0,0,0,0,0,0.050053931560204656,0.022880544482271413,0,0.14761717251013903,0,0,1.2300827002150505,2.114749154100338,0,0,1.8770129021598347,0.6147506485510615,1.1951509829797484,0.7800351020503815,0,0.010629999999999999,0,0,0.0027577376603273467,1.0984659691259049,1.7327236573568519,0.18937170434533912,0,4.824175821976706,0,0,0,0,0,0.12463244138093436,0.6353533229176175,2.4356192272989423,0.2939453209057387,0.19385003877000775,0.596124335391433,0,0,0.05029898339843496,0,0,3.604360720872144,2.056160616848185,0.016380004914001475,0.4755301466488842,0.5064217202894473,1.545433223212077,0.2093400209340021,2.9794182906097175,0,0.6627554281291409,0,0.6651397750462427,0,2.2664874589607353,0,0.5196582366686151,1.1541780065080132,0.6338181629441912
Faecalibacterium_prausnitzii,Species,Faecalibacterium_prausnitzii,0.5917600591760058,9.960636144902745,8.803161854937219,0.6550607687564588,0,0.7201940758774437,0,0,0.13453891993039138,0,1.5116247304047414,14.68500999345881,0,0,0,0,1.2165024670256215,0,0,0.100400010040001,0.6194302278455839,4.324017793868186,0.13726419971406265,1.9203077162575892,0,0,0,0,2.399693058784337,1.5050693229576473,0.6504982483147757,1.3167318505866552,0,0.29603708938687123,0,0.01158677739955202,0,0,0,0,0.8010275307749736,0.02102524951387913,0.27020469980224826,0,2.618026868817187,0.34831006966201394,0,0.5448573115158367,0,4.210270394809433,0.07846001569200314,0.06852002055600617,0.9423402827020848,0.6505270009864077,0,0.02116305337131943,0.11844001184400119,0,1.0273212451013247,0.2256376023183283,0,4.815864618145467,2.2168157452628248,1.6658116299000856,2.570246037894048,0.9944629632798664,0,2.31469298489205
Latilactobacillus_sakei,Species,Latilactobacillus_sakei,0,0,0,0,0.006887528070185815,0,0.01651204653149181,0,0,0,0,0,0,0,0,0,0.6532432671437174,0,0,0,0.005032098460388798,0.001513152198660249,0,0,0.0012801669337681634,0.0083,0,0,0,0,0,0,0,0,0,0,0.005480140839619578,0.024608967716505493,0,0,0,0,0,0,0.002994995652748785,0.0015200003040000607,0,0,0.8188324002826282,0,0,0,0,0,0,0.09984158228795521,0,0,0,0,0,0,0,0,0,0,0.5979277158285208,2.286691363564852
GGB51647_SGB4348,Species,GGB51647_SGB4348,0.8047000804700081,3.686582208787715,0,0,11.317411680986943,0,0,0,0,2.0613597938640202,1.5529827670177612,0,0,0,0,0,0.6146758054825885,1.4895094041962382,0,0,0,0,0,0,0,0,0.5600927800348066,0,0,0,7.37987601264359,1.5747741729675566,0,0,0,0,0,0,0,0,0,0,0,0,0.6018639090002124,0,0,0,0,0,1.4875402975080596,0,0,0.00871183471239043,0,0,0,0,0,0,0,7.376656255495995,0.5155476260560151,0,0,0,0,0
Actinomyces_johnsonii,Species,Actinomyces_johnsonii,0,0,0,0,0,0,0,0,0.034302274240782166,0,0,0,0,0,0,0,0.40598487686804574,0,0,0,0,0,0,0,0.010781405895328751,0,0,0,0,0,0,0,0,0,0,0,0,0,0,0,0.005330431120660019,0,0,0,0,0,0.005290902627988335,0,0,0,0,6.200001860000557e-4,0,0.007981680942006386,0,0.012537733273883332,0,0,0,0,0,0,0.007519007771310029,0,0,0,0,0
Ruminococcus_lactaris,Species,Ruminococcus_lactaris,0,0.3296249524406011,0,0.23540814770004395,0,0,0,0,0,0,0,0,0,0,0,0,0.3875974814876685,0,0,0,0,0,0,0,0,0,0,0,0,0,0.11797750382821785,0,0,0,0,0,0,0,0,0,0.09641868171825445,2.5506142642334653,0,0,0,0,0,0,0,0,0,0,0,0,0.00524136327858876,0.056514858364639306,0,0,0,0,0,0,0,0,0,0,0,0
Limosilactobacillus_pontis,Species,Limosilactobacillus_pontis,0,0,0,0,0,0,0,0,0,0,0,0,0,0.012721121023709139,0,0,0.27216549937752255,0.30999987600004963,0,0,0,0,0,0,0,0,0,0,0,0,0,0,0,0,0,0,0,0,0,0,0,0,0,0,0,0,0,0,0,0,0,0,0,0,0,0,0,0,0,0,0,0,0,0,0,0,0,0
Lactobacillus_acidophilus,Species,Lactobacillus_acidophilus,0,0,0,0,0,0,0,0,0,0,0,0,0,0,0,0,0.2006689767083978,0,0,0,0,0,0,0,0,0,0,0,0,0,0,0,0,0,0,0,0,0,0,0,0,0,0,0,0,0,0,0,0,0,0,0,0.12843003852901155,0,0,0,0,0,0,0,0,0,0,0,0,0,0,0
Lactococcus_cremoris,Species,Lactococcus_cremoris,0,0,0,0.005094882988032243,0,0,0,0,0,0,0,0,0,0,0,0,0.08894251545377457,0,0,0,0,0,0.02213544385741433,0,0,0,0,0,0,0,0,0.011200100800907208,0,0.034800817849237414,0,0,0,0,0,0,0,0,0,0,0,0,0,0,0.019237155675298153,0,0,0.030270009081002722,0,0,0,0,0,0,0,0,0,0,0,0,0,0,0,0
Mediterraneibacter_glycyrrhizinilyticus,Species,Mediterraneibacter_glycyrrhizinilyticus,0,0,0,0,0,0,0.25501378155722415,0.09033,0.04348288291513727,0.006419999358000064,0.14870080427521817,0,0,0,0,0,0.06588816677968505,0,0,0,0.0211930693641125,0,0,0,0.10270339252238493,0,0.41000209709953606,0.05976933052774312,0.012625424415825924,7.110201005382423e-4,0,0,0,0.4285263444592556,0,0,0.011110285534338233,0.24210689682120956,0.44767909070092565,0,0.032914410209338656,0.13463201638480593,0.07719705336054897,0.0050100010020002,0,0.009320001864000373,0,0,0,0.1878255341106984,0,0,0,0.004911034263815959,0,0.028267435354126427,0,0.11580388833671111,0,0.08221284933707448,0,0,6.607916283707882e-4,0,0,1.7293119689720189,0,0
Staphylococcus_xylosus,Species,Staphylococcus_xylosus,0,0,0,0,0,0,0,0,0,0,0,0,0,0,0,0,0.05113618780621247,0,0,0,0.004791039851507897,0,0,0,0,0,0,0,0,0,0,0,0,0,0,0,0,0,0,0,0,0,0,0,0,0,0,0,0,0,0,0,0,0,0,0,0,0,0,0,0,0,0,0,0,0,0,0
Phocaeicola_dorei,Species,Phocaeicola_dorei,0,0,0,0.7347885260370517,0.9595720148205167,0.3928240408312989,0,0,5.328703293028328,0.09671999032800097,2.5548419273425456,0.607379041199211,0,0,0,0,0.05069553127204222,0,0,0,0,0,0,0,5.53721205245164,0.16475,0,0,0,0,0,0,0,0,0,0.09712119506970016,0,0,6.650284125045111,0.12180057794374233,0,0,2.616963094143573,0,0.03401673992219021,2.5827305165461034,0.01718293140809822,0.38035793192664213,0.03330011039973118,0.6400218712221558,8.400001680000335e-4,0.020480006144001844,0,0,0,0,0.1390900139090014,0.18185173339567182,0,0,0,0,0.21840164517091476,0.049702137191899254,0,0,0.009432048356237541,0.0023427249000757145
Ligilactobacillus_saerimneri,Species,Ligilactobacillus_saerimneri,0,0,0,0,0,0,0,0,0,0,0,0,0,0,0,0,0.03685491013060359,0,0.72579,0.4787700478770048,0,0,0.06049811369957833,0,0.08367091068675354,0.07032,0,0,0,0,0,0,0,0,0,0,0,0,0,0,0,0,0,0,0,0,0,0,0,0,0,0,0,0,0,0,0.11502001150200114,0,0,0,0,0,0,0,0,0,0,0
Actinomyces_massiliensis,Species,Actinomyces_massiliensis,0,0,0,0,0.003488878847779715,6.800416185470551e-4,0,0,0.006160408435079245,0,0.004282903380201438,0,0,0,0,0,0.03588346277118279,0,0,0,0.0379064662465216,0,0,0,0,0,0,0,0,0,0,0,0,0,0,0,0,0,0,0,0,0,0,0,0,0,0,0,0,0,0,0,0,0,0.14108669664979862,0.02039257814219811,0,0,0,0,0,0,0,0,0,0,0,0
Candidatus_Nanosynsacchari_sp_TM7_ANC_38_39_G1_1,Species,Candidatus_Nanosynsacchari_sp_TM7_ANC_38_39_G1_1,0,0,0,0,0,0,0,0,0.00538035671765038,0,0,0,0,0,0,0,0.02245345340022099,0,0,0,0.09454519522482983,0,0,0,0,0,0,0,0,0,0,0,0,0,0,0,0,0,0,0,0,0,0,0,0,0,0,0,0,0.016285161291745006,0,0,0,0.006071278611275535,0,0.004142555128002952,0,0,0,0,0,0,0,0,0,0,0,0
Lactobacillus_amylovorus,Species,Lactobacillus_amylovorus,0,0,0,0,0,0,0,0,0,0,0,0,0,0,0,0,0.021121468876479067,0,10.60533,0,0,0,0,0,0,0,0,0,0,0,0,0,0,0,0,0,0,0,0.001143878713406444,0,0,0,0,0,0,0,0,0,0,0,0,0,0,0,0,0,0,0,0,0,0,0,0,0,0,0,0,0
Bifidobacterium_animalis,Species,Bifidobacterium_animalis,0,0,0,4.314383744745134,0.022096232702604857,0.12344755499036542,0,0,0,0,0,0,0,0,0,0,0.015893679993822796,0,0,0,4.0176434813483415e-4,0,0.0025364590522301738,0.2044481010242701,0.030433968589504073,0,0.11900687328905586,0,1.373453636212485,0.3540279238623653,0,0,0,0,0,0,0,0,0,0.016666379081968743,0,6.525020197820436,0,0,0,0,0,0,0,0,0,0,7.015162104548632,0,0,0,0,0,0,0,0,0.005415290196993443,0.012545028944675721,0,0,0,6.014058463063256e-4,0
Blautia_SGB59878,Species,Blautia_SGB59878,0,0,0,0,0,0,0,0,0,0,0.0015510514577832311,0,0,0,0,0,0.005608355889439676,0,0,0,0,0,0,0,0,0,0,0,0,0,0,0,0,0,0,0,7.900203035218005e-4,0,0,0,0,0,5.004346775609294e-4,0,0,0,0,0,0,0,0,0,0,0,0,0,0,0,0,0,0,0,0,0,0,0,0,0
Lactococcus_lactis,Species,Lactococcus_lactis,0,0,0.02012768828679023,0.2561866765126815,0,0,0,0,0,0,4.4029847833846567e-4,0.03511310730208304,0,0,0,0,0.004707012978636871,0,0,0.012390001239000125,0,0,0,0,0.03375440157396524,0.06826,0.030348515380442257,0,0,0,0,0,0.05382965123496346,0.7249036373558663,0,0,0,0,0.011315124570452932,0,0,0.013419943948093186,0,0,1.202004944247004e-4,0,0.09377599818529041,0.031985712648278986,0,0,0.005940001188000237,0,0,0,0,0,0,0,0.05692326705139804,0.004672435273264426,0,0,0,0,0.012560811428418276,0.009597170045741173,0,0
Arachnia_propionica,Species,Arachnia_propionica,0,0,0,0,0,0,0,0,0,0,0,0,0,0,0,0,0.003855744673989777,0,0,0,0,0,0,0,0,0,0,0,0,0,0,0,0,0,0,0,0,0,0,0,0,0,0,0,0,0,0,0,0,0,0,0,0,0.016463467206193624,0.0036809574170241677,0,0,0,0,0,0,0,0,0,0,0,0,0
Leuconostoc_mesenteroides,Species,Leuconostoc_mesenteroides,0,0,0,0.011949444437794497,0,0,0,0,0,0,0,0,4.3480256828776567e-4,0,0,0,0.0037555954616783544,0,0,0,0,0,0,0,0,0,0,0,0,0,0,0,0,1.3343382011119052,0,0,0.0010700274997067424,0,0,0,0,0,0,0,0,0.01871000374200075,0,0,0,0,0,0,0,0,0,0,0,0,0,0,0,0,0,0,0,0,0,0
Bacteroides_uniformis,Species,Bacteroides_uniformis,0.13679001367900137,0.045530798955827005,0,0.10957067630888617,1.2597258763828068,2.643021752931279,0.01401052695921938,0,0.6557734777815769,0.063739993626000635,0.042358714972880115,0.044782080224013344,0,0,0,0,0.003415088139819517,0,0,0.017220001722000174,0,0.13063213285917222,0,0,0,0,0.23507256951502206,0.025971679920637356,1.3391674359919061,0.10333825940076229,0,0.004680042120379083,0,0,0.0718262869361338,0,2.7000693917833687e-4,0,0.17126234538830354,0.616899627188731,0.039787860864926576,0,0.9468824621065858,0.004540000908000182,0,0.33302006660401334,0.007841337732217115,0.09652723976502203,0.009663877262316184,0.1183956280004157,0,0,0,0,0,0,0.0197700019770002,0.004643363652629965,0,0,0,0.006125984474232879,0.15938093836416029,0,0,0,0.0018543346927778373,0
Paraprevotella_clara,Species,Paraprevotella_clara,0,0,0,0.002844131467214786,0,0,0,0,0.028901916197043864,0,0,0,0,0,0,0,0.0019729394825350292,0,0,0,0,0,0,0,0,0,0,0,0.043080876322786475,0.11434404940768521,0,0,0,0,0,0,0,0,0,0,0,0,0,0,0,0,0,0,0,0,0,0,0,0,0,0,0,0,0,0,0,0,0,0,0,0,0,0
Parabacteroides_merdae,Species,Parabacteroides_merdae,0,0,0,0.11964790470890979,0,0,0.007494471944348452,0,0,0,0.17834089729427577,0.024333918282645074,0.48856641144092966,0,0,0,0.0015022381846713417,0,0.00194,0,0.013177870618822559,0.0472684696760291,0,0,0,0,0,0,0.03279200781552881,0.02480558857793276,0,0.03322029898269085,0,0,0,0,0,0,3.111473763029139,0.27241714261934175,0.014778920870250995,0,0.48241902916873597,0,6.811361350733023e-4,0.5046001009200202,0,0,0.016166861336749782,0,0,0,0,0,0,0,0,0.06549744635013603,0.07387676497300041,0,0,0,0.06423695587313602,0.007910340144626219,0,0,0,0
Pediococcus_pentosaceus,Species,Pediococcus_pentosaceus,0,0,0,0,0,0,0,0,0,0,0,0,0,0,0,0,0.0010916264141945084,0,0,0,0,0,0,0,0,0,0,0,0,0,0,0,0,0,0,0,0,0,0,0,0,0,0,0,0,0,0,0,0,0,0,0,0,0,0,0,0,0,0,0,0,0,0,0,0,0,0,0.11230942387345731
Parabacteroides_distasonis,Species,Parabacteroides_distasonis,0,0,0,0.12980697861878132,0.03085853187777575,0.08958548263153705,0.07520697552767437,0,0,0,0.14313703259439572,0.03917044249479283,0.09285562754852447,0,0,0,8.913279895716627e-4,0,0.0036,0,0.0011450283921842772,0.004218788580370628,1.0235478135264573,1.890323668691549,0.5404804786544166,0.06536,0.01657937481453965,0,0.08678349713626493,0.05660120574988936,0,0.0010700096300866708,0,0,0,0,0.15848407304067713,0,0.06714877204104855,0.13280323015132708,0.021051195083659213,0,0.49796253025377846,0,0.003826382405852963,1.00279020055804,0,0.11870120003432613,0,0.04386470829167255,0.05647001129400226,0,0.600210180063054,0.011042325513753197,0,0,0.04286000428600043,0.24406680199136255,0,0,0.21731995653600872,0,0.11565855895362645,0.026691147719351934,0.003210207379396709,0,0,0
Gemmiger_formicilis,Species,Gemmiger_formicilis,4.95843049584305,0.7539780093754377,0,0.11535101544189466,0,0,0,0,0,0,0,0.8729326388494286,0,0,0,0,3.7055208555226434e-4,0,0,0.6596400659640066,0,0,0.7333422635706925,0.02578879178307368,0,0,0,0,0.01661662292059059,0.2073775245344496,4.509498509739346,5.529419764777883,0,2.82530009451654,0,0,0,0,0,0,0,0,0,0,0.7769659792533946,0.11668002333600468,0,0.13532416889656493,0,0,0,0,0.9318602795580839,9.654993341597741,0,2.5625805997139035,0,0,0,0,0,7.550676255634128,16.674075542499914,0.41992805690644697,0.09332602886146446,0.07185368188573683,0,0
Anaerostipes_caccae,Species,Anaerostipes_caccae,0,0,0,0,0,0,7.66594707631874e-4,0,0.0034202267610342566,0.002319999768000023,0,0,0.004701934750088629,0,0,0,3.5052224308997976e-4,0,0,0,0,0,0,0,0,0,0,0,2.105908758795428e-4,0,0,0,0.5038922127376789,0,0.006080001380541568,0,0.18037463562813563,0.16009372475336106,0,0,0,0,0,0,0,0,0,0,0,0,0,0,0,0,0,0.009655955793533452,0.1318500131850013,0,0,0.05154686622667735,0,8.808605126347929e-4,0,0.0012900554723853125,0,0,0,0
Bifidobacterium_breve,Species,Bifidobacterium_breve,0,0,0,0,0,0.7823778815263494,1.2548852760759712,0.01552,0,0,0,0,0,0,0,0,2.904327157031261e-4,0,0,0,0,0,0,0,0,0,0,0,0.54813796550361,0.3212709273995401,0,0,0,0,0,1.0910024891907166,0,2.103740693511409,0.037263652501600915,0,0,0,0.0037232340010533147,0,0,0,0,0,0,0,0,0,1.1112603333781,0,0,0,0,0.06650817852452316,0,0,0,0,0,0,0,0,0,0
Acidaminococcus_intestini,Species,Acidaminococcus_intestini,0,0.05085023883383452,0,0,0,0,7.014331488059177,0,0,0,0,0.14615490280007604,3.8074144151814453,0,0,0,0,27.911828835268466,0,0,0,0,0,0,0,0,0,0,0.7122283703615604,0.012127399179602975,0,0,0,0,0,0,0.011520296071609041,0.003260462498110186,0,0,0,0,0,0,0.3129520039425762,0.575370115074023,0,0,0,0,0,0,0.07305002191500658,0,0,0,0,0,0,0,0,0,0,0,0,0,0,0.06089065149765758
Dialister_invisus,Species,Dialister_invisus,0,0,0,0,2.9534662763266235,15.921764411982014,0,0,6.702114350181416,0.023729997627000236,7.767895856601189,0.531621931854734,0,0,0,0,0,26.641359343456262,0,0,0.36521383656326756,2.099754207966035,3.7032505894211325,4.514702017572786,1.080950956004663,0.6751,0,0,0,0,4.139657564947133,2.6933442400981606,0,0.008174890219329203,16.76848327944439,0.04141592234983476,0,0,0,0,9.258017013493706,0.045128836994862094,0.010869441196623386,0,9.583284919245301,5.114681022936204,0,0.4665233210651422,0,19.555071354561633,0.005550001110000222,0.14505004351501305,0.01576000472800142,0.2167756529525118,0,0.05197205636436554,0,0,8.839644909745143,0.08563463277060004,0,9.42842062410769,0,0,0,0,0,0
Parasutterella_SGB9260,Species,Parasutterella_SGB9260,0,0,0,0.08795323102030761,0,0,0,0,0,0,0,0,0,0,0,0,0,1.7620992951602819,0,2.5803902580390257,0,0,0,0,0,0,0,0,0,0,0,0,0,0,0,0,0,0,0,0,0.17247752126135635,0,0,0,0.08051429784881182,0.10667002133400427,0.029575045502762774,0.48390642568762776,0,0,0,0,0,0,0,0,0,0,0,0,0,0.5548019860601822,0,0,0,0,0.07152720198736566,0.3530547012127035
Ruminococcus_bromii,Species,Ruminococcus_bromii,0.09516000951600094,0,17.49165414042819,0.28880211218707263,17.526062075375624,0,0,0,0,68.64981313501869,1.7227578575516342,0.6799468024817569,0,0,0,0,0,1.718819312472275,0,0.6426600642660064,0,0.9034019669776078,0,1.391893803324735,0,0.01639,12.962935729842009,2.9311504146497307,0,45.734565380952056,0.0101335916712924,1.731555584000256,0,2.304718682716001,0.25775794631599575,0,0,0,0,0.2102277975308993,0,0,0.6281255898873761,0.48239009647801934,0.7595970078090254,0,0,0.27154849856184315,0,0,30.394066078813214,5.718811715643515,0,1.513078654364609,0,16.760367794855867,0,0,7.291360386122747,6.3836871777570465,0,1.9674419940840207,0,0.5404932412093719,0,17.51429492974201,0.5496749200932098,0
Mediterraneibacter_faecis,Species,Mediterraneibacter_faecis,0,0,3.8545527444866305,1.3462972528656925,0.06257925795356603,0.01626099517290458,0,0,0,0,3.9029358001789416,0.8360431857913332,12.857971437718172,2.3078099958114606,0,0,0,0.5745997701600919,0,0,8.569322178346207,8.155429390506303,0.47601900205106834,0,5.660528132868526,4.8106,0,0,0,0.040988806640887686,0.012594176368484308,0.09263083367750309,0,2.8189462936728753,0,0,0,0,0,0.024319515396100555,0.011763019051982826,3.9252531253932808,0,0,0.07535569329641843,0.10668002133600427,0,0,0,0,0,0,0,5.781147509665536,0,13.431584601382133,0,1.2746833806409363,0.3834526977671079,0.5319172352630192,0,0.14275946171815246,0.009030818921067439,0,0,0,1.0218085797359908,0.3603757165254401
Faecalicatena_fissicatena,Species,Faecalicatena_fissicatena,0,0,0.007723648848573696,0.3063784354269108,0,0,0,0,0,0,0.042258647136894104,0.06815717551335634,0,0,0,0,0,0.37801984879206046,0,0,3.2332488121585943,0.1588408973573749,0,0,0,0,0,0,0,0.44067223245189874,2.1538954118933415,0.0981208830879478,0,0.12285349095829126,0,0,0,0,0,0,0,0,0,0,0.03564946330479239,0.11331002266200454,0,0,0,0,0,0,0,0.015823332393802136,0,0,0,0,0,0.014887759500251532,0,0,0.04982969597577898,0.47421039104681495,0,0,0,0
Blautia_obeum,Species,Blautia_obeum,4.1499804149980415,0.3296850591058893,0.054808779930645854,0.11969905815256474,0.010456611029408742,0.010120619381906172,0.024278861332498954,1.11043,0.38925580766004786,0.03181999681800032,0.16081901921312458,0.19402540234988339,0,0.024117961309934363,0,0,0,0.275159889936044,0,0,4.4194078294831755e-4,0.18394319045435453,0.5190776864437469,0.09665827476016947,0.012401617170879084,0.15919,0.15619463259360045,0.6964404302215875,0.04602914858510007,0.009924238304695746,0.03222863793179118,1.7777960001640014,0,0.593965310048471,0,0,0,0,0,0.025557821271861937,3.206274358291741e-4,0.2896856866036667,0.07232281960110552,0.8889701777940356,0.004217034012733239,0.053810010762002154,0,0.05019896553524459,0.017113115985351573,3.249546094973658,0.19404003880800774,0.288820086646026,0,0.5235502596846896,0,0.008755400330924114,0,0,0,0,30.100103979979203,0.17894481118604766,0.3045548567183486,0.1505764747884159,0.001010065250215164,0.011138321439947786,0,0.8368475889826495
Eubacterium_sp_AF34_35BH,Species,Eubacterium_sp_AF34_35BH,0,0,0,0,0,0,0,0,0,0,0,0,0,0,0,0,0,0.17670992931602827,0,0,0,0,0,0.016979800837293543,0.0799304229271497,0.35129,0,0,0,0,0,0,0,0,0,0,0,0,0,0,0,0,0,0,0,0,0,0,0,0,0,0,0,0,0,0,0,0,0,0,0,0,0,0,0,0,0,0
Collinsella_aerofaciens,Species,Collinsella_aerofaciens,4.471400447140045,0.9120585390834576,0.1873863674484258,5.410407659184657,0.3912456811339177,2.0877577707755712,0,0,0,0.1883999811600019,0,0,0,0,0,0,0,0.09013996394401443,0,0,0,0,0.16672379641707333,0.3355263047768584,0,0,0.9946315460579263,3.4475732445470877,1.4762821524633818,1.2174366563708954,0.25140145363309346,0.18153163378470408,0,0.8157279684707391,0.5354113426940607,0,0,0,0,4.3738181537671394,0.33929396435885384,5.839164486764102,2.250694953636729,15.27151305430261,0.17936918780525918,0,0,0.007861404046762752,0.1042994086613104,0.2325320599706827,0.5679201135840227,16.289234886770465,3.2614109784232936,6.455429513455534,0,0,0.006710000671000067,0,0.27693412336296264,0,0,0.9771345627543547,20.677201287141997,0,0.5028024810402751,0.40554298116122556,0.010454438294958294,0
Eubacterium_ramulus,Species,Eubacterium_ramulus,0,0.010548719758082694,0.026445211207145047,0.28659228342117915,0.015399189397096672,0.03136191934946419,5.669240205794367,2.28435,3.7037555589935613,0.47944995205500485,0,0.005399687383332689,0,0.12144256308517282,0,0,0,0.03843998462400615,0,0,1.717462235406789,1.3579488791049514,0,0,0,0,0,0,3.652558348213417,1.1958356654291913,0,0.2792925136326227,0,0.09902923929094386,0,0,0.0715918399102857,2.6323870668588434,0,0,1.6451994908837104,0.04287541312351811,0.3870862230933789,0.0725000145000029,0.1214826330318972,0.05410001082000217,0,0.10558885817006917,0,0,0,0,0,0,0,0,0,8.45729646555965,0,0.5469750834134751,0,0.15271919137805723,0,0,0,0,0,0
Roseburia_lenta,Species,Roseburia_lenta,0,0.004948782108730152,0,0,0.0657773968973641,1.406376070215497,0,0,0,0,0,0,0,0,0,0,0,0.017279993088002765,0,0,0,0,0.389972939343485,0,0,0,0,0,12.054031200743044,5.577071424372548,0,0,0,0,0,0,0,0,0,0,0,0,0,0,0.6498439396914053,0.3352300670460134,0,0,0,0,0,0,0,0,0,0,0,0,0,0,0,0,0,0,0,0,0,0
Neisseria_subflava,Species,Neisseria_subflava,0,0,0,0,0,0,0,0,0,0,0,0,0,0,0,0,0,0,0,0,0,0,0,0,0,0,0,0,0,0,0,0,0,0,0,0,0,0,0,0,0,0,0,0,0,0,0,0,0,0,0,0,0,0,0,0,0,0,0,0,0,0,0,0,0,0,0,0
Burkholderia_contaminans,Species,Burkholderia_contaminans,0,0,0,0,0,0,0,0,0,0,0,0,0,0,0,0,0,0,0,0,0,0,0,0,0,0,0,0,0,0,0,0,0,0,0,0,0,0,0,0,0,0,0,0,0,0,0,0,0,0,0,0,0,0,0,0,0,0,0,0,0,0,0,0,0,0,0,0
Fusobacterium_periodonticum,Species,Fusobacterium_periodonticum,0,0,0,0,0,0,0,0,0,0,0,0,0,0,0,0,0,0,0,0,0.0017376308056831578,0,0.004563588977506498,0,0,0,0,0,0,0,0,0,0,0,0,0,0,0,0,0,0,0,0,0,0,0,0,0,0,0,0,0,0,0,0,0,0,0,0,0,0,0,0,0,0,0,0,0
Lachnoanaerobaculum_sp_ICM7,Species,Lachnoanaerobaculum_sp_ICM7,0,0,0,0,0,0,0,0,0,0,0,0,0,0,0,0,0,0,0,0,0,0,0,0,0,0,0,0,0,0,0,0,0,0,0,0,0,0,0,0,0,0,0,0,0,0,0,0,0,0,0,0,0,0,0,0,0,0,0,0,0,0,0,0,0,0,0,0
Prevotella_nanceiensis,Species,Prevotella_nanceiensis,0,0,0,0,0,0,0,0,0,0,0,0,0,0,0,0,0,0,0,0,0,0,0,0,0,0,0,0,0,0,0,0,0,0,0,0,0,0,0,0,0,0,0,0,0,0,0,0,0,0,0,0,0,0,0,0,0,0,0,0,0,0,0,0,0,0,0,0
Campylobacter_showae,Species,Campylobacter_showae,0,0,0,0,0,0,0,0,0,0,0,0,0,0,0,0,0,0,0,0,0,0,0,0,0,0,0,0,0,0,0,0,0,0,0,0,0,0,0,0,0,0,0,0,0,0,0,0,0,0,0,0,0,0,0,0,0,0,0,0,0,0,0,0,0,0,0,0
Solobacterium_SGB6829,Species,Solobacterium_SGB6829,0,0,0.0044493841871497365,0,0,0,0.014424084630441838,0,0,0,0.06589466999679083,0,0,0,0,0,0,0,0,0,0.0035154380461797988,0,0.005297022920320043,0,0,0,0,0,0,0,0,0,0,0,0,0,0.012570323057302572,0,0,0,0,0,0,0,0,0,0.032655571040419495,0,0,0.008929279206735263,0,0,0,0,0,0,0,0,0.0028745035282000436,0,0,0,0,0,0.016631074367404134,0,0,0
Prevotella_pallens,Species,Prevotella_pallens,0,0,0,0,0,0,0,0,0,0,0,0,0,0,0,0,0,0,0,0,0,0,0,0,0,0,0,0,0,0,0,0,0,0,0,0,0,0,0,0,0,0,0,0,0,0,0,0,0,0,0,0,0,0,0,0,0,0,0,0,0,0,0,0,0,0,0,0
Oribacterium_SGB5283,Species,Oribacterium_SGB5283,0,0,0,0,0,0,0,0,0,0,0,0,0,0,0,0,0,0,0,0,0,0,0,0,0,0,0,0,0,0,0,0,0,0,0,0,0,0,0,0,0,0,0,0,0,0,0,0,0,0,0,0,0,0,0,0,0,0,0,0,0,0,0,0,0,0,0,0
Peptostreptococcus_SGB749,Species,Peptostreptococcus_SGB749,0,0,0,0,0,0,0,0,0,0,2.0013567197202985e-4,0,0,0,0,0,0,0,0,0,0,0,0,0,0,0,0,0,0,0,0,0,0.004718016525733108,0,0,0,0,0,0,0,0,0,0,0,0,0,0,0,0,0,0,0,0,0,0,0,0,0,0,0,0,0,0,0,0.03307213646001531,0,1.084084155121011,0
Eubacterium_sulci,Species,Eubacterium_sulci,0,0,5.323191013971468e-4,0,0,0,0.011226577757819416,0,0.0034902314023419756,0,0,0,0,0,0,0,0,0,0,0,0,0,0,0,0,0,0,0,0,0,0,0,0.009536630418752638,0,0,0,0,0,0,0,0.007504685919876606,0,0,0,0,0,0.013352277898609502,0,0,0,0,0,0,0.0052411037764553215,2.500650419174027e-4,0.0012907961630733837,0,0,0.03760134016641958,0,0,0.006065925802916869,0,0,0,0,0.07431371574191831,0
Limosilactobacillus_mucosae,Species,Limosilactobacillus_mucosae,0,0,0,0,0,0,0,0,0,0,0,0,0,0,0,0,0,0,11.40801,0.0908600090860009,0,0,0.05805333389019984,0,1.0583180046678087,0.12439,0,0,0,0,0,0,0,0,0,0,0,0,0,0,0,0,0,0,0,0,0,0,0,0,0,0,0,0,0,0,6.494800649480065,0,0,0,0,0,0,0,0,0,0,0
Candidatus_Cibionibacter_quicibialis,Species,Candidatus_Cibionibacter_quicibialis,0,0,2.0775108839168723,0.9978399946882264,0,0,0,0,0,0,0.0072849384597818865,0.2616274698144859,0,0,0,0,0,0,9.39431,7.3913407391340735,0.06670292589908583,1.8635421309672309,0.6719884769378318,0.05762461060493705,0.07952036945617708,0,0,0,0.906563636250592,0.8807235741117782,0.7954819245950304,1.2620313582822245,0,0.16505873813715363,0,0,0,0,0.07503226047128214,0.3666704898514743,0,0,6.593407033349168,1.7743603548720712,0.07698841667902061,0,0,0.26202679798612033,0,0,0.14745002949000588,0.07829002348700705,0,0.4849021203865534,0,1.9248372396093911,0,0,0.8565312009645377,0,0,2.628347632802485,0,0.47171028354219235,0,0,0,0
Pediococcus_acidilactici,Species,Pediococcus_acidilactici,0,0,0,0,0,0,0,0,0,0,0,0,0,0,0,0,0,0,4.10881,0,0,0,0,0,0,0.38961999999999997,0,0,0,0,0,0,5.664959663473639,0,0,0,0,0,0,0,0,0,0,0,0,0,0,0,0,0,0,0,0,0,0.035229163105323695,0,0,0.0804282622331617,0,0,0,0,0,0,0,0,0.018142409696907492,4.65650906927377
Parafannyhessea_umbonata,Species,Parafannyhessea_umbonata,0,0,0,0,0,0,0,0,0,0,0,0,0,0,0,0,0,0,3.5044199999999996,1.9991101999110201,0,0,0,0,0,0,0,0,0,0,0,0,0,0,0,0,0,0,0.0014427299088009204,0,0,0,0,0,4.8572518961628,0,0,0,0,0,0,0,0,0,0,0,0,0,0,0,0,0,0,0,0,0,0,0
Drancourtella_massiliensis,Species,Drancourtella_massiliensis,0,0,0,0,0,0,0,0,0,0,0,0,0,0,0,0,0,0,0.97797,0,0,0,0,0,0.08824150669247269,0,0,0,0,0,0,0,0,1.0842385915254504,0,0,0.22180570040650047,2.1883622355777455,0,0,0,0,0,0,0,0,0,0,0,0,0,0,0,0,0,0,0,0,0,0,0,0,0,0,0,0,0.07018406226394822,0
Anaerotignum_lactatifermentans,Species,Anaerotignum_lactatifermentans,0,0,0,0,0,0,0,0,0,0,0,0,0,0,0,0,0,0,0.19427,0,0,0,0,0,0,0,0,0,0,0,0,0,0,0,0.08384582761911862,0,0,0.06672411099978721,0,0,0,0,0,0,0,0,0,0,0,0,0,0,0,0,0,0,0,0,0,0,0,0,0,0,0,0,0.057133555399100935,0
GGB3609_SGB4877,Species,GGB3609_SGB4877,0,0,0,0,0,0,0,0,0,0,0,0,0,0,0,0,0,0,0.18964999999999999,0.013330001333000134,0,0,0,0,0,0,0,0.697261548907603,0,0,0,0,2.4060475918096844,0,0,0,0,0,0,0,0,0,0,0,0,0,0,0,0,0.020353946205251758,0,0,0,0,0,0,0,0,0,0,0,0,0,0,0,0,0.005482816632159336,0
Anaeromassilibacillus_senegalensis,Species,Anaeromassilibacillus_senegalensis,0,0.007813866487468662,0,0,0.1559067671316734,0.029211787761410996,0,0,0.10721710849429317,0,0,0,0,0,0,0,0,0,0.16427,0,0,0,0.4823856161379915,0,0.7795316509272809,0.0046,0.0065068506258764355,0,0,0,0,0,0,0,0,0,0,0,0.46776395207416127,0,0,0,0,0,0,0,0,0,0,0,0,0,0,0,0,0.023974787649021917,0,0,0,0,0,0.07714536330541305,0.023638318705809562,0,0,0,0,0
Gordonibacter_urolithinfaciens,Species,Gordonibacter_urolithinfaciens,0,0.0072428531672305676,0,0,0.21457607465238285,0.24399493248986837,0,0,0,0,0.07999422808722033,0,0,0,0,0,0,0,0.1357,0,0.005333421721489923,0.01964091595611979,0,0,0.34111448132836525,0,0.016881550540199547,0.09722653478486842,0.04307084818583983,0,0,0,0,0.2886726839995685,0.09276516957836194,0,0,0,0,0.3500650110584774,0.00491962721850389,0.010583044252919064,0.023120082103314937,0.11563002312600464,8.714535845790779e-4,0.0025000005000001,0,0.024394356832130218,0,0,0,0,0,0.017603707340765964,0,0.08282108404463873,0.03589000358900036,0,0.010101248313886068,0,0,0.05293170898650892,0,0,0,0,0,0.04970212050936495
Schaalia_meyeri,Species,Schaalia_meyeri,0,0,0,0,0,0,0,0,0,0,0.023575982158305114,0,0.04225674262499007,0.037631644290167965,0,0,0,0,0.02889,0,0,0,0,0,0,0,0,0,0,0,0,0,0,0,0.03044013892502164,0,0.1412236294472768,0,0,0,0,0,0,0,0,0,0.02619446877637325,0,0,0,0,0,0,0,0,0,0,0,0,0,5.499998900000219e-4,0,0.026541797072893326,0,0,0,0.10564696033447789,0
Faecalicatena_contorta,Species,Faecalicatena_contorta,0,0,0,0,0.026968632472779978,0.045412779262090835,0.020930052872843927,2.3999999999999998e-4,0.044462947893445334,0,0.007024762086218247,0,0,0,0,0,0,0,0.015080000000000001,0,0,5.812107782933407e-4,0,0,0,0,0.012832395816356933,0.015489745089279425,0.058403869577259876,0.02047938176902402,0.0029727880423216554,0,0,0,0.008929374964821775,0,0,0,0.08658440495532381,0,0,0,0,0,0,0.0033800006760001354,0,0,0,0,0,0,0,0,0,0.0021213084230353283,0,0,0,0.0031216269919882244,0,0,0,0.005190223179596723,0,0,0,0
GGB9480_SGB14875,Species,GGB9480_SGB14875,0,0,0,0,0,0,0,0,0,0,0,0,0,0,0,0,0,0,0.013219999999999999,0,0,0,0,0,0,0,0,0,0,0,0,0,0,0,0,0,0,0,1.1013490967377197,0,0,0,0,0,0,0,0,0,0,0,0,0,0,0,0,0,0,0,0,0,0,0,0,0,0,0,0,0
Massilioclostridium_coli,Species,Massilioclostridium_coli,0,0,0.004439340430519602,0,0.06498538129686239,0.19476191942946908,0,0,0,0,0,4.037149445482384e-4,0,0,0,0,0,0,0.01259,0,0.0015267045229123697,0,0.037557929821576914,0,0,0,8.863821286023628e-4,0,7.119977232117877e-4,0.00310445396009655,0.002812096796790755,0,0,0,0,0,0,0,0,0,0.01843607756017751,0.006720031902043665,0.026593098765587787,0,0.006510860114671272,0,0,0,0,0,0,0,0,0,0,0.006624085736082016,0,0,0,0,0,0,0,0,0,0,0,0
Paraeggerthella_hongkongensis,Species,Paraeggerthella_hongkongensis,0,0,0,0,0,0,0,0,0,0,0.27457613516202634,0,0,0,0,0,0,0,0.012430000000000002,0,0,0,0,0,0,0,0,0,0,0,0,0,0,0,0,0,0,0,0,0,0,0,0,0,0,0,0,0,0,0,0,0,0,0,0,0,0,0,0,0.15418035880300812,0,0,0,0,0,0,0,0
Clostridiales_bacterium_KLE1615,Species,Clostridiales_bacterium_KLE1615,0,0,0,0,0.2834112532985194,0,0,0,0.18626234919375156,0.10865998913400109,0,0.40724745031303555,0,0,0,0,0,0,0.01042,0,0.02213721558222936,0.005200834378176618,0.009259603528020997,0.456989944777461,0,0,0,0,0,0,0.0473938742287699,0,0,0,0.14254894325863793,0.3895940453039971,0,0,0,0,0.006763234974521641,0,0.015553509778593686,0,0,0,0,0.03775674335436309,0,0,0,0,0,0,0,0,0,0,0,0,0,0,0,0,0,0.003732788766487443,0,0
GGB3449_SGB4601,Species,GGB3449_SGB4601,0,0,0,0,0,0,0,0,0.022431487207601863,0,0,0,0,0,0,0,0,0,0.00888,0,0,0,0,0,0,0,0,0,0,0,0,0,0,0.07124261733368902,0,0,0,0,0,0,0,0,0,0,0,0,0,0,0,0,0,0,0,0,0,0,0,0,0,0,0,0,0,0,0,0,0,0
Merdimonas_faecis,Species,Merdimonas_faecis,0,0,0,0,0,0,0,0,0,0,0,0,0,0,0,0,0,0,0.008490000000000001,0,0,0,0.11817454403583233,0,0.02349306349547981,0,0,0,0,0,0,0,0,0,0,0,0,0,0,0,0,0,0.5981995961692326,0,0,0,0,0.008751563029157009,0,0.24021865610038634,0,0,0,0,0,0.053232834012018615,0,0,0,0,0,0,0,0,0,0,0,0
Anaerostipes_butyraticus,Species,Anaerostipes_butyraticus,0,0,0,0,0,0,0,0,0,0,0,0,0,0,0,0,0,0,0.006279999999999999,0,0,0,0.058786767833013384,0,0,0.00335,0,0,0,0,0,0,0,0,0,0,0,0,0,0,0,0,0,0,0,0,0,0,0,0,0,0,0,0,0,0,0,0,0,0,0,0,0,0,0,0,0,0
Clostridia_bacterium_UC5_1_1D1,Species,Clostridia_bacterium_UC5_1_1D1,0,0,0,0,0.01782536376825383,0.2043425057613526,0.055235166039370294,0,0.02366156876200892,0,0.024796809757334497,0,0,0,0,0,0,0,0.00588,0,0.037424349028759796,0.0033670141639062495,0.006305494591688666,0,0.2890476918190132,0.00245,0.03249396303262752,0.12627994409499593,0.021029003177114345,0,0,0,0,0,0.009260464148910671,0,0.002730070162803184,0,0,0,0.004138097843670279,0,0.054827623273575425,0.0037200007440001486,0,0,0,0,0,0,0,0,0,0,0,0,0.0014400001440000143,0,0.001943326328923973,0,0,0.005034918611992055,0.039927833544586414,0,0,0,0,0
Clostridioides_difficile,Species,Clostridioides_difficile,0,0,0,0,0,0,0.00905792167701872,0.0105,0,0,0,0,0,0,0,0,0,0,0.00532,0,0,0,0,0,0,0,0,0,4.412380256523754e-4,0,0,0,0.11599882421797117,0,0,0,0,0,9.996057225263519e-4,0,0,0,0,0,0,0,0.06861170515689977,0,0,0,0,0,0,0,0,0,0.03561000356100035,0.08246974108043867,0,0,0,0,0,0,0,0,0,0
Proteus_mirabilis,Species,Proteus_mirabilis,0,0,0,0,0,0,0,0,0,0,0.013038839028977744,0,0,0,0,0,0,0,0.0036,0,0,0,0,0,0,0,0,0,0,0,0,0,0,0,0,0,0,0,0,0,0,0,0,0,0,0,0,0,0,0,0,0,0,0,0,0,0,0,0.04721675689807466,0,0,0,0,0,0,0,0,0
Lactiplantibacillus_plantarum,Species,Lactiplantibacillus_plantarum,0,0,0,0,0,0,0,0,0,0,0,0,0,0,0,0,0,0,0.00153,0,0,0,0,0,0,0.0978,0,0.029773155318857113,0.0308465492478797,0.022872815628582326,0,0,0,0,0,0,0,0,0,0,0,0.25905320585258446,0,0,0,0,0,0,29.007375853655077,0,0,0,0.3746001123800337,0,0,0,0,0,0,0,0,0,0,0,0,0,0,0.4945976965763297
Enterobacter_hormaechei,Species,Enterobacter_hormaechei,0,0,0,0,0,0,0,0,0,0,0,0,0,0,0,0,0,0,0,0.5675200567520057,0.07712871073318478,7.014612841471353e-4,0,0,0,0,0,0,0,0,0,0,0,0.07570528690262515,0,0,0,0,0,0,0,0,0,0,0,0,0,1.5200814865534984,0.008546491453860876,0,0,0,0,0,0,0,0,0,0,0,0,0,0,0,0,0,0.709057492795158,0
Clostridiaceae_bacterium,Species,Clostridiaceae_bacterium,0.201030020103002,2.7309162840376535,1.2336444956095727,0.24057464550919314,1.584161532684529,12.723818697704301,0,0,0,0.42804995719500427,0.2010963231974956,0.239897512924177,0,0,0,0,0,0,0,0.22703002270300227,1.1651366978084257,1.3981726733130457,3.6079041768553712,0.6772984142979338,0,0,0.7135678310974679,0.44075826357119113,0,0.26725342849386013,3.972980570520207,0.5049945449509046,0,0.3083244396798165,0,5.243798300928677e-4,0,0,0,0,0,0.04324763045940975,0.0015113127262340069,0,0.012500851420168841,0,0,0.054199680062859225,0.0038957505213712113,0.017387541440724668,0.075360015072003,0,0.0045800013740004124,0.23643979422066286,0,0.44064178785474883,0,0.0015110946369550102,0.5510241076716147,0.34931206144642585,0,0.1686947979481155,0,8.500365515717175e-4,0,0,0,0.2403918490138037
Bifidobacterium_pseudolongum,Species,Bifidobacterium_pseudolongum,0,0,0,0,0,0,0,0,0,0,0,0,0,0,0,0,0,0,0,0.21559002155900217,0,0,0,0,0,0,0,0,0,0,0,0,0,0,0,2.2282411614771216,0,0,0,0,0,0,0,0,0,0,0,0,0,0,0,0,0,0,0,0,0,0,0,0,0,0,0,0,0,0,0,0
Lactobacillus_johnsonii,Species,Lactobacillus_johnsonii,0,0,0,0,0,0,0,0,0,0,0,0,19.923027811387904,0,0,0,0,0,0,0.04799000479900048,0,0,0,0,0.06796886313975342,0,0,0,0,0,0,0,0,0,0,0,0,0,0,0,0,0,0,0,0,0,0,0,0,0,0,0,0,0,0,0,0,0,0,0,0,0,0,0,0,0,0,0
Blautia_glucerasea,Species,Blautia_glucerasea,0.16745001674500168,0.5717546357766492,0.006789579481971155,0.16723083799673702,0,0,0.04353450997551537,0.03417,0,0,0.0018212346149454716,0,0,0.2666619848660796,0,0,0,0,0,0.005670000567000056,0.30839431362829867,1.4409217281440698,0,0,0.014471887134082284,0.12329000000000001,0,0,0.024438569738973615,0,0.2771723121351116,1.1140700266302397,11.292436747896357,0.015839475174049118,0.3422057542698214,0,0,0,0,0,0,0.06453443810121273,0,0,0.014233741881458274,0.048120009624001925,0,0,0,0,0.013490002698000539,0.08764002629200789,0,0.14879133545524686,0,0,8.400000840000085e-4,0,0,0,0,0,0.03933712587680041,6.648745896073531,0,0,0.18482204000070565,0.20134306802848997
Schaalia_SGB17168,Species,Schaalia_SGB17168,0,0,0.06611804989617769,0.010169304598602508,0,0,0,0,0.08204543961264632,0,0,0,0,0,0,0,0,0,0,0,0.6013508321795163,0,0,0,0,0,0,0,0,0,0,0.011050099450895058,0.006890919659119785,0.040654319413873374,0,0,0,0,0,0,0,0,0,0,0,0,0,0.01877335292083166,0,0,0,0,0,0,0.23764181063494613,0.02431499749045211,0,0,0.03874506868292171,0.02413257789960127,0,0,0,0,0.739067743776248,0.015981940107454278,0,0.4514289511115725
Haemophilus_sputorum,Species,Haemophilus_sputorum,0,0,0,0,0,0,0,0,0,0,0,0,0,0,0,0,0,0,0,0,0,0,0,0,0,0,0,0,0,0,0,0,0,0,0,0,0,0,0,0,0,0,0,0,0,0,0,0,0,0,0,0,0,0,0,0,0,0,0,0,0,0,0,0,0,0,0,0
Porphyromonas_endodontalis,Species,Porphyromonas_endodontalis,0,0,0,0,0,0,0,0,0,0,0,0,0,0,0,0,0,0,0,0,0,0,0,0,0,0,0,0,0,0,0,0,0,0,0,0,0,0,0,0,0,0,0,0,0,0,0,0,0,0,0,0,0,0,0,0,0,0,0,0,0,0,0,0,0,0,0,0
Haemophilus_parahaemolyticus,Species,Haemophilus_parahaemolyticus,0,0,0,0,0,0,0,0,0,0,0,0,0,0,0,0,0,0,0,0,0,0,0,0,0,0,0,0,0,0,0,0,0,0,0,0,0,0,0,0,0,0,0,0,0,0,0,0,0,0,0,0,0,0,0,0,0,0,0,0,0,0,0,0,0,0,0,0
Capnocytophaga_leadbetteri,Species,Capnocytophaga_leadbetteri,0,0,0,0,0,0,0,0,0,0,0,0,0,0,0,0,0,0,0,0,0,0,0,0,0,0,0,0,0,0,0,0,0,0,0,0,0,0,0,0,0,0,0,0,0,0,0,0,0,0,0,0,0,0,0,0,0,0,0,0,0,0,0,0,0,0,0,0
Oribacterium_sinus,Species,Oribacterium_sinus,0,0,0,0,0,0,0,0,0,0,0,0,0,0,0,0,0,0,0,0,0.014875324989692233,0,0,0,0,0,0,0,0,0,0,0,0,0,0,0,0.0015200390650039707,0,0,0,0,0,0,0,0,0,0,0,0,0,0,0,0,0,0,0,0,0,0,0,0,0,0,0,0.017211111837824724,0,0,0
Limosilactobacillus_vaginalis,Species,Limosilactobacillus_vaginalis,0,0,0,0,0,0,0,0,0,0,0,0,0,0,0,0,0,0,0,0,0.2661086159871074,0,0,0,0,0,0,0,0,0,0,0,0,0,0,0,0,0,0,0,0,0,0,0,0,0,0,0,0,0,0,0,0,0,0,0,0,0,0,0,0,0,0,0,0,0,0,0
Actinomyces_sp_oral_taxon_448,Species,Actinomyces_sp_oral_taxon_448,0,0,0,0,0.05928086387046394,0.02446149704361907,0,0,0,0,0,0,0,0,0,0,0,0,0,0,0.22113109721341268,0,0.016614316121234592,0,0,0,0,0.021207164088201932,0,0,0,0,0,0,0,0,0,0,0,0,0,0,0,0,0,0,0,0,0,0,0,0,0,0,0,0,0,0,0,0,0,0,0,0,0,0,0,0
Capnocytophaga_SGB2499,Species,Capnocytophaga_SGB2499,0,0,0,0,0,0,0,0,0,0,0,0,0,0,0,0,0,0,0,0,0,0,0,0,0,0,0,0,0,0,0,0,0,0,0,0,0,0,0,0,0,0,0,0,0,0,0,0,0,0,0,0,0,0,0,0,0,0,0,0,0,0,0,0,0,0,0,0
Prevotella_shahii,Species,Prevotella_shahii,0,0,0,0,0,0,0,0,0,0,0,0,0,0,0,0,0,0,0,0,0,0,0,0,0,0,0,0,0,0,0,0,0,0,0,0,0,0,0,0,0,0,0,0,0,0,0,0,0,0,0,0,0,0,0,0,0,0,0,0,0,0,0,0,0,0,0,0
Lautropia_mirabilis,Species,Lautropia_mirabilis,0,0,0,0,0,0,0,0,0,0,0,0,0,0,0,0,0,0,0,0,0,0,0,0,0,0,0,0,0,0,0,0,0,0,0,0,0,0,0,0,0,0,0,0,0,0,0,0,0,0,0,0,0,0,0,0,0,0,0,0,0,0,0,0,0,0,0,0
Veillonella_tobetsuensis,Species,Veillonella_tobetsuensis,0,0,0,0,0,0,0,0,0,0,0,0,0,0,0,0,0,0,0,0,0.01932486514528552,0.007886429008911365,0,0,0,0,0,0,0,0,0,0,0,0.014448643178349289,0,0,0,0,0,0,0,0,0,0,0,0,0,0,0,0,0,0,0,0.04867024995464044,7.902055324589926e-4,0,0,0.10348496450828981,0.010991939547976224,0,0,0,0,0,0,0,0,0
GGB12785_SGB19823,Species,GGB12785_SGB19823,0,0,0.011761239013887904,0,0,0,0,0,0,0,0,0,0,0,0,0,0,0,0,0,0.0658190443331892,0,0,0,0,0,0,0,0,0,0,0,0,0,0,0,0,0,0,0,0,0,0,0,0,0,0,0,0,0,0,0,0,0,0,0,0,0,0,0,0,0,0,0,0,0,0,0
Porphyromonas_gingivalis,Species,Porphyromonas_gingivalis,0,0,0,0,0,0,0,0,0,0,0,0,0,0,0,0,0,0,0,0,0,0,0,0,0,0,0,0,0,0,0,0,0,0,0,0,0,0,0,0,0,0,0,0,0,0,0,0,0,0,0,0,0,0,0,0,0,0,0,0,0,0,0,0,0,0,0,0
Haemophilus_haemolyticus,Species,Haemophilus_haemolyticus,0,0,0,0,0,0,0,0,0,0,0,0,0,0,0,0,0,0,0,0,0,0,0,0,0,0,0,0,0,0,0,0,0,0,0,0,0,0,0,0,0,0,0,0,0,0,0,0,0,0,0,0,0,0,0,0,0,0,0,0,0,0,0,0,0,0,0,0
Oribacterium_SGB96486,Species,Oribacterium_SGB96486,0,0,0,0,0,0,0,0,0,0,0,0,0,0,0,0,0,0,0,0,0,0,0,0,0,0,0,0,0,0,0,0,0,0,0,0,0,0,0,0,0,0,0,0,0,0,0,0,0,0,0,0,0,0,0,0,0,0,0,0,0,0,0,0,0.003170204795229772,0,0,0
Treponema_vincentii,Species,Treponema_vincentii,0,0,0,0,0,0,0,0,0,0,0,0,0,0,0,0,0,0,0,0,0,0,0,0,0,0,0,0,0,0,0,0,0,0,0,0,0,0,0,0,0,0,0,0,0,0,0,0,0,0,0,0,0,0,0,0,0,0,0,0,0,0,0,0,0,0,0,0
Leptotrichia_wadei,Species,Leptotrichia_wadei,0,0,0,0,0,0,0,0,0,0,0,0,0,0,0,0,0,0,0,0,0,0,0,0,0,0,0,0,0,0,0,0,0,0,0,0,0,0,0,0,0,0,0,0,0,0,0,0,0,0,0,0,0,0,0,0,0,0,0,0,0,0,0,0,0,0,0,0
Filifactor_alocis,Species,Filifactor_alocis,0,0,0,0,0,0,0,0,0,0,0,0,0,0,0,0,0,0,0,0,0,0,0,0,0,0,0,0,0,0,0,0,0,0,0,0,0,0,0,0,0,0,0,0,0,0,0,0,0,0,0,0,0,0,0,0,0,0,0,0,0,0,0,0,0,0,0,0
Leptotrichia_sp_oral_taxon_215,Species,Leptotrichia_sp_oral_taxon_215,0,0,0,0,0,0,0,0,0,0,0,0,0,0,0,0,0,0,0,0,0,0,0,0,0,0,0,0,0,0,0,0,0,0,0,0,0,0,0,0,0,0,0,0,0,0,0,0,0,0,0,0,0,0,0,0,0,0,0,0,0,0,0,0,0,0,0,0
Catonella_massiliensis,Species,Catonella_massiliensis,0,0,0,0,0,0,0,0,0,0,0,0,0,0,0,0,0,0,0,0,0,0,0,0,0,0,0,0,0,0,0,0,0,0,0,0,0,0,0,0,0,0,0,0,0,0,0,0,0,0,0,0,0,0,0,0,0,0,0,0,0,0,0,0,0,0,0,0
Prevotella_intermedia,Species,Prevotella_intermedia,0,0,0,0,0,0,0,0,0,0,0,0,0,0,0,0,0,0,0,0,0,0,0,0,0,0,0,0,0,0,0,0,0,0,0,0,0,0,0,0,0,0,0,0,0,0,0,0,0,0,0,0,0,0,0,0,0,0,0,0,0,0,0,0,0,0,0,0
TM7_phylum_sp_oral_taxon_352,Species,TM7_phylum_sp_oral_taxon_352,0,0,0,0,0.004140537253255811,0.009260566746684898,0.02070814387852944,0,0.01020067630483901,0,0,0,0,0,0,0,0,0,0,0,0,0,0,0,0,0,0,0,0,0,0,0,0,0,0,0,0,0,0,0,0,0,0,0,8.113533373667277e-4,0,0,0,0,0,0,0,0,0,8.802289475492575e-4,0,0,0.01796301240618704,0,0,0,0,0,0,0,0,0.022482555221084808,0
Peptostreptococcus_russellii,Species,Peptostreptococcus_russellii,0,0,0,0,0,0,0,0,0,0,0,0,0,0,0,0,0,0,0,0,4.0256185036588175,0.02645511128783482,0,0,0,0,0,0,0,0,0,0,0,0,0,0,0,0,0,0,0.37526435481593934,1.2462339402051965,0,0,0,0,0,0,0,0,0,0,0,0,0,0,0,0,0,0,0,0,0,0,0,0,0,0
GGB3256_SGB4303,Species,GGB3256_SGB4303,0,0,1.7897271251936187,0.17742060397280152,0,0,1.0465732510494783,0.26015,0,0,0,0,0,0,0,0,0,0,0,0,2.220521419815118,3.4989890940807893,0,3.287458926248868,0,0.33944,0,0,0,0,0,0,0,0,0,0,0,0,0,0,0,0,0,0,0,0.2618400523680105,0,0.9411280854760661,0,0,0,0,0,4.49607687378962,0,0,0,0,2.1900984082234283,0,0,0,0,28.02770519132323,0,0,0,0
Dorea_sp_AF36_15AT,Species,Dorea_sp_AF36_15AT,0.01865000186500019,0.010518666425438583,0.036569317890320974,0.052401587680122784,0,0,0,0,0,0,0.02086414380308411,0.007741234061712472,0,0,0,0,0,0,0,0,0.9132907161801049,0.11332608089171363,0.18578289234768638,0.22254733420265452,0,0,0,0.5358356975975993,0.03955097211756747,0.05200461101542383,0.3144225514897434,0.1247111224001016,0,0.549258566474465,0,0,0,0,0,0,0.12767985671159893,0.8378411032360876,0.0020317647908973733,0,0.008434068025466477,0.00576000115200023,0,0.12723272376446432,0,0,0.005460001092000219,0.17947005384101614,0,0.20140241534867243,0,0.06882244968696692,0,0,0,0,0,0,0.013566252370339666,0,0,0.037047678320473225,0,0.6308089732018526
Limosilactobacillus_fermentum,Species,Limosilactobacillus_fermentum,0,0,0,0,0,0,0,0,0,0,0,0,0.0047120464377232284,1.2407406942943062,0,0,0,0,0,0,0.5185572441376304,0,0,0,0,0,0,0,0,0,0,0,0,0,0,0,0,0,0,0,0,0,0,0,0,0,0,0,0,0,0,0.2298900689670207,0,0,0,0,0,0,0,0,0,0,0,0,0,0,0,0
Clostridiaceae_bacterium_Marseille_Q3526,Species,Clostridiaceae_bacterium_Marseille_Q3526,0,0,0,0,0,0,0,0,0,0,0.06524422906288173,0.02383936747557348,0,0,0,0,0,0,0,0,0.37815064857320924,0.004088517199029017,0,0,0,0,0,0,1.5417157460402398,0.12629118997025032,0,0,0,0,0,0,0.7667597057244372,0,0,0,0,0,0,0,0,0,0,0,0,0,0,0,0,0,0,0,0,0,0,0,0,0,0.0794251513312949,0,0.011980773957997687,0.0013410018624914674,0,0
Clostridium_SGB6179,Species,Clostridium_SGB6179,0,0,0.2733910554722705,1.1579502733281954,0,0,0,0,0,0,0.6009874093648084,14.591741748394552,0,0,0,0,0,0,0,0,0.2649937199210332,0.23659287026734094,0,0,0,0,0,0,0,0,0,0,0,0,0,0,0,0,0,0,0,0,0,0,0,0.013200002640000529,0,0.00769137367933913,0.006653982156657289,0.1066502685949233,0,0,0,0.023494948036056392,0,0.09420810756074346,0,0,0,0.04800502021653686,0,0.03412333508604556,0.013005580685661423,0.009260398197122476,0,0,0,0
GGB9512_SGB14909,Species,GGB9512_SGB14909,0,0,0,0,0,0,0,0,0,0,0,0,0,0,0,0,0,0,0,0,0.2433587097739724,0.044322332282611135,0,0,0,0,0,0,0.47442113080882337,0.0873953861605245,0,0,0,0,0,0,0,0,0,0,0,0,0,0,7.026430085382418,0,0,0,0,0,0,0,0,0,0,0,0,0,0,0,0,0,0.10930094252914993,0,0,0,0,0
Streptococcus_sp_F0442,Species,Streptococcus_sp_F0442,0,0,0,0,0,0,0,0,0,0,0,0,0,0,0,0,0,0,0,0,0.22097039147415876,0,0,0,0,0,0,0,0,0,0,0,0,0,0,0,2.509294488868364,0,0,0,0,0,0,0,0,0,0,0,0,0,0,0,0,0,0,0,0,0.0044932549138596,0.009453472870911412,0,0,0,0,0,0,0,0,0
Carnobacterium_divergens,Species,Carnobacterium_divergens,0,0,0.01979624431799578,0,0,0,0,0,0,0,0,0,0,0,0,0,0,0,0,0,0.1911193004077406,0,0,0,0,0,0,0,0,0,0,0,0,0,0,0,0,0,0,0,0,0,0,0,0,0.0027400005480001095,0,0,0,0,0,0,0,0,0,0,0,0,0,0,0,0,0,0,0,0,0,0
Blautia_luti,Species,Blautia_luti,0,0,0,2.5029379980363213,0,0,0,0,0,0,0,0.0013827236850777168,0,0,0,0,0,0,0,0,0.17988998687737198,0.6853777789891903,0,0,0,0,0,0,0,0,0.29611379270206645,1.5821442392981537,0,0,0,0,0,0,0,0,0,0,0,0,0,0,0,0,0,0,0,0,0,0,0,0,0,0,0,0,0,0,0,0,0,0,0,0
Faecalibacillus_SGB6753,Species,Faecalibacillus_SGB6753,0,0,0,0.0098214611817489,0,0,0,0,0,0,0,0,0,0,0,0,0,0,0,0,0.17171408239282812,0,0.23454606296224803,0.3378697893040018,0,0,0,0,0,0,0.5105361734573616,0.16043144388299496,0,0,0,0,0,0,0,0,0,0,0,0,0,0,0,0.25074478301824704,0,0,0,0,0,0,0,0,0,0,0,0,0,0,0,0,0,0,0,0.012864791046105432
Clostridium_sp_AT4,Species,Clostridium_sp_AT4,0,0,0,0,0,0,0,0,0.06344420635088106,0,0.16457156306260012,0.02998592750632041,0,0,0,0,0,0,0,0,0.14071796293422564,0.0022947804867099143,0,0,0.09132190837685235,0,0,0.17285055204012006,0.36186532171968105,0.016643878973162798,0,0,0,0,1.4246165611010542,0,0,0,0,0.02669462666600353,0,0,3.8125015388366337,0,0,0,0,0,0,0.35102790434827835,0,0,0,0,0,0,0,0,0,0,0,0.031821086018931896,0,0,0.04707304091844333,0.0056342093177813145,0,0
Lactococcus_carnosus,Species,Lactococcus_carnosus,0,0,0,0,0,0,0.03497084014946983,0,0,0,0,0,0,0,0,0,0,0,0,0,0.07132321590263643,0,0,0,0,0,0,0,0,0,0,0,0,0,0,0,0,0,0,0,0,0,0,0,0,0,0,0,0,0,0,0,0,0,0,0,0,0,0,0,0,0,0,0,0,0,0,0
Eggerthella_sinensis,Species,Eggerthella_sinensis,0,0,0.0012253383088764512,0,0,0,0,0,0,0,0,0,0,0,0,0,0,0,0,0,0.04806106014562953,0.005070562996835007,0,0,0,0,0,0,0,0,0,0.01337012033108298,0,0,0,0,0,0,0,0,0,0,0,0,0,0,0,0,0,0,0,0,0,0,0,0,0,0,0,0,0,0,0,0,0,0,0,0
Clostridium_cuniculi,Species,Clostridium_cuniculi,0,0,0,0,0,0,0.10200752997738342,0,0,0,0,0,0,0,0,0,0,0,0,0,0.04646404686179357,0,0,0,0,0,0,0,0,0,0,0,0,0.015339175895020402,0,0,0,0,0,0,0,0,0,0,0,0,0,0.01754313320359016,0,0,0,0,0,0,0,0,0,0,0,0,0,0,0,0,0,0,0,0
Leuconostoc_gelidum,Species,Leuconostoc_gelidum,0,0,0,0,0,0,0,0,0,0,0,0,0,0,0,0,0,0,0,0,0.039855023334975544,0,0,0,0,0,0,0,0,0,0,0,0,0,0,0,0.005410139040573343,0,0,0,0,0,0,0,0,0,0,0,0,0,0,0,0,0,0,0,0,0,0,0,0,0,0,0,0,0,0,0
Clostridium_SGB4750,Species,Clostridium_SGB4750,0,0,0,0,0,0,0,0,0,0,0,0.026372678752613673,0,0,0,0,0,0,0,0,0.03743439313746317,0.017205843212580448,0,0,0,0,0,0,0,0,0,0,0,0,0,0,0,0.016603278259607255,0,0,0.18832854012016115,0,0.045029112286932425,0,0.006881478305814098,0.015520003104000622,0,0,0,0,0,0,0,0,0,0,0,0,0,0,0,0,0,0,0,0.16387242909177446,0,0
Actinomyces_gerencseriae,Species,Actinomyces_gerencseriae,0,0,0,0,0,0,0.05437779037951885,0,0,0,0,0,0,0,0,0,0,0,0,0,0.03234203002485415,0,0,0,0.007590989865078406,0.0211,0,0,0,0,0,0,0,0,0,0,0,0,0,0,0,0,0,0,0,0,0.21108601127352325,0.021483837013290572,0,0,0,0.009780002934000881,0,0,0.07826035551847035,0,0,0,0,0,0,0,0,0,0,0,0,0
Phascolarctobacterium_faecium,Species,Phascolarctobacterium_faecium,0,0.4118608883324347,0,0,0,0,0,0,0,0,0,0,0,0,0,0,0,0,0,0,0.0244674488014114,0.013267639145868673,0,0,0,0,0.19410761363972878,0.03267241388923271,0,0,0.004368793237871351,0,0,0,0,0,0.082422118248439,0.007634498341728774,3.844112621145515,0.2442609090180133,0,0,0,0,0,0,0,0,0,0,0,0,0,0,0,0,0,0,0,0,0,0,0.0956145462263792,0.21159909876124675,0,0,0,0
Streptococcus_constellatus,Species,Streptococcus_constellatus,0,0,0,0,0,0,0,0,0,0,0.12640569041753405,0,0,0,0,0,0,0,0,0,0.023774405300878806,0,0,0,0,0,0,0,0,0,0,0,0,0.046437779079445324,0,0,0,0,0,0,0.10495538719720622,0,0,0,0,0,0,0,0,0,0,0,0,0,0,0,0,0,0,0,0,0,0,0,0,0,0,0
GGB12794_SGB19881,Species,GGB12794_SGB19881,0,0,0,0,0,0,0,0,0,0,0,0,0,0,0,0,0,0,0,0,0.020901790211714746,0,0,0,0,0,0,0,0,0,0,0,0,0,0,0,0,0,0,0,0.031491625962846694,0,0,0,0,0,0,0,0,0,0,0,0,0,0,0,0,0,0,0,0,0,0,0,0,0,0,0
Sutterella_wadsworthensis,Species,Sutterella_wadsworthensis,0,0,0,0,0,0,0,0,0,0,0,0.34529739207210836,0,0,0,0,0,0,0,0,0.019053674210294507,0,0,0,0,0,0.0037872690949373677,0,0,0,0,0,0,0,0,0,0,0,0.0065025898032384346,0,0,0,0,0,0,0,0,0,0,0,0,0,0.02536000760800228,0,0,0,0,0,0,0,0,0,0,0,0,0,0,0
Fusicatenibacter_sp_CLA_AA_H277,Species,Fusicatenibacter_sp_CLA_AA_H277,0,0,0,0.05865253849475672,0.00901293702343093,0,0,0,0,0.008869999113000088,0,0.03194394498737937,0,0,0,0,0,0,0,0,0.017607322557009107,0.06230980378324125,0,0,0,0,0,0,0,8.11163776670389e-4,0.1830875878767695,0.06479058311524803,0,0.3104557146084788,0,0,0,0,0,0,0,0.03046146197513206,0,0.011640002328000465,0,0,0,0,0,0,0,0,0,0.10351179958499261,0,0,0,0,0,0,0,0,0.03165792619558231,0,0,0,0,0.025032823393481448
Lachnospiraceae_bacterium,Species,Lachnospiraceae_bacterium,0,0,0.022658714957584213,0.6515823345879227,0,0,0,0,0,0,0.0010206919270573521,0.015119124673331529,0,0.01783766023671518,0,0,0,0,0,0,0.014232502032676498,0.059293520261408564,0,0,0,0,0.001611603870186114,0,0,0,0.14473259620911275,0.11129100161901458,0,0.20326159108378633,0,0,0,3.8241513191680787,0,0.02951634005503356,0,0.04367014743528675,0,0,0,0.026140005228001046,0,0,0,0,0,0,0,0,0,0,0,0,0,0,0,0,0.055556556754992485,0,0,0,0,0
Solobacterium_SGB6834,Species,Solobacterium_SGB6834,0,0,0,0,0,0,0,0,0,0,0,0,0,0,0,0,0,0,0,0,0.01365998783658436,0,0,0,0,0,0,0,0,0,0,0,0,0,0,0,0,0,0,0,0,0,0,0,0,0,0,0,0,0,0,0,0,0,0,0,0,0,0,0.002131110734915038,0,0,0,0,0,0,0,0
Leuconostoc_carnosum,Species,Leuconostoc_carnosum,0,0,0,0,7.11811489058505e-4,0,0,0,0,0,0,0,0,0,0,0,0,0,0,0,0.011942445248307945,0,0,0,0,0,0,0,0.027306616905714055,0.015782643358426336,0,0,0,0,0,0,0,0,0,0,0,0,0,0,0,0.008300001660000332,0,0,0,0,0,0,0,0,0,0,0,0,0,0,0,0,0,0,0,0,0.7928032568933139,0
Anaeroglobus_geminatus,Species,Anaeroglobus_geminatus,0,0,0,0,0,0,0,0,0,0,0,0,0,0,0,0,0,0,0,0,0.009823138311896695,0,0,0,0,0,0,0,0,0,0,0,0,0,0,0,0,0,0,0,0.1995805591962912,0,0,0,0,0,0,0,0,0,0,0,0,0,0,0,0,0,0,0,0,0,0,0,0,0,0,0
Eubacterium_ventriosum,Species,Eubacterium_ventriosum,0,0.0038468265784461103,0,0.1446107852125216,0.7886269767932411,0.590366130407181,0.08359917022174962,0,1.0033065192222244,1.2531898746810126,0,0.2643727314374139,0,0,0,0,0,0,0,0,0.007633522614561849,0,0,0,0,0,0,0.28234318077657755,0,0.6336090388880927,0,0,0,0.035661332609166804,0,0,0,0,0,0,0.36490408079570913,0.5851558318056495,0,0,0,0.05132001026400205,0,0,0,0,0,0.20183006054901817,0,0,0,0,0,0,0,0,0,0.36318479522645675,0,0,0,0.06513866509669373,0,0
GGB3819_SGB5184,Species,GGB3819_SGB5184,0,0,0,0,0,0,0,0,0,0,0.006544436473485377,0,0,0,0,0,0,0,0,0,0.007010787874952856,0,0,0,0,0,0.027790094236521807,0,0.2885395843658136,0.03724343315354539,0,0,0,0,0,0,0,0,0,0,0.727122906816349,0,0,0,0,0,0,0,0,0,0,0,0,0,0,0,0,0,0,0,0,0,0.009180998836606254,0.03353144185199963,0,0,0,0
Pseudoflavonifractor_phocaeensis,Species,Pseudoflavonifractor_phocaeensis,0,0,0,0,0,0,0,0,0,0,0,0,0,0,0,0,0,0,0,0,0.006789817483478696,0,0.025812800154021126,0,0,0,0,0,0.3311691945260011,0.02685853393864177,0,0,0,0,0,0,0,0,0.014571572078889296,0.05106489230291398,0,0,0,0,0.0015626064275211051,0,0,0,0,0,0,0,0,0,0,0,0,0,0,0,0,0,0,0,0,0,0,0
Bacteroides_caccae,Species,Bacteroides_caccae,0,0,0,0.20240394585387525,0.17514572836411382,0.1372383989900182,0,0,0,0,1.6305053195561272,0.11238414768861588,0,0,0,0,0,0,0,0,0.005835627156658466,0.1246196075664825,0,0,0,0,0,0,0.10655898319504867,0.017264769765182108,0,0.07751069759627836,0,0,0.13031870945850565,0,0.04645119379568055,0.04989009231723678,1.3852371219352038,0.07385175042655577,0,0,0,0,0,0.32862006572401314,0,0,0,0.15257943425650322,0,0,0,0,0,0,0,0,1.002392012038097,0,0.9903698019260396,0.01376344550991864,0,0,0,0.0018613906449508426,0,0
GGB4456_SGB6141,Species,GGB4456_SGB6141,0,0,0.011319313722161972,0.03169467368860218,0,0,0,0,0,0,0.04893317179716129,0,0,0,0,0,0,0,0,0,0.005453951025930373,0,0,0,0,0,0,0,0,0,0,0.49750447754029786,0,0,0,0,0,0,0,0,0,0,0,0,0,0,0,0.00193034475957406,0,0,0,0.014100004230001267,0,0,0,0,0,0,0,0.011185830054624469,0,0,0,0,0,0,0,0.09455722398409047
Alistipes_onderdonkii,Species,Alistipes_onderdonkii,0,0.008485057583187124,0,4.910730590874451e-4,0,0,0.01739968250874977,0,0,0,0.07148846202840907,0.018762652047879382,0,0,0,0,0,0,0,0,0.0054137745911168895,0.012055113211842912,0,0,0,0,0.1251007504231971,0.022190479057874777,0.29683285362068895,0.021330603016147268,0,0,0,0,0,0,0,0,0.1773115057916331,3.6338187424699333,0.0013025489580560199,0,0,0.017770003554000713,0.04584647191515448,0.04295000859000172,0,0,0.03267598499320659,0.012015943623878316,0.02130000426000085,0,0,0,0,0,0,0,0,0.1100373514675849,0,0.022011503037317158,0.3056762000877051,0.39628704034273476,0,0,0,0
Bacteroides_thetaiotaomicron,Species,Bacteroides_thetaiotaomicron,0,0,0,0.05614601975566456,0.09800942418360485,0.20169234357142657,0.07621565277455841,0,0,0,0.0905113576493505,0.16964101969916978,0,0,0,0,0,0,0,0,0.004459584264296659,0.017506469477214934,0,0,0,0,0.07092064281237768,0.017233355138596217,0.12145076656081633,0.005768275745211655,0,0,0,0.1802078003061431,0.034052020933264156,0,0,0,0,0,0.005170117402745433,0,0.30271293645660624,0,0,0.3105800621160124,0,0.011242007822597115,0,0,0,0,0,0,0,0,0,0,0,0,0,0,0.04150972865492861,0.005940255430983532,0,0,0,0
GGB9614_SGB15049,Species,GGB9614_SGB15049,0,0,0,0,0,0,0,0,0,0,0,0,0,0,0,0,0,0,0,0,0.004419407829483176,0,0,0,0,0,0,0,0,0,0,0,0,0,0.06932806854709939,0,0,0,0,0,0,0,0,0,0,0,0,0,0,0,0,0,0,0,0,0,0,0,0,0,0,0,0,0,0,0,0,0
Barnesiella_intestinihominis,Species,Barnesiella_intestinihominis,0,0,0,0,0,0,0,0,0.7005164442402532,0.014459998554000144,0,0.03714177489843794,0,0,0,0,0,0,0,0,0.004258702090229242,0.02276742910831845,0,0.05028029748862155,0,0,0.11350727508204575,0,0,0.0051173418503527015,0,4.2000378003402024e-4,0,0,0,0,0,0,0,0,0,0,0,0,0,0.6088801217760244,0,0,0,0.01732741161441669,0,0,0,0,0,0,0,0,0,0,0,0,0,0,0,0,0,0
Lancefieldella_rimae,Species,Lancefieldella_rimae,0,0,0,0,0,0,0,0,0,0,0,0,0,0,0,0,0,0,0,0,0.004188393329305646,0,0,0,0,0,0,0,0,0,0,0,0,0,0,0,0.006860176306531078,0,0,0,0,0,0,0,0,0,0,0,0,0,0,0,0,0,0,0,0,0,0,0,0,0,0,0,0.03240209317521912,0,0,0
Lachnospira_eligens,Species,Lachnospira_eligens,0,0,0,0.0010435302505608208,0.17501539668301863,0.8691831940114735,0,0,0,0,0,0.055127275678061964,0,0,0,0,0,0,0,0,0.0036761437854337326,0.007114821596349515,1.0156430254761337,0.04068665770562821,0,0,0,0,0,0.004145948191870878,0,0.1351912167209505,0,0,0,0.18418841532011976,0,0,0,0.11378203989577931,0,0,0,0,0,0,0,0,0,0,0,0,0,0,0,0,0,0,0,0,0,0,0,0,0,0,0,0
GGB3433_SGB4573,Species,GGB3433_SGB4573,0,0,0,0,0,0.004260260727956551,0,0,0,0,0,0,0.011790227781942669,4.278751062810535,0,0,0,0,0,0,0.0027018652412067593,0,0.1003785843400648,0,0,0,0,0,0,0,0,0,0,0,0,0,0,0,0,0,0,0,0,0,0,0,0.7973860340574102,0.29438257672820367,0,0,0,0,0,0,0,0,0,0,0,0,0,0,0.006557856311861609,0,0,0,1.833516027064867,0
Haemophilus_parainfluenzae,Species,Haemophilus_parainfluenzae,0,0,0,0,0,0,0,0,0,0,0,0.042117561589994974,0,0,0,0,0,0,0,0,0.0022800126756651836,0,0,0,0,0,0,0,0,0,0,0.016530148771338942,0,0,0,0,0,0,0,0,0,0,0,0,0,0.0027600005520001104,0,0,0,0,0,0,0,0,0,0,0,0,0.008987884271273375,0,0,0,0,0,0,0,0,0
Streptococcus_cristatus,Species,Streptococcus_cristatus,0,0,0,0,0,0,0,0,0,0,0,0,0,0,0,0,0,0,0,0,0.001496572196802257,0,0,0,0,0,0,0,0,0,0,0,0,0,0,0,0.05035129402825653,0,0,0,0,0,0,0,0,0,0,0,0,0,0,0,0,0.003240682487731916,0,0,0,0,3.64373686673245e-4,0,0,0,0,0,0,0,0,0.008997275370549404
Candidatus_Nanoperiomorbus_periodonticus,Species,Candidatus_Nanoperiomorbus_periodonticus,0,0,0,0,0,0,0,0,0,0,0,0,0,0,0,0,0,0,0,0,0.0011651166095910188,0,0,0,0,0,0,0,0,0,0,0,0,0,0,0,0,0,0,0,0,0,0,0,0,0,0,0,0,0,0,0,0,0,0,0,0,0,0,0,0,0,0,0,0,0,0,0
Klebsiella_pneumoniae,Species,Klebsiella_pneumoniae,0,0,0.04370038509771671,0.0600848349170951,0,0,0,0,0,0,0,0.013322593170091867,0,0,0,0,0,0,0,0,0,9.447951973551302,0,0,0,0,0,0,0,0,0,0,0,0,0,0,0,0,0,0,0,0,0,0,0,0,0,0,0.007429105645405566,0.06224439186647892,0,0,0,0,0,0,0,0,0.002884625019496523,0,0,0,0,0,21.341138637555986,0,0.1594126429942634,0
Ruminococcus_callidus,Species,Ruminococcus_callidus,0,0,0.1519319065440498,0.06312334947019867,0,0,0,0,0,0,0,0.009527672691338428,0,0,0,0,0,0,0,0,0,1.0192432876167632,0,0,0,0,0,0,0,0.24688420476858147,0.8023816049500134,0.6441457973121758,0,0,0,0,0,0,0,0,0,0,0,0,0.24627077966047367,0,0,0,0,0,0,0,0,0,0,0,0,0,0,0,0,0,0,0,0,0,0,0
Blautia_SGB4815,Species,Blautia_SGB4815,0.12940001294000128,0,0.028383656236761073,0.0936210325772752,3.208164457728473e-4,0.00813049758645229,0.062275733222620915,0.31736,0,0,0.002972014728784643,0.197951530185615,0,0,0,0,0,0,0,0,0,0.6968316396717642,0,0,0,0,0.12634974342259134,1.0077863339696496,0,0,0,0.0737506637559738,0,0,0,0,0,0,0,0,0,0,0,0,0.004217034012733239,0.09439001887800377,0,0.0690123256013524,0,0,0.00949000189800038,0.5610701683210505,0,0,0,0,0,0,0.09004078657347742,0,0,0,0.045514526402630345,0.512822051348208,0,0,0,0
Faecalibacillus_intestinalis,Species,Faecalibacillus_intestinalis,0.8732800873280088,1.918424436004133,0,0.023612429591121316,0,0,0,0,0,0,0.07829307487545807,0.20989139967062917,0,0,0,0,0,0,0,0,0,0.5447548332686653,0,0.5948998244060523,0,0,0,0,0.0466609212127387,0.27447378754298796,0.19903619399571135,0.46716420447784035,0,0,0,0,0,0,0,0,0.06280289899303948,0.26868055694578175,0,0.014860002972000595,0,0.0015100003020000604,0,0,0,0,0,0.2689400806820242,0,0,0,0.09877092190463078,0,0,1.4175857065109632,0,0,0,0.05849007110518401,0.6260869217376347,0,1.68895181590166,0,0
Lentihominibacter_faecis,Species,Lentihominibacter_faecis,0.09770000977000097,0.023371475019569727,0.17200937604768937,0.8972314017076861,0,0,0.12184821142359259,0.15927,0,0,0,0,0,0,0,0,0,0,0,0,0,0.3069995414447377,0,0,0,0,0.036734495716054735,0.23112970421176104,0,0,0,0,0,0,0,0,0,0,0,0,0,0,0.041816321656991264,0.125320025064005,0.028307216437016943,0.0650500130100026,0,0.050399001261625324,0,0,0.0068200013640002735,0.355960106788032,0,0,0,0,0,0,0,0,0,0,0,0,0,0,0,0
Roseburia_intestinalis,Species,Roseburia_intestinalis,0.012230001223000121,0,0.005875597628628885,0.057946620972318515,0.16442845397251465,0,0,0,0.10869720662479922,3.3756096624390337,0,0.00472346485121439,0,0,0,0,0,0,0,0,0,0.2571356650173642,0.3431248462462698,0,0,0,0.02859589617161486,0,0,0.05862410800775873,0.00221954782889556,0.048760438843949594,0,0.24615725126770835,0.005999737335913956,0,0,0,0,0,0,0,0,0,0,0.00401000080200016,0,0,0,0,0,0,0,0.025475365111892564,0,0.11060822315204018,0,0,0,0.014537576985124647,0,0,0.026311521202400476,0.018190782203634754,0,0,0,0
Clostridium_sp_AM49_4BH,Species,Clostridium_sp_AM49_4BH,0,0,0.28000989109152935,0,0,0,0,0,0,0,0,0,0,0,0,0,0,0,0,0,0,0.19373358580595096,0.03999252304841632,0.363093633924282,0,0,0,0,0,0.17600251080224796,0.40106526243943574,0.12759114832033489,0,0,0,0,0,0,0,0,0,0,0,0,0.029959973235356575,0.006200001240000248,0,0,0,0,0,0.012200003660001098,0,0.01143240766505426,0,0.029898441358630005,0,0,0,0,0,0,0,0,0,0,0,0
Jutongia_hominis,Species,Jutongia_hominis,0,0,0,0,0.09860092950549854,0.22799395322993768,0,0,0,0,0,0,0,0,0,0,0,0,0,0,0,0.17385216883812357,0,0,0,0,0,0,0,0,0,0,0,0,0,0,0,0,0,0,0,0,0,0,0,0,0,0,0,0,0,0,0,0,0,0,0,0,0,0,0,0,0,0,0,0,0,0
Roseburia_inulinivorans,Species,Roseburia_inulinivorans,0,0,0,0.022047134215280085,0.006396277887596143,0,0,0,0.03322220263203451,0.18628998137100186,0.49136309504212905,1.336992874734015,0,0,0,0,0,0,0,0,0,0.15268807980785573,0.4498394849256405,1.31048910195999,0,0,0,0,0,0,0,0,0,0,0,0,0,0,0,0,0,0,0,0,0.04319204432994234,0.13707002741400548,0,0,0,0,0,0,0,0.032056751151792566,0,0,0,0,0.08118448168905827,0,0,0.07775595979712582,0,0,0,0,0,0.03306069535710297
Ruminococcus_bicirculans,Species,Ruminococcus_bicirculans,0,0,0.02118228273295439,0.017228479822984533,0.16362641285808255,0,0,0,0,0,0,0.06054714880862207,0,0,0,0,0,0,0,0,0,0.13632399013625182,2.956981552608351,0,0,0,3.7978251002870866,0,0,5.109140083277478,0,0,0,0.10183091525350464,0,0,0,0,0,0,0,0,0,0,0,0,0,0,0,0,7.878261575652315,0.053330015999004804,0,0,0,0,0,0,0.02289481331263556,0,0,0.7056093097346798,0.12916473935775058,0.4110376746200087,0,0,0,0
Faecalibacterium_SGB15346,Species,Faecalibacterium_SGB15346,0,0.2822609001934834,0,0.17429001322111906,0,0,0,0,0,0,0.03545403428984509,1.941424796838024,0,0,0,0,0,0,0,0,0,0.125792049998557,0,0,0,0,0,0,0.2889707942545193,0.06431226881206467,0.06564237379937277,0.09008081072729655,0,0,0,0,0,0,0,0,0,0,0,0,0,0.001150000230000046,0,0,0,0,0,0,0,9.201937928127663e-4,0,0,0,0,0.37927252186166205,0,0,0.06103962961417008,0.08389050081998234,0.02881123888327198,0,0.31631631992261416,0,0.13846311995619912
Enterobacter_kobei,Species,Enterobacter_kobei,0,0,0,0,0,0,0,0,0,0,0,0,0,0,0,0,0,0,0,0,0,0.0936049979316913,0,0,0,0,0,0,0,0,0,0,0,0.04668792871895968,0,0,0,0,0,0,0,0,0,0,0,0,0,0,0,0,0,0,0,0,0,0,0,0,0.008137679002369138,0,0,0,0,0,0,0,0,0
Blautia_sp_OF03_15BH,Species,Blautia_sp_OF03_15BH,0,0,0,0,0,0,0,0,0,0,0,0.009477208323269898,0,0,0,0,0,0,0,0,0,0.08553819316399924,0,0.025213382635784005,0,0,0,0,0,0,0.003233911316309368,0,0,0,0,0,0,0,0,0,0,0,0,0,0,0.01174000234800047,0,0,0,0,0,0,0,0,0,0,0,0,0,0,0,0,0,0,0,0,0,0
Roseburia_hominis,Species,Roseburia_hominis,0,0,0,0.014701499706430386,0.4280192662306303,0.823580403120671,0,0,0,0,0.004673167940546897,0.033165182694637786,0,0,0,0,0,0,0,0,0,0.07150896748105653,1.1363132822340398,0.2375498199701708,0,0,0,0,0,0.37427697517628544,0.013789317507120381,0.006600059400534604,0,0,0,0,0,0.20578032849611116,0,0.11438089273733605,0.4671140955736281,0,0,0,0.06657104049554656,0.0023600004720000945,0,0,0,0,0,0.10378003113400934,0,0.1925105427202969,0,0.0022814071719436547,0,0,0.018532450563853095,0,0,0,0.019523389020046016,0,0,0,0,0.07639100805634819
Eubacterium_sp_AF16_48,Species,Eubacterium_sp_AF16_48,0.17340001734000174,0,0,0.17575300170965039,0.021183910934938325,0,0,0,0,0,0,0,0,0,0,0,0,0,0,0,0,0.0556058380818922,0,0.37904816028095034,0,0,0,0,0,0,0,0,0,0,0,0,0,0,0,0,0,0,0,0,0,0,0,0,0,0,0,0,0,0,0,0,0,0,0,0,0,0,0,0,0,0,0,0
Lachnospiraceae_bacterium_CLA_AA_H244,Species,Lachnospiraceae_bacterium_CLA_AA_H244,0.27349002734900274,0,0,0.04722485918224263,0.2542069312192599,0,0,0,0,0,0.028179102613661803,0.010647981662459787,0,0,0,0,0,0,0,0,0,0.04723840704956566,0,0.1596394214271486,0,0,0,0,0,0.10184611862639328,0,0.09981089829808468,0,0,0,0,0,0,0,0,0,0,0,3.8000007600001517e-4,0,0,0,0,0,0,0,0,0.1676100502830151,0,0,0.1324116715189929,0,0,1.0248009937685016,0,0,0.0073571872362110545,0,0,0,0,0,0
Eubacteriaceae_bacterium,Species,Eubacteriaceae_bacterium,0,0,0.0689202579959853,0.27260693192591795,0,0,0,0,0,0,0.011587855407180526,0,0,0,0,0,0,0,0,0,0,0.01727598934099516,0,0.039452143535079455,0,0,0,0,0,0.37684065328526833,0,0,0,0.7419638427707455,0,0,0,0,0,0,0,0,0,0,0.018410709062716614,0.03657000731400146,0,0,0,0,0,0,0,0,0,0.02976836112514199,0,0,0,0,0,0,0,0,0,0,0,0
Anaerotignum_faecicola,Species,Anaerotignum_faecicola,0,0,0,0,0,0,0,0,0,0,0,0.01369602949379899,0,0,0,0,0,0,0,0,0,0.010531940137694845,0,0,0,0,0,0,0.4424714864968127,0.1294156726655733,0,0,0,0,0.19688770147153087,0,0,0,0,0,0,0,0,0,0.026353958402615563,0.00601000120200024,0,0,0,0,0,0,0,0,0,0,0,0,0,0,0,0,0,0,0,0,0,0
Bacteroides_ovatus,Species,Bacteroides_ovatus,0,0,0,0.009627078095860121,0.27375668338354275,0.287847616274116,0.0011902391513231726,0,1.4082133645460693,0.004409999559000044,0.026427915483906543,0.00919460786208613,0.27542214779121305,0,0,0,0,0,0,0,0,0.009048850565498045,0,0,0,0,0.09577963250999849,0.03773091048579713,0.009817546070765354,0.00984412336379003,0,0,0,0,0,0,0,0,0.04493073144551438,0.1361019958039701,0,0,0.3149235425890929,0,0,0.00350000070000014,0.007721317256723996,0.20342633194288498,0,0.2266393369925005,9.900001980000395e-4,0,0.15645004693501408,0.00827174202887128,0,0,0,0,0,0,0.08433998313200337,0.004454351455937306,0.07603108524011766,0,0,0.011918904613636847,0,0
Wansuia_hejianensis,Species,Wansuia_hejianensis,0,0.44116288766044226,0.0025812454539446555,0.04256989580964289,0,0,0,0,0.09518631085240951,0.035419996458000355,0.006074117644351105,0,0,0,0,0,0,0,0,0,0,0.006293109806348585,0.038709013648492614,0.02920986071332321,0,0,0.2115330804861161,0.055684011633122955,0.29973098519826935,0.09537683714825661,0.042623352877071294,0.001390012510112591,0,0.020332162699726975,0,0,0,0,0.8416989340080913,0.03907768542361734,0,0.017725593130839726,0.02575236850728543,0.00550000110000022,0.003575964709134837,0,0,6.40114324418341e-4,0,0,0.010430002086000418,0.011120003336001001,0,0,0,0,0,0,0,0,0,0.14150823939906895,0.05703833192164212,0.32592401473263355,0,0,0,0
Clostridium_fessum,Species,Clostridium_fessum,0,0,0,0.006915945582148184,0.14659306469033043,0.4920701146910191,0.5333885281522829,0,0.5479463288416022,0.013569998643000136,0.06847642016523002,1.5159092452841805,0,0,0,0,0,0,0,0,0,0.0032267219070768226,0,0.016979800837293543,0,0,0,0,0.3879585340548511,0.022161795528044086,0,0,0,0,1.9139764081900226,0,0,0,0,0,0.16592469804159762,0,3.101393870716104,0.05705001141000228,0.009666123093319658,0,0,0,0,0,0,0,0,0,0,0,0.0031300003130000317,0,0.06419049780226999,0,0,0.0064763267235762615,0,0,0.5253639385104277,0.04388278482854541,0,0
GGB3109_SGB4121,Species,GGB3109_SGB4121,0,0.015136861875083524,0,0,0.13898369961715568,0.5119213295853706,0.20239108958728358,0,0,0,0.013409090022126,0,0.0025784803468227964,0,0,0,0,0,0,0,0,0.0026655528797591144,0.0798729936889028,0.04836575432582135,0.39144104391212614,0,0,0,0.09587901734687185,0.024715459269413827,0,0.0023800214201927816,0.014807932464561057,0,0,0,0.0019800508873078037,0,0.02282604819995742,0,0.004027882162604,0,0.03215793238006533,0,0,0,0,0,0,0.03584739811727501,0.001300000260000052,0,0,0,0,0.016920436525248772,0,0,0.010860360161121995,0,0,0,0,0,0,0.0168425830938294,0,0
Mediterraneibacter_massiliensis,Species,Mediterraneibacter_massiliensis,0,0,0,0,0,0,0,0,0,0,0,0,0,0,0,0,0,0,0,0,0,0.0016534444554896761,0,0,0,0,0,0.007562401725525164,0,0,0,0,0,0,0,0,0,0,0,0,0,0,0,0,0,0,0,0,0,0,0,0,0,0,0,0,0,0,0,0,0,0,0,0,0,0,0,0
Clostridium_sp_1001270J_160509_D11,Species,Clostridium_sp_1001270J_160509_D11,0,0,0,0.010384149061953266,0,0,0,0,0,0,0.05218537646670678,0.05964888305700223,0,0,0,0,0,0,0,0,0,9.62004046830357e-4,0,0,0,0,0,0,0,0,0,0.29229263063367567,0,0,0,0,0,0,0,0,0,0.06984608008366641,0,0,0,0,0,0,0,0.06924951663135877,0,0.023070006921002077,0,0,0,0,0,0.0070751252207098825,0,0,0,0,0,0,0,0,0,0.08140969027763108
Klebsiella_grimontii,Species,Klebsiella_grimontii,0,0,0,0,0,0,0,0,0,0,0,0,0,0,0,0,0,0,0,0,0,3.908141440248325e-4,0,0,0,0,0,0,0,0,0,0,0,0,0,0,0,0,0,0,0,0,0,0,0,0,0,0,0,3.2845316322471847,0,0,0,0,0,0,0,0,0.08771284357528725,0,0,0,0,0,0,0,0,0
Achromobacter_xylosoxidans,Species,Achromobacter_xylosoxidans,0,0,0,0,0,0,0,0,0,0,0,0,0,0,0,0,0,0,0,0,0,0,0,0,0,0,0,0,0,0,0,0,0,0,0,0,0,0,0,0,0,0,0,0,0,0,0,0,0,0,0,0,0,0,0,0,0,0,0,0,0,0,0,0,0,0,0,0
Pseudomonas_aeruginosa,Species,Pseudomonas_aeruginosa,0,0,0,0,0,0,0,0,0,0,0,0,0,0,0,0,0,0,0,0,0,0,0,0,0,0,0,0,0,0,0,0,0,0,0,0,0,0,0,0,0,0,0.0016714518230535043,0,0,0,0,0,0,0,0,0,0,0,0,0,0,0,0,0,0,0,0,0,0,0,0,0
Neisseria_bacilliformis,Species,Neisseria_bacilliformis,0,0,0,0,0,0,0,0,0,0,0,0,0,0,0,0,0,0,0,0,0,0,0,0,0,0,0,0,0,0,0,0,0,0,0,0,0,0,0,0,0,0,0,0,0,0,0,0,0,0,0,0,0,0,0,0,0,0,0,0,0,0,0,0,0,0,0,0
GGB9730_SGB15290,Species,GGB9730_SGB15290,0,0,0,0.002353058408127341,0.08791373165569057,0.9378773980967635,0,0,0,0,0,0,0,0,0,0,0,0,0,0,0,0,3.4711798660158797,1.8178011921640573,0,0,0,0,0,0,0,0,0,0,0,0,0,0,0,0,0,0,0,0,0,0,0,0,0,0,0,0,0,0,0,0,0,0,0,0,0,0,0,0,0,0,0,0.017923865076010317
Clostridium_leptum,Species,Clostridium_leptum,0,0,0,0.003396588658688162,0,0,0,0,0.01563103633770919,0,0,0,0,0,0,0,0,0,0,0,0,0,1.5138280311322334,0,0,0,0.0811241098154935,0,0.18240178292252401,0.11087907821351294,0,0,0,0,0,0,0,0,0.04045826872823152,0.02014784560152738,0,0,0.04597993817429819,0,0,0,0,0,0,0.00854845697345138,0.006620001324000265,0.002090000627000188,0,0,0,0.05963678396835168,0,0,0,0,0,0,0,0.21666931678062154,0,0,0,0
GGB1219_SGB1587,Species,GGB1219_SGB1587,0,0,0,0,0,0,0,0,0,0,0,0,0,0,0,0,0,0,0,0,0,0,1.385853994693809,1.7464399959156411,0,0,0,0,0,0,0,0,0,0,0,0,0,0,0,0,0,0,0,0,0,0,0,0,0,0,0,0,0,0,0,0,0,0,0,0,0,0,0,0,0,0,0,0
Prevotella_buccae,Species,Prevotella_buccae,0,0,0,0,0,0,0,0,0,0,0,0,0,0,0,0,0,0,0,0,0,0,1.377500997011766,0.4214715074129437,0,0,0,0,0,0,0,0,0,0,0,0,0,0,0,0,0,0,0,0,0,0,0,0,0,0,0,0,0,0,0,0,0,0,0.47649956725563963,0,0,0,0,0,0,0,0,0
Adlercreutzia_equolifaciens,Species,Adlercreutzia_equolifaciens,0,0,0,0.07029506227062156,0,0,0.00337906877706155,0.8035499999999999,0,0,0,0.004420678642803211,0,0,0,0,0,0,0,0,0,0,0.9149995899900528,0.4198917477540211,0,0,0,0.026468406039338074,0,0,0,0.06648059832538493,0,0.23705180438938572,0,0,0,0,0,0,0,0.6985714600446319,0,0.34183006836601365,0,0.041800008360001674,0,0.04741846893855242,0,0,0,0.11434003430201028,0,0.10377185435252664,0,0.2395677653976973,0,0,0,0,0,0,0.005076081145211964,0,0,0,0,1.0953854580198845
GGB9359_SGB14334,Species,GGB9359_SGB14334,0,0,0,0,0,0,0,0,0,0,0,0,0,0,0,0,0,0,0,0,0,0,0.8553367760586787,1.0345019509508688,0,0,0,0,0,0,0.014281434446558763,0.12239110151991367,0,0,0,0,0,0,0,0,0,0,0,0,0,0,0,0,0,0,0,0,0,0,0,0,0.06393000639300063,0,0,0,0,0,0.13554237977096562,0.01019043818884212,0,0,0,0
GGB3486_SGB4658,Species,GGB3486_SGB4658,0,0,0,0,0.08565799102135023,0,0,0,0,0,0,0,0,0,0,0,0,0,0,0,0,0,0.6714282148981825,0,0,0,0,0,0,0,0,0,0,0,0,0,0,0,0,0,0,0,0,0,0,0,0,0,0,0,0,0,0,0,0,0,0,0,0,0,0,0,0,0,0,0,0,0
GGB36331_SGB15121,Species,GGB36331_SGB15121,0,0,0,0,0,0,0.26113645244581035,0,0,0,0,0,0,0,0,0,0,0,0,0,0,0,0.6319857673068764,0.26661321290054757,0,0,0.0818392590328886,0.08740352235586858,0,0,0,0,0,0,0,0,0,0,0,0.5002451236631118,0,0,0,0,0,0,0,0.08120450312425799,0,0,0,0,0,0,0,0,0,0,0,0,0,0,0,0,0,0,0,0
GGB9640_SGB15115,Species,GGB9640_SGB15115,0,0,0,0.01396489011779922,0,0,0,0,0,0,0,0,0,0,0,0,0,0,0,0,0,0,0.6032086716339838,0.03188812874434425,0,0,0,0,0,0,0,0,0,0,0,0,0,0,0,0,0,0,0,0,0,0,0,0,0,0,0,0,0,0,0,0,0,0,0,0,0,0,0,0,0,0,0,0
Gordonibacter_pamelaeae,Species,Gordonibacter_pamelaeae,0,0,0,0,0,0,0,0,0.0236915707511408,0,0,0,0,0,0,0,0,0,0,0,0,0,0.35513482705984156,0,0,0,0,0,0,0,0.004549570889093614,0.10043090387813491,0,0,0,0,0,0,0,0,0,0,0,0,0,0,0,0.00661118075688318,0,0,0.03431000686200138,0.09048002714400814,0,0,0,0.04517786570756843,0,0,0,0,0,0,0.2644868552525926,0.08979386113602884,0,0,0,0
Negativibacillus_massiliensis,Species,Negativibacillus_massiliensis,0,0,0,0,0,0,0,0,0,0,0,0,0,0,0,0,0,0,0,0,0,0,0.313512450805173,0,0,0,0,0,0,0,0,0,0,0,0,0,0,0,0.023609244436163634,0,0,0,0,0,0,0,0,0,0,0,0,0,0,0,0,0,0,0,0,0,0,0,0,0,0,0,0,0
GGB9758_SGB15368,Species,GGB9758_SGB15368,0.43284004328400427,0,0,0.8346502787402298,0,0,0,0,0,0,0,0,0,0,0,0,0,0,0,0,0,0,0.29796772585054143,0.6480676296156184,0,0,0,0,0,0,0,0,0,0,0,0,0,0,0,0,0,0,0,0,0,0,0,0,0,0,0,0,0,0,0,0,0,0,0,0,0,0,0,0,0,0,0,0
Slackia_exigua,Species,Slackia_exigua,0,0,0,0,0,0,0,0,0,0,0,0,0,0,0,0,0,0,0,0,0,0,0.23343572546548863,0,0,0,0,0,0,0,0,0,0,0,0,0,0,0,0,0,0,0,0,0,0,0,0,0,0,0,0,0,0,0,0,0,0,0,0,0,0,0,0,0,0,0,0,0
GGB47687_SGB2286,Species,GGB47687_SGB2286,0,0.0773973493361319,0,0,0,0,0,0,0,0,0,0,0,0,0,0,0,0,0,0,0,0,0.12954277014944224,0.04517484905448769,0,0,0.10820912735880889,0.08277079100390478,0,0,0,0,0,0,0,0,0,0,0,0,0,0,0,0,0,0,0,0,0,0,0,0,0,0,0,0,0,0,0,0,0,0,0,0,0,0,0,0
Zhenpiania_hominis,Species,Zhenpiania_hominis,0,0,0.0526895472816874,0.04985414618610667,0.010677172335877574,0,0,0,0.11420757196202108,0,0,0,0,0,0,0,0,0,0,0,0,0,0.0705217109180301,0.012638077271380528,0,0,0,0.03699088994161035,0,0.004476422323106961,0,0,0,0,0,0,0,0,0,0.12536324484859682,0,0,0.009768484905989342,0.08385001677000335,0,0,0,0,0,0,0,0.06903002070900621,0,0,0,0,0,0,0,0,0,0.10397156982656357,0.3874741940845132,0,0,0,0,0
Alistipes_dispar,Species,Alistipes_dispar,0,0,0,0,0,0,0.0011599788339166515,0,0.07309484618830228,0,0.9136793832539079,0,0,0,0,0,0,0,0,0,0,0,0.0636050213739968,7.532628837246674e-4,0,0,0,0,0,0,0,0,0,0,0,0,0,0,0.003246142294802071,0.21819558533805244,0,0,0.15144154212348848,0.26134005226801044,0,0.0124700024940005,0,0,0,0,0,0,0,0,0,0,0,0,0,0,0,0,0,0,0,0,0,0
GGB3532_SGB4720,Species,GGB3532_SGB4720,0,0,0,0,0.2978179168165063,0,0,0,0,0,0,0,0,0,0,0,0,0,0,0,0,0,0.06230113880899495,0,0,0,0,0,0,0,0,0,0,0,0,0,0,0,0,0,0,0,0,0,0,0,0,0,0,0,0,0,0,0,0,0,0,0,0,0,0,0,0,0,0,0,0,0
GGB9499_SGB72735,Species,GGB9499_SGB72735,0,0,0,0,0,0,0,0,0,0,0,0,0,0,0,0,0,0,0,0,0,0,0.06116024156461833,0.003096747410868077,0,0,0,0,0,0,0,0,0,0,0,0,0,0,0,0,0,0,0,0,0,0,0,0,0,0,0,0,0,0,0,0,0,0,0,0,0,0,0,0,0,0,0,0
Brotolimicola_acetigignens,Species,Brotolimicola_acetigignens,0,0,0,0,0,0,0,0,4.659498924778712,0.0707999929200007,0,0,0,0,0,0,0,0,0,0,0,0,0.04965958987800039,0.13296136096189998,0,0,0.028928289469840746,0,0.03342378044316744,0.03705316016889432,0,0,0,0,0,0,0,0,0,0,0,0,0,0,0,0,0,0,0,0,0,0,0,0,0,0,0,0,0,0,0,0,0,0,0,0,0,0
Holdemania_sp_1001095H_141210_F2,Species,Holdemania_sp_1001095H_141210_F2,0,0,0,0,0,0,0,0,0,0,0,0,0,0,0,0,0,0,0,0,0,0,0.04922156682882009,0,0,0,0,0,0,0,0,0,0,0,0,0,0,0,0,0,0,0,0,0,0.01621705003946583,0,0,0,0,0,0,0,0,0,0,0,0,0,0,0,0,0,0,0,0,0,0,0
Hydrogeniiclostridium_mannosilyticum,Species,Hydrogeniiclostridium_mannosilyticum,0,0,0,0,0,0,0,0,0,0,3.8025777674685667e-4,0,0,0,0,0,0,0,0,0,0,0,0.041357525108652635,0,0,0,0.012469784945565058,0,0,0,0,0,0,0,0,0,0,0,0.08628555375992934,0.44826672702561976,0,0,0.009748467518886906,0,0,0,0,0,0,0,0.7049701409940281,0.15294004588201376,0,3.100652997521278e-4,0,0.026536367631555143,0,0,0,0,0,0.003773686514355874,0.01946331705383049,0,0,0,0,0
Lacrimispora_amygdalina,Species,Lacrimispora_amygdalina,0,0,0,0,0,0,0.1541662304137574,0,0,0,0.013629239261295232,0.011122346722303968,0,0,0,0,0,0,0,0,0,0,0.038026512618374454,0,0,0,0,0,0.016586538509750656,0,0,0,0,0,0,0,0,0,0,0,0.02311523420180952,0,0.00935812847038938,0,0,0,0,0,0,0,0,0,0,0,0,0,0,1.577732909719801,0,0,0,0.03532450851236573,0,0,0,0.015711738239638832,0,0
GGB9453_SGB14844,Species,GGB9453_SGB14844,0,0,0,0,0.014547020713012544,0,0,0,0,0,0,0,0,0,0,0,0,0,0,0,0,0,0.03786352729774922,0,0,0,0.06547140722631088,0.13807972373107005,0,0,0,0,0,0,0,0,0,0,0,0,0,0,0,0,0,0,0,0,0,0,0,0,0,0,0,0,0,0,0,0,0,0,0,0,0,0,0,0
Blautia_sp_An46,Species,Blautia_sp_An46,0,0,0,0,0.007990334602529979,0,0,0,0,0,0,0,0,0,0,0,0,0,0,0,0,0,0.0321182947457098,0,0,0,0,0,0,0,0,0,0,0,0,0,0,0,0,0,0,0,0,0,0,0,0,0,0,0,0,0,0,0,0,0,0,0,0,0,0,0,0,0,0,0,0,0
Dysosmobacter_welbionis,Species,Dysosmobacter_welbionis,0,0,0,0,0.10225021657616468,0.022441373412052816,0.12311914475466648,0,0.19925321048785533,0,0.10438075971701216,0,0,0,0,0,0,0,0,0,0,0,0.025517389260387897,0,0,0,0.07098107795750966,0,0.24461634453950895,0,0,0,0,0,0,0,0,0,0.014076921824443265,0,0,0,0.11879318375941342,0,0,0,0,0,0,0,0,0,0,0,0,0,3.6000003600000357e-4,0,0,0,0,0,0,0,0,0,0,0
GGB9715_SGB15267,Species,GGB9715_SGB15267,0,0,0,0,0,0,0,0,0,0,0,0,0,0,0,0,0,0,0,0,0,0,0.022726265644680797,0.10074891069817425,0,0,0,0,0,0.6252971137691246,0,0,0,0,0,0,0,0,0,0,0,0,0,0,0.5790959320146003,0,0,0,0,0,0,0,0,0,0,0,0,0,0,0,0,0,0,0,0,0,0,0
GGB2980_SGB3962,Species,GGB2980_SGB3962,0,0,0,0,0,0,0,0,0.0313820806319459,0,0,0,0,0,0,0,0,0,0,0,0,0,0.02179928663362479,0,0,0,0,0.05055455416245843,0,0,0,0,0,0,0,0,0,0,0,0,0,0,0,0,0,0,0,0,0,0,0,0,0,0,0,0,0,0,0,0,0,0.004274175441989279,0,0,0,0,0,0
Enorma_phocaeensis,Species,Enorma_phocaeensis,0,0,0,0,0,0,0,0,0,0,0,0,0,0,0,0,0,0,0,0,0,0,0.019894395698817388,0.01567205277527155,0,0,0,0,0,0,0,0,0,0,0,0,0,0,0,0,0,0,0,0,0,0,0,0,0,0,0,0,0,0,0,0,0,0,0,0,0,0,0,0,0,0,0,0
Thermophilibacter_provencensis,Species,Thermophilibacter_provencensis,0,0,0,0,0,0,0,0,0,0,0,0,0,0,0,0,0,0,0,0,0,0,0.018987789852839537,0.01006442908532125,0,0,0,0,0,0,0,0,0,0,0,0,0,0,0,0,0,0,0,0,0,0,0,0,0,0,0,0,0,0,0,0,0,0,0,0,0,0,0,0,0,0,0,0
Pseudoflavonifractor_capillosus,Species,Pseudoflavonifractor_capillosus,0,0,0,0,0.0440521082101841,0,0,0,0,0,0,0,0,0,0,0,0,0,0,0,0,0,0.01648189054822659,0,0,0,0.1057715765051524,0,0,0,0,0,0,0,0,0,0,0,0,0,0,0,0,0,0,0,0,0,0,0,0,0,0,0,0,0,0,0,0,0,0,0,0,0,0,0,0,0
Coprobacillus_sp_AF33_1AC,Species,Coprobacillus_sp_AF33_1AC,0,0,0,0,0,0,0,0,0,0,0,0,0,0,0,0,0,0,0,0,0,0,0.01618647965459336,0.046032731783174116,0,0,0,0,0,0,0,0,0,0,0,0,0,0,0,0,0,0,0,0,0,0,0,0,0,0,0,0,0,0,0,0,0,0,0,0,0,0,0,0,0,0,0,0
Massilimicrobiota_timonensis,Species,Massilimicrobiota_timonensis,0,0,0,0,0.07212354721530824,0,0,0,0,0,0,0,0,0,0,0,0,0,0,0,0,0,0.013609274272206878,0,0,0,0,0,0,0,0,0,2.816726284019766e-4,0,0,0,0,0,0,0,0,0,0.011289806325774568,0,0,0,0,0,0,0,0,0,0,0,0,0.011967381480897418,0,0,0,0.02290193648929822,0,0.007947764170818473,0,0,0,0,0.021881149374778485,0
Intestinimonas_massiliensis,Species,Intestinimonas_massiliensis,0,0,0,0,0,0,0,0,0,0,0,0,0,0,0,0,0,0,0,0,0,0,0.010196769121616081,0,0.021332781794746035,0,0.012389204752055752,0,0.1846480855985725,0.006268994125872389,0,0,0.4336249516881143,0,0,0,0,0,0,0,0,0,0,0,0,0,0,0,0,0,0,0,0,0,0,0,0,0,0,0,0,0,0,0,0,0,0,0
GGB42389_SGB59559,Species,GGB42389_SGB59559,0,0,0,0,0.09483133626766758,0.015710961510844463,0,0,0,0,0,0,0,0,0,0,0,0,0,0,0,0,0.008505796420129299,0,0,0,0,0,0,0,0,0,0,0,0,0,0,0,0,0,0,0,0,0,0,0,0,0,0,0,0,0,0,0,0,0,0,0,0,0,0,0.0015314961185582197,0,0,0,0,0,0
GGB9580_SGB14998,Species,GGB9580_SGB14998,0,0,0,0,0.07316620066407,0.20157233622697712,0,0,0,0,0,0,0,0,0,0,0,0,0,0,0,0,0.007690869817003138,0,0.0034504499386720025,0,0,0,0,0,0,0,0,0,0,0,0,0,0,0,0,0,0,0,0,0,0,0,0,0.0763448361357006,0,0,0,0,0,0,0,0,0,0,0,0,0,0,0,0,0,0
GGB9619_SGB15067,Species,GGB9619_SGB15067,0,0,0,0,0,0,0,0,0,0,0,0,0,0,0,0,0,0,0,0,0,0,0.007660310069385907,0,0,0,0,0,7.019695862651428e-4,0,0,0,0,0,0,0,0,0,0,0,0,0,0,0,0,0,0,0,0,0,0,0,0,0,0,0,0,0,0,0,0,0,0,0,0,0,0,0
Alistipes_putredinis,Species,Alistipes_putredinis,0,0.0017931821810985775,0,0.004972114723260382,0,0,0,0,0.013310882511510512,0,0.01347913750731621,0,0,0,0,0,0,0,0,0,0,0,0.005826725212352046,0,0.8911362041610227,0,0,0,0.10098333905271412,0,0,0.003080027720249482,0,0,0,0,0,0,0,0,0,0,0,0,0,0,0,0,0,0,0,0,0,0,0,0,0,0,0,0,0,0,0,0,0,0,0,0
Bittarella_massiliensis,Species,Bittarella_massiliensis,0,0.011139768633416862,0,0,0.030708149168819726,0.023501438288023226,0,0,0,0,0,0,0,0,0,0,0,0,0,0,0,0,0.0044719097346548045,0,0.006160803368759286,0,3.827559191692021e-4,0,0,0,0,0,0,0,0,0,0,0,0.1301548482011116,5.278025044228835e-4,0,0,0.009978667470564933,0,0,0,0,0,0,0,0,0,0,0,0,0.005043110590612289,0,0,0,0.011465976066725976,0,0.001281251654741517,0,0,0,0,0,0
GGB3534_SGB4722,Species,GGB3534_SGB4722,0,0,0,0,0,0,0,0,0,0,0,0,0,0,0,0,0,0,0,0,0,0,0.004237618336256034,0,0,0,0,0,0,0,0,0,0,0,0,0,0,0,0,0,0,0,0,0,0,0,0,0,0,0.1471176417001949,0,0,0,0,0,0,0,0,0,0,0,0.04665557783398602,0,0,0,0,0,0
Rubneribacter_badeniensis,Species,Rubneribacter_badeniensis,0,0,0,0,0.18193300129499562,0.09557584924197361,0,0,0.22969522879366902,0,0,0,0,0,0,0,0,0,0,0,0,0,0.003819968452153877,0,0.8360490207923112,0,0,0,0,0,0,0,0,0,0,0,0,0,0,0,0,0,0,0,0,0,0,0,0,0,0,0,0,0,0,0.6216234173238053,0,0,0,0.0038019815928061703,0,0.0021020534960603013,0,0,0,0,0,0
GGB2987_SGB3969,Species,GGB2987_SGB3969,0,0,0,0,0.03071817468275013,0.06350388643785,0,0,0.21749441988003804,0,0,0,0,0,0,0,0,0,0,0,0,0,0.0034838112283643355,0,0,0,0,0,0,0,0,0,0,0,0,0,0,0,0,0,0,0,0,0,0,0,0,0,0,0,0,0,0,0,0,0,0,0,0,0,0,0,0,0,0,0,0,0
Raoultibacter_massiliensis,Species,Raoultibacter_massiliensis,0,0,0,0,0,0,0,0,0,0,0,0,0,0,0,0,0,0,0,0,0,0,0.0033615722378954114,0,0,0,0,0,0,0,0,0,0,0,0,0,0,0,0,0.10267788720657478,0,0,0,0,0,0,0,0,0,0,0,0,0,0,0,0,0,0,0,0,0,0,0,0,0,0,0,0
Anaerofustis_stercorihominis,Species,Anaerofustis_stercorihominis,0,0,0,0,0.002175536522897121,0,0,0,0,0,0,0,0,0.23790904097495155,0,0,0,0,0,0,0,0,0.0011408972443766245,0,0,0,0,0,0,0,0,0,0,0,0,0,0,0,0,0,0,0,0,0,0,0,0,0,0,0,0,0.0010500003150000945,0,0,0,0,0,0,0,0.011055762263291627,0,0,0,0,0,0,0,0
Clostridium_methylpentosum,Species,Clostridium_methylpentosum,0,0,0,0,0.00142362297811701,0,0.00293525078843257,0,0.08007530899298623,0,0.0025917569520377865,0,0,0,0,0,0,0,0,0,0,0,9.779119237513924e-4,0,0,0,0.0058319915052360005,0,0,0,0,0,0,0,0,0,0,0,0,0,0,0,0,0,0,0,0,0,0,0,0,0,0,0,0,0,0,0,0,0,0,0,0,0,0,0,0,0
GGB9715_SGB15265,Species,GGB9715_SGB15265,1.1788301178830118,0.07601489603450283,0.008707936998326912,2.830135885030794,2.8161167354801235,0,0,0,0,0,0.4178632695104011,1.0428360732625546,0,0,0,0,0,0,0,0,0,0,8.760460983606223e-4,0,0,0,0.7504534146763527,0.745403433350658,0,0,0,0,0,0,0,0,0,0,0,0,0,0,0.22917906493580323,0.10224002044800409,0,0,0,0,0,0,0.10737002147400429,0.6747502024250608,0,0,0,0,0,0,0,0,0,0,0,0,0,0,0,0
Enterocloster_citroniae,Species,Enterocloster_citroniae,0,0.008054293148621543,0,0,0.03302404288674247,0.04436271499815789,0.18669607162576785,0,0.04696311365443529,0,1.8012210477482684e-4,0,0,0,0,0,0,0,0,0,0,0,5.602620396492352e-4,0,0.01504196147177592,0,0,0,0.04618959877624639,0,0,0,0,0,0,0,0,0,0,0,0,0,0.03281850615444575,0,0,0,0,0,0,0,0,0,0,0,0,0,0,0,0,0,0,2.402346852640344e-4,0,0,0,0,0,0
GGB9730_SGB15291,Species,GGB9730_SGB15291,0,0,0.30214633070434654,0.4556134919458391,0,0,0,0,0,0,0,0,0,0,0,0,0,0,0,0,0,0,3.0559747617231014e-4,0,0,0,0,0,0,0,0,0,0,0,0,0,0,0,0,0,0,0,0,0,0.009145254284145955,0.0020400004080000818,0,0,0,0,0,0.2528100758430228,0.005860001758000528,0.039578335197392574,0,0,0,0,0,0,0,0.5914577951200528,0,0,0,0,0,0
Coprococcus_eutactus,Species,Coprococcus_eutactus,0,0,0,0.03421142311642534,0,0,0,0,0,0.3217699678230032,0,0.0032499053036133194,0,0,0,0,0,0,0,0,0,0,0,2.8305736013163685,0,0,0,0,0,0,0,0,0,0,0,0,0,0,0,0,0,0,0,0,0,0,0,0,0,0,0,0,0,0,0,0,0,0,0,0,0,1.2140760308745613,0,0,0,0,0,0
Oscillospiraceae_bacterium,Species,Oscillospiraceae_bacterium,0,0,0,0,0.15356079687195945,0,0,0,0,0,0,0,0,0,0,0,0,0,0,0,0,0,0,0.8934220900199364,0,0,0,0,0,0,0,0,0,0,0,0,0,0,0,0,0,0,0,0,0,0,0,0,0,0,0,0,0,0,0,0,0,0,0,0,0,0,0,0,0,0,0,0
GGB4598_SGB6360,Species,GGB4598_SGB6360,0,0,0,1.369858529013159,0,0,0,0,0,0,0,0,0,0,0,0,0,0,0,0,0,0,0,0.7363877027323356,0,0,0,0,0,0,0,0,0,0,0,0,0,0,0,0,0,0,0,0,0,0,0,0,0,0,0,0,0,0,0,0,0,0,0,0,0,0,0,0,0,0,0,0
Wujia_chipingensis,Species,Wujia_chipingensis,0,0,0,0.01402627425018515,0,0,0,0,0,0,0,0,0,0,0,0,0,0,0,0,0,0,0,0.6478583899256948,0,0,0,0,0,0,0,0.2200419803778234,0,0,0,0,0,0,0,0,0,0,0,0,0.012470801296562665,0.08553001710600343,0,0,0,0,0,0,0,0,0,0,0,0,0,0,0,0,0,0,0,0,0,0
Oscillibacter_sp_ER4,Species,Oscillibacter_sp_ER4,0,0,0.003173827095122611,0.04060560357329312,0,0,0,0,0,0,0,0,0,0,0,0,0,0,0,0,0,0,0,0.3500893871955353,0,0,0,0,0,0,0,0,0,0,0,0,0,0,0,0,0,0,0,0,0,0,0,0,0,0,0,0,0,0,0,0.020052368300767915,0,0,0,0,0,0,0,0,0,0,0,0
GGB3429_SGB4569,Species,GGB3429_SGB4569,0,0,0,0.02957692112128758,0,0,0,0,0,0,0,0,0,0,0,0,0,0,0,0,0,0,0,0.3272299510713909,0,0,0,0,0,0,0,0,0,0,0,0,0,0,0,0,0,0,0,0,0,0,0,0,0,0,0,0,0,0,0,0,0,0,0,0,0,0,0,0,0,0,0,0
GGB9469_SGB14862,Species,GGB9469_SGB14862,0,0,0,0,0,0,0,0,0.11430757859246067,0.006079999392000061,0,0,0,0,0,0,0,0,0,0,0,0,0,0.23791598942753694,0,0,0,0,0.0018852897459692407,0,0,0,0,0,0,0,0,0,0,0,0,0,0,0,0,0,0,0,0,0,0,0,0,0,0,0,0,0,0,0,0,0,0,0,0,0,0,0
GGB9762_SGB15377,Species,GGB9762_SGB15377,0,0,0,0,0,0,0,0,0,0,0,0,0,0,0,0,0,0,0,0,0,0,0,0.15092458834183403,0,0,0,0,0,0,0,0.022100198901790116,0,0,0,0,0,0,0,0,0,0,0,0,0,0,0,0,0,0,0,0,0,0,0,0,0,0,0,0,0,0,0,0,0,0,0,0
Clostridium_sp_AF36_4,Species,Clostridium_sp_AF36_4,0,0,0,0.044871800774115296,1.458712276873415,0,0,0,0,0,0,0.0011203089711213615,0,0,0,0,0,0,0,0,0,0,0,0.10402351184547734,0,0,0,0,0,0.033357858519618096,0,0,0,0,0,0,0,0,0,0,0,0,0,0,0,0,0,0,0,0,0,0,0,0,0,0,0,0,0,0,0,0,0,0,0,0,0,0
GGB9559_SGB14969,Species,GGB9559_SGB14969,0,0,0,0.08044390549176209,0,0,0,0,0,0,0,0,0,0,0,0,0,0,0,0,0,0,0,0.09279780248108055,0,0,0,0,0.009255970401753239,0.00406583325096516,0,0,0,0,0,0,0,0,0,0,0,0,0,0,0,0,0,0,0,0,0,0.07826002347800705,0,0,0,0,0,0,0,0,0,0,0.1912290924527584,0,0,0,0,0
Akkermansia_muciniphila,Species,Akkermansia_muciniphila,6.047850604785061,38.7262335741006,0,4.068284527321208,0,0,0,0,0,0,2.940933658927387,0.2613751479741433,0,0,0,0,0,0,0,0,0,0,0,0.08765050610896198,0,0,0,0,22.8813805776247,5.601726797436282,0,0,0,0,0,0,0,0,0,0,0.6182298139228657,0,0.00793689398611634,0.19404003880800774,6.385200514458115,65.36596307319262,0,0,0,0.2627873842413154,0,2.7919508375852513,0,0.0431790935170947,0,0,0,0,0,0.16058369622247115,0,1.3857036939386087,14.85431546993298,4.11651701023144,0.024411576987873416,0.004573416799691049,0,0.15800265737708924
GGB9699_SGB15216,Species,GGB9699_SGB15216,0,0,0,0,0,0,0,0,0,0,0,0,0,0,0,0,0,0,0,0,0,0,0,0.07969939789186828,0,0,0.04473207992185333,0.0171725315322247,0.034005412386072846,0.12843426463947827,0,0,0,0,0,0,0,0,0,0.345111787555432,0,0,0,0,0.09855438872038562,0,0,0,0,0,0,0.03930001179000354,0,0,0,0,0,0,0,0,0,0,0,0,0,0,0,0
Alistipes_shahii,Species,Alistipes_shahii,0,0,0,0.03615525397531314,0,0,0,0,0,0,0,0,0,0,0,0,0,0,0,0,0,0,0,0.061526930822010675,0,0,0.0011583402816962695,0,0,0.0034249137237194202,0,0,0,0,0,0,0,0,0,0.21794183413400298,0,0,0,0,0,0.02328000465600093,0,0,0,0,0,0,0,0,0,0,0,0,0,0,0,0,0.020003964749770224,0,0,0,0,0
Clostridiaceae_bacterium_Marseille_Q4149,Species,Clostridiaceae_bacterium_Marseille_Q4149,0,0,0,0,0,0,0,0,0,0,0,0,0,0,0,0,0,0,0,0,0,0,0,0.05277024979871142,0,0,0,0,0.023285333990109448,0.5544254341704042,0,0.005760051840466564,0,0,0,0,0,0,0,0,0,0,0,0,0,0,0,0,0,0,0,0,0,0,0,0,0,0,0,0,0,0,0,0,0,0,0,0
Mediterraneibacter_butyricigenes,Species,Mediterraneibacter_butyricigenes,0,0.004538053229260646,0.03706146196519758,0.02463549846422016,0.022828095219524166,0,0.009592520617867265,0,0,0,0.0034623471251161164,0,0,0,0,0,0,0,0,0,0,0,0,0.04472498372115212,0,0,0.010817890978624291,0.0039636716818771305,0.049719502981465394,0.008392040059873901,0.00617656975009398,0.011770105930953378,0,0,0,0,0,0,0,0,0.005520803660683592,0.011096100580769703,0,0,0,0.0022900004580000918,0,0,0,0,0,0,0,0,0,0,0,0,0,0,0,0.025705111323251685,0.03314971335660121,0,0,0,0,0.04121984069874598
GGB9787_SGB15410,Species,GGB9787_SGB15410,0,0,0,0.3582480272930222,0,0,0,0,0,0,0,0,0,0,0,0,0,0,0,0,0,0,0,0.039776465054460905,0,0,0,0,0,0,0,0,0,0,0,0,0,0,0,0,0,0,0,0,0,0,0,0,0,0,0,0,0,0,0,0,0,0,0,0,0,0,0,0,0,0,0,0
Oscillibacter_valericigenes,Species,Oscillibacter_valericigenes,0,0,0,0.04009406913674369,0,0,0,0,0,0,0,0,0,0,0,0,0,0,0,0,0,0,0,0.0396927691784915,0,0,0,0,0.20520576633919452,0.01425044511360449,0,0.003330029970269732,0,0,0,0,0,0,0,0,0,0,0,0,0.08717540858151397,0.06190001238000248,0,0,0,0,0,0,0,0,0,0,0,0,0,0,0,1.6015645684268963e-4,0,0,0,0,0,0
Alistipes_communis,Species,Alistipes_communis,0,0,0,0.007908322389054062,0.2114781908478888,0.028901768788249838,0,0,0,0,0.0029419943779888384,0,0,0,0,0,0,0,0,0,0,0,0,0.034922104248235275,0.16023089410859176,0,0,0,0,0.002864109137379398,0,0,0,0,0,0,0,0,0,0,0,0,0.0015013040326827883,0.007370001474000295,0,0.004560000912000183,0,0,0,0,0,0,0,0,0,0,0,0,0,0,0,0,0.023908642553779426,0,0,0,0,0
Clostridium_saccharogumia,Species,Clostridium_saccharogumia,0,0.16488260066313679,0,0,0,0,0,0,0,0,0,0,0,0,0,0,0,0,0,0,0,0,0,0.03153242127147427,0,0,0,0,0,0,0.09415502667826188,0.006780061020549184,0,0,0,0,0,0,0,0,0,0,0,0,0,0,0,0,0,0,0,0,0,0,0,0.14426898511001585,0,0,0,0,0,0,0,0.0071103057431469545,0,0,0,0
GGB9708_SGB15234,Species,GGB9708_SGB15234,0,0,0,0,0,0,0,0,0,0,0,0,0,0,0,0,0,0,0,0,0,0,0,0.02977480787611671,0,0,0,0,0,0,0,0,0,0,0,0,0,0,0,0,0,0,0,0,0,0,0,0,0,0,0,0,0,0,0,0,0,0,0.003350213619134558,0,0,0,0,0,0,0,0,0
Lachnospiraceae_bacterium_AM48_27BH,Species,Lachnospiraceae_bacterium_AM48_27BH,0,0,0,0,0,0,0,0,0,0,0,0.017420299857256488,0,0,0,0,0,0,0,0,0,0,0,0.02880184331797235,0,0,0,0,0,2.6037355794358163e-4,0,0,0,0,0,0,0,0,0,0,0,0,0,0,0.005429055664848968,0,0,0,0,0,0,0,0,0,0,0,0,0,0,0,0,0,0,0,0,0,0,0
Vescimonas_coprocola,Species,Vescimonas_coprocola,0.5660800566080056,0.5070397928163318,0.005765116305697401,0.019100695860755416,3.082675099861638,0,0,0,7.359577940017423,0,0.013529171425309216,0,0,0,0,0,0,0,0,0,0,0,0,0.02826828210866738,0,0,0.23285661419351614,0.8726160060766838,1.7047832809296323e-4,0.25042929090365945,13.60053542323011,0,0,0,0,0,0,0,0,3.7835725530517643,0,0,0.019617039360388434,0.006850001370000275,6.484996974954224,0.015880003176000638,0,0,0,0,0.04028000805600161,0.20940006282001883,0,0,0,0,0,0,0,0,0,5.700058387038298,1.3392644387976798,0,0,0,0,0
Eisenbergiella_tayi,Species,Eisenbergiella_tayi,0,0.04953790997504171,0,0,0.03842779489522887,0.6632805927722777,0.4322081135173443,0,0.9564934155134486,0.01809999819000018,0.022435208828064546,0,0,0,0,0,0,0,0,0,0,0,0,0.023497617178411152,0,0,0,0.006913616590895659,0.030084410839934687,0.015552312903322396,0,0,0,0,0,0,0,0,0.4649918496065366,0.0689188270198342,0,0,0,0,0,0,0,0,0,0,0.0017700003540000707,0.0037000011100003327,0,0,0,0.001130697414165057,0,0,0,0,0,0,0.13975742940042168,0,0,0,0,0
Butyricimonas_paravirosa,Species,Butyricimonas_paravirosa,0,0,0,0,0,0,0,0,0,0,0.014149592008422508,0.003280183924454437,0,0,0,0,0,0,0,0,0,0,0,0.020432255721031602,0,0,0,0,0,0,0,0,0,0,0,0,0,0,0,0,0,0,0,0,0,0.00225000045000009,0,0,0,0,0,0,0,0,0,0,0.027070002707000274,0,0,0,0,0,0,0,0,0,0,0
GGB3585_SGB4803,Species,GGB3585_SGB4803,0,0,0,0.12331049127460365,0,0,0,0,0,0,0,0,0,0,0,0,0,0,0,0,0,0,0,0.013161176496189326,0,0,0,0,0,0,0,0.011410102690924217,0,0,0,0,0,0,0,0,0,0,0,0,0,0,0,0,0,0,0,0,0,0,0,0,0,0,0,0.0010805631895343852,0,0,0,0,0,0,0,0
Oscillospiraceae_bacterium_Marseille_Q3528,Species,Oscillospiraceae_bacterium_Marseille_Q3528,0,0,0,0.016225872327347665,0,0,0,0,0,0,0.03549406142423949,0,0,0,0,0,0,0,0,0,0,0,0,0.00906007857368836,0,0,0.012157536695716497,0,0.03174908157307774,0.008552269941685335,0,0,0,0,0,0,0,0,0,0,0,0,0,0,0.007833065553342976,0,0,0,0,0,0,0,0,0,0,0,0,0,0,0,0,0,0,0,0,0,0,0
Collinsella_SGB14754,Species,Collinsella_SGB14754,0,0,0,0,0.7461187977283388,0.07414453764570392,0,0,0,0,0,0,0,0,0,0,0,0,0,0,0,0,0,0.008013880124070767,0,0,0,0,0,0,0,0,0,0,0,0,0,0,0.26559627099661515,0.16082751312654978,0,0,0,0,0,0,0,0,0,0,0,0,0,0,0,0,0,0,0,0,0,0,0,0,0,0,0,0
Lawsonibacter_asaccharolyticus,Species,Lawsonibacter_asaccharolyticus,0,0,0,0,0.14499900797539658,0.11538706168817531,0,0,0,0,0,0,0,0,0,0,0,0,0,0,0,0,0,0.0025108762790822243,0,0,0.012379132227867089,0,0.0022463026760484567,0,0,0,0,0,0,0,0,0,0,0,0,0,0,0,0,0,0,0,0,0,0,0,0,0,0,0,0,0,0,0,0,0,0,0,0,0,0,0
Catonella_morbi,Species,Catonella_morbi,0,0,0,0,0,0,0,0,0,0,0,0,0,0,0,0,0,0,0,0,0,0,0,0,0,0,0,0,0,0,0,0,0,0,0,0,0,0,0,0,0,0,0,0,0,0,0,0,0,0,0,0,0,0,0,0,0,0,0,0,0,0,0,0,0,0,0,0
Tannerella_forsythia,Species,Tannerella_forsythia,0,0,0,0,0,0,0,0,0,0,0,0,0,0,0,0,0,0,0,0,0,0,0,0,0,0,0,0,0,0,0,0,0,0,0,0,0,0,0,0,0,0,0,0,0,0,0,0,0,0,0,0,0,0,0,0,0,0,0,0,0,0,0,0,0,0,0,0
GGB4733_SGB6557,Species,GGB4733_SGB6557,0,0,0,0,0,0,0,0,0,0,0,0,0,0,0,0,0,0,0,0,0,0,0,0,0,0,0,0,0,0,0,0,0,0,0,0,0,0,0,0,0,0,0,0,0,0,0,0,0,0,0,0,0,0,0,0,0,0,0,0,0,0,0,0,0,0,0,0
Prevotella_conceptionensis,Species,Prevotella_conceptionensis,0,0,0,0,0,0,0,0,0,0,0,0,0,0,0,0,0,0,0,0,0,0,0,0,0,0,0,0,0,0,0,0,0,0,0,0,0,0,0,0,0,0,0,0,0,0,0,0,0,0,0,0,0,0,0,0,0,0,0,0,0,0,0,0,0,0,0,0
Clostridium_sp_AM29_11AC,Species,Clostridium_sp_AM29_11AC,0,0,0,0,0.10224019106223428,0.4717088685827573,0,0,0.266537671447617,0,0,0,0,0,0,0,0,0,0,0,0,0,0,0,1.9668064715638918,0.17645,0.2263094734708851,0.3663101693724555,0,0,0,0,0,0,0,0,0,0,0.07487768226676778,0,0,0,0,0,0,0,0,0,0,0,0,0,0,0,0,0,0,0,0,0,0,0,0,0,0,0,0,0
Parabacteroides_johnsonii,Species,Parabacteroides_johnsonii,0,0,0,0,0.10383424777716813,0.13569830473624986,0,0,0,0,0,0,0,0,0,0,0,0,0,0,0,0,0,0,1.1293472668836018,0,0,0,0,0,0,0,0,0,0,0,0,0,0,0,0,0,0,0,0,0,0,0,0,0,0,0,0,0,0,0,0.0036200003620000362,0,0,0,0,0,0,0,0,0,0,0
GGB9715_SGB15266,Species,GGB9715_SGB15266,0,0,0,0,0,0,0,0,0,0,0,0,0,0,0,0,0,0,0,0,0,0,0,0,0.8765042961602193,0,0,0,0,0,0,0,0,0,0,0,0,0,0,0.058555627846454135,0,0,0,0,0,0.05957001191400238,0,0,0,0,0,0,0,0,0,0,0,0,0,0.13526049777143848,0,0,0,0,0,0,0,0
Lentihominibacter_SGB71368,Species,Lentihominibacter_SGB71368,0,0,0,0,0,0,0,0,0,0,0,0,0,0,0,0,0,0,0,0,0,0,0,0,0.15014957950516747,0,0,0,0.002486977962767934,0,0,0,0,0,0,0,0,0,0,0,0,0.11010591192794597,0,0,0,0,0,0,0,0,0,0,0,0.304914214933665,0,0,0,0,0,0,0,0,0.6428401224667152,0,0,0,0,0
Bifidobacterium_pullorum,Species,Bifidobacterium_pullorum,0,0,0,0,0,0,0,0,0,0,0,0,0,0,0,0,0,0,0,0,0,0,0,0,0.06016784588710368,0,0,0,0,0,0,0,0,0,0,0.02724758270982555,0,0,0,0,0,0,0,0,0,0,0,0,0,0,0,0,0,0,0,0,0,0,0,0,0,0,0,0,0,0,0,0
GGB38987_SGB63305,Species,GGB38987_SGB63305,0,0,0,0,0,0.0017401064945174642,0,0,0,0,0,0,0,0,0,0,0,0,0,0,0,0,0,0,0.00914119201143829,0,0,0,0,0,0,0,0,0,0,0,0,0,0,0,0,0,0,0,0,0,0,0,0,0,0,0,0,0,0,0,0,0,0,0,0,0,0,0,0,0,0,0
GGB12787_SGB19830,Species,GGB12787_SGB19830,0,0,0,0,0,0,0,0,0,0,0,0,0,0,0,0,0,0,0,0,0,0,0,0,0.0075609859525682145,0,0,0,0,0,0,0,0,0,0,0,0,0,0,0,0,0,0,0,0,0,0,0,0,0.0011625099752876436,0,0,0,0,0,0,0,0,0,0,0,0,0,0,0,0,0,0
Clostridium_sp_C5_48,Species,Clostridium_sp_C5_48,0,0,0,0,0,0,0.21914521865802755,0,0,0,0,0,0,0,0,0,0,0,0,0,0,0,0,0,0.006490846406371391,0,0,0,0,0,0,0,0,0,0,0.060162501275654784,0,0,0,0,0,0,0.218589867158614,0,0,0,0,0.01812323681009428,0.016287659802528734,0,0.0015200003040000607,0,0,0,0,0,0,0,0,0,0,0,0,0,0,0,0,0
Escherichia_marmotae,Species,Escherichia_marmotae,0,0,0,0,0,0,0,0,0,0,0.003282225020341289,0,0.00659282033775868,0,0,0,0,0,0,0,0,0,0,0,1.8002347506114797e-4,0,0,0,0,0,0,0,0,0,0.008397625669163848,0,0,0,0,0,0,0,0.0012711040810047607,0,0.010547593385767459,0,0,0,0,0,0,0,0,0,0,0,0,0,0,0,0,0,0,0,0.005120330773367959,0,0,0
Bilophila_wadsworthia,Species,Bilophila_wadsworthia,0,0.018272426247619024,0,0,0,0,0.015120071930791828,0,0.12276813952765069,0,0.11544826237706542,0.05779179431208033,0,0,0,0,0,0,0,0,0,0,0,0,0,0.22429,0,0,0.12772838028941605,0.010745416448979351,0,0,0,0,0,0,0.05660145465738469,0,3.4936941367250403,0.1221964298220595,0.0018035293265391042,0,0.45824803424254307,0,0.055923280031091864,0.20585004117000824,0,0.026104662292685477,0,0.00925999325142916,0.2471900494380099,0,0,0,0,0,0,0.03085234944193574,0,0,0,0,0.8234464888936947,0.04767204989814562,0,0,0,0
Propionibacterium_acidifaciens,Species,Propionibacterium_acidifaciens,0,0,0,0,0,0,0.009834603157119436,0.01214,0,0,0,0,0,0.41239306056828695,0,0,0,0,0,0,0,0,0,0,0,0.00303,0,0,0,0,0,0,0,0.02045223452669387,0,0,0,0,0,0,0,0,0,0,0,0,0.0029405016495814185,0,0,0,0,0,0,0,0,0,0,0,0,0,0,0,0,0,0,0,0,0
Haemophilus_influenzae,Species,Haemophilus_influenzae,0,0,0,0,0,0,0,0,0,0,0,0,0,0,0,0,0,0,0,0,0,0,0,0,0,0,0,0,0,0,0,0,0,0,0,0,0.0012400318688190286,0,0,0,0,0,0,0,0,0,0,0,0,0,0,0,0,0,0,0,0,0,0,0,0,0,0,0,0,0,0,0
Eubacterium_brachy,Species,Eubacterium_brachy,0,0,0.0027821205865473523,0,0,0,0,0,0,0,0.03000033722860727,0,0,0,0,0,0,0,0,0,0,0,0,0,0,0,0.002709509006750404,0,0,0,0,0,0.02707075153677568,0,0,0,0,0,0,0,0.0018937057928660596,0,0,0,0.03638068297920932,0,0,0,0,0,0,0.007910002373000711,0,0.015973363990456388,0,0,0,0,0,0,0,0,0,0,0,0,0,0
Bulleidia_extructa,Species,Bulleidia_extructa,0,0,0,0,0,0,0,0,0,0,0,0,0,0,0,0,0,0,0,0,0,0,0,0,0,0,0,0,0,0,0,0,0,0,0,0,0,0,0,0,0,0,0,0,0,0,0,0,0,0,0,0,0,0,0,0,0,0,0,0,0,0,0,0,0,0,0,0
Prevotella_jejuni,Species,Prevotella_jejuni,0,0,0,0,0,0,0,0,0,0,0,0,0,0,0,0,0,0,0,0,0,0,0,0,0,0,0,0,0,0,0,0,0,0,0,0,0,0,0,0,0,0,0,0,0,0,0,0,0,0,0,0,0,0,0,0,0,0,0,0,0,0,0,0,0,0,0,0
Prevotella_pleuritidis,Species,Prevotella_pleuritidis,0,0,0,0,0,0,0,0,0,0,0,0,0,0,0,0,0,0,0,0,0,0,0,0,0,0,0,0,0,0,0,0,0,0,0,0,0,0,0,0,0,0,0,0,0,0,0,0,0,0,0,0,0,0,0,0,0,0,0,0,0,0,0,0,0,0,0,0
GGB70967_SGB95921,Species,GGB70967_SGB95921,0,0,0,0,0,0,0,0,0,0,0,0,0,0,0,0,0,0,0,0,0,0,0,0,0,0,0,0,0,0,0,0,0,0,0,0,0,0,0,0,0,0,0,0,0,0,0,0,0,0,0,0,0,0,0,0,0,0,0,0,0,0,0,0,0,0,0,0
GGB18703_SGB19793,Species,GGB18703_SGB19793,0,0,0,0,0,0,0,0,0,0,0,0,0,0,0,0,0,0,0,0,0,0,0,0,0,0,0,0,0,0,0,0,0,0,0,0,0,0,0,0,0,0,0,0,0,0,0,0,0,0,0,0,0,0,0,0,0,0,0,0,0,0,0,0,0,0,0,0
GGB1431_SGB1972,Species,GGB1431_SGB1972,0,0,0,0,0,0,0,0,0,0,0,0,0,0,0,0,0,0,0,0,0,0,0,0,0,0,0,0,0,0,0,0,0,0,0,0,0,0,0,0,0,0,0,0,0,0,0,0,0,0,0,0,0,0,0,0,0,0,0,0,0,0,0,0,0,0,0,0
GGB3883_SGB5265,Species,GGB3883_SGB5265,0,0,0,0,0,0,0,0,0,0,0,0,0,0,0,0,0,0,0,0,0,0,0,0,0,0,0,0,0,0,0,0,0,0,0,0,0,0,0,0,0,0,0,0,0,0,0,0,0,0,0,0,0,0,0,0,0,0,0,0,0,0,0,0,0,0,0,0
Treponema_denticola,Species,Treponema_denticola,0,0,0,0,0,0,0,0,0,0,0,0,0,0,0,0,0,0,0,0,0,0,0,0,0,0,0,0,0,0,0,0,0,0,0,0,0,0,0,0,0,0,0,0,0,0,0,0,0,0,0,0,0,0,0,0,0,0,0,0,0,0,0,0,0,0,0,0
Mogibacterium_timidum,Species,Mogibacterium_timidum,0,0,0,0,0,0,0,0,0,0,0,0,0,0,0,0,0,0,0,0,0,0,0,0,0,0,0,0,0,0,0,0,0,0,0,0,0,0,0,0,0,0,0,0,0,0,0,0,0,0,0,0,0,0,0,0,0,0,0,0,0,0,0,0,0,0,0,0
Eggerthia_catenaformis,Species,Eggerthia_catenaformis,0,0,0,0,0,0,0,0,0,0,0,0,0,0,0,0,0,0,0,0,0,0,0,0,0,0,0,0,0,0,0,0,0,0,0,0,0,0,0,0,0,0,0,0,0,0,0,0,0,0,0,0,0,0,0,0,0,0,0,0,0,0,0,0,0,0,0,0
Parvimonas_sp_oral_taxon_110,Species,Parvimonas_sp_oral_taxon_110,0,0,0,0,0,0,0,0,0,0,0.0036824963642853492,0,0,0,0,0,0,0,0,0,0,0,0,0,0,0,0,0,0,0,0,0,0,0,0,0,0,0,0,0,0,0,0,0,0,0,0,0,0,0,0,0,0,0,0,0,0,0,0,0,0,0,0,0,0.011930770727789015,0,0,0
Candidatus_Nanosynbacter_sp_HMT_352,Species,Candidatus_Nanosynbacter_sp_HMT_352,0,0,0,0,0,0,0,0,0,0,0,0,0,0,0,0,0,0,0,0,0,0,0,0,0,0,0,0,0,0,0,0,0,0,0,0,0,0,0,0,0,0,0,0,0,0,0,0,0,0,0,0,0,0,0,0,0,0,0,0,0,0,0,0,0,0,0,0
Parvimonas_sp_oral_taxon_393,Species,Parvimonas_sp_oral_taxon_393,0,0,0,0,0,0,0,0,0,0,0,0,0,0,0,0,0,0,0,0,0,0,0,0,0,0,0,0,0,0,0,0,0,0,0,0,0,0,0,0,0,0,0,0,0,0,0,0,0,0,0,0,0,0,0,0,0,0,0,0,0,0,0,0,0,0,0,0
Oribacterium_asaccharolyticum,Species,Oribacterium_asaccharolyticum,0,0,0,0,0,0,0,0,0,0,0,0,0,0,0,0,0,0,0,0,0,0,0,0,0,0,0,0,0,0,0,0,0,0,0,0,0,0,0,0,0,0,0,0,0,0,0,0,0,0,0,0,0,0,0,0,0,0,0,0,0,0,0,0,0,0,0,0
GGB1188_SGB1538,Species,GGB1188_SGB1538,0,0,0,0,0,0,0,0,0,0,0,0,0,0,0,0,0,0,0,0,0,0,0,0,0,0,0,0,0,0,0,0,0,0,0,0,0,0,0,0,0,0,0,0,0,0,0,0,0,0,0,0,0,0,0,0,0,0,0,0,0,0,0,0,0,0,0,0
Eubacterium_saphenum,Species,Eubacterium_saphenum,0,0,0,0,0,0,0,0,0,0,0,0,0,0,0,0,0,0,0,0,0,0,0,0,0,0,0,0,0,0,0,0,0,0,0,0,0,0,0,0,0,0,0,0,0,0,0,0,0,0,0,0,0,0,0,0,0,0,0,0,0,0,0,0,0,0,0,0
GGB1022_SGB1315,Species,GGB1022_SGB1315,0,0,0,0,0,0,0,0,0,0,0,0,0,0,0,0,0,0,0,0,0,0,0,0,0,0,0,0,0,0,0,0,0,0,0,0,0,0,0,0,0,0,0,0,0,0,0,0,0,0,0,0,0,0,0,0,0,0,0,0,0,0,0,0,0,0,0,0
GGB49528_SGB69474,Species,GGB49528_SGB69474,0,0,0,0,0,0,0,0,0,0,0,0,0,0,0,0,0,0,0,0,0,0,0,0,0,0,0,0,0,0,0,0,0,0,0,0,0,0,0,0,0,0,0,0,0,0,0,0,0,0,0,0,0,0,0,0,0,0,0,0,0,0,0,0,0,0,0,0
Oribacterium_parvum,Species,Oribacterium_parvum,0,0,0,0,0,0,0,0,0,0,0,0,0,0,0,0,0,0,0,0,0,0,0,0,0,0,0,0,0,0,0,0,0,0,0,0,0,0,0,0,0,0,0,0,0,0,0,0,0,0,0,0,0,0,0,0,0,0,0,0,0,0,0,0,0,0,0,0
GGB2964_SGB3946,Species,GGB2964_SGB3946,0,0,0,0,0,0,0,0,0,0,0,0,0,0,0,0,0,0,0,0,0,0,0,0,0,0,0,0,0,0,0,0,0,0,0,0,0,0,0,0,0,0,0,0,0,0,0,0,0,0,0,0,0,0,0,0,0,0,0,0,0,0,0,0,0,0,0,0
GGB3887_SGB5270,Species,GGB3887_SGB5270,0,0,0,0,0,0,0,0,0,0,0,0,0,0,0,0,0,0,0,0,0,0,0,0,0,0,0,0,0,0,0,0,0,0,0,0,0,0,0,0,0,0,0,0,0,0,0,0,0,0,0,0,0,0,0,0,0,0,0,0,0,0,0,0,0,0,0,0
GGB1025_SGB1320,Species,GGB1025_SGB1320,0,0,0,0,0,0,0,0,0,0,0,0,0,0,0,0,0,0,0,0,0,0,0,0,0,0,0,0,0,0,0,0,0,0,0,0,0,0,0,0,0,0,0,0,0,0,0,0,0,0,0,0,0,0,0,0,0,0,0,0,0,0,0,0,0,0,0,0
GGB49400_SGB97338,Species,GGB49400_SGB97338,0,0,0,0,0,0,0,0,0,0,0,0,0,0,0,0,0,0,0,0,0,0,0,0,0,0,0,0,0,0,0,0,0,0,0,0,0,0,0,0,0,0,0,0,0,0,0,0,0,0,0,0,0,0,0,0,0,0,0,0,0,0,0,0,0,0,0,0
GGB49401_SGB69314,Species,GGB49401_SGB69314,0,0,0,0,0,0,0,0,0,0,0,0,0,0,0,0,0,0,0,0,0,0,0,0,0,0,0,0,0,0,0,0,0,0,0,0,0,0,0,0,0,0,0,0,0,0,0,0,0,0,0,0,0,0,0,0,0,0,0,0,0,0,0,0,0,0,0,0
Campylobacter_concisus,Species,Campylobacter_concisus,0,0,0,0,0,0,0,0,0,0,0,0,0,0,0,0,0,0,0,0,0,0,0,0,0,0,0,0,0,0,0,0,0,0,0,0,0,0,0,0,0,0,0,0,0,0,0,0,0,0,0,0,0,0,0,0,0,0,0,0,0,0,0,0,0,0,0,0
Bacteroidota_unclassified_SGB1343,Species,Bacteroidota_unclassified_SGB1343,0,0,0,0,0,0,0,0,0,0,0,0,0,0,0,0,0,0,0,0,0,0,0,0,0,0,0,0,0,0,0,0,0,0,0,0,0,0,0,0,0,0,0,0,0,0,0,0,0,0,0,0,0,0,0,0,0,0,0,0,0,0,0,0,0,0,0,0
GGB1611_SGB2208,Species,GGB1611_SGB2208,0,0,0,0,0,0,0,0,0,0,0,0,0,0,0,0,0,0,0,0,0,0,0,0,0,0,0,0,0,0,0,0,0,0,0,0,0,0,0,0,0,0,0,0,0,0,0,0,0,0,0,0,0,0,0,0,0,0,0,0,0,0,0,0,0,0,0,0
Arachnia_SGB15899,Species,Arachnia_SGB15899,0,0,0,0,0,0,0,0,0,0,0,0,0,0,0,0,0,0,0,0,0,0,0,0,0,0,0,0,0,0,0,0,0,0,0,0,0,0,0,0,0,0,0,0,0,0,0,0,0,0,0,0,0,0,0,0,0,0,0,0,0,0,0,0,0,0,0,0
Lachnoanaerobaculum_orale,Species,Lachnoanaerobaculum_orale,0,0,0,0,0,0,0,0,0,0,0,0,0,0,0,0,0,0,0,0,0,0,0,0,0,0,0,0,0,0,0,0,0,0,0,0,0,0,0,0,0,0,0,0,0,0,0,0,0,0,0,0,0,0,0,0,0,0,0,0,0,0,0,0,0,0,0,0
Candidatus_Saccharibacteria_unclassified_SGB19846,Species,Candidatus_Saccharibacteria_unclassified_SGB19846,0,0,0,0,0,0,0,0,0,0,0,0,0,0,0,0,0,0,0,0,0,0,0,0,0,0,0,0,0,0,0,0,0,0,0,0,0,0,0,0,0,0,0,0,0,0,0,0,0,0,0,0,0,0,0,0,0,0,0,0,0,0,0,0,0,0,0,0
GGB71270_SGB97344,Species,GGB71270_SGB97344,0,0,0,0,0,0,0,0,0,0,0,0,0,0,0,0,0,0,0,0,0,0,0,0,0,0,0,0,0,0,0,0,0,0,0,0,0,0,0,0,0,0,0,0,0,0,0,0,0,0,0,0,0,0,0,0,0,0,0,0,0,0,0,0,0,0,0,0
Neisseria_sicca,Species,Neisseria_sicca,0,0,0,0,0,0,0,0,0,0,0,0,0,0,0,0,0,0,0,0,0,0,0,0,0,0,0,0,0,0,0,0,0,0,0,0,0,0,0,0,0,0,0,0,0,0,0,0,0,0,0,0,0,0,0,0,0,0,0,0,0,0,0,0,0,0,0,0
Arachnia_rubra,Species,Arachnia_rubra,0,0,0,0,0,0,0,0,0,0,0.004553086537363679,0,0,0,0,0,0,0,0,0,0,0,0,0,0,0,0,0,0,0,0,0,0,0,0,0,0,0,0,0,0,0,0,0,0,0,0,0,0,0,0,0,0,0,0,0,0,0,0,0,0,0,0,0,0,0,0,0
Actinobaculum_sp_oral_taxon_183,Species,Actinobaculum_sp_oral_taxon_183,0,0,0,0,0,0,0,0,0,0,0,0,0,0,0,0,0,0,0,0,0,0,0,0,0,0,0,0,0,0,0,0,0,0,0,0,0,0,0,0,0,0,0,0,0.0029449121134051594,0,0,0,0,0,0,0,0,0,0,0,0,0,0,0,0,0,0,0,0,0,0,0
Capnocytophaga_sputigena,Species,Capnocytophaga_sputigena,0,0,0,0,0,0,0,0,0,0,0,0,0,0,0,0,0,0,0,0,0,0,0,0,0,0,0,0,0,0,0,0,0,0,0,0,0,0,0,0,0,0,0,0,0,0,0,0,0,0,0,0,0,0,0,0,0,0,0,0,0,0,0,0,0,0,0,0
Eubacterium_infirmum,Species,Eubacterium_infirmum,0,0,0,0,0,0,0,0,0,0,0.039506781647278694,0,0,0,0,0,0,0,0,0,0,0,0,0,0,0,0,0,0,0,0,0,0,0,0,0,0,0,0,0,0,0,0,0,0,0,0,0,0,0,0,0,0,0,0,0,0,0,0.007044557942349403,0,0,0,0,0,0,0,0,0
Prevotella_baroniae,Species,Prevotella_baroniae,0,0,0,0,0,0,0,0,0,0,0,0,0,0,0,0,0,0,0,0,0,0,0,0,0,0,0,0,0,0,0,0,0,0,0,0,0,0,0,0,0,0,0,0,0,0,0,0,0,0,0,0,0,0,0,0,0,0,0,0,0,0,0,0,0,0,0,0
GGB74353_SGB98242,Species,GGB74353_SGB98242,0,0,0,0,0,0,0,0,0,0,0,0,0,0,0,0,0,0,0,0,0,0,0,0,0,0,0,0,0,0,0,0,0,0,0,0,0,0,0,0,0,0,0,0,0,0,0,0,0,0,0,0,0,0,0,0,0,0,0,0,0,0,0,0,0,0,0,0
Porphyromonas_catoniae,Species,Porphyromonas_catoniae,0,0,0,0,0,0,0,0,0,0,0,0,0,0,0,0,0,0,0,0,0,0,0,0,0,0,0,0,0,0,0,0,0,0,0,0,0,0,0,0,0,0,0,0,0,0,0,0,0,0,0,0,0,0,0,0,0,0,0,0,0,0,0,0,0,0,0,0
Prevotella_micans,Species,Prevotella_micans,0,0,0,0,0,0,0,0,0,0,0,0,0,0,0,0,0,0,0,0,0,0,0,0,0,0,0,0,0,0,0,0,0,0,0,0,0,0,0,0,0,0,0,0,0,0,0,0,0,0,0,0,0,0,0,0,0,0,0,0,0,0,0,0,0,0,0,0
Corynebacterium_matruchotii,Species,Corynebacterium_matruchotii,0,0,0,0,0,0,0,0,0,0,0,0,0,0,0,0,0,0,0,0,0,0,0,0,0,0,0,0,0,0,0,0,0,0,0,0,0,0,0,0,0,0,0,0,0,0,0,0,0,0,0,0,0,0,0,0,0,0,0,0,0,0,0,0,0,0,0,0
Cardiobacterium_hominis,Species,Cardiobacterium_hominis,0,0,0,0,0,0,0,0,0,0,0,0,0,0,0,0,0,0,0,0,0,0,0,0,0,0,0,0,0,0,0,0,0,0,0,0,0,0,0,0,0,0,0,0,0,0,0,0,0,0,0,0,0,0,0,0,0,0,0,0,0,0,0,0,0,0,0,0
Aggregatibacter_sp_2125159857,Species,Aggregatibacter_sp_2125159857,0,0,0,0,0,0,0,0,0,0,0,0,0,0,0,0,0,0,0,0,0,0,0,0,0,0,0,0,0,0,0,0,0,0,0,0,0,0,0,0,0,0,0,0,0,0,0,0,0,0,0,0,0,0,0,0,0,0,0,0,0,0,0,0,0,0,0,0
Treponema_SGB3588,Species,Treponema_SGB3588,0,0,0,0,0,0,0,0,0,0,0,0,0,0,0,0,0,0,0,0,0,0,0,0,0,0,0,0,0,0,0,0,0,0,0,0,0,0,0,0,0,0,0,0,0,0,0,0,0,0,0,0,0,0,0,0,0,0,0,0,0,0,0,0,0,0,0,0
GGB1843_SGB2524,Species,GGB1843_SGB2524,0,0,0,0,0,0,0,0,0,0,0,0,0,0,0,0,0,0,0,0,0,0,0,0,0,0,0,0,0,0,0,0,0,0,0,0,0,0,0,0,0,0,0,0,0,0,0,0,0,0,0,0,0,0,0,0,0,0,0,0,0,0,0,0,0,0,0,0
TM7_phylum_sp_oral_taxon_349,Species,TM7_phylum_sp_oral_taxon_349,0,0,0,0,0,0,0,0,0,0,0,0,0,0,0,0,0,0,0,0,0,0,0,0,0,0,0,0,0,0,0,0,0,0,0,0,0,0,0,0,0,0,0,0,0,0,0,0,0,0,0,0,0,0,0,0,0,0,0,0,0,0,0,0,0,0,0,0
GGB4533_SGB6246,Species,GGB4533_SGB6246,0,0,0,0,0,0,0,0,0,0,0,0,0,0,0,0,0,0,0,0,0,0,0,0,0,0,0,0,0,0,0,0,0,0,0,0,0,0,0,0,0,0,0,0,0,0,0,0,0,0,0,0,0,0,0,0,0,0,0,0,0,0,0,0,0,0,0,0
Prevotella_loescheii,Species,Prevotella_loescheii,0,0,0,0,0,0,0,0,0,0,0,0,0,0,0,0,0,0,0,0,0,0,0,0,0,0,0,0,0,0,0,0,0,0,0,0,0,0,0,0,0,0,0,0,0,0,0,0,0,0,0,0,0,0,0,0,0,0,0,0,0,0,0,0,0,0,0,0
Prevotella_bivia,Species,Prevotella_bivia,0,0,0,0,0,0,0,0,0.004940327543716148,0,0.21656681064093347,0,0.0164921625320313,0,0,0,0,0,0,0,0,0,0,0,0,0,0,0,0.00387086086140493,0,0,0,0,0,0,0,0,0,0,0,0,0,0,0,0,0,0,0,0,0,0,0,0,0,0,0,0,0,0,0,0,0,0,0,0,0,0,0
Mogibacterium_SGB3923,Species,Mogibacterium_SGB3923,0,0,0,0,0,0,0,0,0,0,0,0,0,0.001314248307654493,0,0,0,0,0,0,0,0,0,0,0,0,0,0,0,0,0,0,0,0,0,0,0,0,0,0,0,0,0,0,0,0,0,0,0,0,0,0,0,0,0,0,0,0,0,0,0,0,0,0,0,0,0,0
Campylobacter_rectus,Species,Campylobacter_rectus,0,0,0,0,0,0,0,0,0,0,0,0,0,0,0,0,0,0,0,0,0,0,0,0,0,0,0,0,0,0,0,0,0,0,0,0,0,0,0,0,0,0,0,0,0,0,0,0,0,0,0,0,0,0,0,0,0,0,0,0,0,0,0,0,0,0,0,0
Prevotella_oulorum,Species,Prevotella_oulorum,0,0,0,0,0,0,0,0,0,0,0,0,0,0,0,0,0,0,0,0,0,0,0,0,0,0,0,0,0,0,0,0,0,0,0,0,0,0,0,0,0,0,0,0,0,0,0,0,0,0,0,0,0,0,0,0,0,0,0,0,0,0,0,0,0,0,0,0
Neisseria_sp_oral_taxon_014,Species,Neisseria_sp_oral_taxon_014,0,0,0,0,0,0,0,0,0,0,0,0,0,0,0,0,0,0,0,0,0,0,0,0,0,0,0,0,0,0,0,0,0,0,0,0,0,0,0,0,0,0,0,0,0,0,0,0,0,0,0,0,0,0,0,0,0,0,0,0,0,0,0,0,0,0,0,0
Selenomonas_SGB5896,Species,Selenomonas_SGB5896,0,0,0,0,0,0,0,0,0,0,0,0,0,0,0,0,0,0,0,0,0,0,0,0,0,0,0,0,0,0,0,0,0,0,0,0,0,0,0,0,0,0,0,0,0,0,0,0,0,0,0,0,0,0,0,0,0,0,0,0,0,0,0,0,0,0,0,0
Prevotella_koreensis,Species,Prevotella_koreensis,0,0,0,0,0,0,0,0,0,0,0,0,0,0,0,0,0,0,0,0,0,0,0,0,0,0,0,0,0,0,0,0,0,0,0,0,0,0,0,0,0,0,0,0,0,0,0,0,0,0,0,0,0,0,0,0,0,0,0,0,0,0,0,0,0,0,0,0
GGB4333_SGB5935,Species,GGB4333_SGB5935,0,0,0,0,0,0,0,0,0,0,0,0,0,0,0,0,0,0,0,0,0,0,0,0,0,0,0,0,0,0,0,0,0,0,0,0,0,0,0,0,0,0,0,0,0,0,0,0,0,0,0,0,0,0,0,0,0,0,0,0,0,0,0,0,0,0,0,0
Prevotella_vespertina,Species,Prevotella_vespertina,0,0,0,0,0,0,0,0,0,0,0,0,0,0,0,0,0,0,0,0,0,0,0,0,0,0,0,0,0,0,0,0,0,0,0,0,0,0,0,0,0,0,0,0,0,0,0,0,0,0,0,0,0,0,0,0,0,0,0,0,0,0,0,0,0,0,0,0
Treponema_SGB3604,Species,Treponema_SGB3604,0,0,0,0,0,0,0,0,0,0,0,0,0,0,0,0,0,0,0,0,0,0,0,0,0,0,0,0,0,0,0,0,0,0,0,0,0,0,0,0,0,0,0,0,0,0,0,0,0,0,0,0,0,0,0,0,0,0,0,0,0,0,0,0,0,0,0,0
Alloprevotella_SGB1483,Species,Alloprevotella_SGB1483,0,0,0,0,0,0,0,0,0,0,0,0,0,0,0,0,0,0,0,0,0,0,0,0,0,0,0,0,0,0,0,0,0,0,0,0,0,0,0,0,0,0,0,0,0,0,0,0,0,0,0,0,0,0,0,0,0,0,0,0,0,0,0,0,0,0,0,0
Alloprevotella_SGB1484,Species,Alloprevotella_SGB1484,0,0,0,0,0,0,0,0,0,0,0,0,0,0,0,0,0,0,0,0,0,0,0,0,0,0,0,0,0,0,0,0,0,0,0,0,0,0,0,0,0,0,0,0,0,0,0,0,0,0,0,0,0,0,0,0,0,0,0,0,0,0,0,0,0,0,0,0
Catonella_SGB4505,Species,Catonella_SGB4505,0,0,0,0,0,0,0,0,0,0,0,0,0,0,0,0,0,0,0,0,0,0,0,0,0,0,0,0,0,0,0,0,0,0,0,0,0,0,0,0,0,0,0,0,0,0,0,0,0,0,0,0,0,0,0,0,0,0,0,0,0,0,0,0,0,0,0,0
Catonella_SGB69305,Species,Catonella_SGB69305,0,0,0,0,0,0,0,0,0,0,0,0,0,0,0,0,0,0,0,0,0,0,0,0,0,0,0,0,0,0,0,0,0,0,0,0,0,0,0,0,0,0,0,0,0,0,0,0,0,0,0,0,0,0,0,0,0,0,0,0,0,0,0,0,0,0,0,0
GGB1024_SGB69047,Species,GGB1024_SGB69047,0,0,0,0,0,0,0,0,0,0,0,0,0,0,0,0,0,0,0,0,0,0,0,0,0,0,0,0,0,0,0,0,0,0,0,0,0,0,0,0,0,0,0,0,0,0,0,0,0,0,0,0,0,0,0,0,0,0,0,0,0,0,0,0,0,0,0,0
Treponema_sp_Marseille_Q4130,Species,Treponema_sp_Marseille_Q4130,0,0,0,0,0,0,0,0,0,0,0,0,0,0,0,0,0,0,0,0,0,0,0,0,0,0,0,0,0,0,0,0,0,0,0,0,0,0,0,0,0,0,0,0,0,0,0,0,0,0,0,0,0,0,0,0,0,0,0,0,0,0,0,0,0,0,0,0
GGB4538_SGB6256,Species,GGB4538_SGB6256,0,0,0,0,0,0,0,0,0,0,0,0,0,0,0,0,0,0,0,0,0,0,0,0,0,0,0,0,0,0,0,0,0,0,0,0,0,0,0,0,0,0,0,0,0,0,0,0,0,0,0,0,0,0,0,0,0,0,0,0,0,0,0,0,0,0,0,0
Capnocytophaga_ochracea,Species,Capnocytophaga_ochracea,0,0,0,0,0,0,0,0,0,0,0,0,0,0,0,0,0,0,0,0,0,0,0,0,0,0,0,0,0,0,0,0,0,0,0,0,0,0,0,0,0,0,0,0,0,0,0,0,0,0,0,0,0,0,0,0,0,0,0,0,0,0,0,0,0,0,0,0
Alloprevotella_sp_oral_taxon_473,Species,Alloprevotella_sp_oral_taxon_473,0,0,0,0,0,0,0,0,0,0,0,0,0,0,0,0,0,0,0,0,0,0,0,0,0,0,0,0,0,0,0,0,0,0,0,0,0,0,0,0,0,0,0,0,0,0,0,0,0,0,0,0,0,0,0,0,0,0,0,0,0,0,0,0,0,0,0,0
GGB3059_SGB69431,Species,GGB3059_SGB69431,0,0,0,0,0,0,0,0,0,0,0,0,0,0,0,0,0,0,0,0,0,0,0,0,0,0,0,0,0,0,0,0,0,0,0,0,0,0,0,0,0,0,0,0,0,0,0,0,0,0,0,0,0,0,0,0,0,0,0,0,0,0,0,0,0,0,0,0
GGB1202_SGB1567,Species,GGB1202_SGB1567,0,0,0,0,0,0,0,0,0,0,0,0,0,0,0,0,0,0,0,0,0,0,0,0,0,0,0,0,0,0,0,0,0,0,0,0,0,0,0,0,0,0,0,0,0,0,0,0,0,0,0,0,0,0,0,0,0,0,0,0,0,0,0,0,0,0,0,0
Streptococcus_pneumoniae,Species,Streptococcus_pneumoniae,0,0,0,0,0,0,0,0,0,0,0,0,0,0,0,0,0,0,0,0,0,0,0,0,0,0,0,0,0,0,0,0,0,0,0,0,0,0,0,0,0,0,0,0,0,0,0,0,0,0,0,0,0,0,0,0,0,0,0,0,0,0,0,0,0,0,0,0
Selenomonas_noxia,Species,Selenomonas_noxia,0,0,0,0,0,0,0,0,0,0,0,0,0,0,0,0,0,0,0,0,0,0,0,0,0,0,0,0,0,0,0,0,0,0,0,0,0,0,0,0,0,0,0,0,0,0,0,0,0,0,0,0,0,0,0,0,0,0,0,0,0,0,0,0,0,0,0,0
Haemophilus_pittmaniae,Species,Haemophilus_pittmaniae,0,0,0,0,0,0,0,0,0,0,0,0,0,0,0,0,0,0,0,0,0,0,0,0,0,0,0,0,0,0,0,0,0,0,0,0,0,0,0,0,0,0,0,0,0,0,0,0.0052709413901322775,0,0,0,0,0,0,0,0,0,0,0,0,0,0,0,0,0,0,0,0
Treponema_maltophilum,Species,Treponema_maltophilum,0,0,0,0,0,0,0,0,0,0,0,0,0,0,0,0,0,0,0,0,0,0,0,0,0,0,0,0,0,0,0,0,0,0,0,0,0,0,0,0,0,0,0,0,0,0,0,0,0,0,0,0,0,0,0,0,0,0,0,0,0,0,0,0,0,0,0,0
Atopobium_sp_oral_taxon_199,Species,Atopobium_sp_oral_taxon_199,0,0,0,0,0,0,0,0,0,0,0.003562414961102131,0,0,0,0,0,0,0,0,0,0,0,0,0,0,0,0,0,0,0,0,0,0,0,0,0,0,0,0,0,0,0,0,0,0,0,0,0,0,0,0,0,0,0,0,0,0,0,0,0,0,0,0,0,0,0,0,0
Selenomonas_SGB69112,Species,Selenomonas_SGB69112,0,0,0,0,0,0,0,0,0,0,0,0,0,0,0,0,0,0,0,0,0,0,0,0,0,0,0,0,0,0,0,0,0,0,0,0,0,0,0,0,0,0,0,0,0,0,0,0,0,0,0,0,0,0,0,0,0,0,0,0,0,0,0,0,0,0,0,0
Prevotella_veroralis,Species,Prevotella_veroralis,0,0,0,0,0,0,0,0,0,0,0,0,0,0,0,0,0,0,0,0,0,0,0,0,0,0,0,0,0,0,0,0,0,0,0,0,0,0,0,0,0,0,0,0,0,0,0,0,0,0,0,0,0,0,0,0,0,0,0,0,0,0,0,0,0,0,0,0
Bifidobacterium_adolescentis,Species,Bifidobacterium_adolescentis,23.200812320081234,1.8385627133911842,0,0,0,0,0,0,0,0,0.0040027134394405965,1.2662014592074813,0.028605964318281146,0,0,0,0,0,0,0,0,0,0,0,0,0,1.930006432313947,0,0,0,0,0,0,0.015059008298764321,0,0,0,0,0,21.887543556394178,0,0,0,0,0.011238746228709486,0.015300003060000612,0,2.4904247898674705,9.098973303639728,0,0,13.035503910651173,5.43911163173349,5.858343767197372,0,0,0,0,0.14348226061888666,41.30246684571999,0,0,0,2.328930143996192,0,0,0,0
Blautia_schinkii,Species,Blautia_schinkii,1.9018801901880191,0.15260080538924375,0,0.0038978924065065953,0,0,0,0,0,0,0,0,0,0,0,0,0,0,0,0,0,0,0,0,0,0,0,0,0,0,0,0,0,0,0,0,0,0,0,0,0,0,0,0,0,0,0,0,0,0,0,0,0,0,0,0,0,0,0,0,0,0,0,0,0,0,0,0
GGB3343_SGB4423,Species,GGB3343_SGB4423,0.2827100282710028,0,0,0,0,0,0,0,0,0.042729995727000425,0,0,0,0,0,0,0,0,0,0,0,0,0,0,0,0,0,0,0,0,0,0,0,0,0,0,0,0,0,0,0,0,0,0,0,0,0,0,0,0,0,0,0,0,0,0,0,0,0,0,0,0,0,0,0,0,0,0
Evtepia_gabavorous,Species,Evtepia_gabavorous,0.2213300221330022,0.004758444335317454,0.2980283904859912,0.7691022560407869,0,0,0,0,0.44536952799970636,0,0,0,0,0,0,0,0,0,0,0,0,0,0,0,0,0,0,0,0,0,0.17624816673886054,0.16343147088323795,0,0,0,0,0,0,0,0,0.003597039045708547,0.28786483963619675,0.5197714735018838,0.3953900790780158,0.4734396974152887,0.42291008458201695,0,0,0,0,0,0,0,0.27689831478509375,0,0.7784801665667384,0,0,0,0,0,0,1.7872611388443354,0,0,0,0,0
Blautia_hydrogenotrophica,Species,Blautia_hydrogenotrophica,0.18483001848300185,0,0,0,0,0,0,0,0.08084536004737114,0,0,0,0,0,0,0,0,0,0,0,0,0,0,0,0,0,0.013517327461186031,0.2777307239600709,0,0,0,0,0,0,0,0,0,0,0.06565451606407617,0.4193492398121429,0,0.021809923897650695,0,0,0,0,0,0,0,0,0,0,0,0,0,0,0,0,0,0,0,0,0.29667541714974544,0.07227310774363298,0,0,0,0
GGB51959_SGB72479,Species,GGB51959_SGB72479,0.038400003840000384,0.21083414627598138,0,0,0,0,0,0,0,0,0,0,0,0,0,0,0,0,0,0,0,0,0,0,0,0,0.2747583148183551,0,0,0,0,0,0,0.005653381853024479,0,0,0,0,0,0,0,0,0,0,0.002023374989482457,0.012650002530000506,0,0,0,0,0,0,0,0,0,0,0,0,0,0,0,0,0,0,0,0,0,0
Bacteroides_faecis,Species,Bacteroides_faecis,0.002400000240000024,0,0,0,0,0,0,0,0,0,0,0,0,0,0,0,0,0,0,0,0,0,0,0,0,0,0,0,0,0,0,0,0,0,0,0,0,0,0.7271977053174696,0.08758476558971272,0.04137095882933312,0,0,0,0,0,0,0,0,0,0,0,0,0,0,0,0.04402000440200044,0,0,0,0,0,0,0,0,0,0,0
GGB9357_SGB14330,Species,GGB9357_SGB14330,0.0013200001320000131,0.07595478936921461,0,0,0,0,0,0,0,0,0,0,0,0,0,0,0,0,0,0,0,0,0,0,0,0,0,0,0,0,0,0,0,0,0,0,0,0,0,0,0,0,0,0,0,0,0,0,0,0,0,0,0,0,0,0,0,0,0,0,0,0,0,0,0,0,0,0
Ruminococcus_bovis,Species,Ruminococcus_bovis,0,0.5044251528762943,0,0,0,0,0,0,0,0,0,0,0,0,0,0,0,0,0,0,0,0,0,0,0,0,0,0,0,0,0,0,0,0,0,0,0,0,0,0,0,0,0,0,0,0,0,0,0,0,0,0,0,0,0,0,0,0,0,0,0,0.04218120682094338,0,0,0,0,0,0
Clostridium_sp_AM22_11AC,Species,Clostridium_sp_AM22_11AC,0,0.06974376728943182,0,0.01173459997444374,0.07939204481484931,0.27304671045868006,0,0,0,0,0,0.034214841550463206,0,0,0,0,0,0,0,0,0,0,0,0,0,0,0,0,0.015302936980580112,0.014891364640850228,0,0,0,0,0,0,0,0,0,0,0,0,0,0,0,0,0,0,0,0,0,0,0,0,0,0,0,0,0,0,0,0,0,0,0.4290077138983178,0,0,0
GGB4277_SGB5832,Species,GGB4277_SGB5832,0,0.06888223842030067,0,0,0,0,0.20593154672384656,1.06045,0,0,0,0,0,0,0,0,0,0,0,0,0,0,0,0,0,0,0,0,0,0,0,0,0.005221003362165209,0,0,0.04849505005608847,0,0,0,0,0,0.029908165935293135,0,0,0,0,0,0,0,0,0,0,0,0,0,0,0,0,1.6781634999388155,0,0,0,0,0.01308056246418596,0,0,0,0
Bacteroides_stercoris,Species,Bacteroides_stercoris,0,0.06707903846165406,0,0.026896480673768604,0,0,0.10689961462477106,0,0,0.06378999362100064,0,0,0,0,0,0,0,0,0,0,0,0,0,0,0,0,0,0,0,0,0,0,0,0,0,0,0,0,0.06124388462859907,7.909313379691986,0.21343767618853335,0,2.7103041702022375,0,0,0.018830003766000754,0,0,0,0,0,0,0,0,0,0,0.060020006002000595,0.03699680048226935,0,0,0,0,0,0,0,0.03133340919000586,0,0
GGB3496_SGB4671,Species,GGB3496_SGB4671,0,0.054246265422618976,0,0,0,0,0,0,0,0,0,0,0,0,0,0,0,0,0,0,0,0,0,0,0,0,0,0,0,0,0,0,0,0,0,0,0,0,0,0,0,0,0.0016314170488486298,0,0,0,0,0,0,0,0,0,0,0,0,0,0,0,0,0,0,0,0,0,0,0,0,0
Enterocloster_hominis,Species,Enterocloster_hominis,0,0.04115303016733495,0,0,0,0,0,0,0,0,0.07875338692099373,0.00257368277149502,0,0,0,0,0,0,0,0,0,0,0,0,0,0,0,0,0.6361448953473656,0.3210606256796626,0,0,0,0,0,0,0,0,0,0,0,0,0.8142372464722858,0,2.704511124555759e-4,0.023390004678000936,0,0.028305055282873522,0,0,0.003330000666000133,0.040190012057003614,0,0,0,0.003922419348254003,0,0,0.0450710007432211,0,0,0.03236161406077597,4.905877240934639e-4,0,0,0,0,0
Desulfovibrio_piger,Species,Desulfovibrio_piger,0,0.029472301546324107,0,0,0,0,0,0,0,0,0,0,0,0.0018259022289550972,0,0,0,0,0,0,0,0,0,0,0,0,0,0,0,0,0,0,0,0,0,0,0,0,0,0,0,0,0,0,0.02891823561700917,0.6888101377620275,0,0,0,0,0,0,0,0,0,0,0,0,0,0,0,0,0,0,0,0,0,0
GGB3005_SGB3996,Species,GGB3005_SGB3996,0,0.027418657148976573,0,6.138413238593063e-4,0,0,0,0,0,0,0,0,0,0,0,0,0,0,0,0,0,0,0,0,0,0,2.355369128801194,0.29260209571790663,0,0,0,0,0,0,0,0,0,0,0,0,0,0,0.002071799565102248,0,0,0,0,0,0,0,0,0,0,0,0,0,0,0,0,0,0,0,0.014547427818526595,0.20711890611296285,0,0,0,0
Alistipes_ihumii,Species,Alistipes_ihumii,0,0.015437395201524625,0,0,0,0,0,0,0,0,0,0,0,0,0,0,0,0,0,0,0,0,0,0,0,0,0.014212331630203794,0,0.021710916489486202,9.613792908686093e-4,0,0,0,0,0,0,0,0,0,0.7684905964878803,0,0,0,0.08940001788000358,0.0036560983720846374,0.004140000828000165,0,0,0,0,0,0,0,0,0,0,0,0,0,0,0,0,0,0,0,0,0,0
GGB6601_SGB9333,Species,GGB6601_SGB9333,0,0.014886417436382604,0,0,0,0,0,0,0,0,0,0,0,0,0,0,0,0,0,0,0,0,0,0,0,0,0,0,0,0,0,0,0,0,0,0,0,0,0,0,0,0,0,0.018400003680000734,0,0,0,0,0,0,0,0,0,0,0,0,0,0,0,0,0,0,0,0,0,0,0,0
GGB6649_SGB9391,Species,GGB6649_SGB9391,0,0.013493946357205498,0,0,0,0,0,0,0,0,0,0,0,0,0,0,0,0,0,0,0,0,0,0,0,0,0,0,0,0,0,0,0,0,0,0,0,0,0.14303636524397695,0,0,0,0,0,0,0,0,0,0,0,0,0,0,0,0,0,0,0,0,0,0,0,0,0.051032194384358534,0,0,0,0
Enterocloster_asparagiformis,Species,Enterocloster_asparagiformis,0,0.01290289748187133,0,0,0,0,0,0,0,0,0,0,0,0,0,0,0,0,0,0,0,0,0,0,0,0,0,0,0.06268588405347725,0,0,0,0,0,0,0,0,0,0.06179006095121656,0,0,0,0,0,0.0016727902140770807,0,0,0,0,0,0,0,0,0,0,0,0,0,0,0,0,0,0,0,0,0,0,0
Schaalia_turicensis,Species,Schaalia_turicensis,0,0.0060307020839181205,0,0,0,0,0.005023212689482543,0,0,0,0,0,0,0,0,0,0,0,0,0,0,0,0,0,0,0,0,0,0,0,0,0,0,0,0,0,0,0,0,0,0,0,0,0,0,0,0,0,0,0,0,5.500001650000496e-4,0,0,0,0,0,0,0,0,0,0,0.026501749095416312,0,0,0,0,0
GGB2653_SGB3574,Species,GGB2653_SGB3574,0,0.0027849421583542155,0,0,0.16993246112030508,0.2819372545599791,0,0,0,0,0,0,0,0,0,0,0,0,0,0,0,0,0,0,0,0,0,4.663143155149565e-4,0,0,0,0,0,0,0,0,0,0,0,0,0,0,0,0,0,0,0,0,0,0,0,0,0,0,0,7.404567137010107e-4,0,0,0,0,0,0,0,0,0,0,0,0
GGB51441_SGB71759,Species,GGB51441_SGB71759,0,0.002284053280952378,0,0.04865715560458102,0,0,0,0,0,0,0,0,0,0,0,0,0,0,0,0,0,0,0,0,0,0,0,0,0,0,0,0.08311074799673197,0,0,0,0,0,0,0,0,0,0,0,0,0,0,0,0,0,0,0,0,0,0,0,0,0,0,0,0,0,0,0,0,0,0,0,0.0344138209459398
Schaalia_SGB17154,Species,Schaalia_SGB17154,0,0,0,0,0,0,0.6864048665045924,0.43518999999999997,0,0,0.04731207285418785,0,0,0,0,0,0,0,0,0,0,0,0,0,0,0,0.016226836467936438,0.017730081257296932,0,0,0,0,0,0,0,0,0,0,0,0,0,0,0,0,0,0,0,0.036446509346569296,0,0,0,0,0,0,0,0,0,0,0,0,0,0,0,0,0,0,0,0
Catenibacterium_tridentinum,Species,Catenibacterium_tridentinum,0,0,0,0,0,0,0,0,0,0,0,0,0,0,0,0,0,0,0,0,0,0,0,0,0,0,30.65570722314811,8.49292180486753,0,0,0,0,0,0,0,0,0,0,0,0,0,0,0,0,0,0,0,0,0,0,0,0,0,0,0,0,0,0,0,0,0,0,0,0,0,0,0,0
GGB3363_SGB4447,Species,GGB3363_SGB4447,0,0,0,0,0,0,0,0,0,0,0,0,0,0,0,0,0,0,0,0,0,0,0,0,0,0,1.2845590823044082,0,0,0,0,0,0,0,0,0,0,0,0,0,2.8871799223901253,0,0,0,0,0,0,0.06995249351534184,0,0,0,0,0,0,0,0,0,1.3874750869529888,0,0,0,0,0,0,0,0,0,0
GGB9480_SGB14874,Species,GGB9480_SGB14874,0,0,0,0,0,0,0,0,2.3226839939487984,0,0,0,0,0,0,0,0,0,0,0,0,0,0,0,0,0,0.568664498119359,1.007725510363278,0,0,0,0,0,0,0,0,0,0,0,0,0,0,0,0,0,0,0,0,0,0,0,0.04702001410600423,0,0,0,0,0,0,0,0,0,0,0,0,0,0,0,0
Firmicutes_bacterium,Species,Firmicutes_bacterium,0,0,0,0,0,0,0,0.04325,0,0,0,0,0,0,0,0,0,0,0,0,0,0,0,0,0,0,0.2958501804694159,0.11439906631709312,0,0,0,0,0,0,0,0,0.0765419671285552,0.04173391997581038,0,0,0,0,0.3214592194780386,0.01829000365800073,0,0,0,0,0,0,0.013430002686000536,0.07653002295900689,0,0.07866656717904791,0,0,0,0,0,0.2012949149096509,0,0.0023522979598770036,0,0,0,0,0,0
Senegalimassilia_anaerobia,Species,Senegalimassilia_anaerobia,0,0,0,0,0,0,0,0,0,0,0,0,0,0,0,0,0,0,0,0,0,0,0,0,0,0,0.2940774162122112,0,0,0,0.007271278860273237,0.26193235739121656,0,0,0,0,0,0,0,0,0,0,0,0,0.0057596070245168945,0,0,0,0,0,0,0,0,0,0,0,0,0,0,0,0,0,0,0,0,0,0,0
Dorea_phocaeensis,Species,Dorea_phocaeensis,0,0,0,0,0,0,0,0,0,0,0,0,0,0,0,0,0,0,0,0,0,0,0,0,0,0,0.2609891742524525,0.0668045943313818,0,0,0,0,0,0,0,0,0,0,0,0,0,0,0,0,0,0,0,0,0,0,0,0,0,0,0,0,0,0,0,0.45383653960444187,0,0,0,0,0,0,0,0
Slackia_isoflavoniconvertens,Species,Slackia_isoflavoniconvertens,0,0,0,0,0,0,0,0,0,0,0,0,0,0,0,0,0,0,0,0,0,0,0,0,0,0,0.24170029043116245,0,0,0.020489396136637233,0,0.046280416523748716,0,0,0,0,0,0,0,0,0.8834688602125499,2.227056800063659,0,0,0.11274806377036897,0,0,0,0,0,0.004440000888000178,0.02346000703800211,0,0,0,0,0,0,0.21964648262489134,0,0,0,0,0,0,0,0,0
Faecalibacterium_sp_CLA_AA_H233,Species,Faecalibacterium_sp_CLA_AA_H233,0,0,0,0,0,0,0,0,0,0,0.02140451011740859,5.57025694740432,0,0,0,0,0,0,0,0,0,0,0,0,0,0,0.1971394434205164,0,0,0,0,0,0,0,0,0,0,0,0,0,0,0,0.0371522704621234,0,0.2949820300260835,0.040120008024001605,0,0,0,0,0,0,0,0,0,0,0,0,6.656925068676848,0,0,0.005865730231863508,0.015608699221667558,0,0,0.41397928392301886,0,0
Eubacteriaceae_bacterium_Marseille_Q4139,Species,Eubacteriaceae_bacterium_Marseille_Q4139,0,0,0,0,0,0,0,0,0.7792216623962168,0.17628998237100177,0,0,0,0,0,0,0,0,0,0,0,0,0,0,0,0,0.1344681979186539,0.5574280778594876,0,0,0,0,0,0,0,0,0,0,0,0,0,0,0,0,0,0,0,0,0,0.46195741224878634,0,0,0,0,0,0,0,0,0,0,0,0,0,0,0,0,0,0
Faecalitalea_cylindroides,Species,Faecalitalea_cylindroides,0,0,0,0,0,0,0,0,0,0,0,0,0,0,0,0,0,0,0,0,0,0,0,0,0,0,0.13353145316910822,0,0,0,0.0016370420638460465,0,0,0,0,0,0,0,0,0,0,0,0,0,0,0,0,0,0,0,0,0,0,0,0,0,0,0,0,0,0,0,0,0,0,0,0,0
GGB3730_SGB5060,Species,GGB3730_SGB5060,0,0,0.05402536691349534,0.29588174878891665,0,0,0.196167550974009,0.08521,0,0,0,0,0,0.023245139914774508,0,0,0,0,0,0,0,0,0,0,0,0,0.13214144483107268,0,0,0,0,0,0,0,0,0,0,0,0,0,0,0,0,0,0.06221377257265118,0.09366001873200375,0,0.008161457636333849,0,0,0,0,0,0,0,0,0,0,0,0,0,0,0,0,0,0,0,0
GGB3537_SGB4727,Species,GGB3537_SGB4727,0,0,0,0.01678856020755203,0,0,0,0,0.1880924705307962,0.04636999536300047,0,0,0,0,0,0,0,0,0,0,0,0,0,0,0,0,0.13078165406560316,0.08643034465392432,0,0,0,0,0,0,0,0,0,0,0,0,0,0,0,0,0,0,0,0.9681529121101028,0,0,0,0,0,0,0,0,0,0,0,0.039780733718414035,0,0,0,0,0,0,0.49404487930987473,0
Holdemania_filiformis,Species,Holdemania_filiformis,0,0,0,0,0,0,0,0,0,0,0,0,0,0,0,0,0,0,0,0,0,0,0,0,0,0,0.11509873390385453,0.0034770828309050013,0.1589660268782149,0.01727478413279532,0,0,0,0,0,0,0,0,0,0,0,0,0,0,0,0,0,0,0,0,0,0,0,0,0,0,0,0,0,0,0,0,0,0,0,0,0,0
GGB3510_SGB4687,Species,GGB3510_SGB4687,0,0,0,0,0.0016141077427946381,0,0,0,0,0.024319997568000244,0,0,0,0,0,0,0,0,0,0,0,0,0,0,0,0,0.1018533645957624,0.011384151659202089,0,0,0,0,0,0,0,0,0,0,0,0,0,0,0,0,0,0,0,0,0,0,0,0,0,0,0,0,0,0,0,0,0,0,0,0,0,0,0,0
GGB9453_SGB14845,Species,GGB9453_SGB14845,0,0,0,0,0.003649287070666138,0.015730962734919376,0,0,0,0,0.004743215425737107,0,0,0,0,0,0,0,0,0,0,0,0,0,0,0,0.09994965752410506,0.04402615374524904,0,0,0,0,0,0,0,0,0,0,0,0,0,0,0,0,0,0,0,0,0,0,0,0,0,0,0,0,0,0,0,0,0,0,0,0,0,0,0,0
GGB3600_SGB4859,Species,GGB3600_SGB4859,0,0,0,0,0.006697043305508188,0,3.732105813470965e-4,0.14176,0,0,0,0,0,0,0,0,0,0,0,0,0,0,0,0,0,0,0.06323530685642766,0.014080664875005968,0,0,0,0,0,0,0,0,0,0,0,0,0,0,0,0,0,0,0,0,0.002385769699134308,0.051661542436274153,0,0,0,0,0,0,0.005830000583000059,0,0,0.47166583223175923,0,0,0,0,0,0,0,0
GGB9641_SGB15117,Species,GGB9641_SGB15117,0,0,0,0,0,0,0,0,0,0,0,0,0,0,0,0,0,0,0,0,0,0,0,0,0,0,0.04872079950056396,0.33299910761632184,0,0,0,0,0,0,0,0,0,0,0,0,0,0,0,0,0,0,0,0,0,0,0,0,0,0,0,0.004862999498090423,0,0,0,0,0,0,0,0,0,0,0,0
GGB74505_SGB47518,Species,GGB74505_SGB47518,0,0,0,0,0,0,0,0,0,0,0,0,0,0,0,0,0,0,0,0,0,0,0,0,0,0,0.04382555274487364,0,0,0,0,0,0,0.03789266739363487,0,0,0,0,0,0,0,0,0.08348251291071425,0,0,0,0,0,0,0,0,9.600002880000864e-4,0,0,0,0,0,0,0,0.0067134990757182645,0,0,0,0,0,0,0,0
Neobittarella_massiliensis,Species,Neobittarella_massiliensis,0,0,9.642006364929451e-4,0,0,0,0,0,0.031972119751539525,3.099999690000031e-4,0.012498472714653262,0,0,0,0,0,0,0,0,0,0,0,0,0,0,0,0.03689565610307335,0.009853424232185602,0.007330568107997419,0.002713893623181178,0,0,0,0.003882322405262828,0,0,0,0,0,0,0,0,0.0011009562906340448,0,0.008844753048084205,1.200000240000048e-4,0,0,0,0,0,0,0,0,0,0,0,0,0,0,0,0,0,0.010360445499156464,0,0,0,0
GGB9491_SGB14888,Species,GGB9491_SGB14888,0,0,0,0,0,0,0,0,0,0,0,0,0,0,0,0,0,0,0,0,0,0,0,0,0,0,0.03342063525798454,0,0,0,0,0,0,0,0,0,0,0,0,0,0,0,0,0,0.04224045708241347,0,0,0,0,0,0,0,0,0,0,0,0,0,0,0,0,0,0,0,0,0,0,0
Alistipes_indistinctus,Species,Alistipes_indistinctus,0,0,0,9.514540519819249e-4,0,0,0,0,0.14512962209394484,0,0,0,0,0,0,0,0,0,0,0,0,0,0,0,0,0,0.018946417998875503,0,0,0,0,0,0,0,0,0,0,0,0,0,0,0,0,0,0,0.007040001408000282,0,0,0,0,0,0,0,0,0,0,0,0,0,0,0,0,0,0,0,0,0,0
GGB3677_SGB4990,Species,GGB3677_SGB4990,0,0,0,0,0,0,0,0,0,0,0,0,0,0,0,0,0,0,0,0,0,0,0,0,0,0,0.01761684480597196,0.0031324157281330776,0,0,0,0,0,0,0,0,0,0,0,0,0,0,0,0,0,0,0,0,0,0,0,0,0,0,0,0,0,0,0,0,0,0,0,0,0,0,0,0
Enorma_massiliensis,Species,Enorma_massiliensis,0,0,0,0,0,0,0,0,0,0,0,0,0,0.17064159896866624,0,0,0,0,0,0,0,0,0,0,0,0,0.015854153072955898,0.0058694780148513,0,0,0,0,0,0,0,0,0,0,0.02020852393684718,2.6823836779105514,0,0,0,0,0,0,0,0,0,0,0,0,0,0,0,0,0,0,0,0,0,0,0,0,0,0,0,0
Cuneatibacter_caecimuris,Species,Cuneatibacter_caecimuris,0,0,0,0,0,0,0,0,0.14400954783302133,0,0,0,0,0,0,0,0,0,0,0,0,0,0,0,0,0,0.012782033195413618,0,0,0,0,0,0,0,0,0,0,0,0,0,0,0,0,0,0,0,0,0,0,0,0,0,0,0,0,0,0,0,0,0,0,0,0,0,0,0,0,0
Eubacterium_siraeum,Species,Eubacterium_siraeum,0,0,0.04232439043938824,0.0064248725230607396,1.1837425063042937,0.058873603064507556,0,0,0,0.2827099717290028,0,0,0,0,0,0,0,0,0,0,0,0,0,0,0,0,0.008702660899005017,0,0.016075103525471767,0,0,0,0,0,0,0,0,0,0,0,0,0,0,0,0,0,0,0,0,0,0,0,0,0,0,0,0,0,0,0,0,0,0,0,0,0,0,0
GGB3602_SGB66069,Species,GGB3602_SGB66069,0,0,0,0,0,0,0,0,0,0,0,0,0,0,0,0,0,0,0,0,0,0,0,0,0,0,0.0069298966418002905,0,0,0,0,0,0,0,0,0,0,0,0,0,0,0,0,0,0,0,0,0,0,0,0,0,0,0.002340492907806384,0,0,0,0,0,0.03324732850761817,0,0,0,0,0,0,0,0
GGB3444_SGB4594,Species,GGB3444_SGB4594,0,0,0,0,0.03289371120564725,0.004970304182615976,0,0,0.039792638251916104,0,0,0,0,0,0,0,0,0,0,0,0,0,0,0,0,0,0.006325545190480498,0,0,0,0,0,0,0,0,0,0,0,0,0,0,0,0.008036980921628526,0,0,0,0,0,0,0,0,0,0,0,0,0,0,0,0,0,0,0,0,0,0,0,0,0
Lachnotalea_sp_AF33_28,Species,Lachnotalea_sp_AF33_28,0,0,0,0,0,0,0,0,0,0,0,0,0,0,0,0,0,0,0,0,0,0,0,0,0,0,0.005902499174556643,0,0.02273378645804398,0,0,0,0,0,0,0,0,0,0,0,0,0,0,0,0,0,0,0,0,0,0,0,0,0,0,0,0,0,0,0,0,0,0,0,0,0,0,0
Lacticaseibacillus_paracasei,Species,Lacticaseibacillus_paracasei,0,0,0.028845669041747273,0.2609337160838601,0,0,0,0,0.002260149847934918,0,0,0,0,0,0,0,0,0,0,0,0,0,0,0,0,0,0.005560033352142093,0.04766543285981142,9.025323251980406e-5,0,0,0.047930431373882365,0,0,0,0,0.006080156260015883,0.3332593960760685,0.03894340232399056,0,0,0,0.06457609079246233,0.054230010846002166,0,0,0.12666160847040506,0,0.001137518886085134,0,0,0,0.022510006753002024,0,0,0.0033820860706884003,0.9873300987330099,0,0,0,0.014599997080000584,0,0,0,0,0,0,0
Dielma_fastidiosa,Species,Dielma_fastidiosa,0,0,0,0,0,0.023401432167648662,0,0,0,0,0,0,0,0,0,0,0,0,0,0,0,0,0,0,0,0,0.005066479666897596,0,0.009476589414579427,0,0,0,0,0,0,0,0,0,0,0,0,0,0,0,0,0,0,0,0,0,0,0,0,0,0,0,0,0,0,0,0,0,0.005897064683490822,0,0,0,0,0
GGB9719_SGB15272,Species,GGB9719_SGB15272,0,0,0,0,0.2297045751733587,0.08542522802395507,0,0,0,0,0,0,0,0,0,0,0,0,0,0,0,0,0,0,0,0,0.004804594037992353,0,0,0,0,0,0,0,0,0,0,0,0,0,0,0,0.0041736252108581515,0.0013600002720000543,0,0,0,5.801036065041217e-4,0,0,0.07853001570600314,0.04696001408800422,0,0,0,0,0,0,0,0,0,0,0,0,0,0,0,0
Christensenella_hongkongensis,Species,Christensenella_hongkongensis,0,0,0,0,0,0,0,0,0,0,0,0,0,0,0,0,0,0,0,0,0,0,0,0,0,0,0.004371475497879834,0.0036798281854767217,0.009316139223433108,0,0,0,0,0,0,0,0,0,0.928036013836192,0.006090028897187117,0,0,0,0,0,0,0,0,0,0,0,0,0,0,0,0,0,0,0,0,0,0,0.025780885500829995,0,0,0,0,0
GGB9707_SGB15229,Species,GGB9707_SGB15229,0,0,0,0.010455763883070185,0,0,0,0,0,0,0,0,0,0,0,0,0,0,0,0,0,0,0,0,0,0,0.002649073861618425,0,0,0,0,0,0,0,0,0,0,0,0,0,0,0,0,0,0,0,0,0,0,0,0,0,0,0,0,0,0,0,0,0,0,0,0,0,0,0,0,0
Odoribacter_splanchnicus,Species,Odoribacter_splanchnicus,0,0,0,0,0,0,0.016865083567901226,0,0,0,0.01730172884198198,0,0,0,0,0,0,0,0,0,0,0,0,0,0,0,0.0020547949344872957,0,0.0020256836632222687,0,0,0,0,0,0,0,0,0,0,0,0,0,0.01091948466437948,0,0,0,0,0,0,0,0,0,0,0,0,0,0,0,0.008178164967555053,0,0,0.0071269623294996885,0,0,0,0,0,0
Catenibacillus_scindens,Species,Catenibacillus_scindens,0,0,0,0,0.006285997234361728,0.0011300691602326063,0,0,0,0,0,0,0,0,0,0,0,0,0,0,0,0,0,0,0,0,0.0013900083380355233,0.007045401071367277,0,0,0,0,0,0,0,0,0,0,0,0,0,0,0,0,0,0,0,0,0,0,0,0,0,0,0,0,0,0,0,0,0,0.002442385966851017,0.00433519356188714,0,0,0,0,0
GGB45613_SGB63326,Species,GGB45613_SGB63326,0,0,0,0,0.015930541635407948,0.030961894867965918,0,0,0,0,0,0,0,0,0,0,0,0,0,0,0,0,0,0,0,0,8.763096044136995e-4,0,0,0,0,0,0,0,0,0,0,0,0,0,0,0,0,0,0,0,0,0,0,0,0,0,0,0,0,0,0,0,0,0,0,0,0,0,0,0,0,0
Bifidobacterium_dentium,Species,Bifidobacterium_dentium,0,0,0,0,0.017324088071733756,0.11731717981140447,0,0,0,0,0,0,0,0,0,0,0,0,0,0,0,0,0,0,0,0,3.726833949805389e-4,9.529031664870849e-4,0,0,0,0,0,0,0,0.08537307003011957,0,0,0,0,0,0,0,0,0,0,0,0,0.0028186308681755535,0,0,0,0,0.3543946355102385,0,0,0,0,0,0,0,0,0,0,0,0,0,0
Diplocloster_modestus,Species,Diplocloster_modestus,0,0,0,0,0,0,0,0,0,0,0,0,0,0,0,0,0,0,0,0,0,0,0,0,0,0,3.4246582241454924e-4,0.002331571577574782,0,0,0,0,0,0,0,0,0,0,0,0,0,0,0,0,0,0,0,0,0,0,0,0,0,0,0,0,0,0,0,0,0,0,0,0,0,0,0,0
GGB9695_SGB15210,Species,GGB9695_SGB15210,0,0,0,0,0.12555953646434811,0,0,0,0,0,0,0,0,0,0,0,0,0,0,0,0,0,0,0,0,0,1.1079776607529535e-4,0,0,0,0,0,0,0,0,0,0,0,0,0,0,0,0,0,0,0,0,0,0,0,0,0,0,0,0,0,0,0,0,0,0,0,0,0,0,0,0,0
Anaerotruncus_rubiinfantis,Species,Anaerotruncus_rubiinfantis,0,0,0,0,0,0,0,0,0,0,0,0,0,0,0,0,0,0,0,0,0,0,0,0,0,0,9.065271769796891e-5,0,0.011091119462989255,0,0,0,0,0,0,0,0,0,0,0,0,0,0,0,0.004046749978964914,0,0,0,0,0,0,0,0,0,0,0,0,0,0,0,0,0,0,0,0,0,0,0
Lachnoclostridium_sp_An131,Species,Lachnoclostridium_sp_An131,0,0,0,0,0.03335488484644572,0.005280323155777133,0,0,0,0,0,0,0,0,0,0,0,0,0,0,0,0,0,0,0,0,8.058019350930571e-5,0,0,0,0,0,0,0,0,0,0,0,0,0,0,0,0,0,0,0,0,0,0,4.8103861046385247e-4,0,0,0,0,0,0,0,0,0,0,0,0,0,0,0,0,0,0
Collinsella_intestinalis,Species,Collinsella_intestinalis,0,0,1.2189504796596853,0,0,0,0,0,0,0,0,0,0,0,0,0,0,0,0,0,0,0,0,0,0,0,0,0.789186292670421,0,0,0,0,0,0,0,0.22705646643021168,0,0,0.8461610915117398,0.019274941459597225,0,0,0,0,0,0,0,0,0,0,0,0,0,0,0,0,0,0,0,0,0,0,0,0,0,0,0,5.49732515345353
Limosilactobacillus_reuteri,Species,Limosilactobacillus_reuteri,0,0,0,0,0,0,0,0,0,0,0,0,0,14.33844903651052,0,0,0,0,0,0,0,0,0,0,0,0,0,0.19385497077375027,0,0,0,0,0,0,0,0,0.0011900305837860034,0,0,0,0.0013225881727953431,0,0,0,0,0,0.0022803890343692634,0,2.832794488288136,0,0,0,0,0,0.10350692215045133,0,0,0,0,0,0,0,0,0,0,0,0,0
Citrobacter_freundii,Species,Citrobacter_freundii,0,0,0,0,0,0,0,0,0,0,0.29688125580330904,0,0,0,0,0,0,0,0,0,0,0,0,0,0,0,0,0.09611143533472397,0,0,0,0,0,0,0,0,0,0,0,0,0,0,0,0,0,0.004200000840000168,0,0,0,0,0,0,0,0,0,0,0,0,1.0323415047843782,0,0,0,0,0,0,0,0,0
Actinomyces_radicidentis,Species,Actinomyces_radicidentis,0,0,0,0,0,0,0,0,0,0,0,0,0,0,0,0,0,0,0,0,0,0,0,0,0,0,0,0.047837766411197385,0,0,0,0,0,0,0,0,0,0,0,0.040112990336139145,0,0,0,0,0,0,0,0,0,0,0,0,0,0,0,0,0,0,0,0,0,0,0,0,0,0,0,0
Bordetella_bronchiseptica,Species,Bordetella_bronchiseptica,0,0,0,0,0,0,0,0,0,0,0,0,0,0,0,0,0,0,0,0,0,0,0,0,0,0,0,0,0,0,0,0,0,0,0,0,0,0,0,0,0,0,0,0,0,0,0,0,0,0,0,0,0,0,0,0,0,0,0,0,0,0,0,0,0,0,0,0
GGB3886_SGB5269,Species,GGB3886_SGB5269,0,0,0,0,0,0,0,0,0,0,0,0,0,0,0,0,0,0,0,0,0,0,0,0,0,0,0,0,0,0,0,0,0,0,0,0,0,0,0,0,0,0,0,0,0,0,0,0,0,0,0,0,0,0,0,0,0,0,0,0,0,0,0,0,0,0,0,0
GGB3883_SGB5266,Species,GGB3883_SGB5266,0,0,0,0,0,0,0,0,0,0,0,0,0,0,0,0,0,0,0,0,0,0,0,0,0,0,0,0,0,0,0,0,0,0,0,0,0,0,0,0,0,0,0,0,0,0,0,0,0,0,0,0,0,0,0,0,0,0,0,0,0,0,0,0,0.01883121649658568,0,0,0
Solobacterium_SGB6833,Species,Solobacterium_SGB6833,0,0,0,0,0,0,0,0,0,0,0,0,0,0,0,0,0,0,0,0,0,0,0,0,0,0,0,0,0,0,0,0,0,0,0,0,0,0,0,0,0,0,0,0,0,0,0,0,0,0,0,0,0,0,0,0,0,0,0,0,0,0,0,0,0,0,0.01986643978965229,0
Leptotrichia_sp_oral_taxon_221,Species,Leptotrichia_sp_oral_taxon_221,0,0,0,0,0,0,0,0,0,0,0,0,0,0,0,0,0,0,0,0,0,0,0,0,0,0,0,0,0,0,0,0,0,0,0,0,0,0,0,0,0,0,0,0,0,0,0,0,0,0,0,0,0,0,0,0,0,0,0,0,0,0,0,0,0,0,0,0
Oribacterium_SGB5287,Species,Oribacterium_SGB5287,0,0,0,0,0,0,0,0,0,0,0,0,0,0,0,0,0,0,0,0,0,0,0,0,0,0,0,0,0,0,0,0,0,0,0,0,0,0,0,0,0,0,0,0,0,0,0,0,0,0,0,0,0,0,0,0,0,0,0,0,0,0,0,0,0,0,0,0
GGB3304_SGB4367,Species,GGB3304_SGB4367,0,0,0,0,0,0,0,0,0,0,0,0,0,0,0,0,0,0,0,0,0,0,0,0,0,0,0,0,10.743794939842209,1.8491629941477037,0,0,0,0,0,0,0,0,0,0,0,0,1.0693988798670526,0,0,0,0,0,0,0,0,0,0,0,0,0,0,0,0,0,0,0,0.6575677661838882,0,0,0,0,0
Bacteroides_eggerthii,Species,Bacteroides_eggerthii,0,0,0,0,2.447909685358268,2.9499405363608253,0,0,0,0,0,0,0.225217618685428,0,0,0,0,0,0,0,0,0,0,0,0,0,0,0,1.0554012448126955,0.04227064569537916,0,0,0,0,0,0,0,0,0,0,0,0,0,0,0,0,0,0,0,0,0,0,0,0,0,0,0,0,0,0,0,0,0,0,0,0,0,0
Anaerotruncus_colihominis,Species,Anaerotruncus_colihominis,0,0,0,0,0,0,0.003066378830527496,0,0.07837519627551306,0,0,0,0,0,0,0,0,0,0,0,0,0,0,0,0,0,0,0,0.38046751575570736,0.02463534432850811,0,0,6.941218342762995e-4,0,0,0,0,0,0.22531319090016658,0,0,0,0,0,0.006831394766470473,0,0,0,0,0,0,0,0,0,0,0,0,0,0,0,0,0,0,0,0,0,0,0
Phocaeicola_massiliensis,Species,Phocaeicola_massiliensis,0,0,0,0,0,0,0,0,0,0,0,0,0,0,0,0,0,0,0,0,0,0,0,0,0,0,0,0,0.18423693198376004,0.028771278152765773,0,0,0,0,0,0,0,0,0,0,0,0,0,0,0,0,0,0,0,0,0,0,0,0,0,0,0,0,0,0,0,0,0,0,0,0,0,0
Intestinimonas_butyriciproducens,Species,Intestinimonas_butyriciproducens,0,0,0,0,0,0,0,0,0,0,0,0,0,0,0,0,0,0,0,0,0,0,0,0,0,0,0,0,0.1695557394938719,0,0,0,0,0,0,0,0,0,0,0,0.01186321512567944,0,0,0,0.14838751036729264,0.040560008112001625,0,0,0,0,0,0,0,0,0,0,0,0,0,0,0,0,0,0,0,0,0,0
Eubacterium_maltosivorans,Species,Eubacterium_maltosivorans,0,0,0,0,0,0,0.019901202081022203,0,0,0,0,0,0,0,0,0,0,0,0,0,0,0,0,0,0,0,0,0,0.15317979186000077,0.014831278435170939,0,0,0,0,0,0,0,0,0.0011644891406750286,0,0,0,0,0,0,0,0,0,0,0,0,0,0,0,0,0,0,0,0,0,0,0,0,0,0,0,0,0
Phascolarctobacterium_succinatutens,Species,Phascolarctobacterium_succinatutens,0,0,0,0.10919214082583961,0,0,0,0,0,0,0,0,0,0,0,0,0,0,0,0,0,0,0,0,0,0,0,0,0.13926073777805767,0.06370139238765858,0,0,0,0,0,0,0,0,0,0,0,0,0,0,0,0,0,0,0,0,0,0,0,0,0,0,0,0,0,0,0,0,0,0,0,0,0,0
Pyramidobacter_piscolens,Species,Pyramidobacter_piscolens,0,0,0,0,0,0,0,0,0,0,0,0,0,0,0,0,0,0,0,0,0,0,0,0,0,0,0,0,0.09818548884460018,0,0,0,0,0,0,0,0,0,0,0,0,0,0,0,0,0,0,0,0,0,0,0,0,0,0,0,0,0,0,0,0,0,0,0,0.00149009626021841,0,0,0
GGB1096_SGB1408,Species,GGB1096_SGB1408,0,0,0,0,0,0,0,0,0,0,0,0,0,0,0,0,0,0,0,0,0,0,0,0,0,0,0,0,0.08947103783796577,5.60804586340022e-4,0,0,0,0,0,0,0,0,0,0,0,0,0,0,0,0,0,0,0,0,0,0,0,0,0,0,0,0,0,0,0,0,0,0,0,0,0,0
Clostridiales_bacterium,Species,Clostridiales_bacterium,0,0,0,0,0,0,0.08809787074285247,0,0,0,0.018362447903433738,0,0,0,0,0,0,0,0,0,0,0,0,0,0,0,0,0,0.07181148867492411,0,0,0,0,0,0.007865876373505921,0,0,0,0,0,0,0,0,0,0,0,0,0,0,0,0,0,0,0,0,0,0,0,0,0,0,0,0,0,0,0,0,0
Lachnoclostridium_pacaense,Species,Lachnoclostridium_pacaense,0,0,0,0,0,0,0,0,0,0,0.002401628063664358,0,0,0,0,0,0,0,0,0,0,0,0,0,0,0,0,0,0.04309090445973312,0,0,0,0,0,0,0,0,0,0,0,0,0,0.006725842066418892,0,0.0028347283268491843,0.0019400003880000777,0,0,0,0,0,0,0,0,0,0,0,0.00777563266830492,0,0,0,0,0,0,0,0,0,0
GGB79097_SGB105802,Species,GGB79097_SGB105802,0,0,0,0,0,0,0,0,0,0,0,0,0,0,0,0,0,0,0,0,0,0,0,0,0,0,0,0,0.042870285446906936,0.001371968363010411,0,0,0,0,0,0,0,0,0,0,0,0,0,0,0,0,0,0,0,0,0,0,0,0,0,0,0,0,0,0,0,0,0,0,0,0,0,0
Coprobacter_fastidiosus,Species,Coprobacter_fastidiosus,0,0,0,0,0.01723385844636014,0.005660346413200488,0,0,0.03159209455586905,0,0,0,0,0,0,0,0,0,0,0,0,0,0,0,0,0,0,0,0.030736239741466605,0,0,0,0,0,0,0,0,0,0,0,0,0,0,0,0,0,0,0,0,0,0,0,0,0,0,0,0,0,0,0,0,0,0,0,0,0,0,0
Butyricimonas_faecihominis,Species,Butyricimonas_faecihominis,0,0,0,0,0,0,0,0,0,0,0,0,0,0,0,0,0,0,0,0,0,0,0,0,0,0,0,0,0.027166222988461025,0,0,0,0,0,0,0,0,0,0.016467731387599077,0,0,0,0,0,0,0.03596000719200144,0,0,0,0,0,0,0,0,0,0,0,0,0,0,0,0,0,0,0,0,0,0
Phocea_massiliensis,Species,Phocea_massiliensis,0,0,0,0,0,0,0,0,0,0,0.02326577186674847,0,0,0,0,0,0,0,0,0,0,0,0,0,0,0,0,0,0.021720944626432846,0,0,0,0,0,0,0,0,0,0,0,0,0,0.013131405939198789,0,0,0,0,0,0,0,0,0,0,0,0,0,0,0,0,0,0,0,0,0.04787205849851544,0,0,0,0
Colidextribacter_sp_210702_DFI_3_9,Species,Colidextribacter_sp_210702_DFI_3_9,0,0,0,0,0,0,0,0,0,0,0,0.0037848276051397354,0,0,0,0,0,0,0,0,0,0,0,0,0,0,0,0,0.02167080394169962,0,0,0,0,0,0,0,0,0,0,0,0,0,0,0,0,0,0,0,0,0,0,0,0,0,0,0,0,0,0,0,0,0,0,0,0,0,0,0
Diplocloster_agilis,Species,Diplocloster_agilis,0,0,0,0,0,0,0,0,0.12101802349495772,0,0,0,0,0,0,0,0,0,0,0,0,0,0,0,0,0,0,0,0.01898326323999879,0,0,0,0,0,0,0,0,0,0,0,0,0,0,0,0,0,0,0,0,0,0,0,0,0,0,0,0,0,0,0,0,0,0,0,0,0,0,0
GGB9502_SGB14899,Species,GGB9502_SGB14899,0,0,0,0,0,0,0,0,0,0,0,0,0,0,0,0,0,0,0,0,0,0,0,0,0,0,0,0,0.018120843462587327,0,0,0,0,0,0,0,0,0,0,0,0,0,3.703216613950878e-4,0,0,0,0,0,0,0,0,0,0,0,0,0,0,0,0,0,0,0,0,0,0,0,0,0
GGB9642_SGB15119,Species,GGB9642_SGB15119,0,0,0,0,0,0,0,0,0,0,0,0.010183709476229314,0,0,0,0,0,0,0,0,0,0,0,0,0,0,0,0,0.017499098971895343,0.002373405124331879,0,0,0,0,0,0,0,0,0,0,0,0,0,0,0,0,0,0,0,0,0,0.6069901820970547,0,0,0,0,0,0,0,0,0,0,0,0,0,0,0,0
Hydrogenoanaerobacterium_saccharovorans,Species,Hydrogenoanaerobacterium_saccharovorans,0,0,0,0,0,0,0,0,0,0,0.012738635521019698,0,0,0,0,0,0,0,0,0,0,0,0,0,0,0,0,0,0.017178198589602706,0,0,0,0,0,0,0,0,0,0,0.012119157505402363,0,0,0.001601390968194974,0,0,0,0,0,0,0,0,0,0,0,0,0,0,0,0,0,0,0,0,0,0,0,0,0
GGB52130_SGB14966,Species,GGB52130_SGB14966,0,0,0,0,0,0,0,0,0,0,0,0,0,0,0,0,0,0,0,0,0,0,0,0,0,0,0,0,0.012665536963612506,0,0,0,0,0,0,0,0,0,0,0,0,0,0,0,0,0,0,0,0,0,0,0,0,0,0,0,0,0,0,0,0,0,0,0.002590111374789116,0,0,0,0
Clostridiaceae_bacterium_Marseille_Q4143,Species,Clostridiaceae_bacterium_Marseille_Q4143,0,0,0,0,0,0,0,0,0,0,0,0.01966091779949921,0,0,0,0,0,0,0,0,0,0,0,0,0,0,0,0,0.011702835816734593,0,0,0,0,0,0,0,0,0,0,0,0,0,0,0,0,0,0,0,0,0,0,0,0,0,0,0,0,0,0,0,0,0,0,0,0,0,0,0
Fusobacterium_ulcerans,Species,Fusobacterium_ulcerans,0,0,0,0,0,0,0,0,0,0,0,7.77151268255359e-4,0,0,0,0,0,0,0,0,0,0,0,0,0,0,0,0,0.010308924781150954,0,0,0,0,0,0,0,0,0,0,0,0,0,0,0,0,0,0,0,0,0,0,0,0,0,0,0,0,0,0,0,0,0,0,0,0,0,0,0
Holdemania_massiliensis,Species,Holdemania_massiliensis,0,0,0,0,0,0,0,0,0,0,0.03326254868175136,0,0,0,0,0,0,0,0,0,0,0,0,0,0,0,0,0,0.010258784096417728,0,0,0,0,0,0,0,0,0,0,0,0,0,0,0,0,0,0,0,0,0,0,0,0,0,0,0,0,0,0,0,0,0,0.0035041980292390283,0,0,0,0,0
Christensenella_minuta,Species,Christensenella_minuta,0,0,0,0,0,0,0,0,0,0,0,0,0,0,0,0,0,0,0,0,0,0,0,0,0,0,0,0,0.007380708792730643,0.0037854309577951485,0.016681759926676584,0,0,0,0,0,0,0,0,0,0,0,0,0,0,0,0,0,0,0,0,0,0,0,0,0,0,0,0,0,0,0,0.03330990526650928,0,0,0,0,0
Lactonifactor_longoviformis,Species,Lactonifactor_longoviformis,0,0,0,0,0.07289551178794915,0.13135803911199365,0.009864863474525958,0,0,0,0,0,0,0,0,0,0,0,0,0,0,0,0,0,0,0,0,0,0.0050942935688956074,0,1.0043202845681267e-4,0,0,0.08259941096764084,0,0,0,0,0,0,0,0.0036215740789456875,0,0,0,0,0,2.3004108533784137e-4,0,0,0,0.0027500008250002476,0,0,0,0,0,0,0,0,0,0,0,0,0,0,0,0
Cuneatibacter_sp_NSJ_177,Species,Cuneatibacter_sp_NSJ_177,0,0,0.0010947694726846982,0.005166497809149162,0,0,0,0,0,0,0,0,0,0,0,0,0,0,0,0,0,0,0,0,0,0,0,0,0.0049137871038559995,0,0,0,0,0,0,0,0,0,0,0,0,0,0,0,0,0,0,0,0,0,0,0,0,0,0,0,0,0,0,0,0,0,0,0,0,0,0,0
GGB58233_SGB79883,Species,GGB58233_SGB79883,0,0,0,0,0.017253909474220945,0.003520215437184756,0,0,0,0,0,0,0,0,0,0,0,0,0,0,0,0,0,0,0,0,0,0,0.0046029148585100075,0,0,0,0,0,0,0,0,0,0,0,0,0,0.012080493116320836,0,0,0,0,0,0,0,0,0,0,0,0,0,0,0,0,0,0,0,0,0,0,0,0,0
Bacteroides_clarus,Species,Bacteroides_clarus,0,0,0,0,0,0,0,0,0,0,0,0,0,0,0,0,0,0,0,0,0,0,0,0,0,0,0,0,0.004432436530417044,0,0,0,0,0,0,0,0,0,0,0,0,0,0,0,0,0,0,0,0,0,0,0,0,0,0,0,0,0,0,0,0,0,2.0023988738508735e-4,0,0,0,0,0
GGB9534_SGB14937,Species,GGB9534_SGB14937,0,0,0,0,0.032352333453405574,0.02800171370487874,0,0,1.7001127174731684e-4,0,0,0,0,0,0,0,0,0,0,0,0,0,0,0,0,0,0,0,0.0036001011638455175,0,0,0,0,0,0,0,0,0,0,0,0,0,0,0,0,0,0,0,0,0,0.2953400590680118,0,0,0,0,0,0,0,0,0,0,0,0,0,0,0,0,0
Massiliimalia_timonensis,Species,Massiliimalia_timonensis,0,0,0,0,0,0,0,0,0,0,0,0,0,0,0,0,0,0,0,0,0,0,0,0,0,0,0,0,0.0034697353835391343,0.0011115948050668294,0,0,0,0,0,0,0,0,0,0,0,0,0,0,0,0,0,0,0,0,0,0,0,0,0,0,0,0,0,0,0,0,0,0,0,0,0,0
Faecalicoccus_pleomorphus,Species,Faecalicoccus_pleomorphus,0,0,0.0017174823837530586,0,0,0,0,0,0,0,0,0,0,0,0,0,0,0,0,0,0,0,0,0,0,0,0,0,0.0029482722623135993,0,0.13299209208251134,0.06208055872502853,0,0,0,0,0,0,0,0,0,0,0,0,0,0,0,0,0,0,0,0,0,0,0,0,0,0,0,0,0,0,0,0,0,0,0,0
Parasutterella_excrementihominis,Species,Parasutterella_excrementihominis,0,0,0,0.008051552031287901,0.10981947959361779,0.2883476468759888,0,0,0,0,0,0,0,0,0,0,0,0,0,0,0,0,0,0,0,0,0,0,0.002065796211008849,0.010024381980827893,0,0,0,0,0,0,0,0,0,0,0.15760842392477842,0,0,0,0.0024941602593125333,0.009030001806000361,0,0,0,0,0,0,0,0,0,0,0,0,0,0,0,0,0.04992981591947153,0.296632755208474,0.14428932109014242,0,0,0
Acidaminococcus_SGB5735,Species,Acidaminococcus_SGB5735,0,0,0,0,0,0,0.002864643381150687,0,0,0,0,0,9.302752623831266e-4,0,0,0,0,0,0,0,0,0,0,0,0,0,0,0,1.4039391725302855e-4,0,0,0,0,0,0,0,0,0,0,0,0,0,0,0,0,0,0,0,0,0,0,0,0,0,0,0,0,0,0,0,0,0,0,0,0,0,0,0
Prevotella_marseillensis,Species,Prevotella_marseillensis,0,0,0,0,0,0,0,0,0,0,1.14077333024057,0.3170979031954139,0,0,0,0,0,0,0,0,0,0,0,0,0,0,0,0,0,0.21833324270330642,0,0,0,0,0,0,0,0,0,0,0,0,0,0,0.007472464070068875,0.5158301031660206,0,0,0,0,0,0,0,0,0,0,0,0,0,0,0,0,0,0,0,0,0,0
Lachnospiraceae_bacterium_CLA_AA_H215,Species,Lachnospiraceae_bacterium_CLA_AA_H215,0,0,0,0,0,0,0,0,0,0,0,0,0,0,0,0,0,0,0,0,0,0,0,0,0,0,0,0,0,0.08852700970081775,0.09155383714123043,0.0034100306902762126,0,0,0,0,0,0,0,0,0,0,0,0,0.025001702840337682,0,0,0,0,0,0,0,0,0,0,0,0,0,0,0,0,0,0,0,0,0,0,0
Ruminococcus_sp_AF13_28,Species,Ruminococcus_sp_AF13_28,0,0,0,0.5040251110208764,0,0,0,0,0,0,0,0,0,0,0,0,0,0,0,0,0,0,0,0,0,0,0,0,0,0.0749775703201383,0,0,0,0,0,0,0,0,0,0,0,0,0,0,0,0,0,0,0.005043335946271258,0,0,0,0,0,0,0,0,0,0.5952145386720421,0,0,0,0,0,0,0,0,0
Oscillospiraceae_unclassified_SGB15256,Species,Oscillospiraceae_unclassified_SGB15256,0,0,0,0.11811330139926152,0,0,0,0,0,0,0,0,0,0,0,0,0,0,0,0,0,0,0,0,0,0,0,0,0,0.0671964066846705,0,0,0,0,0,0,0,0,0,0,0,0,0,0,0,0,0,0,0,0,0,0,0,0,0,0,0,0,0,0,0,0,0,0,0,0,0,0
Allisonella_histaminiformans,Species,Allisonella_histaminiformans,0,0,0,0,0,0,0,0,0,0,0,0,0,0,0,0,0,0,0,0,0,0,0,0,0,0,0,0,0,0.060777197044599884,0,0,0,0,0,0,0,0,0,0,0.42997141105429215,0.008440279589542866,0,0,0,0,0,0,0,0,0,0,0,0,0,0,0,0,0,0,0,0,0,0,0,0,0,0
Blautia_faecicola,Species,Blautia_faecicola,0,0,0,0,0,0,0,0,0,0,0,0,0,0,0,0,0,0,0,0,0,0,0,0,0,0,0,0,0,0.03928636414664118,0.38266611482614765,0.7721169490525415,0,0,0,0,0,0,0,0,0,0,0,0,0,0,0,0,0,0,0,0,0,0,0,0,0,0,0,0,0,0.023963409855087436,0,0,0,0,0,0
Baileyella_intestinalis,Species,Baileyella_intestinalis,0,0,0.13623351493114905,2.1692947771413267,0,0,0,0,0,0,0,0.002139689206105664,0,0,0,0,0,0,0,0,0,0,0,0,0,0,0,0,0,0.01438063189257628,0,0,0,0,0,0,0,0,0,0,0,0,0,0,0,0,0,0,0,0,0,0,0,0,0,0,0,0,0,0,0,0,0,0,0,0,0,0
Bacteroides_cellulosilyticus,Species,Bacteroides_cellulosilyticus,0,0,0,0.09143166518884367,0,0,0,0,0,0,0,0.003209533809158496,0,0,0,0,0,0,0,0,0,0,0,0,0,0,0,0,0,0.011786910680753679,0,0,0,0,0,0,0,0,0,0,0,0,0,0,0,0,0,0,0,0,0,0,0,0,0,0,0,0,0,0,0.34377993124401374,0,0,0,0,0,0,0
GGB9627_SGB15081,Species,GGB9627_SGB15081,0,0,0,0.05309727451383,0,0,0,0,0,0,0,0,0,0,0,0,0,0,0,0,0,0,0,0,0,0,0,0,0,0.009443548659261444,0,0,0,0,0,0,0,0,0,0,0,0,0,0,0.03755263779985015,0,0,0,0,0,0,0,0,0,0,0,0,0,0,0,0,0,0,0,0,0,0,0
Klebsiella_michiganensis,Species,Klebsiella_michiganensis,0,0,0,0,0,0,0,0,0,0,0,0,0,0,0,0,0,0,0,0,0,0,0,0,0,0,0,0,0,0.00854225557407212,0,0,0,0,0,0,0,0,0,0,0,0,0,0,0,0.012390002478000496,0,0,0,0,0,0,0,0,0,0,0,0,0.018502086089963662,0,0,0,0,0,0,0,0,0
Serratia_marcescens,Species,Serratia_marcescens,0,0,0,0,0,0,0,0,0,0,0,0,0,0,0,0,0,0,0,0,0,0,0,0,0,0,0,0,0,0,0,0,0,0,0,0,0,0,0,0,0,0,0,0,0,0,0,0,0,0,0,0,0,0,0,0,0,0,0,0,0,0,0,0,0,0,0,0
Collinsella_bouchesdurhonensis,Species,Collinsella_bouchesdurhonensis,0,0,0.226506799522801,0.48898599858632347,0,0,0,0,0,0,0,0,0,0,0,0,0,0,0,0,0,0,0,0,0,0,0,0,0,0,0.4532397012227499,0.23869214822933404,0,0,0,0,0,0,0,0,0,0,0,0,0.16930239639719052,0.1778600355720071,0,0,0,0,0,0,0,0,0,0,0,0,0,0,0,0,0,0,0,0,0,0
Tractidigestivibacter_SGB14390,Species,Tractidigestivibacter_SGB14390,0,0,0,0,0,0,0,0,0,0,0,0,0,0,0,0,0,0,0,0,0,0,0,0,0,0,0,0,0,0,0.3560717136907836,0.08386075474679272,0,0,0,0,0,0,0,0,0,0,0,0,0,0,0,0,0,0,0,0,0,0,0,0,0,0,0,0,0,0,0,0,0,0,0,0
Mediterraneibacter_sp_NSJ_151,Species,Mediterraneibacter_sp_NSJ_151,0,0,0.06668050026746523,0.8445126626769026,0,0,0,0,0,0,0,0,0,0,0,0,0,0,0,0,0,0,0,0,0,0,0,0,0,0,0.027608764622777806,0.1194210747896731,0,0,0,0,0,0,0,0,0,0,0,0,0,0,0,0,0,0,0,0,0,0,0,0,0,0,0,0,0,0,0,0,0,0,0,0
Prevotella_brevis,Species,Prevotella_brevis,0,0,0,0,0,0,0,0,0,0,0,0,0,0,0,0,0,0,0,0,0,0,0,0,0,0,0,0,0,0,0.02733759814594441,0.05729051561464053,0,0,0,0,0,0,0,0,0,0,0,0,0,0,0,0,0,0,0,0,0,0,0,0,0,0,0,0,0,0,0,0,0,0,0,0
Hornefia_butyriciproducens,Species,Hornefia_butyriciproducens,0,0,0.00719132974717655,0,0,0,0,0,0,0,0,0,0,0,0,0,0,0,0,0,0,0,0,0,0,0,0,0,0,0,0.01695292640350998,0.2063518571667145,0,0,0,0,0,0,0,0,0,0,0,0,0,0,0,0,0,0,0,0,0,0,0,0,0,0,0,0,0,0,0,0,0,0,0,0
Mogibacterium_kristiansenii,Species,Mogibacterium_kristiansenii,0,0,0,0,0,0,0,0,0,0,0,0,0,0,0,0,0,0,0,0,0,0,0,0,0,0,0,0,0,0,0.014140829606719224,0.14617131554183987,0,0,0,0,0,0,0,0,0,0,0,0,0,0,0,0,0,0,0,0,0,0,0,0,0,0,0,0,0,0,0,0,0,0,0,0
GGB3511_SGB4688,Species,GGB3511_SGB4688,0,0,0,0,0,0,0,0.11588,0.09042599524348464,0.029229997077000296,0.03251203991185624,0,0,0,0,0,0,0,0,0,0,0,0,0,0,0,0,0,0,0,0.011529596866842094,0,0.025893762339524562,0.1403539597387157,0,0,0.0016300418920766264,0,0,0,0,0.018560567154596648,0.025131829507109873,0,6.210358878609521e-4,0,0,0,0,0,0,0.0422500126750038,0,0,0,0.10026184150383956,0,0,0,0,0,0,0.03104719453905779,0.18074777215420262,0,0,0.12037138013821108,0
Segatella_brunsvicensis,Species,Segatella_brunsvicensis,0,0,0,0,0,0,0,0,0,0,0,0,0,0,0,0,0,0,0,0,0,0,0,0,0,0,0,0,0,0,0.0032238681134636863,0.05014045126406138,0,0,0,0,0,0,0,0,0,0,0,0,0,0,0,0,0,0,0,0,0,0,0,0,0,0,0,0,0,0,0,0,0,0,0,0
Coprococcus_SGB4580,Species,Coprococcus_SGB4580,0,0,0,0,0,0,0,0,0,0,0,0,0,0,0,0,0,0,0,0,0,0,0,0,0,0,0,0,0,0,6.126353735865572e-4,0,0,0,0,0,0,0,0,0,0,0,0,0,0,0,0,0,0,0,0,0,0,0,0,0,0,0,0,0,0,0,0.06857214943502316,0,0,0,4.510543847297442e-4,0
Lentihominibacter_hominis,Species,Lentihominibacter_hominis,0,0,6.52844180958765e-4,0.011120758650584433,0,0,0,0,0,0,0,0,0,0,0,0,0,0,0,0,0,0,0,0,0,0,0,0,0,0,0,0.05809052281470533,0,0,0,0,0,0,0,0.026704776714165507,0,0,0,0,0,0,0,0,0,0,0,0.12525003757501127,0,0,0,0,0,0,0,0,0,0.010630384822933525,0.022496951347714563,0,0,0,0,0
Raoultella_ornithinolytica,Species,Raoultella_ornithinolytica,0,0,0,0,0,0,0,0,0,0,4.202849111412627e-4,0,0,0,0,0,0,0,0,0,0,0,0,0,0,0,0,0,0,0,0,0.0018700168301514714,0,0,0,0,0,0,0,0,0,0,0,0,0,0,0,0,0.02301210773089041,0,0,0,0,0,0,0,0,0,0.6211053134084354,0,0,0,0,0,0,0,0,0
TM7_phylum_sp_oral_taxon_351,Species,TM7_phylum_sp_oral_taxon_351,0,0,0,0,0,0,0,0,0,0,0,0,0,0,0,0,0,0,0,0,0,0,0,0,0,0,0,0,0,0,0,0,0,0,0,0,0,0,0,0,0,0,0,0,0,0,0,0,0,0,0,0,0,0,0,0,0,0,0,0,0,0,0,0,0,0,0,0
Granulicatella_SGB8244,Species,Granulicatella_SGB8244,0,0,0,0,0,0,0,0,0,0,0,0,0,0,0,0,0,0,0,0,0,0,0,0,0,0,0,0,0,0,0,0,0,0,0,0,0,0,0,0,0,0,0,0,0,0,0,0,0,0,0,0,0,0,0,0,0,0,0,0,0,0,0,0,0,0,0,0
Prevotellaceae_bacterium_Marseille_P2826,Species,Prevotellaceae_bacterium_Marseille_P2826,0,0,0,0,0,0,0,0,0,0,0,0,0,0,0,0,0,0,0,0,0,0,0,0,0,0,0,0,0,0,0,0,0,0,0,0,0,0,0,0,0,0,0,0,0,0,0,0,0,0,0,0,0,0,0,0,0,0,0,0,0,0,0,0,0,0,0,0
Catonella_SGB96613,Species,Catonella_SGB96613,0,0,0,0,0,0,0,0,0,0,0,0,0,0,0,0,0,0,0,0,0,0,0,0,0,0,0,0,0,0,0,0,0,0,0,0,0,0,0,0,0,0,0,0,0,0,0,0,0,0,0,0,0,0,0,0,0,0,0,0,0,0,0,0,0,0,0,0
Selenomonas_SGB5880,Species,Selenomonas_SGB5880,0,0,0,0,0,0,0,0,0,0,0,0,0,0,0,0,0,0,0,0,0,0,0,0,0,0,0,0,0,0,0,0,0,0,0,0,0,0,0,0,0,0,0,0,0,0,0,0,0,0,0,0,0,0,0,0,0,0,0,0,0,0,0,0,0,0,0,0
GGB3008_SGB3999,Species,GGB3008_SGB3999,0,0,0,0,0,0,0,0,0,0,0,0,0,0,0,0,0,0,0,0,0,0,0,0,0,0,0,0,0,0,0,0,0,0,0,0,0,0,0,0,0,0,0,0,0,0,0,0,0,0,0,0,0,0,0,0,0,0,0,0,0,0,0,0,0,0,0,0
Blautia_marasmi,Species,Blautia_marasmi,0,0,0,0,0,0,0,0,0,0,0,0,0,0,0,0,0,0,0,0,0,0,0,0,0,0,0,0,0,0,0,0,0.12858355486550233,0,0,0,0,0,0,0,0,0,0,0,0,0,0,0,0,0,0,0,0,0,0,0,0,0,0.013977779480437536,0,0,0,0,0,0,0,0,0
GGB9580_SGB14996,Species,GGB9580_SGB14996,0,0,0,0,0.012461713815489038,0,0,0,0,0,0,0,0,0,0,0,0,0,0,0,0,0,0,0,0,0,0,0,0,0,0,0,0.02481737050955987,0,0,0,0,0,0,0,0,0,0,0,0,0,0,0,0.07988805203514712,0,0,0,0,0,0,0,0,0,0,0,0,0,0,0,0,0,0,0
Enterococcus_avium,Species,Enterococcus_avium,0,0,0,0,0,0.053063247470745215,0,0,0,0,0,0,0,0,0,0,0,0,0,0,0,0,0,0,0,0,0,0,0,0,0,0,0.013751660108053643,0,0,0.1516566973993584,0,0.07794010199328626,0,0,0,0,0,0,0,0,0,0,3.400285547440024,0,0,0,0,0,0,0,0.004450000445000045,0,0,0,0,0,0.014387235908618526,0,0,0,0.46821449821101807,0
Enterococcus_gallinarum,Species,Enterococcus_gallinarum,0,0,0,0,0,0,0,0,0.04693311166530341,0,0,0,0,0,0,0,0,0,0,0,0,0,0,0,0,0,0,0,0,0,0,0,2.816726284019766e-4,0,0,0,0,0,0,0,0,0,0,0,0,0,0,0,0.10782269724652985,0,0,0,0,0,0,0,0,0,0,0,0,0,0,0,0,0,0,0
Mediterraneibacter_SGB4586,Species,Mediterraneibacter_SGB4586,0,0,0,0,0,0,0,0,0,0,0,0,0,2.0624468594732472,0,0,0,0,0,0,0,0,0,0,0,0,0,0,0,0,0,0,2.0119473457284046e-4,0,0,0,0,0,0,0,0,0,0,0,0,0,0,0.049248795834936125,0,0,0,0,0,0,0,0,0,0.6726772874270122,0,0,0,0,0,0,0,0,0,0
GGB3277_SGB4327,Species,GGB3277_SGB4327,0,0,0,0.022446131075788633,0,0,0,0,0,0,0,0,0,0,0,0,0,0,0,0,0,0,0,0,0,0,0,0,0,0,0,0,0,3.10737883401851,0,0,0,0,0,0,0,0,0,0,0,3.5000007000001403e-4,0,0,0,0,0,0,0,0,0,2.409145961228886,0,0,0,0,0,0,0,0,0,0,0,0
Clostridium_celatum,Species,Clostridium_celatum,0,0,0,0,0,0,0,0,0,0,0,0,0,0,0,0,0,0,0,0,0,0,0,0,0,0,0,0,0,0,0,0,0,0.22866678847286445,0,0,0,0,0,0,0,0,0,0,0,0,0,0.002910519818839645,0,0,0,0,0,0,0,0,0,0,0,0.0013106831280463378,0,0,0,0,0,0,0.019645924312673306,0
Parabacteroides_goldsteinii,Species,Parabacteroides_goldsteinii,0,0,0,0,0,0,0,0,0,0,0.0036925031478839505,0.026221285648408088,0,0,0,0,0,0,0,0,0,0,0,0,0,0,0,0,0,0,0,0,0,0.13676181091528952,0,0,0,0,0,0,0,0,0,0,0,0,0,0,0,0,0,0,0,0,0,0,0,0,0,0,0,0,0,0,0,0,0,0
Terrisporobacter_mayombei,Species,Terrisporobacter_mayombei,0,0,0,0,0,0,0.013697837012685326,0,0,0,0,0,0,0,0,0,0,0,0,0,0,0,0,0,0,0,0,0,0,0,0,0,0,0.05943555434861134,0,0,0,0,0,0,0,0.05241222486474176,0,0,0,0,0,0,0.13519361628427745,0,0,0,0,0,0,0,0,0,0,0,0,0,0,0,0,0,0.006014058463063256,0
Clostridium_SGB6177,Species,Clostridium_SGB6177,0,0,0,0,0,0,0,0,0,0,0,0,0,0,0,0,0,0,0,0,0,0,0,0,0,0,0,0,0,0,0,0,0,0.0232038805613518,0,0,0,0,0,0,0,0,0,0,0,0,0,0,0,0,0,0,0,0.004831017412267023,0,0,0,0,0,0.003751955519216616,0,0,0,0,0,0,0,0
Longibaculum_muris,Species,Longibaculum_muris,0,0,0,0,0,0,0.04897128033622037,0.06041,0,0,0,0,0,0,0,0,0,0,0,0,0,0,0,0,0,0,0,0,0,0,0,0,0,0.019631743709086776,0,0,0,0,0,0,0,0,0,0,0,0,0,0,0,0,0,0,0,0,0,0,0,0,0,0,0,0,0,0,0,0,0,0
Turicibacter_sanguinis,Species,Turicibacter_sanguinis,0,0,0,0.007519556217276503,0,0,0,0,0,0,0,0,0,0,0,0,0,0,0,0,0,0,0,0,0,0,0,0,0,0,0,0,0,0.015619343491276482,0,0,0,0,0,0,0,0,0,0,0,0,0,0,0.008143829901264367,0,0,0,0,0,0,0,0,0,0,0,0,0,0.022066435589836626,0,0,0,0,0
GGB3504_SGB4680,Species,GGB3504_SGB4680,0,0,0,0,0.009714722998559033,0,0,0,0,0,0,0,0,0,0,0,0,0,0,0,0,0,0,0,0,0,0,0,0,0,0,0,0,0.005363208271187824,0,0,0,0,0,0,0,0,0,0,0,0,0,0,0,0,0,0,0,0,0,0,0,0,0,0,0,0,0,0,0,0,0,0
Coprobacillus_cateniformis,Species,Coprobacillus_cateniformis,0,0,0,0,0,0,0,0,0,0,0,0,0,0,0,0,0,0,0,0,0,0,0,0,0,0,0,0,0,0,0,0,0,0.004802873078675664,0,0,0,0,13.11780528628605,0,0,0,0.01928675247319822,0,1.202004944247004e-4,0,0,0,0,0,0.01779000355800071,0,0,0,0,0.1278188386596853,0,0,0,0,0,0,0,0,0,0,0,0
Lawsonella_SGB3665,Species,Lawsonella_SGB3665,0,0,0,0,0,0,0.027446107887714857,0,0,0,0.003982699872243394,0,0,0,0,0,0,0,0,0,0,0,0,0,0,0,0,0,0,0,0,0,0,0,0.4057046465758406,0,0,0,0,0,0,0,0.012530884326125672,0,0.13847096957725485,0,0,0,0,0,0,0,0,0,0,0,0,0,0.002257092559114823,0,0,0,0.054735573216713615,0,0,0,0,0
Streptococcus_lutetiensis,Species,Streptococcus_lutetiensis,0,0,0,0,0,0,0.03129925497081191,0,0,0,0,0,0,0,0,0,0,0,0,0,0,0,0,0,0,0,0,0,0,0,0,0,0,0,0,2.8672988267202983,0,0,0,0,0,0.6497103897628563,0,0,0,0,0,0,0,0,0.09017001803400361,0,0,0,0,0,0,0,0,0,0,0.0023623077384296717,0,0,0,0,0,0
Oribacterium_sp_oral_taxon_078,Species,Oribacterium_sp_oral_taxon_078,0,0,0,0,0,0,0,0,0,0,0,0,0,0,0,0,0,0,0,0,0,0,0,0,0,0,0,0,0,0,0,0,0,0,0,0,0,0,0,0,0,0,0,0,0,0,0,0,0,0,0,0,0,0,0,0,0,0,0,0,0,0,0,0,0,0,0,0
Selenomonas_infelix,Species,Selenomonas_infelix,0,0,0,0,0,0,0,0,0,0,0,0,0,0,0,0,0,0,0,0,0,0,0,0,0,0,0,0,0,0,0,0,0,0,0,0,0,0,0,0,0,0,0,0,0,0,0,0,0,0,0,0,0,0,0,0,0,0,0,0,0,0,0,0,0,0,0,0
Prevotella_sp_oral_taxon_475,Species,Prevotella_sp_oral_taxon_475,0,0,0,0,0,0,0,0,0,0,0,0,0,0,0,0,0,0,0,0,0,0,0,0,0,0,0,0,0,0,0,0,0,0,0,0,0,0,0,0,0,0,0,0,0,0,0,0,0,0,0,0,0,0,0,0,0,0,0,0,0,0,0,0,0,0,0,0
Granulicatella_SGB64171,Species,Granulicatella_SGB64171,0,0,0,0,0,0,0,0,0,0,0,0,0,0,0,0,0,0,0,0,0,0,0,0,0,0,0,0,0,0,0,0,0,0,0,0,0,0,0,0,0,0,0,0,0,0,0,0,0,0,0,0,0,0,0,0,0,0,0,0,0,0,0,0,0,0,0,0
Propionibacterium_freudenreichii,Species,Propionibacterium_freudenreichii,0,0,0,0,0,0,0,0,0,0,0,0,0,0,0,0,0,0,0,0,0,0,0,0,0,0,0,0,0,0,0,0,0,0,0,0,0.044131134170148176,0,0,0,0,0,0,0,0,0,0,0,0,0,0,0,0,0,0,0.25938999174690947,0,0,0,0,0,0,0,0,0,0,0,0
GGB3109_SGB4119,Species,GGB3109_SGB4119,0,0,0,0,0,0,0,0,0.17326148723660378,0.002789999721000028,0,0,0,0,0,0,0,0,0,0,0,0,0,0,0,0,0,0,0,0,0,0,0,0,0,0,0.004440114110932651,0,0,0,0,0,0,0,0,0,0,0,0,0,0,0,0,0,0,0,0,0,0,0,0,0,0,0.08108348658992337,0,0,0,0
Faecalibacillus_faecis,Species,Faecalibacillus_faecis,0,0,0.4409108723062896,0.024717343974068065,0,0,0,0,3.1291374618137184,0.6820299317970068,0,0,0,0,0,0,0,0,0,0,0,0,0,0,0,0,0,0,0,0,0,0,0,0,0,0,0.002590066564710713,0.024448452639675454,0,0,0,0,0,0,0,0,0,0,0,0,0,0,0,0,0,0,0,0,0,0,0,0,0,0,0.2144438530729085,0,0,0
Latilactobacillus_curvatus,Species,Latilactobacillus_curvatus,0,0,0,0,0,0,0,0,0,0,0,0,0,0,0,0,0,0,0,0,0,0,0,0,0,0,0,0,0,0,0,0,0,0,0,0,0.0013400344388850793,0.01085483207063145,0,0,0,0,0,0,0,0,0.05857999374693322,0,0,0,0,0,0,0,0,0.06989311007029135,0,0,0,0.011345913490111046,0,0,0,0,0,0,0,0
Megasphaera_massiliensis,Species,Megasphaera_massiliensis,0,0,0,0,0,0,0,0,0,0,0,0,0,0,0,0,0,0,0,0,0,0,0,0,0,0,0,0,0,0,0,0,0,0,0,0,0,0.6472268863556265,0,0,0,0,0,0,0.0016928236298145308,0,0,0,0,0,0,0,0,0,0,0,0,0,0,0,0.4910199017960196,0.19173730817635748,0,0,0,0,0,0
Gardnerella_vaginalis,Species,Gardnerella_vaginalis,0,0,0,0,0,0,0,0,0.016051064185555502,0,0,0,0,0,0,0,0,0,0,0,0,0,0,0,0,0,0,0,0,0,0,0,0,0,0,0,0,0.013061914377044499,0,0,0,0,0,0,0,0,0,0,0,0,0,0,0,0,0,0,0,0,0,0,0,0,0,0,0,0,0,0
Eubacterium_callanderi,Species,Eubacterium_callanderi,0,0,0,0,0,0,0,0,0,0,0,0,0,0,0,0,0,0,0,0,0,0,0,0,0,0,0,0,0,0,0,0,0,0,0,0,0,0,7.559348240580571,0.09371539467954776,0,0,0,0,0,0,0,0,0,0,0,0,0,0,0,0,0,0,0,0,0,0,0,0,0,0,0,0
Eubacterium_sp_c_25,Species,Eubacterium_sp_c_25,0,0,0,0,0.16498988275261714,0.3234497951274618,0,0,0.017121135131259204,0,0,0,0,0,0,0,0,0,0,0,0,0,0,0,0,0,0,0,0,0,0,0,0,0,0,0,0,0,0.40940552726316404,0,0,0,0,0,0,0,0,0.06297124666465431,0,0,0,0.09358002807400842,0,0,0,0.24714243745542253,0,0,0,0,0,0.06512361926365867,0,0,0,0.01320986909319953,0.10427375031874511,0
Megasphaera_sp_NM10,Species,Megasphaera_sp_NM10,0,0,0,0,0,0,0,0,0,0,0,0,0,0,0,0,0,0,0,0,0,0,0,0,0,0,0,0,0,0,0,0,0,0,0,0,0,0,0.08385352334223635,3.782516948042918,0,0,0,0,0,0,0,0,0,0,0,0,0,0,0,0,0,0,0,0,0,0,0,0,0,0,0,0
Provencibacterium_massiliense,Species,Provencibacterium_massiliense,0,0,0,0.01854823866928204,0,0,0,0,0,0,0,0,0,0,0,0,0,0,0,0,0,0,0,0,0,0,0,0,0,0,0,0,0,0,0,0,0,0,0.041715504791615184,0,0,0,0,0,3.1051794393047605e-4,0,0,0,0,0,0,0,0,0,0,0,0,0,0,0,0,0,0,0,0,0,0,0
GGB30134_SGB43057,Species,GGB30134_SGB43057,0,0,5.50655987876784,0,0,0,0,0,0,0,0,0,0,0,0,0,0,0,0,0,0,0,0,0,0,0,0,0,0,0,0,0,0,0,0,0,0,0,0.005461763226174913,0,0,0,0,0,0,0,0,0,0,0,0,0,0,0,0,0,0,0,0,0,0,0,0,0,0,0,0,0
GGB32387_SGB47381,Species,GGB32387_SGB47381,0,0,0,0,0.05580201053661463,0.03972243101277798,0,0,0.3171610277761415,0.007549999245000075,0.0011707936810363747,0,0,0,0,0,0,0,0,0,0,0,0,0,0,0,0,0,0,0,0,0,0,0,0,0,0,0,0,0.16326352468542463,0,0,0,0,0,0,0,0,0,0,0,0,0,0,0,0,0,0,0,0.0015908291401478451,0,0.6149607551617176,0,0,0,0,0,0
Alistipes_timonensis,Species,Alistipes_timonensis,0,0,0,0,0,0,0,0,0,0,0,0,0,0,0,0,0,0,0,0,0,0,0,0,0,0,0,0,0,0,0,0,0,0,0,0,0,0,0,0.14752079998619594,0,0,5.905129195218967e-4,0,0,0,0,0,0,0,0,0,0,0,0,0,0,0,0,0,0,0,0,0,0,0,0,0
GGB45432_SGB63101,Species,GGB45432_SGB63101,0,0,0,0,0.007098063862724247,0.035412167224634146,0,0,0.0036502420110453328,0,0,0,0,0,0,0,0,0,0,0,0,0,0,0,0,0,0,0,0,0,0,0,0,0,0,0,0,0,0,0.11299033613914498,0,0,0,0,0,0,0,0,0,0,0,0,0,0,0,0.009766023683407926,0,0,0,0,0,0,0.001912290924527584,0.004710202538709164,0,0,0,0
Enteroscipio_rubneri,Species,Enteroscipio_rubneri,0,0,0,0,0,0,0,0,0,0,5.403663143244805e-4,0,0,0,0,0,0,0,0,0,0,0,0,0,0,0,0,0,0,0,0,0,0,0,0,0,0,0,0,0.0747855548574578,0,0,0,0,0,0,0,0,0,0,0,0,0,0,0,0,0,0,0,0,0,0,0,0,0,0,0,0
Phocaeicola_plebeius,Species,Phocaeicola_plebeius,0,0,0,0,0,0,0,0,0,0,0,0,0,0,0,0,0,0,0,0,0,0,0,0,0,0,0,0,0,0,0,0,0,0,0,0,0,0,0,0.028572385575969556,0,0,0,0,0,0,0,0,0,0,0,0,0,0,0,0,0,0,0,0,0,0,0,0,0.00640041346670995,0.001230919620048138,0,0
Aggregatibacter_segnis,Species,Aggregatibacter_segnis,0,0,0,0,0,0,0,0,0,0,0,0,0,0,0,0,0,0,0,0,0,0,0,0,0,0,0,0,0,0,0,0,0,0,0,0,0,0,0,0,0,0,0,0,0,0,0,0,0,0.0014531374691095543,0,0,0,0,0,0,0,0,0,0,0,0,0,0,0,0,0,0
Neisseria_cinerea,Species,Neisseria_cinerea,0,0,0,0,0,0,0,0,0,0,0,0,0,0,0,0,0,0,0,0,0,0,0,0,0,0,0,0,0,0,0,0,0,0,0,0,0,0,0,0,0,0,0,0,0,0,0,0,0,0,0,0,0,0,0,0,0,0,0,0,0,0,0,0,0,0,0,0
GGB45697_SGB2042,Species,GGB45697_SGB2042,0,0,0,0,0,0,0,0,0,0,0,0,0,0,0,0,0,0,0,0,0,0,0,0,0,0,0,0,0,0,0,0,0,0,0,0,0,0,0,0,0,0,0,0,0,0,0,0,0,0,0,0,0,0,0,0,0,0,0,0,0,0,0,0,0,0,0,0
Granulicatella_SGB8245,Species,Granulicatella_SGB8245,0,0,0,0,0,0,0,0,0,0,0,0,0,0,0,0,0,0,0,0,0,0,0,0,0,0,0,0,0,0,0,0,0,0,0,0,0,0,0,0,0,0,0,0,0,0,0,0,0,0,0,0,0,0,0,0,0,0,0,0,0,0,0,0,0,0,0,0
GGB1473_SGB2039,Species,GGB1473_SGB2039,0,0,0,0,0,0,0,0,0,0,0,0,0,0,0,0,0,0,0,0,0,0,0,0,0,0,0,0,0,0,0,0,0,0,0,0,0,0,0,0,0,0,0,0,0,0,0,0,0,0,0,0,0,0,0,0,0,0,0,0,0,0,0,0,0,0,0,0
Gemella_SGB7291,Species,Gemella_SGB7291,0,0,0,0,0,0,0,0,0,0,0,0,0,0,0,0,0,0,0,0,0,0,0,0,0,0,0,0,0,0,0,0,0,0,0,0,0,0,0,0,0,0,0,0,0,0,0,0,0,0,0,0,0,0,0,0,0,0,0,0,0,0,0,0,0,0,0,0
GGB1144_SGB1469,Species,GGB1144_SGB1469,0,0,0,0,0,0,0,0,0,0,0,0,0,0,0,0,0,0,0,0,0,0,0,0,0,0,0,0,0,0,0,0,0,0,0,0,0,0,0,0,0,0,0,0,0,0,0,0,0,0,0,0,0,0,0,0,0,0,0,0,0,0,0,0,0,0,0,0
Porphyromonas_sp_oral_taxon_278,Species,Porphyromonas_sp_oral_taxon_278,0,0,0,0,0,0,0,0,0,0,0,0,0,0,0,0,0,0,0,0,0,0,0,0,0,0,0,0,0,0,0,0,0,0,0,0,0,0,0,0,0,0,0,0,0,0,0,0,0,0,0,0,0,0,0,0,0,0,0,0,0,0,0,0,0,0,0,0
Porphyromonas_sp_oral_taxon_275,Species,Porphyromonas_sp_oral_taxon_275,0,0,0,0,0,0,0,0,0,0,0,0,0,0,0,0,0,0,0,0,0,0,0,0,0,0,0,0,0,0,0,0,0,0,0,0,0,0,0,0,0,0,0,0,0,0,0,0,0,0,0,0,0,0,0,0,0,0,0,0,0,0,0,0,0,0,0,0
Granulicatella_SGB8239,Species,Granulicatella_SGB8239,0,0,0,0,0,0,0,0,0,0,0,0,0,0,0,0,0,0,0,0,0,0,0,0,0,0,0,0,0,0,0,0,0,0,0,0,0,0,0,0,0,0,0,0,0,0,0,0,0,0,0,0,0,0,0,0,0,0,0,0,0,0,0,0,0,0,0,0
GGB1203_SGB1568,Species,GGB1203_SGB1568,0,0,0,0,0,0,0,0,0,0,0,0,0,0,0,0,0,0,0,0,0,0,0,0,0,0,0,0,0,0,0,0,0,0,0,0,0,0,0,0,0,0,0,0,0,0,0,0,0,0,0,0,0,0,0,0,0,0,0,0,0,0,0,0,0,0,0,0
GGB12763_SGB19797,Species,GGB12763_SGB19797,0,0,0,0,0,0,0,0,0,0,0,0,0,0,0,0,0,0,0,0,0,0,0,0,0,0,0,0,0,0,0,0,0,0,0,0,0,0,0,0,0,0,0,0,0,0,0,0,0,0,0,0,0,0,0,0,0,0,0,0,0,0,0,0,0,0,0,0
Alloprevotella_SGB1466,Species,Alloprevotella_SGB1466,0,0,0,0,0,0,0,0,0,0,0,0,0,0,0,0,0,0,0,0,0,0,0,0,0,0,0,0,0,0,0,0,0,0,0,0,0,0,0,0,0,0,0,0,0,0,0,0,0,0,0,0,0,0,0,0,0,0,0,0,0,0,0,0,0,0,0,0
Prevotella_sp_oral_taxon_299,Species,Prevotella_sp_oral_taxon_299,0,0,0,0,0,0,0,0,0,0,0,0,0,0,0,0,0,0,0,0,0,0,0,0,0,0,0,0,0,0,0,0,0,0,0,0,0,0,0,0,0,0,0,0,0,0,0,0,0,0,0,0,0,0,0,0,0,0,0,0,0,0,0,0,0,0,0,0
Neisseria_elongata,Species,Neisseria_elongata,0,0,0,0,0,0,0,0,0,0,0,0,0,0,0,0,0,0,0,0,0,0,0,0,0,0,0,0,0,0,0,0,0,0,0,0,0,0,0,0,0,0,0,0,0,0,0,0,0,0,0,0,0,0,0,0,0,0,0,0,0,0,0,0,0,0,0,0
Prevotella_SGB98243,Species,Prevotella_SGB98243,0,0,0,0,0,0,0,0,0,0,0,0,0,0,0,0,0,0,0,0,0,0,0,0,0,0,0,0,0,0,0,0,0,0,0,0,0,0,0,0,0,0,0,0,0,0,0,0,0,0,0,0,0,0,0,0,0,0,0,0,0,0,0,0,0,0,0,0
GGB4538_SGB6253,Species,GGB4538_SGB6253,0,0,0,0,0,0,0,0,0,0,0,0,0,0,0,0,0,0,0,0,0,0,0,0,0,0,0,0,0,0,0,0,0,0,0,0,0,0,0,0,0,0,0,0,0,0,0,0,0,0,0,0,0,0,0,0,0,0,0,0,0,0,0,0,0,0,0,0
GGB1088_SGB1395,Species,GGB1088_SGB1395,0,0,0,0,0,0,0,0,0,0,0,0,0,0,0,0,0,0,0,0,0,0,0,0,0,0,0,0,0,0,0,0,0,0,0,0,0,0,0,0,0,0,0,0,0,0,0,0,0,0,0,0,0,0,0,0,0,0,0,0,0,0,0,0,0,0,0,0
Kingella_denitrificans,Species,Kingella_denitrificans,0,0,0,0,0,0,0,0,0,0,0,0,0,0,0,0,0,0,0,0,0,0,0,0,0,0,0,0,0,0,0,0,0,0,0,0,0,0,0,0,0,0,0,0,0,0,0,0,0,0,0,0,0,0,0,0,0,0,0,0,0,0,0,0,0,0,0,0
Haemophilus_paraphrohaemolyticus,Species,Haemophilus_paraphrohaemolyticus,0,0,0,0,0,0,0,0,0,0,0,0,0,0,0,0,0,0,0,0,0,0,0,0,0,0,0,0,0,0,0,0,0,0,0,0,0,0,0,0,0,0,0,0,0,0,0,0,0,0,0,0,0,0,0,0,0,0,0,0,0,0,0,0,0,0,0,0
GGB1472_SGB2037,Species,GGB1472_SGB2037,0,0,0,0,0,0,0,0,0,0,0,0,0,0,0,0,0,0,0,0,0,0,0,0,0,0,0,0,0,0,0,0,0,0,0,0,0,0,0,0,0,0,0,0,0,0,0,0,0,0,0,0,0,0,0,0,0,0,0,0,0,0,0,0,0,0,0,0
TM7_phylum_sp_oral_taxon_348,Species,TM7_phylum_sp_oral_taxon_348,0,0,0,0,0,0,0,0,0,0,0,0,0,0,0,0,0,0,0,0,0,0,0,0,0,0,0,0,0,0,0,0,0,0,0,0,0,0,0,0,0,0,0,0,0,0,0,0,0,0,0,0,0,0,0,0,0,0,0,0,0,0,0,0,0,0,0,0
GGB1843_SGB2516,Species,GGB1843_SGB2516,0,0,0,0,0,0,0,0,0,0,0,0,0,0,0,0,0,0,0,0,0,0,0,0,0,0,0,0,0,0,0,0,0,0,0,0,0,0,0,0,0,0,0,0,0,0,0,0,0,0,0,0,0,0,0,0,0,0,0,0,0,0,0,0,0,0,0,0
Peptoanaerobacter_stomatis,Species,Peptoanaerobacter_stomatis,0,0,0,0,0,0,0,0,0,0,0,0,0,0,0,0,0,0,0,0,0,0,0,0,0,0,0,0,0,0,0,0,0,0,0,0,0,0,0,0,0,0,0,0,0,0,0,0,0,0,0,0,0,0,0,0,0,0,0,0,0,0,0,0,0,0,0,0
GGB1472_SGB2038,Species,GGB1472_SGB2038,0,0,0,0,0,0,0,0,0,0,0,0,0,0,0,0,0,0,0,0,0,0,0,0,0,0,0,0,0,0,0,0,0,0,0,0,0,0,0,0,0,0,0,0,0,0,0,0,0,0,0,0,0,0,0,0,0,0,0,0,0,0,0,0,0,0,0,0
Selenomonas_SGB5897,Species,Selenomonas_SGB5897,0,0,0,0,0,0,0,0,0,0,0,0,0,0,0,0,0,0,0,0,0,0,0,0,0,0,0,0,0,0,0,0,0,0,0,0,0,0,0,0,0,0,0,0,0,0,0,0,0,0,0,0,0,0,0,0,0,0,0,0,0,0,0,0,0,0,0,0
Veillonella_sp_3627,Species,Veillonella_sp_3627,0,0,0,0,0,0,0,0,0,0,0,0,0,0,0,0,0,0,0,0,0,0,0,0,0,0,0,0,0,0,0,0,0,0,0,0,0,0,0,0,0,0,0,0,0,0,0,0,0,0,0,0,0,0,0,0,0,0,0,0,0,0,0,0,0,0,0,0
GGB12785_SGB19824,Species,GGB12785_SGB19824,0,0,0,0,0,0,0,0,0,0,0,0,0,0,0,0,0,0,0,0,0,0,0,0,0,0,0,0,0,0,0,0,0,0,0,0,0,0,0,0,0,0,0,0,0,0,0,0,0,0,0,0,0,0,0,0,0,0,0,0,0,0,0,0,0,0,0,0
Lachnospiraceae_bacterium_2_1_46FAA,Species,Lachnospiraceae_bacterium_2_1_46FAA,0,0,0,0,0,0,0,0,0,0,0,0,0,0.07098947347300148,0,0,0,0,0,0,0,0,0,0,0,0,0,0,0,0,0,0,0,0,0,0,0,0,0,0,6.901515575830343,0,0,0,0,0,0,0,0,0,0,0,0,0,0,0,0,0,0,0,0.022899995420000915,0,0,0,0,0,0,0
GGB9513_SGB14911,Species,GGB9513_SGB14911,0,0,0,0,0,0,0,0,0,0,1.3904826081600719,0,0,0,0,0,0,0,0,0,0,0,0,0,0,0,0,0,0,0,0,0,0,0,0,0,0,0,0,0,1.0235329516330507,0.008118361893636582,0.46865707553581043,0,0,0,0,0,0,0,0,0,0,0,0,0,0,0,0,0,0,0,0,0,0,0,0,0
GGB48196_SGB66203,Species,GGB48196_SGB66203,0,0,0,0,0,0,0,0,0,0,0,0,0,0,0,0,0,0,0,0,0,0,0,0,0,0,0,0,0,0,0,0,0,0,0,0,0,0,0,0,0.2514620861563995,2.372191381277408,0,0,0,0,0,0,0,0,0,0,0,0,0,0,0,0,0,0,0,0,0,0,0,0,0,0
GGB3441_SGB4591,Species,GGB3441_SGB4591,0,0,0,0,0,0,0,0,0,0,0,0,0,0,0,0,0,0,0,0,0,0,0,0,0,0,0,0,0,0,0,0,0,0,0,0,0,0,0,0,0.018345901093850557,0.07340729459462966,0,0,0,0,0,0,0,0,0,0,0,0,0,0,0,0,0,0,0,0,0,0,0,0,0,0
Hydrogenoanaerobacterium_SGB53821,Species,Hydrogenoanaerobacterium_SGB53821,0,0,0,0,0,0,0,0,0,0,0,0,0,0,0,0,0,0,0,0,0,0,0,0,0,0,0,0,0,0,0,0,0,0,0,0,0,0,0,0,0.00900762702532586,0,0,0,4.1068502261772637e-4,0,0,0,0,0,0,0,0,0,0,0,0,0,0,0,0,0,0,0,0,0,0,0
Clostridium_sp_NSJ_42,Species,Clostridium_sp_NSJ_42,0,0,0,0,0,0,0,0,0,0,0,0,0,0,0,0,0,0,0,0,0,0,0,0,0,0,0,0,0,0,0,0,0,0,0,0,0,0,0,0,0.006031803636536338,0,0,0,0,0,0,0,0,0,0,0.0012200003660001097,0,0.21531534541174374,0,0,0,0,0,0,0,0,0,0,0,0,0,0
Blautia_sp_MCC283,Species,Blautia_sp_MCC283,0,0,0,0.049158459352399445,0,0,0,0,0,0,0,0,0,0.5200009029186847,0,0,0,0,0,0,0,0,0,0,0,0,0,0,0,0,0,0,0,0,0,0,0,0,0,0,0,0.09939208861106498,0,0.1419900283980057,0,0,0,0,0,0,0,0,0,0,0,0,0,0,0,0.2914819203769004,0,0,0,0,0,1.0899342899079902,0,0
Eubacterium_nodatum,Species,Eubacterium_nodatum,0,0,0,0,0,0,0,0,0,0,0,0,0,0,0,0,0,0,0,0,0,0,0,0,0,0,0,0,0,0,0,0,0,0,0,0,0,0,0,0,0,0,0,0,0,0,0,0,0,0,0,0,0,0,0,0,0,0,0,0,0,0,0,0,0,0,0,0
GGB49400_SGB69312,Species,GGB49400_SGB69312,0,0,0,0,0,0,0,0,0,0,0,0,0,0,0,0,0,0,0,0,0,0,0,0,0,0,0,0,0,0,0,0,0,0,0,0,0,0,0,0,0,0,0,0,0,0,0,0,0,0,0,0,0,0,0,0,0,0,0,0,0,0,0,0,0,0,0,0
GGB96534_SGB136060,Species,GGB96534_SGB136060,0,0,0,0,0,0,0,0,0,0,0,0,0,0,0,0,0,0,0,0,0,0,0,0,0,0,0,0,0,0,0,0,0,0,0,0,0,0,0,0,0,0,0,0,0,0,0,0,0,0,0,0,0,0,0,0,0,0,0,0,0,0,0,0,0,0,0,0
Treponema_SGB69454,Species,Treponema_SGB69454,0,0,0,0,0,0,0,0,0,0,0,0,0,0,0,0,0,0,0,0,0,0,0,0,0,0,0,0,0,0,0,0,0,0,0,0,0,0,0,0,0,0,0,0,0,0,0,0,0,0,0,0,0,0,0,0,0,0,0,0,0,0,0,0,0,0,0,0
Capnocytophaga_SGB2480,Species,Capnocytophaga_SGB2480,0,0,0,0,0,0,0,0,0,0,0,0,0,0,0,0,0,0,0,0,0,0,0,0,0,0,0,0,0,0,0,0,0,0,0,0,0,0,0,0,0,0,0,0,0,0,0,0,0,0,0,0,0,0,0,0,0,0,0,0,0,0,0,0,0,0,0,0
Olsenella_uli,Species,Olsenella_uli,0,0,0,0,0,0,0,0,0,0,0,0,0,0,0,0,0,0,0,0,0,0,0,0,0,0,0,0,0,0,0,0,0,0,0,0,0,0,0,0,0,0,0,0,0,0,0,0,0,0,0,0,0,0,0,0,0,0,0,0,0,0,0,0,0.016501065968861587,0,0,0
GGB9760_SGB15373,Species,GGB9760_SGB15373,0,0,0.09271391745277476,1.4748970102142174,0,0,0,0,0,0,0,0.004279378412211328,0,0,0,0,0,0,0,0,0,0,0,0,0,0,0,0,0,0,0,0,0,0,0,0,0,0,0,0,0,0,0,0,0.005639406530092194,0.0030300006060001213,0,0,0,0,0,0,0,0,0,0,0,0,0,0,0,0,0,0,0,0,0,0
Slackia_piriformis,Species,Slackia_piriformis,0,0,0.08585403167439266,0.9403537547088024,0,0,0,0,0,0,0,0,0,0,0,0,0,0,0,0,0,0,0,0,0,0,0,0,0,0,0,0,0,0,0,0,0,0,0,0,0,0,0,0,0,0,0,0,0,0,0,0,0,0,0,0,0,0,0,0,0,0,0,0,0,0,2.025665194959738,0
GGB9411_SGB14764,Species,GGB9411_SGB14764,0,0,0.07600110642023038,1.1296010348546266,0,0,0,0,0,0,0,0,0,0,0,0,0,0,0,0,0,0,0,0,0,0,0,0,0,0,0,0,0,0,0,0,0,0,0,0,0,0,0,0,0.016848102635195508,0,0,0,0,0,0,0,0,0,0,0,0,0,0,0,0,0,0,0,0,0,0,0
GGB3588_SGB4808,Species,GGB3588_SGB4808,0,0,0.034892010533088456,0.7160663656593428,0,0,0,0,0,0,0,0,0,0,0,0,0,0,0,0,0,0,0,0,0,0,0,0,0,0,0,0,0,0,0,0,0,0,0,0,0,0,0,0,0,0,0,0,0,0,0,0,0,0,0,0,0,0,0,0,0,0,0,0,0,0,0,0
GGB34797_SGB14322,Species,GGB34797_SGB14322,0,0,0.022980115169748527,0.8981828557596679,0,0,0,0,0,0,0,0,0,0,0,0,0,0,0,0,0,0,0,0,0,0,0,0,0,0,0,0,0,0,0,0,0,0,0,0,0,0,0.0092079980671211,0.13118002623600525,0,0.008040001608000322,0,0,0,0,0,0,0,0,0,0,0,0,0,0,0,0,0,0,0,0,0,0
Prevotella_sp_885,Species,Prevotella_sp_885,0,0,0.011168657372709948,2.2694839118838965,0,0,0,0,0,0,0,0,0,0,0,0,0,0,0,0,0,0,0,0,0,0,0,0,0,0,0,0,0,0,0,0,0,0,0,0,0,0,0,0,0,0,0,0,0,0,0,0,0,0,0,0,0,0,0,0,0,0,0,0,0,0,0,0
Raoultibacter_timonensis,Species,Raoultibacter_timonensis,0,0,0.008316230489751652,0.0422118217040583,0,0,0,0,0,0,0,0,0,0,0,0,0,0,0,0,0,0,0,0,0,0,0,0,0,0,0,0,0,0,0,0,0,0,0,0,0,0,0,0,0,0,0,0,0,0,0,0,0,0,0,0,0,0,0,0,0,0,0,0,0,0,0,0
GGB9608_SGB15041,Species,GGB9608_SGB15041,0,0,0.006287391650464413,0.3431475307260832,0,0,0,0,0,0,0,0,0,0,0,0,0,0,0,0,0,0,0,0,0,0,0,0,0,0,0,0,0,0,0,0,0,0,0,0,0,0,0,0,0,0,0,0,0,0,0,0,0,0,0,0,0,0,0,0,0,0,0,0,0,0,0,0
Clostridiaceae_unclassified_SGB15090,Species,Clostridiaceae_unclassified_SGB15090,0,0,5.925816411779559e-4,0.3496542487589919,0,0,0,0,0,0,0,0,0,0,0,0,0,0,0,0,0,0,0,0,0,0,0,0,0,0,0,0,0,0,0,0,0,0,0,0,0,0,0,0,0,0,0,0,0,0,3.920360784072157,0.03672001101600331,0,0,0,0,0,0,0,0,0,0,0,0,0,0,0,0
Stenotrophomonas_maltophilia,Species,Stenotrophomonas_maltophilia,0,0,0,0,0,0,0,0,0,0,0,0,0,0,0,0,0,0,0,0,0,0,0,0,0,0,0,0,0,0,0,0,0,0,0,0,0,0,0,0,0,0,0,0,0,0,0,0,0,0,0,0,0,0,0,0,0,0,0,0,0,0,0,0,0,0,0,0
Senegalimassilia_SGB14826,Species,Senegalimassilia_SGB14826,0,0,0,0,0.9382176701487616,4.488854717908736,0,0,0,0,0,0,0,0,0,0,0,0,0,0,0,0,0,0,0,0,0,0,0,0,0,0,0,0,0,0,0,0,0,0,0,0,0,0,0.12611035206724816,0,0,0,0,0,0,0,0,0,0,0,0,0,0,0,0,0,0,0,0,0,0,0
GGB9509_SGB14906,Species,GGB9509_SGB14906,0,0,0,0,0.1775518517074102,0,0,0,0,0,0,0,0,0,0,0,0,0,0,0,0,0,0,0,0,0,0,0,0,0,0,0,0,0,0,0,0,0,0,0,0,0,0,0,0,0,0,0,0,0,0,0,0,0,0,0,0,0,0,0,0,0.05213092670229547,0,0,0,0,0,0
Eggerthella_sp_YY7918,Species,Eggerthella_sp_YY7918,0,0,0,0,0.1742133555685865,0.012540767494970692,0,0,0,0,0,0,0,0,0,0,0,0,0,0,0,0,0,0,0,0,0,0,0,0,0,0,0,0,0,0,0,0,0,0,0,0,0,0,0,0,0,0,0,0,0,0,0,0,0,0,0,0,0,0,0,0,0,0,0,0,0,0
Clostridium_SGB4909,Species,Clostridium_SGB4909,0,0,0,0,0.16386702519241217,0.014480886230237291,0,0,0,0,0,0,0,0,0,0,0,0,0,0,0,0,0,0,0,0,0,0,0,0,0,0,0,0,0,0,0,0,0,0,0,0,0,0,0,0,0,0,0,0,0,0,0,0,0,0,0,0,0,0,0,0,0,0,0,0,0,0
GGB3000_SGB3991,Species,GGB3000_SGB3991,0,0,0,0,0.1389736741032253,0.42248585613439543,0,0,0,0,0,0,0,0,0,0,0,0,0,0,0,0,0,0,0,0,0,0,0,0,0,0,0,0,0,0,0,0,0,0,0,0,0,0,0,0,0,0,0,0,0,0,0,0,0,0,0,0,0,0,0,0,0,0,0,0,0,0
GGB34900_SGB14891,Species,GGB34900_SGB14891,0,0,0,0,0.13631691291166892,0,0,0,0.006240413739430925,0,0,0,0,0,0,0,0,0,0,0,0,0,0,0,0,0,0,0,0,0,0,0,0,0,0,0,0,0,0,0,0,0,0,0,0,0,0,0,0,0,0,0,0,0,0,0,0,0,0,0,0,0,0,0,0,0,0,0
GGB3538_SGB4728,Species,GGB3538_SGB4728,0,0,0,0,0.12773507298724524,0.1474890263284113,0,0,0,0,0,0,0,0,0,0,0,0,0,0,0,0,0,0,0,0,0,0,0,0,0,0,0,0,0,0,0,0,0,0,0,0,0,0,0,0,0,0,0,0,0,0,0,0,0,0,0,0,0,0,0,0,0,0,0,0,0,0
GGB3002_SGB3993,Species,GGB3002_SGB3993,0,0,0,0,0.06965727078842947,0.12346755621444033,0,0,0,0,0,0,0,0,0,0,0,0,0,0,0,0,0,0,0,0,0,0,0,0,0,0,0,0,0,0,0,0,0,0,0,0,0,0,0,0,0,0.038906948781052296,0,0,0,0,0,0,0,0,0,0,0,0,0,0,0,0,0,0,0,0
Guopingia_tenuis,Species,Guopingia_tenuis,0,0,0,0,0.05741611827940927,0.0036902258418215193,0,0,0,0,0,0,0,0,0,0,0,0,0,0,0,0,0,0,0,0,0,0,0,0,0,0,0,0,0,0,0,0,0,0,0,0,0.004093555662448403,0,0,0,0,0,0,0,0,0,0,0,0,0,0,0,0,0,0,0,0,0,0,0,0,0
Massilicoli_timonensis,Species,Massilicoli_timonensis,0,0,0,0,0.051541167116194005,0,0,0,0,0,0,0,0,0,0,0,0,0,0,0,0,0,0,0,0,0,0,0,0,0,0,0,0,0,0,0,0,0,0,0,0,0,0,0,0,0,0,0,0,0,0,0,0,0,0,0.013868554124183797,0,0,0,0,0,0,0,0,0,0,0,0
Butyricicoccus_intestinisimiae,Species,Butyricicoccus_intestinisimiae,0,0,0,0,0.04693945622213973,0,0.014151741773783146,0,0,0,0,0,0,0,0,0,0,0,0,0,0,0,0,0,0,0,0,0,0,0,0,0,0,0,0,0,0,0,0,0,0,0,0,0,0,0,0,0,0,0,0,0,0,0,0,0,0,0,0,0,0,0,0,0,0,0,0,0
Schaalia_SGB17153,Species,Schaalia_SGB17153,0,0,0,0,0.028983760772790676,0.3985043884685743,0,0,0,0,0.17734021893441562,0,0,0,0,0,0,0,0,0,0,0,0,0,0,0,0,0,0,0,0,0,0,0,0,0,0,0,0,0,0,0,0,0,0,0,0.02180371971458331,0,0,0,0,0,0,0,0,0,0,0,0,0,0,0,0,0,0,0,0,0
GGB9621_SGB15073,Species,GGB9621_SGB15073,0,0,0,0,0.028302025825523373,0.011570708127337393,0,0,0,0,0,0,0,0,0,0,0,0,0,0,0,0,0,0,0,0,0,0,0,0,0,0,0,0,0,0,0,0,0,0,0,0,0,0,0,0,0,0,0,0,0,0,0,0,0,0,0,0,0,0,0,0,0,0,0,0,0,0
Clostridium_sp_AF27_2AA,Species,Clostridium_sp_AF27_2AA,0,0,0,0,0.005012756965200739,0.007550462088279803,0,0,0,0,0,0,0,0,0,0,0,0,0,0,0,0,0,0,0,0,0,0,0,0,0,0,0,0,0,0,0,0,0,0,0,0,0,0,0,0,0,0,0,0,0,0,0,0,0,0,0,0,0,0,0,0,0,0,0,0,0,0
Ligilactobacillus_salivarius,Species,Ligilactobacillus_salivarius,0,0,0,0,0,0.06037369487012606,0,0.03079,0,0,0,0,0,4.6601238503462445,0,0,0,0,0,0,0,0,0,0,0,0,0,0,0,0,0,0,0,0,0,0,0,0,0,0,0,0,0,0,0,0,0,0,0,0,0,0,0,0,0,0,0,0,0,0,0,0,0,0,0,0,0,0
Solobacterium_SGB6828,Species,Solobacterium_SGB6828,0,0,0,0,0,0,0.03907615654428789,0,0,0,0,0,0,0,0,0,0,0,0,0,0,0,0,0,0,0,0,0,0,0,0,0,0,0,0,0,0,0,0,0,0,0,0,0,0,0,0,0,0,0,0,0,0,0,0,0,0,0,0,0,0,0,0,0,0,0,0,0
GGB4260_SGB5794,Species,GGB4260_SGB5794,0,0,0,0,0,0,0.05540664117134057,0,0,0,0,0,0,0,0,0,0,0,0,0,0,0,0,0,0,0,0,0,0,0,0,0,0,0,0,0,0,0,0,0,0,0,0,0,0,0,0,0,0,0,0,0,0,0,0,0,0,0.013930090957889897,0.4360642095262059,0,0,0,0,0,0,0,0,0
Providencia_rettgeri,Species,Providencia_rettgeri,0,0,0,0,0,0,0.02436964228471852,0,0,0,0,0,0,0,0,0,0,0,0,0,0,0,0,0,0,0,0,0,0,0,0,0,0,0,0,0,0,0,0,0,0,0,0,0,0,0,0,0,0,0,0,0,0,0,0,0,0,0,0,0,0,0,0,0,0,0,8.519916156006281e-4,0
Anaerococcus_obesiensis,Species,Anaerococcus_obesiensis,0,0,0,0,0,0,0.01914469414585917,0,0,0,0.007395013079366503,0,0,0,0,0,0,0,0,0,0,0,0,0,0,0,0,0,0,0,0,0,0,0,0,0,0,0,0,0,0,0,0,0,0,0,0,0,0,0,0,0,0,0,0,0.009065591656933996,0.06116000611600061,0,0.02131586067038483,0,0,0,8.510195213866212e-4,0,0,0,0,0
Peptoniphilus_sp_Marseille_P3761,Species,Peptoniphilus_sp_Marseille_P3761,0,0,0,0,0,0,0.0018862264516731635,0,0,0,0.00637432115230915,0,0,0,0,0,0,0,0,0,0,0,0,0,0,0,0,0,0,0,0,0,0,0,0,0,0,0,0,0,0,0,0,0,0,0,0,0,0,0,0,0,0,0,0,0,0,0,0,0,0,0,0,0,0,0,0,0
Olsenella_profusa,Species,Olsenella_profusa,0,0,0,0,0,0,0,0.0073100000000000005,0,0,0,0,0,0.011838267198719863,0,0,0,0,0,0,0,0,0,0,0,0,0,0,0,0,0,0,0,0,0,0,0,0,0,0,0,0,0,0,0,0,0,0,0,0,0,0,0,0,0,0,0,0,0,0,0,0,0,0,0,0,0,0
Prevotella_timonensis,Species,Prevotella_timonensis,0,0,0,0,0,0,0,0,4.2002784784631226e-4,0,0.01219826920669522,0,0,0,0,0,0,0,0,0,0,0,0,0,0,0,0,0,0,0,0,0,0,0,0,0,0,0,0,0,0,0,0,0,0,0,0,0,0,0,0,0,0,0,0,0,0,0,0,0,0,0,0,0,0,0,0,0
Amedibacillus_dolichus,Species,Amedibacillus_dolichus,0,0,0,0,0,0,0,0,0,0.002599999740000026,0,0,0,0,0,0,0,0,0,0,0,0,0,0,0,0,0,0,0,0,0,0,0,0,0,0,0,0,0,0,0,0,0,0,0,0,0,0,0.23820450797727902,0,0,0,0,0,0,0,0,0,0,0.0631729257288899,0,0,0,0,0,0,0,0
Aggregatibacter_aphrophilus,Species,Aggregatibacter_aphrophilus,0,0,0,0,0,0,0,0,0,0,0,0,0,0,0,0,0,0,0,0,0,0,0,0,0,0,0,0,0,0,0,0,0,0,0,0,0,0,0,0,0,0,0,0,0,0,0,0,0,0,0,0,0,0,0,0,0,0,0,0,0,0,0,0,0,0,0,0
Alloprevotella_sp_Lung230,Species,Alloprevotella_sp_Lung230,0,0,0,0,0,0,0,0,0,0,0,0,0,0,0,0,0,0,0,0,0,0,0,0,0,0,0,0,0,0,0,0,0,0,0,0,0,0,0,0,0,0,0,0,0,0,0,0,0,0,0,0,0,0,0,0,0,0,0,0,0,0,0,0,0,0,0,0
Gemella_SGB7284,Species,Gemella_SGB7284,0,0,0,0,0,0,0,0,0,0,0,0,0,0,0,0,0,0,0,0,0,0,0,0,0,0,0,0,0,0,0,0,0,0,0,0,0,0,0,0,0,0,0,0,0,0,0,0,0,0,0,0,0,0,0,0,0,0,0,0,0,0,0,0,0,0,0,0
Eikenella_corrodens,Species,Eikenella_corrodens,0,0,0,0,0,0,0,0,0,0,0,0,0,0,0,0,0,0,0,0,0,0,0,0,0,0,0,0,0,0,0,0,0,0,0,0,0,0,0,0,0,0,0,0,0,0,0,0,0,0,0,0,0,0,0,0,0,0,0,0,0,0,0,0,0,0,0,0
Leptotrichia_sp_oral_taxon_212,Species,Leptotrichia_sp_oral_taxon_212,0,0,0,0,0,0,0,0,0,0,0,0,0,0,0,0,0,0,0,0,0,0,0,0,0,0,0,0,0,0,0,0,0,0,0,0,0,0,0,0,0,0,0,0,0,0,0,0,0,0,0,0,0,0,0,0,0,0,0,0,0,0,0,0,0,0,0,0
Schaalia_georgiae,Species,Schaalia_georgiae,0,0,0,0,0,0,0,0,0,0,0.0025517298176433805,0,0,0,0,0,0,0,0,0,0,0,0,0,0,0,0,0,0,0,0,0,0,0,0,0,0,0,0,0,0,0,0,0,0,0,0,0,0,0,0,0,0,0,0,0,0,0,0,0,0,0,0,0,0,0,0,0
Leptotrichia_hongkongensis,Species,Leptotrichia_hongkongensis,0,0,0,0,0,0,0,0,0,0,0,0,0,0,0,0,0,0,0,0,0,0,0,0,0,0,0,0,0,0,0,0,0,0,0,0,0,0,0,0,0,0,0,0,0,0,0,0,0,0,0,0,0,0,0,0,0,0,0,0,0,0,0,0,0,0,0,0
Prevotella_maculosa,Species,Prevotella_maculosa,0,0,0,0,0,0,0,0,0,0,0,0,0,0,0,0,0,0,0,0,0,0,0,0,0,0,0,0,0,0,0,0,0,0,0,0,0,0,0,0,0,0,0,0,0,0,0,0,0,0,0,0,0,0,0,0,0,0,0,0,0,0,0,0,0,0,0,0
SR1_bacterium_human_oral_taxon_HOT_345,Species,SR1_bacterium_human_oral_taxon_HOT_345,0,0,0,0,0,0,0,0,0,0,0,0,0,0,0,0,0,0,0,0,0,0,0,0,0,0,0,0,0,0,0,0,0,0,0,0,0,0,0,0,0,0,0,0,0,0,0,0,0,0,0,0,0,0,0,0,0,0,0,0,0,0,0,0,0,0,0,0
Pauljensenia_hongkongensis,Species,Pauljensenia_hongkongensis,0,0,0,0,0,0,0,0,0,0,0,0,0,0,0,0,0,0,0,0,0,0,0,0,0,0,0,0,0,0,0,0,0,0,0,0,0,0,0,0,0,0,0,0,0,0,0,0,0,0,0,0,0,0,0.0506531748907891,9.605924934499601e-4,0,0,0,0,0,0,0,0,0,0,0,0
Campylobacter_SGB96342,Species,Campylobacter_SGB96342,0,0,0,0,0,0,0,0,0,0,0,0,0,0,0,0,0,0,0,0,0,0,0,0,0,0,0,0,0,0,0,0,0,0,0,0,0,0,0,0,0,0,0,0,0,0,0,0,0,0,0,0,0,0,0,0,0,0,0,0,0,0,0,0,0,0,0,0
Candidatus_Saccharibacteria_unclassified_SGB19905,Species,Candidatus_Saccharibacteria_unclassified_SGB19905,0,0,0,0,0,0,0,0,0,0,0.0010607190614517583,0,0,0,0,0,0,0,0,0,0,0,0,0,0,0,0,0,0,0,0,0,0,0,0,0,0,0,0,0,0,0,0,0,0,0,0,0,0,0,0,0,0,0,0,0,0,0,0,0,0,0,0,0,0,0,0,0
Moraxella_catarrhalis,Species,Moraxella_catarrhalis,0,0,0,0,0,0,0,0,0,0,0,0,0,0,0,0,0,0,0,0,0,0,0,0,0,0,0,0,0,0,0,0,0,0,0,0,0,0,0,0,0,0,0,0,0,0,0,0,0,0,0,0,0,0,0,0,0,0,0,0,0,0,0,0,0,0,0,0
Dolosigranulum_pigrum,Species,Dolosigranulum_pigrum,0,0,0,0,0,0,0,0,0,0,0,0,0,0,0,0,0,0,0,0,0,0,0,0,0,0,0,0,0,0,0,0,0,0,0,0,0,0,0,0,0,0,0,0,0,0,0,0,0,0,0,0,0,0,0,0,0,0,0,0,0,0,0,0,0,0,0,0
Tyzzerella_SGB4587,Species,Tyzzerella_SGB4587,0,0,0,0,0,0,0,0,0,0,3.608956511619227,0,0,0,0,0,0,0,0,0,0,0,0,0,0,0,0,0,0,0,0,0,0,0,0,0,0,0,0,0,0,0,0,0,0,0,0,0,0,0,0,0,0,0,0,0.40408924224461645,0,0,0,0,0,0,0,0,0,0,0,0
Lachnospiraceae_unclassified_SGB4550,Species,Lachnospiraceae_unclassified_SGB4550,0,0,0,0,0,0,0,0,0,0,2.651457422987043,0,0,0,0,0,0,0,0,0,0,0,0,0,0,0,0,0,0,0,0,0,0,0,0,0,0,0,0,0,0,0,0,0,0,0,0,0.12913306316508127,0,0,0,0,0,0,0,0,0,0,0,0,0,0,0,0,0.040832637788401134,0,0,0
GGB79118_SGB105839,Species,GGB79118_SGB105839,0,0,0,0,0,0,0,0,0,0,0.06766587069374329,0,0,0,0,0,0,0,0,0,0,0,0,0,0,0,0,0,0,0,0,0,0,0,0,0,0,0,0,0,0,0,1.5013040326827882e-4,0,0,0,0,0,0,0,0,0,0,0,0,0,0,0,0,0,0,0,0,0,0,0,0,0
Peptoniphilus_harei,Species,Peptoniphilus_harei,0,0,0,0,0,0,0,0,0,0,0.03919657135572205,0,0,0,0,0,0,0,0,0,0,0,0,0,0,0,0,0,0,0,0,0,0,0,0,0,0,0,0,0,0,0,0,0,0,0,0,0,0,0,0,0,0,0,0,0,0,0,0,0,0,0,0,0,0,0,1.7730145989264505,0
Desulfovibrio_desulfuricans,Species,Desulfovibrio_desulfuricans,0,0,0,0,0,0,0,0,0,0,0.0033622792891301015,0,0,0,0,0,0,0,0,0,0,0,0,0,0,0,0,0,0,0,0,0,0,0,0,0,0,0,0,0,0,0,0,0,0,0,0,0,0,0,0,0,0,0,0,0,0,0,0,0,0,0,0.11654962645249009,0,0,0,0,0
Finegoldia_magna,Species,Finegoldia_magna,0,0,0,0,0,0,0,0,0,0,7.605155534937133e-4,0,0,0,0,0,0,0,0,0,0,0,0,0,0,0,0,0,0,0,0,0,0,0,0,0,0,0,0,0,0,0,0,0,0,0,0,0,0,0,0,0,0,0,0,0.004132548956196182,0.0016000001600000161,0,0,0,0,0,0,0,0,0,0,0
Clostridium_butyricum,Species,Clostridium_butyricum,0,0,0,0,0,0,0,0,0,0,0,0.36616945470525225,0,0,0,0,0,0,0,0,0,0,0,0,0,0,0,0,0,0,0,0,0,0,0,0,0,0,0,0,0,0,0,0,0,0,0,0,0,0,0,0,0,0,0,0,0,0.054959812888456396,0,0,0,0,0,0,0,0,0,0
Faecalibacterium_sp_HTFF,Species,Faecalibacterium_sp_HTFF,0,0,0,0,0,0,0,0,0,0,0,0.2861026883277229,0,0,0,0,0,0,0,0,0,0,0,0,0,0,0,0,0,0,0,0,0,0,0,0,0,0,0,0,0,0,0,0,0,0,0,0,0,0,0,0,0,0,0,0,0,0,0,0,0,0.04276177397699813,0,0,0,0,0,0
Bifidobacterium_catenulatum,Species,Bifidobacterium_catenulatum,0,0,0,0,0,0,0,0,0,0,0,0.28499247223021523,0,0,0,0,0,0,0,0,0,0,0,0,0,0,0,0,0,0,0,0,0,0,0,0,0,0,0,0,0,0,0,0.050440010088002016,0,0,0,0,0,0,0,0,0,0,0,0,0,0,0,0,0,0,0,0,0,0,0,0.8195296010359692
Clostridium_SGB47280,Species,Clostridium_SGB47280,0,0,0,0,0,0,0,0,0,0,0,0.01374649386186752,0,0,0,0,0,0,0,0,0,0,0,0,0,0,0,0,0,0,0,0,0,0,0,0,0,0,0,0,0,0,0,0,0,0,0,0,0.008103563746004716,0,0,0,0,0,0,0,0,0,0,0,0,0,0,0,0,0,0.28545728494929745,0
Morganella_morganii,Species,Morganella_morganii,0,0,0,0,0,0,0,0,0,0,0,0,0.25661440879085856,0,0,0,0,0,0,0,0,0,0,0,0,0,0,0,0,0,0,0,0,0,0,0,0,0,0,0,0,0,0,0,0,0,0,0,0,0,0,0,0,0,0,0,0,0,0,0,0,0,0,0,0,0,0.06292709838518522,0
Mycobacteroides_abscessus,Species,Mycobacteroides_abscessus,0,0,0,0,0,0,0,0,0,0,0,0,0,0,0,0,0,0,0,0,0,0,0,0,0,0,0,0,0,0,0,0,0,0,0,0,0,0,0,0,0,0,0,0,0,0,0,0,0.212494567843992,0,0,0,0,0,0,0,0,0,0,0,0,0,0,0,0,0,0,0
Prevotella_oralis,Species,Prevotella_oralis,0,0,0,0,0,0,0,0,0,0,0,0,0,0,0,0,0,0,0,0,0,0,0,0,0,0,0,0,0,0,0,0,0,0,0,0,0,0,0,0,0,0,0,0,0,0,0,0,0,0,0,0,0,0,0,0,0,0,0.04065803053795625,0,0,0,0,0,0,0,0,0
GGB36599_SGB9269,Species,GGB36599_SGB9269,0,0,0,0,0,0,0,0,0,0,0,0,0,0,0,0,0,0,0,0,0,0,0,0,0,0,0,0,0,0,0,0,0,0,0,0,0,0,0,0,0,0,0,0,0,0,0,0,0,0.020584443872765687,0,0,0,0,0,0,0,0,0.03361347259560685,0,0,0,0,0,0,0,0,0
Streptococcus_pyogenes,Species,Streptococcus_pyogenes,0,0,0,0,0,0,0,0,0,0,0,0,0,0,0,0,0,0,0,0,0,0,0,0,0,0,0,0,0,0,0,0,0,0,0,0,0,0,0,0,0,0,0,0,0,0,0,0,0,0,0.031710006342001266,0,0,0,0,0,0,0,0,0,0,0,0,0,0,0,0,0
Erysipelatoclostridium_SGB66626,Species,Erysipelatoclostridium_SGB66626,0,0,0,0,0,0,0,0,0,0,0,0,0,0,0,0,0,0,0,0,0,0,0,0,0,0,0,0,0,0,0,0,0,0,0,0,0,0,0,0,0,0,0,0,0,0,0,0,0,0,0.49200009840001974,0.012770003831001148,0,0,0,0,0,0,0,0.12657597139629173,0,0,0,0,0,0,0,0.24454210734971368
Erysipelotrichaceae_bacterium_LH1062,Species,Erysipelotrichaceae_bacterium_LH1062,0,0,0,0,0,0,0,0,0,0,0,0,0,0,0,0,0,0,0,0,0,0,0,0,0,0,0,0,0,0,0,0,0,0,0,0,0,0,0,0,0,0,0,0,0,0,0,0,0,0,0.03627000725400145,0.008020002406000721,0,0,0,0,0,0,0,0,0,0,0,0,0,0,0,0
Veillonella_ratti,Species,Veillonella_ratti,0,0,0,0,0,0,0,0,0,0,0,0,0,0,0,0,0,0,0,0,0,0,0,0,0,0,0,0,0,0,0,0,0,0,0,0,0,0,0,0,0,0,6.028526378011941,0,0,0,0,0,0,0,0.011330002266000453,0,0,0,0,0,0,0,0,0,0,0,0,0,0,0,0,0
GGB3600_SGB47662,Species,GGB3600_SGB47662,0,0,0,0,0,0,0,0,0,0,0,0,0,0,0,0,0,0,0,0,0,0,0,0,0,0,0,0,0,0,0,0,0,0,0,0,0,0,0,0,0,0,0.026002585846065893,0,0,0,0,0,0,0,0.01099000219800044,0.1976800593040178,0,0,0,0,0,0,0,0,0,0,0,0,0,0,0,0
Amedibacterium_intestinale,Species,Amedibacterium_intestinale,0,0,0,0,0,0,0,0,0,0,0,0,0,0,0,0,0,0,0,0,0,0,0,0,0,0,0,0,0,0,0,0,0,0,0,0,0,0,0,0,0,0,0.08800644239586505,0,0,0,0,0,0,0,0,0.018710005613001682,0,0,0,0,0,0,0,0,0,0,0,0,0,0,0,0
GGB3003_SGB3994,Species,GGB3003_SGB3994,0,0,0,0,0,0,0,0,0,0,0,0,0,0,0,0,0,0,0,0,0,0,0,0,0,0,0,0,0,0,0,0,0,0,0,0,0,0,0,0,0,0,0,0,0,0,0,0,0,0,0,0.005630001689000507,0,0,0,0,0,0,0,0,0,0.10514271391722574,0,0,0,0,0,0
GGB9832_SGB15478,Species,GGB9832_SGB15478,0,0,0,0,0,0,0,0,0,0,0,0,0,0,0,0,0,0,0,0,0,0,0,0,0,0,0,0,0,0,0,0,0,0,0,0,0,0,0,0,0,0,0,0,0,0,0,0,0,0,0,0.0023600007080002124,0,0,0,0,0,0,0,0,0,0,0.09486364664868512,0,0,0,0,0
Actinomyces_dentalis,Species,Actinomyces_dentalis,0,0,0,0,0,0,0,0,0,0,0,0,0,0,0,0,0,0,0,0,0,0,0,0,0,0,0,0,0,0,0,0,0,0,0,0,0,0,0,0,0,0,0,0,0,0,0,0,0,0,0,0,0,0.015413246029613836,0,0,0,0,0,0,0,0,0,0,0,0,0,0
GGB4533_SGB6245,Species,GGB4533_SGB6245,0,0,0,0,0,0,0,0,0,0,0,0,0,0,0,0,0,0,0,0,0,0,0,0,0,0,0,0,0,0,0,0,0,0,0,0,0,0,0,0,0,0,0,0,0,0,0,0,0,0,0,0,0,0,0,0,0,0,0,0,0,0,0,0,0,0,0,0
GGB1844_SGB2532,Species,GGB1844_SGB2532,0,0,0,0,0,0,0,0,0,0,0,0,0,0,0,0,0,0,0,0,0,0,0,0,0,0,0,0,0,0,0,0,0,0,0,0,0,0,0,0,0,0,0,0,0,0,0,0,0,0,0,0,0,0,0,0,0,0,0,0,0,0,0,0,0,0,0,0
Capnocytophaga_granulosa,Species,Capnocytophaga_granulosa,0,0,0,0,0,0,0,0,0,0,0,0,0,0,0,0,0,0,0,0,0,0,0,0,0,0,0,0,0,0,0,0,0,0,0,0,0,0,0,0,0,0,0,0,0,0,0,0,0,0,0,0,0,0,0,0,0,0,0,0,0,0,0,0,0,0,0,0
GGB3385_SGB4471,Species,GGB3385_SGB4471,0,0,0,0,0,0,0,0,0,0,0,0,0,0,0,0,0,0,0,0,0,0,0,0,0,0,0,0,0,0,0,0,0,0,0,0,0,0,0,0,0,0,0,0,0,0,0,0,0,0,0,0,0,0,0,0,0,0,0,0,0,0,0,0,0,0,0,0
Prevotella_SGB1459,Species,Prevotella_SGB1459,0,0,0,0,0,0,0,0,0,0,0,0,0,0,0,0,0,0,0,0,0,0,0,0,0,0,0,0,0,0,0,0,0,0,0,0,0,0,0,0,0,0,0,0,0,0,0,0,0,0,0,0,0,0,0,0,0,0,0,0,0,0,0,0,0,0,0,0
GGB18703_SGB19792,Species,GGB18703_SGB19792,0,0,0,0,0,0,0,0,0,0,0,0,0,0,0,0,0,0,0,0,0,0,0,0,0,0,0,0,0,0,0,0,0,0,0,0,0,0,0,0,0,0,0,0,0,0,0,0,0,0,0,0,0,0,0,0,0,0,0,0,0,0,0,0,0,0,0,0
GGB3363_SGB4448,Species,GGB3363_SGB4448,0,0,0,0,0,0,0,0,0,0,0,0,0,0,0,0,0,0,0,0,0,0,0,0,0,0,0,0,0,0,0,0,0,0,0,0,0,0,0,0,0,0,0,0,0,0,0,0.20822718937602258,0,0,0,0,0,0,0,0.04688892108652617,0,0,0,0,0,0,0,0,0,0,0,0
GGB9790_SGB15413,Species,GGB9790_SGB15413,0,0,0,0,0,0,0,0,0,0,0,0,0,0,0,0,0,0,0,0,0,0,0,0,0,0,0,0,0,0,0,0,0,0,0,0,0,0,0,0,0,0,0,0,0.014033407724083772,0,0,0,0,0,0,0,0,0,0,0.02612611458747756,0,0,0,0,0,0,0,0,0,0,0,0
GGB3576_SGB4784,Species,GGB3576_SGB4784,0,0,0,0,0,0,0,0,0,0,0,0,0,0,0,0,0,0,0,0,0,0,0,0,0,0,0,0,0,0,0,0,0,0,0,0,0,0,0,0,0,0,0,0,0,0,0,0,0,0,0,0,0,0,0,0.0011206912423582867,0,0,0,0,0,0,0,0,0,0,0.08482829462150723,0
Enterobacter_ludwigii,Species,Enterobacter_ludwigii,0,0,0,0,0,0,0,0,0,0,0,0,0,0,0,0,0,0,0,0,0,0,0,0,0,0,0,0,0,0,0,0,0,0,0,0,0,0,0,0,0,0,0,0,0,0.019900003980000795,0,0,0,0,0,0,0,0,0,0,0,0,1.7759472273540995,0,0,0,0,0,0,0,0,0
Ruminococcus_SGB4421,Species,Ruminococcus_SGB4421,0,0,0,0,0,0,0,0,0,0,0,0,0,0,0,0,0,0,0,0,0,0,0,0,0,0,0,0,0,0,0,0,0,0,0,0,0,0,0,0,0,0,0,0,0,0.1152700230540046,0,0,0,0,0,0,0,0,0,0,0,0,0,0,0,0.38539649383482727,0,0,0,0,0,0
GGB9818_SGB15459,Species,GGB9818_SGB15459,0,0,0,0,0,0,0,0,0,0,0,0,0,0,0,0,0,0,0,0,0,0,0,0,0,0,0,0,0,0,0,0,0,0,0,0,0,0,0,0,0,0,0,0,0,0.010560002112000423,0,0,0,0,0,0,0,0,0,0,0,0,0,0,0,0,0,0.004820207268912563,0,0,0,0
Candidatus_Nanogingivalis_gingivitcus,Species,Candidatus_Nanogingivalis_gingivitcus,0,0,0,0,0,0,0,0,0,0,0,0,0,0,0,0,0,0,0,0,0,0,0,0,0,0,0,0,0,0,0,0,0,0,0,0,0,0,0,0,0,0,0,0,0,0,0,0,0,0,0,0,0,0,0,0,0,0,0,0,0,0,0,0,0,0,0,0
Candidatus_Nanosynbacter_lyticus,Species,Candidatus_Nanosynbacter_lyticus,0,0,0,0,0,0,0,0,0,0,0,0,0,0,0,0,0,0,0,0,0,0,0,0,0,0,0,0,0,0,0,0,0,0,0,0,0,0,0,0,0,0,0,0,0,0,0,0,0,0,0,0,0,0,0,0,0,0,0,0,0,0,0,0,0,0,7.617807386546792e-4,0
GGB12788_SGB19833,Species,GGB12788_SGB19833,0,0,0,0,0,0,0,0,0,0,0,0,0,0,0,0,0,0,0,0,0,0,0,0,0,0,0,0,0,0,0,0,0,0,0,0,0,0,0,0,0,0,0,0,0,0,0.004850827551180231,0,0,0,0,0,0,0,0,0,0,0,0,0,0,0,0,0,0,0,0,0
Megasphaera_SGB5856,Species,Megasphaera_SGB5856,0,0,0,0,0,0,0,0,0,0,0,0,0,0,0,0,0,0,0,0,0,0,0,0,0,0,0,0,0,0,0,0,0,0,0,0,0,0,0,0,0,0,0,0,3.7982154233261083,0.9148301829660366,0,0,0,0,0,0,0,0,0,0,0,0,0,0,0,0,0,0,0,0,0,0
Segatella_hominis,Species,Segatella_hominis,0,0,0,0,0,0,0,0,0,0,0,0,0,0,0,0,0,0,0,0,0,0,0,0,0,0,0,0,0,0,0,0,0,0,0,0,0,0,0,0,0,0,0,0,0.013502522207041345,0.043060008612001724,0,0,0,0,0,0,0,0,0,0,0,0,0,0,0,0,0,0,0,0,0,0
