SampleType,Time,Rank,Taxon,n_samples,mean_RA_percent,sd_RA_percent,median_RA_percent,Q1_RA_percent,Q3_RA_percent,min_RA_percent,max_RA_percent
feces,T0,Species,UNCLASSIFIED,34,18.938414029141878,8.356738384145713,18.284098081939497,14.24756474308918,21.365706379807264,3.918239169083727,36.75741
feces,T0,Species,Bifidobacterium_longum,34,5.569802131527495,10.69626496470661,1.002391110839721,0.03453458394486946,4.746132333067539,0,46.26003223438416
feces,T0,Species,Streptococcus_thermophilus,34,3.3957633629380513,10.78754062428285,0.580832025319731,0.08730351511990482,1.8437963961156367,0,62.518576727421895
feces,T0,Species,Ruminococcus_gnavus,34,2.876023889296708,5.393405534284247,1.1094750872819583,0.16042305433775209,2.3311966523857177,0,23.601168458540506
feces,T0,Species,Ruminococcus_bromii,34,2.63792015686548,6.799834441884846,0,0,0.47669567664890633,0,30.394066078813214
feces,T0,Species,Escherichia_coli,34,2.3610396904506348,6.455347643633308,0.01647500325950081,0,1.4079641800999976,0,35.40438712340817
feces,T0,Species,Dialister_invisus,34,2.093945852912017,4.022397285625817,0,0,2.4853374462461337,0,16.76848327944439
feces,T0,Species,Eubacterium_rectale,34,1.9281278940283144,4.38668758592274,0.0027007024527079494,0,0.9876367216733426,0,19.837228530697434
feces,T0,Species,Blautia_massiliensis,34,1.7497354871217727,5.3649921519342065,0.1333934319118325,0.001160756851574147,0.7877930656815397,0,30.313383031338304
feces,T0,Species,Bifidobacterium_bifidum,34,1.6323371188154137,5.128656440182364,0,0,0.6471354173304849,0,28.708427061878794
feces,T0,Species,Akkermansia_muciniphila,34,1.5811840914889734,4.753252918423,0,0,0,0,22.8813805776247
feces,T0,Species,Dorea_longicatena,34,1.5552860468183096,2.40863698862712,0.41147069633529293,0,1.8192351914187972,0,8.735423913865299
feces,T0,Species,Bifidobacterium_pseudocatenulatum,34,1.4105824832189533,6.107142310314942,0,0,0,0,35.09547052864116
feces,T0,Species,Blautia_wexlerae,34,1.3956401479046894,3.3371015602047653,0.3156488555036484,0.024170754797278083,0.7146928832475015,0,15.169200591961966
feces,T0,Species,Anaerostipes_hadrus,34,1.3559267823400423,2.333998211550152,0.126292138414921,0,1.8327985316110547,0,9.471759482562353
feces,T0,Species,Streptococcus_salivarius,34,1.3401592736181764,2.5643194256965662,0.038339066309968285,0,0.8849155817513017,0,9.10921582444686
feces,T0,Species,Fusicatenibacter_saccharivorans,34,1.313203623911097,2.1230378657423246,0.5389109823717539,0.00839095248486878,1.4582781201363182,0,10.214409324591596
feces,T0,Species,Enterocloster_clostridioformis,34,1.2401678815196584,5.550557239540809,0.011311674140933512,0,0.17305642225783927,0,32.21846350277408
feces,T0,Species,Ruminococcus_torques,34,1.209140798219695,1.7189691964420863,0.38571835343210276,0.017110414313510073,1.4083800723590145,0,6.584529322169236
feces,T0,Species,Bifidobacterium_adolescentis,34,1.1722421580109916,4.291211097100645,0,0,0,0,23.200812320081234
feces,T0,Species,Ruthenibacterium_lactatiformans,34,1.1048787739390833,3.4024363650564684,0.06596293489118937,0,0.3641108503528552,0,17.82795775604385
feces,T0,Species,Mediterraneibacter_faecis,34,1.085232751139534,2.8191856085436147,0,0,0.07216158446070534,0,12.857971437718172
feces,T0,Species,Collinsella_aerofaciens,34,1.0779874624696644,3.602513779182891,0.05737692347813435,0,0.4749132810636858,0,20.677201287141997
feces,T0,Species,Blautia_obeum,34,1.0661663439841949,5.17922603653281,0.0026135496314742012,0,0.0679443096834906,0,30.100103979979203
feces,T0,Species,Streptococcus_parasanguinis,34,0.972413604901705,1.7245409668874174,0.08173959464293165,0.0015641344247459626,1.4041535357825092,0,7.056403416026711
feces,T0,Species,Vescimonas_coprocola,34,0.9630984812099437,2.8140855083742222,0,0,0.01809507237661863,0,13.60053542323011
feces,T0,Species,Veillonella_parvula,34,0.9616017708181547,2.906114619122961,0,0,0.11024175850384926,0,15.632871316843058
feces,T0,Species,Catenibacterium_tridentinum,34,0.9016384477396503,5.257410415312889,0,0,0,0,30.65570722314811
feces,T0,Species,Lactiplantibacillus_plantarum,34,0.8651280151553821,4.973024055908521,0,0,0,0,29.007375853655077
feces,T0,Species,Gemmiger_formicilis,34,0.8439554786568261,3.0188717171706227,0,0,2.7791406416419824e-4,0,16.674075542499914
feces,T0,Species,Blautia_caecimuris,34,0.8168356433414563,2.5282883267150473,0.0044242747955743995,0,0.43368423271320555,0,14.375612479489
feces,T0,Species,Anaerobutyricum_hallii,34,0.8114418316805847,2.1627097671703255,0.006433175854058165,0,0.39700509544236195,0,9.300266625486307
feces,T0,Species,Blautia_hansenii,34,0.7917139962659648,1.5965687380246016,0.009600260864715476,0,0.8376085599960861,0,7.898029086671587
feces,T0,Species,Faecalibacterium_prausnitzii,34,0.7855104765889245,1.63565262759778,0.09845001376800216,0,0.9070120947203071,0,8.803161854937219
feces,T0,Species,Enterococcus_faecalis,34,0.7472820973104207,3.49539724928332,2.2599244582584418e-4,0,0.18876739825309452,0,20.428315070551037
feces,T0,Species,GGB51647_SGB4348,34,0.7304320870352936,2.2763471242280393,0,0,0.3866607195420113,0,11.317411680986943
feces,T0,Species,Phocaeicola_dorei,34,0.7103098684540567,1.7450924191582375,0,0,0.046525833434579215,0,6.650284125045111
feces,T0,Species,Erysipelatoclostridium_ramosum,34,0.6837160300666575,1.569521885556298,0.13437722865193624,0.00218118137439123,0.3426958009283605,0,6.991446608249105
feces,T0,Species,Eggerthella_lenta,34,0.659445116577598,1.2004560316820923,0.15878518550896764,0,0.5502564826173664,0,5.045998032468575
feces,T0,Species,Candidatus_Cibionibacter_quicibialis,34,0.6396697675432172,1.9447994669757767,0,0,0.07888738126188796,0,9.39431
feces,T0,Species,Klebsiella_pneumoniae,34,0.6339578057739079,3.6589736058387166,0,0,0,0,21.341138637555986
feces,T0,Species,Blautia_faecis,34,0.6014248821135849,1.0998774645081408,0.05863269333496783,0,0.6272651647205963,0,4.2263510154832415
feces,T0,Species,Lactobacillus_johnsonii,34,0.587970490427284,3.4164377195465763,0,0,0,0,19.923027811387904
feces,T0,Species,Enterocloster_bolteae,34,0.5756619674629276,2.3581822059764956,0.0037506718410093105,0,0.04214828346443596,0,13.426582329411326
feces,T0,Species,Faecalimonas_umbilicata,34,0.5637644617588274,1.0248803511436944,0.002150816900501793,0,0.5154890504963406,0,3.31891529612311
feces,T0,Species,Limosilactobacillus_mucosae,34,0.5593877055305316,2.2211752161781266,0,0,0,0,11.40801
feces,T0,Species,Enterococcus_faecium,34,0.5579500462745456,2.6962228253702665,0,0,0.1387259704149024,0,15.764801576480158
feces,T0,Species,Coprococcus_comes,34,0.5224552878535929,0.9729928804079453,0,0,0.6255460760360714,0,3.8672078778406007
feces,T0,Species,Anaerobutyricum_soehngenii,34,0.5116491677561424,1.3165799381001213,0.047393910336729,0,0.21117742884017338,0,5.2622605262260524
feces,T0,Species,Eubacterium_ramulus,34,0.5003006157626956,1.3086664711005311,0,0,0.023683705754632953,0,5.669240205794367
feces,T0,Species,Blautia_producta,34,0.4447481525224484,1.2299064843016676,0.016585187541280605,0,0.10147878831171461,0,6.122028775594244
feces,T0,Species,Ruminococcus_bicirculans,34,0.44029224931791694,1.5441728573377254,0,0,0,0,7.878261575652315
feces,T0,Species,Bacteroides_fragilis,34,0.4076637536897077,1.1590928690288085,0.00450609679386559,0,0.23024374056365915,0,4.887074913269665
feces,T0,Species,Sellimonas_intestinalis,34,0.3984661640912859,0.9363924806234616,0.011305047397169478,0,0.26627239086228865,0,4.036026733951551
feces,T0,Species,Clostridiaceae_bacterium,34,0.3920115790194548,0.9513178386350373,0,0,0.16961251884525225,0,3.972980570520207
feces,T0,Species,Clostridium_spiroforme,34,0.39128609716791346,1.5637754679638942,0,0,0.01549126393332445,0,8.95743804992171
feces,T0,Species,Flavonifractor_plautii,34,0.3878026899639503,0.9092163653398722,0.039959959071787135,0,0.3428298997552257,0,4.674860255167234
feces,T0,Species,Roseburia_lenta,34,0.3870478081375088,2.065480842814746,0,0,0,0,12.054031200743044
feces,T0,Species,Coprobacillus_cateniformis,34,0.38691183067093154,2.249496091762206,0,0,0,0,13.11780528628605
feces,T0,Species,Blautia_glucerasea,34,0.3744540540047366,1.9314597106146465,0,0,0.021946899087750785,0,11.292436747896357
feces,T0,Species,GGB3304_SGB4367,34,0.3667871054674456,1.8458062580601273,0,0,0,0,10.743794939842209
feces,T0,Species,Acidaminococcus_intestini,34,0.35092637045680514,1.3497570060790776,0,0,0,0,7.014331488059177
feces,T0,Species,Roseburia_faecis,34,0.317865291535771,0.8794502034343898,0,0,0.18218170705878647,0,3.659407538172945
feces,T0,Species,Lactobacillus_amylovorus,34,0.3125763337526437,1.8186869809425676,0,0,0,0,10.60533
feces,T0,Species,Pediococcus_acidilactici,34,0.28903356577281974,1.1823869562594511,0,0,0,0,5.664959663473639
feces,T0,Species,Dorea_formicigenerans,34,0.26728969555432747,0.5817463595569052,0.006315971423562279,0,0.32877221014557856,0,3.0759212049999762
feces,T0,Species,Phocaeicola_vulgatus,34,0.25393621236057884,0.47507641708031245,0.0015650370089511302,0,0.25177260321824024,0,1.88718302846841
feces,T0,Species,Bifidobacterium_animalis,34,0.2527097398096309,1.2178415215737501,0,0,5.514954717634528e-4,0,7.015162104548632
feces,T0,Species,Parafannyhessea_umbonata,34,0.24597395959034118,1.0122993505870228,0,0,0,0,4.8572518961628
feces,T0,Species,Veillonella_atypica,34,0.23475558467129537,0.7295762525689865,0,0,9.762257490505079e-5,0,4.006382912618986
feces,T0,Species,GGB9512_SGB14909,34,0.23098561377924598,1.204196164472567,0,0,0,0,7.026430085382418
feces,T0,Species,Clostridium_innocuum,34,0.2245704112212815,0.3770100793097893,0.021617491461221244,4.100000820000164e-4,0.375891229307475,0,1.6408436578088004
feces,T0,Species,Eubacterium_callanderi,34,0.22233377178178151,1.2964175278590815,0,0,0,0,7.559348240580571
feces,T0,Species,Clostridium_fessum,34,0.21964730625208936,0.6206258448759293,0,0,0.06740493957449001,0,3.101393870716104
feces,T0,Species,GGB3256_SGB4303,34,0.21314471189063655,0.6149905751184837,0,0,0,0,2.220521419815118
feces,T0,Species,Faecalibacterium_sp_CLA_AA_H233,34,0.21244741240954845,1.1402825155060496,0,0,0,0,6.656925068676848
feces,T0,Species,Lachnospiraceae_bacterium_2_1_46FAA,34,0.20365928150736307,1.1834876572837696,0,0,0,0,6.901515575830343
feces,T0,Species,GGB3653_SGB4964,34,0.19831466366061354,0.778140740732616,0,0,0,0,4.242887135742418
feces,T0,Species,Clostridium_symbiosum,34,0.19140566955579466,0.5719286427662439,0.0079781863098053,0,0.12326338573968096,0,3.2991223780578895
feces,T0,Species,Clostridium_sp_AT4,34,0.17959153245001092,0.688883745411168,0,0,0,0,3.8125015388366337
feces,T0,Species,Veillonella_ratti,34,0.17764283471405712,1.0338266874662978,0,0,0,0,6.028526378011941
feces,T0,Species,Faecalicatena_fissicatena,34,0.16242957880346987,0.6560147851058166,0,0,0,0,3.2332488121585943
feces,T0,Species,Bilophila_wadsworthia,34,0.16229328904233023,0.6107820394226069,0,0,0.04572247800601685,0,3.4936941367250403
feces,T0,Species,GGB30134_SGB43057,34,0.16211828358805927,0.9443393079469502,0,0,0,0,5.50655987876784
feces,T0,Species,GGB9715_SGB15265,34,0.16204107667812895,0.5288444623599556,0,0,0,0,2.8161167354801235
feces,T0,Species,Bacteroides_caccae,34,0.16096513227721984,0.4171811916136545,0,0,0.004376720367493849,0,1.6305053195561272
feces,T0,Species,Romboutsia_timonensis,34,0.1599896569634893,0.4349867316232207,0.0024193660950468546,0,0.08362735935210797,0,2.336501806623162
feces,T0,Species,Tyzzerella_nexilis,34,0.1588995366610424,0.4783262874748033,0,0,0,0,1.9093384513788676
feces,T0,Species,Bacteroides_uniformis,34,0.15043685752017152,0.351423027720955,0.001062170815978087,0,0.06445939394532038,0,1.3391674359919061
feces,T0,Species,Streptococcus_australis,34,0.1423876074568261,0.44215266196418923,0,0,0.04181418298035045,0,2.3657491875571575
feces,T0,Species,Brotolimicola_acetigignens,34,0.1403385466049918,0.7985920079315872,0,0,0,0,4.659498924778712
feces,T0,Species,Clostridium_scindens,34,0.13478683019924015,0.29383644128094266,0.006072876378009018,0,0.07511805172772136,0,1.4352248493593007
feces,T0,Species,Parabacteroides_merdae,34,0.1319837449613136,0.5394611559088525,0,0,0.014378658307393885,0,3.111473763029139
feces,T0,Species,Longicatena_caecimuris,34,0.13189188714143638,0.6044456471837322,0,0,0,0,3.4398791122132946
feces,T0,Species,Clostridia_bacterium,34,0.1309342032359535,0.3649017407927469,0,0,0,0,1.6833816082006237
feces,T0,Species,Peptostreptococcus_russellii,34,0.1294377311316105,0.6914365235402419,0,0,0,0,4.0256185036588175
feces,T0,Species,Clostridium_saudiense,34,0.1265915511357435,0.49656144935623614,0,0,0.005018109415993433,0,2.485259542707032
feces,T0,Species,Phascolarctobacterium_faecium,34,0.12485568062645132,0.6583130163111683,0,0,0,0,3.844112621145515
feces,T0,Species,GGB3363_SGB4447,34,0.12269820602042746,0.5358096407879114,0,0,0,0,2.8871799223901253
feces,T0,Species,Blautia_SGB4793,34,0.12177261239467367,0.5701460446133211,0,0,0,0,3.2915142436960636
feces,T0,Species,Evtepia_gabavorous,34,0.11544251341661108,0.3304143894583071,0,0,0,0,1.7872611388443354
feces,T0,Species,Clostridiaceae_unclassified_SGB15090,34,0.1153221578150981,0.6723332557868097,0,0,0,0,3.920360784072157
feces,T0,Species,Enterococcus_avium,34,0.11473791006213867,0.5860494273160559,0,0,0,0,3.400285547440024
feces,T0,Species,Hungatella_hathewayi,34,0.11416908926213162,0.3448510258604614,0,0,0.05008908909235296,0,1.904681518114144
feces,T0,Species,Parabacteroides_distasonis,34,0.11174375174702675,0.22446613897941475,0.010202878610196305,0,0.09133759494545958,0,1.0235478135264573
feces,T0,Species,Megasphaera_SGB5856,34,0.11171221833312084,0.6513885711668828,0,0,0,0,3.7982154233261083
feces,T0,Species,Schaalia_odontolytica,34,0.11170365849830698,0.2787259368645101,0,0,0.02583991103155837,0,1.2660801571993416
feces,T0,Species,Faecalibacillus_faecis,34,0.11138477216934198,0.539642789618761,0,0,0,0,3.1291374618137184
feces,T0,Species,Bacteroides_eggerthii,34,0.10966260437812916,0.45219921996848605,0,0,0,0,2.447909685358268
feces,T0,Species,Agathobaculum_butyriciproducens,34,0.10916685024365852,0.15667035968030013,0.04755362805139905,0,0.12471305945332475,0,0.5414270485344819
feces,T0,Species,Oliverpabstia_intestinalis,34,0.10857379346028503,0.3389135356591078,0,0,0.008906420735125197,0,1.4968494441620899
feces,T0,Species,Tyzzerella_SGB4587,34,0.10614577975350668,0.6189309355835417,0,0,0,0,3.608956511619227
feces,T0,Species,Lacticaseibacillus_rhamnosus,34,0.10581372111605353,0.5163544855843709,0,0,0.0038829580747296684,0,3.0046766677673067
feces,T0,Species,GGB9730_SGB15290,34,0.10467922346092853,0.5950364219160245,0,0,0,0,3.4711798660158797
feces,T0,Species,Oscillospiraceae_bacterium_CLA_AA_H250,34,0.10203793771228296,0.3016432474806152,0,0,0.027175938435066417,0,1.6136565400151883
feces,T0,Species,Eisenbergiella_massiliensis,34,0.1015020318189024,0.5468144759578364,0,0,0,0,3.19370000973222
feces,T0,Species,Bacteroides_stercoris,34,0.09270309857782769,0.46442841005687485,0,0,0,0,2.7103041702022375
feces,T0,Species,Bifidobacterium_breve,34,0.0869282615934129,0.2941125619366216,0,0,0,0,1.2548852760759712
feces,T0,Species,Limosilactobacillus_reuteri,34,0.08650277700675112,0.4855809961703548,0,0,0,0,2.832794488288136
feces,T0,Species,Enterocloster_aldenensis,34,0.08527992979217949,0.2716485147152011,0.0022759155714303946,0,0.02380160897085567,0,1.5216706096174357
feces,T0,Species,GGB9480_SGB14874,34,0.0850396615314164,0.40722121715101317,0,0,0,0,2.3226839939487984
feces,T0,Species,GGB9513_SGB14911,34,0.08478448927438038,0.29930703370287615,0,0,0,0,1.3904826081600719
feces,T0,Species,Streptococcus_sanguinis,34,0.08467139594476511,0.20683144195614667,0,0,0.021084972743494388,0,0.8645722195060414
feces,T0,Species,Clostridiaceae_bacterium_Marseille_Q3526,34,0.08362577219676648,0.29545769997170607,0,0,0,0,1.5417157460402398
feces,T0,Species,Bacteroides_ovatus,34,0.08164688928627309,0.24959424186386917,0,0,0.04030502745511242,0,1.4082133645460693
feces,T0,Species,GGB3433_SGB4573,34,0.08095089984698096,0.33867241013273325,0,0,0,0,1.833516027064867
feces,T0,Species,Streptococcus_sp_F0442,34,0.080579951565101,0.43081001021397847,0,0,0,0,2.509294488868364
feces,T0,Species,Faecalibacillus_intestinalis,34,0.08047496923591481,0.28108359532622523,0,0,0,0,1.4175857065109632
feces,T0,Species,Lachnospiraceae_unclassified_SGB4550,34,0.07918500178751306,0.454562886170041,0,0,0,0,2.651457422987043
feces,T0,Species,Enterocloster_lavalensis,34,0.07848276589764211,0.32504272260471023,0,0,0,0,1.8527863585517976
feces,T0,Species,Veillonella_dispar,34,0.07845013088333862,0.21210742620834167,0,0,0.028179813229314836,0,1.0310043919450618
feces,T0,Species,Clostridium_sp_AM29_11AC,34,0.07755210264151165,0.33943618829139044,0,0,0,0,1.9668064715638918
feces,T0,Species,Coprococcus_catus,34,0.0772716946332962,0.24596376531676242,0,0,0.04981170833441899,0,1.3975920215993138
feces,T0,Species,GGB3609_SGB4877,34,0.07650530613064246,0.4129002408823259,0,0,0,0,2.4060475918096844
feces,T0,Species,Streptococcus_anginosus,34,0.07082153676194117,0.23415857198287554,0,0,0.010820311149935927,0,1.1662554581616555
feces,T0,Species,GGB3005_SGB3996,34,0.06976436341720067,0.40386389078414,0,0,0,0,2.355369128801194
feces,T0,Species,Eubacterium_ventriosum,34,0.06611971381316135,0.2215726707035707,0,0,0,0,1.0033065192222244
feces,T0,Species,Lancefieldella_parvula,34,0.06548143281199428,0.34820668289230966,0,0,0,0,2.033823668998795
feces,T0,Species,Intestinibacter_bartlettii,34,0.06535975513254813,0.1916717128819938,0,0,0.03125604737530112,0,1.062600990681615
feces,T0,Species,Anaeromassilibacillus_senegalensis,34,0.06433000776756136,0.1724909190620892,0,0,0,0,0.7795316509272809
feces,T0,Species,Roseburia_hominis,34,0.06336870616368856,0.21752339395413403,0,0,0,0,1.1363132822340398
feces,T0,Species,Slackia_piriformis,34,0.06210350666570973,0.34726453319326844,0,0,0,0,2.025665194959738
feces,T0,Species,Latilactobacillus_sakei,34,0.062005598815972625,0.20033284893893252,0,0,9.601252003261225e-4,0,0.8188324002826282
feces,T0,Species,Eisenbergiella_tayi,34,0.06135788891044057,0.19166878211247895,0,0,0,0,0.9564934155134486
feces,T0,Species,Blautia_SGB101324,34,0.061070565961205255,0.34749483875313625,0,0,0,0,2.0271202063955087
feces,T0,Species,Collinsella_intestinalis,34,0.06073857562268897,0.2508408241697964,0,0,0,0,1.2189504796596853
feces,T0,Species,Streptococcus_mitis,34,0.06015897390706116,0.1759269909903427,0,0,0.01474929152472327,0,0.8276847777012751
feces,T0,Species,Blautia_schinkii,34,0.0559376526525888,0.32616976172781087,0,0,0,0,1.9018801901880191
feces,T0,Species,GGB4277_SGB5832,34,0.05556811911837727,0.288868327664785,0,0,0,0,1.6781634999388155
feces,T0,Species,Clostridium_leptum,34,0.055471857895132065,0.2600083740354484,0,0,0,0,1.5138280311322334
feces,T0,Species,Clostridium_perfringens,34,0.054778018183948354,0.17591166329792166,0,0,0.0060941312115483075,0,0.9249626036200322
feces,T0,Species,Prevotella_buccae,34,0.05452942836080605,0.2476228341292769,0,0,0,0,1.377500997011766
feces,T0,Species,Peptoniphilus_harei,34,0.05330032853771096,0.30394007027186654,0,0,0,0,1.7730145989264505
feces,T0,Species,Enterobacter_ludwigii,34,0.052233741981002925,0.30457243677898954,0,0,0,0,1.7759472273540995
feces,T0,Species,Schaalia_SGB17168,34,0.052113525424752234,0.1637284739610242,0,0,0,0,0.739067743776248
feces,T0,Species,Lachnospiraceae_bacterium_CLA_AA_H244,34,0.051420208977454154,0.18493446326841845,0,0,0,0,1.0248009937685016
feces,T0,Species,Bacteroides_xylanisolvens,34,0.051379676921843795,0.11851731522582713,0,0,0.015627992067232352,0,0.4242581283139072
feces,T0,Species,Gemella_sanguinis,34,0.0505340096595975,0.12402964833745006,0,0,0.019960155415513887,0,0.5342037290358362
feces,T0,Species,Rothia_mucilaginosa,34,0.05024826891706173,0.08948233032335581,0.005247937560212378,0,0.053403958694339615,0,0.37031567764853934
feces,T0,Species,Dorea_sp_AF36_15AT,34,0.0495971334907003,0.16552185388878782,0,0,0.01228320628412137,0,0.9132907161801049
feces,T0,Species,Wansuia_hejianensis,34,0.048086285511553195,0.15382805944599645,0,0,0.00934103097558809,0,0.8416989340080913
feces,T0,Species,Mediterraneibacter_glycyrrhizinilyticus,34,0.0479168014812543,0.11039223937948969,0,0,0.029984074998032115,0,0.44767909070092565
feces,T0,Species,Enterocloster_hominis,34,0.04642051673489457,0.1743074718481928,0,0,0,0,0.8142372464722858
feces,T0,Species,Streptococcus_vestibularis,34,0.043861523787040946,0.1202540790403382,0,0,0,0,0.49908666498807613
feces,T0,Species,Slackia_isoflavoniconvertens,34,0.043000108762558026,0.15926406090429474,0,0,0,0,0.8834688602125499
feces,T0,Species,Clostridium_sp_AF36_4,34,0.042903302260982795,0.2501670916137983,0,0,0,0,1.458712276873415
feces,T0,Species,Megasphaera_micronuciformis,34,0.042444140206458814,0.17374296698405772,0,0,0,0,0.9695171869596034
feces,T0,Species,GGB1219_SGB1587,34,0.040760411608641446,0.23767199930408223,0,0,0,0,1.385853994693809
feces,T0,Species,Fusobacterium_nucleatum,34,0.04037853366593913,0.16891479774695375,0,0,0,0,0.9539090917765367
feces,T0,Species,Rothia_SGB49305,34,0.04031303188546714,0.08964629504724145,0,0,0.02470545638049371,0,0.3803197742181974
feces,T0,Species,Drancourtella_massiliensis,34,0.03994709615773298,0.17092256434041864,0,0,0,0,0.97797
feces,T0,Species,Actinomyces_oris,34,0.03983514882173,0.13907050302843763,0,0,0.009441753586108985,0,0.7489808175591262
feces,T0,Species,Citrobacter_freundii,34,0.03909478707610845,0.18273194324805406,0,0,0,0,1.0323415047843782
feces,T0,Species,Veillonella_rogosae,34,0.03870671786895459,0.12287389744978038,0,0,0,0,0.6082611789674355
feces,T0,Species,Lacticaseibacillus_paracasei,34,0.038193970140391637,0.16954290370774736,0,0,0.004735062476090299,0,0.9873300987330099
feces,T0,Species,Granulicatella_SGB8255,34,0.036856438823012386,0.09680131647354152,0,0,0.015293714115517719,0,0.4375482656179589
feces,T0,Species,Lachnospira_pectinoschiza,34,0.0368140623238949,0.1933939696804934,0,0,0,0,1.128398307601177
feces,T0,Species,Rubneribacter_badeniensis,34,0.03680874174509205,0.14962438167021472,0,0,0,0,0.8360490207923112
feces,T0,Species,Eubacterium_siraeum,34,0.036789548857887024,0.2028100925214194,0,0,0,0,1.1837425063042937
feces,T0,Species,Parabacteroides_johnsonii,34,0.03637651514772853,0.1939407419326352,0,0,0,0,1.1293472668836018
feces,T0,Species,Alistipes_dispar,34,0.035477262178482766,0.15805170479852912,0,0,0,0,0.9136793832539079
feces,T0,Species,Ruminococcus_callidus,34,0.03531130268101579,0.14409115862555563,0,0,0,0,0.8023816049500134
feces,T0,Species,Lachnospira_eligens,34,0.035127487233664295,0.17582883257973378,0,0,0,0,1.0156430254761337
feces,T0,Species,Clostridium_porci,34,0.03473245141830012,0.19883370204406758,0,0,0,0,1.1598368971862834
feces,T0,Species,Clostridium_SGB6179,34,0.034089169047071495,0.11894144197849622,0,0,0,0,0.6009874093648084
feces,T0,Species,Prevotella_marseillensis,34,0.033771935126783496,0.1956063723812,0,0,0,0,1.14077333024057
feces,T0,Species,Peptostreptococcus_SGB749,34,0.03300218952290387,0.18580892824197998,0,0,0,0,1.084084155121011
feces,T0,Species,GGB9480_SGB14875,34,0.03278144402169764,0.1888247076180164,0,0,0,0,1.1013490967377197
feces,T0,Species,Roseburia_inulinivorans,34,0.03250581136783532,0.11247477952660699,0,0,0,0,0.49136309504212905
feces,T0,Species,Alistipes_onderdonkii,34,0.03236318350523288,0.07825640491834521,0,0,0.01440320552934155,0,0.3056762000877051
feces,T0,Species,GGB3433_SGB4574,34,0.03158262846296239,0.09608008752689169,0,0,0,0,0.494500895324169
feces,T0,Species,GGB9359_SGB14334,34,0.031443841078505994,0.14777618492878364,0,0,0,0,0.8553367760586787
feces,T0,Species,GGB3819_SGB5184,34,0.03135849437069791,0.13251384129912594,0,0,0,0,0.727122906816349
feces,T0,Species,Senegalimassilia_SGB14826,34,0.031303765359294404,0.1616991916178069,0,0,0,0,0.9382176701487616
feces,T0,Species,Alistipes_putredinis,34,0.030139302601321045,0.15313188507876707,0,0,0,0,0.8911362041610227
feces,T0,Species,Ligilactobacillus_saerimneri,34,0.030053939588792253,0.1256871680390816,0,0,0,0,0.72579
feces,T0,Species,GGB3109_SGB4121,34,0.029779871206967838,0.0780491840138353,0,0,0.012771907556874998,0,0.39144104391212614
feces,T0,Species,Collinsella_SGB14754,34,0.029756325550733938,0.1345170617252388,0,0,0,0,0.7461187977283388
feces,T0,Species,Gordonibacter_urolithinfaciens,34,0.029539358497151294,0.0718313632477878,0,0,0.015186474983621178,0,0.34111448132836525
feces,T0,Species,Dysosmobacter_welbionis,34,0.029510242615087112,0.06189881324198686,0,0,0.010647691377332449,0,0.24461634453950895
feces,T0,Species,GGB36331_SGB15121,34,0.028675337611340453,0.11629880163421112,0,0,0,0,0.6319857673068764
feces,T0,Species,Christensenella_hongkongensis,34,0.028456015119362795,0.1590206842084558,0,0,0,0,0.928036013836192
feces,T0,Species,Adlercreutzia_equolifaciens,34,0.027160433526833127,0.15688057640062333,0,0,0,0,0.9149995899900528
feces,T0,Species,Schaalia_SGB17157,34,0.02702613148229479,0.05981840763298857,0,0,0.015452311955758066,0,0.26858951083684
feces,T0,Species,Faecalibacillus_SGB6753,34,0.02696459761213052,0.09853836698134034,0,0,0,0,0.5105361734573616
feces,T0,Species,Eubacteriaceae_bacterium_Marseille_Q4139,34,0.02687323118573149,0.13492021172470717,0,0,0,0,0.7792216623962168
feces,T0,Species,GGB9715_SGB15266,34,0.02577953812235939,0.15031924666280816,0,0,0,0,0.8765042961602193
feces,T0,Species,Hydrogeniiclostridium_mannosilyticum,34,0.02572573668110704,0.12113933561305247,0,0,0,0,0.7049701409940281
feces,T0,Species,Faecalibacterium_SGB15346,34,0.025095006618393575,0.08137892541212018,0,0,0,0,0.37927252186166205
feces,T0,Species,Collinsella_bouchesdurhonensis,34,0.02497202638655122,0.08947530334009401,0,0,0,0,0.4532397012227499
feces,T0,Species,Bacteroides_thetaiotaomicron,34,0.024853300932133792,0.05953099508871077,0,0,0.0049924841181332395,0,0.30271293645660624
feces,T0,Species,Leuconostoc_carnosum,34,0.02449306266283513,0.13585072468427367,0,0,0,0,0.7928032568933139
feces,T0,Species,Anaerostipes_caccae,34,0.02446019800791417,0.0926963241578895,0,0,1.579431569096571e-4,0,0.5038922127376789
feces,T0,Species,Barnesiella_intestinihominis,34,0.024067130041544947,0.12109745852802055,0,0,0,0,0.7005164442402532
feces,T0,Species,Bacteroides_faecis,34,0.023970254964376565,0.12467364590635077,0,0,0,0,0.7271977053174696
feces,T0,Species,GGB3537_SGB4727,34,0.02390938246783159,0.0916393738823396,0,0,0,0,0.49404487930987473
feces,T0,Species,Lentihominibacter_SGB71368,34,0.02339637293925443,0.11243627626480542,0,0,0,0,0.6428401224667152
feces,T0,Species,Enterobacter_hormaechei,34,0.02337449102888834,0.12188021148146065,0,0,0,0,0.709057492795158
feces,T0,Species,Lactobacillus_gasseri,34,0.02333906104025709,0.13600142091614273,0,0,0,0,0.7930326026746457
feces,T0,Species,Turicibacter_bilis,34,0.023199639322270742,0.05733568049589995,0,0,0.005677918796138815,0,0.23725189168232294
feces,T0,Species,GGB3486_SGB4658,34,0.022267241350574493,0.11563984291845623,0,0,0,0,0.6714282148981825
feces,T0,Species,Clostridium_sp_AM49_4BH,34,0.022089048523962884,0.08260281005219908,0,0,0,0,0.40106526243943574
feces,T0,Species,Schaalia_SGB17154,34,0.022057169877256373,0.11769397218916415,0,0,0,0,0.6864048665045924
feces,T0,Species,Merdimonas_faecis,34,0.022010505991192492,0.1038589169997497,0,0,0,0,0.5981995961692326
feces,T0,Species,GGB9758_SGB15368,34,0.02149434615101605,0.08883539998034028,0,0,0,0,0.43284004328400427
feces,T0,Species,Clostridiales_bacterium_KLE1615,34,0.02128676423067778,0.06108804189854313,0,0,0.005072426230891231,0,0.2834112532985194
feces,T0,Species,Firmicutes_bacterium,34,0.02080239322829442,0.07430266759729272,0,0,0,0,0.3214592194780386
feces,T0,Species,Clostridium_SGB6173,34,0.02055986450752274,0.060260218372691854,0,0,0,0,0.2739276957291441
feces,T0,Species,Roseburia_intestinalis,34,0.020514200242177576,0.06606085293022652,0,0,0.0016646608716716698,0,0.3431248462462698
feces,T0,Species,Eubacterium_sp_c_25,34,0.020464420454876044,0.07622966699254981,0,0,0,0,0.40940552726316404
feces,T0,Species,Anaerotruncus_colihominis,34,0.02043375877537239,0.07538275653791573,0,0,0,0,0.38046751575570736
feces,T0,Species,Gordonibacter_pamelaeae,34,0.020063906788666763,0.07470064613565931,0,0,0,0,0.35513482705984156
feces,T0,Species,Staphylococcus_aureus,34,0.01974303143674581,0.08945175151442271,0,0,0,0,0.5156674720779411
feces,T0,Species,Anaerotignum_faecicola,34,0.01957979842267527,0.08205795905549529,0,0,0,0,0.4424714864968127
feces,T0,Species,Intestinimonas_massiliensis,34,0.019476229204561903,0.07976120975245404,0,0,0,0,0.4336249516881143
feces,T0,Species,Zhenpiania_hominis,34,0.018980549455532902,0.06938903573012214,0,0,0,0,0.3874741940845132
feces,T0,Species,Lawsonella_SGB3665,34,0.018974352176911995,0.07291689656027235,0,0,0,0,0.4057046465758406
feces,T0,Species,Raoultella_ornithinolytica,34,0.018956991354425502,0.10646994857913145,0,0,0,0,0.6211053134084354
feces,T0,Species,Blautia_hydrogenotrophica,34,0.018868312917805313,0.0605788228912894,0,0,0,0,0.29667541714974544
feces,T0,Species,Actinomyces_SGB17132,34,0.018524802445468815,0.06646265671266091,0,0,0.006082173584876117,0,0.3847648558096853
feces,T0,Species,Clostridia_bacterium_UC5_1_1D1,34,0.01846961251243062,0.05050747282470689,7.200000720000071e-4,0,0.020228093324899218,0,0.2890476918190132
feces,T0,Species,GGB3550_SGB4746,34,0.018372352148666754,0.05864821423087458,0,0,0,0,0.28574173415769966
feces,T0,Species,Streptococcus_mutans,34,0.01825998399487486,0.07215724512616847,0,0,0,0,0.39665224056468174
feces,T0,Species,Ruminococcus_lactaris,34,0.01785985383272734,0.0702008815137021,0,0,0,0,0.3875974814876685
feces,T0,Species,GGB9640_SGB15115,34,0.017741431518646582,0.10344943373092043,0,0,0,0,0.6032086716339838
feces,T0,Species,GGB9715_SGB15267,34,0.017700652872331798,0.09927249547589466,0,0,0,0,0.5790959320146003
feces,T0,Species,Ruminococcus_sp_AF13_28,34,0.017654643371126863,0.10205590321544096,0,0,0,0,0.5952145386720421
feces,T0,Species,Streptococcus_oralis,34,0.017254185202718774,0.06264709394012194,0,0,0.004109662081045434,0,0.35875547466700014
feces,T0,Species,Actinomyces_sp_ICM47,34,0.017216771430386503,0.05782559800118917,0,0,0,0,0.32243372106636475
feces,T0,Species,Actinomyces_sp_ph3,34,0.016776953920113146,0.03697669099278605,4.2783646664123413e-4,0,0.01700399463750339,0,0.17237443002285158
feces,T0,Species,Clostridium_sp_AM22_11AC,34,0.015403020461580801,0.0743697339682595,0,0,0,0,0.4290077138983178
feces,T0,Species,Limosilactobacillus_fermentum,34,0.015390273252216282,0.08891101466733844,0,0,0,0,0.5185572441376304
feces,T0,Species,Lentihominibacter_faecis,34,0.014859871541627828,0.03908716221162413,0,0,0,0,0.17200937604768937
feces,T0,Species,Blautia_SGB4815,34,0.014675421349510985,0.034974320816915934,0,0,0.0023092151580316944,0,0.12940001294000128
feces,T0,Species,Megasphaera_massiliensis,34,0.014491550747818651,0.08420092098881067,0,0,0,0,0.4910199017960196
feces,T0,Species,Erysipelatoclostridium_SGB66626,34,0.014470591129412345,0.08437732076557851,0,0,0,0,0.49200009840001974
feces,T0,Species,GGB4260_SGB5794,34,0.014455025020516073,0.07509946278949149,0,0,0,0,0.4360642095262059
feces,T0,Species,Actinomyces_graevenitzii,34,0.014202741380112516,0.08010259302328518,0,0,0,0,0.4672867252121764
feces,T0,Species,Blautia_luti,34,0.014000111164101131,0.05861525289611679,0,0,0,0,0.29611379270206645
feces,T0,Species,Streptococcus_rubneri,34,0.013870964583750669,0.07533391826667388,0,0,0,0,0.4396076267883805
feces,T0,Species,Actinomyces_johnsonii,34,0.013800261721297502,0.06957758738741329,0,0,0,0,0.40598487686804574
feces,T0,Species,Parasutterella_excrementihominis,34,0.013711970499950928,0.04038864221098323,0,0,0,0,0.15760842392477842
feces,T0,Species,Clostridium_sp_C5_48,34,0.013589223303810051,0.05217604482696079,0,0,0,0,0.21914521865802755
feces,T0,Species,GGB3730_SGB5060,34,0.013074945155624358,0.04153126634421105,0,0,0,0,0.196167550974009
feces,T0,Species,Allisonella_histaminiformans,34,0.012646217972185063,0.07373948864753918,0,0,0,0,0.42997141105429215
feces,T0,Species,Schaalia_meyeri,34,0.012509403506745238,0.030786907307231017,0,0,4.124999175000165e-4,0,0.1412236294472768
feces,T0,Species,Alistipes_communis,34,0.011766500762380342,0.0448134783222301,0,0,0,0,0.2114781908478888
feces,T0,Species,Mogibacterium_diversum,34,0.011672080451817224,0.027108684673719772,0,0,0.0014253707389291954,0,0.10497539047276915
feces,T0,Species,Roseburia_sp_AF02_12,34,0.01144564248675384,0.04544345274776847,0,0,0,0,0.25027692975854254
feces,T0,Species,Clostridium_paraputrificum,34,0.011371895974348793,0.0576454595066645,0,0,0,0,0.33557443880815796
feces,T0,Species,Actinomyces_gerencseriae,34,0.011284034619454264,0.03908551644213567,0,0,0,0,0.21108601127352325
feces,T0,Species,Blautia_faecicola,34,0.011254885730180813,0.06562669727466515,0,0,0,0,0.38266611482614765
feces,T0,Species,Pseudoflavonifractor_phocaeensis,34,0.011173705607938568,0.05677047152576675,0,0,0,0,0.3311691945260011
feces,T0,Species,Streptococcus_intermedius,34,0.011115640759615094,0.03806064714277712,0,0,0,0,0.15998629812827833
feces,T0,Species,GGB32387_SGB47381,34,0.011003936235111545,0.05493506024254919,0,0,0,0,0.3171610277761415
feces,T0,Species,Solobacterium_moorei,34,0.010751612343206252,0.053488381305692945,0,0,0,0,0.31169135967120315
feces,T0,Species,Enterocloster_citroniae,34,0.01063157878570111,0.03382022393110791,0,0,0,0,0.18669607162576785
feces,T0,Species,GGB3532_SGB4720,34,0.010591736930161803,0.05186306479657623,0,0,0,0,0.2978179168165063
feces,T0,Species,Tractidigestivibacter_SGB14390,34,0.010472697461493636,0.061065795107237884,0,0,0,0,0.3560717136907836
feces,T0,Species,Parasutterella_SGB9260,34,0.010414531370596959,0.034171646794962734,0,0,0,0,0.17247752126135635
feces,T0,Species,Bacteroides_cellulosilyticus,34,0.010111174448353345,0.058957771808737326,0,0,0,0,0.34377993124401374
feces,T0,Species,GGB3511_SGB4688,34,0.00997537871547129,0.02625162781161999,0,0,4.657769158957141e-4,0,0.12037138013821108
feces,T0,Species,Granulicatella_adiacens,34,0.009953916908947301,0.05115778814527708,0,0,0,0,0.2986276747312406
feces,T0,Species,Negativibacillus_massiliensis,34,0.009915343977686371,0.05379669237947005,0,0,0,0,0.313512450805173
feces,T0,Species,Anaerotignum_lactatifermentans,34,0.009860275971124105,0.036816312024562564,0,0,0,0,0.19427
feces,T0,Species,GGB9534_SGB14937,34,0.009748897204617947,0.05076804641503994,0,0,0,0,0.2953400590680118
feces,T0,Species,Intestinimonas_butyriciproducens,34,0.009700190146671882,0.038022940634952575,0,0,0,0,0.1695557394938719
feces,T0,Species,Lactobacillus_acidophilus,34,0.009679382801100275,0.040293182242240315,0,0,0,0,0.2006689767083978
feces,T0,Species,Lactococcus_lactis,34,0.009524793260327092,0.021074370434922652,0,0,0.005631754135659396,0,0.09377599818529041
feces,T0,Species,Morganella_morganii,34,0.009398279622824817,0.04499415250718741,0,0,0,0,0.25661440879085856
feces,T0,Species,GGB9730_SGB15291,34,0.00933697600654898,0.05177058476038113,0,0,0,0,0.30214633070434654
feces,T0,Species,GGB9719_SGB15272,34,0.009329788533182717,0.04119875331120417,0,0,0,0,0.2297045751733587
feces,T0,Species,GGB51959_SGB72479,34,0.009270049813171704,0.04736992905706881,0,0,0,0,0.2747583148183551
feces,T0,Species,Senegalimassilia_anaerobia,34,0.009032597120500039,0.05039047099979765,0,0,0,0,0.2940774162122112
feces,T0,Species,Actinomyces_sp_oral_taxon_448,34,0.008736066976620918,0.03896166609620139,0,0,0,0,0.22113109721341268
feces,T0,Species,Streptococcus_gordonii,34,0.008720177191008397,0.02407579672587169,0,0,7.592949787128876e-4,0,0.098810023104761
feces,T0,Species,Shuttleworthia_satelles,34,0.008636836776402854,0.04374613865808405,0,0,0,0,0.2531178147281727
feces,T0,Species,Clostridium_SGB47280,34,0.008634142608685358,0.0489331278515362,0,0,0,0,0.28545728494929745
feces,T0,Species,Oscillibacter_valericigenes,34,0.008599446321197309,0.03781720074458293,0,0,0,0,0.20520576633919452
feces,T0,Species,Actinomyces_naeslundii,34,0.008480134257016303,0.02887602882723322,0,0,0,0,0.13891642187340436
feces,T0,Species,Paraeggerthella_hongkongensis,34,0.008441356916530186,0.04707306946632199,0,0,0,0,0.27457613516202634
feces,T0,Species,Faecalicatena_contorta,34,0.008358506725922692,0.01923128514950101,0,0,0.0060117685752440995,0,0.08658440495532381
feces,T0,Species,GGB3343_SGB4423,34,0.008315000831500082,0.04848436985407565,0,0,0,0,0.2827100282710028
feces,T0,Species,Clostridium_SGB4750,34,0.008166868348540319,0.03333767792772625,0,0,0,0,0.18832854012016115
feces,T0,Species,Holdemania_filiformis,34,0.00806072825829616,0.03317024711260692,0,0,0,0,0.1589660268782149
feces,T0,Species,Limosilactobacillus_pontis,34,0.008004867628750663,0.046675998067849486,0,0,0,0,0.27216549937752255
feces,T0,Species,Limosilactobacillus_vaginalis,34,0.007826723999620805,0.04563725113602012,0,0,0,0,0.2661086159871074
feces,T0,Species,Dorea_phocaeensis,34,0.007676152183895661,0.0447592741218073,0,0,0,0,0.2609891742524525
feces,T0,Species,Streptococcus_constellatus,34,0.007503984791635855,0.02787674247058524,0,0,0,0,0.12640569041753405
feces,T0,Species,Lacrimispora_amygdalina,34,0.007496525984569902,0.02718359110816433,0,0,0,0,0.1541662304137574
feces,T0,Species,GGB2987_SGB3969,34,0.007402835464445662,0.03749597909610983,0,0,0,0,0.21749441988003804
feces,T0,Species,GGB48196_SGB66203,34,0.007395943710482337,0.04312539199280617,0,0,0,0,0.2514620861563995
feces,T0,Species,Blautia_stercoris,34,0.007127095903061598,0.026225454795343304,0,0,0,0,0.1367404958876908
feces,T0,Species,Prevotella_bivia,34,0.0071138282817084075,0.03712874509230985,0,0,0,0,0.21656681064093347
feces,T0,Species,Fusicatenibacter_sp_CLA_AA_H277,34,0.007098993342729172,0.031718977182977316,0,0,0,0,0.1830875878767695
feces,T0,Species,Lachnospiraceae_bacterium,34,0.007053313698576747,0.02643585833796662,0,0,0,0,0.14473259620911275
feces,T0,Species,Amedibacillus_dolichus,34,0.0070060149405082065,0.040851736092670815,0,0,0,0,0.23820450797727902
feces,T0,Species,GGB47687_SGB2286,34,0.006992702867889739,0.028512632057640045,0,0,0,0,0.12954277014944224
feces,T0,Species,Clostridioides_difficile,34,0.006942332304737316,0.023292764294366892,0,0,0,0,0.11599882421797117
feces,T0,Species,Slackia_exigua,34,0.006865756631337901,0.04003389663904642,0,0,0,0,0.23343572546548863
feces,T0,Species,Alistipes_finegoldii,34,0.006834278542606173,0.030076359029249555,0,0,0,0,0.1699634060526397
feces,T0,Species,Actinomyces_massiliensis,34,0.006729671068545983,0.02532135112537496,0,0,0,0,0.14108669664979862
feces,T0,Species,Schaalia_SGB17153,34,0.00670963821828793,0.030765170932621287,0,0,0,0,0.17734021893441562
feces,T0,Species,Mycobacteroides_abscessus,34,0.006249840230705648,0.036442517735713484,0,0,0,0,0.212494567843992
feces,T0,Species,Carnobacterium_divergens,34,0.006203398374286365,0.032849558426153794,0,0,0,0,0.1911193004077406
feces,T0,Species,Anaeroglobus_geminatus,34,0.006158932279652585,0.03421819047663195,0,0,0,0,0.1995805591962912
feces,T0,Species,Scardovia_wiggsiae,34,0.005998363343669003,0.013537110174028805,0,0,0.002137720228089102,0,0.0570096948838703
feces,T0,Species,GGB9559_SGB14969,34,0.005896619495720931,0.03278583150107403,0,0,0,0,0.1912290924527584
feces,T0,Species,Eubacterium_sp_AF16_48,34,0.005723056713968826,0.029849475523978732,0,0,0,0,0.17340001734000174
feces,T0,Species,Clostridiales_bacterium,34,0.005474637755726948,0.01930468607606127,0,0,0,0,0.08809787074285247
feces,T0,Species,Phocaeicola_massiliensis,34,0.0054187332936400014,0.03159637316621148,0,0,0,0,0.18423693198376004
feces,T0,Species,Bittarella_massiliensis,34,0.005348739231267045,0.02274245951002877,0,0,0,0,0.1301548482011116
feces,T0,Species,Mediterraneibacter_butyricigenes,34,0.005244967813387459,0.012085475063595754,0,0,0.0025967603438370873,0,0.049719502981465394
feces,T0,Species,GGB3109_SGB4119,34,0.005226517686692248,0.029700778997212466,0,0,0,0,0.17326148723660378
feces,T0,Species,GGB9509_SGB14906,34,0.005222113285512065,0.03044989135725339,0,0,0,0,0.1775518517074102
feces,T0,Species,GGB9699_SGB15216,34,0.005214467089067994,0.019026147799525415,0,0,0,0,0.09855438872038562
feces,T0,Species,Massilioclostridium_coli,34,0.005207349092968022,0.013473832921830731,0,0,0.001366623924334868,0,0.06498538129686239
feces,T0,Species,Abiotrophia_sp_HMSC24B09,34,0.005173180309663169,0.02285976520121024,0,0,0,0,0.12808827450253288
feces,T0,Species,Eubacterium_maltosivorans,34,0.005124867149461706,0.026382086186557976,0,0,0,0,0.15317979186000077
feces,T0,Species,Eggerthella_sp_YY7918,34,0.005123922222605486,0.029877343992941396,0,0,0,0,0.1742133555685865
feces,T0,Species,GGB2653_SGB3574,34,0.004998013562361914,0.02914317665191671,0,0,0,0,0.16993246112030508
feces,T0,Species,Clostridiaceae_bacterium_AF18_31LB,34,0.004944426879247967,0.0172010585330079,0,0,0,0,0.07984024741465384
feces,T0,Species,Pseudoflavonifractor_capillosus,34,0.004891340448928326,0.019529627968203064,0,0,0,0,0.1057715765051524
feces,T0,Species,Alistipes_indistinctus,34,0.0048257658850829515,0.02500289765466584,0,0,0,0,0.14512962209394484
feces,T0,Species,Clostridium_SGB4909,34,0.004819618388012123,0.02810296297201054,0,0,0,0,0.16386702519241217
feces,T0,Species,GGB3637_SGB4930,34,0.004719455159663179,0.027518916005875447,0,0,0,0,0.1604614754285481
feces,T0,Species,Lawsonibacter_asaccharolyticus,34,0.004694836555273886,0.024883723799772814,0,0,0,0,0.14499900797539658
feces,T0,Species,Solobacterium_SGB6829,34,0.004656237405123779,0.01277128844754465,0,0,0.002155877646150033,0,0.06589466999679083
feces,T0,Species,Eubacterium_sulci,34,0.004641407160266253,0.014214859159256615,0,0,1.8754878143805202e-4,0,0.07431371574191831
feces,T0,Species,Cuneatibacter_caecimuris,34,0.004611517089071616,0.024728270647632593,0,0,0,0,0.14400954783302133
feces,T0,Species,Enterococcus_gallinarum,34,0.004559925927653977,0.019940495510499878,0,0,0,0,0.10782269724652985
feces,T0,Species,Terrisporobacter_mayombei,34,0.004556044463530177,0.023221826933857586,0,0,0,0,0.13519361628427745
feces,T0,Species,Oscillospiraceae_bacterium,34,0.004516494025645866,0.026335459396897243,0,0,0,0,0.15356079687195945
feces,T0,Species,Clostridium_cuniculi,34,0.004366811083505205,0.01900246913424747,0,0,0,0,0.10200752997738342
feces,T0,Species,GGB6649_SGB9391,34,0.004206951918940499,0.024530534263269173,0,0,0,0,0.14303636524397695
feces,T0,Species,Blautia_marasmi,34,0.004192980421939408,0.02210947419109112,0,0,0,0,0.12858355486550233
feces,T0,Species,GGB34900_SGB14891,34,0.00419286254856176,0.02337022207429939,0,0,0,0,0.13631691291166892
feces,T0,Species,Diplocloster_agilis,34,0.004117684903969309,0.020910520122322956,0,0,0,0,0.12101802349495772
feces,T0,Species,Phascolarctobacterium_succinatutens,34,0.0040959040522958136,0.02388301949483882,0,0,0,0,0.13926073777805767
feces,T0,Species,GGB3000_SGB3991,34,0.004087461003036038,0.02383378848075926,0,0,0,0,0.1389736741032253
feces,T0,Species,Faecalicoccus_pleomorphus,34,0.0040487601978993525,0.022791010322913013,0,0,0,0,0.13299209208251134
feces,T0,Species,Baileyella_intestinalis,34,0.004006868086210266,0.023363855059682914,0,0,0,0,0.13623351493114905
feces,T0,Species,Faecalitalea_cylindroides,34,0.003975543977439831,0.022893667640432647,0,0,0,0,0.13353145316910822
feces,T0,Species,Lactococcus_cremoris,34,0.0038327974996025605,0.01583182988868895,0,0,0,0,0.08894251545377457
feces,T0,Species,GGB3538_SGB4728,34,0.0037569139113895656,0.02190638429038766,0,0,0,0,0.12773507298724524
feces,T0,Species,Abiotrophia_defectiva,34,0.0037504606873804045,0.012530240397759152,0,0,0,0,0.06459110058589565
feces,T0,Species,GGB74505_SGB47518,34,0.003744354872223173,0.015967127651380152,0,0,0,0,0.08348251291071425
feces,T0,Species,Enterocloster_asparagiformis,34,0.0037102569181991438,0.014855144707692355,0,0,0,0,0.06268588405347725
feces,T0,Species,GGB9695_SGB15210,34,0.003696186300894806,0.021532715423263727,0,0,0,0,0.12555953646434811
feces,T0,Species,Ruminococcus_sp_AF41_9,34,0.003676284855249993,0.0186421636444266,0,0,0,0,0.10786368336549959
feces,T0,Species,Candidatus_Nanosynsacchari_sp_TM7_ANC_38_39_G1_1,34,0.0035993825100794474,0.01654324992500128,0,0,0,0,0.09454519522482983
feces,T0,Species,Streptococcus_lutetiensis,34,0.003572625676612221,0.016214762512696622,0,0,0,0,0.09017001803400361
feces,T0,Species,Desulfovibrio_desulfuricans,34,0.0035268207571064764,0.019978937811149983,0,0,0,0,0.11654962645249009
feces,T0,Species,Massilimicrobiota_timonensis,34,0.003505454406366769,0.01299830176927024,0,0,0,0,0.07212354721530824
feces,T0,Species,GGB9453_SGB14844,34,0.0034671163305021366,0.012936976864752507,0,0,0,0,0.06547140722631088
feces,T0,Species,GGB9580_SGB14996,34,0.0034460922458881185,0.014301439097024264,0,0,0,0,0.07988805203514712
feces,T0,Species,Lachnospiraceae_bacterium_CLA_AA_H215,34,0.0034281041171049446,0.016150453332334603,0,0,0,0,0.09155383714123043
feces,T0,Species,GGB9469_SGB14862,34,0.003417437304071468,0.019596455305914317,0,0,0,0,0.11430757859246067
feces,T0,Species,Cutibacterium_acnes,34,0.0032453278272363347,0.007581709780301935,0,0,0.003359401678062454,0,0.04109786023945633
feces,T0,Species,Anaerococcus_obesiensis,34,0.003231370398029345,0.011364247995707278,0,0,0,0,0.06116000611600061
feces,T0,Species,GGB9453_SGB14845,34,0.003186534118250244,0.01712743098298192,0,0,0,0,0.09994965752410506
feces,T0,Species,Dialister_pneumosintes,34,0.003161079654600161,0.013078736889732724,0,0,0,0,0.07490896270973982
feces,T0,Species,Lactococcus_carnosus,34,0.0031262957662384194,0.013458864522822588,0,0,0,0,0.07132321590263643
feces,T0,Species,GGB3510_SGB4687,34,0.0030431609511340305,0.017461511833388257,0,0,0,0,0.1018533645957624
feces,T0,Species,GGB42389_SGB59559,34,0.003039327431994026,0.01628464188991402,0,0,0,0,0.09483133626766758
feces,T0,Species,Eubacterium_brachy,34,0.0029657972685516497,0.009005057931229493,0,0,0,0,0.03638068297920932
feces,T0,Species,Pyramidobacter_piscolens,34,0.002931634856024076,0.016832866648433288,0,0,0,0,0.09818548884460018
feces,T0,Species,Neobittarella_massiliensis,34,0.002929609607425728,0.00849601965700933,0,0,0,0,0.03689565610307335
feces,T0,Species,Eubacteriaceae_bacterium,34,0.0029093771313494837,0.012229426017181522,0,0,0,0,0.0689202579959853
feces,T0,Species,Jutongia_hominis,34,0.0029000273383970156,0.016909919903929253,0,0,0,0,0.09860092950549854
feces,T0,Species,GGB9760_SGB15373,34,0.0028927448230254985,0.01590041196976564,0,0,0,0,0.09271391745277476
feces,T0,Species,Butyricicoccus_SGB14985,34,0.0028701647880592053,0.008680934662400186,0,0,0,0,0.0356766496019199
feces,T0,Species,GGB9832_SGB15478,34,0.0027901072543730916,0.016268981181708397,0,0,0,0,0.09486364664868512
feces,T0,Species,Mediterraneibacter_sp_NSJ_151,34,0.0027732136732424423,0.012243797095328272,0,0,0,0,0.06668050026746523
feces,T0,Species,Clostridium_saccharogumia,34,0.0027692654905371143,0.016147453859377086,0,0,0,0,0.09415502667826188
feces,T0,Species,Clostridium_methylpentosum,34,0.0027598777394282643,0.013712864669882757,0,0,0,0,0.08007530899298623
feces,T0,Species,GGB9411_SGB14764,34,0.002730859089865467,0.013264750089559463,0,0,0,0,0.07600110642023038
feces,T0,Species,GGB1096_SGB1408,34,0.0026315011128813463,0.015344156400443003,0,0,0,0,0.08947103783796577
feces,T0,Species,Amedibacterium_intestinale,34,0.0025884247763489723,0.015092980354316563,0,0,0,0,0.08800644239586505
feces,T0,Species,Lactonifactor_longoviformis,34,0.002586914731171398,0.01256438055444781,0,0,0,0,0.07289551178794915
feces,T0,Species,Klebsiella_grimontii,34,0.002579789516920213,0.01504262857198796,0,0,0,0,0.08771284357528725
feces,T0,Species,Oscillospiraceae_bacterium_Marseille_Q3528,34,0.002565698389599315,0.008263060757838203,0,0,0,0,0.03549406142423949
feces,T0,Species,GGB3444_SGB4594,34,0.0025602610461668346,0.008785642618027533,0,0,0,0,0.039792638251916104
feces,T0,Species,GGB3576_SGB4784,34,0.0024949498418090363,0.014547932507640382,0,0,0,0,0.08482829462150723
feces,T0,Species,GGB9580_SGB14998,34,0.0024796329535219158,0.012571367536171604,0,0,0,0,0.07316620066407
feces,T0,Species,Megasphaera_sp_NM10,34,0.002466280098301069,0.014380760612407872,0,0,0,0,0.08385352334223635
feces,T0,Species,Eubacterium_sp_AF34_35BH,34,0.0023508947919749913,0.013707954441848524,0,0,0,0,0.0799304229271497
feces,T0,Species,Coprobacter_fastidiosus,34,0.002340064492461641,0.007888622583302638,0,0,0,0,0.03159209455586905
feces,T0,Species,GGB3600_SGB4859,34,0.002309450912512274,0.010873979719003956,0,0,0,0,0.06323530685642766
feces,T0,Species,Schaalia_SGB17158,34,0.002283522302812879,0.005944320197418227,0,0,0,0,0.023804537626988923
feces,T0,Species,GGB12785_SGB19823,34,0.002281773039619915,0.0114063415922482,0,0,0,0,0.0658190443331892
feces,T0,Species,GGB9491_SGB14888,34,0.002225326245305824,0.009100157276437853,0,0,0,0,0.04224045708241347
feces,T0,Species,Paraprevotella_clara,34,0.002175168588304864,0.008763403534232366,0,0,0,0,0.043080876322786475
feces,T0,Species,GGB9614_SGB15049,34,0.002169043422840664,0.011890855635355906,0,0,0,0,0.06932806854709939
feces,T0,Species,Corynebacterium_durum,34,0.0021036084758628746,0.008815581089667405,0,0,0,0,0.05100109931698174
feces,T0,Species,GGB3002_SGB3993,34,0.0020487432584832196,0.011946123385104266,0,0,0,0,0.06965727078842947
feces,T0,Species,Coprococcus_SGB4580,34,0.0020481129174511606,0.01175520051068136,0,0,0,0,0.06857214943502316
feces,T0,Species,GGB79118_SGB105839,34,0.001994588267559164,0.011603849407977294,0,0,0,0,0.06766587069374329
feces,T0,Species,GGB4456_SGB6141,34,0.0019325422513309894,0.008572944196108302,0,0,0,0,0.04893317179716129
feces,T0,Species,Holdemania_sp_1001095H_141210_F2,34,0.0019246652020084094,0.008807379695481598,0,0,0,0,0.04922156682882009
feces,T0,Species,Lactobacillus_delbrueckii,34,0.0019175479350775852,0.011181129765497337,0,0,0,0,0.06519662979263789
feces,T0,Species,Anaerostipes_butyraticus,34,0.0019137284656768642,0.010106706963741411,0,0,0,0,0.058786767833013384
feces,T0,Species,Proteus_mirabilis,34,0.0018781057625603648,0.008334786344561534,0,0,0,0,0.04721675689807466
feces,T0,Species,bacterium_210917_SL_2_15,34,0.0018367517664325398,0.005416171074714877,0,0,0,0,0.025331806616387537
feces,T0,Species,Guopingia_tenuis,34,0.001809108057113461,0.009850534810151237,0,0,0,0,0.05741611827940927
feces,T0,Species,GGB9499_SGB72735,34,0.0017988306342534802,0.010488894895306104,0,0,0,0,0.06116024156461833
feces,T0,Species,Butyricicoccus_intestinisimiae,34,0.0017967999410565551,0.008337239723262571,0,0,0,0,0.04693945622213973
feces,T0,Species,Bifidobacterium_pullorum,34,0.0017696425260912848,0.010318700440710801,0,0,0,0,0.06016784588710368
feces,T0,Species,Latilactobacillus_curvatus,34,0.0017623537701711264,0.010042049579681968,0,0,0,0,0.05857999374693322
feces,T0,Species,Gemella_morbillorum,34,0.001751206366037688,0.0083373734409171,0,0,0,0,0.04827192033410579
feces,T0,Species,TM7_phylum_sp_oral_taxon_352,34,0.0017418674983125015,0.005376052326150678,0,0,0,0,0.022482555221084808
feces,T0,Species,Phocea_massiliensis,34,0.0017093565421288266,0.005737132651907219,0,0,0,0,0.02326577186674847
feces,T0,Species,Christensenella_minuta,34,0.001687422764291662,0.006385339068126003,0,0,0,0,0.03330990526650928
feces,T0,Species,Odoribacter_splanchnicus,34,0.0016866159011625678,0.0045444107530097,0,0,0,0,0.01730172884198198
feces,T0,Species,Staphylococcus_xylosus,34,0.0016449184605211874,0.008783365885152172,0,0,0,0,0.05113618780621247
feces,T0,Species,Lachnoclostridium_pacaense,34,0.0016192089093136927,0.007440112466516053,0,0,0,0,0.04309090445973312
feces,T0,Species,Sutterella_wadsworthensis,34,0.0016089276681315468,0.005434975196991523,0,0,0,0,0.02536000760800228
feces,T0,Species,GGB2980_SGB3962,34,0.001564157860752079,0.006459336275291759,0,0,0,0,0.0313820806319459
feces,T0,Species,GGB12794_SGB19881,34,0.0015409828286635718,0.006390973713402722,0,0,0,0,0.031491625962846694
feces,T0,Species,Streptococcus_cristatus,34,0.001535654115050942,0.00862948673948145,0,0,0,0,0.05035129402825653
feces,T0,Species,Clostridium_sp_1001270J_160509_D11,34,0.0015348640137266701,0.00894971822916939,0,0,0,0,0.05218537646670678
feces,T0,Species,Massilicoli_timonensis,34,0.001515916679888059,0.008839237237020875,0,0,0,0,0.051541167116194005
feces,T0,Species,Pauljensenia_hongkongensis,34,0.001489799261493797,0.008686947826746385,0,0,0,0,0.0506531748907891
feces,T0,Species,Streptococcus_infantis,34,0.0014832875054045067,0.005620665025844856,0,0,0,0,0.0299113557186384
feces,T0,Species,Limosilactobacillus_portuensis,34,0.0014515519813746705,0.00589360482695579,0,0,0,0,0.024801589789931938
feces,T0,Species,Eggerthella_sinensis,34,0.0014495999545442936,0.00823871385103303,0,0,0,0,0.04806106014562953
feces,T0,Species,Longibaculum_muris,34,0.0014403317745947167,0.008398505290278958,0,0,0,0,0.04897128033622037
feces,T0,Species,GGB9641_SGB15117,34,0.0014329646911930578,0.00835554818135857,0,0,0,0,0.04872079950056396
feces,T0,Species,Holdemania_massiliensis,34,0.0013831038472767092,0.005926003321752614,0,0,0,0,0.03326254868175136
feces,T0,Species,Eubacterium_infirmum,34,0.0013691570467537675,0.006846090452783558,0,0,0,0,0.039506781647278694
feces,T0,Species,Leuconostoc_gelidum,34,0.0013313283051632025,0.00686985002165568,0,0,0,0,0.039855023334975544
feces,T0,Species,Propionibacterium_freudenreichii,34,0.0012979745344161228,0.007568427070914638,0,0,0,0,0.044131134170148176
feces,T0,Species,Rothia_aeria,34,0.001294692400533954,0.00527278432177694,0,0,0,0,0.02368400832254847
feces,T0,Species,Butyricimonas_faecihominis,34,0.0012833515992958853,0.005374440473712431,0,0,0,0,0.027166222988461025
feces,T0,Species,Lancefieldella_rimae,34,0.0012779606709134072,0.005664809129351819,0,0,0,0,0.03240209317521912
feces,T0,Species,GGB79097_SGB105802,34,0.0012608907484384392,0.007352193298800026,0,0,0,0,0.042870285446906936
feces,T0,Species,Provencibacterium_massiliense,34,0.0012360594922219313,0.007152734372443332,0,0,0,0,0.041715504791615184
feces,T0,Species,Gemella_SGB7293,34,0.0012182943963263803,0.007103816018738719,0,0,0,0,0.04142200947509693
feces,T0,Species,Butyricimonas_paravirosa,34,0.0012123410210418465,0.005172842237949542,0,0,0,0,0.027070002707000274
feces,T0,Species,Prevotella_oralis,34,0.0011958244275869483,0.006972794711940414,0,0,0,0,0.04065803053795625
feces,T0,Species,Blautia_sp_An46,34,0.001179665569065876,0.005635696658740372,0,0,0,0,0.0321182947457098
feces,T0,Species,Alistipes_ihumii,34,0.0011640984262286658,0.00440608073463653,0,0,0,0,0.021710916489486202
feces,T0,Species,Solobacterium_SGB6828,34,0.0011492987218908203,0.006701505560152561,0,0,0,0,0.03907615654428789
feces,T0,Species,GGB9627_SGB15081,34,0.0011044893470544162,0.006440224251043397,0,0,0,0,0.03755263779985015
feces,T0,Species,GGB3600_SGB47662,34,0.0010880172954137156,0.00478845215517759,0,0,0,0,0.026002585846065893
feces,T0,Species,Erysipelotrichaceae_bacterium_LH1062,34,0.0010667649192353367,0.006220254927169781,0,0,0,0,0.03627000725400145
feces,T0,Species,Enorma_massiliensis,34,0.001060666970876561,0.0043396973745250065,0,0,0,0,0.02020852393684718
feces,T0,Species,Escherichia_marmotae,34,0.0010409330218372102,0.002622950065743601,0,0,0,0,0.010547593385767459
feces,T0,Species,GGB3588_SGB4808,34,0.0010262356039143663,0.005983930439202186,0,0,0,0,0.034892010533088456
feces,T0,Species,GGB58233_SGB79883,34,9.981563955603467e-4,0.003613727114904407,0,0,0,0,0.017253909474220945
feces,T0,Species,GGB36599_SGB9269,34,9.886315469296132e-4,0.005764662991873068,0,0,0,0,0.03361347259560685
feces,T0,Species,Oribacterium_sinus,34,9.884257615447331e-4,0.0038399442723043996,0,0,0,0,0.017211111837824724
feces,T0,Species,Lachnoclostridium_sp_An131,34,9.833960305869124e-4,0.00571991346799911,0,0,0,0,0.03335488484644572
feces,T0,Species,GGB34797_SGB14322,34,9.467092128491067e-4,0.0042010104782765085,0,0,0,0,0.022980115169748527
feces,T0,Species,Streptococcus_pyogenes,34,9.326472453529784e-4,0.005438221222513199,0,0,0,0,0.031710006342001266
feces,T0,Species,Schaalia_turicensis,34,9.272047583793781e-4,0.004600215002437523,0,0,0,0,0.026501749095416312
feces,T0,Species,Hydrogenoanaerobacterium_saccharovorans,34,9.270066199652169e-4,0.0036127308207966036,0,0,0,0,0.017178198589602706
feces,T0,Species,GGB3449_SGB4601,34,9.209260943412313e-4,0.004094306663185214,0,0,0,0,0.022431487207601863
feces,T0,Species,Veillonella_tobetsuensis,34,9.149120654623746e-4,0.0037595832849246147,0,0,0,0,0.01932486514528552
feces,T0,Species,Turicibacter_sanguinis,34,8.885372203264998e-4,0.003993959832639508,0,0,0,0,0.022066435589836626
feces,T0,Species,Desulfovibrio_piger,34,8.505363416767403e-4,0.004959436493134779,0,0,0,0,0.02891823561700917
feces,T0,Species,Lachnotalea_sp_AF33_28,34,8.422436950764889e-4,0.003998279221536088,0,0,0,0,0.02273378645804398
feces,T0,Species,Blautia_sp_MSJ_9,34,8.40461566247548e-4,0.003885695612162035,0,0,0,0,0.021837232441021846
feces,T0,Species,GGB9621_SGB15073,34,8.324125242800992e-4,0.004853757385744004,0,0,0,0,0.028302025825523373
feces,T0,Species,Prevotella_brevis,34,8.040470042924826e-4,0.004688359403223939,0,0,0,0,0.02733759814594441
feces,T0,Species,Providencia_rettgeri,34,7.418127617740926e-4,0.004177485197181556,0,0,0,0,0.02436964228471852
feces,T0,Species,Hornefia_butyriciproducens,34,7.101251809025449e-4,0.0031235735794637354,0,0,0,0,0.01695292640350998
feces,T0,Species,Clostridiaceae_bacterium_Marseille_Q4149,34,6.848627644149837e-4,0.00399340183387454,0,0,0,0,0.023285333990109448
feces,T0,Species,Lentihominibacter_hominis,34,6.808763390786273e-4,0.0038564266606499462,0,0,0,0,0.022496951347714563
feces,T0,Species,Limosilactobacillus_oris,34,6.605478547275655e-4,0.0038516227651596963,0,0,0,0,0.022458627060737226
feces,T0,Species,Colidextribacter_sp_210702_DFI_3_9,34,6.37376586520577e-4,0.0037165122149021884,0,0,0,0,0.02167080394169962
feces,T0,Species,Alistipes_shahii,34,6.224207362196028e-4,0.003430383406614718,0,0,0,0,0.020003964749770224
feces,T0,Species,Bifidobacterium_dentium,34,6.033941863202896e-4,0.002994078630484145,0,0,0,0,0.017324088071733756
feces,T0,Species,Dielma_fastidiosa,34,6.011804048519954e-4,0.0020446688043049463,0,0,0,0,0.009476589414579427
feces,T0,Species,Enorma_phocaeensis,34,5.851292852593349e-4,0.0034118607146123954,0,0,0,0,0.019894395698817388
feces,T0,Species,Solobacterium_SGB6833,34,5.843070526368321e-4,0.003407066315744209,0,0,0,0,0.01986643978965229
feces,T0,Species,Clostridium_celatum,34,5.778213033139208e-4,0.0033692482234402876,0,0,0,0,0.019645924312673306
feces,T0,Species,Thermophilibacter_provencensis,34,5.584644074364569e-4,0.0032563790947452665,0,0,0,0,0.018987789852839537
feces,T0,Species,GGB3883_SGB5266,34,5.538593087231082e-4,0.0032295269856767164,0,0,0,0,0.01883121649658568
feces,T0,Species,Klebsiella_michiganensis,34,5.441790026459901e-4,0.0031730815866136616,0,0,0,0,0.018502086089963662
feces,T0,Species,GGB9502_SGB14899,34,5.438577977641887e-4,0.003106423167655616,0,0,0,0,0.018120843462587327
feces,T0,Species,GGB3441_SGB4591,34,5.395853262897222e-4,0.003146296080759776,0,0,0,0,0.018345901093850557
feces,T0,Species,GGB3677_SGB4990,34,5.181424942932929e-4,0.0030212639588993464,0,0,0,0,0.01761684480597196
feces,T0,Species,Clostridium_disporicum,34,5.163446749913269e-4,0.002301923311132446,0,0,0,0,0.01263954620320461
feces,T0,Species,GGB9642_SGB15119,34,5.146793815263336e-4,0.0030010707149487822,0,0,0,0,0.017499098971895343
feces,T0,Species,Gemella_haemolysans,34,5.077254718748746e-4,0.0018147131439547547,0,0,0,0,0.008040095143462132
feces,T0,Species,GGB45613_SGB63326,34,4.943191541124013e-4,0.0027316446751500315,0,0,0,0,0.015930541635407948
feces,T0,Species,Olsenella_uli,34,4.853254696723996e-4,0.002829909467002964,0,0,0,0,0.016501065968861587
feces,T0,Species,Coprobacillus_sp_AF33_1AC,34,4.7607293101745174e-4,0.002775958359200766,0,0,0,0,0.01618647965459336
feces,T0,Species,Gardnerella_vaginalis,34,4.7209012310457356e-4,0.0027527347978543643,0,0,0,0,0.016051064185555502
feces,T0,Species,Lactobacillus_crispatus,34,4.7176882352305076e-4,0.002750861315450671,0,0,0,0,0.016040139999783726
feces,T0,Species,Parvimonas_sp_oral_taxon_110,34,4.592137380021872e-4,0.002122992762432631,0,0,0,0,0.011930770727789015
feces,T0,Species,Anaerotruncus_rubiinfantis,34,4.4789771057800404e-4,0.0020043627721531413,0,0,0,0,0.011091119462989255
feces,T0,Species,Actinomyces_bouchesdurhonensis,34,4.2170596459738377e-4,0.00245894719333668,0,0,0,0,0.014338002796311047
feces,T0,Species,Mogibacterium_kristiansenii,34,4.159067531388007e-4,0.0024251322702936464,0,0,0,0,0.014140829606719224
feces,T0,Species,GGB9790_SGB15413,34,4.127472860024639e-4,0.0024067095694083216,0,0,0,0,0.014033407724083772
feces,T0,Species,Solobacterium_SGB6834,34,4.017643481348341e-4,0.002342668587038098,0,0,0,0,0.01365998783658436
feces,T0,Species,Segatella_hominis,34,3.9713300608945135e-4,0.0023156634543628966,0,0,0,0,0.013502522207041345
feces,T0,Species,Blautia_sp_Marseille_P3201T,34,3.861496412266295e-4,0.0014213467516132026,0,0,0,0,0.006978762534237989
feces,T0,Species,Propionibacterium_acidifaciens,34,3.757383766676722e-4,0.0017456948956529176,0,0,0,0,0.009834603157119436
feces,T0,Species,GGB52130_SGB14966,34,3.7251579304742663e-4,0.0021721216693296923,0,0,0,0,0.012665536963612506
feces,T0,Species,GGB45432_SGB63101,34,3.723704940675636e-4,0.001377846378752556,0,0,0,0,0.007098063862724247
feces,T0,Species,Prevotella_timonensis,34,3.7112638395710385e-4,0.0020910430344572833,0,0,0,0,0.01219826920669522
feces,T0,Species,Wujia_chipingensis,34,3.667882734283137e-4,0.0021387247779538618,0,0,0,0,0.012470801296562665
feces,T0,Species,Simiaoa_sunii,34,3.569187353994617e-4,0.0020811759764832794,0,0,0,0,0.012135237003581698
feces,T0,Species,Catenibacillus_scindens,34,3.532705627730703e-4,0.0013026381686907676,0,0,0,0,0.006285997234361728
feces,T0,Species,Clostridiaceae_bacterium_Marseille_Q4143,34,3.442010534333704e-4,0.0020070197847250597,0,0,0,0,0.011702835816734593
feces,T0,Species,Haemophilus_parainfluenzae,34,3.31408733733487e-4,0.0015787052809566424,0,0,0,0,0.008987884271273375
feces,T0,Species,Prevotella_sp_885,34,3.2848992272676317e-4,0.0019154089373612062,0,0,0,0,0.011168657372709948
feces,T0,Species,Fusobacterium_ulcerans,34,3.032036700338516e-4,0.001767966014307936,0,0,0,0,0.010308924781150954
feces,T0,Species,GGB3504_SGB4680,34,2.8572714701644215e-4,0.001666061249304265,0,0,0,0,0.009714722998559033
feces,T0,Species,Hydrogenoanaerobacterium_SGB53821,34,2.770091778806937e-4,0.0015442665017466799,0,0,0,0,0.00900762702532586
feces,T0,Species,GGB38987_SGB63305,34,2.6885858857171444e-4,0.0015677014964776714,0,0,0,0,0.00914119201143829
feces,T0,Species,Blautia_SGB59878,34,2.4852536259722464e-4,9.94438752242715e-4,0,0,0,0,0.005608355889439676
feces,T0,Species,GGB9619_SGB15067,34,2.4594940163679557e-4,0.0013155988840384885,0,0,0,0,0.007660310069385907
feces,T0,Species,Raoultibacter_timonensis,34,2.4459501440446033e-4,0.0014262217627114017,0,0,0,0,0.008316230489751652
feces,T0,Species,Peptoniphilus_sp_Marseille_P3761,34,2.4295728247006806e-4,0.001130605364558903,0,0,0,0,0.00637432115230915
feces,T0,Species,Enterobacter_kobei,34,2.3934350006968053e-4,0.0013956004352502099,0,0,0,0,0.008137679002369138
feces,T0,Species,Clostridium_sp_AF20_17LB,34,2.305836384635136e-4,0.0013445221036191483,0,0,0,0,0.007839843707759463
feces,T0,Species,GGB12787_SGB19830,34,2.2238193978141806e-4,0.0012966983931478333,0,0,0,0,0.0075609859525682145
feces,T0,Species,Arachnia_propionica,34,2.2166770855923368e-4,9.002621001237954e-4,0,0,0,0,0.003855744673989777
feces,T0,Species,Parvimonas_micra,34,2.21258746601623e-4,9.326439495661184e-4,0,0,0,0,0.004779352715328627
feces,T0,Species,GGB3602_SGB66069,34,2.0382048946471443e-4,0.0011884674692525731,0,0,0,0,0.0069298966418002905
feces,T0,Species,Phocaeicola_plebeius,34,1.8824745490323382e-4,0.0010976618538678165,0,0,0,0,0.00640041346670995
feces,T0,Species,Fusobacterium_periodonticum,34,1.8532999362322518e-4,8.289807569912845e-4,0,0,0,0,0.004563588977506498
feces,T0,Species,GGB9608_SGB15041,34,1.8492328383718862e-4,0.0010782787722914704,0,0,0,0,0.006287391650464413
feces,T0,Species,Clostridium_sp_NSJ_42,34,1.774059893098923e-4,0.0010344457895234216,0,0,0,0,0.006031803636536338
feces,T0,Species,Cuneatibacter_sp_NSJ_177,34,1.76722252251197e-4,8.577980663931599e-4,0,0,0,0,0.0049137871038559995
feces,T0,Species,Lachnospiraceae_bacterium_AM48_27BH,34,1.5967810778967553e-4,9.310753651815206e-4,0,0,0,0,0.005429055664848968
feces,T0,Species,Leuconostoc_mesenteroides,34,1.547183979315548e-4,6.657104836394862e-4,0,0,0,0,0.0037555954616783544
feces,T0,Species,Clostridium_sp_AF27_2AA,34,1.4743402838825702e-4,8.596807271951831e-4,0,0,0,0,0.005012756965200739
feces,T0,Species,GGB12788_SGB19833,34,1.4267139856412444e-4,8.319100617977106e-4,0,0,0,0,0.004850827551180231
feces,T0,Species,Alloscardovia_omnicolens,34,1.4147972782571166e-4,8.249614870475308e-4,0,0,0,0,0.004810310746074196
feces,T0,Species,Bacteroides_clarus,34,1.362551887588862e-4,7.598916072805545e-4,0,0,0,0,0.004432436530417044
feces,T0,Species,Arachnia_rubra,34,1.3391430992246115e-4,7.808478991892757e-4,0,0,0,0,0.004553086537363679
feces,T0,Species,GGB3534_SGB4722,34,1.246358334192951e-4,7.26745549041862e-4,0,0,0,0,0.004237618336256034
feces,T0,Species,Acidaminococcus_SGB5735,34,1.1574448708196594e-4,5.115577363995783e-4,0,0,0,0,0.002864643381150687
feces,T0,Species,Parabacteroides_goldsteinii,34,1.0860303376129266e-4,6.332590654963576e-4,0,0,0,0,0.0036925031478839505
feces,T0,Species,Porphyromonas_bobii,34,1.063493862709855e-4,6.201181553924376e-4,0,0,0,0,0.003615879133213507
feces,T0,Species,Clostridium_SGB6176,34,1.0542649114934594e-4,6.1473679833417e-4,0,0,0,0,0.003584500699077762
feces,T0,Species,Atopobium_sp_oral_taxon_199,34,1.0477691062065091e-4,6.109491255195211e-4,0,0,0,0,0.003562414961102131
feces,T0,Species,Massiliimalia_timonensis,34,1.0205104069232748e-4,5.950547090958618e-4,0,0,0,0,0.0034697353835391343
feces,T0,Species,Raoultibacter_massiliensis,34,9.886977170280622e-5,5.765048826534002e-4,0,0,0,0,0.0033615722378954114
feces,T0,Species,GGB9708_SGB15234,34,9.853569468042818e-5,5.745568956067407e-4,0,0,0,0,0.003350213619134558
feces,T0,Species,Anaerofustis_stercorihominis,34,9.75421696256984e-5,4.1600967134757455e-4,0,0,0,0,0.002175536522897121
feces,T0,Species,Blautia_sp_OF03_15BH,34,9.511503871498142e-5,5.54611215223405e-4,0,0,0,0,0.003233911316309368
feces,T0,Species,Segatella_brunsvicensis,34,9.481965039599077e-5,5.528888201450714e-4,0,0,0,0,0.0032238681134636863
feces,T0,Species,Oscillibacter_sp_ER4,34,9.334785573890033e-5,5.443068563004866e-4,0,0,0,0,0.003173827095122611
feces,T0,Species,Oribacterium_SGB96486,34,9.3241317506758e-5,5.436856369939029e-4,0,0,0,0,0.003170204795229772
feces,T0,Species,Actinobaculum_sp_oral_taxon_183,34,8.661506215897528e-5,5.050482608180203e-4,0,0,0,0,0.0029449121134051594
feces,T0,Species,GGB9707_SGB15229,34,7.791393710642426e-5,4.5431241920556215e-4,0,0,0,0,0.002649073861618425
feces,T0,Species,Schaalia_georgiae,34,7.505087698951118e-5,4.376180533917918e-4,0,0,0,0,0.0025517298176433805
feces,T0,Species,Finegoldia_magna,34,6.942693274981557e-5,3.0022723986655226e-4,0,0,0,0,0.0016000001600000161
feces,T0,Species,Pseudomonas_aeruginosa,34,4.9160347736867774e-5,2.86651622787543e-4,0,0,0,0,0.0016714518230535043
feces,T0,Species,GGB3496_SGB4671,34,4.7982854377900875e-5,2.7978571565490725e-4,0,0,0,0,0.0016314170488486298
feces,T0,Species,GGB9357_SGB14330,34,3.882353329411803e-5,2.2637815502592716e-4,0,0,0,0,0.0013200001320000131
feces,T0,Species,Haemophilus_influenzae,34,3.647152555350084e-5,2.1266371103408454e-4,0,0,0,0,0.0012400318688190286
feces,T0,Species,Candidatus_Nanoperiomorbus_periodonticus,34,3.4268135576206435e-5,1.9981585007089657e-4,0,0,0,0,0.0011651166095910188
feces,T0,Species,Pediococcus_pentosaceus,34,3.2106659241014955e-5,1.872123855385485e-4,0,0,0,0,0.0010916264141945084
feces,T0,Species,Candidatus_Saccharibacteria_unclassified_SGB19905,34,3.119761945446348e-5,1.8191181827266644e-4,0,0,0,0,0.0010607190614517583
feces,T0,Species,Peptostreptococcus_stomatis,34,2.7099198625443813e-5,1.5801412357382077e-4,0,0,0,0,9.213727532650897e-4
feces,T0,Species,Candidatus_Nanosynbacter_lyticus,34,2.2405315842784682e-5,1.3064431886809278e-4,0,0,0,0,7.617807386546792e-4
feces,T0,Species,Alistipes_timonensis,34,1.7368027044761667e-5,1.0127213020637747e-4,0,0,0,0,5.905129195218967e-4
feces,T0,Species,Enteroscipio_rubneri,34,1.5893126891896488e-5,9.267205836532062e-5,0,0,0,0,5.403663143244805e-4
feces,T0,Species,Diplocloster_modestus,34,1.0072524188663214e-5,5.8732404003760885e-5,0,0,0,0,3.4246582241454924e-4
feces,T0,Species,Mediterraneibacter_SGB4586,34,5.917492193318837e-6,3.450461231736475e-5,0,0,0,0,2.0119473457284046e-4
feces,T0,Species,Achromobacter_xylosoxidans,34,0,0,0,0,0,0,0
feces,T0,Species,Actinomyces_dentalis,34,0,0,0,0,0,0,0
feces,T0,Species,Actinomyces_radicidentis,34,0,0,0,0,0,0,0
feces,T0,Species,Aggregatibacter_aphrophilus,34,0,0,0,0,0,0,0
feces,T0,Species,Aggregatibacter_segnis,34,0,0,0,0,0,0,0
feces,T0,Species,Aggregatibacter_sp_2125159857,34,0,0,0,0,0,0,0
feces,T0,Species,Alloprevotella_SGB1466,34,0,0,0,0,0,0,0
feces,T0,Species,Alloprevotella_SGB1483,34,0,0,0,0,0,0,0
feces,T0,Species,Alloprevotella_SGB1484,34,0,0,0,0,0,0,0
feces,T0,Species,Alloprevotella_sp_Lung230,34,0,0,0,0,0,0,0
feces,T0,Species,Alloprevotella_sp_oral_taxon_473,34,0,0,0,0,0,0,0
feces,T0,Species,Alloprevotella_tannerae,34,0,0,0,0,0,0,0
feces,T0,Species,Arachnia_SGB15899,34,0,0,0,0,0,0,0
feces,T0,Species,Bacteroidota_unclassified_SGB1343,34,0,0,0,0,0,0,0
feces,T0,Species,Bifidobacterium_catenulatum,34,0,0,0,0,0,0,0
feces,T0,Species,Bifidobacterium_pseudolongum,34,0,0,0,0,0,0,0
feces,T0,Species,Blautia_sp_MCC283,34,0,0,0,0,0,0,0
feces,T0,Species,Bordetella_bronchiseptica,34,0,0,0,0,0,0,0
feces,T0,Species,Bulleidia_extructa,34,0,0,0,0,0,0,0
feces,T0,Species,Burkholderia_contaminans,34,0,0,0,0,0,0,0
feces,T0,Species,Campylobacter_SGB96342,34,0,0,0,0,0,0,0
feces,T0,Species,Campylobacter_concisus,34,0,0,0,0,0,0,0
feces,T0,Species,Campylobacter_rectus,34,0,0,0,0,0,0,0
feces,T0,Species,Campylobacter_showae,34,0,0,0,0,0,0,0
feces,T0,Species,Candidatus_Nanogingivalis_gingivitcus,34,0,0,0,0,0,0,0
feces,T0,Species,Candidatus_Nanosynbacter_sp_HMT_352,34,0,0,0,0,0,0,0
feces,T0,Species,Candidatus_Saccharibacteria_unclassified_SGB19846,34,0,0,0,0,0,0,0
feces,T0,Species,Capnocytophaga_SGB2480,34,0,0,0,0,0,0,0
feces,T0,Species,Capnocytophaga_SGB2499,34,0,0,0,0,0,0,0
feces,T0,Species,Capnocytophaga_gingivalis,34,0,0,0,0,0,0,0
feces,T0,Species,Capnocytophaga_granulosa,34,0,0,0,0,0,0,0
feces,T0,Species,Capnocytophaga_leadbetteri,34,0,0,0,0,0,0,0
feces,T0,Species,Capnocytophaga_ochracea,34,0,0,0,0,0,0,0
feces,T0,Species,Capnocytophaga_sputigena,34,0,0,0,0,0,0,0
feces,T0,Species,Cardiobacterium_hominis,34,0,0,0,0,0,0,0
feces,T0,Species,Catonella_SGB4505,34,0,0,0,0,0,0,0
feces,T0,Species,Catonella_SGB69305,34,0,0,0,0,0,0,0
feces,T0,Species,Catonella_SGB96613,34,0,0,0,0,0,0,0
feces,T0,Species,Catonella_massiliensis,34,0,0,0,0,0,0,0
feces,T0,Species,Catonella_morbi,34,0,0,0,0,0,0,0
feces,T0,Species,Clostridium_SGB6177,34,0,0,0,0,0,0,0
feces,T0,Species,Clostridium_butyricum,34,0,0,0,0,0,0,0
feces,T0,Species,Coprococcus_eutactus,34,0,0,0,0,0,0,0
feces,T0,Species,Corynebacterium_matruchotii,34,0,0,0,0,0,0,0
feces,T0,Species,Dolosigranulum_pigrum,34,0,0,0,0,0,0,0
feces,T0,Species,Eggerthia_catenaformis,34,0,0,0,0,0,0,0
feces,T0,Species,Eikenella_corrodens,34,0,0,0,0,0,0,0
feces,T0,Species,Eubacterium_nodatum,34,0,0,0,0,0,0,0
feces,T0,Species,Eubacterium_saphenum,34,0,0,0,0,0,0,0
feces,T0,Species,Faecalibacterium_sp_HTFF,34,0,0,0,0,0,0,0
feces,T0,Species,Filifactor_alocis,34,0,0,0,0,0,0,0
feces,T0,Species,GGB1022_SGB1315,34,0,0,0,0,0,0,0
feces,T0,Species,GGB1024_SGB69047,34,0,0,0,0,0,0,0
feces,T0,Species,GGB1025_SGB1320,34,0,0,0,0,0,0,0
feces,T0,Species,GGB1088_SGB1395,34,0,0,0,0,0,0,0
feces,T0,Species,GGB1144_SGB1468,34,0,0,0,0,0,0,0
feces,T0,Species,GGB1144_SGB1469,34,0,0,0,0,0,0,0
feces,T0,Species,GGB1188_SGB1538,34,0,0,0,0,0,0,0
feces,T0,Species,GGB1202_SGB1567,34,0,0,0,0,0,0,0
feces,T0,Species,GGB1203_SGB1568,34,0,0,0,0,0,0,0
feces,T0,Species,GGB12763_SGB19797,34,0,0,0,0,0,0,0
feces,T0,Species,GGB12785_SGB19824,34,0,0,0,0,0,0,0
feces,T0,Species,GGB1431_SGB1972,34,0,0,0,0,0,0,0
feces,T0,Species,GGB1472_SGB2037,34,0,0,0,0,0,0,0
feces,T0,Species,GGB1472_SGB2038,34,0,0,0,0,0,0,0
feces,T0,Species,GGB1473_SGB2039,34,0,0,0,0,0,0,0
feces,T0,Species,GGB1611_SGB2208,34,0,0,0,0,0,0,0
feces,T0,Species,GGB1843_SGB2516,34,0,0,0,0,0,0,0
feces,T0,Species,GGB1843_SGB2524,34,0,0,0,0,0,0,0
feces,T0,Species,GGB1844_SGB2532,34,0,0,0,0,0,0,0
feces,T0,Species,GGB18703_SGB19792,34,0,0,0,0,0,0,0
feces,T0,Species,GGB18703_SGB19793,34,0,0,0,0,0,0,0
feces,T0,Species,GGB2964_SGB3946,34,0,0,0,0,0,0,0
feces,T0,Species,GGB3003_SGB3994,34,0,0,0,0,0,0,0
feces,T0,Species,GGB3008_SGB3999,34,0,0,0,0,0,0,0
feces,T0,Species,GGB3059_SGB69431,34,0,0,0,0,0,0,0
feces,T0,Species,GGB3277_SGB4327,34,0,0,0,0,0,0,0
feces,T0,Species,GGB3363_SGB4448,34,0,0,0,0,0,0,0
feces,T0,Species,GGB3385_SGB4471,34,0,0,0,0,0,0,0
feces,T0,Species,GGB3429_SGB4569,34,0,0,0,0,0,0,0
feces,T0,Species,GGB3585_SGB4803,34,0,0,0,0,0,0,0
feces,T0,Species,GGB3606_SGB4870,34,0,0,0,0,0,0,0
feces,T0,Species,GGB3883_SGB5265,34,0,0,0,0,0,0,0
feces,T0,Species,GGB3886_SGB5269,34,0,0,0,0,0,0,0
feces,T0,Species,GGB3887_SGB5270,34,0,0,0,0,0,0,0
feces,T0,Species,GGB4333_SGB5935,34,0,0,0,0,0,0,0
feces,T0,Species,GGB4533_SGB6245,34,0,0,0,0,0,0,0
feces,T0,Species,GGB4533_SGB6246,34,0,0,0,0,0,0,0
feces,T0,Species,GGB4538_SGB6253,34,0,0,0,0,0,0,0
feces,T0,Species,GGB4538_SGB6256,34,0,0,0,0,0,0,0
feces,T0,Species,GGB45697_SGB2042,34,0,0,0,0,0,0,0
feces,T0,Species,GGB4598_SGB6360,34,0,0,0,0,0,0,0
feces,T0,Species,GGB4733_SGB6557,34,0,0,0,0,0,0,0
feces,T0,Species,GGB49400_SGB69312,34,0,0,0,0,0,0,0
feces,T0,Species,GGB49400_SGB97338,34,0,0,0,0,0,0,0
feces,T0,Species,GGB49401_SGB69314,34,0,0,0,0,0,0,0
feces,T0,Species,GGB49528_SGB69474,34,0,0,0,0,0,0,0
feces,T0,Species,GGB51441_SGB71759,34,0,0,0,0,0,0,0
feces,T0,Species,GGB6601_SGB9333,34,0,0,0,0,0,0,0
feces,T0,Species,GGB70967_SGB95921,34,0,0,0,0,0,0,0
feces,T0,Species,GGB71270_SGB97344,34,0,0,0,0,0,0,0
feces,T0,Species,GGB74353_SGB98242,34,0,0,0,0,0,0,0
feces,T0,Species,GGB96534_SGB136060,34,0,0,0,0,0,0,0
feces,T0,Species,GGB9762_SGB15377,34,0,0,0,0,0,0,0
feces,T0,Species,GGB9787_SGB15410,34,0,0,0,0,0,0,0
feces,T0,Species,GGB9818_SGB15459,34,0,0,0,0,0,0,0
feces,T0,Species,Gemella_SGB7284,34,0,0,0,0,0,0,0
feces,T0,Species,Gemella_SGB7291,34,0,0,0,0,0,0,0
feces,T0,Species,Granulicatella_SGB64171,34,0,0,0,0,0,0,0
feces,T0,Species,Granulicatella_SGB8239,34,0,0,0,0,0,0,0
feces,T0,Species,Granulicatella_SGB8244,34,0,0,0,0,0,0,0
feces,T0,Species,Granulicatella_SGB8245,34,0,0,0,0,0,0,0
feces,T0,Species,Haemophilus_haemolyticus,34,0,0,0,0,0,0,0
feces,T0,Species,Haemophilus_parahaemolyticus,34,0,0,0,0,0,0,0
feces,T0,Species,Haemophilus_paraphrohaemolyticus,34,0,0,0,0,0,0,0
feces,T0,Species,Haemophilus_pittmaniae,34,0,0,0,0,0,0,0
feces,T0,Species,Haemophilus_sputorum,34,0,0,0,0,0,0,0
feces,T0,Species,Kingella_denitrificans,34,0,0,0,0,0,0,0
feces,T0,Species,Lachnoanaerobaculum_orale,34,0,0,0,0,0,0,0
feces,T0,Species,Lachnoanaerobaculum_sp_ICM7,34,0,0,0,0,0,0,0
feces,T0,Species,Lautropia_mirabilis,34,0,0,0,0,0,0,0
feces,T0,Species,Leptotrichia_hongkongensis,34,0,0,0,0,0,0,0
feces,T0,Species,Leptotrichia_sp_oral_taxon_212,34,0,0,0,0,0,0,0
feces,T0,Species,Leptotrichia_sp_oral_taxon_215,34,0,0,0,0,0,0,0
feces,T0,Species,Leptotrichia_sp_oral_taxon_221,34,0,0,0,0,0,0,0
feces,T0,Species,Leptotrichia_wadei,34,0,0,0,0,0,0,0
feces,T0,Species,Ligilactobacillus_salivarius,34,0,0,0,0,0,0,0
feces,T0,Species,Mediterraneibacter_massiliensis,34,0,0,0,0,0,0,0
feces,T0,Species,Metamycoplasma_salivarium,34,0,0,0,0,0,0,0
feces,T0,Species,Mogibacterium_SGB3923,34,0,0,0,0,0,0,0
feces,T0,Species,Mogibacterium_timidum,34,0,0,0,0,0,0,0
feces,T0,Species,Moraxella_catarrhalis,34,0,0,0,0,0,0,0
feces,T0,Species,Neisseria_bacilliformis,34,0,0,0,0,0,0,0
feces,T0,Species,Neisseria_cinerea,34,0,0,0,0,0,0,0
feces,T0,Species,Neisseria_elongata,34,0,0,0,0,0,0,0
feces,T0,Species,Neisseria_sicca,34,0,0,0,0,0,0,0
feces,T0,Species,Neisseria_sp_oral_taxon_014,34,0,0,0,0,0,0,0
feces,T0,Species,Neisseria_subflava,34,0,0,0,0,0,0,0
feces,T0,Species,Olsenella_profusa,34,0,0,0,0,0,0,0
feces,T0,Species,Oribacterium_SGB5283,34,0,0,0,0,0,0,0
feces,T0,Species,Oribacterium_SGB5287,34,0,0,0,0,0,0,0
feces,T0,Species,Oribacterium_asaccharolyticum,34,0,0,0,0,0,0,0
feces,T0,Species,Oribacterium_parvum,34,0,0,0,0,0,0,0
feces,T0,Species,Oribacterium_sp_oral_taxon_078,34,0,0,0,0,0,0,0
feces,T0,Species,Oscillospiraceae_unclassified_SGB15256,34,0,0,0,0,0,0,0
feces,T0,Species,Parvimonas_sp_oral_taxon_393,34,0,0,0,0,0,0,0
feces,T0,Species,Peptoanaerobacter_stomatis,34,0,0,0,0,0,0,0
feces,T0,Species,Porphyromonas_catoniae,34,0,0,0,0,0,0,0
feces,T0,Species,Porphyromonas_endodontalis,34,0,0,0,0,0,0,0
feces,T0,Species,Porphyromonas_gingivalis,34,0,0,0,0,0,0,0
feces,T0,Species,Porphyromonas_sp_oral_taxon_275,34,0,0,0,0,0,0,0
feces,T0,Species,Porphyromonas_sp_oral_taxon_278,34,0,0,0,0,0,0,0
feces,T0,Species,Prevotella_SGB1459,34,0,0,0,0,0,0,0
feces,T0,Species,Prevotella_SGB98243,34,0,0,0,0,0,0,0
feces,T0,Species,Prevotella_baroniae,34,0,0,0,0,0,0,0
feces,T0,Species,Prevotella_conceptionensis,34,0,0,0,0,0,0,0
feces,T0,Species,Prevotella_denticola,34,0,0,0,0,0,0,0
feces,T0,Species,Prevotella_histicola,34,0,0,0,0,0,0,0
feces,T0,Species,Prevotella_intermedia,34,0,0,0,0,0,0,0
feces,T0,Species,Prevotella_jejuni,34,0,0,0,0,0,0,0
feces,T0,Species,Prevotella_koreensis,34,0,0,0,0,0,0,0
feces,T0,Species,Prevotella_loescheii,34,0,0,0,0,0,0,0
feces,T0,Species,Prevotella_maculosa,34,0,0,0,0,0,0,0
feces,T0,Species,Prevotella_melaninogenica,34,0,0,0,0,0,0,0
feces,T0,Species,Prevotella_micans,34,0,0,0,0,0,0,0
feces,T0,Species,Prevotella_nanceiensis,34,0,0,0,0,0,0,0
feces,T0,Species,Prevotella_nigrescens,34,0,0,0,0,0,0,0
feces,T0,Species,Prevotella_oris,34,0,0,0,0,0,0,0
feces,T0,Species,Prevotella_oulorum,34,0,0,0,0,0,0,0
feces,T0,Species,Prevotella_pallens,34,0,0,0,0,0,0,0
feces,T0,Species,Prevotella_pleuritidis,34,0,0,0,0,0,0,0
feces,T0,Species,Prevotella_salivae,34,0,0,0,0,0,0,0
feces,T0,Species,Prevotella_shahii,34,0,0,0,0,0,0,0
feces,T0,Species,Prevotella_sp_oral_taxon_299,34,0,0,0,0,0,0,0
feces,T0,Species,Prevotella_sp_oral_taxon_475,34,0,0,0,0,0,0,0
feces,T0,Species,Prevotella_veroralis,34,0,0,0,0,0,0,0
feces,T0,Species,Prevotella_vespertina,34,0,0,0,0,0,0,0
feces,T0,Species,Prevotellaceae_bacterium_Marseille_P2826,34,0,0,0,0,0,0,0
feces,T0,Species,Ruminococcus_SGB4421,34,0,0,0,0,0,0,0
feces,T0,Species,Ruminococcus_bovis,34,0,0,0,0,0,0,0
feces,T0,Species,SR1_bacterium_human_oral_taxon_HOT_345,34,0,0,0,0,0,0,0
feces,T0,Species,Selenomonas_SGB5880,34,0,0,0,0,0,0,0
feces,T0,Species,Selenomonas_SGB5896,34,0,0,0,0,0,0,0
feces,T0,Species,Selenomonas_SGB5897,34,0,0,0,0,0,0,0
feces,T0,Species,Selenomonas_SGB69112,34,0,0,0,0,0,0,0
feces,T0,Species,Selenomonas_infelix,34,0,0,0,0,0,0,0
feces,T0,Species,Selenomonas_noxia,34,0,0,0,0,0,0,0
feces,T0,Species,Serratia_marcescens,34,0,0,0,0,0,0,0
feces,T0,Species,Stenotrophomonas_maltophilia,34,0,0,0,0,0,0,0
feces,T0,Species,Streptococcus_pneumoniae,34,0,0,0,0,0,0,0
feces,T0,Species,TM7_phylum_sp_oral_taxon_348,34,0,0,0,0,0,0,0
feces,T0,Species,TM7_phylum_sp_oral_taxon_349,34,0,0,0,0,0,0,0
feces,T0,Species,TM7_phylum_sp_oral_taxon_351,34,0,0,0,0,0,0,0
feces,T0,Species,Tannerella_forsythia,34,0,0,0,0,0,0,0
feces,T0,Species,Tannerella_serpentiformis,34,0,0,0,0,0,0,0
feces,T0,Species,Treponema_SGB3588,34,0,0,0,0,0,0,0
feces,T0,Species,Treponema_SGB3604,34,0,0,0,0,0,0,0
feces,T0,Species,Treponema_SGB69454,34,0,0,0,0,0,0,0
feces,T0,Species,Treponema_denticola,34,0,0,0,0,0,0,0
feces,T0,Species,Treponema_maltophilum,34,0,0,0,0,0,0,0
feces,T0,Species,Treponema_sp_Marseille_Q4130,34,0,0,0,0,0,0,0
feces,T0,Species,Treponema_vincentii,34,0,0,0,0,0,0,0
feces,T0,Species,Veillonella_sp_3627,34,0,0,0,0,0,0,0
feces,T12,Species,UNCLASSIFIED,34,14.662737734166392,7.259865995868915,14.012676055170118,9.663173597341974,16.693384598107627,3.1328206265641256,32.890505882461255
feces,T12,Species,Bifidobacterium_longum,34,5.433260358125474,11.983618163035628,1.2754413416435533,0.022864574302856558,4.4818274021325575,0,63.39412307355959
feces,T12,Species,Ruminococcus_bromii,34,5.245766445860982,14.09956084080308,0.5114416688436956,0,1.9084703915630796,0,68.64981313501869
feces,T12,Species,Blautia_wexlerae,34,4.759252168465155,4.931115516292483,3.7459625773194216,0.5890739803440748,6.495719891580392,0,17.581874403105004
feces,T12,Species,Akkermansia_muciniphila,34,3.6243697486721995,12.792790219753098,0,0,0.2445413706826094,0,65.36596307319262
feces,T12,Species,Anaerostipes_hadrus,34,3.308063510577619,4.169078793044371,1.6204129804511025,0.782656452950786,3.667393580752774,0,14.731556904512534
feces,T12,Species,Eubacterium_rectale,34,3.233829080207453,8.424954814566165,0.322014642953379,0,1.886225687596251,0,43.53301351439661
feces,T12,Species,Blautia_massiliensis,34,3.135623760524138,3.8610134128056517,1.0597417882104219,0.027350696429792404,5.545026311393392,0,12.15351149217641
feces,T12,Species,Bifidobacterium_adolescentis,34,2.6481863587583474,8.104197868051754,0,0,0.015239754369691539,0,41.30246684571999
feces,T12,Species,Dialister_invisus,34,2.5958889561292406,6.190635252210307,0.0325729599884175,0,0.6392304829636836,0,26.641359343456262
feces,T12,Species,Ruminococcus_gnavus,34,2.0752017117088215,5.459153446541042,0.40791225149097676,0.11066751931150358,1.7147370858902735,0,31.049966236656807
feces,T12,Species,Fusicatenibacter_saccharivorans,34,2.0688435713792295,2.446404879660571,1.0354651530598526,0.22558996767601297,3.306333716507658,0,8.621612471602266
feces,T12,Species,Bifidobacterium_bifidum,34,2.025002127136477,4.0092285144192505,0,0,1.1773536188867741,0,14.862457163578496
feces,T12,Species,Bifidobacterium_pseudocatenulatum,34,1.9163148223146242,5.517117652175115,0,0,1.134866367486513,0,31.344116268823253
feces,T12,Species,Collinsella_aerofaciens,34,1.8981997301497313,3.9726657996707875,0.13583579886435926,0,1.1573611329667601,0,16.289234886770465
feces,T12,Species,Dorea_longicatena,34,1.8419283234932216,2.2183394398583873,1.0352169628309347,0.37540366134444725,2.857611237116286,0,10.113910264839408
feces,T12,Species,Streptococcus_salivarius,34,1.5741256211293857,3.252573042509063,0.13213296406086855,0.003059847459606271,1.0622320913330145,0,15.15194
feces,T12,Species,Faecalibacterium_prausnitzii,34,1.511064542424784,3.092507559275793,0.26083734585259977,0,1.4579849548648993,0,14.68500999345881
feces,T12,Species,Eggerthella_lenta,34,1.3873521509828048,4.04201017819375,0.323247237148793,0.02807995786830594,1.0626019213598654,0,22.091530000000002
feces,T12,Species,Mediterraneibacter_faecis,34,1.3699507968123428,2.877679117076956,0.032654161018494124,0,1.1650233319285357,0,13.431584601382133
feces,T12,Species,Anaerobutyricum_soehngenii,34,1.3023802844546144,2.5863442731647677,0.19049476356116274,0,1.5217790596009522,0,12.232811223281121
feces,T12,Species,GGB3256_SGB4303,34,1.2144179066840994,4.861233056389378,0,0,0.13306545297960115,0,28.02770519132323
feces,T12,Species,Anaerobutyricum_hallii,34,1.0501234693957726,1.9112669044021813,0.1284131109655126,0,0.6032506315961651,0,6.259447172000048
feces,T12,Species,Streptococcus_thermophilus,34,1.0267542690367826,2.888120501183805,0.02528412415006409,0,0.3772931637816824,0,12.339985207094674
feces,T12,Species,Escherichia_coli,34,0.9927937819718321,2.4102410251134123,0.02545411308699347,0,0.3002741167219713,0,10.297486440476622
feces,T12,Species,Gemmiger_formicilis,34,0.9265242362709777,2.257674136818506,0,0,0.3667904238134476,0,9.654993341597741
feces,T12,Species,Veillonella_parvula,34,0.9023923598065768,4.072195450434203,0.009715556879071281,0,0.3279583109052452,0,23.78108701943688
feces,T12,Species,Acidaminococcus_intestini,34,0.8458965472103461,4.7834964362809425,0,0,0,0,27.911828835268466
feces,T12,Species,Streptococcus_parasanguinis,34,0.8425232466386717,2.0455520060233714,0.053963622241678486,0,0.8350778407251995,0,11.122844595153834
feces,T12,Species,Blautia_faecis,34,0.8268932302081894,1.2138904646083721,0.4216441472978079,0.12137472688623906,1.044484733887955,0,5.704018195075294
feces,T12,Species,Coprococcus_comes,34,0.7740449138959563,1.1235185044795146,0.19161087155767342,0,1.018858252357024,0,4.824175821976706
feces,T12,Species,Clostridiaceae_bacterium,34,0.6394202805248662,2.1970732848310828,0.11144723900548736,0,0.3390651560047735,0,12.723818697704301
feces,T12,Species,Candidatus_Cibionibacter_quicibialis,34,0.613850987008159,1.3837213700619366,0,0,0.4816041611754631,0,7.3913407391340735
feces,T12,Species,Enterococcus_faecalis,34,0.5900231742166776,2.355989780939903,0,0,0.027558922840503087,0,13.386134767856575
feces,T12,Species,Dorea_formicigenerans,34,0.5646919137193959,0.9803475624390302,0.277425550110962,0.002969903409668053,0.5702905623396846,0,5.190720519072052
feces,T12,Species,Romboutsia_timonensis,34,0.5437441664493848,0.8106973905946366,0.06128649410952021,0,1.090772062535353,0,3.324840332484033
feces,T12,Species,Eubacterium_ramulus,34,0.5368862797340462,1.5365060527271608,0.034900951986735165,0,0.24764918306898132,0,8.45729646555965
feces,T12,Species,Clostridium_saudiense,34,0.5121603799085727,1.9033063724397905,0,0,0.12042862544715119,0,10.890837886072651
feces,T12,Species,Clostridium_SGB6179,34,0.4800858337059075,2.501538556308843,0,0,0.012215101529281016,0,14.591741748394552
feces,T12,Species,GGB51647_SGB4348,34,0.4763998138242328,1.4484814131709467,0,0,0,0,7.376656255495995
feces,T12,Species,Enterocloster_clostridioformis,34,0.46422182013033514,2.39769816783005,0,0,0.01953796759471468,0,13.99705946987998
feces,T12,Species,Limosilactobacillus_reuteri,34,0.42742070609659616,2.4582408891645637,0,0,0,0,14.33844903651052
feces,T12,Species,Blautia_hansenii,34,0.4137364956026359,0.7405091599663948,0.015730530601167796,0,0.48728212928282305,0,3.3304100000000005
feces,T12,Species,Blautia_caecimuris,34,0.36553812464894647,1.1403293252502567,0.0096956866293039,0,0.17209964424628707,0,6.464915266598989
feces,T12,Species,Clostridium_scindens,34,0.35803614212895285,1.1406116859151578,0,0,0.03677949221457818,0,6.19883
feces,T12,Species,Blautia_obeum,34,0.35792285679431385,0.6451442859421737,0.1351377664704903,0.010375044896416576,0.31968521598033367,0,3.249546094973658
feces,T12,Species,Faecalimonas_umbilicata,34,0.35348619360377753,0.6696548758778629,0.01518685042144083,0,0.4766996700128612,0,2.9595266699606477
feces,T12,Species,Bifidobacterium_animalis,34,0.3395120350506333,1.319473615454532,0,0,0,0,6.525020197820436
feces,T12,Species,Vescimonas_coprocola,34,0.3350945610359465,1.156206660336579,0,0,0.013622502724500548,0,5.700058387038298
feces,T12,Species,Blautia_glucerasea,34,0.32172892537439163,1.1615477458012735,0,0,0.11437750657300198,0,6.648745896073531
feces,T12,Species,Ruminococcus_torques,34,0.2911164575184497,0.6710791161518956,0.04417257561724364,0,0.3191827174615602,0,3.774500999461167
feces,T12,Species,Klebsiella_pneumoniae,34,0.2818706998089696,1.6196718843713416,0,0,0,0,9.447951973551302
feces,T12,Species,Oscillospiraceae_bacterium_CLA_AA_H250,34,0.24990581762049624,0.7688541904924657,0,0,0.018656654556414104,0,3.37937792203227
feces,T12,Species,Catenibacterium_tridentinum,34,0.24979181779022147,1.4565240732607438,0,0,0,0,8.49292180486753
feces,T12,Species,Bacteroides_stercoris,34,0.2398305619378437,1.3552770005070671,0,0,0,0,7.909313379691986
feces,T12,Species,Oliverpabstia_intestinalis,34,0.2297966708448952,0.6474657823244352,0,0,0.0590021325911506,0,3.5219342524136104
feces,T12,Species,GGB3653_SGB4964,34,0.2252798361997587,0.5555133276991197,0,0,0.11174024065675078,0,2.1795905229774664
feces,T12,Species,Roseburia_lenta,34,0.215909009906788,0.9787028179096442,0,0,0,0,5.577071424372548
feces,T12,Species,Faecalibacillus_intestinalis,34,0.2059123886884459,0.4481155498425474,0,0,0.2539832676269936,0,1.918424436004133
feces,T12,Species,Agathobaculum_butyriciproducens,34,0.1983699937900632,0.29120624552935026,0.05462713709274662,0,0.3619800431492714,0,1.3251986521616135
feces,T12,Species,Ruminococcus_bicirculans,34,0.19397198875448632,0.8795083852358834,0,0,0,0,5.109140083277478
feces,T12,Species,Streptococcus_mutans,34,0.19341828183644116,0.5766297661202199,0,0,0,0,2.80910651594702
feces,T12,Species,Collinsella_intestinalis,34,0.19214243688275764,0.9477259651222146,0,0,0,0,5.49732515345353
feces,T12,Species,Limosilactobacillus_oris,34,0.18636524274837366,1.0602760764469938,0,0,0,0,6.185153508716928
feces,T12,Species,Phocaeicola_dorei,34,0.17861383213928103,0.4703307393200877,0,0,0.11563073222523179,0,2.5827305165461034
feces,T12,Species,Faecalibacterium_sp_CLA_AA_H233,34,0.17735946969362365,0.9555463035067457,0,0,0,0,5.57025694740432
feces,T12,Species,Parasutterella_SGB9260,34,0.1743787034857098,0.534145329018172,0,0,0,0,2.5803902580390257
feces,T12,Species,Ruminococcus_sp_AF41_9,34,0.1667398034963669,0.4985996317990216,0,0,0.0029118255417581998,0,2.0351891383899527
feces,T12,Species,Erysipelatoclostridium_ramosum,34,0.16612089245853284,0.25465650539586365,0.04817310803083181,0,0.24286976445324332,0,1.2007783055823995
feces,T12,Species,GGB3277_SGB4327,34,0.16292120371744662,0.6641882399934979,0,0,0,0,3.10737883401851
feces,T12,Species,GGB9715_SGB15265,34,0.16092295619269337,0.5292605154921519,0,0,0,0,2.830135885030794
feces,T12,Species,Sellimonas_intestinalis,34,0.15785642443733458,0.378466456157484,0,0,0.1298868717383534,0,1.7688192924722832
feces,T12,Species,Pediococcus_acidilactici,34,0.150781097985498,0.799021394234459,0,0,0,0,4.65650906927377
feces,T12,Species,Lachnospiraceae_bacterium,34,0.14652538365731116,0.6601181828478876,0,0,0.017158026345869267,0,3.8241513191680787
feces,T12,Species,Blautia_luti,34,0.1403483158826101,0.509542383391883,0,0,0,0,2.5029379980363213
feces,T12,Species,Ruthenibacterium_lactatiformans,34,0.13981460962323394,0.365597327364156,0.0014271810779728873,0,0.12670448123546652,0,1.7983246330503837
feces,T12,Species,Ligilactobacillus_salivarius,34,0.13974375132989325,0.7988132212848471,0,0,0,0,4.6601238503462445
feces,T12,Species,GGB3433_SGB4573,34,0.13462923236078517,0.7339832976755246,0,0,0,0,4.278751062810535
feces,T12,Species,Coprococcus_catus,34,0.13256629772508435,0.19858084019433528,0.029335462103147587,0,0.18652612606600172,0,0.8161327321371408
feces,T12,Species,Senegalimassilia_SGB14826,34,0.13202513876202165,0.7698322330316238,0,0,0,0,4.488854717908736
feces,T12,Species,Eubacterium_ventriosum,34,0.13160674304506567,0.2710986730029034,0,0,0.12474275518356465,0,1.2531898746810126
feces,T12,Species,Coprococcus_eutactus,34,0.1295259096598227,0.5228253006059811,0,0,0,0,2.8305736013163685
feces,T12,Species,Bifidobacterium_breve,34,0.1288358873574276,0.41820867575890996,0,0,0,0,2.103740693511409
feces,T12,Species,Bacteroides_uniformis,34,0.12848939201947066,0.4601714417175139,0.002270000454000091,0,0.05918769495845723,0,2.643021752931279
feces,T12,Species,Alistipes_onderdonkii,34,0.1270060462076903,0.6235202713900684,0,0,0.016341280968461262,0,3.6338187424699333
feces,T12,Species,Adlercreutzia_equolifaciens,34,0.1267895122118492,0.2600499124873632,0,0,0.09540265633205036,0,1.0953854580198845
feces,T12,Species,Turicibacter_bilis,34,0.1261745295338542,0.3375907073965913,0,0,0.0225238640690902,0,1.4325017377405145
feces,T12,Species,Roseburia_intestinalis,34,0.12416997528394234,0.5778714995389959,0,0,0.017277480899007228,0,3.3756096624390337
feces,T12,Species,Intestinibacter_bartlettii,34,0.12303146938302816,0.2334409089255171,0.00117,0,0.13570519821362625,0,1.0822440656069945
feces,T12,Species,Veillonella_dispar,34,0.11723655759520453,0.44423291318693453,0,0,0.02190242954870377,0,2.5487452058937725
feces,T12,Species,Phocaeicola_vulgatus,34,0.11480237007333542,0.38965484938714595,0,0,0.05091954781228751,0,2.2402504480500895
feces,T12,Species,Enterocloster_bolteae,34,0.11471136795201808,0.4842936551241957,0,0,0.016999051086474398,0,2.8004865304679334
feces,T12,Species,Parabacteroides_distasonis,34,0.11341459384284824,0.35969398686794085,0,0,0.05341708138533516,0,1.890323668691549
feces,T12,Species,Megasphaera_sp_NM10,34,0.11125049847185053,0.6486963048669211,0,0,0,0,3.782516948042918
feces,T12,Species,Dorea_sp_AF36_15AT,34,0.11049206762649309,0.2097805806613205,0.002880000576000115,0,0.1218648620230046,0,0.8378411032360876
feces,T12,Species,Blautia_SGB4815,34,0.10684489005574543,0.23732729598501237,0,0,0.07256607921731845,0,1.0077863339696496
feces,T12,Species,Streptococcus_lutetiensis,34,0.10351092718298778,0.5008852261686204,0,0,0,0,2.8672988267202983
feces,T12,Species,Lactobacillus_crispatus,34,0.09694897579956621,0.5653048141417918,0,0,0,0,3.2962651771852514
feces,T12,Species,Roseburia_inulinivorans,34,0.09671913546494616,0.3148994088259777,0,0,0.016535350661460065,0,1.336992874734015
feces,T12,Species,Klebsiella_grimontii,34,0.0966153660703297,0.5632905007375244,0,0,0,0,3.2845316322471847
feces,T12,Species,Drancourtella_massiliensis,34,0.09625296550303518,0.413759740815102,0,0,0,0,2.1883622355777455
feces,T12,Species,Faecalibacterium_SGB15346,34,0.09484886300557685,0.33598180135576494,0,0,0.05298253193144555,0,1.941424796838024
feces,T12,Species,Blautia_stercoris,34,0.09482117291520874,0.31568622979542904,0,0,0,0,1.4941526187353493
feces,T12,Species,Clostridium_perfringens,34,0.09472499936796344,0.4214102279522749,0,0,6.826101227175389e-4,0,2.453497313453866
feces,T12,Species,Ruminococcus_lactaris,34,0.09329888890408088,0.4395913201433462,0,0,0,0,2.5506142642334653
feces,T12,Species,Roseburia_faecis,34,0.0922496057260385,0.18392365111580172,0.004775841680225032,0,0.059140380240337756,0,0.7083914322205688
feces,T12,Species,Mediterraneibacter_glycyrrhizinilyticus,34,0.09191642120270584,0.30310511885604713,0,0,0.051893856734338946,0,1.7293119689720189
feces,T12,Species,Evtepia_gabavorous,34,0.09114222517374718,0.20864443135205166,0,0,0,0,0.7784801665667384
feces,T12,Species,Bacteroides_eggerthii,34,0.08800621123694718,0.5057428621464488,0,0,0,0,2.9499405363608253
feces,T12,Species,Enorma_massiliensis,34,0.08408513984982556,0.46003770057333626,0,0,0,0,2.6823836779105514
feces,T12,Species,Mediterraneibacter_SGB4586,34,0.08189332184515281,0.36847703252820235,0,0,0,0,2.0624468594732472
feces,T12,Species,GGB9730_SGB15290,34,0.08164575040426349,0.3463094175649774,0,0,0,0,1.8178011921640573
feces,T12,Species,Lactobacillus_gasseri,34,0.07996090083031901,0.2798824292078092,0,0,0,0,1.4937987043116874
feces,T12,Species,Blautia_producta,34,0.07594322815439078,0.1932880200814155,0,0,0.032445883390997084,0,0.7515014931413412
feces,T12,Species,Veillonella_atypica,34,0.0758342231070099,0.17977809171507478,0,0,0.01377471747908214,0,0.8928306357327347
feces,T12,Species,Bifidobacterium_pseudolongum,34,0.07187738773635659,0.3828078689539621,0,0,0,0,2.2282411614771216
feces,T12,Species,Latilactobacillus_sakei,34,0.07124926664917568,0.3918489680114813,0,0,0,0,2.286691363564852
feces,T12,Species,GGB48196_SGB66203,34,0.06977033474345318,0.40682746557632915,0,0,0,0,2.372191381277408
feces,T12,Species,Slackia_isoflavoniconvertens,34,0.0681554888165308,0.38158196437311037,0,0,0,0,2.227056800063659
feces,T12,Species,Prevotella_sp_885,34,0.0667495268201146,0.38921327989177446,0,0,0,0,2.2694839118838965
feces,T12,Species,Roseburia_hominis,34,0.06643726818640683,0.15957363117636691,0,0,0.061923021284451846,0,0.823580403120671
feces,T12,Species,Lentihominibacter_faecis,34,0.06513915495610058,0.1726377844201254,0,0,0.017528606264677296,0,0.8972314017076861
feces,T12,Species,Tyzzerella_nexilis,34,0.06500752131148613,0.2300745846020258,0,0,0,0,1.2329431440135235
feces,T12,Species,Blautia_sp_MCC283,34,0.06446934381073663,0.20849110444811067,0,0,0,0,1.0899342899079902
feces,T12,Species,Faecalicatena_fissicatena,34,0.06444924909384452,0.13286082633558657,0,0,0.05507371473346779,0,0.47421039104681495
feces,T12,Species,Baileyella_intestinalis,34,0.06428867936000025,0.3719534039318907,0,0,0,0,2.1692947771413267
feces,T12,Species,Clostridium_fessum,34,0.06406596310102607,0.27006210337894787,0,0,0.005663925519451401,0,1.5159092452841805
feces,T12,Species,Enterobacter_hormaechei,34,0.0636473026909493,0.27528086111290717,0,0,0,0,1.5200814865534984
feces,T12,Species,Streptococcus_australis,34,0.06276014709747171,0.230163979646115,3.353275815143814e-4,0,0.0149869999241317,0,1.3269920886584043
feces,T12,Species,GGB4598_SGB6360,34,0.06194841858074984,0.26332953286750493,0,0,0,0,1.369858529013159
feces,T12,Species,Clostridium_SGB6173,34,0.060813254567663795,0.16419331248904304,0,0,6.603441713821244e-4,0,0.6453723065282126
feces,T12,Species,Parafannyhessea_umbonata,34,0.05879735882091236,0.34284457082869796,0,0,0,0,1.9991101999110201
feces,T12,Species,Ruminococcus_callidus,34,0.05832130328997228,0.20620386365257487,0,0,0,0,1.0192432876167632
feces,T12,Species,Clostridium_innocuum,34,0.05500342381202732,0.12556618206782783,0.003699926389717644,0,0.055691514744165144,0,0.60499
feces,T12,Species,GGB3304_SGB4367,34,0.054387146886697164,0.31712883719421653,0,0,0,0,1.8491629941477037
feces,T12,Species,GGB1219_SGB1587,34,0.05136588223281297,0.2995119883358214,0,0,0,0,1.7464399959156411
feces,T12,Species,Lacrimispora_amygdalina,34,0.04823210303512087,0.27034008350208627,0,0,0,0,1.577732909719801
feces,T12,Species,GGB3606_SGB4870,34,0.046367868929822566,0.20892216290080629,0,0,0,0,1.156228494173399
feces,T12,Species,Eubacteriaceae_bacterium,34,0.0445434685087397,0.1460025024201358,0,0,0,0,0.7419638427707455
feces,T12,Species,GGB9758_SGB15368,34,0.04360935024576024,0.17854397436228067,0,0,0,0,0.8346502787402298
feces,T12,Species,GGB9760_SGB15373,34,0.04359430556565967,0.2529063143392881,0,0,0,0,1.4748970102142174
feces,T12,Species,Limosilactobacillus_fermentum,34,0.04325384597827432,0.21522901669888406,0,0,0,0,1.2407406942943062
feces,T12,Species,GGB3363_SGB4447,34,0.04286551707259796,0.23788888935749977,0,0,0,0,1.3874750869529888
feces,T12,Species,Veillonella_rogosae,34,0.041700577348390395,0.12395789302036492,0,0,0.005494783561882332,0,0.5534409125970853
feces,T12,Species,Lachnospira_eligens,34,0.04148420880502337,0.15244265570753326,0,0,7.826476879206156e-4,0,0.8691831940114735
feces,T12,Species,Clostridiales_bacterium_KLE1615,34,0.041446523412574175,0.12077297466940759,0,0,0,0,0.456989944777461
feces,T12,Species,Longicatena_caecimuris,34,0.04141689548515182,0.1097965529792681,0,0,0,0,0.48969293431330624
feces,T12,Species,Leuconostoc_mesenteroides,34,0.04014698968505001,0.22870854430533258,0,0,0,0,1.3343382011119052
feces,T12,Species,Gordonibacter_urolithinfaciens,34,0.040088499324954875,0.08654760880098221,0,0,0.02320599661312761,0,0.3500650110584774
feces,T12,Species,GGB9730_SGB15291,34,0.03945587348571492,0.13142107618113655,0,0,0,0,0.5914577951200528
feces,T12,Species,Bacteroides_caccae,34,0.03799963959822443,0.07478869656154628,0,0,0.04173376167922311,0,0.32862006572401314
feces,T12,Species,Peptostreptococcus_russellii,34,0.037432030926265625,0.21363800952089243,0,0,0,0,1.2462339402051965
feces,T12,Species,Wansuia_hejianensis,34,0.03732160076133987,0.09408007897152783,0,0,0.02699043620992415,0,0.44116288766044226
feces,T12,Species,GGB4277_SGB5832,34,0.03590635343752553,0.18164911924730293,0,0,0,0,1.06045
feces,T12,Species,Streptococcus_vestibularis,34,0.03589584384250907,0.13259650773008844,0,0,0,0,0.7574877829925847
feces,T12,Species,Eubacteriaceae_bacterium_Marseille_Q4139,34,0.03516692566115517,0.12470093194793316,0,0,0,0,0.5574280778594876
feces,T12,Species,GGB9359_SGB14334,34,0.03432598501940073,0.17796973039069586,0,0,0,0,1.0345019509508688
feces,T12,Species,GGB3537_SGB4727,34,0.03404478076626452,0.16600449093878306,0,0,0,0,0.9681529121101028
feces,T12,Species,Lactococcus_lactis,34,0.034015549538970846,0.13016771535542118,0,0,0.0035043264549483194,0,0.7249036373558663
feces,T12,Species,Bifidobacterium_catenulatum,34,0.033969473039829015,0.14731539217520304,0,0,0,0,0.8195296010359692
feces,T12,Species,Enterococcus_faecium,34,0.03386002997883338,0.10416407200004783,0,0,9.529967018810204e-4,0,0.5325893963556322
feces,T12,Species,GGB9411_SGB14764,34,0.033223559848665485,0.19372497925308227,0,0,0,0,1.1296010348546266
feces,T12,Species,Actinomyces_oris,34,0.033163548261985996,0.14937363083096958,0,0,0.012713612852700113,0,0.8725204222649715
feces,T12,Species,Bacteroides_xylanisolvens,34,0.03286868568965049,0.12087312124541981,0,0,0.0018224998177500183,0,0.6876348549801556
feces,T12,Species,Parabacteroides_merdae,34,0.03234415324300976,0.0979296160870615,0,0,0.005932755108469664,0,0.5046001009200202
feces,T12,Species,Streptococcus_gordonii,34,0.03138504743036673,0.08813390631181557,0,0,0.020342504277751465,0,0.4840833751424948
feces,T12,Species,GGB9480_SGB14874,34,0.03102192719027301,0.17276725867382936,0,0,0,0,1.007725510363278
feces,T12,Species,Prevotella_marseillensis,34,0.030919448501904145,0.10756206979876737,0,0,0,0,0.5158301031660206
feces,T12,Species,GGB34797_SGB14322,34,0.030511849517755103,0.15495377635457377,0,0,0,0,0.8981828557596679
feces,T12,Species,Clostridium_sp_AM29_11AC,34,0.029837324645741552,0.10409173654460809,0,0,0,0,0.4717088685827573
feces,T12,Species,Bacteroides_thetaiotaomicron,34,0.028704635560677056,0.07268215960523834,0,0,0.005897260509540563,0,0.3105800621160124
feces,T12,Species,Wujia_chipingensis,34,0.02845460769587373,0.11653098000764822,0,0,0,0,0.6478583899256948
feces,T12,Species,Mediterraneibacter_sp_NSJ_151,34,0.0283509922784287,0.14565781325751542,0,0,0,0,0.8445126626769026
feces,T12,Species,Bacteroides_ovatus,34,0.02829458381599849,0.07155194761106,0,0,0.009158168537939108,0,0.287847616274116
feces,T12,Species,Slackia_piriformis,34,0.027657463373788306,0.1612693384660054,0,0,0,0,0.9403537547088024
feces,T12,Species,GGB36331_SGB15121,34,0.027513716530699586,0.09689469131726834,0,0,0,0,0.5002451236631118
feces,T12,Species,Phascolarctobacterium_faecium,34,0.02709692492613309,0.08710921227354178,0,0,0,0,0.4118608883324347
feces,T12,Species,Clostridium_sp_AM49_4BH,34,0.027063286258132396,0.07646263522125511,0,0,0,0,0.363093633924282
feces,T12,Species,Megasphaera_SGB5856,34,0.02690677008723637,0.15689208202433777,0,0,0,0,0.9148301829660366
feces,T12,Species,Collinsella_bouchesdurhonensis,34,0.02663347595257837,0.09591628472483424,0,0,0,0,0.48898599858632347
feces,T12,Species,Lactiplantibacillus_plantarum,34,0.026591084511069223,0.09513451004146682,0,0,0,0,0.4945976965763297
feces,T12,Species,Oscillospiraceae_bacterium,34,0.026277120294704012,0.15322062437348227,0,0,0,0,0.8934220900199364
feces,T12,Species,Alistipes_ihumii,34,0.02583615852024345,0.13213070848928124,0,0,0,0,0.7684905964878803
feces,T12,Species,Clostridium_spiroforme,34,0.025315997716668877,0.0713276452982425,0,0,0,0,0.3606057143383172
feces,T12,Species,Rothia_SGB49305,34,0.025210932206404087,0.10451724218503967,0,0,0,0,0.5543419102248016
feces,T12,Species,Eisenbergiella_tayi,34,0.02501857568099848,0.11375781725581399,0,0,8.480230606237927e-4,0,0.6632805927722777
feces,T12,Species,Megasphaera_massiliensis,34,0.024675417486234825,0.11480735458600824,0,0,0,0,0.6472268863556265
feces,T12,Species,Blautia_faecicola,34,0.02456960950159618,0.13231706780327676,0,0,0,0,0.7721169490525415
feces,T12,Species,GGB32387_SGB47381,34,0.02432610409544318,0.10820145297539752,0,0,0,0,0.6149607551617176
feces,T12,Species,Streptococcus_anginosus,34,0.02382855012509001,0.05420739309696776,0,0,0.007873352611171098,0,0.17720731986156285
feces,T12,Species,Eubacterium_sp_c_25,34,0.02369049987289427,0.07044344124661531,0,0,0,0,0.3234497951274618
feces,T12,Species,Blautia_hydrogenotrophica,34,0.023269499865102867,0.08532953015270796,0,0,0,0,0.4193492398121429
feces,T12,Species,Faecalibacillus_SGB6753,34,0.022698007895091122,0.07497724255706152,0,0,0,0,0.3378697893040018
feces,T12,Species,Barnesiella_intestinihominis,34,0.022246893502064876,0.10428243226723563,0,0,0,0,0.6088801217760244
feces,T12,Species,Bilophila_wadsworthia,34,0.02214809302602772,0.05469331793238928,0,0,0.010374060649591805,0,0.22429
feces,T12,Species,Lacticaseibacillus_paracasei,34,0.021982384509126852,0.07182474964046774,0,0,0,0,0.3332593960760685
feces,T12,Species,Faecalibacillus_faecis,34,0.021505756717963245,0.11685896502845577,0,0,0,0,0.6820299317970068
feces,T12,Species,GGB3609_SGB4877,34,0.021498396954289848,0.11947504915280495,0,0,0,0,0.697261548907603
feces,T12,Species,GGB9715_SGB15267,34,0.021354294837273493,0.10810245177369324,0,0,0,0,0.6252971137691246
feces,T12,Species,Rubneribacter_badeniensis,34,0.0212677441663131,0.10733557031235284,0,0,0,0,0.6216234173238053
feces,T12,Species,Desulfovibrio_piger,34,0.02117965710403843,0.11807543924037056,0,0,0,0,0.6888101377620275
feces,T12,Species,Bacteroides_fragilis,34,0.021110373102054315,0.05844968088376238,0,0,0,0,0.24964387404775018
feces,T12,Species,GGB3588_SGB4808,34,0.021060775460568906,0.12280436857871567,0,0,0,0,0.7160663656593428
feces,T12,Species,Fusicatenibacter_sp_CLA_AA_H277,34,0.020837642210599448,0.05684765092209407,0,0,0.01094750152425037,0,0.3104557146084788
feces,T12,Species,Flavonifractor_plautii,34,0.020567224921899187,0.06301242366409372,0,0,8.400002520000756e-4,0,0.3171994126040514
feces,T12,Species,Streptococcus_mitis,34,0.02048721813944916,0.07324324056567014,0,0,0.007313407789958864,0,0.39603158558650625
feces,T12,Species,Blautia_SGB4793,34,0.020379910786013464,0.06932892859471197,0,0,0,0,0.3149874235883711
feces,T12,Species,GGB3600_SGB4859,34,0.019975530574795276,0.08382250241121512,0,0,0,0,0.47166583223175923
feces,T12,Species,GGB3109_SGB4121,34,0.019846923443882187,0.08768363228059005,0,0,0.0017850160651445863,0,0.5119213295853706
feces,T12,Species,Mogibacterium_diversum,34,0.019683079500410004,0.0896042504879329,0,0,0.0011139630498632985,0,0.5183682759503738
feces,T12,Species,GGB4456_SGB6141,34,0.019146251595799715,0.08622034860695649,0,0,0,0,0.49750447754029786
feces,T12,Species,Clostridium_sp_AT4,34,0.018733910745803186,0.06608159613265731,0,0,0,0,0.35102790434827835
feces,T12,Species,Hydrogeniiclostridium_mannosilyticum,34,0.01858314389274402,0.08039879800741467,0,0,0,0,0.44826672702561976
feces,T12,Species,GGB3511_SGB4688,34,0.018449533832451723,0.04514637916769647,0,0,0,0,0.18074777215420262
feces,T12,Species,GGB9642_SGB15119,34,0.01822197931463576,0.10404792662124414,0,0,0,0,0.6069901820970547
feces,T12,Species,Clostridium_symbiosum,34,0.018126307902045957,0.08933960936035729,0,0,0,0,0.5216663297726121
feces,T12,Species,Clostridium_sp_1001270J_160509_D11,34,0.01805700252746558,0.053625987693346436,0,0,7.215030351227677e-4,0,0.29229263063367567
feces,T12,Species,Clostridiaceae_bacterium_Marseille_Q4149,34,0.018028109876752418,0.09521188590196711,0,0,0,0,0.5544254341704042
feces,T12,Species,Parasutterella_excrementihominis,34,0.01800253935007585,0.06971002823266857,0,0,0,0,0.296632755208474
feces,T12,Species,Enterocloster_aldenensis,34,0.017987718785206955,0.06755475498099592,0,0,0,0,0.382643417777168
feces,T12,Species,Eubacterium_sp_AF16_48,34,0.017953147060955674,0.07107399217711943,0,0,0,0,0.37904816028095034
feces,T12,Species,GGB9699_SGB15216,34,0.017932882159088434,0.06345002474086858,0,0,0,0,0.345111787555432
feces,T12,Species,Eisenbergiella_massiliensis,34,0.017875429982987953,0.09153559529791253,0,0,0,0,0.5334826491381273
feces,T12,Species,Lachnospiraceae_bacterium_CLA_AA_H244,34,0.017839898384620547,0.041619066995720905,0,0,2.8500005700001136e-4,0,0.1596394214271486
feces,T12,Species,Schaalia_SGB17168,34,0.017544280676273023,0.0772604002962465,0,0,0,0,0.4514289511115725
feces,T12,Species,Ruminococcus_sp_AF13_28,34,0.017029490627676905,0.08700449794283914,0,0,0,0,0.5040251110208764
feces,T12,Species,Firmicutes_bacterium,34,0.01695637626348491,0.04257925473000779,0,0,0,0,0.2012949149096509
feces,T12,Species,Bifidobacterium_dentium,34,0.016412876132889696,0.06454722076211288,0,0,0,0,0.3543946355102385
feces,T12,Species,Ligilactobacillus_saerimneri,34,0.01614970729050014,0.0826269487176439,0,0,0,0,0.4787700478770048
feces,T12,Species,Ruminococcus_bovis,34,0.016076657638154048,0.08659141005677073,0,0,0,0,0.5044251528762943
feces,T12,Species,Eubacterium_sp_AF34_35BH,34,0.016028815592744758,0.0665568786734753,0,0,0,0,0.35129
feces,T12,Species,Rothia_mucilaginosa,34,0.015898304589911545,0.05410082963587337,0,0,0.0019060804901421904,0,0.2628160843443619
feces,T12,Species,Gemella_sanguinis,34,0.015897833937086832,0.06395489905752201,0,0,0.006266527690625439,0,0.3716450311309767
feces,T12,Species,GGB3005_SGB3996,34,0.015522161773638393,0.06057164854362428,0,0,0,0,0.29260209571790663
feces,T12,Species,Dorea_phocaeensis,34,0.015312974527524226,0.07832680064609915,0,0,0,0,0.45383653960444187
feces,T12,Species,Alistipes_finegoldii,34,0.015095125520102374,0.050706599167896195,0,0,0,0,0.2685277560633477
feces,T12,Species,GGB3550_SGB4746,34,0.01504884586240005,0.03875130934432676,0,0,0,0,0.1799699820030018
feces,T12,Species,GGB3730_SGB5060,34,0.014887010737412611,0.054118476478593754,0,0,0,0,0.29588174878891665
feces,T12,Species,Ruminococcus_SGB4421,34,0.014725485790847996,0.06841165016739273,0,0,0,0,0.38539649383482727
feces,T12,Species,Enterocloster_hominis,34,0.014498718942511783,0.055502948091062175,0,0,0,0,0.3210606256796626
feces,T12,Species,Alistipes_dispar,34,0.014492908911287884,0.05745155926661673,0,0,0,0,0.26134005226801044
feces,T12,Species,Schaalia_SGB17154,34,0.01439313501776077,0.07466886911927507,0,0,0,0,0.43518999999999997
feces,T12,Species,Zhenpiania_hominis,34,0.014299246702246308,0.03275417772778845,0,0,0,0,0.12536324484859682
feces,T12,Species,Roseburia_sp_AF02_12,34,0.013503962947049657,0.040626160448044644,0,0,0,0,0.20420297000106052
feces,T12,Species,Propionibacterium_acidifaciens,34,0.013176920443970024,0.0706548222422704,0,0,0,0,0.41239306056828695
feces,T12,Species,Butyricicoccus_SGB14985,34,0.012864024581759968,0.07500950851034982,0,0,0,0,0.43737683577983894
feces,T12,Species,GGB3000_SGB3991,34,0.012426054592188101,0.07245572656977035,0,0,0,0,0.42248585613439543
feces,T12,Species,Prevotella_buccae,34,0.01239622080626305,0.07228176719920028,0,0,0,0,0.4214715074129437
feces,T12,Species,Clostridium_leptum,34,0.012393178553622155,0.041948430027828644,0,0,0,0,0.21666931678062154
feces,T12,Species,Clostridium_butyricum,34,0.012386154929226725,0.063217872002720693,0,0,0,0,0.36616945470525225
feces,T12,Species,Lentihominibacter_SGB71368,34,0.012206474319459147,0.05505646076900675,0,0,0,0,0.304914214933665
feces,T12,Species,Oscillibacter_sp_ER4,34,0.01208080467851754,0.06021459928829044,0,0,0,0,0.3500893871955353
feces,T12,Species,Tyzzerella_SGB4587,34,0.011884977713076955,0.06930073331626023,0,0,0,0,0.40408924224461645
feces,T12,Species,Clostridium_sp_AM22_11AC,34,0.011871508350407914,0.048039471135505635,0,0,0,0,0.27304671045868006
feces,T12,Species,Jutongia_hominis,34,0.011819003590237095,0.04844753443383733,0,0,0,0,0.22799395322993768
feces,T12,Species,Schaalia_SGB17153,34,0.011720717307899243,0.0683429387954412,0,0,0,0,0.3985043884685743
feces,T12,Species,GGB9787_SGB15410,34,0.011706602716102445,0.061610777694594464,0,0,0,0,0.3582480272930222
feces,T12,Species,Clostridiaceae_unclassified_SGB15090,34,0.011363948816911624,0.06010488700243107,0,0,0,0,0.3496542487589919
feces,T12,Species,Erysipelatoclostridium_SGB66626,34,0.011290825958147252,0.046596585345050734,0,0,0,0,0.24454210734971368
feces,T12,Species,Clostridiaceae_bacterium_AF18_31LB,34,0.01123599562701991,0.05698653408071902,0,0,0,0,0.33247944258270173
feces,T12,Species,GGB3429_SGB4569,34,0.010494319770372898,0.05619495009344114,0,0,0,0,0.3272299510713909
feces,T12,Species,Clostridium_saccharogumia,34,0.010428658053185972,0.037088304304354405,0,0,0,0,0.16488260066313679
feces,T12,Species,Eubacterium_siraeum,34,0.010235542568134444,0.04919665329932121,0,0,0,0,0.2827099717290028
feces,T12,Species,Sutterella_wadsworthensis,34,0.010155805649179658,0.05921801419376473,0,0,0,0,0.34529739207210836
feces,T12,Species,Clostridia_bacterium_UC5_1_1D1,34,0.010152775981654323,0.04054714083716148,0,0,0,0,0.2043425057613526
feces,T12,Species,Lacticaseibacillus_rhamnosus,34,0.010130060980889314,0.029657413966088942,0,0,0,0,0.1391659512177446
feces,T12,Species,GGB9608_SGB15041,34,0.010092574433120095,0.058849316014668855,0,0,0,0,0.3431475307260832
feces,T12,Species,Alistipes_shahii,34,0.01006849815620727,0.03880735600714506,0,0,0,0,0.21794183413400298
feces,T12,Species,GGB9641_SGB15117,34,0.009937120797482714,0.057089689634898216,0,0,0,0,0.33299910761632184
feces,T12,Species,Gordonibacter_pamelaeae,34,0.009779230547724222,0.02761705260466904,0,0,0,0,0.10043090387813491
feces,T12,Species,Faecalibacterium_sp_HTFF,34,0.009672484185432971,0.04939095159164053,0,0,0,0,0.2861026883277229
feces,T12,Species,Limosilactobacillus_pontis,34,0.009491794030110553,0.05314318816841128,0,0,0,0,0.30999987600004963
feces,T12,Species,Merdimonas_faecis,34,0.008888325092398881,0.041897873031586964,0,0,0,0,0.24021865610038634
feces,T12,Species,Streptococcus_rubneri,34,0.008812775094040725,0.03674558184749196,0,0,0,0,0.20719486761067588
feces,T12,Species,GGB3637_SGB4930,34,0.0086855580155763,0.050645070968713415,0,0,0,0,0.2953089725295942
feces,T12,Species,Schaalia_odontolytica,34,0.008517921787339443,0.022138214955376934,0,0,0,0,0.08533836919915629
feces,T12,Species,GGB2653_SGB3574,34,0.008409675521986744,0.048333615661370635,0,0,0,0,0.2819372545599791
feces,T12,Species,Enterococcus_avium,34,0.008313530790099702,0.029919193492115914,0,0,0,0,0.1516566973993584
feces,T12,Species,GGB9580_SGB14998,34,0.008174034481255227,0.036592860781919465,0,0,0,0,0.20157233622697712
feces,T12,Species,Megasphaera_micronuciformis,34,0.007947815004613947,0.03740439820081921,0,0,0,0,0.21646296164654633
feces,T12,Species,Senegalimassilia_anaerobia,34,0.007703892864447546,0.044921028695635606,0,0,0,0,0.26193235739121656
feces,T12,Species,Propionibacterium_freudenreichii,34,0.007629117404320866,0.044485016584722016,0,0,0,0,0.25938999174690947
feces,T12,Species,GGB9559_SGB14969,34,0.0075166930794651424,0.024185390910917356,0,0,0,0,0.09279780248108055
feces,T12,Species,GGB3363_SGB4448,34,0.007503415013604375,0.03636635610620919,0,0,0,0,0.20822718937602258
feces,T12,Species,GGB9715_SGB15266,34,0.007452533456820441,0.026619872652891428,0,0,0,0,0.13526049777143848
feces,T12,Species,Granulicatella_SGB8255,34,0.007419101516223899,0.021979541214949688,0,0,0.0028363151450066706,0,0.11280422352907675
feces,T12,Species,Anaerofustis_stercorihominis,34,0.007353376575095391,0.04078234583798953,0,0,0,0,0.23790904097495155
feces,T12,Species,Dialister_pneumosintes,34,0.007300240994875964,0.0320095202777001,0,0,0,0,0.17662154460786697
feces,T12,Species,GGB9469_SGB14862,34,0.007176352612339324,0.040783977530593006,0,0,0,0,0.23791598942753694
feces,T12,Species,Collinsella_SGB14754,34,0.007146645026362484,0.02999524685643642,0,0,0,0,0.16082751312654978
feces,T12,Species,Brotolimicola_acetigignens,34,0.007082779825023382,0.026029507150902256,0,0,0,0,0.13296136096189998
feces,T12,Species,Clostridium_SGB4750,34,0.007046300953546366,0.028430755564335605,0,0,0,0,0.16387242909177446
feces,T12,Species,Clostridium_celatum,34,0.006849646806463248,0.03919782333152813,0,0,0,0,0.22866678847286445
feces,T12,Species,Lentihominibacter_hominis,34,0.00681754354639412,0.023633322396239626,0,0,0,0,0.12525003757501127
feces,T12,Species,GGB51959_SGB72479,34,0.006739339137029599,0.03613895111681396,0,0,0,0,0.21083414627598138
feces,T12,Species,Anaerostipes_caccae,34,0.006640807721370353,0.02854487643791122,0,0,0,0,0.16009372475336106
feces,T12,Species,Actinomyces_naeslundii,34,0.0065778778905165244,0.019650409269228855,0,0,0,0,0.08280409290542085
feces,T12,Species,Lactonifactor_longoviformis,34,0.006487031354968184,0.0262086932007391,0,0,0,0,0.13135803911199365
feces,T12,Species,Clostridium_sp_NSJ_42,34,0.006368686640521878,0.036920529152949855,0,0,0,0,0.21531534541174374
feces,T12,Species,Limosilactobacillus_mucosae,34,0.006330882620176497,0.02603359764518335,0,0,0,0,0.12439
feces,T12,Species,Massilioclostridium_coli,34,0.006223947234477634,0.03335482681374124,0,0,0,0,0.19476191942946908
feces,T12,Species,Hornefia_butyriciproducens,34,0.00606917226960925,0.03538905154562061,0,0,0,0,0.2063518571667145
feces,T12,Species,GGB47687_SGB2286,34,0.006039499688074246,0.020332055295928277,0,0,0,0,0.08277079100390478
feces,T12,Species,GGB3600_SGB47662,34,0.005814119391294641,0.033901850481526295,0,0,0,0,0.1976800593040178
feces,T12,Species,Scardovia_wiggsiae,34,0.005764959679396958,0.016029472833676166,0,0,0,0,0.07995846574050619
feces,T12,Species,GGB3534_SGB4722,34,0.005699212339240615,0.026236678419819925,0,0,0,0,0.1471176417001949
feces,T12,Species,Oscillospiraceae_unclassified_SGB15256,34,0.005450285531880353,0.022999419108525855,0,0,0,0,0.11811330139926152
feces,T12,Species,Clostridium_sp_AF36_4,34,0.005393337650303885,0.019816870868971635,0,0,0,0,0.10402351184547734
feces,T12,Species,Mediterraneibacter_butyricigenes,34,0.0052451590043560235,0.011553952895605011,0,0,0.003545253875907871,0,0.04472498372115212
feces,T12,Species,GGB3433_SGB4574,34,0.005202356265251918,0.016665513148692603,0,0,0,0,0.06116775738151527
feces,T12,Species,Veillonella_tobetsuensis,34,0.005132067254417379,0.01942615721431606,0,0,0,0,0.10348496450828981
feces,T12,Species,GGB9762_SGB15377,34,0.005088964330694828,0.026045492361147688,0,0,0,0,0.15092458834183403
feces,T12,Species,Phascolarctobacterium_succinatutens,34,0.005085103918044065,0.021392160435406746,0,0,0,0,0.10919214082583961
feces,T12,Species,GGB51441_SGB71759,34,0.0049548758184766225,0.01708243487966363,0,0,0,0,0.08311074799673197
feces,T12,Species,Clostridia_bacterium,34,0.004848053281599152,0.0205319263372348,0,0,0,0,0.11537731419841135
feces,T12,Species,Parabacteroides_goldsteinii,34,0.004793620487167576,0.023747452581171773,0,0,0,0,0.13676181091528952
feces,T12,Species,GGB45432_SGB63101,34,0.004790550870173418,0.020119431309491554,0,0,0,0,0.11299033613914498
feces,T12,Species,GGB3002_SGB3993,34,0.004775720735161548,0.022007252806297017,0,0,0,0,0.12346755621444033
feces,T12,Species,Anaerotignum_faecicola,34,0.004695695397031394,0.022247474867943047,0,0,0,0,0.1294156726655733
feces,T12,Species,Oscillibacter_valericigenes,34,0.004689043595175134,0.014014375042876797,0,0,0,0,0.06190001238000248
feces,T12,Species,Blautia_schinkii,34,0.004602902876345598,0.026159100082073616,0,0,0,0,0.15260080538924375
feces,T12,Species,Clostridiaceae_bacterium_Marseille_Q3526,34,0.004575296367863068,0.021898222504031728,0,0,0,0,0.12629118997025032
feces,T12,Species,Paraeggerthella_hongkongensis,34,0.004534716435382592,0.02644171339148025,0,0,0,0,0.15418035880300812
feces,T12,Species,GGB3585_SGB4803,34,0.004381245107389752,0.021218496355115083,0,0,0,0,0.12331049127460365
feces,T12,Species,Schaalia_SGB17157,34,0.004342555194227689,0.012714256572520689,0,0,7.805654416058993e-4,0,0.0698263935163007
feces,T12,Species,Alistipes_timonensis,34,0.004338847058417528,0.02529960847672364,0,0,0,0,0.14752079998619594
feces,T12,Species,GGB3538_SGB4728,34,0.00433791253907092,0.025294159339368773,0,0,0,0,0.1474890263284113
feces,T12,Species,Mogibacterium_kristiansenii,34,0.004299156339465878,0.02506817380384475,0,0,0,0,0.14617131554183987
feces,T12,Species,Anaeromassilibacillus_senegalensis,34,0.004198406035391606,0.014420563732465357,0,0,0,0,0.07714536330541305
feces,T12,Species,Clostridium_disporicum,34,0.004145577369844303,0.02160311650119175,0,0,0,0,0.12604540035849446
feces,T12,Species,Enterobacter_kobei,34,0.0041262625485485585,0.017720705982237312,0,0,0,0,0.0936049979316913
feces,T12,Species,GGB9453_SGB14844,34,0.0040611683450314726,0.023680477256747014,0,0,0,0,0.13807972373107005
feces,T12,Species,Parabacteroides_johnsonii,34,0.0039911266098897015,0.023272067268503855,0,0,0,0,0.13569830473624986
feces,T12,Species,GGB9719_SGB15272,34,0.003950745470307749,0.01649078105617127,0,0,0,0,0.08542522802395507
feces,T12,Species,Coprobacillus_cateniformis,34,0.003900638580540028,0.0219112630098718,0,0,0,0,0.1278188386596853
feces,T12,Species,Actinomyces_graevenitzii,34,0.0038868069020680054,0.018047783223747615,0,0,0,0,0.10164598639725062
feces,T12,Species,Blautia_sp_OF03_15BH,34,0.0038814348962074594,0.015243393038152742,0,0,0,0,0.08553819316399924
feces,T12,Species,GGB9512_SGB14909,34,0.0038740505424451656,0.016598778307118943,0,0,0,0,0.0873953861605245
feces,T12,Species,Lachnospiraceae_unclassified_SGB4550,34,0.003798031269561214,0.022146137627929663,0,0,0,0,0.12913306316508127
feces,T12,Species,Streptococcus_sanguinis,34,0.003769715069985404,0.008742328538743734,0,0,0.005565711389706604,0,0.04635199313570484
feces,T12,Species,Actinomyces_sp_ICM47,34,0.003768615336125196,0.011997639996597543,0,0,0,0,0.0554503231198573
feces,T12,Species,Lawsonibacter_asaccharolyticus,34,0.003467586410801692,0.01978035237082558,0,0,0,0,0.11538706168817531
feces,T12,Species,Paraprevotella_clara,34,0.003446711202202941,0.019601126206792965,0,0,0,0,0.11434404940768521
feces,T12,Species,Pediococcus_pentosaceus,34,0.003303218349219333,0.019260907292468234,0,0,0,0,0.11230942387345731
feces,T12,Species,Terrisporobacter_mayombei,34,0.0032896405650986206,0.013384395532453755,0,0,0,0,0.05943555434861134
feces,T12,Species,GGB3003_SGB3994,34,0.0032580210472419485,0.01802841811409815,0,0,0,0,0.10514271391722574
feces,T12,Species,Streptococcus_oralis,34,0.003173357294957222,0.008855022866986334,0,0,0,0,0.03645871801807282
feces,T12,Species,Bacteroides_cellulosilyticus,34,0.0031302385199634074,0.01574015940906309,0,0,0,0,0.09143166518884367
feces,T12,Species,Lachnospira_pectinoschiza,34,0.0031127792172400814,0.010289187909101896,0,0,0,0,0.05137314403641503
feces,T12,Species,Raoultibacter_massiliensis,34,0.0030199378590169052,0.017609112381349684,0,0,0,0,0.10267788720657478
feces,T12,Species,Citrobacter_freundii,34,0.0029503363580801216,0.016476885124023958,0,0,0,0,0.09611143533472397
feces,T12,Species,Faecalicatena_contorta,34,0.0028240081226267068,0.008709990412910078,0,0,1.7999999999999998e-4,0,0.045412779262090835
feces,T12,Species,Eubacterium_callanderi,34,0.0027563351376337576,0.016072057593614242,0,0,0,0,0.09371539467954776
feces,T12,Species,Clostridioides_difficile,34,0.002734404149424667,0.014203383451043378,0,0,0,0,0.08246974108043867
feces,T12,Species,Latilactobacillus_curvatus,34,0.002708642812677466,0.012163226504955105,0,0,0,0,0.06989311007029135
feces,T12,Species,Lachnospiraceae_bacterium_CLA_AA_H215,34,0.002704030599738058,0.015175797303611965,0,0,0,0,0.08852700970081775
feces,T12,Species,Actinomyces_radicidentis,34,0.0025867869631569567,0.010545707180571339,0,0,0,0,0.047837766411197385
feces,T12,Species,Bacteroides_faecis,34,0.0025760225173444918,0.015020663378674024,0,0,0,0,0.08758476558971272
feces,T12,Species,Alistipes_communis,34,0.0025448913808505604,0.00774698527023171,0,0,0,0,0.034922104248235275
feces,T12,Species,Actinomyces_sp_ph3,34,0.0024895861342793964,0.007588382480484504,0,0,0,0,0.02941180000216013
feces,T12,Species,Schaalia_SGB17158,34,0.002473967343782442,0.007684698458625917,0,0,0,0,0.032085730511469346
feces,T12,Species,GGB3109_SGB4119,34,0.0024668672444389233,0.013899434411824483,0,0,0,0,0.08108348658992337
feces,T12,Species,Tractidigestivibacter_SGB14390,34,0.002466492786670374,0.014382000788057884,0,0,0,0,0.08386075474679272
feces,T12,Species,Lactococcus_cremoris,34,0.0023931120799758703,0.007946893730529602,0,0,0,0,0.034800817849237414
feces,T12,Species,Longibaculum_muris,34,0.002354168932620199,0.010796101533629723,0,0,0,0,0.06041
feces,T12,Species,Clostridium_sp_C5_48,34,0.0023025217084043843,0.010685197436977125,0,0,0,0,0.060162501275654784
feces,T12,Species,Pseudoflavonifractor_phocaeensis,34,0.002291865477692816,0.00977072631637688,0,0,0,0,0.05106489230291398
feces,T12,Species,Hungatella_hathewayi,34,0.002286433038660821,0.006437247394427076,0,0,0,0,0.0283807178158504
feces,T12,Species,GGB9357_SGB14330,34,0.0022339643932121943,0.013026138911617578,0,0,0,0,0.07595478936921461
feces,T12,Species,Enteroscipio_rubneri,34,0.002199575142866406,0.012825616847151493,0,0,0,0,0.0747855548574578
feces,T12,Species,GGB3441_SGB4591,34,0.002159038076312637,0.012589247162118324,0,0,0,0,0.07340729459462966
feces,T12,Species,GGB3449_SGB4601,34,0.002095371098049677,0.012218008074576842,0,0,0,0,0.07124261733368902
feces,T12,Species,Lachnospiraceae_bacterium_2_1_46FAA,34,0.0020879256903823967,0.012174594260631418,0,0,0,0,0.07098947347300148
feces,T12,Species,GGB3819_SGB5184,34,0.0020816139707513243,0.008464014623682223,0,0,0,0,0.03724343315354539
feces,T12,Species,Allisonella_histaminiformans,34,0.002035808136298316,0.010479695372107925,0,0,0,0,0.060777197044599884
feces,T12,Species,Anaerotignum_lactatifermentans,34,0.001962473852934918,0.011443090631355218,0,0,0,0,0.06672411099978721
feces,T12,Species,Amedibacillus_dolichus,34,0.0019344978079085273,0.010829730352356131,0,0,0,0,0.0631729257288899
feces,T12,Species,GGB6649_SGB9391,34,0.0018978276688695304,0.008984687237114559,0,0,0,0,0.051032194384358534
feces,T12,Species,GGB2987_SGB3969,34,0.0018677613658191177,0.01089082667514183,0,0,0,0,0.06350388643785
feces,T12,Species,GGB9627_SGB15081,34,0.00183943597567916,0.009200562123775104,0,0,0,0,0.05309727451383
feces,T12,Species,Faecalicoccus_pleomorphus,34,0.001825898786030251,0.010646727986198826,0,0,0,0,0.06208055872502853
feces,T12,Species,Haemophilus_parainfluenzae,34,0.0018061091445098242,0.007674916616885264,0,0,0,0,0.042117561589994974
feces,T12,Species,GGB9453_SGB14845,34,0.0017575622494167182,0.00794057197792525,0,0,0,0,0.04402615374524904
feces,T12,Species,Prevotella_brevis,34,0.0016850151651364863,0.009825242369995662,0,0,0,0,0.05729051561464053
feces,T12,Species,GGB2980_SGB3962,34,0.001612609694248462,0.008678804172252924,0,0,0,0,0.05055455416245843
feces,T12,Species,GGB3496_SGB4671,34,0.001595478394782911,0.009303157769244154,0,0,0,0,0.054246265422618976
feces,T12,Species,Bittarella_massiliensis,34,0.001557627874645375,0.00477602231934311,0,0,0,0,0.023501438288023226
feces,T12,Species,Enterocloster_citroniae,34,0.0015487424362365726,0.007689873952323392,0,0,0,0,0.04436271499815789
feces,T12,Species,Actinomyces_gerencseriae,34,0.0015401129396262192,0.0052851062393821716,0,0,0,0,0.021483837013290572
feces,T12,Species,GGB9509_SGB14906,34,0.001533262550067514,0.008940380171611507,0,0,0,0,0.05213092670229547
feces,T12,Species,Segatella_brunsvicensis,34,0.0014747191548253346,0.008599016450193444,0,0,0,0,0.05014045126406138
feces,T12,Species,Lactobacillus_johnsonii,34,0.001411470729382367,0.008230217924010791,0,0,0,0,0.04799000479900048
feces,T12,Species,Phocea_massiliensis,34,0.0014080017205445718,0.008209990300354814,0,0,0,0,0.04787205849851544
feces,T12,Species,Lachnospiraceae_bacterium_AM48_27BH,34,0.0013671328450933064,0.005692986234196867,0,0,0,0,0.02880184331797235
feces,T12,Species,Streptococcus_constellatus,34,0.001365817031748392,0.00796401340928527,0,0,0,0,0.046437779079445324
feces,T12,Species,Coprobacillus_sp_AF33_1AC,34,0.0013539038759757093,0.007894548371058959,0,0,0,0,0.046032731783174116
feces,T12,Species,Clostridium_sp_AF20_17LB,34,0.0013521482150126664,0.007884311196439798,0,0,0,0,0.045973039310430654
feces,T12,Species,GGB9640_SGB15115,34,0.0013486182018277492,0.0059033444423654755,0,0,0,0,0.03188812874434425
feces,T12,Species,Actinomyces_bouchesdurhonensis,34,0.0013456961743948542,0.007846689657973747,0,0,0,0,0.04575366992942504
feces,T12,Species,Actinomyces_sp_oral_taxon_448,34,0.001343195915641794,0.005468274026002075,0,0,0,0,0.02446149704361907
feces,T12,Species,GGB74505_SGB47518,34,0.0013401813752162712,0.006561550039917042,0,0,0,0,0.03789266739363487
feces,T12,Species,Streptococcus_intermedius,34,0.0012891785444084807,0.0063944417867330934,0,0,0,0,0.037120146107460616
feces,T12,Species,Simiaoa_sunii,34,0.001285004179269087,0.006218884931536889,0,0,0,0,0.03559256609510878
feces,T12,Species,Segatella_hominis,34,0.0012664708415294624,0.007384730553182541,0,0,0,0,0.043060008612001724
feces,T12,Species,Massilimicrobiota_timonensis,34,0.0012593259453239445,0.004529242385442311,0,0,0,0,0.02290193648929822
feces,T12,Species,GGB3343_SGB4423,34,0.0012567645802058949,0.007328133810326021,0,0,0,0,0.042729995727000425
feces,T12,Species,Raoultibacter_timonensis,34,0.0012415241677664207,0.007239267698533845,0,0,0,0,0.0422118217040583
feces,T12,Species,Intestinimonas_butyriciproducens,34,0.0011929414150588713,0.00695598400457696,0,0,0,0,0.040560008112001625
feces,T12,Species,Corynebacterium_durum,34,0.0011887878727323757,0.003935015702334691,0,0,0,0,0.02034428450631703
feces,T12,Species,Schaalia_meyeri,34,0.0011068130673578813,0.006453773752349977,0,0,0,0,0.037631644290167965
feces,T12,Species,Limosilactobacillus_portuensis,34,0.00106004450719877,0.003372194937882337,0,0,0,0,0.01629611164288604
feces,T12,Species,Butyricimonas_faecihominis,34,0.0010576472703529834,0.006167090355142689,0,0,0,0,0.03596000719200144
feces,T12,Species,GGB3510_SGB4687,34,0.0010501220360941864,0.004551281793556261,0,0,0,0,0.024319997568000244
feces,T12,Species,GGB3602_SGB66069,34,0.001046700629865428,0.005703834342588694,0,0,0,0,0.03324732850761817
feces,T12,Species,Clostridium_SGB6176,34,0.001013605759638828,0.004583507165862385,0,0,0,0,0.025645341043011926
feces,T12,Species,Oscillospiraceae_bacterium_Marseille_Q3528,34,9.952417894918046e-4,0.003414887487545013,0,0,0,0,0.016225872327347665
feces,T12,Species,Streptococcus_infantis,34,9.931217213628007e-4,0.005247819912063163,0,0,0,0,0.03052610936607278
feces,T12,Species,GGB6601_SGB9333,34,9.790123857759806e-4,0.003998400214037056,0,0,0,0,0.018400003680000734
feces,T12,Species,Clostridium_cuniculi,34,9.671267381944283e-4,0.003936043542636255,0,0,0,0,0.01754313320359016
feces,T12,Species,Clostridium_SGB6177,34,9.349074556716306e-4,0.004068050706749072,0,0,0,0,0.0232038805613518
feces,T12,Species,GGB45613_SGB63326,34,9.106439667048799e-4,0.00530992116318726,0,0,0,0,0.030961894867965918
feces,T12,Species,Phocaeicola_plebeius,34,8.765677998828733e-4,0.0048982735454133645,0,0,0,0,0.028572385575969556
feces,T12,Species,GGB9708_SGB15234,34,8.757296434151974e-4,0.005106337423644044,0,0,0,0,0.02977480787611671
feces,T12,Species,Phocaeicola_massiliensis,34,8.462140633166404e-4,0.004934233495940905,0,0,0,0,0.028771278152765773
feces,T12,Species,GGB9534_SGB14937,34,8.235798148493747e-4,0.004802254281952303,0,0,0,0,0.02800171370487874
feces,T12,Species,Bifidobacterium_pullorum,34,8.013994914654573e-4,0.004672921883288568,0,0,0,0,0.02724758270982555
feces,T12,Species,Neobittarella_massiliensis,34,8.011789927290023e-4,0.0024933412012801293,0,0,0,0,0.010360445499156464
feces,T12,Species,TM7_phylum_sp_oral_taxon_352,34,8.006935044962334e-4,0.0034228738951876873,0,0,0,0,0.01796301240618704
feces,T12,Species,Candidatus_Nanosynsacchari_sp_TM7_ANC_38_39_G1_1,34,7.793822067948086e-4,0.0030079431210234286,0,0,0,0,0.016285161291745006
feces,T12,Species,GGB9790_SGB15413,34,7.684151349258106e-4,0.004480591687023462,0,0,0,0,0.02612611458747756
feces,T12,Species,Butyricimonas_paravirosa,34,7.636011792790038e-4,0.0035397065131679752,0,0,0,0,0.020432255721031602
feces,T12,Species,Anaerotruncus_colihominis,34,7.245689508384738e-4,0.00422492669683767,0,0,0,0,0.02463534432850811
feces,T12,Species,Lancefieldella_parvula,34,7.203788994936616e-4,0.004200494709009138,0,0,0,0,0.02449288258278449
feces,T12,Species,Leuconostoc_carnosum,34,7.08313088777255e-4,0.003019752178555332,0,0,0,0,0.015782643358426336
feces,T12,Species,Eubacterium_brachy,34,7.024519518663853e-4,0.0030198313087209643,0,0,0,0,0.015973363990456388
feces,T12,Species,Dielma_fastidiosa,34,6.882774166955489e-4,0.004013312507060139,0,0,0,0,0.023401432167648662
feces,T12,Species,Turicibacter_sanguinis,34,6.805558737809701e-4,0.0029375329924325347,0,0,0,0,0.015619343491276482
feces,T12,Species,Dysosmobacter_welbionis,34,6.600403944721417e-4,0.003848663788821774,0,0,0,0,0.022441373412052816
feces,T12,Species,Clostridium_paraputrificum,34,6.54803468140524e-4,0.0038181275233052626,0,0,0,0,0.022263317916777815
feces,T12,Species,Actinomyces_johnsonii,34,6.217474824085227e-4,0.002511446576110607,0,0,0,0,0.012537733273883332
feces,T12,Species,Actinomyces_massiliensis,34,6.197829341395637e-4,0.003495708406912726,0,0,0,0,0.02039257814219811
feces,T12,Species,Klebsiella_michiganensis,34,6.156546485903711e-4,0.002544127222628694,0,0,0,0,0.012390002478000496
feces,T12,Species,Holdemania_filiformis,34,6.103490283441271e-4,0.0030042514824829354,0,0,0,0,0.01727478413279532
feces,T12,Species,GGB36599_SGB9269,34,6.054248197872261e-4,0.0035302030001247006,0,0,0,0,0.020584443872765687
feces,T12,Species,Enterobacter_ludwigii,34,5.852942347059057e-4,0.003412822526900431,0,0,0,0,0.019900003980000795
feces,T12,Species,Clostridiaceae_bacterium_Marseille_Q4143,34,5.78262288220565e-4,0.003371819585217283,0,0,0,0,0.01966091779949921
feces,T12,Species,Olsenella_profusa,34,5.631843293741136e-4,0.0023535702489164896,0,0,0,0,0.011838267198719863
feces,T12,Species,Amedibacterium_intestinale,34,5.502942827353436e-4,0.003208739490638187,0,0,0,0,0.018710005613001682
feces,T12,Species,Provencibacterium_massiliense,34,5.455364314494717e-4,0.003180996688667441,0,0,0,0,0.01854823866928204
feces,T12,Species,Eggerthella_sinensis,34,5.423730390564114e-4,0.002427550188687372,0,0,0,0,0.01337012033108298
feces,T12,Species,GGB42389_SGB59559,34,5.071311067471377e-4,0.0026992457158281887,0,0,0,0,0.015710961510844463
feces,T12,Species,Actinomyces_SGB17132,34,4.8477186629477886e-4,0.0023250582837204318,0,0,0,0,0.013389884558191368
feces,T12,Species,Arachnia_propionica,34,4.8421962371157716e-4,0.002823461332402299,0,0,0,0,0.016463467206193624
feces,T12,Species,Enorma_phocaeensis,34,4.609427286844574e-4,0.0026877348772378,0,0,0,0,0.01567205277527155
feces,T12,Species,Actinomyces_dentalis,34,4.5333076557687755e-4,0.0026433498865321647,0,0,0,0,0.015413246029613836
feces,T12,Species,GGB9818_SGB15459,34,4.523590994386173e-4,0.001967852737284088,0,0,0,0,0.010560002112000423
feces,T12,Species,Eubacterium_maltosivorans,34,4.362140716226747e-4,0.0025435432674864185,0,0,0,0,0.014831278435170939
feces,T12,Species,Clostridium_SGB4909,34,4.259084185363909e-4,0.002483451500095334,0,0,0,0,0.014480886230237291
feces,T12,Species,GGB4260_SGB5794,34,4.0970855758499695e-4,0.002388990890184573,0,0,0,0,0.013930090957889897
feces,T12,Species,Massilicoli_timonensis,34,4.0789865071128815e-4,0.002378437410269827,0,0,0,0,0.013868554124183797
feces,T12,Species,Clostridium_SGB47280,34,4.0430864299610355e-4,0.002357504247980462,0,0,0,0,0.01374649386186752
feces,T12,Species,Staphylococcus_aureus,34,4.0288806646488867e-4,0.002349220934564002,0,0,0,0,0.013698194259806215
feces,T12,Species,Gardnerella_vaginalis,34,3.8417395226601465e-4,0.002240099834915726,0,0,0,0,0.013061914377044499
feces,T12,Species,Enterocloster_asparagiformis,34,3.7949698476092146e-4,0.002212828662379773,0,0,0,0,0.01290289748187133
feces,T12,Species,Eubacterium_sulci,34,3.705242865425169e-4,0.001362517489256285,0,0,0,0,0.006065925802916869
feces,T12,Species,Eggerthella_sp_YY7918,34,3.6884610279325566e-4,0.0021507238819886386,0,0,0,0,0.012540767494970692
feces,T12,Species,Streptococcus_cristatus,34,3.599399370082741e-4,0.0016241366685585891,0,0,0,0,0.008997275370549404
feces,T12,Species,Hydrogenoanaerobacterium_saccharovorans,34,3.5644580898242244e-4,0.002078418365295722,0,0,0,0,0.012119157505402363
feces,T12,Species,GGB9621_SGB15073,34,3.40314944921688e-4,0.0019843600729352907,0,0,0,0,0.011570708127337393
feces,T12,Species,Catenibacillus_scindens,34,3.1228988818973237e-4,0.0012740312142288791,0,0,0,0,0.007045401071367277
feces,T12,Species,Lactobacillus_delbrueckii,34,3.099574692410017e-4,0.001731244852985822,0,0,0,0,0.010098553954194059
feces,T12,Species,Alloscardovia_omnicolens,34,3.0783051880484006e-4,0.0014298643356426553,0,0,0,0,0.008054435782197073
feces,T12,Species,GGB9707_SGB15229,34,3.0752246714912306e-4,0.0017931487125306808,0,0,0,0,0.010455763883070185
feces,T12,Species,Thermophilibacter_provencensis,34,2.960126201565073e-4,0.0017260353483997087,0,0,0,0,0.01006442908532125
feces,T12,Species,Alistipes_putredinis,34,2.8956837131201296e-4,0.0010235574223620614,0,0,0,0,0.004972114723260382
feces,T12,Species,Christensenella_hongkongensis,34,2.87348737725407e-4,0.0012038100039199022,0,0,0,0,0.006090028897187117
feces,T12,Species,Lachnoclostridium_pacaense,34,2.8575391342073523e-4,0.0013645710251749574,0,0,0,0,0.00777563266830492
feces,T12,Species,Fusobacterium_nucleatum,34,2.8369253295119033e-4,0.001156390623550833,0,0,0,0,0.0052392976576232184
feces,T12,Species,Mediterraneibacter_massiliensis,34,2.7105429944161295e-4,0.0013191572573250316,0,0,0,0,0.007562401725525164
feces,T12,Species,Anaerococcus_obesiensis,34,2.6663504873335284e-4,0.0015547361426439127,0,0,0,0,0.009065591656933996
feces,T12,Species,Solobacterium_SGB6829,34,2.6262585902162537e-4,0.0015313587502975212,0,0,0,0,0.008929279206735263
feces,T12,Species,GGB9513_SGB14911,34,2.3877534981284066e-4,0.0013922875784335327,0,0,0,0,0.008118361893636582
feces,T12,Species,Erysipelotrichaceae_bacterium_LH1062,34,2.3588242370590356e-4,0.0013754190654686404,0,0,0,0,0.008020002406000721
feces,T12,Species,Alistipes_indistinctus,34,2.3504280764653548e-4,0.0012134167950296675,0,0,0,0,0.007040001408000282
feces,T12,Species,Clostridium_sp_AF27_2AA,34,2.2207241436117067e-4,0.0012948935653121388,0,0,0,0,0.007550462088279803
feces,T12,Species,Odoribacter_splanchnicus,34,2.09616539102932e-4,0.0012222639558731555,0,0,0,0,0.0071269623294996885
feces,T12,Species,Schaalia_turicensis,34,1.9355006614465205e-4,0.0010356987459932848,0,0,0,0,0.0060307020839181205
feces,T12,Species,Enterocloster_lavalensis,34,1.885594543467321e-4,8.02415612388767e-4,0,0,0,0,0.004467928786424389
feces,T12,Species,Intestinimonas_massiliensis,34,1.8438218017271732e-4,0.0010751236228538135,0,0,0,0,0.006268994125872389
feces,T12,Species,Abiotrophia_defectiva,34,1.7238232138134846e-4,8.376903625102183e-4,0,0,0,0,0.004800206408875582
feces,T12,Species,Lachnoclostridium_sp_An131,34,1.6945181665414664e-4,9.068249230728708e-4,0,0,0,0,0.005280323155777133
feces,T12,Species,Coprobacter_fastidiosus,34,1.6648077685883788e-4,9.707414012803583e-4,0,0,0,0,0.005660346413200488
feces,T12,Species,GGB3504_SGB4680,34,1.5774141974081836e-4,9.197826303333127e-4,0,0,0,0,0.005363208271187824
feces,T12,Species,Gemella_haemolysans,34,1.5562726263180457e-4,9.074550819325081e-4,0,0,0,0,0.0052913269294813554
feces,T12,Species,Haemophilus_pittmaniae,34,1.5502768794506698e-4,9.039589907767743e-4,0,0,0,0,0.0052709413901322775
feces,T12,Species,Cuneatibacter_sp_NSJ_177,34,1.519558179161518e-4,8.860470644109529e-4,0,0,0,0,0.005166497809149162
feces,T12,Species,GGB3444_SGB4594,34,1.46185417135764e-4,8.524001350465338e-4,0,0,0,0,0.004970304182615976
feces,T12,Species,Parvimonas_micra,34,1.3921849693800543e-4,8.117763585181774e-4,0,0,0,0,0.004733428895892185
feces,T12,Species,Streptococcus_sp_F0442,34,1.3215455628998824e-4,7.705868604115469e-4,0,0,0,0,0.0044932549138596
feces,T12,Species,Finegoldia_magna,34,1.2154555753518182e-4,7.08726299019797e-4,0,0,0,0,0.004132548956196182
feces,T12,Species,Christensenella_minuta,34,1.1133620464103378e-4,6.491960534165201e-4,0,0,0,0,0.0037854309577951485
feces,T12,Species,Colidextribacter_sp_210702_DFI_3_9,34,1.113184589746981e-4,6.490925792897747e-4,0,0,0,0,0.0037848276051397354
feces,T12,Species,Guopingia_tenuis,34,1.0853605417122116e-4,6.328685107287142e-4,0,0,0,0,0.0036902258418215193
feces,T12,Species,GGB58233_SGB79883,34,1.0353574815249283e-4,6.037119668740039e-4,0,0,0,0,0.003520215437184756
feces,T12,Species,Anaerostipes_butyraticus,34,9.852941176470589e-5,5.745202602274046e-4,0,0,0,0,0.00335
feces,T12,Species,Gemella_morbillorum,34,9.268584373766079e-5,3.8631959034956035e-4,0,0,0,0,0.001930406543618086
feces,T12,Species,GGB3677_SGB4990,34,9.212987435685523e-5,5.372048654529644e-4,0,0,0,0,0.0031324157281330776
feces,T12,Species,GGB9499_SGB72735,34,9.108080620200227e-5,5.310877995076027e-4,0,0,0,0,0.003096747410868077
feces,T12,Species,Carnobacterium_divergens,34,8.058825141176793e-5,4.699062172717176e-4,0,0,0,0,0.0027400005480001095
feces,T12,Species,GGB52130_SGB14966,34,7.617974631732694e-5,4.442004361378518e-4,0,0,0,0,0.002590111374789116
feces,T12,Species,GGB9832_SGB15478,34,6.9411785529418e-5,4.0473678235735554e-4,0,0,0,0,0.0023600007080002124
feces,T12,Species,Diplocloster_modestus,34,6.857563463455242e-5,3.998612267125624e-4,0,0,0,0,0.002331571577574782
feces,T12,Species,Solobacterium_SGB6834,34,6.267972749750111e-5,3.654824758199412e-4,0,0,0,0,0.002131110734915038
feces,T12,Species,Raoultella_ornithinolytica,34,5.5000495004455044e-5,3.2070524056365663e-4,0,0,0,0,0.0018700168301514714
feces,T12,Species,GGB38987_SGB63305,34,5.117960277992542e-5,2.984258018070359e-4,0,0,0,0,0.0017401064945174642
feces,T12,Species,bacterium_210917_SL_2_15,34,4.7352941176470584e-5,2.761127220794392e-4,0,0,0,0,0.0016099999999999999
feces,T12,Species,Aggregatibacter_segnis,34,4.27393373267516e-5,2.492110199698547e-4,0,0,0,0,0.0014531374691095543
feces,T12,Species,GGB79097_SGB105802,34,4.0352010676776794e-5,2.3529063311656943e-4,0,0,0,0,0.001371968363010411
feces,T12,Species,Mogibacterium_SGB3923,34,3.8654361989838034e-5,2.2539172528868222e-4,0,0,0,0,0.001314248307654493
feces,T12,Species,Solobacterium_moorei,34,3.4780977962459924e-5,2.0280620935477831e-4,0,0,0,0,0.0011825532507236374
feces,T12,Species,GGB12787_SGB19830,34,3.4191469861401284e-5,1.9936881597588376e-4,0,0,0,0,0.0011625099752876436
feces,T12,Species,GGB3576_SGB4784,34,3.29615071281849e-5,1.9219696244604663e-4,0,0,0,0,0.0011206912423582867
feces,T12,Species,Massiliimalia_timonensis,34,3.2693964854906746e-5,1.9063693632072416e-4,0,0,0,0,0.0011115948050668294
feces,T12,Species,Pauljensenia_hongkongensis,34,2.825272039558706e-5,1.6474025352518283e-4,0,0,0,0,9.605924934499601e-4
feces,T12,Species,Fusobacterium_ulcerans,34,2.2857390242804676e-5,1.3328034294750042e-4,0,0,0,0,7.77151268255359e-4
feces,T12,Species,GGB1096_SGB1408,34,1.649425253941241e-5,9.617719309874373e-5,0,0,0,0,5.60804586340022e-4
feces,T12,Species,Abiotrophia_sp_HMSC24B09,34,0,0,0,0,0,0,0
feces,T12,Species,Achromobacter_xylosoxidans,34,0,0,0,0,0,0,0
feces,T12,Species,Acidaminococcus_SGB5735,34,0,0,0,0,0,0,0
feces,T12,Species,Actinobaculum_sp_oral_taxon_183,34,0,0,0,0,0,0,0
feces,T12,Species,Aggregatibacter_aphrophilus,34,0,0,0,0,0,0,0
feces,T12,Species,Aggregatibacter_sp_2125159857,34,0,0,0,0,0,0,0
feces,T12,Species,Alloprevotella_SGB1466,34,0,0,0,0,0,0,0
feces,T12,Species,Alloprevotella_SGB1483,34,0,0,0,0,0,0,0
feces,T12,Species,Alloprevotella_SGB1484,34,0,0,0,0,0,0,0
feces,T12,Species,Alloprevotella_sp_Lung230,34,0,0,0,0,0,0,0
feces,T12,Species,Alloprevotella_sp_oral_taxon_473,34,0,0,0,0,0,0,0
feces,T12,Species,Alloprevotella_tannerae,34,0,0,0,0,0,0,0
feces,T12,Species,Anaeroglobus_geminatus,34,0,0,0,0,0,0,0
feces,T12,Species,Anaerotruncus_rubiinfantis,34,0,0,0,0,0,0,0
feces,T12,Species,Arachnia_SGB15899,34,0,0,0,0,0,0,0
feces,T12,Species,Arachnia_rubra,34,0,0,0,0,0,0,0
feces,T12,Species,Atopobium_sp_oral_taxon_199,34,0,0,0,0,0,0,0
feces,T12,Species,Bacteroides_clarus,34,0,0,0,0,0,0,0
feces,T12,Species,Bacteroidota_unclassified_SGB1343,34,0,0,0,0,0,0,0
feces,T12,Species,Blautia_SGB101324,34,0,0,0,0,0,0,0
feces,T12,Species,Blautia_SGB59878,34,0,0,0,0,0,0,0
feces,T12,Species,Blautia_marasmi,34,0,0,0,0,0,0,0
feces,T12,Species,Blautia_sp_An46,34,0,0,0,0,0,0,0
feces,T12,Species,Blautia_sp_MSJ_9,34,0,0,0,0,0,0,0
feces,T12,Species,Blautia_sp_Marseille_P3201T,34,0,0,0,0,0,0,0
feces,T12,Species,Bordetella_bronchiseptica,34,0,0,0,0,0,0,0
feces,T12,Species,Bulleidia_extructa,34,0,0,0,0,0,0,0
feces,T12,Species,Burkholderia_contaminans,34,0,0,0,0,0,0,0
feces,T12,Species,Butyricicoccus_intestinisimiae,34,0,0,0,0,0,0,0
feces,T12,Species,Campylobacter_SGB96342,34,0,0,0,0,0,0,0
feces,T12,Species,Campylobacter_concisus,34,0,0,0,0,0,0,0
feces,T12,Species,Campylobacter_rectus,34,0,0,0,0,0,0,0
feces,T12,Species,Campylobacter_showae,34,0,0,0,0,0,0,0
feces,T12,Species,Candidatus_Nanogingivalis_gingivitcus,34,0,0,0,0,0,0,0
feces,T12,Species,Candidatus_Nanoperiomorbus_periodonticus,34,0,0,0,0,0,0,0
feces,T12,Species,Candidatus_Nanosynbacter_lyticus,34,0,0,0,0,0,0,0
feces,T12,Species,Candidatus_Nanosynbacter_sp_HMT_352,34,0,0,0,0,0,0,0
feces,T12,Species,Candidatus_Saccharibacteria_unclassified_SGB19846,34,0,0,0,0,0,0,0
feces,T12,Species,Candidatus_Saccharibacteria_unclassified_SGB19905,34,0,0,0,0,0,0,0
feces,T12,Species,Capnocytophaga_SGB2480,34,0,0,0,0,0,0,0
feces,T12,Species,Capnocytophaga_SGB2499,34,0,0,0,0,0,0,0
feces,T12,Species,Capnocytophaga_gingivalis,34,0,0,0,0,0,0,0
feces,T12,Species,Capnocytophaga_granulosa,34,0,0,0,0,0,0,0
feces,T12,Species,Capnocytophaga_leadbetteri,34,0,0,0,0,0,0,0
feces,T12,Species,Capnocytophaga_ochracea,34,0,0,0,0,0,0,0
feces,T12,Species,Capnocytophaga_sputigena,34,0,0,0,0,0,0,0
feces,T12,Species,Cardiobacterium_hominis,34,0,0,0,0,0,0,0
feces,T12,Species,Catonella_SGB4505,34,0,0,0,0,0,0,0
feces,T12,Species,Catonella_SGB69305,34,0,0,0,0,0,0,0
feces,T12,Species,Catonella_SGB96613,34,0,0,0,0,0,0,0
feces,T12,Species,Catonella_massiliensis,34,0,0,0,0,0,0,0
feces,T12,Species,Catonella_morbi,34,0,0,0,0,0,0,0
feces,T12,Species,Clostridiales_bacterium,34,0,0,0,0,0,0,0
feces,T12,Species,Clostridium_methylpentosum,34,0,0,0,0,0,0,0
feces,T12,Species,Clostridium_porci,34,0,0,0,0,0,0,0
feces,T12,Species,Coprococcus_SGB4580,34,0,0,0,0,0,0,0
feces,T12,Species,Corynebacterium_matruchotii,34,0,0,0,0,0,0,0
feces,T12,Species,Cuneatibacter_caecimuris,34,0,0,0,0,0,0,0
feces,T12,Species,Cutibacterium_acnes,34,0,0,0,0,0,0,0
feces,T12,Species,Desulfovibrio_desulfuricans,34,0,0,0,0,0,0,0
feces,T12,Species,Diplocloster_agilis,34,0,0,0,0,0,0,0
feces,T12,Species,Dolosigranulum_pigrum,34,0,0,0,0,0,0,0
feces,T12,Species,Eggerthia_catenaformis,34,0,0,0,0,0,0,0
feces,T12,Species,Eikenella_corrodens,34,0,0,0,0,0,0,0
feces,T12,Species,Enterococcus_gallinarum,34,0,0,0,0,0,0,0
feces,T12,Species,Escherichia_marmotae,34,0,0,0,0,0,0,0
feces,T12,Species,Eubacterium_infirmum,34,0,0,0,0,0,0,0
feces,T12,Species,Eubacterium_nodatum,34,0,0,0,0,0,0,0
feces,T12,Species,Eubacterium_saphenum,34,0,0,0,0,0,0,0
feces,T12,Species,Faecalitalea_cylindroides,34,0,0,0,0,0,0,0
feces,T12,Species,Filifactor_alocis,34,0,0,0,0,0,0,0
feces,T12,Species,Fusobacterium_periodonticum,34,0,0,0,0,0,0,0
feces,T12,Species,GGB1022_SGB1315,34,0,0,0,0,0,0,0
feces,T12,Species,GGB1024_SGB69047,34,0,0,0,0,0,0,0
feces,T12,Species,GGB1025_SGB1320,34,0,0,0,0,0,0,0
feces,T12,Species,GGB1088_SGB1395,34,0,0,0,0,0,0,0
feces,T12,Species,GGB1144_SGB1468,34,0,0,0,0,0,0,0
feces,T12,Species,GGB1144_SGB1469,34,0,0,0,0,0,0,0
feces,T12,Species,GGB1188_SGB1538,34,0,0,0,0,0,0,0
feces,T12,Species,GGB1202_SGB1567,34,0,0,0,0,0,0,0
feces,T12,Species,GGB1203_SGB1568,34,0,0,0,0,0,0,0
feces,T12,Species,GGB12763_SGB19797,34,0,0,0,0,0,0,0
feces,T12,Species,GGB12785_SGB19823,34,0,0,0,0,0,0,0
feces,T12,Species,GGB12785_SGB19824,34,0,0,0,0,0,0,0
feces,T12,Species,GGB12788_SGB19833,34,0,0,0,0,0,0,0
feces,T12,Species,GGB12794_SGB19881,34,0,0,0,0,0,0,0
feces,T12,Species,GGB1431_SGB1972,34,0,0,0,0,0,0,0
feces,T12,Species,GGB1472_SGB2037,34,0,0,0,0,0,0,0
feces,T12,Species,GGB1472_SGB2038,34,0,0,0,0,0,0,0
feces,T12,Species,GGB1473_SGB2039,34,0,0,0,0,0,0,0
feces,T12,Species,GGB1611_SGB2208,34,0,0,0,0,0,0,0
feces,T12,Species,GGB1843_SGB2516,34,0,0,0,0,0,0,0
feces,T12,Species,GGB1843_SGB2524,34,0,0,0,0,0,0,0
feces,T12,Species,GGB1844_SGB2532,34,0,0,0,0,0,0,0
feces,T12,Species,GGB18703_SGB19792,34,0,0,0,0,0,0,0
feces,T12,Species,GGB18703_SGB19793,34,0,0,0,0,0,0,0
feces,T12,Species,GGB2964_SGB3946,34,0,0,0,0,0,0,0
feces,T12,Species,GGB3008_SGB3999,34,0,0,0,0,0,0,0
feces,T12,Species,GGB30134_SGB43057,34,0,0,0,0,0,0,0
feces,T12,Species,GGB3059_SGB69431,34,0,0,0,0,0,0,0
feces,T12,Species,GGB3385_SGB4471,34,0,0,0,0,0,0,0
feces,T12,Species,GGB3486_SGB4658,34,0,0,0,0,0,0,0
feces,T12,Species,GGB34900_SGB14891,34,0,0,0,0,0,0,0
feces,T12,Species,GGB3532_SGB4720,34,0,0,0,0,0,0,0
feces,T12,Species,GGB3883_SGB5265,34,0,0,0,0,0,0,0
feces,T12,Species,GGB3883_SGB5266,34,0,0,0,0,0,0,0
feces,T12,Species,GGB3886_SGB5269,34,0,0,0,0,0,0,0
feces,T12,Species,GGB3887_SGB5270,34,0,0,0,0,0,0,0
feces,T12,Species,GGB4333_SGB5935,34,0,0,0,0,0,0,0
feces,T12,Species,GGB4533_SGB6245,34,0,0,0,0,0,0,0
feces,T12,Species,GGB4533_SGB6246,34,0,0,0,0,0,0,0
feces,T12,Species,GGB4538_SGB6253,34,0,0,0,0,0,0,0
feces,T12,Species,GGB4538_SGB6256,34,0,0,0,0,0,0,0
feces,T12,Species,GGB45697_SGB2042,34,0,0,0,0,0,0,0
feces,T12,Species,GGB4733_SGB6557,34,0,0,0,0,0,0,0
feces,T12,Species,GGB49400_SGB69312,34,0,0,0,0,0,0,0
feces,T12,Species,GGB49400_SGB97338,34,0,0,0,0,0,0,0
feces,T12,Species,GGB49401_SGB69314,34,0,0,0,0,0,0,0
feces,T12,Species,GGB49528_SGB69474,34,0,0,0,0,0,0,0
feces,T12,Species,GGB70967_SGB95921,34,0,0,0,0,0,0,0
feces,T12,Species,GGB71270_SGB97344,34,0,0,0,0,0,0,0
feces,T12,Species,GGB74353_SGB98242,34,0,0,0,0,0,0,0
feces,T12,Species,GGB79118_SGB105839,34,0,0,0,0,0,0,0
feces,T12,Species,GGB9480_SGB14875,34,0,0,0,0,0,0,0
feces,T12,Species,GGB9491_SGB14888,34,0,0,0,0,0,0,0
feces,T12,Species,GGB9502_SGB14899,34,0,0,0,0,0,0,0
feces,T12,Species,GGB9580_SGB14996,34,0,0,0,0,0,0,0
feces,T12,Species,GGB9614_SGB15049,34,0,0,0,0,0,0,0
feces,T12,Species,GGB9619_SGB15067,34,0,0,0,0,0,0,0
feces,T12,Species,GGB96534_SGB136060,34,0,0,0,0,0,0,0
feces,T12,Species,GGB9695_SGB15210,34,0,0,0,0,0,0,0
feces,T12,Species,Gemella_SGB7284,34,0,0,0,0,0,0,0
feces,T12,Species,Gemella_SGB7291,34,0,0,0,0,0,0,0
feces,T12,Species,Gemella_SGB7293,34,0,0,0,0,0,0,0
feces,T12,Species,Granulicatella_SGB64171,34,0,0,0,0,0,0,0
feces,T12,Species,Granulicatella_SGB8239,34,0,0,0,0,0,0,0
feces,T12,Species,Granulicatella_SGB8244,34,0,0,0,0,0,0,0
feces,T12,Species,Granulicatella_SGB8245,34,0,0,0,0,0,0,0
feces,T12,Species,Granulicatella_adiacens,34,0,0,0,0,0,0,0
feces,T12,Species,Haemophilus_haemolyticus,34,0,0,0,0,0,0,0
feces,T12,Species,Haemophilus_influenzae,34,0,0,0,0,0,0,0
feces,T12,Species,Haemophilus_parahaemolyticus,34,0,0,0,0,0,0,0
feces,T12,Species,Haemophilus_paraphrohaemolyticus,34,0,0,0,0,0,0,0
feces,T12,Species,Haemophilus_sputorum,34,0,0,0,0,0,0,0
feces,T12,Species,Holdemania_massiliensis,34,0,0,0,0,0,0,0
feces,T12,Species,Holdemania_sp_1001095H_141210_F2,34,0,0,0,0,0,0,0
feces,T12,Species,Hydrogenoanaerobacterium_SGB53821,34,0,0,0,0,0,0,0
feces,T12,Species,Kingella_denitrificans,34,0,0,0,0,0,0,0
feces,T12,Species,Lachnoanaerobaculum_orale,34,0,0,0,0,0,0,0
feces,T12,Species,Lachnoanaerobaculum_sp_ICM7,34,0,0,0,0,0,0,0
feces,T12,Species,Lachnotalea_sp_AF33_28,34,0,0,0,0,0,0,0
feces,T12,Species,Lactobacillus_acidophilus,34,0,0,0,0,0,0,0
feces,T12,Species,Lactobacillus_amylovorus,34,0,0,0,0,0,0,0
feces,T12,Species,Lactococcus_carnosus,34,0,0,0,0,0,0,0
feces,T12,Species,Lancefieldella_rimae,34,0,0,0,0,0,0,0
feces,T12,Species,Lautropia_mirabilis,34,0,0,0,0,0,0,0
feces,T12,Species,Lawsonella_SGB3665,34,0,0,0,0,0,0,0
feces,T12,Species,Leptotrichia_hongkongensis,34,0,0,0,0,0,0,0
feces,T12,Species,Leptotrichia_sp_oral_taxon_212,34,0,0,0,0,0,0,0
feces,T12,Species,Leptotrichia_sp_oral_taxon_215,34,0,0,0,0,0,0,0
feces,T12,Species,Leptotrichia_sp_oral_taxon_221,34,0,0,0,0,0,0,0
feces,T12,Species,Leptotrichia_wadei,34,0,0,0,0,0,0,0
feces,T12,Species,Leuconostoc_gelidum,34,0,0,0,0,0,0,0
feces,T12,Species,Limosilactobacillus_vaginalis,34,0,0,0,0,0,0,0
feces,T12,Species,Metamycoplasma_salivarium,34,0,0,0,0,0,0,0
feces,T12,Species,Mogibacterium_timidum,34,0,0,0,0,0,0,0
feces,T12,Species,Moraxella_catarrhalis,34,0,0,0,0,0,0,0
feces,T12,Species,Morganella_morganii,34,0,0,0,0,0,0,0
feces,T12,Species,Mycobacteroides_abscessus,34,0,0,0,0,0,0,0
feces,T12,Species,Negativibacillus_massiliensis,34,0,0,0,0,0,0,0
feces,T12,Species,Neisseria_bacilliformis,34,0,0,0,0,0,0,0
feces,T12,Species,Neisseria_cinerea,34,0,0,0,0,0,0,0
feces,T12,Species,Neisseria_elongata,34,0,0,0,0,0,0,0
feces,T12,Species,Neisseria_sicca,34,0,0,0,0,0,0,0
feces,T12,Species,Neisseria_sp_oral_taxon_014,34,0,0,0,0,0,0,0
feces,T12,Species,Neisseria_subflava,34,0,0,0,0,0,0,0
feces,T12,Species,Olsenella_uli,34,0,0,0,0,0,0,0
feces,T12,Species,Oribacterium_SGB5283,34,0,0,0,0,0,0,0
feces,T12,Species,Oribacterium_SGB5287,34,0,0,0,0,0,0,0
feces,T12,Species,Oribacterium_SGB96486,34,0,0,0,0,0,0,0
feces,T12,Species,Oribacterium_asaccharolyticum,34,0,0,0,0,0,0,0
feces,T12,Species,Oribacterium_parvum,34,0,0,0,0,0,0,0
feces,T12,Species,Oribacterium_sinus,34,0,0,0,0,0,0,0
feces,T12,Species,Oribacterium_sp_oral_taxon_078,34,0,0,0,0,0,0,0
feces,T12,Species,Parvimonas_sp_oral_taxon_110,34,0,0,0,0,0,0,0
feces,T12,Species,Parvimonas_sp_oral_taxon_393,34,0,0,0,0,0,0,0
feces,T12,Species,Peptoanaerobacter_stomatis,34,0,0,0,0,0,0,0
feces,T12,Species,Peptoniphilus_harei,34,0,0,0,0,0,0,0
feces,T12,Species,Peptoniphilus_sp_Marseille_P3761,34,0,0,0,0,0,0,0
feces,T12,Species,Peptostreptococcus_SGB749,34,0,0,0,0,0,0,0
feces,T12,Species,Peptostreptococcus_stomatis,34,0,0,0,0,0,0,0
feces,T12,Species,Porphyromonas_bobii,34,0,0,0,0,0,0,0
feces,T12,Species,Porphyromonas_catoniae,34,0,0,0,0,0,0,0
feces,T12,Species,Porphyromonas_endodontalis,34,0,0,0,0,0,0,0
feces,T12,Species,Porphyromonas_gingivalis,34,0,0,0,0,0,0,0
feces,T12,Species,Porphyromonas_sp_oral_taxon_275,34,0,0,0,0,0,0,0
feces,T12,Species,Porphyromonas_sp_oral_taxon_278,34,0,0,0,0,0,0,0
feces,T12,Species,Prevotella_SGB1459,34,0,0,0,0,0,0,0
feces,T12,Species,Prevotella_SGB98243,34,0,0,0,0,0,0,0
feces,T12,Species,Prevotella_baroniae,34,0,0,0,0,0,0,0
feces,T12,Species,Prevotella_bivia,34,0,0,0,0,0,0,0
feces,T12,Species,Prevotella_conceptionensis,34,0,0,0,0,0,0,0
feces,T12,Species,Prevotella_denticola,34,0,0,0,0,0,0,0
feces,T12,Species,Prevotella_histicola,34,0,0,0,0,0,0,0
feces,T12,Species,Prevotella_intermedia,34,0,0,0,0,0,0,0
feces,T12,Species,Prevotella_jejuni,34,0,0,0,0,0,0,0
feces,T12,Species,Prevotella_koreensis,34,0,0,0,0,0,0,0
feces,T12,Species,Prevotella_loescheii,34,0,0,0,0,0,0,0
feces,T12,Species,Prevotella_maculosa,34,0,0,0,0,0,0,0
feces,T12,Species,Prevotella_melaninogenica,34,0,0,0,0,0,0,0
feces,T12,Species,Prevotella_micans,34,0,0,0,0,0,0,0
feces,T12,Species,Prevotella_nanceiensis,34,0,0,0,0,0,0,0
feces,T12,Species,Prevotella_nigrescens,34,0,0,0,0,0,0,0
feces,T12,Species,Prevotella_oralis,34,0,0,0,0,0,0,0
feces,T12,Species,Prevotella_oris,34,0,0,0,0,0,0,0
feces,T12,Species,Prevotella_oulorum,34,0,0,0,0,0,0,0
feces,T12,Species,Prevotella_pallens,34,0,0,0,0,0,0,0
feces,T12,Species,Prevotella_pleuritidis,34,0,0,0,0,0,0,0
feces,T12,Species,Prevotella_salivae,34,0,0,0,0,0,0,0
feces,T12,Species,Prevotella_shahii,34,0,0,0,0,0,0,0
feces,T12,Species,Prevotella_sp_oral_taxon_299,34,0,0,0,0,0,0,0
feces,T12,Species,Prevotella_sp_oral_taxon_475,34,0,0,0,0,0,0,0
feces,T12,Species,Prevotella_timonensis,34,0,0,0,0,0,0,0
feces,T12,Species,Prevotella_veroralis,34,0,0,0,0,0,0,0
feces,T12,Species,Prevotella_vespertina,34,0,0,0,0,0,0,0
feces,T12,Species,Prevotellaceae_bacterium_Marseille_P2826,34,0,0,0,0,0,0,0
feces,T12,Species,Proteus_mirabilis,34,0,0,0,0,0,0,0
feces,T12,Species,Providencia_rettgeri,34,0,0,0,0,0,0,0
feces,T12,Species,Pseudoflavonifractor_capillosus,34,0,0,0,0,0,0,0
feces,T12,Species,Pseudomonas_aeruginosa,34,0,0,0,0,0,0,0
feces,T12,Species,Pyramidobacter_piscolens,34,0,0,0,0,0,0,0
feces,T12,Species,Rothia_aeria,34,0,0,0,0,0,0,0
feces,T12,Species,SR1_bacterium_human_oral_taxon_HOT_345,34,0,0,0,0,0,0,0
feces,T12,Species,Schaalia_georgiae,34,0,0,0,0,0,0,0
feces,T12,Species,Selenomonas_SGB5880,34,0,0,0,0,0,0,0
feces,T12,Species,Selenomonas_SGB5896,34,0,0,0,0,0,0,0
feces,T12,Species,Selenomonas_SGB5897,34,0,0,0,0,0,0,0
feces,T12,Species,Selenomonas_SGB69112,34,0,0,0,0,0,0,0
feces,T12,Species,Selenomonas_infelix,34,0,0,0,0,0,0,0
feces,T12,Species,Selenomonas_noxia,34,0,0,0,0,0,0,0
feces,T12,Species,Serratia_marcescens,34,0,0,0,0,0,0,0
feces,T12,Species,Shuttleworthia_satelles,34,0,0,0,0,0,0,0
feces,T12,Species,Slackia_exigua,34,0,0,0,0,0,0,0
feces,T12,Species,Solobacterium_SGB6828,34,0,0,0,0,0,0,0
feces,T12,Species,Solobacterium_SGB6833,34,0,0,0,0,0,0,0
feces,T12,Species,Staphylococcus_xylosus,34,0,0,0,0,0,0,0
feces,T12,Species,Stenotrophomonas_maltophilia,34,0,0,0,0,0,0,0
feces,T12,Species,Streptococcus_pneumoniae,34,0,0,0,0,0,0,0
feces,T12,Species,Streptococcus_pyogenes,34,0,0,0,0,0,0,0
feces,T12,Species,TM7_phylum_sp_oral_taxon_348,34,0,0,0,0,0,0,0
feces,T12,Species,TM7_phylum_sp_oral_taxon_349,34,0,0,0,0,0,0,0
feces,T12,Species,TM7_phylum_sp_oral_taxon_351,34,0,0,0,0,0,0,0
feces,T12,Species,Tannerella_forsythia,34,0,0,0,0,0,0,0
feces,T12,Species,Tannerella_serpentiformis,34,0,0,0,0,0,0,0
feces,T12,Species,Treponema_SGB3588,34,0,0,0,0,0,0,0
feces,T12,Species,Treponema_SGB3604,34,0,0,0,0,0,0,0
feces,T12,Species,Treponema_SGB69454,34,0,0,0,0,0,0,0
feces,T12,Species,Treponema_denticola,34,0,0,0,0,0,0,0
feces,T12,Species,Treponema_maltophilum,34,0,0,0,0,0,0,0
feces,T12,Species,Treponema_sp_Marseille_Q4130,34,0,0,0,0,0,0,0
feces,T12,Species,Treponema_vincentii,34,0,0,0,0,0,0,0
feces,T12,Species,Veillonella_ratti,34,0,0,0,0,0,0,0
feces,T12,Species,Veillonella_sp_3627,34,0,0,0,0,0,0,0
