"FeatureID","Time","n","prevalence","mean","sd","median","iqr","sum_abundance"
"Abiotrophia_defectiva","T0",34,11.76470588235294,3.750460687380404e-5,1.2530240397759152e-4,0,0,0.0012751566337093376
"Abiotrophia_defectiva","T12",34,5.88235294117647,1.7238232138134845e-6,8.376903625102183e-6,0,0,5.860998926965847e-5
"Abiotrophia_sp_HMSC24B09","T0",34,8.823529411764707,5.173180309663169e-5,2.2859765201210236e-4,0,0,0.0017588813052854774
"Abiotrophia_sp_HMSC24B09","T12",34,0,0,0,0,0,0
"Achromobacter_xylosoxidans","T0",34,0,0,0,0,0,0
"Achromobacter_xylosoxidans","T12",34,0,0,0,0,0,0
"Acidaminococcus_SGB5735","T0",34,8.823529411764707,1.1574448708196594e-6,5.115577363995783e-6,0,0,3.935312560786842e-5
"Acidaminococcus_SGB5735","T12",34,0,0,0,0,0,0
"Acidaminococcus_intestini","T0",34,17.647058823529413,0.003509263704568052,0.013497570060790776,0,0,0.11931496595531375
"Acidaminococcus_intestini","T12",34,20.588235294117645,0.008458965472103461,0.04783496436280942,0,0,0.2876048260515177
"Actinobaculum_sp_oral_taxon_183","T0",34,2.941176470588235,8.661506215897528e-7,5.050482608180204e-6,0,0,2.9449121134051597e-5
"Actinobaculum_sp_oral_taxon_183","T12",34,0,0,0,0,0,0
"Actinomyces_SGB17132","T0",34,35.294117647058826,0.00018524802445468817,6.646265671266091e-4,0,6.082173584876116e-5,0.0062984328314593975
"Actinomyces_SGB17132","T12",34,8.823529411764707,4.847718662947789e-6,2.3250582837204317e-5,0,0,1.648224345402248e-4
"Actinomyces_bouchesdurhonensis","T0",34,2.941176470588235,4.217059645973838e-6,2.45894719333668e-5,0,0,1.4338002796311048e-4
"Actinomyces_bouchesdurhonensis","T12",34,2.941176470588235,1.3456961743948541e-5,7.846689657973747e-5,0,0,4.575366992942504e-4
"Actinomyces_dentalis","T0",34,0,0,0,0,0,0
"Actinomyces_dentalis","T12",34,2.941176470588235,4.533307655768775e-6,2.6433498865321647e-5,0,0,1.5413246029613836e-4
"Actinomyces_gerencseriae","T0",34,14.705882352941178,1.1284034619454265e-4,3.908551644213567e-4,0,0,0.0038365717706144503
"Actinomyces_gerencseriae","T12",34,8.823529411764707,1.5401129396262192e-5,5.2851062393821723e-5,0,0,5.236383994729146e-4
"Actinomyces_graevenitzii","T0",34,5.88235294117647,1.4202741380112517e-4,8.010259302328518e-4,0,0,0.004828932069238256
"Actinomyces_graevenitzii","T12",34,5.88235294117647,3.8868069020680055e-5,1.8047783223747613e-4,0,0,0.0013215143467031217
"Actinomyces_johnsonii","T0",34,17.647058823529413,1.38002617212975e-4,6.957758738741329e-4,0,0,0.0046920889852411505
"Actinomyces_johnsonii","T12",34,8.823529411764707,6.217474824085227e-6,2.5114465761106072e-5,0,0,2.1139414401889772e-4
"Actinomyces_massiliensis","T0",34,17.647058823529413,6.729671068545982e-5,2.532135112537496e-4,0,0,0.002288088163305634
"Actinomyces_massiliensis","T12",34,5.88235294117647,6.197829341395636e-6,3.495708406912726e-5,0,0,2.1072619760745164e-4
"Actinomyces_naeslundii","T0",34,23.52941176470588,8.480134257016302e-5,2.8876028827233216e-4,0,0,0.0028832456473855427
"Actinomyces_naeslundii","T12",34,17.647058823529413,6.577877890516524e-5,1.9650409269228857e-4,0,0,0.002236478482775618
"Actinomyces_oris","T0",34,35.294117647058826,3.983514882173e-4,0.0013907050302843765,0,9.441753586108985e-5,0.0135439505993882
"Actinomyces_oris","T12",34,35.294117647058826,3.3163548261986e-4,0.0014937363083096958,0,1.2713612852700113e-4,0.011275606409075238
"Actinomyces_radicidentis","T0",34,0,0,0,0,0,0
"Actinomyces_radicidentis","T12",34,5.88235294117647,2.5867869631569567e-5,1.0545707180571338e-4,0,0,8.795075674733652e-4
"Actinomyces_sp_ICM47","T0",34,17.647058823529413,1.72167714303865e-4,5.782559800118917e-4,0,0,0.0058537022863314105
"Actinomyces_sp_ICM47","T12",34,17.647058823529413,3.768615336125196e-5,1.1997639996597542e-4,0,0,0.0012813292142825666
"Actinomyces_sp_oral_taxon_448","T0",34,8.823529411764707,8.736066976620919e-5,3.896166609620139e-4,0,0,0.0029702627720511123
"Actinomyces_sp_oral_taxon_448","T12",34,5.88235294117647,1.3431959156417943e-5,5.468274026002075e-5,0,0,4.5668661131821e-4
"Actinomyces_sp_ph3","T0",34,50,1.6776953920113148e-4,3.697669099278605e-4,4.2783646664123415e-6,1.7003994637503387e-4,0.00570416433283847
"Actinomyces_sp_ph3","T12",34,14.705882352941178,2.4895861342793966e-5,7.588382480484503e-5,0,0,8.464592856549948e-4
"Adlercreutzia_equolifaciens","T0",34,8.823529411764707,2.7160433526833127e-4,0.0015688057640062334,0,0,0.009234547399123263
"Adlercreutzia_equolifaciens","T12",34,44.11764705882353,0.001267895122118492,0.002600499124873632,0,9.540265633205037e-4,0.04310843415202873
"Agathobaculum_butyriciproducens","T0",34,61.76470588235294,0.0010916685024365852,0.0015667035968030014,4.7553628051399054e-4,0.0012471305945332474,0.03711672908284389
"Agathobaculum_butyriciproducens","T12",34,67.64705882352942,0.001983699937900632,0.0029120624552935025,5.462713709274662e-4,0.003619800431492714,0.0674457978886215
"Aggregatibacter_aphrophilus","T0",34,0,0,0,0,0,0
"Aggregatibacter_aphrophilus","T12",34,0,0,0,0,0,0
"Aggregatibacter_segnis","T0",34,0,0,0,0,0,0
"Aggregatibacter_segnis","T12",34,2.941176470588235,4.27393373267516e-7,2.4921101996985473e-6,0,0,1.4531374691095544e-5
"Aggregatibacter_sp_2125159857","T0",34,0,0,0,0,0,0
"Aggregatibacter_sp_2125159857","T12",34,0,0,0,0,0,0
"Akkermansia_muciniphila","T0",34,23.52941176470588,0.015811840914889734,0.04753252918422999,0,0,0.537602591106251
"Akkermansia_muciniphila","T12",34,44.11764705882353,0.036243697486721994,0.12792790219753097,0,0.0024454137068260938,1.2322857145485477
"Alistipes_communis","T0",34,14.705882352941178,1.1766500762380341e-4,4.48134783222301e-4,0,0,0.004000610259209316
"Alistipes_communis","T12",34,17.647058823529413,2.5448913808505605e-5,7.746985270231711e-5,0,0,8.652630694891905e-4
"Alistipes_dispar","T0",34,17.647058823529413,3.5477262178482767e-4,0.0015805170479852911,0,0,0.012062269140684142
"Alistipes_dispar","T12",34,11.76470588235294,1.4492908911287885e-4,5.745155926661673e-4,0,0,0.004927589029837881
"Alistipes_finegoldii","T0",34,14.705882352941178,6.834278542606173e-5,3.0076359029249555e-4,0,0,0.0023236547044860984
"Alistipes_finegoldii","T12",34,20.588235294117645,1.5095125520102372e-4,5.070659916789619e-4,0,0,0.005132342676834807
"Alistipes_ihumii","T0",34,8.823529411764707,1.1640984262286656e-5,4.40608073463653e-5,0,0,3.957934649177463e-4
"Alistipes_ihumii","T12",34,14.705882352941178,2.583615852024345e-4,0.0013213070848928125,0,0,0.008784293896882773
"Alistipes_indistinctus","T0",34,5.88235294117647,4.825765885082951e-5,2.500289765466584e-4,0,0,0.0016407604009282034
"Alistipes_indistinctus","T12",34,5.88235294117647,2.350428076465355e-6,1.2134167950296676e-5,0,0,7.991455459982206e-5
"Alistipes_onderdonkii","T0",34,32.35294117647059,3.236318350523288e-4,7.82564049183452e-4,0,1.440320552934155e-4,0.011003482391779179
"Alistipes_onderdonkii","T12",34,38.23529411764706,0.001270060462076903,0.006235202713900684,0,1.634128096846126e-4,0.043182055710614696
"Alistipes_putredinis","T0",34,14.705882352941178,3.0139302601321047e-4,0.0015313188507876708,0,0,0.010247362884449156
"Alistipes_putredinis","T12",34,8.823529411764707,2.8956837131201298e-6,1.0235574223620613e-5,0,0,9.845324624608441e-5
"Alistipes_shahii","T0",34,5.88235294117647,6.224207362196028e-6,3.4303834066147176e-5,0,0,2.1162305031466493e-4
"Alistipes_shahii","T12",34,14.705882352941178,1.006849815620727e-4,3.880735600714506e-4,0,0,0.0034232893731104717
"Alistipes_timonensis","T0",34,2.941176470588235,1.7368027044761668e-7,1.0127213020637746e-6,0,0,5.905129195218967e-6
"Alistipes_timonensis","T12",34,2.941176470588235,4.338847058417528e-5,2.5299608476723643e-4,0,0,0.0014752079998619594
"Allisonella_histaminiformans","T0",34,2.941176470588235,1.2646217972185064e-4,7.373948864753918e-4,0,0,0.004299714110542922
"Allisonella_histaminiformans","T12",34,5.88235294117647,2.035808136298316e-5,1.0479695372107925e-4,0,0,6.921747663414275e-4
"Alloprevotella_SGB1466","T0",34,0,0,0,0,0,0
"Alloprevotella_SGB1466","T12",34,0,0,0,0,0,0
"Alloprevotella_SGB1483","T0",34,0,0,0,0,0,0
"Alloprevotella_SGB1483","T12",34,0,0,0,0,0,0
"Alloprevotella_SGB1484","T0",34,0,0,0,0,0,0
"Alloprevotella_SGB1484","T12",34,0,0,0,0,0,0
"Alloprevotella_sp_Lung230","T0",34,0,0,0,0,0,0
"Alloprevotella_sp_Lung230","T12",34,0,0,0,0,0,0
"Alloprevotella_sp_oral_taxon_473","T0",34,0,0,0,0,0,0
"Alloprevotella_sp_oral_taxon_473","T12",34,0,0,0,0,0,0
"Alloprevotella_tannerae","T0",34,0,0,0,0,0,0
"Alloprevotella_tannerae","T12",34,0,0,0,0,0,0
"Alloscardovia_omnicolens","T0",34,2.941176470588235,1.4147972782571165e-6,8.249614870475307e-6,0,0,4.810310746074196e-5
"Alloscardovia_omnicolens","T12",34,5.88235294117647,3.078305188048401e-6,1.4298643356426553e-5,0,0,1.0466237639364563e-4
"Amedibacillus_dolichus","T0",34,2.941176470588235,7.006014940508206e-5,4.085173609267081e-4,0,0,0.00238204507977279
"Amedibacillus_dolichus","T12",34,5.88235294117647,1.9344978079085273e-5,1.0829730352356132e-4,0,0,6.577292546888992e-4
"Amedibacterium_intestinale","T0",34,2.941176470588235,2.588424776348972e-5,1.509298035431656e-4,0,0,8.800644239586505e-4
"Amedibacterium_intestinale","T12",34,2.941176470588235,5.502942827353436e-6,3.208739490638187e-5,0,0,1.8710005613001683e-4
"Anaerobutyricum_hallii","T0",34,52.94117647058824,0.008114418316805847,0.021627097671703257,6.433175854058164e-5,0.003970050954423619,0.2758902227713988
"Anaerobutyricum_hallii","T12",34,64.70588235294117,0.010501234693957728,0.019112669044021813,0.0012841311096551261,0.006032506315961652,0.35704197959456274
"Anaerobutyricum_soehngenii","T0",34,52.94117647058824,0.005116491677561425,0.013165799381001212,4.7393910336729003e-4,0.0021117742884017338,0.17396071703708846
"Anaerobutyricum_soehngenii","T12",34,55.88235294117647,0.013023802844546146,0.02586344273164768,0.0019049476356116273,0.01521779059600952,0.4428092967145689
"Anaerococcus_obesiensis","T0",34,14.705882352941178,3.231370398029345e-5,1.1364247995707278e-4,0,0,0.0010986659353299773
"Anaerococcus_obesiensis","T12",34,2.941176470588235,2.666350487333528e-6,1.5547361426439126e-5,0,0,9.065591656933996e-5
"Anaerofustis_stercorihominis","T0",34,5.88235294117647,9.75421696256984e-7,4.160096713475746e-6,0,0,3.316433767273745e-5
"Anaerofustis_stercorihominis","T12",34,8.823529411764707,7.35337657509539e-5,4.078234583798953e-4,0,0,0.0025001480355324327
"Anaeroglobus_geminatus","T0",34,5.88235294117647,6.158932279652586e-5,3.4218190476631953e-4,0,0,0.002094036975081879
"Anaeroglobus_geminatus","T12",34,0,0,0,0,0,0
"Anaeromassilibacillus_senegalensis","T0",34,23.52941176470588,6.433000776756136e-4,0.0017249091906208918,0,0,0.021872202640970864
"Anaeromassilibacillus_senegalensis","T12",34,14.705882352941178,4.198406035391607e-5,1.442056373246536e-4,0,0,0.0014274580520331464
"Anaerostipes_butyraticus","T0",34,5.88235294117647,1.9137284656768643e-5,1.0106706963741412e-4,0,0,6.506676783301339e-4
"Anaerostipes_butyraticus","T12",34,2.941176470588235,9.85294117647059e-7,5.745202602274046e-6,0,0,3.35e-5
"Anaerostipes_caccae","T0",34,26.47058823529412,2.446019800791417e-4,9.269632415788951e-4,0,1.5794315690965712e-6,0.008316467322690818
"Anaerostipes_caccae","T12",34,17.647058823529413,6.640807721370352e-5,2.854487643791122e-4,0,0,0.0022578746252659198
"Anaerostipes_hadrus","T0",34,70.58823529411765,0.013559267823400422,0.023339982115501517,0.0012629213841492102,0.018327985316110545,0.46101510599561435
"Anaerostipes_hadrus","T12",34,88.23529411764706,0.03308063510577619,0.04169078793044371,0.016204129804511025,0.028847371278019878,1.1247415935963905
"Anaerotignum_faecicola","T0",34,8.823529411764707,1.957979842267527e-4,8.205795905549529e-4,0,0,0.006657131463709592
"Anaerotignum_faecicola","T12",34,11.76470588235294,4.695695397031393e-5,2.2247474867943047e-4,0,0,0.0015965364349906739
"Anaerotignum_lactatifermentans","T0",34,8.823529411764707,9.860275971124105e-5,3.6816312024562565e-4,0,0,0.0033524938301821954
"Anaerotignum_lactatifermentans","T12",34,2.941176470588235,1.962473852934918e-5,1.1443090631355219e-4,0,0,6.672411099978722e-4
"Anaerotruncus_colihominis","T0",34,17.647058823529413,2.043375877537239e-4,7.538275653791573e-4,0,0,0.006947477983626613
"Anaerotruncus_colihominis","T12",34,2.941176470588235,7.245689508384738e-6,4.22492669683767e-5,0,0,2.463534432850811e-4
"Anaerotruncus_rubiinfantis","T0",34,8.823529411764707,4.47897710578004e-6,2.0043627721531412e-5,0,0,1.5228522159652138e-4
"Anaerotruncus_rubiinfantis","T12",34,0,0,0,0,0,0
"Arachnia_SGB15899","T0",34,0,0,0,0,0,0
"Arachnia_SGB15899","T12",34,0,0,0,0,0,0
"Arachnia_propionica","T0",34,5.88235294117647,2.2166770855923366e-6,9.002621001237954e-6,0,0,7.536702091013945e-5
"Arachnia_propionica","T12",34,2.941176470588235,4.842196237115772e-6,2.8234613324022996e-5,0,0,1.6463467206193625e-4
"Arachnia_rubra","T0",34,2.941176470588235,1.3391430992246115e-6,7.808478991892757e-6,0,0,4.553086537363679e-5
"Arachnia_rubra","T12",34,0,0,0,0,0,0
"Atopobium_sp_oral_taxon_199","T0",34,2.941176470588235,1.047769106206509e-6,6.109491255195211e-6,0,0,3.562414961102131e-5
"Atopobium_sp_oral_taxon_199","T12",34,0,0,0,0,0,0
"Bacteroides_caccae","T0",34,26.47058823529412,0.0016096513227721984,0.004171811916136545,0,4.376720367493849e-5,0.054728144974254746
"Bacteroides_caccae","T12",34,35.294117647058826,3.7999639598224435e-4,7.478869656154629e-4,0,4.173376167922311e-4,0.012919877463396307
"Bacteroides_cellulosilyticus","T0",34,2.941176470588235,1.0111174448353346e-4,5.895777180873733e-4,0,0,0.0034377993124401376
"Bacteroides_cellulosilyticus","T12",34,8.823529411764707,3.130238519963407e-5,1.5740159409063093e-4,0,0,0.0010642810967875585
"Bacteroides_clarus","T0",34,5.88235294117647,1.3625518875888623e-6,7.598916072805545e-6,0,0,4.6326764178021314e-5
"Bacteroides_clarus","T12",34,0,0,0,0,0,0
"Bacteroides_eggerthii","T0",34,8.823529411764707,0.0010966260437812918,0.0045219921996848605,0,0,0.03728528548856392
"Bacteroides_eggerthii","T12",34,5.88235294117647,8.800621123694719e-4,0.0050574286214644885,0,0,0.029922111820562047
"Bacteroides_faecis","T0",34,11.76470588235294,2.3970254964376564e-4,0.0012467364590635077,0,0,0.008149886687888032
"Bacteroides_faecis","T12",34,2.941176470588235,2.5760225173444917e-5,1.5020663378674024e-4,0,0,8.758476558971272e-4
"Bacteroides_fragilis","T0",34,52.94117647058824,0.004076637536897076,0.011590928690288086,4.50609679386559e-5,0.0023024374056365912,0.13860567625450063
"Bacteroides_fragilis","T12",34,20.588235294117645,2.1110373102054315e-4,5.844968088376238e-4,0,0,0.0071775268546984666
"Bacteroides_ovatus","T0",34,41.17647058823529,8.164688928627309e-4,0.002495942418638692,0,4.030502745511242e-4,0.02775994235733285
"Bacteroides_ovatus","T12",34,41.17647058823529,2.829458381599849e-4,7.155194761105999e-4,0,9.158168537939109e-5,0.009620158497439486
"Bacteroides_stercoris","T0",34,14.705882352941178,9.27030985778277e-4,0.004644284100568749,0,0,0.031519053516461414
"Bacteroides_stercoris","T12",34,20.588235294117645,0.002398305619378437,0.013552770005070672,0,0,0.08154239105886685
"Bacteroides_thetaiotaomicron","T0",34,29.411764705882355,2.485330093213379e-4,5.953099508871076e-4,0,4.992484118133239e-5,0.008450122316925488
"Bacteroides_thetaiotaomicron","T12",34,29.411764705882355,2.870463556067706e-4,7.268215960523834e-4,0,5.897260509540563e-5,0.0097595760906302
"Bacteroides_uniformis","T0",34,52.94117647058824,0.001504368575201715,0.00351423027720955,1.0621708159780872e-5,6.445939394532038e-4,0.05114853155685832
"Bacteroides_uniformis","T12",34,50,0.0012848939201947067,0.00460171441717514,2.270000454000091e-5,5.918769495845723e-4,0.04368639328662003
"Bacteroides_xylanisolvens","T0",34,29.411764705882355,5.137967692184379e-4,0.0011851731522582714,0,1.5627992067232348e-4,0.01746909015342689
"Bacteroides_xylanisolvens","T12",34,26.47058823529412,3.2868685689650494e-4,0.0012087312124541981,0,1.8224998177500183e-5,0.011175353134481168
"Bacteroidota_unclassified_SGB1343","T0",34,0,0,0,0,0,0
"Bacteroidota_unclassified_SGB1343","T12",34,0,0,0,0,0,0
"Baileyella_intestinalis","T0",34,2.941176470588235,4.0068680862102656e-5,2.3363855059682913e-4,0,0,0.0013623351493114904
"Baileyella_intestinalis","T12",34,8.823529411764707,6.428867936000025e-4,0.0037195340393189067,0,0,0.021858150982400088
"Barnesiella_intestinihominis","T0",34,8.823529411764707,2.4067130041544946e-4,0.0012109745852802055,0,0,0.008182824214125282
"Barnesiella_intestinihominis","T12",34,23.52941176470588,2.2246893502064877e-4,0.0010428243226723564,0,0,0.007563943790702059
"Bifidobacterium_adolescentis","T0",34,23.52941176470588,0.011722421580109915,0.04291211097100645,0,0,0.39856233372373717
"Bifidobacterium_adolescentis","T12",34,29.411764705882355,0.02648186358758347,0.08104197868051753,0,1.523975436969154e-4,0.900383361977838
"Bifidobacterium_animalis","T0",34,29.411764705882355,0.0025270973980963092,0.0121784152157375,0,5.514954717634528e-6,0.08592131153527452
"Bifidobacterium_animalis","T12",34,20.588235294117645,0.0033951203505063333,0.013194736154545318,0,0,0.11543409191721533
"Bifidobacterium_bifidum","T0",34,41.17647058823529,0.016323371188154138,0.051286564401823644,0,0.006471354173304848,0.5549946203972407
"Bifidobacterium_bifidum","T12",34,41.17647058823529,0.02025002127136477,0.040092285144192503,0,0.011773536188867742,0.6885007232264022
"Bifidobacterium_breve","T0",34,17.647058823529413,8.69282615934129e-4,0.0029411256193662165,0,0,0.029555608941760386
"Bifidobacterium_breve","T12",34,17.647058823529413,0.001288358873574276,0.0041820867575891,0,0,0.04380420170152538
"Bifidobacterium_catenulatum","T0",34,0,0,0,0,0,0
"Bifidobacterium_catenulatum","T12",34,8.823529411764707,3.396947303982901e-4,0.0014731539217520302,0,0,0.011549620833541864
"Bifidobacterium_dentium","T0",34,8.823529411764707,6.0339418632028964e-6,2.9940786304841454e-5,0,0,2.0515402334889848e-4
"Bifidobacterium_dentium","T12",34,11.76470588235294,1.6412876132889694e-4,6.454722076211287e-4,0,0,0.005580377885182496
"Bifidobacterium_longum","T0",34,76.47058823529412,0.05569802131527495,0.1069626496470661,0.01002391110839721,0.0471159774912267,1.8937327247193483
"Bifidobacterium_longum","T12",34,76.47058823529412,0.05433260358125474,0.1198361816303563,0.012754413416435531,0.044589628278297,1.847308521762661
"Bifidobacterium_pseudocatenulatum","T0",34,23.52941176470588,0.014105824832189532,0.061071423103149426,0,0,0.4795980442944441
"Bifidobacterium_pseudocatenulatum","T12",34,44.11764705882353,0.019163148223146242,0.055171176521751145,0,0.01134866367486513,0.6515470395869722
"Bifidobacterium_pseudolongum","T0",34,0,0,0,0,0,0
"Bifidobacterium_pseudolongum","T12",34,5.88235294117647,7.187738773635658e-4,0.003828078689539621,0,0,0.024438311830361235
"Bifidobacterium_pullorum","T0",34,2.941176470588235,1.7696425260912847e-5,1.03187004407108e-4,0,0,6.016784588710368e-4
"Bifidobacterium_pullorum","T12",34,2.941176470588235,8.013994914654574e-6,4.672921883288568e-5,0,0,2.724758270982555e-4
"Bilophila_wadsworthia","T0",34,32.35294117647059,0.0016229328904233023,0.006107820394226068,0,4.572247800601686e-4,0.055179718274392275
"Bilophila_wadsworthia","T12",34,29.411764705882355,2.2148093026027718e-4,5.469331793238929e-4,0,1.0374060649591803e-4,0.007530351628849424
"Bittarella_massiliensis","T0",34,17.647058823529413,5.348739231267045e-5,2.274245951002877e-4,0,0,0.0018185713386307954
"Bittarella_massiliensis","T12",34,17.647058823529413,1.5576278746453753e-5,4.77602231934311e-5,0,0,5.295934773794275e-4
"Blautia_SGB101324","T0",34,5.88235294117647,6.107056596120525e-4,0.0034749483875313623,0,0,0.020763992426809787
"Blautia_SGB101324","T12",34,0,0,0,0,0,0
"Blautia_SGB4793","T0",34,14.705882352941178,0.0012177261239467367,0.0057014604461332104,0,0,0.04140268821418905
"Blautia_SGB4793","T12",34,8.823529411764707,2.0379910786013465e-4,6.932892859471198e-4,0,0,0.006929169667244578
"Blautia_SGB4815","T0",34,29.411764705882355,1.4675421349510985e-4,3.497432081691594e-4,0,2.309215158031694e-5,0.004989643258833735
"Blautia_SGB4815","T12",34,32.35294117647059,0.0010684489005574544,0.002373272959850124,0,7.256607921731845e-4,0.03632726261895345
"Blautia_SGB59878","T0",34,11.76470588235294,2.4852536259722464e-6,9.944387522427152e-6,0,0,8.449862328305637e-5
"Blautia_SGB59878","T12",34,0,0,0,0,0,0
"Blautia_caecimuris","T0",34,50,0.008168356433414563,0.025282883267150474,4.424274795574399e-5,0.004336842327132055,0.27772411873609515
"Blautia_caecimuris","T12",34,58.82352941176471,0.0036553812464894648,0.011403293252502568,9.6956866293039e-5,0.0017209964424628706,0.1242829623806418
"Blautia_faecicola","T0",34,2.941176470588235,1.1254885730180812e-4,6.562669727466514e-4,0,0,0.0038266611482614763
"Blautia_faecicola","T12",34,8.823529411764707,2.456960950159618e-4,0.0013231706780327673,0,0,0.0083536672305427
"Blautia_faecis","T0",34,70.58823529411765,0.006014248821135849,0.010998774645081408,5.863269333496783e-4,0.006272651647205963,0.20448445991861885
"Blautia_faecis","T12",34,91.17647058823529,0.008268932302081894,0.012138904646083722,0.004216441472978079,0.00923110007001716,0.2811436982707844
"Blautia_glucerasea","T0",34,44.11764705882353,0.003744540540047366,0.019314597106146466,0,2.1946899087750782e-4,0.12731437836161044
"Blautia_glucerasea","T12",34,44.11764705882353,0.003217289253743916,0.011615477458012736,0,0.0011437750657300198,0.10938783462729315
"Blautia_hansenii","T0",34,52.94117647058824,0.007917139962659648,0.015965687380246018,9.600260864715475e-5,0.00837608559996086,0.2691827587304281
"Blautia_hansenii","T12",34,55.88235294117647,0.004137364956026359,0.007405091599663947,1.5730530601167796e-4,0.00487282129282823,0.1406704085048962
"Blautia_hydrogenotrophica","T0",34,14.705882352941178,1.886831291780531e-4,6.05788228912894e-4,0,0,0.006415226392053806
"Blautia_hydrogenotrophica","T12",34,11.76470588235294,2.3269499865102868e-4,8.532953015270796e-4,0,0,0.007911629954134976
"Blautia_luti","T0",34,5.88235294117647,1.400011116410113e-4,5.861525289611679e-4,0,0,0.004760037795794384
"Blautia_luti","T12",34,11.76470588235294,0.001403483158826101,0.00509542383391883,0,0,0.047718427400087436
"Blautia_marasmi","T0",34,5.88235294117647,4.192980421939408e-5,2.210947419109112e-4,0,0,0.0014256133434593986
"Blautia_marasmi","T12",34,0,0,0,0,0,0
"Blautia_massiliensis","T0",34,73.52941176470588,0.017497354871217726,0.05364992151934206,0.0013339343191183252,0.0078663230882996555,0.5949100656214027
"Blautia_massiliensis","T12",34,79.41176470588235,0.03135623760524138,0.038610134128056514,0.010597417882104217,0.05517675614963599,1.066112078578207
"Blautia_obeum","T0",34,58.82352941176471,0.01066166343984195,0.05179226036532811,2.6135496314742017e-5,6.79443096834906e-4,0.3624965569546263
"Blautia_obeum","T12",34,82.35294117647058,0.0035792285679431385,0.006451442859421737,0.001351377664704903,0.003093101710839171,0.12169377131006671
"Blautia_producta","T0",34,70.58823529411765,0.004447481525224484,0.012299064843016677,1.6585187541280606e-4,0.001014787883117146,0.15121437185763248
"Blautia_producta","T12",34,44.11764705882353,7.594322815439078e-4,0.0019328802008141551,0,3.244588339099708e-4,0.025820697572492862
"Blautia_schinkii","T0",34,2.941176470588235,5.59376526525888e-4,0.003261697617278109,0,0,0.01901880190188019
"Blautia_schinkii","T12",34,5.88235294117647,4.602902876345598e-5,2.6159100082073615e-4,0,0,0.0015649869779575036
"Blautia_sp_An46","T0",34,5.88235294117647,1.1796655690658758e-5,5.635696658740372e-5,0,0,4.010862934823977e-4
"Blautia_sp_An46","T12",34,0,0,0,0,0,0
"Blautia_sp_MCC283","T0",34,0,0,0,0,0,0
"Blautia_sp_MCC283","T12",34,17.647058823529413,6.446934381073663e-4,0.002084911044481107,0,0,0.021919576895650453
"Blautia_sp_MSJ_9","T0",34,5.88235294117647,8.40461566247548e-6,3.885695612162035e-5,0,0,2.8575693252416636e-4
"Blautia_sp_MSJ_9","T12",34,0,0,0,0,0,0
"Blautia_sp_Marseille_P3201T","T0",34,8.823529411764707,3.861496412266295e-6,1.4213467516132025e-5,0,0,1.3129087801705403e-4
"Blautia_sp_Marseille_P3201T","T12",34,0,0,0,0,0,0
"Blautia_sp_OF03_15BH","T0",34,2.941176470588235,9.511503871498141e-7,5.54611215223405e-6,0,0,3.233911316309368e-5
"Blautia_sp_OF03_15BH","T12",34,11.76470588235294,3.8814348962074594e-5,1.5243393038152743e-4,0,0,0.0013196878647105362
"Blautia_stercoris","T0",34,8.823529411764707,7.127095903061598e-5,2.62254547953433e-4,0,0,0.0024232126070409432
"Blautia_stercoris","T12",34,17.647058823529413,9.482117291520874e-4,0.0031568622979542904,0,0,0.032239198791170966
"Blautia_wexlerae","T0",34,82.35294117647058,0.013956401479046894,0.03337101560204765,0.0031564885550364836,0.006905221284502234,0.4745176502875944
"Blautia_wexlerae","T12",34,94.11764705882352,0.04759252168465155,0.049311155162924836,0.03745962577319421,0.059066459112363176,1.6181457372781527
"Bordetella_bronchiseptica","T0",34,0,0,0,0,0,0
"Bordetella_bronchiseptica","T12",34,0,0,0,0,0,0
"Brotolimicola_acetigignens","T0",34,11.76470588235294,0.001403385466049918,0.007985920079315872,0,0,0.047715105845697214
"Brotolimicola_acetigignens","T12",34,8.823529411764707,7.082779825023382e-5,2.602950715090225e-4,0,0,0.00240814514050795
"Bulleidia_extructa","T0",34,0,0,0,0,0,0
"Bulleidia_extructa","T12",34,0,0,0,0,0,0
"Burkholderia_contaminans","T0",34,0,0,0,0,0,0
"Burkholderia_contaminans","T12",34,0,0,0,0,0,0
"Butyricicoccus_SGB14985","T0",34,14.705882352941178,2.8701647880592052e-5,8.680934662400187e-5,0,0,9.758560279401298e-4
"Butyricicoccus_SGB14985","T12",34,2.941176470588235,1.286402458175997e-4,7.50095085103498e-4,0,0,0.004373768357798389
"Butyricicoccus_intestinisimiae","T0",34,5.88235294117647,1.796799941056555e-5,8.33723972326257e-5,0,0,6.109119799592287e-4
"Butyricicoccus_intestinisimiae","T12",34,0,0,0,0,0,0
"Butyricimonas_faecihominis","T0",34,5.88235294117647,1.2833515992958854e-5,5.37444047371243e-5,0,0,4.36339543760601e-4
"Butyricimonas_faecihominis","T12",34,2.941176470588235,1.0576472703529834e-5,6.167090355142689e-5,0,0,3.596000719200144e-4
"Butyricimonas_paravirosa","T0",34,5.88235294117647,1.2123410210418465e-5,5.172842237949543e-5,0,0,4.1219594715422784e-4
"Butyricimonas_paravirosa","T12",34,8.823529411764707,7.636011792790038e-6,3.5397065131679753e-05,0,0,2.596244009548613e-4
"Campylobacter_SGB96342","T0",34,0,0,0,0,0,0
"Campylobacter_SGB96342","T12",34,0,0,0,0,0,0
"Campylobacter_concisus","T0",34,0,0,0,0,0,0
"Campylobacter_concisus","T12",34,0,0,0,0,0,0
"Campylobacter_rectus","T0",34,0,0,0,0,0,0
"Campylobacter_rectus","T12",34,0,0,0,0,0,0
"Campylobacter_showae","T0",34,0,0,0,0,0,0
"Campylobacter_showae","T12",34,0,0,0,0,0,0
"Candidatus_Cibionibacter_quicibialis","T0",34,38.23529411764706,0.006396697675432172,0.019447994669757766,0,7.888738126188796e-4,0.21748772096469385
"Candidatus_Cibionibacter_quicibialis","T12",34,47.05882352941176,0.00613850987008159,0.013837213700619366,0,0.004816041611754631,0.20870933558277405
"Candidatus_Nanogingivalis_gingivitcus","T0",34,0,0,0,0,0,0
"Candidatus_Nanogingivalis_gingivitcus","T12",34,0,0,0,0,0,0
"Candidatus_Nanoperiomorbus_periodonticus","T0",34,2.941176470588235,3.426813557620644e-7,1.9981585007089657e-6,0,0,1.165116609591019e-5
"Candidatus_Nanoperiomorbus_periodonticus","T12",34,0,0,0,0,0,0
"Candidatus_Nanosynbacter_lyticus","T0",34,2.941176470588235,2.2405315842784682e-7,1.3064431886809275e-6,0,0,7.6178073865467916e-06
"Candidatus_Nanosynbacter_lyticus","T12",34,0,0,0,0,0,0
"Candidatus_Nanosynbacter_sp_HMT_352","T0",34,0,0,0,0,0,0
"Candidatus_Nanosynbacter_sp_HMT_352","T12",34,0,0,0,0,0,0
"Candidatus_Nanosynsacchari_sp_TM7_ANC_38_39_G1_1","T0",34,8.823529411764707,3.599382510079447e-5,1.654324992500128e-4,0,0,0.0012237900534270122
"Candidatus_Nanosynsacchari_sp_TM7_ANC_38_39_G1_1","T12",34,8.823529411764707,7.793822067948087e-6,3.007943121023429e-5,0,0,2.6498995031023494e-4
"Candidatus_Saccharibacteria_unclassified_SGB19846","T0",34,0,0,0,0,0,0
"Candidatus_Saccharibacteria_unclassified_SGB19846","T12",34,0,0,0,0,0,0
"Candidatus_Saccharibacteria_unclassified_SGB19905","T0",34,2.941176470588235,3.1197619454463475e-7,1.8191181827266642e-6,0,0,1.0607190614517582e-5
"Candidatus_Saccharibacteria_unclassified_SGB19905","T12",34,0,0,0,0,0,0
"Capnocytophaga_SGB2480","T0",34,0,0,0,0,0,0
"Capnocytophaga_SGB2480","T12",34,0,0,0,0,0,0
"Capnocytophaga_SGB2499","T0",34,0,0,0,0,0,0
"Capnocytophaga_SGB2499","T12",34,0,0,0,0,0,0
"Capnocytophaga_gingivalis","T0",34,0,0,0,0,0,0
"Capnocytophaga_gingivalis","T12",34,0,0,0,0,0,0
"Capnocytophaga_granulosa","T0",34,0,0,0,0,0,0
"Capnocytophaga_granulosa","T12",34,0,0,0,0,0,0
"Capnocytophaga_leadbetteri","T0",34,0,0,0,0,0,0
"Capnocytophaga_leadbetteri","T12",34,0,0,0,0,0,0
"Capnocytophaga_ochracea","T0",34,0,0,0,0,0,0
"Capnocytophaga_ochracea","T12",34,0,0,0,0,0,0
"Capnocytophaga_sputigena","T0",34,0,0,0,0,0,0
"Capnocytophaga_sputigena","T12",34,0,0,0,0,0,0
"Cardiobacterium_hominis","T0",34,0,0,0,0,0,0
"Cardiobacterium_hominis","T12",34,0,0,0,0,0,0
"Carnobacterium_divergens","T0",34,5.88235294117647,6.203398374286364e-5,3.284955842615379e-4,0,0,0.0021091554472573637
"Carnobacterium_divergens","T12",34,2.941176470588235,8.058825141176792e-7,4.699062172717177e-6,0,0,2.7400005480001095e-5
"Catenibacillus_scindens","T0",34,8.823529411764707,3.5327056277307034e-6,1.3026381686907676e-5,0,0,1.2011199134284392e-4
"Catenibacillus_scindens","T12",34,8.823529411764707,3.1228988818973237e-6,1.274031214228879e-5,0,0,1.06178561984509e-4
"Catenibacterium_tridentinum","T0",34,2.941176470588235,0.009016384477396503,0.052574104153128895,0,0,0.3065570722314811
"Catenibacterium_tridentinum","T12",34,2.941176470588235,0.0024979181779022147,0.014565240732607438,0,0,0.0849292180486753
"Catonella_SGB4505","T0",34,0,0,0,0,0,0
"Catonella_SGB4505","T12",34,0,0,0,0,0,0
"Catonella_SGB69305","T0",34,0,0,0,0,0,0
"Catonella_SGB69305","T12",34,0,0,0,0,0,0
"Catonella_SGB96613","T0",34,0,0,0,0,0,0
"Catonella_SGB96613","T12",34,0,0,0,0,0,0
"Catonella_massiliensis","T0",34,0,0,0,0,0,0
"Catonella_massiliensis","T12",34,0,0,0,0,0,0
"Catonella_morbi","T0",34,0,0,0,0,0,0
"Catonella_morbi","T12",34,0,0,0,0,0,0
"Christensenella_hongkongensis","T0",34,11.76470588235294,2.8456015119362793e-4,0.001590206842084558,0,0,0.00967504514058335
"Christensenella_hongkongensis","T12",34,5.88235294117647,2.8734873772540704e-6,1.2038100039199024e-5,0,0,9.769857082663838e-5
"Christensenella_minuta","T0",34,8.823529411764707,1.687422764291662e-5,6.385339068126003e-5,0,0,5.737237398591651e-4
"Christensenella_minuta","T12",34,2.941176470588235,1.1133620464103377e-6,6.4919605341652e-6,0,0,3.7854309577951484e-5
"Citrobacter_freundii","T0",34,5.88235294117647,3.9094787076108454e-4,0.0018273194324805407,0,0,0.013292227605876873
"Citrobacter_freundii","T12",34,5.88235294117647,2.9503363580801213e-5,1.6476885124023957e-4,0,0,0.0010031143617472414
"Clostridia_bacterium","T0",34,23.52941176470588,0.0013093420323595352,0.003649017407927469,0,0,0.04451762910022419
"Clostridia_bacterium","T12",34,11.76470588235294,4.848053281599152e-5,2.0531926337234805e-4,0,0,0.0016483381157437116
"Clostridia_bacterium_UC5_1_1D1","T0",34,50,1.846961251243062e-4,5.05074728247069e-4,7.200000720000072e-6,2.0228093324899219e-4,0.00627966825422641
"Clostridia_bacterium_UC5_1_1D1","T12",34,17.647058823529413,1.0152775981654324e-4,4.0547140837161487e-4,0,0,0.00345194383376247
"Clostridiaceae_bacterium","T0",34,41.17647058823529,0.003920115790194548,0.009513178386350374,0,0.0016961251884525224,0.13328393686661463
"Clostridiaceae_bacterium","T12",34,67.64705882352942,0.006394202805248663,0.021970732848310828,0.0011144723900548736,0.003390651560047735,0.21740289537845453
"Clostridiaceae_bacterium_AF18_31LB","T0",34,11.76470588235294,4.9444268792479664e-5,1.7201058533007898e-4,0,0,0.0016811051389443085
"Clostridiaceae_bacterium_AF18_31LB","T12",34,11.76470588235294,1.1235995627019911e-4,5.698653408071902e-4,0,0,0.0038202385131867697
"Clostridiaceae_bacterium_Marseille_Q3526","T0",34,17.647058823529413,8.362577219676649e-4,0.0029545769997170604,0,0,0.028432762546900605
"Clostridiaceae_bacterium_Marseille_Q3526","T12",34,11.76470588235294,4.5752963678630674e-5,2.189822250403173e-4,0,0,0.0015556007650734428
"Clostridiaceae_bacterium_Marseille_Q4143","T0",34,2.941176470588235,3.442010534333704e-6,2.0070197847250596e-5,0,0,1.1702835816734594e-4
"Clostridiaceae_bacterium_Marseille_Q4143","T12",34,2.941176470588235,5.78262288220565e-6,3.371819585217283e-5,0,0,1.966091779949921e-4
"Clostridiaceae_bacterium_Marseille_Q4149","T0",34,2.941176470588235,6.8486276441498374e-6,3.9934018338745406e-5,0,0,2.3285333990109448e-4
"Clostridiaceae_bacterium_Marseille_Q4149","T12",34,8.823529411764707,1.802810987675242e-4,9.521188590196712e-4,0,0,0.006129557358095823
"Clostridiaceae_unclassified_SGB15090","T0",34,5.88235294117647,0.001153221578150981,0.0067233325578680975,0,0,0.03920953365713335
"Clostridiaceae_unclassified_SGB15090","T12",34,5.88235294117647,1.1363948816911624e-4,6.010488700243107e-4,0,0,0.003863742597749952
"Clostridiales_bacterium","T0",34,11.76470588235294,5.474637755726948e-5,1.9304686076061268e-4,0,0,0.0018613768369471623
"Clostridiales_bacterium","T12",34,0,0,0,0,0,0
"Clostridiales_bacterium_KLE1615","T0",34,26.47058823529412,2.1286764230677777e-4,6.108804189854313e-4,0,5.072426230891231e-5,0.0072374998384304445
"Clostridiales_bacterium_KLE1615","T12",34,20.588235294117645,4.144652341257417e-4,0.001207729746694076,0,0,0.01409181796027522
"Clostridioides_difficile","T0",34,20.588235294117645,6.942332304737316e-5,2.3292764294366891e-4,0,0,0.0023603929836106875
"Clostridioides_difficile","T12",34,5.88235294117647,2.734404149424667e-5,1.4203383451043378e-4,0,0,9.296974108043868e-4
"Clostridium_SGB47280","T0",34,5.88235294117647,8.634142608685359e-5,4.893312785153621e-4,0,0,0.002935608486953022
"Clostridium_SGB47280","T12",34,2.941176470588235,4.043086429961035e-6,2.357504247980462e-5,0,0,1.374649386186752e-4
"Clostridium_SGB4750","T0",34,11.76470588235294,8.166868348540318e-5,3.3337677927726254e-4,0,0,0.0027767352385037083
"Clostridium_SGB4750","T12",34,14.705882352941178,7.046300953546367e-5,2.8430755564335606e-4,0,0,0.0023957423242057644
"Clostridium_SGB4909","T0",34,2.941176470588235,4.819618388012122e-5,2.8102962972010535e-4,0,0,0.0016386702519241216
"Clostridium_SGB4909","T12",34,2.941176470588235,4.259084185363909e-6,2.4834515000953337e-5,0,0,1.448088623023729e-4
"Clostridium_SGB6173","T0",34,23.52941176470588,2.055986450752274e-4,6.026021837269185e-4,0,0,0.006990353932557732
"Clostridium_SGB6173","T12",34,26.47058823529412,6.081325456766379e-4,0.0016419331248904304,0,6.6034417138212435e-6,0.02067650655300569
"Clostridium_SGB6176","T0",34,2.941176470588235,1.0542649114934595e-6,6.1473679833417e-6,0,0,3.584500699077762e-5
"Clostridium_SGB6176","T12",34,8.823529411764707,1.013605759638828e-5,4.5835071658623856e-5,0,0,3.4462595827720156e-4
"Clostridium_SGB6177","T0",34,0,0,0,0,0,0
"Clostridium_SGB6177","T12",34,8.823529411764707,9.349074556716307e-6,4.0680507067490715e-5,0,0,3.178685349283544e-4
"Clostridium_SGB6179","T0",34,14.705882352941178,3.4089169047071496e-4,0.0011894144197849622,0,0,0.011590317476004308
"Clostridium_SGB6179","T12",34,32.35294117647059,0.004800858337059075,0.02501538556308843,0,1.2215101529281015e-4,0.16322918346000856
"Clostridium_butyricum","T0",34,0,0,0,0,0,0
"Clostridium_butyricum","T12",34,5.88235294117647,1.2386154929226726e-4,6.321787200272071e-4,0,0,0.004211292675937087
"Clostridium_celatum","T0",34,2.941176470588235,5.7782130331392075e-6,3.369248223440288e-5,0,0,1.9645924312673306e-4
"Clostridium_celatum","T12",34,8.823529411764707,6.849646806463248e-5,3.919782333152813e-4,0,0,0.0023288799141975044
"Clostridium_cuniculi","T0",34,5.88235294117647,4.3668110835052056e-5,1.9002469134247468e-4,0,0,0.00148471576839177
"Clostridium_cuniculi","T12",34,5.88235294117647,9.671267381944283e-6,3.9360435426362544e-5,0,0,3.288230909861056e-4
"Clostridium_disporicum","T0",34,5.88235294117647,5.16344674991327e-6,2.301923311132446e-5,0,0,1.7555718949705115e-4
"Clostridium_disporicum","T12",34,11.76470588235294,4.145577369844302e-5,2.1603116501191748e-4,0,0,0.0014094963057470627
"Clostridium_fessum","T0",34,35.294117647058826,0.0021964730625208934,0.006206258448759293,0,6.740493957449001e-4,0.07468008412571038
"Clostridium_fessum","T12",34,29.411764705882355,6.406596310102607e-4,0.0027006210337894784,0,5.663925519451402e-5,0.021782427454348864
"Clostridium_innocuum","T0",34,73.52941176470588,0.002245704112212815,0.003770100793097893,2.1617491461221243e-4,0.00375481229225475,0.07635393981523571
"Clostridium_innocuum","T12",34,58.82352941176471,5.500342381202732e-4,0.001255661820678278,3.699926389717644e-5,5.569151474416514e-4,0.01870116409608929
"Clostridium_leptum","T0",34,20.588235294117645,5.547185789513206e-4,0.0026000837403544843,0,0,0.0188604316843449
"Clostridium_leptum","T12",34,20.588235294117645,1.2393178553622155e-4,4.194843002782864e-4,0,0,0.0042136807082315325
"Clostridium_methylpentosum","T0",34,17.647058823529413,2.7598777394282644e-5,1.3712864669882758e-4,0,0,9.383584314056099e-4
"Clostridium_methylpentosum","T12",34,0,0,0,0,0,0
"Clostridium_paraputrificum","T0",34,14.705882352941178,1.1371895974348791e-4,5.76454595066645e-4,0,0,0.003866444631278589
"Clostridium_paraputrificum","T12",34,2.941176470588235,6.54803468140524e-6,3.818127523305262e-5,0,0,2.2263317916777816e-4
"Clostridium_perfringens","T0",34,26.47058823529412,5.477801818394836e-4,0.0017591166329792164,0,6.094131211548308e-5,0.018624526182542442
"Clostridium_perfringens","T12",34,29.411764705882355,9.472499936796344e-4,0.004214102279522749,0,6.826101227175389e-6,0.03220649978510757
"Clostridium_porci","T0",34,5.88235294117647,3.4732451418300123e-4,0.0019883370204406762,0,0,0.011809033482222042
"Clostridium_porci","T12",34,0,0,0,0,0,0
"Clostridium_saccharogumia","T0",34,2.941176470588235,2.769265490537114e-5,1.6147453859377087e-4,0,0,9.415502667826188e-4
"Clostridium_saccharogumia","T12",34,14.705882352941178,1.0428658053185972e-4,3.7088304304354406e-4,0,0,0.0035457437380832305
"Clostridium_saudiense","T0",34,35.294117647058826,0.001265915511357435,0.004965614493562361,0,5.0181094159934325e-5,0.04304112738615279
"Clostridium_saudiense","T12",34,47.05882352941176,0.005121603799085727,0.019033063724397906,0,0.001204286254471512,0.1741345291689147
"Clostridium_scindens","T0",34,61.76470588235294,0.0013478683019924015,0.0029383644128094266,6.072876378009018e-5,7.511805172772136e-4,0.045827522267741644
"Clostridium_scindens","T12",34,47.05882352941176,0.0035803614212895287,0.011406116859151579,0,3.677949221457818e-4,0.12173228832384397
"Clostridium_sp_1001270J_160509_D11","T0",34,2.941176470588235,1.53486401372667e-5,8.94971822916939e-5,0,0,5.218537646670678e-4
"Clostridium_sp_1001270J_160509_D11","T12",34,26.47058823529412,1.805700252746558e-4,5.362598769334644e-4,0,7.215030351227677e-6,0.006139380859338297
"Clostridium_sp_AF20_17LB","T0",34,2.941176470588235,2.3058363846351365e-6,1.3445221036191485e-5,0,0,7.839843707759463e-5
"Clostridium_sp_AF20_17LB","T12",34,2.941176470588235,1.3521482150126663e-5,7.884311196439798e-5,0,0,4.5973039310430653e-4
"Clostridium_sp_AF27_2AA","T0",34,2.941176470588235,1.4743402838825703e-6,8.596807271951831e-6,0,0,5.012756965200739e-5
"Clostridium_sp_AF27_2AA","T12",34,2.941176470588235,2.2207241436117066e-6,1.294893565312139e-5,0,0,7.550462088279803e-5
"Clostridium_sp_AF36_4","T0",34,2.941176470588235,4.29033022609828e-4,0.0025016709161379833,0,0,0.014587122768734152
"Clostridium_sp_AF36_4","T12",34,11.76470588235294,5.393337650303885e-5,1.9816870868971634e-4,0,0,0.0018337348011033209
"Clostridium_sp_AM22_11AC","T0",34,8.823529411764707,1.54030204615808e-4,7.436973396825949e-4,0,0,0.0052370269569374725
"Clostridium_sp_AM22_11AC","T12",34,14.705882352941178,1.1871508350407914e-4,4.803947113550564e-4,0,0,0.004036312839138691
"Clostridium_sp_AM29_11AC","T0",34,14.705882352941178,7.755210264151164e-4,0.003394361882913905,0,0,0.02636771489811396
"Clostridium_sp_AM29_11AC","T12",34,8.823529411764707,2.983732464574155e-4,0.0010409173654460809,0,0,0.010144690379552127
"Clostridium_sp_AM49_4BH","T0",34,11.76470588235294,2.208904852396288e-4,8.260281005219907e-4,0,0,0.00751027649814738
"Clostridium_sp_AM49_4BH","T12",34,23.52941176470588,2.7063286258132395e-4,7.646263522125511e-4,0,0,0.009201517327765014
"Clostridium_sp_AT4","T0",34,23.52941176470588,0.0017959153245001092,0.006888837454111681,0,0,0.061061121033003714
"Clostridium_sp_AT4","T12",34,23.52941176470588,1.8733910745803186e-4,6.608159613265731e-4,0,0,0.0063695296535730824
"Clostridium_sp_C5_48","T0",34,14.705882352941178,1.3589223303810051e-4,5.217604482696079e-4,0,0,0.004620335923295417
"Clostridium_sp_C5_48","T12",34,5.88235294117647,2.3025217084043843e-5,1.0685197436977124e-4,0,0,7.828573808574906e-4
"Clostridium_sp_NSJ_42","T0",34,2.941176470588235,1.7740598930989228e-6,1.0344457895234216e-5,0,0,6.031803636536338e-5
"Clostridium_sp_NSJ_42","T12",34,5.88235294117647,6.368686640521878e-5,3.692052915294985e-4,0,0,0.0021653534577774384
"Clostridium_spiroforme","T0",34,29.411764705882355,0.0039128609716791345,0.01563775467963894,0,1.5491263933324452e-4,0.13303727303709056
"Clostridium_spiroforme","T12",34,23.52941176470588,2.531599771666888e-4,7.13276452982425e-4,0,0,0.008607439223667418
"Clostridium_symbiosum","T0",34,67.64705882352942,0.0019140566955579464,0.005719286427662439,7.9781863098053e-5,0.0012326338573968095,0.06507792764897018
"Clostridium_symbiosum","T12",34,23.52941176470588,1.8126307902045956e-4,8.933960936035728e-4,0,0,0.006162944686695625
"Colidextribacter_sp_210702_DFI_3_9","T0",34,2.941176470588235,6.373765865205771e-6,3.716512214902188e-5,0,0,2.167080394169962e-4
"Colidextribacter_sp_210702_DFI_3_9","T12",34,2.941176470588235,1.1131845897469809e-6,6.490925792897747e-6,0,0,3.784827605139735e-5
"Collinsella_SGB14754","T0",34,5.88235294117647,2.975632555073394e-4,0.001345170617252388,0,0,0.01011715068724954
"Collinsella_SGB14754","T12",34,8.823529411764707,7.146645026362484e-5,2.999524685643642e-4,0,0,0.0024298593089632447
"Collinsella_aerofaciens","T0",34,55.88235294117647,0.010779874624696643,0.036025137791828914,5.737692347813435e-4,0.0047491328106368585,0.36651573723968583
"Collinsella_aerofaciens","T12",34,55.88235294117647,0.018981997301497314,0.039726657996707875,0.0013583579886435925,0.011573611329667602,0.6453879082509086
"Collinsella_bouchesdurhonensis","T0",34,8.823529411764707,2.4972026386551216e-4,8.947530334009401e-4,0,0,0.008490488971427415
"Collinsella_bouchesdurhonensis","T12",34,8.823529411764707,2.663347595257837e-4,9.591628472483425e-4,0,0,0.009055381823876647
"Collinsella_intestinalis","T0",34,5.88235294117647,6.073857562268897e-4,0.0025084082416979643,0,0,0.02065111571171425
"Collinsella_intestinalis","T12",34,11.76470588235294,0.0019214243688275765,0.009477259651222146,0,0,0.0653284285401376
"Coprobacillus_cateniformis","T0",34,11.76470588235294,0.0038691183067093154,0.02249496091762206,0,0,0.13155002242811673
"Coprobacillus_cateniformis","T12",34,5.88235294117647,3.900638580540029e-5,2.1911263009871803e-4,0,0,0.0013262171173836098
"Coprobacillus_sp_AF33_1AC","T0",34,2.941176470588235,4.760729310174517e-6,2.7759583592007666e-5,0,0,1.618647965459336e-4
"Coprobacillus_sp_AF33_1AC","T12",34,2.941176470588235,1.3539038759757092e-5,7.894548371058958e-5,0,0,4.6032731783174114e-4
"Coprobacter_fastidiosus","T0",34,8.823529411764707,2.3400644924616413e-5,7.88862258330264e-5,0,0,7.95621927436958e-4
"Coprobacter_fastidiosus","T12",34,2.941176470588235,1.6648077685883787e-6,9.707414012803584e-6,0,0,5.6603464132004877e-5
"Coprococcus_SGB4580","T0",34,8.823529411764707,2.0481129174511605e-5,1.1755200510681362e-4,0,0,6.963583919333946e-4
"Coprococcus_SGB4580","T12",34,0,0,0,0,0,0
"Coprococcus_catus","T0",34,41.17647058823529,7.72716946332962e-4,0.002459637653167624,0,4.981170833441898e-4,0.026272376175320706
"Coprococcus_catus","T12",34,55.88235294117647,0.0013256629772508434,0.0019858084019433527,2.933546210314759e-4,0.0018652612606600172,0.04507254122652868
"Coprococcus_comes","T0",34,47.05882352941176,0.005224552878535928,0.009729928804079453,0,0.006255460760360714,0.17763479787022157
"Coprococcus_comes","T12",34,67.64705882352942,0.0077404491389595625,0.011235185044795147,0.0019161087155767343,0.01018858252357024,0.26317527072462515
"Coprococcus_eutactus","T0",34,0,0,0,0,0,0
"Coprococcus_eutactus","T12",34,14.705882352941178,0.001295259096598227,0.005228253006059812,0,0,0.04403880928433972
"Corynebacterium_durum","T0",34,17.647058823529413,2.103608475862875e-5,8.815581089667405e-5,0,0,7.152268817933774e-4
"Corynebacterium_durum","T12",34,11.76470588235294,1.1887878727323758e-5,3.935015702334691e-5,0,0,4.041878767290077e-4
"Corynebacterium_matruchotii","T0",34,0,0,0,0,0,0
"Corynebacterium_matruchotii","T12",34,0,0,0,0,0,0
"Cuneatibacter_caecimuris","T0",34,5.88235294117647,4.611517089071616e-5,0.00024728270647632593,0,0,0.0015679158102843494
"Cuneatibacter_caecimuris","T12",34,0,0,0,0,0,0
"Cuneatibacter_sp_NSJ_177","T0",34,5.88235294117647,1.7672225225119698e-06,8.577980663931599e-6,0,0,6.0085565765406974e-5
"Cuneatibacter_sp_NSJ_177","T12",34,2.941176470588235,1.519558179161518e-6,8.860470644109529e-6,0,0,5.1664978091491614e-5
"Cutibacterium_acnes","T0",34,38.23529411764706,3.2453278272363346e-5,7.581709780301934e-5,0,3.359401678062454e-5,0.0011034114612603538
"Cutibacterium_acnes","T12",34,0,0,0,0,0,0
"Desulfovibrio_desulfuricans","T0",34,5.88235294117647,3.526820757106476e-5,1.9978937811149981e-4,0,0,0.001199119057416202
"Desulfovibrio_desulfuricans","T12",34,0,0,0,0,0,0
"Desulfovibrio_piger","T0",34,2.941176470588235,8.505363416767404e-6,4.959436493134779e-5,0,0,2.891823561700917e-4
"Desulfovibrio_piger","T12",34,8.823529411764707,2.1179657104038432e-4,0.0011807543924037057,0,0,0.007201083415373067
"Dialister_invisus","T0",34,41.17647058823529,0.020939458529120172,0.040223972856258165,0,0.024853374462461334,0.7119415899900859
"Dialister_invisus","T12",34,55.88235294117647,0.025958889561292407,0.061906352522103074,3.2572959988417497e-4,0.0063923048296368355,0.8826022450839418
"Dialister_pneumosintes","T0",34,11.76470588235294,3.161079654600161e-5,1.3078736889732726e-4,0,0,0.001074767082564055
"Dialister_pneumosintes","T12",34,11.76470588235294,7.300240994875963e-5,3.20095202777001e-4,0,0,0.002482081938257828
"Dielma_fastidiosa","T0",34,8.823529411764707,6.011804048519955e-6,2.0446688043049463e-5,0,0,2.0440133764967845e-4
"Dielma_fastidiosa","T12",34,2.941176470588235,6.882774166955489e-6,4.013312507060139e-5,0,0,2.340143216764866e-4
"Diplocloster_agilis","T0",34,5.88235294117647,4.1176849039693085e-5,2.0910520122322955e-4,0,0,0.001400012867349565
"Diplocloster_agilis","T12",34,0,0,0,0,0,0
"Diplocloster_modestus","T0",34,2.941176470588235,1.0072524188663213e-7,5.873240400376088e-7,0,0,3.4246582241454924e-6
"Diplocloster_modestus","T12",34,2.941176470588235,6.857563463455242e-7,3.998612267125624e-6,0,0,2.3315715775747822e-5
"Dolosigranulum_pigrum","T0",34,0,0,0,0,0,0
"Dolosigranulum_pigrum","T12",34,0,0,0,0,0,0
"Dorea_formicigenerans","T0",34,52.94117647058824,0.0026728969555432744,0.0058174635955690526,6.315971423562279e-5,0.0032877221014557863,0.09087849648847134
"Dorea_formicigenerans","T12",34,76.47058823529412,0.0056469191371939596,0.009803475624390302,0.0027742555011096197,0.005673206589300165,0.1919952506645946
"Dorea_longicatena","T0",34,64.70588235294117,0.015552860468183095,0.024086369886271202,0.00411470696335293,0.01819235191418797,0.5287972559182252
"Dorea_longicatena","T12",34,79.41176470588235,0.018419283234932214,0.02218339439858387,0.010352169628309345,0.024822075757718387,0.6262556299876952
"Dorea_phocaeensis","T0",34,2.941176470588235,7.676152183895661e-5,4.47592741218073e-4,0,0,0.002609891742524525
"Dorea_phocaeensis","T12",34,5.88235294117647,1.5312974527524224e-4,7.832680064609915e-4,0,0,0.005206411339358237
"Dorea_sp_AF36_15AT","T0",34,35.294117647058826,4.95971334907003e-4,0.001655218538887878,0,1.228320628412137e-4,0.0168630253868381
"Dorea_sp_AF36_15AT","T12",34,50,0.001104920676264931,0.002097805806613205,2.880000576000115e-5,0.001218648620230046,0.03756730299300765
"Drancourtella_massiliensis","T0",34,11.76470588235294,3.9947096157732983e-4,0.0017092256434041865,0,0,0.013582012693629214
"Drancourtella_massiliensis","T12",34,5.88235294117647,9.625296550303517e-4,0.00413759740815102,0,0,0.03272600827103196
"Dysosmobacter_welbionis","T0",34,29.411764705882355,2.9510242615087115e-4,6.189881324198686e-4,0,1.064769137733245e-4,0.010033482489129619
"Dysosmobacter_welbionis","T12",34,2.941176470588235,6.6004039447214165e-6,3.848663788821774e-5,0,0,2.2441373412052817e-4
"Eggerthella_lenta","T0",34,70.58823529411765,0.00659445116577598,0.012004560316820923,0.0015878518550896765,0.005502564826173663,0.22421133963638332
"Eggerthella_lenta","T12",34,88.23529411764706,0.013873521509828048,0.040420101781937494,0.00323247237148793,0.010345219634915593,0.4716997313341536
"Eggerthella_sinensis","T0",34,5.88235294117647,1.4495999545442937e-5,8.23871385103303e-5,0,0,4.928639845450598e-4
"Eggerthella_sinensis","T12",34,5.88235294117647,5.4237303905641135e-6,2.4275501886873716e-5,0,0,1.8440683327917987e-4
"Eggerthella_sp_YY7918","T0",34,2.941176470588235,5.1239222226054854e-5,2.98773439929414e-4,0,0,0.001742133555685865
"Eggerthella_sp_YY7918","T12",34,2.941176470588235,3.6884610279325567e-6,2.1507238819886385e-5,0,0,1.2540767494970692e-4
"Eggerthia_catenaformis","T0",34,0,0,0,0,0,0
"Eggerthia_catenaformis","T12",34,0,0,0,0,0,0
"Eikenella_corrodens","T0",34,0,0,0,0,0,0
"Eikenella_corrodens","T12",34,0,0,0,0,0,0
"Eisenbergiella_massiliensis","T0",34,14.705882352941178,0.001015020318189024,0.005468144759578363,0,0,0.034510690818426816
"Eisenbergiella_massiliensis","T12",34,8.823529411764707,1.7875429982987953e-4,9.153559529791253e-4,0,0,0.006077646194215904
"Eisenbergiella_tayi","T0",34,23.52941176470588,6.135788891044057e-4,0.0019166878211247897,0,0,0.020861682229549792
"Eisenbergiella_tayi","T12",34,26.47058823529412,2.501857568099848e-4,0.0011375781725581399,0,8.480230606237929e-6,0.008506315731539484
"Enorma_massiliensis","T0",34,5.88235294117647,1.060666970876561e-5,4.339697374525006e-5,0,0,3.6062677009803077e-4
"Enorma_massiliensis","T12",34,8.823529411764707,8.408513984982557e-4,0.0046003770057333635,0,0,0.02858894754894069
"Enorma_phocaeensis","T0",34,2.941176470588235,5.851292852593349e-6,3.411860714612395e-5,0,0,1.9894395698817388e-4
"Enorma_phocaeensis","T12",34,2.941176470588235,4.6094272868445735e-6,2.6877348772378e-5,0,0,1.567205277527155e-4
"Enterobacter_hormaechei","T0",34,8.823529411764707,2.3374491028888342e-4,0.0012188021148146066,0,0,0.007947326949822036
"Enterobacter_hormaechei","T12",34,11.76470588235294,6.36473026909493e-4,0.002752808611129072,0,0,0.021640082914922764
"Enterobacter_kobei","T0",34,2.941176470588235,2.3934350006968055e-6,1.39560043525021e-5,0,0,8.137679002369138e-5
"Enterobacter_kobei","T12",34,5.88235294117647,4.126262548548558e-5,1.7720705982237313e-4,0,0,0.0014029292665065098
"Enterobacter_ludwigii","T0",34,2.941176470588235,5.223374198100292e-4,0.003045724367789895,0,0,0.017759472273540994
"Enterobacter_ludwigii","T12",34,2.941176470588235,5.8529423470590576e-6,3.412822526900431e-5,0,0,1.9900003980000795e-4
"Enterocloster_aldenensis","T0",34,58.82352941176471,8.52799297921795e-4,0.002716485147152011,2.2759155714303946e-5,2.3801608970855668e-4,0.02899517612934103
"Enterocloster_aldenensis","T12",34,20.588235294117645,1.7987718785206957e-4,6.755475498099591e-4,0,0,0.006115824386970365
"Enterocloster_asparagiformis","T0",34,8.823529411764707,3.7102569181991434e-5,1.4855144707692355e-4,0,0,0.0012614873521877088
"Enterocloster_asparagiformis","T12",34,2.941176470588235,3.7949698476092146e-6,2.212828662379773e-5,0,0,1.290289748187133e-4
"Enterocloster_bolteae","T0",34,55.88235294117647,0.005756619674629276,0.023581822059764956,3.750671841009311e-5,4.2148283464435953e-4,0.1957250689373954
"Enterocloster_bolteae","T12",34,41.17647058823529,0.001147113679520181,0.004842936551241957,0,1.69990510864744e-4,0.039001865103686154
"Enterocloster_citroniae","T0",34,23.52941176470588,1.0631578785701109e-4,3.382022393110791e-4,0,0,0.0036147367871383774
"Enterocloster_citroniae","T12",34,8.823529411764707,1.5487424362365725e-5,7.689873952323392e-5,0,0,5.265724283204347e-4
"Enterocloster_clostridioformis","T0",34,70.58823529411765,0.012401678815196583,0.05550557239540809,1.1311674140933512e-4,0.0017305642225783928,0.42165707971668387
"Enterocloster_clostridioformis","T12",34,32.35294117647059,0.004642218201303352,0.0239769816783005,0,1.953796759471468e-4,0.15783541884431396
"Enterocloster_hominis","T0",34,20.588235294117645,4.642051673489457e-4,0.0017430747184819279,0,0,0.015782975689864153
"Enterocloster_hominis","T12",34,23.52941176470588,1.4498718942511783e-4,5.550294809106217e-4,0,0,0.004929564440454007
"Enterocloster_lavalensis","T0",34,23.52941176470588,7.84827658976421e-4,0.0032504272260471022,0,0,0.026684140405198318
"Enterocloster_lavalensis","T12",34,8.823529411764707,1.8855945434673208e-6,8.024156123887669e-6,0,0,6.411021447788891e-5
"Enterococcus_avium","T0",34,14.705882352941178,0.0011473791006213865,0.005860494273160559,0,0,0.03901088942112714
"Enterococcus_avium","T12",34,8.823529411764707,8.313530790099701e-5,2.9919193492115913e-4,0,0,0.0028266004686338985
"Enterococcus_faecalis","T0",34,50,0.007472820973104207,0.0349539724928332,2.2599244582584418e-6,0.0018876739825309454,0.25407591308554306
"Enterococcus_faecalis","T12",34,38.23529411764706,0.005900231742166776,0.023559897809399034,0,2.7558922840503086e-4,0.20060787923367038
"Enterococcus_faecium","T0",34,41.17647058823529,0.005579500462745456,0.026962228253702668,0,0.0013872597041490239,0.18970301573334553
"Enterococcus_faecium","T12",34,26.47058823529412,3.3860029978833385e-4,0.0010416407200004784,0,9.529967018810205e-6,0.011512410192803352
"Enterococcus_gallinarum","T0",34,8.823529411764707,4.5599259276539774e-5,1.9940495510499878e-4,0,0,0.0015503748154023524
"Enterococcus_gallinarum","T12",34,0,0,0,0,0,0
"Enteroscipio_rubneri","T0",34,2.941176470588235,1.5893126891896487e-7,9.267205836532062e-7,0,0,5.4036631432448055e-6
"Enteroscipio_rubneri","T12",34,2.941176470588235,2.199575142866406e-5,1.282561684715149e-4,0,0,7.47855548574578e-4
"Erysipelatoclostridium_SGB66626","T0",34,2.941176470588235,1.4470591129412346e-4,8.437732076557851e-4,0,0,0.004920000984000197
"Erysipelatoclostridium_SGB66626","T12",34,8.823529411764707,1.1290825958147253e-4,4.6596585345050736e-4,0,0,0.003838880825770066
"Erysipelatoclostridium_ramosum","T0",34,73.52941176470588,0.006837160300666574,0.01569521885556298,0.0013437722865193623,0.0034051461955396933,0.23246345022266354
"Erysipelatoclostridium_ramosum","T12",34,64.70588235294117,0.0016612089245853286,0.0025465650539586364,4.817310803083181e-4,0.0024286976445324336,0.05648110343590117
"Erysipelotrichaceae_bacterium_LH1062","T0",34,2.941176470588235,1.0667649192353368e-5,6.220254927169781e-5,0,0,3.627000725400145e-4
"Erysipelotrichaceae_bacterium_LH1062","T12",34,2.941176470588235,2.3588242370590356e-6,1.3754190654686404e-5,0,0,8.020002406000721e-5
"Escherichia_coli","T0",34,58.82352941176471,0.02361039690450635,0.06455347643633308,1.647500325950081e-4,0.014079641800999975,0.8027534947532159
"Escherichia_coli","T12",34,61.76470588235294,0.00992793781971832,0.02410241025113412,2.5454113086993463e-4,0.003002741167219713,0.3375498858704229
"Escherichia_marmotae","T0",34,20.588235294117645,1.0409330218372101e-5,2.622950065743601e-5,0,0,3.5391722742465146e-4
"Escherichia_marmotae","T12",34,0,0,0,0,0,0
"Eubacteriaceae_bacterium","T0",34,8.823529411764707,2.909377131349484e-5,1.2229426017181522e-4,0,0,9.891882246588245e-4
"Eubacteriaceae_bacterium","T12",34,20.588235294117645,4.45434685087397e-4,0.0014600250242013581,0,0,0.015144779292971498
"Eubacteriaceae_bacterium_Marseille_Q4139","T0",34,5.88235294117647,2.687323118573149e-4,0.0013492021172470717,0,0,0.009136898603148707
"Eubacteriaceae_bacterium_Marseille_Q4139","T12",34,8.823529411764707,3.5166925661155165e-4,0.0012470093194793315,0,0,0.011956754724792755
"Eubacterium_brachy","T0",34,17.647058823529413,2.9657972685516497e-5,9.005057931229492e-5,0,0,0.0010083710713075609
"Eubacterium_brachy","T12",34,5.88235294117647,7.024519518663853e-6,3.0198313087209646e-5,0,0,2.38833663634571e-4
"Eubacterium_callanderi","T0",34,2.941176470588235,0.002223337717817815,0.012964175278590815,0,0,0.07559348240580571
"Eubacterium_callanderi","T12",34,2.941176470588235,2.7563351376337576e-5,1.607205759361424e-4,0,0,9.371539467954776e-4
"Eubacterium_infirmum","T0",34,5.88235294117647,1.3691570467537675e-5,6.846090452783557e-5,0,0,4.6551339589628095e-4
"Eubacterium_infirmum","T12",34,0,0,0,0,0,0
"Eubacterium_maltosivorans","T0",34,8.823529411764707,5.124867149461706e-5,2.638208618655798e-4,0,0,0.0017424548308169802
"Eubacterium_maltosivorans","T12",34,2.941176470588235,4.3621407162267465e-6,2.5435432674864185e-5,0,0,1.483127843517094e-4
"Eubacterium_nodatum","T0",34,0,0,0,0,0,0
"Eubacterium_nodatum","T12",34,0,0,0,0,0,0
"Eubacterium_ramulus","T0",34,29.411764705882355,0.005003006157626956,0.013086664711005312,0,2.3683705754632951e-4,0.17010220935931647
"Eubacterium_ramulus","T12",34,58.82352941176471,0.005368862797340462,0.015365060527271606,3.490095198673517e-4,0.0024764918306898137,0.1825413351095757
"Eubacterium_rectale","T0",34,50,0.019281278940283145,0.0438668758592274,2.7007024527079492e-5,0.009876367216733427,0.6555634839696269
"Eubacterium_rectale","T12",34,67.64705882352942,0.03233829080207453,0.08424954814566166,0.00322014642953379,0.01886225687596251,1.099501887270534
"Eubacterium_saphenum","T0",34,0,0,0,0,0,0
"Eubacterium_saphenum","T12",34,0,0,0,0,0,0
"Eubacterium_siraeum","T0",34,11.76470588235294,3.678954885788702e-4,0.0020281009252141944,0,0,0.012508446611681589
"Eubacterium_siraeum","T12",34,8.823529411764707,1.0235542568134444e-4,4.919665329932121e-4,0,0,0.003480084473165711
"Eubacterium_sp_AF16_48","T0",34,5.88235294117647,5.723056713968825e-5,2.984947552397873e-4,0,0,0.0019458392827494005
"Eubacterium_sp_AF16_48","T12",34,8.823529411764707,1.7953147060955675e-4,7.107399217711944e-4,0,0,0.006104070000724929
"Eubacterium_sp_AF34_35BH","T0",34,2.941176470588235,2.3508947919749912e-5,1.3707954441848522e-4,0,0,7.99304229271497e-4
"Eubacterium_sp_AF34_35BH","T12",34,8.823529411764707,1.602881559274476e-4,6.655687867347529e-4,0,0,0.005449797301533218
"Eubacterium_sp_c_25","T0",34,11.76470588235294,2.0464420454876044e-4,7.622966699254982e-4,0,0,0.006957902954657855
"Eubacterium_sp_c_25","T12",34,17.647058823529413,2.3690499872894272e-4,7.04434412466153e-4,0,0,0.008054769956784053
"Eubacterium_sulci","T0",34,26.47058823529412,4.6414071602662526e-5,1.4214859159256618e-4,0,1.8754878143805204e-6,0.001578078434490526
"Eubacterium_sulci","T12",34,8.823529411764707,3.705242865425169e-6,1.3625174892562849e-5,0,0,1.2597825742445575e-4
"Eubacterium_ventriosum","T0",34,14.705882352941178,6.611971381316135e-4,0.0022157267070357072,0,0,0.022480702696474862
"Eubacterium_ventriosum","T12",34,38.23529411764706,0.0013160674304506566,0.0027109867300290336,0,0.0012474275518356464,0.04474629263532232
"Evtepia_gabavorous","T0",34,23.52941176470588,0.0011544251341661109,0.0033041438945830707,0,0,0.03925045456164777
"Evtepia_gabavorous","T12",34,23.52941176470588,9.114222517374717e-4,0.0020864443135205166,0,0,0.03098835655907404
"Faecalibacillus_SGB6753","T0",34,8.823529411764707,2.696459761213052e-4,9.853836698134034e-4,0,0,0.009167963188124377
"Faecalibacillus_SGB6753","T12",34,14.705882352941178,2.269800789509112e-4,7.497724255706152e-4,0,0,0.007717322684330981
"Faecalibacillus_faecis","T0",34,11.76470588235294,0.0011138477216934197,0.00539642789618761,0,0,0.037870822537576274
"Faecalibacillus_faecis","T12",34,8.823529411764707,2.1505756717963244e-4,0.0011685896502845578,0,0,0.007311957284107503
"Faecalibacillus_intestinalis","T0",34,20.588235294117645,8.047496923591481e-4,0.0028108359532622524,0,0,0.027361489540211035
"Faecalibacillus_intestinalis","T12",34,41.17647058823529,0.002059123886884459,0.004481155498425474,0,0.0025398326762699356,0.07001021215407162
"Faecalibacterium_SGB15346","T0",34,14.705882352941178,2.509500661839358e-4,8.137892541212018e-4,0,0,0.008532302250253816
"Faecalibacterium_SGB15346","T12",34,35.294117647058826,9.484886300557685e-4,0.0033598180135576495,0,5.298253193144556e-4,0.032248613421896125
"Faecalibacterium_prausnitzii","T0",34,52.94117647058824,0.007855104765889246,0.0163565262759778,9.845001376800216e-4,0.00907012094720307,0.26707356204023436
"Faecalibacterium_prausnitzii","T12",34,67.64705882352942,0.015110645424247839,0.03092507559275793,0.0026083734585259973,0.014579849548648993,0.5137619444244265
"Faecalibacterium_sp_CLA_AA_H233","T0",34,17.647058823529413,0.0021244741240954846,0.011402825155060496,0,0,0.07223212021924648
"Faecalibacterium_sp_CLA_AA_H233","T12",34,11.76470588235294,0.0017735946969362365,0.009555463035067458,0,0,0.06030221969583204
"Faecalibacterium_sp_HTFF","T0",34,0,0,0,0,0,0
"Faecalibacterium_sp_HTFF","T12",34,5.88235294117647,9.67248418543297e-5,4.939095159164052e-4,0,0,0.00328864462304721
"Faecalicatena_contorta","T0",34,29.411764705882355,8.358506725922692e-5,1.9231285149501012e-4,0,6.011768575244099e-5,0.0028418922868137155
"Faecalicatena_contorta","T12",34,26.47058823529412,2.824008122626707e-5,8.709990412910078e-5,0,1.8e-6,9.601627616930803e-4
"Faecalicatena_fissicatena","T0",34,17.647058823529413,0.0016242957880346985,0.0065601478510581655,0,0,0.05522605679317975
"Faecalicatena_fissicatena","T12",34,32.35294117647059,6.444924909384452e-4,0.0013286082633558658,0,5.507371473346779e-4,0.021912744691907134
"Faecalicoccus_pleomorphus","T0",34,8.823529411764707,4.048760197899353e-5,2.2791010322913014e-4,0,0,0.00137657846728578
"Faecalicoccus_pleomorphus","T12",34,2.941176470588235,1.8258987860302508e-5,1.0646727986198825e-4,0,0,6.208055872502853e-4
"Faecalimonas_umbilicata","T0",34,50,0.005637644617588274,0.010248803511436942,2.1508169005017932e-5,0.005154890504963407,0.19167991699800133
"Faecalimonas_umbilicata","T12",34,52.94117647058824,0.0035348619360377758,0.0066965487587786286,1.518685042144083e-4,0.004766996700128612,0.12018530582528437
"Faecalitalea_cylindroides","T0",34,5.88235294117647,3.9755439774398316e-5,2.2893667640432646e-4,0,0,0.0013516849523295426
"Faecalitalea_cylindroides","T12",34,0,0,0,0,0,0
"Filifactor_alocis","T0",34,0,0,0,0,0,0
"Filifactor_alocis","T12",34,0,0,0,0,0,0
"Finegoldia_magna","T0",34,5.88235294117647,6.942693274981557e-7,3.0022723986655228e-6,0,0,2.3605157134937293e-5
"Finegoldia_magna","T12",34,2.941176470588235,1.2154555753518183e-6,7.087262990197969e-6,0,0,4.132548956196182e-5
"Firmicutes_bacterium","T0",34,11.76470588235294,2.080239322829442e-4,7.430266759729272e-4,0,0,0.007072813697620103
"Firmicutes_bacterium","T12",34,23.52941176470588,1.695637626348491e-4,4.2579254730007785e-4,0,0,0.005765167929584869
"Flavonifractor_plautii","T0",34,70.58823529411765,0.0038780268996395028,0.009092163653398721,3.995995907178713e-4,0.0034282989975522576,0.1318529145877431
"Flavonifractor_plautii","T12",34,26.47058823529412,2.0567224921899186e-4,6.301242366409371e-4,0,8.400002520000756e-6,0.006992856473445723
"Fusicatenibacter_saccharivorans","T0",34,76.47058823529412,0.013132036239110969,0.021230378657423245,0.00538910982371754,0.014498871676514495,0.44648923212977293
"Fusicatenibacter_saccharivorans","T12",34,85.29411764705883,0.020688435713792294,0.02446404879660571,0.010354651530598526,0.030807437488316453,0.703406814268938
"Fusicatenibacter_sp_CLA_AA_H277","T0",34,11.76470588235294,7.098993342729171e-5,3.1718977182977316e-4,0,0,0.0024136577365279186
"Fusicatenibacter_sp_CLA_AA_H277","T12",34,32.35294117647059,2.0837642210599447e-4,5.684765092209406e-4,0,1.0947501524250372e-4,0.007084798351603812
"Fusobacterium_nucleatum","T0",34,20.588235294117645,4.037853366593913e-4,0.0016891479774695376,0,0,0.013728701446419304
"Fusobacterium_nucleatum","T12",34,5.88235294117647,2.8369253295119033e-6,1.156390623550833e-5,0,0,9.645546120340471e-5
"Fusobacterium_periodonticum","T0",34,5.88235294117647,1.8532999362322517e-6,8.289807569912846e-6,0,0,6.301219783189656e-5
"Fusobacterium_periodonticum","T12",34,0,0,0,0,0,0
"Fusobacterium_ulcerans","T0",34,2.941176470588235,3.0320367003385155e-6,1.767966014307936e-5,0,0,1.0308924781150953e-4
"Fusobacterium_ulcerans","T12",34,2.941176470588235,2.2857390242804678e-7,1.3328034294750042e-6,0,0,7.77151268255359e-6
"GGB1022_SGB1315","T0",34,0,0,0,0,0,0
"GGB1022_SGB1315","T12",34,0,0,0,0,0,0
"GGB1024_SGB69047","T0",34,0,0,0,0,0,0
"GGB1024_SGB69047","T12",34,0,0,0,0,0,0
"GGB1025_SGB1320","T0",34,0,0,0,0,0,0
"GGB1025_SGB1320","T12",34,0,0,0,0,0,0
"GGB1088_SGB1395","T0",34,0,0,0,0,0,0
"GGB1088_SGB1395","T12",34,0,0,0,0,0,0
"GGB1096_SGB1408","T0",34,2.941176470588235,2.631501112881346e-5,1.5344156400443003e-4,0,0,8.947103783796576e-4
"GGB1096_SGB1408","T12",34,2.941176470588235,1.649425253941241e-7,9.617719309874372e-7,0,0,5.60804586340022e-6
"GGB1144_SGB1468","T0",34,0,0,0,0,0,0
"GGB1144_SGB1468","T12",34,0,0,0,0,0,0
"GGB1144_SGB1469","T0",34,0,0,0,0,0,0
"GGB1144_SGB1469","T12",34,0,0,0,0,0,0
"GGB1188_SGB1538","T0",34,0,0,0,0,0,0
"GGB1188_SGB1538","T12",34,0,0,0,0,0,0
"GGB1202_SGB1567","T0",34,0,0,0,0,0,0
"GGB1202_SGB1567","T12",34,0,0,0,0,0,0
"GGB1203_SGB1568","T0",34,0,0,0,0,0,0
"GGB1203_SGB1568","T12",34,0,0,0,0,0,0
"GGB1219_SGB1587","T0",34,2.941176470588235,4.0760411608641446e-4,0.002376719993040822,0,0,0.013858539946938092
"GGB1219_SGB1587","T12",34,2.941176470588235,5.136588223281298e-4,0.002995119883358214,0,0,0.017464399959156413
"GGB12763_SGB19797","T0",34,0,0,0,0,0,0
"GGB12763_SGB19797","T12",34,0,0,0,0,0,0
"GGB12785_SGB19823","T0",34,5.88235294117647,2.2817730396199148e-5,1.1406341592248201e-4,0,0,7.75802833470771e-4
"GGB12785_SGB19823","T12",34,0,0,0,0,0,0
"GGB12785_SGB19824","T0",34,0,0,0,0,0,0
"GGB12785_SGB19824","T12",34,0,0,0,0,0,0
"GGB12787_SGB19830","T0",34,2.941176470588235,2.2238193978141805e-6,1.2966983931478332e-5,0,0,7.560985952568214e-5
"GGB12787_SGB19830","T12",34,2.941176470588235,3.4191469861401277e-7,1.9936881597588378e-6,0,0,1.1625099752876435e-5
"GGB12788_SGB19833","T0",34,2.941176470588235,1.4267139856412444e-6,8.319100617977106e-6,0,0,4.8508275511802314e-5
"GGB12788_SGB19833","T12",34,0,0,0,0,0,0
"GGB12794_SGB19881","T0",34,5.88235294117647,1.5409828286635718e-5,6.390973713402721e-5,0,0,5.239341617456144e-4
"GGB12794_SGB19881","T12",34,0,0,0,0,0,0
"GGB1431_SGB1972","T0",34,0,0,0,0,0,0
"GGB1431_SGB1972","T12",34,0,0,0,0,0,0
"GGB1472_SGB2037","T0",34,0,0,0,0,0,0
"GGB1472_SGB2037","T12",34,0,0,0,0,0,0
"GGB1472_SGB2038","T0",34,0,0,0,0,0,0
"GGB1472_SGB2038","T12",34,0,0,0,0,0,0
"GGB1473_SGB2039","T0",34,0,0,0,0,0,0
"GGB1473_SGB2039","T12",34,0,0,0,0,0,0
"GGB1611_SGB2208","T0",34,0,0,0,0,0,0
"GGB1611_SGB2208","T12",34,0,0,0,0,0,0
"GGB1843_SGB2516","T0",34,0,0,0,0,0,0
"GGB1843_SGB2516","T12",34,0,0,0,0,0,0
"GGB1843_SGB2524","T0",34,0,0,0,0,0,0
"GGB1843_SGB2524","T12",34,0,0,0,0,0,0
"GGB1844_SGB2532","T0",34,0,0,0,0,0,0
"GGB1844_SGB2532","T12",34,0,0,0,0,0,0
"GGB18703_SGB19792","T0",34,0,0,0,0,0,0
"GGB18703_SGB19792","T12",34,0,0,0,0,0,0
"GGB18703_SGB19793","T0",34,0,0,0,0,0,0
"GGB18703_SGB19793","T12",34,0,0,0,0,0,0
"GGB2653_SGB3574","T0",34,2.941176470588235,4.998013562361914e-5,2.9143176651916713e-4,0,0,0.0016993246112030507
"GGB2653_SGB3574","T12",34,11.76470588235294,8.409675521986743e-5,4.833361566137063e-4,0,0,0.0028592896774754925
"GGB2964_SGB3946","T0",34,0,0,0,0,0,0
"GGB2964_SGB3946","T12",34,0,0,0,0,0,0
"GGB2980_SGB3962","T0",34,5.88235294117647,1.564157860752079e-5,6.459336275291759e-5,0,0,5.318136726557069e-4
"GGB2980_SGB3962","T12",34,5.88235294117647,1.612609694248462e-5,8.678804172252925e-5,0,0,5.482872960444771e-4
"GGB2987_SGB3969","T0",34,8.823529411764707,7.402835464445663e-5,3.749597909610983e-4,0,0,0.0025169640579115254
"GGB2987_SGB3969","T12",34,2.941176470588235,1.8677613658191174e-5,1.089082667514183e-4,0,0,6.350388643785e-4
"GGB3000_SGB3991","T0",34,2.941176470588235,4.087461003036038e-5,2.383378848075926e-4,0,0,0.001389736741032253
"GGB3000_SGB3991","T12",34,2.941176470588235,1.24260545921881e-4,7.245572656977036e-4,0,0,0.0042248585613439546
"GGB3002_SGB3993","T0",34,2.941176470588235,2.0487432584832198e-5,1.1946123385104266e-4,0,0,6.965727078842947e-4
"GGB3002_SGB3993","T12",34,5.88235294117647,4.7757207351615475e-5,2.2007252806297017e-4,0,0,0.0016237450499549263
"GGB3003_SGB3994","T0",34,0,0,0,0,0,0
"GGB3003_SGB3994","T12",34,5.88235294117647,3.2580210472419485e-5,1.8028418114098148e-4,0,0,0.0011077271560622625
"GGB3005_SGB3996","T0",34,8.823529411764707,6.976436341720068e-4,0.0040386389078414,0,0,0.023719883561848232
"GGB3005_SGB3996","T12",34,11.76470588235294,1.5522161773638392e-4,6.057164854362428e-4,0,0,0.005277535003037053
"GGB3008_SGB3999","T0",34,0,0,0,0,0,0
"GGB3008_SGB3999","T12",34,0,0,0,0,0,0
"GGB30134_SGB43057","T0",34,5.88235294117647,0.0016211828358805927,0.009443393079469503,0,0,0.05512021641994015
"GGB30134_SGB43057","T12",34,0,0,0,0,0,0
"GGB3059_SGB69431","T0",34,0,0,0,0,0,0
"GGB3059_SGB69431","T12",34,0,0,0,0,0,0
"GGB3109_SGB4119","T0",34,5.88235294117647,5.2265176866922484e-5,2.9700778997212467e-4,0,0,0.0017770160134753645
"GGB3109_SGB4119","T12",34,5.88235294117647,2.4668672444389236e-5,1.3899434411824484e-4,0,0,8.38734863109234e-4
"GGB3109_SGB4121","T0",34,41.17647058823529,2.977987120696784e-4,7.80491840138353e-4,0,1.2771907556874998e-4,0.010125156210369064
"GGB3109_SGB4121","T12",34,26.47058823529412,1.9846923443882187e-4,8.768363228059005e-4,0,1.785016065144586e-5,0.006747953970919944
"GGB32387_SGB47381","T0",34,8.823529411764707,1.1003936235111546e-4,5.49350602425492e-4,0,0,0.0037413383199379254
"GGB32387_SGB47381","T12",34,14.705882352941178,2.4326104095443178e-4,0.0010820145297539751,0,0,0.00827087539245068
"GGB3256_SGB4303","T0",34,11.76470588235294,0.0021314471189063655,0.006149905751184836,0,0,0.07246920204281643
"GGB3256_SGB4303","T12",34,26.47058823529412,0.012144179066840994,0.048612330563893774,0,0.0013306545297960114,0.41290208827259384
"GGB3277_SGB4327","T0",34,0,0,0,0,0,0
"GGB3277_SGB4327","T12",34,11.76470588235294,0.001629212037174466,0.006641882399934978,0,0,0.05539320926393185
"GGB3304_SGB4367","T0",34,8.823529411764707,0.003667871054674456,0.018458062580601273,0,0,0.1247076158589315
"GGB3304_SGB4367","T12",34,2.941176470588235,5.438714688669717e-4,0.0031712883719421654,0,0,0.018491629941477038
"GGB3343_SGB4423","T0",34,2.941176470588235,8.315000831500083e-5,4.8484369854075654e-4,0,0,0.002827100282710028
"GGB3343_SGB4423","T12",34,2.941176470588235,1.256764580205895e-5,7.328133810326022e-5,0,0,4.272999572700043e-4
"GGB3363_SGB4447","T0",34,5.88235294117647,0.0012269820602042745,0.005358096407879114,0,0,0.04171739004694533
"GGB3363_SGB4447","T12",34,5.88235294117647,4.286551707259796e-4,0.0023788888935749974,0,0,0.014574275804683305
"GGB3363_SGB4448","T0",34,0,0,0,0,0,0
"GGB3363_SGB4448","T12",34,5.88235294117647,7.503415013604375e-5,3.636635610620919e-4,0,0,0.0025511611046254872
"GGB3385_SGB4471","T0",34,0,0,0,0,0,0
"GGB3385_SGB4471","T12",34,0,0,0,0,0,0
"GGB3429_SGB4569","T0",34,0,0,0,0,0,0
"GGB3429_SGB4569","T12",34,5.88235294117647,1.0494319770372896e-4,5.619495009344113e-4,0,0,0.0035680687219267846
"GGB3433_SGB4573","T0",34,17.647058823529413,8.095089984698097e-4,0.0033867241013273326,0,0,0.02752330594797353
"GGB3433_SGB4573","T12",34,8.823529411764707,0.0013462923236078517,0.007339832976755246,0,0,0.045773939002666957
"GGB3433_SGB4574","T0",34,17.647058823529413,3.158262846296239e-4,9.60800875268917e-4,0,0,0.010738093677407213
"GGB3433_SGB4574","T12",34,11.76470588235294,5.2023562652519173e-5,1.66655131486926e-4,0,0,0.001768801130185652
"GGB3441_SGB4591","T0",34,2.941176470588235,5.3958532628972226e-6,3.146296080759776e-5,0,0,1.8345901093850557e-4
"GGB3441_SGB4591","T12",34,2.941176470588235,2.1590380763126373e-5,1.2589247162118325e-4,0,0,7.340729459462967e-4
"GGB3444_SGB4594","T0",34,11.76470588235294,2.5602610461668347e-5,8.785642618027534e-5,0,0,8.704887556967238e-4
"GGB3444_SGB4594","T12",34,2.941176470588235,1.46185417135764e-6,8.524001350465338e-6,0,0,4.970304182615976e-5
"GGB3449_SGB4601","T0",34,5.88235294117647,9.209260943412312e-6,4.0943066631852146e-5,0,0,3.1311487207601863e-4
"GGB3449_SGB4601","T12",34,2.941176470588235,2.0953710980496767e-5,1.2218008074576841e-4,0,0,7.124261733368901e-4
"GGB34797_SGB14322","T0",34,5.88235294117647,9.467092128491067e-6,4.201010478276508e-5,0,0,3.218811323686963e-4
"GGB34797_SGB14322","T12",34,8.823529411764707,3.0511849517755104e-4,0.0015495377635457376,0,0,0.010374028836036735
"GGB3486_SGB4658","T0",34,5.88235294117647,2.2267241350574493e-4,0.0011563984291845623,0,0,0.007570862059195328
"GGB3486_SGB4658","T12",34,0,0,0,0,0,0
"GGB34900_SGB14891","T0",34,5.88235294117647,4.19286254856176e-5,2.337022207429939e-4,0,0,0.0014255732665109985
"GGB34900_SGB14891","T12",34,0,0,0,0,0,0
"GGB3496_SGB4671","T0",34,2.941176470588235,4.798285437790087e-7,2.7978571565490725e-6,0,0,1.6314170488486298e-5
"GGB3496_SGB4671","T12",34,2.941176470588235,1.595478394782911e-5,9.303157769244154e-5,0,0,5.424626542261898e-4
"GGB3504_SGB4680","T0",34,2.941176470588235,2.8572714701644216e-6,1.666061249304265e-5,0,0,9.714722998559033e-5
"GGB3504_SGB4680","T12",34,2.941176470588235,1.5774141974081836e-6,9.197826303333127e-6,0,0,5.3632082711878244e-5
"GGB3510_SGB4687","T0",34,5.88235294117647,3.0431609511340305e-5,1.7461511833388258e-4,0,0,0.0010346747233855704
"GGB3510_SGB4687","T12",34,5.88235294117647,1.0501220360941862e-5,4.551281793556262e-5,0,0,3.5704149227202333e-4
"GGB3511_SGB4688","T0",34,26.47058823529412,9.97537871547129e-5,2.625162781161999e-4,0,4.65776915895714e-6,0.0033916287632602387
"GGB3511_SGB4688","T12",34,20.588235294117645,1.8449533832451723e-4,4.514637916769647e-4,0,0,0.0062728415030335865
"GGB3532_SGB4720","T0",34,5.88235294117647,1.0591736930161802e-4,5.186306479657623e-4,0,0,0.0036011905562550127
"GGB3532_SGB4720","T12",34,0,0,0,0,0,0
"GGB3534_SGB4722","T0",34,2.941176470588235,1.246358334192951e-6,7.267455490418619e-6,0,0,4.237618336256033e-5
"GGB3534_SGB4722","T12",34,5.88235294117647,5.699212339240615e-5,2.623667841981992e-4,0,0,0.001937732195341809
"GGB3537_SGB4727","T0",34,8.823529411764707,2.390938246783159e-4,9.163937388233961e-4,0,0,0.00812919003906274
"GGB3537_SGB4727","T12",34,14.705882352941178,3.404478076626452e-4,0.0016600449093878305,0,0,0.011575225460529937
"GGB3538_SGB4728","T0",34,2.941176470588235,3.756913911389566e-5,2.1906384290387658e-4,0,0,0.0012773507298724524
"GGB3538_SGB4728","T12",34,2.941176470588235,4.337912539070921e-5,2.529415933936877e-4,0,0,0.001474890263284113
"GGB3550_SGB4746","T0",34,14.705882352941178,1.8372352148666752e-4,5.864821423087459e-4,0,0,0.006246599730546696
"GGB3550_SGB4746","T12",34,23.52941176470588,1.504884586240005e-4,3.875130934432676e-4,0,0,0.005116607593216017
"GGB3576_SGB4784","T0",34,2.941176470588235,2.4949498418090364e-5,1.4547932507640382e-4,0,0,8.482829462150723e-4
"GGB3576_SGB4784","T12",34,2.941176470588235,3.29615071281849e-7,1.921969624460466e-6,0,0,1.1206912423582866e-5
"GGB3585_SGB4803","T0",34,0,0,0,0,0,0
"GGB3585_SGB4803","T12",34,11.76470588235294,4.3812451073897526e-5,2.1218496355115084e-4,0,0,0.0014896233365125158
"GGB3588_SGB4808","T0",34,2.941176470588235,1.0262356039143662e-5,5.9839304392021856e-05,0,0,3.4892010533088454e-4
"GGB3588_SGB4808","T12",34,2.941176470588235,2.1060775460568908e-4,0.0012280436857871567,0,0,0.007160663656593428
"GGB3600_SGB47662","T0",34,5.88235294117647,1.0880172954137156e-5,4.7884521551775906e-5,0,0,3.699258804406633e-4
"GGB3600_SGB47662","T12",34,2.941176470588235,5.8141193912946414e-5,3.3901850481526295e-4,0,0,0.001976800593040178
"GGB3600_SGB4859","T0",34,14.705882352941178,2.3094509125122736e-5,1.0873979719003956e-4,0,0,7.85213310254173e-4
"GGB3600_SGB4859","T12",34,11.76470588235294,1.9975530574795275e-4,8.382250241121512e-4,0,0,0.006791680395430394
"GGB3602_SGB66069","T0",34,2.941176470588235,2.038204894647144e-6,1.188467469252573e-5,0,0,6.92989664180029e-5
"GGB3602_SGB66069","T12",34,5.88235294117647,1.0467006298654281e-5,5.7038343425886936e-5,0,0,3.5587821415424556e-4
"GGB3606_SGB4870","T0",34,0,0,0,0,0,0
"GGB3606_SGB4870","T12",34,5.88235294117647,4.636786892982257e-4,0.0020892216290080627,0,0,0.015765075436139673
"GGB3609_SGB4877","T0",34,8.823529411764707,7.650530613064246e-4,0.004129002408823259,0,0,0.026011804084418437
"GGB3609_SGB4877","T12",34,8.823529411764707,2.149839695428985e-4,0.0011947504915280494,0,0,0.0073094549644585486
"GGB36331_SGB15121","T0",34,8.823529411764707,2.867533761134045e-4,0.0011629880163421113,0,0,0.009749614787855753
"GGB36331_SGB15121","T12",34,11.76470588235294,2.7513716530699585e-4,9.689469131726833e-4,0,0,0.00935466362043786
"GGB3637_SGB4930","T0",34,2.941176470588235,4.719455159663179e-5,2.7518916005875446e-4,0,0,0.001604614754285481
"GGB3637_SGB4930","T12",34,2.941176470588235,8.6855580155763e-5,5.064507096871341e-4,0,0,0.002953089725295942
"GGB3653_SGB4964","T0",34,17.647058823529413,0.0019831466366061353,0.00778140740732616,0,0,0.0674269856446086
"GGB3653_SGB4964","T12",34,38.23529411764706,0.002252798361997587,0.005555133276991198,0,0.001117402406567508,0.07659514430791796
"GGB36599_SGB9269","T0",34,2.941176470588235,9.886315469296131e-6,5.764662991873068e-5,0,0,3.3613472595606846e-4
"GGB36599_SGB9269","T12",34,2.941176470588235,6.054248197872262e-6,3.5302030001247006e-5,0,0,2.0584443872765688e-4
"GGB3677_SGB4990","T0",34,2.941176470588235,5.18142494293293e-6,3.0212639588993467e-5,0,0,1.761684480597196e-4
"GGB3677_SGB4990","T12",34,2.941176470588235,9.212987435685522e-7,5.372048654529644e-6,0,0,3.1324157281330775e-5
"GGB3730_SGB5060","T0",34,11.76470588235294,1.307494515562436e-4,4.153126634421105e-4,0,0,0.004445481352912282
"GGB3730_SGB5060","T12",34,14.705882352941178,1.488701073741261e-4,5.411847647859375e-4,0,0,0.005061583650720287
"GGB3819_SGB5184","T0",34,17.647058823529413,3.135849437069791e-4,0.0013251384129912593,0,0,0.010661888086037288
"GGB3819_SGB5184","T12",34,5.88235294117647,2.0816139707513243e-5,8.464014623682223e-5,0,0,7.077487500554503e-4
"GGB3883_SGB5265","T0",34,0,0,0,0,0,0
"GGB3883_SGB5265","T12",34,0,0,0,0,0,0
"GGB3883_SGB5266","T0",34,2.941176470588235,5.538593087231082e-6,3.229526985676716e-5,0,0,1.883121649658568e-4
"GGB3883_SGB5266","T12",34,0,0,0,0,0,0
"GGB3886_SGB5269","T0",34,0,0,0,0,0,0
"GGB3886_SGB5269","T12",34,0,0,0,0,0,0
"GGB3887_SGB5270","T0",34,0,0,0,0,0,0
"GGB3887_SGB5270","T12",34,0,0,0,0,0,0
"GGB38987_SGB63305","T0",34,2.941176470588235,2.6885858857171446e-6,1.5677014964776714e-5,0,0,9.141192011438292e-5
"GGB38987_SGB63305","T12",34,2.941176470588235,5.117960277992543e-7,2.984258018070359e-6,0,0,1.7401064945174643e-5
"GGB42389_SGB59559","T0",34,5.88235294117647,3.0393274319940263e-5,1.6284641889914022e-4,0,0,0.0010333713268779689
"GGB42389_SGB59559","T12",34,5.88235294117647,5.071311067471377e-6,2.6992457158281884e-5,0,0,1.724245762940268e-4
"GGB4260_SGB5794","T0",34,5.88235294117647,1.4455025020516072e-4,7.509946278949149e-4,0,0,0.004914708506975465
"GGB4260_SGB5794","T12",34,2.941176470588235,4.09708557584997e-6,2.3889908901845728e-5,0,0,1.3930090957889896e-4
"GGB4277_SGB5832","T0",34,8.823529411764707,5.556811911837727e-4,0.00288868327664785,0,0,0.018893160500248272
"GGB4277_SGB5832","T12",34,14.705882352941178,3.590635343752553e-4,0.0018164911924730292,0,0,0.012208160168758682
"GGB4333_SGB5935","T0",34,0,0,0,0,0,0
"GGB4333_SGB5935","T12",34,0,0,0,0,0,0
"GGB4456_SGB6141","T0",34,8.823529411764707,1.9325422513309894e-5,8.572944196108301e-5,0,0,6.570643654525364e-4
"GGB4456_SGB6141","T12",34,17.647058823529413,1.9146251595799716e-4,8.622034860695649e-4,0,0,0.006509725542571903
"GGB4533_SGB6245","T0",34,0,0,0,0,0,0
"GGB4533_SGB6245","T12",34,0,0,0,0,0,0
"GGB4533_SGB6246","T0",34,0,0,0,0,0,0
"GGB4533_SGB6246","T12",34,0,0,0,0,0,0
"GGB4538_SGB6253","T0",34,0,0,0,0,0,0
"GGB4538_SGB6253","T12",34,0,0,0,0,0,0
"GGB4538_SGB6256","T0",34,0,0,0,0,0,0
"GGB4538_SGB6256","T12",34,0,0,0,0,0,0
"GGB45432_SGB63101","T0",34,8.823529411764707,3.7237049406756364e-6,1.3778463787525561e-5,0,0,1.2660596798297162e-4
"GGB45432_SGB63101","T12",34,11.76470588235294,4.790550870173418e-5,2.0119431309491553e-4,0,0,0.0016287872958589621
"GGB45613_SGB63326","T0",34,5.88235294117647,4.943191541124014e-6,2.731644675150032e-5,0,0,1.6806851239821647e-4
"GGB45613_SGB63326","T12",34,2.941176470588235,9.1064396670488e-6,5.309921163187261e-5,0,0,3.096189486796592e-4
"GGB45697_SGB2042","T0",34,0,0,0,0,0,0
"GGB45697_SGB2042","T12",34,0,0,0,0,0,0
"GGB4598_SGB6360","T0",34,0,0,0,0,0,0
"GGB4598_SGB6360","T12",34,5.88235294117647,6.194841858074984e-4,0.0026332953286750493,0,0,0.021062462317454945
"GGB4733_SGB6557","T0",34,0,0,0,0,0,0
"GGB4733_SGB6557","T12",34,0,0,0,0,0,0
"GGB47687_SGB2286","T0",34,5.88235294117647,6.992702867889739e-5,2.8512632057640046e-4,0,0,0.0023775189750825116
"GGB47687_SGB2286","T12",34,8.823529411764707,6.0394996880742456e-5,2.0332055295928274e-4,0,0,0.0020534298939452436
"GGB48196_SGB66203","T0",34,2.941176470588235,7.395943710482337e-5,4.3125391992806166e-4,0,0,0.0025146208615639946
"GGB48196_SGB66203","T12",34,2.941176470588235,6.977033474345317e-4,0.004068274655763292,0,0,0.023721913812774078
"GGB49400_SGB69312","T0",34,0,0,0,0,0,0
"GGB49400_SGB69312","T12",34,0,0,0,0,0,0
"GGB49400_SGB97338","T0",34,0,0,0,0,0,0
"GGB49400_SGB97338","T12",34,0,0,0,0,0,0
"GGB49401_SGB69314","T0",34,0,0,0,0,0,0
"GGB49401_SGB69314","T12",34,0,0,0,0,0,0
"GGB49528_SGB69474","T0",34,0,0,0,0,0,0
"GGB49528_SGB69474","T12",34,0,0,0,0,0,0
"GGB51441_SGB71759","T0",34,0,0,0,0,0,0
"GGB51441_SGB71759","T12",34,11.76470588235294,4.9548758184766225e-5,1.708243487966363e-4,0,0,0.0016846577782820516
"GGB51647_SGB4348","T0",34,26.47058823529412,0.007304320870352937,0.022763471242280394,0,0.003866607195420113,0.24834690959199984
"GGB51647_SGB4348","T12",34,17.647058823529413,0.004763998138242328,0.014484814131709467,0,0,0.16197593670023916
"GGB51959_SGB72479","T0",34,8.823529411764707,9.270049813171704e-5,4.736992905706881e-4,0,0,0.003151816936478379
"GGB51959_SGB72479","T12",34,8.823529411764707,6.739339137029599e-5,3.613895111681396e-4,0,0,0.0022913753065900637
"GGB52130_SGB14966","T0",34,2.941176470588235,3.7251579304742664e-6,2.172121669329692e-5,0,0,1.2665536963612505e-4
"GGB52130_SGB14966","T12",34,2.941176470588235,7.617974631732694e-7,4.442004361378519e-6,0,0,2.590111374789116e-5
"GGB58233_SGB79883","T0",34,8.823529411764707,9.981563955603467e-6,3.613727114904407e-5,0,0,3.3937317449051786e-4
"GGB58233_SGB79883","T12",34,2.941176470588235,1.0353574815249282e-6,6.037119668740038e-6,0,0,3.520215437184756e-5
"GGB6601_SGB9333","T0",34,0,0,0,0,0,0
"GGB6601_SGB9333","T12",34,5.88235294117647,9.790123857759806e-6,3.998400214037057e-5,0,0,3.3286421116383337e-4
"GGB6649_SGB9391","T0",34,2.941176470588235,4.206951918940499e-5,2.453053426326917e-4,0,0,0.0014303636524397696
"GGB6649_SGB9391","T12",34,5.88235294117647,1.89782766886953e-5,8.984687237114557e-5,0,0,6.452614074156403e-4
"GGB70967_SGB95921","T0",34,0,0,0,0,0,0
"GGB70967_SGB95921","T12",34,0,0,0,0,0,0
"GGB71270_SGB97344","T0",34,0,0,0,0,0,0
"GGB71270_SGB97344","T12",34,0,0,0,0,0,0
"GGB74353_SGB98242","T0",34,0,0,0,0,0,0
"GGB74353_SGB98242","T12",34,0,0,0,0,0,0
"GGB74505_SGB47518","T0",34,5.88235294117647,3.744354872223173e-5,1.596712765138015e-4,0,0,0.001273080656555879
"GGB74505_SGB47518","T12",34,8.823529411764707,1.3401813752162713e-5,6.561550039917042e-5,0,0,4.556616675735322e-4
"GGB79097_SGB105802","T0",34,2.941176470588235,1.2608907484384391e-5,7.352193298800026e-5,0,0,4.2870285446906933e-4
"GGB79097_SGB105802","T12",34,2.941176470588235,4.0352010676776794e-7,2.3529063311656946e-6,0,0,1.371968363010411e-5
"GGB79118_SGB105839","T0",34,5.88235294117647,1.9945882675591638e-5,1.1603849407977292e-4,0,0,6.781600109701157e-4
"GGB79118_SGB105839","T12",34,0,0,0,0,0,0
"GGB9357_SGB14330","T0",34,2.941176470588235,3.8823533294118034e-7,2.2637815502592717e-6,0,0,1.3200001320000132e-5
"GGB9357_SGB14330","T12",34,2.941176470588235,2.2339643932121943e-5,1.3026138911617576e-4,0,0,7.595478936921461e-4
"GGB9359_SGB14334","T0",34,11.76470588235294,3.1443841078505994e-4,0.0014777618492878362,0,0,0.010690905966692038
"GGB9359_SGB14334","T12",34,8.823529411764707,3.4325985019400727e-4,0.0017796973039069586,0,0,0.011670834906596247
"GGB9411_SGB14764","T0",34,5.88235294117647,2.730859089865467e-5,1.3264750089559462e-4,0,0,9.284920905542588e-4
"GGB9411_SGB14764","T12",34,2.941176470588235,3.322355984866549e-4,0.0019372497925308225,0,0,0.011296010348546265
"GGB9453_SGB14844","T0",34,8.823529411764707,3.467116330502137e-5,1.2936976864752508e-4,0,0,0.0011788195523707264
"GGB9453_SGB14844","T12",34,2.941176470588235,4.0611683450314715e-5,2.3680477256747014e-4,0,0,0.0013807972373107004
"GGB9453_SGB14845","T0",34,8.823529411764707,3.1865341182502444e-5,1.7127430982981918e-4,0,0,0.0010834216002050831
"GGB9453_SGB14845","T12",34,5.88235294117647,1.7575622494167182e-5,7.94057197792525e-5,0,0,5.975711648016842e-4
"GGB9469_SGB14862","T0",34,5.88235294117647,3.417437304071468e-5,1.9596455305914318e-4,0,0,0.0011619286833842992
"GGB9469_SGB14862","T12",34,5.88235294117647,7.176352612339323e-5,4.0783977530593003e-4,0,0,0.00243995988819537
"GGB9480_SGB14874","T0",34,5.88235294117647,8.50396615314164e-4,0.004072212171510132,0,0,0.028913484920681576
"GGB9480_SGB14874","T12",34,5.88235294117647,3.1021927190273013e-4,0.0017276725867382938,0,0,0.010547455244692824
"GGB9480_SGB14875","T0",34,5.88235294117647,3.278144402169764e-4,0.001888247076180164,0,0,0.011145690967377199
"GGB9480_SGB14875","T12",34,0,0,0,0,0,0
"GGB9491_SGB14888","T0",34,5.88235294117647,2.2253262453058237e-5,9.100157276437853e-5,0,0,7.5661092340398e-4
"GGB9491_SGB14888","T12",34,0,0,0,0,0,0
"GGB9499_SGB72735","T0",34,2.941176470588235,1.7988306342534803e-5,1.0488894895306104e-4,0,0,6.116024156461833e-4
"GGB9499_SGB72735","T12",34,2.941176470588235,9.108080620200226e-7,5.310877995076027e-6,0,0,3.096747410868077e-5
"GGB9502_SGB14899","T0",34,5.88235294117647,5.438577977641887e-6,3.106423167655617e-5,0,0,1.8491165123982414e-4
"GGB9502_SGB14899","T12",34,0,0,0,0,0,0
"GGB9509_SGB14906","T0",34,2.941176470588235,5.222113285512064e-5,3.0449891357253386e-4,0,0,0.0017755185170741019
"GGB9509_SGB14906","T12",34,2.941176470588235,1.533262550067514e-5,8.940380171611508e-5,0,0,5.213092670229547e-4
"GGB9512_SGB14909","T0",34,11.76470588235294,0.00230985613779246,0.012041961644725667,0,0,0.07853510868494364
"GGB9512_SGB14909","T12",34,5.88235294117647,3.874050542445166e-5,1.6598778307118944e-4,0,0,0.0013171771844313564
"GGB9513_SGB14911","T0",34,8.823529411764707,8.478448927438038e-4,0.0029930703370287617,0,0,0.02882672635328933
"GGB9513_SGB14911","T12",34,2.941176470588235,2.3877534981284067e-6,1.3922875784335326e-5,0,0,8.118361893636582e-5
"GGB9534_SGB14937","T0",34,11.76470588235294,9.748897204617948e-5,5.076804641503994e-4,0,0,0.0033146250495701022
"GGB9534_SGB14937","T12",34,2.941176470588235,8.235798148493747e-6,4.802254281952303e-5,0,0,2.800171370487874e-4
"GGB9559_SGB14969","T0",34,5.88235294117647,5.896619495720931e-5,3.278583150107403e-4,0,0,0.0020048506285451164
"GGB9559_SGB14969","T12",34,11.76470588235294,7.516693079465143e-5,2.4185390910917356e-4,0,0,0.0025556756470181486
"GGB9580_SGB14996","T0",34,8.823529411764707,3.4460922458881184e-5,1.4301439097024265e-4,0,0,0.0011716713636019602
"GGB9580_SGB14996","T12",34,0,0,0,0,0,0
"GGB9580_SGB14998","T0",34,8.823529411764707,2.4796329535219158e-5,1.2571367536171602e-4,0,0,8.430752041974514e-4
"GGB9580_SGB14998","T12",34,5.88235294117647,8.174034481255226e-5,3.659286078191946e-4,0,0,0.002779171723626777
"GGB9608_SGB15041","T0",34,2.941176470588235,1.8492328383718861e-6,1.0782787722914703e-5,0,0,6.287391650464413e-5
"GGB9608_SGB15041","T12",34,2.941176470588235,1.0092574433120095e-4,5.884931601466886e-4,0,0,0.0034314753072608325
"GGB9614_SGB15049","T0",34,5.88235294117647,2.1690434228406637e-5,1.1890855635355906e-4,0,0,7.374747637658257e-4
"GGB9614_SGB15049","T12",34,0,0,0,0,0,0
"GGB9619_SGB15067","T0",34,5.88235294117647,2.4594940163679556e-6,1.3155988840384885e-5,0,0,8.36227965565105e-5
"GGB9619_SGB15067","T12",34,0,0,0,0,0,0
"GGB9621_SGB15073","T0",34,2.941176470588235,8.324125242800992e-6,4.853757385744005e-5,0,0,2.8302025825523375e-4
"GGB9621_SGB15073","T12",34,2.941176470588235,3.4031494492168804e-6,1.984360072935291e-5,0,0,1.1570708127337393e-4
"GGB9627_SGB15081","T0",34,2.941176470588235,1.1044893470544162e-5,6.440224251043397e-5,0,0,3.7552637799850153e-4
"GGB9627_SGB15081","T12",34,5.88235294117647,1.83943597567916e-5,9.200562123775103e-5,0,0,6.254082317309144e-4
"GGB9640_SGB15115","T0",34,2.941176470588235,1.7741431518646585e-4,0.0010344943373092044,0,0,0.006032086716339839
"GGB9640_SGB15115","T12",34,5.88235294117647,1.3486182018277491e-5,5.903344442365476e-5,0,0,4.5853018862143473e-4
"GGB9641_SGB15117","T0",34,2.941176470588235,1.4329646911930577e-5,8.35554818135857e-5,0,0,4.872079950056396e-4
"GGB9641_SGB15117","T12",34,5.88235294117647,9.937120797482715e-5,5.708968963489822e-4,0,0,0.0033786210711441228
"GGB9642_SGB15119","T0",34,2.941176470588235,5.146793815263336e-6,3.0010707149487827e-5,0,0,1.7499098971895344e-4
"GGB9642_SGB15119","T12",34,8.823529411764707,1.822197931463576e-4,0.0010404792662124414,0,0,0.0061954729669761585
"GGB96534_SGB136060","T0",34,0,0,0,0,0,0
"GGB96534_SGB136060","T12",34,0,0,0,0,0,0
"GGB9695_SGB15210","T0",34,5.88235294117647,3.6961863008948064e-5,2.153271542326373e-4,0,0,0.001256703342304234
"GGB9695_SGB15210","T12",34,0,0,0,0,0,0
"GGB9699_SGB15216","T0",34,8.823529411764707,5.214467089067994e-5,1.9026147799525414e-4,0,0,0.0017729188102831178
"GGB9699_SGB15216","T12",34,14.705882352941178,1.7932882159088433e-4,6.345002474086859e-4,0,0,0.006097179934090068
"GGB9707_SGB15229","T0",34,2.941176470588235,7.791393710642427e-7,4.5431241920556215e-6,0,0,2.649073861618425e-5
"GGB9707_SGB15229","T12",34,2.941176470588235,3.075224671491231e-6,1.793148712530681e-5,0,0,1.0455763883070185e-4
"GGB9708_SGB15234","T0",34,2.941176470588235,9.853569468042817e-7,5.745568956067407e-6,0,0,3.350213619134558e-5
"GGB9708_SGB15234","T12",34,2.941176470588235,8.757296434151974e-6,5.1063374236440443e-5,0,0,2.977480787611671e-4
"GGB9715_SGB15265","T0",34,23.52941176470588,0.0016204107667812894,0.005288444623599556,0,0,0.05509396607056384
"GGB9715_SGB15265","T12",34,17.647058823529413,0.0016092295619269336,0.005292605154921519,0,0,0.05471380510551574
"GGB9715_SGB15266","T0",34,2.941176470588235,2.577953812235939e-4,0.0015031924666280814,0,0,0.008765042961602193
"GGB9715_SGB15266","T12",34,8.823529411764707,7.452533456820441e-5,2.661987265289143e-4,0,0,0.00253386137531895
"GGB9715_SGB15267","T0",34,5.88235294117647,1.7700652872331798e-4,9.927249547589468e-4,0,0,0.006018221976592812
"GGB9715_SGB15267","T12",34,5.88235294117647,2.1354294837273497e-4,0.0010810245177369326,0,0,0.007260460244672988
"GGB9719_SGB15272","T0",34,11.76470588235294,9.329788533182716e-5,4.119875331120417e-4,0,0,0.0031721281012821235
"GGB9719_SGB15272","T12",34,11.76470588235294,3.950745470307749e-5,1.649078105617127e-4,0,0,0.0013432534599046348
"GGB9730_SGB15290","T0",34,5.88235294117647,0.0010467922346092853,0.005950364219160245,0,0,0.035590935976715705
"GGB9730_SGB15290","T12",34,11.76470588235294,8.164575040426349e-4,0.003463094175649774,0,0,0.027759555137449585
"GGB9730_SGB15291","T0",34,11.76470588235294,9.336976006548981e-5,5.177058476038113e-4,0,0,0.0031745718422266536
"GGB9730_SGB15291","T12",34,14.705882352941178,3.9455873485714924e-4,0.0013142107618113654,0,0,0.013414996985143073
"GGB9758_SGB15368","T0",34,5.88235294117647,2.149434615101605e-4,8.883539998034029e-4,0,0,0.007308077691345458
"GGB9758_SGB15368","T12",34,5.88235294117647,4.360935024576024e-4,0.0017854397436228068,0,0,0.014827179083558482
"GGB9760_SGB15373","T0",34,5.88235294117647,2.892744823025499e-5,1.5900411969765638e-4,0,0,9.835332398286695e-4
"GGB9760_SGB15373","T12",34,8.823529411764707,4.359430556565967e-4,0.002529063143392881,0,0,0.014822063892324287
"GGB9762_SGB15377","T0",34,0,0,0,0,0,0
"GGB9762_SGB15377","T12",34,5.88235294117647,5.088964330694828e-5,2.6045492361147693e-4,0,0,0.0017302478724362416
"GGB9787_SGB15410","T0",34,0,0,0,0,0,0
"GGB9787_SGB15410","T12",34,5.88235294117647,1.1706602716102444e-4,6.161077769459446e-4,0,0,0.00398024492347483
"GGB9790_SGB15413","T0",34,2.941176470588235,4.127472860024639e-6,2.4067095694083217e-5,0,0,1.403340772408377e-4
"GGB9790_SGB15413","T12",34,2.941176470588235,7.684151349258106e-6,4.480591687023462e-5,0,0,2.612611458747756e-4
"GGB9818_SGB15459","T0",34,0,0,0,0,0,0
"GGB9818_SGB15459","T12",34,5.88235294117647,4.523590994386172e-6,1.9678527372840876e-5,0,0,1.5380209380912987e-4
"GGB9832_SGB15478","T0",34,2.941176470588235,2.7901072543730916e-5,1.6268981181708398e-4,0,0,9.486364664868512e-4
"GGB9832_SGB15478","T12",34,2.941176470588235,6.941178552941801e-7,4.047367823573556e-6,0,0,2.3600007080002123e-5
"Gardnerella_vaginalis","T0",34,2.941176470588235,4.720901231045736e-6,2.7527347978543647e-5,0,0,1.6051064185555503e-4
"Gardnerella_vaginalis","T12",34,2.941176470588235,3.841739522660147e-6,2.2400998349157263e-5,0,0,1.30619143770445e-4
"Gemella_SGB7284","T0",34,0,0,0,0,0,0
"Gemella_SGB7284","T12",34,0,0,0,0,0,0
"Gemella_SGB7291","T0",34,0,0,0,0,0,0
"Gemella_SGB7291","T12",34,0,0,0,0,0,0
"Gemella_SGB7293","T0",34,2.941176470588235,1.2182943963263804e-5,7.103816018738719e-5,0,0,4.142200947509693e-4
"Gemella_SGB7293","T12",34,0,0,0,0,0,0
"Gemella_haemolysans","T0",34,11.76470588235294,5.077254718748746e-6,1.8147131439547547e-5,0,0,1.7262666043745735e-4
"Gemella_haemolysans","T12",34,2.941176470588235,1.5562726263180457e-6,9.074550819325081e-6,0,0,5.291326929481355e-5
"Gemella_morbillorum","T0",34,11.76470588235294,1.7512063660376877e-5,8.3373734409171e-5,0,0,5.954101644528139e-4
"Gemella_morbillorum","T12",34,5.88235294117647,9.268584373766079e-7,3.863195903495604e-6,0,0,3.1513186870804666e-5
"Gemella_sanguinis","T0",34,35.294117647058826,5.05340096595975e-4,0.0012402964833745005,0,1.9960155415513887e-4,0.017181563284263148
"Gemella_sanguinis","T12",34,35.294117647058826,1.5897833937086832e-4,6.395489905752201e-4,0,6.266527690625439e-5,0.005405263538609523
"Gemmiger_formicilis","T0",34,26.47058823529412,0.00843955478656826,0.03018871717170623,0,2.7791406416419825e-6,0.28694486274332087
"Gemmiger_formicilis","T12",34,44.11764705882353,0.009265242362709777,0.022576741368185063,0,0.0036679042381344766,0.3150182403321324
"Gordonibacter_pamelaeae","T0",34,14.705882352941178,2.0063906788666763e-4,7.470064613565932e-4,0,0,0.0068217283081467
"Gordonibacter_pamelaeae","T12",34,14.705882352941178,9.77923054772422e-5,2.7617052604669037e-4,0,0,0.003324938386226235
"Gordonibacter_urolithinfaciens","T0",34,38.23529411764706,2.9539358497151293e-4,7.18313632477878e-4,0,1.5186474983621177e-4,0.01004338188903144
"Gordonibacter_urolithinfaciens","T12",34,41.17647058823529,4.0088499324954875e-4,8.654760880098221e-4,0,2.3205996613127612e-4,0.013630089770484657
"Granulicatella_SGB64171","T0",34,0,0,0,0,0,0
"Granulicatella_SGB64171","T12",34,0,0,0,0,0,0
"Granulicatella_SGB8239","T0",34,0,0,0,0,0,0
"Granulicatella_SGB8239","T12",34,0,0,0,0,0,0
"Granulicatella_SGB8244","T0",34,0,0,0,0,0,0
"Granulicatella_SGB8244","T12",34,0,0,0,0,0,0
"Granulicatella_SGB8245","T0",34,0,0,0,0,0,0
"Granulicatella_SGB8245","T12",34,0,0,0,0,0,0
"Granulicatella_SGB8255","T0",34,38.23529411764706,3.685643882301239e-4,9.680131647354152e-4,0,1.529371411551772e-4,0.012531189199824213
"Granulicatella_SGB8255","T12",34,32.35294117647059,7.419101516223899e-5,2.1979541214949686e-4,0,2.83631514500667e-5,0.0025224945155161256
"Granulicatella_adiacens","T0",34,14.705882352941178,9.953916908947301e-5,5.115778814527708e-4,0,0,0.0033843317490420827
"Granulicatella_adiacens","T12",34,0,0,0,0,0,0
"Guopingia_tenuis","T0",34,5.88235294117647,1.809108057113461e-5,9.850534810151237e-5,0,0,6.150967394185767e-4
"Guopingia_tenuis","T12",34,2.941176470588235,1.0853605417122115e-6,6.328685107287141e-6,0,0,3.690225841821519e-5
"Haemophilus_haemolyticus","T0",34,0,0,0,0,0,0
"Haemophilus_haemolyticus","T12",34,0,0,0,0,0,0
"Haemophilus_influenzae","T0",34,2.941176470588235,3.6471525553500845e-7,2.1266371103408455e-6,0,0,1.2400318688190286e-05
"Haemophilus_influenzae","T12",34,0,0,0,0,0,0
"Haemophilus_parahaemolyticus","T0",34,0,0,0,0,0,0
"Haemophilus_parahaemolyticus","T12",34,0,0,0,0,0,0
"Haemophilus_parainfluenzae","T0",34,5.88235294117647,3.31408733733487e-6,1.5787052809566422e-5,0,0,1.1267896946938558e-4
"Haemophilus_parainfluenzae","T12",34,8.823529411764707,1.8061091445098244e-5,7.674916616885264e-5,0,0,6.140771091333403e-4
"Haemophilus_paraphrohaemolyticus","T0",34,0,0,0,0,0,0
"Haemophilus_paraphrohaemolyticus","T12",34,0,0,0,0,0,0
"Haemophilus_pittmaniae","T0",34,0,0,0,0,0,0
"Haemophilus_pittmaniae","T12",34,2.941176470588235,1.55027687945067e-6,9.039589907767743e-6,0,0,5.2709413901322775e-5
"Haemophilus_sputorum","T0",34,0,0,0,0,0,0
"Haemophilus_sputorum","T12",34,0,0,0,0,0,0
"Holdemania_filiformis","T0",34,5.88235294117647,8.06072825829616e-5,3.3170247112606916e-4,0,0,0.0027406476078206945
"Holdemania_filiformis","T12",34,5.88235294117647,6.103490283441272e-6,3.0042514824829358e-5,0,0,2.0751866963700322e-4
"Holdemania_massiliensis","T0",34,8.823529411764707,1.3831038472767092e-5,5.9260033217526133e-5,0,0,4.7025530807408115e-4
"Holdemania_massiliensis","T12",34,0,0,0,0,0,0
"Holdemania_sp_1001095H_141210_F2","T0",34,5.88235294117647,1.9246652020084095e-5,8.807379695481598e-5,0,0,6.543861686828592e-4
"Holdemania_sp_1001095H_141210_F2","T12",34,0,0,0,0,0,0
"Hornefia_butyriciproducens","T0",34,5.88235294117647,7.10125180902545e-6,3.123573579463736e-5,0,0,2.4144256150686528e-4
"Hornefia_butyriciproducens","T12",34,2.941176470588235,6.0691722696092497e-05,3.538905154562061e-4,0,0,0.002063518571667145
"Hungatella_hathewayi","T0",34,44.11764705882353,0.0011416908926213162,0.003448510258604614,0,5.008908909235296e-4,0.03881749034912475
"Hungatella_hathewayi","T12",34,23.52941176470588,2.286433038660821e-5,6.437247394427076e-5,0,0,7.773872331446792e-4
"Hydrogeniiclostridium_mannosilyticum","T0",34,20.588235294117645,2.5725736681107044e-4,0.0012113933561305249,0,0,0.008746750471576394
"Hydrogeniiclostridium_mannosilyticum","T12",34,14.705882352941178,1.858314389274402e-4,8.039879800741468e-4,0,0,0.006318268923532967
"Hydrogenoanaerobacterium_SGB53821","T0",34,5.88235294117647,2.770091778806937e-6,1.54426650174668e-5,0,0,9.418312047943587e-5
"Hydrogenoanaerobacterium_SGB53821","T12",34,0,0,0,0,0,0
"Hydrogenoanaerobacterium_saccharovorans","T0",34,8.823529411764707,9.27006619965217e-6,3.612730820796604e-5,0,0,3.1518225078817376e-4
"Hydrogenoanaerobacterium_saccharovorans","T12",34,2.941176470588235,3.5644580898242243e-6,2.078418365295722e-5,0,0,1.2119157505402363e-4
"Intestinibacter_bartlettii","T0",34,41.17647058823529,6.535975513254813e-4,0.001916717128819938,0,3.125604737530112e-4,0.022222316745066365
"Intestinibacter_bartlettii","T12",34,50,0.0012303146938302816,0.002334409089255171,1.17e-5,0.0013570519821362625,0.04183069959022957
"Intestinimonas_butyriciproducens","T0",34,8.823529411764707,9.700190146671882e-5,3.8022940634952575e-4,0,0,0.0032980646498684397
"Intestinimonas_butyriciproducens","T12",34,2.941176470588235,1.1929414150588714e-5,6.955984004576959e-5,0,0,4.0560008112001624e-4
"Intestinimonas_massiliensis","T0",34,14.705882352941178,1.9476229204561901e-4,7.976120975245404e-4,0,0,0.006621917929551047
"Intestinimonas_massiliensis","T12",34,2.941176470588235,1.8438218017271732e-6,1.0751236228538135e-5,0,0,6.268994125872389e-5
"Jutongia_hominis","T0",34,2.941176470588235,2.900027338397016e-5,1.6909919903929254e-4,0,0,9.860092950549854e-4
"Jutongia_hominis","T12",34,5.88235294117647,1.1819003590237095e-4,4.8447534433837324e-4,0,0,0.004018461220680613
"Kingella_denitrificans","T0",34,0,0,0,0,0,0
"Kingella_denitrificans","T12",34,0,0,0,0,0,0
"Klebsiella_grimontii","T0",34,2.941176470588235,2.579789516920213e-5,1.5042628571987959e-4,0,0,8.771284357528725e-4
"Klebsiella_grimontii","T12",34,5.88235294117647,9.66153660703297e-4,0.005632905007375243,0,0,0.03284922446391209
"Klebsiella_michiganensis","T0",34,2.941176470588235,5.4417900264599e-6,3.1730815866136615e-5,0,0,0.00018502086089963661
"Klebsiella_michiganensis","T12",34,5.88235294117647,6.156546485903711e-6,2.5441272226286935e-5,0,0,2.0932258052072618e-4
"Klebsiella_pneumoniae","T0",34,14.705882352941178,0.006339578057739079,0.03658973605838717,0,0,0.2155456539631287
"Klebsiella_pneumoniae","T12",34,11.76470588235294,0.0028187069980896966,0.016196718843713417,0,0,0.09583603793504968
"Lachnoanaerobaculum_orale","T0",34,0,0,0,0,0,0
"Lachnoanaerobaculum_orale","T12",34,0,0,0,0,0,0
"Lachnoanaerobaculum_sp_ICM7","T0",34,0,0,0,0,0,0
"Lachnoanaerobaculum_sp_ICM7","T12",34,0,0,0,0,0,0
"Lachnoclostridium_pacaense","T0",34,11.76470588235294,1.6192089093136928e-5,7.440112466516053e-5,0,0,5.505310291666556e-4
"Lachnoclostridium_pacaense","T12",34,5.88235294117647,2.8575391342073524e-6,1.3645710251749574e-5,0,0,9.715633056304999e-5
"Lachnoclostridium_sp_An131","T0",34,5.88235294117647,9.833960305869125e-6,5.71991346799911e-5,0,0,3.343546503995503e-4
"Lachnoclostridium_sp_An131","T12",34,5.88235294117647,1.6945181665414663e-6,9.068249230728708e-6,0,0,5.761361766240986e-5
"Lachnospira_eligens","T0",34,8.823529411764707,3.512748723366429e-4,0.0017582883257973375,0,0,0.01194334565944586
"Lachnospira_eligens","T12",34,26.47058823529412,4.1484208805023367e-4,0.0015244265570753326,0,7.826476879206157e-6,0.014104630993707944
"Lachnospira_pectinoschiza","T0",34,20.588235294117645,3.6814062323894893e-4,0.001933939696804934,0,0,0.012516781190124265
"Lachnospira_pectinoschiza","T12",34,11.76470588235294,3.112779217240081e-5,1.0289187909101896e-4,0,0,0.0010583449338616277
"Lachnospiraceae_bacterium","T0",34,17.647058823529413,7.053313698576747e-5,2.643585833796662e-4,0,0,0.002398126657516094
"Lachnospiraceae_bacterium","T12",34,29.411764705882355,0.0014652538365731115,0.006601181828478876,0,1.7158026345869267e-4,0.04981863044348579
"Lachnospiraceae_bacterium_2_1_46FAA","T0",34,5.88235294117647,0.0020365928150736304,0.011834876572837695,0,0,0.06924415571250343
"Lachnospiraceae_bacterium_2_1_46FAA","T12",34,2.941176470588235,2.0879256903823963e-5,1.2174594260631416e-4,0,0,7.098947347300148e-4
"Lachnospiraceae_bacterium_AM48_27BH","T0",34,2.941176470588235,1.5967810778967554e-6,9.310753651815208e-6,0,0,5.429055664848968e-5
"Lachnospiraceae_bacterium_AM48_27BH","T12",34,8.823529411764707,1.3671328450933066e-5,5.6929862341968676e-5,0,0,4.648251673317242e-4
"Lachnospiraceae_bacterium_CLA_AA_H215","T0",34,5.88235294117647,3.4281041171049445e-5,1.6150453332334602e-4,0,0,0.001165555399815681
"Lachnospiraceae_bacterium_CLA_AA_H215","T12",34,5.88235294117647,2.704030599738058e-5,1.5175797303611967e-4,0,0,9.193704039109397e-4
"Lachnospiraceae_bacterium_CLA_AA_H244","T0",34,14.705882352941178,5.142020897745415e-4,0.0018493446326841845,0,0,0.01748287105233441
"Lachnospiraceae_bacterium_CLA_AA_H244","T12",34,26.47058823529412,1.7839898384620548e-4,4.1619066995720905e-4,0,2.850000570000114e-6,0.006065565450770987
"Lachnospiraceae_unclassified_SGB4550","T0",34,5.88235294117647,7.918500178751306e-4,0.00454562886170041,0,0,0.026922900607754444
"Lachnospiraceae_unclassified_SGB4550","T12",34,2.941176470588235,3.7980312695612146e-5,2.2146137627929665e-4,0,0,0.0012913306316508129
"Lachnotalea_sp_AF33_28","T0",34,5.88235294117647,8.422436950764889e-6,3.9982792215360876e-5,0,0,2.863628563260062e-4
"Lachnotalea_sp_AF33_28","T12",34,0,0,0,0,0,0
"Lacrimispora_amygdalina","T0",34,17.647058823529413,7.4965259845699e-5,2.718359110816433e-4,0,0,0.0025488188347537665
"Lacrimispora_amygdalina","T12",34,11.76470588235294,4.8232103035120865e-4,0.0027034008350208627,0,0,0.016398915031941096
"Lacticaseibacillus_paracasei","T0",34,35.294117647058826,3.8193970140391637e-4,0.0016954290370774735,0,4.7350624760903e-5,0.012985949847733156
"Lacticaseibacillus_paracasei","T12",34,17.647058823529413,2.1982384509126852e-4,7.182474964046773e-4,0,0,0.00747401073310313
"Lacticaseibacillus_rhamnosus","T0",34,26.47058823529412,0.0010581372111605352,0.005163544855843709,0,3.8829580747296685e-5,0.035976665179458196
"Lacticaseibacillus_rhamnosus","T12",34,14.705882352941178,1.0130060980889314e-4,2.9657413966088943e-4,0,0,0.003444220733502367
"Lactiplantibacillus_plantarum","T0",34,11.76470588235294,0.00865128015155382,0.04973024055908521,0,0,0.2941435251528299
"Lactiplantibacillus_plantarum","T12",34,14.705882352941178,2.659108451106922e-4,9.513451004146683e-4,0,0,0.009040968733763536
"Lactobacillus_acidophilus","T0",34,5.88235294117647,9.679382801100276e-5,4.0293182242240316e-4,0,0,0.003290990152374094
"Lactobacillus_acidophilus","T12",34,0,0,0,0,0,0
"Lactobacillus_amylovorus","T0",34,8.823529411764707,0.003125763337526437,0.018186869809425677,0,0,0.10627595347589885
"Lactobacillus_amylovorus","T12",34,0,0,0,0,0,0
"Lactobacillus_crispatus","T0",34,2.941176470588235,4.717688235230508e-6,2.7508613154506712e-5,0,0,1.6040139999783727e-4
"Lactobacillus_crispatus","T12",34,2.941176470588235,9.694897579956623e-4,0.005653048141417918,0,0,0.032962651771852515
"Lactobacillus_delbrueckii","T0",34,2.941176470588235,1.917547935077585e-5,1.1181129765497337e-4,0,0,6.519662979263789e-4
"Lactobacillus_delbrueckii","T12",34,5.88235294117647,3.099574692410017e-6,1.731244852985822e-5,0,0,1.0538553954194058e-4
"Lactobacillus_gasseri","T0",34,5.88235294117647,2.333906104025709e-4,0.0013600142091614274,0,0,0.00793528075368741
"Lactobacillus_gasseri","T12",34,20.588235294117645,7.996090083031901e-4,0.002798824292078092,0,0,0.027186706282308463
"Lactobacillus_johnsonii","T0",34,5.88235294117647,0.00587970490427284,0.034164377195465764,0,0,0.19990996674527656
"Lactobacillus_johnsonii","T12",34,2.941176470588235,1.4114707293823669e-5,8.230217924010792e-5,0,0,4.799000479900048e-4
"Lactococcus_carnosus","T0",34,5.88235294117647,3.1262957662384194e-5,1.3458864522822588e-4,0,0,0.0010629405605210626
"Lactococcus_carnosus","T12",34,0,0,0,0,0,0
"Lactococcus_cremoris","T0",34,8.823529411764707,3.832797499602561e-5,1.5831829888688953e-4,0,0,0.0013031511498648707
"Lactococcus_cremoris","T12",34,11.76470588235294,2.39311207997587e-5,7.9468937305296e-5,0,0,8.136581071917959e-4
"Lactococcus_lactis","T0",34,35.294117647058826,9.524793260327091e-5,2.1074370434922654e-4,0,5.6317541356593955e-5,0.003238429708511211
"Lactococcus_lactis","T12",34,26.47058823529412,3.4015549538970845e-4,0.0013016771535542119,0,3.5043264549483194e-5,0.011565286843250087
"Lactonifactor_longoviformis","T0",34,11.76470588235294,2.586914731171398e-5,1.2564380554447812e-4,0,0,8.795510085982753e-4
"Lactonifactor_longoviformis","T12",34,14.705882352941178,6.487031354968184e-5,2.62086932007391e-4,0,0,0.0022055906606891825
"Lancefieldella_parvula","T0",34,23.52941176470588,6.548143281199428e-4,0.0034820668289230966,0,0,0.022263687156078054
"Lancefieldella_parvula","T12",34,2.941176470588235,7.203788994936615e-6,4.2004947090091377e-5,0,0,2.449288258278449e-4
"Lancefieldella_rimae","T0",34,8.823529411764707,1.2779606709134071e-5,5.664809129351819e-5,0,0,4.3450662811055844e-4
"Lancefieldella_rimae","T12",34,0,0,0,0,0,0
"Latilactobacillus_curvatus","T0",34,5.88235294117647,1.7623537701711265e-5,1.0042049579681969e-4,0,0,5.99200281858183e-4
"Latilactobacillus_curvatus","T12",34,8.823529411764707,2.708642812677466e-5,1.2163226504955106e-4,0,0,9.209385563103385e-4
"Latilactobacillus_sakei","T0",34,26.47058823529412,6.200559881597262e-4,0.002003328489389325,0,9.601252003261225e-6,0.021081903597430694
"Latilactobacillus_sakei","T12",34,17.647058823529413,7.124926664917568e-4,0.003918489680114812,0,0,0.02422475066071973
"Lautropia_mirabilis","T0",34,0,0,0,0,0,0
"Lautropia_mirabilis","T12",34,0,0,0,0,0,0
"Lawsonella_SGB3665","T0",34,20.588235294117645,1.8974352176911994e-4,7.291689656027234e-4,0,0,0.006451279740150078
"Lawsonella_SGB3665","T12",34,0,0,0,0,0,0
"Lawsonibacter_asaccharolyticus","T0",34,8.823529411764707,4.694836555273886e-5,2.4883723799772815e-4,0,0,0.0015962444287931212
"Lawsonibacter_asaccharolyticus","T12",34,5.88235294117647,3.467586410801692e-5,1.978035237082558e-4,0,0,0.0011789793796725754
"Lentihominibacter_SGB71368","T0",34,8.823529411764707,2.3396372939254428e-4,0.001124362762648054,0,0,0.007954766799346506
"Lentihominibacter_SGB71368","T12",34,5.88235294117647,1.2206474319459147e-4,5.505646076900676e-4,0,0,0.0041502012686161095
"Lentihominibacter_faecis","T0",34,20.588235294117645,1.4859871541627828e-4,3.9087162211624127e-4,0,0,0.005052356324153462
"Lentihominibacter_faecis","T12",34,26.47058823529412,6.513915495610057e-4,0.001726377844201254,0,1.7528606264677294e-4,0.022147312685074194
"Lentihominibacter_hominis","T0",34,5.88235294117647,6.808763390786272e-6,3.856426660649946e-5,0,0,2.3149795528673326e-4
"Lentihominibacter_hominis","T12",34,14.705882352941178,6.81754354639412e-5,2.363332239623963e-4,0,0,0.0023179648057740005
"Leptotrichia_hongkongensis","T0",34,0,0,0,0,0,0
"Leptotrichia_hongkongensis","T12",34,0,0,0,0,0,0
"Leptotrichia_sp_oral_taxon_212","T0",34,0,0,0,0,0,0
"Leptotrichia_sp_oral_taxon_212","T12",34,0,0,0,0,0,0
"Leptotrichia_sp_oral_taxon_215","T0",34,0,0,0,0,0,0
"Leptotrichia_sp_oral_taxon_215","T12",34,0,0,0,0,0,0
"Leptotrichia_sp_oral_taxon_221","T0",34,0,0,0,0,0,0
"Leptotrichia_sp_oral_taxon_221","T12",34,0,0,0,0,0,0
"Leptotrichia_wadei","T0",34,0,0,0,0,0,0
"Leptotrichia_wadei","T12",34,0,0,0,0,0,0
"Leuconostoc_carnosum","T0",34,11.76470588235294,2.449306266283513e-4,0.0013585072468427367,0,0,0.008327641305363943
"Leuconostoc_carnosum","T12",34,5.88235294117647,7.083130887772549e-6,3.0197521785553318e-5,0,0,2.4082645018426668e-4
"Leuconostoc_gelidum","T0",34,5.88235294117647,1.3313283051632025e-5,6.86985002165568e-5,0,0,4.5265162375548887e-4
"Leuconostoc_gelidum","T12",34,0,0,0,0,0,0
"Leuconostoc_mesenteroides","T0",34,8.823529411764707,1.547183979315548e-6,6.6571048363948626e-6,0,0,5.260425529672863e-5
"Leuconostoc_mesenteroides","T12",34,8.823529411764707,4.014698968505001e-4,0.0022870854430533257,0,0,0.013649976492917004
"Ligilactobacillus_saerimneri","T0",34,14.705882352941178,3.0053939588792255e-4,0.0012568716803908159,0,0,0.010218339460189366
"Ligilactobacillus_saerimneri","T12",34,5.88235294117647,1.614970729050014e-4,8.26269487176439e-4,0,0,0.005490900478770048
"Ligilactobacillus_salivarius","T0",34,0,0,0,0,0,0
"Ligilactobacillus_salivarius","T12",34,8.823529411764707,0.0013974375132989325,0.00798813221284847,0,0,0.047512875452163705
"Limosilactobacillus_fermentum","T0",34,5.88235294117647,1.5390273252216283e-4,8.891101466733845e-4,0,0,0.005232692905753536
"Limosilactobacillus_fermentum","T12",34,5.88235294117647,4.3253845978274323e-4,0.002152290166988841,0,0,0.014706307632613269
"Limosilactobacillus_mucosae","T0",34,11.76470588235294,0.005593877055305316,0.022211752161781267,0,0,0.19019181988038072
"Limosilactobacillus_mucosae","T12",34,5.88235294117647,6.330882620176497e-5,2.603359764518335e-4,0,0,0.002152500090860009
"Limosilactobacillus_oris","T0",34,2.941176470588235,6.605478547275655e-6,3.8516227651596964e-5,0,0,2.2458627060737227e-4
"Limosilactobacillus_oris","T12",34,5.88235294117647,0.0018636524274837367,0.010602760764469938,0,0,0.06336418253444705
"Limosilactobacillus_pontis","T0",34,2.941176470588235,8.004867628750664e-5,4.667599806784949e-4,0,0,0.0027216549937752257
"Limosilactobacillus_pontis","T12",34,5.88235294117647,9.491794030110552e-5,5.314318816841128e-4,0,0,0.0032272099702375877
"Limosilactobacillus_portuensis","T0",34,5.88235294117647,1.4515519813746706e-5,5.89360482695579e-5,0,0,4.93527673667388e-4
"Limosilactobacillus_portuensis","T12",34,11.76470588235294,1.0600445071987701e-5,3.372194937882337e-5,0,0,3.604151324475818e-4
"Limosilactobacillus_reuteri","T0",34,14.705882352941178,8.650277700675112e-4,0.0048558099617035475,0,0,0.029410944182295378
"Limosilactobacillus_reuteri","T12",34,5.88235294117647,0.004274207060965962,0.02458240889164564,0,0,0.1453230400728427
"Limosilactobacillus_vaginalis","T0",34,2.941176470588235,7.826723999620805e-5,4.563725113602012e-4,0,0,0.002661086159871074
"Limosilactobacillus_vaginalis","T12",34,0,0,0,0,0,0
"Longibaculum_muris","T0",34,2.941176470588235,1.4403317745947168e-5,8.398505290278957e-5,0,0,4.897128033622037e-4
"Longibaculum_muris","T12",34,5.88235294117647,2.3541689326201992e-5,1.0796101533629722e-4,0,0,8.004174370908677e-4
"Longicatena_caecimuris","T0",34,17.647058823529413,0.001318918871414364,0.006044456471837322,0,0,0.04484324162808837
"Longicatena_caecimuris","T12",34,20.588235294117645,4.141689548515182e-4,0.001097965529792681,0,0,0.014081744464951619
"Massilicoli_timonensis","T0",34,2.941176470588235,1.515916679888059e-5,8.839237237020874e-5,0,0,5.154116711619401e-4
"Massilicoli_timonensis","T12",34,2.941176470588235,4.078986507112881e-6,2.3784374102698267e-5,0,0,1.3868554124183796e-4
"Massiliimalia_timonensis","T0",34,2.941176470588235,1.0205104069232749e-6,5.950547090958618e-6,0,0,3.469735383539134e-5
"Massiliimalia_timonensis","T12",34,2.941176470588235,3.269396485490675e-7,1.9063693632072414e-6,0,0,1.1115948050668294e-5
"Massilimicrobiota_timonensis","T0",34,14.705882352941178,3.505454406366769e-5,1.299830176927024e-4,0,0,0.0011918544981647013
"Massilimicrobiota_timonensis","T12",34,8.823529411764707,1.2593259453239444e-5,4.529242385442311e-5,0,0,4.2817082141014115e-4
"Massilioclostridium_coli","T0",34,32.35294117647059,5.2073490929680223e-05,1.3473832921830732e-4,0,1.3666239243348681e-5,0.0017704986916091275
"Massilioclostridium_coli","T12",34,14.705882352941178,6.223947234477634e-5,3.335482681374124e-4,0,0,0.0021161420597223955
"Mediterraneibacter_SGB4586","T0",34,2.941176470588235,5.917492193318837e-8,3.4504612317364747e-7,0,0,2.0119473457284046e-6
"Mediterraneibacter_SGB4586","T12",34,8.823529411764707,8.18933218451528e-4,0.003684770325282023,0,0,0.027843729427351954
"Mediterraneibacter_butyricigenes","T0",34,26.47058823529412,5.244967813387459e-5,1.2085475063595754e-4,0,2.5967603438370874e-5,0.001783289056551736
"Mediterraneibacter_butyricigenes","T12",34,29.411764705882355,5.245159004356023e-5,1.1553952895605011e-4,0,3.54525387590787e-5,0.001783354061481048
"Mediterraneibacter_faecis","T0",34,38.23529411764706,0.010852327511395343,0.02819185608543615,0,7.216158446070533e-4,0.36897913538744165
"Mediterraneibacter_faecis","T12",34,55.88235294117647,0.013699507968123427,0.028776791170769558,3.2654161018494117e-4,0.011650233319285356,0.46578327091619653
"Mediterraneibacter_glycyrrhizinilyticus","T0",34,38.23529411764706,4.7916801481254304e-4,0.001103922393794897,0,2.998407499803211e-4,0.016291712503626463
"Mediterraneibacter_glycyrrhizinilyticus","T12",34,44.11764705882353,9.191642120270583e-4,0.0030310511885604714,0,5.189385673433894e-4,0.031251583208919985
"Mediterraneibacter_massiliensis","T0",34,0,0,0,0,0,0
"Mediterraneibacter_massiliensis","T12",34,5.88235294117647,2.7105429944161295e-6,1.3191572573250316e-5,0,0,9.21584618101484e-5
"Mediterraneibacter_sp_NSJ_151","T0",34,5.88235294117647,2.7732136732424426e-5,1.2243797095328273e-4,0,0,9.428926489024305e-4
"Mediterraneibacter_sp_NSJ_151","T12",34,5.88235294117647,2.8350992278428696e-4,0.0014565781325751542,0,0,0.009639337374665758
"Megasphaera_SGB5856","T0",34,2.941176470588235,0.0011171221833312082,0.006513885711668828,0,0,0.03798215423326108
"Megasphaera_SGB5856","T12",34,2.941176470588235,2.690677008723637e-4,0.0015689208202433777,0,0,0.009148301829660366
"Megasphaera_massiliensis","T0",34,5.88235294117647,1.4491550747818653e-4,8.420092098881067e-4,0,0,0.004927127254258342
"Megasphaera_massiliensis","T12",34,5.88235294117647,2.4675417486234825e-4,0.0011480735458600825,0,0,0.00838964194531984
"Megasphaera_micronuciformis","T0",34,14.705882352941178,4.244414020645882e-4,0.0017374296698405773,0,0,0.014431007670195997
"Megasphaera_micronuciformis","T12",34,8.823529411764707,7.947815004613947e-5,3.7404398200819206e-4,0,0,0.0027022571015687417
"Megasphaera_sp_NM10","T0",34,2.941176470588235,2.466280098301069e-5,1.4380760612407872e-4,0,0,8.385352334223635e-4
"Megasphaera_sp_NM10","T12",34,2.941176470588235,0.0011125049847185054,0.00648696304866921,0,0,0.03782516948042918
"Merdimonas_faecis","T0",34,11.76470588235294,2.2010505991192493e-4,0.001038589169997497,0,0,0.007483572037005447
"Merdimonas_faecis","T12",34,8.823529411764707,8.88832509239888e-5,4.189787303158696e-4,0,0,0.0030220305314156196
"Metamycoplasma_salivarium","T0",34,0,0,0,0,0,0
"Metamycoplasma_salivarium","T12",34,0,0,0,0,0,0
"Mogibacterium_SGB3923","T0",34,0,0,0,0,0,0
"Mogibacterium_SGB3923","T12",34,2.941176470588235,3.865436198983803e-7,2.2539172528868224e-6,0,0,1.3142483076544931e-5
"Mogibacterium_diversum","T0",34,26.47058823529412,1.1672080451817222e-4,2.710868467371977e-4,0,1.4253707389291953e-5,0.003968507353617856
"Mogibacterium_diversum","T12",34,29.411764705882355,1.9683079500410004e-4,8.96042504879329e-4,0,1.1139630498632985e-5,0.0066922470301394015
"Mogibacterium_kristiansenii","T0",34,2.941176470588235,4.159067531388007e-6,2.4251322702936464e-5,0,0,1.4140829606719223e-4
"Mogibacterium_kristiansenii","T12",34,2.941176470588235,4.299156339465879e-5,2.506817380384475e-4,0,0,0.0014617131554183988
"Mogibacterium_timidum","T0",34,0,0,0,0,0,0
"Mogibacterium_timidum","T12",34,0,0,0,0,0,0
"Moraxella_catarrhalis","T0",34,0,0,0,0,0,0
"Moraxella_catarrhalis","T12",34,0,0,0,0,0,0
"Morganella_morganii","T0",34,5.88235294117647,9.398279622824817e-5,4.4994152507187414e-4,0,0,0.003195415071760438
"Morganella_morganii","T12",34,0,0,0,0,0,0
"Mycobacteroides_abscessus","T0",34,2.941176470588235,6.249840230705648e-5,3.644251773571349e-4,0,0,0.00212494567843992
"Mycobacteroides_abscessus","T12",34,0,0,0,0,0,0
"Negativibacillus_massiliensis","T0",34,5.88235294117647,9.91534397768637e-5,5.379669237947005e-4,0,0,0.003371216952413366
"Negativibacillus_massiliensis","T12",34,0,0,0,0,0,0
"Neisseria_bacilliformis","T0",34,0,0,0,0,0,0
"Neisseria_bacilliformis","T12",34,0,0,0,0,0,0
"Neisseria_cinerea","T0",34,0,0,0,0,0,0
"Neisseria_cinerea","T12",34,0,0,0,0,0,0
"Neisseria_elongata","T0",34,0,0,0,0,0,0
"Neisseria_elongata","T12",34,0,0,0,0,0,0
"Neisseria_sicca","T0",34,0,0,0,0,0,0
"Neisseria_sicca","T12",34,0,0,0,0,0,0
"Neisseria_sp_oral_taxon_014","T0",34,0,0,0,0,0,0
"Neisseria_sp_oral_taxon_014","T12",34,0,0,0,0,0,0
"Neisseria_subflava","T0",34,0,0,0,0,0,0
"Neisseria_subflava","T12",34,0,0,0,0,0,0
"Neobittarella_massiliensis","T0",34,20.588235294117645,2.929609607425728e-5,8.49601965700933e-5,0,0,9.960672665247476e-4
"Neobittarella_massiliensis","T12",34,17.647058823529413,8.011789927290024e-6,2.4933412012801294e-5,0,0,2.724008575278608e-4
"Odoribacter_splanchnicus","T0",34,17.647058823529413,1.686615901162568e-5,4.544410753009701e-5,0,0,5.734494063952731e-4
"Odoribacter_splanchnicus","T12",34,2.941176470588235,2.0961653910293203e-6,1.2222639558731554e-5,0,0,7.126962329499689e-5
"Oliverpabstia_intestinalis","T0",34,32.35294117647059,0.0010857379346028502,0.003389135356591078,0,8.906420735125197e-5,0.036915089776496914
"Oliverpabstia_intestinalis","T12",34,32.35294117647059,0.0022979667084489517,0.006474657823244352,0,5.900213259115059e-4,0.07813086808726435
"Olsenella_profusa","T0",34,0,0,0,0,0,0
"Olsenella_profusa","T12",34,5.88235294117647,5.631843293741136e-6,2.3535702489164893e-5,0,0,1.9148267198719861e-4
"Olsenella_uli","T0",34,2.941176470588235,4.853254696723996e-6,2.8299094670029643e-5,0,0,1.6501065968861588e-4
"Olsenella_uli","T12",34,0,0,0,0,0,0
"Oribacterium_SGB5283","T0",34,0,0,0,0,0,0
"Oribacterium_SGB5283","T12",34,0,0,0,0,0,0
"Oribacterium_SGB5287","T0",34,0,0,0,0,0,0
"Oribacterium_SGB5287","T12",34,0,0,0,0,0,0
"Oribacterium_SGB96486","T0",34,2.941176470588235,9.3241317506758e-7,5.436856369939028e-6,0,0,3.170204795229772e-5
"Oribacterium_SGB96486","T12",34,0,0,0,0,0,0
"Oribacterium_asaccharolyticum","T0",34,0,0,0,0,0,0
"Oribacterium_asaccharolyticum","T12",34,0,0,0,0,0,0
"Oribacterium_parvum","T0",34,0,0,0,0,0,0
"Oribacterium_parvum","T12",34,0,0,0,0,0,0
"Oribacterium_sinus","T0",34,8.823529411764707,9.884257615447331e-6,3.839944272304399e-5,0,0,3.360647589252093e-4
"Oribacterium_sinus","T12",34,0,0,0,0,0,0
"Oribacterium_sp_oral_taxon_078","T0",34,0,0,0,0,0,0
"Oribacterium_sp_oral_taxon_078","T12",34,0,0,0,0,0,0
"Oscillibacter_sp_ER4","T0",34,2.941176470588235,9.334785573890032e-7,5.443068563004865e-6,0,0,3.173827095122611e-5
"Oscillibacter_sp_ER4","T12",34,8.823529411764707,1.208080467851754e-4,6.021459928829045e-4,0,0,0.004107473590695963
"Oscillibacter_valericigenes","T0",34,5.88235294117647,8.599446321197308e-5,3.781720074458293e-4,0,0,0.0029238117492070845
"Oscillibacter_valericigenes","T12",34,17.647058823529413,4.689043595175135e-5,1.4014375042876797e-4,0,0,0.0015942748223595458
"Oscillospiraceae_bacterium","T0",34,2.941176470588235,4.516494025645867e-5,2.633545939689724e-4,0,0,0.0015356079687195946
"Oscillospiraceae_bacterium","T12",34,2.941176470588235,2.627712029470401e-4,0.0015322062437348226,0,0,0.008934220900199364
"Oscillospiraceae_bacterium_CLA_AA_H250","T0",34,29.411764705882355,0.0010203793771228296,0.003016432474806152,0,2.717593843506642e-4,0.0346928988221762
"Oscillospiraceae_bacterium_CLA_AA_H250","T12",34,35.294117647058826,0.0024990581762049627,0.007688541904924657,0,1.8656654556414105e-4,0.08496797799096872
"Oscillospiraceae_bacterium_Marseille_Q3528","T0",34,11.76470588235294,2.565698389599315e-5,8.263060757838203e-5,0,0,8.723374524637671e-4
"Oscillospiraceae_bacterium_Marseille_Q3528","T12",34,8.823529411764707,9.952417894918047e-6,3.414887487545013e-5,0,0,3.383822084272136e-4
"Oscillospiraceae_unclassified_SGB15256","T0",34,0,0,0,0,0,0
"Oscillospiraceae_unclassified_SGB15256","T12",34,5.88235294117647,5.4502855318803536e-5,2.2999419108525853e-4,0,0,0.0018530970808393202
"Parabacteroides_distasonis","T0",34,64.70588235294117,0.0011174375174702676,0.0022446613897941477,1.0202878610196306e-4,9.133759494545959e-4,0.037992875593989096
"Parabacteroides_distasonis","T12",34,44.11764705882353,0.0011341459384284825,0.0035969398686794083,0,5.341708138533516e-4,0.0385609619065684
"Parabacteroides_goldsteinii","T0",34,2.941176470588235,1.0860303376129265e-6,6.332590654963576e-6,0,0,3.6925031478839503e-5
"Parabacteroides_goldsteinii","T12",34,5.88235294117647,4.7936204871675766e-5,2.3747452581171773e-4,0,0,0.001629830965636976
"Parabacteroides_johnsonii","T0",34,8.823529411764707,3.6376515147728525e-4,0.0019394074193263516,0,0,0.012368015150227698
"Parabacteroides_johnsonii","T12",34,2.941176470588235,3.991126609889702e-5,2.3272067268503857e-4,0,0,0.0013569830473624987
"Parabacteroides_merdae","T0",34,41.17647058823529,0.001319837449613136,0.005394611559088525,0,1.4378658307393884e-4,0.04487447328684662
"Parabacteroides_merdae","T12",34,26.47058823529412,3.2344153243009756e-4,9.79296160870615e-4,0,5.932755108469664e-5,0.010997012102623318
"Paraeggerthella_hongkongensis","T0",34,5.88235294117647,8.441356916530186e-5,4.707306946632199e-4,0,0,0.0028700613516202634
"Paraeggerthella_hongkongensis","T12",34,2.941176470588235,4.5347164353825916e-5,2.644171339148025e-4,0,0,0.0015418035880300812
"Parafannyhessea_umbonata","T0",34,8.823529411764707,0.002459739595903412,0.010122993505870228,0,0,0.08363114626071601
"Parafannyhessea_umbonata","T12",34,2.941176470588235,5.879735882091235e-4,0.0034284457082869794,0,0,0.0199911019991102
"Paraprevotella_clara","T0",34,8.823529411764707,2.175168588304864e-5,8.763403534232365e-5,0,0,7.395573200236537e-4
"Paraprevotella_clara","T12",34,5.88235294117647,3.446711202202941e-5,1.9601126206792962e-4,0,0,0.001171881808749
"Parasutterella_SGB9260","T0",34,11.76470588235294,1.041453137059696e-4,3.417164679496274e-4,0,0,0.003540940666002966
"Parasutterella_SGB9260","T12",34,20.588235294117645,0.001743787034857098,0.005341453290181719,0,0,0.05928875918514133
"Parasutterella_excrementihominis","T0",34,17.647058823529413,1.3711970499950926e-4,4.0388642210983233e-4,0,0,0.0046620699699833155
"Parasutterella_excrementihominis","T12",34,14.705882352941178,1.800253935007585e-4,6.971002823266858e-4,0,0,0.00612086337902579
"Parvimonas_micra","T0",34,5.88235294117647,2.21258746601623e-6,9.326439495661183e-6,0,0,7.522797384455182e-5
"Parvimonas_micra","T12",34,2.941176470588235,1.3921849693800544e-6,8.117763585181774e-6,0,0,4.7334288958921845e-5
"Parvimonas_sp_oral_taxon_110","T0",34,5.88235294117647,4.592137380021871e-6,2.122992762432631e-5,0,0,1.5613267092074365e-4
"Parvimonas_sp_oral_taxon_110","T12",34,0,0,0,0,0,0
"Parvimonas_sp_oral_taxon_393","T0",34,0,0,0,0,0,0
"Parvimonas_sp_oral_taxon_393","T12",34,0,0,0,0,0,0
"Pauljensenia_hongkongensis","T0",34,2.941176470588235,1.489799261493797e-5,8.686947826746384e-5,0,0,5.06531748907891e-4
"Pauljensenia_hongkongensis","T12",34,2.941176470588235,2.825272039558706e-7,1.6474025352518283e-6,0,0,9.6059249344996e-6
"Pediococcus_acidilactici","T0",34,11.76470588235294,0.0028903356577281974,0.011823869562594512,0,0,0.0982714123627587
"Pediococcus_acidilactici","T12",34,8.823529411764707,0.0015078109798549798,0.007990213942344589,0,0,0.05126557331506931
"Pediococcus_pentosaceus","T0",34,2.941176470588235,3.2106659241014953e-7,1.8721238553854852e-6,0,0,1.0916264141945084e-5
"Pediococcus_pentosaceus","T12",34,2.941176470588235,3.303218349219333e-5,1.9260907292468235e-4,0,0,0.0011230942387345732
"Peptoanaerobacter_stomatis","T0",34,0,0,0,0,0,0
"Peptoanaerobacter_stomatis","T12",34,0,0,0,0,0,0
"Peptoniphilus_harei","T0",34,5.88235294117647,5.330032853771096e-4,0.0030394007027186656,0,0,0.018122111702821728
"Peptoniphilus_harei","T12",34,0,0,0,0,0,0
"Peptoniphilus_sp_Marseille_P3761","T0",34,5.88235294117647,2.4295728247006806e-6,1.130605364558903e-5,0,0,8.260547603982313e-5
"Peptoniphilus_sp_Marseille_P3761","T12",34,0,0,0,0,0,0
"Peptostreptococcus_SGB749","T0",34,11.76470588235294,3.3002189522903864e-4,0.0018580892824197996,0,0,0.011220744437787313
"Peptostreptococcus_SGB749","T12",34,0,0,0,0,0,0
"Peptostreptococcus_russellii","T0",34,5.88235294117647,0.001294377311316105,0.006914365235402419,0,0,0.04400882858474757
"Peptostreptococcus_russellii","T12",34,5.88235294117647,3.7432030926265626e-4,0.002136380095208924,0,0,0.012726890514930311
"Peptostreptococcus_stomatis","T0",34,2.941176470588235,2.7099198625443813e-7,1.5801412357382077e-6,0,0,9.213727532650897e-6
"Peptostreptococcus_stomatis","T12",34,0,0,0,0,0,0
"Phascolarctobacterium_faecium","T0",34,17.647058823529413,0.0012485568062645131,0.006583130163111683,0,0,0.04245093141299345
"Phascolarctobacterium_faecium","T12",34,17.647058823529413,2.7096924926133084e-4,8.710921227354177e-4,0,0,0.00921295447488525
"Phascolarctobacterium_succinatutens","T0",34,2.941176470588235,4.0959040522958136e-5,2.388301949483882e-4,0,0,0.0013926073777805767
"Phascolarctobacterium_succinatutens","T12",34,5.88235294117647,5.085103918044064e-5,2.1392160435406744e-4,0,0,0.0017289353321349819
"Phocaeicola_dorei","T0",34,41.17647058823529,0.007103098684540568,0.017450924191582375,0,4.652583343457921e-4,0.2415053552743793
"Phocaeicola_dorei","T12",34,41.17647058823529,0.0017861383213928102,0.004703307393200877,0,0.0011563073222523178,0.06072870292735555
"Phocaeicola_massiliensis","T0",34,2.941176470588235,5.418733293640001e-5,3.159637316621148e-4,0,0,0.0018423693198376004
"Phocaeicola_massiliensis","T12",34,2.941176470588235,8.462140633166404e-6,4.934233495940905e-5,0,0,2.877127815276577e-4
"Phocaeicola_plebeius","T0",34,2.941176470588235,1.8824745490323381e-6,1.0976618538678165e-5,0,0,6.40041346670995e-5
"Phocaeicola_plebeius","T12",34,5.88235294117647,8.765677998828734e-6,4.898273545413364e-5,0,0,2.9803305196017695e-4
"Phocaeicola_vulgatus","T0",34,52.94117647058824,0.0025393621236057887,0.0047507641708031245,1.56503700895113e-5,0.0025177260321824022,0.08633831220259681
"Phocaeicola_vulgatus","T12",34,41.17647058823529,0.0011480237007333543,0.0038965484938714595,0,5.091954781228751e-4,0.03903280582493405
"Phocea_massiliensis","T0",34,8.823529411764707,1.7093565421288265e-5,5.737132651907219e-5,0,0,5.81181224323801e-4
"Phocea_massiliensis","T12",34,2.941176470588235,1.4080017205445716e-5,8.209990300354813e-5,0,0,4.7872058498515436e-4
"Porphyromonas_bobii","T0",34,2.941176470588235,1.063493862709855e-6,6.201181553924377e-6,0,0,3.615879133213507e-5
"Porphyromonas_bobii","T12",34,0,0,0,0,0,0
"Porphyromonas_catoniae","T0",34,0,0,0,0,0,0
"Porphyromonas_catoniae","T12",34,0,0,0,0,0,0
"Porphyromonas_endodontalis","T0",34,0,0,0,0,0,0
"Porphyromonas_endodontalis","T12",34,0,0,0,0,0,0
"Porphyromonas_gingivalis","T0",34,0,0,0,0,0,0
"Porphyromonas_gingivalis","T12",34,0,0,0,0,0,0
"Porphyromonas_sp_oral_taxon_275","T0",34,0,0,0,0,0,0
"Porphyromonas_sp_oral_taxon_275","T12",34,0,0,0,0,0,0
"Porphyromonas_sp_oral_taxon_278","T0",34,0,0,0,0,0,0
"Porphyromonas_sp_oral_taxon_278","T12",34,0,0,0,0,0,0
"Prevotella_SGB1459","T0",34,0,0,0,0,0,0
"Prevotella_SGB1459","T12",34,0,0,0,0,0,0
"Prevotella_SGB98243","T0",34,0,0,0,0,0,0
"Prevotella_SGB98243","T12",34,0,0,0,0,0,0
"Prevotella_baroniae","T0",34,0,0,0,0,0,0
"Prevotella_baroniae","T12",34,0,0,0,0,0,0
"Prevotella_bivia","T0",34,11.76470588235294,7.113828281708408e-5,3.7128745092309854e-4,0,0,0.0024187016157808587
"Prevotella_bivia","T12",34,0,0,0,0,0,0
"Prevotella_brevis","T0",34,2.941176470588235,8.040470042924828e-6,4.688359403223939e-5,0,0,2.733759814594441e-4
"Prevotella_brevis","T12",34,2.941176470588235,1.6850151651364863e-5,9.825242369995661e-5,0,0,5.729051561464053e-4
"Prevotella_buccae","T0",34,5.88235294117647,5.452942836080604e-4,0.002476228341292769,0,0,0.018540005642674055
"Prevotella_buccae","T12",34,2.941176470588235,1.239622080626305e-4,7.228176719920027e-4,0,0,0.004214715074129437
"Prevotella_conceptionensis","T0",34,0,0,0,0,0,0
"Prevotella_conceptionensis","T12",34,0,0,0,0,0,0
"Prevotella_denticola","T0",34,0,0,0,0,0,0
"Prevotella_denticola","T12",34,0,0,0,0,0,0
"Prevotella_histicola","T0",34,0,0,0,0,0,0
"Prevotella_histicola","T12",34,0,0,0,0,0,0
"Prevotella_intermedia","T0",34,0,0,0,0,0,0
"Prevotella_intermedia","T12",34,0,0,0,0,0,0
"Prevotella_jejuni","T0",34,0,0,0,0,0,0
"Prevotella_jejuni","T12",34,0,0,0,0,0,0
"Prevotella_koreensis","T0",34,0,0,0,0,0,0
"Prevotella_koreensis","T12",34,0,0,0,0,0,0
"Prevotella_loescheii","T0",34,0,0,0,0,0,0
"Prevotella_loescheii","T12",34,0,0,0,0,0,0
"Prevotella_maculosa","T0",34,0,0,0,0,0,0
"Prevotella_maculosa","T12",34,0,0,0,0,0,0
"Prevotella_marseillensis","T0",34,5.88235294117647,3.3771935126783497e-4,0.001956063723812,0,0,0.01148245794310639
"Prevotella_marseillensis","T12",34,8.823529411764707,3.0919448501904147e-4,0.0010756206979876737,0,0,0.01051261249064741
"Prevotella_melaninogenica","T0",34,0,0,0,0,0,0
"Prevotella_melaninogenica","T12",34,0,0,0,0,0,0
"Prevotella_micans","T0",34,0,0,0,0,0,0
"Prevotella_micans","T12",34,0,0,0,0,0,0
"Prevotella_nanceiensis","T0",34,0,0,0,0,0,0
"Prevotella_nanceiensis","T12",34,0,0,0,0,0,0
"Prevotella_nigrescens","T0",34,0,0,0,0,0,0
"Prevotella_nigrescens","T12",34,0,0,0,0,0,0
"Prevotella_oralis","T0",34,2.941176470588235,1.1958244275869485e-5,6.972794711940415e-5,0,0,4.065803053795625e-4
"Prevotella_oralis","T12",34,0,0,0,0,0,0
"Prevotella_oris","T0",34,0,0,0,0,0,0
"Prevotella_oris","T12",34,0,0,0,0,0,0
"Prevotella_oulorum","T0",34,0,0,0,0,0,0
"Prevotella_oulorum","T12",34,0,0,0,0,0,0
"Prevotella_pallens","T0",34,0,0,0,0,0,0
"Prevotella_pallens","T12",34,0,0,0,0,0,0
"Prevotella_pleuritidis","T0",34,0,0,0,0,0,0
"Prevotella_pleuritidis","T12",34,0,0,0,0,0,0
"Prevotella_salivae","T0",34,0,0,0,0,0,0
"Prevotella_salivae","T12",34,0,0,0,0,0,0
"Prevotella_shahii","T0",34,0,0,0,0,0,0
"Prevotella_shahii","T12",34,0,0,0,0,0,0
"Prevotella_sp_885","T0",34,2.941176470588235,3.284899227267632e-6,1.915408937361206e-5,0,0,1.1168657372709948e-4
"Prevotella_sp_885","T12",34,2.941176470588235,6.67495268201146e-4,0.0038921327989177444,0,0,0.022694839118838964
"Prevotella_sp_oral_taxon_299","T0",34,0,0,0,0,0,0
"Prevotella_sp_oral_taxon_299","T12",34,0,0,0,0,0,0
"Prevotella_sp_oral_taxon_475","T0",34,0,0,0,0,0,0
"Prevotella_sp_oral_taxon_475","T12",34,0,0,0,0,0,0
"Prevotella_timonensis","T0",34,5.88235294117647,3.711263839571039e-6,2.091043034457283e-5,0,0,1.2618297054541532e-4
"Prevotella_timonensis","T12",34,0,0,0,0,0,0
"Prevotella_veroralis","T0",34,0,0,0,0,0,0
"Prevotella_veroralis","T12",34,0,0,0,0,0,0
"Prevotella_vespertina","T0",34,0,0,0,0,0,0
"Prevotella_vespertina","T12",34,0,0,0,0,0,0
"Prevotellaceae_bacterium_Marseille_P2826","T0",34,0,0,0,0,0,0
"Prevotellaceae_bacterium_Marseille_P2826","T12",34,0,0,0,0,0,0
"Propionibacterium_acidifaciens","T0",34,5.88235294117647,3.7573837666767217e-6,1.7456948956529174e-5,0,0,1.2775104806700855e-4
"Propionibacterium_acidifaciens","T12",34,11.76470588235294,1.3176920443970025e-4,7.065482224227042e-4,0,0,0.004480152950949809
"Propionibacterium_freudenreichii","T0",34,2.941176470588235,1.2979745344161227e-5,7.568427070914637e-5,0,0,4.4131134170148173e-4
"Propionibacterium_freudenreichii","T12",34,2.941176470588235,7.629117404320867e-5,4.448501658472202e-4,0,0,0.002593899917469095
"Proteus_mirabilis","T0",34,8.823529411764707,1.878105762560365e-5,8.334786344561534e-5,0,0,6.38555959270524e-4
"Proteus_mirabilis","T12",34,0,0,0,0,0,0
"Provencibacterium_massiliense","T0",34,5.88235294117647,1.2360594922219312e-5,7.152734372443332e-5,0,0,4.202602273554566e-4
"Provencibacterium_massiliense","T12",34,2.941176470588235,5.4553643144947175e-6,3.18099668866744e-5,0,0,1.854823866928204e-4
"Providencia_rettgeri","T0",34,5.88235294117647,7.418127617740926e-6,4.177485197181556e-5,0,0,2.522163390031915e-4
"Providencia_rettgeri","T12",34,0,0,0,0,0,0
"Pseudoflavonifractor_capillosus","T0",34,8.823529411764707,4.891340448928326e-5,1.9529627968203062e-4,0,0,0.0016630557526356308
"Pseudoflavonifractor_capillosus","T12",34,0,0,0,0,0,0
"Pseudoflavonifractor_phocaeensis","T0",34,14.705882352941178,1.1173705607938567e-4,5.677047152576675e-4,0,0,0.003799059906699113
"Pseudoflavonifractor_phocaeensis","T12",34,5.88235294117647,2.2918654776928163e-5,9.77072631637688e-5,0,0,7.792342624155576e-4
"Pseudomonas_aeruginosa","T0",34,2.941176470588235,4.916034773686778e-7,2.8665162278754302e-6,0,0,1.6714518230535043e-5
"Pseudomonas_aeruginosa","T12",34,0,0,0,0,0,0
"Pyramidobacter_piscolens","T0",34,5.88235294117647,2.931634856024076e-5,1.6832866648433287e-4,0,0,9.96755851048186e-4
"Pyramidobacter_piscolens","T12",34,0,0,0,0,0,0
"Raoultella_ornithinolytica","T0",34,8.823529411764707,1.8956991354425506e-4,0.0010646994857913146,0,0,0.006445377060504672
"Raoultella_ornithinolytica","T12",34,2.941176470588235,5.500049500445504e-7,3.207052405636566e-6,0,0,1.8700168301514713e-5
"Raoultibacter_massiliensis","T0",34,2.941176470588235,9.886977170280622e-7,5.765048826534002e-6,0,0,3.3615722378954115e-5
"Raoultibacter_massiliensis","T12",34,2.941176470588235,3.0199378590169055e-5,1.7609112381349685e-4,0,0,0.0010267788720657478
"Raoultibacter_timonensis","T0",34,2.941176470588235,2.4459501440446034e-6,1.4262217627114018e-5,0,0,8.316230489751652e-5
"Raoultibacter_timonensis","T12",34,2.941176470588235,1.2415241677664206e-5,7.239267698533846e-5,0,0,4.22118217040583e-4
"Romboutsia_timonensis","T0",34,55.88235294117647,0.001599896569634893,0.004349867316232207,2.4193660950468547e-5,8.362735935210798e-4,0.05439648336758636
"Romboutsia_timonensis","T12",34,70.58823529411765,0.005437441664493848,0.008106973905946366,6.128649410952021e-4,0.010907720625353532,0.18487301659279085
"Roseburia_faecis","T0",34,41.17647058823529,0.0031786529153577095,0.008794502034343898,0,0.0018218170705878646,0.10807419912216212
"Roseburia_faecis","T12",34,55.88235294117647,9.224960572603851e-4,0.0018392365111580173,4.7758416802250326e-5,5.914038024033776e-4,0.031364865946853095
"Roseburia_hominis","T0",34,23.52941176470588,6.336870616368857e-4,0.00217523393954134,0,0,0.021545360095654113
"Roseburia_hominis","T12",34,41.17647058823529,6.643726818640682e-4,0.001595736311763669,0,6.192302128445185e-4,0.02258867118337832
"Roseburia_intestinalis","T0",34,26.47058823529412,2.0514200242177573e-4,6.606085293022651e-4,0,1.66466087167167e-5,0.006974828082340376
"Roseburia_intestinalis","T12",34,35.294117647058826,0.0012416997528394234,0.005778714995389959,0,1.7277480899007228e-4,0.0422177915965404
"Roseburia_inulinivorans","T0",34,17.647058823529413,3.2505811367835317e-4,0.00112474779526607,0,0,0.011051975865064009
"Roseburia_inulinivorans","T12",34,26.47058823529412,9.671913546494617e-4,0.003148994088259777,0,1.6535350661460064e-4,0.03288450605808169
"Roseburia_lenta","T0",34,11.76470588235294,0.0038704780813750878,0.02065480842814746,0,0,0.131596254766753
"Roseburia_lenta","T12",34,14.705882352941178,0.0021590900990678796,0.009787028179096442,0,0,0.07340906336830791
"Roseburia_sp_AF02_12","T0",34,17.647058823529413,1.144564248675384e-4,4.5443452747768467e-4,0,0,0.0038915184454963053
"Roseburia_sp_AF02_12","T12",34,17.647058823529413,1.3503962947049655e-4,4.062616044804465e-4,0,0,0.004591347401996884
"Rothia_SGB49305","T0",34,38.23529411764706,4.031303188546715e-4,8.964629504724146e-4,0,2.4705456380493706e-4,0.01370643084105883
"Rothia_SGB49305","T12",34,11.76470588235294,2.521093220640409e-4,0.0010451724218503969,0,0,0.00857171695017739
"Rothia_aeria","T0",34,5.88235294117647,1.2946924005339538e-5,5.2727843217769404e-5,0,0,4.401954161815443e-4
"Rothia_aeria","T12",34,0,0,0,0,0,0
"Rothia_mucilaginosa","T0",34,61.76470588235294,5.024826891706173e-4,8.94823303233558e-4,5.247937560212378e-5,5.340395869433962e-4,0.017084411431800988
"Rothia_mucilaginosa","T12",34,29.411764705882355,1.5898304589911547e-4,5.410082963587337e-4,0,1.90608049014219e-5,0.005405423560569926
"Rubneribacter_badeniensis","T0",34,11.76470588235294,3.680874174509205e-4,0.001496243816702147,0,0,0.012514972193331298
"Rubneribacter_badeniensis","T12",34,11.76470588235294,2.1267744166313102e-4,0.0010733557031235284,0,0,0.007231033016546454
"Ruminococcus_SGB4421","T0",34,0,0,0,0,0,0
"Ruminococcus_SGB4421","T12",34,5.88235294117647,1.4725485790847994e-4,6.841165016739272e-4,0,0,0.005006665168888319
"Ruminococcus_bicirculans","T0",34,20.588235294117645,0.0044029224931791695,0.015441728573377254,0,0,0.14969936476809176
"Ruminococcus_bicirculans","T12",34,23.52941176470588,0.001939719887544863,0.008795083852358833,0,0,0.06595047617652534
"Ruminococcus_bovis","T0",34,0,0,0,0,0,0
"Ruminococcus_bovis","T12",34,5.88235294117647,1.607665763815405e-4,8.659141005677072e-4,0,0,0.005466063596972376
"Ruminococcus_bromii","T0",34,35.294117647058826,0.0263792015686548,0.06799834441884846,0,0.004766956766489063,0.8968928533342632
"Ruminococcus_bromii","T12",34,64.70588235294117,0.05245766445860982,0.1409956084080308,0.005114416688436957,0.019084703915630795,1.783560591592734
"Ruminococcus_callidus","T0",34,8.823529411764707,3.5311302681015794e-4,0.0014409115862555565,0,0,0.01200584291154537
"Ruminococcus_callidus","T12",34,14.705882352941178,5.832130328997228e-4,0.002062038636525749,0,0,0.019829243118590575
"Ruminococcus_gnavus","T0",34,94.11764705882352,0.028760238892967076,0.053934055342842464,0.011094750872819584,0.02170773598047965,0.9778481223608806
"Ruminococcus_gnavus","T12",34,94.11764705882352,0.020752017117088215,0.054591534465410416,0.004079122514909767,0.0160406956657877,0.7055685819809994
"Ruminococcus_lactaris","T0",34,11.76470588235294,1.7859853832727338e-4,7.02008815137021e-4,0,0,0.006072350303127296
"Ruminococcus_lactaris","T12",34,11.76470588235294,9.329888890408087e-4,0.004395913201433462,0,0,0.031721622227387496
"Ruminococcus_sp_AF13_28","T0",34,5.88235294117647,1.7654643371126864e-4,0.0010205590321544097,0,0,0.006002578746183134
"Ruminococcus_sp_AF13_28","T12",34,5.88235294117647,1.7029490627676905e-4,8.700449794283914e-4,0,0,0.005790026813410148
"Ruminococcus_sp_AF41_9","T0",34,5.88235294117647,3.676284855249993e-5,1.8642163644426598e-4,0,0,0.0012499368507849977
"Ruminococcus_sp_AF41_9","T12",34,29.411764705882355,0.0016673980349636692,0.004985996317990216,0,2.9118255417581997e-5,0.05669153318876475
"Ruminococcus_torques","T0",34,82.35294117647058,0.012091407982196949,0.017189691964420866,0.0038571835343210277,0.013912696580455044,0.4111078713946963
"Ruminococcus_torques","T12",34,67.64705882352942,0.002911164575184497,0.006710791161518956,4.417257561724364e-4,0.003191827174615602,0.09897959555627289
"Ruthenibacterium_lactatiformans","T0",34,67.64705882352942,0.011048787739390832,0.03402436365056469,6.596293489118937e-4,0.0036411085035285523,0.3756587831392883
"Ruthenibacterium_lactatiformans","T12",34,50,0.0013981460962323394,0.00365597327364156,1.4271810779728873e-5,0.0012670448123546652,0.04753696727189954
"SR1_bacterium_human_oral_taxon_HOT_345","T0",34,0,0,0,0,0,0
"SR1_bacterium_human_oral_taxon_HOT_345","T12",34,0,0,0,0,0,0
"Scardovia_wiggsiae","T0",34,32.35294117647059,5.998363343669003e-5,1.3537110174028806e-4,0,2.1377202280891018e-5,0.0020394435368474607
"Scardovia_wiggsiae","T12",34,17.647058823529413,5.7649596793969586e-5,1.6029472833676165e-4,0,0,0.0019600862909949657
"Schaalia_SGB17153","T0",34,8.823529411764707,6.709638218287929e-5,3.076517093262129e-4,0,0,0.002281276994217896
"Schaalia_SGB17153","T12",34,2.941176470588235,1.1720717307899244e-4,6.83429387954412e-4,0,0,0.003985043884685743
"Schaalia_SGB17154","T0",34,8.823529411764707,2.2057169877256374e-4,0.0011769397218916414,0,0,0.007499437758267167
"Schaalia_SGB17154","T12",34,8.823529411764707,1.439313501776077e-4,7.466886911927506e-4,0,0,0.004893665906038662
"Schaalia_SGB17157","T0",34,32.35294117647059,2.7026131482294787e-4,5.981840763298856e-4,0,1.5452311955758066e-4,0.009188884703980228
"Schaalia_SGB17157","T12",34,26.47058823529412,4.3425551942276895e-5,1.271425657252069e-4,0,7.805654416058994e-6,0.0014764687660374144
"Schaalia_SGB17158","T0",34,17.647058823529413,2.283522302812879e-5,5.9443201974182265e-5,0,0,7.763975829563789e-4
"Schaalia_SGB17158","T12",34,11.76470588235294,2.473967343782442e-5,7.684698458625916e-5,0,0,8.411488968860303e-4
"Schaalia_SGB17168","T0",34,20.588235294117645,5.211352542475223e-4,0.001637284739610242,0,0,0.01771859864441576
"Schaalia_SGB17168","T12",34,23.52941176470588,1.754428067627302e-4,7.72604002962465e-4,0,0,0.0059650554299328275
"Schaalia_georgiae","T0",34,2.941176470588235,7.505087698951119e-7,4.376180533917918e-6,0,0,2.5517298176433803e-5
"Schaalia_georgiae","T12",34,0,0,0,0,0,0
"Schaalia_meyeri","T0",34,26.47058823529412,1.2509403506745238e-4,3.0786907307231014e-4,0,4.124999175000165e-6,0.004253197192293381
"Schaalia_meyeri","T12",34,2.941176470588235,1.1068130673578813e-5,6.453773752349977e-5,0,0,3.7631644290167965e-4
"Schaalia_odontolytica","T0",34,35.294117647058826,0.0011170365849830699,0.002787259368645101,0,2.583991103155837e-4,0.03797924388942438
"Schaalia_odontolytica","T12",34,20.588235294117645,8.517921787339443e-5,2.213821495537693e-4,0,0,0.0028960934076954106
"Schaalia_turicensis","T0",34,5.88235294117647,9.27204758379378e-6,4.6002150024375224e-5,0,0,3.1524961784898853e-4
"Schaalia_turicensis","T12",34,5.88235294117647,1.9355006614465207e-6,1.035698745993285e-5,0,0,6.58070224891817e-5
"Segatella_brunsvicensis","T0",34,2.941176470588235,9.481965039599078e-7,5.528888201450713e-6,0,0,3.2238681134636864e-5
"Segatella_brunsvicensis","T12",34,2.941176470588235,1.4747191548253346e-5,8.599016450193445e-5,0,0,5.014045126406138e-4
"Segatella_hominis","T0",34,2.941176470588235,3.971330060894513e-6,2.3156634543628965e-5,0,0,1.3502522207041345e-4
"Segatella_hominis","T12",34,2.941176470588235,1.2664708415294624e-5,7.384730553182541e-5,0,0,4.306000861200172e-4
"Selenomonas_SGB5880","T0",34,0,0,0,0,0,0
"Selenomonas_SGB5880","T12",34,0,0,0,0,0,0
"Selenomonas_SGB5896","T0",34,0,0,0,0,0,0
"Selenomonas_SGB5896","T12",34,0,0,0,0,0,0
"Selenomonas_SGB5897","T0",34,0,0,0,0,0,0
"Selenomonas_SGB5897","T12",34,0,0,0,0,0,0
"Selenomonas_SGB69112","T0",34,0,0,0,0,0,0
"Selenomonas_SGB69112","T12",34,0,0,0,0,0,0
"Selenomonas_infelix","T0",34,0,0,0,0,0,0
"Selenomonas_infelix","T12",34,0,0,0,0,0,0
"Selenomonas_noxia","T0",34,0,0,0,0,0,0
"Selenomonas_noxia","T12",34,0,0,0,0,0,0
"Sellimonas_intestinalis","T0",34,55.88235294117647,0.003984661640912859,0.009363924806234616,1.1305047397169477e-4,0.0026627239086228867,0.1354784957910372
"Sellimonas_intestinalis","T12",34,44.11764705882353,0.0015785642443733457,0.00378466456157484,0,0.001298868717383534,0.053671184308693755
"Senegalimassilia_SGB14826","T0",34,5.88235294117647,3.1303765359294404e-4,0.001616991916178069,0,0,0.010643280222160097
"Senegalimassilia_SGB14826","T12",34,2.941176470588235,0.0013202513876202165,0.0076983223303162375,0,0,0.04488854717908736
"Senegalimassilia_anaerobia","T0",34,8.823529411764707,9.032597120500037e-5,5.039047099979764e-4,0,0,0.0030710830209700127
"Senegalimassilia_anaerobia","T12",34,2.941176470588235,7.703892864447545e-5,4.4921028695635605e-4,0,0,0.0026193235739121654
"Serratia_marcescens","T0",34,0,0,0,0,0,0
"Serratia_marcescens","T12",34,0,0,0,0,0,0
"Shuttleworthia_satelles","T0",34,8.823529411764707,8.636836776402855e-5,4.374613865808405e-4,0,0,0.0029365245039769707
"Shuttleworthia_satelles","T12",34,0,0,0,0,0,0
"Simiaoa_sunii","T0",34,2.941176470588235,3.569187353994617e-6,2.0811759764832795e-5,0,0,1.2135237003581697e-4
"Simiaoa_sunii","T12",34,5.88235294117647,1.2850041792690869e-5,6.21888493153689e-5,0,0,4.3690142095148955e-4
"Slackia_exigua","T0",34,2.941176470588235,6.865756631337901e-5,4.003389663904642e-4,0,0,0.002334357254654886
"Slackia_exigua","T12",34,0,0,0,0,0,0
"Slackia_isoflavoniconvertens","T0",34,14.705882352941178,4.3000108762558025e-4,0.0015926406090429474,0,0,0.014620036979269729
"Slackia_isoflavoniconvertens","T12",34,11.76470588235294,6.81554888165308e-4,0.003815819643731104,0,0,0.023172866197620472
"Slackia_piriformis","T0",34,5.88235294117647,6.210350666570973e-4,0.003472645331932684,0,0,0.021115192266341308
"Slackia_piriformis","T12",34,2.941176470588235,2.7657463373788305e-4,0.0016126933846600541,0,0,0.009403537547088024
"Solobacterium_SGB6828","T0",34,2.941176470588235,1.1492987218908204e-5,6.701505560152562e-5,0,0,3.9076156544287893e-4
"Solobacterium_SGB6828","T12",34,0,0,0,0,0,0
"Solobacterium_SGB6829","T0",34,26.47058823529412,4.656237405123779e-5,1.2771288447544648e-4,0,2.1558776461500326e-5,0.0015831207177420849
"Solobacterium_SGB6829","T12",34,2.941176470588235,2.6262585902162535e-6,1.531358750297521e-5,0,0,8.929279206735262e-5
"Solobacterium_SGB6833","T0",34,2.941176470588235,5.843070526368321e-6,3.407066315744209e-5,0,0,1.9866439789652292e-4
"Solobacterium_SGB6833","T12",34,0,0,0,0,0,0
"Solobacterium_SGB6834","T0",34,2.941176470588235,4.017643481348341e-6,2.342668587038098e-5,0,0,1.365998783658436e-4
"Solobacterium_SGB6834","T12",34,2.941176470588235,6.267972749750111e-7,3.654824758199412e-6,0,0,2.1311107349150378e-5
"Solobacterium_moorei","T0",34,17.647058823529413,1.0751612343206252e-4,5.348838130569295e-4,0,0,0.0036555481966901258
"Solobacterium_moorei","T12",34,2.941176470588235,3.4780977962459927e-7,2.0280620935477836e-6,0,0,1.1825532507236375e-5
"Staphylococcus_aureus","T0",34,20.588235294117645,1.9743031436745813e-4,8.945175151442271e-4,0,0,0.006712630688493576
"Staphylococcus_aureus","T12",34,2.941176470588235,4.028880664648887e-6,2.349220934564002e-5,0,0,1.3698194259806215e-4
"Staphylococcus_xylosus","T0",34,5.88235294117647,1.6449184605211873e-5,8.783365885152172e-5,0,0,5.592722765772037e-4
"Staphylococcus_xylosus","T12",34,0,0,0,0,0,0
"Stenotrophomonas_maltophilia","T0",34,0,0,0,0,0,0
"Stenotrophomonas_maltophilia","T12",34,0,0,0,0,0,0
"Streptococcus_anginosus","T0",34,38.23529411764706,7.082153676194117e-4,0.0023415857198287554,0,1.0820311149935927e-4,0.024079322499059995
"Streptococcus_anginosus","T12",34,32.35294117647059,2.382855012509001e-4,5.420739309696776e-4,0,7.873352611171098e-5,0.008101707042530604
"Streptococcus_australis","T0",34,32.35294117647059,0.001423876074568261,0.004421526619641892,0,4.1814182980350447e-4,0.04841178653532087
"Streptococcus_australis","T12",34,50,6.276014709747172e-4,0.00230163979646115,3.353275815143814e-6,1.49869999241317e-4,0.021338450013140383
"Streptococcus_constellatus","T0",34,8.823529411764707,7.503984791635856e-5,2.787674247058524e-4,0,0,0.002551354829156191
"Streptococcus_constellatus","T12",34,2.941176470588235,1.3658170317483919e-5,7.96401340928527e-5,0,0,4.643777907944532e-4
"Streptococcus_cristatus","T0",34,8.823529411764707,1.535654115050942e-5,8.62948673948145e-5,0,0,5.221223991173203e-4
"Streptococcus_cristatus","T12",34,5.88235294117647,3.599399370082741e-6,1.6241366685585893e-5,0,0,1.223795785828132e-4
"Streptococcus_gordonii","T0",34,29.411764705882355,8.720177191008398e-5,2.407579672587169e-4,0,7.592949787128877e-6,0.002964860244942855
"Streptococcus_gordonii","T12",34,44.11764705882353,3.1385047430366726e-4,8.813390631181556e-4,0,2.0342504277751468e-4,0.010670916126324686
"Streptococcus_infantis","T0",34,14.705882352941178,1.4832875054045067e-5,5.620665025844856e-5,0,0,5.043177518375323e-4
"Streptococcus_infantis","T12",34,5.88235294117647,9.931217213628007e-6,5.2478199120631626e-5,0,0,3.376613852633522e-4
"Streptococcus_intermedius","T0",34,20.588235294117645,1.1115640759615094e-4,3.8060647142777114e-4,0,0,0.0037793178582691323
"Streptococcus_intermedius","T12",34,11.76470588235294,1.2891785444084807e-5,6.394441786733094e-5,0,0,4.3832070509888343e-4
"Streptococcus_lutetiensis","T0",34,5.88235294117647,3.572625676612221e-5,1.6214762512696624e-4,0,0,0.001214692730048155
"Streptococcus_lutetiensis","T12",34,8.823529411764707,0.0010351092718298778,0.005008852261686205,0,0,0.035193715242215845
"Streptococcus_mitis","T0",34,32.35294117647059,6.015897390706116e-4,0.001759269909903427,0,1.474929152472327e-4,0.020454051128400794
"Streptococcus_mitis","T12",34,32.35294117647059,2.0487218139449162e-4,7.324324056567014e-4,0,7.313407789958864e-5,0.006965654167412715
"Streptococcus_mutans","T0",34,14.705882352941178,1.825998399487486e-4,7.215724512616848e-4,0,0,0.006208394558257452
"Streptococcus_mutans","T12",34,23.52941176470588,0.0019341828183644118,0.005766297661202199,0,0,0.06576221582439
"Streptococcus_oralis","T0",34,32.35294117647059,1.7254185202718772e-4,6.264709394012193e-4,0,4.109662081045435e-5,0.005866422968924383
"Streptococcus_oralis","T12",34,14.705882352941178,3.173357294957222e-5,8.855022866986333e-5,0,0,0.0010789414802854554
"Streptococcus_parasanguinis","T0",34,76.47058823529412,0.00972413604901705,0.017245409668874175,8.173959464293166e-4,0.014025894013577634,0.3306206256665797
"Streptococcus_parasanguinis","T12",34,67.64705882352942,0.008425232466386717,0.02045552006023371,5.396362224167849e-4,0.008350778407251996,0.28645790385714837
"Streptococcus_pneumoniae","T0",34,0,0,0,0,0,0
"Streptococcus_pneumoniae","T12",34,0,0,0,0,0,0
"Streptococcus_pyogenes","T0",34,2.941176470588235,9.326472453529785e-6,5.4382212225131995e-5,0,0,3.171000634200127e-4
"Streptococcus_pyogenes","T12",34,0,0,0,0,0,0
"Streptococcus_rubneri","T0",34,8.823529411764707,1.387096458375067e-4,7.533391826667388e-4,0,0,0.004716127958475228
"Streptococcus_rubneri","T12",34,11.76470588235294,8.812775094040726e-5,3.674558184749196e-4,0,0,0.0029963435319738468
"Streptococcus_salivarius","T0",34,67.64705882352942,0.013401592736181763,0.025643194256965665,3.8339066309968286e-4,0.008849155817513017,0.45565415303018
"Streptococcus_salivarius","T12",34,82.35294117647058,0.015741256211293856,0.03252573042509063,0.0013213296406086854,0.010591722438734085,0.5352027111839911
"Streptococcus_sanguinis","T0",34,41.17647058823529,8.467139594476512e-4,0.0020683144195614666,0,2.108497274349439e-4,0.02878827462122014
"Streptococcus_sanguinis","T12",34,29.411764705882355,3.769715069985404e-5,8.742328538743733e-5,0,5.565711389706604e-5,0.0012817031237950373
"Streptococcus_sp_F0442","T0",34,8.823529411764707,8.0579951565101e-4,0.004308100102139785,0,0,0.027397183532134342
"Streptococcus_sp_F0442","T12",34,2.941176470588235,1.3215455628998824e-6,7.705868604115468e-6,0,0,4.4932549138596e-5
"Streptococcus_thermophilus","T0",34,91.17647058823529,0.033957633629380514,0.10787540624282849,0.005808320253197309,0.01756492880995732,1.1545595433989375
"Streptococcus_thermophilus","T12",34,58.82352941176471,0.010267542690367825,0.02888120501183805,2.528412415006409e-4,0.003772931637816824,0.34909645147250606
"Streptococcus_vestibularis","T0",34,20.588235294117645,4.3861523787040946e-4,0.001202540790403382,0,0,0.014912918087593922
"Streptococcus_vestibularis","T12",34,23.52941176470588,3.589584384250907e-4,0.0013259650773008844,0,0,0.012204586906453084
"Sutterella_wadsworthensis","T0",34,11.76470588235294,1.6089276681315467e-5,5.434975196991523e-5,0,0,5.47035407164726e-4
"Sutterella_wadsworthensis","T12",34,2.941176470588235,1.0155805649179657e-4,5.921801419376473e-4,0,0,0.0034529739207210834
"TM7_phylum_sp_oral_taxon_348","T0",34,0,0,0,0,0,0
"TM7_phylum_sp_oral_taxon_348","T12",34,0,0,0,0,0,0
"TM7_phylum_sp_oral_taxon_349","T0",34,0,0,0,0,0,0
"TM7_phylum_sp_oral_taxon_349","T12",34,0,0,0,0,0,0
"TM7_phylum_sp_oral_taxon_351","T0",34,0,0,0,0,0,0
"TM7_phylum_sp_oral_taxon_351","T12",34,0,0,0,0,0,0
"TM7_phylum_sp_oral_taxon_352","T0",34,17.647058823529413,1.7418674983125015e-5,5.3760523261506777e-5,0,0,5.922349494262505e-4
"TM7_phylum_sp_oral_taxon_352","T12",34,5.88235294117647,8.006935044962335e-6,3.422873895187687e-5,0,0,2.7223579152871937e-4
"Tannerella_forsythia","T0",34,0,0,0,0,0,0
"Tannerella_forsythia","T12",34,0,0,0,0,0,0
"Tannerella_serpentiformis","T0",34,0,0,0,0,0,0
"Tannerella_serpentiformis","T12",34,0,0,0,0,0,0
"Terrisporobacter_mayombei","T0",34,8.823529411764707,4.5560444635301774e-5,2.3221826933857585e-4,0,0,0.0015490551176002602
"Terrisporobacter_mayombei","T12",34,5.88235294117647,3.28964056509862e-5,1.3384395532453758e-4,0,0,0.001118477792133531
"Thermophilibacter_provencensis","T0",34,2.941176470588235,5.584644074364569e-6,3.256379094745266e-5,0,0,1.8987789852839535e-4
"Thermophilibacter_provencensis","T12",34,2.941176470588235,2.9601262015650734e-6,1.7260353483997086e-5,0,0,1.006442908532125e-4
"Tractidigestivibacter_SGB14390","T0",34,2.941176470588235,1.0472697461493636e-4,6.106579510723789e-4,0,0,0.0035607171369078363
"Tractidigestivibacter_SGB14390","T12",34,2.941176470588235,2.466492786670374e-5,1.4382000788057883e-4,0,0,8.386075474679272e-4
"Treponema_SGB3588","T0",34,0,0,0,0,0,0
"Treponema_SGB3588","T12",34,0,0,0,0,0,0
"Treponema_SGB3604","T0",34,0,0,0,0,0,0
"Treponema_SGB3604","T12",34,0,0,0,0,0,0
"Treponema_SGB69454","T0",34,0,0,0,0,0,0
"Treponema_SGB69454","T12",34,0,0,0,0,0,0
"Treponema_denticola","T0",34,0,0,0,0,0,0
"Treponema_denticola","T12",34,0,0,0,0,0,0
"Treponema_maltophilum","T0",34,0,0,0,0,0,0
"Treponema_maltophilum","T12",34,0,0,0,0,0,0
"Treponema_sp_Marseille_Q4130","T0",34,0,0,0,0,0,0
"Treponema_sp_Marseille_Q4130","T12",34,0,0,0,0,0,0
"Treponema_vincentii","T0",34,0,0,0,0,0,0
"Treponema_vincentii","T12",34,0,0,0,0,0,0
"Turicibacter_bilis","T0",34,29.411764705882355,2.3199639322270743e-4,5.733568049589995e-4,0,5.677918796138815e-5,0.007887877369572053
"Turicibacter_bilis","T12",34,38.23529411764706,0.0012617452953385421,0.0033759070739659133,0,2.2523864069090197e-4,0.04289934004151043
"Turicibacter_sanguinis","T0",34,5.88235294117647,8.885372203264998e-6,3.993959832639508e-5,0,0,3.021026549110099e-4
"Turicibacter_sanguinis","T12",34,5.88235294117647,6.805558737809702e-6,2.9375329924325347e-5,0,0,2.3138899708552985e-4
"Tyzzerella_SGB4587","T0",34,2.941176470588235,0.0010614577975350667,0.006189309355835416,0,0,0.03608956511619227
"Tyzzerella_SGB4587","T12",34,2.941176470588235,1.1884977713076955e-4,6.930073331626024e-4,0,0,0.004040892422446165
"Tyzzerella_nexilis","T0",34,20.588235294117645,0.001588995366610424,0.0047832628747480335,0,0,0.05402584246475441
"Tyzzerella_nexilis","T12",34,17.647058823529413,6.500752131148612e-4,0.002300745846020258,0,0,0.02210255724590528
"UNCLASSIFIED","T0",34,100,0.18938414029141878,0.08356738384145712,0.18284098081939498,0.07118141636718081,6.439060769908239
"UNCLASSIFIED","T12",34,100,0.14662737734166392,0.07259865995868915,0.14012676055170117,0.07030211000765653,4.985330829616573
"Veillonella_atypica","T0",34,26.47058823529412,0.002347555846712954,0.007295762525689865,0,9.76225749050508e-7,0.07981689878824043
"Veillonella_atypica","T12",34,38.23529411764706,7.583422310700989e-4,0.0017977809171507478,0,1.377471747908214e-4,0.025783635856383363
"Veillonella_dispar","T0",34,38.23529411764706,7.845013088333862e-4,0.0021210742620834167,0,2.817981322931483e-4,0.02667304450033513
"Veillonella_dispar","T12",34,41.17647058823529,0.0011723655759520453,0.004442329131869346,0,2.190242954870377e-4,0.039860429582369544
"Veillonella_parvula","T0",34,47.05882352941176,0.009616017708181546,0.02906114619122961,0,0.0011024175850384925,0.32694460207817255
"Veillonella_parvula","T12",34,55.88235294117647,0.009023923598065768,0.040721954504342024,9.715556879071283e-5,0.0032795831090524524,0.3068134023342361
"Veillonella_ratti","T0",34,5.88235294117647,0.001776428347140571,0.010338266874662978,0,0,0.060398563802779415
"Veillonella_ratti","T12",34,0,0,0,0,0,0
"Veillonella_rogosae","T0",34,23.52941176470588,3.870671786895459e-4,0.0012287389744978037,0,0,0.01316028407544456
"Veillonella_rogosae","T12",34,32.35294117647059,4.1700577348390396e-4,0.0012395789302036492,0,5.4947835618823316e-5,0.014178196298452735
"Veillonella_sp_3627","T0",34,0,0,0,0,0,0
"Veillonella_sp_3627","T12",34,0,0,0,0,0,0
"Veillonella_tobetsuensis","T0",34,8.823529411764707,9.149120654623747e-6,3.759583284924615e-5,0,0,3.1107010225720736e-4
"Veillonella_tobetsuensis","T12",34,11.76470588235294,5.13206725441738e-5,1.9426157214316064e-4,0,0,0.001744902866501909
"Vescimonas_coprocola","T0",34,35.294117647058826,0.009630984812099437,0.02814085508374222,0,1.809507237661863e-4,0.3274534836113808
"Vescimonas_coprocola","T12",34,29.411764705882355,0.0033509456103594645,0.011562066603365789,0,1.3622502724500545e-4,0.1139321507522218
"Wansuia_hejianensis","T0",34,35.294117647058826,4.8086285511553196e-4,0.0015382805944599645,0,9.34103097558809e-5,0.016349337073928088
"Wansuia_hejianensis","T12",34,47.05882352941176,3.732160076133987e-4,9.408007897152782e-4,0,2.699043620992415e-4,0.012689344258855555
"Wujia_chipingensis","T0",34,2.941176470588235,3.667882734283137e-6,2.138724777953862e-5,0,0,1.2470801296562666e-4
"Wujia_chipingensis","T12",34,11.76470588235294,2.845460769587373e-4,0.0011653098000764823,0,0,0.009674566616597068
"Zhenpiania_hominis","T0",34,17.647058823529413,1.8980549455532904e-4,6.938903573012216e-4,0,0,0.006453386814881187
"Zhenpiania_hominis","T12",34,23.52941176470588,1.4299246702246306e-4,3.275417772778845e-4,0,0,0.004861743878763745
"bacterium_210917_SL_2_15","T0",34,14.705882352941178,1.83675176643254e-5,5.416171074714877e-5,0,0,6.244956005870636e-4
"bacterium_210917_SL_2_15","T12",34,2.941176470588235,4.7352941176470586e-7,2.7611272207943917e-6,0,0,1.61e-5
