taxon,lfc_(Intercept),lfc_ppFEV1,lfc_Age,lfc_Sexmale,se_(Intercept),se_ppFEV1,se_Age,se_Sexmale,W_(Intercept),W_ppFEV1,W_Age,W_Sexmale,p_(Intercept),p_ppFEV1,p_Age,p_Sexmale,q_(Intercept),q_ppFEV1,q_Age,q_Sexmale,diff_(Intercept),diff_ppFEV1,diff_Age,diff_Sexmale,passed_ss_(Intercept),passed_ss_ppFEV1,passed_ss_Age,passed_ss_Sexmale
Cutibacterium_acnes,0.27488413713135246,0.0010494525676318068,-0.020781911755280824,-0.5060842366204592,2.2174488135565715,0.020700605912535433,0.026202335647845777,0.24343752324338683,0.12396414088605956,0.05069670772275808,-0.7931320335173787,-2.078908090575997,0.9040681086623965,0.9606745317116347,0.44810432760345853,0.06738433024999271,1,1,0.8449417338582412,0.14024706133331818,FALSE,FALSE,FALSE,FALSE,TRUE,TRUE,TRUE,TRUE
Staphylococcus_aureus,5.0615547617576935,-0.040766866027810884,-0.1339355416931046,0.7924746624799176,2.312870241356962,0.021517715344518885,0.027039750867804937,0.27808183823266097,2.1884300602994817,-1.89457223385917,-4.953283125569617,2.8497893552360756,0.11642542560490468,0.15445599683839722,0.01579333601770895,0.06512029853794651,0.4807243379815419,0.5290245786524719,0.22461633447408283,0.13884583211049165,FALSE,FALSE,FALSE,FALSE,TRUE,TRUE,TRUE,TRUE
Streptococcus_mitis,0.5266753051389701,-0.024743016219341964,-0.018770713683768335,1.5760951151706548,2.269928977560204,0.021433606712389586,0.02658206324928269,0.2973977105152597,0.23202281231946667,-1.1544028287614045,-0.7061420894134265,5.299620876166039,0.8231574490757255,0.2862192484479563,0.5029178815238342,0.0011238305629994098,1,0.6520254304239822,0.8780968930293711,0.010777050719328466,FALSE,FALSE,FALSE,TRUE,TRUE,TRUE,TRUE,TRUE
Streptococcus_sanguinis,-7.076916976390343,0.061227157576695605,0.032219836190894004,1.7914923585078584,2.4896865076358634,0.023831118787186623,0.030537592546267242,0.4247608048635119,-2.8424932033352204,2.569210372515782,1.0550876314849642,4.217649881993037,0.017473538683693203,0.027928468512883574,0.3162093382296589,0.0017782309082216596,0.20612055812796007,0.23524499301754911,0.6652975404426112,0.013006488928706995,FALSE,FALSE,FALSE,TRUE,TRUE,TRUE,TRUE,FALSE
Actinomyces_sp_ICM47,-0.9537789305944344,0.011323160742107099,-0.04319208898174794,1.2255827594273725,2.2979208635813593,0.02138580785372154,0.0268322758736393,0.17593302328284066,-0.4150616958618624,0.5294707976222957,-1.6097065036581908,6.966189385929274,0.718385421736519,0.6493754884385723,0.24874786388993303,0.019990905587162926,1,1,0.5781084395503697,0.0687249907621857,FALSE,FALSE,FALSE,FALSE,TRUE,TRUE,TRUE,TRUE
Enterocloster_clostridioformis,3.970353244144031,-0.04195814245787354,-0.05738327278466906,0.15644308420137773,2.5473553561470474,0.024152622773495867,0.03300577313220403,0.6490223927832117,1.5586177384176627,-1.7372085363713272,-1.7385829004768771,0.24104420115691338,0.13477090087164095,0.09772746397151476,0.0974801385053704,0.81197474635198,0.5025486990919359,0.4313488064949617,0.4259401690373,1,FALSE,FALSE,FALSE,FALSE,TRUE,TRUE,TRUE,TRUE
Ruminococcus_gnavus,-1.3542324680127584,0.017238123699071635,-0.0036924827316804315,-0.38529356712835583,2.218818294084732,0.019928986154341403,0.027597977182278362,0.49474960838856896,-0.6103395089282797,0.8649774537234258,-0.13379541215257998,-0.7787647743335898,0.5465593208979973,0.3944017339231052,0.8945213938786705,0.442650451524249,0.9138462040998688,0.7717218956276845,1,0.626069146907225,FALSE,FALSE,FALSE,FALSE,TRUE,TRUE,TRUE,TRUE
Longicatena_caecimuris,2.9292085963457253,-0.028637497176432204,-0.18199738381711797,3.864631860988762,2.346566627809405,0.021758646217972417,0.027474263599955,0.3047713138846201,1.248295514660172,-1.3161433339900497,-6.624286148925791,12.680431802226076,0.33824125667571814,0.3187307323178795,0.022038278007908557,0.006161740557069931,0.7662810770706535,0.6914836226557386,0.25416244170237423,0.030929521227645144,FALSE,FALSE,FALSE,TRUE,TRUE,TRUE,TRUE,FALSE
Clostridium_symbiosum,4.9431036433557285,-0.060353270682664745,-0.0522018597986119,0.4458783384733615,2.2686443045263247,0.0198881613493495,0.029888222306855068,0.4969090324550199,2.178879974041506,-3.0346329971140733,-1.7465695772290561,0.8973037504882191,0.042134464528817986,0.00681767657422046,0.09685918640036138,0.3807864486173609,0.3125583770417656,0.10266618841179045,0.4259401690373,0.5602375335979562,FALSE,FALSE,FALSE,FALSE,FALSE,TRUE,TRUE,TRUE
Eisenbergiella_massiliensis,10.409531704382792,-0.10304899645646205,-0.1263947611576944,-2.3818098809474693,2.353539836839578,0.02196118482368899,0.027478089923444228,0.232804203778504,4.422925646485382,-4.692324083776465,-4.5998379621668954,-10.230957355106806,0.1415563144856634,0.13367283661150509,0.1362799188760248,0.06202781948199027,0.5025486990919359,0.5184885783718985,0.4416159396488905,0.13571898963580778,FALSE,FALSE,FALSE,FALSE,TRUE,TRUE,TRUE,TRUE
Streptococcus_thermophilus,-5.39949860938796,0.040325757220966436,0.057698336427752905,0.5801148865410459,3.1527111464059705,0.02977857392093072,0.036742108432138,0.7201401641623939,-1.7126524945183397,1.354186984509098,1.5703599736068679,0.8055583001897783,0.09823967350073892,0.18690290259912604,0.12797793893596782,0.42753541175347676,0.4663064788658991,0.5563621286671658,0.4374120342335666,0.6148823899375845,FALSE,FALSE,FALSE,FALSE,TRUE,TRUE,TRUE,FALSE
Eggerthella_lenta,1.2091368230168915,-0.022004162725607738,-0.01053516266497046,0.23910767965634014,2.192300501884365,0.020002782096203382,0.028586808646781346,0.574521884671702,0.5515379036667614,-1.1000551133226726,-0.36853231135881404,0.416185503173605,0.5873750029919017,0.2843731909616589,0.7163485140221819,0.6817063948893796,0.9576138187529962,0.6520254304239822,1,0.881398167129703,FALSE,FALSE,FALSE,FALSE,TRUE,TRUE,TRUE,TRUE
Lancefieldella_parvula,NA,NA,NA,NA,NA,NA,NA,NA,NA,NA,NA,NA,1,1,1,1,1,1,1,1,FALSE,FALSE,FALSE,FALSE,TRUE,TRUE,TRUE,FALSE
Erysipelatoclostridium_ramosum,-2.137416013098646,0.014042793082275235,0.02554497477268129,-0.3686211362952336,2.17718374679774,0.019877497304764485,0.026751049026738128,0.4774379035790917,-0.981734323638239,0.7064668588288167,0.9549148800538122,-0.7720818425430446,0.33740673898067,0.487662931138224,0.3504847738543875,0.44866819204761554,0.7662810770706535,0.8527637689570043,0.700969547708775,0.6310937206823604,FALSE,FALSE,FALSE,FALSE,TRUE,TRUE,TRUE,TRUE
Ruminococcus_torques,-0.2071780626373257,-0.009622720808959977,0.007446531747605113,0.37463560899379594,2.831488335711159,0.025053273942545598,0.03479391868510417,0.6295283890635668,-0.07316931524116298,-0.384090352064471,0.21401819711652922,0.5951051858853772,0.9422777872971294,0.7042934466105293,0.8323407325805869,0.5573432162841786,1,1,1,0.7470149914594226,FALSE,FALSE,FALSE,FALSE,TRUE,TRUE,TRUE,TRUE
Hungatella_hathewayi,1.5646239655844567,-0.01772255382661975,-0.03340512530019132,0.3481233219074276,2.367325806730535,0.02149336461594943,0.029150016994888162,0.3616336594564148,0.660924643805293,-0.8245593067112674,-1.1459727555578902,0.9626408184202349,0.5222620757888489,0.4271403062368111,0.2761250837716069,0.35641240487818715,0.9033722392023332,0.7884818629950077,0.60417112346608,0.5274079517272595,FALSE,FALSE,FALSE,FALSE,TRUE,TRUE,TRUE,TRUE
Enterocloster_lavalensis,-3.3913131929902662,0.028068923888572992,0.0011947121492937617,1.8594372898063718,2.375567305848544,0.02196767022673013,0.028663977087233054,0.2821914103615994,-1.4275803445522253,1.27773785744557,0.04167991572341463,6.5892767161966175,0.22659019775147474,0.2704583774582167,0.968751371642877,0.002747226544694305,0.6000344548891425,0.6520254304239822,1,0.016636168320023688,FALSE,FALSE,FALSE,TRUE,TRUE,TRUE,TRUE,FALSE
Flavonifractor_plautii,0.5693448038461709,-0.009899131472811523,-0.005529689861483488,-0.6449730051070232,2.468205943679975,0.023101855112570204,0.030384716537516843,0.4983367435730718,0.23067151479155162,-0.42849941810193404,-0.18198918705250478,-1.2942513539791791,0.8199132185567989,0.6728670943831727,0.8574231171074167,0.21032421539981494,1,1,1,0.34294903912326513,FALSE,FALSE,FALSE,FALSE,TRUE,TRUE,TRUE,FALSE
Faecalimonas_umbilicata,-3.916153546421765,0.020874602827800307,0.04774460347844286,0.8414918712652318,2.318337963012222,0.02243686434893509,0.027496241850354573,0.4566816970235217,-1.689207358418743,0.9303707729904365,1.7364046962595063,1.8426222832002181,0.11500494515373567,0.36913460481866023,0.10611356878880919,0.08830086536807354,0.4807243379815419,0.7440823530202915,0.4259401690373,0.16869419055393153,FALSE,FALSE,FALSE,FALSE,TRUE,TRUE,TRUE,TRUE
Blautia_hansenii,0.3311026511009571,-0.00842671871180455,0.01340235892760218,-1.6486814423549963,2.2161395457533546,0.02005107610279228,0.027401920068476197,0.4004652005193526,0.14940514541849487,-0.42026266663219436,0.48910291301158,-4.116915627667187,0.883364871251636,0.6806725616188649,0.6323423747776427,0.001046981192794616,1,1,1,0.010777050719328466,FALSE,FALSE,FALSE,TRUE,TRUE,TRUE,TRUE,FALSE
Enterocloster_aldenensis,0.192156628637159,-0.017763749811851047,0.030454747399042126,-1.1054095058064144,2.716526862746794,0.025650859930914968,0.03001951858005068,0.49787176116405435,0.07073614153141905,-0.6925206351636498,1.014498194494054,-2.220269539332578,0.9444843616454157,0.4985391385664424,0.32544164251130536,0.04119252079745972,1,0.8565504662618071,0.6652975404426112,0.10229564861915852,FALSE,FALSE,FALSE,FALSE,FALSE,FALSE,FALSE,TRUE
Oliverpabstia_intestinalis,-1.2842708375681555,0.0015067012033487743,0.045809112807145405,-0.8388548777685267,2.47453827963164,0.022781480890610616,0.029672602168303225,0.35780009228160536,-0.5189941283750649,0.06613710542275418,1.5438185214534192,-2.344479210218618,0.6197644229691706,0.9491179483915435,0.16654328354724143,0.05150426783462132,0.9647314547885226,1,0.4790458493044248,0.1187846177086762,FALSE,FALSE,FALSE,FALSE,TRUE,TRUE,TRUE,FALSE
Sellimonas_intestinalis,5.818490919159067,-0.05645063482936697,-0.07875530113848926,-0.1317695748704866,2.6161127703664264,0.023293411725013008,0.03290507854508641,0.4878236396735247,2.2240979001620405,-2.423459280924012,-2.3934086961858805,-0.2701172394160177,0.04191944703754333,0.02848669837321884,0.030211508973198645,0.790751021009579,0.3125583770417656,0.23524499301754911,0.26669469990133976,1,FALSE,FALSE,FALSE,FALSE,TRUE,TRUE,TRUE,FALSE
Schaalia_odontolytica,-6.501799382933733,0.04209870285461969,0.037690144052960006,2.255267173571855,2.337408171911304,0.0220492760756144,0.02764845173049838,0.3717312929888935,-2.7816277281246933,1.9093009090298043,1.3631918495958621,6.066928494070144,0.023864547953303932,0.09263094603128648,0.20994815216331184,3.002347983576961e-4,0.2426093695045339,0.41602670498261995,0.526928695625567,0.0040452688620826426,FALSE,FALSE,FALSE,TRUE,TRUE,TRUE,TRUE,TRUE
Blautia_producta,-0.760433387103701,0.023908300732663215,-0.047639801782916685,0.1782761349547714,2.4716316711611794,0.021893795145696796,0.03121390300366338,0.6323597677126989,-0.30766452622224544,1.092012626114407,-1.5262366188978513,0.2819220071504737,0.7615186256506962,0.2878081001480859,0.1426106551082103,0.7808998859158295,1,0.6520254304239822,0.4417069086454491,0.9945789591763798,FALSE,FALSE,FALSE,FALSE,TRUE,TRUE,TRUE,FALSE
Streptococcus_salivarius,-1.9233674514677628,-0.003263870998725832,-0.0031266629383773946,3.188121616784801,2.3615766989993543,0.022644429525703245,0.030780981437726753,0.5450457011895885,-0.8144420853587905,-0.1441357131572282,-0.10157775328583889,5.849273941298082,0.42548255352186537,0.8869111423593009,0.9201561560262723,1.2382450472495322e-5,0.8354865595747157,1,1,0.0010327020730855096,FALSE,FALSE,FALSE,TRUE,TRUE,TRUE,TRUE,FALSE
Clostridium_spiroforme,-4.663964240295545,0.05648710385117291,0.035409697641745404,-1.8872024310891027,2.435470315816255,0.022409376057823747,0.0284949257318824,0.3791870633001852,-1.9150158431442035,2.520690612064215,1.242666781269277,-4.976969453188043,0.1039822407049882,0.045244868402538545,0.26035141261193684,0.002509313206842905,0.4663064788658991,0.29699195669358636,0.5846089846591807,0.016059604523794593,FALSE,FALSE,FALSE,TRUE,TRUE,TRUE,TRUE,FALSE
GGB3433_SGB4574,-1.7882353047409238,0.03216130484794254,0.014454307946425982,-1.395470535428794,2.3687069427955807,0.02209042823948182,0.027573272925240522,0.2866618005523404,-0.7549415558475223,1.4558932266628144,0.5242144443866341,-4.868003105889934,0.5290746012571914,0.2827002517108668,0.6524339895366862,0.03970250502311025,0.9059371390798204,0.6520254304239822,1,0.1014236142269493,FALSE,FALSE,FALSE,FALSE,TRUE,TRUE,TRUE,TRUE
Clostridium_scindens,1.6633132386168972,-0.016879722166730126,-0.02972356924652801,-0.3816163107128103,2.403127268737563,0.022891111512713436,0.02985473771987386,0.48054274752422593,0.6921452976107616,-0.7373919854156203,-0.9956064436212235,-0.7941360319740787,0.4981918086244653,0.47094012417284403,0.3334024942102459,0.43806204256915837,0.89186785320184,0.8372268874183894,0.6720554214001807,0.6230215716539141,FALSE,FALSE,FALSE,FALSE,TRUE,TRUE,TRUE,TRUE
Fusicatenibacter_saccharivorans,-3.561307665959528,0.036893317487889245,0.01503494463080684,0.21565954961690828,2.9137428428188845,0.025082082114181545,0.033312990591629,0.7341485509200195,-1.2222450154572189,1.4709033053930385,0.4513237738128762,0.2937546486288753,0.23454904682684016,0.15547674920996163,0.6561737030016266,0.7716988386155104,0.601323757944879,0.5290245786524719,1,0.9877745134278533,FALSE,FALSE,FALSE,FALSE,TRUE,TRUE,TRUE,TRUE
Clostridia_bacterium,-0.24724070757105718,-0.004199765625147266,0.015133751598528679,-0.8980791461728679,2.2688435506175604,0.02101029615366332,0.026626278641211178,0.22471012374808597,-0.10897212701323558,-0.1998908342096359,0.5683765201459738,-3.996611862399535,0.9184724695588968,0.8513168779899565,0.6001683182065277,0.016175623642835407,1,1,0.967607396800064,0.05915656646522663,FALSE,FALSE,FALSE,FALSE,TRUE,TRUE,TRUE,TRUE
Clostridium_innocuum,-1.7064809681246391,0.011326432761706617,0.02111723768317701,-0.2964215868268717,2.3648453071098032,0.02192139974620315,0.02926862349505137,0.5847008987667699,-0.721603634281777,0.5166838291732894,0.7214974659381379,-0.5069627692587328,0.47849639543596334,0.6107756808089203,0.47856033551651855,0.6174631145912823,0.8696719453931023,0.959255056975973,0.8780968930293711,0.8147966872957128,FALSE,FALSE,FALSE,FALSE,TRUE,TRUE,TRUE,TRUE
Anaerostipes_hadrus,-0.06255598926798253,-0.009723524911556345,0.007137564370283939,0.3590444487554135,2.9074275297928835,0.02402376016838437,0.042483760590754406,0.7315968345595889,-0.021515923828525775,-0.40474616976707295,0.1680068871265898,0.4907681824123163,0.9830473166009077,0.6899602824031295,0.8682651701308266,0.6289319404629287,1,1,1,0.8256747526077423,FALSE,FALSE,FALSE,FALSE,TRUE,TRUE,TRUE,TRUE
Solobacterium_moorei,2.886875477416956,-0.030239210036152923,-0.0818547131241563,0.5531574343560772,2.3643868956548357,0.022063846370806973,0.027465865394122747,0.2025910909573359,1.2209826922667886,-1.3705321152055747,-2.9802342634968237,2.7304134241153175,0.3464977264944714,0.3040704884935025,0.09655835027377228,0.1120387221888529,0.7701823965416921,0.6793532038788943,0.4259401690373,0.2005728173450793,FALSE,FALSE,FALSE,FALSE,TRUE,FALSE,TRUE,TRUE
Gemella_sanguinis,-1.7370369664119965,-0.008621497138695713,0.04125872078542547,0.28935054181944486,2.343733327963925,0.022039584640056103,0.028658575267928126,0.3143635156381268,-0.7411410443700158,-0.39118237841136405,1.4396640586525666,0.9204329619233705,0.47979525933521905,0.7058746884775113,0.18792033509733586,0.3842615927624953,0.8696719453931023,1,0.48710430134261185,0.5621198156982788,FALSE,FALSE,FALSE,FALSE,TRUE,TRUE,TRUE,TRUE
Streptococcus_australis,-4.757462920178024,0.02552429808326188,0.00942350277912014,2.8632232378868014,2.2663378130075844,0.021145996943093555,0.02683244590479541,0.28377575926097964,-2.0991852551162915,1.207051062759106,0.3511980537501429,10.089738620886166,0.07396011894941162,0.2666132601916369,0.7357727100236255,2.0169962364951356e-5,0.4028466053414761,0.6520254304239822,1,0.0010327020730855096,FALSE,FALSE,FALSE,TRUE,TRUE,TRUE,TRUE,FALSE
Agathobaculum_butyriciproducens,-0.4377123398709046,-0.005992332515497798,0.015881836764733433,0.14254446030348586,2.1342627507269207,0.01982037656279909,0.02549646101707847,0.31670023665356273,-0.20508830963845553,-0.3023319207135963,0.6229035768570075,0.45009268641442396,0.8399387152019766,0.766066775772138,0.5416147473977428,0.6583303205091733,1,1,0.9243558355588145,0.8554952388342556,FALSE,FALSE,FALSE,FALSE,TRUE,TRUE,TRUE,TRUE
Schaalia_SGB17157,-0.516442150072087,0.005376179947890013,-0.045106242033571366,1.3783347544390736,2.2535971475296743,0.020729351622745647,0.027175751681484762,0.27060555186290264,-0.229163473444309,0.25935109046010413,-1.6597974018250583,5.093519866648492,0.8252934454988241,0.8028262209966737,0.14091549270327175,0.0014096361388644756,1,1,0.4417069086454491,0.011277089110915805,FALSE,FALSE,FALSE,TRUE,TRUE,TRUE,TRUE,TRUE
Turicibacter_bilis,-3.615005703309656,0.028704177256681025,0.0061791120016477805,0.9318971057658199,2.2973447747893743,0.021200008530033312,0.027303207222867876,0.32895572532314854,-1.5735581976985094,1.3539700805316572,0.2263145113762477,2.8328952318746663,0.16665354021264436,0.22451839433869347,0.8284696521677007,0.029844050377915644,0.5267074851165056,0.5987157182365159,1,0.08839783554606832,FALSE,FALSE,FALSE,FALSE,TRUE,TRUE,TRUE,TRUE
Alistipes_finegoldii,2.121668778951373,-0.03639699901366062,-0.010014489903328089,-0.3187653755647969,2.371846069254996,0.022013208550952287,0.027631790044446287,0.26061922481642025,0.8945221220101334,-1.6534163536140256,-0.3624263895759045,-1.2231076805225505,0.5354073722094712,0.3462877626045048,0.7786460794504976,0.4363230249741729,0.9077105118253287,0.7207290018435222,1,0.6230215716539141,FALSE,FALSE,FALSE,FALSE,TRUE,TRUE,TRUE,TRUE
Actinomyces_sp_ph3,-0.6036860148925974,0.006711846631623251,-0.020984603497031195,0.2911921436199909,2.3990628985778004,0.02288676739260861,0.03021857181450366,0.3892851691622022,-0.25163409231599193,0.293263199493646,-0.6944273748555998,0.7480175631829962,0.8052580089123297,0.7739501032734696,0.4996371609652027,0.46776648685602495,1,1,0.8780968930293711,0.6472876791088779,FALSE,FALSE,FALSE,FALSE,TRUE,TRUE,TRUE,TRUE
Veillonella_dispar,-3.3170825940928927,0.01344903093526186,0.06486701489219465,-0.34243702730386244,2.5119101217439948,0.02176652387378344,0.030976226517348698,0.5930180717729799,-1.3205419116627766,0.6178768375349297,2.094090281005174,-0.5774478782409767,0.21924700308053766,0.5519686043051115,0.06574568570452524,0.5777947230875097,0.6000344548891425,0.9125642208861398,0.4020409739756368,0.766401290727474,FALSE,FALSE,FALSE,FALSE,TRUE,TRUE,TRUE,TRUE
Ruthenibacterium_lactatiformans,-0.2969225844470464,0.002078807682710399,0.020836464579895058,-1.8069960912586265,2.1949675331207645,0.01980041077292274,0.028610870108130952,0.5131303559327036,-0.13527424892015935,0.10498810891101255,0.7282709159541961,-3.5215146996596935,0.8938178866857773,0.9174856711646824,0.47532852814090987,0.0022811714591918146,1,1,0.8780968930293711,0.015101571288769279,FALSE,FALSE,FALSE,TRUE,TRUE,TRUE,TRUE,FALSE
Roseburia_faecis,-0.2749168385095551,-0.013189517052143131,0.042034900412648755,-1.3262902748151757,2.35763876711507,0.021783030841893536,0.028694736611698544,0.3738588948073129,-0.11660685357916716,-0.6054950363829447,1.464899329151241,-3.5475691316606137,0.909480204231017,0.5583409502649095,0.1736679005222438,0.005289619516050713,1,0.9125642208861398,0.4849230479333076,0.0282113040856038,FALSE,FALSE,FALSE,TRUE,TRUE,TRUE,TRUE,FALSE
Actinomyces_oris,0.22213021991429593,0.01686207412044712,-0.06481260670364497,0.23642185765485346,2.2535165702692432,0.021011030291167642,0.026462560349197313,0.2682179700546502,0.09857048439087204,0.8025343777423133,-2.4492190418608124,0.8814542053490368,0.9239043842867463,0.44542846550349546,0.03998540144841721,0.4037765608280216,1,0.8030259659781327,0.3198832115873377,0.5839932179207544,FALSE,FALSE,FALSE,FALSE,TRUE,TRUE,TRUE,TRUE
Bacteroides_fragilis,1.9969930932694855,-0.017033028982546387,-0.025137309080999964,-1.2059689176021482,2.2742073076285214,0.020172672995390196,0.02904246584097266,0.5559529571484705,0.8781051254961857,-0.8443615274207205,-0.8655363225231598,-2.1691923787718737,0.39470721748921545,0.41266398533277404,0.401333680067812,0.04777605103034245,0.8011564122351342,0.7824125878925214,0.7964451325376735,0.11118790057970607,FALSE,FALSE,FALSE,FALSE,TRUE,TRUE,TRUE,TRUE
Romboutsia_timonensis,-3.1578580982779765,0.019027696579668546,-0.005071488507588203,2.011235474020668,2.508711313056575,0.023522116273252368,0.029990213679508014,0.5256833920018882,-1.2587570685566414,0.8089279195216569,-0.1691047807056305,3.825944484115344,0.22735680517283915,0.43120101882539486,0.8679735613580112,0.0016531970236442904,0.6000344548891425,0.7884818629950077,1,0.012824801153119344,FALSE,FALSE,FALSE,TRUE,TRUE,TRUE,TRUE,FALSE
Clostridiaceae_bacterium_AF18_31LB,-9.010423677388749,-0.0017315815106694814,0.14574067180743083,5.459254798810322,2.3353677972892264,0.021726719177814637,0.027258311852154247,0.1746752376433819,-3.8582460920492183,-0.07969825064235267,5.346650687610826,31.25374192967164,1,1,1,1,1,1,1,1,FALSE,FALSE,FALSE,FALSE,TRUE,TRUE,TRUE,TRUE
Blautia_massiliensis,-1.1740380703909885,0.02308031769490804,-0.02403080734760515,-0.13175773685319253,2.7118715998720506,0.02390126229096453,0.03586849327429884,0.62849048867784,-0.43292539014250564,0.9656526677937494,-0.6699698022951008,-0.209641576486499,0.6694828355136482,0.34520779413877434,0.5101776721278273,0.8359678870392488,1,0.7207290018435222,0.8780968930293711,1,FALSE,FALSE,FALSE,FALSE,TRUE,TRUE,TRUE,TRUE
Streptococcus_parasanguinis,-8.785111689378597,0.05866609495757323,0.10620915459500616,2.123365843663042,2.1842923965942442,0.021290231498269082,0.026364101943987226,0.5585178998126434,-4.021948573861436,2.7555404910624315,4.0285519613244,3.8017865575576564,5.717192475844296e-4,0.011541154488003344,5.625872670284141e-4,9.768428262995092e-4,0.048786709127204654,0.1477267774464428,0.072011170179637,0.010777050719328466,TRUE,FALSE,FALSE,TRUE,FALSE,TRUE,TRUE,FALSE
Abiotrophia_defectiva,NA,NA,NA,NA,NA,NA,NA,NA,NA,NA,NA,NA,1,1,1,1,1,1,1,1,FALSE,FALSE,FALSE,FALSE,TRUE,TRUE,TRUE,TRUE
Mogibacterium_diversum,-1.2160511599320762,0.012468173902407209,0.00955826355693917,-0.8201201391563109,2.280546645746348,0.021396957690246687,0.026751297023546356,0.23766976666216563,-0.5332279268219495,0.5827077887848766,0.35730093940963065,-3.450670864342902,0.616716417014035,0.585378771198138,0.7354526158225053,0.018224461817386656,0.9647314547885226,0.9307886051349273,1,0.06564789738098123,FALSE,FALSE,FALSE,FALSE,TRUE,TRUE,TRUE,TRUE
Escherichia_coli,3.1710607956815626,-0.01990090991787348,-0.07419054221362276,-0.4638028754449394,2.8947911759929292,0.02631490570265408,0.03492838607800773,0.6739171514122902,1.09543680455426,-0.7562599745841501,-2.1240758747893023,-0.6882194264873269,0.2895412626407678,0.46048417380519746,0.04960193374617789,0.5011717806250613,0.6992694644909109,0.8243632761827311,0.343191757811393,0.6824466800000835,FALSE,FALSE,FALSE,FALSE,TRUE,TRUE,FALSE,TRUE
Enterococcus_faecium,-2.09180031564245,0.014024344582461488,0.003794951799764515,0.4370238167361631,2.454330216718945,0.022379550893349483,0.029543256173261655,0.380770704941998,-0.8522896802529121,0.6266588927228693,0.12845408026482755,1.147734873150848,0.41399930346057623,0.5449223009448222,0.9003363134264987,0.27779422045792085,0.8215800130690505,0.911765418574343,1,0.4310019420438045,FALSE,FALSE,FALSE,FALSE,TRUE,TRUE,TRUE,TRUE
Actinomyces_SGB17132,-3.310027829505268,0.02037217227124563,-0.014925427584321018,2.4059014082820087,2.2245063174176054,0.020615795035569765,0.026565388132598147,0.2642705216914335,-1.4879831104942993,0.9881827131137171,-0.5618373618266906,9.103934078168498,0.17507428509082842,0.35200472735255006,0.5896163245462471,1.7029787119065523e-5,0.527282552744142,0.726719437114942,0.9675755069476876,0.0010327020730855096,FALSE,FALSE,FALSE,TRUE,TRUE,TRUE,TRUE,FALSE
bacterium_210917_SL_2_15,0.39735128310301066,6.302108473768881e-4,-0.059806016404377105,0.49527853275715256,2.3170912558333847,0.021556027212865703,0.027057305299869296,0.175735310964627,0.1714871100146187,0.029235945991047327,-2.2103463645607757,2.8183210877684397,0.8918795913268991,0.9813931188622924,0.2704760179764276,0.21706402915104694,1,1,0.5969125913962541,0.3514210506482538,FALSE,FALSE,FALSE,FALSE,TRUE,TRUE,TRUE,TRUE
Schaalia_SGB17158,-6.534351121373085,0.049206346886839426,0.04640111532536552,1.6442080423677892,2.3112073172018355,0.021549096459434848,0.026967677028446376,0.20042028378445603,-2.8272457744224275,2.283452903905648,1.7206196616942617,8.203800590044413,0.10564756161805526,0.14984275732443106,0.22746039598467263,0.014535161805499013,0.4663064788658991,0.5290245786524719,0.5486514909383593,0.05472060915011393,FALSE,FALSE,FALSE,FALSE,TRUE,TRUE,TRUE,TRUE
Clostridium_saudiense,-5.5122242815024505,0.05387735516159641,0.031753887647837493,0.004146420023185856,2.4365054797990293,0.023479011809029733,0.030158162258527212,0.4979406838052897,-2.262348403155291,2.2947028435360237,1.0529118908384112,0.008327136460308263,0.053525831542028675,0.05088989721768641,0.3231416640249094,0.993559892697561,0.3342100701160815,0.3139902818288884,0.6652975404426112,1,FALSE,FALSE,FALSE,FALSE,TRUE,TRUE,TRUE,TRUE
Clostridium_SGB6173,-2.3718079197648625,0.019834022459009067,-0.06429651135909636,1.7319415864707652,2.3154711131193455,0.021584365789119916,0.02731607672258973,0.2610529205766729,-1.0243306022374088,0.9189068908852004,-2.3537974362886716,6.634446313202932,0.3635818821625575,0.4101418058491692,0.0781904029266726,0.0026782975239877807,0.7805461400097118,0.7824125878925214,0.42567794937397413,0.016636168320023688,FALSE,FALSE,FALSE,TRUE,TRUE,TRUE,TRUE,FALSE
Bacteroides_xylanisolvens,-3.656764729248322,0.036166966298322945,0.06773639881717186,-2.0083456303481473,2.2457547409496534,0.02084437841059636,0.02656202838381903,0.24453057206464715,-1.6283010172793848,1.735094498185528,2.5501214680741513,-8.213065603172089,0.15458455420363632,0.13341210401433443,0.04348349627855008,1.7580171787427324e-4,0.5139434529367649,0.5184885783718985,0.3366117439374507,0.003584956918605657,FALSE,FALSE,FALSE,TRUE,TRUE,TRUE,TRUE,FALSE
Clostridium_perfringens,-1.5317884848317889,0.034612118231719134,0.04223094067064339,-2.885846811803525,2.2762274229230552,0.021186569833940377,0.02667966314681034,0.27732967011925125,-0.6729505450139588,1.6336820213469077,1.5828888257793563,-10.405835086316644,0.5308225424295823,0.16325367856853623,0.17429458447427087,1.4121434345637686e-4,0.9059371390798204,0.5290245786524719,0.4849230479333076,0.003286442902257498,FALSE,FALSE,FALSE,TRUE,TRUE,TRUE,TRUE,TRUE
Scardovia_wiggsiae,0.8338791169191923,-0.01525447320194013,-0.015152977642753898,-0.1817115222791426,2.257203384452225,0.02092545017664368,0.026331338495344796,0.24371433303827716,0.36943020848852615,-0.7289913991416389,-0.5754731247495392,-0.7455922678564968,0.722729336611303,0.4896729454557799,0.5829888992645121,0.48019556872033986,1,0.8527637689570043,0.9673280830617401,0.6609143311419732,FALSE,FALSE,FALSE,FALSE,TRUE,TRUE,TRUE,TRUE
Granulicatella_SGB8255,-6.038614509369205,0.0419245893962444,0.05082270957273904,1.3136720086471316,2.3014571503518213,0.021638722693529188,0.028724933493143725,0.3722314268349663,-2.623822263406507,1.9374798591407367,1.7692890249813726,3.5291808104896134,0.02763718068040498,0.08465091302694269,0.11063049966681968,0.006422197394376252,0.25268279479227407,0.40893460776619905,0.4357139679185514,0.031020425150194725,FALSE,FALSE,FALSE,TRUE,TRUE,TRUE,TRUE,TRUE
Roseburia_sp_AF02_12,-2.295461256768937,0.027170401025869734,0.049340829989902225,-2.5008798246112254,2.3603158179812525,0.021677432399697886,0.02877116607452932,0.27643937699350735,-0.9725229307373856,1.253395721637605,1.714940223906424,-9.046756839818674,0.4333718341605657,0.3367256051244848,0.22849155867026438,0.011998926122719768,0.8358583657599414,0.7124111976187447,0.5486514909383593,0.04911617550135179,FALSE,FALSE,FALSE,TRUE,TRUE,TRUE,TRUE,FALSE
Granulicatella_adiacens,1.8084048456523154,0.04775415166550464,-0.06406062858308197,-3.734105580877725,2.345865617117313,0.022009450093010995,0.027147615408858,0.22109726851852107,0.7708902131719508,2.169711258741024,-2.3597147527800773,-16.888972016245976,0.5819080236379104,0.2749393583575594,0.2551806783952804,0.037650448346024525,0.9576138187529962,0.6520254304239822,0.5781084395503697,0.09867356189548716,FALSE,FALSE,FALSE,FALSE,TRUE,TRUE,TRUE,TRUE
Blautia_SGB4793,-9.414235034996574,0.09828685410944803,-0.0933494589884767,3.5750352129177694,2.3251961447497833,0.02165078039965179,0.027127392440191425,0.1904956802803941,-4.048791778815567,4.539644867075036,-3.441151197789727,18.767014599258154,0.15415183877874203,0.13803116028018328,0.18004318861414806,0.03389022145717011,0.5139434529367649,0.5274026422645809,0.48710430134261185,0.09364464697496139,FALSE,FALSE,FALSE,FALSE,TRUE,TRUE,TRUE,TRUE
Actinomyces_naeslundii,-0.4469470753528194,0.01708309202863917,-0.09794741251301683,0.44326506783974984,2.300049447623601,0.022089605406807197,0.026983870890924654,0.39582032204412637,-0.19432063767785637,0.7733543317788191,-3.6298503246233285,1.119864350447207,0.8553947784570506,0.4824747447580411,0.022162827737196234,0.32546932842078896,1,0.8518174804004036,0.25416244170237423,0.4901185180924822,FALSE,FALSE,FALSE,FALSE,TRUE,TRUE,TRUE,TRUE
Gemella_haemolysans,NA,NA,NA,NA,NA,NA,NA,NA,NA,NA,NA,NA,1,1,1,1,1,1,1,1,FALSE,FALSE,FALSE,FALSE,TRUE,TRUE,TRUE,TRUE
Clostridium_paraputrificum,-10.622438083968316,0.08547124904233125,0.10439482386168679,1.3099757384193902,2.3259723585010463,0.021642368538038435,0.027161557095276127,0.1878849702821633,-4.566880618828101,3.949255780027391,3.843477142915451,6.9722220806277635,0.1372333139655073,0.15788149889402087,0.16204370517852246,0.09068953081597372,0.5025486990919359,0.5290245786524719,0.47139986961024716,0.1719742213991798,FALSE,FALSE,FALSE,FALSE,TRUE,TRUE,TRUE,TRUE
Rothia_mucilaginosa,-4.03188678396137,0.02241186597161671,0.036105140452789564,1.3371568553886786,2.4258342659991743,0.023622910457822003,0.030546465697279958,0.4627963980673325,-1.6620619308057636,0.9487343234709552,1.1819743996112972,2.889298319893438,0.11482747556235966,0.3560488221914756,0.25348591177664315,0.010191020826733637,0.4807243379815419,0.7291879878481421,0.5781084395503697,0.044218666638030694,FALSE,FALSE,FALSE,TRUE,TRUE,TRUE,TRUE,FALSE
Streptococcus_vestibularis,-8.578304436827,0.044414423151037156,0.07764385430451175,2.9364700644577306,2.638855603653797,0.024960312303462566,0.02991145340858863,0.29136705482762587,-3.2507668949181445,1.7794017402929634,2.59579008896363,10.078250151496915,0.047461965742830486,0.17322173895524123,0.08066887174550261,0.002080333198205225,0.3125583770417656,0.5379256818033584,0.42567794937397413,0.014793480520570487,FALSE,FALSE,FALSE,TRUE,TRUE,TRUE,TRUE,TRUE
Enterocloster_bolteae,-0.05485842819081578,0.010282665764985344,-0.0075676099011326575,-1.9587348335878922,3.1616662823662853,0.026667980322177858,0.039735202486100775,0.7449719022939787,-0.017351112765056943,0.38558097166563393,-0.19045102145332665,-2.6292734364294748,0.9863852007461393,0.7052201867258607,0.8515093067608968,0.01895999205855655,1,1,1,0.06648983516425311,FALSE,FALSE,FALSE,FALSE,TRUE,TRUE,TRUE,TRUE
Lachnospira_pectinoschiza,-14.058396846575718,0.03962006923312384,0.20624081494383445,4.674807288450867,2.282864004612497,0.021245060187751425,0.026953732496984455,0.2172976779201089,-6.158227918163723,1.8649073658998763,7.65166067322618,21.513378942639207,0.008616682061364567,0.15905405989963553,0.004635793926496184,2.1977438181741772e-4,0.1501978575077594,0.5290245786524719,0.20607423039785042,0.0037508161163505955,FALSE,FALSE,FALSE,TRUE,TRUE,TRUE,TRUE,FALSE
Streptococcus_infantis,NA,NA,NA,NA,NA,NA,NA,NA,NA,NA,NA,NA,1,1,1,1,1,1,1,1,FALSE,FALSE,FALSE,FALSE,TRUE,TRUE,TRUE,FALSE
Butyricicoccus_SGB14985,-6.005511086725321,0.011364978928610391,0.144443644400379,-1.1649088243797865,2.319046169205233,0.021567746129662134,0.027092498266123814,0.1810225678451825,-2.5896470568257324,0.5269432818935182,5.3314996270015405,-6.4351579929860545,0.23460241969910878,0.6912590317372667,0.11803582956195914,0.09814341660398468,0.601323757944879,1,0.4374120342335666,0.17946224750442913,FALSE,FALSE,FALSE,FALSE,TRUE,TRUE,TRUE,TRUE
Enterococcus_faecalis,-0.8265847946997402,0.037728458070694644,-0.02758319398420008,-2.455859640213291,2.8553127085393872,0.026487641282864592,0.03430524541961092,0.5988468725864526,-0.28949011161813276,1.4243796821237522,-0.8040517899467318,-4.1009809896915685,0.7767717564060502,0.17789721750183365,0.4358242402099718,0.0012508421416239125,1,0.5379256818033584,0.8449417338582412,0.010777050719328466,FALSE,FALSE,FALSE,TRUE,TRUE,TRUE,TRUE,FALSE
Veillonella_atypica,-3.3858992843930102,0.011421275535723592,0.10840594253390959,-2.55182250392389,2.930751428451553,0.028188549022438187,0.0349432608924853,0.5992857467988751,-1.1553007367062627,0.40517429707475244,3.1023419041358777,-4.2581064501443935,0.3001741531186786,0.7021032521005376,0.026782022685096597,0.00802937043751827,0.7181736747512311,1,0.25416244170237423,0.0369603599712903,FALSE,FALSE,FALSE,TRUE,TRUE,TRUE,TRUE,FALSE
Dorea_longicatena,-0.6650597452387786,0.005755719428671128,0.007232346142918673,-0.4411274547611662,2.1741594005374565,0.01964241295131554,0.02870280001542195,0.41674222868358535,-0.30589281773653515,0.29302506993091404,0.251973540526804,-1.0585139311526204,0.763195864398915,0.7728543134431929,0.8039160753451264,0.30382018011896494,1,1,1,0.4629640839908037,FALSE,FALSE,FALSE,FALSE,TRUE,TRUE,TRUE,FALSE
Bifidobacterium_bifidum,-6.133474847080115,0.05777220407072602,0.05143140196887385,0.5308507085942846,2.3324475280916337,0.021948183747808235,0.028004215086614055,0.478720263185515,-2.629630366046611,2.6322088758936695,1.8365593111537675,1.1088954226877332,0.025178120433875482,0.02506694152880624,0.09613858078131973,0.2934310497021847,0.2426093695045339,0.22128058728877234,0.4259401690373,0.4525201730346945,FALSE,FALSE,FALSE,FALSE,TRUE,TRUE,TRUE,TRUE
Blautia_wexlerae,-1.4693257133566198,0.006408799992014613,0.00565725966992461,0.82656656434499165,2.421764373701982,0.02220116139242411,0.0305834220708318,0.5819305378931489,-0.6067170403991716,0.2886695825832581,0.18497798110434752,1.4203869886903264,0.5497356071538273,0.7753128573866117,0.8548005984476064,0.16835673687749256,0.9138462040998688,1,1,0.2835481884252506,FALSE,FALSE,FALSE,FALSE,TRUE,TRUE,TRUE,TRUE
Bifidobacterium_longum,-1.9359937856276896,0.039906904957891794,-0.025391211897432788,-1.053599272117625,2.3089509105723134,0.021638190330673625,0.030304070288004654,0.5352510489600473,-0.8384733416215506,1.8442810765612412,-0.8378812369466904,-1.968420751654181,0.41078287402810043,0.07865141387915155,0.4111082679852446,0.061747326611363826,0.8215657480562009,0.40893460776619905,0.8095670508017124,0.13571898963580778,FALSE,FALSE,FALSE,FALSE,TRUE,TRUE,TRUE,TRUE
Bifidobacterium_pseudocatenulatum,-14.824589712344073,0.17880110384233291,0.06152833524624131,-1.4639627163271753,2.4313052203047802,0.02129228602708054,0.03057002727807618,0.5997362808387013,-6.097379131397461,8.397459230771425,2.012701352424615,-2.441010762730406,0.0036597799770924804,0.0011004692362547566,0.11444584366894257,0.07113085991126686,0.10410040823729722,0.04589499419772951,0.4374120342335666,0.14685080755874447,FALSE,TRUE,FALSE,FALSE,TRUE,FALSE,TRUE,TRUE
Anaerobutyricum_soehngenii,0.36402154576942536,-0.005056937518289078,-0.01540459380021688,0.42875357421797333,2.3946204735115164,0.022181460881096817,0.02661686579573896,0.36825405306611186,0.15201638413941118,-0.2279803636648041,-0.5787531078389767,1.1642874549462192,0.8813429810757744,0.8229575656791608,0.5719500030150615,0.2637652309660278,1,1,0.9619345200729257,0.4142570498607553,FALSE,FALSE,FALSE,FALSE,TRUE,TRUE,TRUE,TRUE
Streptococcus_mutans,17.64686212631834,-0.13598269726451204,-0.1714645125443406,-3.9755054051280325,2.316017613093173,0.02154356189383538,0.027050101732924398,0.17410000487040472,7.619485286534567,-6.311987680339111,-6.338775145368132,-22.834608236153066,0.08307672960322883,0.10002748660942351,0.0996116535216762,0.02786179884084557,0.4430758912172204,0.43401756901715965,0.4259401690373,0.08491214884829126,FALSE,FALSE,FALSE,FALSE,TRUE,TRUE,TRUE,TRUE
Anaerobutyricum_hallii,-0.8588592169621856,0.004684310065947008,0.018433792610259337,-0.4437621080734628,2.3070458527329234,0.022696427602576418,0.026149777930158397,0.5043435479407269,-0.37227661337757206,0.20638975207777904,0.7049311340040002,-0.8798806089328935,0.7152617026329131,0.8394578694662528,0.49241504921095713,0.39377710616962314,1,1,0.8780968930293711,0.5727666998830883,FALSE,FALSE,FALSE,FALSE,TRUE,TRUE,TRUE,TRUE
Veillonella_parvula,1.1234582034878489,-0.03170589068329077,-0.04871981558741376,2.79528327785692,2.4308934996496805,0.0232918560929425,0.029554478166951406,0.5546481618210106,0.46215854526319317,-1.3612436276771325,-1.648474904960208,5.039741353652913,0.6522345878986475,0.19845050340714923,0.12516927186892957,2.8942949080478756e-4,1,0.5708239199126989,0.4374120342335666,0.0040452688620826426,FALSE,FALSE,FALSE,TRUE,TRUE,TRUE,TRUE,TRUE
Coprococcus_catus,1.2155804352876176,-0.002740982647931327,0.014942484174120366,-2.6533709543489032,2.2354429876650594,0.021206396618846924,0.027206341346570892,0.3442435926894197,0.5437760846485745,-0.1292526352871903,0.54922799004004,-7.707829602925401,0.5985086367206226,0.8997205089582757,0.5948999138209656,1.62865198114156e-5,0.9576138187529962,1,0.967607396800064,0.0010327020730855096,FALSE,FALSE,FALSE,TRUE,TRUE,TRUE,TRUE,FALSE
Dorea_formicigenerans,0.6505603789377632,-0.008643438528285039,-0.0053785717843942695,-0.3381684173803364,2.297570197211613,0.02180278352620267,0.029194195451957797,0.45026550414788846,0.2831514700736017,-0.39643738690049923,-0.18423428702617584,-0.7510422501059861,0.7812044880371818,0.697759107134734,0.8564716215273667,0.46506500767464487,1,1,1,0.6470469671995059,FALSE,FALSE,FALSE,FALSE,TRUE,TRUE,FALSE,TRUE
Megasphaera_micronuciformis,-5.570468843296763,0.0778393449391738,0.07382205366346575,-3.404032417373015,2.3183115284854052,0.021571568480392878,0.027085376180765983,0.184037794428737,-2.402812898461516,3.6084230504575774,2.7255317840439917,-18.496376942243366,0.2510671936867264,0.1721068372667128,0.22386812697805852,0.03438514381111864,0.6301294272921761,0.5379256818033584,0.5486514909383593,0.09364464697496139,FALSE,FALSE,FALSE,FALSE,TRUE,TRUE,TRUE,TRUE
Blautia_faecis,-2.335819307215526,0.019798388129011794,0.045484044787783395,-1.5484850033753617,2.4511760427420066,0.022745678866328896,0.030465124887676682,0.5073594872786223,-0.9529382086333397,0.8704241471693306,1.4929873077980373,-3.052047004543335,0.3519974234194452,0.39439631209297477,0.15104879351531716,0.006292157638143043,0.7701823965416921,0.7717218956276845,0.45113500559296854,0.030976776064704215,FALSE,FALSE,FALSE,TRUE,TRUE,TRUE,TRUE,FALSE
Blautia_caecimuris,0.729681108708002,0.0024585147715864915,-0.03485368016734601,-0.6797825349348229,2.326345137907733,0.021553924405024488,0.027630247202432193,0.4601933550609591,0.31365986792667494,0.11406344039201423,-1.2614320788370639,-1.4771672112579202,0.7587555001358243,0.9109303038308137,0.22931917785314238,0.1634429805247343,1,1,0.5486514909383593,0.27709538420087404,FALSE,FALSE,FALSE,FALSE,TRUE,TRUE,TRUE,TRUE
GGB3550_SGB4746,-6.3247301961566444,0.07477005921354753,0.017293813406019987,0.8505138091225771,2.3161841976969835,0.021545552182494092,0.02704660907384341,0.17456983619764668,-2.7306680541406934,3.4703245746608764,0.6394078222080977,4.872054804242536,0.2234808196693725,0.17860813653627136,0.6378314839350667,0.128877701482124,0.6000344548891425,0.5379256818033584,1,0.2275358039960258,FALSE,FALSE,FALSE,FALSE,TRUE,TRUE,TRUE,TRUE
GGB3653_SGB4964,-23.983163322992088,0.2213379176252572,0.24353561024857687,-1.6639681317118427,2.3401993813836004,0.022009875086478697,0.02738049828324363,0.3157918892848952,-10.2483418779525,10.056300490375408,8.894491536613717,-5.269192110917944,0.009387366094234963,0.009744049959254304,0.012405584362963825,0.034181383050995835,0.1501978575077594,0.1312882520825843,0.22461633447408283,0.09364464697496139,FALSE,FALSE,FALSE,FALSE,TRUE,TRUE,TRUE,TRUE
Phocaeicola_vulgatus,5.930228407161807,-0.06392282315738582,-0.07080753633145925,1.096892031743574,2.5574529217663216,0.023007255972196054,0.032567972493652037,0.5682841160137188,2.3188025698107695,-2.7783766666757503,-2.1741462826788083,1.9301824577428348,0.036040831959129285,0.014796539607693587,0.047336026491204004,0.07409670939398501,0.2883266556730343,0.17217791543497993,0.3366117439374507,0.15070932031458673,FALSE,FALSE,FALSE,FALSE,TRUE,TRUE,FALSE,TRUE
Streptococcus_gordonii,-3.4736033175280094,0.0024850944205649533,0.03402027046087482,2.8456877100461306,2.2952828001717474,0.02189010440349945,0.026847151824765395,0.31467921909981095,-1.5133661600514292,0.11352592818916273,1.2671835985779512,9.04313833683287,0.18095276799198828,0.91331695798509,0.2520505867806861,1.0247090382592595e-4,0.5324587196086092,1,0.5781084395503697,0.0030008306334215096,FALSE,FALSE,FALSE,TRUE,TRUE,TRUE,TRUE,FALSE
Intestinibacter_bartlettii,0.276210481089101,-0.009668897558804441,0.022173208843728393,-1.1221124838283294,2.272363044094789,0.021228118283528084,0.02818988057379653,0.4138781894674154,0.12155209169014244,-0.45547596021767994,0.7865662568410863,-2.7112143436992424,0.9056616174052461,0.6584966234623142,0.4497738773899629,0.021887938422699028,1,1,0.8449417338582412,0.07183733636167886,FALSE,FALSE,FALSE,FALSE,FALSE,TRUE,FALSE,TRUE
Oscillospiraceae_bacterium_CLA_AA_H250,1.621333413127558,-0.023301675896054308,-0.012931288805402247,0.6780584415674057,2.29178539378862,0.02091369726818166,0.02810972866535118,0.345737902512302,0.707454291977698,-1.1141825186264767,-0.4600289444039247,1.9611920956316875,0.5058204353642686,0.307831920507624,0.6616945075905863,0.09753383741892999,0.8932407910942739,0.6793532038788943,1,0.17946224750442913,FALSE,FALSE,FALSE,FALSE,FALSE,TRUE,FALSE,TRUE
Tyzzerella_nexilis,2.1427400054070844,-0.015619192155122462,-0.012991191516282813,-2.0504973021909363,2.3410589881051505,0.02176352519145869,0.028513298778041433,0.3255521294646867,0.9152866357893078,-0.7176774910184296,-0.45561867875798173,-6.298522161604715,0.4275341379073741,0.5247931716504824,0.6796200216876307,0.008085078743719755,0.8354865595747157,0.8838621838323915,1,0.0369603599712903,FALSE,FALSE,FALSE,TRUE,TRUE,TRUE,TRUE,FALSE
Dialister_pneumosintes,-10.510437767329904,0.09152570308964528,0.12697259740134834,0.14493549283811238,2.3353677972892264,0.021726719177814637,0.027258311852154247,0.1746752376433819,-4.500549240907524,4.2125873833313525,4.658124028004089,0.8297426400759428,1,1,1,1,1,1,1,1,FALSE,FALSE,FALSE,FALSE,TRUE,TRUE,TRUE,TRUE
Veillonella_rogosae,-10.911775722802968,0.11500579740407815,0.1212120018088726,-1.4096209678614136,2.32036388304979,0.021485861790366503,0.027830667074855427,0.38522150210942613,-4.702614017789736,5.352626695925348,4.355339434834667,-3.6592478876243937,0.009290382101697917,0.0058752822190725595,0.012106274260968101,0.021594614940728212,0.1501978575077594,0.09400451550516095,0.22461633447408283,0.07179508343930419,FALSE,FALSE,FALSE,FALSE,TRUE,TRUE,TRUE,TRUE
Rothia_SGB49305,-0.8937388200604305,0.004783171964306029,-0.004848299095968829,0.18540822512339095,2.447170221710133,0.022946470899565058,0.03034666612854738,0.3845796788480181,-0.365213180567336,0.20844913299485598,-0.15976381311316404,0.48210614164213905,0.7233876074853138,0.8395193869745474,0.876595209255028,0.6412383947964112,1,1,1,0.8375358625912309,FALSE,FALSE,FALSE,FALSE,TRUE,TRUE,TRUE,FALSE
Streptococcus_oralis,-5.089757496804141,0.02439479817322109,0.028659913400223166,2.3432933541567986,2.275092978178669,0.021146449438413466,0.02722495826359034,0.34635399116722976,-2.2371646106871457,1.1536120162520926,1.0527073401817435,6.765602285279827,0.06032972915274244,0.28652264132116523,0.32745113318659774,2.6126247201526775e-4,0.3591723410023736,0.6520254304239822,0.6652975404426112,0.0040452688620826426,FALSE,FALSE,FALSE,TRUE,TRUE,TRUE,TRUE,TRUE
Streptococcus_intermedius,-3.3158856594852293,0.02107502651790441,0.08621795230687682,-1.2425501492492472,2.5031615038341997,0.023668685533029667,0.02853838278851357,0.2914351409104377,-1.324679072607239,0.890418121804618,3.0211225683600658,-4.263556362378074,0.27714539067478167,0.43883791628245294,0.05670859441370498,0.023670053632938604,0.682204038584078,0.7967553657326805,0.3820368465765388,0.07574417162540353,FALSE,FALSE,FALSE,FALSE,TRUE,TRUE,TRUE,TRUE
Gemella_morbillorum,-47.674556471410085,0.3820421152911526,0.959608582778034,-1.8345718715163724,2.3353677972892264,0.021726719177814637,0.027258311852154247,0.1746752376433819,-20.414153405193062,17.58397630882345,35.204255787476264,-10.50275869818392,1,1,1,1,1,1,1,1,FALSE,FALSE,FALSE,FALSE,TRUE,TRUE,TRUE,TRUE
Fusobacterium_nucleatum,5.325506134828272,-0.09112935121660319,-0.0347005535719805,3.27622956773153,2.2967215084491768,0.02138927830598807,0.027059580262885036,0.2733838717273892,2.318742657843716,-4.260515474759657,-1.2823758992143657,11.983989937045354,0.10320265999496404,0.023714965178566222,0.2898205170665411,0.001249930382358987,0.4663064788658991,0.22128058728877234,0.6287631556697841,0.010777050719328466,FALSE,FALSE,FALSE,TRUE,TRUE,TRUE,TRUE,FALSE
Streptococcus_anginosus,-0.2483914318043161,0.0028928795326410312,-0.029412367152417074,0.7888940162782674,2.3731428686032205,0.021949901114384843,0.027215329792467886,0.39701413214738535,-0.10466771094591276,0.13179464989685927,-1.0807279344657157,1.9870678456992628,0.9189349837446038,0.8980460141862286,0.3079255960064031,0.07816492119283426,1,1,0.6569079381469933,0.15428646640229898,FALSE,FALSE,FALSE,FALSE,TRUE,TRUE,TRUE,TRUE
Corynebacterium_durum,2.1652099813903494,-0.0035239336571663555,-0.09087032103208487,-0.0011514102451449727,2.3346727245870182,0.021577049422135813,0.027192853625223137,0.26504881761834514,0.9274147757790568,-0.163318607109977,-3.341698605246665,-0.004344144054258474,0.4516175580877174,0.8852787606900571,0.07907409121073691,0.9969282407729918,0.8564007027441161,1,0.42567794937397413,1,FALSE,FALSE,FALSE,FALSE,TRUE,TRUE,TRUE,TRUE
Eubacterium_rectale,4.101247076784595,-0.04751059259305845,-0.033956004916489806,-0.040082596337632684,2.591082939072345,0.02187543358432011,0.031205520636875126,0.6471917080804093,1.5828312613771125,-2.1718697556291238,-1.0881409514560212,-0.06193311168420083,0.137475053133473,0.04895889526221266,0.2962953465783914,0.9515581814862971,0.5025486990919359,0.313336929678161,0.637408476672842,1,FALSE,FALSE,FALSE,FALSE,TRUE,TRUE,TRUE,TRUE
Lacticaseibacillus_rhamnosus,3.7674793056064737,-0.03823609956527212,-0.08229049232474585,2.477662077249227,2.2872205630596967,0.02124305991247929,0.02680892066869302,0.25926917243945263,1.647186706194431,-1.7999337064812506,-3.0695190359096856,9.556331182519733,0.16043652644394027,0.1317688288589378,0.027799017061197185,2.124218818144684e-4,0.5198955793626419,0.5184885783718985,0.25416244170237423,0.0037508161163505955,FALSE,FALSE,FALSE,TRUE,TRUE,TRUE,TRUE,FALSE
Coprococcus_comes,1.326115028726407,0.0010279772719434077,-0.010328875683597359,-1.5103672504014627,2.6190797439164943,0.02260691064626361,0.035299041508425964,0.5088224395251909,0.5063286185946266,0.04547181558897824,-0.29261065576332523,-2.968358179743146,0.621799570469165,0.9644791918769845,0.7748176532665578,0.011736939698902943,0.9647314547885226,1,1,0.04911617550135179,FALSE,FALSE,FALSE,TRUE,TRUE,TRUE,TRUE,FALSE
Faecalibacterium_prausnitzii,-6.693225891808173,0.06709500432000227,0.036193295479186934,0.7763762200250253,2.151747525961462,0.019792483813574693,0.02648019702510717,0.35298106153763004,-3.1106000174520707,3.3899234149675093,1.36680612477582,2.1994840647909903,0.007669194719131112,0.004400214523762379,0.19323489790291382,0.045143930950027535,0.1501978575077594,0.08046106557736922,0.4897835035955043,0.10602611305694541,FALSE,FALSE,FALSE,FALSE,TRUE,TRUE,TRUE,TRUE
Latilactobacillus_sakei,6.7648261939585765,-0.036866135514215914,-0.1282290952326222,0.08000456272715183,2.3396888031398464,0.02245273836852244,0.02766139571496384,0.3412937969354043,2.891335884020228,-1.641943842622791,-4.635669745444362,0.2344155195480862,0.03413359510010458,0.16152443824959747,0.005654744440347109,0.8239590676020927,0.2818774305040894,0.5290245786524719,0.20607423039785042,1,FALSE,FALSE,FALSE,FALSE,TRUE,TRUE,TRUE,TRUE
GGB51647_SGB4348,-0.08294186706450639,4.498154210349234e-4,0.015661829331317604,-1.2233833603133393,2.2577062010512274,0.021016422880199143,0.026900489259849735,0.268966549649235,-0.03673722782259588,0.021403043876640018,0.582213549353306,-4.548459137051725,0.9721161312468982,0.9837520113056113,0.585686925291288,0.006121125624602455,1,1,0.9673280830617401,0.030929521227645144,FALSE,FALSE,FALSE,TRUE,TRUE,TRUE,TRUE,FALSE
Actinomyces_johnsonii,10.302553957457965,-0.11923119257119301,-0.10112816081476346,-0.18649728280967642,2.3063212505749133,0.021464626110228546,0.026984085471638816,0.2324443205688755,4.467094059376929,-5.554776121368158,-3.747696430959373,-0.8023309941634623,0.046635282621076156,0.030914110561552938,0.06439733223161558,0.5065483482034315,0.3125583770417656,0.23981855465931975,0.4020409739756368,0.6861183975665527,FALSE,FALSE,FALSE,FALSE,TRUE,TRUE,TRUE,TRUE
Ruminococcus_lactaris,15.804968374941495,-0.09789200701629551,-0.17584608548846653,-4.410882699809725,2.3353677972892264,0.021726719177814637,0.027258311852154247,0.1746752376433819,6.7676570659606945,-4.505604652738089,-6.451099629435389,-25.251906104831022,1,1,1,1,1,1,1,1,FALSE,FALSE,FALSE,FALSE,TRUE,TRUE,TRUE,TRUE
Mediterraneibacter_glycyrrhizinilyticus,2.688469247135725,-0.039933904575584385,-0.01551296546993936,-0.2457562125728621,2.206936221986222,0.02037744735596598,0.026658308250750523,0.38830645215299453,1.2181907299143098,-1.9597108449352854,-0.5819186020366697,-0.6328924260986346,0.25412181203840806,0.08168235830135048,0.5749061780123345,0.5425481937846472,0.6316037270080821,0.40893460776619905,0.9619345200729257,0.7310123032045773,FALSE,FALSE,FALSE,FALSE,TRUE,TRUE,TRUE,TRUE
Phocaeicola_dorei,0.0959790391934805,-0.018536643560009836,0.04398750494794044,-0.7726176056033877,2.388094447079931,0.021408483191201925,0.028668026730103227,0.5747016559635063,0.04019063789995406,-0.8658550628952402,1.5343750500187303,-1.3443803364513867,0.9687322310104227,0.4068633438457582,0.15594617048111833,0.20852671173786086,1,0.7824125878925214,0.4588760878524861,0.34219768080059215,FALSE,FALSE,FALSE,FALSE,TRUE,TRUE,TRUE,TRUE
Ligilactobacillus_saerimneri,-8.494264964801975,0.08844559535524646,0.0315066236297304,1.4259393290315177,2.318586746513655,0.021566149227537985,0.027095978938551694,0.17973557803023082,-3.663552798951509,4.101130638672832,1.162778569513254,7.933539617802771,0.16963866708516814,0.1522591624652328,0.4521758497600744,0.07982313935530339,0.527282552744142,0.5290245786524719,0.8449417338582412,0.15599025706074554,FALSE,FALSE,FALSE,FALSE,TRUE,TRUE,TRUE,TRUE
Actinomyces_massiliensis,-8.575212615173635,0.06841265317995876,0.070336423268494,1.947825538721133,2.3156984547977646,0.021684512295637004,0.026914848541521517,0.2220990264429305,-3.703078264532732,3.1549085470427487,2.613294411075212,8.77007688830026,0.06580775722931446,0.08748465274921842,0.12052193122644125,0.0127533061933057,0.3721634696990227,0.40893460776619905,0.4374120342335666,0.04946736947706454,FALSE,FALSE,FALSE,TRUE,TRUE,TRUE,TRUE,FALSE
Bifidobacterium_animalis,1.5835597040460465,-0.004510678193435408,-0.03219544245537774,-0.6592032047822428,2.784453138847911,0.025342129477811077,0.03696946470082626,0.579098711006431,0.5687147978727545,-0.1779912851200939,-0.8708658000844188,-1.1383261476037412,0.5901858699082425,0.8645871627349184,0.41730499438219265,0.298386587178594,0.9576138187529962,1,0.8154967829148192,0.45740698393844353,FALSE,FALSE,FALSE,FALSE,TRUE,TRUE,FALSE,TRUE
Blautia_SGB59878,-0.628038494194648,-0.01119962730126476,0.015084613527097022,1.0964834629511109,2.3353677972892264,0.021726719177814637,0.027258311852154247,0.1746752376433819,-0.26892487552651984,-0.5154771509497305,0.5533950014554871,6.277269049375497,1,1,1,1,1,1,1,1,FALSE,FALSE,FALSE,FALSE,TRUE,TRUE,TRUE,TRUE
Lactococcus_lactis,-1.6426552359128412,0.02148168182448848,0.019011674418394565,-1.9275733358134899,2.230005644902888,0.020718498765687578,0.026421570733665783,0.29513756277177694,-0.7366148330913195,1.0368358280892835,0.7195512564349669,-6.531101353927077,0.48239615721023643,0.3301332074224781,0.4922835466436781,1.8204859352294352e-4,0.8696719453931023,0.7042841758346199,0.8780968930293711,0.003584956918605657,FALSE,FALSE,FALSE,TRUE,TRUE,TRUE,TRUE,FALSE
Bacteroides_uniformis,0.9224605198560191,-0.018780200876162986,0.010027103692612909,-1.1987802482599033,2.928427380358205,0.02800485091969292,0.039936150568034706,0.6660909614252524,0.315002013040591,-0.6706052794216737,0.251078372602058,-1.799724538664872,0.7574061599518196,0.5133835942819923,0.8054011840152647,0.09348562909522702,1,0.8703721863323843,1,0.17468847480567967,FALSE,FALSE,FALSE,FALSE,TRUE,TRUE,TRUE,TRUE
Parabacteroides_merdae,4.044219244827351,-0.023688160477693142,-0.018694014100578367,-3.279845422131236,2.4019238108421757,0.022898697197354902,0.0274340725941091,0.39996586819654356,1.6837416851325293,-1.0344763404456665,-0.6814159303709257,-8.200313284031319,0.12313824048588932,0.32528224409679074,0.5110798322710012,9.475460710138288e-6,0.5003712629267884,0.6997668444435162,0.8780968930293711,0.0010327020730855096,FALSE,FALSE,FALSE,TRUE,TRUE,TRUE,TRUE,FALSE
Parabacteroides_distasonis,-0.9125489474669745,0.021242107230521605,-0.003993370554721751,-1.3041210430067642,2.2309327679815465,0.020677305933373316,0.029129163212083885,0.5115846177238331,-0.40904367920177626,1.0273150331560696,-0.13709183904964178,-2.5491795449384744,0.6873335082926053,0.3178803293465168,0.8924799915675339,0.02013427463735909,1,0.6914836226557386,1,0.0687249907621857,FALSE,FALSE,FALSE,FALSE,TRUE,TRUE,TRUE,TRUE
Gemmiger_formicilis,-10.048995388705375,0.15539116167348022,0.07576743529759505,-4.988854623329602,2.4944259827765247,0.02236475405759215,0.03230870465554461,0.39373684518001206,-4.028580305886616,6.948038027752408,2.345109038117761,-12.670530290475492,0.010035265755982741,9.487071387630946e-4,0.06595984729287792,5.442196191153409e-5,0.15111929609009306,0.04589499419772951,0.4020409739756368,0.001990288892764675,FALSE,TRUE,FALSE,TRUE,TRUE,FALSE,TRUE,FALSE
Anaerostipes_caccae,0.832360262090015,0.07970046811932723,-0.11779818303630228,-2.888613077231873,2.3106122685656967,0.021584847812664596,0.027128099099000425,0.22089636353253833,0.3602336373842156,3.6924266879734096,-4.342294040080484,-13.076779676395065,0.7333895379384201,0.014109989694839,0.007412845149137158,4.666235752468068e-5,1,0.17200749342279922,0.21085426201990137,0.001990288892764675,FALSE,FALSE,FALSE,TRUE,TRUE,TRUE,TRUE,FALSE
Bifidobacterium_breve,-10.520083752171766,0.09686973167236798,0.07857640907986599,2.025523181072695,2.5277244079640493,0.024601690350839263,0.02792248245312665,0.44478658309942676,-4.161879245627551,3.9375234096084526,2.8140910899226768,4.553921494120053,0.053170042287029984,0.05886186263559894,0.106485042259325,0.0449909456780035,0.3342100701160815,0.3424690189707575,0.4259401690373,0.10602611305694541,FALSE,FALSE,FALSE,FALSE,TRUE,TRUE,TRUE,TRUE
Acidaminococcus_intestini,-2.7903027558161915,-0.017629375857054257,0.008596647719648074,3.960008790838855,2.3011714496734728,0.021423468893049972,0.02691718340847059,0.19026982115112998,-1.2125575242175564,-0.822900154268361,0.3193739697498509,20.81259532847013,0.3490927532353608,0.4970676150758443,0.7797158811404948,0.002300630001023445,0.7701823965416921,0.8565504662618071,1,0.015101571288769279,FALSE,FALSE,FALSE,TRUE,TRUE,TRUE,TRUE,FALSE
Dialister_invisus,2.548303728421482,-0.049721237245116554,-0.003193070753977995,1.592416392046281,2.364749292642932,0.021125750974777837,0.02959923152641401,0.5895765962764419,1.0776210976569964,-2.353584367461258,-0.10787681265064385,2.7009491253611864,0.3065113331868033,0.04039293489811972,0.9162271625901048,0.02227704082519931,0.7198798284020335,0.2927134290457944,1,0.07218889178798764,FALSE,FALSE,FALSE,FALSE,TRUE,TRUE,TRUE,TRUE
Parasutterella_SGB9260,12.582889170339953,-0.1068452653973349,-0.34235997649757943,4.252577339140252,2.3353677972892264,0.021726719177814637,0.027258311852154247,0.1746752376433819,5.387968946452682,-4.917689805022915,-12.559837834217252,24.345622175836635,1,1,1,1,1,1,1,1,FALSE,FALSE,FALSE,FALSE,TRUE,TRUE,TRUE,TRUE
Ruminococcus_bromii,-2.2340360524243077,0.03621755070709553,0.003101078828810075,-1.71302732664077,2.4856918984764276,0.02237030054266579,0.03440674983204054,0.5604549155352617,-0.898758230572997,1.619001525617394,0.09012995542875318,-3.056494428289108,0.39502679789603323,0.14410715968011695,0.930399663787681,0.015665753956899876,0.8011564122351342,0.5290245786524719,1,0.05812221757922273,FALSE,FALSE,FALSE,FALSE,TRUE,TRUE,TRUE,TRUE
Mediterraneibacter_faecis,-2.412238486725189,0.004414255833444931,0.012334712678476141,2.2683996226631127,2.3439197109186187,0.02191836844152735,0.029551654204608875,0.46963491966074183,-1.0291472337931724,0.20139527470856447,0.41739499904382404,4.8301340630755805,0.3302735982107746,0.8448677179107542,0.6861703806826617,9.337299934803037e-4,0.7617120823599847,1,1,0.010777050719328466,FALSE,FALSE,FALSE,TRUE,TRUE,TRUE,TRUE,FALSE
Faecalicatena_fissicatena,12.35787423906708,-0.13762011339762892,-0.05515719003997071,-0.047694762142193765,2.331048522468714,0.021642495325979644,0.027498687274927342,0.2591337031882049,5.3014229948243985,-6.358791411285638,-2.005811749794389,-0.1840546465218142,0.03378778618736476,0.02385030005738603,0.18271483310967288,0.870942116677234,0.2818774305040894,0.22128058728877234,0.48710430134261185,1,FALSE,FALSE,FALSE,FALSE,TRUE,TRUE,TRUE,TRUE
Blautia_obeum,-7.251408392579191,0.0917603228281119,0.05003333714973986,-2.1914308467795376,2.206455709254815,0.020490521831019685,0.03013693316228522,0.6019079491102822,-3.2864509186219766,4.478183795651317,1.6602000236823677,-3.640807286261676,0.004650135950847781,3.8032354852737154e-4,0.11634222661308274,0.002201046654087644,0.10877565824789769,0.03245427614100237,0.4374120342335666,0.015101571288769279,FALSE,TRUE,FALSE,TRUE,TRUE,FALSE,TRUE,FALSE
Collinsella_aerofaciens,-0.8938772436777451,0.02090960529259251,0.006287098067873244,-1.706325532089485,2.3602063317436808,0.022339144248286497,0.028637072788134217,0.48914164499114676,-0.3787284321948936,0.9360074432661565,0.21954401954372604,-3.48840780490152,0.7101963511957503,0.364095272922513,0.8291859233708696,0.0033011294798149034,1,0.7397491259378041,1,0.019206571518923073,FALSE,FALSE,FALSE,TRUE,TRUE,TRUE,TRUE,FALSE
Eubacterium_ramulus,2.5710544267343125,-0.0344684278835342,-0.039951340221257535,1.612539415089898,2.3535801400680154,0.021527169125816988,0.029452411645181708,0.33111644339571683,1.0924014793309789,-1.6011593387909555,-1.3564709302096627,4.870007054173248,0.31656638191927355,0.160460349970626,0.2237666131463652,0.002794356397503979,0.7367363070121276,0.5290245786524719,0.5486514909383593,0.016636168320023688,FALSE,FALSE,FALSE,TRUE,TRUE,TRUE,FALSE,FALSE
Roseburia_lenta,-19.81356464036505,0.18891811366743522,0.17086186030628395,-0.3660573904083726,2.3353677972892264,0.021726719177814637,0.027258311852154247,0.1746752376433819,-8.484130278478451,8.695197471891722,6.268248057070364,-2.0956455840393233,1,1,1,1,1,1,1,1,FALSE,FALSE,FALSE,FALSE,FALSE,TRUE,FALSE,TRUE
Solobacterium_SGB6829,-3.3613480805488476,0.03062962553649619,-0.0076310562649612975,1.2106798183312772,2.263907415332238,0.02107463546840784,0.02684864425227289,0.2434074887937093,-1.484755099870352,1.453388153850246,-0.2842250131239042,4.9738807311608335,0.19773629363987044,0.20585264584851337,0.7876326762491466,0.004197732872002389,0.5624499019089648,0.5730661263339089,1,0.02336129598331764,FALSE,FALSE,FALSE,TRUE,TRUE,TRUE,TRUE,FALSE
Peptostreptococcus_SGB749,-8.67137670106334,0.2530445294300244,-0.415827101462388,-8.421480198688672,2.3353677972892264,0.021726719177814637,0.027258311852154247,0.1746752376433819,-3.7130668287576043,11.64669766102609,-15.255057015921727,-48.212215493772625,1,1,1,1,1,1,1,1,FALSE,FALSE,FALSE,FALSE,TRUE,TRUE,TRUE,TRUE
Eubacterium_sulci,3.5063383057495394,-0.027546624550481402,-0.0833046928911212,0.2739743838261453,2.345591906293596,0.022512405638545598,0.026545980589369467,0.26580341141083175,1.4948628942406719,-1.2236197673746714,-3.1381282982057623,1.0307406604450398,0.19518708385074296,0.27560877950133694,0.025720558961296318,0.34991812071353645,0.5614370052335977,0.6520254304239822,0.25416244170237423,0.5238540286705574,FALSE,FALSE,FALSE,FALSE,TRUE,TRUE,TRUE,TRUE
Limosilactobacillus_mucosae,-12.03922624319158,0.17765726547843502,-0.014728646927451822,-0.21948025916298827,2.3353677972892264,0.021726719177814637,0.027258311852154247,0.1746752376433819,-5.155173526485245,8.176902551391311,-0.5403359902600793,-1.2565047119677066,1,1,1,1,1,1,1,1,FALSE,FALSE,FALSE,FALSE,TRUE,TRUE,TRUE,TRUE
Candidatus_Cibionibacter_quicibialis,-12.371113040911467,0.12861601895930744,0.10574409932849659,-1.483078977075385,2.283111818009632,0.020870176940700955,0.028988847098524388,0.4418790502408047,-5.418531384808099,6.162670269866322,3.6477511150789868,-3.3563007258822792,4.226478370308965e-4,1.6616200597095436e-4,0.005336155493655797,0.00843861279077391,0.048786709127204654,0.03245427614100237,0.20607423039785042,0.03789973463926528,TRUE,TRUE,FALSE,TRUE,FALSE,FALSE,TRUE,FALSE
Pediococcus_acidilactici,181.3653457322713,-1.985472588009992,-2.379649406987571,73.82498538024942,2.3353677972892264,0.021726719177814637,0.027258311852154247,0.1746752376433819,77.66029228577646,-91.3839117521884,-87.29995532718601,422.64139082478874,1,1,1,1,1,1,1,1,FALSE,FALSE,FALSE,FALSE,TRUE,TRUE,TRUE,TRUE
Drancourtella_massiliensis,-17.90887419558088,0.0646956724139203,0.2486638090651957,4.851873689506605,2.3353677972892264,0.021726719177814637,0.027258311852154247,0.1746752376433819,-7.66854549264941,2.9777009535789314,9.12249483437998,27.77653979445113,1,1,1,1,1,1,1,1,FALSE,FALSE,FALSE,FALSE,FALSE,FALSE,FALSE,TRUE
Anaeromassilibacillus_senegalensis,1.8380224717614904,-0.03497873109467306,-0.015411401478479492,1.6593008472256676,2.2691746729664803,0.02115501248625574,0.027177191483867394,0.2689106546424602,0.8099960279208709,-1.6534488513017183,-0.5670711591971461,6.170454084208194,0.4633764117387261,0.17358287130339484,0.6009749066062897,0.003502867400699622,0.8623051389691493,0.5379256818033584,0.967607396800064,0.019927423435091185,FALSE,FALSE,FALSE,TRUE,TRUE,TRUE,FALSE,FALSE
Gordonibacter_urolithinfaciens,0.5938506253248367,-0.01735649086641162,0.01933834734163008,-0.46316218257012715,2.2126742196365714,0.02048099796468111,0.026615090831272958,0.30225283523869506,0.26838592868966304,-0.8474436107235784,0.7265933249758952,-1.5323667094945819,0.7944526287236335,0.4187129864893572,0.48594234824181815,0.1597955332164599,1,0.7824125878925214,0.8780968930293711,0.2745480302242532,FALSE,FALSE,FALSE,FALSE,TRUE,TRUE,TRUE,TRUE
Schaalia_meyeri,-3.347323314001219,0.005193187772753011,0.08419594010746752,0.711029106549557,2.29523422014595,0.021837973325877485,0.02684594192102397,0.3426993373263646,-1.4583798396785703,0.2378053904205115,3.1362632145728817,2.074789849600494,0.2045399770009663,0.8214696342579272,0.025774696093890843,0.09267356163626259,0.5754091660686524,1,0.25416244170237423,0.1744443513153178,FALSE,FALSE,FALSE,FALSE,TRUE,TRUE,TRUE,TRUE
Faecalicatena_contorta,-2.181016385684721,0.017652494109942688,0.01890720935306701,-0.3191624036076326,2.2488469236678585,0.020799364080704104,0.02694135789604462,0.2321171444515093,-0.9698376366709273,0.8487035488897078,0.7017912543986086,-1.3750057298085863,0.36958224368063297,0.4286012074169521,0.5091023539290362,0.21826541817606387,0.7805461400097118,0.7884818629950077,0.8780968930293711,0.3514210506482538,FALSE,FALSE,FALSE,FALSE,TRUE,TRUE,FALSE,TRUE
Massilioclostridium_coli,10.280840486474435,-0.09494528421664694,-0.10656336580370859,0.6186720192793493,2.25216705007961,0.020795685094984057,0.02780773798652846,0.3003054284516324,4.5648658637959505,-4.565624252482447,-3.832147938654109,2.060142643671836,0.00258988551819825,0.0025875520766271004,0.0064398196999328255,0.07834859621991745,0.08891759879825227,0.06624133316165377,0.20607423039785042,0.15428646640229898,FALSE,FALSE,FALSE,FALSE,FALSE,TRUE,FALSE,TRUE
Clostridiales_bacterium_KLE1615,1.2190629443904502,-0.026882054655405586,0.011669849149005079,-1.3379083454854956,2.24453920620307,0.020830318834110136,0.026580227754642784,0.2018603674504355,0.5431239254014429,-1.2905253572684443,0.43904248137853896,-6.627890171724787,0.6103710659314598,0.2533202828313179,0.6789550078804959,0.0011774336962872116,0.9647314547885226,0.6484999240481739,1,0.010777050719328466,FALSE,FALSE,FALSE,TRUE,TRUE,TRUE,TRUE,FALSE
Merdimonas_faecis,20.62311674246798,-0.18955846115614944,-0.2188289367111834,1.1170642719664983,2.3353677972892264,0.021726719177814637,0.027258311852154247,0.1746752376433819,8.830778931869414,-8.724670282925617,-8.027970987274811,6.39509232697942,1,1,1,1,1,1,1,1,FALSE,FALSE,FALSE,FALSE,TRUE,TRUE,TRUE,TRUE
Clostridia_bacterium_UC5_1_1D1,-0.7394280025494958,0.0010994509736764824,0.013729946311037789,-0.5791418752146438,2.215591596374985,0.020609955097109417,0.027799855904099478,0.381093312880834,-0.33373840366577606,0.05334562683402849,0.4938855207883691,-1.5196852204954292,0.7438989926063924,0.9582675887391059,0.629626487252876,0.1525319569522454,1,1,1,0.2638390606741542,FALSE,FALSE,FALSE,FALSE,TRUE,TRUE,TRUE,TRUE
Clostridioides_difficile,2.4489051707783327,-2.5861649626642168e-5,-0.11297312490682153,0.6260140212334938,2.319236310962663,0.02140149826323051,0.026895348880600706,0.23293320916320145,1.0559101542187597,-0.0012084036971876197,-4.2004706987946046,2.687525851218946,0.36852357659911783,0.999111696454127,0.024624769605257318,0.0745705868550499,0.7805461400097118,1,0.25416244170237423,0.15070932031458673,FALSE,FALSE,FALSE,FALSE,TRUE,TRUE,TRUE,TRUE
Lactiplantibacillus_plantarum,NA,NA,NA,NA,NA,NA,NA,NA,NA,NA,NA,NA,1,1,1,1,1,1,1,1,FALSE,FALSE,FALSE,FALSE,TRUE,TRUE,TRUE,TRUE
Clostridiaceae_bacterium,-13.230422521784627,0.1091635925333334,0.18513053745864608,-1.1446813504962372,2.2605261897049838,0.02002867502326359,0.027760418043262115,0.45250369723424816,-5.8528065642589615,5.450365159279799,6.668867059931763,-2.52966187346679,1.60996425706894e-4,2.807118585557438e-4,5.576518584649587e-5,0.029888220012048095,0.041215084980964864,0.03245427614100237,0.014275887576702943,0.08839783554606832,TRUE,TRUE,TRUE,FALSE,FALSE,FALSE,FALSE,TRUE
Blautia_glucerasea,-0.07395740244645226,0.004396268244523656,0.020336241168902394,-2.055802432706435,2.4044722250688384,0.021603635952177964,0.029279774507570293,0.4806526445876449,-0.030758268561132954,0.20349668242212937,0.6945491046607771,-4.27710625512135,0.9760133066184983,0.842462443653255,0.5017442896793087,0.0013050334855436816,1,1,0.8780968930293711,0.010777050719328466,FALSE,FALSE,FALSE,TRUE,TRUE,TRUE,TRUE,FALSE
Schaalia_SGB17168,-1.707129816318496,-0.0016794288584902508,-0.01756794488510771,3.5546332297380268,2.328132169364911,0.02143735246163385,0.02717964848815973,0.25628156310522765,-0.7332615556719799,-0.07834124393373215,-0.6463639473763185,13.870031018495528,0.5165016885168755,0.9424893435146329,0.5640846779874304,8.112796222413614e-4,0.8994859337436744,1,0.9563289904952463,0.009889884918751835,FALSE,FALSE,FALSE,TRUE,TRUE,TRUE,TRUE,FALSE
TM7_phylum_sp_oral_taxon_352,-6.592045777004238,0.03582029277890373,0.08356697934506085,1.3303325953119576,2.3030962569229945,0.021465639588552538,0.026877052512299267,0.18331435906050722,-2.8622536974687325,1.6687270198092032,3.109231538942731,7.257110692964592,0.10346376837485823,0.2371129955087957,0.08973573109758463,0.018463471138400973,0.4663064788658991,0.6257827510335227,0.4259401690373,0.06564789738098123,FALSE,FALSE,FALSE,FALSE,TRUE,TRUE,TRUE,TRUE
GGB3256_SGB4303,-8.159786348603056,0.07099275555390502,0.14213630671646615,-2.8518239441328097,2.3353677972892264,0.021726719177814637,0.027258311852154247,0.1746752376433819,-3.494004823597599,3.2675322478690854,5.214420742098635,-16.326435175403123,1,1,1,1,1,1,1,1,FALSE,FALSE,FALSE,FALSE,TRUE,TRUE,TRUE,TRUE
Dorea_sp_AF36_15AT,6.098091246722343,-0.08576230206284208,-0.010553214146512047,0.8384648170819379,2.228435352354627,0.02041421680331534,0.02674557614428439,0.3058313142477519,2.736490084973266,-4.201106654697328,-0.39457793279832937,2.7415924335423125,0.02558770693993131,0.002991986447377308,0.703464975609527,0.02538666309943887,0.2426093695045339,0.06963168459350826,1,0.07925592382263842,FALSE,FALSE,FALSE,FALSE,TRUE,TRUE,TRUE,TRUE
Clostridiaceae_bacterium_Marseille_Q3526,0.3342289848899558,-0.0216570342267824,0.06230223709630649,-1.1120002098656498,2.3033191782973668,0.021408221563145254,0.026996013832347596,0.1823778042075926,0.1451075422108979,-1.0116222948694384,2.3078309813893227,-6.097234335598806,0.89792937096173,0.4182022356915882,0.14735537814633284,0.025860029022787747,1,0.7824125878925214,0.4490830572078715,0.07976105337148992,FALSE,FALSE,FALSE,FALSE,FALSE,TRUE,TRUE,TRUE
Clostridium_SGB6179,-16.77052537991959,0.14803679560153715,0.13346007255159736,1.8457130573800273,2.3280777626256315,0.021612373674547027,0.027346415950605246,0.23778240789114435,-7.203593303088643,6.849631504191538,4.880349687968655,7.76219348499905,0.08781409220252806,0.09229018666191267,0.1286645757519296,0.0815661747249031,0.4500050898563146,0.41602670498261995,0.4374120342335666,0.1581889449210242,FALSE,FALSE,FALSE,FALSE,TRUE,TRUE,TRUE,TRUE
GGB9512_SGB14909,-11.272850040780384,0.10977931449130529,-0.024929320033553196,4.483710899647639,2.3353677972892264,0.021726719177814637,0.027258311852154247,0.1746752376433819,-4.827012710317117,5.052733162004598,-0.9145584718806793,25.66884098822074,1,1,1,1,1,1,1,1,FALSE,FALSE,FALSE,FALSE,TRUE,TRUE,TRUE,TRUE
Clostridium_sp_AT4,1.7155661577777988,-0.007196447089860622,-0.044641878403756094,-0.47125368877117796,2.3796443703578816,0.0217105848776186,0.02846835872363378,0.30669003603992745,0.7209338416898782,-0.3314718203321839,-1.5681226598671256,-1.5365797169550897,0.5108353372629811,0.7569273230103242,0.19192680822392394,0.19920504449612741,0.895711276296734,1,0.4897835035955043,0.33114604799356245,FALSE,FALSE,FALSE,FALSE,TRUE,TRUE,TRUE,TRUE
Clostridium_SGB4750,11.253409052301894,-0.11796343388781776,-0.12207406303806788,1.3267311710075185,2.3353677972892264,0.021726719177814637,0.027258311852154247,0.1746752376433819,4.818688116434707,-5.429417710165434,-4.478416113961227,7.595416436279202,1,1,1,1,1,1,1,1,FALSE,FALSE,FALSE,FALSE,TRUE,TRUE,TRUE,TRUE
Actinomyces_gerencseriae,0.7304856351807839,8.246535688937126e-4,-0.07025136899587456,1.306254096295266,2.3173205540776034,0.021560255921113672,0.027076238251729178,0.18032484491649645,0.3152285659812609,0.03824878386931114,-2.5945764083896727,7.243894189401116,0.8055962192298776,0.9756619319099186,0.23419587647628826,0.08733166763193545,1,1,0.5551309664623129,0.16809704446447724,FALSE,FALSE,FALSE,FALSE,TRUE,TRUE,TRUE,TRUE
Phascolarctobacterium_faecium,6.314539523978361,-0.041299578485736274,-0.08631931243498231,-1.4304329655947672,2.346453354761789,0.02178094287047254,0.028381318803429173,0.2854176693972641,2.691099531624574,-1.8961336399134625,-3.041413016528068,-5.011718330597786,0.11478984705006066,0.19840246916270302,0.09323361651802027,0.03758304218962208,0.4807243379815419,0.5708239199126989,0.4259401690373,0.09867356189548716,FALSE,FALSE,FALSE,FALSE,TRUE,TRUE,TRUE,FALSE
Sutterella_wadsworthensis,-1.664754507391018,0.017265590266342803,-0.01348983071089734,1.5018495388839506,2.3353677972892264,0.021726719177814637,0.027258311852154247,0.1746752376433819,-0.7128446788224871,0.7946708439980604,-0.4948887071240704,8.597953316944308,1,1,1,1,1,1,1,1,FALSE,FALSE,FALSE,FALSE,TRUE,TRUE,TRUE,TRUE
Fusicatenibacter_sp_CLA_AA_H277,-41.027326320485685,0.39931579847209436,0.4066760216029477,-3.323486726581563,2.3353677972892264,0.021726719177814637,0.027258311852154247,0.1746752376433819,-17.5678222368691,18.37901963955237,14.919339972655267,-19.02666211547864,1,1,1,1,1,1,1,1,FALSE,FALSE,FALSE,FALSE,TRUE,TRUE,TRUE,TRUE
Lachnospiraceae_bacterium,-9.413396818237826,0.091060402201948,0.10038431826398093,-1.6090152970736147,2.308957545209568,0.02150775411229781,0.02826922346978734,0.32656961930791645,-4.076903379088955,4.233840582633452,3.5510108146856747,-4.927020769670873,0.05522743641521565,0.051514030612552004,0.07096585547737988,0.038811380057003644,0.336624374340362,0.3139902818288884,0.4224943954002151,0.10036074034942358,FALSE,FALSE,FALSE,FALSE,TRUE,TRUE,TRUE,TRUE
Leuconostoc_carnosum,-6.8227724647664765,0.08459413503080343,0.0086474362456888,0.30797863871183095,2.3353677972892264,0.021726719177814637,0.027258311852154247,0.1746752376433819,-2.921498049551765,3.8935531102727796,0.31724034461823747,1.7631499625642542,1,1,1,1,1,1,1,1,FALSE,FALSE,FALSE,FALSE,FALSE,FALSE,FALSE,TRUE
Eubacterium_ventriosum,9.74158991586875,-0.030248399696237393,-0.13250800376345853,-4.579612503600523,2.32221783487816,0.021608976157493957,0.027409983259301128,0.22278614086181228,4.194950951438138,-1.3998071669743268,-4.8342971431218995,-20.55609242965038,0.14897816927984817,0.3949045637782292,0.1298566976630901,0.030945486611274695,0.5139434529367649,0.7717218956276845,0.4374120342335666,0.09002323377825366,FALSE,FALSE,FALSE,FALSE,TRUE,TRUE,TRUE,TRUE
GGB3819_SGB5184,4.945111882124357,-0.06894715217044947,-0.014260471282550561,0.5274136286636744,2.3694564042893105,0.02174506795762902,0.02866494866236001,0.31358999534858106,2.087023788735874,-3.1707029982520756,-0.4974881152072674,1.681857318430745,0.1721592741842574,0.08672505279794994,0.6681564363913184,0.2346209794225898,0.527282552744142,0.40893460776619905,1,0.3730619300135589,FALSE,FALSE,FALSE,FALSE,TRUE,TRUE,TRUE,TRUE
Pseudoflavonifractor_phocaeensis,-16.202079447426122,0.15536491104952083,0.2107178209439912,-3.810426329259344,2.317095133200212,0.021545369513962857,0.027097451927819722,0.17994380317937944,-6.992410115267442,7.21105808600005,7.776296513239933,-21.175646295865317,0.0904312108093875,0.08772433526950657,0.08141985622968066,0.03004145192385916,0.4500050898563146,0.40893460776619905,0.42567794937397413,0.08839783554606832,FALSE,FALSE,FALSE,FALSE,FALSE,TRUE,FALSE,TRUE
Bacteroides_caccae,2.0049193165359758,-0.0071784510037002005,-0.05090257744340735,-0.6049085841196478,2.3630944261912443,0.021711015704947406,0.028013139728112504,0.30459642973495404,0.848429624442658,-0.3306363507472572,-1.8170964746348734,-1.9859345844795742,0.434924584318099,0.7543245136063921,0.12888984959405178,0.10378779617692481,0.8358583657599414,1,0.4374120342335666,0.188437417172289,FALSE,FALSE,FALSE,FALSE,TRUE,TRUE,TRUE,TRUE
Alistipes_onderdonkii,-6.858698462556508,0.08614032457899905,0.06404409800356105,-2.065766977708377,2.2408462992421674,0.02067465363506855,0.026582386459817236,0.27362115661906605,-3.0607625631780517,4.166470021673639,2.4092681859234912,-7.549734104020059,0.018303782695489424,0.004207636445908902,0.046824293390797196,1.316920798313427e-4,0.20612055812796007,0.08046106557736922,0.3366117439374507,0.003286442902257498,FALSE,FALSE,FALSE,TRUE,TRUE,TRUE,TRUE,FALSE
Bacteroides_thetaiotaomicron,-2.2016716477542504,0.02949986650934428,0.021697727693010132,-1.4992206793075402,2.2487014730247066,0.020764850331797594,0.026800728245744684,0.25915377151759467,-0.9790857853589624,1.42066357512679,0.8095947055638391,-5.785062168025418,0.3653491665068856,0.2052345840967927,0.4490801349407747,0.0011669898973241495,0.7805461400097118,0.5730661263339089,0.8449417338582412,0.010777050719328466,FALSE,FALSE,FALSE,TRUE,TRUE,TRUE,TRUE,FALSE
GGB3433_SGB4573,-6.602067976762816,0.06766851017495538,0.005466445071104328,1.2151514330765463,2.3298946480269223,0.02150092690637908,0.027974084804513195,0.32027983069461874,-2.833633693417767,3.147236882837777,0.19541104237384735,3.794030459055575,0.10524424274086311,0.08785704463726933,0.8631240173079658,0.06297859573114148,0.4663064788658991,0.40893460776619905,1,0.13663152972179846,FALSE,FALSE,FALSE,FALSE,TRUE,TRUE,TRUE,TRUE
Klebsiella_pneumoniae,-4.608802820833824,0.018320843318764785,-0.1350141936513275,6.318783479572702,2.4001582872211507,0.022121924814274694,0.029118674271626878,0.34610556494664646,-1.9202078651945045,0.8281758243271322,-4.636687521961973,18.256809827795653,0.30566068318786077,0.5596585260903278,0.1352292593805027,0.03483545371598358,0.7198798284020335,0.9125642208861398,0.4416159396488905,0.09387238053991365,FALSE,FALSE,FALSE,FALSE,TRUE,TRUE,TRUE,TRUE
Blautia_SGB4815,-3.40552797790888,0.04367237147433318,0.005388376506867808,-0.4020508875577762,2.239850689281017,0.02109051160020226,0.027524263931810494,0.3222252507606211,-1.5204263365439064,2.070711811178367,0.19576823272066957,-1.2477324064725672,0.17921768605475555,0.083804858418278,0.8512533424151724,0.25861693373204914,0.5324587196086092,0.40893460776619905,1,0.4086786113296579,FALSE,FALSE,FALSE,FALSE,TRUE,TRUE,TRUE,TRUE
Faecalibacillus_intestinalis,-0.5483854355068412,0.012530962582234366,-0.003274670386900455,-1.1013595655708857,2.2964895752968597,0.021288986625350184,0.027097566210551684,0.24529034240696743,-0.23879291306425945,0.5886124503132963,-0.12084739867247973,-4.490024167945398,0.8266490552571233,0.5975016333448312,0.9114514950992106,0.020612979552517847,1,0.9442001119523258,1,0.06943319428216538,FALSE,FALSE,FALSE,FALSE,TRUE,TRUE,TRUE,TRUE
Lentihominibacter_faecis,-4.181062358042148,0.03395134618954446,0.03923715722892259,0.5380860552789947,2.284746226137306,0.021236907581286688,0.02672323345569971,0.1895480581155151,-1.829989830035014,1.5986953872446732,1.46827880293632,2.8387843200750296,0.16467144640156614,0.20818417870724032,0.23833759409365501,0.06571230377507156,0.5267074851165056,0.5730661263339089,0.5597653586052815,0.13884583211049165,FALSE,FALSE,FALSE,FALSE,TRUE,TRUE,TRUE,TRUE
Roseburia_intestinalis,-2.1339750619859346,0.006776930995804606,0.03214558942737758,-0.1042140330479767,2.3062468625620083,0.021233030038239495,0.029118331799332976,0.3292421395110204,-0.9253020986726906,0.31916928406354317,1.1039639787370632,-0.3165270193018183,0.39727159010100754,0.7625014994820514,0.3198832933469689,0.7643906958099994,0.8011564122351342,1,0.6652975404426112,0.983336774509346,FALSE,FALSE,FALSE,FALSE,TRUE,TRUE,FALSE,TRUE
Clostridium_sp_AM49_4BH,-21.66877530662402,0.21239698332854773,0.2197048674947582,-2.8186412669899283,2.3353677972892264,0.021726719177814637,0.027258311852154247,0.1746752376433819,-9.27852791829022,9.775842435770437,8.060105434496846,-16.13646733800062,1,1,1,1,1,1,1,1,FALSE,FALSE,FALSE,FALSE,TRUE,TRUE,FALSE,TRUE
Roseburia_inulinivorans,3.3174859166664104,-0.03882852596515093,-0.06659255937104276,2.7016885260630668,2.299763995022521,0.021388052962816186,0.02697061064549847,0.19682345411977123,1.4425332007312879,-1.815430606640799,-2.469078666639585,13.726456220095763,0.28591858053575875,0.2111138242951259,0.1322586274394583,0.005265533467764418,0.6970967296871833,0.574948287442045,0.43971699512339385,0.0282113040856038,FALSE,FALSE,FALSE,TRUE,TRUE,TRUE,TRUE,FALSE
Ruminococcus_bicirculans,22.86962855352477,-0.22451789973887062,-0.2171073043494534,1.423705528051245,2.3279541833261423,0.0214494306826285,0.029454003577672975,0.4250840841154341,9.823916947046193,-10.467312772114905,-7.371062605357572,3.3492327312462478,0.0022420708760231903,0.0018615571975583588,0.005162118727414533,0.04408396059970167,0.08891759879825227,0.05295096028610442,0.20607423039785042,0.10547190573386567,FALSE,FALSE,FALSE,FALSE,TRUE,TRUE,TRUE,TRUE
Faecalibacterium_SGB15346,-10.951744966381685,0.11010451971537988,0.08875099059507832,-1.148066925912616,2.3162795235773315,0.021544398325775826,0.027055181401957236,0.1776608148385961,-4.728162061143416,5.110586893654407,3.2803694522136104,-6.462127999106773,0.13268883423023892,0.12301455608838013,0.18837236653483816,0.09774022976367987,0.5025486990919359,0.5049568264948057,0.48710430134261185,0.17946224750442913,FALSE,FALSE,FALSE,FALSE,TRUE,TRUE,TRUE,TRUE
Roseburia_hominis,1.219554508564817,-0.031708251059964034,0.006052846054636724,1.5151738114343463,2.2671062209585027,0.02106715250283601,0.02757581622532854,0.2992249262073556,0.5379344369886672,-1.5051037892138268,0.2194983461297204,5.063661743154271,0.6191570322400821,0.2067495271751889,0.8370080032849685,0.007162136015369912,0.9647314547885226,0.5730661263339089,1,0.033953829998790694,FALSE,FALSE,FALSE,TRUE,TRUE,TRUE,TRUE,FALSE
Lachnospiraceae_bacterium_CLA_AA_H244,-3.404523635617025,0.047151696895793946,0.026235024031298095,-2.1525990497939436,2.316393474934827,0.021548546225331557,0.02712450951020183,0.1940073508166407,-1.4697518674856451,2.188161391619283,0.9672073156357283,-11.095450975094225,0.38034288981980396,0.27289580647146816,0.5106112547009527,0.05722204509683202,0.7916079658038198,0.6520254304239822,0.8780968930293711,0.12849862758586839,FALSE,FALSE,FALSE,FALSE,TRUE,TRUE,TRUE,TRUE
Bacteroides_ovatus,-0.2208857490963233,-6.35084488234897e-4,0.0040872895342967935,-1.119465934426001,2.407096835822802,0.02280020063643655,0.02849212430163067,0.5429115688719122,-0.09176438014834554,-0.027854337703501656,0.14345330979981963,-2.061967360084224,0.9286974863149262,0.978326370206763,0.8887817307380956,0.06616871686515617,1,1,1,0.13884583211049165,FALSE,FALSE,FALSE,FALSE,TRUE,TRUE,TRUE,FALSE
Wansuia_hejianensis,-1.7142226068393314,0.012897867017143138,0.04065161239670337,-1.758295976153487,2.298417349850418,0.020952902488870793,0.027845378407409572,0.29875552978285125,-0.7458273872457906,0.6155646943899006,1.4599051879246898,-5.885400606413861,0.47711200611708204,0.5552852997898613,0.18244081888445488,3.677520773735671e-4,0.8696719453931023,0.9125642208861398,0.48710430134261185,0.004707226590381659,FALSE,FALSE,FALSE,TRUE,TRUE,TRUE,TRUE,FALSE
Clostridium_fessum,1.4833706887530926,-0.014488928751920004,-0.005116485118434627,-1.2073149392119626,2.344891048516978,0.02109081694127493,0.029019514368569883,0.37603272712967745,0.6325968490908128,-0.6869780716537837,-0.17631187942883464,-3.2106645302593884,0.5446495552724127,0.511515440198246,0.8644304563332016,0.012411908179310758,0.9138462040998688,0.8703721863323843,1,0.04911617550135179,FALSE,FALSE,FALSE,TRUE,TRUE,TRUE,TRUE,FALSE
GGB3109_SGB4121,-3.10882850030888,0.011305211060294182,0.056220861070543575,-0.21355541500158487,2.495314591859768,0.023960471649158543,0.03083240777646663,0.3641242957899171,-1.2458663570719786,0.47182756774703155,1.823434013916199,-0.5864904305226489,0.24121177241515976,0.6471764641970533,0.09822435640737813,0.5705471988389548,0.6113882548344644,1,0.4259401690373,0.7607295984519397,FALSE,FALSE,FALSE,FALSE,TRUE,TRUE,TRUE,TRUE
Clostridium_leptum,-1.9255084289021103,0.011439889350174802,-2.2154163260669534e-4,2.8282195655587157,2.3051164135111906,0.021324514373537613,0.027459712034971846,0.237760256742241,-0.8353193867415766,0.5364665825342775,-0.008067878946601725,11.895257871566086,0.46483636397555705,0.6288662101614858,0.9940693460666952,0.0012776405849418348,0.8623051389691493,0.9816448158618315,1,0.010777050719328466,FALSE,FALSE,FALSE,TRUE,TRUE,TRUE,TRUE,FALSE
GGB9359_SGB14334,-27.0090049206136,0.2732940353429856,0.21089974356573651,2.9520056781601927,2.3353677972892264,0.021726719177814637,0.027258311852154247,0.1746752376433819,-11.565203969997466,12.578707033782107,7.737080150437451,16.89996657790171,1,1,1,1,1,1,1,1,FALSE,FALSE,FALSE,FALSE,TRUE,TRUE,TRUE,TRUE
Gordonibacter_pamelaeae,-6.278138564394691,0.08242793618055866,0.009181412157784237,2.844988626201086,2.317893312923038,0.02154606174526511,0.027099024386141028,0.18354663248239908,-2.708553723931964,3.8256613739943797,0.3388096939194531,15.500086205470982,0.22515758445459755,0.1627659402758269,0.7920346836327351,0.041015172368408424,0.6000344548891425,0.5290245786524719,1,0.10229564861915852,FALSE,FALSE,FALSE,FALSE,TRUE,TRUE,TRUE,TRUE
Zhenpiania_hominis,-8.5215040350945,0.08868193039802,0.07037193992094448,-0.6719255164375664,2.321755811885455,0.02140337748422729,0.027431621604915437,0.28675919070207656,-3.6702843561202694,4.143361507471053,2.565358363952302,-2.3431699426703,0.06687312346154314,0.05360874428576655,0.12425536981291448,0.14384979111049426,0.3721634696990227,0.31915903574781945,0.4374120342335666,0.25051392193392197,FALSE,FALSE,FALSE,FALSE,TRUE,TRUE,TRUE,TRUE
Alistipes_dispar,-20.062158290095397,0.23483876428427802,0.1652942719236096,-0.2653494198283677,2.30563985497146,0.021395789548823787,0.027046046230608307,0.22289905511478172,-8.70134086502583,10.975933547504352,6.11158727283932,-1.1904465888907703,0.012951677811713533,0.008198800641433121,0.025743352672339258,0.356013056838713,0.1842016399888147,0.11660516467815994,0.25416244170237423,0.5274079517272595,FALSE,FALSE,FALSE,FALSE,TRUE,TRUE,TRUE,TRUE
Brotolimicola_acetigignens,-19.200678522852318,-0.07460258007983647,0.49728727839376113,-5.262882601007784,2.3353677972892264,0.021726719177814637,0.027258311852154247,0.1746752376433819,-8.22169362150984,-3.433679032221942,18.24350976285643,-30.129528787317412,1,1,1,1,1,1,1,1,FALSE,FALSE,FALSE,FALSE,TRUE,TRUE,FALSE,TRUE
Hydrogeniiclostridium_mannosilyticum,4.793579741127652,-0.04530591184814837,-0.03541948486718298,-2.6181739249233336,2.407732295160441,0.021275417710762495,0.029575003365048303,0.42853717405138886,1.990910596980728,-2.1294957619200905,-1.1976155819830498,-6.109560811658711,0.14055961133872696,0.1230699280125338,0.3170633649813578,0.008811786557152323,0.5025486990919359,0.5049568264948057,0.6652975404426112,0.03889340273501715,FALSE,FALSE,FALSE,TRUE,TRUE,TRUE,TRUE,FALSE
Lacrimispora_amygdalina,1.4240736762018065,-0.03129031047881895,-0.013908091446296553,0.6560310060128731,2.296657859514942,0.02136078327904853,0.026832964780211452,0.17422740745541296,0.6200634849905651,-1.4648484594434177,-0.51832108603047,3.7653720249539955,0.5984501843251747,0.2805683832765854,0.655876381236256,0.06385069197785016,0.9576138187529962,0.6520254304239822,1,0.13735947181789615,FALSE,FALSE,FALSE,FALSE,TRUE,TRUE,TRUE,TRUE
Dysosmobacter_welbionis,-7.749640192341333,0.0691400257861592,0.09232147477473684,-1.0783700881603016,2.2857910436243927,0.021127848030649418,0.027202989095017883,0.306081703639607,-3.390353730695068,3.2724594424316296,3.3937989112985067,-3.523144556951428,0.014669237032500495,0.016981907005908712,0.014607078976740875,0.012470903935890102,0.19764866738526982,0.1811403413963596,0.22461633447408283,0.04911617550135179,FALSE,FALSE,FALSE,TRUE,TRUE,TRUE,TRUE,FALSE
Massilimicrobiota_timonensis,-22.657766309768242,0.20650445821089342,0.27486174417551673,-3.851564206649704,2.3531177386718762,0.021690156899169227,0.027484940802520324,0.25178221631670133,-9.62882814463696,9.520653039573121,10.000448833068338,-15.297205112393874,0.06587983915384359,0.0666229528836329,0.06344820591745802,0.041557607251533145,0.3721634696990227,0.3790105764046672,0.4020409739756368,0.10229564861915852,FALSE,FALSE,FALSE,FALSE,TRUE,TRUE,TRUE,TRUE
Intestinimonas_massiliensis,-8.298375345298645,0.1918062571501934,-0.1210765110938046,2.758425286967547,2.3159759261945942,0.02154302370726398,0.027044675302879143,0.17360972633548793,-3.583100865359079,8.903404636068762,-4.476907551591679,15.888656385743587,0.17326414849679797,0.0712045436853942,0.13990419090001818,0.04001478530047609,0.527282552744142,0.38783751454172155,0.4417069086454491,0.1014236142269493,FALSE,FALSE,FALSE,FALSE,TRUE,TRUE,FALSE,TRUE
Alistipes_putredinis,-16.265680148892816,0.19367735582165044,0.11840670686258906,-2.991800811260354,2.3175721604385817,0.02155184720546794,0.027094548547662436,0.17772541747695536,-7.018413677274527,8.986577993765303,4.370130273781753,-16.83383757783708,0.09010062323018296,0.0705509325236863,0.1432096617873917,0.03777347291311618,0.4500050898563146,0.38783751454172155,0.4417069086454491,0.09867356189548716,FALSE,FALSE,FALSE,FALSE,TRUE,TRUE,FALSE,TRUE
Bittarella_massiliensis,15.051141492559239,-0.16596033541101143,-0.13860547663608522,-0.18226852514784875,2.300069298880629,0.021405994805352935,0.027131430959145244,0.21673703361649158,6.543777398308892,-7.7529840084568376,-5.108668129034499,-0.8409662257829291,0.022565561313769217,0.016232535698188635,0.03624598676290746,0.4888875697167291,0.24069932068020497,0.1806751799450561,0.309299087043477,0.6692792398261104,FALSE,FALSE,FALSE,FALSE,TRUE,TRUE,TRUE,TRUE
Rubneribacter_badeniensis,-8.870461788045569,0.07758186149087075,0.10215244511497869,-4.607042743034566,2.3353677972892264,0.021726719177814637,0.027258311852154247,0.1746752376433819,-3.798314680172408,3.570804264368195,3.7475704903899065,-26.37490468133975,1,1,1,1,1,1,1,1,FALSE,FALSE,FALSE,FALSE,TRUE,TRUE,FALSE,TRUE
Clostridium_methylpentosum,5.463215456960084,-0.021799448048847887,-0.07842283529606123,-2.694258487790874,2.300271698992527,0.02139513770171147,0.02703419323545699,0.20375389716043388,2.37503050589757,-1.018897300534975,-2.9008757395876312,-13.223101620821714,0.1407874110934766,0.4154445910765484,0.10112806743847033,0.005670573859140221,0.5025486990919359,0.7824125878925214,0.4259401690373,0.029625855264079518,FALSE,FALSE,FALSE,TRUE,TRUE,TRUE,TRUE,FALSE
GGB9715_SGB15265,0.6719992874473643,0.009992846729910902,-0.0032060871077181485,-2.9977046216313945,2.3358724622800313,0.021299558938168074,0.029723843192429305,0.40204885991201283,0.2876866345654119,0.469157448702098,-0.10786246875823724,-7.456070444491331,0.7878762613070687,0.6633868073559066,0.9192986304701288,0.0017288062054166262,1,1,1,0.013006488928706995,FALSE,FALSE,FALSE,TRUE,TRUE,TRUE,TRUE,FALSE
Enterocloster_citroniae,1.3887817144535215,-0.02956337209357304,0.009362639224648407,-1.6251855234933286,2.414283029818148,0.022004822786365168,0.03012629231343105,0.36707492758626126,0.5752356692653923,-1.3434951228914858,0.31077967136614115,-4.4273945218212045,0.5959414056134742,0.25026662299496427,0.7714893908387597,0.011445087949937304,0.9576138187529962,0.6471540958253622,1,0.04883237525306583,FALSE,FALSE,FALSE,TRUE,TRUE,TRUE,FALSE,FALSE
GGB9730_SGB15291,NA,NA,NA,NA,NA,NA,NA,NA,NA,NA,NA,NA,1,1,1,1,1,1,1,1,FALSE,FALSE,FALSE,FALSE,TRUE,TRUE,TRUE,TRUE
Akkermansia_muciniphila,-19.375764079445332,0.18271363602311252,0.1587891636926779,0.798143587474424,2.354123465565422,0.021195566674124706,0.028541737105048235,0.46602688243937485,-8.23056409863855,8.62037042143191,5.563402224197228,1.712655680497689,0.0011881121129380162,9.955347981563268e-4,0.005112011426244011,0.1619363557052733,0.07603917522803304,0.04589499419772951,0.20607423039785042,0.27637138040366643,FALSE,TRUE,FALSE,FALSE,TRUE,FALSE,TRUE,TRUE
Mediterraneibacter_butyricigenes,-6.010236544590118,0.06232970172405678,0.0530736261234617,-0.5845832474496622,2.2419135021761285,0.020832664315695578,0.02658671933003153,0.21600907343517287,-2.6808512187273243,2.9919217618793406,1.9962457746154254,-2.7062902412064798,0.043775475492192226,0.030380091346921077,0.10242943137343591,0.0424638151449377,0.3125583770417656,0.23981855465931975,0.4259401690373,0.10353082549622908,FALSE,FALSE,FALSE,FALSE,TRUE,TRUE,FALSE,TRUE
Alistipes_communis,-9.626501102297649,0.07491401451952699,0.13519131679864047,-1.2310886576201485,2.328932963144628,0.021565617050895693,0.027395130840962945,0.2506909220634098,-4.133438469306356,3.473770972688934,4.93486662222813,-4.9107827578565315,0.15111343810152228,0.17844007631992184,0.12728095763326336,0.12788855945642877,0.5139434529367649,0.5379256818033584,0.4374120342335666,0.22735743903365113,FALSE,FALSE,FALSE,FALSE,TRUE,TRUE,TRUE,TRUE
Vescimonas_coprocola,9.801003583811568,-0.09338102232745575,-0.07512696790779551,-1.6649351609446936,2.7472880743481576,0.024113320162277387,0.037501092234131214,0.6454116665946167,3.567519429551278,-3.872590821132131,-2.0033274614710956,-2.579648381209756,0.007320072823452056,0.004724004457945828,0.08010221743844112,0.03263415810866414,0.1501978575077594,0.0806230094156088,0.42567794937397413,0.09282604973131132,FALSE,FALSE,FALSE,FALSE,TRUE,TRUE,TRUE,TRUE
Eisenbergiella_tayi,2.4785076748183124,-0.03600515025516213,-0.013617767139106663,-0.6362904989634282,2.2993736528983377,0.021059326154136207,0.027484215160121273,0.30451779882539265,1.0779055729781795,-1.709700965341213,-0.4954759326315278,-2.089501833448726,0.3417424132471315,0.16249764507610917,0.6462497049572955,0.10488975812164615,0.7674215595725058,0.5290245786524719,1,0.18909702872634798,FALSE,FALSE,FALSE,FALSE,TRUE,TRUE,TRUE,TRUE
Oscillospiraceae_bacterium_Marseille_Q3528,1.6383821998929673,-0.023275964267504463,-0.01569680250575669,0.9387760810290543,2.3353677972892264,0.021726719177814637,0.027258311852154247,0.1746752376433819,0.7015521074644928,-1.071305983982698,-0.5758538016181717,5.3744084948415285,1,1,1,1,1,1,1,1,FALSE,FALSE,FALSE,FALSE,TRUE,TRUE,TRUE,TRUE
Clostridium_sp_AM29_11AC,NA,NA,NA,NA,NA,NA,NA,NA,NA,NA,NA,NA,1,1,1,1,1,1,1,1,FALSE,FALSE,FALSE,FALSE,TRUE,TRUE,FALSE,FALSE
Clostridium_sp_C5_48,10.880897233710181,-0.11578595317075337,-0.11490755266342358,-1.0644603893205846,2.3599053468170568,0.02155643307093224,0.0278835360405476,0.2918488848008214,4.610734599328692,-5.371294628835643,-4.120982091235762,-3.6472998347999472,0.13596756221671888,0.11718101218829335,0.15155316594138787,0.1703591029238649,0.5025486990919359,0.49997231867005165,0.45113500559296854,0.2850452963954864,FALSE,FALSE,FALSE,FALSE,TRUE,TRUE,TRUE,TRUE
Escherichia_marmotae,2.169169501363305,-0.013863364774486303,-0.09682158606377447,1.0751476871236196,2.4282966882050645,0.022500291386290342,0.027659533016604138,0.25547000156069083,0.8932884980239792,-0.6161415661902669,-3.500477972844012,4.208508555037534,0.43751961332746936,0.581396607028358,0.039467443212555964,0.024500396258244912,0.8358583657599414,0.9302345712453729,0.3198832115873377,0.0774333511371691,FALSE,FALSE,FALSE,FALSE,TRUE,TRUE,TRUE,TRUE
Bilophila_wadsworthia,-0.2729723291811323,0.024120556437978863,-0.023020591528476766,-2.2904169697495482,2.376491943432398,0.021913936412933377,0.0283637467031249,0.3446165759637177,-0.11486356178715877,1.1006948265005991,-0.811620261928955,-6.6462762661500365,0.9117786584400611,0.30743362705162786,0.44372796732979236,2.9152559217834575e-4,1,0.6793532038788943,0.8449417338582412,0.0040452688620826426,FALSE,FALSE,FALSE,TRUE,TRUE,TRUE,TRUE,FALSE
Eubacterium_brachy,-4.406345706792199,0.09909119531701736,-0.07631437934674777,-1.5588509185742738,2.2970371535889917,0.021361426450792125,0.026839521228252304,0.17535963751848968,-1.9182735899188792,4.638791119370348,-2.8433584450983553,-8.889451076847207,0.1950942375973416,0.043464511854424556,0.10463442017205342,0.012419395607870339,0.5614370052335977,0.292813553545597,0.4259401690373,0.04911617550135179,FALSE,FALSE,FALSE,TRUE,TRUE,TRUE,TRUE,FALSE
Prevotella_bivia,-0.26862955054440363,0.060631625610620535,-0.09423814001377284,-0.5363785862884056,2.3353677972892264,0.021726719177814637,0.027258311852154247,0.1746752376433819,-0.1150266569814891,2.7906480087675676,-3.4572258372018414,-3.0707190871752506,1,1,1,1,1,1,1,1,FALSE,FALSE,FALSE,FALSE,TRUE,TRUE,TRUE,TRUE
Bifidobacterium_adolescentis,-9.217184627475037,0.07663977095818932,0.1170299205301288,0.5482328597253974,2.3270207163791703,0.02179405367379369,0.028002980892644625,0.4343330093526834,-3.9609379334692467,3.5165450221105483,4.179195099935534,1.2622408334620177,0.016664553397380693,0.024526433249378123,0.013927352324116538,0.27544148701130367,0.20612055812796007,0.22128058728877234,0.22461633447408283,0.429957443139596,FALSE,FALSE,FALSE,FALSE,TRUE,TRUE,TRUE,TRUE
Evtepia_gabavorous,-14.96822438537184,0.1712003031138928,0.12238105189450674,-3.2973573830224705,2.267299583525004,0.021101378800580762,0.026521766249820108,0.21502676709834076,-6.60178500191868,8.113228274409298,4.614362812104824,-15.334636833908453,0.0027279222854380216,0.0012549412475941664,0.009923041177485334,1.0549795195622496e-4,0.08891759879825227,0.04589499419772951,0.2189965455776193,0.0030008306334215096,FALSE,TRUE,FALSE,TRUE,TRUE,FALSE,TRUE,FALSE
Blautia_hydrogenotrophica,3.505582027103381,-0.012999770315468494,-0.09530130560936723,0.0028925229948292843,2.3183687100599197,0.02156076270769473,0.027065865864220183,0.18372286220520162,1.5120899500980485,-0.6029364773273563,-3.5210883733577916,0.01574394694329659,0.3719790198483783,0.6545854681624359,0.17616345100702188,0.9899779200899447,0.7805461400097118,1,0.4849230479333076,1,FALSE,FALSE,FALSE,FALSE,TRUE,TRUE,TRUE,TRUE
Bacteroides_faecis,16.17278505806446,-0.19979537612975407,-0.13283344355141646,0.4844372993161758,2.3353677972892264,0.021726719177814637,0.027258311852154247,0.1746752376433819,6.925155462380268,-9.195837369397541,-4.8731353677325595,2.7733598983572367,1,1,1,1,1,1,1,1,FALSE,FALSE,FALSE,FALSE,TRUE,TRUE,TRUE,TRUE
Bacteroides_stercoris,-30.96626827192898,0.3334073760586505,0.3702849224737527,-0.05048479912723386,2.320467343719778,0.0215876851017007,0.027067817776041447,0.18749081853895358,-13.344841225944224,15.444332010956764,13.679895643508551,-0.269265447346399,0.04761631525245648,0.04116282595956484,0.04645426122501569,0.8325517692739657,0.3125583770417656,0.2927134290457944,0.3366117439374507,1,FALSE,FALSE,FALSE,FALSE,TRUE,TRUE,TRUE,TRUE
Enterocloster_hominis,21.35108332420762,-0.2358128210237459,-0.014447561480407834,-1.2053436034043412,2.3389779755076145,0.0212826027430784,0.028086130501611746,0.41314998683409354,9.12838151867331,-11.080074362635827,-0.5144019920999352,-2.9174480014890203,0.0027786749624453834,0.0015748967015506694,0.6424672853330857,0.06162337356270358,0.08891759879825227,0.05039669444962142,1,0.13571898963580778,FALSE,FALSE,FALSE,FALSE,TRUE,TRUE,TRUE,TRUE
Firmicutes_bacterium,NA,NA,NA,NA,NA,NA,NA,NA,NA,NA,NA,NA,1,1,1,1,1,1,1,1,FALSE,FALSE,FALSE,FALSE,TRUE,TRUE,TRUE,FALSE
Slackia_isoflavoniconvertens,-3.2309323546554314,0.017511649555456286,0.0624238317995187,1.9421074860186067,2.327683920959324,0.0215784181301122,0.027318449746428747,0.22975380854125213,-1.388045999528942,0.8115353706590368,2.2850429793396008,8.452993655902347,0.39744868888227364,0.5659938710398976,0.2626173173273663,0.07496451760957165,0.8011564122351342,0.9170533606722392,0.5846089846591807,0.15070932031458673,FALSE,FALSE,FALSE,FALSE,TRUE,TRUE,TRUE,TRUE
Faecalibacterium_sp_CLA_AA_H233,-33.71413084355033,0.338903123945025,0.2682300355264666,-1.32001316746869,2.313027291044984,0.02143838090056614,0.027388013023228193,0.31652658803095685,-14.575760076016609,15.808242493539954,9.793701912547531,-4.170307384539811,0.004673954065339354,0.003977732109590639,0.010265463073950905,0.05297210494685687,0.10877565824789769,0.08046106557736922,0.2189965455776193,0.12107909702138712,FALSE,FALSE,FALSE,FALSE,TRUE,TRUE,TRUE,TRUE
GGB3730_SGB5060,2.0068152063272833,7.613876601804656e-4,-0.042215809713216236,-0.937208908570384,2.3353677972892264,0.021726719177814637,0.027258311852154247,0.1746752376433819,0.8593144123408271,0.035043839520783514,-1.5487316288033401,-5.365436573693381,1,1,1,1,1,1,1,1,FALSE,FALSE,FALSE,FALSE,TRUE,TRUE,TRUE,TRUE
GGB3600_SGB4859,16.01937403306318,-0.0701297670983767,-0.20419927643141925,-8.404375296948745,2.3160349771352218,0.02154403265994534,0.027048055399165084,0.17413122709147064,6.916723707203273,-3.2551829179484097,-7.549499341742787,-48.26460731557327,0.0914072838770639,0.1897453707026765,0.08383804032300245,0.013188311991046923,0.4500050898563146,0.5583312057458067,0.4259401690373,0.050391162234447943,FALSE,FALSE,FALSE,FALSE,TRUE,TRUE,TRUE,TRUE
Neobittarella_massiliensis,1.9497443409526374,-0.029731921934757075,-0.006020789070989446,0.43687624346055715,2.3184846926894043,0.021490719338362295,0.027433559874157094,0.282794030031104,0.8409563138805829,-1.3834772799663206,-0.2194680201405847,1.5448566697553903,0.4621158546099745,0.2604923436661303,0.8403701761529967,0.2200884116256311,0.8623051389691493,0.6520254304239822,1,0.35214145860100976,FALSE,FALSE,FALSE,FALSE,TRUE,TRUE,TRUE,TRUE
Eubacterium_siraeum,36.910368814854586,-0.37219283570070333,-0.33390297137951236,5.8373566602684335,2.3353677972892264,0.021726719177814637,0.027258311852154247,0.1746752376433819,15.804948949667896,-17.13065063595764,-12.249583656924951,33.41834102545216,1,1,1,1,1,1,1,1,FALSE,FALSE,FALSE,FALSE,FALSE,TRUE,FALSE,TRUE
GGB3444_SGB4594,NA,NA,NA,NA,NA,NA,NA,NA,NA,NA,NA,NA,1,1,1,1,1,1,1,1,FALSE,FALSE,FALSE,FALSE,TRUE,TRUE,TRUE,FALSE
Lacticaseibacillus_paracasei,3.950010107284122,-0.02058136325160684,-0.09509979756130253,-0.32492669462824214,2.4341840640400467,0.022209574259598592,0.03083489437266275,0.4211255132804922,1.6227244955043536,-0.9266887789491027,-3.084161612877618,-0.7715673460321164,0.14330490247543484,0.3811947409049834,0.015021857291341818,0.46255013106300646,0.5025486990919359,0.7623894818099668,0.22461633447408283,0.6470469671995059,FALSE,FALSE,FALSE,FALSE,TRUE,TRUE,TRUE,TRUE
GGB9719_SGB15272,NA,NA,NA,NA,NA,NA,NA,NA,NA,NA,NA,NA,1,1,1,1,1,1,1,1,FALSE,FALSE,FALSE,FALSE,TRUE,TRUE,TRUE,FALSE
Christensenella_hongkongensis,18.37991382043497,-0.17545609673348075,-0.20612186707127,3.591085638949588,2.3353677972892264,0.021726719177814637,0.027258311852154247,0.1746752376433819,7.870243754225532,-8.075590948523912,-7.561798697925602,20.55864178230673,1,1,1,1,1,1,1,1,FALSE,FALSE,FALSE,FALSE,TRUE,TRUE,TRUE,TRUE
Odoribacter_splanchnicus,1.8460060046626638,-0.014216652968644534,-0.056300822443804806,0.7250416757785453,2.2970404889319824,0.021363434876048595,0.026848592868650916,0.1775121649613058,0.8036453922155161,-0.6654666279617514,-2.096974791909599,4.084461906802783,0.5059371668307411,0.5742268688431682,0.17092324323395117,0.05503977253576656,0.8932407910942739,0.9245413737349124,0.4849230479333076,0.12469187406332954,FALSE,FALSE,FALSE,FALSE,TRUE,TRUE,TRUE,TRUE
Limosilactobacillus_reuteri,-6.948736382758348,0.04873324800209423,-0.015283285448734482,4.554184479588273,2.3607775886722666,0.021922124717163528,0.027884077588827563,0.3138131576468555,-2.9434100086770187,2.223016638708356,-0.5481008077117855,14.512407681494508,0.20849757308477485,0.26911202910665094,0.6808090775107086,0.043798042763041174,0.5801671598880691,0.6520254304239822,1,0.10547190573386567,FALSE,FALSE,FALSE,FALSE,TRUE,TRUE,TRUE,TRUE
Anaerotruncus_colihominis,-13.865727967979252,0.1181437666565181,0.18493802762654843,-1.7251175306551638,2.43252425843854,0.022091927657398182,0.02746301003506246,0.32698223075767135,-5.700139647067608,5.347825164408137,6.734077123754283,-5.275875470840676,0.029425503151719566,0.03323276499010963,0.021348180244258424,0.03409921382102415,0.25975616575311067,0.2502231716902372,0.25416244170237423,0.09364464697496139,FALSE,FALSE,FALSE,FALSE,TRUE,TRUE,TRUE,TRUE
Clostridiales_bacterium,-3.3551682170813186,0.014787996737297521,0.036519573194474624,0.6632861307665067,2.3353677972892264,0.021726719177814637,0.027258311852154247,0.1746752376433819,-1.436676578728123,0.6806364373870901,1.3397591674991587,3.79725334692646,1,1,1,1,1,1,1,1,FALSE,FALSE,FALSE,FALSE,TRUE,TRUE,TRUE,TRUE
Lachnoclostridium_pacaense,-10.551151381680762,0.10449021468913325,0.10678592241979247,-1.2436878600084227,2.3353677972892264,0.021726719177814637,0.027258311852154247,0.1746752376433819,-4.517982732282252,4.809295588255645,3.917554505905805,-7.120000961713554,1,1,1,1,1,1,1,1,FALSE,FALSE,FALSE,FALSE,TRUE,TRUE,TRUE,TRUE
Lactonifactor_longoviformis,-58.47002434051044,-0.2929424544266601,1.0679307119265498,18.561687924742568,2.3353677972892264,0.021726719177814637,0.027258311852154247,0.1746752376433819,-25.036751987579603,-13.483050617498959,39.17816766199152,106.26399125122836,1,1,1,1,1,1,1,1,FALSE,FALSE,FALSE,FALSE,TRUE,TRUE,FALSE,TRUE
GGB9534_SGB14937,-166.11282927140073,1.8276089365304518,1.6479017800185412,-53.63382099824277,2.3353677972892264,0.021726719177814637,0.027258311852154247,0.1746752376433819,-71.12919406708265,84.11803556593307,60.45501970028661,-307.0487936460801,1,1,1,1,1,1,1,1,FALSE,FALSE,FALSE,FALSE,TRUE,TRUE,TRUE,TRUE
Parasutterella_excrementihominis,16.64706978378819,-0.15449683501386305,-0.15978311467362458,-0.32602969411219496,2.297419660971374,0.021365340968836324,0.026856217305756894,0.17625866508175955,7.245985601407114,-7.231189768476595,-5.949576325455689,-1.849722928293837,0.018518643894308913,0.018592401363801848,0.027107184771510896,0.2055840526758352,0.20612055812796007,0.19038618996533094,0.25416244170237423,0.3395452740968633,FALSE,FALSE,FALSE,FALSE,TRUE,TRUE,TRUE,TRUE
GGB3511_SGB4688,3.1263889879190594,-0.030629388916410302,-0.041045611039713666,0.30161178292432494,2.315747840734203,0.021829255970493254,0.026924300897245054,0.2694293769690947,1.3500558795416362,-1.4031348094416156,-1.5244819613464329,1.119446536666719,0.23489209294721836,0.2195231642414892,0.18789872185902204,0.3138239720324272,0.601323757944879,0.5915571583770657,0.48710430134261185,0.4753783244988246,FALSE,FALSE,FALSE,FALSE,TRUE,TRUE,TRUE,TRUE
Enterococcus_avium,-9.421446114129742,0.0531389497963103,0.1880641259935952,2.4658693282171824,2.376645378459808,0.021894867549803295,0.028193405939059293,0.29324793694389545,-3.964178332837917,2.427004852869626,6.670500414178415,8.4088207198162,0.1573111192164221,0.24881282791686993,0.09473260873984285,0.07535466015729336,0.5163031605051802,0.6471540958253622,0.4259401690373,0.15070932031458673,FALSE,FALSE,FALSE,FALSE,TRUE,TRUE,TRUE,TRUE
Coprobacillus_cateniformis,40.98417242639818,-0.4318970441628122,-0.41702719161970003,3.07421012662644,2.3353677972892264,0.021726719177814637,0.027258311852154247,0.1746752376433819,17.54934382240368,-19.878613085947485,-15.299083592615881,17.599576036660487,1,1,1,1,1,1,1,1,FALSE,FALSE,FALSE,FALSE,TRUE,TRUE,TRUE,TRUE
Lawsonella_SGB3665,7.90346349815931,-0.07538467114740512,-0.1620047869369314,1.4145125431031713,2.3816654789545617,0.02220636146627115,0.027607865236131762,0.3728967270879748,3.318460786368939,-3.3947331381552783,-5.868066420612189,3.7933090862700327,0.04510591597474149,0.04262609808718904,0.009870685842480477,0.032150555118892796,0.3125583770417656,0.292813553545597,0.2189965455776193,0.09247800124086017,FALSE,FALSE,FALSE,FALSE,TRUE,TRUE,TRUE,TRUE
Faecalibacillus_faecis,8.53956562549598,-0.14476788457553735,-0.01141450561173177,4.698952810144483,2.3353677972892264,0.021726719177814637,0.027258311852154247,0.1746752376433819,3.6566255796659797,-6.6631267882985865,-0.41875321089738254,26.90108153588373,1,1,1,1,1,1,1,1,FALSE,FALSE,FALSE,FALSE,TRUE,TRUE,TRUE,TRUE
Eubacterium_sp_c_25,73.80004693639383,-1.124958280960039,-0.5684260699500479,58.902083526290575,2.3353677972892264,0.021726719177814637,0.027258311852154247,0.1746752376433819,31.60103818424536,-51.7776417025146,-20.853311570911707,337.20912203105433,1,1,1,1,1,1,1,1,FALSE,FALSE,FALSE,FALSE,TRUE,TRUE,TRUE,TRUE
Anaerococcus_obesiensis,11.182571424676345,-0.10908713446324035,-0.21142779410783957,1.095231751671063,2.3207768956794133,0.021568188142833778,0.02720818545308923,0.22763872660775974,4.818460337783835,-5.057779250663923,-7.770742171409081,4.8112716495653105,0.13027170039330413,0.1242667190202061,0.08147741999736224,0.1304609439013814,0.5025486990919359,0.5049568264948057,0.42567794937397413,0.22875343588187425,FALSE,FALSE,FALSE,FALSE,TRUE,TRUE,TRUE,TRUE
