taxon,lfc_(Intercept),lfc_ALT,lfc_Age,lfc_Sexmale,se_(Intercept),se_ALT,se_Age,se_Sexmale,W_(Intercept),W_ALT,W_Age,W_Sexmale,p_(Intercept),p_ALT,p_Age,p_Sexmale,q_(Intercept),q_ALT,q_Age,q_Sexmale,diff_(Intercept),diff_ALT,diff_Age,diff_Sexmale,passed_ss_(Intercept),passed_ss_ALT,passed_ss_Age,passed_ss_Sexmale
Cutibacterium_acnes,1.0590304980781895,0.013285532170874735,-0.022303176386410644,-0.4958802658458,0.5579805024539558,0.00846953073386729,0.009808634645423189,0.22136061916516633,1.89797043699673,1.5686267147894748,-2.273830883977062,-2.2401467240015402,0.090180238117904,0.15118005390209463,0.04905485494408791,0.05183083649582225,0.2157583267119946,0.2888215955144494,0.16309146578813644,0.1145587873544105,FALSE,FALSE,FALSE,FALSE,TRUE,TRUE,TRUE,TRUE
Staphylococcus_aureus,3.394618682771168,-0.006139798870485603,-0.10195998939428874,0.02148000853142331,0.5864779161641336,0.009353161334292094,0.009622340460083768,0.2753272141136841,5.78814408728928,-0.6564410311169193,-10.596173541899505,0.07801629272489605,0.010257669505213297,0.5583990778469587,0.001795854674120755,0.9427272464846006,0.05587156156031072,0.8198279532042485,0.032838485469636663,1,FALSE,FALSE,TRUE,FALSE,TRUE,TRUE,FALSE,TRUE
Streptococcus_mitis,-4.177543836591156,0.03786912351030783,0.022696149155702085,3.473009592166902,0.5985909866650374,0.008812202397218156,0.011063941042304426,0.2801782561688038,-6.97896214553068,4.297350628517383,2.0513620841723927,12.395714213006087,2.1555155934334773e-4,0.0035782245599134416,0.0793706642462053,5.1127463601239885e-6,0.01542743456445161,0.02348783300866259,0.21615840475562295,5.326551731916295e-4,TRUE,TRUE,FALSE,TRUE,FALSE,FALSE,TRUE,TRUE
Streptococcus_sanguinis,-0.9755593748157504,0.028949822541616745,-0.007701067330219434,1.2758246946303442,0.6757741723858368,0.009315000777172292,0.014370067888485128,0.46207357097947654,-1.4436174312071068,3.107871189078408,-0.535910295621524,2.7610856252304705,0.17943380869264786,0.011100845647659625,0.6037353115510737,0.020092327787319585,0.3430071048716678,0.049856429575453755,0.8586457764281938,0.06147243863132092,FALSE,TRUE,FALSE,FALSE,TRUE,FALSE,TRUE,TRUE
Actinomyces_sp_ICM47,1.36826372701523,-0.029533335622783957,-0.043125344062529755,1.2189931299161378,0.515412629596397,0.0073681297630451776,0.00915182267697491,0.14214546892759503,2.6546957688768185,-4.008254003737593,-4.712213685152456,8.575673492181867,0.11742294859401167,0.05697538649503211,0.04220445829861538,0.0133264352350636,0.2622521219908362,0.14430088400461002,0.1500712493596591,0.04548756560235043,FALSE,FALSE,FALSE,TRUE,TRUE,TRUE,TRUE,FALSE
Enterocloster_clostridioformis,0.2775293188397087,0.01888859213545246,-0.01682410291668748,0.1384558316225695,1.0952040372822907,0.017004440071371255,0.02114214547424374,0.6934794152836715,0.25340421455018347,1.1108035346164307,-0.7957613827406173,0.1996538449031445,0.8025424912413266,0.27982934841746043,0.4355144060891444,0.8437672762835987,1,0.4775754212991325,0.6519981751977834,1,FALSE,FALSE,FALSE,FALSE,TRUE,TRUE,TRUE,TRUE
Ruminococcus_gnavus,0.8620206907752327,0.012048234316253268,-0.016066403293796598,-0.4040827224178472,0.8304580368874351,0.0113742846138452,0.015801439330997837,0.49051664251184,1.038006319989502,1.0592520519125845,-1.0167683435191235,-0.8237900356420497,0.3081484713760265,0.2985376388597456,0.31796939625506127,0.4170208895871782,0.5294362998138442,0.4995139578306855,0.4968964147397485,0.624311975054489,FALSE,FALSE,FALSE,FALSE,TRUE,TRUE,TRUE,TRUE
Longicatena_caecimuris,-4.6916636780310546,0.4466564314415337,-0.5081648672390033,10.04800022357915,0.5282368806030646,0.007642988275555049,0.009285859363541172,0.15559791358240366,-8.881741980368334,58.44002572529089,-54.724592236901394,64.5767028120065,0.012440563497636049,2.9267694192051e-4,3.337470782463038e-4,2.3971327495524736e-4,0.06499559704887405,0.005763484394742351,0.014623418517994303,0.002556941599522638,FALSE,TRUE,TRUE,TRUE,FALSE,FALSE,FALSE,FALSE
Clostridium_symbiosum,0.4730695791111316,-2.2350188481540584e-4,-4.2729187452234245e-4,0.18902114626026134,0.9205040860208125,0.013635185260827338,0.016401610240907978,0.5522824936193752,0.5139244749647266,-0.016391554682979384,-0.026051824683445714,0.3422544593465457,0.6132301732150378,0.987092921073057,0.9794876825749235,0.7359163164291822,0.8813897249539663,1,1,0.9467064171149279,FALSE,FALSE,FALSE,FALSE,TRUE,TRUE,TRUE,TRUE
Eisenbergiella_massiliensis,4.710431127372069,-0.14607533837613437,-0.04608428193034763,1.2942903661248095,0.5269875671204797,0.007536687457648841,0.009772811588705466,0.17021956329994858,8.938410355884491,-19.381902088547573,-4.715560257358045,7.603652253790035,0.07092798994657182,0.032816994799841855,0.13303321007636965,0.0832477564076405,0.18719139614765345,0.10070151805265834,0.29614349373522286,0.1566840003304461,FALSE,FALSE,FALSE,FALSE,TRUE,TRUE,TRUE,TRUE
Streptococcus_thermophilus,-0.528733067589869,0.00221175875875351,0.019740909991734244,0.6284543966794401,1.0144340845070567,0.013053264444220466,0.020152174725038326,0.7692146865983555,-0.5212098801341005,0.16944104428473447,0.9795920421038677,0.8170077972101785,0.6064696174877122,0.8667128675737137,0.3359840361063765,0.4210748879451186,0.8776250030432509,1,0.5181440556821229,0.626716112290409,FALSE,FALSE,FALSE,FALSE,TRUE,TRUE,TRUE,FALSE
Eggerthella_lenta,1.4618174727127977,-0.02909107087831769,-0.0031234949698140083,-0.051575543513948094,0.7919432853462512,0.012016097094277423,0.014864403837807676,0.5187257210178248,1.84586131325511,-2.4210083066133095,-0.21013254240774765,-0.0994273879705607,0.0797685241610964,0.02511156347663869,0.8356901461889319,0.9217887979827626,0.20020335475726153,0.08928712706353509,1,1,FALSE,FALSE,FALSE,FALSE,TRUE,TRUE,TRUE,TRUE
Lancefieldella_parvula,NA,NA,NA,NA,NA,NA,NA,NA,NA,NA,NA,NA,1,1,1,1,1,1,1,1,FALSE,FALSE,FALSE,FALSE,TRUE,TRUE,TRUE,FALSE
Erysipelatoclostridium_ramosum,1.1528719491436443,-0.020474238898283086,0.003433073460004452,-0.19088148969063093,0.7235919033329479,0.01209511451016424,0.012231087492634886,0.40194397337137827,1.5932626440862356,-1.6927693310449745,0.2806842369553585,-0.47489576243568893,0.12604256442161765,0.10528419788735663,0.7816992874220388,0.6397629334486048,0.271150390688522,0.22191539364687057,1,0.8485974661287193,FALSE,FALSE,FALSE,FALSE,TRUE,TRUE,TRUE,TRUE
Ruminococcus_torques,0.3635619866433695,-0.00877779380558535,0.012116830241134018,0.314598223602461,1.094009528360769,0.012803709785317708,0.021217455194743055,0.6099491255533833,0.33232067657410613,-0.685566445410301,0.5710783941768919,0.5157778090378244,0.7425322091548148,0.49955572582380614,0.5732558035869322,0.6107287621141502,0.9965157536723834,0.7657860228197269,0.8198518755209756,0.8283523064878273,FALSE,FALSE,FALSE,FALSE,TRUE,TRUE,TRUE,TRUE
Hungatella_hathewayi,0.7685077951190242,0.006555676738197043,-0.019072052107711766,0.22927924702128646,0.6614252557035855,0.010019306162360925,0.012439451260465055,0.34643077732470917,1.1618966595122386,0.6543044630000886,-1.5331907902020068,0.6618327874673309,0.269867856960847,0.5263591264055432,0.1534717191218961,0.5217015120144932,0.47645635435846084,0.7973250672178642,0.31684483947746295,0.7503122869421924,FALSE,FALSE,FALSE,FALSE,TRUE,TRUE,TRUE,TRUE
Enterocloster_lavalensis,2.123024593763644,-0.0664943880682482,-0.032931411925574576,2.701449638718157,0.5873744801261651,0.00781768980180683,0.013284378777605795,0.26180857324757156,3.614431109277388,-8.505631427442921,-2.4789576145697425,10.31841549422299,0.022467986416563737,0.001047920108349723,0.06828738720094467,4.977180810700231e-4,0.08959892268057329,0.01219397944261496,0.2009375991200211,0.0038610857198159367,FALSE,TRUE,FALSE,TRUE,TRUE,FALSE,TRUE,FALSE
Flavonifractor_plautii,2.2244763848131957,-0.041014700280067255,-0.006416504624749881,-0.37436998313279196,0.7198236701953545,0.00875454696575614,0.01281977654144449,0.3524513985952909,3.0903073584805707,-4.6849597632519835,-0.5005161052539603,-1.0621889560514115,0.005770278053733914,1.4230094550706545e-4,0.6221749427707102,0.3008082360209616,0.04102047823784495,0.0033117310954371595,0.8703649472639443,0.4724350209899765,TRUE,TRUE,FALSE,FALSE,FALSE,FALSE,TRUE,FALSE
Faecalimonas_umbilicata,1.181721835651871,-0.039409737501013106,0.01026176315301224,0.12005824633055698,0.5990402661511669,0.009137345186669787,0.012904979473603573,0.35491147288665914,1.9726918246154515,-4.313040242641468,0.7951785722714331,0.3382765999477778,0.07018330601814159,8.426716521125864e-4,0.44078693156771664,0.7405555695266007,0.18719139614765345,0.010272568711467719,0.6522627426666789,0.947911128994049,FALSE,TRUE,FALSE,FALSE,TRUE,FALSE,TRUE,TRUE
Blautia_hansenii,1.0431876907515256,-0.009596819735262154,0.014836407965110678,-1.7311381417005687,0.6553852695794198,0.011147664213654315,0.011673394591814643,0.3808479320441435,1.5917167186576686,-0.8608816655517311,1.2709591754496103,-4.54548389539349,0.13376926335282358,0.40380639901965354,0.22445591763423592,4.576252045846138e-4,0.2784140765717304,0.6432222975075477,0.39515570500505537,0.0036610016366769105,FALSE,FALSE,FALSE,TRUE,TRUE,TRUE,TRUE,FALSE
Enterocloster_aldenensis,-0.11591147512911029,-0.003615607596522986,0.04303817753088717,-1.095710876947943,0.7938186255170382,0.012639795287481463,0.012220345531340372,0.48362721489110866,-0.14601758059482872,-0.28604953753514567,3.5218462047992998,-2.2656104603101137,0.8857313351717252,0.7785106271891387,0.0028299063773926827,0.037705097365809334,1,1,0.037995831854513384,0.09748034705574869,FALSE,FALSE,TRUE,FALSE,TRUE,TRUE,FALSE,TRUE
Oliverpabstia_intestinalis,-1.0458829789341073,0.02140576793680779,0.0465173681393569,-0.6191043672661606,0.6051446565811247,0.00868853023556557,0.012963084278947112,0.33955745840156576,-1.7283189524352975,2.4636811240162997,3.5884491019551663,-1.8232683510488479,0.12756207213695603,0.043231440797477746,0.008875484499861301,0.11103550511261578,0.2721324205588395,0.11528384212660732,0.05541765931620715,0.20017668527344817,FALSE,FALSE,FALSE,FALSE,TRUE,TRUE,TRUE,FALSE
Sellimonas_intestinalis,2.6194886022621073,-0.0218414600748154,-0.04302154558562612,-0.5824980240127247,0.8908271129185777,0.01223930667969097,0.019531327706798683,0.5320117709861206,2.9405128832237626,-1.78453409546944,-2.202694370370464,-1.094896872174509,0.010126765336842888,0.09457202572158845,0.04367039848572659,0.290831753982123,0.05587156156031072,0.20692682551048414,0.15107597313981092,0.4595859816013796,FALSE,FALSE,FALSE,FALSE,FALSE,TRUE,TRUE,FALSE
Schaalia_odontolytica,0.368674873034936,-0.0381033183389149,-0.02105739238611183,2.111351157713977,0.5889637745340814,0.008957403565664246,0.01270685442722161,0.3395184934176256,0.6259720698893374,-4.253835172166803,-1.6571679880900383,6.21866319110018,0.5487719855808992,0.0027846044602403497,0.136074660529747,2.5421114230671785e-4,0.8293664302377592,0.020367392623472272,0.2977360093642328,0.0026031220972207907,FALSE,TRUE,FALSE,TRUE,TRUE,FALSE,TRUE,TRUE
Blautia_producta,3.7978324833912214,-0.0327301134198457,-0.0746478465779121,0.04090892610047491,1.0770987114541837,0.0106485702729497,0.017329391851317134,0.5883103221736656,3.5259836846929224,-3.0736627153589993,-4.30758604908795,0.06953630517534731,0.002123399397608507,0.005991947725462648,3.427363715154915e-4,0.9452533048922305,0.027186757816605213,0.03195705453580079,0.014623418517994303,1,TRUE,TRUE,TRUE,FALSE,FALSE,FALSE,FALSE,FALSE
Streptococcus_salivarius,-1.9750527617945555,0.01574734813401588,0.006370487767856696,3.216695185712101,0.7277170309499724,0.012354135718799108,0.015415094514628812,0.5211608557030086,-2.7140394930929306,1.2746620639801918,0.41326297168085147,6.172173428821721,0.01376568018579574,0.21779769758531728,0.6840407657851983,6.2420528108394084e-6,0.0690983162267394,0.38528724579867346,0.907328684150315,5.326551731916295e-4,FALSE,FALSE,FALSE,TRUE,TRUE,TRUE,TRUE,FALSE
Clostridium_spiroforme,3.406697044876436,-0.16342334600716904,0.016165757580425013,0.30850865942029404,0.5408656928817149,0.007513407485450333,0.010673013635255472,0.2351346257201287,6.298600724193958,-21.750896157786908,1.5146385203730761,1.31205116420199,7.464388150989265e-4,6.166963983088444e-7,0.18063891922815917,0.23746241251151817,0.02095733961162907,1.5787427796706417e-4,0.34510121882394584,0.3799398600184291,TRUE,TRUE,FALSE,FALSE,FALSE,FALSE,FALSE,TRUE
GGB3433_SGB4574,0.4923092548715745,0.06613907030163471,0.015853982632011005,-2.7833827693392017,0.552316170301113,0.008390957096133958,0.009560218994602947,0.22869577848662306,0.8913540492634431,7.882184301968076,1.6583283961341357,-12.17067839099622,0.46679127270719145,0.015717124706935908,0.23911099851329332,0.006683431562979144,0.7242337322002486,0.06489651491896117,0.41230921532057246,0.026559226102137058,FALSE,FALSE,FALSE,TRUE,TRUE,TRUE,TRUE,FALSE
Clostridium_scindens,1.1428210737087372,-1.3243720953362697e-4,-0.016867922856237814,-0.3993311399214954,0.7766217385254734,0.009929866120290539,0.014019209842342662,0.4747913217774655,1.4715285666334104,-0.013337260334558466,-1.2032006829151736,-0.8410666362361646,0.1594178910865407,0.9895139954539436,0.24538771375134383,0.4119853394279859,0.31636418696243734,1,0.4160215544393644,0.6204014523150846,FALSE,FALSE,FALSE,FALSE,TRUE,TRUE,TRUE,TRUE
Fusicatenibacter_saccharivorans,0.17106597368302395,0.016476648486575766,-0.015362834393172353,0.43733733619627385,1.0415274982220937,0.01607444318709994,0.022783525989690665,0.7446465017679892,0.16424527818520074,1.025021414104011,-0.6742957345638201,0.587308656064211,0.8710377250238821,0.31649241130849454,0.5071474972347021,0.5629761951064349,1,0.5227229502901587,0.7376690868868394,0.7918786041057547,FALSE,FALSE,FALSE,FALSE,TRUE,TRUE,TRUE,TRUE
Clostridia_bacterium,0.6635869851889971,-0.0037273730325347474,0.01597557489580573,-0.9830079605314356,0.5873454860643328,0.00754199945609808,0.009853222423941793,0.19781710604434827,1.1298069040004735,-0.49421550004501547,1.6213553504067437,-4.969276824376638,0.3217182013399633,0.6470645392049024,0.18025917327878208,0.007655422845977066,0.5418411812041487,0.9202695668691945,0.34510121882394584,0.029201765877899955,FALSE,FALSE,FALSE,TRUE,TRUE,TRUE,TRUE,FALSE
Clostridium_innocuum,0.8387068660574795,-0.011440567211444487,0.0074516924828627725,-0.27903573252454517,0.8817891895856739,0.01576423811125098,0.01682884733951346,0.5397522532792216,0.9511421504856081,-0.7257291554914616,0.4427928028895061,-0.5169700187989692,0.35235180805623045,0.4760156735193406,0.6624430807277798,0.6105793245728349,0.5819487926606128,0.7385455298239466,0.8972774003508551,0.8283523064878273,FALSE,FALSE,FALSE,FALSE,TRUE,TRUE,TRUE,TRUE
Anaerostipes_hadrus,-1.2793019873237994,0.03260537766871578,0.020757509387960775,0.40430834090479306,1.3725068466695713,0.012921769044809864,0.028230389655867005,0.7114054866537852,-0.9320915159207138,2.52329054602721,0.7352895103821859,0.568323338081809,0.3624056225114254,0.020201833051594988,0.47069851513917405,0.5761415620568999,0.59174013386089,0.07956414248012796,0.6885646850035917,0.804854709639493,FALSE,FALSE,FALSE,FALSE,TRUE,TRUE,TRUE,TRUE
Solobacterium_moorei,1.730558054519137,-0.01422423573857447,-0.06079513244343351,1.4781251192361373,0.5387019272378888,0.008022629023112394,0.009620931117483914,0.18382254827675057,3.212459371349026,-1.7730142697108227,-6.319048717951198,8.041043566705287,0.08476180319441928,0.21822910406565488,0.024140438727821633,0.01511611279534329,0.20665734874067943,0.38528724579867346,0.10842021604074277,0.050256167215686785,FALSE,FALSE,FALSE,FALSE,TRUE,TRUE,TRUE,TRUE
Gemella_sanguinis,-1.6995001708854296,6.041414240053456e-4,0.051464892704316687,0.22148234031752703,0.5487944912026353,0.0077989480473397935,0.011096691476076346,0.30594073428148694,-3.096787956382585,0.07746447602140613,4.63785920472523,0.7239387093637153,0.014737260002755416,0.9401564506979682,0.0016708605572311713,0.4897288924411388,0.06986552890195159,1,0.032838485469636663,0.7164034083710373,FALSE,FALSE,TRUE,FALSE,TRUE,TRUE,FALSE,TRUE
Streptococcus_australis,-2.079431036305996,0.015619427011188918,-0.012620266424369999,3.1842864047775628,0.5769657686770769,0.008805367793067566,0.011343357974562514,0.2819933911029985,-3.604080431104114,1.7738528790910966,-1.1125688224484278,11.29206040014781,0.00869243112519349,0.11936253108611211,0.30263623701037307,9.552435340080202e-6,0.05484312837528998,0.2444544636643576,0.4888939224774284,5.518777298487332e-4,FALSE,FALSE,FALSE,TRUE,TRUE,TRUE,TRUE,FALSE
Agathobaculum_butyriciproducens,-0.1679427363525138,0.005710320516830632,0.02195911269087849,-0.041424593423817165,0.6324159754982767,0.008586061613472641,0.012104379423778582,0.31110956288103064,-0.26555739079834717,0.6650686628978296,1.814146097216737,-0.13315114148277746,0.7937736409548681,0.5149286620805857,0.08734432802458314,0.8956373036246029,1,0.7846531993608925,0.22975972537360143,1,FALSE,FALSE,FALSE,FALSE,TRUE,TRUE,TRUE,TRUE
Schaalia_SGB17157,-0.01312623224262117,0.016485973054735092,-0.04497438986603049,1.7297372474622261,0.5805079267028396,0.008343219966895228,0.01137284737711945,0.24673085001974018,-0.022611633086864723,1.9759724806668422,-3.9545408792271806,7.010624116618716,0.9825911245358471,0.08870687983536867,0.005499947805610024,2.0956825446677026e-4,1,0.19746922815525547,0.04266626176473231,0.002520247503085989,FALSE,FALSE,TRUE,TRUE,TRUE,TRUE,FALSE,TRUE
Turicibacter_bilis,-2.570256480294849,0.09402044850769115,-0.01626022597376709,1.3190318341231762,0.5551095104793111,0.008439999764008789,0.009784984152286996,0.2370095550745742,-4.630179148030724,11.139863878744208,-1.6617529186254911,5.565310789719628,0.0035770265607346957,3.1200685978692306e-5,0.14762598552454878,0.0014257582643277097,0.03627125595776879,0.001331229268424205,0.30998650190924937,0.008902295504094968,TRUE,TRUE,FALSE,TRUE,FALSE,FALSE,TRUE,FALSE
Alistipes_finegoldii,1.5441901468274095,-0.06743172528343805,0.018849268776058015,-0.49775228930256815,0.5664258161623663,0.008445930370367432,0.009740670832283957,0.21495978813706815,2.72620015325143,-7.983930997113406,1.9351099221611112,-2.3155600106247713,0.22381765489852215,0.07932454242338469,0.3036489596637153,0.2595292363991456,0.40636396917745865,0.18294669243591424,0.4888939224774284,0.41266760570298927,FALSE,FALSE,FALSE,FALSE,TRUE,TRUE,TRUE,TRUE
Actinomyces_sp_ph3,0.12037125327230755,0.03971712699545499,-0.023066105823356883,0.02403592344209493,0.6404760121239779,0.008242135172042413,0.013501150465494346,0.3706215872727818,0.18794029908025206,4.81879102519172,-1.7084548374087256,0.06485300443226533,0.8538253002238543,3.353577076240351e-4,0.11130259137820843,0.9492777158561327,1,0.006132255225125213,0.256697868403796,1,FALSE,TRUE,FALSE,FALSE,TRUE,FALSE,TRUE,TRUE
Veillonella_dispar,-3.845554171077788,0.05128390780263579,0.06282075928969254,0.8131253672578411,0.8396067895152718,0.013035009248384534,0.01571055512154778,0.49714108960727965,-4.58018469967106,3.9343207837763177,3.9986339631965553,1.635602818306923,0.00132746788674191,0.0034354377399989384,0.003116845581815551,0.136351832557586,0.025011985447884664,0.023144001616834952,0.037995831854513384,0.23745625261729264,TRUE,TRUE,TRUE,FALSE,FALSE,FALSE,FALSE,TRUE
Ruthenibacterium_lactatiformans,1.187190436632942,-0.005316117135089925,0.01652308386924902,-1.8655428008893649,0.7730049557166907,0.014512390339147415,0.016472892761413803,0.4897104811993913,1.5358121935094706,-0.36631574887767526,1.0030468909475807,-3.809481055664372,0.1410699890777738,0.7181768000999137,0.3284424375270907,0.0011838732603308751,0.2912412677734685,0.9884583915353652,0.5095834182238498,0.007975370636912135,FALSE,FALSE,FALSE,TRUE,TRUE,TRUE,TRUE,FALSE
Roseburia_faecis,-0.3155093533879726,0.001165369982970874,0.05050151782138841,-1.5211841272153217,0.6365639826265718,0.009206130190147838,0.013557094289729664,0.3694070880130154,-0.4956443688286087,0.12658630270273852,3.7250989586792524,-4.117907253478919,0.6308562303592389,0.9017769173560762,0.0039420322300024666,0.002084047796563951,0.8922607457014649,1,0.03847212505977239,0.011855916353786033,FALSE,FALSE,TRUE,TRUE,TRUE,TRUE,FALSE,FALSE
Actinomyces_oris,2.4068677070946607,0.025712397845472332,-0.08411113861762766,0.11780487608272598,0.5657741069628348,0.0081362092571555,0.010152238804724665,0.2536496741496265,4.254114278956859,3.1602429378102848,-8.28498425179714,0.4644392959607492,0.002783548924047713,0.013390063599972789,3.3912897741685695e-5,0.6547107032136776,0.032390387479827934,0.056194365272016954,0.004831789289721214,0.8639481444469148,TRUE,FALSE,TRUE,FALSE,FALSE,TRUE,FALSE,TRUE
Bacteroides_fragilis,0.38258360618667586,0.023476170030219103,0.001416434286483392,-1.2192365013096782,0.9531586594225288,0.011484711214633158,0.015679059234716283,0.540168271224288,0.40138501854294034,2.0441236694142657,0.0903392394453839,-2.257142017146409,0.6941964477625343,0.06022568667553439,0.9292974062167797,0.04050451242218062,0.9606177871741016,0.149665874389936,1,0.09970341519306,FALSE,FALSE,FALSE,FALSE,TRUE,TRUE,TRUE,TRUE
Romboutsia_timonensis,-1.8815029237606768,0.03713754602757318,-0.019675194992848453,2.3560624291119665,0.8312223246097925,0.011816485120006524,0.01607975059337062,0.46209398995578266,-2.2635375254676013,3.1428589508986473,-1.2236007566535372,5.098664947660142,0.038863235978782044,0.006703545508796784,0.23997684797955193,1.308878675212182e-4,0.12920764169569096,0.03432215300503954,0.41230921532057246,0.002084359377404114,FALSE,TRUE,FALSE,TRUE,TRUE,FALSE,TRUE,FALSE
Clostridiaceae_bacterium_AF18_31LB,-8.181878464371458,0.04141325635822472,0.13333072382848712,5.1508573756675124,0.5227450517951681,0.007475609594487807,0.009272845045292799,0.14310970872636675,-15.651756886600694,5.53978318888684,14.378620927799304,35.992368522782904,1,1,1,1,1,1,1,1,FALSE,FALSE,FALSE,FALSE,TRUE,TRUE,TRUE,TRUE
Blautia_massiliensis,2.1154637227600164,-0.002159495040055484,-0.045520184004118495,-0.04262773944070886,0.8889601317210227,0.015052715783538308,0.021682700427899163,0.6057121460406178,2.3797059589888336,-0.14346215467757079,-2.0993779882485306,-0.07037623352834389,0.026883313094493117,0.8872929155588934,0.04804876001725177,0.944560098964789,0.09985457998543684,1,0.16184845479495333,1,FALSE,FALSE,FALSE,FALSE,TRUE,TRUE,TRUE,TRUE
Streptococcus_parasanguinis,-2.1088082989334196,0.0072378740593917,0.051093971703729466,1.8810081550459803,1.1368515872565976,0.018684250828557507,0.019868626213649803,0.601800120918468,-1.8549547914361513,0.3873783394263334,2.5715905646575483,3.125636053670417,0.07705386122099954,0.7021984146635785,0.017405091575875293,0.004920868830132192,0.19530483636213744,0.9746188198848039,0.08736673418478579,0.021470122572495868,FALSE,FALSE,FALSE,TRUE,TRUE,TRUE,TRUE,FALSE
Abiotrophia_defectiva,NA,NA,NA,NA,NA,NA,NA,NA,NA,NA,NA,NA,1,1,1,1,1,1,1,1,FALSE,FALSE,FALSE,FALSE,TRUE,TRUE,TRUE,TRUE
Mogibacterium_diversum,1.359838054802174,-6.64075872323344e-4,-0.0021773117228942192,-1.182363356526353,0.5476519358975228,0.007769035720940661,0.010583780613215207,0.21997918929165847,2.4830334116752364,-0.08547725820508119,-0.20572154719227329,-5.374887326085749,0.05563385600599702,0.9351991858839569,0.8451221603933998,0.003002773616875262,0.1656077574132004,1,1,0.014782885498462829,FALSE,FALSE,FALSE,TRUE,TRUE,TRUE,TRUE,FALSE
Escherichia_coli,0.08103346601192356,0.04757823286210006,-0.030459639184530558,-0.4230257184241673,0.9746484275085283,0.0169903690683443,0.017604404741172346,0.6651936293390855,0.08314122685147872,2.800306024590467,-1.7302282941321496,-0.635943730917074,0.93477054449711,0.012833262575794185,0.10282747006334399,0.5338048332370212,1,0.054755253656721854,0.24833804090769868,0.7591890961593191,FALSE,FALSE,FALSE,FALSE,TRUE,TRUE,FALSE,TRUE
Enterococcus_faecium,-1.442584761559331,0.05789140729911996,-0.017510401888590956,0.259519746613363,0.6334703957157447,0.01217887178816922,0.010693702780097328,0.2981323327682231,-2.277272578664683,4.753429406766293,-1.6374498383460387,0.8704850768907422,0.04599849963287186,7.762055914632386e-4,0.1325775509261246,0.4044472709635979,0.14537797414833573,0.010272568711467719,0.29614349373522286,0.6126538542407163,FALSE,TRUE,FALSE,FALSE,TRUE,FALSE,TRUE,TRUE
Actinomyces_SGB17132,-1.2060128910209713,0.019292566756972326,-0.027839326720689374,2.5958137851547187,0.5331636483268242,0.01007376019583018,0.01060974076280439,0.26804097432727225,-2.2619938452399837,1.9151306346321482,-2.623940333988973,9.68439169298529,0.053555457851828664,0.09180226206542229,0.030463476251212616,1.077886191110807e-5,0.1612964377655075,0.20259809559265607,0.1261727480007207,5.518777298487332e-4,FALSE,FALSE,FALSE,TRUE,TRUE,TRUE,TRUE,FALSE
bacterium_210917_SL_2_15,5.7613371997023295,-0.04004750891632717,-0.025891694886747516,-3.87088596121619,0.51921694310441,0.007423577255776632,0.009214800992441232,0.1427220342092494,11.096204151688815,-5.39463759000613,-2.8097942546980774,-27.121852506256737,0.05721818192249857,0.11668526577561779,0.21767266333390592,0.023461949154704016,0.16684554409282407,0.24285713852486307,0.389679732961398,0.06672621613391229,FALSE,FALSE,FALSE,FALSE,TRUE,TRUE,TRUE,TRUE
Schaalia_SGB17158,-0.7166144183668135,-0.008069029337210985,0.01697699581338427,0.6831540612047806,0.5322315370864499,0.007420082835605841,0.009795872424335973,0.18402628290131426,-1.3464335884523402,-1.0874581208839238,1.7330764507720793,3.712263544284748,0.3104620483774856,0.390429574192779,0.22521995586596102,0.06551376630655524,0.5298552292309088,0.6286161697695059,0.39515570500505537,0.1320592454683318,FALSE,FALSE,FALSE,FALSE,TRUE,TRUE,TRUE,TRUE
Clostridium_saudiense,-0.6292823247029822,0.06454481199611081,-0.027079757482550735,0.23956990445476462,0.9113940467526167,0.013800538540498827,0.015233343184759376,0.44547551836180804,-0.6904613069891938,4.676977772041192,-1.7776634553630641,0.5377846695947718,0.5094366270526844,0.0015880849656628225,0.11335378736859618,0.6053588298063295,0.776284384080281,0.01516906481640138,0.2590943711282198,0.8283523064878273,FALSE,TRUE,FALSE,FALSE,TRUE,FALSE,TRUE,TRUE
Clostridium_SGB6173,-0.9641578318211396,0.04648755678856457,-0.06145399277459221,1.3588946778419007,0.5956918872239739,0.007758989327682526,0.010470120841716357,0.2341837405782926,-1.6185512216966391,5.991444868045667,-5.869463562420366,5.802685850376505,0.18085506563080017,0.0039028925830330726,0.0042078886784126055,0.004387251836487015,0.3430071048716678,0.024978512531411666,0.03847212505977239,0.02005600839536921,FALSE,TRUE,TRUE,TRUE,TRUE,FALSE,TRUE,FALSE
Bacteroides_xylanisolvens,-0.6540963411203214,0.019014551841940803,0.050526758973205216,-1.8760849848161154,0.6262553250860247,0.0078044181930292155,0.011088025002185347,0.2533536865294852,-1.0444563342123636,2.4363830040430563,4.5568763565420225,-7.405003694697679,0.3365165202828488,0.05072039736002935,0.003863646238029459,3.1161555495704533e-4,0.563060321519015,0.13115577499159106,0.03847212505977239,0.0029545771136668,FALSE,FALSE,TRUE,TRUE,TRUE,TRUE,FALSE,FALSE
Clostridium_perfringens,2.904373113460588,0.0060150343337888245,8.051132547548577e-5,-2.899745208657763,0.5783748755568974,0.00916721364905728,0.009692995753233421,0.25634701035436835,5.021610094428923,0.6561464109006979,0.008306134401083229,-11.311796477162812,0.004029573223404978,0.5407195129368461,0.9936939586424434,9.439557533419181e-5,0.038182166587257704,0.8094982181978514,1,0.002050756843806645,TRUE,FALSE,FALSE,TRUE,FALSE,TRUE,TRUE,TRUE
Scardovia_wiggsiae,-0.5084723877176467,0.026384393516349403,0.004738139632097856,-0.12315173825043249,0.5535174493537909,0.007836661998412807,0.009851349002102161,0.23515163990818494,-0.9186203403547034,3.366789778823324,0.48096353414002424,-0.5237120111027809,0.38885045783813865,0.011972702525248393,0.6452116507197205,0.6166451725173636,0.6260736931230408,0.052845031835579113,0.8880332397002606,0.8283523064878273,FALSE,FALSE,FALSE,FALSE,TRUE,TRUE,TRUE,TRUE
Granulicatella_SGB8255,-1.6249673197701575,0.018844809992223602,0.029241801443568704,0.7589924277257597,0.5779236736262107,0.010482091882469562,0.013034806882679299,0.37991594652119726,-2.8117334415014006,1.7978100367294052,2.2433628443260885,1.9977903919950672,0.0203194486167968,0.10575655478483675,0.05155928024664591,0.07682600451744961,0.08669631409833302,0.22191539364687057,0.16918945453579107,0.14800069657433093,FALSE,FALSE,FALSE,FALSE,TRUE,TRUE,TRUE,FALSE
Roseburia_sp_AF02_12,-0.4079371056535326,0.046886230432507094,0.03841628576797868,-2.9132058877707405,0.5736413126242406,0.007722891392676409,0.011678957402271983,0.23500797695147738,-0.7111362042376971,6.071072095739835,3.2893591820538117,-12.396200016530658,0.550751145079762,0.02607472751938405,0.08130943944632492,0.006444787314455113,0.8293664302377592,0.08928712706353509,0.21910754208693872,0.02618834210318268,FALSE,FALSE,FALSE,TRUE,TRUE,TRUE,TRUE,FALSE
Granulicatella_adiacens,9.431809847095824,-0.2264832768760763,0.00505650896661472,-5.560196116714247,0.5206360478101244,0.00748777807882289,0.009234862366447742,0.1513681323625502,18.115937009677822,-30.24706054211484,0.5475456770190874,-36.73293730939821,0.035105793824901206,0.0210396634897138,0.6810809061189114,0.017326754087215693,0.12144707052938797,0.080390356020399,0.907328684150315,0.054761099337373054,FALSE,FALSE,FALSE,FALSE,TRUE,TRUE,TRUE,TRUE
Blautia_SGB4793,23.25271253500761,-0.1672385363834122,-1.1109020024184124,1.2807621997851677,0.527339884548997,0.00760970610556435,0.009297640372171373,0.1524919270250409,44.09435587238825,-21.977003324888525,-119.48214363543642,8.398885270659948,0.014435195870370631,0.028947575178427692,0.005328033872135448,0.07544296910002461,0.06972471967575249,0.09445232041275123,0.042624270977083586,0.1474305350351626,FALSE,FALSE,TRUE,FALSE,TRUE,TRUE,FALSE,TRUE
Actinomyces_naeslundii,-1.720424241506533,0.19749435212282246,-0.07737981152970706,-0.19860309728358733,0.9762528496846232,0.009466447041898926,0.01469067249485074,0.3781720737068515,-1.7622732082803272,20.862563456881283,-5.267274970347996,-0.5251659524641128,0.15281087656655437,3.119303283460895e-5,0.006223650028347294,0.6272311252898104,0.30562175313310874,0.001331229268424205,0.04637906592898054,0.8363081670530805,FALSE,TRUE,TRUE,FALSE,FALSE,TRUE,TRUE,TRUE
Gemella_haemolysans,NA,NA,NA,NA,NA,NA,NA,NA,NA,NA,NA,NA,1,1,1,1,1,1,1,1,FALSE,FALSE,FALSE,FALSE,TRUE,TRUE,TRUE,TRUE
Clostridium_paraputrificum,-2.120900420441701,-0.09213064301810506,0.07847709805568305,3.1312170022699974,0.5618435352328385,0.008266708865784563,0.009720938781865127,0.20773236249266613,-3.7748951219359674,-11.144778957854502,8.072995810043142,15.073323023419345,0.16485891992274387,0.05697012718104939,0.0784582825042378,0.04217306582364195,0.3221670496200186,0.14430088400461002,0.21597118624822448,0.10185193255521074,FALSE,FALSE,FALSE,FALSE,TRUE,TRUE,TRUE,TRUE
Rothia_mucilaginosa,-1.390631407394934,0.019236123893146405,0.01815182814855393,1.183885080691718,0.6823243398608817,0.009663239117760711,0.01765625056407921,0.4619477637576605,-2.038079731522502,1.9906496836853649,1.0280681100823836,2.5628115851488102,0.05741182490843296,0.0628450569022689,0.3183242656926514,0.02017064392590218,0.16684554409282407,0.15322223397124607,0.4968964147397485,0.06147243863132092,FALSE,FALSE,FALSE,FALSE,TRUE,TRUE,TRUE,TRUE
Streptococcus_vestibularis,-4.312292121290988,0.03824704759635381,0.027762867054814927,2.5275840716849194,0.6100746296812357,0.009238533310511205,0.010363221131536341,0.2687528997622913,-7.068466563745099,4.139948010236426,2.6789804735836125,9.40486251095537,0.005821778483294117,0.025587937009112573,0.07511400930606267,0.002546912626387097,0.04102047823784495,0.08928712706353509,0.2113097404654071,0.013040192647101935,TRUE,FALSE,FALSE,TRUE,FALSE,TRUE,TRUE,FALSE
Enterocloster_bolteae,2.2552656503316664,-0.003962165969949297,-0.02238680544289604,-1.9507016030845297,1.2388976504371603,0.011504411665480904,0.0238566315961784,0.7246035808120721,1.82038092455488,-0.34440404995570645,-0.9383892001954788,-2.692094898148798,0.08870999196202267,0.7353234201431522,0.36290979428145387,0.0167216877126887,0.21424299945545097,1,0.5563168103955222,0.05394349810774908,FALSE,FALSE,FALSE,FALSE,TRUE,TRUE,TRUE,TRUE
Lachnospira_pectinoschiza,-10.981897852986537,0.050846461338045094,0.18804431875598332,4.156976429105742,0.5234299821636663,0.007408268789987548,0.009601312944628402,0.16871179899329874,-20.980643499998653,6.863474150231334,19.585271289504995,24.639512197192907,2.368502724864969e-4,0.006332957100064391,2.9081780013839924e-4,1.4655651872372678e-4,0.01542743456445161,0.03308646974727518,0.014623418517994303,0.002084359377404114,TRUE,TRUE,TRUE,TRUE,FALSE,FALSE,FALSE,FALSE
Streptococcus_infantis,NA,NA,NA,NA,NA,NA,NA,NA,NA,NA,NA,NA,1,1,1,1,1,1,1,1,FALSE,FALSE,FALSE,FALSE,TRUE,TRUE,TRUE,FALSE
Butyricicoccus_SGB14985,-4.578145554809976,0.02200590479167627,0.13817826958869284,-1.2568776383136075,0.5220547085117444,0.007444102437248448,0.009233495116287755,0.14660022378176987,-8.76947469329641,2.956152870971276,14.964893341953289,-8.573504227282793,0.07228274713405633,0.207661348848805,0.04247773223721783,0.07392031605331466,0.18882023741141243,0.374375389473902,0.1500712493596591,0.14556616084345042,FALSE,FALSE,FALSE,FALSE,TRUE,TRUE,TRUE,TRUE
Enterococcus_faecalis,2.595215401173181,0.006524066277629677,-0.03440106000224995,-2.3000570742724387,0.7902884079310187,0.01216884151954112,0.015322817376538997,0.5908875404389523,3.283883927852966,0.5361287898402753,-2.245087124442398,-3.892546240802093,0.005928740995313528,0.600923295145401,0.04279375470021529,0.0018521060997740044,0.04102047823784495,0.8691319974984331,0.1500712493596591,0.01081814335962646,TRUE,FALSE,FALSE,TRUE,FALSE,TRUE,TRUE,FALSE
Veillonella_atypica,-4.04301833879163,0.04713855116690465,0.10581851301349937,-1.2019386029354464,0.9285344052328305,0.016612675634597316,0.01804588057717878,0.5487591275798915,-4.35419335676403,2.8375050596145144,5.863859763503023,-2.1902844846265657,0.007330201040019715,0.03635278104991246,0.002045333362092598,0.08006796191265611,0.0493824070064486,0.1022671642722812,0.034907022713047006,0.15296565857940272,TRUE,FALSE,TRUE,FALSE,FALSE,TRUE,FALSE,TRUE
Dorea_longicatena,-0.2651624686611603,0.024799403913678415,0.00830450596499148,-0.2667102064833857,0.7457779876959442,0.01008829030841224,0.01594378420928655,0.37600170016595674,-0.3555514818563776,2.4582365450961636,0.5208616634534273,-0.709332448139642,0.7263090745589542,0.02432578418803315,0.6088117652054801,0.48720543161786,0.9953140852165682,0.08928712706353509,0.8610818336607895,0.7164034083710373,FALSE,FALSE,FALSE,FALSE,FALSE,TRUE,TRUE,FALSE
Bifidobacterium_bifidum,3.4101371232072526,-0.04717179198571411,-0.044059652391364355,0.2935045483042408,0.6450268078021015,0.01107352891983339,0.012811360276091432,0.31013154228275897,5.2868145664009445,-4.259869850633293,-3.439108060491321,0.9463872850335271,3.5416751793643117e-4,0.0016633753210245925,0.006340887919977808,0.36625776906070195,0.01542743456445161,0.01516906481640138,0.04637906592898054,0.5614490352068245,TRUE,TRUE,TRUE,FALSE,FALSE,FALSE,FALSE,TRUE
Blautia_wexlerae,0.08696938194735244,0.00288625831384059,3.6215882425409614e-4,0.7721203072874443,0.8796125515054573,0.010487653696981295,0.017713696035845276,0.5678791117687539,0.09887237488653874,0.2752053411785854,0.020445130339892634,1.3596561156872757,0.9220607992663428,0.7855139339357962,0.9838573126747558,0.1865767610821805,1,1,1,0.3042270753951478,FALSE,FALSE,FALSE,FALSE,TRUE,TRUE,TRUE,TRUE
Bifidobacterium_longum,3.2130011087241903,-0.0022829839903620018,-0.06454470126613493,-1.036653946423816,0.8318276769033027,0.015795160352030983,0.020488216208003496,0.5392664639153353,3.862580192913792,-0.1445369302672796,-3.1503328845642136,-1.9223408385109044,8.427518854418166e-4,0.8863924227210122,0.004643994554743448,0.0676066044185371,0.02095733961162907,1,0.04040171799210184,0.1352132088370742,TRUE,FALSE,TRUE,FALSE,FALSE,TRUE,FALSE,TRUE
Bifidobacterium_pseudocatenulatum,-4.0190251895518285,0.19426454529095957,-0.09251527552343133,1.6740017597152725,1.0303993065533732,0.012458117840350572,0.018199654473645733,0.5138405862821817,-3.90045408997337,15.593410479852466,-5.0833534041758535,3.257823154506473,0.017534732195482326,9.875803350061819e-5,0.007064157769691635,0.031144735413596095,0.07616174415180278,0.0027091421709940565,0.04887633483894753,0.08481970495617659,FALSE,TRUE,TRUE,FALSE,TRUE,FALSE,FALSE,TRUE
Anaerobutyricum_soehngenii,0.24087367721068914,0.014244715309926213,-0.005232492353385427,0.31537652033482294,0.6763464813921002,0.008794965099344486,0.01140831111103539,0.34090427661868444,0.356139469691492,1.619644324795321,-0.4586561764014287,0.9251175240831156,0.72704583568554,0.12760793911373153,0.6535205094289589,0.3705770699137616,0.9953140852165682,0.25685400549832876,0.8946590931219972,0.5646888684400176,FALSE,FALSE,FALSE,FALSE,TRUE,TRUE,TRUE,TRUE
Streptococcus_mutans,-0.249036355293758,-0.0029282605290088166,0.042151625082263326,-1.1728965002371246,0.5613598802029801,0.007576481922789857,0.010777079242908907,0.22954910236307607,-0.44363048389512594,-0.3864934357199067,3.9112290196806536,-5.109566921250527,0.7341829630266026,0.7652090016620902,0.15935346114014323,0.12303850538708261,0.9965157536723834,1,0.32457012555507536,0.21873512068814685,FALSE,FALSE,FALSE,FALSE,FALSE,TRUE,FALSE,TRUE
Anaerobutyricum_hallii,1.5210547691259115,-0.015933256370076827,0.00951812700909812,-0.748045560909846,0.8459418545274078,0.011680054319193597,0.014681349182461056,0.4582579300448223,1.798060659825918,-1.364142317719707,0.6483141903925878,-1.6323679567021994,0.09375978463296536,0.1940523315656868,0.5272728159152633,0.12488301277638734,0.2188512416611914,0.3565651764523464,0.762609270476313,0.22048311221210454,FALSE,FALSE,FALSE,FALSE,TRUE,TRUE,TRUE,TRUE
Veillonella_parvula,-2.0228051913668903,0.016595630125985538,-0.008432317601546323,3.1245325902131293,0.9198874342622216,0.01740849204239502,0.01726840891619607,0.5462924293048802,-2.1989703479200617,0.9533065865538547,-0.48830889067247174,5.71952387147097,0.04822582111552843,0.3592436684849989,0.6341322183773606,9.612922705343649e-5,0.15055866104360097,0.5857731154914632,0.8822709125250233,0.002050756843806645,FALSE,FALSE,FALSE,TRUE,FALSE,TRUE,TRUE,TRUE
Coprococcus_catus,2.027505546644264,-0.0016677678970503781,0.02069625478145595,-2.9212900409058506,0.7139480453714626,0.010147051396588273,0.016016757714556202,0.3353537984831675,2.8398502661203673,-0.16435985508175596,1.2921625681236952,-8.711068889391095,0.017552901972485796,0.8727225585231742,0.22536223801069566,5.543552058803439e-6,0.07616174415180278,1,0.39515570500505537,5.326551731916295e-4,FALSE,FALSE,FALSE,TRUE,TRUE,TRUE,TRUE,FALSE
Dorea_formicigenerans,-0.3558085854818328,0.02401732641014595,0.01141571489901446,-0.24825152891836866,0.6168980899614412,0.013066995904293065,0.012381808168932078,0.39547183599111785,-0.5767704443761081,1.8380143826520396,0.9219747829447319,-0.6277350403378518,0.5732522356058186,0.08737084056979884,0.3721578358914819,0.5402821837257985,0.8482807648271072,0.19620118584095175,0.5666847922887421,0.7641560167613504,FALSE,FALSE,FALSE,FALSE,TRUE,TRUE,TRUE,TRUE
Megasphaera_micronuciformis,1.9718983193898123,0.07402431853414204,-0.04373178473768162,-2.3321191425595633,0.543156303592103,0.007991347603167873,0.009476114706067655,0.1766794792417593,3.6304435875067362,9.263058273775734,-4.614948857645181,-13.199717095432508,0.17111261580707168,0.06846159842795556,0.13584713652841995,0.04813784980579659,0.3318547700500784,0.1653412188448738,0.2977360093642328,0.11201180154953141,FALSE,FALSE,FALSE,FALSE,TRUE,TRUE,TRUE,TRUE
Blautia_faecis,0.7920608689105074,-0.003081627527384733,0.02518814959974479,-1.5364412542427666,0.779190294075263,0.013419211953232734,0.01654198146309454,0.49310589251901416,1.0165178839278526,-0.22964295803095638,1.5226803183125315,-3.115844441432063,0.32152299405473667,0.8207014974647491,0.14349419587815587,0.005445554886259274,0.5418411812041487,1,0.30612095120673255,0.02285347624397335,FALSE,FALSE,FALSE,TRUE,TRUE,TRUE,TRUE,FALSE
Blautia_caecimuris,0.9167720809687185,0.03423990167611129,-0.03195159750130233,-0.8941450970407936,0.7739228801800568,0.010246440911120034,0.012375196230507075,0.4384956260313912,1.1845780819342453,3.34163852337763,-2.5819063315162567,-2.0391197630253743,0.25738969855319316,0.005305326721453311,0.022774177925646334,0.06230626559085112,0.4575816863167878,0.03018141423760106,0.10411052766009751,0.1276032319300631,FALSE,TRUE,FALSE,FALSE,TRUE,FALSE,TRUE,TRUE
GGB3550_SGB4746,-0.5306951878504723,0.10354488266003692,-0.07163129610634335,1.0968196291630599,0.5390100076063546,0.00750296304233832,0.009959977122032336,0.1802803126290707,-0.9845739046797908,13.800532146532719,-7.191913719147878,6.083967867416459,0.5049483465900377,0.04604960535451421,0.0879548948695818,0.1037115777217901,0.7740525552517944,0.12029284664036365,0.22975972537360143,0.18829903472892387,FALSE,FALSE,FALSE,FALSE,TRUE,TRUE,TRUE,TRUE
GGB3653_SGB4964,-8.817084747659152,0.08737742434069896,0.10143580707589016,2.596551446746753,0.60207118241149,0.01277949665661159,0.011505222449066606,0.29260388473671145,-14.644588555698467,6.837313447356587,8.816501160663732,8.873947278872125,0.004630426798919573,0.02072812992283222,0.012621877287876778,0.01246202116979186,0.039512975350780355,0.080390356020399,0.06874894863183947,0.04311185701982049,TRUE,FALSE,FALSE,TRUE,TRUE,FALSE,TRUE,FALSE
Phocaeicola_vulgatus,-1.084221666369878,0.03684812005754624,-8.310690703305168e-4,0.8439131692612675,0.710574319874461,0.011871368669040592,0.017248057416042475,0.5982754157582327,-1.5258385168794593,3.103948759812561,-0.04818334321855496,1.4105763784255154,0.14932040433380395,0.007771198212444369,0.962250754290644,0.18020139606733687,0.3009923110980615,0.03753635362991997,1,0.29779904591577444,FALSE,TRUE,FALSE,FALSE,FALSE,FALSE,FALSE,TRUE
Streptococcus_gordonii,-2.022012721194668,-0.027233707918024277,0.04179874025051122,3.2638498487761782,0.6647385962998941,0.01048962204412993,0.014202757222615107,0.2823977447391994,-3.0418163356990413,-2.596252544033697,2.9430018126307838,11.557634257279274,0.022749726461864312,0.04086733320321735,0.025846688466707856,2.523320833734709e-5,0.08959892268057329,0.11129826914918768,0.11408193530133122,9.22814476337265e-4,FALSE,FALSE,FALSE,TRUE,TRUE,TRUE,TRUE,FALSE
Intestinibacter_bartlettii,0.04635180895022045,0.0069082165180562455,0.03290015165536974,-1.2455255502064706,0.7154740170384807,0.014872966098392714,0.014026022672660317,0.3932788753901692,0.06478475506641283,0.46448142706402057,2.3456508251265764,-3.167028864621303,0.9496221792105763,0.6522507328312264,0.04094318234977115,0.010038193137608621,1,0.9225203735071489,0.1500712493596591,0.03671110633182582,FALSE,FALSE,FALSE,TRUE,TRUE,TRUE,TRUE,FALSE
Oscillospiraceae_bacterium_CLA_AA_H250,0.8250194622375503,-0.013943502323867062,0.010049372496910316,0.31727400225801605,0.6386158720702289,0.008371040353060967,0.012419977718581152,0.31947385612991624,1.2918868733453943,-1.6656833243873277,0.8091296719377971,0.9931141349137327,0.24392326769982717,0.14682845335265296,0.44932782343497457,0.3590013263541749,0.4366738218961941,0.28261717337051995,0.6610800160882384,0.5536405996787276,FALSE,FALSE,FALSE,FALSE,TRUE,TRUE,TRUE,TRUE
Tyzzerella_nexilis,2.887955586034542,-0.01868611515270582,-0.013867616443893728,-2.343321232009005,0.5622832370036015,0.00997930567490864,0.011581983079884986,0.27094414789654503,5.1361225019341,-1.8724864997059918,-1.1973438700647316,-8.648724285802837,0.01429745035756532,0.15786431951707583,0.3171548010616588,0.003251607086027244,0.06972471967575249,0.299357524417566,0.4968964147397485,0.015705875736282536,FALSE,FALSE,FALSE,TRUE,TRUE,TRUE,TRUE,FALSE
Dialister_pneumosintes,-0.7130370773707599,0.027158910919739397,0.04378172863251096,-0.07684205978974004,0.5227450517951681,0.007475609594487807,0.009272845045292799,0.14310970872636675,-1.364024537242594,3.6330028443118816,4.721499002588855,-0.5369451204506752,1,1,1,1,1,1,1,1,FALSE,FALSE,FALSE,FALSE,TRUE,TRUE,TRUE,TRUE
Veillonella_rogosae,4.045262914558218,-0.026047924580695204,0.023860328050596562,-3.965153060709071,0.8566978109434913,0.018376268973125012,0.015101541575786845,0.4548312773791623,4.721925120951485,-1.417476236269172,1.579992872307366,-8.71785485720585,0.009158543013272777,0.2293133591689714,0.18925916330072737,9.535557720010808e-4,0.05484312837528998,0.3993484350153515,0.3460738986070443,0.006780841045341018,FALSE,FALSE,FALSE,TRUE,FALSE,FALSE,TRUE,FALSE
Rothia_SGB49305,-0.27960495475103375,0.025345425173987683,-0.003973705064212051,0.13415070691044434,0.5873281209628932,0.007842562729123993,0.013467023538687253,0.37641647287791585,-0.47606260414133805,3.231778444036589,-0.29506928927514164,0.35638904398839577,0.6453737046035561,0.01029328485599411,0.7746345073443357,0.7297612572177667,0.9028178599918599,0.0470550164845445,1,0.9435297063017591,FALSE,TRUE,FALSE,FALSE,TRUE,FALSE,TRUE,FALSE
Streptococcus_oralis,-3.2649165691916173,0.021731452427092113,0.017413122627883262,2.765006865305403,0.5929420064302369,0.00957419241649685,0.011875792299117704,0.3309572841383597,-5.506299998625168,2.2697948277755153,1.4662703918438307,8.354573226886485,9.005106864371865e-4,0.05749488347058681,0.18600444691347753,6.903166966522716e-5,0.02095733961162907,0.14430088400461002,0.3460738986070443,0.0019635674926997944,TRUE,FALSE,FALSE,TRUE,TRUE,TRUE,TRUE,TRUE
Streptococcus_intermedius,5.324927278133527,-0.048405741300115546,0.062420999911114036,-5.409901282251023,0.5154016225735815,0.007449934835494967,0.009388659305497293,0.20116619130210114,10.33160751715195,-6.497471772435914,6.648553097944985,-26.892696268861148,0.001934240952700036,0.007402699613130835,0.0069343186413281,1.1282623825941272e-4,0.027186757816605213,0.036444059633874884,0.04887633483894753,0.002084359377404114,TRUE,TRUE,TRUE,TRUE,FALSE,FALSE,FALSE,FALSE
Gemella_morbillorum,-39.19419297872591,0.3571773384896944,-0.013533534393062567,36.07138817782626,0.5227450517951681,0.007475609594487807,0.009272845045292799,0.14310970872636675,-74.97764511424533,47.77902510493079,-1.459480270290145,252.05409541288802,1,1,1,1,1,1,1,1,FALSE,FALSE,FALSE,FALSE,TRUE,TRUE,TRUE,TRUE
Fusobacterium_nucleatum,-1.036488763775728,-0.01477209652817201,0.03943391006984495,2.40873324087182,0.5633178149200958,0.0115324209702953,0.010147501566358703,0.2525913777560328,-1.8399715690204996,-1.2809189472203037,3.8860708532016806,9.536086553193089,0.1630424882019533,0.29026772652692084,0.030200548492015443,0.002445846569033196,0.32106828445923113,0.488871960466393,0.1261727480007207,0.013040192647101935,FALSE,FALSE,FALSE,TRUE,TRUE,TRUE,TRUE,FALSE
Streptococcus_anginosus,1.7546790070025038,-0.008019831588335904,-0.04362611953059524,0.7892298948949997,0.7504705055067848,0.010407418418914356,0.01145157779050862,0.36006955163839466,2.3381052208275492,-0.7705879849858567,-3.809616485053593,2.191881794236231,0.04415709872327051,0.46070028471819524,0.004155569088771179,0.05607796260082382,0.14309135788806646,0.7191419078527926,0.03847212505977239,0.11671510915293415,FALSE,FALSE,TRUE,FALSE,TRUE,TRUE,FALSE,TRUE
Corynebacterium_durum,2.004287071772242,0.04334870867250985,-0.09037152879943226,0.14086994441137507,0.6545986844359128,0.00820528797869575,0.010445536781565203,0.24100505487792412,3.0618562478465656,5.283020996345363,-8.651688342041394,0.5845103310498184,0.09215901017219827,0.034011684099126985,0.01309784883455345,0.6180284786686524,0.21845098707484034,0.10070151805265834,0.06985519378428506,0.8283523064878273,FALSE,FALSE,FALSE,FALSE,FALSE,TRUE,TRUE,TRUE
Eubacterium_rectale,-0.43245468959310845,0.022821262572336094,0.024319975255556306,-0.3360507809032888,1.2763958237803987,0.013623880173918182,0.02082503309217601,0.6421435668644316,-0.3388092326346497,1.67509272549428,1.167824086901132,-0.5233265553748596,0.7401635210811508,0.11778837512277453,0.2638504000200975,0.6095522284355956,0.9965157536723834,0.24317600025347,0.4414751791185946,0.8283523064878273,FALSE,FALSE,FALSE,FALSE,TRUE,TRUE,TRUE,TRUE
Lacticaseibacillus_rhamnosus,3.1971450961034265,-0.043559256889807045,-0.07499598011058642,2.824471115928151,0.5263300107038024,0.007549388301286955,0.010619810232168484,0.24375940575783178,6.074411549947991,-5.769905474643745,-7.061894560358148,11.587126688084336,0.001746941957213655,0.0021976089165212692,8.803259817760958e-4,8.401902403833577e-5,0.027186757816605213,0.017580871332170154,0.024750238334209168,0.002050756843806645,TRUE,TRUE,TRUE,TRUE,FALSE,FALSE,FALSE,FALSE
Coprococcus_comes,1.9394626691831962,0.014274969307397328,-0.009260124931290274,-1.607141027544351,0.9784448900319616,0.010860206336330768,0.02046668860128814,0.5048442861514436,1.982188970417989,1.3144289220033616,-0.45244861597725466,-3.183439075434518,0.0708316233350476,0.21327126227616525,0.659016397454051,0.007870788459277722,0.18719139614765345,0.3818003016971909,0.8972774003508551,0.029201765877899955,FALSE,FALSE,FALSE,TRUE,TRUE,TRUE,TRUE,FALSE
Faecalibacterium_prausnitzii,0.10336455454639848,0.014929061220970558,-0.01658207545868412,0.9725019644810521,0.691476898758363,0.011175559224357076,0.013643467724475108,0.3833661490695609,0.14948374230867728,1.3358670399627737,-1.2153856917869512,2.536744485242994,0.8833040010464766,0.2029036051003461,0.24431805164578016,0.023719084641351633,1,0.3683923610332525,0.4160215544393644,0.06672621613391229,FALSE,FALSE,FALSE,FALSE,TRUE,TRUE,TRUE,TRUE
Latilactobacillus_sakei,3.540650106800944,-0.04967965758798962,-0.07439454032359674,1.9496456214099962,0.547753588957051,0.008148519330432546,0.012187828968250995,0.29784335780539395,6.463946888129955,-6.096771152330627,-6.104002650299143,6.545875777709514,0.0013195760402709325,0.0017183706237329688,0.0017092481798840228,0.0012461516620175211,0.025011985447884664,0.01516906481640138,0.032838485469636663,0.007975370636912135,TRUE,TRUE,TRUE,TRUE,FALSE,FALSE,FALSE,FALSE
GGB51647_SGB4348,-0.05090560152568028,0.037656143202354705,0.01580916985874809,-1.4143487758011437,0.5612811126634856,0.007948839531044161,0.010299174576627504,0.21591203162231154,-0.09069537594827386,4.737313296524453,1.5349938717054792,-6.550578794400961,0.9312559128831535,0.005162400324880233,0.18537609824117712,0.0012420852830865286,1,0.030035783708394083,0.3460738986070443,0.007975370636912135,FALSE,TRUE,FALSE,TRUE,TRUE,FALSE,TRUE,FALSE
Actinomyces_johnsonii,-0.7717267799368706,-0.018990534202932244,0.027003651821506998,1.7845422001264464,0.5679017904549161,0.008170023607244874,0.009776582848228603,0.2346750001105222,-1.3589088692935465,-2.324416074647831,2.762074667673862,7.604313196062644,0.3071329015504214,0.1456956203298538,0.10989027101505872,0.016857343158671587,0.5294362998138442,0.28256120306395893,0.256697868403796,0.05394349810774908,FALSE,FALSE,FALSE,FALSE,TRUE,TRUE,TRUE,TRUE
Ruminococcus_lactaris,-0.9632839894213747,-0.05114119834657945,0.09025063416146435,0.5642908926495,0.5227450517951681,0.007475609594487807,0.009272845045292799,0.14310970872636675,-1.8427414781131721,-6.841073988707057,9.732787911438091,3.943065062961268,1,1,1,1,1,1,1,1,FALSE,FALSE,FALSE,FALSE,TRUE,TRUE,TRUE,TRUE
Mediterraneibacter_glycyrrhizinilyticus,0.46135649261482486,-0.0383420543768924,0.022084178590827865,0.16798083746646378,0.8652266295543471,0.00921621042316537,0.013539526122149703,0.40396605450969914,0.5332204035981372,-4.160284174992129,1.6310894776959526,0.41582909155657927,0.6067954122603727,0.0024466794474460526,0.137308285187383,0.6872749387455233,0.8776250030432509,0.018980301168066347,0.2978753833796422,0.90226863753258435,FALSE,TRUE,FALSE,FALSE,TRUE,FALSE,TRUE,TRUE
Phocaeicola_dorei,-0.9264903567855878,0.004755646694283799,0.06517652735551424,-0.8322279721641712,1.0591716671824465,0.011698505633677397,0.01673788147332372,0.5626348287960172,-0.8747310615381068,0.4065174513053488,3.893953213815645,-1.479161846317009,0.40224032975206847,0.6929260309346283,0.0029902639759654694,0.16989377297304695,0.6435845276033096,0.9746188198848039,0.037995831854513384,0.2842667051052289,FALSE,FALSE,TRUE,FALSE,TRUE,TRUE,FALSE,TRUE
Ligilactobacillus_saerimneri,1.612152056373311,-0.016649130010614698,-0.037021221840372175,0.8155197266411759,0.5198080241931329,0.007679685489605946,0.009489899378373768,0.21491650055356315,3.1014374179308963,-2.1679442515124383,-3.9011184802168364,3.7945887102229534,0.19856597285138516,0.27513657935579744,0.15974935867163867,0.16404077987465723,0.37104298576609196,0.47271788130928954,0.32457012555507536,0.2781088718404785,FALSE,FALSE,FALSE,FALSE,TRUE,TRUE,TRUE,TRUE
Actinomyces_massiliensis,-0.607838815149437,0.10559185694449211,-0.048908124802065384,0.9441375374256094,0.5460165461761732,0.00784561836309685,0.01038800433185576,0.1935469298019003,-1.1132241676671035,13.458704216503914,-4.708134810079369,4.878080672175765,0.3814722589330618,0.005475391367095198,0.04227304365900364,0.03954822553425415,0.6180816347269862,0.030471743260355882,0.1500712493596591,0.09925829153695158,FALSE,TRUE,FALSE,FALSE,TRUE,FALSE,TRUE,TRUE
Bifidobacterium_animalis,0.973329503938325,0.1474809569437182,-0.05623412727174736,-2.3044569047390846,1.1012420656498136,0.012593443068604089,0.021376150789663012,0.5616040877765025,0.8838470072099808,11.710932120810837,-2.6306947319505634,-4.1033478119129585,0.41079223532161374,2.3383744611932513e-5,0.03902330356900078,0.006333496126756853,0.653185169207038,0.001331229268424205,0.14910396587558505,0.026151209813705716,FALSE,TRUE,FALSE,TRUE,TRUE,FALSE,TRUE,FALSE
Blautia_SGB59878,-3.2030910196483644,0.09859705716978752,0.016372033741336563,2.5355002646434177,0.5227450517951681,0.007475609594487807,0.009272845045292799,0.14310970872636675,-6.127443977993809,13.189166170808162,1.765589057227646,17.71717857026337,1,1,1,1,1,1,1,1,FALSE,FALSE,FALSE,FALSE,TRUE,TRUE,TRUE,TRUE
Lactococcus_lactis,0.9717808408960387,0.01090155421836399,0.004484451006172552,-1.845673715083427,0.5583113679068012,0.010369685072902791,0.010161043925104493,0.2788263063739316,1.740571474550842,1.0512907712936272,0.44133762625442396,-6.61943895856157,0.11994015560420859,0.3238414283842031,0.6706534941644944,1.6599249203792088e-4,0.2646955158161845,0.5314320876048461,0.9014193703098743,0.00223653041903725,FALSE,FALSE,FALSE,TRUE,TRUE,TRUE,TRUE,FALSE
Bacteroides_uniformis,0.19946214868137213,-7.643185892339832e-4,0.026408294126829213,-1.3662976002920684,0.9818817079683277,0.010469989408474628,0.020920883080334303,0.6375614279681321,0.2031427483195421,-0.07300089421440367,1.262293471333105,-2.1430054271733034,0.8419463450095426,0.9428381265301397,0.22746625699058082,0.05016602821195356,1,1,0.3961317128543448,0.11365047099345231,FALSE,FALSE,FALSE,FALSE,TRUE,TRUE,TRUE,TRUE
Parabacteroides_merdae,2.769721096137242,0.003868508130903567,-0.0010841199208102218,-3.1056092608431034,0.7353941979823265,0.01570973994615578,0.011103861481341676,0.39312709930501133,3.7663080613586857,0.24624902411896404,-0.09763449612838902,-7.899758796413034,0.0036837994332108923,0.8104703808734318,0.9241517374537163,1.3147707945611696e-5,0.03627125595776879,1,1,5.60968872346099e-4,TRUE,FALSE,FALSE,TRUE,FALSE,TRUE,TRUE,FALSE
Parabacteroides_distasonis,2.4324374981929258,-0.007701535693832134,-0.02435703629939018,-1.217959173281354,0.7494184434572714,0.010110432158522415,0.017054550507243953,0.49607097333192857,3.245766793477125,-0.7617414936452798,-1.4281840080771688,-2.455211529714719,0.004487058249809539,0.4560797844435316,0.17036085897791808,0.02447840874033257,0.039512975350780355,0.7162970847702091,0.33291893052173305,0.06811383301657759,TRUE,FALSE,FALSE,FALSE,FALSE,TRUE,TRUE,TRUE
Gemmiger_formicilis,5.0247855652982105,0.04227461675449654,-0.05924437554565379,-4.831950028365796,0.6076255459751885,0.009723654308994648,0.01407200365692875,0.4528267325380806,8.269542975244478,4.3476058908625905,-4.210088128884413,-10.670637754274924,4.2184391387172377e-4,0.0073758202086878924,0.008407519978149305,1.2512094800443458e-4,0.01542743456445161,0.036444059633874884,0.053808127860155555,0.002084359377404114,TRUE,TRUE,FALSE,TRUE,FALSE,FALSE,TRUE,FALSE
Anaerostipes_caccae,5.1455149749300295,0.025740695112283652,-0.10554740140516614,-3.6268772727444802,0.581802104365579,0.008515974009643787,0.011308555136124361,0.348208201343047,8.844098253204002,3.0226366453366333,-9.333411751957826,-10.415829548975388,3.071239451937488e-4,0.02932763093003133,2.377479783858689e-4,1.405636713302052e-4,0.01542743456445161,0.09445232041275123,0.014623418517994303,0.002084359377404114,TRUE,FALSE,TRUE,TRUE,FALSE,TRUE,FALSE,FALSE
Bifidobacterium_breve,-13.743802610722211,0.5568198666442766,-0.1979319174259478,6.688920016761889,0.5826314549388466,0.007586669446792641,0.010982918415370255,0.23185486189270837,-23.58918746013253,73.39450737235944,-18.021796205728723,28.849599970248672,0.001792277488874801,1.855888868604112e-4,0.003064811215512212,0.0011993296441494003,0.027186757816605213,0.003959229586355439,0.037995831854513384,0.007975370636912135,TRUE,TRUE,TRUE,TRUE,FALSE,FALSE,FALSE,FALSE
Acidaminococcus_intestini,-5.15474782942769,0.036420817509369346,0.02729256596512759,4.065167538721996,0.5368244430105574,0.007454818533744444,0.00992280012754902,0.17553651164115838,-9.602297169106947,4.885540452059229,2.750490346908659,23.158529816476243,0.01067219588166084,0.03943458912355784,0.11066955049929406,0.0018593683899357975,0.05691837803552448,0.10855112704979362,0.256697868403796,0.01081814335962646,FALSE,FALSE,FALSE,TRUE,FALSE,FALSE,TRUE,FALSE
Dialister_invisus,-3.7283484580364123,0.05446341423416861,0.060234007761109425,1.70277468402686,0.9039161950396728,0.011253086939189005,0.015127123288526622,0.5004593026812312,-4.124661642855924,4.839864343756124,3.9818547527007166,3.4024238832292157,0.0020616854664381075,6.816340788942071e-4,0.002593183602231779,0.006743553502495737,0.027186757816605213,0.010264607305701001,0.037995831854513384,0.026559226102137058,TRUE,TRUE,TRUE,TRUE,FALSE,FALSE,FALSE,FALSE
Parasutterella_SGB9260,-6.718402627192453,0.044619826313843834,0.20423283056010447,2.536322693772911,0.5227450517951681,0.007475609594487807,0.009272845045292799,0.14310970872636675,-12.852159200973146,5.968720777867342,22.024829441507787,17.722925413973783,1,1,1,1,1,1,1,1,FALSE,FALSE,FALSE,FALSE,TRUE,TRUE,TRUE,TRUE
Ruminococcus_bromii,2.4821701642384477,-0.004396926779270325,-0.032939304423340886,-1.3721067905276192,0.9472388359920089,0.013448462615596657,0.021514661091039496,0.5677332606387516,2.6204269397790907,-0.32694642539817553,-1.5310166534326477,-2.4168159339191684,0.03063015021979991,0.7520987791413152,0.16429831459677696,0.042058515024986455,0.11044110501787009,1,0.331184004226574,0.10185193255521074,FALSE,FALSE,FALSE,FALSE,TRUE,TRUE,TRUE,TRUE
Mediterraneibacter_faecis,-2.049388324380603,0.020721573454759515,0.016037476451871202,2.4281565115018386,0.757282965961845,0.01351201425201588,0.014930719318494896,0.43730745051380404,-2.7062385085839358,1.5335665777341843,1.0741261763594572,5.552515761277183,0.0241457575790541,0.15950360897281898,0.31071893237879444,3.5527734588144006e-4,0.0936562718217856,0.3002420874782475,0.4968964147397485,0.003248250019487452,FALSE,FALSE,FALSE,TRUE,TRUE,TRUE,TRUE,FALSE
Faecalicatena_fissicatena,-1.3985661672266336,0.03778764802483824,0.05890490862029279,-1.1328101442516896,0.5647230864983337,0.0076888081077081455,0.010877778733694278,0.27184729330322116,-2.476552137966756,4.914630134540041,5.415159662866913,-4.167082667945279,0.13161202790725132,0.038996014096635535,0.032450982862113335,0.053047711181492894,0.276169501182429,0.10851064792107279,0.1318643113127145,0.1145587873544105,FALSE,FALSE,FALSE,FALSE,TRUE,TRUE,TRUE,TRUE
Blautia_obeum,3.574499229656053,-0.024217646097820084,-0.034867757056095836,-1.8865825605761994,1.007067758498456,0.012007023073921014,0.019743437548968793,0.6142070749729941,3.5494128369134295,-2.016956738462531,-1.7660428671357178,-3.071574127763263,0.002669820346251605,0.0608017614709115,0.09645929409054459,0.007301736698580648,0.032390387479827934,0.149665874389936,0.24209391458019033,0.02832188780055524,TRUE,FALSE,FALSE,TRUE,FALSE,TRUE,TRUE,FALSE
Collinsella_aerofaciens,2.9623002234928877,-0.017726392528153383,-0.018359409649675897,-1.6913945710700498,0.9246627616326254,0.014542658687356439,0.01614579044952872,0.45821974565294754,3.2036547230068178,-1.2189237820430263,-1.1371019404139355,-3.6912302167595814,0.005919388644733793,0.2416960428142448,0.2733349419669185,0.0021778604312575334,0.04102047823784495,0.4180688308138289,0.45144351705503954,0.012120266747868012,TRUE,FALSE,FALSE,TRUE,FALSE,TRUE,TRUE,FALSE
Eubacterium_ramulus,0.1477076867682141,0.004036990699258826,-0.012754103932991954,1.508952409250225,0.5608814544106874,0.007813219103781834,0.013677141521832097,0.34382594801791333,0.26334920794164807,0.5166872508803447,-0.9325123902997752,4.388710095759289,0.801091892871136,0.6238592423944859,0.38705848261835774,0.004624426596265527,1,0.8922232740390412,0.582864538531174,0.020769354537613593,FALSE,FALSE,FALSE,TRUE,TRUE,TRUE,FALSE,FALSE
Roseburia_lenta,-16.32840043981455,0.1742516641461038,0.17038226236383353,3.1103140536712517,0.5227450517951681,0.007475609594487807,0.009272845045292799,0.14310970872636675,-31.235877573094,23.309358513664154,18.374324334291035,21.7337739092065,1,1,1,1,1,1,1,1,FALSE,FALSE,FALSE,FALSE,FALSE,TRUE,FALSE,TRUE
Solobacterium_SGB6829,4.00561799252402,-0.0379462961501138,-0.05864123390279332,-0.18468050082087303,0.5099986396906363,0.007238378643204379,0.009212959585455377,0.16856980688587958,7.854173875745662,-5.242375125780273,-6.365080988238679,-1.0955728326004446,5.37256768363277e-4,0.003347259982304145,0.0014150883969897476,0.3232093368660415,0.017192216587624865,0.023144001616834952,0.032838485469636663,0.501464183258828,TRUE,TRUE,TRUE,FALSE,FALSE,FALSE,FALSE,TRUE
Peptostreptococcus_SGB749,99.65783246387102,-0.8662368900457703,-3.9040557080281144,-19.568970463959506,0.5227450517951681,0.007475609594487807,0.009272845045292799,0.14310970872636675,190.64328226854425,-115.87508404458362,-421.02026820883214,-136.74104040960913,1,1,1,1,1,1,1,1,FALSE,FALSE,FALSE,FALSE,TRUE,TRUE,TRUE,TRUE
Eubacterium_sulci,0.324359821246057,0.01867635231427362,-0.024425969421746005,-0.035324320026962085,0.6164253534517846,0.009300823394625119,0.011298130817985206,0.25453447423307013,0.5261948092007342,2.0080321410109296,-2.1619478314822596,-0.1387801009407338,0.6212492821227598,0.10089942970508828,0.08298254203975776,0.8950402823136329,0.8835545345745917,0.21890045766527627,0.22128677877268735,1,FALSE,FALSE,FALSE,FALSE,TRUE,TRUE,TRUE,TRUE
Limosilactobacillus_mucosae,19.80871090603905,-0.23981112247195677,-0.3521670204332312,1.61370931642559,0.5227450517951681,0.007475609594487807,0.009272845045292799,0.14310970872636675,37.893636368270926,-32.07913942547015,-37.97831396007235,11.276029633398855,1,1,1,1,1,1,1,1,FALSE,FALSE,FALSE,FALSE,TRUE,TRUE,TRUE,TRUE
Candidatus_Cibionibacter_quicibialis,-0.09604563506840341,0.020787254119616756,0.002398661651653895,0.08645168099787849,0.8103477123325397,0.010725270071916105,0.013781834586443695,0.4722802971447755,-0.11852397878923053,1.9381567065660887,0.1740451633350254,0.18305163590463547,0.9082557374536011,0.08455904211209135,0.865681929430264,0.8588147904995223,1,0.19327781054192308,1,1,FALSE,FALSE,FALSE,FALSE,TRUE,TRUE,TRUE,TRUE
Pediococcus_acidilactici,-4.7097747296146,0.3004188356413103,0.14130576010614368,-4.144395311371358,0.5227450517951681,0.007475609594487807,0.009272845045292799,0.14310970872636675,-9.009697391569139,40.18653353203813,15.238662936341758,-28.95956779071963,1,1,1,1,1,1,1,1,FALSE,FALSE,FALSE,FALSE,TRUE,TRUE,TRUE,TRUE
Drancourtella_massiliensis,-7.599262172156301,0.13869065437204456,0.09892873334818908,3.197013280949883,0.5227450517951681,0.007475609594487807,0.009272845045292799,0.14310970872636675,-14.537224496070388,18.552420724901026,10.668649466800758,22.339597427752018,1,1,1,1,1,1,1,1,FALSE,FALSE,FALSE,FALSE,TRUE,TRUE,TRUE,TRUE
Anaeromassilibacillus_senegalensis,-2.2647378217341894,0.07111257628001033,0.022015795011386074,1.0380914401346528,0.5390598836404662,0.007840516044442272,0.009915415508394079,0.23046074826348306,-4.201273161786027,9.069884670463532,2.2203603059042956,4.50441755464499,0.013681792389106105,8.191121310326489e-4,0.09057595634458368,0.010786014186649406,0.0690983162267394,0.010272568711467719,0.22989080517190608,0.03889041734904575,FALSE,TRUE,FALSE,TRUE,TRUE,FALSE,FALSE,FALSE
Gordonibacter_urolithinfaciens,1.1795481469587672,-0.01428160560216127,0.015375249943705841,-0.7262327698005232,0.5515891266763022,0.008685858170925003,0.010259963300112742,0.2653509120243766,2.138454313025246,-1.6442365648989576,1.498567733038274,-2.7368768558587333,0.0611748249199596,0.13453896804129054,0.16821523314621692,0.022964635194097152,0.17247402603120932,0.2629158459432853,0.33291893052173305,0.06605557988414462,FALSE,FALSE,FALSE,FALSE,TRUE,TRUE,TRUE,TRUE
Schaalia_meyeri,-1.8607482994028697,-0.0070121091480558635,0.08810672006308874,0.7840411078378733,0.828853821442806,0.008652182479724192,0.01273306559388209,0.31641566924194803,-2.244965579290954,-0.8104439734700776,6.919521415598593,2.4778833163232328,0.07474744107729547,0.4545140101567764,9.668061849300455e-4,0.05598618876927626,0.19328631228068327,0.7162970847702091,0.024750238334209168,0.11671510915293415,FALSE,FALSE,TRUE,FALSE,TRUE,TRUE,FALSE,TRUE
Faecalicatena_contorta,-0.133607760601785,-0.011231317119643732,0.02099095430183816,-0.013674744094552408,0.5395046175112022,0.007700910233594548,0.010424511384124478,0.20672649335973683,-0.24764896585711021,-1.458440207580669,2.0136151737342196,-0.0661489675189149,0.8126631031532728,0.19499658087237695,0.09069910672797857,0.9494082836359324,1,0.3565651764523464,0.22989080517190608,1,FALSE,FALSE,FALSE,FALSE,TRUE,TRUE,FALSE,TRUE
Massilioclostridium_coli,2.4964384524245578,-0.0033958138784791914,-0.02829098210248504,-0.4872647111504408,0.6277655923985604,0.008588103496076159,0.014942943220979412,0.32742469387123413,3.976704812517983,-0.3954090539349827,-1.8932670548306314,-1.488173373209495,0.005346332668837038,0.7043143815573778,0.10019300822788141,0.18030801608181654,0.04102047823784495,0.9746188198848039,0.2442800962508347,0.29779904591577444,TRUE,FALSE,FALSE,FALSE,FALSE,TRUE,FALSE,TRUE
Clostridiales_bacterium_KLE1615,0.32719242906818186,-0.007033832013799524,0.0326301324202759,-1.9329065576356617,0.5304418566360167,0.007291456177279348,0.009813312311776975,0.18665804460291452,0.6168299597305301,-0.9646676662087612,3.3250885515094035,-10.355334867820002,0.5643471556285422,0.3790163349288245,0.02089123065076404,1.4455751119837583e-4,0.8448705955608584,0.6141024160872094,0.09723918266537443,0.002084359377404114,FALSE,FALSE,FALSE,TRUE,TRUE,TRUE,FALSE,FALSE
Merdimonas_faecis,-20.528767632083877,0.7918296261071069,0.17404611768016617,-5.278163988845188,0.5227450517951681,0.007475609594487807,0.009272845045292799,0.14310970872636675,-39.271089341899405,105.92174672831605,18.769440967690677,-36.881942083589266,1,1,1,1,1,1,1,1,FALSE,FALSE,FALSE,FALSE,TRUE,TRUE,TRUE,TRUE
Clostridia_bacterium_UC5_1_1D1,1.9139249182729723,-0.030536407715671815,-0.0038649130130558036,-0.620108456521346,0.5729435870574037,0.007703609327780084,0.01127192483596769,0.2948311733130661,3.3405119832176684,-3.963909177682997,-0.342879594150878,-2.1032662508278417,0.0053168325492856045,0.0016185026850976207,0.737170000827623,0.05548264483154171,0.04102047823784495,0.01516906481640138,0.972760413463255,0.11671510915293415,TRUE,TRUE,FALSE,FALSE,FALSE,FALSE,FALSE,TRUE
Clostridioides_difficile,5.998954168217349,-0.05770404610118352,-0.14225962937084177,1.4293016714801,0.5161173336948573,0.007339622106138557,0.009201714898259626,0.16013042650952508,11.623237152821716,-7.861991430447385,-15.46012139517039,8.925859392468928,0.0013678429541811926,0.004286866792423367,5.879348263727051e-4,0.0029664480470964435,0.025011985447884664,0.026766778020984924,0.021501616507344643,0.014782885498462829,TRUE,TRUE,TRUE,TRUE,FALSE,FALSE,FALSE,FALSE
Lactiplantibacillus_plantarum,NA,NA,NA,NA,NA,NA,NA,NA,NA,NA,NA,NA,1,1,1,1,1,1,1,1,FALSE,FALSE,FALSE,FALSE,TRUE,TRUE,TRUE,TRUE
Clostridiaceae_bacterium,-3.0387362392407145,0.03038349032099868,0.09800111733120945,-0.3186612049570824,0.8234840357726569,0.010735993843581341,0.014026423013773064,0.4220210057899896,-3.69009732701076,2.8300584709410823,6.986893040013019,-0.7550837531429841,0.004176174470481311,0.01785011563072259,3.774835382594699e-5,0.4676098327754513,0.038182166587257704,0.07253380319785686,0.004831789289721214,0.6919544346272574,TRUE,FALSE,TRUE,FALSE,FALSE,TRUE,FALSE,TRUE
Blautia_glucerasea,1.1229317252338384,0.0036735960866784694,0.019896006468383357,-2.138872036309979,0.8637552484253425,0.012789803044500779,0.013537890223649332,0.4651226102301091,1.300057773635511,0.2872285111738294,1.4696534053457633,-4.598512283141471,0.22016214727963007,0.7792759579872275,0.16966837711455826,7.667882963571712e-4,0.4025822121684664,1,0.33291893052173305,0.005773464819630466,FALSE,FALSE,FALSE,TRUE,TRUE,TRUE,TRUE,FALSE
Schaalia_SGB17168,-2.636094082601115,0.02880790422968333,0.0025418788474435195,3.7518071026255284,0.5359086636896354,0.007855309666561838,0.009904029067155432,0.2180277734425884,-4.91892417721348,3.6673161788021726,0.25665098821984583,17.207932014282868,0.016096900342973144,0.03506562869649714,0.8140427024335698,4.2759223445959716e-4,0.07229485066317762,0.10070151805265834,1,0.003612297582917357,FALSE,FALSE,FALSE,TRUE,TRUE,TRUE,TRUE,FALSE
TM7_phylum_sp_oral_taxon_352,-0.444088675159847,-0.006416382666050804,0.020001686688087685,0.8944237585066402,0.5242249813724933,0.007492882653612797,0.009365946591995848,0.15078712852374837,-0.8471337516139762,-0.856330328749651,2.1355755653337973,5.931698330376867,0.486126319822919,0.4820384218552083,0.16624122773275793,0.027264199899944153,0.7496887823775137,0.7433845541863453,0.33248245546551586,0.07504984058479251,FALSE,FALSE,FALSE,FALSE,TRUE,TRUE,TRUE,TRUE
GGB3256_SGB4303,-25.04326687708974,0.275718339179588,-0.3520425682872489,31.794426987399397,0.5227450517951681,0.007475609594487807,0.009272845045292799,0.14310970872636675,-47.907228946669534,36.88238874631586,-37.9648928206729,222.16820417259046,1,1,1,1,1,1,1,1,FALSE,FALSE,FALSE,FALSE,TRUE,FALSE,TRUE,TRUE
Dorea_sp_AF36_15AT,-1.476048281078023,0.016839222624560203,0.05460811583135284,0.12683988795229564,0.6870789332332667,0.008376698714445595,0.012612267624894584,0.32870397814520236,-2.148295064341461,2.0102457064047212,4.329761899720968,0.38587877356405204,0.06394488626990982,0.07924800376221784,0.0025127875726828493,0.7096455470953286,0.1760203320978163,0.18294669243591424,0.037995831854513384,0.9221789850578889,FALSE,FALSE,TRUE,FALSE,TRUE,TRUE,FALSE,TRUE
Clostridiaceae_bacterium_Marseille_Q3526,-0.7757394349707295,-1.0676947942512024e-4,0.06743450825008629,-0.7382539767903182,0.5213801685327277,0.00739497535560226,0.009266761159223131,0.14833049560295825,-1.4878575783843517,-0.014438111594818797,7.277031002678782,-4.9770883174720195,0.2751827582220158,0.9897912453967765,0.01836528863723771,0.03807826056865183,0.4825122335947674,1,0.09041372867563181,0.09748034705574869,FALSE,FALSE,FALSE,FALSE,TRUE,TRUE,TRUE,TRUE
Clostridium_SGB6179,0.3576269188604224,-0.13587077952101403,0.10843044376148617,1.527449831579553,0.519681307393509,0.007427659639287157,0.009232959482982722,0.14528851366793097,0.688165831197817,-18.292542485704654,11.743844859422857,10.513218099750592,0.6162842217451561,0.03476754148514646,0.054078352945625865,0.06037258834144311,0.8813897249539663,0.10070151805265834,0.17091430066765706,0.12464018238233415,FALSE,FALSE,FALSE,FALSE,TRUE,TRUE,TRUE,TRUE
GGB9512_SGB14909,-2.884520566784117,0.13853292693885344,5.202832513058503e-4,-2.426945853310783,0.5227450517951681,0.007475609594487807,0.009272845045292799,0.14310970872636675,-5.5180255783930114,18.5313217855841,0.05610826545300282,-16.95863875980092,1,1,1,1,1,1,1,1,FALSE,FALSE,FALSE,FALSE,TRUE,TRUE,TRUE,TRUE
Clostridium_sp_AT4,1.567004958719731,0.02917834461937035,-0.04406649052994605,-0.8402235178229867,0.6072997052232639,0.007702016179490628,0.01154589112881553,0.2715161467123131,2.5802827586482144,3.788403443901887,-3.8166383207934116,-3.094561881482693,0.06130912644078143,0.019295412978028382,0.01883251580869763,0.036412695583380755,0.17247402603120932,0.07718165191211353,0.09096460466087912,0.09710052155568201,FALSE,FALSE,FALSE,FALSE,TRUE,TRUE,TRUE,TRUE
Clostridium_SGB4750,2.35749758658137,-0.03977628714675959,-0.03895200307744716,1.7030820864285166,0.5227450517951681,0.007475609594487807,0.009272845045292799,0.14310970872636675,4.509841993693572,-5.320808509862381,-4.200652861898138,11.90053492237133,1,1,1,1,1,1,1,1,FALSE,FALSE,FALSE,FALSE,TRUE,TRUE,TRUE,TRUE
Actinomyces_gerencseriae,0.22137141859089246,0.04436010981620983,-0.058829581222047456,1.0567789398545915,0.5193615910794626,0.007421932140739045,0.00922357731010034,0.1432823521234808,0.42623756240962096,5.976895096186184,-6.378174025562266,7.375499663376958,0.7434941755915048,0.10553595004132804,0.0990062416700973,0.08579232205854638,0.9965157536723834,0.22191539364687057,0.24370767180331646,0.1591509742535353,FALSE,FALSE,FALSE,FALSE,TRUE,TRUE,TRUE,TRUE
Phascolarctobacterium_faecium,3.309190190875689,-0.029420962168868765,-0.032888192168748706,-1.2192042710806172,0.6049492771124733,0.008290042475327802,0.011124919435374341,0.27895471105733244,5.4701944709662635,-3.548951921106461,-2.9562634012586946,-4.370617246288553,0.03183198736298774,0.07103965083239212,0.09790716961420644,0.04856761707811714,0.11318039951284531,0.1683902834545591,0.2433420914683189,0.11201180154953141,FALSE,FALSE,FALSE,FALSE,TRUE,TRUE,TRUE,TRUE
Sutterella_wadsworthensis,0.8652918951412157,-0.012177590521016548,-0.01967558507182243,1.895851070623017,0.5227450517951681,0.007475609594487807,0.009272845045292799,0.14310970872636675,1.6552847170330958,-1.6289762549927405,-2.12184987193444,13.247536365600348,1,1,1,1,1,1,1,1,FALSE,FALSE,FALSE,FALSE,TRUE,TRUE,TRUE,TRUE
Fusicatenibacter_sp_CLA_AA_H277,-0.17053106400879914,0.09766953842112842,-0.034822707061893346,-1.7189152218519297,0.5227450517951681,0.007475609594487807,0.009272845045292799,0.14310970872636675,-0.32622224432957403,13.065093513329767,-3.755342280799839,-12.01117126957882,1,1,1,1,1,1,1,1,FALSE,FALSE,FALSE,FALSE,TRUE,TRUE,TRUE,TRUE
Lachnospiraceae_bacterium,0.5090707658986354,0.14917476634508833,-0.07524088174383832,-1.5934663943307212,0.5325962600785656,0.007677460270437358,0.00949364815817198,0.17793603120923568,0.9558286530655324,19.430223158496446,-7.925391850452366,-8.955276699731252,0.44003039533239274,0.0026382933237258308,0.015550184666244221,0.012240815764072687,0.6910906822398316,0.019864796790406255,0.07961694549117042,0.04292669637811791,FALSE,TRUE,FALSE,TRUE,TRUE,FALSE,TRUE,FALSE
Leuconostoc_carnosum,-4.123045226244036,-0.2123976024914989,0.08665351979426707,8.442205020898422,0.5227450517951681,0.007475609594487807,0.009272845045292799,0.14310970872636675,-7.887296516887178,-28.412077945872365,9.344868739961878,58.99114110448202,1,1,1,1,1,1,1,1,FALSE,FALSE,FALSE,FALSE,TRUE,TRUE,TRUE,TRUE
Eubacterium_ventriosum,6.540242307139626,-0.14587449283682583,-0.02109063552786388,-2.3113417268547916,0.5191102664472275,0.007421245717381983,0.009214491907965722,0.1425690603736989,12.598946177467873,-19.656335121091566,-2.288854962217884,-16.212085011967908,0.050423894206961105,0.03235961283649015,0.2622277937371526,0.03921853507415243,0.15552430020460292,0.10070151805265834,0.4414751791185946,0.09925829153695158,FALSE,FALSE,FALSE,FALSE,TRUE,TRUE,FALSE,TRUE
GGB3819_SGB5184,-0.42276382097690335,-0.053305888480483975,0.04661336199369185,1.1705198628387707,0.628724885498268,0.009366766844991225,0.011090084668616633,0.2814828515647911,-0.6724146454643045,-5.690959256553793,4.203156548083087,4.15840558787768,0.5705976625035358,0.029516350128984757,0.05221080823565428,0.05325193630927676,0.8482807648271072,0.09445232041275123,0.16918945453579107,0.1145587873544105,FALSE,FALSE,FALSE,FALSE,TRUE,TRUE,TRUE,TRUE
Pseudoflavonifractor_phocaeensis,-12.4924310978726,0.1367408903966309,0.19958210595068682,-1.0121657526082064,0.5284486570210359,0.007483168573806641,0.009570817408914467,0.1626024801266805,-23.63981993689751,18.27312709154588,20.853193350527377,-6.2247866811111825,0.026913929761699772,0.034804408847102404,0.03050527757237738,0.10140531543152337,0.09985457998543684,0.10070151805265834,0.1261727480007207,0.18542686250335702,FALSE,FALSE,FALSE,FALSE,FALSE,TRUE,FALSE,TRUE
Bacteroides_caccae,2.5291458959664035,-0.002763000323593639,-0.04735158879562427,-0.7457179734788169,0.608194420377627,0.008510495160576432,0.011747594883980049,0.2884628683475634,4.1584496852109565,-0.3246579983257397,-4.030747507321404,-2.585143723178664,0.008837350566328367,0.7585831170811509,0.010013796317317738,0.049124939694080626,0.05484312837528998,1,0.06103647279127002,0.11228557644361285,FALSE,FALSE,FALSE,FALSE,TRUE,TRUE,TRUE,TRUE
Alistipes_onderdonkii,1.2353451922086032,0.03699107075477297,-0.005640812408074995,-2.205055541169306,0.7014149045372444,0.00909115767433144,0.012792270754278532,0.3171027663816453,1.761218907978035,4.068906522127093,-0.4409547387189531,-6.953756872986208,0.12158572790188858,0.004755786699586481,0.6725433583171327,2.2045229872364404e-4,0.2660337294263545,0.028313520816142773,0.9014193703098743,0.002520247503085989,FALSE,TRUE,FALSE,TRUE,TRUE,FALSE,TRUE,FALSE
Bacteroides_thetaiotaomicron,1.38334213321448,-0.0049125701708388194,-5.65434087134733e-4,-1.2743809879196792,0.6135721586974613,0.007973021804204596,0.0110190005539856,0.25682096092161033,2.254571224599151,-0.616149095221107,-0.05131446217508484,-4.962137760666114,0.06503138693295091,0.5604292648857168,0.9607406466737642,0.0025467968867428446,0.1771067559025046,0.8198279532042485,1,0.013040192647101935,FALSE,FALSE,FALSE,TRUE,TRUE,TRUE,TRUE,FALSE
GGB3433_SGB4573,2.530091569529009,-0.0397054361837359,-0.05614214008383425,1.166765767654655,0.7412287794488406,0.008522433956850263,0.01223747618644581,0.3273207801640325,3.413374709236631,-4.658931519418932,-4.587722111036024,3.564594240151651,0.07615372016064705,0.043113432976362664,0.04437374421403743,0.07048175967055843,0.19495352361125645,0.11528384212660732,0.15146238025058112,0.13987077888110822,FALSE,FALSE,FALSE,FALSE,TRUE,TRUE,TRUE,TRUE
Klebsiella_pneumoniae,-9.000096320985685,0.0717444048064248,-0.12072810473641368,10.6412381587473,0.5296050451260225,0.008224390753864878,0.011524323458114724,0.3200293422223876,-16.99397768924966,8.723370150270405,-10.475938581141119,33.25082033057059,0.03741834357246257,0.07266147355202388,0.06058613673874767,0.019140217749503353,0.12604073624408443,0.17065446999374415,0.18464346434665957,0.059754826144790954,FALSE,FALSE,FALSE,FALSE,TRUE,TRUE,TRUE,TRUE
Blautia_SGB4815,2.0080285820771837,0.004957350256926394,-0.04233281024077817,-0.3479878532269547,0.6039082844905507,0.009130214887675995,0.013596201996971414,0.3141962800222422,3.325055531853038,0.5429609618080127,-3.113576147971904,-1.107549246612087,0.015904096483267457,0.6067221689758469,0.020754037796514035,0.31047039951055516,0.07229485066317762,0.8725891868416673,0.09723918266537443,0.4846367211872081,FALSE,FALSE,FALSE,FALSE,TRUE,TRUE,TRUE,TRUE
Faecalibacillus_intestinalis,0.24212034033492003,0.02822175594002306,-0.013243079863466152,-0.45240972106522614,0.5435700532760238,0.00757046296720902,0.009964684599751852,0.1773277495949057,0.4454261946104154,3.727877153915659,-1.329001408012045,-2.551262969832574,0.6861930381814247,0.033623976953145104,0.2758835493226198,0.0838504220518403,0.9547033574698083,0.10070151805265834,0.4527319783755812,0.1566840003304461,FALSE,FALSE,FALSE,FALSE,TRUE,TRUE,TRUE,TRUE
Lentihominibacter_faecis,-0.8987263004012699,0.030121232935364093,0.02548842284700267,-0.006862745551700036,0.5188765630431413,0.007336846243973784,0.009315142387077981,0.1725331417914046,-1.7320618513396728,4.105474196096799,2.736235452757046,-0.03977639009203929,0.18168808424583202,0.026158338006895043,0.0715643758160025,0.9707704446442667,0.3430071048716678,0.08928712706353509,0.2069061971967393,1,FALSE,FALSE,FALSE,FALSE,TRUE,TRUE,TRUE,TRUE
Roseburia_intestinalis,0.7125705416945097,-0.09380462271888089,0.05616881875219331,-0.5409847455263708,0.5956965059646377,0.0077805198680261835,0.010840665499914397,0.2500877776724052,1.1961972826088894,-12.056343831775074,5.181307250245554,-2.1631794666711666,0.2852451023360817,6.930025364840954e-5,0.003521471876151146,0.08285354591665611,0.4967533754968497,0.0022176081167491054,0.03847212505977239,0.1566840003304461,FALSE,TRUE,TRUE,FALSE,TRUE,FALSE,TRUE,TRUE
Clostridium_sp_AM49_4BH,19.80535162359582,-0.10305369338051744,-0.18075163488473828,-8.41086062501564,0.5227450517951681,0.007475609594487807,0.009272845045292799,0.14310970872636675,37.8872101334712,-13.785323066697437,-19.492575795439798,-58.77211755840861,1,1,1,1,1,1,1,1,FALSE,FALSE,FALSE,FALSE,FALSE,TRUE,TRUE,TRUE
Roseburia_inulinivorans,0.6300951575294276,7.267293460643734e-4,-0.029649193169224864,2.3488184240902665,0.5224051373344697,0.008170887559276157,0.009531961424155275,0.16688923765530658,1.2061427281217745,0.08894129808937831,-3.1105028492970828,14.074115605594182,0.35108399356378284,0.9372330129111868,0.08967196289025997,0.005010535294316565,0.5819487926606128,1,0.22989080517190608,0.021470122572495868,FALSE,FALSE,FALSE,TRUE,TRUE,TRUE,TRUE,FALSE
Ruminococcus_bicirculans,3.8106890181760398,-0.05011670353688617,-0.02614367336025766,-1.1925694745180189,0.880028085563241,0.008617874381010833,0.015414855305622704,0.41371554200058147,4.330190229936922,-5.815436767947845,-1.6960051094817299,-2.8825832086248835,0.022712939738392463,0.010123318286668051,0.18845424550469855,0.06339522498703398,0.08959892268057329,0.0470550164845445,0.3460738986070443,0.12880299679905316,FALSE,TRUE,FALSE,FALSE,TRUE,FALSE,TRUE,TRUE
Faecalibacterium_SGB15346,-0.06286952192530414,0.02091209816936235,0.0014163987924137324,-0.16253591082268815,0.5386968722429383,0.0076281046041781495,0.009668224471670518,0.16021835269554632,-0.1167066771030956,2.7414540379936776,0.14650040413976867,-1.01446499784919,0.9260368146530671,0.22267165562176902,0.9073937130766216,0.49542878859436196,1,0.39043797150118403,1,0.7199573801449138,FALSE,FALSE,FALSE,FALSE,TRUE,TRUE,TRUE,TRUE
Roseburia_hominis,-1.366962760810475,0.007236371650813636,0.04041063104076103,1.5616787636262994,0.6524594333580354,0.010565759016369785,0.012830816242699713,0.2794853617651513,-2.095092339726136,0.6848889549347237,3.149498073729586,5.587694302711146,0.10422929230185175,0.5310397303818648,0.03453068066019058,0.005032059977928719,0.23823838240423256,0.7996833586926905,0.13639601974022506,0.021470122572495868,FALSE,FALSE,FALSE,TRUE,TRUE,TRUE,TRUE,FALSE
Lachnospiraceae_bacterium_CLA_AA_H244,2.9001389583650026,4.4982671662671865e-4,-0.03222434782593301,-2.4827498969132322,0.5428914446906923,0.00784754366236686,0.00964616773644698,0.16803638381851238,5.34202368950082,0.05732070262748288,-3.340637308656459,-14.77507335313003,0.11780857042557094,0.963548394984878,0.1851639954711604,0.04302180744753826,0.2622521219908362,1,0.3460738986070443,0.10233765317068388,FALSE,FALSE,FALSE,FALSE,TRUE,TRUE,TRUE,TRUE
Bacteroides_ovatus,0.8883194799507474,-0.0067072170494597416,0.004397149864327013,-0.8859662469347356,0.9318170812419776,0.011567666765162318,0.01739857909146447,0.5226366567182065,0.9533195922602598,-0.5798245390037933,0.2527304006385327,-1.6951858151282104,0.36290312896937393,0.5748631705539243,0.8055957115269798,0.12089991575309271,0.59174013386089,0.83616461171479906,1,0.2164362128167254,FALSE,FALSE,FALSE,FALSE,TRUE,TRUE,TRUE,FALSE
Wansuia_hejianensis,0.2926525219610782,0.008834809487338316,0.029573600483131363,-1.7407381269100017,0.6063971123996018,0.008068510625813123,0.012226105381044346,0.28345870812203955,0.48260869977267784,1.094974016527117,2.4188897086543193,-6.141064208055831,0.6423022773398042,0.30539567026647635,0.04192264971963073,2.7669339366529356e-4,0.9028178599918599,0.5076707245988179,0.1500712493596591,0.002724365722242891,FALSE,FALSE,FALSE,TRUE,TRUE,TRUE,TRUE,FALSE
Clostridium_fessum,3.5123607732480693,-0.03237729133233365,-0.018741680740430724,-1.5760121397118176,0.5980494015866731,0.010097235135327573,0.012653250152371802,0.3056102458565044,5.87302781999195,-3.206550198980116,-1.4811752328248777,-5.15693489036953,3.729285743781885e-4,0.012488838043374743,0.1768356870436317,8.669125895792981e-4,0.01542743456445161,0.05418885659498194,0.3429540597209827,0.006340846369494294,TRUE,FALSE,FALSE,TRUE,FALSE,TRUE,TRUE,FALSE
GGB3109_SGB4121,-0.7851194980736772,-0.002976323464388324,0.04333255127813975,-0.2301275015909386,0.6155214338371728,0.010479926689839124,0.011574195036561902,0.3271073990979331,-1.2755355945596023,-0.2840023172370124,3.7438933024072854,-0.7035227641611385,0.23095311855694142,0.7822021552969762,0.0038219939830604426,0.49778303236581933,0.4163661855674437,1,0.03847212505977239,0.7199573801449138,FALSE,FALSE,TRUE,FALSE,TRUE,TRUE,FALSE,TRUE
Clostridium_leptum,3.089391321672499,-0.0917924502912328,-0.026416408688238333,3.699130237202377,0.5164935663163144,0.007329464708557785,0.009326953237406019,0.16937393299573344,5.981471064018005,-12.523759093083177,-2.832265587254641,21.840020903898825,0.009353772501478546,0.0010974562151023677,0.06606613984288338,2.1010843568983366e-4,0.05484312837528998,0.012215164828965484,0.19765044996867298,0.002520247503085989,FALSE,TRUE,FALSE,TRUE,TRUE,FALSE,TRUE,FALSE
GGB9359_SGB14334,2.261680853679749,-0.052519806771622775,7.943005901958663e-4,1.339171467602446,0.5227450517951681,0.007475609594487807,0.009272845045292799,0.14310970872636675,4.326546651972832,-7.0254881702689,0.08565877962115623,9.357656301034138,1,1,1,1,1,1,1,1,FALSE,FALSE,FALSE,FALSE,TRUE,TRUE,TRUE,TRUE
Gordonibacter_pamelaeae,2.8066744675066566,-0.010234035106862185,-0.058323230289858655,2.8622597964579244,0.5485523635513964,0.007547218270529188,0.009654743074708195,0.16782772799180798,5.116511483672947,-1.3560009449871926,-6.040888901812793,17.054749121060837,0.12287562656215323,0.40452652304185616,0.10443801585540277,0.037285315490378314,0.26657763050772226,0.6432222975075477,0.24987039307460848,0.09748034705574869,FALSE,FALSE,FALSE,FALSE,TRUE,TRUE,TRUE,TRUE
Zhenpiania_hominis,5.943650890572152,-0.19372825941882077,-0.030139786750250332,0.9418432955663759,0.5811765101557368,0.007520700940631007,0.010709203489509472,0.22120958738251356,10.22692897374576,-25.759335592270798,-2.81438173994683,4.257696543404103,0.009426162689502965,0.00150366218287669,0.10646643691668824,0.050981648963976126,0.05484312837528998,0.01516906481640138,0.25236488750622393,0.11448510644542007,FALSE,TRUE,FALSE,FALSE,TRUE,FALSE,TRUE,TRUE
Alistipes_dispar,11.554839424125412,-0.3688223283212533,-0.011076647789618504,-2.94884919093498,0.5333721278547413,0.007447487584394049,0.009759548924140084,0.17604900245904934,21.66374810509832,-49.52305380060084,-1.13495489143157,-16.750161317278184,0.002123965454422282,4.074925233246757e-4,0.37410050740936496,0.0035452567734977234,0.027186757816605213,0.0065198803731948115,0.5666847922887421,0.016528286018691326,TRUE,TRUE,FALSE,TRUE,FALSE,FALSE,TRUE,FALSE
Brotolimicola_acetigignens,-60.04541104233993,-0.17088636260015527,1.363124024315834,-10.347736492014723,0.5227450517951681,0.007475609594487807,0.009272845045292799,0.14310970872636675,-114.86557517117937,-22.859187660917915,147.0017041865485,-72.30632068296734,1,1,1,1,1,1,1,1,FALSE,FALSE,FALSE,FALSE,TRUE,TRUE,FALSE,TRUE
Hydrogeniiclostridium_mannosilyticum,-2.017324879893159,0.14131840889691666,0.006855035641643797,-1.782088808763338,0.7845737620298898,0.008000624770172406,0.013142562425667437,0.3574033824423999,-2.571236737096372,17.663421664739737,0.5215904950358772,-4.986211368748152,0.08240449779598522,3.9560125828880065e-4,0.6380150234413375,0.015509371610928488,0.20481117898807974,0.0065198803731948115,0.8828748432485536,0.050902552979457595,FALSE,TRUE,FALSE,FALSE,TRUE,FALSE,TRUE,TRUE
Lacrimispora_amygdalina,-0.0519396010711346,-0.018915752255224755,0.017887540118147083,0.35621254335697256,0.5263864624745267,0.0074503179354719245,0.009514807264803457,0.16195982559581262,-0.09867199248812009,-2.5389187977018297,1.8799687287745157,2.1993882868578627,0.9303975744416304,0.12638420230476416,0.20086534169611567,0.15887738616173033,1,0.25678060150809223,0.36212343291694093,0.2711507390493531,FALSE,FALSE,FALSE,FALSE,TRUE,TRUE,TRUE,TRUE
Dysosmobacter_welbionis,1.8987831865665803,-0.07906129403409712,0.021496611496244034,-0.14731746849130836,0.6410330704103775,0.007983258000068586,0.012584460336517573,0.2798381780156617,2.9620674411555936,-9.903387067462669,1.708186995819375,-0.5264380633691214,0.0252152884336879,6.121507464873949e-5,0.13846551024288056,0.6174682721813385,0.09634498267200153,0.0022176081167491054,0.2978753833796422,0.8283523064878273,FALSE,TRUE,FALSE,FALSE,TRUE,FALSE,FALSE,TRUE
Massilimicrobiota_timonensis,-4.948036381529246,0.17817150370863608,0.03917895727634442,1.3243564121645164,0.6573145906875586,0.00868714408373015,0.012146042757519576,0.2753609397069949,-7.527653351424229,20.509790328253825,3.225656130025465,4.809528953430116,0.08407853116426404,0.031015237565414716,0.19137990383735495,0.13050690235618823,0.20665734874067943,0.09802346687340947,0.34746989632881464,0.2288340205697547,FALSE,FALSE,FALSE,FALSE,TRUE,TRUE,TRUE,TRUE
Intestinimonas_massiliensis,2.225796228117598,0.16964816895400942,-0.10858403726913735,-1.2002335573482523,0.5200980965789911,0.0074409858630790325,0.009229972032579178,0.14567334721228875,4.279570032572789,22.799152165545184,-11.764286704863952,-8.239211772893228,0.14613582253409327,0.027905072643511462,0.05398483559965317,0.07689098689213288,0.29928616454982304,0.09399603416761755,0.17091430066765706,0.14800069657433093,FALSE,FALSE,FALSE,FALSE,TRUE,TRUE,TRUE,TRUE
Alistipes_putredinis,0.4286675803272796,-0.003997805104031697,0.010888850427002276,-1.0263289510714082,0.5783537868710241,0.00790444403163906,0.012094323844046339,0.2774604493911191,0.7411857414238296,-0.5057667671539848,0.9003273409420502,-3.6990099069026408,0.5939409426296189,0.7019025541820487,0.5333603019064452,0.16808744396415687,0.87384414547806,0.9746188198848039,0.7670799847643257,0.2830946424659484,FALSE,FALSE,FALSE,FALSE,TRUE,TRUE,TRUE,TRUE
Bittarella_massiliensis,-5.949930663988987,0.21002041063979526,0.04787747368596708,-1.5562301051930845,0.5265125204289183,0.007456847993892634,0.009497456366053604,0.16702910974860213,-11.300644207172764,28.16477026376397,5.041083827149099,-9.317119079035914,0.007739781305913572,0.001258251029490186,0.03717049625557915,0.0113242766854979,0.05080471831574036,0.013421344314561984,0.14417647032467065,0.0402640948817703,FALSE,TRUE,FALSE,TRUE,TRUE,FALSE,TRUE,FALSE
Rubneribacter_badeniensis,3.5195498528603375,-0.09992394047913773,-0.004146780365360198,-4.07888066369041,0.5227450517951681,0.007475609594487807,0.009272845045292799,0.14310970872636675,6.73282289478167,-13.366661168718247,-0.44719612428606687,-28.50177461746808,1,1,1,1,1,1,1,1,FALSE,FALSE,FALSE,FALSE,TRUE,TRUE,FALSE,TRUE
Clostridium_methylpentosum,4.090466182244661,0.0967851048217752,-0.0882267299484547,-3.2143223243029833,0.5191284900195772,0.0073763712817063575,0.009637148518662384,0.1616633338229111,7.879486988068027,13.120964377404027,-9.154858387582511,-19.8828160244673,0.01572763458148719,0.005758436057249868,0.01172216349239542,0.0025199978062996333,0.07229485066317762,0.03136509852459502,0.06668608564562728,0.013040192647101935,FALSE,TRUE,FALSE,TRUE,TRUE,FALSE,FALSE,FALSE
GGB9715_SGB15265,7.203230314022719,-0.17268077250264402,-0.03358569863319249,-3.4659506835264633,0.5878739940283714,0.007887122878885398,0.014111155355630166,0.3218359817434162,12.253017461553307,-21.89401321043538,-2.3800814169190074,-10.769307598084831,2.54763135611288e-4,2.5753347784649487e-5,0.07598253689170775,4.2154060946417783e-4,0.01542743456445161,0.001331229268424205,0.21142966787257808,0.003612297582917357,TRUE,TRUE,FALSE,TRUE,FALSE,FALSE,TRUE,FALSE
Enterocloster_citroniae,-3.403890724665325,0.1867664429053977,0.009506137182788515,-2.474195934584807,0.5388432725215606,0.007311258686826424,0.01111352189613804,0.23194168369532908,-6.317032982033057,25.545046469483744,0.8553667569676456,-10.667319022460958,0.00321229852216442,1.394763398408126e-5,0.4405583330649121,4.3742666043139873e-4,0.03426451756975381,0.001331229268424205,0.6522627426666789,0.003612297582917357,TRUE,TRUE,FALSE,TRUE,FALSE,FALSE,FALSE,FALSE
GGB9730_SGB15291,NA,NA,NA,NA,NA,NA,NA,NA,NA,NA,NA,NA,1,1,1,1,1,1,1,1,FALSE,FALSE,FALSE,FALSE,TRUE,TRUE,TRUE,TRUE
Akkermansia_muciniphila,-1.7328124025505105,0.02351550524590025,0.07173922054836153,0.30820278609229756,1.149983207706666,0.012297923993573915,0.016641260182586506,0.5103583310794434,-1.5068153960318615,1.9121524298074948,4.310924759377886,0.6038948858548605,0.2063318817864083,0.12842700274916438,0.012536880059941642,0.5784893225533856,0.38000691897352895,0.25685400549832876,0.06874894863183947,0.804854709639493,FALSE,FALSE,FALSE,FALSE,TRUE,TRUE,TRUE,TRUE
Mediterraneibacter_butyricigenes,0.9846223298444682,0.014275411443073939,-0.005818744262318537,-0.7329930253899913,0.576798266375408,0.007943068039758227,0.010963865623652053,0.2257754659171788,1.7070480048974848,1.7972163113320703,-0.5307201366793403,-3.246557469884151,0.1485211876766331,0.1322306313821194,0.6183304932603678,0.022782751976707614,0.3009923110980615,0.2624111754559889,0.8697395949156823,0.06605557988414462,FALSE,FALSE,FALSE,FALSE,TRUE,TRUE,FALSE,TRUE
Alistipes_communis,3.457613650477282,-0.2042310889833474,0.046431127800612794,-3.4340199639547966,0.5468457242968398,0.007568405624349027,0.009779378223758206,0.17482720395050558,6.322832010661227,-26.984691244123656,4.747860931261676,-19.6423662127948,0.09985873138893991,0.023581095792804856,0.1321540194715773,0.03238258610871625,0.23030482194205962,0.08877589004350063,0.29614349373522286,0.08726254782980379,FALSE,FALSE,FALSE,FALSE,TRUE,TRUE,TRUE,TRUE
Vescimonas_coprocola,-0.33645318751300957,0.09524075821322488,-0.0023681034492927773,-3.9567799824626944,1.227200801545625,0.013485004045706035,0.02435615645158656,0.6255047449559851,-0.2741631093210306,7.06271632477203,-0.09722812603868453,-6.325739355887894,0.7909054741569301,1.0582586605445532e-4,0.9249369829399943,2.264284866053818e-4,1,0.0027091421709940565,1,0.002520247503085989,FALSE,TRUE,FALSE,TRUE,TRUE,FALSE,TRUE,FALSE
Eisenbergiella_tayi,0.3818343215197782,-0.0127910611866153,0.02293073025295247,-0.90122856308295,0.6685609951471421,0.007636532925457165,0.01287105750418404,0.29404086204819657,0.5711286244506998,-1.6749827849199719,1.7815731337924874,-3.064977285147629,0.5984700484377614,0.1692483978119894,0.14941012432966513,0.03747604037714473,0.8754761851432395,0.3162597798530605,0.31096741323897786,0.09748034705574869,FALSE,FALSE,FALSE,FALSE,TRUE,TRUE,TRUE,TRUE
Oscillospiraceae_bacterium_Marseille_Q3528,0.8794937776983002,0.0018394675630470033,-0.009880608074771171,0.5617322607528679,0.5227450517951681,0.007475609594487807,0.009272845045292799,0.14310970872636675,1.6824526117999874,0.24606255045787137,-1.0655422393569374,3.925186248732637,1,1,1,1,1,1,1,1,FALSE,FALSE,FALSE,FALSE,TRUE,TRUE,TRUE,TRUE
Clostridium_sp_AM29_11AC,NA,NA,NA,NA,NA,NA,NA,NA,NA,NA,NA,NA,1,1,1,1,1,1,1,1,FALSE,FALSE,FALSE,FALSE,TRUE,TRUE,FALSE,FALSE
Clostridium_sp_C5_48,35.7577730990841,-1.054678838365048,-0.4431278695938085,17.67108447602048,0.5544711710549056,0.007585782284855098,0.010123307097349094,0.2180282578552839,64.48986884395337,-139.0336288019627,-43.773034378246486,81.04951463561962,0.009870833465419832,0.00457881161771358,0.014541122533773172,0.007854303311390991,0.05587156156031072,0.027908947003206584,0.07596994629889657,0.029201765877899955,FALSE,TRUE,FALSE,TRUE,TRUE,FALSE,TRUE,FALSE
Escherichia_marmotae,0.9348104075106572,0.03264487361045944,-0.07657415183207714,0.56264306176084,0.577525891607018,0.008303865430985363,0.009506671830914255,0.22707226289190036,1.618646750034813,3.9312864450629346,-8.054780179018024,2.477815011817145,0.20395663100188188,0.029305046882396168,0.003996886719953317,0.08944281436617735,0.3783543299745055,0.09445232041275123,0.03847212505977239,0.16472921207008204,FALSE,FALSE,TRUE,FALSE,TRUE,TRUE,FALSE,TRUE
Bilophila_wadsworthia,1.725899252922953,0.04861037469729128,-0.04297791941940286,-2.5811191662770376,0.6311925907724025,0.008689093870687144,0.011664082024469002,0.3000811354355962,2.7343465024057663,5.594412423288404,-3.6846379620139373,-8.601404291976896,0.02915513196360847,8.207371009203405e-4,0.007811689341389189,5.721774756489689e-5,0.10662448260976812,0.010272568711467719,0.05148872383387581,0.0018309679220767006,FALSE,TRUE,FALSE,TRUE,TRUE,FALSE,TRUE,FALSE
Eubacterium_brachy,2.7533101013192463,0.04020617330689603,-0.08793019548759512,-0.6918920807427333,0.5342398703696057,0.007772984703481855,0.00928278978245364,0.16983377161112295,5.153696408720694,5.172552737545714,-9.472388963692906,-4.073936968949814,0.03564870131988324,0.0354028774403877,0.010962099991119868,0.0553013416143379,0.12168090050520147,0.10070151805265834,0.06526273483085317,0.11671510915293415,FALSE,FALSE,FALSE,FALSE,TRUE,TRUE,TRUE,TRUE
Prevotella_bivia,3.984721468378037,-0.03221374792407601,-0.08894485989119093,1.2553736746644464,0.5227450517951681,0.007475609594487807,0.009272845045292799,0.14310970872636675,7.622686153975125,-4.309180076475508,-9.591970906096643,8.7721069788828,1,1,1,1,1,1,1,1,FALSE,FALSE,FALSE,FALSE,TRUE,TRUE,TRUE,TRUE
Bifidobacterium_adolescentis,4.526646904216004,-0.03899822288159037,-0.040658613630972576,-1.4952448793120534,0.7998077164241199,0.013597985665336166,0.012922027819670412,0.41554107839826665,5.659668957001692,-2.8679411672718707,-3.146457676641158,-3.598308222800941,0.004804000558685272,0.04556305492049496,0.03463180188716652,0.022792446195498105,0.03967174654914289,0.12024888721285266,0.13639601974022506,0.06605557988414462,TRUE,FALSE,FALSE,FALSE,FALSE,TRUE,TRUE,TRUE
Evtepia_gabavorous,1.3243342452612583,0.06079951759546275,-0.05045421372522456,-2.001175788053071,0.6056306685996831,0.008235226278215551,0.010223468279182125,0.2583301272563293,2.1867027446336813,7.382859382539891,-4.935136721455244,-7.746583061399551,0.09403764290129318,0.0017943923192949773,0.007843985271567018,0.001496029697953927,0.2188512416611914,0.01531214779131714,0.05148872383387581,0.009118657206576316,FALSE,TRUE,FALSE,TRUE,TRUE,FALSE,TRUE,FALSE
Blautia_hydrogenotrophica,2.8003120364087106,0.015638720303907963,-0.07965652740179491,-0.681720797729061,0.5211489386279252,0.007441680658731656,0.009303436980769178,0.15365451704187696,5.373343067303061,2.101503816286225,-8.562053740617607,-4.436711727408996,0.1171373418118793,0.28274919845414886,0.07401828567129046,0.14113075148962045,0.2622521219908362,0.47936287949842454,0.21054090146500398,0.24411805663069486,FALSE,FALSE,FALSE,FALSE,TRUE,TRUE,TRUE,TRUE
Bacteroides_faecis,38.92841233423867,-0.2229741233563597,-0.7343273596436596,-15.826873630816502,0.5227450517951681,0.007475609594487807,0.009272845045292799,0.14310970872636675,74.4692124785379,-29.82688174630885,-79.1911604320864,-110.59259201678842,1,1,1,1,1,1,1,1,FALSE,FALSE,FALSE,FALSE,TRUE,TRUE,TRUE,TRUE
Bacteroides_stercoris,5.797348469937799,-0.06722670892756925,-0.09968951453616423,-0.7058125252116029,0.5296854824889364,0.007476854768391486,0.00938722163936793,0.1638038426482671,10.9448883565709,-8.991308646487445,-10.6197039300839,-4.308888691501461,0.058004896188520866,0.07051411606048899,0.05977078974709592,0.14517570728105397,0.16684554409282407,0.1683902834545591,0.1843532792199585,0.24942940311375716,FALSE,FALSE,FALSE,FALSE,TRUE,TRUE,TRUE,TRUE
Enterocloster_hominis,-0.06284551312287473,5.927218179126748e-4,0.1080775281677779,-1.9148525455980898,1.0256726480929261,0.012129239280558354,0.014719170819106968,0.43753424043662603,-0.06127248614821297,0.04886718813955079,7.342636993347639,-4.376463299620189,0.9549958129006488,0.9640965254437539,0.005219753020691183,0.022077574802934943,1,1,0.042624270977083586,0.06571929243664355,FALSE,FALSE,TRUE,FALSE,TRUE,TRUE,FALSE,TRUE
Firmicutes_bacterium,NA,NA,NA,NA,NA,NA,NA,NA,NA,NA,NA,NA,1,1,1,1,1,1,1,1,FALSE,FALSE,FALSE,FALSE,TRUE,TRUE,TRUE,FALSE
Slackia_isoflavoniconvertens,-2.5501452545138554,0.028150239007879142,0.08891893819818383,2.0173412732786224,0.5279485503151183,0.008246335815772972,0.009307846477382399,0.16493469366613028,-4.8302912338555375,3.4136663406352525,9.553116117058055,12.23115178764168,0.129961425781551,0.18141586108460933,0.06639819803635108,0.05193353515400418,0.27495971074443853,0.3365395683888405,0.19765044996867298,0.1145587873544105,FALSE,FALSE,FALSE,FALSE,TRUE,TRUE,TRUE,TRUE
Faecalibacterium_sp_CLA_AA_H233,-3.390069672531343,0.07337348216610139,0.0854443654660899,-0.2499637147728422,0.5174143583980473,0.007372790816156038,0.009166663507991385,0.1431994845709047,-6.551943558403069,9.951927837870791,9.321206717318743,-1.7455629503266374,0.022511230139398063,0.009946451423842444,0.011314514662449215,0.2230030881445915,0.08959892268057329,0.0470550164845445,0.06582990349061361,0.3613214592722495,FALSE,TRUE,FALSE,FALSE,TRUE,FALSE,TRUE,TRUE
GGB3730_SGB5060,0.9229754723250241,0.033715340479103066,-0.0027838989910571616,-1.5224684635844095,0.5227450517951681,0.007475609594487807,0.009272845045292799,0.14310970872636675,1.7656321550159444,4.510045642828018,-0.3002205879057971,-10.638470842641773,1,1,1,1,1,1,1,1,FALSE,FALSE,FALSE,FALSE,TRUE,TRUE,TRUE,TRUE
GGB3600_SGB4859,7.948329412017177,0.006427248987316865,-0.10405254267045154,-6.3906684685059,0.5191892964180902,0.007427071805525857,0.009227668493778648,0.1435791706209787,15.309116476115843,0.865381290986697,-11.27614659549207,-44.509718511858736,0.041525364740278674,0.5458633401556366,0.05630989903634716,0.01430053281292075,0.13628837658347873,0.8124477620921103,0.1757967579671326,0.048170215790890945,FALSE,FALSE,FALSE,TRUE,TRUE,TRUE,TRUE,FALSE
Neobittarella_massiliensis,-0.12354490280255573,0.0220543370831777,0.014410167041654298,-0.47512936381067983,0.63328325790149,0.008781398072584847,0.010645459673144397,0.2776366606251339,-0.1950863239491698,2.5114835816440673,1.3536444159388659,-1.7113351051725885,0.8577902260498605,0.08682418844815694,0.2688045963631977,0.18554306680790114,1,0.19620118584095175,0.446844004344017,0.3042270753951478,FALSE,FALSE,FALSE,FALSE,TRUE,TRUE,TRUE,TRUE
Eubacterium_siraeum,-19.703656566380413,-1.0307923525344,0.6693222721267514,22.690551725824157,0.5227450517951681,0.007475609594487807,0.009272845045292799,0.14310970872636675,-37.69266968422893,-137.88739761028478,72.18089689383103,158.55354558235933,1,1,1,1,1,1,1,1,FALSE,FALSE,FALSE,FALSE,TRUE,TRUE,FALSE,TRUE
GGB3444_SGB4594,NA,NA,NA,NA,NA,NA,NA,NA,NA,NA,NA,NA,1,1,1,1,1,1,1,1,FALSE,FALSE,FALSE,FALSE,TRUE,TRUE,TRUE,FALSE
Lacticaseibacillus_paracasei,1.7968421806491939,0.03999464720323325,-0.0772967826784257,-0.9236954560517695,0.756206682525128,0.009711573871212019,0.014784733218498922,0.4064973681630048,2.376125763196342,4.11824568639582,-5.228148627106141,-2.272328256947949,0.04481585816070366,0.0033522990191336573,7.946625721473347e-4,0.05269858548590864,0.14341074611425172,0.023144001616834952,0.024750238334209168,0.1145587873544105,FALSE,TRUE,TRUE,FALSE,TRUE,FALSE,FALSE,TRUE
GGB9719_SGB15272,NA,NA,NA,NA,NA,NA,NA,NA,NA,NA,NA,NA,1,1,1,1,1,1,1,1,FALSE,FALSE,FALSE,FALSE,TRUE,TRUE,TRUE,FALSE
Christensenella_hongkongensis,-1.8341917408061055,0.17831684744932402,-0.027540395251953835,-4.56512091163015,0.5227450517951681,0.007475609594487807,0.009272845045292799,0.14310970872636675,-3.5087692069150633,23.853151397955184,-2.9700049032884728,-31.899449396259346,1,1,1,1,1,1,1,1,FALSE,FALSE,FALSE,FALSE,TRUE,TRUE,TRUE,TRUE
Odoribacter_splanchnicus,1.9716072472040138,-0.005210645843547568,-0.0517148718092942,0.6561482159028242,0.5182639251713663,0.0073778692776347785,0.009253556536910961,0.14673289669813633,3.804253299227981,-0.7062534788117056,-5.588648170356103,4.471718548926854,0.0626716875499605,0.553218301447124,0.030557462406424544,0.04654550189998133,0.17439078274771616,0.8186351743957442,0.1261727480007207,0.1093178760219745,FALSE,FALSE,FALSE,FALSE,TRUE,TRUE,TRUE,TRUE
Limosilactobacillus_reuteri,-10.661562147057744,0.20642031473368458,0.04524703648513828,6.901356893995462,0.5830829260927803,0.00818006933353292,0.010692206327265918,0.23599580567075307,-18.284812794126083,25.23454341487017,4.231777343255619,29.24355741993065,0.03478220983303004,0.02521491382808243,0.14772794231612665,0.021761094117841412,0.12144707052938797,0.08928712706353509,0.30998650190924937,0.06553929522549884,FALSE,FALSE,FALSE,FALSE,TRUE,TRUE,TRUE,TRUE
Anaerotruncus_colihominis,-10.05881953830046,0.17058653639548263,0.15406485664985745,-3.502041073223271,0.5589322359943544,0.007576541821062016,0.010638749160188001,0.20924521898542364,-17.996492044166263,22.515092033316492,14.48148220529479,-16.73654045814652,0.003073396176419773,0.0019668434368939527,0.004734576327199435,0.003550998949328215,0.03420823570275921,0.016242319994995223,0.04040171799210184,0.016528286018691326,TRUE,TRUE,TRUE,TRUE,FALSE,FALSE,FALSE,FALSE
Clostridiales_bacterium,-3.759403416336482,0.23558595376559746,-0.1532160062105287,4.159042283595509,0.5227450517951681,0.007475609594487807,0.009272845045292799,0.14310970872636675,-7.191657584182286,31.51394555693604,-16.52308492832048,29.061915649257703,1,1,1,1,1,1,1,1,FALSE,FALSE,FALSE,FALSE,TRUE,TRUE,TRUE,TRUE
Lachnoclostridium_pacaense,-0.7621466416944385,0.03167482896577302,0.047779964738380594,-0.916132432272382,0.5227450517951681,0.007475609594487807,0.009272845045292799,0.14310970872636675,-1.4579700737044514,4.237089773806363,5.1526758513704785,-6.401609229909587,1,1,1,1,1,1,1,1,FALSE,FALSE,FALSE,FALSE,TRUE,TRUE,TRUE,TRUE
Lactonifactor_longoviformis,-3.382492680168254,-0.1534505326356744,0.1512713912088391,1.6014650572236326,0.5227450517951681,0.007475609594487807,0.009272845045292799,0.14310970872636675,-6.4706354819665455,-20.526825364024123,16.313374209313398,11.190471083172405,1,1,1,1,1,1,1,1,FALSE,FALSE,FALSE,FALSE,FALSE,TRUE,FALSE,TRUE
GGB9534_SGB14937,68.60119362191064,-1.878249594110196,-0.43955853301509645,30.6543289059826,0.5227450517951681,0.007475609594487807,0.009272845045292799,0.14310970872636675,131.2326025589837,-251.25035896673046,-47.402769146695796,214.20160224485733,1,1,1,1,1,1,1,1,FALSE,FALSE,FALSE,FALSE,TRUE,TRUE,TRUE,TRUE
Parasutterella_excrementihominis,4.391422155367854,-0.0430361789719681,-0.04598014514261766,-0.438121515671688,0.6477475669049658,0.00815490558816543,0.013046636659024904,0.26231335731639227,6.779527056119596,-5.277336261798433,-3.5242910754942556,-1.6702219061732442,0.021071856633028286,0.03408129275823029,0.0719322326191789,0.23682754990843108,0.08843270980418429,0.10070151805265834,0.2069061971967393,0.3799398600184291,FALSE,FALSE,FALSE,FALSE,TRUE,TRUE,TRUE,TRUE
GGB3511_SGB4688,1.4440527681839337,-0.025564163944247317,-0.0026290413179972266,0.1030605815069854,0.5724598196941908,0.00816623097106197,0.011118497564224502,0.24663913348559466,2.522539955651996,-3.1304728013249967,-0.23645652686533625,0.41785981020325313,0.053010098663361184,0.025943590841507092,0.8224599213233666,0.6933881489084842,0.1612964377655075,0.08928712706353509,1,0.9056498271457752,FALSE,FALSE,FALSE,FALSE,TRUE,TRUE,TRUE,TRUE
Enterococcus_avium,-0.6855747818910666,-0.05587611651885043,0.019293016394844653,3.9618864699354375,0.5909854884645174,0.009038319456563752,0.010496321303629295,0.2690962580326073,-1.1600534958520023,-6.1821356046750955,1.838074105846373,14.722934086490948,0.45291442774118273,0.10209302580818407,0.31720333159253483,0.04317369743138227,0.7069883750106267,0.21962869417558925,0.4968964147397485,0.10233765317068388,FALSE,FALSE,FALSE,FALSE,TRUE,TRUE,TRUE,TRUE
Coprobacillus_cateniformis,-10.31936040463781,0.34443347797804563,0.11189493780518699,-19.7734917548506,0.5227450517951681,0.007475609594487807,0.009272845045292799,0.14310970872636675,-19.74071369819745,46.074299844659635,12.066947873995645,-138.1701628130524,1,1,1,1,1,1,1,1,FALSE,FALSE,FALSE,FALSE,TRUE,TRUE,TRUE,TRUE
Lawsonella_SGB3665,0.62660532552106,2.0789857875002778e-4,0.013989445278210173,-0.2644943561149059,0.6790610027194884,0.016368254283532883,0.010921747712857099,0.3689902620201351,0.9227526290151324,0.012701328751911073,1.2808797315233509,-0.7168057895806285,0.42419235478344997,0.9906635219710416,0.290279773678277,0.525260098222205,0.6703286594108838,1,0.4733224335136237,0.7512099728764496,FALSE,FALSE,FALSE,FALSE,TRUE,TRUE,TRUE,TRUE
Faecalibacillus_faecis,-227.55407969210614,3.5504049195906076,2.689561042023317,31.24635094893675,0.5227450517951681,0.007475609594487807,0.009272845045292799,0.14310970872636675,-435.3060424209825,474.93182659090746,290.04701673394476,218.33844277247053,1,1,1,1,1,1,1,1,FALSE,FALSE,FALSE,FALSE,TRUE,TRUE,TRUE,TRUE
Eubacterium_sp_c_25,-87.54714825681015,1.551035922681389,0.8743159926373443,55.43418616064934,0.5227450517951681,0.007475609594487807,0.009272845045292799,0.14310970872636675,-167.47580480420223,207.47952432201063,94.28778205251858,387.3544754859533,1,1,1,1,1,1,1,1,FALSE,FALSE,FALSE,FALSE,TRUE,TRUE,TRUE,TRUE
Anaerococcus_obesiensis,-1.7638072842764063,0.03476759615773711,-0.030447502631419973,2.242079078466843,0.5191176239972631,0.007425994589170667,0.009210963082813226,0.14240142109690113,-3.397702568244351,4.6818773889815,-3.3055721055089338,15.744780221969528,0.18222252446307352,0.13396238360978835,0.18701765836372028,0.04037946582154453,0.3430071048716678,0.2629158459432853,0.3460738986070443,0.09970341519306,FALSE,FALSE,FALSE,FALSE,TRUE,TRUE,TRUE,TRUE
