"Taxon","Species","Time","ClinVar","lfc","q","diff","sign"
"Cutibacterium_acnes","Cutibacterium_acnes","T0","ppFEV1",0.00104945256763181,1,FALSE,"+"
"Staphylococcus_aureus","Staphylococcus_aureus","T0","ppFEV1",-0.0407668660278109,0.529024578652472,FALSE,"-"
"Streptococcus_mitis","Streptococcus_mitis","T0","ppFEV1",-0.024743016219342,0.652025430423982,FALSE,"-"
"Streptococcus_sanguinis","Streptococcus_sanguinis","T0","ppFEV1",0.0612271575766956,0.235244993017549,FALSE,"+"
"Actinomyces_sp_ICM47","Actinomyces_sp_ICM47","T0","ppFEV1",0.0113231607421071,1,FALSE,"+"
"Enterocloster_clostridioformis","Enterocloster_clostridioformis","T0","ppFEV1",-0.0419581424578735,0.431348806494962,FALSE,"-"
"Ruminococcus_gnavus","Ruminococcus_gnavus","T0","ppFEV1",0.0172381236990716,0.771721895627684,FALSE,"+"
"Longicatena_caecimuris","Longicatena_caecimuris","T0","ppFEV1",-0.0286374971764322,0.691483622655739,FALSE,"-"
"Clostridium_symbiosum","Clostridium_symbiosum","T0","ppFEV1",-0.0603532706826647,0.10266618841179,FALSE,"-"
"Eisenbergiella_massiliensis","Eisenbergiella_massiliensis","T0","ppFEV1",-0.103048996456462,0.518488578371899,FALSE,"-"
"Streptococcus_thermophilus","Streptococcus_thermophilus","T0","ppFEV1",0.0403257572209664,0.556362128667166,FALSE,"+"
"Eggerthella_lenta","Eggerthella_lenta","T0","ppFEV1",-0.0220041627256077,0.652025430423982,FALSE,"-"
"Lancefieldella_parvula","Lancefieldella_parvula","T0","ppFEV1",NA,1,FALSE,NA
"Erysipelatoclostridium_ramosum","Erysipelatoclostridium_ramosum","T0","ppFEV1",0.0140427930822752,0.852763768957004,FALSE,"+"
"Ruminococcus_torques","Ruminococcus_torques","T0","ppFEV1",-0.00962272080895998,1,FALSE,"-"
"Hungatella_hathewayi","Hungatella_hathewayi","T0","ppFEV1",-0.0177225538266198,0.788481862995008,FALSE,"-"
"Enterocloster_lavalensis","Enterocloster_lavalensis","T0","ppFEV1",0.028068923888573,0.652025430423982,FALSE,"+"
"Flavonifractor_plautii","Flavonifractor_plautii","T0","ppFEV1",-0.00989913147281152,1,FALSE,"-"
"Faecalimonas_umbilicata","Faecalimonas_umbilicata","T0","ppFEV1",0.0208746028278003,0.744082353020291,FALSE,"+"
"Blautia_hansenii","Blautia_hansenii","T0","ppFEV1",-0.00842671871180455,1,FALSE,"-"
"Enterocloster_aldenensis","Enterocloster_aldenensis","T0","ppFEV1",-0.017763749811851,0.856550466261807,FALSE,"-"
"Oliverpabstia_intestinalis","Oliverpabstia_intestinalis","T0","ppFEV1",0.00150670120334877,1,FALSE,"+"
"Sellimonas_intestinalis","Sellimonas_intestinalis","T0","ppFEV1",-0.056450634829367,0.235244993017549,FALSE,"-"
"Schaalia_odontolytica","Schaalia_odontolytica","T0","ppFEV1",0.0420987028546197,0.41602670498262,FALSE,"+"
"Blautia_producta","Blautia_producta","T0","ppFEV1",0.0239083007326632,0.652025430423982,FALSE,"+"
"Streptococcus_salivarius","Streptococcus_salivarius","T0","ppFEV1",-0.00326387099872583,1,FALSE,"-"
"Clostridium_spiroforme","Clostridium_spiroforme","T0","ppFEV1",0.0564871038511729,0.296991956693586,FALSE,"+"
"GGB3433_SGB4574","GGB3433_SGB4574","T0","ppFEV1",0.0321613048479425,0.652025430423982,FALSE,"+"
"Clostridium_scindens","Clostridium_scindens","T0","ppFEV1",-0.0168797221667301,0.837226887418389,FALSE,"-"
"Fusicatenibacter_saccharivorans","Fusicatenibacter_saccharivorans","T0","ppFEV1",0.0368933174878892,0.529024578652472,FALSE,"+"
"Clostridia_bacterium","Clostridia_bacterium","T0","ppFEV1",-0.00419976562514727,1,FALSE,"-"
"Clostridium_innocuum","Clostridium_innocuum","T0","ppFEV1",0.0113264327617066,0.959255056975973,FALSE,"+"
"Anaerostipes_hadrus","Anaerostipes_hadrus","T0","ppFEV1",-0.00972352491155635,1,FALSE,"-"
"Solobacterium_moorei","Solobacterium_moorei","T0","ppFEV1",-0.0302392100361529,0.679353203878894,FALSE,"-"
"Gemella_sanguinis","Gemella_sanguinis","T0","ppFEV1",-0.00862149713869571,1,FALSE,"-"
"Streptococcus_australis","Streptococcus_australis","T0","ppFEV1",0.0255242980832619,0.652025430423982,FALSE,"+"
"Agathobaculum_butyriciproducens","Agathobaculum_butyriciproducens","T0","ppFEV1",-0.0059923325154978,1,FALSE,"-"
"Schaalia_SGB17157","Schaalia_SGB17157","T0","ppFEV1",0.00537617994789001,1,FALSE,"+"
"Turicibacter_bilis","Turicibacter_bilis","T0","ppFEV1",0.028704177256681,0.598715718236516,FALSE,"+"
"Alistipes_finegoldii","Alistipes_finegoldii","T0","ppFEV1",-0.0363969990136606,0.720729001843522,FALSE,"-"
"Actinomyces_sp_ph3","Actinomyces_sp_ph3","T0","ppFEV1",0.00671184663162325,1,FALSE,"+"
"Veillonella_dispar","Veillonella_dispar","T0","ppFEV1",0.0134490309352619,0.91256422088614,FALSE,"+"
"Ruthenibacterium_lactatiformans","Ruthenibacterium_lactatiformans","T0","ppFEV1",0.0020788076827104,1,FALSE,"+"
"Roseburia_faecis","Roseburia_faecis","T0","ppFEV1",-0.0131895170521431,0.91256422088614,FALSE,"-"
"Actinomyces_oris","Actinomyces_oris","T0","ppFEV1",0.0168620741204471,0.803025965978133,FALSE,"+"
"Bacteroides_fragilis","Bacteroides_fragilis","T0","ppFEV1",-0.0170330289825464,0.782412587892521,FALSE,"-"
"Romboutsia_timonensis","Romboutsia_timonensis","T0","ppFEV1",0.0190276965796685,0.788481862995008,FALSE,"+"
"Clostridiaceae_bacterium_AF18_31LB","Clostridiaceae_bacterium_AF18_31LB","T0","ppFEV1",-0.00173158151066948,1,FALSE,"-"
"Blautia_massiliensis","Blautia_massiliensis","T0","ppFEV1",0.023080317694908,0.720729001843522,FALSE,"+"
"Streptococcus_parasanguinis","Streptococcus_parasanguinis","T0","ppFEV1",0.0586660949575732,0.147726777446443,FALSE,"+"
"Abiotrophia_defectiva","Abiotrophia_defectiva","T0","ppFEV1",NA,1,FALSE,NA
"Mogibacterium_diversum","Mogibacterium_diversum","T0","ppFEV1",0.0124681739024072,0.930788605134927,FALSE,"+"
"Escherichia_coli","Escherichia_coli","T0","ppFEV1",-0.0199009099178735,0.824363276182731,FALSE,"-"
"Enterococcus_faecium","Enterococcus_faecium","T0","ppFEV1",0.0140243445824615,0.911765418574343,FALSE,"+"
"Actinomyces_SGB17132","Actinomyces_SGB17132","T0","ppFEV1",0.0203721722712456,0.726719437114942,FALSE,"+"
"bacterium_210917_SL_2_15","bacterium_210917_SL_2_15","T0","ppFEV1",0.000630210847376888,1,FALSE,"+"
"Schaalia_SGB17158","Schaalia_SGB17158","T0","ppFEV1",0.0492063468868394,0.529024578652472,FALSE,"+"
"Clostridium_saudiense","Clostridium_saudiense","T0","ppFEV1",0.0538773551615964,0.313990281828888,FALSE,"+"
"Clostridium_SGB6173","Clostridium_SGB6173","T0","ppFEV1",0.0198340224590091,0.782412587892521,FALSE,"+"
"Bacteroides_xylanisolvens","Bacteroides_xylanisolvens","T0","ppFEV1",0.0361669662983229,0.518488578371899,FALSE,"+"
"Clostridium_perfringens","Clostridium_perfringens","T0","ppFEV1",0.0346121182317191,0.529024578652472,FALSE,"+"
"Scardovia_wiggsiae","Scardovia_wiggsiae","T0","ppFEV1",-0.0152544732019401,0.852763768957004,FALSE,"-"
"Granulicatella_SGB8255","Granulicatella_SGB8255","T0","ppFEV1",0.0419245893962444,0.408934607766199,FALSE,"+"
"Roseburia_sp_AF02_12","Roseburia_sp_AF02_12","T0","ppFEV1",0.0271704010258697,0.712411197618745,FALSE,"+"
"Granulicatella_adiacens","Granulicatella_adiacens","T0","ppFEV1",0.0477541516655046,0.652025430423982,FALSE,"+"
"Blautia_SGB4793","Blautia_SGB4793","T0","ppFEV1",0.098286854109448,0.527402642264581,FALSE,"+"
"Actinomyces_naeslundii","Actinomyces_naeslundii","T0","ppFEV1",0.0170830920286392,0.851817480400404,FALSE,"+"
"Gemella_haemolysans","Gemella_haemolysans","T0","ppFEV1",NA,1,FALSE,NA
"Clostridium_paraputrificum","Clostridium_paraputrificum","T0","ppFEV1",0.0854712490423312,0.529024578652472,FALSE,"+"
"Rothia_mucilaginosa","Rothia_mucilaginosa","T0","ppFEV1",0.0224118659716167,0.729187987848142,FALSE,"+"
"Streptococcus_vestibularis","Streptococcus_vestibularis","T0","ppFEV1",0.0444144231510372,0.537925681803358,FALSE,"+"
"Enterocloster_bolteae","Enterocloster_bolteae","T0","ppFEV1",0.0102826657649853,1,FALSE,"+"
"Lachnospira_pectinoschiza","Lachnospira_pectinoschiza","T0","ppFEV1",0.0396200692331238,0.529024578652472,FALSE,"+"
"Streptococcus_infantis","Streptococcus_infantis","T0","ppFEV1",NA,1,FALSE,NA
"Butyricicoccus_SGB14985","Butyricicoccus_SGB14985","T0","ppFEV1",0.0113649789286104,1,FALSE,"+"
"Enterococcus_faecalis","Enterococcus_faecalis","T0","ppFEV1",0.0377284580706946,0.537925681803358,FALSE,"+"
"Veillonella_atypica","Veillonella_atypica","T0","ppFEV1",0.0114212755357236,1,FALSE,"+"
"Dorea_longicatena","Dorea_longicatena","T0","ppFEV1",0.00575571942867113,1,FALSE,"+"
"Bifidobacterium_bifidum","Bifidobacterium_bifidum","T0","ppFEV1",0.057772204070726,0.221280587288772,FALSE,"+"
"Blautia_wexlerae","Blautia_wexlerae","T0","ppFEV1",0.00640879999201461,1,FALSE,"+"
"Bifidobacterium_longum","Bifidobacterium_longum","T0","ppFEV1",0.0399069049578918,0.408934607766199,FALSE,"+"
"Bifidobacterium_pseudocatenulatum","Bifidobacterium_pseudocatenulatum","T0","ppFEV1",0.178801103842333,0.0458949941977295,TRUE,"+"
"Anaerobutyricum_soehngenii","Anaerobutyricum_soehngenii","T0","ppFEV1",-0.00505693751828908,1,FALSE,"-"
"Streptococcus_mutans","Streptococcus_mutans","T0","ppFEV1",-0.135982697264512,0.43401756901716,FALSE,"-"
"Anaerobutyricum_hallii","Anaerobutyricum_hallii","T0","ppFEV1",0.00468431006594701,1,FALSE,"+"
"Veillonella_parvula","Veillonella_parvula","T0","ppFEV1",-0.0317058906832908,0.570823919912699,FALSE,"-"
"Coprococcus_catus","Coprococcus_catus","T0","ppFEV1",-0.00274098264793133,1,FALSE,"-"
"Dorea_formicigenerans","Dorea_formicigenerans","T0","ppFEV1",-0.00864343852828504,1,FALSE,"-"
"Megasphaera_micronuciformis","Megasphaera_micronuciformis","T0","ppFEV1",0.0778393449391738,0.537925681803358,FALSE,"+"
"Blautia_faecis","Blautia_faecis","T0","ppFEV1",0.0197983881290118,0.771721895627684,FALSE,"+"
"Blautia_caecimuris","Blautia_caecimuris","T0","ppFEV1",0.00245851477158649,1,FALSE,"+"
"GGB3550_SGB4746","GGB3550_SGB4746","T0","ppFEV1",0.0747700592135475,0.537925681803358,FALSE,"+"
"GGB3653_SGB4964","GGB3653_SGB4964","T0","ppFEV1",0.221337917625257,0.131288252082584,FALSE,"+"
"Phocaeicola_vulgatus","Phocaeicola_vulgatus","T0","ppFEV1",-0.0639228231573858,0.17217791543498,FALSE,"-"
"Streptococcus_gordonii","Streptococcus_gordonii","T0","ppFEV1",0.00248509442056495,1,FALSE,"+"
"Intestinibacter_bartlettii","Intestinibacter_bartlettii","T0","ppFEV1",-0.00966889755880444,1,FALSE,"-"
"Oscillospiraceae_bacterium_CLA_AA_H250","Oscillospiraceae_bacterium_CLA_AA_H250","T0","ppFEV1",-0.0233016758960543,0.679353203878894,FALSE,"-"
"Tyzzerella_nexilis","Tyzzerella_nexilis","T0","ppFEV1",-0.0156191921551225,0.883862183832391,FALSE,"-"
"Dialister_pneumosintes","Dialister_pneumosintes","T0","ppFEV1",0.0915257030896453,1,FALSE,"+"
"Veillonella_rogosae","Veillonella_rogosae","T0","ppFEV1",0.115005797404078,0.094004515505161,FALSE,"+"
"Rothia_SGB49305","Rothia_SGB49305","T0","ppFEV1",0.00478317196430603,1,FALSE,"+"
"Streptococcus_oralis","Streptococcus_oralis","T0","ppFEV1",0.0243947981732211,0.652025430423982,FALSE,"+"
"Streptococcus_intermedius","Streptococcus_intermedius","T0","ppFEV1",0.0210750265179044,0.79675536573268,FALSE,"+"
"Gemella_morbillorum","Gemella_morbillorum","T0","ppFEV1",0.382042115291153,1,FALSE,"+"
"Fusobacterium_nucleatum","Fusobacterium_nucleatum","T0","ppFEV1",-0.0911293512166032,0.221280587288772,FALSE,"-"
"Streptococcus_anginosus","Streptococcus_anginosus","T0","ppFEV1",0.00289287953264103,1,FALSE,"+"
"Corynebacterium_durum","Corynebacterium_durum","T0","ppFEV1",-0.00352393365716636,1,FALSE,"-"
"Eubacterium_rectale","Eubacterium_rectale","T0","ppFEV1",-0.0475105925930584,0.313336929678161,FALSE,"-"
"Lacticaseibacillus_rhamnosus","Lacticaseibacillus_rhamnosus","T0","ppFEV1",-0.0382360995652721,0.518488578371899,FALSE,"-"
"Coprococcus_comes","Coprococcus_comes","T0","ppFEV1",0.00102797727194341,1,FALSE,"+"
"Faecalibacterium_prausnitzii","Faecalibacterium_prausnitzii","T0","ppFEV1",0.0670950043200023,0.0804610655773692,FALSE,"+"
"Latilactobacillus_sakei","Latilactobacillus_sakei","T0","ppFEV1",-0.0368661355142159,0.529024578652472,FALSE,"-"
"GGB51647_SGB4348","GGB51647_SGB4348","T0","ppFEV1",0.000449815421034923,1,FALSE,"+"
"Actinomyces_johnsonii","Actinomyces_johnsonii","T0","ppFEV1",-0.119231192571193,0.23981855465932,FALSE,"-"
"Ruminococcus_lactaris","Ruminococcus_lactaris","T0","ppFEV1",-0.0978920070162955,1,FALSE,"-"
"Mediterraneibacter_glycyrrhizinilyticus","Mediterraneibacter_glycyrrhizinilyticus","T0","ppFEV1",-0.0399339045755844,0.408934607766199,FALSE,"-"
"Phocaeicola_dorei","Phocaeicola_dorei","T0","ppFEV1",-0.0185366435600098,0.782412587892521,FALSE,"-"
"Ligilactobacillus_saerimneri","Ligilactobacillus_saerimneri","T0","ppFEV1",0.0884455953552465,0.529024578652472,FALSE,"+"
"Actinomyces_massiliensis","Actinomyces_massiliensis","T0","ppFEV1",0.0684126531799588,0.408934607766199,FALSE,"+"
"Bifidobacterium_animalis","Bifidobacterium_animalis","T0","ppFEV1",-0.00451067819343541,1,FALSE,"-"
"Blautia_SGB59878","Blautia_SGB59878","T0","ppFEV1",-0.0111996273012648,1,FALSE,"-"
"Lactococcus_lactis","Lactococcus_lactis","T0","ppFEV1",0.0214816818244885,0.70428417583462,FALSE,"+"
"Bacteroides_uniformis","Bacteroides_uniformis","T0","ppFEV1",-0.018780200876163,0.870372186332384,FALSE,"-"
"Parabacteroides_merdae","Parabacteroides_merdae","T0","ppFEV1",-0.0236881604776931,0.699766844443516,FALSE,"-"
"Parabacteroides_distasonis","Parabacteroides_distasonis","T0","ppFEV1",0.0212421072305216,0.691483622655739,FALSE,"+"
"Gemmiger_formicilis","Gemmiger_formicilis","T0","ppFEV1",0.15539116167348,0.0458949941977295,TRUE,"+"
"Anaerostipes_caccae","Anaerostipes_caccae","T0","ppFEV1",0.0797004681193272,0.172007493422799,FALSE,"+"
"Bifidobacterium_breve","Bifidobacterium_breve","T0","ppFEV1",0.096869731672368,0.342469018970757,FALSE,"+"
"Acidaminococcus_intestini","Acidaminococcus_intestini","T0","ppFEV1",-0.0176293758570543,0.856550466261807,FALSE,"-"
"Dialister_invisus","Dialister_invisus","T0","ppFEV1",-0.0497212372451166,0.292713429045794,FALSE,"-"
"Parasutterella_SGB9260","Parasutterella_SGB9260","T0","ppFEV1",-0.106845265397335,1,FALSE,"-"
"Ruminococcus_bromii","Ruminococcus_bromii","T0","ppFEV1",0.0362175507070955,0.529024578652472,FALSE,"+"
"Mediterraneibacter_faecis","Mediterraneibacter_faecis","T0","ppFEV1",0.00441425583344493,1,FALSE,"+"
"Faecalicatena_fissicatena","Faecalicatena_fissicatena","T0","ppFEV1",-0.137620113397629,0.221280587288772,FALSE,"-"
"Blautia_obeum","Blautia_obeum","T0","ppFEV1",0.0917603228281119,0.0324542761410024,TRUE,"+"
"Collinsella_aerofaciens","Collinsella_aerofaciens","T0","ppFEV1",0.0209096052925925,0.739749125937804,FALSE,"+"
"Eubacterium_ramulus","Eubacterium_ramulus","T0","ppFEV1",-0.0344684278835342,0.529024578652472,FALSE,"-"
"Roseburia_lenta","Roseburia_lenta","T0","ppFEV1",0.188918113667435,1,FALSE,"+"
"Solobacterium_SGB6829","Solobacterium_SGB6829","T0","ppFEV1",0.0306296255364962,0.573066126333909,FALSE,"+"
"Peptostreptococcus_SGB749","Peptostreptococcus_SGB749","T0","ppFEV1",0.253044529430024,1,FALSE,"+"
"Eubacterium_sulci","Eubacterium_sulci","T0","ppFEV1",-0.0275466245504814,0.652025430423982,FALSE,"-"
"Limosilactobacillus_mucosae","Limosilactobacillus_mucosae","T0","ppFEV1",0.177657265478435,1,FALSE,"+"
"Candidatus_Cibionibacter_quicibialis","Candidatus_Cibionibacter_quicibialis","T0","ppFEV1",0.128616018959307,0.0324542761410024,TRUE,"+"
"Pediococcus_acidilactici","Pediococcus_acidilactici","T0","ppFEV1",-1.98547258800999,1,FALSE,"-"
"Drancourtella_massiliensis","Drancourtella_massiliensis","T0","ppFEV1",0.0646956724139203,1,FALSE,"+"
"Anaeromassilibacillus_senegalensis","Anaeromassilibacillus_senegalensis","T0","ppFEV1",-0.0349787310946731,0.537925681803358,FALSE,"-"
"Gordonibacter_urolithinfaciens","Gordonibacter_urolithinfaciens","T0","ppFEV1",-0.0173564908664116,0.782412587892521,FALSE,"-"
"Schaalia_meyeri","Schaalia_meyeri","T0","ppFEV1",0.00519318777275301,1,FALSE,"+"
"Faecalicatena_contorta","Faecalicatena_contorta","T0","ppFEV1",0.0176524941099427,0.788481862995008,FALSE,"+"
"Massilioclostridium_coli","Massilioclostridium_coli","T0","ppFEV1",-0.0949452842166469,0.0662413331616538,FALSE,"-"
"Clostridiales_bacterium_KLE1615","Clostridiales_bacterium_KLE1615","T0","ppFEV1",-0.0268820546554056,0.648499924048174,FALSE,"-"
"Merdimonas_faecis","Merdimonas_faecis","T0","ppFEV1",-0.189558461156149,1,FALSE,"-"
"Clostridia_bacterium_UC5_1_1D1","Clostridia_bacterium_UC5_1_1D1","T0","ppFEV1",0.00109945097367648,1,FALSE,"+"
"Clostridioides_difficile","Clostridioides_difficile","T0","ppFEV1",-2.58616496266422e-05,1,FALSE,"-"
"Lactiplantibacillus_plantarum","Lactiplantibacillus_plantarum","T0","ppFEV1",NA,1,FALSE,NA
"Clostridiaceae_bacterium","Clostridiaceae_bacterium","T0","ppFEV1",0.109163592533333,0.0324542761410024,TRUE,"+"
"Blautia_glucerasea","Blautia_glucerasea","T0","ppFEV1",0.00439626824452366,1,FALSE,"+"
"Schaalia_SGB17168","Schaalia_SGB17168","T0","ppFEV1",-0.00167942885849025,1,FALSE,"-"
"TM7_phylum_sp_oral_taxon_352","TM7_phylum_sp_oral_taxon_352","T0","ppFEV1",0.0358202927789037,0.625782751033523,FALSE,"+"
"GGB3256_SGB4303","GGB3256_SGB4303","T0","ppFEV1",0.070992755553905,1,FALSE,"+"
"Dorea_sp_AF36_15AT","Dorea_sp_AF36_15AT","T0","ppFEV1",-0.0857623020628421,0.0696316845935083,FALSE,"-"
"Clostridiaceae_bacterium_Marseille_Q3526","Clostridiaceae_bacterium_Marseille_Q3526","T0","ppFEV1",-0.0216570342267824,0.782412587892521,FALSE,"-"
"Clostridium_SGB6179","Clostridium_SGB6179","T0","ppFEV1",0.148036795601537,0.41602670498262,FALSE,"+"
"GGB9512_SGB14909","GGB9512_SGB14909","T0","ppFEV1",0.109779314491305,1,FALSE,"+"
"Clostridium_sp_AT4","Clostridium_sp_AT4","T0","ppFEV1",-0.00719644708986062,1,FALSE,"-"
"Clostridium_SGB4750","Clostridium_SGB4750","T0","ppFEV1",-0.117963433887818,1,FALSE,"-"
"Actinomyces_gerencseriae","Actinomyces_gerencseriae","T0","ppFEV1",0.000824653568893713,1,FALSE,"+"
"Phascolarctobacterium_faecium","Phascolarctobacterium_faecium","T0","ppFEV1",-0.0412995784857363,0.570823919912699,FALSE,"-"
"Sutterella_wadsworthensis","Sutterella_wadsworthensis","T0","ppFEV1",0.0172655902663428,1,FALSE,"+"
"Fusicatenibacter_sp_CLA_AA_H277","Fusicatenibacter_sp_CLA_AA_H277","T0","ppFEV1",0.399315798472094,1,FALSE,"+"
"Lachnospiraceae_bacterium","Lachnospiraceae_bacterium","T0","ppFEV1",0.091060402201948,0.313990281828888,FALSE,"+"
"Leuconostoc_carnosum","Leuconostoc_carnosum","T0","ppFEV1",0.0845941350308034,1,FALSE,"+"
"Eubacterium_ventriosum","Eubacterium_ventriosum","T0","ppFEV1",-0.0302483996962374,0.771721895627684,FALSE,"-"
"GGB3819_SGB5184","GGB3819_SGB5184","T0","ppFEV1",-0.0689471521704495,0.408934607766199,FALSE,"-"
"Pseudoflavonifractor_phocaeensis","Pseudoflavonifractor_phocaeensis","T0","ppFEV1",0.155364911049521,0.408934607766199,FALSE,"+"
"Bacteroides_caccae","Bacteroides_caccae","T0","ppFEV1",-0.0071784510037002,1,FALSE,"-"
"Alistipes_onderdonkii","Alistipes_onderdonkii","T0","ppFEV1",0.086140324578999,0.0804610655773692,FALSE,"+"
"Bacteroides_thetaiotaomicron","Bacteroides_thetaiotaomicron","T0","ppFEV1",0.0294998665093443,0.573066126333909,FALSE,"+"
"GGB3433_SGB4573","GGB3433_SGB4573","T0","ppFEV1",0.0676685101749554,0.408934607766199,FALSE,"+"
"Klebsiella_pneumoniae","Klebsiella_pneumoniae","T0","ppFEV1",0.0183208433187648,0.91256422088614,FALSE,"+"
"Blautia_SGB4815","Blautia_SGB4815","T0","ppFEV1",0.0436723714743332,0.408934607766199,FALSE,"+"
"Faecalibacillus_intestinalis","Faecalibacillus_intestinalis","T0","ppFEV1",0.0125309625822344,0.944200111952326,FALSE,"+"
"Lentihominibacter_faecis","Lentihominibacter_faecis","T0","ppFEV1",0.0339513461895445,0.573066126333909,FALSE,"+"
"Roseburia_intestinalis","Roseburia_intestinalis","T0","ppFEV1",0.00677693099580461,1,FALSE,"+"
"Clostridium_sp_AM49_4BH","Clostridium_sp_AM49_4BH","T0","ppFEV1",0.212396983328548,1,FALSE,"+"
"Roseburia_inulinivorans","Roseburia_inulinivorans","T0","ppFEV1",-0.0388285259651509,0.574948287442045,FALSE,"-"
"Ruminococcus_bicirculans","Ruminococcus_bicirculans","T0","ppFEV1",-0.224517899738871,0.0529509602861044,FALSE,"-"
"Faecalibacterium_SGB15346","Faecalibacterium_SGB15346","T0","ppFEV1",0.11010451971538,0.504956826494806,FALSE,"+"
"Roseburia_hominis","Roseburia_hominis","T0","ppFEV1",-0.031708251059964,0.573066126333909,FALSE,"-"
"Lachnospiraceae_bacterium_CLA_AA_H244","Lachnospiraceae_bacterium_CLA_AA_H244","T0","ppFEV1",0.0471516968957939,0.652025430423982,FALSE,"+"
"Bacteroides_ovatus","Bacteroides_ovatus","T0","ppFEV1",-0.000635084488234897,1,FALSE,"-"
"Wansuia_hejianensis","Wansuia_hejianensis","T0","ppFEV1",0.0128978670171431,0.91256422088614,FALSE,"+"
"Clostridium_fessum","Clostridium_fessum","T0","ppFEV1",-0.01448892875192,0.870372186332384,FALSE,"-"
"GGB3109_SGB4121","GGB3109_SGB4121","T0","ppFEV1",0.0113052110602942,1,FALSE,"+"
"Clostridium_leptum","Clostridium_leptum","T0","ppFEV1",0.0114398893501748,0.981644815861831,FALSE,"+"
"GGB9359_SGB14334","GGB9359_SGB14334","T0","ppFEV1",0.273294035342986,1,FALSE,"+"
"Gordonibacter_pamelaeae","Gordonibacter_pamelaeae","T0","ppFEV1",0.0824279361805587,0.529024578652472,FALSE,"+"
"Zhenpiania_hominis","Zhenpiania_hominis","T0","ppFEV1",0.08868193039802,0.319159035747819,FALSE,"+"
"Alistipes_dispar","Alistipes_dispar","T0","ppFEV1",0.234838764284278,0.11660516467816,FALSE,"+"
"Brotolimicola_acetigignens","Brotolimicola_acetigignens","T0","ppFEV1",-0.0746025800798365,1,FALSE,"-"
"Hydrogeniiclostridium_mannosilyticum","Hydrogeniiclostridium_mannosilyticum","T0","ppFEV1",-0.0453059118481484,0.504956826494806,FALSE,"-"
"Lacrimispora_amygdalina","Lacrimispora_amygdalina","T0","ppFEV1",-0.031290310478819,0.652025430423982,FALSE,"-"
"Dysosmobacter_welbionis","Dysosmobacter_welbionis","T0","ppFEV1",0.0691400257861592,0.18114034139636,FALSE,"+"
"Massilimicrobiota_timonensis","Massilimicrobiota_timonensis","T0","ppFEV1",0.206504458210893,0.379010576404667,FALSE,"+"
"Intestinimonas_massiliensis","Intestinimonas_massiliensis","T0","ppFEV1",0.191806257150193,0.387837514541722,FALSE,"+"
"Alistipes_putredinis","Alistipes_putredinis","T0","ppFEV1",0.19367735582165,0.387837514541722,FALSE,"+"
"Bittarella_massiliensis","Bittarella_massiliensis","T0","ppFEV1",-0.165960335411011,0.180675179945056,FALSE,"-"
"Rubneribacter_badeniensis","Rubneribacter_badeniensis","T0","ppFEV1",0.0775818614908707,1,FALSE,"+"
"Clostridium_methylpentosum","Clostridium_methylpentosum","T0","ppFEV1",-0.0217994480488479,0.782412587892521,FALSE,"-"
"GGB9715_SGB15265","GGB9715_SGB15265","T0","ppFEV1",0.0099928467299109,1,FALSE,"+"
"Enterocloster_citroniae","Enterocloster_citroniae","T0","ppFEV1",-0.029563372093573,0.647154095825362,FALSE,"-"
"GGB9730_SGB15291","GGB9730_SGB15291","T0","ppFEV1",NA,1,FALSE,NA
"Akkermansia_muciniphila","Akkermansia_muciniphila","T0","ppFEV1",0.182713636023113,0.0458949941977295,TRUE,"+"
"Mediterraneibacter_butyricigenes","Mediterraneibacter_butyricigenes","T0","ppFEV1",0.0623297017240568,0.23981855465932,FALSE,"+"
"Alistipes_communis","Alistipes_communis","T0","ppFEV1",0.074914014519527,0.537925681803358,FALSE,"+"
"Vescimonas_coprocola","Vescimonas_coprocola","T0","ppFEV1",-0.0933810223274558,0.0806230094156088,FALSE,"-"
"Eisenbergiella_tayi","Eisenbergiella_tayi","T0","ppFEV1",-0.0360051502551621,0.529024578652472,FALSE,"-"
"Oscillospiraceae_bacterium_Marseille_Q3528","Oscillospiraceae_bacterium_Marseille_Q3528","T0","ppFEV1",-0.0232759642675045,1,FALSE,"-"
"Clostridium_sp_AM29_11AC","Clostridium_sp_AM29_11AC","T0","ppFEV1",NA,1,FALSE,NA
"Clostridium_sp_C5_48","Clostridium_sp_C5_48","T0","ppFEV1",-0.115785953170753,0.499972318670052,FALSE,"-"
"Escherichia_marmotae","Escherichia_marmotae","T0","ppFEV1",-0.0138633647744863,0.930234571245373,FALSE,"-"
"Bilophila_wadsworthia","Bilophila_wadsworthia","T0","ppFEV1",0.0241205564379789,0.679353203878894,FALSE,"+"
"Eubacterium_brachy","Eubacterium_brachy","T0","ppFEV1",0.0990911953170174,0.292813553545597,FALSE,"+"
"Prevotella_bivia","Prevotella_bivia","T0","ppFEV1",0.0606316256106205,1,FALSE,"+"
"Bifidobacterium_adolescentis","Bifidobacterium_adolescentis","T0","ppFEV1",0.0766397709581893,0.221280587288772,FALSE,"+"
"Evtepia_gabavorous","Evtepia_gabavorous","T0","ppFEV1",0.171200303113893,0.0458949941977295,TRUE,"+"
"Blautia_hydrogenotrophica","Blautia_hydrogenotrophica","T0","ppFEV1",-0.0129997703154685,1,FALSE,"-"
"Bacteroides_faecis","Bacteroides_faecis","T0","ppFEV1",-0.199795376129754,1,FALSE,"-"
"Bacteroides_stercoris","Bacteroides_stercoris","T0","ppFEV1",0.333407376058651,0.292713429045794,FALSE,"+"
"Enterocloster_hominis","Enterocloster_hominis","T0","ppFEV1",-0.235812821023746,0.0503966944496214,FALSE,"-"
"Firmicutes_bacterium","Firmicutes_bacterium","T0","ppFEV1",NA,1,FALSE,NA
"Slackia_isoflavoniconvertens","Slackia_isoflavoniconvertens","T0","ppFEV1",0.0175116495554563,0.917053360672239,FALSE,"+"
"Faecalibacterium_sp_CLA_AA_H233","Faecalibacterium_sp_CLA_AA_H233","T0","ppFEV1",0.338903123945025,0.0804610655773692,FALSE,"+"
"GGB3730_SGB5060","GGB3730_SGB5060","T0","ppFEV1",0.000761387660180466,1,FALSE,"+"
"GGB3600_SGB4859","GGB3600_SGB4859","T0","ppFEV1",-0.0701297670983767,0.558331205745807,FALSE,"-"
"Neobittarella_massiliensis","Neobittarella_massiliensis","T0","ppFEV1",-0.0297319219347571,0.652025430423982,FALSE,"-"
"Eubacterium_siraeum","Eubacterium_siraeum","T0","ppFEV1",-0.372192835700703,1,FALSE,"-"
"GGB3444_SGB4594","GGB3444_SGB4594","T0","ppFEV1",NA,1,FALSE,NA
"Lacticaseibacillus_paracasei","Lacticaseibacillus_paracasei","T0","ppFEV1",-0.0205813632516068,0.762389481809967,FALSE,"-"
"GGB9719_SGB15272","GGB9719_SGB15272","T0","ppFEV1",NA,1,FALSE,NA
"Christensenella_hongkongensis","Christensenella_hongkongensis","T0","ppFEV1",-0.175456096733481,1,FALSE,"-"
"Odoribacter_splanchnicus","Odoribacter_splanchnicus","T0","ppFEV1",-0.0142166529686445,0.924541373734912,FALSE,"-"
"Limosilactobacillus_reuteri","Limosilactobacillus_reuteri","T0","ppFEV1",0.0487332480020942,0.652025430423982,FALSE,"+"
"Anaerotruncus_colihominis","Anaerotruncus_colihominis","T0","ppFEV1",0.118143766656518,0.250223171690237,FALSE,"+"
"Clostridiales_bacterium","Clostridiales_bacterium","T0","ppFEV1",0.0147879967372975,1,FALSE,"+"
"Lachnoclostridium_pacaense","Lachnoclostridium_pacaense","T0","ppFEV1",0.104490214689133,1,FALSE,"+"
"Lactonifactor_longoviformis","Lactonifactor_longoviformis","T0","ppFEV1",-0.29294245442666,1,FALSE,"-"
"GGB9534_SGB14937","GGB9534_SGB14937","T0","ppFEV1",1.82760893653045,1,FALSE,"+"
"Parasutterella_excrementihominis","Parasutterella_excrementihominis","T0","ppFEV1",-0.154496835013863,0.190386189965331,FALSE,"-"
"GGB3511_SGB4688","GGB3511_SGB4688","T0","ppFEV1",-0.0306293889164103,0.591557158377066,FALSE,"-"
"Enterococcus_avium","Enterococcus_avium","T0","ppFEV1",0.0531389497963103,0.647154095825362,FALSE,"+"
"Coprobacillus_cateniformis","Coprobacillus_cateniformis","T0","ppFEV1",-0.431897044162812,1,FALSE,"-"
"Lawsonella_SGB3665","Lawsonella_SGB3665","T0","ppFEV1",-0.0753846711474051,0.292813553545597,FALSE,"-"
"Faecalibacillus_faecis","Faecalibacillus_faecis","T0","ppFEV1",-0.144767884575537,1,FALSE,"-"
"Eubacterium_sp_c_25","Eubacterium_sp_c_25","T0","ppFEV1",-1.12495828096004,1,FALSE,"-"
"Anaerococcus_obesiensis","Anaerococcus_obesiensis","T0","ppFEV1",-0.10908713446324,0.504956826494806,FALSE,"-"
"Streptococcus_mitis","Streptococcus_mitis","T12","ppFEV1",0.00948578489802614,1,FALSE,"+"
"Streptococcus_sanguinis","Streptococcus_sanguinis","T12","ppFEV1",-0.0276609827229882,0.793208755054987,FALSE,"-"
"Actinomyces_sp_ICM47","Actinomyces_sp_ICM47","T12","ppFEV1",-0.0814793602115033,0.598594507708269,FALSE,"-"
"Enterocloster_clostridioformis","Enterocloster_clostridioformis","T12","ppFEV1",-0.0695314157378493,0.598594507708269,FALSE,"-"
"Ruminococcus_gnavus","Ruminococcus_gnavus","T12","ppFEV1",-0.0144967158086629,1,FALSE,"-"
"Longicatena_caecimuris","Longicatena_caecimuris","T12","ppFEV1",-0.000506721164183817,1,FALSE,"-"
"Clostridium_symbiosum","Clostridium_symbiosum","T12","ppFEV1",0.022145945766515,0.956360006228207,FALSE,"+"
"Streptococcus_thermophilus","Streptococcus_thermophilus","T12","ppFEV1",-0.0155145168475099,1,FALSE,"-"
"Eggerthella_lenta","Eggerthella_lenta","T12","ppFEV1",0.0182483573578801,0.971555106464041,FALSE,"+"
"Erysipelatoclostridium_ramosum","Erysipelatoclostridium_ramosum","T12","ppFEV1",-0.0113077497173594,1,FALSE,"-"
"Ruminococcus_torques","Ruminococcus_torques","T12","ppFEV1",-0.0232230451279816,0.804586404927397,FALSE,"-"
"Hungatella_hathewayi","Hungatella_hathewayi","T12","ppFEV1",-0.0133083370825893,1,FALSE,"-"
"Flavonifractor_plautii","Flavonifractor_plautii","T12","ppFEV1",-0.0450557042693001,0.706533552071895,FALSE,"-"
"Faecalimonas_umbilicata","Faecalimonas_umbilicata","T12","ppFEV1",-0.0403858627957478,0.706533552071895,FALSE,"-"
"Blautia_hansenii","Blautia_hansenii","T12","ppFEV1",-0.0292357883723569,0.788867278320119,FALSE,"-"
"Enterocloster_aldenensis","Enterocloster_aldenensis","T12","ppFEV1",0.0188964914487011,1,FALSE,"+"
"Oliverpabstia_intestinalis","Oliverpabstia_intestinalis","T12","ppFEV1",-0.0603575511907508,0.598594507708269,FALSE,"-"
"Sellimonas_intestinalis","Sellimonas_intestinalis","T12","ppFEV1",-0.0177575556900132,1,FALSE,"-"
"Schaalia_odontolytica","Schaalia_odontolytica","T12","ppFEV1",0.00205913958347364,1,FALSE,"+"
"Blautia_producta","Blautia_producta","T12","ppFEV1",0.0358185068886465,0.714572208430363,FALSE,"+"
"Streptococcus_salivarius","Streptococcus_salivarius","T12","ppFEV1",0.0354464859396273,0.714572208430363,FALSE,"+"
"Clostridium_spiroforme","Clostridium_spiroforme","T12","ppFEV1",-0.0646241999693799,0.598594507708269,FALSE,"-"
"GGB3433_SGB4574","GGB3433_SGB4574","T12","ppFEV1",-0.0468745628764491,1,FALSE,"-"
"Clostridium_scindens","Clostridium_scindens","T12","ppFEV1",-0.0232437112035939,0.963196003861272,FALSE,"-"
"Fusicatenibacter_saccharivorans","Fusicatenibacter_saccharivorans","T12","ppFEV1",-0.00136031955069579,1,FALSE,"-"
"Clostridia_bacterium","Clostridia_bacterium","T12","ppFEV1",-0.529249275318264,1,FALSE,"-"
"Clostridium_innocuum","Clostridium_innocuum","T12","ppFEV1",0.0310369568619693,0.788867278320119,FALSE,"+"
"Anaerostipes_hadrus","Anaerostipes_hadrus","T12","ppFEV1",-0.0106275309978194,1,FALSE,"-"
"Gemella_sanguinis","Gemella_sanguinis","T12","ppFEV1",0.008547700964277,1,FALSE,"+"
"Streptococcus_australis","Streptococcus_australis","T12","ppFEV1",-0.0132688097523686,1,FALSE,"-"
"Agathobaculum_butyriciproducens","Agathobaculum_butyriciproducens","T12","ppFEV1",0.0136992667112252,1,FALSE,"+"
"Schaalia_SGB17157","Schaalia_SGB17157","T12","ppFEV1",-0.0273041922422812,0.804586404927397,FALSE,"-"
"Turicibacter_bilis","Turicibacter_bilis","T12","ppFEV1",0.052271578404385,0.598594507708269,FALSE,"+"
"Alistipes_finegoldii","Alistipes_finegoldii","T12","ppFEV1",0.046321973325612,0.714572208430363,FALSE,"+"
"Actinomyces_sp_ph3","Actinomyces_sp_ph3","T12","ppFEV1",-0.0170433777992654,1,FALSE,"-"
"Veillonella_dispar","Veillonella_dispar","T12","ppFEV1",0.0262155267871638,0.804586404927397,FALSE,"+"
"Ruthenibacterium_lactatiformans","Ruthenibacterium_lactatiformans","T12","ppFEV1",-0.0124823099552687,1,FALSE,"-"
"Roseburia_faecis","Roseburia_faecis","T12","ppFEV1",0.0106925339129489,1,FALSE,"+"
"Actinomyces_oris","Actinomyces_oris","T12","ppFEV1",-0.0709642264709704,0.598594507708269,FALSE,"-"
"Bacteroides_fragilis","Bacteroides_fragilis","T12","ppFEV1",0.0415871065872353,0.714572208430363,FALSE,"+"
"Romboutsia_timonensis","Romboutsia_timonensis","T12","ppFEV1",0.0162128794260939,1,FALSE,"+"
"Clostridiaceae_bacterium_AF18_31LB","Clostridiaceae_bacterium_AF18_31LB","T12","ppFEV1",0.0967985432577052,1,FALSE,"+"
"Blautia_massiliensis","Blautia_massiliensis","T12","ppFEV1",-0.0246525592167917,0.793208755054987,FALSE,"-"
"Streptococcus_parasanguinis","Streptococcus_parasanguinis","T12","ppFEV1",-0.0247458965622225,0.92117197285546,FALSE,"-"
"Mogibacterium_diversum","Mogibacterium_diversum","T12","ppFEV1",0.0339406150147379,0.787268794352641,FALSE,"+"
"Escherichia_coli","Escherichia_coli","T12","ppFEV1",-0.0215684770565858,0.971555106464041,FALSE,"-"
"Enterococcus_faecium","Enterococcus_faecium","T12","ppFEV1",0.0106389940590319,1,FALSE,"+"
"Schaalia_SGB17158","Schaalia_SGB17158","T12","ppFEV1",0.187212482543118,1,FALSE,"+"
"Clostridium_saudiense","Clostridium_saudiense","T12","ppFEV1",0.0116754106943289,1,FALSE,"+"
"Streptococcus_rubneri","Streptococcus_rubneri","T12","ppFEV1",-0.674390532054245,1,FALSE,"-"
"Clostridium_SGB6173","Clostridium_SGB6173","T12","ppFEV1",0.0325557315996961,0.788867278320119,FALSE,"+"
"Bacteroides_xylanisolvens","Bacteroides_xylanisolvens","T12","ppFEV1",-0.0343436936349942,0.767434488628616,FALSE,"-"
"Clostridium_perfringens","Clostridium_perfringens","T12","ppFEV1",-0.109247216223131,0.598594507708269,FALSE,"-"
"Scardovia_wiggsiae","Scardovia_wiggsiae","T12","ppFEV1",-0.0531992146391122,0.714572208430363,FALSE,"-"
"Granulicatella_SGB8255","Granulicatella_SGB8255","T12","ppFEV1",0.0290253299274841,0.788867278320119,FALSE,"+"
"Roseburia_sp_AF02_12","Roseburia_sp_AF02_12","T12","ppFEV1",0.0806664574725611,0.598594507708269,FALSE,"+"
"Actinomyces_naeslundii","Actinomyces_naeslundii","T12","ppFEV1",-0.0162176584357038,1,FALSE,"-"
"Clostridium_disporicum","Clostridium_disporicum","T12","ppFEV1",0.217187736428507,1,FALSE,"+"
"Rothia_mucilaginosa","Rothia_mucilaginosa","T12","ppFEV1",-0.00411438584888763,1,FALSE,"-"
"Streptococcus_vestibularis","Streptococcus_vestibularis","T12","ppFEV1",0.0123281816445006,1,FALSE,"+"
"Enterocloster_bolteae","Enterocloster_bolteae","T12","ppFEV1",0.0188576162052088,1,FALSE,"+"
"Lachnospira_pectinoschiza","Lachnospira_pectinoschiza","T12","ppFEV1",0.0435590475089166,1,FALSE,"+"
"Enterococcus_faecalis","Enterococcus_faecalis","T12","ppFEV1",-0.0130686114321729,1,FALSE,"-"
"Veillonella_atypica","Veillonella_atypica","T12","ppFEV1",0.0285654923621347,0.788867278320119,FALSE,"+"
"Dorea_longicatena","Dorea_longicatena","T12","ppFEV1",-0.0159322203566125,0.971555106464041,FALSE,"-"
"Bifidobacterium_bifidum","Bifidobacterium_bifidum","T12","ppFEV1",-0.00496549212199354,1,FALSE,"-"
"Blautia_wexlerae","Blautia_wexlerae","T12","ppFEV1",-0.0140790447105147,1,FALSE,"-"
"Bifidobacterium_longum","Bifidobacterium_longum","T12","ppFEV1",0.00528713753719182,1,FALSE,"+"
"Bifidobacterium_pseudocatenulatum","Bifidobacterium_pseudocatenulatum","T12","ppFEV1",-0.0557961804304518,0.598594507708269,FALSE,"-"
"Anaerobutyricum_soehngenii","Anaerobutyricum_soehngenii","T12","ppFEV1",-0.0136775242545668,1,FALSE,"-"
"Streptococcus_mutans","Streptococcus_mutans","T12","ppFEV1",-0.0489126826160608,0.706533552071895,FALSE,"-"
"Anaerobutyricum_hallii","Anaerobutyricum_hallii","T12","ppFEV1",0.0219511348712154,0.907997351581676,FALSE,"+"
"Ruminococcus_sp_AF41_9","Ruminococcus_sp_AF41_9","T12","ppFEV1",-0.013684199660645,1,FALSE,"-"
"Veillonella_parvula","Veillonella_parvula","T12","ppFEV1",0.00226016134364752,1,FALSE,"+"
"Lactobacillus_gasseri","Lactobacillus_gasseri","T12","ppFEV1",-0.0730439806788499,0.598594507708269,FALSE,"-"
"Coprococcus_catus","Coprococcus_catus","T12","ppFEV1",-0.0103346455780994,1,FALSE,"-"
"Blautia_stercoris","Blautia_stercoris","T12","ppFEV1",NA,1,FALSE,NA
"Dorea_formicigenerans","Dorea_formicigenerans","T12","ppFEV1",-0.0349635266884467,0.714572208430363,FALSE,"-"
"Blautia_faecis","Blautia_faecis","T12","ppFEV1",0.0234757257533557,0.794365352511814,FALSE,"+"
"Blautia_caecimuris","Blautia_caecimuris","T12","ppFEV1",-0.0375683402548397,0.714572208430363,FALSE,"-"
"GGB3550_SGB4746","GGB3550_SGB4746","T12","ppFEV1",0.0886423269641534,0.598594507708269,FALSE,"+"
"GGB3653_SGB4964","GGB3653_SGB4964","T12","ppFEV1",0.033524652459348,0.714572208430363,FALSE,"+"
"Phocaeicola_vulgatus","Phocaeicola_vulgatus","T12","ppFEV1",0.0187767398286508,0.971555106464041,FALSE,"+"
"Streptococcus_gordonii","Streptococcus_gordonii","T12","ppFEV1",0.0341333200484136,0.714572208430363,FALSE,"+"
"Intestinibacter_bartlettii","Intestinibacter_bartlettii","T12","ppFEV1",-0.0143962015141348,1,FALSE,"-"
"Oscillospiraceae_bacterium_CLA_AA_H250","Oscillospiraceae_bacterium_CLA_AA_H250","T12","ppFEV1",0.0515068931682494,0.598594507708269,FALSE,"+"
"Tyzzerella_nexilis","Tyzzerella_nexilis","T12","ppFEV1",-0.0728264575184759,0.636795424192425,FALSE,"-"
"Dialister_pneumosintes","Dialister_pneumosintes","T12","ppFEV1",-0.0345645970873821,1,FALSE,"-"
"Limosilactobacillus_portuensis","Limosilactobacillus_portuensis","T12","ppFEV1",-0.0793747832944254,1,FALSE,"-"
"Veillonella_rogosae","Veillonella_rogosae","T12","ppFEV1",0.00982200535555434,1,FALSE,"+"
"Rothia_SGB49305","Rothia_SGB49305","T12","ppFEV1",-0.224955731107706,1,FALSE,"-"
"Streptococcus_oralis","Streptococcus_oralis","T12","ppFEV1",0.0854582146142159,0.714572208430363,FALSE,"+"
"Streptococcus_intermedius","Streptococcus_intermedius","T12","ppFEV1",-0.0397462570590363,1,FALSE,"-"
"Streptococcus_anginosus","Streptococcus_anginosus","T12","ppFEV1",-0.0460641048308527,0.649256142417809,FALSE,"-"
"Corynebacterium_durum","Corynebacterium_durum","T12","ppFEV1",NA,1,FALSE,NA
"Eubacterium_rectale","Eubacterium_rectale","T12","ppFEV1",-0.0243376866980601,0.84102966193813,FALSE,"-"
"Lacticaseibacillus_rhamnosus","Lacticaseibacillus_rhamnosus","T12","ppFEV1",0.011441313384728,1,FALSE,"+"
"Coprococcus_comes","Coprococcus_comes","T12","ppFEV1",0.00135094960657009,1,FALSE,"+"
"Faecalibacterium_prausnitzii","Faecalibacterium_prausnitzii","T12","ppFEV1",0.00150981249345099,1,FALSE,"+"
"Latilactobacillus_sakei","Latilactobacillus_sakei","T12","ppFEV1",0.10084646533119,0.598594507708269,FALSE,"+"
"GGB51647_SGB4348","GGB51647_SGB4348","T12","ppFEV1",0.337989354919589,0.598594507708269,FALSE,"+"
"Ruminococcus_lactaris","Ruminococcus_lactaris","T12","ppFEV1",NA,1,FALSE,NA
"Lactococcus_cremoris","Lactococcus_cremoris","T12","ppFEV1",0.0174468585074504,1,FALSE,"+"
"Mediterraneibacter_glycyrrhizinilyticus","Mediterraneibacter_glycyrrhizinilyticus","T12","ppFEV1",-0.0384129628527613,0.714572208430363,FALSE,"-"
"Phocaeicola_dorei","Phocaeicola_dorei","T12","ppFEV1",-0.0762990036910138,0.598594507708269,FALSE,"-"
"Bifidobacterium_animalis","Bifidobacterium_animalis","T12","ppFEV1",-0.0469178313759812,0.714572208430363,FALSE,"-"
"Lactococcus_lactis","Lactococcus_lactis","T12","ppFEV1",0.0330389923958304,0.788867278320119,FALSE,"+"
"Bacteroides_uniformis","Bacteroides_uniformis","T12","ppFEV1",-0.0137987388696019,1,FALSE,"-"
"Parabacteroides_merdae","Parabacteroides_merdae","T12","ppFEV1",-0.0304490775425039,0.788867278320119,FALSE,"-"
"Parabacteroides_distasonis","Parabacteroides_distasonis","T12","ppFEV1",0.0560609999873466,0.598594507708269,FALSE,"+"
"Gemmiger_formicilis","Gemmiger_formicilis","T12","ppFEV1",0.00760442401863174,1,FALSE,"+"
"Anaerostipes_caccae","Anaerostipes_caccae","T12","ppFEV1",-0.0463061455976099,0.714572208430363,FALSE,"-"
"Bifidobacterium_breve","Bifidobacterium_breve","T12","ppFEV1",0.020576266030931,1,FALSE,"+"
"Acidaminococcus_intestini","Acidaminococcus_intestini","T12","ppFEV1",-0.12723302096645,0.598594507708269,FALSE,"-"
"Dialister_invisus","Dialister_invisus","T12","ppFEV1",0.0165961996421019,1,FALSE,"+"
"Parasutterella_SGB9260","Parasutterella_SGB9260","T12","ppFEV1",-0.00764032604487798,1,FALSE,"-"
"Ruminococcus_bromii","Ruminococcus_bromii","T12","ppFEV1",0.0222682326383428,0.905826615194686,FALSE,"+"
"Mediterraneibacter_faecis","Mediterraneibacter_faecis","T12","ppFEV1",-0.014891805404066,1,FALSE,"-"
"Faecalicatena_fissicatena","Faecalicatena_fissicatena","T12","ppFEV1",0.0518950728217542,0.598594507708269,FALSE,"+"
"Blautia_obeum","Blautia_obeum","T12","ppFEV1",-0.0172489120202122,1,FALSE,"-"
"Collinsella_aerofaciens","Collinsella_aerofaciens","T12","ppFEV1",0.0243724840284957,0.804586404927397,FALSE,"+"
"Eubacterium_ramulus","Eubacterium_ramulus","T12","ppFEV1",0.0160918910527581,1,FALSE,"+"
"Roseburia_lenta","Roseburia_lenta","T12","ppFEV1",0.219824884345274,0.598594507708269,FALSE,"+"
"Candidatus_Cibionibacter_quicibialis","Candidatus_Cibionibacter_quicibialis","T12","ppFEV1",0.0450583008560835,0.598594507708269,FALSE,"+"
"Anaeromassilibacillus_senegalensis","Anaeromassilibacillus_senegalensis","T12","ppFEV1",-0.0492067241534483,0.790382682546221,FALSE,"-"
"Gordonibacter_urolithinfaciens","Gordonibacter_urolithinfaciens","T12","ppFEV1",0.00763131692696924,1,FALSE,"+"
"Faecalicatena_contorta","Faecalicatena_contorta","T12","ppFEV1",0.0653763652074064,0.598594507708269,FALSE,"+"
"Massilioclostridium_coli","Massilioclostridium_coli","T12","ppFEV1",0.0174889846718727,1,FALSE,"+"
"Clostridiales_bacterium_KLE1615","Clostridiales_bacterium_KLE1615","T12","ppFEV1",-0.0165775814383925,1,FALSE,"-"
"Clostridia_bacterium_UC5_1_1D1","Clostridia_bacterium_UC5_1_1D1","T12","ppFEV1",-0.0981434372070717,0.598594507708269,FALSE,"-"
"Lactiplantibacillus_plantarum","Lactiplantibacillus_plantarum","T12","ppFEV1",-0.0108604300418745,1,FALSE,"-"
"Enterobacter_hormaechei","Enterobacter_hormaechei","T12","ppFEV1",0.1182676530151,1,FALSE,"+"
"Clostridiaceae_bacterium","Clostridiaceae_bacterium","T12","ppFEV1",0.0321843937372581,0.788088146154052,FALSE,"+"
"Blautia_glucerasea","Blautia_glucerasea","T12","ppFEV1",-0.0339216537101821,0.714572208430363,FALSE,"-"
"Schaalia_SGB17168","Schaalia_SGB17168","T12","ppFEV1",0.00806775709565572,1,FALSE,"+"
"Veillonella_tobetsuensis","Veillonella_tobetsuensis","T12","ppFEV1",-0.0844893123149052,1,FALSE,"-"
"GGB3256_SGB4303","GGB3256_SGB4303","T12","ppFEV1",-0.0518233213004433,0.625390831169562,FALSE,"-"
"Dorea_sp_AF36_15AT","Dorea_sp_AF36_15AT","T12","ppFEV1",-0.00369714543761494,1,FALSE,"-"
"Clostridiaceae_bacterium_Marseille_Q3526","Clostridiaceae_bacterium_Marseille_Q3526","T12","ppFEV1",NA,1,FALSE,NA
"Clostridium_SGB6179","Clostridium_SGB6179","T12","ppFEV1",0.0140244360888067,1,FALSE,"+"
"Blautia_luti","Blautia_luti","T12","ppFEV1",0.168582858943028,1,FALSE,"+"
"Faecalibacillus_SGB6753","Faecalibacillus_SGB6753","T12","ppFEV1",-0.370830423705375,0.598594507708269,FALSE,"-"
"Clostridium_sp_AT4","Clostridium_sp_AT4","T12","ppFEV1",0.000698287612714535,1,FALSE,"+"
"Clostridium_SGB4750","Clostridium_SGB4750","T12","ppFEV1",-0.19920390539508,0.598594507708269,FALSE,"-"
"Phascolarctobacterium_faecium","Phascolarctobacterium_faecium","T12","ppFEV1",-0.0777251350350734,0.598594507708269,FALSE,"-"
"Fusicatenibacter_sp_CLA_AA_H277","Fusicatenibacter_sp_CLA_AA_H277","T12","ppFEV1",-0.0656710836251893,0.598594507708269,FALSE,"-"
"Lachnospiraceae_bacterium","Lachnospiraceae_bacterium","T12","ppFEV1",0.0558383382328647,0.598594507708269,FALSE,"+"
"Eubacterium_ventriosum","Eubacterium_ventriosum","T12","ppFEV1",0.0571276430702964,0.598594507708269,FALSE,"+"
"Bacteroides_caccae","Bacteroides_caccae","T12","ppFEV1",-0.0277903928825597,0.790382682546221,FALSE,"-"
"GGB4456_SGB6141","GGB4456_SGB6141","T12","ppFEV1",-0.0182545821823242,1,FALSE,"-"
"Alistipes_onderdonkii","Alistipes_onderdonkii","T12","ppFEV1",-0.0341848605829823,0.714572208430363,FALSE,"-"
"Bacteroides_thetaiotaomicron","Bacteroides_thetaiotaomicron","T12","ppFEV1",-0.072577658053877,0.598594507708269,FALSE,"-"
"Barnesiella_intestinihominis","Barnesiella_intestinihominis","T12","ppFEV1",0.0616818129365191,0.598594507708269,FALSE,"+"
"Lachnospira_eligens","Lachnospira_eligens","T12","ppFEV1",-0.038596682575083,0.714572208430363,FALSE,"-"
"Klebsiella_pneumoniae","Klebsiella_pneumoniae","T12","ppFEV1",NA,1,FALSE,NA
"Ruminococcus_callidus","Ruminococcus_callidus","T12","ppFEV1",-0.0715031013419942,0.714572208430363,FALSE,"-"
"Blautia_SGB4815","Blautia_SGB4815","T12","ppFEV1",-0.0581390358249578,0.598594507708269,FALSE,"-"
"Faecalibacillus_intestinalis","Faecalibacillus_intestinalis","T12","ppFEV1",-0.0425893802458948,0.67058381354727,FALSE,"-"
"Lentihominibacter_faecis","Lentihominibacter_faecis","T12","ppFEV1",0.0922350411963309,0.598594507708269,FALSE,"+"
"Roseburia_intestinalis","Roseburia_intestinalis","T12","ppFEV1",0.0550069783243193,0.598594507708269,FALSE,"+"
"Clostridium_sp_AM49_4BH","Clostridium_sp_AM49_4BH","T12","ppFEV1",0.015769356950025,1,FALSE,"+"
"Roseburia_inulinivorans","Roseburia_inulinivorans","T12","ppFEV1",-0.0739374586865609,0.598594507708269,FALSE,"-"
"Ruminococcus_bicirculans","Ruminococcus_bicirculans","T12","ppFEV1",0.0759465462941674,0.598594507708269,FALSE,"+"
"Faecalibacterium_SGB15346","Faecalibacterium_SGB15346","T12","ppFEV1",0.00779566125303693,1,FALSE,"+"
"Blautia_sp_OF03_15BH","Blautia_sp_OF03_15BH","T12","ppFEV1",NA,1,FALSE,NA
"Roseburia_hominis","Roseburia_hominis","T12","ppFEV1",-0.0115530000183957,1,FALSE,"-"
"Lachnospiraceae_bacterium_CLA_AA_H244","Lachnospiraceae_bacterium_CLA_AA_H244","T12","ppFEV1",0.0469400276776237,0.706533467882598,FALSE,"+"
"Eubacteriaceae_bacterium","Eubacteriaceae_bacterium","T12","ppFEV1",0.0470837263643156,0.714572208430363,FALSE,"+"
"Anaerotignum_faecicola","Anaerotignum_faecicola","T12","ppFEV1",NA,1,FALSE,NA
"Bacteroides_ovatus","Bacteroides_ovatus","T12","ppFEV1",-0.0500718318249852,0.598594507708269,FALSE,"-"
"Wansuia_hejianensis","Wansuia_hejianensis","T12","ppFEV1",0.0386197183235317,0.706533552071895,FALSE,"+"
"Clostridium_fessum","Clostridium_fessum","T12","ppFEV1",-0.0537260026210006,0.598594507708269,FALSE,"-"
"GGB3109_SGB4121","GGB3109_SGB4121","T12","ppFEV1",0.0165969363026935,1,FALSE,"+"
"Clostridium_sp_1001270J_160509_D11","Clostridium_sp_1001270J_160509_D11","T12","ppFEV1",0.00158379182520078,1,FALSE,"+"
"GGB9730_SGB15290","GGB9730_SGB15290","T12","ppFEV1",1.78640467121139,1,FALSE,"+"
"Clostridium_leptum","Clostridium_leptum","T12","ppFEV1",0.0430236230269273,0.714572208430363,FALSE,"+"
"Adlercreutzia_equolifaciens","Adlercreutzia_equolifaciens","T12","ppFEV1",0.00135316712421247,1,FALSE,"+"
"GGB36331_SGB15121","GGB36331_SGB15121","T12","ppFEV1",-0.215978954002163,1,FALSE,"-"
"Gordonibacter_pamelaeae","Gordonibacter_pamelaeae","T12","ppFEV1",-0.136468090151924,0.649256142417809,FALSE,"-"
"Zhenpiania_hominis","Zhenpiania_hominis","T12","ppFEV1",-0.0343706682592096,0.787268794352641,FALSE,"-"
"Alistipes_dispar","Alistipes_dispar","T12","ppFEV1",-0.0814237013041381,1,FALSE,"-"
"Hydrogeniiclostridium_mannosilyticum","Hydrogeniiclostridium_mannosilyticum","T12","ppFEV1",0.0528239260709693,0.788867278320119,FALSE,"+"
"Lacrimispora_amygdalina","Lacrimispora_amygdalina","T12","ppFEV1",-0.415932087942272,1,FALSE,"-"
"Bittarella_massiliensis","Bittarella_massiliensis","T12","ppFEV1",-0.0279809493590016,0.904701441370018,FALSE,"-"
"Rubneribacter_badeniensis","Rubneribacter_badeniensis","T12","ppFEV1",-0.00464748886185826,1,FALSE,"-"
"GGB9715_SGB15265","GGB9715_SGB15265","T12","ppFEV1",0.123241865762769,0.598594507708269,FALSE,"+"
"GGB9730_SGB15291","GGB9730_SGB15291","T12","ppFEV1",0.079761122220138,0.714572208430363,FALSE,"+"
"Coprococcus_eutactus","Coprococcus_eutactus","T12","ppFEV1",0.187949408512498,0.598594507708269,FALSE,"+"
"Wujia_chipingensis","Wujia_chipingensis","T12","ppFEV1",-0.261637708161338,1,FALSE,"-"
"Clostridium_sp_AF36_4","Clostridium_sp_AF36_4","T12","ppFEV1",NA,1,FALSE,NA
"GGB9559_SGB14969","GGB9559_SGB14969","T12","ppFEV1",-0.105266582266066,1,FALSE,"-"
"Akkermansia_muciniphila","Akkermansia_muciniphila","T12","ppFEV1",0.00660962988261403,1,FALSE,"+"
"GGB9699_SGB15216","GGB9699_SGB15216","T12","ppFEV1",-0.0112108946053092,1,FALSE,"-"
"Alistipes_shahii","Alistipes_shahii","T12","ppFEV1",-0.080004483534291,0.714572208430363,FALSE,"-"
"Mediterraneibacter_butyricigenes","Mediterraneibacter_butyricigenes","T12","ppFEV1",0.0285587757974627,0.790382682546221,FALSE,"+"
"Oscillibacter_valericigenes","Oscillibacter_valericigenes","T12","ppFEV1",-0.0645026534116441,0.701670338650064,FALSE,"-"
"Alistipes_communis","Alistipes_communis","T12","ppFEV1",-0.0344845527842593,0.793208755054987,FALSE,"-"
"Clostridium_saccharogumia","Clostridium_saccharogumia","T12","ppFEV1",-0.0516729534137554,0.788867278320119,FALSE,"-"
"Vescimonas_coprocola","Vescimonas_coprocola","T12","ppFEV1",0.0128286300280845,1,FALSE,"+"
"Eisenbergiella_tayi","Eisenbergiella_tayi","T12","ppFEV1",-0.064326911668429,0.598594507708269,FALSE,"-"
"GGB3585_SGB4803","GGB3585_SGB4803","T12","ppFEV1",0.252511716968311,1,FALSE,"+"
"Bilophila_wadsworthia","Bilophila_wadsworthia","T12","ppFEV1",-0.0275354302153603,0.793208755054987,FALSE,"-"
"Propionibacterium_acidifaciens","Propionibacterium_acidifaciens","T12","ppFEV1",-0.18564076383278,1,FALSE,"-"
"Bifidobacterium_adolescentis","Bifidobacterium_adolescentis","T12","ppFEV1",-0.0558534628548538,0.598594507708269,FALSE,"-"
"Evtepia_gabavorous","Evtepia_gabavorous","T12","ppFEV1",0.0464056177813181,0.706533552071895,FALSE,"+"
"Blautia_hydrogenotrophica","Blautia_hydrogenotrophica","T12","ppFEV1",-0.14291496183628,1,FALSE,"-"
"Clostridium_sp_AM22_11AC","Clostridium_sp_AM22_11AC","T12","ppFEV1",-0.108534271565272,0.706533552071895,FALSE,"-"
"GGB4277_SGB5832","GGB4277_SGB5832","T12","ppFEV1",0.0162178529371256,1,FALSE,"+"
"Bacteroides_stercoris","Bacteroides_stercoris","T12","ppFEV1",-0.126071047326832,0.598594507708269,FALSE,"-"
"Enterocloster_hominis","Enterocloster_hominis","T12","ppFEV1",-0.00867716955888698,1,FALSE,"-"
"GGB3005_SGB3996","GGB3005_SGB3996","T12","ppFEV1",-0.219113585157364,1,FALSE,"-"
"Alistipes_ihumii","Alistipes_ihumii","T12","ppFEV1",-0.087408569441228,0.714572208430363,FALSE,"-"
"GGB2653_SGB3574","GGB2653_SGB3574","T12","ppFEV1",0.160823990200708,1,FALSE,"+"
"GGB51441_SGB71759","GGB51441_SGB71759","T12","ppFEV1",0.0744206880485683,1,FALSE,"+"
"Firmicutes_bacterium","Firmicutes_bacterium","T12","ppFEV1",-0.058044896825569,0.598594507708269,FALSE,"-"
"Slackia_isoflavoniconvertens","Slackia_isoflavoniconvertens","T12","ppFEV1",-0.0937824266853925,1,FALSE,"-"
"Faecalibacterium_sp_CLA_AA_H233","Faecalibacterium_sp_CLA_AA_H233","T12","ppFEV1",1.57145265913145,1,FALSE,"+"
"GGB3730_SGB5060","GGB3730_SGB5060","T12","ppFEV1",0.0552166259176944,0.788867278320119,FALSE,"+"
"GGB3537_SGB4727","GGB3537_SGB4727","T12","ppFEV1",0.0997070196264188,0.714572208430363,FALSE,"+"
"GGB3600_SGB4859","GGB3600_SGB4859","T12","ppFEV1",-0.159437028150233,1,FALSE,"-"
"Neobittarella_massiliensis","Neobittarella_massiliensis","T12","ppFEV1",0.0507114761315559,0.714572208430363,FALSE,"+"
"Lacticaseibacillus_paracasei","Lacticaseibacillus_paracasei","T12","ppFEV1",-0.00417751463131332,1,FALSE,"-"
"GGB9719_SGB15272","GGB9719_SGB15272","T12","ppFEV1",NA,1,FALSE,NA
"Bifidobacterium_dentium","Bifidobacterium_dentium","T12","ppFEV1",-0.352862726304512,1,FALSE,"-"
"Collinsella_intestinalis","Collinsella_intestinalis","T12","ppFEV1",-0.87158432604418,1,FALSE,"-"
"Lactonifactor_longoviformis","Lactonifactor_longoviformis","T12","ppFEV1",-0.259775814479792,0.598594507708269,FALSE,"-"
"Parasutterella_excrementihominis","Parasutterella_excrementihominis","T12","ppFEV1",-0.00575294597360862,1,FALSE,"-"
"GGB3511_SGB4688","GGB3511_SGB4688","T12","ppFEV1",0.0201534707571401,1,FALSE,"+"
"Lentihominibacter_hominis","Lentihominibacter_hominis","T12","ppFEV1",-0.0557982213685293,0.788867278320119,FALSE,"-"
"GGB3277_SGB4327","GGB3277_SGB4327","T12","ppFEV1",0.248707234813649,1,FALSE,"+"
"Eubacterium_sp_c_25","Eubacterium_sp_c_25","T12","ppFEV1",0.0452762309692904,0.714572208430363,FALSE,"+"
"GGB32387_SGB47381","GGB32387_SGB47381","T12","ppFEV1",NA,1,FALSE,NA
"GGB45432_SGB63101","GGB45432_SGB63101","T12","ppFEV1",-0.427942140296011,1,FALSE,"-"
"Blautia_sp_MCC283","Blautia_sp_MCC283","T12","ppFEV1",-0.00136935989147836,1,FALSE,"-"
"Cutibacterium_acnes","Cutibacterium_acnes","T0","ALT",0.0132855321708747,0.288821595514449,FALSE,"+"
"Staphylococcus_aureus","Staphylococcus_aureus","T0","ALT",-0.0061397988704856,0.819827953204249,FALSE,"-"
"Streptococcus_mitis","Streptococcus_mitis","T0","ALT",0.0378691235103078,0.0234878330086626,TRUE,"+"
"Streptococcus_sanguinis","Streptococcus_sanguinis","T0","ALT",0.0289498225416167,0.0498564295754538,TRUE,"+"
"Actinomyces_sp_ICM47","Actinomyces_sp_ICM47","T0","ALT",-0.029533335622784,0.14430088400461,FALSE,"-"
"Enterocloster_clostridioformis","Enterocloster_clostridioformis","T0","ALT",0.0188885921354525,0.477575421299132,FALSE,"+"
"Ruminococcus_gnavus","Ruminococcus_gnavus","T0","ALT",0.0120482343162533,0.499513957830685,FALSE,"+"
"Longicatena_caecimuris","Longicatena_caecimuris","T0","ALT",0.446656431441534,0.00576348439474235,TRUE,"+"
"Clostridium_symbiosum","Clostridium_symbiosum","T0","ALT",-0.000223501884815406,1,FALSE,"-"
"Eisenbergiella_massiliensis","Eisenbergiella_massiliensis","T0","ALT",-0.146075338376134,0.100701518052658,FALSE,"-"
"Streptococcus_thermophilus","Streptococcus_thermophilus","T0","ALT",0.00221175875875351,1,FALSE,"+"
"Eggerthella_lenta","Eggerthella_lenta","T0","ALT",-0.0290910708783177,0.0892871270635351,FALSE,"-"
"Lancefieldella_parvula","Lancefieldella_parvula","T0","ALT",NA,1,FALSE,NA
"Erysipelatoclostridium_ramosum","Erysipelatoclostridium_ramosum","T0","ALT",-0.0204742388982831,0.221915393646871,FALSE,"-"
"Ruminococcus_torques","Ruminococcus_torques","T0","ALT",-0.00877779380558535,0.765786022819727,FALSE,"-"
"Hungatella_hathewayi","Hungatella_hathewayi","T0","ALT",0.00655567673819704,0.797325067217864,FALSE,"+"
"Enterocloster_lavalensis","Enterocloster_lavalensis","T0","ALT",-0.0664943880682482,0.012193979442615,TRUE,"-"
"Flavonifractor_plautii","Flavonifractor_plautii","T0","ALT",-0.0410147002800673,0.00331173109543716,TRUE,"-"
"Faecalimonas_umbilicata","Faecalimonas_umbilicata","T0","ALT",-0.0394097375010131,0.0102725687114677,TRUE,"-"
"Blautia_hansenii","Blautia_hansenii","T0","ALT",-0.00959681973526215,0.643222297507548,FALSE,"-"
"Enterocloster_aldenensis","Enterocloster_aldenensis","T0","ALT",-0.00361560759652299,1,FALSE,"-"
"Oliverpabstia_intestinalis","Oliverpabstia_intestinalis","T0","ALT",0.0214057679368078,0.115283842126607,FALSE,"+"
"Sellimonas_intestinalis","Sellimonas_intestinalis","T0","ALT",-0.0218414600748154,0.206926825510484,FALSE,"-"
"Schaalia_odontolytica","Schaalia_odontolytica","T0","ALT",-0.0381033183389149,0.0203673926234723,TRUE,"-"
"Blautia_producta","Blautia_producta","T0","ALT",-0.0327301134198457,0.0319570545358008,TRUE,"-"
"Streptococcus_salivarius","Streptococcus_salivarius","T0","ALT",0.0157473481340159,0.385287245798673,FALSE,"+"
"Clostridium_spiroforme","Clostridium_spiroforme","T0","ALT",-0.163423346007169,0.000157874277967064,TRUE,"-"
"GGB3433_SGB4574","GGB3433_SGB4574","T0","ALT",0.0661390703016347,0.0648965149189612,FALSE,"+"
"Clostridium_scindens","Clostridium_scindens","T0","ALT",-0.000132437209533627,1,FALSE,"-"
"Fusicatenibacter_saccharivorans","Fusicatenibacter_saccharivorans","T0","ALT",0.0164766484865758,0.522722950290159,FALSE,"+"
"Clostridia_bacterium","Clostridia_bacterium","T0","ALT",-0.00372737303253475,0.920269566869194,FALSE,"-"
"Clostridium_innocuum","Clostridium_innocuum","T0","ALT",-0.0114405672114445,0.738545529823947,FALSE,"-"
"Anaerostipes_hadrus","Anaerostipes_hadrus","T0","ALT",0.0326053776687158,0.079564142480128,FALSE,"+"
"Solobacterium_moorei","Solobacterium_moorei","T0","ALT",-0.0142242357385745,0.385287245798673,FALSE,"-"
"Gemella_sanguinis","Gemella_sanguinis","T0","ALT",0.000604141424005346,1,FALSE,"+"
"Streptococcus_australis","Streptococcus_australis","T0","ALT",0.0156194270111889,0.244454463664358,FALSE,"+"
"Agathobaculum_butyriciproducens","Agathobaculum_butyriciproducens","T0","ALT",0.00571032051683063,0.784653199360893,FALSE,"+"
"Schaalia_SGB17157","Schaalia_SGB17157","T0","ALT",0.0164859730547351,0.197469228155255,FALSE,"+"
"Turicibacter_bilis","Turicibacter_bilis","T0","ALT",0.0940204485076911,0.0013312292684242,TRUE,"+"
"Alistipes_finegoldii","Alistipes_finegoldii","T0","ALT",-0.067431725283438,0.182946692435914,FALSE,"-"
"Actinomyces_sp_ph3","Actinomyces_sp_ph3","T0","ALT",0.039717126995455,0.00613225522512521,TRUE,"+"
"Veillonella_dispar","Veillonella_dispar","T0","ALT",0.0512839078026358,0.023144001616835,TRUE,"+"
"Ruthenibacterium_lactatiformans","Ruthenibacterium_lactatiformans","T0","ALT",-0.00531611713508992,0.988458391535365,FALSE,"-"
"Roseburia_faecis","Roseburia_faecis","T0","ALT",0.00116536998297087,1,FALSE,"+"
"Actinomyces_oris","Actinomyces_oris","T0","ALT",0.0257123978454723,0.056194365272017,FALSE,"+"
"Bacteroides_fragilis","Bacteroides_fragilis","T0","ALT",0.0234761700302191,0.149665874389936,FALSE,"+"
"Romboutsia_timonensis","Romboutsia_timonensis","T0","ALT",0.0371375460275732,0.0343221530050395,TRUE,"+"
"Clostridiaceae_bacterium_AF18_31LB","Clostridiaceae_bacterium_AF18_31LB","T0","ALT",0.0414132563582247,1,FALSE,"+"
"Blautia_massiliensis","Blautia_massiliensis","T0","ALT",-0.00215949504005548,1,FALSE,"-"
"Streptococcus_parasanguinis","Streptococcus_parasanguinis","T0","ALT",0.0072378740593917,0.974618819884804,FALSE,"+"
"Abiotrophia_defectiva","Abiotrophia_defectiva","T0","ALT",NA,1,FALSE,NA
"Mogibacterium_diversum","Mogibacterium_diversum","T0","ALT",-0.000664075872323344,1,FALSE,"-"
"Escherichia_coli","Escherichia_coli","T0","ALT",0.0475782328621001,0.0547552536567219,FALSE,"+"
"Enterococcus_faecium","Enterococcus_faecium","T0","ALT",0.05789140729912,0.0102725687114677,TRUE,"+"
"Actinomyces_SGB17132","Actinomyces_SGB17132","T0","ALT",0.0192925667569723,0.202598095592656,FALSE,"+"
"bacterium_210917_SL_2_15","bacterium_210917_SL_2_15","T0","ALT",-0.0400475089163272,0.242857138524863,FALSE,"-"
"Schaalia_SGB17158","Schaalia_SGB17158","T0","ALT",-0.00806902933721098,0.628616169769506,FALSE,"-"
"Clostridium_saudiense","Clostridium_saudiense","T0","ALT",0.0645448119961108,0.0151690648164014,TRUE,"+"
"Clostridium_SGB6173","Clostridium_SGB6173","T0","ALT",0.0464875567885646,0.0249785125314117,TRUE,"+"
"Bacteroides_xylanisolvens","Bacteroides_xylanisolvens","T0","ALT",0.0190145518419408,0.131155774991591,FALSE,"+"
"Clostridium_perfringens","Clostridium_perfringens","T0","ALT",0.00601503433378882,0.809498218197851,FALSE,"+"
"Scardovia_wiggsiae","Scardovia_wiggsiae","T0","ALT",0.0263843935163494,0.0528450318355791,FALSE,"+"
"Granulicatella_SGB8255","Granulicatella_SGB8255","T0","ALT",0.0188448099922236,0.221915393646871,FALSE,"+"
"Roseburia_sp_AF02_12","Roseburia_sp_AF02_12","T0","ALT",0.0468862304325071,0.0892871270635351,FALSE,"+"
"Granulicatella_adiacens","Granulicatella_adiacens","T0","ALT",-0.226483276876076,0.080390356020399,FALSE,"-"
"Blautia_SGB4793","Blautia_SGB4793","T0","ALT",-0.167238536383412,0.0944523204127512,FALSE,"-"
"Actinomyces_naeslundii","Actinomyces_naeslundii","T0","ALT",0.197494352122822,0.0013312292684242,TRUE,"+"
"Gemella_haemolysans","Gemella_haemolysans","T0","ALT",NA,1,FALSE,NA
"Clostridium_paraputrificum","Clostridium_paraputrificum","T0","ALT",-0.0921306430181051,0.14430088400461,FALSE,"-"
"Rothia_mucilaginosa","Rothia_mucilaginosa","T0","ALT",0.0192361238931464,0.153222233971246,FALSE,"+"
"Streptococcus_vestibularis","Streptococcus_vestibularis","T0","ALT",0.0382470475963538,0.0892871270635351,FALSE,"+"
"Enterocloster_bolteae","Enterocloster_bolteae","T0","ALT",-0.0039621659699493,1,FALSE,"-"
"Lachnospira_pectinoschiza","Lachnospira_pectinoschiza","T0","ALT",0.0508464613380451,0.0330864697472752,TRUE,"+"
"Streptococcus_infantis","Streptococcus_infantis","T0","ALT",NA,1,FALSE,NA
"Butyricicoccus_SGB14985","Butyricicoccus_SGB14985","T0","ALT",0.0220059047916763,0.374375389473902,FALSE,"+"
"Enterococcus_faecalis","Enterococcus_faecalis","T0","ALT",0.00652406627762968,0.869131997498433,FALSE,"+"
"Veillonella_atypica","Veillonella_atypica","T0","ALT",0.0471385511669047,0.102267164272281,FALSE,"+"
"Dorea_longicatena","Dorea_longicatena","T0","ALT",0.0247994039136784,0.0892871270635351,FALSE,"+"
"Bifidobacterium_bifidum","Bifidobacterium_bifidum","T0","ALT",-0.0471717919857141,0.0151690648164014,TRUE,"-"
"Blautia_wexlerae","Blautia_wexlerae","T0","ALT",0.00288625831384059,1,FALSE,"+"
"Bifidobacterium_longum","Bifidobacterium_longum","T0","ALT",-0.002282983990362,1,FALSE,"-"
"Bifidobacterium_pseudocatenulatum","Bifidobacterium_pseudocatenulatum","T0","ALT",0.19426454529096,0.00270914217099406,TRUE,"+"
"Anaerobutyricum_soehngenii","Anaerobutyricum_soehngenii","T0","ALT",0.0142447153099262,0.256854005498329,FALSE,"+"
"Streptococcus_mutans","Streptococcus_mutans","T0","ALT",-0.00292826052900882,1,FALSE,"-"
"Anaerobutyricum_hallii","Anaerobutyricum_hallii","T0","ALT",-0.0159332563700768,0.356565176452346,FALSE,"-"
"Veillonella_parvula","Veillonella_parvula","T0","ALT",0.0165956301259855,0.585773115491463,FALSE,"+"
"Coprococcus_catus","Coprococcus_catus","T0","ALT",-0.00166776789705038,1,FALSE,"-"
"Dorea_formicigenerans","Dorea_formicigenerans","T0","ALT",0.024017326410146,0.196201185840952,FALSE,"+"
"Megasphaera_micronuciformis","Megasphaera_micronuciformis","T0","ALT",0.074024318534142,0.165341218844874,FALSE,"+"
"Blautia_faecis","Blautia_faecis","T0","ALT",-0.00308162752738473,1,FALSE,"-"
"Blautia_caecimuris","Blautia_caecimuris","T0","ALT",0.0342399016761113,0.0301814142376011,TRUE,"+"
"GGB3550_SGB4746","GGB3550_SGB4746","T0","ALT",0.103544882660037,0.120292846640364,FALSE,"+"
"GGB3653_SGB4964","GGB3653_SGB4964","T0","ALT",0.087377424340699,0.080390356020399,FALSE,"+"
"Phocaeicola_vulgatus","Phocaeicola_vulgatus","T0","ALT",0.0368481200575462,0.03753635362992,TRUE,"+"
"Streptococcus_gordonii","Streptococcus_gordonii","T0","ALT",-0.0272337079180243,0.111298269149188,FALSE,"-"
"Intestinibacter_bartlettii","Intestinibacter_bartlettii","T0","ALT",0.00690821651805625,0.922520373507149,FALSE,"+"
"Oscillospiraceae_bacterium_CLA_AA_H250","Oscillospiraceae_bacterium_CLA_AA_H250","T0","ALT",-0.0139435023238671,0.28261717337052,FALSE,"-"
"Tyzzerella_nexilis","Tyzzerella_nexilis","T0","ALT",-0.0186861151527058,0.299357524417566,FALSE,"-"
"Dialister_pneumosintes","Dialister_pneumosintes","T0","ALT",0.0271589109197394,1,FALSE,"+"
"Veillonella_rogosae","Veillonella_rogosae","T0","ALT",-0.0260479245806952,0.399348435015351,FALSE,"-"
"Rothia_SGB49305","Rothia_SGB49305","T0","ALT",0.0253454251739877,0.0470550164845445,TRUE,"+"
"Streptococcus_oralis","Streptococcus_oralis","T0","ALT",0.0217314524270921,0.14430088400461,FALSE,"+"
"Streptococcus_intermedius","Streptococcus_intermedius","T0","ALT",-0.0484057413001155,0.0364440596338749,TRUE,"-"
"Gemella_morbillorum","Gemella_morbillorum","T0","ALT",0.357177338489694,1,FALSE,"+"
"Fusobacterium_nucleatum","Fusobacterium_nucleatum","T0","ALT",-0.014772096528172,0.488871960466393,FALSE,"-"
"Streptococcus_anginosus","Streptococcus_anginosus","T0","ALT",-0.0080198315883359,0.719141907852793,FALSE,"-"
"Corynebacterium_durum","Corynebacterium_durum","T0","ALT",0.0433487086725099,0.100701518052658,FALSE,"+"
"Eubacterium_rectale","Eubacterium_rectale","T0","ALT",0.0228212625723361,0.24317600025347,FALSE,"+"
"Lacticaseibacillus_rhamnosus","Lacticaseibacillus_rhamnosus","T0","ALT",-0.043559256889807,0.0175808713321702,TRUE,"-"
"Coprococcus_comes","Coprococcus_comes","T0","ALT",0.0142749693073973,0.381800301697191,FALSE,"+"
"Faecalibacterium_prausnitzii","Faecalibacterium_prausnitzii","T0","ALT",0.0149290612209706,0.368392361033253,FALSE,"+"
"Latilactobacillus_sakei","Latilactobacillus_sakei","T0","ALT",-0.0496796575879896,0.0151690648164014,TRUE,"-"
"GGB51647_SGB4348","GGB51647_SGB4348","T0","ALT",0.0376561432023547,0.0300357837083941,TRUE,"+"
"Actinomyces_johnsonii","Actinomyces_johnsonii","T0","ALT",-0.0189905342029322,0.282561203063959,FALSE,"-"
"Ruminococcus_lactaris","Ruminococcus_lactaris","T0","ALT",-0.0511411983465795,1,FALSE,"-"
"Mediterraneibacter_glycyrrhizinilyticus","Mediterraneibacter_glycyrrhizinilyticus","T0","ALT",-0.0383420543768924,0.0189803011680663,TRUE,"-"
"Phocaeicola_dorei","Phocaeicola_dorei","T0","ALT",0.0047556466942838,0.974618819884804,FALSE,"+"
"Ligilactobacillus_saerimneri","Ligilactobacillus_saerimneri","T0","ALT",-0.0166491300106147,0.47271788130929,FALSE,"-"
"Actinomyces_massiliensis","Actinomyces_massiliensis","T0","ALT",0.105591856944492,0.0304717432603559,TRUE,"+"
"Bifidobacterium_animalis","Bifidobacterium_animalis","T0","ALT",0.147480956943718,0.0013312292684242,TRUE,"+"
"Blautia_SGB59878","Blautia_SGB59878","T0","ALT",0.0985970571697875,1,FALSE,"+"
"Lactococcus_lactis","Lactococcus_lactis","T0","ALT",0.010901554218364,0.531432087604846,FALSE,"+"
"Bacteroides_uniformis","Bacteroides_uniformis","T0","ALT",-0.000764318589233983,1,FALSE,"-"
"Parabacteroides_merdae","Parabacteroides_merdae","T0","ALT",0.00386850813090357,1,FALSE,"+"
"Parabacteroides_distasonis","Parabacteroides_distasonis","T0","ALT",-0.00770153569383213,0.716297084770209,FALSE,"-"
"Gemmiger_formicilis","Gemmiger_formicilis","T0","ALT",0.0422746167544965,0.0364440596338749,TRUE,"+"
"Anaerostipes_caccae","Anaerostipes_caccae","T0","ALT",0.0257406951122837,0.0944523204127512,FALSE,"+"
"Bifidobacterium_breve","Bifidobacterium_breve","T0","ALT",0.556819866644277,0.00395922958635544,TRUE,"+"
"Acidaminococcus_intestini","Acidaminococcus_intestini","T0","ALT",0.0364208175093693,0.108551127049794,FALSE,"+"
"Dialister_invisus","Dialister_invisus","T0","ALT",0.0544634142341686,0.010264607305701,TRUE,"+"
"Parasutterella_SGB9260","Parasutterella_SGB9260","T0","ALT",0.0446198263138438,1,FALSE,"+"
"Ruminococcus_bromii","Ruminococcus_bromii","T0","ALT",-0.00439692677927033,1,FALSE,"-"
"Mediterraneibacter_faecis","Mediterraneibacter_faecis","T0","ALT",0.0207215734547595,0.300242087478247,FALSE,"+"
"Faecalicatena_fissicatena","Faecalicatena_fissicatena","T0","ALT",0.0377876480248382,0.108510647921073,FALSE,"+"
"Blautia_obeum","Blautia_obeum","T0","ALT",-0.0242176460978201,0.149665874389936,FALSE,"-"
"Collinsella_aerofaciens","Collinsella_aerofaciens","T0","ALT",-0.0177263925281534,0.418068830813829,FALSE,"-"
"Eubacterium_ramulus","Eubacterium_ramulus","T0","ALT",0.00403699069925883,0.892223274039041,FALSE,"+"
"Roseburia_lenta","Roseburia_lenta","T0","ALT",0.174251664146104,1,FALSE,"+"
"Solobacterium_SGB6829","Solobacterium_SGB6829","T0","ALT",-0.0379462961501138,0.023144001616835,TRUE,"-"
"Peptostreptococcus_SGB749","Peptostreptococcus_SGB749","T0","ALT",-0.86623689004577,1,FALSE,"-"
"Eubacterium_sulci","Eubacterium_sulci","T0","ALT",0.0186763523142736,0.218900457665276,FALSE,"+"
"Limosilactobacillus_mucosae","Limosilactobacillus_mucosae","T0","ALT",-0.239811122471957,1,FALSE,"-"
"Candidatus_Cibionibacter_quicibialis","Candidatus_Cibionibacter_quicibialis","T0","ALT",0.0207872541196168,0.193277810541923,FALSE,"+"
"Pediococcus_acidilactici","Pediococcus_acidilactici","T0","ALT",0.30041883564131,1,FALSE,"+"
"Drancourtella_massiliensis","Drancourtella_massiliensis","T0","ALT",0.138690654372045,1,FALSE,"+"
"Anaeromassilibacillus_senegalensis","Anaeromassilibacillus_senegalensis","T0","ALT",0.0711125762800103,0.0102725687114677,TRUE,"+"
"Gordonibacter_urolithinfaciens","Gordonibacter_urolithinfaciens","T0","ALT",-0.0142816056021613,0.262915845943285,FALSE,"-"
"Schaalia_meyeri","Schaalia_meyeri","T0","ALT",-0.00701210914805586,0.716297084770209,FALSE,"-"
"Faecalicatena_contorta","Faecalicatena_contorta","T0","ALT",-0.0112313171196437,0.356565176452346,FALSE,"-"
"Massilioclostridium_coli","Massilioclostridium_coli","T0","ALT",-0.00339581387847919,0.974618819884804,FALSE,"-"
"Clostridiales_bacterium_KLE1615","Clostridiales_bacterium_KLE1615","T0","ALT",-0.00703383201379952,0.614102416087209,FALSE,"-"
"Merdimonas_faecis","Merdimonas_faecis","T0","ALT",0.791829626107107,1,FALSE,"+"
"Clostridia_bacterium_UC5_1_1D1","Clostridia_bacterium_UC5_1_1D1","T0","ALT",-0.0305364077156718,0.0151690648164014,TRUE,"-"
"Clostridioides_difficile","Clostridioides_difficile","T0","ALT",-0.0577040461011835,0.0267667780209849,TRUE,"-"
"Lactiplantibacillus_plantarum","Lactiplantibacillus_plantarum","T0","ALT",NA,1,FALSE,NA
"Clostridiaceae_bacterium","Clostridiaceae_bacterium","T0","ALT",0.0303834903209987,0.0725338031978569,FALSE,"+"
"Blautia_glucerasea","Blautia_glucerasea","T0","ALT",0.00367359608667847,1,FALSE,"+"
"Schaalia_SGB17168","Schaalia_SGB17168","T0","ALT",0.0288079042296833,0.100701518052658,FALSE,"+"
"TM7_phylum_sp_oral_taxon_352","TM7_phylum_sp_oral_taxon_352","T0","ALT",-0.0064163826660508,0.743384554186345,FALSE,"-"
"GGB3256_SGB4303","GGB3256_SGB4303","T0","ALT",0.275718339179588,1,FALSE,"+"
"Dorea_sp_AF36_15AT","Dorea_sp_AF36_15AT","T0","ALT",0.0168392226245602,0.182946692435914,FALSE,"+"
"Clostridiaceae_bacterium_Marseille_Q3526","Clostridiaceae_bacterium_Marseille_Q3526","T0","ALT",-0.00010676947942512,1,FALSE,"-"
"Clostridium_SGB6179","Clostridium_SGB6179","T0","ALT",-0.135870779521014,0.100701518052658,FALSE,"-"
"GGB9512_SGB14909","GGB9512_SGB14909","T0","ALT",0.138532926938853,1,FALSE,"+"
"Clostridium_sp_AT4","Clostridium_sp_AT4","T0","ALT",0.0291783446193703,0.0771816519121135,FALSE,"+"
"Clostridium_SGB4750","Clostridium_SGB4750","T0","ALT",-0.0397762871467596,1,FALSE,"-"
"Actinomyces_gerencseriae","Actinomyces_gerencseriae","T0","ALT",0.0443601098162098,0.221915393646871,FALSE,"+"
"Phascolarctobacterium_faecium","Phascolarctobacterium_faecium","T0","ALT",-0.0294209621688688,0.168390283454559,FALSE,"-"
"Sutterella_wadsworthensis","Sutterella_wadsworthensis","T0","ALT",-0.0121775905210165,1,FALSE,"-"
"Fusicatenibacter_sp_CLA_AA_H277","Fusicatenibacter_sp_CLA_AA_H277","T0","ALT",0.0976695384211284,1,FALSE,"+"
"Lachnospiraceae_bacterium","Lachnospiraceae_bacterium","T0","ALT",0.149174766345088,0.0198647967904063,TRUE,"+"
"Leuconostoc_carnosum","Leuconostoc_carnosum","T0","ALT",-0.212397602491499,1,FALSE,"-"
"Eubacterium_ventriosum","Eubacterium_ventriosum","T0","ALT",-0.145874492836826,0.100701518052658,FALSE,"-"
"GGB3819_SGB5184","GGB3819_SGB5184","T0","ALT",-0.053305888480484,0.0944523204127512,FALSE,"-"
"Pseudoflavonifractor_phocaeensis","Pseudoflavonifractor_phocaeensis","T0","ALT",0.136740890396631,0.100701518052658,FALSE,"+"
"Bacteroides_caccae","Bacteroides_caccae","T0","ALT",-0.00276300032359364,1,FALSE,"-"
"Alistipes_onderdonkii","Alistipes_onderdonkii","T0","ALT",0.036991070754773,0.0283135208161428,TRUE,"+"
"Bacteroides_thetaiotaomicron","Bacteroides_thetaiotaomicron","T0","ALT",-0.00491257017083882,0.819827953204249,FALSE,"-"
"GGB3433_SGB4573","GGB3433_SGB4573","T0","ALT",-0.0397054361837359,0.115283842126607,FALSE,"-"
"Klebsiella_pneumoniae","Klebsiella_pneumoniae","T0","ALT",0.0717444048064248,0.170654469993744,FALSE,"+"
"Blautia_SGB4815","Blautia_SGB4815","T0","ALT",0.00495735025692639,0.872589186841667,FALSE,"+"
"Faecalibacillus_intestinalis","Faecalibacillus_intestinalis","T0","ALT",0.0282217559400231,0.100701518052658,FALSE,"+"
"Lentihominibacter_faecis","Lentihominibacter_faecis","T0","ALT",0.0301212329353641,0.0892871270635351,FALSE,"+"
"Roseburia_intestinalis","Roseburia_intestinalis","T0","ALT",-0.0938046227188809,0.00221760811674911,TRUE,"-"
"Clostridium_sp_AM49_4BH","Clostridium_sp_AM49_4BH","T0","ALT",-0.103053693380517,1,FALSE,"-"
"Roseburia_inulinivorans","Roseburia_inulinivorans","T0","ALT",0.000726729346064373,1,FALSE,"+"
"Ruminococcus_bicirculans","Ruminococcus_bicirculans","T0","ALT",-0.0501167035368862,0.0470550164845445,TRUE,"-"
"Faecalibacterium_SGB15346","Faecalibacterium_SGB15346","T0","ALT",0.0209120981693624,0.390437971501184,FALSE,"+"
"Roseburia_hominis","Roseburia_hominis","T0","ALT",0.00723637165081364,0.79968335869269,FALSE,"+"
"Lachnospiraceae_bacterium_CLA_AA_H244","Lachnospiraceae_bacterium_CLA_AA_H244","T0","ALT",0.000449826716626719,1,FALSE,"+"
"Bacteroides_ovatus","Bacteroides_ovatus","T0","ALT",-0.00670721704945974,0.836164611714799,FALSE,"-"
"Wansuia_hejianensis","Wansuia_hejianensis","T0","ALT",0.00883480948733832,0.507670724598818,FALSE,"+"
"Clostridium_fessum","Clostridium_fessum","T0","ALT",-0.0323772913323336,0.0541888565949819,FALSE,"-"
"GGB3109_SGB4121","GGB3109_SGB4121","T0","ALT",-0.00297632346438832,1,FALSE,"-"
"Clostridium_leptum","Clostridium_leptum","T0","ALT",-0.0917924502912328,0.0122151648289655,TRUE,"-"
"GGB9359_SGB14334","GGB9359_SGB14334","T0","ALT",-0.0525198067716228,1,FALSE,"-"
"Gordonibacter_pamelaeae","Gordonibacter_pamelaeae","T0","ALT",-0.0102340351068622,0.643222297507548,FALSE,"-"
"Zhenpiania_hominis","Zhenpiania_hominis","T0","ALT",-0.193728259418821,0.0151690648164014,TRUE,"-"
"Alistipes_dispar","Alistipes_dispar","T0","ALT",-0.368822328321253,0.00651988037319481,TRUE,"-"
"Brotolimicola_acetigignens","Brotolimicola_acetigignens","T0","ALT",-0.170886362600155,1,FALSE,"-"
"Hydrogeniiclostridium_mannosilyticum","Hydrogeniiclostridium_mannosilyticum","T0","ALT",0.141318408896917,0.00651988037319481,TRUE,"+"
"Lacrimispora_amygdalina","Lacrimispora_amygdalina","T0","ALT",-0.0189157522552248,0.256780601508092,FALSE,"-"
"Dysosmobacter_welbionis","Dysosmobacter_welbionis","T0","ALT",-0.0790612940340971,0.00221760811674911,TRUE,"-"
"Massilimicrobiota_timonensis","Massilimicrobiota_timonensis","T0","ALT",0.178171503708636,0.0980234668734095,FALSE,"+"
"Intestinimonas_massiliensis","Intestinimonas_massiliensis","T0","ALT",0.169648168954009,0.0939960341676176,FALSE,"+"
"Alistipes_putredinis","Alistipes_putredinis","T0","ALT",-0.0039978051040317,0.974618819884804,FALSE,"-"
"Bittarella_massiliensis","Bittarella_massiliensis","T0","ALT",0.210020410639795,0.013421344314562,TRUE,"+"
"Rubneribacter_badeniensis","Rubneribacter_badeniensis","T0","ALT",-0.0999239404791377,1,FALSE,"-"
"Clostridium_methylpentosum","Clostridium_methylpentosum","T0","ALT",0.0967851048217752,0.031365098524595,TRUE,"+"
"GGB9715_SGB15265","GGB9715_SGB15265","T0","ALT",-0.172680772502644,0.0013312292684242,TRUE,"-"
"Enterocloster_citroniae","Enterocloster_citroniae","T0","ALT",0.186766442905398,0.0013312292684242,TRUE,"+"
"GGB9730_SGB15291","GGB9730_SGB15291","T0","ALT",NA,1,FALSE,NA
"Akkermansia_muciniphila","Akkermansia_muciniphila","T0","ALT",0.0235155052459003,0.256854005498329,FALSE,"+"
"Mediterraneibacter_butyricigenes","Mediterraneibacter_butyricigenes","T0","ALT",0.0142754114430739,0.262411175455989,FALSE,"+"
"Alistipes_communis","Alistipes_communis","T0","ALT",-0.204231088983347,0.0887758900435006,FALSE,"-"
"Vescimonas_coprocola","Vescimonas_coprocola","T0","ALT",0.0952407582132249,0.00270914217099406,TRUE,"+"
"Eisenbergiella_tayi","Eisenbergiella_tayi","T0","ALT",-0.0127910611866153,0.31625977985306,FALSE,"-"
"Oscillospiraceae_bacterium_Marseille_Q3528","Oscillospiraceae_bacterium_Marseille_Q3528","T0","ALT",0.001839467563047,1,FALSE,"+"
"Clostridium_sp_AM29_11AC","Clostridium_sp_AM29_11AC","T0","ALT",NA,1,FALSE,NA
"Clostridium_sp_C5_48","Clostridium_sp_C5_48","T0","ALT",-1.05467883836505,0.0279089470032066,TRUE,"-"
"Escherichia_marmotae","Escherichia_marmotae","T0","ALT",0.0326448736104594,0.0944523204127512,FALSE,"+"
"Bilophila_wadsworthia","Bilophila_wadsworthia","T0","ALT",0.0486103746972913,0.0102725687114677,TRUE,"+"
"Eubacterium_brachy","Eubacterium_brachy","T0","ALT",0.040206173306896,0.100701518052658,FALSE,"+"
"Prevotella_bivia","Prevotella_bivia","T0","ALT",-0.032213747924076,1,FALSE,"-"
"Bifidobacterium_adolescentis","Bifidobacterium_adolescentis","T0","ALT",-0.0389982228815904,0.120248887212853,FALSE,"-"
"Evtepia_gabavorous","Evtepia_gabavorous","T0","ALT",0.0607995175954628,0.0153121477913171,TRUE,"+"
"Blautia_hydrogenotrophica","Blautia_hydrogenotrophica","T0","ALT",0.015638720303908,0.479362879498425,FALSE,"+"
"Bacteroides_faecis","Bacteroides_faecis","T0","ALT",-0.22297412335636,1,FALSE,"-"
"Bacteroides_stercoris","Bacteroides_stercoris","T0","ALT",-0.0672267089275693,0.168390283454559,FALSE,"-"
"Enterocloster_hominis","Enterocloster_hominis","T0","ALT",0.000592721817912675,1,FALSE,"+"
"Firmicutes_bacterium","Firmicutes_bacterium","T0","ALT",NA,1,FALSE,NA
"Slackia_isoflavoniconvertens","Slackia_isoflavoniconvertens","T0","ALT",0.0281502390078791,0.336539568388841,FALSE,"+"
"Faecalibacterium_sp_CLA_AA_H233","Faecalibacterium_sp_CLA_AA_H233","T0","ALT",0.0733734821661014,0.0470550164845445,TRUE,"+"
"GGB3730_SGB5060","GGB3730_SGB5060","T0","ALT",0.0337153404791031,1,FALSE,"+"
"GGB3600_SGB4859","GGB3600_SGB4859","T0","ALT",0.00642724898731687,0.81244776209211,FALSE,"+"
"Neobittarella_massiliensis","Neobittarella_massiliensis","T0","ALT",0.0220543370831777,0.196201185840952,FALSE,"+"
"Eubacterium_siraeum","Eubacterium_siraeum","T0","ALT",-1.0307923525344,1,FALSE,"-"
"GGB3444_SGB4594","GGB3444_SGB4594","T0","ALT",NA,1,FALSE,NA
"Lacticaseibacillus_paracasei","Lacticaseibacillus_paracasei","T0","ALT",0.0399946472032333,0.023144001616835,TRUE,"+"
"GGB9719_SGB15272","GGB9719_SGB15272","T0","ALT",NA,1,FALSE,NA
"Christensenella_hongkongensis","Christensenella_hongkongensis","T0","ALT",0.178316847449324,1,FALSE,"+"
"Odoribacter_splanchnicus","Odoribacter_splanchnicus","T0","ALT",-0.00521064584354757,0.818635174395744,FALSE,"-"
"Limosilactobacillus_reuteri","Limosilactobacillus_reuteri","T0","ALT",0.206420314733685,0.0892871270635351,FALSE,"+"
"Anaerotruncus_colihominis","Anaerotruncus_colihominis","T0","ALT",0.170586536395483,0.0162423199949952,TRUE,"+"
"Clostridiales_bacterium","Clostridiales_bacterium","T0","ALT",0.235585953765597,1,FALSE,"+"
"Lachnoclostridium_pacaense","Lachnoclostridium_pacaense","T0","ALT",0.031674828965773,1,FALSE,"+"
"Lactonifactor_longoviformis","Lactonifactor_longoviformis","T0","ALT",-0.153450532635674,1,FALSE,"-"
"GGB9534_SGB14937","GGB9534_SGB14937","T0","ALT",-1.8782495941102,1,FALSE,"-"
"Parasutterella_excrementihominis","Parasutterella_excrementihominis","T0","ALT",-0.0430361789719681,0.100701518052658,FALSE,"-"
"GGB3511_SGB4688","GGB3511_SGB4688","T0","ALT",-0.0255641639442473,0.0892871270635351,FALSE,"-"
"Enterococcus_avium","Enterococcus_avium","T0","ALT",-0.0558761165188504,0.219628694175589,FALSE,"-"
"Coprobacillus_cateniformis","Coprobacillus_cateniformis","T0","ALT",0.344433477978046,1,FALSE,"+"
"Lawsonella_SGB3665","Lawsonella_SGB3665","T0","ALT",0.000207898578750028,1,FALSE,"+"
"Faecalibacillus_faecis","Faecalibacillus_faecis","T0","ALT",3.55040491959061,1,FALSE,"+"
"Eubacterium_sp_c_25","Eubacterium_sp_c_25","T0","ALT",1.55103592268139,1,FALSE,"+"
"Anaerococcus_obesiensis","Anaerococcus_obesiensis","T0","ALT",0.0347675961577371,0.262915845943285,FALSE,"+"
"Streptococcus_mitis","Streptococcus_mitis","T12","ALT",-0.00647229841589217,0.0225450568446568,TRUE,"-"
"Streptococcus_sanguinis","Streptococcus_sanguinis","T12","ALT",0.00151605324314806,0.496600368130574,FALSE,"+"
"Actinomyces_sp_ICM47","Actinomyces_sp_ICM47","T12","ALT",0.00592761199531272,0.139892710352522,FALSE,"+"
"Enterocloster_clostridioformis","Enterocloster_clostridioformis","T12","ALT",-0.00147028294487286,0.759832146755747,FALSE,"-"
"Ruminococcus_gnavus","Ruminococcus_gnavus","T12","ALT",0.00492508347821392,0.143564546794262,FALSE,"+"
"Longicatena_caecimuris","Longicatena_caecimuris","T12","ALT",0.0133249189086449,0.00632162801385001,TRUE,"+"
"Clostridium_symbiosum","Clostridium_symbiosum","T12","ALT",-0.0251307319436096,0.00177222286769516,TRUE,"-"
"Streptococcus_thermophilus","Streptococcus_thermophilus","T12","ALT",0.00315102874829038,0.592069063325895,FALSE,"+"
"Eggerthella_lenta","Eggerthella_lenta","T12","ALT",-0.0126225329061746,0.003032863518687,TRUE,"-"
"Erysipelatoclostridium_ramosum","Erysipelatoclostridium_ramosum","T12","ALT",-0.000146028578150659,1,FALSE,"-"
"Ruminococcus_torques","Ruminococcus_torques","T12","ALT",0.00298432310779728,0.334206919225671,FALSE,"+"
"Hungatella_hathewayi","Hungatella_hathewayi","T12","ALT",-0.0515197647504895,2.62316659840929e-05,TRUE,"-"
"Flavonifractor_plautii","Flavonifractor_plautii","T12","ALT",-0.00870163414300422,0.0106211492209634,TRUE,"-"
"Faecalimonas_umbilicata","Faecalimonas_umbilicata","T12","ALT",0.00690547085192073,0.0142590961301437,TRUE,"+"
"Blautia_hansenii","Blautia_hansenii","T12","ALT",-0.00515406928997238,0.141846136917061,FALSE,"-"
"Enterocloster_aldenensis","Enterocloster_aldenensis","T12","ALT",0.0924018163591421,4.13189457460637e-05,TRUE,"+"
"Oliverpabstia_intestinalis","Oliverpabstia_intestinalis","T12","ALT",0.029684236300872,4.55133581022451e-06,TRUE,"+"
"Sellimonas_intestinalis","Sellimonas_intestinalis","T12","ALT",-0.00893931100934894,0.00524809184085389,TRUE,"-"
"Schaalia_odontolytica","Schaalia_odontolytica","T12","ALT",-0.0136648801987595,0.00743773588137537,TRUE,"-"
"Blautia_producta","Blautia_producta","T12","ALT",-0.000299083035438221,1,FALSE,"-"
"Streptococcus_salivarius","Streptococcus_salivarius","T12","ALT",-0.023074550886833,2.61376305128292e-05,TRUE,"-"
"Clostridium_spiroforme","Clostridium_spiroforme","T12","ALT",0.0347089843159144,0.0001409950675045,TRUE,"+"
"GGB3433_SGB4574","GGB3433_SGB4574","T12","ALT",-0.0671112307944953,1,FALSE,"-"
"Clostridium_scindens","Clostridium_scindens","T12","ALT",0.0112559578669606,0.0135524280311728,TRUE,"+"
"Fusicatenibacter_saccharivorans","Fusicatenibacter_saccharivorans","T12","ALT",-0.00454626830011354,0.114616825527687,FALSE,"-"
"Clostridia_bacterium","Clostridia_bacterium","T12","ALT",-0.124801068350451,1,FALSE,"-"
"Clostridium_innocuum","Clostridium_innocuum","T12","ALT",-0.0168631017755221,0.0091741454697681,TRUE,"-"
"Anaerostipes_hadrus","Anaerostipes_hadrus","T12","ALT",-0.00368007326981326,0.491345909293701,FALSE,"-"
"Gemella_sanguinis","Gemella_sanguinis","T12","ALT",-0.0751612136276807,2.2037818267913e-08,TRUE,"-"
"Streptococcus_australis","Streptococcus_australis","T12","ALT",-0.0231364738992732,1.11568588750301e-06,TRUE,"-"
"Agathobaculum_butyriciproducens","Agathobaculum_butyriciproducens","T12","ALT",-0.0202398406736566,6.5561046010676e-06,TRUE,"-"
"Schaalia_SGB17157","Schaalia_SGB17157","T12","ALT",0.0356825513302947,2.15344420611855e-05,TRUE,"+"
"Turicibacter_bilis","Turicibacter_bilis","T12","ALT",-0.0182227660218048,0.000416467811824271,TRUE,"-"
"Alistipes_finegoldii","Alistipes_finegoldii","T12","ALT",-0.099451141217947,3.71063605497442e-05,TRUE,"-"
"Actinomyces_sp_ph3","Actinomyces_sp_ph3","T12","ALT",-0.00267628287006676,1,FALSE,"-"
"Veillonella_dispar","Veillonella_dispar","T12","ALT",-0.0849174590429303,2.56374636511262e-11,TRUE,"-"
"Ruthenibacterium_lactatiformans","Ruthenibacterium_lactatiformans","T12","ALT",0.00176244560135188,0.525443012827509,FALSE,"+"
"Roseburia_faecis","Roseburia_faecis","T12","ALT",-0.00933633535648491,0.000489599221663278,TRUE,"-"
"Actinomyces_oris","Actinomyces_oris","T12","ALT",0.0111574571240554,0.0015473002876887,TRUE,"+"
"Bacteroides_fragilis","Bacteroides_fragilis","T12","ALT",-0.0340249693637023,0.000563301063698363,TRUE,"-"
"Romboutsia_timonensis","Romboutsia_timonensis","T12","ALT",-0.015845477340755,0.000437454813852528,TRUE,"-"
"Clostridiaceae_bacterium_AF18_31LB","Clostridiaceae_bacterium_AF18_31LB","T12","ALT",0.0898622366592509,1,FALSE,"+"
"Blautia_massiliensis","Blautia_massiliensis","T12","ALT",-0.000461304743029722,1,FALSE,"-"
"Streptococcus_parasanguinis","Streptococcus_parasanguinis","T12","ALT",0.0103763341551473,0.0238169526159968,TRUE,"+"
"Mogibacterium_diversum","Mogibacterium_diversum","T12","ALT",-0.00152274875873008,0.728024113847642,FALSE,"-"
"Escherichia_coli","Escherichia_coli","T12","ALT",-0.00653412187834317,0.207178245181926,FALSE,"-"
"Enterococcus_faecium","Enterococcus_faecium","T12","ALT",-0.00854231887633476,0.0142590961301437,TRUE,"-"
"Schaalia_SGB17158","Schaalia_SGB17158","T12","ALT",0.019031460598098,1,FALSE,"+"
"Clostridium_saudiense","Clostridium_saudiense","T12","ALT",7.11538614888187e-05,1,FALSE,"+"
"Streptococcus_rubneri","Streptococcus_rubneri","T12","ALT",0.0215774224793397,1,FALSE,"+"
"Clostridium_SGB6173","Clostridium_SGB6173","T12","ALT",-0.0396462838704011,5.33973824358749e-05,TRUE,"-"
"Bacteroides_xylanisolvens","Bacteroides_xylanisolvens","T12","ALT",-0.0257759621963828,0.000132801402245817,TRUE,"-"
"Clostridium_perfringens","Clostridium_perfringens","T12","ALT",0.044337377857666,3.51859530910584e-06,TRUE,"+"
"Scardovia_wiggsiae","Scardovia_wiggsiae","T12","ALT",0.00794721554930479,0.182467576915846,FALSE,"+"
"Granulicatella_SGB8255","Granulicatella_SGB8255","T12","ALT",-0.061775375676689,7.45244586162803e-08,TRUE,"-"
"Roseburia_sp_AF02_12","Roseburia_sp_AF02_12","T12","ALT",-0.111173262134137,0.000517716730939656,TRUE,"-"
"Actinomyces_naeslundii","Actinomyces_naeslundii","T12","ALT",-0.0495267157395376,0.00267240405551417,TRUE,"-"
"Clostridium_disporicum","Clostridium_disporicum","T12","ALT",-0.0865781459962544,1,FALSE,"-"
"Rothia_mucilaginosa","Rothia_mucilaginosa","T12","ALT",0.00124731344967711,0.740384672130878,FALSE,"+"
"Streptococcus_vestibularis","Streptococcus_vestibularis","T12","ALT",-0.00419007813130497,0.161949098212053,FALSE,"-"
"Enterocloster_bolteae","Enterocloster_bolteae","T12","ALT",-0.059005785572158,6.68787516710998e-08,TRUE,"-"
"Lachnospira_pectinoschiza","Lachnospira_pectinoschiza","T12","ALT",0.0253790932584134,1,FALSE,"+"
"Enterococcus_faecalis","Enterococcus_faecalis","T12","ALT",0.00923201707610196,0.0142590961301437,TRUE,"+"
"Veillonella_atypica","Veillonella_atypica","T12","ALT",-0.017824832224725,4.13731047424077e-05,TRUE,"-"
"Dorea_longicatena","Dorea_longicatena","T12","ALT",-0.000339167144683671,1,FALSE,"-"
"Bifidobacterium_bifidum","Bifidobacterium_bifidum","T12","ALT",0.042861243558903,2.02755450061702e-08,TRUE,"+"
"Blautia_wexlerae","Blautia_wexlerae","T12","ALT",-0.00207750428655304,0.641501096395936,FALSE,"-"
"Bifidobacterium_longum","Bifidobacterium_longum","T12","ALT",-0.0376193561062356,8.407366888047e-10,TRUE,"-"
"Bifidobacterium_pseudocatenulatum","Bifidobacterium_pseudocatenulatum","T12","ALT",0.0427238891839504,3.41155808196208e-09,TRUE,"+"
"Anaerobutyricum_soehngenii","Anaerobutyricum_soehngenii","T12","ALT",0.0118304798783879,0.000517716730939656,TRUE,"+"
"Streptococcus_mutans","Streptococcus_mutans","T12","ALT",0.00562967742525728,0.0856274272606706,FALSE,"+"
"Anaerobutyricum_hallii","Anaerobutyricum_hallii","T12","ALT",-0.0140666487182772,8.85441078514767e-05,TRUE,"-"
"Ruminococcus_sp_AF41_9","Ruminococcus_sp_AF41_9","T12","ALT",0.0230419271119256,0.000259217183354789,TRUE,"+"
"Veillonella_parvula","Veillonella_parvula","T12","ALT",-0.0137096853015079,6.63929804782351e-05,TRUE,"-"
"Lactobacillus_gasseri","Lactobacillus_gasseri","T12","ALT",0.00439487676855372,0.181130612430678,FALSE,"+"
"Coprococcus_catus","Coprococcus_catus","T12","ALT",-0.00235747839171467,0.470031028136375,FALSE,"-"
"Blautia_stercoris","Blautia_stercoris","T12","ALT",NA,1,FALSE,NA
"Dorea_formicigenerans","Dorea_formicigenerans","T12","ALT",0.00421517531918836,0.209493842182573,FALSE,"+"
"Blautia_faecis","Blautia_faecis","T12","ALT",-0.0131200565298904,0.00129496874878502,TRUE,"-"
"Blautia_caecimuris","Blautia_caecimuris","T12","ALT",0.000408351890296,1,FALSE,"+"
"GGB3550_SGB4746","GGB3550_SGB4746","T12","ALT",0.0214498907642672,0.000629461557163992,TRUE,"+"
"GGB3653_SGB4964","GGB3653_SGB4964","T12","ALT",-0.00127080133389158,0.728024113847642,FALSE,"-"
"Phocaeicola_vulgatus","Phocaeicola_vulgatus","T12","ALT",-0.0496262135749576,1.02365953849515e-08,TRUE,"-"
"Streptococcus_gordonii","Streptococcus_gordonii","T12","ALT",-0.0202954801385486,8.38532821943827e-06,TRUE,"-"
"Intestinibacter_bartlettii","Intestinibacter_bartlettii","T12","ALT",-0.00422133252559487,0.22756107986718,FALSE,"-"
"Oscillospiraceae_bacterium_CLA_AA_H250","Oscillospiraceae_bacterium_CLA_AA_H250","T12","ALT",-0.0298018328304818,8.27511386776499e-06,TRUE,"-"
"Tyzzerella_nexilis","Tyzzerella_nexilis","T12","ALT",0.0399914554551233,0.0761589292730582,FALSE,"+"
"Dialister_pneumosintes","Dialister_pneumosintes","T12","ALT",0.0309621839065825,1,FALSE,"+"
"Limosilactobacillus_portuensis","Limosilactobacillus_portuensis","T12","ALT",0.00718165005690659,1,FALSE,"+"
"Veillonella_rogosae","Veillonella_rogosae","T12","ALT",-0.0620438422387626,7.60469694859192e-08,TRUE,"-"
"Rothia_SGB49305","Rothia_SGB49305","T12","ALT",0.024545474840835,1,FALSE,"+"
"Streptococcus_oralis","Streptococcus_oralis","T12","ALT",-0.0445080134888487,0.038794702264635,TRUE,"-"
"Streptococcus_intermedius","Streptococcus_intermedius","T12","ALT",-0.59319782204827,1,FALSE,"-"
"Streptococcus_anginosus","Streptococcus_anginosus","T12","ALT",0.00320679706602328,0.257802604543807,FALSE,"+"
"Corynebacterium_durum","Corynebacterium_durum","T12","ALT",NA,1,FALSE,NA
"Eubacterium_rectale","Eubacterium_rectale","T12","ALT",0.0149299578470501,9.82679451238529e-06,TRUE,"+"
"Lacticaseibacillus_rhamnosus","Lacticaseibacillus_rhamnosus","T12","ALT",-0.00963743344078207,0.152314746238304,FALSE,"-"
"Coprococcus_comes","Coprococcus_comes","T12","ALT",-0.0097757129945971,0.0135524280311728,TRUE,"-"
"Faecalibacterium_prausnitzii","Faecalibacterium_prausnitzii","T12","ALT",0.000245783936887029,1,FALSE,"+"
"Latilactobacillus_sakei","Latilactobacillus_sakei","T12","ALT",-0.229695570742102,0.0104647136300657,TRUE,"-"
"GGB51647_SGB4348","GGB51647_SGB4348","T12","ALT",-0.00187975818260495,0.631852680122434,FALSE,"-"
"Ruminococcus_lactaris","Ruminococcus_lactaris","T12","ALT",NA,1,FALSE,NA
"Lactococcus_cremoris","Lactococcus_cremoris","T12","ALT",0.104524303818608,1,FALSE,"+"
"Mediterraneibacter_glycyrrhizinilyticus","Mediterraneibacter_glycyrrhizinilyticus","T12","ALT",-0.00309442946317212,0.181130612430678,FALSE,"-"
"Phocaeicola_dorei","Phocaeicola_dorei","T12","ALT",0.0235646494661229,4.96329812498422e-05,TRUE,"+"
"Bifidobacterium_animalis","Bifidobacterium_animalis","T12","ALT",0.0578628822817348,0.000178239471552462,TRUE,"+"
"Lactococcus_lactis","Lactococcus_lactis","T12","ALT",-0.00927241040000202,0.0180931094466036,TRUE,"-"
"Bacteroides_uniformis","Bacteroides_uniformis","T12","ALT",0.0161559776995106,7.15769378654245e-06,TRUE,"+"
"Parabacteroides_merdae","Parabacteroides_merdae","T12","ALT",-0.0337632994918848,3.20327947846667e-05,TRUE,"-"
"Parabacteroides_distasonis","Parabacteroides_distasonis","T12","ALT",-0.0609489759818083,3.41155808196208e-09,TRUE,"-"
"Gemmiger_formicilis","Gemmiger_formicilis","T12","ALT",-0.0489817051020381,9.30494654876619e-09,TRUE,"-"
"Anaerostipes_caccae","Anaerostipes_caccae","T12","ALT",0.0111628678354654,0.0679673496381842,FALSE,"+"
"Bifidobacterium_breve","Bifidobacterium_breve","T12","ALT",-0.0771662243480689,0.00106699632164141,TRUE,"-"
"Acidaminococcus_intestini","Acidaminococcus_intestini","T12","ALT",0.144927141277722,3.71063605497442e-05,TRUE,"+"
"Dialister_invisus","Dialister_invisus","T12","ALT",-0.0274076352888959,7.39272863673835e-07,TRUE,"-"
"Parasutterella_SGB9260","Parasutterella_SGB9260","T12","ALT",-0.0814507289670289,5.4565497552147e-05,TRUE,"-"
"Ruminococcus_bromii","Ruminococcus_bromii","T12","ALT",0.0396282073877734,1.16401822637208e-07,TRUE,"+"
"Mediterraneibacter_faecis","Mediterraneibacter_faecis","T12","ALT",2.09175767980913e-07,1,FALSE,"+"
"Faecalicatena_fissicatena","Faecalicatena_fissicatena","T12","ALT",-0.0185331117417791,3.71063605497442e-05,TRUE,"-"
"Blautia_obeum","Blautia_obeum","T12","ALT",-0.011699182405845,3.53104252351728e-05,TRUE,"-"
"Collinsella_aerofaciens","Collinsella_aerofaciens","T12","ALT",-0.000760795387085737,0.963764287385133,FALSE,"-"
"Eubacterium_ramulus","Eubacterium_ramulus","T12","ALT",-0.00098069422579175,1,FALSE,"-"
"Roseburia_lenta","Roseburia_lenta","T12","ALT",0.813424596339587,0.00286551528853303,TRUE,"+"
"Candidatus_Cibionibacter_quicibialis","Candidatus_Cibionibacter_quicibialis","T12","ALT",0.0266284011221324,7.1709278395646e-07,TRUE,"+"
"Anaeromassilibacillus_senegalensis","Anaeromassilibacillus_senegalensis","T12","ALT",-0.0364484644657282,1,FALSE,"-"
"Gordonibacter_urolithinfaciens","Gordonibacter_urolithinfaciens","T12","ALT",-0.00129942529773466,0.586690258343458,FALSE,"-"
"Faecalicatena_contorta","Faecalicatena_contorta","T12","ALT",-0.0524911177276341,7.25519915283181e-06,TRUE,"-"
"Massilioclostridium_coli","Massilioclostridium_coli","T12","ALT",0.156465384531487,0.0133028268219421,TRUE,"+"
"Clostridiales_bacterium_KLE1615","Clostridiales_bacterium_KLE1615","T12","ALT",-0.0511805261480056,0.000402317123422959,TRUE,"-"
"Clostridia_bacterium_UC5_1_1D1","Clostridia_bacterium_UC5_1_1D1","T12","ALT",-0.0294600654970014,0.0679673496381842,FALSE,"-"
"Lactiplantibacillus_plantarum","Lactiplantibacillus_plantarum","T12","ALT",0.506227306042426,1,FALSE,"+"
"Enterobacter_hormaechei","Enterobacter_hormaechei","T12","ALT",-0.0284429490603379,1,FALSE,"-"
"Clostridiaceae_bacterium","Clostridiaceae_bacterium","T12","ALT",0.019786925423504,2.17633970291826e-06,TRUE,"+"
"Blautia_glucerasea","Blautia_glucerasea","T12","ALT",-0.000362314682995578,1,FALSE,"-"
"Schaalia_SGB17168","Schaalia_SGB17168","T12","ALT",-0.0224287503768433,0.000459974152347046,TRUE,"-"
"Veillonella_tobetsuensis","Veillonella_tobetsuensis","T12","ALT",0.157805481943782,1,FALSE,"+"
"GGB3256_SGB4303","GGB3256_SGB4303","T12","ALT",-0.0547511350819861,3.20327947846667e-05,TRUE,"-"
"Dorea_sp_AF36_15AT","Dorea_sp_AF36_15AT","T12","ALT",-0.0224647378536234,5.06018409462303e-07,TRUE,"-"
"Clostridiaceae_bacterium_Marseille_Q3526","Clostridiaceae_bacterium_Marseille_Q3526","T12","ALT",NA,1,FALSE,NA
"Clostridium_SGB6179","Clostridium_SGB6179","T12","ALT",0.00111696612364639,0.866059270107985,FALSE,"+"
"Blautia_luti","Blautia_luti","T12","ALT",0.319104535860335,1,FALSE,"+"
"Faecalibacillus_SGB6753","Faecalibacillus_SGB6753","T12","ALT",-0.0426772487358759,0.0453303658447929,TRUE,"-"
"Clostridium_sp_AT4","Clostridium_sp_AT4","T12","ALT",-0.109461389449781,2.2250791080729e-06,TRUE,"-"
"Clostridium_SGB4750","Clostridium_SGB4750","T12","ALT",0.0619030348147757,0.0283014933006254,TRUE,"+"
"Phascolarctobacterium_faecium","Phascolarctobacterium_faecium","T12","ALT",-0.0848335527336575,0.000978094782331894,TRUE,"-"
"Fusicatenibacter_sp_CLA_AA_H277","Fusicatenibacter_sp_CLA_AA_H277","T12","ALT",0.00851362579191264,0.0035383671272279,TRUE,"+"
"Lachnospiraceae_bacterium","Lachnospiraceae_bacterium","T12","ALT",-0.00883801992723247,0.00466692835079113,TRUE,"-"
"Eubacterium_ventriosum","Eubacterium_ventriosum","T12","ALT",0.0299986186108883,1.08892293719076e-06,TRUE,"+"
"Bacteroides_caccae","Bacteroides_caccae","T12","ALT",-0.0201307499617468,8.96515526025187e-06,TRUE,"-"
"GGB4456_SGB6141","GGB4456_SGB6141","T12","ALT",-0.00954666122750902,0.0456322984287037,TRUE,"-"
"Alistipes_onderdonkii","Alistipes_onderdonkii","T12","ALT",-0.0285527294613464,1.96519593365325e-06,TRUE,"-"
"Bacteroides_thetaiotaomicron","Bacteroides_thetaiotaomicron","T12","ALT",-0.0308540251868028,8.38532821943827e-06,TRUE,"-"
"Barnesiella_intestinihominis","Barnesiella_intestinihominis","T12","ALT",0.0398356581142564,0.000132801402245817,TRUE,"+"
"Lachnospira_eligens","Lachnospira_eligens","T12","ALT",-0.0553139637914429,2.59555278631486e-06,TRUE,"-"
"Klebsiella_pneumoniae","Klebsiella_pneumoniae","T12","ALT",NA,1,FALSE,NA
"Ruminococcus_callidus","Ruminococcus_callidus","T12","ALT",0.0222780387390882,0.0721055608928855,FALSE,"+"
"Blautia_SGB4815","Blautia_SGB4815","T12","ALT",-0.0271449320416397,5.11275832991529e-06,TRUE,"-"
"Faecalibacillus_intestinalis","Faecalibacillus_intestinalis","T12","ALT",-0.0229140916317245,2.59555278631486e-06,TRUE,"-"
"Lentihominibacter_faecis","Lentihominibacter_faecis","T12","ALT",0.0123811160020168,0.00130127672353626,TRUE,"+"
"Roseburia_intestinalis","Roseburia_intestinalis","T12","ALT",0.0374504512094585,7.25519915283181e-06,TRUE,"+"
"Clostridium_sp_AM49_4BH","Clostridium_sp_AM49_4BH","T12","ALT",-0.000929422330456939,0.76016137850379,FALSE,"-"
"Roseburia_inulinivorans","Roseburia_inulinivorans","T12","ALT",-0.0351858952248828,4.89230141730798e-05,TRUE,"-"
"Ruminococcus_bicirculans","Ruminococcus_bicirculans","T12","ALT",-0.107434112368035,2.49684814564129e-06,TRUE,"-"
"Faecalibacterium_SGB15346","Faecalibacterium_SGB15346","T12","ALT",0.00590691986155906,0.067796080141211,FALSE,"+"
"Blautia_sp_OF03_15BH","Blautia_sp_OF03_15BH","T12","ALT",NA,1,FALSE,NA
"Roseburia_hominis","Roseburia_hominis","T12","ALT",-0.0237479653276425,1.37209360751893e-06,TRUE,"-"
"Lachnospiraceae_bacterium_CLA_AA_H244","Lachnospiraceae_bacterium_CLA_AA_H244","T12","ALT",-0.0289816229110127,3.91627951535353e-05,TRUE,"-"
"Eubacteriaceae_bacterium","Eubacteriaceae_bacterium","T12","ALT",0.00495653366609172,0.0915706345027766,FALSE,"+"
"Anaerotignum_faecicola","Anaerotignum_faecicola","T12","ALT",NA,1,FALSE,NA
"Bacteroides_ovatus","Bacteroides_ovatus","T12","ALT",-0.023661337117933,7.1709278395646e-07,TRUE,"-"
"Wansuia_hejianensis","Wansuia_hejianensis","T12","ALT",0.00221985925563841,0.525443012827509,FALSE,"+"
"Clostridium_fessum","Clostridium_fessum","T12","ALT",-0.0285079668954235,4.34545516033821e-05,TRUE,"-"
"GGB3109_SGB4121","GGB3109_SGB4121","T12","ALT",-0.0275993584669019,3.86031019252899e-05,TRUE,"-"
"Clostridium_sp_1001270J_160509_D11","Clostridium_sp_1001270J_160509_D11","T12","ALT",-0.111298233369019,1.50834685643737e-07,TRUE,"-"
"GGB9730_SGB15290","GGB9730_SGB15290","T12","ALT",-0.111442592777425,1,FALSE,"-"
"Clostridium_leptum","Clostridium_leptum","T12","ALT",-0.072205540232868,8.85441078514767e-05,TRUE,"-"
"Adlercreutzia_equolifaciens","Adlercreutzia_equolifaciens","T12","ALT",0.0124128414746875,0.000297090330886944,TRUE,"+"
"GGB36331_SGB15121","GGB36331_SGB15121","T12","ALT",0.896282749999256,1,FALSE,"+"
"Gordonibacter_pamelaeae","Gordonibacter_pamelaeae","T12","ALT",-0.5833907819233,0.00381190548051753,TRUE,"-"
"Zhenpiania_hominis","Zhenpiania_hominis","T12","ALT",0.0376409737109375,5.4565497552147e-05,TRUE,"+"
"Alistipes_dispar","Alistipes_dispar","T12","ALT",-0.250145415539977,1,FALSE,"-"
"Hydrogeniiclostridium_mannosilyticum","Hydrogeniiclostridium_mannosilyticum","T12","ALT",1.43884753119337,0.00177222286769516,TRUE,"+"
"Lacrimispora_amygdalina","Lacrimispora_amygdalina","T12","ALT",-0.518609753631318,1,FALSE,"-"
"Bittarella_massiliensis","Bittarella_massiliensis","T12","ALT",0.0455445485448453,0.00270671202743318,TRUE,"+"
"Rubneribacter_badeniensis","Rubneribacter_badeniensis","T12","ALT",-0.00148463168278872,1,FALSE,"-"
"GGB9715_SGB15265","GGB9715_SGB15265","T12","ALT",0.0296114900890265,0.00632162801385001,TRUE,"+"
"GGB9730_SGB15291","GGB9730_SGB15291","T12","ALT",0.354243126267242,0.00610933290757528,TRUE,"+"
"Coprococcus_eutactus","Coprococcus_eutactus","T12","ALT",-0.0815513607168556,0.0236382606195539,TRUE,"-"
"Wujia_chipingensis","Wujia_chipingensis","T12","ALT",-0.0995564842260327,1,FALSE,"-"
"Clostridium_sp_AF36_4","Clostridium_sp_AF36_4","T12","ALT",NA,1,FALSE,NA
"GGB9559_SGB14969","GGB9559_SGB14969","T12","ALT",-0.104124537803697,1,FALSE,"-"
"Akkermansia_muciniphila","Akkermansia_muciniphila","T12","ALT",-0.0221293621544106,0.000138780015534135,TRUE,"-"
"GGB9699_SGB15216","GGB9699_SGB15216","T12","ALT",0.0970202873933637,0.0201915271007731,TRUE,"+"
"Alistipes_shahii","Alistipes_shahii","T12","ALT",-0.023517909246057,0.0708371919667166,FALSE,"-"
"Mediterraneibacter_butyricigenes","Mediterraneibacter_butyricigenes","T12","ALT",0.0112043673071335,0.00123389818389597,TRUE,"+"
"Oscillibacter_valericigenes","Oscillibacter_valericigenes","T12","ALT",0.00250597096359703,0.361573584265004,FALSE,"+"
"Alistipes_communis","Alistipes_communis","T12","ALT",-0.0345688388817744,0.00425909429858656,TRUE,"-"
"Clostridium_saccharogumia","Clostridium_saccharogumia","T12","ALT",0.177875010502854,0.0113399816024667,TRUE,"+"
"Vescimonas_coprocola","Vescimonas_coprocola","T12","ALT",-0.0680298047958713,7.39272863673835e-07,TRUE,"-"
"Eisenbergiella_tayi","Eisenbergiella_tayi","T12","ALT",0.00550219479654544,0.0544731716096073,FALSE,"+"
"GGB3585_SGB4803","GGB3585_SGB4803","T12","ALT",0.11572843485183,1,FALSE,"+"
"Bilophila_wadsworthia","Bilophila_wadsworthia","T12","ALT",-0.0834169043705541,1.09200654035543e-06,TRUE,"-"
"Propionibacterium_acidifaciens","Propionibacterium_acidifaciens","T12","ALT",0.0117205288253618,1,FALSE,"+"
"Bifidobacterium_adolescentis","Bifidobacterium_adolescentis","T12","ALT",0.0468345741114054,4.36366074040222e-06,TRUE,"+"
"Evtepia_gabavorous","Evtepia_gabavorous","T12","ALT",0.08260398864491,7.15769378654245e-06,TRUE,"+"
"Blautia_hydrogenotrophica","Blautia_hydrogenotrophica","T12","ALT",0.25915073513906,1,FALSE,"+"
"Clostridium_sp_AM22_11AC","Clostridium_sp_AM22_11AC","T12","ALT",-0.0578938905774361,0.0303910774415587,TRUE,"-"
"GGB4277_SGB5832","GGB4277_SGB5832","T12","ALT",-0.013078524248059,0.117930625105846,FALSE,"-"
"Bacteroides_stercoris","Bacteroides_stercoris","T12","ALT",-0.0556390243628728,0.000138780015534135,TRUE,"-"
"Enterocloster_hominis","Enterocloster_hominis","T12","ALT",0.0524694130049689,2.62316659840929e-05,TRUE,"+"
"GGB3005_SGB3996","GGB3005_SGB3996","T12","ALT",-0.131648887523354,1,FALSE,"-"
"Alistipes_ihumii","Alistipes_ihumii","T12","ALT",-0.154520766923592,0.0126654290519779,TRUE,"-"
"GGB2653_SGB3574","GGB2653_SGB3574","T12","ALT",0.135595302042598,1,FALSE,"+"
"GGB51441_SGB71759","GGB51441_SGB71759","T12","ALT",0.108159627980406,1,FALSE,"+"
"Firmicutes_bacterium","Firmicutes_bacterium","T12","ALT",0.00687998257190513,0.0303910774415587,TRUE,"+"
"Slackia_isoflavoniconvertens","Slackia_isoflavoniconvertens","T12","ALT",-0.416580054942305,1,FALSE,"-"
"Faecalibacterium_sp_CLA_AA_H233","Faecalibacterium_sp_CLA_AA_H233","T12","ALT",-3.59134038207724,1,FALSE,"-"
"GGB3730_SGB5060","GGB3730_SGB5060","T12","ALT",-0.0132561252965588,0.11764369458857,FALSE,"-"
"GGB3537_SGB4727","GGB3537_SGB4727","T12","ALT",-0.0152404124670383,0.117930625105846,FALSE,"-"
"GGB3600_SGB4859","GGB3600_SGB4859","T12","ALT",0.0329263371154766,1,FALSE,"+"
"Neobittarella_massiliensis","Neobittarella_massiliensis","T12","ALT",-0.0357867053897309,0.00414944793041995,TRUE,"-"
"Lacticaseibacillus_paracasei","Lacticaseibacillus_paracasei","T12","ALT",0.0941515241946087,0.000717194084525643,TRUE,"+"
"GGB9719_SGB15272","GGB9719_SGB15272","T12","ALT",NA,1,FALSE,NA
"Bifidobacterium_dentium","Bifidobacterium_dentium","T12","ALT",0.206557683532457,1,FALSE,"+"
"Collinsella_intestinalis","Collinsella_intestinalis","T12","ALT",1.75572646903125,1,FALSE,"+"
"Lactonifactor_longoviformis","Lactonifactor_longoviformis","T12","ALT",-0.526669601333334,0.00414944793041995,TRUE,"-"
"Parasutterella_excrementihominis","Parasutterella_excrementihominis","T12","ALT",-0.0418075882071452,0.040464365827651,TRUE,"-"
"GGB3511_SGB4688","GGB3511_SGB4688","T12","ALT",0.0312798475184895,0.000638298542880201,TRUE,"+"
"Lentihominibacter_hominis","Lentihominibacter_hominis","T12","ALT",0.0982270998069303,0.0186635275619758,TRUE,"+"
"GGB3277_SGB4327","GGB3277_SGB4327","T12","ALT",0.95750175286205,1,FALSE,"+"
"Eubacterium_sp_c_25","Eubacterium_sp_c_25","T12","ALT",-0.137664588468341,0.000358880466888768,TRUE,"-"
"GGB32387_SGB47381","GGB32387_SGB47381","T12","ALT",NA,1,FALSE,NA
"GGB45432_SGB63101","GGB45432_SGB63101","T12","ALT",-0.175008904474378,1,FALSE,"-"
"Blautia_sp_MCC283","Blautia_sp_MCC283","T12","ALT",-9.17290464877459e-05,1,FALSE,"-"
"Cutibacterium_acnes","Cutibacterium_acnes","T0","AST",0.00345375554728024,1,FALSE,"+"
"Staphylococcus_aureus","Staphylococcus_aureus","T0","AST",-0.106783712260919,0.0644631970932383,FALSE,"-"
"Streptococcus_mitis","Streptococcus_mitis","T0","AST",0.0431818898868929,0.185688704554229,FALSE,"+"
"Streptococcus_sanguinis","Streptococcus_sanguinis","T0","AST",-0.037042521545876,0.216755310989404,FALSE,"-"
"Actinomyces_sp_ICM47","Actinomyces_sp_ICM47","T0","AST",-0.0478485921695124,0.250010855588048,FALSE,"-"
"Enterocloster_clostridioformis","Enterocloster_clostridioformis","T0","AST",-0.0477737969329995,0.325406766053384,FALSE,"-"
"Ruminococcus_gnavus","Ruminococcus_gnavus","T0","AST",0.00353161378252277,1,FALSE,"+"
"Longicatena_caecimuris","Longicatena_caecimuris","T0","AST",1.0630495087664,0.0100563308899315,TRUE,"+"
"Clostridium_symbiosum","Clostridium_symbiosum","T0","AST",-0.0260968992208302,0.539372510356789,FALSE,"-"
"Eisenbergiella_massiliensis","Eisenbergiella_massiliensis","T0","AST",-0.195509323097443,0.179903522346895,FALSE,"-"
"Streptococcus_thermophilus","Streptococcus_thermophilus","T0","AST",-0.0284550542404245,0.538660114061544,FALSE,"-"
"Eggerthella_lenta","Eggerthella_lenta","T0","AST",-0.0400690728989743,0.325406766053384,FALSE,"-"
"Lancefieldella_parvula","Lancefieldella_parvula","T0","AST",NA,1,FALSE,NA
"Erysipelatoclostridium_ramosum","Erysipelatoclostridium_ramosum","T0","AST",-0.0367899313960519,0.306892309488502,FALSE,"-"
"Ruminococcus_torques","Ruminococcus_torques","T0","AST",-0.0124360568792614,0.8348324378682,FALSE,"-"
"Hungatella_hathewayi","Hungatella_hathewayi","T0","AST",0.0110229686978322,0.814748285459138,FALSE,"+"
"Enterocloster_lavalensis","Enterocloster_lavalensis","T0","AST",-0.0873000480137311,0.0531543137186737,FALSE,"-"
"Flavonifractor_plautii","Flavonifractor_plautii","T0","AST",-0.0876056586734589,0.00317031314777029,TRUE,"-"
"Faecalimonas_umbilicata","Faecalimonas_umbilicata","T0","AST",-0.0887773554580763,0.0085771762038502,TRUE,"-"
"Blautia_hansenii","Blautia_hansenii","T0","AST",-0.0383895279337067,0.302350315170497,FALSE,"-"
"Enterocloster_aldenensis","Enterocloster_aldenensis","T0","AST",-0.0505225122247172,0.16943167512035,FALSE,"-"
"Oliverpabstia_intestinalis","Oliverpabstia_intestinalis","T0","AST",-0.0237616939117439,0.468938689405814,FALSE,"-"
"Sellimonas_intestinalis","Sellimonas_intestinalis","T0","AST",-0.0409125262084381,0.333506055310102,FALSE,"-"
"Schaalia_odontolytica","Schaalia_odontolytica","T0","AST",-0.128522026374031,0.00317031314777029,TRUE,"-"
"Blautia_producta","Blautia_producta","T0","AST",-0.054951667794126,0.118560111831444,FALSE,"-"
"Streptococcus_salivarius","Streptococcus_salivarius","T0","AST",0.0472316209205377,0.124235758778484,FALSE,"+"
"Clostridium_spiroforme","Clostridium_spiroforme","T0","AST",-0.223397563571692,0.00259582974603317,TRUE,"-"
"GGB3433_SGB4574","GGB3433_SGB4574","T0","AST",0.0971375650933278,0.145807959204442,FALSE,"+"
"Clostridium_scindens","Clostridium_scindens","T0","AST",-0.0178045238957994,0.62436115582891,FALSE,"-"
"Fusicatenibacter_saccharivorans","Fusicatenibacter_saccharivorans","T0","AST",-0.00678652944007475,1,FALSE,"-"
"Clostridia_bacterium","Clostridia_bacterium","T0","AST",-0.0231298768169556,0.438952591518014,FALSE,"-"
"Clostridium_innocuum","Clostridium_innocuum","T0","AST",-0.0351848148713199,0.449889241528733,FALSE,"-"
"Anaerostipes_hadrus","Anaerostipes_hadrus","T0","AST",0.0400902687767406,0.333506055310102,FALSE,"+"
"Solobacterium_moorei","Solobacterium_moorei","T0","AST",-0.0545188574316953,0.23488250701293,FALSE,"-"
"Gemella_sanguinis","Gemella_sanguinis","T0","AST",-0.0506574718308531,0.105100797075187,FALSE,"-"
"Streptococcus_australis","Streptococcus_australis","T0","AST",0.0219587789028361,0.500321414058036,FALSE,"+"
"Agathobaculum_butyriciproducens","Agathobaculum_butyriciproducens","T0","AST",0.00823652481308083,0.84195736225586,FALSE,"+"
"Schaalia_SGB17157","Schaalia_SGB17157","T0","AST",0.0191403855278186,0.519702462085029,FALSE,"+"
"Turicibacter_bilis","Turicibacter_bilis","T0","AST",0.0892145730772912,0.0280254436585776,TRUE,"+"
"Alistipes_finegoldii","Alistipes_finegoldii","T0","AST",-0.145326033921333,0.224077456873197,FALSE,"-"
"Actinomyces_sp_ph3","Actinomyces_sp_ph3","T0","AST",0.00391129200232347,1,FALSE,"+"
"Veillonella_dispar","Veillonella_dispar","T0","AST",0.046461828532905,0.282309670117777,FALSE,"+"
"Ruthenibacterium_lactatiformans","Ruthenibacterium_lactatiformans","T0","AST",-0.0217338716463957,0.603434193823723,FALSE,"-"
"Roseburia_faecis","Roseburia_faecis","T0","AST",-0.00513597446869318,1,FALSE,"-"
"Actinomyces_oris","Actinomyces_oris","T0","AST",0.0125859981876216,0.732237193889065,FALSE,"+"
"Bacteroides_fragilis","Bacteroides_fragilis","T0","AST",0.0165136336329764,0.732237193889065,FALSE,"+"
"Romboutsia_timonensis","Romboutsia_timonensis","T0","AST",0.0497252063244621,0.148481695871998,FALSE,"+"
"Clostridiaceae_bacterium_AF18_31LB","Clostridiaceae_bacterium_AF18_31LB","T0","AST",1.54923439274278,1,FALSE,"+"
"Blautia_massiliensis","Blautia_massiliensis","T0","AST",-0.00679333974492241,1,FALSE,"-"
"Streptococcus_parasanguinis","Streptococcus_parasanguinis","T0","AST",0.0117676572521983,0.94188581128112,FALSE,"+"
"Abiotrophia_defectiva","Abiotrophia_defectiva","T0","AST",NA,1,FALSE,NA
"Mogibacterium_diversum","Mogibacterium_diversum","T0","AST",-0.0402622481691554,0.185688704554229,FALSE,"-"
"Escherichia_coli","Escherichia_coli","T0","AST",0.0264065879757693,0.55597505083667,FALSE,"+"
"Enterococcus_faecium","Enterococcus_faecium","T0","AST",0.0770442153777855,0.0455756599041058,TRUE,"+"
"Actinomyces_SGB17132","Actinomyces_SGB17132","T0","AST",0.0275677466006601,0.389305827936317,FALSE,"+"
"bacterium_210917_SL_2_15","bacterium_210917_SL_2_15","T0","AST",-0.0527121405603234,0.388115560917707,FALSE,"-"
"Schaalia_SGB17158","Schaalia_SGB17158","T0","AST",-0.0157195844473125,0.67115842985792,FALSE,"-"
"Clostridium_saudiense","Clostridium_saudiense","T0","AST",0.123440893349966,0.0202741826503927,TRUE,"+"
"Clostridium_SGB6173","Clostridium_SGB6173","T0","AST",0.0440032273006043,0.188174194659133,FALSE,"+"
"Bacteroides_xylanisolvens","Bacteroides_xylanisolvens","T0","AST",0.0120331748441541,0.73385950853738,FALSE,"+"
"Clostridium_perfringens","Clostridium_perfringens","T0","AST",-0.0113701842988755,0.814748285459138,FALSE,"-"
"Scardovia_wiggsiae","Scardovia_wiggsiae","T0","AST",0.00673116719535585,0.941529999542458,FALSE,"+"
"Granulicatella_SGB8255","Granulicatella_SGB8255","T0","AST",0.00636691270112941,1,FALSE,"+"
"Roseburia_sp_AF02_12","Roseburia_sp_AF02_12","T0","AST",0.0659752894596805,0.186472860198051,FALSE,"+"
"Granulicatella_adiacens","Granulicatella_adiacens","T0","AST",0.314143569480655,0.145807959204442,FALSE,"+"
"Blautia_SGB4793","Blautia_SGB4793","T0","AST",-0.243219758220946,0.16943167512035,FALSE,"-"
"Actinomyces_naeslundii","Actinomyces_naeslundii","T0","AST",0.0177240709817246,0.641069346786677,FALSE,"+"
"Gemella_haemolysans","Gemella_haemolysans","T0","AST",NA,1,FALSE,NA
"Clostridium_paraputrificum","Clostridium_paraputrificum","T0","AST",-0.113264372438108,0.261118168405822,FALSE,"-"
"Rothia_mucilaginosa","Rothia_mucilaginosa","T0","AST",0.0176267465821661,0.603434193823723,FALSE,"+"
"Streptococcus_vestibularis","Streptococcus_vestibularis","T0","AST",0.0502840757539705,0.2415866414661,FALSE,"+"
"Enterocloster_bolteae","Enterocloster_bolteae","T0","AST",-0.0354242651161317,0.389305827936317,FALSE,"-"
"Lachnospira_pectinoschiza","Lachnospira_pectinoschiza","T0","AST",0.0686908192032241,0.120131821472822,FALSE,"+"
"Streptococcus_infantis","Streptococcus_infantis","T0","AST",NA,1,FALSE,NA
"Butyricicoccus_SGB14985","Butyricicoccus_SGB14985","T0","AST",0.0172681863722357,0.727133614955598,FALSE,"+"
"Enterococcus_faecalis","Enterococcus_faecalis","T0","AST",-0.00366233554374856,1,FALSE,"-"
"Veillonella_atypica","Veillonella_atypica","T0","AST",0.101922422822985,0.0839547882166347,FALSE,"+"
"Dorea_longicatena","Dorea_longicatena","T0","AST",0.0104682241640858,0.835663641287645,FALSE,"+"
"Bifidobacterium_bifidum","Bifidobacterium_bifidum","T0","AST",-0.10125520909625,0.0118156538504674,TRUE,"-"
"Blautia_wexlerae","Blautia_wexlerae","T0","AST",-0.0146511932505926,0.727133614955598,FALSE,"-"
"Bifidobacterium_longum","Bifidobacterium_longum","T0","AST",-0.0211512898954674,0.642919449031456,FALSE,"-"
"Bifidobacterium_pseudocatenulatum","Bifidobacterium_pseudocatenulatum","T0","AST",0.288173608780549,0.0085771762038502,TRUE,"+"
"Anaerobutyricum_soehngenii","Anaerobutyricum_soehngenii","T0","AST",-0.0109440281508304,0.813850169020327,FALSE,"-"
"Streptococcus_mutans","Streptococcus_mutans","T0","AST",-0.103938986055406,0.256362988995407,FALSE,"-"
"Anaerobutyricum_hallii","Anaerobutyricum_hallii","T0","AST",-0.027718618930621,0.399216414356418,FALSE,"-"
"Veillonella_parvula","Veillonella_parvula","T0","AST",0.0213429524741742,0.62436115582891,FALSE,"+"
"Coprococcus_catus","Coprococcus_catus","T0","AST",-0.0251242676455428,0.431502398505343,FALSE,"-"
"Dorea_formicigenerans","Dorea_formicigenerans","T0","AST",0.0246433928403128,0.470821985017705,FALSE,"+"
"Megasphaera_micronuciformis","Megasphaera_micronuciformis","T0","AST",0.0282042628177193,0.578861312716341,FALSE,"+"
"Blautia_faecis","Blautia_faecis","T0","AST",-0.0486199563844722,0.224578008852183,FALSE,"-"
"Blautia_caecimuris","Blautia_caecimuris","T0","AST",0.030468265066637,0.332200462915095,FALSE,"+"
"GGB3550_SGB4746","GGB3550_SGB4746","T0","AST",0.181149020576004,0.185688704554229,FALSE,"+"
"GGB3653_SGB4964","GGB3653_SGB4964","T0","AST",-0.0444703861781535,0.327853562379594,FALSE,"-"
"Phocaeicola_vulgatus","Phocaeicola_vulgatus","T0","AST",0.0138216324559114,0.824485625071891,FALSE,"+"
"Streptococcus_gordonii","Streptococcus_gordonii","T0","AST",-0.0438791318908179,0.16943167512035,FALSE,"-"
"Intestinibacter_bartlettii","Intestinibacter_bartlettii","T0","AST",0.0105134483331097,0.85180259175196,FALSE,"+"
"Oscillospiraceae_bacterium_CLA_AA_H250","Oscillospiraceae_bacterium_CLA_AA_H250","T0","AST",-0.0992435733600462,0.0202741826503927,TRUE,"-"
"Tyzzerella_nexilis","Tyzzerella_nexilis","T0","AST",-0.041484784618479,0.303631491684485,FALSE,"-"
"Dialister_pneumosintes","Dialister_pneumosintes","T0","AST",0.0535922568323155,1,FALSE,"+"
"Veillonella_rogosae","Veillonella_rogosae","T0","AST",-0.0340404160895666,0.593369303130974,FALSE,"-"
"Rothia_SGB49305","Rothia_SGB49305","T0","AST",0.0232851772620675,0.389305827936317,FALSE,"+"
"Streptococcus_oralis","Streptococcus_oralis","T0","AST",0.0292186080326553,0.338217983150378,FALSE,"+"
"Streptococcus_intermedius","Streptococcus_intermedius","T0","AST",-0.0952258947388794,0.0644631970932383,FALSE,"-"
"Gemella_morbillorum","Gemella_morbillorum","T0","AST",0.0563911200680324,1,FALSE,"+"
"Fusobacterium_nucleatum","Fusobacterium_nucleatum","T0","AST",0.0248768867532271,0.456202867220008,FALSE,"+"
"Streptococcus_anginosus","Streptococcus_anginosus","T0","AST",-0.0182338769603667,0.62436115582891,FALSE,"-"
"Corynebacterium_durum","Corynebacterium_durum","T0","AST",0.0128307322735453,0.772689514448907,FALSE,"+"
"Eubacterium_rectale","Eubacterium_rectale","T0","AST",0.0219693317274636,0.621408145296518,FALSE,"+"
"Lacticaseibacillus_rhamnosus","Lacticaseibacillus_rhamnosus","T0","AST",-0.0780315814285737,0.0435700792107128,TRUE,"-"
"Coprococcus_comes","Coprococcus_comes","T0","AST",-0.0302147029160081,0.389305827936317,FALSE,"-"
"Faecalibacterium_prausnitzii","Faecalibacterium_prausnitzii","T0","AST",-0.0206496808619428,0.600680252925314,FALSE,"-"
"Latilactobacillus_sakei","Latilactobacillus_sakei","T0","AST",-0.0752087308518572,0.0493025326469776,TRUE,"-"
"GGB51647_SGB4348","GGB51647_SGB4348","T0","AST",0.0677181397413359,0.0644631970932383,FALSE,"+"
"Actinomyces_johnsonii","Actinomyces_johnsonii","T0","AST",-0.0496553972657939,0.25172948206094,FALSE,"-"
"Ruminococcus_lactaris","Ruminococcus_lactaris","T0","AST",-0.101979961087173,1,FALSE,"-"
"Mediterraneibacter_glycyrrhizinilyticus","Mediterraneibacter_glycyrrhizinilyticus","T0","AST",-0.0790225915855634,0.0229540423529928,TRUE,"-"
"Phocaeicola_dorei","Phocaeicola_dorei","T0","AST",-0.0509740124133281,0.214491661110529,FALSE,"-"
"Ligilactobacillus_saerimneri","Ligilactobacillus_saerimneri","T0","AST",0.0715660708416002,0.325406766053384,FALSE,"+"
"Actinomyces_massiliensis","Actinomyces_massiliensis","T0","AST",0.143269442354772,0.0781607440178132,FALSE,"+"
"Bifidobacterium_animalis","Bifidobacterium_animalis","T0","AST",0.242576168282061,0.00317031314777029,TRUE,"+"
"Blautia_SGB59878","Blautia_SGB59878","T0","AST",0.0577829250144316,1,FALSE,"+"
"Lactococcus_lactis","Lactococcus_lactis","T0","AST",0.0400789340286763,0.16943167512035,FALSE,"+"
"Bacteroides_uniformis","Bacteroides_uniformis","T0","AST",-0.00200052630731789,1,FALSE,"-"
"Parabacteroides_merdae","Parabacteroides_merdae","T0","AST",-0.00709418161759762,1,FALSE,"-"
"Parabacteroides_distasonis","Parabacteroides_distasonis","T0","AST",-0.0273995234084234,0.325406766053384,FALSE,"-"
"Gemmiger_formicilis","Gemmiger_formicilis","T0","AST",0.013070774994604,0.755387618824965,FALSE,"+"
"Anaerostipes_caccae","Anaerostipes_caccae","T0","AST",0.0460114668200485,0.179903522346895,FALSE,"+"
"Bifidobacterium_breve","Bifidobacterium_breve","T0","AST",0.395148959188374,0.0223003783797918,TRUE,"+"
"Acidaminococcus_intestini","Acidaminococcus_intestini","T0","AST",0.00927167548324128,0.860038378122248,FALSE,"+"
"Dialister_invisus","Dialister_invisus","T0","AST",0.00943982887734644,0.973823094460134,FALSE,"+"
"Parasutterella_SGB9260","Parasutterella_SGB9260","T0","AST",0.110002406436473,1,FALSE,"+"
"Ruminococcus_bromii","Ruminococcus_bromii","T0","AST",0.00376975303530414,1,FALSE,"+"
"Mediterraneibacter_faecis","Mediterraneibacter_faecis","T0","AST",0.0252870108097818,0.497158371973469,FALSE,"+"
"Faecalicatena_fissicatena","Faecalicatena_fissicatena","T0","AST",0.167417334057699,0.0644631970932383,FALSE,"+"
"Blautia_obeum","Blautia_obeum","T0","AST",-0.0494157163859402,0.148481695871998,FALSE,"-"
"Collinsella_aerofaciens","Collinsella_aerofaciens","T0","AST",-0.047982857432736,0.282309670117777,FALSE,"-"
"Eubacterium_ramulus","Eubacterium_ramulus","T0","AST",0.104001541313911,0.014731176446733,TRUE,"+"
"Roseburia_lenta","Roseburia_lenta","T0","AST",0.274647437864751,1,FALSE,"+"
"Solobacterium_SGB6829","Solobacterium_SGB6829","T0","AST",-0.0762625205033427,0.0435700792107128,TRUE,"-"
"Peptostreptococcus_SGB749","Peptostreptococcus_SGB749","T0","AST",-1.04750984979031,1,FALSE,"-"
"Eubacterium_sulci","Eubacterium_sulci","T0","AST",0.00598619644356465,1,FALSE,"+"
"Limosilactobacillus_mucosae","Limosilactobacillus_mucosae","T0","AST",-1.73010267224158,1,FALSE,"-"
"Candidatus_Cibionibacter_quicibialis","Candidatus_Cibionibacter_quicibialis","T0","AST",0.0430569238642816,0.224077456873197,FALSE,"+"
"Pediococcus_acidilactici","Pediococcus_acidilactici","T0","AST",0.197630811547909,1,FALSE,"+"
"Drancourtella_massiliensis","Drancourtella_massiliensis","T0","AST",0.553041480563215,1,FALSE,"+"
"Anaeromassilibacillus_senegalensis","Anaeromassilibacillus_senegalensis","T0","AST",0.0666734184075588,0.0919868087568434,FALSE,"+"
"Gordonibacter_urolithinfaciens","Gordonibacter_urolithinfaciens","T0","AST",-0.0202598647390133,0.519702462085029,FALSE,"-"
"Schaalia_meyeri","Schaalia_meyeri","T0","AST",-0.0543043180980591,0.121048619313409,FALSE,"-"
"Faecalicatena_contorta","Faecalicatena_contorta","T0","AST",0.0105815188908669,0.788111399665539,FALSE,"+"
"Massilioclostridium_coli","Massilioclostridium_coli","T0","AST",-0.0509709172380243,0.120131821472822,FALSE,"-"
"Clostridiales_bacterium_KLE1615","Clostridiales_bacterium_KLE1615","T0","AST",-0.0384917051898357,0.188174194659133,FALSE,"-"
"Merdimonas_faecis","Merdimonas_faecis","T0","AST",-0.576767290023926,1,FALSE,"-"
"Clostridia_bacterium_UC5_1_1D1","Clostridia_bacterium_UC5_1_1D1","T0","AST",-0.0614732149495598,0.0303893614928765,TRUE,"-"
"Clostridioides_difficile","Clostridioides_difficile","T0","AST",-0.110897989072248,0.0493025326469776,TRUE,"-"
"Lactiplantibacillus_plantarum","Lactiplantibacillus_plantarum","T0","AST",NA,1,FALSE,NA
"Clostridiaceae_bacterium","Clostridiaceae_bacterium","T0","AST",0.0527717108957645,0.105657470344008,FALSE,"+"
"Blautia_glucerasea","Blautia_glucerasea","T0","AST",-0.0461695295490094,0.216755310989404,FALSE,"-"
"Schaalia_SGB17168","Schaalia_SGB17168","T0","AST",0.0378916277943087,0.261118168405822,FALSE,"+"
"TM7_phylum_sp_oral_taxon_352","TM7_phylum_sp_oral_taxon_352","T0","AST",-0.0882329292267973,0.141660936958978,FALSE,"-"
"GGB3256_SGB4303","GGB3256_SGB4303","T0","AST",0.165411062791377,1,FALSE,"+"
"Dorea_sp_AF36_15AT","Dorea_sp_AF36_15AT","T0","AST",0.034912174813044,0.2415866414661,FALSE,"+"
"Clostridiaceae_bacterium_Marseille_Q3526","Clostridiaceae_bacterium_Marseille_Q3526","T0","AST",-0.00875491068187245,0.868149517031421,FALSE,"-"
"Clostridium_SGB6179","Clostridium_SGB6179","T0","AST",-0.202578002762824,0.176644887878671,FALSE,"-"
"GGB9512_SGB14909","GGB9512_SGB14909","T0","AST",-5.01327846434765,1,FALSE,"-"
"Clostridium_sp_AT4","Clostridium_sp_AT4","T0","AST",0.0079771918526798,0.891837329620364,FALSE,"+"
"Clostridium_SGB4750","Clostridium_SGB4750","T0","AST",-0.182345761578163,1,FALSE,"-"
"Actinomyces_gerencseriae","Actinomyces_gerencseriae","T0","AST",0.0415576455122185,0.451291000193302,FALSE,"+"
"Phascolarctobacterium_faecium","Phascolarctobacterium_faecium","T0","AST",-0.026271372905323,0.496866552581327,FALSE,"-"
"Sutterella_wadsworthensis","Sutterella_wadsworthensis","T0","AST",-0.0349449228672198,1,FALSE,"-"
"Fusicatenibacter_sp_CLA_AA_H277","Fusicatenibacter_sp_CLA_AA_H277","T0","AST",0.197859469841518,1,FALSE,"+"
"Lachnospiraceae_bacterium","Lachnospiraceae_bacterium","T0","AST",0.191491880637626,0.0531543137186737,FALSE,"+"
"Leuconostoc_carnosum","Leuconostoc_carnosum","T0","AST",-0.237367787902034,1,FALSE,"-"
"Eubacterium_ventriosum","Eubacterium_ventriosum","T0","AST",-0.201909485988869,0.176644887878671,FALSE,"-"
"GGB3819_SGB5184","GGB3819_SGB5184","T0","AST",-0.0474820567232769,0.302350315170497,FALSE,"-"
"Pseudoflavonifractor_phocaeensis","Pseudoflavonifractor_phocaeensis","T0","AST",0.0876141112831721,0.284177772052595,FALSE,"+"
"Bacteroides_caccae","Bacteroides_caccae","T0","AST",-0.0207204129629911,0.525301688967745,FALSE,"-"
"Alistipes_onderdonkii","Alistipes_onderdonkii","T0","AST",-0.00547726953983008,1,FALSE,"-"
"Bacteroides_thetaiotaomicron","Bacteroides_thetaiotaomicron","T0","AST",-0.0136314040244797,0.703426623617416,FALSE,"-"
"GGB3433_SGB4573","GGB3433_SGB4573","T0","AST",-0.0812195850578458,0.16943167512035,FALSE,"-"
"Klebsiella_pneumoniae","Klebsiella_pneumoniae","T0","AST",0.104722969567355,0.256695868870131,FALSE,"+"
"Blautia_SGB4815","Blautia_SGB4815","T0","AST",-0.0134460553785517,0.738253828992909,FALSE,"-"
"Faecalibacillus_intestinalis","Faecalibacillus_intestinalis","T0","AST",0.0205173508564786,0.529273293505516,FALSE,"+"
"Lentihominibacter_faecis","Lentihominibacter_faecis","T0","AST",-0.00482413698160873,1,FALSE,"-"
"Roseburia_intestinalis","Roseburia_intestinalis","T0","AST",-0.105981772069844,0.0223003783797918,TRUE,"-"
"Clostridium_sp_AM49_4BH","Clostridium_sp_AM49_4BH","T0","AST",-0.458893355536333,1,FALSE,"-"
"Roseburia_inulinivorans","Roseburia_inulinivorans","T0","AST",0.0122493063823235,0.772689514448907,FALSE,"+"
"Ruminococcus_bicirculans","Ruminococcus_bicirculans","T0","AST",-0.0727487291654554,0.155000127059824,FALSE,"-"
"Faecalibacterium_SGB15346","Faecalibacterium_SGB15346","T0","AST",0.0213564242078522,0.651049255810201,FALSE,"+"
"Roseburia_hominis","Roseburia_hominis","T0","AST",-0.00448880748938452,1,FALSE,"-"
"Lachnospiraceae_bacterium_CLA_AA_H244","Lachnospiraceae_bacterium_CLA_AA_H244","T0","AST",0.138950355427548,0.216755310989404,FALSE,"+"
"Bacteroides_ovatus","Bacteroides_ovatus","T0","AST",-0.0402771345890209,0.23488250701293,FALSE,"-"
"Wansuia_hejianensis","Wansuia_hejianensis","T0","AST",0.00944114614266444,0.829408672866775,FALSE,"+"
"Clostridium_fessum","Clostridium_fessum","T0","AST",-0.0714703520263124,0.0644631970932383,FALSE,"-"
"GGB3109_SGB4121","GGB3109_SGB4121","T0","AST",-0.0216648185998061,0.519702462085029,FALSE,"-"
"Clostridium_leptum","Clostridium_leptum","T0","AST",-0.118524289008831,0.04531065653241,TRUE,"-"
"GGB9359_SGB14334","GGB9359_SGB14334","T0","AST",-0.107360977011966,1,FALSE,"-"
"Gordonibacter_pamelaeae","Gordonibacter_pamelaeae","T0","AST",-0.059121905976817,0.352355046781168,FALSE,"-"
"Zhenpiania_hominis","Zhenpiania_hominis","T0","AST",-0.438227307467974,0.0209502102717118,TRUE,"-"
"Alistipes_dispar","Alistipes_dispar","T0","AST",-0.442885640504911,0.0209502102717118,TRUE,"-"
"Brotolimicola_acetigignens","Brotolimicola_acetigignens","T0","AST",-0.2962610391281,1,FALSE,"-"
"Hydrogeniiclostridium_mannosilyticum","Hydrogeniiclostridium_mannosilyticum","T0","AST",0.188474245401778,0.0209502102717118,TRUE,"+"
"Lacrimispora_amygdalina","Lacrimispora_amygdalina","T0","AST",-0.095861392863964,0.12539018202979,FALSE,"-"
"Dysosmobacter_welbionis","Dysosmobacter_welbionis","T0","AST",-0.119843310064996,0.0118156538504674,TRUE,"-"
"Massilimicrobiota_timonensis","Massilimicrobiota_timonensis","T0","AST",0.0770344523971622,0.325406766053384,FALSE,"+"
"Intestinimonas_massiliensis","Intestinimonas_massiliensis","T0","AST",0.222561543426003,0.16943167512035,FALSE,"+"
"Alistipes_putredinis","Alistipes_putredinis","T0","AST",-0.0321520151968139,0.532965937071706,FALSE,"-"
"Bittarella_massiliensis","Bittarella_massiliensis","T0","AST",0.251576401562627,0.0420784055325172,TRUE,"+"
"Rubneribacter_badeniensis","Rubneribacter_badeniensis","T0","AST",-0.171495427909314,1,FALSE,"-"
"Clostridium_methylpentosum","Clostridium_methylpentosum","T0","AST",0.190665005952259,0.0531543137186737,FALSE,"+"
"GGB9715_SGB15265","GGB9715_SGB15265","T0","AST",-0.176283040514177,0.0120328110189149,TRUE,"-"
"Enterocloster_citroniae","Enterocloster_citroniae","T0","AST",0.189308094080463,0.0100563308899315,TRUE,"+"
"GGB9730_SGB15291","GGB9730_SGB15291","T0","AST",NA,1,FALSE,NA
"Akkermansia_muciniphila","Akkermansia_muciniphila","T0","AST",-0.067327100665166,0.12539018202979,FALSE,"-"
"Mediterraneibacter_butyricigenes","Mediterraneibacter_butyricigenes","T0","AST",0.0381356519726335,0.214128878727544,FALSE,"+"
"Alistipes_communis","Alistipes_communis","T0","AST",-0.220279872553496,0.170733815155649,FALSE,"-"
"Vescimonas_coprocola","Vescimonas_coprocola","T0","AST",-0.0284701520065229,0.496866552581327,FALSE,"-"
"Eisenbergiella_tayi","Eisenbergiella_tayi","T0","AST",-0.0790858464906456,0.0609948222130554,FALSE,"-"
"Oscillospiraceae_bacterium_Marseille_Q3528","Oscillospiraceae_bacterium_Marseille_Q3528","T0","AST",-0.0309693535890259,1,FALSE,"-"
"Clostridium_sp_AM29_11AC","Clostridium_sp_AM29_11AC","T0","AST",NA,1,FALSE,NA
"Clostridium_sp_C5_48","Clostridium_sp_C5_48","T0","AST",-0.226809195614415,0.16943167512035,FALSE,"-"
"Escherichia_marmotae","Escherichia_marmotae","T0","AST",-0.00807015114520558,0.891837329620364,FALSE,"-"
"Bilophila_wadsworthia","Bilophila_wadsworthia","T0","AST",0.0734308007820315,0.0428698858847295,TRUE,"+"
"Eubacterium_brachy","Eubacterium_brachy","T0","AST",0.0554667433053344,0.224077456873197,FALSE,"+"
"Prevotella_bivia","Prevotella_bivia","T0","AST",-0.0717373428903955,1,FALSE,"-"
"Bifidobacterium_adolescentis","Bifidobacterium_adolescentis","T0","AST",-0.0575553558344245,0.2415866414661,FALSE,"-"
"Evtepia_gabavorous","Evtepia_gabavorous","T0","AST",0.154825315511981,0.0166591243184119,TRUE,"+"
"Blautia_hydrogenotrophica","Blautia_hydrogenotrophica","T0","AST",0.00427707504888837,1,FALSE,"+"
"Bacteroides_faecis","Bacteroides_faecis","T0","AST",-0.571976754460293,1,FALSE,"-"
"Bacteroides_stercoris","Bacteroides_stercoris","T0","AST",-0.111469327657378,0.2415866414661,FALSE,"-"
"Enterocloster_hominis","Enterocloster_hominis","T0","AST",-0.00647422664208778,1,FALSE,"-"
"Firmicutes_bacterium","Firmicutes_bacterium","T0","AST",NA,1,FALSE,NA
"Slackia_isoflavoniconvertens","Slackia_isoflavoniconvertens","T0","AST",0.0780592656005248,0.302350315170497,FALSE,"+"
"Faecalibacterium_sp_CLA_AA_H233","Faecalibacterium_sp_CLA_AA_H233","T0","AST",0.119288226660628,0.103811857503232,FALSE,"+"
"GGB3730_SGB5060","GGB3730_SGB5060","T0","AST",0.101490474677759,1,FALSE,"+"
"GGB3600_SGB4859","GGB3600_SGB4859","T0","AST",-0.0123150034680481,0.824485625071891,FALSE,"-"
"Neobittarella_massiliensis","Neobittarella_massiliensis","T0","AST",-0.0669687221517752,0.12539018202979,FALSE,"-"
"Eubacterium_siraeum","Eubacterium_siraeum","T0","AST",-0.877277931495748,1,FALSE,"-"
"GGB3444_SGB4594","GGB3444_SGB4594","T0","AST",NA,1,FALSE,NA
"Lacticaseibacillus_paracasei","Lacticaseibacillus_paracasei","T0","AST",0.0179724409685528,0.662570482903688,FALSE,"+"
"GGB9719_SGB15272","GGB9719_SGB15272","T0","AST",NA,1,FALSE,NA
"Christensenella_hongkongensis","Christensenella_hongkongensis","T0","AST",0.219717864217954,1,FALSE,"+"
"Odoribacter_splanchnicus","Odoribacter_splanchnicus","T0","AST",-0.0261520260908153,0.461892312868858,FALSE,"-"
"Limosilactobacillus_reuteri","Limosilactobacillus_reuteri","T0","AST",0.309014799062472,0.148481695871998,FALSE,"+"
"Anaerotruncus_colihominis","Anaerotruncus_colihominis","T0","AST",0.400602941555534,0.0217121106072202,TRUE,"+"
"Clostridiales_bacterium","Clostridiales_bacterium","T0","AST",0.0291603542439701,1,FALSE,"+"
"Lachnoclostridium_pacaense","Lachnoclostridium_pacaense","T0","AST",0.0695087164249637,1,FALSE,"+"
"Lactonifactor_longoviformis","Lactonifactor_longoviformis","T0","AST",-0.344451213340674,1,FALSE,"-"
"GGB9534_SGB14937","GGB9534_SGB14937","T0","AST",3.42026094051369,1,FALSE,"+"
"Parasutterella_excrementihominis","Parasutterella_excrementihominis","T0","AST",-0.0651011682587692,0.199799151832703,FALSE,"-"
"GGB3511_SGB4688","GGB3511_SGB4688","T0","AST",-0.0617170639114484,0.0839547882166347,FALSE,"-"
"Enterococcus_avium","Enterococcus_avium","T0","AST",-0.11030234348588,0.261118168405822,FALSE,"-"
"Coprobacillus_cateniformis","Coprobacillus_cateniformis","T0","AST",0.117529051787057,1,FALSE,"+"
"Lawsonella_SGB3665","Lawsonella_SGB3665","T0","AST",-0.0620473119674987,0.170547543206783,FALSE,"-"
"Faecalibacillus_faecis","Faecalibacillus_faecis","T0","AST",1.10319318627323,1,FALSE,"+"
"Eubacterium_sp_c_25","Eubacterium_sp_c_25","T0","AST",1.0570401540018,1,FALSE,"+"
"Anaerococcus_obesiensis","Anaerococcus_obesiensis","T0","AST",0.0351124463531308,0.498181151999329,FALSE,"+"
"Streptococcus_mitis","Streptococcus_mitis","T12","AST",-0.0205838670699838,0.259834934713477,FALSE,"-"
"Streptococcus_sanguinis","Streptococcus_sanguinis","T12","AST",-0.0114945275450498,0.514059856113134,FALSE,"-"
"Actinomyces_sp_ICM47","Actinomyces_sp_ICM47","T12","AST",0.0311757238213419,0.249302877881691,FALSE,"+"
"Enterocloster_clostridioformis","Enterocloster_clostridioformis","T12","AST",-0.0196811279774375,0.46099316119787,FALSE,"-"
"Ruminococcus_gnavus","Ruminococcus_gnavus","T12","AST",0.0328976814450486,0.223509621901765,FALSE,"+"
"Longicatena_caecimuris","Longicatena_caecimuris","T12","AST",0.0968425713769353,0.0181332122897569,TRUE,"+"
"Clostridium_symbiosum","Clostridium_symbiosum","T12","AST",-0.091493904013678,0.0236029675129577,TRUE,"-"
"Streptococcus_thermophilus","Streptococcus_thermophilus","T12","AST",0.0171413841175587,0.715128017914928,FALSE,"+"
"Eggerthella_lenta","Eggerthella_lenta","T12","AST",-0.00339272654093016,1,FALSE,"-"
"Erysipelatoclostridium_ramosum","Erysipelatoclostridium_ramosum","T12","AST",0.0151143413973626,0.588087653024661,FALSE,"+"
"Ruminococcus_torques","Ruminococcus_torques","T12","AST",0.0225874072248482,0.288685240415837,FALSE,"+"
"Hungatella_hathewayi","Hungatella_hathewayi","T12","AST",-0.0171264220812855,0.354368811538732,FALSE,"-"
"Flavonifractor_plautii","Flavonifractor_plautii","T12","AST",-0.0285722164105025,0.169132801584041,FALSE,"-"
"Faecalimonas_umbilicata","Faecalimonas_umbilicata","T12","AST",0.0332885115885366,0.253171593425157,FALSE,"+"
"Blautia_hansenii","Blautia_hansenii","T12","AST",0.00403201163212584,1,FALSE,"+"
"Enterocloster_aldenensis","Enterocloster_aldenensis","T12","AST",0.057666381046037,0.0465853626255296,TRUE,"+"
"Oliverpabstia_intestinalis","Oliverpabstia_intestinalis","T12","AST",0.038363547789278,0.0450636128608305,TRUE,"+"
"Sellimonas_intestinalis","Sellimonas_intestinalis","T12","AST",-0.0146254395086719,0.452783039846157,FALSE,"-"
"Schaalia_odontolytica","Schaalia_odontolytica","T12","AST",-0.0616305796190473,0.0445268707930762,TRUE,"-"
"Blautia_producta","Blautia_producta","T12","AST",-0.0069018752005026,0.992286806235477,FALSE,"-"
"Streptococcus_salivarius","Streptococcus_salivarius","T12","AST",-0.0272658793139777,0.633375315367468,FALSE,"-"
"Clostridium_spiroforme","Clostridium_spiroforme","T12","AST",0.0460888553017591,0.0451811748296391,TRUE,"+"
"GGB3433_SGB4574","GGB3433_SGB4574","T12","AST",-0.193037367608941,1,FALSE,"-"
"Clostridium_scindens","Clostridium_scindens","T12","AST",0.0442627095096819,0.331362903968337,FALSE,"+"
"Fusicatenibacter_saccharivorans","Fusicatenibacter_saccharivorans","T12","AST",0.0114440643629466,0.712136996013443,FALSE,"+"
"Clostridia_bacterium","Clostridia_bacterium","T12","AST",-0.126449178489799,1,FALSE,"-"
"Clostridium_innocuum","Clostridium_innocuum","T12","AST",-0.00769238707717946,1,FALSE,"-"
"Anaerostipes_hadrus","Anaerostipes_hadrus","T12","AST",0.0101308371524709,0.750127097611665,FALSE,"+"
"Gemella_sanguinis","Gemella_sanguinis","T12","AST",-0.0921301775629674,0.00115794392098173,TRUE,"-"
"Streptococcus_australis","Streptococcus_australis","T12","AST",-0.0524998221230565,0.00939947864520153,TRUE,"-"
"Agathobaculum_butyriciproducens","Agathobaculum_butyriciproducens","T12","AST",-0.0505083858366447,0.0336764452798308,TRUE,"-"
"Schaalia_SGB17157","Schaalia_SGB17157","T12","AST",0.10139939080258,0.00296684770733241,TRUE,"+"
"Turicibacter_bilis","Turicibacter_bilis","T12","AST",-0.0642441954506152,0.00944760455116157,TRUE,"-"
"Alistipes_finegoldii","Alistipes_finegoldii","T12","AST",-0.193364701524485,0.00450746734450729,TRUE,"-"
"Actinomyces_sp_ph3","Actinomyces_sp_ph3","T12","AST",0.0137769312021376,1,FALSE,"+"
"Veillonella_dispar","Veillonella_dispar","T12","AST",-0.0165024544427011,0.46099316119787,FALSE,"-"
"Ruthenibacterium_lactatiformans","Ruthenibacterium_lactatiformans","T12","AST",0.0394970370571345,0.0240311519178828,TRUE,"+"
"Roseburia_faecis","Roseburia_faecis","T12","AST",0.0134011267249986,0.46099316119787,FALSE,"+"
"Actinomyces_oris","Actinomyces_oris","T12","AST",0.0207251271833546,0.588087653024661,FALSE,"+"
"Bacteroides_fragilis","Bacteroides_fragilis","T12","AST",-0.0197806664781834,0.310875627057524,FALSE,"-"
"Romboutsia_timonensis","Romboutsia_timonensis","T12","AST",-0.0172150616503115,0.750127097611665,FALSE,"-"
"Clostridiaceae_bacterium_AF18_31LB","Clostridiaceae_bacterium_AF18_31LB","T12","AST",5.17897926833122,1,FALSE,"+"
"Blautia_massiliensis","Blautia_massiliensis","T12","AST",0.0333348080901161,0.111856056511636,FALSE,"+"
"Streptococcus_parasanguinis","Streptococcus_parasanguinis","T12","AST",0.0191691459387145,0.750127097611665,FALSE,"+"
"Mogibacterium_diversum","Mogibacterium_diversum","T12","AST",-0.00453429167812017,1,FALSE,"-"
"Escherichia_coli","Escherichia_coli","T12","AST",-0.0240624225191529,0.428935176870422,FALSE,"-"
"Enterococcus_faecium","Enterococcus_faecium","T12","AST",0.0245485584464825,0.184941983913876,FALSE,"+"
"Schaalia_SGB17158","Schaalia_SGB17158","T12","AST",-0.0466805397399349,1,FALSE,"-"
"Clostridium_saudiense","Clostridium_saudiense","T12","AST",0.0624010776874304,0.00804932782984511,TRUE,"+"
"Streptococcus_rubneri","Streptococcus_rubneri","T12","AST",0.186118956001443,1,FALSE,"+"
"Clostridium_SGB6173","Clostridium_SGB6173","T12","AST",-0.217236108014665,0.000300165945325826,TRUE,"-"
"Bacteroides_xylanisolvens","Bacteroides_xylanisolvens","T12","AST",-0.00835102599191307,0.704134765896761,FALSE,"-"
"Clostridium_perfringens","Clostridium_perfringens","T12","AST",0.017922839504098,0.365666055619188,FALSE,"+"
"Scardovia_wiggsiae","Scardovia_wiggsiae","T12","AST",0.0769010687611152,0.202486673406051,FALSE,"+"
"Granulicatella_SGB8255","Granulicatella_SGB8255","T12","AST",-0.131465799250397,0.000206062231913772,TRUE,"-"
"Roseburia_sp_AF02_12","Roseburia_sp_AF02_12","T12","AST",-0.122499716249726,0.0346054418096232,TRUE,"-"
"Actinomyces_naeslundii","Actinomyces_naeslundii","T12","AST",-0.0177388558964872,0.424957543593562,FALSE,"-"
"Clostridium_disporicum","Clostridium_disporicum","T12","AST",-0.37856179414034,1,FALSE,"-"
"Rothia_mucilaginosa","Rothia_mucilaginosa","T12","AST",0.0203053162145678,0.331362903968337,FALSE,"+"
"Streptococcus_vestibularis","Streptococcus_vestibularis","T12","AST",-0.012439173844897,0.588087653024661,FALSE,"-"
"Enterocloster_bolteae","Enterocloster_bolteae","T12","AST",-0.0454820382694581,0.0895050796180644,FALSE,"-"
"Lachnospira_pectinoschiza","Lachnospira_pectinoschiza","T12","AST",0.0792118724751165,1,FALSE,"+"
"Enterococcus_faecalis","Enterococcus_faecalis","T12","AST",0.0552035833666767,0.0530616584923832,FALSE,"+"
"Veillonella_atypica","Veillonella_atypica","T12","AST",0.00987161884413376,0.701508823723541,FALSE,"+"
"Dorea_longicatena","Dorea_longicatena","T12","AST",0.0288073732075318,0.0318304103600551,TRUE,"+"
"Bifidobacterium_bifidum","Bifidobacterium_bifidum","T12","AST",0.0406097657391385,0.0356303347854005,TRUE,"+"
"Blautia_wexlerae","Blautia_wexlerae","T12","AST",0.00698060227657605,0.898237498001174,FALSE,"+"
"Bifidobacterium_longum","Bifidobacterium_longum","T12","AST",-0.0142292648430524,0.673895008309174,FALSE,"-"
"Bifidobacterium_pseudocatenulatum","Bifidobacterium_pseudocatenulatum","T12","AST",0.0194705951101877,0.237339219328219,FALSE,"+"
"Anaerobutyricum_soehngenii","Anaerobutyricum_soehngenii","T12","AST",0.0133479064150763,0.530636240872786,FALSE,"+"
"Streptococcus_mutans","Streptococcus_mutans","T12","AST",0.0761572115726498,0.0389411599209443,TRUE,"+"
"Anaerobutyricum_hallii","Anaerobutyricum_hallii","T12","AST",-0.00465388017666618,1,FALSE,"-"
"Ruminococcus_sp_AF41_9","Ruminococcus_sp_AF41_9","T12","AST",0.0571033390548137,0.0240311519178828,TRUE,"+"
"Veillonella_parvula","Veillonella_parvula","T12","AST",0.0194013153715022,0.266061343644462,FALSE,"+"
"Lactobacillus_gasseri","Lactobacillus_gasseri","T12","AST",0.201358181099992,0.0202533659547524,TRUE,"+"
"Coprococcus_catus","Coprococcus_catus","T12","AST",0.0270151520358549,0.142242229321506,FALSE,"+"
"Blautia_stercoris","Blautia_stercoris","T12","AST",NA,1,FALSE,NA
"Dorea_formicigenerans","Dorea_formicigenerans","T12","AST",-0.00103455647766857,1,FALSE,"-"
"Blautia_faecis","Blautia_faecis","T12","AST",-0.00938315007563418,0.920009221533222,FALSE,"-"
"Blautia_caecimuris","Blautia_caecimuris","T12","AST",-0.00627635639333538,1,FALSE,"-"
"GGB3550_SGB4746","GGB3550_SGB4746","T12","AST",0.0231627700144106,0.310390479090046,FALSE,"+"
"GGB3653_SGB4964","GGB3653_SGB4964","T12","AST",-0.0220599959270455,0.210946256454213,FALSE,"-"
"Phocaeicola_vulgatus","Phocaeicola_vulgatus","T12","AST",-0.0512704894973395,0.0252430047366788,TRUE,"-"
"Streptococcus_gordonii","Streptococcus_gordonii","T12","AST",-0.0081467342931397,0.804722006650707,FALSE,"-"
"Intestinibacter_bartlettii","Intestinibacter_bartlettii","T12","AST",-0.0218830758250902,0.514059856113134,FALSE,"-"
"Oscillospiraceae_bacterium_CLA_AA_H250","Oscillospiraceae_bacterium_CLA_AA_H250","T12","AST",-0.0513456600900525,0.0181332122897569,TRUE,"-"
"Tyzzerella_nexilis","Tyzzerella_nexilis","T12","AST",-0.127586290659562,0.23144872181144,FALSE,"-"
"Dialister_pneumosintes","Dialister_pneumosintes","T12","AST",0.0204507122909929,1,FALSE,"+"
"Limosilactobacillus_portuensis","Limosilactobacillus_portuensis","T12","AST",-0.03561047222049,1,FALSE,"-"
"Veillonella_rogosae","Veillonella_rogosae","T12","AST",-0.0569318009373457,0.00930934626812162,TRUE,"-"
"Rothia_SGB49305","Rothia_SGB49305","T12","AST",0.153934285452464,1,FALSE,"+"
"Streptococcus_oralis","Streptococcus_oralis","T12","AST",-0.032912922396435,0.365666055619188,FALSE,"-"
"Streptococcus_intermedius","Streptococcus_intermedius","T12","AST",0.393636866626207,1,FALSE,"+"
"Streptococcus_anginosus","Streptococcus_anginosus","T12","AST",0.0448293155117425,0.0451811748296391,TRUE,"+"
"Corynebacterium_durum","Corynebacterium_durum","T12","AST",NA,1,FALSE,NA
"Eubacterium_rectale","Eubacterium_rectale","T12","AST",0.093507712539012,0.000107520174962351,TRUE,"+"
"Lacticaseibacillus_rhamnosus","Lacticaseibacillus_rhamnosus","T12","AST",-0.0422698302718585,0.301129560736141,FALSE,"-"
"Coprococcus_comes","Coprococcus_comes","T12","AST",0.00452933704786967,1,FALSE,"+"
"Faecalibacterium_prausnitzii","Faecalibacterium_prausnitzii","T12","AST",-0.012527072956058,0.543859461208417,FALSE,"-"
"Latilactobacillus_sakei","Latilactobacillus_sakei","T12","AST",-0.0802454548477867,0.234811336427829,FALSE,"-"
"GGB51647_SGB4348","GGB51647_SGB4348","T12","AST",0.000613905790741224,1,FALSE,"+"
"Ruminococcus_lactaris","Ruminococcus_lactaris","T12","AST",NA,1,FALSE,NA
"Lactococcus_cremoris","Lactococcus_cremoris","T12","AST",0.120183205218358,1,FALSE,"+"
"Mediterraneibacter_glycyrrhizinilyticus","Mediterraneibacter_glycyrrhizinilyticus","T12","AST",0.00771291995900682,0.720773376384242,FALSE,"+"
"Phocaeicola_dorei","Phocaeicola_dorei","T12","AST",0.0304850492411246,0.29074099368904,FALSE,"+"
"Bifidobacterium_animalis","Bifidobacterium_animalis","T12","AST",0.0372551596994255,0.118904974552967,FALSE,"+"
"Lactococcus_lactis","Lactococcus_lactis","T12","AST",-0.029740118744967,0.145984935946429,FALSE,"-"
"Bacteroides_uniformis","Bacteroides_uniformis","T12","AST",0.0102584090841254,0.676464801138063,FALSE,"+"
"Parabacteroides_merdae","Parabacteroides_merdae","T12","AST",-0.0902115834958813,0.00641151280284743,TRUE,"-"
"Parabacteroides_distasonis","Parabacteroides_distasonis","T12","AST",-0.147432903210256,4.61334053610912e-05,TRUE,"-"
"Gemmiger_formicilis","Gemmiger_formicilis","T12","AST",0.100822313866743,0.000124597362775998,TRUE,"+"
"Anaerostipes_caccae","Anaerostipes_caccae","T12","AST",-0.000810978683268981,1,FALSE,"-"
"Bifidobacterium_breve","Bifidobacterium_breve","T12","AST",-0.0940203451616342,0.0498880479945337,TRUE,"-"
"Acidaminococcus_intestini","Acidaminococcus_intestini","T12","AST",0.498741253766272,0.000997158051277354,TRUE,"+"
"Dialister_invisus","Dialister_invisus","T12","AST",-0.0536765753810766,0.00713750034330243,TRUE,"-"
"Parasutterella_SGB9260","Parasutterella_SGB9260","T12","AST",0.0416952270977992,0.0895050796180644,FALSE,"+"
"Ruminococcus_bromii","Ruminococcus_bromii","T12","AST",0.113925791916584,0.00327633759711273,TRUE,"+"
"Mediterraneibacter_faecis","Mediterraneibacter_faecis","T12","AST",0.0520429510861043,0.0389411599209443,TRUE,"+"
"Faecalicatena_fissicatena","Faecalicatena_fissicatena","T12","AST",-0.0730496597540529,0.00312181470597245,TRUE,"-"
"Blautia_obeum","Blautia_obeum","T12","AST",-0.0136320038390812,0.514059856113134,FALSE,"-"
"Collinsella_aerofaciens","Collinsella_aerofaciens","T12","AST",0.0151017032306367,0.432703265276392,FALSE,"+"
"Eubacterium_ramulus","Eubacterium_ramulus","T12","AST",0.0408373857884333,0.105946805337318,FALSE,"+"
"Roseburia_lenta","Roseburia_lenta","T12","AST",-5.6035298061769,0.00944760455116157,TRUE,"-"
"Candidatus_Cibionibacter_quicibialis","Candidatus_Cibionibacter_quicibialis","T12","AST",0.0434731531361051,0.0120969354875734,TRUE,"+"
"Anaeromassilibacillus_senegalensis","Anaeromassilibacillus_senegalensis","T12","AST",-0.0228853260512762,1,FALSE,"-"
"Gordonibacter_urolithinfaciens","Gordonibacter_urolithinfaciens","T12","AST",0.0271139318680226,0.084709571533529,FALSE,"+"
"Faecalicatena_contorta","Faecalicatena_contorta","T12","AST",-0.093484475166191,0.00538444346855485,TRUE,"-"
"Massilioclostridium_coli","Massilioclostridium_coli","T12","AST",0.248570805902172,0.0852714901082352,FALSE,"+"
"Clostridiales_bacterium_KLE1615","Clostridiales_bacterium_KLE1615","T12","AST",-0.0530762079867362,0.0883971151994038,FALSE,"-"
"Clostridia_bacterium_UC5_1_1D1","Clostridia_bacterium_UC5_1_1D1","T12","AST",-0.0283544734525583,0.46099316119787,FALSE,"-"
"Lactiplantibacillus_plantarum","Lactiplantibacillus_plantarum","T12","AST",0.0554471667310149,1,FALSE,"+"
"Enterobacter_hormaechei","Enterobacter_hormaechei","T12","AST",-0.115937538655841,1,FALSE,"-"
"Clostridiaceae_bacterium","Clostridiaceae_bacterium","T12","AST",0.0672832677775996,0.00204385089874231,TRUE,"+"
"Blautia_glucerasea","Blautia_glucerasea","T12","AST",0.00214282341380809,1,FALSE,"+"
"Schaalia_SGB17168","Schaalia_SGB17168","T12","AST",-0.0646104957633513,0.0216206378024467,TRUE,"-"
"Veillonella_tobetsuensis","Veillonella_tobetsuensis","T12","AST",4.15036262591346,1,FALSE,"+"
"GGB3256_SGB4303","GGB3256_SGB4303","T12","AST",-0.0156195640675593,0.485342995684195,FALSE,"-"
"Dorea_sp_AF36_15AT","Dorea_sp_AF36_15AT","T12","AST",0.021663252402358,0.214907141669678,FALSE,"+"
"Clostridiaceae_bacterium_Marseille_Q3526","Clostridiaceae_bacterium_Marseille_Q3526","T12","AST",NA,1,FALSE,NA
"Clostridium_SGB6179","Clostridium_SGB6179","T12","AST",-0.000890694692323335,1,FALSE,"-"
"Blautia_luti","Blautia_luti","T12","AST",-0.431604140325643,1,FALSE,"-"
"Faecalibacillus_SGB6753","Faecalibacillus_SGB6753","T12","AST",0.103270349600416,0.164299205511736,FALSE,"+"
"Clostridium_sp_AT4","Clostridium_sp_AT4","T12","AST",-0.106431164678245,0.00605736058956304,TRUE,"-"
"Clostridium_SGB4750","Clostridium_SGB4750","T12","AST",0.102735909939205,0.163412018608817,FALSE,"+"
"Phascolarctobacterium_faecium","Phascolarctobacterium_faecium","T12","AST",-0.0884587666573875,0.0605040998885501,FALSE,"-"
"Fusicatenibacter_sp_CLA_AA_H277","Fusicatenibacter_sp_CLA_AA_H277","T12","AST",0.0346230829865318,0.0732137011639551,FALSE,"+"
"Lachnospiraceae_bacterium","Lachnospiraceae_bacterium","T12","AST",-0.0249624673641682,0.176915498298652,FALSE,"-"
"Eubacterium_ventriosum","Eubacterium_ventriosum","T12","AST",0.0668364742685709,0.00342390141356423,TRUE,"+"
"Bacteroides_caccae","Bacteroides_caccae","T12","AST",-0.036709064536261,0.0484538510405065,TRUE,"-"
"GGB4456_SGB6141","GGB4456_SGB6141","T12","AST",0.0321855744595523,0.218456909323596,FALSE,"+"
"Alistipes_onderdonkii","Alistipes_onderdonkii","T12","AST",-0.0485061411515153,0.0280967083130922,TRUE,"-"
"Bacteroides_thetaiotaomicron","Bacteroides_thetaiotaomicron","T12","AST",-0.00130020037656415,1,FALSE,"-"
"Barnesiella_intestinihominis","Barnesiella_intestinihominis","T12","AST",0.074831340710318,0.0240311519178828,TRUE,"+"
"Lachnospira_eligens","Lachnospira_eligens","T12","AST",-0.0025079979118312,1,FALSE,"-"
"Klebsiella_pneumoniae","Klebsiella_pneumoniae","T12","AST",NA,1,FALSE,NA
"Ruminococcus_callidus","Ruminococcus_callidus","T12","AST",0.118718319209475,0.145984935946429,FALSE,"+"
"Blautia_SGB4815","Blautia_SGB4815","T12","AST",-0.00297188105358677,1,FALSE,"-"
"Faecalibacillus_intestinalis","Faecalibacillus_intestinalis","T12","AST",0.0778205586309386,0.00216880691239888,TRUE,"+"
"Lentihominibacter_faecis","Lentihominibacter_faecis","T12","AST",0.0159546615755287,0.365666055619188,FALSE,"+"
"Roseburia_intestinalis","Roseburia_intestinalis","T12","AST",0.126708517828262,0.000206062231913772,TRUE,"+"
"Clostridium_sp_AM49_4BH","Clostridium_sp_AM49_4BH","T12","AST",0.0461961789639335,0.0450636128608305,TRUE,"+"
"Roseburia_inulinivorans","Roseburia_inulinivorans","T12","AST",-0.00412718110810798,1,FALSE,"-"
"Ruminococcus_bicirculans","Ruminococcus_bicirculans","T12","AST",-0.0598717533682186,0.0270259479717525,TRUE,"-"
"Faecalibacterium_SGB15346","Faecalibacterium_SGB15346","T12","AST",0.0220950845380936,0.282443606961724,FALSE,"+"
"Blautia_sp_OF03_15BH","Blautia_sp_OF03_15BH","T12","AST",NA,1,FALSE,NA
"Roseburia_hominis","Roseburia_hominis","T12","AST",0.0379333534067329,0.0280967083130922,TRUE,"+"
"Lachnospiraceae_bacterium_CLA_AA_H244","Lachnospiraceae_bacterium_CLA_AA_H244","T12","AST",0.0261877915996873,0.145984935946429,FALSE,"+"
"Eubacteriaceae_bacterium","Eubacteriaceae_bacterium","T12","AST",-0.0959021618004342,0.018859117433826,TRUE,"-"
"Anaerotignum_faecicola","Anaerotignum_faecicola","T12","AST",NA,1,FALSE,NA
"Bacteroides_ovatus","Bacteroides_ovatus","T12","AST",-0.0236750037880367,0.145984935946429,FALSE,"-"
"Wansuia_hejianensis","Wansuia_hejianensis","T12","AST",0.0171902491047304,0.483283825329029,FALSE,"+"
"Clostridium_fessum","Clostridium_fessum","T12","AST",-0.0488639228152473,0.0450636128608305,TRUE,"-"
"GGB3109_SGB4121","GGB3109_SGB4121","T12","AST",-0.0218452546944751,0.218005502940616,FALSE,"-"
"Clostridium_sp_1001270J_160509_D11","Clostridium_sp_1001270J_160509_D11","T12","AST",-0.139616332855254,0.00116071903180331,TRUE,"-"
"GGB9730_SGB15290","GGB9730_SGB15290","T12","AST",-0.464670112474494,1,FALSE,"-"
"Clostridium_leptum","Clostridium_leptum","T12","AST",-0.126691891008453,0.0108166079363833,TRUE,"-"
"Adlercreutzia_equolifaciens","Adlercreutzia_equolifaciens","T12","AST",0.0573903783765223,0.00677522209557524,TRUE,"+"
"GGB36331_SGB15121","GGB36331_SGB15121","T12","AST",1.00413328554645,1,FALSE,"+"
"Gordonibacter_pamelaeae","Gordonibacter_pamelaeae","T12","AST",0.0716923273667765,0.214907141669678,FALSE,"+"
"Zhenpiania_hominis","Zhenpiania_hominis","T12","AST",-0.201174953217243,0.00107782105346117,TRUE,"-"
"Alistipes_dispar","Alistipes_dispar","T12","AST",-0.0915222967011803,1,FALSE,"-"
"Hydrogeniiclostridium_mannosilyticum","Hydrogeniiclostridium_mannosilyticum","T12","AST",-0.334381959042703,0.0702021868772467,FALSE,"-"
"Lacrimispora_amygdalina","Lacrimispora_amygdalina","T12","AST",6.6417227277603,1,FALSE,"+"
"Bittarella_massiliensis","Bittarella_massiliensis","T12","AST",0.141993183679088,0.0280967083130922,TRUE,"+"
"Rubneribacter_badeniensis","Rubneribacter_badeniensis","T12","AST",0.0113323894158854,1,FALSE,"+"
"GGB9715_SGB15265","GGB9715_SGB15265","T12","AST",0.06990147365489,0.0780419090020399,FALSE,"+"
"GGB9730_SGB15291","GGB9730_SGB15291","T12","AST",0.221933258182403,0.0895050796180644,FALSE,"+"
"Coprococcus_eutactus","Coprococcus_eutactus","T12","AST",-0.287852031933733,0.0775360406577054,FALSE,"-"
"Wujia_chipingensis","Wujia_chipingensis","T12","AST",-0.545124424535152,1,FALSE,"-"
"Clostridium_sp_AF36_4","Clostridium_sp_AF36_4","T12","AST",NA,1,FALSE,NA
"GGB9559_SGB14969","GGB9559_SGB14969","T12","AST",-2.18952737411007,1,FALSE,"-"
"Akkermansia_muciniphila","Akkermansia_muciniphila","T12","AST",-0.127324554339718,0.000997158051277354,TRUE,"-"
"GGB9699_SGB15216","GGB9699_SGB15216","T12","AST",1.1965099030849,0.0284189462689266,TRUE,"+"
"Alistipes_shahii","Alistipes_shahii","T12","AST",0.0650820152200882,0.224999067647715,FALSE,"+"
"Mediterraneibacter_butyricigenes","Mediterraneibacter_butyricigenes","T12","AST",0.0867466897257868,0.00292586235406977,TRUE,"+"
"Oscillibacter_valericigenes","Oscillibacter_valericigenes","T12","AST",-0.215631426814996,0.0165066292228587,TRUE,"-"
"Alistipes_communis","Alistipes_communis","T12","AST",-0.0383200981546324,0.167765106483298,FALSE,"-"
"Clostridium_saccharogumia","Clostridium_saccharogumia","T12","AST",-0.0231771436959061,0.46099316119787,FALSE,"-"
"Vescimonas_coprocola","Vescimonas_coprocola","T12","AST",-0.0297061584547883,0.119956666746202,FALSE,"-"
"Eisenbergiella_tayi","Eisenbergiella_tayi","T12","AST",0.0165821401989728,0.39632923221103,FALSE,"+"
"GGB3585_SGB4803","GGB3585_SGB4803","T12","AST",-1.70042353665077,1,FALSE,"-"
"Bilophila_wadsworthia","Bilophila_wadsworthia","T12","AST",-0.177723174685206,0.00107782105346117,TRUE,"-"
"Propionibacterium_acidifaciens","Propionibacterium_acidifaciens","T12","AST",0.0975418693979324,1,FALSE,"+"
"Bifidobacterium_adolescentis","Bifidobacterium_adolescentis","T12","AST",0.0984672309461236,0.00342390141356423,TRUE,"+"
"Evtepia_gabavorous","Evtepia_gabavorous","T12","AST",0.0611192049843984,0.0300842204010306,TRUE,"+"
"Blautia_hydrogenotrophica","Blautia_hydrogenotrophica","T12","AST",0.292508746383664,1,FALSE,"+"
"Clostridium_sp_AM22_11AC","Clostridium_sp_AM22_11AC","T12","AST",-0.235336531470026,0.0883971151994038,FALSE,"-"
"GGB4277_SGB5832","GGB4277_SGB5832","T12","AST",-0.0174273191175192,0.543859461208417,FALSE,"-"
"Bacteroides_stercoris","Bacteroides_stercoris","T12","AST",-0.0569717274785607,0.0465853626255296,TRUE,"-"
"Enterocloster_hominis","Enterocloster_hominis","T12","AST",0.0317908700666964,0.133371961629273,FALSE,"+"
"GGB3005_SGB3996","GGB3005_SGB3996","T12","AST",-0.555185618810092,1,FALSE,"-"
"Alistipes_ihumii","Alistipes_ihumii","T12","AST",-0.134427432251418,0.139630129931254,FALSE,"-"
"GGB2653_SGB3574","GGB2653_SGB3574","T12","AST",0.158501960851811,1,FALSE,"+"
"GGB51441_SGB71759","GGB51441_SGB71759","T12","AST",-8.65878272694689,1,FALSE,"-"
"Firmicutes_bacterium","Firmicutes_bacterium","T12","AST",-0.0125458587861452,0.51984971813398,FALSE,"-"
"Slackia_isoflavoniconvertens","Slackia_isoflavoniconvertens","T12","AST",-0.633615424667983,1,FALSE,"-"
"Faecalibacterium_sp_CLA_AA_H233","Faecalibacterium_sp_CLA_AA_H233","T12","AST",0.612316224505309,1,FALSE,"+"
"GGB3730_SGB5060","GGB3730_SGB5060","T12","AST",-0.0441776068841995,0.29605345320871,FALSE,"-"
"GGB3537_SGB4727","GGB3537_SGB4727","T12","AST",0.00100070196322,1,FALSE,"+"
"GGB3600_SGB4859","GGB3600_SGB4859","T12","AST",0.0788954156757116,1,FALSE,"+"
"Neobittarella_massiliensis","Neobittarella_massiliensis","T12","AST",-0.0408904841836625,0.161325075397699,FALSE,"-"
"Lacticaseibacillus_paracasei","Lacticaseibacillus_paracasei","T12","AST",0.0194399509633311,0.380997032107412,FALSE,"+"
"GGB9719_SGB15272","GGB9719_SGB15272","T12","AST",NA,1,FALSE,NA
"Bifidobacterium_dentium","Bifidobacterium_dentium","T12","AST",0.316178534162942,1,FALSE,"+"
"Collinsella_intestinalis","Collinsella_intestinalis","T12","AST",8.87800318335643,1,FALSE,"+"
"Lactonifactor_longoviformis","Lactonifactor_longoviformis","T12","AST",0.264121019808555,0.0825265365267921,FALSE,"+"
"Parasutterella_excrementihominis","Parasutterella_excrementihominis","T12","AST",-0.11873978078369,0.145984935946429,FALSE,"-"
"GGB3511_SGB4688","GGB3511_SGB4688","T12","AST",0.0291942657109839,0.169132801584041,FALSE,"+"
"Lentihominibacter_hominis","Lentihominibacter_hominis","T12","AST",0.056455916481207,0.248927970587492,FALSE,"+"
"GGB3277_SGB4327","GGB3277_SGB4327","T12","AST",0.55723041566244,1,FALSE,"+"
"Eubacterium_sp_c_25","Eubacterium_sp_c_25","T12","AST",0.0154455240888293,0.463421156885562,FALSE,"+"
"GGB32387_SGB47381","GGB32387_SGB47381","T12","AST",NA,1,FALSE,NA
"GGB45432_SGB63101","GGB45432_SGB63101","T12","AST",-0.256101816354233,1,FALSE,"-"
"Blautia_sp_MCC283","Blautia_sp_MCC283","T12","AST",0.0238501100714756,0.299560346755734,FALSE,"+"
"Cutibacterium_acnes","Cutibacterium_acnes","T0","GGT",-0.00187073792557134,0.0339111375264484,TRUE,"-"
"Staphylococcus_aureus","Staphylococcus_aureus","T0","GGT",0.0585219458195182,1.3835033676307e-05,TRUE,"+"
"Streptococcus_mitis","Streptococcus_mitis","T0","GGT",0.0362240755440492,3.37712714042943e-09,TRUE,"+"
"Streptococcus_sanguinis","Streptococcus_sanguinis","T0","GGT",0.0424964785485667,6.50624399621675e-12,TRUE,"+"
"Actinomyces_sp_ICM47","Actinomyces_sp_ICM47","T0","GGT",-0.0541825835681609,0.000258303370794124,TRUE,"-"
"Enterocloster_clostridioformis","Enterocloster_clostridioformis","T0","GGT",-0.000523692472772952,0.89225486638406,FALSE,"-"
"Ruminococcus_gnavus","Ruminococcus_gnavus","T0","GGT",0.000313416043604919,0.928934089692483,FALSE,"+"
"Longicatena_caecimuris","Longicatena_caecimuris","T0","GGT",0.0562785504996027,0.000290761354504156,TRUE,"+"
"Clostridium_symbiosum","Clostridium_symbiosum","T0","GGT",0.0212473733837866,7.63632195292898e-14,TRUE,"+"
"Eisenbergiella_massiliensis","Eisenbergiella_massiliensis","T0","GGT",0.080215128838061,0.00761780601743797,TRUE,"+"
"Streptococcus_thermophilus","Streptococcus_thermophilus","T0","GGT",-0.00102336904780953,0.665156703705345,FALSE,"-"
"Eggerthella_lenta","Eggerthella_lenta","T0","GGT",0.00489537318778893,0.000395071854960179,TRUE,"+"
"Lancefieldella_parvula","Lancefieldella_parvula","T0","GGT",NA,1,FALSE,NA
"Erysipelatoclostridium_ramosum","Erysipelatoclostridium_ramosum","T0","GGT",-0.00262846719220072,0.00120954728423681,TRUE,"-"
"Ruminococcus_torques","Ruminococcus_torques","T0","GGT",-0.00392908449038674,0.00156953767928946,TRUE,"-"
"Hungatella_hathewayi","Hungatella_hathewayi","T0","GGT",0.0129349383949794,1.11958634317702e-08,TRUE,"+"
"Enterocloster_lavalensis","Enterocloster_lavalensis","T0","GGT",-0.0416362699817571,1.24348207936281e-06,TRUE,"-"
"Flavonifractor_plautii","Flavonifractor_plautii","T0","GGT",-0.0068524046400734,3.70891990295401e-07,TRUE,"-"
"Faecalimonas_umbilicata","Faecalimonas_umbilicata","T0","GGT",-0.0198078277257177,8.66465473726955e-11,TRUE,"-"
"Blautia_hansenii","Blautia_hansenii","T0","GGT",-0.0297903773417398,7.63632195292898e-14,TRUE,"-"
"Enterocloster_aldenensis","Enterocloster_aldenensis","T0","GGT",-0.00498962414115729,0.000170422411229813,TRUE,"-"
"Oliverpabstia_intestinalis","Oliverpabstia_intestinalis","T0","GGT",0.0662279103068276,4.51438167551137e-11,TRUE,"+"
"Sellimonas_intestinalis","Sellimonas_intestinalis","T0","GGT",0.0145357480223005,2.65608726798895e-10,TRUE,"+"
"Schaalia_odontolytica","Schaalia_odontolytica","T0","GGT",0.0133063998410586,1.17546518271511e-06,TRUE,"+"
"Blautia_producta","Blautia_producta","T0","GGT",-0.0178786206737218,8.28595439890086e-15,TRUE,"-"
"Streptococcus_salivarius","Streptococcus_salivarius","T0","GGT",0.000552772342075638,0.753616984823167,FALSE,"+"
"Clostridium_spiroforme","Clostridium_spiroforme","T0","GGT",0.0384307626353854,4.2590923075057e-09,TRUE,"+"
"GGB3433_SGB4574","GGB3433_SGB4574","T0","GGT",0.0541248448757677,0.000413648282110084,TRUE,"+"
"Clostridium_scindens","Clostridium_scindens","T0","GGT",-0.00281984875820344,0.00449886983790309,TRUE,"-"
"Fusicatenibacter_saccharivorans","Fusicatenibacter_saccharivorans","T0","GGT",-0.00210910671147493,0.229067926135615,FALSE,"-"
"Clostridia_bacterium","Clostridia_bacterium","T0","GGT",-0.00868416249420941,0.000258303370794124,TRUE,"-"
"Clostridium_innocuum","Clostridium_innocuum","T0","GGT",0.0146578492507669,6.8258392393647e-12,TRUE,"+"
"Anaerostipes_hadrus","Anaerostipes_hadrus","T0","GGT",-0.000711198313256322,0.673421906106387,FALSE,"-"
"Solobacterium_moorei","Solobacterium_moorei","T0","GGT",-0.00158114424964247,0.197150811449902,FALSE,"-"
"Gemella_sanguinis","Gemella_sanguinis","T0","GGT",0.0448793664671407,4.09865024219774e-11,TRUE,"+"
"Streptococcus_australis","Streptococcus_australis","T0","GGT",-0.0208739569271769,6.57579498929485e-08,TRUE,"-"
"Agathobaculum_butyriciproducens","Agathobaculum_butyriciproducens","T0","GGT",-1.45998024611212e-05,1,FALSE,"-"
"Schaalia_SGB17157","Schaalia_SGB17157","T0","GGT",0.00329467483567198,0.00276170656933427,TRUE,"+"
"Turicibacter_bilis","Turicibacter_bilis","T0","GGT",0.0323803158919923,6.57579498929485e-08,TRUE,"+"
"Alistipes_finegoldii","Alistipes_finegoldii","T0","GGT",0.0657354793406331,0.00914248580373962,TRUE,"+"
"Actinomyces_sp_ph3","Actinomyces_sp_ph3","T0","GGT",0.0376773477664377,1.00979483769254e-14,TRUE,"+"
"Veillonella_dispar","Veillonella_dispar","T0","GGT",0.073073221752958,1.19405542547582e-12,TRUE,"+"
"Ruthenibacterium_lactatiformans","Ruthenibacterium_lactatiformans","T0","GGT",-0.0135701969797109,1.53938916880772e-10,TRUE,"-"
"Roseburia_faecis","Roseburia_faecis","T0","GGT",-0.00167779671097128,0.0947729571565067,FALSE,"-"
"Actinomyces_oris","Actinomyces_oris","T0","GGT",-0.000223600135899465,0.943643966356376,FALSE,"-"
"Bacteroides_fragilis","Bacteroides_fragilis","T0","GGT",-0.000381732706045586,0.911689948689987,FALSE,"-"
"Romboutsia_timonensis","Romboutsia_timonensis","T0","GGT",0.00120931470100731,0.314997700989208,FALSE,"+"
"Clostridiaceae_bacterium_AF18_31LB","Clostridiaceae_bacterium_AF18_31LB","T0","GGT",0.0094276461508938,1,FALSE,"+"
"Blautia_massiliensis","Blautia_massiliensis","T0","GGT",0.0146052468053714,8.50158948772147e-11,TRUE,"+"
"Streptococcus_parasanguinis","Streptococcus_parasanguinis","T0","GGT",-0.00712999959875573,2.03564021409018e-05,TRUE,"-"
"Abiotrophia_defectiva","Abiotrophia_defectiva","T0","GGT",NA,1,FALSE,NA
"Mogibacterium_diversum","Mogibacterium_diversum","T0","GGT",-0.00381434149035364,0.00394414445645501,TRUE,"-"
"Escherichia_coli","Escherichia_coli","T0","GGT",0.002494035243774,0.109407492033423,FALSE,"+"
"Enterococcus_faecium","Enterococcus_faecium","T0","GGT",-0.00153072297181428,0.449519340143291,FALSE,"-"
"Actinomyces_SGB17132","Actinomyces_SGB17132","T0","GGT",-0.0219739678248794,7.50781993989835e-09,TRUE,"-"
"bacterium_210917_SL_2_15","bacterium_210917_SL_2_15","T0","GGT",0.00184778420575216,0.260044007768168,FALSE,"+"
"Schaalia_SGB17158","Schaalia_SGB17158","T0","GGT",0.0295894390561017,0.000875084523771468,TRUE,"+"
"Clostridium_saudiense","Clostridium_saudiense","T0","GGT",0.0271700987813612,1.27491507934067e-08,TRUE,"+"
"Clostridium_SGB6173","Clostridium_SGB6173","T0","GGT",0.000364495190912234,0.779886761352693,FALSE,"+"
"Bacteroides_xylanisolvens","Bacteroides_xylanisolvens","T0","GGT",0.00159724224178238,0.061176765862561,FALSE,"+"
"Clostridium_perfringens","Clostridium_perfringens","T0","GGT",-0.0389467695070722,1.88793312868226e-07,TRUE,"-"
"Scardovia_wiggsiae","Scardovia_wiggsiae","T0","GGT",0.000732859058860823,0.381032222852909,FALSE,"+"
"Granulicatella_SGB8255","Granulicatella_SGB8255","T0","GGT",-0.0214941145734738,6.58421006979961e-09,TRUE,"-"
"Roseburia_sp_AF02_12","Roseburia_sp_AF02_12","T0","GGT",0.0175740959038569,0.00258907715387849,TRUE,"+"
"Granulicatella_adiacens","Granulicatella_adiacens","T0","GGT",-0.0345422784519057,0.0171578129941591,TRUE,"-"
"Blautia_SGB4793","Blautia_SGB4793","T0","GGT",-0.0551000605185793,0.0105677049499725,TRUE,"-"
"Actinomyces_naeslundii","Actinomyces_naeslundii","T0","GGT",0.00575665278251661,0.00277621266706464,TRUE,"+"
"Gemella_haemolysans","Gemella_haemolysans","T0","GGT",NA,1,FALSE,NA
"Clostridium_paraputrificum","Clostridium_paraputrificum","T0","GGT",-0.0638215054239373,0.010416861792761,TRUE,"-"
"Rothia_mucilaginosa","Rothia_mucilaginosa","T0","GGT",-0.000499646003282674,0.755431703278774,FALSE,"-"
"Streptococcus_vestibularis","Streptococcus_vestibularis","T0","GGT",-0.000231938346472018,0.982686037774,FALSE,"-"
"Enterocloster_bolteae","Enterocloster_bolteae","T0","GGT",-0.0156603951278877,2.6663428001485e-10,TRUE,"-"
"Lachnospira_pectinoschiza","Lachnospira_pectinoschiza","T0","GGT",-0.00523485042245495,0.00642171094663534,TRUE,"-"
"Streptococcus_infantis","Streptococcus_infantis","T0","GGT",NA,1,FALSE,NA
"Butyricicoccus_SGB14985","Butyricicoccus_SGB14985","T0","GGT",-0.0130946689594647,0.0406410872307576,TRUE,"-"
"Enterococcus_faecalis","Enterococcus_faecalis","T0","GGT",-0.0054226857059291,0.016620801589869,TRUE,"-"
"Veillonella_atypica","Veillonella_atypica","T0","GGT",-0.0730483227840807,9.6924921836304e-08,TRUE,"-"
"Dorea_longicatena","Dorea_longicatena","T0","GGT",-0.00190488659383698,0.0687077021905304,FALSE,"-"
"Bifidobacterium_bifidum","Bifidobacterium_bifidum","T0","GGT",-0.00764049141715679,5.28427697221734e-05,TRUE,"-"
"Blautia_wexlerae","Blautia_wexlerae","T0","GGT",-0.00315428190614301,0.00260786384709096,TRUE,"-"
"Bifidobacterium_longum","Bifidobacterium_longum","T0","GGT",-0.0041805703286046,0.0109805851596532,TRUE,"-"
"Bifidobacterium_pseudocatenulatum","Bifidobacterium_pseudocatenulatum","T0","GGT",0.385865081281614,3.35113429687235e-09,TRUE,"+"
"Anaerobutyricum_soehngenii","Anaerobutyricum_soehngenii","T0","GGT",0.0118710705831891,1.56869730064619e-09,TRUE,"+"
"Streptococcus_mutans","Streptococcus_mutans","T0","GGT",0.00419392096389837,0.139432495365347,FALSE,"+"
"Anaerobutyricum_hallii","Anaerobutyricum_hallii","T0","GGT",0.00134196803065636,0.280218604486727,FALSE,"+"
"Veillonella_parvula","Veillonella_parvula","T0","GGT",0.00355108177988659,0.0153449197332904,TRUE,"+"
"Coprococcus_catus","Coprococcus_catus","T0","GGT",-0.0171327330660222,9.58991218846199e-09,TRUE,"-"
"Dorea_formicigenerans","Dorea_formicigenerans","T0","GGT",0.0260413610726206,7.63669290400929e-13,TRUE,"+"
"Megasphaera_micronuciformis","Megasphaera_micronuciformis","T0","GGT",0.132156251324407,0.00532445638405219,TRUE,"+"
"Blautia_faecis","Blautia_faecis","T0","GGT",-0.0247929617417292,7.45731383691973e-15,TRUE,"-"
"Blautia_caecimuris","Blautia_caecimuris","T0","GGT",0.0156390661060596,1.8957928791073e-09,TRUE,"+"
"GGB3550_SGB4746","GGB3550_SGB4746","T0","GGT",0.244761899657638,0.00276170656933427,TRUE,"+"
"GGB3653_SGB4964","GGB3653_SGB4964","T0","GGT",0.0622545870727667,0.000380016700169709,TRUE,"+"
"Phocaeicola_vulgatus","Phocaeicola_vulgatus","T0","GGT",0.0216664455576238,4.26279067983175e-10,TRUE,"+"
"Streptococcus_gordonii","Streptococcus_gordonii","T0","GGT",0.0428163171197382,1.49860643549407e-08,TRUE,"+"
"Intestinibacter_bartlettii","Intestinibacter_bartlettii","T0","GGT",0.0431327071258256,7.50800449775129e-12,TRUE,"+"
"Oscillospiraceae_bacterium_CLA_AA_H250","Oscillospiraceae_bacterium_CLA_AA_H250","T0","GGT",0.0548487811397693,3.1509656301235e-09,TRUE,"+"
"Tyzzerella_nexilis","Tyzzerella_nexilis","T0","GGT",0.00234721909804172,0.0590231401744889,FALSE,"+"
"Dialister_pneumosintes","Dialister_pneumosintes","T0","GGT",0.123390741274851,1,FALSE,"+"
"Veillonella_rogosae","Veillonella_rogosae","T0","GGT",-0.0119408825814588,0.000542555844540633,TRUE,"-"
"Rothia_SGB49305","Rothia_SGB49305","T0","GGT",-0.000123195788508683,1,FALSE,"-"
"Streptococcus_oralis","Streptococcus_oralis","T0","GGT",-0.00243060977989126,0.0293031379955245,TRUE,"-"
"Streptococcus_intermedius","Streptococcus_intermedius","T0","GGT",-0.00767972359794628,0.00258907715387849,TRUE,"-"
"Gemella_morbillorum","Gemella_morbillorum","T0","GGT",-0.624325167608249,1,FALSE,"-"
"Fusobacterium_nucleatum","Fusobacterium_nucleatum","T0","GGT",0.0417152413995858,3.15905123643174e-05,TRUE,"+"
"Streptococcus_anginosus","Streptococcus_anginosus","T0","GGT",-0.00372392932784229,0.00207803964250208,TRUE,"-"
"Corynebacterium_durum","Corynebacterium_durum","T0","GGT",-0.0114122652164597,0.0049539595061974,TRUE,"-"
"Eubacterium_rectale","Eubacterium_rectale","T0","GGT",-0.0130359292198797,1.71387807474978e-08,TRUE,"-"
"Lacticaseibacillus_rhamnosus","Lacticaseibacillus_rhamnosus","T0","GGT",-0.218361220220578,3.17381020423109e-11,TRUE,"-"
"Coprococcus_comes","Coprococcus_comes","T0","GGT",-0.0128464959646324,6.00428717016682e-08,TRUE,"-"
"Faecalibacterium_prausnitzii","Faecalibacterium_prausnitzii","T0","GGT",-0.0195289839369019,1.66292097399092e-11,TRUE,"-"
"Latilactobacillus_sakei","Latilactobacillus_sakei","T0","GGT",0.00878070288190153,0.000280561619609237,TRUE,"+"
"GGB51647_SGB4348","GGB51647_SGB4348","T0","GGT",0.0425708350551716,5.24851992603609e-08,TRUE,"+"
"Actinomyces_johnsonii","Actinomyces_johnsonii","T0","GGT",-0.170553150676444,3.9687383831659e-05,TRUE,"-"
"Ruminococcus_lactaris","Ruminococcus_lactaris","T0","GGT",-0.086194709044859,1,FALSE,"-"
"Mediterraneibacter_glycyrrhizinilyticus","Mediterraneibacter_glycyrrhizinilyticus","T0","GGT",-0.10950161325455,7.45731383691973e-15,TRUE,"-"
"Phocaeicola_dorei","Phocaeicola_dorei","T0","GGT",0.00605022976367002,0.00017809177756051,TRUE,"+"
"Ligilactobacillus_saerimneri","Ligilactobacillus_saerimneri","T0","GGT",-0.0154596869620625,0.0398433123010401,TRUE,"-"
"Actinomyces_massiliensis","Actinomyces_massiliensis","T0","GGT",0.287622578880208,1.27351523614969e-05,TRUE,"+"
"Bifidobacterium_animalis","Bifidobacterium_animalis","T0","GGT",0.630324746278886,3.19856534102275e-14,TRUE,"+"
"Blautia_SGB59878","Blautia_SGB59878","T0","GGT",-0.105452235049716,1,FALSE,"-"
"Lactococcus_lactis","Lactococcus_lactis","T0","GGT",0.0345683982149717,4.63762601082275e-10,TRUE,"+"
"Bacteroides_uniformis","Bacteroides_uniformis","T0","GGT",-0.00277746075125914,0.0116710740869099,TRUE,"-"
"Parabacteroides_merdae","Parabacteroides_merdae","T0","GGT",0.00352517700753761,0.00444571977836196,TRUE,"+"
"Parabacteroides_distasonis","Parabacteroides_distasonis","T0","GGT",-0.00118982072147317,0.378410332883258,FALSE,"-"
"Gemmiger_formicilis","Gemmiger_formicilis","T0","GGT",0.111432414928557,8.27600954460981e-09,TRUE,"+"
"Anaerostipes_caccae","Anaerostipes_caccae","T0","GGT",-0.00205057040298627,0.116934597590767,FALSE,"-"
"Bifidobacterium_breve","Bifidobacterium_breve","T0","GGT",0.668247650186003,3.76432593694957e-06,TRUE,"+"
"Acidaminococcus_intestini","Acidaminococcus_intestini","T0","GGT",-0.00023355655420632,0.919739272882861,FALSE,"-"
"Dialister_invisus","Dialister_invisus","T0","GGT",0.0890121515975691,3.04466504115697e-14,TRUE,"+"
"Parasutterella_SGB9260","Parasutterella_SGB9260","T0","GGT",0.222484782190583,1,FALSE,"+"
"Ruminococcus_bromii","Ruminococcus_bromii","T0","GGT",-0.0824483761270617,6.8258392393647e-12,TRUE,"-"
"Mediterraneibacter_faecis","Mediterraneibacter_faecis","T0","GGT",0.00153520864662741,0.194938820959986,FALSE,"+"
"Faecalicatena_fissicatena","Faecalicatena_fissicatena","T0","GGT",0.0335462967403785,0.00103809642119226,TRUE,"+"
"Blautia_obeum","Blautia_obeum","T0","GGT",-0.012193729316892,1.22374074852202e-07,TRUE,"-"
"Collinsella_aerofaciens","Collinsella_aerofaciens","T0","GGT",-0.0416822264698061,7.45731383691973e-15,TRUE,"-"
"Eubacterium_ramulus","Eubacterium_ramulus","T0","GGT",-0.0354590385799462,2.74844442754739e-08,TRUE,"-"
"Roseburia_lenta","Roseburia_lenta","T0","GGT",0.875307767292757,1,FALSE,"+"
"Solobacterium_SGB6829","Solobacterium_SGB6829","T0","GGT",-0.0747525441689964,3.75785275015338e-09,TRUE,"-"
"Peptostreptococcus_SGB749","Peptostreptococcus_SGB749","T0","GGT",-3.06593612371119,1,FALSE,"-"
"Eubacterium_sulci","Eubacterium_sulci","T0","GGT",0.0218157566757177,3.48309060817095e-06,TRUE,"+"
"Limosilactobacillus_mucosae","Limosilactobacillus_mucosae","T0","GGT",-0.0874587263163901,1,FALSE,"-"
"Candidatus_Cibionibacter_quicibialis","Candidatus_Cibionibacter_quicibialis","T0","GGT",0.0483969657281559,2.7060640105883e-11,TRUE,"+"
"Pediococcus_acidilactici","Pediococcus_acidilactici","T0","GGT",0.35126539670249,1,FALSE,"+"
"Drancourtella_massiliensis","Drancourtella_massiliensis","T0","GGT",0.133320504367064,1,FALSE,"+"
"Anaeromassilibacillus_senegalensis","Anaeromassilibacillus_senegalensis","T0","GGT",-0.123747100394214,1.3125039667268e-08,TRUE,"-"
"Gordonibacter_urolithinfaciens","Gordonibacter_urolithinfaciens","T0","GGT",0.00462885963118886,0.000329823694997035,TRUE,"+"
"Schaalia_meyeri","Schaalia_meyeri","T0","GGT",-0.00323746873995692,0.00600624653255181,TRUE,"-"
"Faecalicatena_contorta","Faecalicatena_contorta","T0","GGT",-0.053642542922344,8.42584977247716e-10,TRUE,"-"
"Massilioclostridium_coli","Massilioclostridium_coli","T0","GGT",-0.0227862020594858,2.10369080297405e-08,TRUE,"-"
"Clostridiales_bacterium_KLE1615","Clostridiales_bacterium_KLE1615","T0","GGT",-0.0231225517910847,6.71235511015388e-07,TRUE,"-"
"Merdimonas_faecis","Merdimonas_faecis","T0","GGT",1.43144437552789,1,FALSE,"+"
"Clostridia_bacterium_UC5_1_1D1","Clostridia_bacterium_UC5_1_1D1","T0","GGT",-0.031986304164175,1.00979483769254e-14,TRUE,"-"
"Clostridioides_difficile","Clostridioides_difficile","T0","GGT",-0.0345870316188699,2.72611821089051e-05,TRUE,"-"
"Lactiplantibacillus_plantarum","Lactiplantibacillus_plantarum","T0","GGT",NA,1,FALSE,NA
"Clostridiaceae_bacterium","Clostridiaceae_bacterium","T0","GGT",0.0336813626160652,1.35419875602202e-11,TRUE,"+"
"Blautia_glucerasea","Blautia_glucerasea","T0","GGT",-0.0267867980564633,3.22555630231572e-11,TRUE,"-"
"Schaalia_SGB17168","Schaalia_SGB17168","T0","GGT",0.0526714364930429,1.1438882844063e-05,TRUE,"+"
"TM7_phylum_sp_oral_taxon_352","TM7_phylum_sp_oral_taxon_352","T0","GGT",-0.117055895924585,5.90816029738628e-05,TRUE,"-"
"GGB3256_SGB4303","GGB3256_SGB4303","T0","GGT",-0.866671874232811,1,FALSE,"-"
"Dorea_sp_AF36_15AT","Dorea_sp_AF36_15AT","T0","GGT",0.00796248375986647,1.4896946251624e-05,TRUE,"+"
"Clostridiaceae_bacterium_Marseille_Q3526","Clostridiaceae_bacterium_Marseille_Q3526","T0","GGT",-0.0176855212334599,0.00208030721802586,TRUE,"-"
"Clostridium_SGB6179","Clostridium_SGB6179","T0","GGT",-0.36467056024785,0.00198048600396513,TRUE,"-"
"GGB9512_SGB14909","GGB9512_SGB14909","T0","GGT",0.177001939324417,1,FALSE,"+"
"Clostridium_sp_AT4","Clostridium_sp_AT4","T0","GGT",0.112913337898496,2.73298382240813e-08,TRUE,"+"
"Clostridium_SGB4750","Clostridium_SGB4750","T0","GGT",-0.287630469887859,1,FALSE,"-"
"Actinomyces_gerencseriae","Actinomyces_gerencseriae","T0","GGT",0.142269636042497,0.00449886983790309,TRUE,"+"
"Phascolarctobacterium_faecium","Phascolarctobacterium_faecium","T0","GGT",-0.160517088671821,3.29547599981814e-05,TRUE,"-"
"Sutterella_wadsworthensis","Sutterella_wadsworthensis","T0","GGT",1.31940269124405,1,FALSE,"+"
"Fusicatenibacter_sp_CLA_AA_H277","Fusicatenibacter_sp_CLA_AA_H277","T0","GGT",0.0983825066889546,1,FALSE,"+"
"Lachnospiraceae_bacterium","Lachnospiraceae_bacterium","T0","GGT",0.118815498250139,8.52739537047457e-05,TRUE,"+"
"Leuconostoc_carnosum","Leuconostoc_carnosum","T0","GGT",0.228560264346308,1,FALSE,"+"
"Eubacterium_ventriosum","Eubacterium_ventriosum","T0","GGT",1.009764046156,0.000792897657146419,TRUE,"+"
"GGB3819_SGB5184","GGB3819_SGB5184","T0","GGT",0.109865009090666,0.000138402089138272,TRUE,"+"
"Pseudoflavonifractor_phocaeensis","Pseudoflavonifractor_phocaeensis","T0","GGT",0.310839456103637,0.00227102286566546,TRUE,"+"
"Bacteroides_caccae","Bacteroides_caccae","T0","GGT",-0.00707371102721921,0.000408241731682107,TRUE,"-"
"Alistipes_onderdonkii","Alistipes_onderdonkii","T0","GGT",0.211467235803784,4.40465642605433e-14,TRUE,"+"
"Bacteroides_thetaiotaomicron","Bacteroides_thetaiotaomicron","T0","GGT",0.0163348514863828,1.15064709850386e-06,TRUE,"+"
"GGB3433_SGB4573","GGB3433_SGB4573","T0","GGT",-0.00779145416227481,0.0120021074212253,TRUE,"-"
"Klebsiella_pneumoniae","Klebsiella_pneumoniae","T0","GGT",-0.0871096658150206,0.0105677049499725,TRUE,"-"
"Blautia_SGB4815","Blautia_SGB4815","T0","GGT",0.0102093276817771,1.68589860505175e-05,TRUE,"+"
"Faecalibacillus_intestinalis","Faecalibacillus_intestinalis","T0","GGT",0.0594660273371474,6.93898099015024e-06,TRUE,"+"
"Lentihominibacter_faecis","Lentihominibacter_faecis","T0","GGT",0.0707346185906739,4.36764263807007e-06,TRUE,"+"
"Roseburia_intestinalis","Roseburia_intestinalis","T0","GGT",-0.105160919345851,1.24777946952118e-09,TRUE,"-"
"Clostridium_sp_AM49_4BH","Clostridium_sp_AM49_4BH","T0","GGT",-0.282549135442675,1,FALSE,"-"
"Roseburia_inulinivorans","Roseburia_inulinivorans","T0","GGT",0.0284465063375195,0.000911931663439989,TRUE,"+"
"Ruminococcus_bicirculans","Ruminococcus_bicirculans","T0","GGT",-0.111034174784915,2.09567042067074e-06,TRUE,"-"
"Faecalibacterium_SGB15346","Faecalibacterium_SGB15346","T0","GGT",0.0251084176203241,0.0229436521977453,TRUE,"+"
"Roseburia_hominis","Roseburia_hominis","T0","GGT",-0.0336436757232503,6.30348409413138e-06,TRUE,"-"
"Lachnospiraceae_bacterium_CLA_AA_H244","Lachnospiraceae_bacterium_CLA_AA_H244","T0","GGT",0.0823017164951215,0.00790035560984616,TRUE,"+"
"Bacteroides_ovatus","Bacteroides_ovatus","T0","GGT",0.00186789975252236,0.079218893102525,FALSE,"+"
"Wansuia_hejianensis","Wansuia_hejianensis","T0","GGT",-0.0172384775405799,2.02511259891687e-08,TRUE,"-"
"Clostridium_fessum","Clostridium_fessum","T0","GGT",-0.0436251962769143,4.1130495761653e-11,TRUE,"-"
"GGB3109_SGB4121","GGB3109_SGB4121","T0","GGT",-0.00642492149699615,2.43128525046687e-06,TRUE,"-"
"Clostridium_leptum","Clostridium_leptum","T0","GGT",0.0671989344677583,4.7249872275832e-06,TRUE,"+"
"GGB9359_SGB14334","GGB9359_SGB14334","T0","GGT",-0.0341442993538018,1,FALSE,"-"
"Gordonibacter_pamelaeae","Gordonibacter_pamelaeae","T0","GGT",0.0190331062969683,0.028906196135826,TRUE,"+"
"Zhenpiania_hominis","Zhenpiania_hominis","T0","GGT",-0.148039044484371,3.97008908545973e-05,TRUE,"-"
"Alistipes_dispar","Alistipes_dispar","T0","GGT",-0.252367599289743,2.48647254566037e-05,TRUE,"-"
"Brotolimicola_acetigignens","Brotolimicola_acetigignens","T0","GGT",-0.353128707467898,1,FALSE,"-"
"Hydrogeniiclostridium_mannosilyticum","Hydrogeniiclostridium_mannosilyticum","T0","GGT",-0.26580614325799,1.87044792813707e-07,TRUE,"-"
"Lacrimispora_amygdalina","Lacrimispora_amygdalina","T0","GGT",-0.281447662197203,1.22868991790621e-05,TRUE,"-"
"Dysosmobacter_welbionis","Dysosmobacter_welbionis","T0","GGT",-0.0488338964256089,1.4498354389293e-09,TRUE,"-"
"Massilimicrobiota_timonensis","Massilimicrobiota_timonensis","T0","GGT",0.36637234438557,0.00219336554007893,TRUE,"+"
"Intestinimonas_massiliensis","Intestinimonas_massiliensis","T0","GGT",0.330523606695153,0.00218799915590172,TRUE,"+"
"Alistipes_putredinis","Alistipes_putredinis","T0","GGT",0.268490490272322,0.00258907715387849,TRUE,"+"
"Bittarella_massiliensis","Bittarella_massiliensis","T0","GGT",0.367945423647763,7.34553539081674e-06,TRUE,"+"
"Rubneribacter_badeniensis","Rubneribacter_badeniensis","T0","GGT",-0.863197092310504,1,FALSE,"-"
"Clostridium_methylpentosum","Clostridium_methylpentosum","T0","GGT",-0.240260941721544,1.64695866564073e-05,TRUE,"-"
"GGB9715_SGB15265","GGB9715_SGB15265","T0","GGT",-0.777025336558162,4.51438167551137e-11,TRUE,"-"
"Enterocloster_citroniae","Enterocloster_citroniae","T0","GGT",0.28897983457536,1.82763939714777e-09,TRUE,"+"
"GGB9730_SGB15291","GGB9730_SGB15291","T0","GGT",NA,1,FALSE,NA
"Akkermansia_muciniphila","Akkermansia_muciniphila","T0","GGT",-0.00507102129854853,0.00566512208082626,TRUE,"-"
"Mediterraneibacter_butyricigenes","Mediterraneibacter_butyricigenes","T0","GGT",-0.0229963814605762,1.17546518271511e-06,TRUE,"-"
"Alistipes_communis","Alistipes_communis","T0","GGT",-0.0782074986569196,0.00785250757297981,TRUE,"-"
"Vescimonas_coprocola","Vescimonas_coprocola","T0","GGT",0.118790996518615,7.87714535958393e-13,TRUE,"+"
"Eisenbergiella_tayi","Eisenbergiella_tayi","T0","GGT",0.0117616672906951,0.000100178231808831,TRUE,"+"
"Oscillospiraceae_bacterium_Marseille_Q3528","Oscillospiraceae_bacterium_Marseille_Q3528","T0","GGT",-0.0339140741233584,1,FALSE,"-"
"Clostridium_sp_AM29_11AC","Clostridium_sp_AM29_11AC","T0","GGT",NA,1,FALSE,NA
"Clostridium_sp_C5_48","Clostridium_sp_C5_48","T0","GGT",0.0595404115805614,0.0105677049499725,TRUE,"+"
"Escherichia_marmotae","Escherichia_marmotae","T0","GGT",-0.00247109770157418,0.0415432302517334,TRUE,"-"
"Bilophila_wadsworthia","Bilophila_wadsworthia","T0","GGT",0.166943955462893,1.17881443933992e-13,TRUE,"+"
"Eubacterium_brachy","Eubacterium_brachy","T0","GGT",0.200128161440968,2.45419627645746e-05,TRUE,"+"
"Prevotella_bivia","Prevotella_bivia","T0","GGT",-0.00633047693127258,1,FALSE,"-"
"Bifidobacterium_adolescentis","Bifidobacterium_adolescentis","T0","GGT",-0.00918138423846366,0.00264662924186855,TRUE,"-"
"Evtepia_gabavorous","Evtepia_gabavorous","T0","GGT",0.061432542223562,5.9695141077604e-07,TRUE,"+"
"Blautia_hydrogenotrophica","Blautia_hydrogenotrophica","T0","GGT",-0.266847041155232,0.00258855063895956,TRUE,"-"
"Bacteroides_faecis","Bacteroides_faecis","T0","GGT",-0.136537815922902,1,FALSE,"-"
"Bacteroides_stercoris","Bacteroides_stercoris","T0","GGT",-0.0379399126828469,0.0150007698182344,TRUE,"-"
"Enterocloster_hominis","Enterocloster_hominis","T0","GGT",0.0128103253675467,0.000875084523771468,TRUE,"+"
"Firmicutes_bacterium","Firmicutes_bacterium","T0","GGT",NA,1,FALSE,NA
"Slackia_isoflavoniconvertens","Slackia_isoflavoniconvertens","T0","GGT",0.0577307434270641,0.010416861792761,TRUE,"+"
"Faecalibacterium_sp_CLA_AA_H233","Faecalibacterium_sp_CLA_AA_H233","T0","GGT",0.15743844977932,3.9687383831659e-05,TRUE,"+"
"GGB3730_SGB5060","GGB3730_SGB5060","T0","GGT",0.0991924794466217,1,FALSE,"+"
"GGB3600_SGB4859","GGB3600_SGB4859","T0","GGT",-0.00270870109545739,0.183438137499139,FALSE,"-"
"Neobittarella_massiliensis","Neobittarella_massiliensis","T0","GGT",0.072219074100442,5.35821863173035e-06,TRUE,"+"
"Eubacterium_siraeum","Eubacterium_siraeum","T0","GGT",-0.598166316011729,1,FALSE,"-"
"GGB3444_SGB4594","GGB3444_SGB4594","T0","GGT",NA,1,FALSE,NA
"Lacticaseibacillus_paracasei","Lacticaseibacillus_paracasei","T0","GGT",0.0315750830316279,1.06909965000216e-09,TRUE,"+"
"GGB9719_SGB15272","GGB9719_SGB15272","T0","GGT",NA,1,FALSE,NA
"Christensenella_hongkongensis","Christensenella_hongkongensis","T0","GGT",4.21026238688941,1,FALSE,"+"
"Odoribacter_splanchnicus","Odoribacter_splanchnicus","T0","GGT",-0.0209794717809287,0.00152786619192015,TRUE,"-"
"Limosilactobacillus_reuteri","Limosilactobacillus_reuteri","T0","GGT",0.464410442372241,0.00162537163988644,TRUE,"+"
"Anaerotruncus_colihominis","Anaerotruncus_colihominis","T0","GGT",0.794454826244924,1.81837927731712e-06,TRUE,"+"
"Clostridiales_bacterium","Clostridiales_bacterium","T0","GGT",0.0864292364172681,1,FALSE,"+"
"Lachnoclostridium_pacaense","Lachnoclostridium_pacaense","T0","GGT",0.143680914626368,1,FALSE,"+"
"Lactonifactor_longoviformis","Lactonifactor_longoviformis","T0","GGT",-0.184587311948832,1,FALSE,"-"
"GGB9534_SGB14937","GGB9534_SGB14937","T0","GGT",3.71387409858661,1,FALSE,"+"
"Parasutterella_excrementihominis","Parasutterella_excrementihominis","T0","GGT",-0.203486108981196,2.87270821644744e-05,TRUE,"-"
"GGB3511_SGB4688","GGB3511_SGB4688","T0","GGT",-0.0317270160475003,2.90622436770807e-07,TRUE,"-"
"Enterococcus_avium","Enterococcus_avium","T0","GGT",-0.0548707133588657,0.0117943096218919,TRUE,"-"
"Coprobacillus_cateniformis","Coprobacillus_cateniformis","T0","GGT",-0.463415668740989,1,FALSE,"-"
"Lawsonella_SGB3665","Lawsonella_SGB3665","T0","GGT",-0.0478943802468186,2.58863879453021e-05,TRUE,"-"
"Faecalibacillus_faecis","Faecalibacillus_faecis","T0","GGT",-0.575215399536727,1,FALSE,"-"
"Eubacterium_sp_c_25","Eubacterium_sp_c_25","T0","GGT",0.957890771949573,1,FALSE,"+"
"Anaerococcus_obesiensis","Anaerococcus_obesiensis","T0","GGT",0.0167663875386697,0.0330530133561169,TRUE,"+"
"Streptococcus_mitis","Streptococcus_mitis","T12","GGT",-0.00325679757634295,0.282223872997273,FALSE,"-"
"Streptococcus_sanguinis","Streptococcus_sanguinis","T12","GGT",0.0268076336025288,2.4076335454276e-05,TRUE,"+"
"Actinomyces_sp_ICM47","Actinomyces_sp_ICM47","T12","GGT",0.0143954808750594,0.0363514510494667,TRUE,"+"
"Enterocloster_clostridioformis","Enterocloster_clostridioformis","T12","GGT",-0.0133533371581855,0.00359642153345231,TRUE,"-"
"Ruminococcus_gnavus","Ruminococcus_gnavus","T12","GGT",0.00639679544699814,0.0823331575896324,FALSE,"+"
"Longicatena_caecimuris","Longicatena_caecimuris","T12","GGT",-0.0071755420010929,0.0463009899077311,TRUE,"-"
"Clostridium_symbiosum","Clostridium_symbiosum","T12","GGT",0.0391316173308366,0.000511717628178776,TRUE,"+"
"Streptococcus_thermophilus","Streptococcus_thermophilus","T12","GGT",0.00667876370394548,0.0980631988786508,FALSE,"+"
"Eggerthella_lenta","Eggerthella_lenta","T12","GGT",-0.0116356434148756,0.00540215029394438,TRUE,"-"
"Erysipelatoclostridium_ramosum","Erysipelatoclostridium_ramosum","T12","GGT",-0.000199653168590936,1,FALSE,"-"
"Ruminococcus_torques","Ruminococcus_torques","T12","GGT",0.00711438165729838,0.0166740488330683,TRUE,"+"
"Hungatella_hathewayi","Hungatella_hathewayi","T12","GGT",-0.0100550382563341,0.0108125156703132,TRUE,"-"
"Flavonifractor_plautii","Flavonifractor_plautii","T12","GGT",-0.00541308930716515,0.0809320968614102,FALSE,"-"
"Faecalimonas_umbilicata","Faecalimonas_umbilicata","T12","GGT",0.00344157189245265,0.630453641456684,FALSE,"+"
"Blautia_hansenii","Blautia_hansenii","T12","GGT",-0.00433497804787136,0.151955788110246,FALSE,"-"
"Enterocloster_aldenensis","Enterocloster_aldenensis","T12","GGT",-0.0239942367474979,0.00221312498773121,TRUE,"-"
"Oliverpabstia_intestinalis","Oliverpabstia_intestinalis","T12","GGT",0.0341383805195337,2.99972326045812e-06,TRUE,"+"
"Sellimonas_intestinalis","Sellimonas_intestinalis","T12","GGT",-0.0518311040162264,4.23919458437707e-09,TRUE,"-"
"Schaalia_odontolytica","Schaalia_odontolytica","T12","GGT",-0.0856827368745121,7.48424503920453e-05,TRUE,"-"
"Blautia_producta","Blautia_producta","T12","GGT",-0.0308564641701586,1.28051083829288e-06,TRUE,"-"
"Streptococcus_salivarius","Streptococcus_salivarius","T12","GGT",-0.0190825932029632,0.000185815340293677,TRUE,"-"
"Clostridium_spiroforme","Clostridium_spiroforme","T12","GGT",0.0640298047182903,4.47815981604725e-05,TRUE,"+"
"GGB3433_SGB4574","GGB3433_SGB4574","T12","GGT",-0.14119354140997,1,FALSE,"-"
"Clostridium_scindens","Clostridium_scindens","T12","GGT",0.0141392667144763,0.00236032208121958,TRUE,"+"
"Fusicatenibacter_saccharivorans","Fusicatenibacter_saccharivorans","T12","GGT",-0.00217805744667499,0.569466797661524,FALSE,"-"
"Clostridia_bacterium","Clostridia_bacterium","T12","GGT",-0.228228837446647,1,FALSE,"-"
"Clostridium_innocuum","Clostridium_innocuum","T12","GGT",-0.021686509566999,7.71984434556297e-07,TRUE,"-"
"Anaerostipes_hadrus","Anaerostipes_hadrus","T12","GGT",0.00271571771425917,0.373166122460905,FALSE,"+"
"Gemella_sanguinis","Gemella_sanguinis","T12","GGT",-0.0287076114760714,1.14603927678786e-05,TRUE,"-"
"Streptococcus_australis","Streptococcus_australis","T12","GGT",-0.0821372626173966,7.57883263798804e-13,TRUE,"-"
"Agathobaculum_butyriciproducens","Agathobaculum_butyriciproducens","T12","GGT",-0.0196318822409226,6.63493708275683e-06,TRUE,"-"
"Schaalia_SGB17157","Schaalia_SGB17157","T12","GGT",-0.00162447026541024,0.591311863787869,FALSE,"-"
"Turicibacter_bilis","Turicibacter_bilis","T12","GGT",0.0137625842900652,0.00284651593214602,TRUE,"+"
"Alistipes_finegoldii","Alistipes_finegoldii","T12","GGT",-0.133882928592079,3.80204076808586e-05,TRUE,"-"
"Actinomyces_sp_ph3","Actinomyces_sp_ph3","T12","GGT",-0.000707106465014444,1,FALSE,"-"
"Veillonella_dispar","Veillonella_dispar","T12","GGT",-0.00618634997438857,0.0428783985869229,TRUE,"-"
"Ruthenibacterium_lactatiformans","Ruthenibacterium_lactatiformans","T12","GGT",0.0020026037228831,0.756626384813289,FALSE,"+"
"Roseburia_faecis","Roseburia_faecis","T12","GGT",-0.0340575510028539,4.23919458437707e-09,TRUE,"-"
"Actinomyces_oris","Actinomyces_oris","T12","GGT",0.0125076306280478,0.00387976510368501,TRUE,"+"
"Bacteroides_fragilis","Bacteroides_fragilis","T12","GGT",-0.0424225468649958,0.000430692513967323,TRUE,"-"
"Romboutsia_timonensis","Romboutsia_timonensis","T12","GGT",-0.0137612064060456,0.000953381029720215,TRUE,"-"
"Clostridiaceae_bacterium_AF18_31LB","Clostridiaceae_bacterium_AF18_31LB","T12","GGT",0.120492978865351,1,FALSE,"+"
"Blautia_massiliensis","Blautia_massiliensis","T12","GGT",0.0019399359176594,0.698647890020598,FALSE,"+"
"Streptococcus_parasanguinis","Streptococcus_parasanguinis","T12","GGT",0.0128754714995187,0.00672534627600038,TRUE,"+"
"Mogibacterium_diversum","Mogibacterium_diversum","T12","GGT",-0.00204528212846017,0.601908719494573,FALSE,"-"
"Escherichia_coli","Escherichia_coli","T12","GGT",0.000746520153646302,1,FALSE,"+"
"Enterococcus_faecium","Enterococcus_faecium","T12","GGT",0.0225795967596601,0.000219563943924001,TRUE,"+"
"Schaalia_SGB17158","Schaalia_SGB17158","T12","GGT",-0.0617880419671205,1,FALSE,"-"
"Clostridium_saudiense","Clostridium_saudiense","T12","GGT",0.0100555210088091,0.0183715656104339,TRUE,"+"
"Streptococcus_rubneri","Streptococcus_rubneri","T12","GGT",-0.325521245592255,1,FALSE,"-"
"Clostridium_SGB6173","Clostridium_SGB6173","T12","GGT",0.00858318652738756,0.0136985681781696,TRUE,"+"
"Bacteroides_xylanisolvens","Bacteroides_xylanisolvens","T12","GGT",-0.0324429864388371,6.48834631956437e-05,TRUE,"-"
"Clostridium_perfringens","Clostridium_perfringens","T12","GGT",0.0123681593952035,0.0026599094107806,TRUE,"+"
"Scardovia_wiggsiae","Scardovia_wiggsiae","T12","GGT",0.0137392034212668,0.12263434477888,FALSE,"+"
"Granulicatella_SGB8255","Granulicatella_SGB8255","T12","GGT",0.01477274234881,0.000430692513967323,TRUE,"+"
"Roseburia_sp_AF02_12","Roseburia_sp_AF02_12","T12","GGT",0.0876728216723964,0.00110328146341962,TRUE,"+"
"Actinomyces_naeslundii","Actinomyces_naeslundii","T12","GGT",0.386581882169246,7.60150577873206e-05,TRUE,"+"
"Clostridium_disporicum","Clostridium_disporicum","T12","GGT",-0.354319287284246,1,FALSE,"-"
"Rothia_mucilaginosa","Rothia_mucilaginosa","T12","GGT",0.000756755173312471,1,FALSE,"+"
"Streptococcus_vestibularis","Streptococcus_vestibularis","T12","GGT",-0.00379929495419121,0.370321208457514,FALSE,"-"
"Enterocloster_bolteae","Enterocloster_bolteae","T12","GGT",-0.0181411716277383,0.000529063369034503,TRUE,"-"
"Lachnospira_pectinoschiza","Lachnospira_pectinoschiza","T12","GGT",-0.026390352535793,1,FALSE,"-"
"Enterococcus_faecalis","Enterococcus_faecalis","T12","GGT",0.0164874059914936,0.0021414649010034,TRUE,"+"
"Veillonella_atypica","Veillonella_atypica","T12","GGT",0.0206667380152025,3.70847441676646e-05,TRUE,"+"
"Dorea_longicatena","Dorea_longicatena","T12","GGT",0.001432266880131,0.688487832902537,FALSE,"+"
"Bifidobacterium_bifidum","Bifidobacterium_bifidum","T12","GGT",0.00771722992596655,0.0129626881532531,TRUE,"+"
"Blautia_wexlerae","Blautia_wexlerae","T12","GGT",-0.000155541738572827,1,FALSE,"-"
"Bifidobacterium_longum","Bifidobacterium_longum","T12","GGT",-0.0458289550738286,4.23321310227854e-09,TRUE,"-"
"Bifidobacterium_pseudocatenulatum","Bifidobacterium_pseudocatenulatum","T12","GGT",-0.00369060898189093,0.183051788778777,FALSE,"-"
"Anaerobutyricum_soehngenii","Anaerobutyricum_soehngenii","T12","GGT",0.00253872053346386,0.370321208457514,FALSE,"+"
"Streptococcus_mutans","Streptococcus_mutans","T12","GGT",0.00959592849439773,0.0655690847994802,FALSE,"+"
"Anaerobutyricum_hallii","Anaerobutyricum_hallii","T12","GGT",-0.0125742569400476,0.000409092533188753,TRUE,"-"
"Ruminococcus_sp_AF41_9","Ruminococcus_sp_AF41_9","T12","GGT",0.0175663298236794,0.00134962852973683,TRUE,"+"
"Veillonella_parvula","Veillonella_parvula","T12","GGT",-0.00527237778302367,0.0765364843633991,FALSE,"-"
"Lactobacillus_gasseri","Lactobacillus_gasseri","T12","GGT",0.00912438522656327,0.0764982972860707,FALSE,"+"
"Coprococcus_catus","Coprococcus_catus","T12","GGT",-0.00111299890247485,0.864228451660563,FALSE,"-"
"Blautia_stercoris","Blautia_stercoris","T12","GGT",NA,1,FALSE,NA
"Dorea_formicigenerans","Dorea_formicigenerans","T12","GGT",-0.0182283694662817,1.9139455548845e-06,TRUE,"-"
"Blautia_faecis","Blautia_faecis","T12","GGT",-0.014339068984341,4.52012460361862e-05,TRUE,"-"
"Blautia_caecimuris","Blautia_caecimuris","T12","GGT",0.00603803235079617,0.0389489963300682,TRUE,"+"
"GGB3550_SGB4746","GGB3550_SGB4746","T12","GGT",0.0061857140871701,0.0589212934187824,FALSE,"+"
"GGB3653_SGB4964","GGB3653_SGB4964","T12","GGT",-0.0283364041055504,3.62332276270854e-06,TRUE,"-"
"Phocaeicola_vulgatus","Phocaeicola_vulgatus","T12","GGT",-0.038360131019898,1.12909093870323e-07,TRUE,"-"
"Streptococcus_gordonii","Streptococcus_gordonii","T12","GGT",0.0215929522306251,2.6955234329025e-06,TRUE,"+"
"Intestinibacter_bartlettii","Intestinibacter_bartlettii","T12","GGT",-0.0335049491841817,6.30933415032829e-08,TRUE,"-"
"Oscillospiraceae_bacterium_CLA_AA_H250","Oscillospiraceae_bacterium_CLA_AA_H250","T12","GGT",-0.0422521900947229,2.63165996679692e-06,TRUE,"-"
"Tyzzerella_nexilis","Tyzzerella_nexilis","T12","GGT",-0.0950563791073216,0.024171871169228,TRUE,"-"
"Dialister_pneumosintes","Dialister_pneumosintes","T12","GGT",0.00776768674400447,1,FALSE,"+"
"Limosilactobacillus_portuensis","Limosilactobacillus_portuensis","T12","GGT",0.00947784368932924,1,FALSE,"+"
"Veillonella_rogosae","Veillonella_rogosae","T12","GGT",-0.0425559272232155,1.15816326265563e-06,TRUE,"-"
"Rothia_SGB49305","Rothia_SGB49305","T12","GGT",0.0260207478579692,1,FALSE,"+"
"Streptococcus_oralis","Streptococcus_oralis","T12","GGT",0.027453500589494,0.06515263109019,FALSE,"+"
"Streptococcus_intermedius","Streptococcus_intermedius","T12","GGT",-0.0749366509278469,1,FALSE,"-"
"Streptococcus_anginosus","Streptococcus_anginosus","T12","GGT",0.00289662140170305,0.59781421764552,FALSE,"+"
"Corynebacterium_durum","Corynebacterium_durum","T12","GGT",NA,1,FALSE,NA
"Eubacterium_rectale","Eubacterium_rectale","T12","GGT",0.0120341738712301,0.00210692036920085,TRUE,"+"
"Lacticaseibacillus_rhamnosus","Lacticaseibacillus_rhamnosus","T12","GGT",-0.00816730322965485,0.197383830157038,FALSE,"-"
"Coprococcus_comes","Coprococcus_comes","T12","GGT",-0.00857744486183098,0.00999033618060561,TRUE,"-"
"Faecalibacterium_prausnitzii","Faecalibacterium_prausnitzii","T12","GGT",-0.011543146867491,0.00588166336941176,TRUE,"-"
"Latilactobacillus_sakei","Latilactobacillus_sakei","T12","GGT",-1.26190541461696,0.00216975716513707,TRUE,"-"
"GGB51647_SGB4348","GGB51647_SGB4348","T12","GGT",-0.294305117627793,0.000167526471893233,TRUE,"-"
"Ruminococcus_lactaris","Ruminococcus_lactaris","T12","GGT",NA,1,FALSE,NA
"Lactococcus_cremoris","Lactococcus_cremoris","T12","GGT",0.0681552954367803,1,FALSE,"+"
"Mediterraneibacter_glycyrrhizinilyticus","Mediterraneibacter_glycyrrhizinilyticus","T12","GGT",0.00040857339344791,1,FALSE,"+"
"Phocaeicola_dorei","Phocaeicola_dorei","T12","GGT",0.00589956647747679,0.120735045378549,FALSE,"+"
"Bifidobacterium_animalis","Bifidobacterium_animalis","T12","GGT",0.00186600800055366,0.598647309740584,FALSE,"+"
"Lactococcus_lactis","Lactococcus_lactis","T12","GGT",-0.0831448442679718,1.0024320982486e-05,TRUE,"-"
"Bacteroides_uniformis","Bacteroides_uniformis","T12","GGT",-0.0331062652780005,1.99852567818243e-08,TRUE,"-"
"Parabacteroides_merdae","Parabacteroides_merdae","T12","GGT",-0.0380114207040647,3.6033172008364e-05,TRUE,"-"
"Parabacteroides_distasonis","Parabacteroides_distasonis","T12","GGT",-0.0520125019346858,2.95249735752392e-08,TRUE,"-"
"Gemmiger_formicilis","Gemmiger_formicilis","T12","GGT",0.19337537500415,6.24938369262104e-15,TRUE,"+"
"Anaerostipes_caccae","Anaerostipes_caccae","T12","GGT",0.285252577291863,0.000129468083180618,TRUE,"+"
"Bifidobacterium_breve","Bifidobacterium_breve","T12","GGT",0.171100668867605,0.000319076836457197,TRUE,"+"
"Acidaminococcus_intestini","Acidaminococcus_intestini","T12","GGT",-0.315748881673249,5.51454432678654e-06,TRUE,"-"
"Dialister_invisus","Dialister_invisus","T12","GGT",0.0152107900302935,0.000409092533188753,TRUE,"+"
"Parasutterella_SGB9260","Parasutterella_SGB9260","T12","GGT",-0.0224730946371814,0.00270299950771783,TRUE,"-"
"Ruminococcus_bromii","Ruminococcus_bromii","T12","GGT",0.190312706375601,1.90223634681264e-20,TRUE,"+"
"Mediterraneibacter_faecis","Mediterraneibacter_faecis","T12","GGT",7.8669730072402e-05,1,FALSE,"+"
"Faecalicatena_fissicatena","Faecalicatena_fissicatena","T12","GGT",-0.0559867818447111,1.07091891245518e-07,TRUE,"-"
"Blautia_obeum","Blautia_obeum","T12","GGT",-0.00780404414487005,0.0530650727222452,FALSE,"-"
"Collinsella_aerofaciens","Collinsella_aerofaciens","T12","GGT",-0.0387070069968226,4.71153718873396e-09,TRUE,"-"
"Eubacterium_ramulus","Eubacterium_ramulus","T12","GGT",-0.00085820645559553,1,FALSE,"-"
"Roseburia_lenta","Roseburia_lenta","T12","GGT",0.4540620045682,0.00539795615160242,TRUE,"+"
"Candidatus_Cibionibacter_quicibialis","Candidatus_Cibionibacter_quicibialis","T12","GGT",0.158292965961671,1.30736470866227e-15,TRUE,"+"
"Anaeromassilibacillus_senegalensis","Anaeromassilibacillus_senegalensis","T12","GGT",-0.101321466902959,1,FALSE,"-"
"Gordonibacter_urolithinfaciens","Gordonibacter_urolithinfaciens","T12","GGT",0.040196524760357,1.21033949492e-08,TRUE,"+"
"Faecalicatena_contorta","Faecalicatena_contorta","T12","GGT",-0.0519218778224978,7.50598374802348e-06,TRUE,"-"
"Massilioclostridium_coli","Massilioclostridium_coli","T12","GGT",0.141283886710688,0.0154549686171506,TRUE,"+"
"Clostridiales_bacterium_KLE1615","Clostridiales_bacterium_KLE1615","T12","GGT",0.041053344832575,0.00103680112590923,TRUE,"+"
"Clostridia_bacterium_UC5_1_1D1","Clostridia_bacterium_UC5_1_1D1","T12","GGT",0.039447304603859,0.0464982041881114,TRUE,"+"
"Lactiplantibacillus_plantarum","Lactiplantibacillus_plantarum","T12","GGT",-0.0952829414689526,1,FALSE,"-"
"Enterobacter_hormaechei","Enterobacter_hormaechei","T12","GGT",0.121846817301729,1,FALSE,"+"
"Clostridiaceae_bacterium","Clostridiaceae_bacterium","T12","GGT",-0.0738540645668254,6.3908852311338e-15,TRUE,"-"
"Blautia_glucerasea","Blautia_glucerasea","T12","GGT",0.000477252294423746,1,FALSE,"+"
"Schaalia_SGB17168","Schaalia_SGB17168","T12","GGT",-0.0381850262924128,0.000109935946110247,TRUE,"-"
"Veillonella_tobetsuensis","Veillonella_tobetsuensis","T12","GGT",0.0252027002135671,1,FALSE,"+"
"GGB3256_SGB4303","GGB3256_SGB4303","T12","GGT",-0.196869379397673,4.45334392628194e-07,TRUE,"-"
"Dorea_sp_AF36_15AT","Dorea_sp_AF36_15AT","T12","GGT",-0.0229045646649253,1.32746477352645e-06,TRUE,"-"
"Clostridiaceae_bacterium_Marseille_Q3526","Clostridiaceae_bacterium_Marseille_Q3526","T12","GGT",NA,1,FALSE,NA
"Clostridium_SGB6179","Clostridium_SGB6179","T12","GGT",-0.0337258412837649,1.8698574630416e-05,TRUE,"-"
"Blautia_luti","Blautia_luti","T12","GGT",0.431699880555098,1,FALSE,"+"
"Faecalibacillus_SGB6753","Faecalibacillus_SGB6753","T12","GGT",-0.221895419837637,0.00962636222297451,TRUE,"-"
"Clostridium_sp_AT4","Clostridium_sp_AT4","T12","GGT",0.0359727337222498,0.000139525213553351,TRUE,"+"
"Clostridium_SGB4750","Clostridium_SGB4750","T12","GGT",0.173869437197421,0.012348332731378,TRUE,"+"
"Phascolarctobacterium_faecium","Phascolarctobacterium_faecium","T12","GGT",-0.264936017795648,0.000156261614343693,TRUE,"-"
"Fusicatenibacter_sp_CLA_AA_H277","Fusicatenibacter_sp_CLA_AA_H277","T12","GGT",-0.0167540900300392,0.000176292069066754,TRUE,"-"
"Lachnospiraceae_bacterium","Lachnospiraceae_bacterium","T12","GGT",-0.00720917249105753,0.0185599774750902,TRUE,"-"
"Eubacterium_ventriosum","Eubacterium_ventriosum","T12","GGT",0.154440727363258,3.96180945746008e-12,TRUE,"+"
"Bacteroides_caccae","Bacteroides_caccae","T12","GGT",-0.0174153948921857,0.000133035408823711,TRUE,"-"
"GGB4456_SGB6141","GGB4456_SGB6141","T12","GGT",0.0904534792693119,0.000971871315969586,TRUE,"+"
"Alistipes_onderdonkii","Alistipes_onderdonkii","T12","GGT",-0.0310909378483647,7.15232591458129e-07,TRUE,"-"
"Bacteroides_thetaiotaomicron","Bacteroides_thetaiotaomicron","T12","GGT",-0.210929677389427,1.2402760082769e-09,TRUE,"-"
"Barnesiella_intestinihominis","Barnesiella_intestinihominis","T12","GGT",-0.064660601680952,2.93717569353079e-05,TRUE,"-"
"Lachnospira_eligens","Lachnospira_eligens","T12","GGT",-0.0488768980090505,8.66834381477811e-06,TRUE,"-"
"Klebsiella_pneumoniae","Klebsiella_pneumoniae","T12","GGT",NA,1,FALSE,NA
"Ruminococcus_callidus","Ruminococcus_callidus","T12","GGT",-0.261629744629457,0.00829398995946563,TRUE,"-"
"Blautia_SGB4815","Blautia_SGB4815","T12","GGT",0.044421620678592,4.48457615498163e-07,TRUE,"+"
"Faecalibacillus_intestinalis","Faecalibacillus_intestinalis","T12","GGT",-0.0672159601322776,4.23919458437707e-09,TRUE,"-"
"Lentihominibacter_faecis","Lentihominibacter_faecis","T12","GGT",0.0916920811035405,4.9503506770983e-07,TRUE,"+"
"Roseburia_intestinalis","Roseburia_intestinalis","T12","GGT",0.0685685644022308,1.2736685537405e-08,TRUE,"+"
"Clostridium_sp_AM49_4BH","Clostridium_sp_AM49_4BH","T12","GGT",-0.0405786185975249,7.48424503920453e-05,TRUE,"-"
"Roseburia_inulinivorans","Roseburia_inulinivorans","T12","GGT",-0.1599127926032,1.03070230873723e-07,TRUE,"-"
"Ruminococcus_bicirculans","Ruminococcus_bicirculans","T12","GGT",0.250866272731444,1.97416656654725e-07,TRUE,"+"
"Faecalibacterium_SGB15346","Faecalibacterium_SGB15346","T12","GGT",-0.290499313779412,1.60110953307259e-12,TRUE,"-"
"Blautia_sp_OF03_15BH","Blautia_sp_OF03_15BH","T12","GGT",NA,1,FALSE,NA
"Roseburia_hominis","Roseburia_hominis","T12","GGT",-0.109219923780989,6.2106327625186e-12,TRUE,"-"
"Lachnospiraceae_bacterium_CLA_AA_H244","Lachnospiraceae_bacterium_CLA_AA_H244","T12","GGT",0.126886345169896,1.12909093870323e-07,TRUE,"+"
"Eubacteriaceae_bacterium","Eubacteriaceae_bacterium","T12","GGT",0.23341841070396,5.44038717604946e-06,TRUE,"+"
"Anaerotignum_faecicola","Anaerotignum_faecicola","T12","GGT",NA,1,FALSE,NA
"Bacteroides_ovatus","Bacteroides_ovatus","T12","GGT",0.0157408638484259,2.69672119246074e-05,TRUE,"+"
"Wansuia_hejianensis","Wansuia_hejianensis","T12","GGT",0.108016335644619,2.59691979123793e-13,TRUE,"+"
"Clostridium_fessum","Clostridium_fessum","T12","GGT",-0.101120202649512,1.23610034864797e-07,TRUE,"-"
"GGB3109_SGB4121","GGB3109_SGB4121","T12","GGT",-0.0229043429808957,0.000231981257006547,TRUE,"-"
"Clostridium_sp_1001270J_160509_D11","Clostridium_sp_1001270J_160509_D11","T12","GGT",0.00105451727383058,0.85337901797724,FALSE,"+"
"GGB9730_SGB15290","GGB9730_SGB15290","T12","GGT",-0.438059106538792,1,FALSE,"-"
"Clostridium_leptum","Clostridium_leptum","T12","GGT",-0.0394007016647108,0.000615629499241713,TRUE,"-"
"Adlercreutzia_equolifaciens","Adlercreutzia_equolifaciens","T12","GGT",0.00711465882483761,0.022122270129795,TRUE,"+"
"GGB36331_SGB15121","GGB36331_SGB15121","T12","GGT",-0.608827929643593,1,FALSE,"-"
"Gordonibacter_pamelaeae","Gordonibacter_pamelaeae","T12","GGT",0.496679915448128,0.00460967159690375,TRUE,"+"
"Zhenpiania_hominis","Zhenpiania_hominis","T12","GGT",-0.0228379846917479,0.000529063369034503,TRUE,"-"
"Alistipes_dispar","Alistipes_dispar","T12","GGT",0.398259059130489,1,FALSE,"+"
"Hydrogeniiclostridium_mannosilyticum","Hydrogeniiclostridium_mannosilyticum","T12","GGT",-1.1001982600824,0.00233829284551146,TRUE,"-"
"Lacrimispora_amygdalina","Lacrimispora_amygdalina","T12","GGT",0.194615123362249,1,FALSE,"+"
"Bittarella_massiliensis","Bittarella_massiliensis","T12","GGT",0.309987641320211,0.00011190307257911,TRUE,"+"
"Rubneribacter_badeniensis","Rubneribacter_badeniensis","T12","GGT",0.00180122551773428,1,FALSE,"+"
"GGB9715_SGB15265","GGB9715_SGB15265","T12","GGT",0.225968600629818,0.000207717635299934,TRUE,"+"
"GGB9730_SGB15291","GGB9730_SGB15291","T12","GGT",0.577119104071795,0.00406669252881955,TRUE,"+"
"Coprococcus_eutactus","Coprococcus_eutactus","T12","GGT",-0.273522160897003,0.00884635431618547,TRUE,"-"
"Wujia_chipingensis","Wujia_chipingensis","T12","GGT",-0.39343088763438,1,FALSE,"-"
"Clostridium_sp_AF36_4","Clostridium_sp_AF36_4","T12","GGT",NA,1,FALSE,NA
"GGB9559_SGB14969","GGB9559_SGB14969","T12","GGT",-0.144954221993448,1,FALSE,"-"
"Akkermansia_muciniphila","Akkermansia_muciniphila","T12","GGT",-0.027144020596471,6.52549250181943e-05,TRUE,"-"
"GGB9699_SGB15216","GGB9699_SGB15216","T12","GGT",0.0144821372176998,0.118712361764606,FALSE,"+"
"Alistipes_shahii","Alistipes_shahii","T12","GGT",-0.120239087243029,0.0166852942597366,TRUE,"-"
"Mediterraneibacter_butyricigenes","Mediterraneibacter_butyricigenes","T12","GGT",0.015668830426821,0.000389727847275618,TRUE,"+"
"Oscillibacter_valericigenes","Oscillibacter_valericigenes","T12","GGT",0.0470091606147954,0.00319166520733544,TRUE,"+"
"Alistipes_communis","Alistipes_communis","T12","GGT",-0.113394834396536,0.000603093239894029,TRUE,"-"
"Clostridium_saccharogumia","Clostridium_saccharogumia","T12","GGT",0.066185531204364,0.0305037379729137,TRUE,"+"
"Vescimonas_coprocola","Vescimonas_coprocola","T12","GGT",0.107314865698719,6.30933415032829e-08,TRUE,"+"
"Eisenbergiella_tayi","Eisenbergiella_tayi","T12","GGT",-0.0554778149420769,5.78572097727662e-06,TRUE,"-"
"GGB3585_SGB4803","GGB3585_SGB4803","T12","GGT",0.301736106771155,1,FALSE,"+"
"Bilophila_wadsworthia","Bilophila_wadsworthia","T12","GGT",-0.058175514973955,5.64981468197767e-06,TRUE,"-"
"Propionibacterium_acidifaciens","Propionibacterium_acidifaciens","T12","GGT",0.0142114661791349,1,FALSE,"+"
"Bifidobacterium_adolescentis","Bifidobacterium_adolescentis","T12","GGT",0.188373618312696,4.71153718873396e-09,TRUE,"+"
"Evtepia_gabavorous","Evtepia_gabavorous","T12","GGT",0.154080285397992,1.28051083829288e-06,TRUE,"+"
"Blautia_hydrogenotrophica","Blautia_hydrogenotrophica","T12","GGT",-0.222687164637174,1,FALSE,"-"
"Clostridium_sp_AM22_11AC","Clostridium_sp_AM22_11AC","T12","GGT",-0.426480458717004,0.00533719568061526,TRUE,"-"
"GGB4277_SGB5832","GGB4277_SGB5832","T12","GGT",-0.0504238602120624,0.037934748815138,TRUE,"-"
"Bacteroides_stercoris","Bacteroides_stercoris","T12","GGT",-0.112870914921823,3.57510390735016e-05,TRUE,"-"
"Enterocloster_hominis","Enterocloster_hominis","T12","GGT",0.113804132530834,2.87294582573239e-06,TRUE,"+"
"GGB3005_SGB3996","GGB3005_SGB3996","T12","GGT",-0.552833512760445,1,FALSE,"-"
"Alistipes_ihumii","Alistipes_ihumii","T12","GGT",-0.297028933195137,0.00734770295930981,TRUE,"-"
"GGB2653_SGB3574","GGB2653_SGB3574","T12","GGT",2.75664478862924,1,FALSE,"+"
"GGB51441_SGB71759","GGB51441_SGB71759","T12","GGT",0.350863185987166,1,FALSE,"+"
"Firmicutes_bacterium","Firmicutes_bacterium","T12","GGT",-0.0314071383855332,0.000175913559485362,TRUE,"-"
"Slackia_isoflavoniconvertens","Slackia_isoflavoniconvertens","T12","GGT",-0.720813837919982,1,FALSE,"-"
"Faecalibacterium_sp_CLA_AA_H233","Faecalibacterium_sp_CLA_AA_H233","T12","GGT",-0.873369658784363,1,FALSE,"-"
"GGB3730_SGB5060","GGB3730_SGB5060","T12","GGT",-0.011279940428283,0.14864022659786,FALSE,"-"
"GGB3537_SGB4727","GGB3537_SGB4727","T12","GGT",-0.0992390113178879,0.0198415655073212,TRUE,"-"
"GGB3600_SGB4859","GGB3600_SGB4859","T12","GGT",-0.0995443731118467,1,FALSE,"-"
"Neobittarella_massiliensis","Neobittarella_massiliensis","T12","GGT",-0.1313041076442,0.000502332973058298,TRUE,"-"
"Lacticaseibacillus_paracasei","Lacticaseibacillus_paracasei","T12","GGT",-0.136972806554485,0.00050905987065798,TRUE,"-"
"GGB9719_SGB15272","GGB9719_SGB15272","T12","GGT",NA,1,FALSE,NA
"Bifidobacterium_dentium","Bifidobacterium_dentium","T12","GGT",0.417627668108035,1,FALSE,"+"
"Collinsella_intestinalis","Collinsella_intestinalis","T12","GGT",0.224126775913217,1,FALSE,"+"
"Lactonifactor_longoviformis","Lactonifactor_longoviformis","T12","GGT",1.1581902441075,0.00221312498773121,TRUE,"+"
"Parasutterella_excrementihominis","Parasutterella_excrementihominis","T12","GGT",-0.0228191000557574,0.0765364843633991,FALSE,"-"
"GGB3511_SGB4688","GGB3511_SGB4688","T12","GGT",0.108098230209653,3.70847441676646e-05,TRUE,"+"
"Lentihominibacter_hominis","Lentihominibacter_hominis","T12","GGT",-0.00584369367070836,0.271079974710392,FALSE,"-"
"GGB3277_SGB4327","GGB3277_SGB4327","T12","GGT",3.46172519744648,1,FALSE,"+"
"Eubacterium_sp_c_25","Eubacterium_sp_c_25","T12","GGT",0.107825592148026,0.000706745897730483,TRUE,"+"
"GGB32387_SGB47381","GGB32387_SGB47381","T12","GGT",NA,1,FALSE,NA
"GGB45432_SGB63101","GGB45432_SGB63101","T12","GGT",-1.00703864197259,1,FALSE,"-"
"Blautia_sp_MCC283","Blautia_sp_MCC283","T12","GGT",0.00133199465713842,0.71827968029701,FALSE,"+"
"Cutibacterium_acnes","Cutibacterium_acnes","T0","Elastase",0.0175096964104105,0.0761009341294063,FALSE,"+"
"Staphylococcus_aureus","Staphylococcus_aureus","T0","Elastase",NA,1,FALSE,NA
"Streptococcus_mitis","Streptococcus_mitis","T0","Elastase",0.0181658361525014,1.94300668870419e-05,TRUE,"+"
"Streptococcus_sanguinis","Streptococcus_sanguinis","T0","Elastase",0.0255230212538664,4.89948424834588e-06,TRUE,"+"
"Actinomyces_sp_ICM47","Actinomyces_sp_ICM47","T0","Elastase",0.300690111367594,1.17319003651732e-05,TRUE,"+"
"Enterocloster_clostridioformis","Enterocloster_clostridioformis","T0","Elastase",-0.00425717446251127,0.845981156839517,FALSE,"-"
"Ruminococcus_gnavus","Ruminococcus_gnavus","T0","Elastase",0.000179374353191784,1,FALSE,"+"
"Longicatena_caecimuris","Longicatena_caecimuris","T0","Elastase",0.147987166112425,0.000101866733968405,TRUE,"+"
"Clostridium_symbiosum","Clostridium_symbiosum","T0","Elastase",0.00177432737838933,1,FALSE,"+"
"Eisenbergiella_massiliensis","Eisenbergiella_massiliensis","T0","Elastase",0.0155718207024554,1,FALSE,"+"
"Streptococcus_thermophilus","Streptococcus_thermophilus","T0","Elastase",-0.00204701671145911,1,FALSE,"-"
"Eggerthella_lenta","Eggerthella_lenta","T0","Elastase",-0.00306345686447434,0.347915552721809,FALSE,"-"
"Lancefieldella_parvula","Lancefieldella_parvula","T0","Elastase",NA,1,FALSE,NA
"Erysipelatoclostridium_ramosum","Erysipelatoclostridium_ramosum","T0","Elastase",-0.00271749129261143,1,FALSE,"-"
"Ruminococcus_torques","Ruminococcus_torques","T0","Elastase",0.00548845266576223,0.869937596840755,FALSE,"+"
"Hungatella_hathewayi","Hungatella_hathewayi","T0","Elastase",0.00216701789873172,1,FALSE,"+"
"Enterocloster_lavalensis","Enterocloster_lavalensis","T0","Elastase",0.00169641902078741,1,FALSE,"+"
"Flavonifractor_plautii","Flavonifractor_plautii","T0","Elastase",0.00248873319801265,1,FALSE,"+"
"Faecalimonas_umbilicata","Faecalimonas_umbilicata","T0","Elastase",-2.75823008922664e-05,1,FALSE,"-"
"Blautia_hansenii","Blautia_hansenii","T0","Elastase",0.00118034291250173,1,FALSE,"+"
"Enterocloster_aldenensis","Enterocloster_aldenensis","T0","Elastase",-0.000787614682529957,1,FALSE,"-"
"Oliverpabstia_intestinalis","Oliverpabstia_intestinalis","T0","Elastase",-0.00690872600017984,0.0025026184356876,TRUE,"-"
"Sellimonas_intestinalis","Sellimonas_intestinalis","T0","Elastase",0.00254903037824037,1,FALSE,"+"
"Schaalia_odontolytica","Schaalia_odontolytica","T0","Elastase",-0.00422694521425857,0.162607735206526,FALSE,"-"
"Blautia_producta","Blautia_producta","T0","Elastase",0.0059521140998412,0.552419250839043,FALSE,"+"
"Streptococcus_salivarius","Streptococcus_salivarius","T0","Elastase",-0.00304934454103309,1,FALSE,"-"
"Clostridium_spiroforme","Clostridium_spiroforme","T0","Elastase",-0.00866682553751519,0.845981156839517,FALSE,"-"
"GGB3433_SGB4574","GGB3433_SGB4574","T0","Elastase",0.0341140512635183,0.0360934597286605,TRUE,"+"
"Clostridium_scindens","Clostridium_scindens","T0","Elastase",0.00362672628314306,0.456820084924648,FALSE,"+"
"Fusicatenibacter_saccharivorans","Fusicatenibacter_saccharivorans","T0","Elastase",-8.73384534997291e-05,1,FALSE,"-"
"Clostridia_bacterium","Clostridia_bacterium","T0","Elastase",0.00305984145107602,0.00687391283486068,TRUE,"+"
"Clostridium_innocuum","Clostridium_innocuum","T0","Elastase",0.00228581652468045,1,FALSE,"+"
"Anaerostipes_hadrus","Anaerostipes_hadrus","T0","Elastase",0.000619816352547363,1,FALSE,"+"
"Solobacterium_moorei","Solobacterium_moorei","T0","Elastase",0.00155632296057765,0.775332379199121,FALSE,"+"
"Gemella_sanguinis","Gemella_sanguinis","T0","Elastase",-0.0049114287693856,0.00678061242527344,TRUE,"-"
"Streptococcus_australis","Streptococcus_australis","T0","Elastase",0.00421318431992902,0.0124170433369488,TRUE,"+"
"Agathobaculum_butyriciproducens","Agathobaculum_butyriciproducens","T0","Elastase",0.00295311612240671,1,FALSE,"+"
"Schaalia_SGB17157","Schaalia_SGB17157","T0","Elastase",-0.00715521444554114,0.00144608302798219,TRUE,"-"
"Turicibacter_bilis","Turicibacter_bilis","T0","Elastase",0.0392889062654056,1.17319003651732e-05,TRUE,"+"
"Alistipes_finegoldii","Alistipes_finegoldii","T0","Elastase",-0.0903965356525507,1,FALSE,"-"
"Actinomyces_sp_ph3","Actinomyces_sp_ph3","T0","Elastase",-0.00213740147543316,0.384365061840001,FALSE,"-"
"Veillonella_dispar","Veillonella_dispar","T0","Elastase",-0.0369502649859163,1.60289447916983e-05,TRUE,"-"
"Ruthenibacterium_lactatiformans","Ruthenibacterium_lactatiformans","T0","Elastase",0.00436915337954838,0.953504594320862,FALSE,"+"
"Roseburia_faecis","Roseburia_faecis","T0","Elastase",0.00428900815868846,1,FALSE,"+"
"Actinomyces_oris","Actinomyces_oris","T0","Elastase",0.000810329103728117,1,FALSE,"+"
"Bacteroides_fragilis","Bacteroides_fragilis","T0","Elastase",-0.00457968929159029,0.49791847626709,FALSE,"-"
"Romboutsia_timonensis","Romboutsia_timonensis","T0","Elastase",0.00248343696794007,0.514814192922228,FALSE,"+"
"Clostridiaceae_bacterium_AF18_31LB","Clostridiaceae_bacterium_AF18_31LB","T0","Elastase",-0.880574555169416,1,FALSE,"-"
"Blautia_massiliensis","Blautia_massiliensis","T0","Elastase",0.00384225063478999,1,FALSE,"+"
"Streptococcus_parasanguinis","Streptococcus_parasanguinis","T0","Elastase",-0.00352032792859021,1,FALSE,"-"
"Abiotrophia_defectiva","Abiotrophia_defectiva","T0","Elastase",NA,1,FALSE,NA
"Mogibacterium_diversum","Mogibacterium_diversum","T0","Elastase",-0.00426824614790114,0.00507539151785493,TRUE,"-"
"Escherichia_coli","Escherichia_coli","T0","Elastase",-0.00446939093353228,0.209380221689055,FALSE,"-"
"Enterococcus_faecium","Enterococcus_faecium","T0","Elastase",0.00161963092249778,0.703600932602768,FALSE,"+"
"Actinomyces_SGB17132","Actinomyces_SGB17132","T0","Elastase",0.000849381027043385,0.565560104476503,FALSE,"+"
"bacterium_210917_SL_2_15","bacterium_210917_SL_2_15","T0","Elastase",-0.266813430573654,0.00329979605048606,TRUE,"-"
"Schaalia_SGB17158","Schaalia_SGB17158","T0","Elastase",0.00176959131612351,0.164965184432403,FALSE,"+"
"Clostridium_saudiense","Clostridium_saudiense","T0","Elastase",-0.0264304960587905,4.31293726364377e-05,TRUE,"-"
"Clostridium_SGB6173","Clostridium_SGB6173","T0","Elastase",0.0148012253260654,0.000336736936666866,TRUE,"+"
"Bacteroides_xylanisolvens","Bacteroides_xylanisolvens","T0","Elastase",-0.00334626158863074,0.118211659330397,FALSE,"-"
"Clostridium_perfringens","Clostridium_perfringens","T0","Elastase",-0.00180901467587073,0.0789948580007827,FALSE,"-"
"Scardovia_wiggsiae","Scardovia_wiggsiae","T0","Elastase",6.6309331630933e-05,1,FALSE,"+"
"Granulicatella_SGB8255","Granulicatella_SGB8255","T0","Elastase",0.066820426382669,3.27969824465015e-08,TRUE,"+"
"Roseburia_sp_AF02_12","Roseburia_sp_AF02_12","T0","Elastase",0.00742858402752186,1,FALSE,"+"
"Granulicatella_adiacens","Granulicatella_adiacens","T0","Elastase",3.21303675493342,1,FALSE,"+"
"Blautia_SGB4793","Blautia_SGB4793","T0","Elastase",NA,1,FALSE,NA
"Actinomyces_naeslundii","Actinomyces_naeslundii","T0","Elastase",0.248100124419566,0.0102909569879873,TRUE,"+"
"Gemella_haemolysans","Gemella_haemolysans","T0","Elastase",NA,1,FALSE,NA
"Clostridium_paraputrificum","Clostridium_paraputrificum","T0","Elastase",-0.019308926094004,1,FALSE,"-"
"Rothia_mucilaginosa","Rothia_mucilaginosa","T0","Elastase",-0.0100818576446728,0.0956541717490493,FALSE,"-"
"Streptococcus_vestibularis","Streptococcus_vestibularis","T0","Elastase",0.00833068314477014,0.0663591158689815,FALSE,"+"
"Enterocloster_bolteae","Enterocloster_bolteae","T0","Elastase",0.00477266940658627,0.853604157435433,FALSE,"+"
"Lachnospira_pectinoschiza","Lachnospira_pectinoschiza","T0","Elastase",-0.00925560953340937,0.67052513881096,FALSE,"-"
"Streptococcus_infantis","Streptococcus_infantis","T0","Elastase",NA,1,FALSE,NA
"Butyricicoccus_SGB14985","Butyricicoccus_SGB14985","T0","Elastase",0.00163569703168952,1,FALSE,"+"
"Enterococcus_faecalis","Enterococcus_faecalis","T0","Elastase",0.0104190393513453,0.0105038237952493,TRUE,"+"
"Veillonella_atypica","Veillonella_atypica","T0","Elastase",-1.38432918362827,6.08550209317388e-07,TRUE,"-"
"Dorea_longicatena","Dorea_longicatena","T0","Elastase",-0.00219469728616455,1,FALSE,"-"
"Bifidobacterium_bifidum","Bifidobacterium_bifidum","T0","Elastase",-0.00442159094312539,0.899001865412991,FALSE,"-"
"Blautia_wexlerae","Blautia_wexlerae","T0","Elastase",0.00457446487438868,0.966287445431465,FALSE,"+"
"Bifidobacterium_longum","Bifidobacterium_longum","T0","Elastase",0.00103942831959682,1,FALSE,"+"
"Bifidobacterium_pseudocatenulatum","Bifidobacterium_pseudocatenulatum","T0","Elastase",0.0379118698725363,0.113546233771613,FALSE,"+"
"Anaerobutyricum_soehngenii","Anaerobutyricum_soehngenii","T0","Elastase",0.00572057991907909,0.706245479857808,FALSE,"+"
"Streptococcus_mutans","Streptococcus_mutans","T0","Elastase",-1.0058357762319,0.00328497905059142,TRUE,"-"
"Anaerobutyricum_hallii","Anaerobutyricum_hallii","T0","Elastase",0.00401235003837966,0.0559061874391608,FALSE,"+"
"Veillonella_parvula","Veillonella_parvula","T0","Elastase",-0.0128785887790951,0.0730989768758683,FALSE,"-"
"Coprococcus_catus","Coprococcus_catus","T0","Elastase",-0.00578296698089032,0.712176444608534,FALSE,"-"
"Dorea_formicigenerans","Dorea_formicigenerans","T0","Elastase",0.00404109054124119,0.966287445431465,FALSE,"+"
"Megasphaera_micronuciformis","Megasphaera_micronuciformis","T0","Elastase",NA,1,FALSE,NA
"Blautia_faecis","Blautia_faecis","T0","Elastase",0.00462348571938546,0.966287445431465,FALSE,"+"
"Blautia_caecimuris","Blautia_caecimuris","T0","Elastase",0.00209126893504522,0.524814290805723,FALSE,"+"
"GGB3550_SGB4746","GGB3550_SGB4746","T0","Elastase",0.00253037575518288,1,FALSE,"+"
"GGB3653_SGB4964","GGB3653_SGB4964","T0","Elastase",-0.00465234203791092,1,FALSE,"-"
"Phocaeicola_vulgatus","Phocaeicola_vulgatus","T0","Elastase",-0.00211592034503489,1,FALSE,"-"
"Streptococcus_gordonii","Streptococcus_gordonii","T0","Elastase",0.18651334745219,0.000495344019098675,TRUE,"+"
"Intestinibacter_bartlettii","Intestinibacter_bartlettii","T0","Elastase",-0.00356737977578455,1,FALSE,"-"
"Oscillospiraceae_bacterium_CLA_AA_H250","Oscillospiraceae_bacterium_CLA_AA_H250","T0","Elastase",-0.12517847624413,3.33929369819093e-05,TRUE,"-"
"Tyzzerella_nexilis","Tyzzerella_nexilis","T0","Elastase",0.0470317741420568,0.00271667749353127,TRUE,"+"
"Dialister_pneumosintes","Dialister_pneumosintes","T0","Elastase",-1.21410824403425,1,FALSE,"-"
"Veillonella_rogosae","Veillonella_rogosae","T0","Elastase",-6.62931623795383,6.08550209317388e-07,TRUE,"-"
"Rothia_SGB49305","Rothia_SGB49305","T0","Elastase",-0.00103999224187481,1,FALSE,"-"
"Streptococcus_oralis","Streptococcus_oralis","T0","Elastase",-0.007094376036935,0.0298664721402237,TRUE,"-"
"Streptococcus_intermedius","Streptococcus_intermedius","T0","Elastase",-2.05479255130037,0.00225229353532806,TRUE,"-"
"Gemella_morbillorum","Gemella_morbillorum","T0","Elastase",0.504786677488306,1,FALSE,"+"
"Fusobacterium_nucleatum","Fusobacterium_nucleatum","T0","Elastase",-0.00488962634681653,0.00933090845813063,TRUE,"-"
"Streptococcus_anginosus","Streptococcus_anginosus","T0","Elastase",-0.00521839372659702,0.708180119059804,FALSE,"-"
"Corynebacterium_durum","Corynebacterium_durum","T0","Elastase",0.0817326394819074,1,FALSE,"+"
"Eubacterium_rectale","Eubacterium_rectale","T0","Elastase",0.00242399381290445,0.456820084924648,FALSE,"+"
"Lacticaseibacillus_rhamnosus","Lacticaseibacillus_rhamnosus","T0","Elastase",0.000374836397134268,1,FALSE,"+"
"Coprococcus_comes","Coprococcus_comes","T0","Elastase",-0.0569593677396359,0.000321482434106558,TRUE,"-"
"Faecalibacterium_prausnitzii","Faecalibacterium_prausnitzii","T0","Elastase",-0.00352404717833427,0.0102909569879873,TRUE,"-"
"Latilactobacillus_sakei","Latilactobacillus_sakei","T0","Elastase",0.0131132595734368,0.213993041052419,FALSE,"+"
"GGB51647_SGB4348","GGB51647_SGB4348","T0","Elastase",-0.00362395329617331,1,FALSE,"-"
"Actinomyces_johnsonii","Actinomyces_johnsonii","T0","Elastase",0.00374505300933498,0.393639854945256,FALSE,"+"
"Ruminococcus_lactaris","Ruminococcus_lactaris","T0","Elastase",NA,1,FALSE,NA
"Mediterraneibacter_glycyrrhizinilyticus","Mediterraneibacter_glycyrrhizinilyticus","T0","Elastase",0.00501740822477213,0.106059193057827,FALSE,"+"
"Phocaeicola_dorei","Phocaeicola_dorei","T0","Elastase",-6.0654370422438e-05,1,FALSE,"-"
"Ligilactobacillus_saerimneri","Ligilactobacillus_saerimneri","T0","Elastase",0.594835377512434,1,FALSE,"+"
"Actinomyces_massiliensis","Actinomyces_massiliensis","T0","Elastase",-3.78891951532659,1,FALSE,"-"
"Bifidobacterium_animalis","Bifidobacterium_animalis","T0","Elastase",0.00561552311291109,0.989168133883553,FALSE,"+"
"Blautia_SGB59878","Blautia_SGB59878","T0","Elastase",-0.0319854381455249,1,FALSE,"-"
"Lactococcus_lactis","Lactococcus_lactis","T0","Elastase",0.0024304504222406,0.46846692775378,FALSE,"+"
"Bacteroides_uniformis","Bacteroides_uniformis","T0","Elastase",0.00901019697434023,0.552419250839043,FALSE,"+"
"Parabacteroides_merdae","Parabacteroides_merdae","T0","Elastase",0.000256475738765402,1,FALSE,"+"
"Parabacteroides_distasonis","Parabacteroides_distasonis","T0","Elastase",-0.00411616143772581,0.971522647224632,FALSE,"-"
"Gemmiger_formicilis","Gemmiger_formicilis","T0","Elastase",0.00361287307842658,0.712176444608534,FALSE,"+"
"Anaerostipes_caccae","Anaerostipes_caccae","T0","Elastase",-0.00979518686343582,1,FALSE,"-"
"Bifidobacterium_breve","Bifidobacterium_breve","T0","Elastase",-0.0920675855337851,1,FALSE,"-"
"Acidaminococcus_intestini","Acidaminococcus_intestini","T0","Elastase",-2.51347303999902,1,FALSE,"-"
"Dialister_invisus","Dialister_invisus","T0","Elastase",0.00359718993292877,1,FALSE,"+"
"Parasutterella_SGB9260","Parasutterella_SGB9260","T0","Elastase",NA,1,FALSE,NA
"Ruminococcus_bromii","Ruminococcus_bromii","T0","Elastase",0.000823066837366695,1,FALSE,"+"
"Mediterraneibacter_faecis","Mediterraneibacter_faecis","T0","Elastase",-0.107337470779772,1.60289447916983e-05,TRUE,"-"
"Faecalicatena_fissicatena","Faecalicatena_fissicatena","T0","Elastase",-0.00532204712610157,0.0867174322986319,FALSE,"-"
"Blautia_obeum","Blautia_obeum","T0","Elastase",0.00695480123694322,0.5636377229211,FALSE,"+"
"Collinsella_aerofaciens","Collinsella_aerofaciens","T0","Elastase",0.00517716458236039,0.816498048720378,FALSE,"+"
"Eubacterium_ramulus","Eubacterium_ramulus","T0","Elastase",0.0073913908130406,0.384111200781275,FALSE,"+"
"Roseburia_lenta","Roseburia_lenta","T0","Elastase",NA,1,FALSE,NA
"Solobacterium_SGB6829","Solobacterium_SGB6829","T0","Elastase",0.0156515224112806,8.01668827927451e-05,TRUE,"+"
"Peptostreptococcus_SGB749","Peptostreptococcus_SGB749","T0","Elastase",NA,1,FALSE,NA
"Eubacterium_sulci","Eubacterium_sulci","T0","Elastase",-0.00203691688471137,0.153707082774726,FALSE,"-"
"Limosilactobacillus_mucosae","Limosilactobacillus_mucosae","T0","Elastase",1.34288855009687,1,FALSE,"+"
"Candidatus_Cibionibacter_quicibialis","Candidatus_Cibionibacter_quicibialis","T0","Elastase",0.0579539307932943,2.40691446689117e-05,TRUE,"+"
"Pediococcus_acidilactici","Pediococcus_acidilactici","T0","Elastase",NA,1,FALSE,NA
"Drancourtella_massiliensis","Drancourtella_massiliensis","T0","Elastase",0.752990202464799,1,FALSE,"+"
"Anaeromassilibacillus_senegalensis","Anaeromassilibacillus_senegalensis","T0","Elastase",NA,1,FALSE,NA
"Gordonibacter_urolithinfaciens","Gordonibacter_urolithinfaciens","T0","Elastase",-0.00170072772435643,1,FALSE,"-"
"Schaalia_meyeri","Schaalia_meyeri","T0","Elastase",0.144418935172246,0.000477015311638156,TRUE,"+"
"Faecalicatena_contorta","Faecalicatena_contorta","T0","Elastase",0.00484012739652992,1,FALSE,"+"
"Massilioclostridium_coli","Massilioclostridium_coli","T0","Elastase",-0.00359588265973008,1,FALSE,"-"
"Clostridiales_bacterium_KLE1615","Clostridiales_bacterium_KLE1615","T0","Elastase",0.00287513328812008,1,FALSE,"+"
"Merdimonas_faecis","Merdimonas_faecis","T0","Elastase",NA,1,FALSE,NA
"Clostridia_bacterium_UC5_1_1D1","Clostridia_bacterium_UC5_1_1D1","T0","Elastase",0.00010722767342189,1,FALSE,"+"
"Clostridioides_difficile","Clostridioides_difficile","T0","Elastase",-0.735795703132985,1,FALSE,"-"
"Lactiplantibacillus_plantarum","Lactiplantibacillus_plantarum","T0","Elastase",NA,1,FALSE,NA
"Clostridiaceae_bacterium","Clostridiaceae_bacterium","T0","Elastase",-0.00272899716491652,1,FALSE,"-"
"Blautia_glucerasea","Blautia_glucerasea","T0","Elastase",0.00450181679726105,0.128980479826149,FALSE,"+"
"Schaalia_SGB17168","Schaalia_SGB17168","T0","Elastase",0.00512836044486962,0.029725861018813,TRUE,"+"
"TM7_phylum_sp_oral_taxon_352","TM7_phylum_sp_oral_taxon_352","T0","Elastase",1.12307039478123,0.0166344483962075,TRUE,"+"
"GGB3256_SGB4303","GGB3256_SGB4303","T0","Elastase",0.854420029745436,1,FALSE,"+"
"Dorea_sp_AF36_15AT","Dorea_sp_AF36_15AT","T0","Elastase",-0.00441851271729071,0.010546858435765,TRUE,"-"
"Clostridiaceae_bacterium_Marseille_Q3526","Clostridiaceae_bacterium_Marseille_Q3526","T0","Elastase",-0.00518246411573002,0.237162055110961,FALSE,"-"
"Clostridium_SGB6179","Clostridium_SGB6179","T0","Elastase",-0.0232616461658638,0.0216473850582768,TRUE,"-"
"GGB9512_SGB14909","GGB9512_SGB14909","T0","Elastase",-0.221415765561714,1,FALSE,"-"
"Clostridium_sp_AT4","Clostridium_sp_AT4","T0","Elastase",-0.002806767221746,0.10067428874988,FALSE,"-"
"Clostridium_SGB4750","Clostridium_SGB4750","T0","Elastase",-0.0139522740963295,0.0624799942781915,FALSE,"-"
"Actinomyces_gerencseriae","Actinomyces_gerencseriae","T0","Elastase",0.326550465641156,0.00314679074985879,TRUE,"+"
"Phascolarctobacterium_faecium","Phascolarctobacterium_faecium","T0","Elastase",0.00536089305546446,0.209380221689055,FALSE,"+"
"Sutterella_wadsworthensis","Sutterella_wadsworthensis","T0","Elastase",-0.0027943895669826,1,FALSE,"-"
"Fusicatenibacter_sp_CLA_AA_H277","Fusicatenibacter_sp_CLA_AA_H277","T0","Elastase",0.222553093483733,1,FALSE,"+"
"Lachnospiraceae_bacterium","Lachnospiraceae_bacterium","T0","Elastase",-0.00975096174262262,0.0105038237952493,TRUE,"-"
"Leuconostoc_carnosum","Leuconostoc_carnosum","T0","Elastase",NA,1,FALSE,NA
"Eubacterium_ventriosum","Eubacterium_ventriosum","T0","Elastase",-0.718432451069093,1,FALSE,"-"
"GGB3819_SGB5184","GGB3819_SGB5184","T0","Elastase",0.00769908922852547,0.209380221689055,FALSE,"+"
"Pseudoflavonifractor_phocaeensis","Pseudoflavonifractor_phocaeensis","T0","Elastase",NA,1,FALSE,NA
"Bacteroides_caccae","Bacteroides_caccae","T0","Elastase",4.21979730498497,0.0065540022354588,TRUE,"+"
"Alistipes_onderdonkii","Alistipes_onderdonkii","T0","Elastase",0.00422954251634429,0.062173417679582,FALSE,"+"
"Bacteroides_thetaiotaomicron","Bacteroides_thetaiotaomicron","T0","Elastase",0.00450678097561991,0.971522647224632,FALSE,"+"
"GGB3433_SGB4573","GGB3433_SGB4573","T0","Elastase",-0.163936760098882,1,FALSE,"-"
"Klebsiella_pneumoniae","Klebsiella_pneumoniae","T0","Elastase",-0.0222260617269351,0.0789354292374647,FALSE,"-"
"Blautia_SGB4815","Blautia_SGB4815","T0","Elastase",0.00305625940670525,0.945470656539426,FALSE,"+"
"Faecalibacillus_intestinalis","Faecalibacillus_intestinalis","T0","Elastase",0.00428447184886424,0.0624799942781915,FALSE,"+"
"Lentihominibacter_faecis","Lentihominibacter_faecis","T0","Elastase",0.000238287984962574,1,FALSE,"+"
"Roseburia_intestinalis","Roseburia_intestinalis","T0","Elastase",0.00323732300901607,1,FALSE,"+"
"Clostridium_sp_AM49_4BH","Clostridium_sp_AM49_4BH","T0","Elastase",NA,1,FALSE,NA
"Roseburia_inulinivorans","Roseburia_inulinivorans","T0","Elastase",-0.0427133500201042,1,FALSE,"-"
"Ruminococcus_bicirculans","Ruminococcus_bicirculans","T0","Elastase",0.116056345321854,0.10067428874988,FALSE,"+"
"Faecalibacterium_SGB15346","Faecalibacterium_SGB15346","T0","Elastase",-0.0320660422346674,1,FALSE,"-"
"Roseburia_hominis","Roseburia_hominis","T0","Elastase",0.0210560739402304,0.217102429839441,FALSE,"+"
"Lachnospiraceae_bacterium_CLA_AA_H244","Lachnospiraceae_bacterium_CLA_AA_H244","T0","Elastase",0.0110948489830296,1,FALSE,"+"
"Bacteroides_ovatus","Bacteroides_ovatus","T0","Elastase",0.0210676484517069,0.0771501373269331,FALSE,"+"
"Wansuia_hejianensis","Wansuia_hejianensis","T0","Elastase",0.0031751885272111,0.118872299113576,FALSE,"+"
"Clostridium_fessum","Clostridium_fessum","T0","Elastase",0.00129094066607332,1,FALSE,"+"
"GGB3109_SGB4121","GGB3109_SGB4121","T0","Elastase",0.0260627206269949,0.062173417679582,FALSE,"+"
"Clostridium_leptum","Clostridium_leptum","T0","Elastase",NA,1,FALSE,NA
"GGB9359_SGB14334","GGB9359_SGB14334","T0","Elastase",0.0404763549495782,1,FALSE,"+"
"Gordonibacter_pamelaeae","Gordonibacter_pamelaeae","T0","Elastase",NA,1,FALSE,NA
"Zhenpiania_hominis","Zhenpiania_hominis","T0","Elastase",-0.30069491802154,1,FALSE,"-"
"Alistipes_dispar","Alistipes_dispar","T0","Elastase",0.0256855921659118,1,FALSE,"+"
"Brotolimicola_acetigignens","Brotolimicola_acetigignens","T0","Elastase",NA,1,FALSE,NA
"Hydrogeniiclostridium_mannosilyticum","Hydrogeniiclostridium_mannosilyticum","T0","Elastase",0.161643039894359,0.0210377572131241,TRUE,"+"
"Lacrimispora_amygdalina","Lacrimispora_amygdalina","T0","Elastase",-2.7177167017549,1,FALSE,"-"
"Dysosmobacter_welbionis","Dysosmobacter_welbionis","T0","Elastase",-0.00816736392840569,0.703600932602768,FALSE,"-"
"Massilimicrobiota_timonensis","Massilimicrobiota_timonensis","T0","Elastase",-0.00528227865397066,1,FALSE,"-"
"Intestinimonas_massiliensis","Intestinimonas_massiliensis","T0","Elastase",NA,1,FALSE,NA
"Alistipes_putredinis","Alistipes_putredinis","T0","Elastase",-0.00978290557629267,1,FALSE,"-"
"Bittarella_massiliensis","Bittarella_massiliensis","T0","Elastase",NA,1,FALSE,NA
"Rubneribacter_badeniensis","Rubneribacter_badeniensis","T0","Elastase",NA,1,FALSE,NA
"Clostridium_methylpentosum","Clostridium_methylpentosum","T0","Elastase",0.255356387904575,1,FALSE,"+"
"GGB9715_SGB15265","GGB9715_SGB15265","T0","Elastase",0.00778104711016785,0.814954276759678,FALSE,"+"
"Enterocloster_citroniae","Enterocloster_citroniae","T0","Elastase",-0.000135029327974366,1,FALSE,"-"
"GGB9730_SGB15291","GGB9730_SGB15291","T0","Elastase",NA,1,FALSE,NA
"Akkermansia_muciniphila","Akkermansia_muciniphila","T0","Elastase",-0.00293443343736991,0.217102429839441,FALSE,"-"
"Mediterraneibacter_butyricigenes","Mediterraneibacter_butyricigenes","T0","Elastase",0.000337908852517804,1,FALSE,"+"
"Alistipes_communis","Alistipes_communis","T0","Elastase",-0.134097022513805,1,FALSE,"-"
"Vescimonas_coprocola","Vescimonas_coprocola","T0","Elastase",0.000456857844950923,1,FALSE,"+"
"Eisenbergiella_tayi","Eisenbergiella_tayi","T0","Elastase",-0.000240296562306731,1,FALSE,"-"
"Oscillospiraceae_bacterium_Marseille_Q3528","Oscillospiraceae_bacterium_Marseille_Q3528","T0","Elastase",-0.00683014144576285,1,FALSE,"-"
"Clostridium_sp_AM29_11AC","Clostridium_sp_AM29_11AC","T0","Elastase",NA,1,FALSE,NA
"Clostridium_sp_C5_48","Clostridium_sp_C5_48","T0","Elastase",-0.00650732781497847,0.131106194040484,FALSE,"-"
"Escherichia_marmotae","Escherichia_marmotae","T0","Elastase",-0.0108037143790863,0.162588841895673,FALSE,"-"
"Bilophila_wadsworthia","Bilophila_wadsworthia","T0","Elastase",0.00188955502133665,0.0624799942781915,FALSE,"+"
"Eubacterium_brachy","Eubacterium_brachy","T0","Elastase",-0.208541344463689,0.0135311936264757,TRUE,"-"
"Prevotella_bivia","Prevotella_bivia","T0","Elastase",-0.0103523808905572,1,FALSE,"-"
"Bifidobacterium_adolescentis","Bifidobacterium_adolescentis","T0","Elastase",0.0231005336962557,0.0155068186022765,TRUE,"+"
"Evtepia_gabavorous","Evtepia_gabavorous","T0","Elastase",0.000235344791619421,1,FALSE,"+"
"Blautia_hydrogenotrophica","Blautia_hydrogenotrophica","T0","Elastase",-0.0266910954987158,1,FALSE,"-"
"Bacteroides_faecis","Bacteroides_faecis","T0","Elastase",NA,1,FALSE,NA
"Bacteroides_stercoris","Bacteroides_stercoris","T0","Elastase",2.2435447987308,1,FALSE,"+"
"Enterocloster_hominis","Enterocloster_hominis","T0","Elastase",0.0305655658664382,0.00941210649312235,TRUE,"+"
"Firmicutes_bacterium","Firmicutes_bacterium","T0","Elastase",NA,1,FALSE,NA
"Slackia_isoflavoniconvertens","Slackia_isoflavoniconvertens","T0","Elastase",-0.00691963565760961,0.0789948580007827,FALSE,"-"
"Faecalibacterium_sp_CLA_AA_H233","Faecalibacterium_sp_CLA_AA_H233","T0","Elastase",0.150937671167308,8.01668827927451e-05,TRUE,"+"
"GGB3730_SGB5060","GGB3730_SGB5060","T0","Elastase",-0.252543979843851,1,FALSE,"-"
"GGB3600_SGB4859","GGB3600_SGB4859","T0","Elastase",-0.00157094161887516,1,FALSE,"-"
"Neobittarella_massiliensis","Neobittarella_massiliensis","T0","Elastase",0.0231566117933522,0.0016559355468829,TRUE,"+"
"Eubacterium_siraeum","Eubacterium_siraeum","T0","Elastase",-0.00345190769694889,1,FALSE,"-"
"GGB3444_SGB4594","GGB3444_SGB4594","T0","Elastase",NA,1,FALSE,NA
"Lacticaseibacillus_paracasei","Lacticaseibacillus_paracasei","T0","Elastase",-0.00485783116761361,0.272590006165663,FALSE,"-"
"GGB9719_SGB15272","GGB9719_SGB15272","T0","Elastase",NA,1,FALSE,NA
"Christensenella_hongkongensis","Christensenella_hongkongensis","T0","Elastase",NA,1,FALSE,NA
"Odoribacter_splanchnicus","Odoribacter_splanchnicus","T0","Elastase",0.00126963632941749,0.579945928858007,FALSE,"+"
"Limosilactobacillus_reuteri","Limosilactobacillus_reuteri","T0","Elastase",0.0230861762654308,0.0624799942781915,FALSE,"+"
"Anaerotruncus_colihominis","Anaerotruncus_colihominis","T0","Elastase",0.00961436177078882,1,FALSE,"+"
"Clostridiales_bacterium","Clostridiales_bacterium","T0","Elastase",NA,1,FALSE,NA
"Lachnoclostridium_pacaense","Lachnoclostridium_pacaense","T0","Elastase",-0.0496515793253923,1,FALSE,"-"
"Lactonifactor_longoviformis","Lactonifactor_longoviformis","T0","Elastase",-1.81870876918625,1,FALSE,"-"
"GGB9534_SGB14937","GGB9534_SGB14937","T0","Elastase",NA,1,FALSE,NA
"Parasutterella_excrementihominis","Parasutterella_excrementihominis","T0","Elastase",0.0790302570464451,1,FALSE,"+"
"GGB3511_SGB4688","GGB3511_SGB4688","T0","Elastase",0.00506113574341285,0.0188251040421778,TRUE,"+"
"Enterococcus_avium","Enterococcus_avium","T0","Elastase",0.012524583389138,1,FALSE,"+"
"Coprobacillus_cateniformis","Coprobacillus_cateniformis","T0","Elastase",0.0295307757440781,1,FALSE,"+"
"Lawsonella_SGB3665","Lawsonella_SGB3665","T0","Elastase",0.0380228195808417,0.00176512208463917,TRUE,"+"
"Faecalibacillus_faecis","Faecalibacillus_faecis","T0","Elastase",0.0153070450531645,1,FALSE,"+"
"Eubacterium_sp_c_25","Eubacterium_sp_c_25","T0","Elastase",-0.0042665136563611,1,FALSE,"-"
"Anaerococcus_obesiensis","Anaerococcus_obesiensis","T0","Elastase",-0.0956245590001398,0.00933090845813063,TRUE,"-"
"Streptococcus_mitis","Streptococcus_mitis","T12","Elastase",0.00237320932197273,1,FALSE,"+"
"Streptococcus_sanguinis","Streptococcus_sanguinis","T12","Elastase",0.0229199895235473,1,FALSE,"+"
"Actinomyces_sp_ICM47","Actinomyces_sp_ICM47","T12","Elastase",NA,1,FALSE,NA
"Enterocloster_clostridioformis","Enterocloster_clostridioformis","T12","Elastase",7.88937965474459,1,FALSE,"+"
"Ruminococcus_gnavus","Ruminococcus_gnavus","T12","Elastase",0.00141778752866965,1,FALSE,"+"
"Longicatena_caecimuris","Longicatena_caecimuris","T12","Elastase",-0.0194145152370846,0.812491672410475,FALSE,"-"
"Clostridium_symbiosum","Clostridium_symbiosum","T12","Elastase",-0.0025809184206311,1,FALSE,"-"
"Streptococcus_thermophilus","Streptococcus_thermophilus","T12","Elastase",-0.0111722348736114,1,FALSE,"-"
"Eggerthella_lenta","Eggerthella_lenta","T12","Elastase",-0.00417714292245903,1,FALSE,"-"
"Erysipelatoclostridium_ramosum","Erysipelatoclostridium_ramosum","T12","Elastase",0.00113874474845431,1,FALSE,"+"
"Ruminococcus_torques","Ruminococcus_torques","T12","Elastase",0.00124398245166213,1,FALSE,"+"
"Hungatella_hathewayi","Hungatella_hathewayi","T12","Elastase",-2.85687936059952,1,FALSE,"-"
"Flavonifractor_plautii","Flavonifractor_plautii","T12","Elastase",-0.0273922785282878,1,FALSE,"-"
"Faecalimonas_umbilicata","Faecalimonas_umbilicata","T12","Elastase",-0.00146803035887207,1,FALSE,"-"
"Blautia_hansenii","Blautia_hansenii","T12","Elastase",-0.00460164323944853,1,FALSE,"-"
"Enterocloster_aldenensis","Enterocloster_aldenensis","T12","Elastase",0.00994806299509846,1,FALSE,"+"
"Oliverpabstia_intestinalis","Oliverpabstia_intestinalis","T12","Elastase",NA,1,FALSE,NA
"Sellimonas_intestinalis","Sellimonas_intestinalis","T12","Elastase",-0.00322127378306947,1,FALSE,"-"
"Schaalia_odontolytica","Schaalia_odontolytica","T12","Elastase",-0.133449184379472,1,FALSE,"-"
"Blautia_producta","Blautia_producta","T12","Elastase",0.0103720793274601,1,FALSE,"+"
"Streptococcus_salivarius","Streptococcus_salivarius","T12","Elastase",-0.00733451893518485,1,FALSE,"-"
"Clostridium_spiroforme","Clostridium_spiroforme","T12","Elastase",-0.00157498026860019,1,FALSE,"-"
"GGB3433_SGB4574","GGB3433_SGB4574","T12","Elastase",-0.0406543102662763,1,FALSE,"-"
"Clostridium_scindens","Clostridium_scindens","T12","Elastase",-0.0111576317372923,1,FALSE,"-"
"Fusicatenibacter_saccharivorans","Fusicatenibacter_saccharivorans","T12","Elastase",-0.00353607345949741,1,FALSE,"-"
"Clostridia_bacterium","Clostridia_bacterium","T12","Elastase",0.00557370404502871,1,FALSE,"+"
"Clostridium_innocuum","Clostridium_innocuum","T12","Elastase",0.00787194796696204,1,FALSE,"+"
"Anaerostipes_hadrus","Anaerostipes_hadrus","T12","Elastase",0.000285546262216271,1,FALSE,"+"
"Gemella_sanguinis","Gemella_sanguinis","T12","Elastase",-0.00738667628699667,1,FALSE,"-"
"Streptococcus_australis","Streptococcus_australis","T12","Elastase",0.000306444381428614,1,FALSE,"+"
"Agathobaculum_butyriciproducens","Agathobaculum_butyriciproducens","T12","Elastase",-0.00966690743114515,1,FALSE,"-"
"Schaalia_SGB17157","Schaalia_SGB17157","T12","Elastase",-0.00209305047932129,1,FALSE,"-"
"Turicibacter_bilis","Turicibacter_bilis","T12","Elastase",0.00776268884388081,1,FALSE,"+"
"Alistipes_finegoldii","Alistipes_finegoldii","T12","Elastase",NA,1,FALSE,NA
"Actinomyces_sp_ph3","Actinomyces_sp_ph3","T12","Elastase",NA,1,FALSE,NA
"Veillonella_dispar","Veillonella_dispar","T12","Elastase",0.00113314586776331,1,FALSE,"+"
"Ruthenibacterium_lactatiformans","Ruthenibacterium_lactatiformans","T12","Elastase",0.000660576508378211,1,FALSE,"+"
"Roseburia_faecis","Roseburia_faecis","T12","Elastase",0.00470970064752125,1,FALSE,"+"
"Actinomyces_oris","Actinomyces_oris","T12","Elastase",0.00160769024366466,1,FALSE,"+"
"Bacteroides_fragilis","Bacteroides_fragilis","T12","Elastase",-0.00570364897868989,1,FALSE,"-"
"Romboutsia_timonensis","Romboutsia_timonensis","T12","Elastase",-0.0017967660505723,1,FALSE,"-"
"Clostridiaceae_bacterium_AF18_31LB","Clostridiaceae_bacterium_AF18_31LB","T12","Elastase",NA,1,FALSE,NA
"Blautia_massiliensis","Blautia_massiliensis","T12","Elastase",-0.0123697720633603,1,FALSE,"-"
"Streptococcus_parasanguinis","Streptococcus_parasanguinis","T12","Elastase",-0.000229244515189362,1,FALSE,"-"
"Mogibacterium_diversum","Mogibacterium_diversum","T12","Elastase",0.00170376894226912,1,FALSE,"+"
"Escherichia_coli","Escherichia_coli","T12","Elastase",-0.0136375386429734,1,FALSE,"-"
"Enterococcus_faecium","Enterococcus_faecium","T12","Elastase",-2.27293916826476,1,FALSE,"-"
"Schaalia_SGB17158","Schaalia_SGB17158","T12","Elastase",NA,1,FALSE,NA
"Clostridium_saudiense","Clostridium_saudiense","T12","Elastase",0.00885583474392066,1,FALSE,"+"
"Streptococcus_rubneri","Streptococcus_rubneri","T12","Elastase",NA,1,FALSE,NA
"Clostridium_SGB6173","Clostridium_SGB6173","T12","Elastase",0.0213857740550941,1,FALSE,"+"
"Bacteroides_xylanisolvens","Bacteroides_xylanisolvens","T12","Elastase",-0.00585713188531023,1,FALSE,"-"
"Clostridium_perfringens","Clostridium_perfringens","T12","Elastase",-0.0439038356871825,1,FALSE,"-"
"Scardovia_wiggsiae","Scardovia_wiggsiae","T12","Elastase",NA,1,FALSE,NA
"Granulicatella_SGB8255","Granulicatella_SGB8255","T12","Elastase",0.00554225736833756,1,FALSE,"+"
"Roseburia_sp_AF02_12","Roseburia_sp_AF02_12","T12","Elastase",NA,1,FALSE,NA
"Actinomyces_naeslundii","Actinomyces_naeslundii","T12","Elastase",-0.00302636216720967,1,FALSE,"-"
"Clostridium_disporicum","Clostridium_disporicum","T12","Elastase",NA,1,FALSE,NA
"Rothia_mucilaginosa","Rothia_mucilaginosa","T12","Elastase",NA,1,FALSE,NA
"Streptococcus_vestibularis","Streptococcus_vestibularis","T12","Elastase",NA,1,FALSE,NA
"Enterocloster_bolteae","Enterocloster_bolteae","T12","Elastase",-0.00103962079380023,1,FALSE,"-"
"Lachnospira_pectinoschiza","Lachnospira_pectinoschiza","T12","Elastase",NA,1,FALSE,NA
"Enterococcus_faecalis","Enterococcus_faecalis","T12","Elastase",-2.46888108755484,1,FALSE,"-"
"Veillonella_atypica","Veillonella_atypica","T12","Elastase",-7.88303607708215,0.0430781432122519,TRUE,"-"
"Dorea_longicatena","Dorea_longicatena","T12","Elastase",-0.00134401346830219,1,FALSE,"-"
"Bifidobacterium_bifidum","Bifidobacterium_bifidum","T12","Elastase",0.00330163067462972,1,FALSE,"+"
"Blautia_wexlerae","Blautia_wexlerae","T12","Elastase",-0.00142527716531041,1,FALSE,"-"
"Bifidobacterium_longum","Bifidobacterium_longum","T12","Elastase",-0.00525816580585687,1,FALSE,"-"
"Bifidobacterium_pseudocatenulatum","Bifidobacterium_pseudocatenulatum","T12","Elastase",0.012279597685038,1,FALSE,"+"
"Anaerobutyricum_soehngenii","Anaerobutyricum_soehngenii","T12","Elastase",-0.00579481927408324,1,FALSE,"-"
"Streptococcus_mutans","Streptococcus_mutans","T12","Elastase",NA,1,FALSE,NA
"Anaerobutyricum_hallii","Anaerobutyricum_hallii","T12","Elastase",-0.00246743097484754,1,FALSE,"-"
"Ruminococcus_sp_AF41_9","Ruminococcus_sp_AF41_9","T12","Elastase",0.0475885174469197,1,FALSE,"+"
"Veillonella_parvula","Veillonella_parvula","T12","Elastase",0.00130357576890156,1,FALSE,"+"
"Lactobacillus_gasseri","Lactobacillus_gasseri","T12","Elastase",-0.31514656728921,1,FALSE,"-"
"Coprococcus_catus","Coprococcus_catus","T12","Elastase",-0.00307109871452449,1,FALSE,"-"
"Blautia_stercoris","Blautia_stercoris","T12","Elastase",NA,1,FALSE,NA
"Dorea_formicigenerans","Dorea_formicigenerans","T12","Elastase",-0.000518218171227345,1,FALSE,"-"
"Blautia_faecis","Blautia_faecis","T12","Elastase",-0.00422245093994437,1,FALSE,"-"
"Blautia_caecimuris","Blautia_caecimuris","T12","Elastase",-0.00752817766262542,1,FALSE,"-"
"GGB3550_SGB4746","GGB3550_SGB4746","T12","Elastase",-2.69567345116465,1,FALSE,"-"
"GGB3653_SGB4964","GGB3653_SGB4964","T12","Elastase",-1.16458416843186,0.0188901928693927,TRUE,"-"
"Phocaeicola_vulgatus","Phocaeicola_vulgatus","T12","Elastase",-0.00203075405087724,1,FALSE,"-"
"Streptococcus_gordonii","Streptococcus_gordonii","T12","Elastase",-0.000125624868929094,1,FALSE,"-"
"Intestinibacter_bartlettii","Intestinibacter_bartlettii","T12","Elastase",-0.00716246039314015,1,FALSE,"-"
"Oscillospiraceae_bacterium_CLA_AA_H250","Oscillospiraceae_bacterium_CLA_AA_H250","T12","Elastase",-0.0127014342043572,0.0430781432122519,TRUE,"-"
"Tyzzerella_nexilis","Tyzzerella_nexilis","T12","Elastase",-0.0041198505898271,1,FALSE,"-"
"Dialister_pneumosintes","Dialister_pneumosintes","T12","Elastase",NA,1,FALSE,NA
"Limosilactobacillus_portuensis","Limosilactobacillus_portuensis","T12","Elastase",NA,1,FALSE,NA
"Veillonella_rogosae","Veillonella_rogosae","T12","Elastase",NA,1,FALSE,NA
"Rothia_SGB49305","Rothia_SGB49305","T12","Elastase",NA,1,FALSE,NA
"Streptococcus_oralis","Streptococcus_oralis","T12","Elastase",NA,1,FALSE,NA
"Streptococcus_intermedius","Streptococcus_intermedius","T12","Elastase",-0.01788053088746,1,FALSE,"-"
"Streptococcus_anginosus","Streptococcus_anginosus","T12","Elastase",-0.0107002272242125,1,FALSE,"-"
"Corynebacterium_durum","Corynebacterium_durum","T12","Elastase",NA,1,FALSE,NA
"Eubacterium_rectale","Eubacterium_rectale","T12","Elastase",0.00341071622439801,1,FALSE,"+"
"Lacticaseibacillus_rhamnosus","Lacticaseibacillus_rhamnosus","T12","Elastase",0.666363042416478,1,FALSE,"+"
"Coprococcus_comes","Coprococcus_comes","T12","Elastase",-0.00237473385705133,1,FALSE,"-"
"Faecalibacterium_prausnitzii","Faecalibacterium_prausnitzii","T12","Elastase",-0.00998851707405762,1,FALSE,"-"
"Latilactobacillus_sakei","Latilactobacillus_sakei","T12","Elastase",0.00879457259789784,1,FALSE,"+"
"GGB51647_SGB4348","GGB51647_SGB4348","T12","Elastase",0.333151096966034,1,FALSE,"+"
"Ruminococcus_lactaris","Ruminococcus_lactaris","T12","Elastase",NA,1,FALSE,NA
"Lactococcus_cremoris","Lactococcus_cremoris","T12","Elastase",0.00990419959114672,1,FALSE,"+"
"Mediterraneibacter_glycyrrhizinilyticus","Mediterraneibacter_glycyrrhizinilyticus","T12","Elastase",0.00484404485373959,1,FALSE,"+"
"Phocaeicola_dorei","Phocaeicola_dorei","T12","Elastase",-0.00242920161897837,1,FALSE,"-"
"Bifidobacterium_animalis","Bifidobacterium_animalis","T12","Elastase",-0.983379696884416,1,FALSE,"-"
"Lactococcus_lactis","Lactococcus_lactis","T12","Elastase",-0.00397624730042727,1,FALSE,"-"
"Bacteroides_uniformis","Bacteroides_uniformis","T12","Elastase",0.00253685549103308,1,FALSE,"+"
"Parabacteroides_merdae","Parabacteroides_merdae","T12","Elastase",0.138126166632411,0.319415986078791,FALSE,"+"
"Parabacteroides_distasonis","Parabacteroides_distasonis","T12","Elastase",-0.0209866839919514,1,FALSE,"-"
"Gemmiger_formicilis","Gemmiger_formicilis","T12","Elastase",-0.00909492508873341,1,FALSE,"-"
"Anaerostipes_caccae","Anaerostipes_caccae","T12","Elastase",-0.0389691950284186,0.473660415319844,FALSE,"-"
"Bifidobacterium_breve","Bifidobacterium_breve","T12","Elastase",3.506484356519,1,FALSE,"+"
"Acidaminococcus_intestini","Acidaminococcus_intestini","T12","Elastase",NA,1,FALSE,NA
"Dialister_invisus","Dialister_invisus","T12","Elastase",-0.00946525902263382,1,FALSE,"-"
"Parasutterella_SGB9260","Parasutterella_SGB9260","T12","Elastase",0.6638477216874,1,FALSE,"+"
"Ruminococcus_bromii","Ruminococcus_bromii","T12","Elastase",0.0103420689457837,1,FALSE,"+"
"Mediterraneibacter_faecis","Mediterraneibacter_faecis","T12","Elastase",0.00756697655514336,1,FALSE,"+"
"Faecalicatena_fissicatena","Faecalicatena_fissicatena","T12","Elastase",0.0505399672194764,0.18787851765945,FALSE,"+"
"Blautia_obeum","Blautia_obeum","T12","Elastase",-0.00733548349056277,1,FALSE,"-"
"Collinsella_aerofaciens","Collinsella_aerofaciens","T12","Elastase",-0.00572436829010332,1,FALSE,"-"
"Eubacterium_ramulus","Eubacterium_ramulus","T12","Elastase",0.0026036880130465,1,FALSE,"+"
"Roseburia_lenta","Roseburia_lenta","T12","Elastase",NA,1,FALSE,NA
"Candidatus_Cibionibacter_quicibialis","Candidatus_Cibionibacter_quicibialis","T12","Elastase",-0.00654579811458573,1,FALSE,"-"
"Anaeromassilibacillus_senegalensis","Anaeromassilibacillus_senegalensis","T12","Elastase",-0.00798758926342237,1,FALSE,"-"
"Gordonibacter_urolithinfaciens","Gordonibacter_urolithinfaciens","T12","Elastase",0.00638909165773815,1,FALSE,"+"
"Faecalicatena_contorta","Faecalicatena_contorta","T12","Elastase",-0.00394862515918543,1,FALSE,"-"
"Massilioclostridium_coli","Massilioclostridium_coli","T12","Elastase",NA,1,FALSE,NA
"Clostridiales_bacterium_KLE1615","Clostridiales_bacterium_KLE1615","T12","Elastase",-0.00511025125401362,1,FALSE,"-"
"Clostridia_bacterium_UC5_1_1D1","Clostridia_bacterium_UC5_1_1D1","T12","Elastase",0.0113637528786076,1,FALSE,"+"
"Lactiplantibacillus_plantarum","Lactiplantibacillus_plantarum","T12","Elastase",1.39767731015454,1,FALSE,"+"
"Enterobacter_hormaechei","Enterobacter_hormaechei","T12","Elastase",NA,1,FALSE,NA
"Clostridiaceae_bacterium","Clostridiaceae_bacterium","T12","Elastase",0.00439436271760959,1,FALSE,"+"
"Blautia_glucerasea","Blautia_glucerasea","T12","Elastase",-0.00489053022623625,1,FALSE,"-"
"Schaalia_SGB17168","Schaalia_SGB17168","T12","Elastase",-0.0637532020990943,1,FALSE,"-"
"Veillonella_tobetsuensis","Veillonella_tobetsuensis","T12","Elastase",NA,1,FALSE,NA
"GGB3256_SGB4303","GGB3256_SGB4303","T12","Elastase",0.0508233367676804,0.00661732503094939,TRUE,"+"
"Dorea_sp_AF36_15AT","Dorea_sp_AF36_15AT","T12","Elastase",-0.00134971593888852,1,FALSE,"-"
"Clostridiaceae_bacterium_Marseille_Q3526","Clostridiaceae_bacterium_Marseille_Q3526","T12","Elastase",NA,1,FALSE,NA
"Clostridium_SGB6179","Clostridium_SGB6179","T12","Elastase",0.000922113963128635,1,FALSE,"+"
"Blautia_luti","Blautia_luti","T12","Elastase",NA,1,FALSE,NA
"Faecalibacillus_SGB6753","Faecalibacillus_SGB6753","T12","Elastase",NA,1,FALSE,NA
"Clostridium_sp_AT4","Clostridium_sp_AT4","T12","Elastase",0.0420542993879201,1,FALSE,"+"
"Clostridium_SGB4750","Clostridium_SGB4750","T12","Elastase",NA,1,FALSE,NA
"Phascolarctobacterium_faecium","Phascolarctobacterium_faecium","T12","Elastase",0.0374645173731426,1,FALSE,"+"
"Fusicatenibacter_sp_CLA_AA_H277","Fusicatenibacter_sp_CLA_AA_H277","T12","Elastase",0.00475954743811018,1,FALSE,"+"
"Lachnospiraceae_bacterium","Lachnospiraceae_bacterium","T12","Elastase",NA,1,FALSE,NA
"Eubacterium_ventriosum","Eubacterium_ventriosum","T12","Elastase",-0.000753213944235855,1,FALSE,"-"
"Bacteroides_caccae","Bacteroides_caccae","T12","Elastase",-0.0282151019771433,1,FALSE,"-"
"GGB4456_SGB6141","GGB4456_SGB6141","T12","Elastase",0.00312677467010787,1,FALSE,"+"
"Alistipes_onderdonkii","Alistipes_onderdonkii","T12","Elastase",0.0235795381327449,1,FALSE,"+"
"Bacteroides_thetaiotaomicron","Bacteroides_thetaiotaomicron","T12","Elastase",-0.117553606033297,1,FALSE,"-"
"Barnesiella_intestinihominis","Barnesiella_intestinihominis","T12","Elastase",0.243442826043561,0.320822864841846,FALSE,"+"
"Lachnospira_eligens","Lachnospira_eligens","T12","Elastase",0.871456844701235,0.324711203127103,FALSE,"+"
"Klebsiella_pneumoniae","Klebsiella_pneumoniae","T12","Elastase",NA,1,FALSE,NA
"Ruminococcus_callidus","Ruminococcus_callidus","T12","Elastase",NA,1,FALSE,NA
"Blautia_SGB4815","Blautia_SGB4815","T12","Elastase",0.00246157748193593,1,FALSE,"+"
"Faecalibacillus_intestinalis","Faecalibacillus_intestinalis","T12","Elastase",0.0200332421519723,1,FALSE,"+"
"Lentihominibacter_faecis","Lentihominibacter_faecis","T12","Elastase",0.000134792360978081,1,FALSE,"+"
"Roseburia_intestinalis","Roseburia_intestinalis","T12","Elastase",0.00790741092655234,1,FALSE,"+"
"Clostridium_sp_AM49_4BH","Clostridium_sp_AM49_4BH","T12","Elastase",0.00208010379869046,1,FALSE,"+"
"Roseburia_inulinivorans","Roseburia_inulinivorans","T12","Elastase",-0.00105849421572993,1,FALSE,"-"
"Ruminococcus_bicirculans","Ruminococcus_bicirculans","T12","Elastase",-0.0181295502771228,0.119010390930705,FALSE,"-"
"Faecalibacterium_SGB15346","Faecalibacterium_SGB15346","T12","Elastase",0.0201194483227303,1,FALSE,"+"
"Blautia_sp_OF03_15BH","Blautia_sp_OF03_15BH","T12","Elastase",NA,1,FALSE,NA
"Roseburia_hominis","Roseburia_hominis","T12","Elastase",-0.0110350654034422,1,FALSE,"-"
"Lachnospiraceae_bacterium_CLA_AA_H244","Lachnospiraceae_bacterium_CLA_AA_H244","T12","Elastase",-0.00410588566314575,1,FALSE,"-"
"Eubacteriaceae_bacterium","Eubacteriaceae_bacterium","T12","Elastase",NA,1,FALSE,NA
"Anaerotignum_faecicola","Anaerotignum_faecicola","T12","Elastase",NA,1,FALSE,NA
"Bacteroides_ovatus","Bacteroides_ovatus","T12","Elastase",0.000617875044532529,1,FALSE,"+"
"Wansuia_hejianensis","Wansuia_hejianensis","T12","Elastase",-0.00911062455971894,1,FALSE,"-"
"Clostridium_fessum","Clostridium_fessum","T12","Elastase",0.00205368976087629,1,FALSE,"+"
"GGB3109_SGB4121","GGB3109_SGB4121","T12","Elastase",NA,1,FALSE,NA
"Clostridium_sp_1001270J_160509_D11","Clostridium_sp_1001270J_160509_D11","T12","Elastase",-10.0525726291665,1,FALSE,"-"
"GGB9730_SGB15290","GGB9730_SGB15290","T12","Elastase",NA,1,FALSE,NA
"Clostridium_leptum","Clostridium_leptum","T12","Elastase",0.00499364183233681,1,FALSE,"+"
"Adlercreutzia_equolifaciens","Adlercreutzia_equolifaciens","T12","Elastase",-0.00101291699105131,1,FALSE,"-"
"GGB36331_SGB15121","GGB36331_SGB15121","T12","Elastase",NA,1,FALSE,NA
"Gordonibacter_pamelaeae","Gordonibacter_pamelaeae","T12","Elastase",-0.0144755290380723,1,FALSE,"-"
"Zhenpiania_hominis","Zhenpiania_hominis","T12","Elastase",-0.0068461843850034,1,FALSE,"-"
"Alistipes_dispar","Alistipes_dispar","T12","Elastase",0.0509119871201218,1,FALSE,"+"
"Hydrogeniiclostridium_mannosilyticum","Hydrogeniiclostridium_mannosilyticum","T12","Elastase",0.0204380675075046,1,FALSE,"+"
"Lacrimispora_amygdalina","Lacrimispora_amygdalina","T12","Elastase",-0.0112522577273148,1,FALSE,"-"
"Bittarella_massiliensis","Bittarella_massiliensis","T12","Elastase",0.286550058090341,1,FALSE,"+"
"Rubneribacter_badeniensis","Rubneribacter_badeniensis","T12","Elastase",-0.010650483053173,1,FALSE,"-"
"GGB9715_SGB15265","GGB9715_SGB15265","T12","Elastase",0.0117504613344475,1,FALSE,"+"
"GGB9730_SGB15291","GGB9730_SGB15291","T12","Elastase",-0.00766730060071991,1,FALSE,"-"
"Coprococcus_eutactus","Coprococcus_eutactus","T12","Elastase",-0.0256758736445293,1,FALSE,"-"
"Wujia_chipingensis","Wujia_chipingensis","T12","Elastase",NA,1,FALSE,NA
"Clostridium_sp_AF36_4","Clostridium_sp_AF36_4","T12","Elastase",NA,1,FALSE,NA
"GGB9559_SGB14969","GGB9559_SGB14969","T12","Elastase",1.05456940098229,1,FALSE,"+"
"Akkermansia_muciniphila","Akkermansia_muciniphila","T12","Elastase",-0.013327055194973,1,FALSE,"-"
"GGB9699_SGB15216","GGB9699_SGB15216","T12","Elastase",0.283374203903432,1,FALSE,"+"
"Alistipes_shahii","Alistipes_shahii","T12","Elastase",NA,1,FALSE,NA
"Mediterraneibacter_butyricigenes","Mediterraneibacter_butyricigenes","T12","Elastase",0.577908134062472,0.319415986078791,FALSE,"+"
"Oscillibacter_valericigenes","Oscillibacter_valericigenes","T12","Elastase",0.00203686618244221,1,FALSE,"+"
"Alistipes_communis","Alistipes_communis","T12","Elastase",0.717989842046493,0.319415986078791,FALSE,"+"
"Clostridium_saccharogumia","Clostridium_saccharogumia","T12","Elastase",0.0143636935224588,1,FALSE,"+"
"Vescimonas_coprocola","Vescimonas_coprocola","T12","Elastase",-0.0167391436371127,1,FALSE,"-"
"Eisenbergiella_tayi","Eisenbergiella_tayi","T12","Elastase",-0.0018135902142886,1,FALSE,"-"
"GGB3585_SGB4803","GGB3585_SGB4803","T12","Elastase",-1.77659084345223,1,FALSE,"-"
"Bilophila_wadsworthia","Bilophila_wadsworthia","T12","Elastase",-0.0487119869045943,1,FALSE,"-"
"Propionibacterium_acidifaciens","Propionibacterium_acidifaciens","T12","Elastase",NA,1,FALSE,NA
"Bifidobacterium_adolescentis","Bifidobacterium_adolescentis","T12","Elastase",-0.00595530390766074,1,FALSE,"-"
"Evtepia_gabavorous","Evtepia_gabavorous","T12","Elastase",-1.86326342981892e-05,1,FALSE,"-"
"Blautia_hydrogenotrophica","Blautia_hydrogenotrophica","T12","Elastase",NA,1,FALSE,NA
"Clostridium_sp_AM22_11AC","Clostridium_sp_AM22_11AC","T12","Elastase",NA,1,FALSE,NA
"GGB4277_SGB5832","GGB4277_SGB5832","T12","Elastase",NA,1,FALSE,NA
"Bacteroides_stercoris","Bacteroides_stercoris","T12","Elastase",-0.000526803477655799,1,FALSE,"-"
"Enterocloster_hominis","Enterocloster_hominis","T12","Elastase",-0.00743327206462101,1,FALSE,"-"
"GGB3005_SGB3996","GGB3005_SGB3996","T12","Elastase",0.0746400814055103,1,FALSE,"+"
"Alistipes_ihumii","Alistipes_ihumii","T12","Elastase",0.0562678406733609,1,FALSE,"+"
"GGB2653_SGB3574","GGB2653_SGB3574","T12","Elastase",NA,1,FALSE,NA
"GGB51441_SGB71759","GGB51441_SGB71759","T12","Elastase",NA,1,FALSE,NA
"Firmicutes_bacterium","Firmicutes_bacterium","T12","Elastase",0.00807350632634316,1,FALSE,"+"
"Slackia_isoflavoniconvertens","Slackia_isoflavoniconvertens","T12","Elastase",-1.6779197108235e-05,1,FALSE,"-"
"Faecalibacterium_sp_CLA_AA_H233","Faecalibacterium_sp_CLA_AA_H233","T12","Elastase",0.0157945467263871,1,FALSE,"+"
"GGB3730_SGB5060","GGB3730_SGB5060","T12","Elastase",NA,1,FALSE,NA
"GGB3537_SGB4727","GGB3537_SGB4727","T12","Elastase",0.00271733927071838,1,FALSE,"+"
"GGB3600_SGB4859","GGB3600_SGB4859","T12","Elastase",NA,1,FALSE,NA
"Neobittarella_massiliensis","Neobittarella_massiliensis","T12","Elastase",-0.0157250129037741,1,FALSE,"-"
"Lacticaseibacillus_paracasei","Lacticaseibacillus_paracasei","T12","Elastase",-0.0214608397523374,1,FALSE,"-"
"GGB9719_SGB15272","GGB9719_SGB15272","T12","Elastase",NA,1,FALSE,NA
"Bifidobacterium_dentium","Bifidobacterium_dentium","T12","Elastase",NA,1,FALSE,NA
"Collinsella_intestinalis","Collinsella_intestinalis","T12","Elastase",NA,1,FALSE,NA
"Lactonifactor_longoviformis","Lactonifactor_longoviformis","T12","Elastase",NA,1,FALSE,NA
"Parasutterella_excrementihominis","Parasutterella_excrementihominis","T12","Elastase",-0.469674649097358,1,FALSE,"-"
"GGB3511_SGB4688","GGB3511_SGB4688","T12","Elastase",-0.0126352937694588,1,FALSE,"-"
"Lentihominibacter_hominis","Lentihominibacter_hominis","T12","Elastase",0.0128102707551894,1,FALSE,"+"
"GGB3277_SGB4327","GGB3277_SGB4327","T12","Elastase",NA,1,FALSE,NA
"Eubacterium_sp_c_25","Eubacterium_sp_c_25","T12","Elastase",-0.000180998445590568,1,FALSE,"-"
"GGB32387_SGB47381","GGB32387_SGB47381","T12","Elastase",NA,1,FALSE,NA
"GGB45432_SGB63101","GGB45432_SGB63101","T12","Elastase",0.00146912575927683,1,FALSE,"+"
"Blautia_sp_MCC283","Blautia_sp_MCC283","T12","Elastase",0.0145702048508765,1,FALSE,"+"
"Cutibacterium_acnes","Cutibacterium_acnes","T0","Calprotectin",0.0156448407364968,0.125422777812093,FALSE,"+"
"Staphylococcus_aureus","Staphylococcus_aureus","T0","Calprotectin",NA,1,FALSE,NA
"Streptococcus_mitis","Streptococcus_mitis","T0","Calprotectin",-0.00501924770386563,0.928773270337268,FALSE,"-"
"Streptococcus_sanguinis","Streptococcus_sanguinis","T0","Calprotectin",-5.46296453925341e-05,1,FALSE,"-"
"Actinomyces_sp_ICM47","Actinomyces_sp_ICM47","T0","Calprotectin",NA,1,FALSE,NA
"Enterocloster_clostridioformis","Enterocloster_clostridioformis","T0","Calprotectin",0.0188496473039447,0.769366695362622,FALSE,"+"
"Ruminococcus_gnavus","Ruminococcus_gnavus","T0","Calprotectin",-0.00257944154619844,1,FALSE,"-"
"Longicatena_caecimuris","Longicatena_caecimuris","T0","Calprotectin",-0.0215496545789158,0.207676147464938,FALSE,"-"
"Clostridium_symbiosum","Clostridium_symbiosum","T0","Calprotectin",0.00882940091117959,0.924640054226069,FALSE,"+"
"Eisenbergiella_massiliensis","Eisenbergiella_massiliensis","T0","Calprotectin",-0.023259686088979,1,FALSE,"-"
"Streptococcus_thermophilus","Streptococcus_thermophilus","T0","Calprotectin",0.0048798104713918,1,FALSE,"+"
"Eggerthella_lenta","Eggerthella_lenta","T0","Calprotectin",-0.00683511454589254,1,FALSE,"-"
"Lancefieldella_parvula","Lancefieldella_parvula","T0","Calprotectin",NA,1,FALSE,NA
"Erysipelatoclostridium_ramosum","Erysipelatoclostridium_ramosum","T0","Calprotectin",-0.00697078872535256,0.975548929081212,FALSE,"-"
"Ruminococcus_torques","Ruminococcus_torques","T0","Calprotectin",0.0130036586522803,0.57298631945236,FALSE,"+"
"Hungatella_hathewayi","Hungatella_hathewayi","T0","Calprotectin",-0.0153594220008535,0.415390468968324,FALSE,"-"
"Enterocloster_lavalensis","Enterocloster_lavalensis","T0","Calprotectin",-0.00659403128242958,1,FALSE,"-"
"Flavonifractor_plautii","Flavonifractor_plautii","T0","Calprotectin",-0.00165484577519838,1,FALSE,"-"
"Faecalimonas_umbilicata","Faecalimonas_umbilicata","T0","Calprotectin",0.00400893768707017,1,FALSE,"+"
"Blautia_hansenii","Blautia_hansenii","T0","Calprotectin",0.000992282271847971,1,FALSE,"+"
"Enterocloster_aldenensis","Enterocloster_aldenensis","T0","Calprotectin",-0.0149335207318121,0.455919600582674,FALSE,"-"
"Oliverpabstia_intestinalis","Oliverpabstia_intestinalis","T0","Calprotectin",-0.0129230229015787,0.72339503161323,FALSE,"-"
"Sellimonas_intestinalis","Sellimonas_intestinalis","T0","Calprotectin",-0.00518652362056855,1,FALSE,"-"
"Schaalia_odontolytica","Schaalia_odontolytica","T0","Calprotectin",-0.000257992541936719,1,FALSE,"-"
"Blautia_producta","Blautia_producta","T0","Calprotectin",-0.0166226769770008,0.743486852119165,FALSE,"-"
"Streptococcus_salivarius","Streptococcus_salivarius","T0","Calprotectin",0.0120969329756444,0.639904094417562,FALSE,"+"
"Clostridium_spiroforme","Clostridium_spiroforme","T0","Calprotectin",-0.0164440828506499,0.837491252345321,FALSE,"-"
"GGB3433_SGB4574","GGB3433_SGB4574","T0","Calprotectin",-0.0156853225302552,1,FALSE,"-"
"Clostridium_scindens","Clostridium_scindens","T0","Calprotectin",-0.00811821613543127,1,FALSE,"-"
"Fusicatenibacter_saccharivorans","Fusicatenibacter_saccharivorans","T0","Calprotectin",0.00247506144870841,1,FALSE,"+"
"Clostridia_bacterium","Clostridia_bacterium","T0","Calprotectin",0.00120726979795692,1,FALSE,"+"
"Clostridium_innocuum","Clostridium_innocuum","T0","Calprotectin",-0.00365422772894803,1,FALSE,"-"
"Anaerostipes_hadrus","Anaerostipes_hadrus","T0","Calprotectin",-0.00132935490208875,1,FALSE,"-"
"Solobacterium_moorei","Solobacterium_moorei","T0","Calprotectin",-0.177731978799054,1,FALSE,"-"
"Gemella_sanguinis","Gemella_sanguinis","T0","Calprotectin",0.00212313975370942,1,FALSE,"+"
"Streptococcus_australis","Streptococcus_australis","T0","Calprotectin",-0.00345621226134734,1,FALSE,"-"
"Agathobaculum_butyriciproducens","Agathobaculum_butyriciproducens","T0","Calprotectin",-0.00101515436621355,1,FALSE,"-"
"Schaalia_SGB17157","Schaalia_SGB17157","T0","Calprotectin",-0.00150876069352929,1,FALSE,"-"
"Turicibacter_bilis","Turicibacter_bilis","T0","Calprotectin",-0.0182286590639555,0.429967331479129,FALSE,"-"
"Alistipes_finegoldii","Alistipes_finegoldii","T0","Calprotectin",-0.0162830939925226,1,FALSE,"-"
"Actinomyces_sp_ph3","Actinomyces_sp_ph3","T0","Calprotectin",-0.000693491410357736,1,FALSE,"-"
"Veillonella_dispar","Veillonella_dispar","T0","Calprotectin",0.024404485783814,0.125422777812093,FALSE,"+"
"Ruthenibacterium_lactatiformans","Ruthenibacterium_lactatiformans","T0","Calprotectin",0.00218066512872052,1,FALSE,"+"
"Roseburia_faecis","Roseburia_faecis","T0","Calprotectin",-0.0152249117087355,0.279516111384023,FALSE,"-"
"Actinomyces_oris","Actinomyces_oris","T0","Calprotectin",-0.00340522780826886,1,FALSE,"-"
"Bacteroides_fragilis","Bacteroides_fragilis","T0","Calprotectin",0.0148475825144744,0.314501151595566,FALSE,"+"
"Romboutsia_timonensis","Romboutsia_timonensis","T0","Calprotectin",-0.00244687194289538,1,FALSE,"-"
"Clostridiaceae_bacterium_AF18_31LB","Clostridiaceae_bacterium_AF18_31LB","T0","Calprotectin",-0.00453548493683112,1,FALSE,"-"
"Blautia_massiliensis","Blautia_massiliensis","T0","Calprotectin",0.00588711348832008,1,FALSE,"+"
"Streptococcus_parasanguinis","Streptococcus_parasanguinis","T0","Calprotectin",-0.00573725783454932,1,FALSE,"-"
"Abiotrophia_defectiva","Abiotrophia_defectiva","T0","Calprotectin",NA,1,FALSE,NA
"Mogibacterium_diversum","Mogibacterium_diversum","T0","Calprotectin",-0.00566628392848504,1,FALSE,"-"
"Escherichia_coli","Escherichia_coli","T0","Calprotectin",0.018659842316463,0.296834578189487,FALSE,"+"
"Enterococcus_faecium","Enterococcus_faecium","T0","Calprotectin",0.0103987697754991,0.415390468968324,FALSE,"+"
"Actinomyces_SGB17132","Actinomyces_SGB17132","T0","Calprotectin",-0.00492069522505109,0.977179112159704,FALSE,"-"
"bacterium_210917_SL_2_15","bacterium_210917_SL_2_15","T0","Calprotectin",0.00456089942581733,0.927481063359218,FALSE,"+"
"Schaalia_SGB17158","Schaalia_SGB17158","T0","Calprotectin",-0.00838826142934258,0.411423044642921,FALSE,"-"
"Clostridium_saudiense","Clostridium_saudiense","T0","Calprotectin",0.00274780786820866,1,FALSE,"+"
"Clostridium_SGB6173","Clostridium_SGB6173","T0","Calprotectin",-0.0019092830002049,1,FALSE,"-"
"Bacteroides_xylanisolvens","Bacteroides_xylanisolvens","T0","Calprotectin",0.00633482425358192,0.975548929081212,FALSE,"+"
"Clostridium_perfringens","Clostridium_perfringens","T0","Calprotectin",0.00827998930544838,0.830946055652193,FALSE,"+"
"Scardovia_wiggsiae","Scardovia_wiggsiae","T0","Calprotectin",0.00276900635764195,1,FALSE,"+"
"Granulicatella_SGB8255","Granulicatella_SGB8255","T0","Calprotectin",-0.00104056799256066,1,FALSE,"-"
"Roseburia_sp_AF02_12","Roseburia_sp_AF02_12","T0","Calprotectin",-0.00422789834359892,1,FALSE,"-"
"Granulicatella_adiacens","Granulicatella_adiacens","T0","Calprotectin",NA,1,FALSE,NA
"Blautia_SGB4793","Blautia_SGB4793","T0","Calprotectin",NA,1,FALSE,NA
"Actinomyces_naeslundii","Actinomyces_naeslundii","T0","Calprotectin",-0.0145056188419864,0.296834578189487,FALSE,"-"
"Gemella_haemolysans","Gemella_haemolysans","T0","Calprotectin",NA,1,FALSE,NA
"Clostridium_paraputrificum","Clostridium_paraputrificum","T0","Calprotectin",-0.115960881863906,1,FALSE,"-"
"Rothia_mucilaginosa","Rothia_mucilaginosa","T0","Calprotectin",0.0101551217880361,0.841793612064366,FALSE,"+"
"Streptococcus_vestibularis","Streptococcus_vestibularis","T0","Calprotectin",0.00724977936829872,0.82540142254331,FALSE,"+"
"Enterocloster_bolteae","Enterocloster_bolteae","T0","Calprotectin",0.00986000447346805,1,FALSE,"+"
"Lachnospira_pectinoschiza","Lachnospira_pectinoschiza","T0","Calprotectin",0.000936948455544127,1,FALSE,"+"
"Streptococcus_infantis","Streptococcus_infantis","T0","Calprotectin",NA,1,FALSE,NA
"Butyricicoccus_SGB14985","Butyricicoccus_SGB14985","T0","Calprotectin",0.0106982581484793,1,FALSE,"+"
"Enterococcus_faecalis","Enterococcus_faecalis","T0","Calprotectin",0.0543129421207314,0.0594298834434044,FALSE,"+"
"Veillonella_atypica","Veillonella_atypica","T0","Calprotectin",0.0359247234395576,0.2502120401091,FALSE,"+"
"Dorea_longicatena","Dorea_longicatena","T0","Calprotectin",0.0101736175808971,0.830946055652193,FALSE,"+"
"Bifidobacterium_bifidum","Bifidobacterium_bifidum","T0","Calprotectin",0.0180193137418212,0.325585457772642,FALSE,"+"
"Blautia_wexlerae","Blautia_wexlerae","T0","Calprotectin",-0.00808346921686074,0.975548929081212,FALSE,"-"
"Bifidobacterium_longum","Bifidobacterium_longum","T0","Calprotectin",-0.0148237540073987,0.837491252345321,FALSE,"-"
"Bifidobacterium_pseudocatenulatum","Bifidobacterium_pseudocatenulatum","T0","Calprotectin",-0.0435210174035861,0.125422777812093,FALSE,"-"
"Anaerobutyricum_soehngenii","Anaerobutyricum_soehngenii","T0","Calprotectin",-0.00410922406955549,1,FALSE,"-"
"Streptococcus_mutans","Streptococcus_mutans","T0","Calprotectin",0.025061552798563,0.374824412407687,FALSE,"+"
"Anaerobutyricum_hallii","Anaerobutyricum_hallii","T0","Calprotectin",-0.00603789913079923,1,FALSE,"-"
"Veillonella_parvula","Veillonella_parvula","T0","Calprotectin",0.0133042963640251,0.837491252345321,FALSE,"+"
"Coprococcus_catus","Coprococcus_catus","T0","Calprotectin",0.0140613899999841,0.575971910615129,FALSE,"+"
"Dorea_formicigenerans","Dorea_formicigenerans","T0","Calprotectin",0.00174098719322206,1,FALSE,"+"
"Megasphaera_micronuciformis","Megasphaera_micronuciformis","T0","Calprotectin",NA,1,FALSE,NA
"Blautia_faecis","Blautia_faecis","T0","Calprotectin",0.00241694687793155,1,FALSE,"+"
"Blautia_caecimuris","Blautia_caecimuris","T0","Calprotectin",0.00422305133636387,1,FALSE,"+"
"GGB3550_SGB4746","GGB3550_SGB4746","T0","Calprotectin",0.0066243223698903,1,FALSE,"+"
"GGB3653_SGB4964","GGB3653_SGB4964","T0","Calprotectin",0.0703872905841137,0.2502120401091,FALSE,"+"
"Phocaeicola_vulgatus","Phocaeicola_vulgatus","T0","Calprotectin",0.0187919007261146,0.639904094417562,FALSE,"+"
"Streptococcus_gordonii","Streptococcus_gordonii","T0","Calprotectin",0.0134600877394185,0.428983467507088,FALSE,"+"
"Intestinibacter_bartlettii","Intestinibacter_bartlettii","T0","Calprotectin",0.00900943431500893,0.651632776849009,FALSE,"+"
"Oscillospiraceae_bacterium_CLA_AA_H250","Oscillospiraceae_bacterium_CLA_AA_H250","T0","Calprotectin",0.0331616213806182,0.108920343637084,FALSE,"+"
"Tyzzerella_nexilis","Tyzzerella_nexilis","T0","Calprotectin",-0.043068745113011,0.639904094417562,FALSE,"-"
"Dialister_pneumosintes","Dialister_pneumosintes","T0","Calprotectin",-0.0112116147732207,1,FALSE,"-"
"Veillonella_rogosae","Veillonella_rogosae","T0","Calprotectin",-0.0233056143638832,0.651632776849009,FALSE,"-"
"Rothia_SGB49305","Rothia_SGB49305","T0","Calprotectin",0.00905631253488786,1,FALSE,"+"
"Streptococcus_oralis","Streptococcus_oralis","T0","Calprotectin",-0.00562672702467618,1,FALSE,"-"
"Streptococcus_intermedius","Streptococcus_intermedius","T0","Calprotectin",0.0234147632612417,0.60078566028517,FALSE,"+"
"Gemella_morbillorum","Gemella_morbillorum","T0","Calprotectin",0.00704546903946816,1,FALSE,"+"
"Fusobacterium_nucleatum","Fusobacterium_nucleatum","T0","Calprotectin",0.00569843453555652,0.890869682941894,FALSE,"+"
"Streptococcus_anginosus","Streptococcus_anginosus","T0","Calprotectin",-0.00563690712373528,1,FALSE,"-"
"Corynebacterium_durum","Corynebacterium_durum","T0","Calprotectin",-0.124659086980989,1,FALSE,"-"
"Eubacterium_rectale","Eubacterium_rectale","T0","Calprotectin",0.0181944389659082,0.2502120401091,FALSE,"+"
"Lacticaseibacillus_rhamnosus","Lacticaseibacillus_rhamnosus","T0","Calprotectin",-0.0115094197827774,1,FALSE,"-"
"Coprococcus_comes","Coprococcus_comes","T0","Calprotectin",0.00104034761729652,1,FALSE,"+"
"Faecalibacterium_prausnitzii","Faecalibacterium_prausnitzii","T0","Calprotectin",0.00838523264898157,1,FALSE,"+"
"Latilactobacillus_sakei","Latilactobacillus_sakei","T0","Calprotectin",-0.000157163363266268,1,FALSE,"-"
"GGB51647_SGB4348","GGB51647_SGB4348","T0","Calprotectin",0.0156872304730931,0.296834578189487,FALSE,"+"
"Actinomyces_johnsonii","Actinomyces_johnsonii","T0","Calprotectin",0.102555766099338,1,FALSE,"+"
"Ruminococcus_lactaris","Ruminococcus_lactaris","T0","Calprotectin",0.0143707078608359,1,FALSE,"+"
"Mediterraneibacter_glycyrrhizinilyticus","Mediterraneibacter_glycyrrhizinilyticus","T0","Calprotectin",0.0190889121648674,0.176045611549327,FALSE,"+"
"Phocaeicola_dorei","Phocaeicola_dorei","T0","Calprotectin",0.0200542992701315,0.176045611549327,FALSE,"+"
"Ligilactobacillus_saerimneri","Ligilactobacillus_saerimneri","T0","Calprotectin",0.274363643955814,1,FALSE,"+"
"Actinomyces_massiliensis","Actinomyces_massiliensis","T0","Calprotectin",NA,1,FALSE,NA
"Bifidobacterium_animalis","Bifidobacterium_animalis","T0","Calprotectin",-0.16812141396167,0.137086558240709,FALSE,"-"
"Blautia_SGB59878","Blautia_SGB59878","T0","Calprotectin",0.00824920009198075,1,FALSE,"+"
"Lactococcus_lactis","Lactococcus_lactis","T0","Calprotectin",-0.0227088563659284,0.0594298834434044,FALSE,"-"
"Bacteroides_uniformis","Bacteroides_uniformis","T0","Calprotectin",0.00760997724762791,1,FALSE,"+"
"Parabacteroides_merdae","Parabacteroides_merdae","T0","Calprotectin",0.0103070622036276,0.924640054226069,FALSE,"+"
"Parabacteroides_distasonis","Parabacteroides_distasonis","T0","Calprotectin",0.00706926775956309,1,FALSE,"+"
"Gemmiger_formicilis","Gemmiger_formicilis","T0","Calprotectin",0.00155410486394411,1,FALSE,"+"
"Anaerostipes_caccae","Anaerostipes_caccae","T0","Calprotectin",NA,1,FALSE,NA
"Bifidobacterium_breve","Bifidobacterium_breve","T0","Calprotectin",-0.0551779008479487,1,FALSE,"-"
"Acidaminococcus_intestini","Acidaminococcus_intestini","T0","Calprotectin",NA,1,FALSE,NA
"Dialister_invisus","Dialister_invisus","T0","Calprotectin",0.0313325401878273,0.108920343637084,FALSE,"+"
"Parasutterella_SGB9260","Parasutterella_SGB9260","T0","Calprotectin",0.031306404758572,1,FALSE,"+"
"Ruminococcus_bromii","Ruminococcus_bromii","T0","Calprotectin",0.0163606346746181,0.296834578189487,FALSE,"+"
"Mediterraneibacter_faecis","Mediterraneibacter_faecis","T0","Calprotectin",-0.0134275546863651,0.778471609003836,FALSE,"-"
"Faecalicatena_fissicatena","Faecalicatena_fissicatena","T0","Calprotectin",-0.00692222492066846,0.651632776849009,FALSE,"-"
"Blautia_obeum","Blautia_obeum","T0","Calprotectin",0.00139906899793417,1,FALSE,"+"
"Collinsella_aerofaciens","Collinsella_aerofaciens","T0","Calprotectin",-0.001322287464729,1,FALSE,"-"
"Eubacterium_ramulus","Eubacterium_ramulus","T0","Calprotectin",0.0134079748595133,0.651632776849009,FALSE,"+"
"Roseburia_lenta","Roseburia_lenta","T0","Calprotectin",NA,1,FALSE,NA
"Solobacterium_SGB6829","Solobacterium_SGB6829","T0","Calprotectin",0.00655598302265624,1,FALSE,"+"
"Peptostreptococcus_SGB749","Peptostreptococcus_SGB749","T0","Calprotectin",NA,1,FALSE,NA
"Eubacterium_sulci","Eubacterium_sulci","T0","Calprotectin",0.0180882729161762,0.233488336422038,FALSE,"+"
"Limosilactobacillus_mucosae","Limosilactobacillus_mucosae","T0","Calprotectin",0.587356603196165,1,FALSE,"+"
"Candidatus_Cibionibacter_quicibialis","Candidatus_Cibionibacter_quicibialis","T0","Calprotectin",-0.0153501730687653,0.429967331479129,FALSE,"-"
"Pediococcus_acidilactici","Pediococcus_acidilactici","T0","Calprotectin",NA,1,FALSE,NA
"Drancourtella_massiliensis","Drancourtella_massiliensis","T0","Calprotectin",0.00585379990062662,1,FALSE,"+"
"Anaeromassilibacillus_senegalensis","Anaeromassilibacillus_senegalensis","T0","Calprotectin",NA,1,FALSE,NA
"Gordonibacter_urolithinfaciens","Gordonibacter_urolithinfaciens","T0","Calprotectin",0.00694795896999274,0.829295788343055,FALSE,"+"
"Schaalia_meyeri","Schaalia_meyeri","T0","Calprotectin",-0.00520351070546087,1,FALSE,"-"
"Faecalicatena_contorta","Faecalicatena_contorta","T0","Calprotectin",0.0145597789097012,0.684552600688021,FALSE,"+"
"Massilioclostridium_coli","Massilioclostridium_coli","T0","Calprotectin",0.0179031869926467,0.325585457772642,FALSE,"+"
"Clostridiales_bacterium_KLE1615","Clostridiales_bacterium_KLE1615","T0","Calprotectin",0.00363865960321888,1,FALSE,"+"
"Merdimonas_faecis","Merdimonas_faecis","T0","Calprotectin",NA,1,FALSE,NA
"Clostridia_bacterium_UC5_1_1D1","Clostridia_bacterium_UC5_1_1D1","T0","Calprotectin",0.00481198166902732,1,FALSE,"+"
"Clostridioides_difficile","Clostridioides_difficile","T0","Calprotectin",0.161864735121403,1,FALSE,"+"
"Lactiplantibacillus_plantarum","Lactiplantibacillus_plantarum","T0","Calprotectin",NA,1,FALSE,NA
"Clostridiaceae_bacterium","Clostridiaceae_bacterium","T0","Calprotectin",0.0148541088324924,0.199093116810214,FALSE,"+"
"Blautia_glucerasea","Blautia_glucerasea","T0","Calprotectin",-0.00593196457417138,0.977179112159704,FALSE,"-"
"Schaalia_SGB17168","Schaalia_SGB17168","T0","Calprotectin",-0.0252596842803953,0.443150398785902,FALSE,"-"
"TM7_phylum_sp_oral_taxon_352","TM7_phylum_sp_oral_taxon_352","T0","Calprotectin",NA,1,FALSE,NA
"GGB3256_SGB4303","GGB3256_SGB4303","T0","Calprotectin",-0.00493701296674256,1,FALSE,"-"
"Dorea_sp_AF36_15AT","Dorea_sp_AF36_15AT","T0","Calprotectin",0.0098627355205532,0.522681635726877,FALSE,"+"
"Clostridiaceae_bacterium_Marseille_Q3526","Clostridiaceae_bacterium_Marseille_Q3526","T0","Calprotectin",0.00313273221774613,1,FALSE,"+"
"Clostridium_SGB6179","Clostridium_SGB6179","T0","Calprotectin",0.0380814362602181,0.296834578189487,FALSE,"+"
"GGB9512_SGB14909","GGB9512_SGB14909","T0","Calprotectin",0.0672889067861654,1,FALSE,"+"
"Clostridium_sp_AT4","Clostridium_sp_AT4","T0","Calprotectin",-0.000200022609416794,1,FALSE,"-"
"Clostridium_SGB4750","Clostridium_SGB4750","T0","Calprotectin",0.0280874146466018,1,FALSE,"+"
"Actinomyces_gerencseriae","Actinomyces_gerencseriae","T0","Calprotectin",0.00282293502743108,1,FALSE,"+"
"Phascolarctobacterium_faecium","Phascolarctobacterium_faecium","T0","Calprotectin",0.0430264930735624,0.325585457772642,FALSE,"+"
"Sutterella_wadsworthensis","Sutterella_wadsworthensis","T0","Calprotectin",-0.00662997085401246,1,FALSE,"-"
"Fusicatenibacter_sp_CLA_AA_H277","Fusicatenibacter_sp_CLA_AA_H277","T0","Calprotectin",0.0540082252696309,1,FALSE,"+"
"Lachnospiraceae_bacterium","Lachnospiraceae_bacterium","T0","Calprotectin",-0.00727111729248503,0.639904094417562,FALSE,"-"
"Leuconostoc_carnosum","Leuconostoc_carnosum","T0","Calprotectin",NA,1,FALSE,NA
"Eubacterium_ventriosum","Eubacterium_ventriosum","T0","Calprotectin",NA,1,FALSE,NA
"GGB3819_SGB5184","GGB3819_SGB5184","T0","Calprotectin",0.0213112965732322,0.769366695362622,FALSE,"+"
"Pseudoflavonifractor_phocaeensis","Pseudoflavonifractor_phocaeensis","T0","Calprotectin",0.0134044326638035,1,FALSE,"+"
"Bacteroides_caccae","Bacteroides_caccae","T0","Calprotectin",0.0296206088361663,0.340402092962536,FALSE,"+"
"Alistipes_onderdonkii","Alistipes_onderdonkii","T0","Calprotectin",1.97642740038279e-05,1,FALSE,"+"
"Bacteroides_thetaiotaomicron","Bacteroides_thetaiotaomicron","T0","Calprotectin",0.0142826995552358,0.297691167800779,FALSE,"+"
"GGB3433_SGB4573","GGB3433_SGB4573","T0","Calprotectin",-0.251339159287043,1,FALSE,"-"
"Klebsiella_pneumoniae","Klebsiella_pneumoniae","T0","Calprotectin",-0.134256704865433,0.207676147464938,FALSE,"-"
"Blautia_SGB4815","Blautia_SGB4815","T0","Calprotectin",-0.00797162241621877,0.743486852119165,FALSE,"-"
"Faecalibacillus_intestinalis","Faecalibacillus_intestinalis","T0","Calprotectin",-0.00379327740113917,0.927481063359218,FALSE,"-"
"Lentihominibacter_faecis","Lentihominibacter_faecis","T0","Calprotectin",0.00154170817670938,1,FALSE,"+"
"Roseburia_intestinalis","Roseburia_intestinalis","T0","Calprotectin",0.00497138593160857,1,FALSE,"+"
"Clostridium_sp_AM49_4BH","Clostridium_sp_AM49_4BH","T0","Calprotectin",-0.0328109556393775,1,FALSE,"-"
"Roseburia_inulinivorans","Roseburia_inulinivorans","T0","Calprotectin",0.0139937084443506,1,FALSE,"+"
"Ruminococcus_bicirculans","Ruminococcus_bicirculans","T0","Calprotectin",0.112982094482837,0.2502120401091,FALSE,"+"
"Faecalibacterium_SGB15346","Faecalibacterium_SGB15346","T0","Calprotectin",0.0260158181030971,1,FALSE,"+"
"Roseburia_hominis","Roseburia_hominis","T0","Calprotectin",-0.0321252448387071,0.296834578189487,FALSE,"-"
"Lachnospiraceae_bacterium_CLA_AA_H244","Lachnospiraceae_bacterium_CLA_AA_H244","T0","Calprotectin",-0.010357830650784,1,FALSE,"-"
"Bacteroides_ovatus","Bacteroides_ovatus","T0","Calprotectin",-0.022432587101949,0.2502120401091,FALSE,"-"
"Wansuia_hejianensis","Wansuia_hejianensis","T0","Calprotectin",0.00690298610255346,0.975548929081212,FALSE,"+"
"Clostridium_fessum","Clostridium_fessum","T0","Calprotectin",-0.000446767989038835,1,FALSE,"-"
"GGB3109_SGB4121","GGB3109_SGB4121","T0","Calprotectin",-0.022167743943641,0.279516111384023,FALSE,"-"
"Clostridium_leptum","Clostridium_leptum","T0","Calprotectin",NA,1,FALSE,NA
"GGB9359_SGB14334","GGB9359_SGB14334","T0","Calprotectin",0.317677042388173,1,FALSE,"+"
"Gordonibacter_pamelaeae","Gordonibacter_pamelaeae","T0","Calprotectin",NA,1,FALSE,NA
"Zhenpiania_hominis","Zhenpiania_hominis","T0","Calprotectin",0.670765672112874,1,FALSE,"+"
"Alistipes_dispar","Alistipes_dispar","T0","Calprotectin",0.0485154275512745,1,FALSE,"+"
"Brotolimicola_acetigignens","Brotolimicola_acetigignens","T0","Calprotectin",NA,1,FALSE,NA
"Hydrogeniiclostridium_mannosilyticum","Hydrogeniiclostridium_mannosilyticum","T0","Calprotectin",0.0529945214616781,0.176045611549327,FALSE,"+"
"Lacrimispora_amygdalina","Lacrimispora_amygdalina","T0","Calprotectin",-0.0314200055778183,1,FALSE,"-"
"Dysosmobacter_welbionis","Dysosmobacter_welbionis","T0","Calprotectin",0.0277994822198961,0.406299379231587,FALSE,"+"
"Massilimicrobiota_timonensis","Massilimicrobiota_timonensis","T0","Calprotectin",0.00806673826306183,1,FALSE,"+"
"Intestinimonas_massiliensis","Intestinimonas_massiliensis","T0","Calprotectin",NA,1,FALSE,NA
"Alistipes_putredinis","Alistipes_putredinis","T0","Calprotectin",-0.0187973791425115,1,FALSE,"-"
"Bittarella_massiliensis","Bittarella_massiliensis","T0","Calprotectin",NA,1,FALSE,NA
"Rubneribacter_badeniensis","Rubneribacter_badeniensis","T0","Calprotectin",NA,1,FALSE,NA
"Clostridium_methylpentosum","Clostridium_methylpentosum","T0","Calprotectin",-0.00975999213254884,1,FALSE,"-"
"GGB9715_SGB15265","GGB9715_SGB15265","T0","Calprotectin",0.00449076492270975,1,FALSE,"+"
"Enterocloster_citroniae","Enterocloster_citroniae","T0","Calprotectin",0.793130710116547,1,FALSE,"+"
"GGB9730_SGB15291","GGB9730_SGB15291","T0","Calprotectin",NA,1,FALSE,NA
"Akkermansia_muciniphila","Akkermansia_muciniphila","T0","Calprotectin",0.0108064098405,0.684552600688021,FALSE,"+"
"Mediterraneibacter_butyricigenes","Mediterraneibacter_butyricigenes","T0","Calprotectin",-0.0204437522589896,0.207676147464938,FALSE,"-"
"Alistipes_communis","Alistipes_communis","T0","Calprotectin",0.79453516994019,1,FALSE,"+"
"Vescimonas_coprocola","Vescimonas_coprocola","T0","Calprotectin",-0.000214847585914062,1,FALSE,"-"
"Eisenbergiella_tayi","Eisenbergiella_tayi","T0","Calprotectin",-0.0593018961090282,0.296834578189487,FALSE,"-"
"Oscillospiraceae_bacterium_Marseille_Q3528","Oscillospiraceae_bacterium_Marseille_Q3528","T0","Calprotectin",0.00437056049242487,1,FALSE,"+"
"Clostridium_sp_AM29_11AC","Clostridium_sp_AM29_11AC","T0","Calprotectin",NA,1,FALSE,NA
"Clostridium_sp_C5_48","Clostridium_sp_C5_48","T0","Calprotectin",0.0107061771824522,0.651632776849009,FALSE,"+"
"Escherichia_marmotae","Escherichia_marmotae","T0","Calprotectin",-0.00420580965395361,0.977179112159704,FALSE,"-"
"Bilophila_wadsworthia","Bilophila_wadsworthia","T0","Calprotectin",-0.00594850591567064,0.975548929081212,FALSE,"-"
"Eubacterium_brachy","Eubacterium_brachy","T0","Calprotectin",-0.0164278278722134,0.522681635726877,FALSE,"-"
"Prevotella_bivia","Prevotella_bivia","T0","Calprotectin",NA,1,FALSE,NA
"Bifidobacterium_adolescentis","Bifidobacterium_adolescentis","T0","Calprotectin",-0.0455239027388903,0.108920343637084,FALSE,"-"
"Evtepia_gabavorous","Evtepia_gabavorous","T0","Calprotectin",-0.0113663730991481,0.462260624820187,FALSE,"-"
"Blautia_hydrogenotrophica","Blautia_hydrogenotrophica","T0","Calprotectin",0.00458002726134252,1,FALSE,"+"
"Bacteroides_faecis","Bacteroides_faecis","T0","Calprotectin",0.0250330550415046,1,FALSE,"+"
"Bacteroides_stercoris","Bacteroides_stercoris","T0","Calprotectin",0.0381540598876966,0.315576987416383,FALSE,"+"
"Enterocloster_hominis","Enterocloster_hominis","T0","Calprotectin",0.0334679003092328,0.296834578189487,FALSE,"+"
"Firmicutes_bacterium","Firmicutes_bacterium","T0","Calprotectin",NA,1,FALSE,NA
"Slackia_isoflavoniconvertens","Slackia_isoflavoniconvertens","T0","Calprotectin",0.0036150655704129,1,FALSE,"+"
"Faecalibacterium_sp_CLA_AA_H233","Faecalibacterium_sp_CLA_AA_H233","T0","Calprotectin",-0.0172068078622613,0.309882053639164,FALSE,"-"
"GGB3730_SGB5060","GGB3730_SGB5060","T0","Calprotectin",0.0072264313816786,1,FALSE,"+"
"GGB3600_SGB4859","GGB3600_SGB4859","T0","Calprotectin",-0.0187960162550718,1,FALSE,"-"
"Neobittarella_massiliensis","Neobittarella_massiliensis","T0","Calprotectin",0.0202814985302671,0.455919600582674,FALSE,"+"
"Eubacterium_siraeum","Eubacterium_siraeum","T0","Calprotectin",0.0392486623028618,1,FALSE,"+"
"GGB3444_SGB4594","GGB3444_SGB4594","T0","Calprotectin",NA,1,FALSE,NA
"Lacticaseibacillus_paracasei","Lacticaseibacillus_paracasei","T0","Calprotectin",-0.0282453406954575,0.271099834746168,FALSE,"-"
"GGB9719_SGB15272","GGB9719_SGB15272","T0","Calprotectin",NA,1,FALSE,NA
"Christensenella_hongkongensis","Christensenella_hongkongensis","T0","Calprotectin",NA,1,FALSE,NA
"Odoribacter_splanchnicus","Odoribacter_splanchnicus","T0","Calprotectin",-0.0136949575747482,0.57298631945236,FALSE,"-"
"Limosilactobacillus_reuteri","Limosilactobacillus_reuteri","T0","Calprotectin",-0.154030300774083,1,FALSE,"-"
"Anaerotruncus_colihominis","Anaerotruncus_colihominis","T0","Calprotectin",-0.0525891173243576,1,FALSE,"-"
"Clostridiales_bacterium","Clostridiales_bacterium","T0","Calprotectin",NA,1,FALSE,NA
"Lachnoclostridium_pacaense","Lachnoclostridium_pacaense","T0","Calprotectin",-0.0569782424684517,1,FALSE,"-"
"Lactonifactor_longoviformis","Lactonifactor_longoviformis","T0","Calprotectin",0.0321156187920506,1,FALSE,"+"
"GGB9534_SGB14937","GGB9534_SGB14937","T0","Calprotectin",NA,1,FALSE,NA
"Parasutterella_excrementihominis","Parasutterella_excrementihominis","T0","Calprotectin",-0.428254642445723,1,FALSE,"-"
"GGB3511_SGB4688","GGB3511_SGB4688","T0","Calprotectin",-0.00102848275639717,1,FALSE,"-"
"Enterococcus_avium","Enterococcus_avium","T0","Calprotectin",0.0739136574478104,1,FALSE,"+"
"Coprobacillus_cateniformis","Coprobacillus_cateniformis","T0","Calprotectin",0.0396002794602615,1,FALSE,"+"
"Lawsonella_SGB3665","Lawsonella_SGB3665","T0","Calprotectin",-0.060411381038875,0.108920343637084,FALSE,"-"
"Faecalibacillus_faecis","Faecalibacillus_faecis","T0","Calprotectin",NA,1,FALSE,NA
"Eubacterium_sp_c_25","Eubacterium_sp_c_25","T0","Calprotectin",0.0265452202457082,1,FALSE,"+"
"Anaerococcus_obesiensis","Anaerococcus_obesiensis","T0","Calprotectin",-0.00724813327131392,0.757308290061304,FALSE,"-"
"Streptococcus_mitis","Streptococcus_mitis","T12","Calprotectin",-0.022436303863133,1,FALSE,"-"
"Streptococcus_sanguinis","Streptococcus_sanguinis","T12","Calprotectin",0.729362488838445,1,FALSE,"+"
"Actinomyces_sp_ICM47","Actinomyces_sp_ICM47","T12","Calprotectin",NA,1,FALSE,NA
"Enterocloster_clostridioformis","Enterocloster_clostridioformis","T12","Calprotectin",-0.0122027781123456,1,FALSE,"-"
"Ruminococcus_gnavus","Ruminococcus_gnavus","T12","Calprotectin",-0.0363524422107081,1,FALSE,"-"
"Longicatena_caecimuris","Longicatena_caecimuris","T12","Calprotectin",-0.209414804265983,1,FALSE,"-"
"Clostridium_symbiosum","Clostridium_symbiosum","T12","Calprotectin",-0.65014583718663,1,FALSE,"-"
"Streptococcus_thermophilus","Streptococcus_thermophilus","T12","Calprotectin",-0.257505681912715,1,FALSE,"-"
"Eggerthella_lenta","Eggerthella_lenta","T12","Calprotectin",0.0891829402987164,1,FALSE,"+"
"Erysipelatoclostridium_ramosum","Erysipelatoclostridium_ramosum","T12","Calprotectin",-0.0274317997697947,1,FALSE,"-"
"Ruminococcus_torques","Ruminococcus_torques","T12","Calprotectin",0.0756219650908716,1,FALSE,"+"
"Hungatella_hathewayi","Hungatella_hathewayi","T12","Calprotectin",-0.0855752145787181,1,FALSE,"-"
"Flavonifractor_plautii","Flavonifractor_plautii","T12","Calprotectin",0.077790765814085,1,FALSE,"+"
"Faecalimonas_umbilicata","Faecalimonas_umbilicata","T12","Calprotectin",0.122145415564827,1,FALSE,"+"
"Blautia_hansenii","Blautia_hansenii","T12","Calprotectin",-0.0618373769943536,1,FALSE,"-"
"Enterocloster_aldenensis","Enterocloster_aldenensis","T12","Calprotectin",0.320859601495877,1,FALSE,"+"
"Oliverpabstia_intestinalis","Oliverpabstia_intestinalis","T12","Calprotectin",NA,1,FALSE,NA
"Sellimonas_intestinalis","Sellimonas_intestinalis","T12","Calprotectin",0.366016355224187,1,FALSE,"+"
"Schaalia_odontolytica","Schaalia_odontolytica","T12","Calprotectin",-0.100770612883574,1,FALSE,"-"
"Blautia_producta","Blautia_producta","T12","Calprotectin",-0.0903542854598851,1,FALSE,"-"
"Streptococcus_salivarius","Streptococcus_salivarius","T12","Calprotectin",-0.0395309350671973,1,FALSE,"-"
"Clostridium_spiroforme","Clostridium_spiroforme","T12","Calprotectin",-0.2616465341285,1,FALSE,"-"
"GGB3433_SGB4574","GGB3433_SGB4574","T12","Calprotectin",-0.25251406499537,1,FALSE,"-"
"Clostridium_scindens","Clostridium_scindens","T12","Calprotectin",-0.372210752291981,1,FALSE,"-"
"Fusicatenibacter_saccharivorans","Fusicatenibacter_saccharivorans","T12","Calprotectin",0.0839653709697168,1,FALSE,"+"
"Clostridia_bacterium","Clostridia_bacterium","T12","Calprotectin",-0.355182395753049,1,FALSE,"-"
"Clostridium_innocuum","Clostridium_innocuum","T12","Calprotectin",0.236709578247944,1,FALSE,"+"
"Anaerostipes_hadrus","Anaerostipes_hadrus","T12","Calprotectin",0.0199587439242314,1,FALSE,"+"
"Gemella_sanguinis","Gemella_sanguinis","T12","Calprotectin",-0.189180637776013,1,FALSE,"-"
"Streptococcus_australis","Streptococcus_australis","T12","Calprotectin",0.0618422549574703,1,FALSE,"+"
"Agathobaculum_butyriciproducens","Agathobaculum_butyriciproducens","T12","Calprotectin",-0.029156285076771,1,FALSE,"-"
"Schaalia_SGB17157","Schaalia_SGB17157","T12","Calprotectin",0.220669851932818,1,FALSE,"+"
"Turicibacter_bilis","Turicibacter_bilis","T12","Calprotectin",-0.240642769050732,1,FALSE,"-"
"Alistipes_finegoldii","Alistipes_finegoldii","T12","Calprotectin",NA,1,FALSE,NA
"Actinomyces_sp_ph3","Actinomyces_sp_ph3","T12","Calprotectin",NA,1,FALSE,NA
"Veillonella_dispar","Veillonella_dispar","T12","Calprotectin",0.0220206508113383,1,FALSE,"+"
"Ruthenibacterium_lactatiformans","Ruthenibacterium_lactatiformans","T12","Calprotectin",-0.0372456784126834,1,FALSE,"-"
"Roseburia_faecis","Roseburia_faecis","T12","Calprotectin",0.0898317234415092,1,FALSE,"+"
"Actinomyces_oris","Actinomyces_oris","T12","Calprotectin",-0.699092361316086,1,FALSE,"-"
"Bacteroides_fragilis","Bacteroides_fragilis","T12","Calprotectin",0.0196927464971879,1,FALSE,"+"
"Romboutsia_timonensis","Romboutsia_timonensis","T12","Calprotectin",0.0578173002783308,1,FALSE,"+"
"Clostridiaceae_bacterium_AF18_31LB","Clostridiaceae_bacterium_AF18_31LB","T12","Calprotectin",NA,1,FALSE,NA
"Blautia_massiliensis","Blautia_massiliensis","T12","Calprotectin",0.00772364064423649,1,FALSE,"+"
"Streptococcus_parasanguinis","Streptococcus_parasanguinis","T12","Calprotectin",-0.00430267153401113,1,FALSE,"-"
"Mogibacterium_diversum","Mogibacterium_diversum","T12","Calprotectin",-0.372204300741398,1,FALSE,"-"
"Escherichia_coli","Escherichia_coli","T12","Calprotectin",-0.055125178187711,1,FALSE,"-"
"Enterococcus_faecium","Enterococcus_faecium","T12","Calprotectin",0.024708563041454,1,FALSE,"+"
"Schaalia_SGB17158","Schaalia_SGB17158","T12","Calprotectin",NA,1,FALSE,NA
"Clostridium_saudiense","Clostridium_saudiense","T12","Calprotectin",-0.0669017506731668,1,FALSE,"-"
"Streptococcus_rubneri","Streptococcus_rubneri","T12","Calprotectin",NA,1,FALSE,NA
"Clostridium_SGB6173","Clostridium_SGB6173","T12","Calprotectin",-1.35727999375323,1,FALSE,"-"
"Bacteroides_xylanisolvens","Bacteroides_xylanisolvens","T12","Calprotectin",0.0590657002224403,1,FALSE,"+"
"Clostridium_perfringens","Clostridium_perfringens","T12","Calprotectin",1.87897902294211,1,FALSE,"+"
"Scardovia_wiggsiae","Scardovia_wiggsiae","T12","Calprotectin",NA,1,FALSE,NA
"Granulicatella_SGB8255","Granulicatella_SGB8255","T12","Calprotectin",0.00626330138692281,1,FALSE,"+"
"Roseburia_sp_AF02_12","Roseburia_sp_AF02_12","T12","Calprotectin",NA,1,FALSE,NA
"Actinomyces_naeslundii","Actinomyces_naeslundii","T12","Calprotectin",-0.0246524440946353,1,FALSE,"-"
"Clostridium_disporicum","Clostridium_disporicum","T12","Calprotectin",NA,1,FALSE,NA
"Rothia_mucilaginosa","Rothia_mucilaginosa","T12","Calprotectin",NA,1,FALSE,NA
"Streptococcus_vestibularis","Streptococcus_vestibularis","T12","Calprotectin",NA,1,FALSE,NA
"Enterocloster_bolteae","Enterocloster_bolteae","T12","Calprotectin",-0.0514881127995327,1,FALSE,"-"
"Lachnospira_pectinoschiza","Lachnospira_pectinoschiza","T12","Calprotectin",NA,1,FALSE,NA
"Enterococcus_faecalis","Enterococcus_faecalis","T12","Calprotectin",-0.540677388748697,1,FALSE,"-"
"Veillonella_atypica","Veillonella_atypica","T12","Calprotectin",0.244067692868262,1,FALSE,"+"
"Dorea_longicatena","Dorea_longicatena","T12","Calprotectin",-0.000675031330232668,1,FALSE,"-"
"Bifidobacterium_bifidum","Bifidobacterium_bifidum","T12","Calprotectin",0.0328915594853027,1,FALSE,"+"
"Blautia_wexlerae","Blautia_wexlerae","T12","Calprotectin",0.0493311162184662,1,FALSE,"+"
"Bifidobacterium_longum","Bifidobacterium_longum","T12","Calprotectin",0.0660518674045221,1,FALSE,"+"
"Bifidobacterium_pseudocatenulatum","Bifidobacterium_pseudocatenulatum","T12","Calprotectin",-0.227898052643629,1,FALSE,"-"
"Anaerobutyricum_soehngenii","Anaerobutyricum_soehngenii","T12","Calprotectin",0.00257106069387443,1,FALSE,"+"
"Streptococcus_mutans","Streptococcus_mutans","T12","Calprotectin",NA,1,FALSE,NA
"Anaerobutyricum_hallii","Anaerobutyricum_hallii","T12","Calprotectin",-0.00322311768005632,1,FALSE,"-"
"Ruminococcus_sp_AF41_9","Ruminococcus_sp_AF41_9","T12","Calprotectin",0.311838555592393,1,FALSE,"+"
"Veillonella_parvula","Veillonella_parvula","T12","Calprotectin",0.0087946190090635,1,FALSE,"+"
"Lactobacillus_gasseri","Lactobacillus_gasseri","T12","Calprotectin",0.00948886982610844,1,FALSE,"+"
"Coprococcus_catus","Coprococcus_catus","T12","Calprotectin",-0.126890287040466,1,FALSE,"-"
"Blautia_stercoris","Blautia_stercoris","T12","Calprotectin",NA,1,FALSE,NA
"Dorea_formicigenerans","Dorea_formicigenerans","T12","Calprotectin",-0.0372911221799118,1,FALSE,"-"
"Blautia_faecis","Blautia_faecis","T12","Calprotectin",0.00992347266277616,1,FALSE,"+"
"Blautia_caecimuris","Blautia_caecimuris","T12","Calprotectin",-0.213904127458377,1,FALSE,"-"
"GGB3550_SGB4746","GGB3550_SGB4746","T12","Calprotectin",-0.587429224908153,1,FALSE,"-"
"GGB3653_SGB4964","GGB3653_SGB4964","T12","Calprotectin",-0.248593556586367,1,FALSE,"-"
"Phocaeicola_vulgatus","Phocaeicola_vulgatus","T12","Calprotectin",-0.137346061135555,1,FALSE,"-"
"Streptococcus_gordonii","Streptococcus_gordonii","T12","Calprotectin",0.18542345484426,1,FALSE,"+"
"Intestinibacter_bartlettii","Intestinibacter_bartlettii","T12","Calprotectin",0.1955332231264,1,FALSE,"+"
"Oscillospiraceae_bacterium_CLA_AA_H250","Oscillospiraceae_bacterium_CLA_AA_H250","T12","Calprotectin",0.015706793493049,1,FALSE,"+"
"Tyzzerella_nexilis","Tyzzerella_nexilis","T12","Calprotectin",-0.0872044728454837,1,FALSE,"-"
"Dialister_pneumosintes","Dialister_pneumosintes","T12","Calprotectin",NA,1,FALSE,NA
"Limosilactobacillus_portuensis","Limosilactobacillus_portuensis","T12","Calprotectin",NA,1,FALSE,NA
"Veillonella_rogosae","Veillonella_rogosae","T12","Calprotectin",NA,1,FALSE,NA
"Rothia_SGB49305","Rothia_SGB49305","T12","Calprotectin",NA,1,FALSE,NA
"Streptococcus_oralis","Streptococcus_oralis","T12","Calprotectin",-0.471558015714694,1,FALSE,"-"
"Streptococcus_intermedius","Streptococcus_intermedius","T12","Calprotectin",-2.18783065801967,1,FALSE,"-"
"Streptococcus_anginosus","Streptococcus_anginosus","T12","Calprotectin",0.14757222269711,1,FALSE,"+"
"Corynebacterium_durum","Corynebacterium_durum","T12","Calprotectin",NA,1,FALSE,NA
"Eubacterium_rectale","Eubacterium_rectale","T12","Calprotectin",0.0405131480988677,1,FALSE,"+"
"Lacticaseibacillus_rhamnosus","Lacticaseibacillus_rhamnosus","T12","Calprotectin",0.266278265497675,1,FALSE,"+"
"Coprococcus_comes","Coprococcus_comes","T12","Calprotectin",-0.015079905032426,1,FALSE,"-"
"Faecalibacterium_prausnitzii","Faecalibacterium_prausnitzii","T12","Calprotectin",-0.098714703824549,1,FALSE,"-"
"Latilactobacillus_sakei","Latilactobacillus_sakei","T12","Calprotectin",0.0792472337591403,1,FALSE,"+"
"GGB51647_SGB4348","GGB51647_SGB4348","T12","Calprotectin",-9.38397616982378,1,FALSE,"-"
"Ruminococcus_lactaris","Ruminococcus_lactaris","T12","Calprotectin",NA,1,FALSE,NA
"Lactococcus_cremoris","Lactococcus_cremoris","T12","Calprotectin",0.231613252703864,1,FALSE,"+"
"Mediterraneibacter_glycyrrhizinilyticus","Mediterraneibacter_glycyrrhizinilyticus","T12","Calprotectin",-0.0112603513014756,1,FALSE,"-"
"Phocaeicola_dorei","Phocaeicola_dorei","T12","Calprotectin",-0.0318752447758557,1,FALSE,"-"
"Bifidobacterium_animalis","Bifidobacterium_animalis","T12","Calprotectin",-0.15255617167302,1,FALSE,"-"
"Lactococcus_lactis","Lactococcus_lactis","T12","Calprotectin",0.357320244462784,1,FALSE,"+"
"Bacteroides_uniformis","Bacteroides_uniformis","T12","Calprotectin",-0.147644454054655,1,FALSE,"-"
"Parabacteroides_merdae","Parabacteroides_merdae","T12","Calprotectin",-0.150856573005674,1,FALSE,"-"
"Parabacteroides_distasonis","Parabacteroides_distasonis","T12","Calprotectin",-0.113038441261553,1,FALSE,"-"
"Gemmiger_formicilis","Gemmiger_formicilis","T12","Calprotectin",-0.0064800250516473,1,FALSE,"-"
"Anaerostipes_caccae","Anaerostipes_caccae","T12","Calprotectin",0.558931690612625,1,FALSE,"+"
"Bifidobacterium_breve","Bifidobacterium_breve","T12","Calprotectin",0.116643601484526,1,FALSE,"+"
"Acidaminococcus_intestini","Acidaminococcus_intestini","T12","Calprotectin",NA,1,FALSE,NA
"Dialister_invisus","Dialister_invisus","T12","Calprotectin",-0.0822046930087475,1,FALSE,"-"
"Parasutterella_SGB9260","Parasutterella_SGB9260","T12","Calprotectin",0.0428191966899432,1,FALSE,"+"
"Ruminococcus_bromii","Ruminococcus_bromii","T12","Calprotectin",-0.0758092643404828,1,FALSE,"-"
"Mediterraneibacter_faecis","Mediterraneibacter_faecis","T12","Calprotectin",0.0769931770866481,1,FALSE,"+"
"Faecalicatena_fissicatena","Faecalicatena_fissicatena","T12","Calprotectin",-0.104769584531995,1,FALSE,"-"
"Blautia_obeum","Blautia_obeum","T12","Calprotectin",-0.0414430000542529,1,FALSE,"-"
"Collinsella_aerofaciens","Collinsella_aerofaciens","T12","Calprotectin",-0.170195745575046,1,FALSE,"-"
"Eubacterium_ramulus","Eubacterium_ramulus","T12","Calprotectin",0.0547163627048298,1,FALSE,"+"
"Roseburia_lenta","Roseburia_lenta","T12","Calprotectin",NA,1,FALSE,NA
"Candidatus_Cibionibacter_quicibialis","Candidatus_Cibionibacter_quicibialis","T12","Calprotectin",-0.281127487876005,1,FALSE,"-"
"Anaeromassilibacillus_senegalensis","Anaeromassilibacillus_senegalensis","T12","Calprotectin",2.48508805353717,1,FALSE,"+"
"Gordonibacter_urolithinfaciens","Gordonibacter_urolithinfaciens","T12","Calprotectin",0.0416006846482417,1,FALSE,"+"
"Faecalicatena_contorta","Faecalicatena_contorta","T12","Calprotectin",-0.0759418345158019,1,FALSE,"-"
"Massilioclostridium_coli","Massilioclostridium_coli","T12","Calprotectin",NA,1,FALSE,NA
"Clostridiales_bacterium_KLE1615","Clostridiales_bacterium_KLE1615","T12","Calprotectin",0.0833305292474967,1,FALSE,"+"
"Clostridia_bacterium_UC5_1_1D1","Clostridia_bacterium_UC5_1_1D1","T12","Calprotectin",-0.177991764408483,1,FALSE,"-"
"Lactiplantibacillus_plantarum","Lactiplantibacillus_plantarum","T12","Calprotectin",NA,1,FALSE,NA
"Enterobacter_hormaechei","Enterobacter_hormaechei","T12","Calprotectin",NA,1,FALSE,NA
"Clostridiaceae_bacterium","Clostridiaceae_bacterium","T12","Calprotectin",-0.0995163403422273,1,FALSE,"-"
"Blautia_glucerasea","Blautia_glucerasea","T12","Calprotectin",0.0661488184539855,1,FALSE,"+"
"Schaalia_SGB17168","Schaalia_SGB17168","T12","Calprotectin",-0.680579995372736,1,FALSE,"-"
"Veillonella_tobetsuensis","Veillonella_tobetsuensis","T12","Calprotectin",NA,1,FALSE,NA
"GGB3256_SGB4303","GGB3256_SGB4303","T12","Calprotectin",0.0966712114797588,1,FALSE,"+"
"Dorea_sp_AF36_15AT","Dorea_sp_AF36_15AT","T12","Calprotectin",0.0505474312433464,1,FALSE,"+"
"Clostridiaceae_bacterium_Marseille_Q3526","Clostridiaceae_bacterium_Marseille_Q3526","T12","Calprotectin",NA,1,FALSE,NA
"Clostridium_SGB6179","Clostridium_SGB6179","T12","Calprotectin",0.0137973794898784,1,FALSE,"+"
"Blautia_luti","Blautia_luti","T12","Calprotectin",NA,1,FALSE,NA
"Faecalibacillus_SGB6753","Faecalibacillus_SGB6753","T12","Calprotectin",NA,1,FALSE,NA
"Clostridium_sp_AT4","Clostridium_sp_AT4","T12","Calprotectin",-0.415745045779528,1,FALSE,"-"
"Clostridium_SGB4750","Clostridium_SGB4750","T12","Calprotectin",NA,1,FALSE,NA
"Phascolarctobacterium_faecium","Phascolarctobacterium_faecium","T12","Calprotectin",-0.263911687259195,1,FALSE,"-"
"Fusicatenibacter_sp_CLA_AA_H277","Fusicatenibacter_sp_CLA_AA_H277","T12","Calprotectin",0.0930680443955755,1,FALSE,"+"
"Lachnospiraceae_bacterium","Lachnospiraceae_bacterium","T12","Calprotectin",NA,1,FALSE,NA
"Eubacterium_ventriosum","Eubacterium_ventriosum","T12","Calprotectin",0.0121308575944568,1,FALSE,"+"
"Bacteroides_caccae","Bacteroides_caccae","T12","Calprotectin",-0.1886217582806,1,FALSE,"-"
"GGB4456_SGB6141","GGB4456_SGB6141","T12","Calprotectin",-0.257666869252792,1,FALSE,"-"
"Alistipes_onderdonkii","Alistipes_onderdonkii","T12","Calprotectin",-0.030156083219402,1,FALSE,"-"
"Bacteroides_thetaiotaomicron","Bacteroides_thetaiotaomicron","T12","Calprotectin",-0.135547021340504,1,FALSE,"-"
"Barnesiella_intestinihominis","Barnesiella_intestinihominis","T12","Calprotectin",0.0275379174226124,1,FALSE,"+"
"Lachnospira_eligens","Lachnospira_eligens","T12","Calprotectin",0.0802928667889754,1,FALSE,"+"
"Klebsiella_pneumoniae","Klebsiella_pneumoniae","T12","Calprotectin",NA,1,FALSE,NA
"Ruminococcus_callidus","Ruminococcus_callidus","T12","Calprotectin",NA,1,FALSE,NA
"Blautia_SGB4815","Blautia_SGB4815","T12","Calprotectin",0.0102184790040309,1,FALSE,"+"
"Faecalibacillus_intestinalis","Faecalibacillus_intestinalis","T12","Calprotectin",0.154522314651813,1,FALSE,"+"
"Lentihominibacter_faecis","Lentihominibacter_faecis","T12","Calprotectin",0.0523671804046652,1,FALSE,"+"
"Roseburia_intestinalis","Roseburia_intestinalis","T12","Calprotectin",0.0140909858294827,1,FALSE,"+"
"Clostridium_sp_AM49_4BH","Clostridium_sp_AM49_4BH","T12","Calprotectin",0.00782828424033628,1,FALSE,"+"
"Roseburia_inulinivorans","Roseburia_inulinivorans","T12","Calprotectin",-0.0398895864501528,1,FALSE,"-"
"Ruminococcus_bicirculans","Ruminococcus_bicirculans","T12","Calprotectin",-0.262351998853457,1,FALSE,"-"
"Faecalibacterium_SGB15346","Faecalibacterium_SGB15346","T12","Calprotectin",0.0672636160114139,1,FALSE,"+"
"Blautia_sp_OF03_15BH","Blautia_sp_OF03_15BH","T12","Calprotectin",NA,1,FALSE,NA
"Roseburia_hominis","Roseburia_hominis","T12","Calprotectin",0.0388222535467771,1,FALSE,"+"
"Lachnospiraceae_bacterium_CLA_AA_H244","Lachnospiraceae_bacterium_CLA_AA_H244","T12","Calprotectin",0.0133042545152916,1,FALSE,"+"
"Eubacteriaceae_bacterium","Eubacteriaceae_bacterium","T12","Calprotectin",NA,1,FALSE,NA
"Anaerotignum_faecicola","Anaerotignum_faecicola","T12","Calprotectin",NA,1,FALSE,NA
"Bacteroides_ovatus","Bacteroides_ovatus","T12","Calprotectin",-0.00357074529875978,1,FALSE,"-"
"Wansuia_hejianensis","Wansuia_hejianensis","T12","Calprotectin",-0.0451606094463952,1,FALSE,"-"
"Clostridium_fessum","Clostridium_fessum","T12","Calprotectin",-0.118618707406752,1,FALSE,"-"
"GGB3109_SGB4121","GGB3109_SGB4121","T12","Calprotectin",NA,1,FALSE,NA
"Clostridium_sp_1001270J_160509_D11","Clostridium_sp_1001270J_160509_D11","T12","Calprotectin",-0.513917286695118,1,FALSE,"-"
"GGB9730_SGB15290","GGB9730_SGB15290","T12","Calprotectin",NA,1,FALSE,NA
"Clostridium_leptum","Clostridium_leptum","T12","Calprotectin",1.1030826462744,1,FALSE,"+"
"Adlercreutzia_equolifaciens","Adlercreutzia_equolifaciens","T12","Calprotectin",0.0184286200694237,1,FALSE,"+"
"GGB36331_SGB15121","GGB36331_SGB15121","T12","Calprotectin",-0.0441804756178558,1,FALSE,"-"
"Gordonibacter_pamelaeae","Gordonibacter_pamelaeae","T12","Calprotectin",0.850491867134069,1,FALSE,"+"
"Zhenpiania_hominis","Zhenpiania_hominis","T12","Calprotectin",-0.102872147436572,1,FALSE,"-"
"Alistipes_dispar","Alistipes_dispar","T12","Calprotectin",0.174909945403282,1,FALSE,"+"
"Hydrogeniiclostridium_mannosilyticum","Hydrogeniiclostridium_mannosilyticum","T12","Calprotectin",1.9546699674245,1,FALSE,"+"
"Lacrimispora_amygdalina","Lacrimispora_amygdalina","T12","Calprotectin",-0.888686617912719,1,FALSE,"-"
"Bittarella_massiliensis","Bittarella_massiliensis","T12","Calprotectin",0.399139989879168,1,FALSE,"+"
"Rubneribacter_badeniensis","Rubneribacter_badeniensis","T12","Calprotectin",0.045392443119853,1,FALSE,"+"
"GGB9715_SGB15265","GGB9715_SGB15265","T12","Calprotectin",0.0813415495194553,1,FALSE,"+"
"GGB9730_SGB15291","GGB9730_SGB15291","T12","Calprotectin",0.106883721031567,1,FALSE,"+"
"Coprococcus_eutactus","Coprococcus_eutactus","T12","Calprotectin",0.179542340602631,1,FALSE,"+"
"Wujia_chipingensis","Wujia_chipingensis","T12","Calprotectin",NA,1,FALSE,NA
"Clostridium_sp_AF36_4","Clostridium_sp_AF36_4","T12","Calprotectin",NA,1,FALSE,NA
"GGB9559_SGB14969","GGB9559_SGB14969","T12","Calprotectin",0.0990424823845973,1,FALSE,"+"
"Akkermansia_muciniphila","Akkermansia_muciniphila","T12","Calprotectin",-0.299192260912973,1,FALSE,"-"
"GGB9699_SGB15216","GGB9699_SGB15216","T12","Calprotectin",-0.140718535186471,1,FALSE,"-"
"Alistipes_shahii","Alistipes_shahii","T12","Calprotectin",NA,1,FALSE,NA
"Mediterraneibacter_butyricigenes","Mediterraneibacter_butyricigenes","T12","Calprotectin",0.0771756284142235,1,FALSE,"+"
"Oscillibacter_valericigenes","Oscillibacter_valericigenes","T12","Calprotectin",-0.0270794569280389,1,FALSE,"-"
"Alistipes_communis","Alistipes_communis","T12","Calprotectin",0.0684217336307642,1,FALSE,"+"
"Clostridium_saccharogumia","Clostridium_saccharogumia","T12","Calprotectin",-0.561239015306083,1,FALSE,"-"
"Vescimonas_coprocola","Vescimonas_coprocola","T12","Calprotectin",-0.0151537527849659,1,FALSE,"-"
"Eisenbergiella_tayi","Eisenbergiella_tayi","T12","Calprotectin",-0.00907650030588852,1,FALSE,"-"
"GGB3585_SGB4803","GGB3585_SGB4803","T12","Calprotectin",-0.254423320812289,1,FALSE,"-"
"Bilophila_wadsworthia","Bilophila_wadsworthia","T12","Calprotectin",-0.177687918972652,1,FALSE,"-"
"Propionibacterium_acidifaciens","Propionibacterium_acidifaciens","T12","Calprotectin",NA,1,FALSE,NA
"Bifidobacterium_adolescentis","Bifidobacterium_adolescentis","T12","Calprotectin",0.0449437875243184,1,FALSE,"+"
"Evtepia_gabavorous","Evtepia_gabavorous","T12","Calprotectin",-0.0324570128893408,1,FALSE,"-"
"Blautia_hydrogenotrophica","Blautia_hydrogenotrophica","T12","Calprotectin",NA,1,FALSE,NA
"Clostridium_sp_AM22_11AC","Clostridium_sp_AM22_11AC","T12","Calprotectin",NA,1,FALSE,NA
"GGB4277_SGB5832","GGB4277_SGB5832","T12","Calprotectin",NA,1,FALSE,NA
"Bacteroides_stercoris","Bacteroides_stercoris","T12","Calprotectin",-0.00250734341632307,1,FALSE,"-"
"Enterocloster_hominis","Enterocloster_hominis","T12","Calprotectin",-0.0809850595953816,1,FALSE,"-"
"GGB3005_SGB3996","GGB3005_SGB3996","T12","Calprotectin",2.38204152034271,1,FALSE,"+"
"Alistipes_ihumii","Alistipes_ihumii","T12","Calprotectin",0.203925729101378,1,FALSE,"+"
"GGB2653_SGB3574","GGB2653_SGB3574","T12","Calprotectin",-0.0121214162113771,1,FALSE,"-"
"GGB51441_SGB71759","GGB51441_SGB71759","T12","Calprotectin",NA,1,FALSE,NA
"Firmicutes_bacterium","Firmicutes_bacterium","T12","Calprotectin",0.0774328137391212,1,FALSE,"+"
"Slackia_isoflavoniconvertens","Slackia_isoflavoniconvertens","T12","Calprotectin",0.104536517886708,1,FALSE,"+"
"Faecalibacterium_sp_CLA_AA_H233","Faecalibacterium_sp_CLA_AA_H233","T12","Calprotectin",0.879915178300444,1,FALSE,"+"
"GGB3730_SGB5060","GGB3730_SGB5060","T12","Calprotectin",NA,1,FALSE,NA
"GGB3537_SGB4727","GGB3537_SGB4727","T12","Calprotectin",0.331855286115242,1,FALSE,"+"
"GGB3600_SGB4859","GGB3600_SGB4859","T12","Calprotectin",NA,1,FALSE,NA
"Neobittarella_massiliensis","Neobittarella_massiliensis","T12","Calprotectin",0.131068334581574,1,FALSE,"+"
"Lacticaseibacillus_paracasei","Lacticaseibacillus_paracasei","T12","Calprotectin",-0.954713134073282,1,FALSE,"-"
"GGB9719_SGB15272","GGB9719_SGB15272","T12","Calprotectin",NA,1,FALSE,NA
"Bifidobacterium_dentium","Bifidobacterium_dentium","T12","Calprotectin",0.120726014678925,1,FALSE,"+"
"Collinsella_intestinalis","Collinsella_intestinalis","T12","Calprotectin",NA,1,FALSE,NA
"Lactonifactor_longoviformis","Lactonifactor_longoviformis","T12","Calprotectin",NA,1,FALSE,NA
"Parasutterella_excrementihominis","Parasutterella_excrementihominis","T12","Calprotectin",-0.0782061919102186,1,FALSE,"-"
"GGB3511_SGB4688","GGB3511_SGB4688","T12","Calprotectin",0.648589225531977,1,FALSE,"+"
"Lentihominibacter_hominis","Lentihominibacter_hominis","T12","Calprotectin",1.31123352888023,1,FALSE,"+"
"GGB3277_SGB4327","GGB3277_SGB4327","T12","Calprotectin",NA,1,FALSE,NA
"Eubacterium_sp_c_25","Eubacterium_sp_c_25","T12","Calprotectin",0.215365841506109,1,FALSE,"+"
"GGB32387_SGB47381","GGB32387_SGB47381","T12","Calprotectin",NA,1,FALSE,NA
"GGB45432_SGB63101","GGB45432_SGB63101","T12","Calprotectin",0.121311848904835,1,FALSE,"+"
"Blautia_sp_MCC283","Blautia_sp_MCC283","T12","Calprotectin",-0.140740093932765,1,FALSE,"-"
