taxon,lfc_(Intercept),lfc_AST,lfc_Age,lfc_Sexmale,se_(Intercept),se_AST,se_Age,se_Sexmale,W_(Intercept),W_AST,W_Age,W_Sexmale,p_(Intercept),p_AST,p_Age,p_Sexmale,q_(Intercept),q_AST,q_Age,q_Sexmale,diff_(Intercept),diff_AST,diff_Age,diff_Sexmale,passed_ss_(Intercept),passed_ss_AST,passed_ss_Age,passed_ss_Sexmale
Cutibacterium_acnes,-0.3114920138455561,0.0034537555472802365,-0.02191361105128979,-0.7665207343531105,0.8245158794740742,0.01781166267126145,0.01052458488751149,0.20783417314492747,-0.37778776807093684,0.19390416330154067,-2.0821354272407038,-3.688136184508013,0.7143439155289784,0.8505567827765821,0.06703273734079519,0.005011841821731382,0.9727236296564812,1,0.21414119346002589,0.018868110387694616,FALSE,FALSE,FALSE,TRUE,TRUE,TRUE,TRUE,FALSE
Staphylococcus_aureus,2.125345422105252,-0.10678371226091941,-0.04082802958233846,0.002048770076061501,0.8468043046029887,0.01849131105558336,0.01039942683553469,0.25609860988680966,2.509842487281271,-5.774804822650831,-3.9259884441736417,0.007999926578933855,0.08694962945617778,0.010324183909463951,0.02940819379896187,0.9941192960557681,0.25641343054914767,0.06446319709323833,0.12627793333691067,1,FALSE,FALSE,FALSE,FALSE,TRUE,FALSE,TRUE,TRUE
Streptococcus_mitis,-5.623355378992847,0.04318188988689294,0.020483728915282967,3.0395287776826434,0.8769926286391806,0.018908973510271328,0.011671349922692757,0.2648121888401724,-6.41208967482263,2.283671816634393,1.7550436796909146,11.478054658266329,3.630845418815139e-4,0.056330528041511604,0.12268672493222563,8.56471799195813e-6,0.026719746071123734,0.18568870455422948,0.27311131810999795,3.654279676568802e-4,TRUE,FALSE,FALSE,TRUE,FALSE,TRUE,TRUE,TRUE
Streptococcus_sanguinis,-0.7977305023901982,-0.03704252154587597,-0.0067672473562908125,0.7609339245353233,0.9379197731078889,0.018582046261143584,0.014963756339510826,0.463344289990846,-0.8505317035238954,-1.993457610927091,-0.45224255212057524,1.6422645988587807,0.4149303058142316,0.0741922385113027,0.6607459790152388,0.13156643619952807,0.6725932385493457,0.2167553109894036,0.880994638686985,0.2291225011365931,FALSE,FALSE,FALSE,FALSE,TRUE,TRUE,TRUE,TRUE
Actinomyces_sp_ICM47,0.41681902869399523,-0.04784859216951243,-0.04704654950820746,0.8274546164637706,0.7669083410091213,0.016067448579921578,0.009994774747043212,0.13373982101839027,0.5435056660689491,-2.977983214416857,-4.70711453723611,6.187047434062209,0.6412639368070059,0.09668388555944024,0.04229022489048093,0.02514256444650712,0.8921933033836603,0.25001085558804753,0.15921025841122233,0.06704683852401898,FALSE,FALSE,FALSE,FALSE,TRUE,TRUE,TRUE,TRUE
Enterocloster_clostridioformis,0.9345068015261687,-0.04777379693299949,-0.02962116616076974,0.06714185359404035,1.4103548738413545,0.031867660658319724,0.022460197083530954,0.6986148767193707,0.6626040146767259,-1.4991309668200303,-1.3188293072677264,0.09610710540452864,0.5151482786011891,0.1494594716583666,0.20212872617102706,0.9243920105200928,0.7712161363854058,0.32540676605338364,0.3980381069214072,1,FALSE,FALSE,FALSE,FALSE,TRUE,TRUE,TRUE,TRUE
Ruminococcus_gnavus,-0.6328831074395048,0.0035316137825227674,-0.014023345664990194,-0.6960671392878548,1.0338526568119164,0.020335443467533937,0.01619829347870382,0.48269831659918533,-0.6121598694644957,0.17366790098091936,-0.865729817985267,-1.4420334924553777,0.5453715112012538,0.8633759421165347,0.3939959556245941,0.16038571707534546,0.7932676526563692,1,0.6095091836973917,0.2631970741749259,FALSE,FALSE,FALSE,FALSE,TRUE,TRUE,TRUE,TRUE
Longicatena_caecimuris,-16.490512280379814,1.063049508766399,-0.8007628579420214,17.985437192404795,0.8676191241985556,0.01884953579147647,0.010677273521729333,0.20971321712764351,-19.006626087930655,56.39658825163732,-74.9969415237315,85.76205848512555,0.0027567108014950274,3.1426034031035804e-4,1.7774487701227516e-4,1.3593179387618088e-4,0.04746864545870073,0.010056330889931457,0.015167562838380813,0.0017399269616151154,TRUE,TRUE,TRUE,TRUE,TRUE,TRUE,TRUE,FALSE
Clostridium_symbiosum,-0.5013468980244186,-0.026096899220830222,8.458689415259115e-4,-0.16299206339953778,1.1774829213163314,0.025455447696609068,0.017212675113162795,0.549890877769198,-0.4257784881193461,-1.0251989881249113,0.04914221269877235,-0.2964080147333329,0.6750534285393801,0.31814550415576226,0.9613188804856538,0.770134163044196,0.931392656930468,0.539372510356789,1,0.9857717286965709,FALSE,FALSE,FALSE,FALSE,TRUE,TRUE,TRUE,TRUE
Eisenbergiella_massiliensis,3.5043446181671194,-0.19550932309744282,-0.021220785472575974,0.012933249064137765,0.7835871254854567,0.01643438249779909,0.010626804617816215,0.1637111762034333,4.47218248512706,-11.896359545217207,-1.9969112292700455,0.07900040402902274,0.14004728553569043,0.05338832014093654,0.29556099624943233,0.94981101844581906,0.3514912264425172,0.17990352234689488,0.4945334316330371,1,FALSE,FALSE,FALSE,FALSE,TRUE,TRUE,TRUE,TRUE
Streptococcus_thermophilus,-1.341096050509299,-0.028455054240424493,0.02008083177820505,0.33386755235877086,1.4214470051546015,0.02782903217172431,0.020043674512558278,0.7642268990006096,-0.9434724232743639,-1.0224952871101372,1.0018538150588852,0.4368696689365085,0.35380577679480973,0.31562116058293577,0.325308939162682,0.6656799580681134,0.6246501990308365,0.5386601140615438,0.5338403104208115,0.8829744521525236,FALSE,FALSE,FALSE,FALSE,TRUE,TRUE,TRUE,TRUE
Eggerthella_lenta,-0.16437398252421556,-0.04006907289897434,0.003544705738905557,-0.27440311884209356,1.0908575042023227,0.026672872244072904,0.016123325449304345,0.544878444500226,-0.15068327613001314,-1.502240648563008,0.21984954344877386,-0.5036042838761623,0.8817349646242689,0.14866026728648996,0.8282167550231343,0.62004139083716,1,0.32540676605338364,1,0.8310502411220575,FALSE,FALSE,FALSE,FALSE,TRUE,TRUE,TRUE,TRUE
Lancefieldella_parvula,NA,NA,NA,NA,NA,NA,NA,NA,NA,NA,NA,NA,1,1,1,1,1,1,1,1,FALSE,FALSE,FALSE,FALSE,TRUE,TRUE,TRUE,FALSE
Erysipelatoclostridium_ramosum,-0.3515902883214846,-0.03678993139605188,0.011638016895963249,-0.6318726380459035,1.0030753347146497,0.023695947349643975,0.013220096926314972,0.4226756996987722,-0.3505123455373403,-1.5525832689109447,0.8803276527267703,-1.4949348602160462,0.7294457340123971,0.13546418348515926,0.38864563956012343,0.14980780867659452,0.9828321468798613,0.3068923094885024,0.6095091836973917,0.25026645750055704,FALSE,FALSE,FALSE,FALSE,TRUE,TRUE,TRUE,TRUE
Ruminococcus_torques,-1.4250255819665032,-0.012436056879261444,0.01665198520194542,0.015666921292583097,1.3227900347239967,0.02340307655150876,0.02200685770819871,0.6151497369849798,-1.0772878117908093,-0.5313855574454253,0.7566725528352775,0.025468467839019234,0.2920614721360043,0.6000358147177685,0.4566103660125026,0.9798918840018681,0.5623193728075238,0.8348324378681996,0.6835804309894775,1,FALSE,FALSE,FALSE,FALSE,TRUE,TRUE,TRUE,TRUE
Hungatella_hathewayi,-1.1262283719549415,0.011022968697832179,-0.015511640263416537,-0.06313318950211813,0.932065483287477,0.01896828629605168,0.01295081992644375,0.3352018333848511,-1.2083146432830394,0.5811262296334408,-1.1977342246681966,-0.1883438072656178,0.25226118673593556,0.5728698882134564,0.2561921518187799,0.8540368011301854,0.5211901887360925,0.814748285459138,0.4586376983608927,1,FALSE,FALSE,FALSE,FALSE,TRUE,TRUE,TRUE,TRUE
Enterocloster_lavalensis,0.6451495263157805,-0.08730004801373115,-0.021600055399995537,2.090910635571028,0.8605729151546256,0.01731144501719374,0.014089947051607061,0.2584469043741196,0.74967444937523,-5.0429093543043155,-1.533011821895519,8.090290888314497,0.4951351774016232,0.007267191328724925,0.20004592163320156,0.001268544267818906,0.7567295208167751,0.05315431371867373,0.3969903561092992,0.0072166073902586655,FALSE,FALSE,FALSE,TRUE,TRUE,TRUE,TRUE,FALSE
Flavonifractor_plautii,1.8398709778066733,-0.08760565867345887,-0.00827586355277107,-0.5194423522436585,0.8687526691206567,0.01687249260648491,0.01301866351491573,0.33272563103916514,2.1178305899986163,-5.192217932268514,-0.6356922539160227,-1.5611732424140026,0.046911332641367876,4.4252906304199876e-5,0.5321842633311227,0.13416774106539295,0.2034812072283989,0.003170313147770291,0.7527026044904276,0.23207393049149053,FALSE,TRUE,FALSE,FALSE,TRUE,FALSE,TRUE,FALSE
Faecalimonas_umbilicata,0.9466361635215496,-0.0887773554580763,0.009882098948167191,-0.431937307687912,0.826800496717018,0.01738123854237524,0.01329732326507025,0.3439625048173467,1.1449390358137952,-5.107654166395464,0.7431645265123201,-1.2557685841870534,0.27287653955465874,2.0102756727773919e-4,0.47059992325886324,0.2313013100446238,0.5415224350852142,0.008577176203850205,0.6963790771923063,0.3567056347676126,FALSE,TRUE,FALSE,FALSE,TRUE,FALSE,TRUE,TRUE
Blautia_hansenii,0.1744878358802481,-0.03838952793370669,0.015296370669724139,-2.1051284232586105,0.9758596673907246,0.02382811914067508,0.012307318716734243,0.38418595523463156,0.1788042294511439,-1.6111018963378854,1.2428678432553866,-5.479451798213077,0.8606531817400096,0.12946606206205646,0.23433037466498718,8.11603488569934e-5,1,0.3023503151704974,0.42848982795883367,0.0014840749505278792,FALSE,FALSE,FALSE,TRUE,TRUE,TRUE,TRUE,FALSE
Enterocloster_aldenensis,-0.3559630923480768,-0.05052251222471717,0.04066978851305084,-1.5112392124990297,1.0695215847381039,0.02337736339224655,0.013030702428703805,0.4494329734382188,-0.33282459879969817,-2.161172386167112,3.121074150497378,-3.3625463680109173,0.7435877443614968,0.046187262922252365,0.006582673173013658,0.003961090522837043,0.988150992723665,0.16943167512034965,0.056172144409716546,0.016623593013873495,FALSE,FALSE,FALSE,TRUE,TRUE,TRUE,TRUE,FALSE
Oliverpabstia_intestinalis,-1.4242457516426876,-0.0237616939117439,0.05188315806451366,-1.185703950461621,0.9200120882513307,0.0189867046132094,0.014199612266315883,0.33775974811899384,-1.5480728675530286,-1.2514912090227839,3.6538432945517916,-3.510495128756117,0.16553157894721818,0.25095547050232997,0.008136388549877938,0.009852814960112167,0.3915703991730839,0.4689386894058136,0.06311865056875006,0.03192810923783183,FALSE,FALSE,FALSE,TRUE,TRUE,TRUE,TRUE,FALSE
Sellimonas_intestinalis,1.290196609402542,-0.04091252620843806,-0.03818020104794116,-0.8759996945880626,1.213928481420385,0.027598806111273477,0.020114144090023593,0.5377828294360472,1.0628275299158627,-1.482402030127174,-1.8981767693947338,-1.62890975062683,0.30467232829793056,0.15893647948372047,0.07708626916671195,0.1241481136954298,0.5735008532666929,0.33350605531010197,0.22173129108627257,0.2207077576807641,FALSE,FALSE,FALSE,FALSE,TRUE,TRUE,TRUE,FALSE
Schaalia_odontolytica,-0.3443351829788071,-0.12852202637403137,-0.0014071670652987115,2.2276532183893885,0.8465174082912291,0.016349621230812163,0.014406118962990561,0.3358006021949573,-0.40676680669081383,-7.860856503013133,-0.09767842879221915,6.633857127796542,0.6948444325537686,4.9536142933910796e-5,0.9245905740890166,1.6352360544913842e-4,0.9512308809292233,0.003170313147770291,1,0.0019028201361354288,FALSE,TRUE,FALSE,TRUE,TRUE,TRUE,TRUE,TRUE
Blautia_producta,2.566854038332302,-0.054951667794126045,-0.07147881799693981,-0.19611043011489307,1.3511894030419607,0.022258464165084726,0.017604993536249797,0.6070633681029562,1.8996996516946405,-2.468798717942311,-4.060144518074397,-0.32304770872228494,0.07198987875714473,0.022693146405237303,6.112204485859234e-4,0.7500122880340148,0.2511567391208423,0.11856011183144385,0.0231887216848729,0.97463525754674,FALSE,FALSE,TRUE,FALSE,TRUE,TRUE,FALSE,FALSE
Streptococcus_salivarius,-5.073103554457753,0.04723162092053766,0.017591349328038013,3.3421394674390554,0.8827364779340472,0.019518595310634913,0.014850181838808343,0.4847550493543989,-5.747019276161357,2.419826845572387,1.1845881430263776,6.8944912938816145,1.5423342800058587e-5,0.025720684434608086,0.2507872851549052,1.4163689538393623e-6,0.003948375756814998,0.12423575877848433,0.45365394745867965,1.8835671596990542e-4,TRUE,FALSE,FALSE,TRUE,FALSE,TRUE,TRUE,FALSE
Clostridium_spiroforme,2.0335395709457993,-0.22339756357169196,0.052275131013711,-0.38542870302733245,0.8039925439183295,0.016519752337738124,0.011452459864785521,0.23720515417268048,2.5293015293837957,-13.523057670868173,4.564533002595246,-1.624874907847695,0.04472184075606138,1.013995994544206e-5,0.0038325275031576896,0.1553147518814183,0.19739295230261575,0.0025958297460331676,0.05208340261240216,0.2565198482686651,FALSE,TRUE,FALSE,FALSE,TRUE,FALSE,FALSE,TRUE
GGB3433_SGB4574,0.5812270430614079,0.09713756509332781,-0.03408501270273804,-3.4038382654465176,0.8390317199042503,0.01827045158334113,0.010550137550270657,0.24650479460023803,0.6927354821909917,5.316648285907568,-3.230764768736462,-13.808405921542391,0.56010210324273,0.033604178097898854,0.08392118874048439,0.005203705023272188,0.8100911775714061,0.14580795920444248,0.2289480304886683,0.01930649979648812,FALSE,FALSE,FALSE,TRUE,TRUE,TRUE,TRUE,FALSE
Clostridium_scindens,-0.17854139110918119,-0.017804523895799406,-0.012584270604374802,-0.7294063360167514,1.0235211915214097,0.02023490415009098,0.01442748437784982,0.4684412330509327,-0.17443839227577587,-0.8798916843754535,-0.8722428855092118,-1.557092511404615,0.8635814895966542,0.39118699704677784,0.3952286113037774,0.13786861195800817,1,0.62436115582891,0.6095091836973917,0.23519202806024347,FALSE,FALSE,FALSE,FALSE,TRUE,FALSE,TRUE,TRUE
Fusicatenibacter_saccharivorans,-0.6919715185033892,-0.006786529440074755,-0.016725159326036798,0.07045182954459026,1.2087288035522812,0.031890221507029,0.022769350112270242,0.745857388869256,-0.5724787201808907,-0.21280910320986388,-0.7345470662785288,0.09445750701940155,0.5728022720477935,0.8334354199042617,0.47037302556571614,0.925600775936287,0.8238055148552537,1,0.6963790771923063,1,FALSE,FALSE,FALSE,FALSE,TRUE,TRUE,TRUE,TRUE
Clostridia_bacterium,-0.5704448113164803,-0.023129876816955643,0.01929816042163698,-1.2801083275328582,0.8237210360173974,0.016191341266431347,0.010627095950674601,0.19045741162901117,-0.6925218446217175,-1.4285337104783034,1.815939228478684,-6.7212313586743475,0.5267137603874431,0.22633493000147606,0.14355281794882854,0.0025517405618387624,0.7839460619720083,0.4389525915180142,0.30318200778514937,0.011665099711262913,FALSE,FALSE,FALSE,TRUE,TRUE,TRUE,TRUE,FALSE
Clostridium_innocuum,-0.27628838714238524,-0.03518481487131989,0.010711296078494836,-0.6010682407454873,1.0854828674984978,0.028696439272172514,0.01653741716960418,0.5292247292430026,-0.2545303987884153,-1.226103856914376,0.6477006638123775,-1.1357523704632035,0.801561695188663,0.23373152001297437,0.5241971886698359,0.26885653781483954,1,0.4498892415287326,0.7455248905526555,0.40486631576822896,FALSE,FALSE,FALSE,FALSE,TRUE,TRUE,TRUE,TRUE
Anaerostipes_hadrus,-3.132036308330043,0.0400902687767406,0.01957206785621825,0.22227252452844437,1.803225422680242,0.027340190947234878,0.029950966817713743,0.7175469125172587,-1.7369078036148746,1.4663492604756383,0.6534703195171264,0.3097672370280016,0.09778165461071697,0.1581008256743138,0.5208958451464155,0.759942413659681,0.2720880823950385,0.33350605531010197,0.7449683595390076,0.9814724235764684,FALSE,FALSE,FALSE,FALSE,TRUE,TRUE,TRUE,TRUE
Solobacterium_moorei,0.8847960294057637,-0.05451885743169528,-0.0543061553935748,1.3642613456923611,0.7962386056931925,0.01705923790885719,0.010325672470733252,0.1673912041186689,1.111219706102387,-3.1958553906671874,-5.259333525007537,8.150137594596627,0.382160603940345,0.085534765815901,0.034303124170275,0.014722979462796203,0.6436389118995284,0.23488250701292965,0.1372124966811,0.04416659979646245,FALSE,FALSE,FALSE,TRUE,TRUE,TRUE,TRUE,FALSE
Gemella_sanguinis,-2.3285206299912637,-0.05065747183085312,0.0624527929143161,-0.18806919691423998,0.8265829461346601,0.0173493688333042,0.011993595409071222,0.2950425864227252,-2.8170441222869367,-2.9198452299665223,5.207178563575742,-0.6374306814297716,0.022596516020712113,0.019295849463022523,8.152284967338129e-4,0.5416532342012972,0.12307889577238938,0.1051007970751865,0.0231887216848729,0.7390628932062202,FALSE,FALSE,TRUE,FALSE,TRUE,TRUE,FALSE,TRUE
Streptococcus_australis,-4.119683807154309,0.021958778902836096,-0.00969227175219274,3.1545322277026324,0.8325400644349933,0.018733596398037167,0.01187322713854964,0.2726987239879828,-4.948330997079581,1.172160349581186,-0.8163131757771365,11.56782907367636,0.0016593869742020527,0.2794764148839812,0.44121130855185553,8.129868338143991e-6,0.04746864545870073,0.5003214140580362,0.6644123234663236,3.654279676568802e-4,TRUE,FALSE,FALSE,TRUE,FALSE,TRUE,TRUE,FALSE
Agathobaculum_butyriciproducens,-2.011828005819381,0.008236524813080829,0.024276891602704343,-0.3108359784362387,0.8615090534968248,0.015927662536266658,0.01309906415211931,0.3053400677381706,-2.3352372185219243,0.5171207510409381,1.853330231898785,-1.017999310535232,0.03204584200521438,0.6117346460140234,0.08127324864626394,0.3229482593916545,0.15478746327046947,0.8419573622558603,0.2270769480168585,0.47242716802436313,FALSE,FALSE,FALSE,FALSE,TRUE,TRUE,TRUE,TRUE
Schaalia_SGB17157,-1.8923953376608789,0.019140385527818615,-0.045177965674298805,1.6589131634818004,0.8543122629182189,0.01696461007455482,0.012524459996773558,0.24364418327647552,-2.2151096499501293,1.1282537850090193,-3.6071787275409206,6.808753409061881,0.06232545083768694,0.29639281040786797,0.008656635696906221,2.5120135832661e-4,0.23463699138893906,0.5197024620850287,0.06517937465905861,0.0024511421711316678,FALSE,FALSE,FALSE,TRUE,TRUE,TRUE,TRUE,FALSE
Turicibacter_bilis,-3.984740700164612,0.08921457307729119,-0.030597864021410074,1.4593104553412786,0.8349154899341983,0.01793782231835774,0.010802776551441323,0.2534271845069016,-4.772627587109037,4.973545366540293,-2.8324073793165385,5.758302757380541,0.0030860918588862486,0.002517910953700328,0.0298631797776447,0.001195440833151692,0.04746864545870073,0.02802544365857756,0.12627793333691067,0.006955292120155299,TRUE,TRUE,FALSE,TRUE,FALSE,FALSE,TRUE,FALSE
Alistipes_finegoldii,0.18787213462972763,-0.14532603392133303,0.060936872360594516,-0.7639026160520556,0.834728521138911,0.017920447465019435,0.010477099436041552,0.18409610326301404,0.2250697440808578,-8.109509218729512,5.816196814069527,-4.14947737900071,0.8590645897243023,0.07810856318491041,0.10839654877382751,0.15055091584017882,1,0.2240774568731967,0.2569399674638874,0.25026645750055704,FALSE,FALSE,FALSE,FALSE,TRUE,TRUE,TRUE,TRUE
Actinomyces_sp_ph3,-0.691882070808973,0.003911292002323474,-0.023488876439071688,-0.1336253944915835,0.9227235095134688,0.018200572537379726,0.014338746132907608,0.38145022455420724,-0.7498259919418188,0.2148993936476775,-1.6381401986861608,-0.35030886309674786,0.46671334880373283,0.8331802585847332,0.12535678697191316,0.7317177144548435,0.7241128320833673,1,0.2742849355966647,0.9557129331655098,FALSE,FALSE,FALSE,FALSE,TRUE,FALSE,TRUE,TRUE
Veillonella_dispar,-4.873080779194439,0.04646182853290503,0.05767012033107103,0.22330047436025144,1.1996901324535583,0.02682199203071334,0.017047865519720463,0.521853510903787,-4.061949537942943,1.7322288545795739,3.3828352449378456,0.4278987679387691,0.0028336473330789432,0.11727401719856523,0.008090505925987514,0.6787816910719122,0.04746864545870073,0.2823096701177774,0.06311865056875006,0.8957119222392244,TRUE,FALSE,FALSE,FALSE,FALSE,TRUE,TRUE,TRUE
Ruthenibacterium_lactatiformans,-0.12408955793364837,-0.021733871646395675,0.018875982464707505,-2.163325850626634,0.961293033045536,0.023672662074439587,0.017429139600629535,0.4857237075132719,-0.12908608891142384,-0.9181000251704978,1.0830128679459146,-4.453819768654227,0.89864622126936,0.3700748766809552,0.29235602180092335,2.722878620250382e-4,1,0.6034341938237231,0.4945334316330371,0.0024511421711316678,FALSE,FALSE,FALSE,TRUE,TRUE,TRUE,TRUE,FALSE
Roseburia_faecis,-1.8127235860355289,-0.005135974468693182,0.051182715495550174,-1.8493140727389064,0.917901445791735,0.018350951504990224,0.014848087533781126,0.3694111503289119,-1.974856444933438,-0.27987510442150876,3.447091443871377,-5.006113299753773,0.07652431895088165,0.7852771559219505,0.006256599361121546,5.325150345015134e-4,0.2511567391208423,1,0.055230670222314336,0.004131025722193558,FALSE,FALSE,FALSE,TRUE,TRUE,TRUE,TRUE,FALSE
Actinomyces_oris,0.9937283565984609,0.012585998187621633,-0.0819364303420811,-0.06437333028122484,0.822052633370365,0.01731766222364904,0.010936021720035136,0.24491250036244236,1.2088378727335694,0.7267723567465223,-7.492343416982337,-0.26284215867283095,0.26123798436763757,0.48808350738099915,6.978171886512148e-5,0.7993145972242217,0.5265899527410647,0.732237193889065,0.00893206001473555,1,FALSE,FALSE,TRUE,FALSE,TRUE,TRUE,FALSE,TRUE
Bacteroides_fragilis,-1.106663520491311,0.01651363363297642,0.00279019416421784,-1.4879298987738967,1.218400992858653,0.023244979874300218,0.01633916526504066,0.5411420988771389,-0.9082917093614805,0.7104172050169847,0.17076724048980338,-2.749610318364302,0.3790942736848325,0.48911156310558646,0.8668502112333996,0.015656958668905235,0.6436389118995284,0.732237193889065,1,0.04586685946791264,FALSE,FALSE,FALSE,TRUE,TRUE,TRUE,TRUE,FALSE
Romboutsia_timonensis,-4.12359565202563,0.04972520632446211,-0.020054593286480325,2.526334735602293,1.1045579201780344,0.02147913060818987,0.01763254492193209,0.456603356745107,-3.7332543424802767,2.3150474398392165,-1.137362381622836,5.532886910011455,0.001998281543717804,0.03518503661040637,0.2732294850332978,5.740869416748805e-5,0.04746864545870073,0.14848169587199764,0.47323574109018773,0.0014696625706876942,TRUE,FALSE,FALSE,TRUE,FALSE,TRUE,TRUE,FALSE
Clostridiaceae_bacterium_AF18_31LB,-8.547498827488663,1.5492343927427772,-0.45831933632792393,-4.679740885918299,0.7775057387550578,0.01628795114148259,0.01011679505726592,0.13314551080618922,-10.993486480466265,95.11536345397951,-45.30281909770993,-35.1475679321271,1,1,1,1,1,1,1,1,FALSE,FALSE,FALSE,FALSE,TRUE,TRUE,TRUE,TRUE
Blautia_massiliensis,0.4118692796779097,-0.006793339744922411,-0.0425237305981831,-0.2756174229901127,1.2695753652198318,0.03031878976434353,0.022301733928350664,0.6032049236754803,0.3244149902094178,-0.22406368452449676,-1.9067454904986378,-0.4569217063261122,0.7488331741734024,0.824873298493073,0.07032855098162052,0.6524186250869022,0.988150992723665,1,0.21414119346002589,0.8698915001158696,FALSE,FALSE,FALSE,FALSE,TRUE,TRUE,TRUE,TRUE
Streptococcus_parasanguinis,-4.092404982331774,0.011767657252198282,0.05593725731530861,1.6647458153907302,1.4303660246583578,0.03124878864346169,0.019695273018397623,0.5841737141054267,-2.8610893378212356,0.3765796295806326,2.8401361719158125,2.8497444770174836,0.009079634702768914,0.7100935999111568,0.009524599988264288,0.009318035968543845,0.06737114912600996,0.94188581128112,0.06773048880543493,0.030842459008746274,FALSE,FALSE,FALSE,TRUE,TRUE,TRUE,TRUE,FALSE
Abiotrophia_defectiva,NA,NA,NA,NA,NA,NA,NA,NA,NA,NA,NA,NA,1,1,1,1,1,1,1,1,FALSE,FALSE,FALSE,FALSE,TRUE,TRUE,TRUE,TRUE
Mogibacterium_diversum,0.8498925242495382,-0.040262248169155364,-0.0030101597816912166,-1.5862167562295446,0.7810964811192449,0.01637374515859888,0.01128054155418882,0.209052274182669,1.0880762425554835,-2.458951680215393,-0.2668453253978263,-7.587656065599722,0.3262059336663094,0.057302373671031755,0.8002441527847752,6.311883245343886e-4,0.5922604185714554,0.18568870455422948,1,0.004208148229061262,FALSE,FALSE,FALSE,TRUE,TRUE,TRUE,TRUE,FALSE
Escherichia_coli,-0.5862197508949358,0.0264065879757693,-0.03738483817050617,-0.7508073230580635,1.1975590877185092,0.026289516284191013,0.01873807119949224,0.6832635379277286,-0.4895121726408952,1.0044531702414277,-1.9951273411491366,-1.0988546605826335,0.6311224811212184,0.3301101864342728,0.0633487148508273,0.28809202265791567,0.8877327206979776,0.55597505083667,0.20973802400520675,0.4238595275886575,FALSE,FALSE,FALSE,FALSE,TRUE,TRUE,FALSE,TRUE
Enterococcus_faecium,-3.566233734852932,0.07704421537778548,-0.018586968854788742,-0.09766926280686535,0.9004649655364927,0.021752971300286746,0.010596905290371177,0.2557030261218355,-3.9604358540792166,3.5417789282317442,-1.753999714584379,-0.38196365638758073,0.002684551477528519,0.005340897645012393,0.10996693295058023,0.7104797858603338,0.04746864545870073,0.04557565990410575,0.25827096179218845,0.9327324368217715,TRUE,TRUE,FALSE,FALSE,FALSE,FALSE,TRUE,TRUE
Actinomyces_SGB17132,-3.427508061873228,0.027567746600660088,-0.02156406115655126,2.589238070255235,0.7710375576869071,0.01941378140570952,0.011157306493182896,0.2539190281524557,-4.4453192035880384,1.4200091174691252,-1.9327300159520473,10.197101371625559,0.0021526572797603742,0.19337946168367742,0.08934343568037287,7.335784212595887e-6,0.04746864545870073,0.3893058279363166,0.23583319313662773,3.654279676568802e-4,TRUE,FALSE,FALSE,TRUE,FALSE,TRUE,TRUE,FALSE
bacterium_210917_SL_2_15,2.866533526191353,-0.052712140560323376,-0.027528498183508478,-2.6029445796901802,0.7719930842287405,0.016171929860126832,0.01005020412338419,0.13242913300336767,3.7131595926861998,-3.2594836247892287,-2.739098414872677,-19.655377337734194,0.1674761132317357,0.18950955122934907,0.22284789447542636,0.032361186967374785,0.3915703991730839,0.3881155609177069,0.41042489917776365,0.08157905432552724,FALSE,FALSE,FALSE,FALSE,TRUE,TRUE,TRUE,TRUE
Schaalia_SGB17158,-2.379343481088204,-0.015719584447312532,0.023714094160920192,0.35294705666291254,0.7831666698319094,0.016240899772195054,0.010617716302160211,0.18006254219083193,-3.038106156380328,-0.9679010810857271,2.2334458263963484,1.96013591926774,0.09340912111783636,0.43520429436099517,0.15512926710817468,0.1890380572587343,0.2656906938874198,0.6711584298579203,0.32287066975359935,0.3005822525356272,FALSE,FALSE,FALSE,FALSE,TRUE,TRUE,TRUE,TRUE
Clostridium_saudiense,-3.57178946579508,0.12344089334996568,-0.03512941611990604,0.629835384989793,1.2293955659445324,0.02517211157762062,0.016888142324703363,0.41665276014393204,-2.905321578129257,4.903875186208509,-2.080123168343981,1.5116553764631664,0.019730073182748883,0.0011879403896714465,0.07110156814102422,0.16907075865266297,0.11442088925077135,0.020274182650392686,0.21414119346002589,0.27568225614701736,FALSE,TRUE,FALSE,FALSE,TRUE,FALSE,TRUE,TRUE
Clostridium_SGB6173,-2.9031970642046896,0.04400322730060429,-0.06325999271056171,1.505294668583779,0.7951388746373679,0.016875252367480463,0.010868500623590826,0.20973869140823598,-3.6511823994628934,2.6075596585092216,-5.820489403409662,7.177000383080817,0.02174876074258521,0.059572576118706776,0.004338530000343591,0.0019960034351035614,0.12103658152395247,0.18817419465913315,0.05208340261240216,0.009620394304160703,FALSE,FALSE,FALSE,TRUE,TRUE,TRUE,FALSE,FALSE
Bacteroides_xylanisolvens,-2.0768881050301142,0.012033174844154105,0.05284216967694185,-2.3170643118985987,0.8583314473329032,0.016490438072317214,0.01177835533968942,0.2417500321884256,-2.4196807788921597,0.7297061964869451,4.486379307888603,-9.58454603262524,0.051885651814797484,0.493061857298552,0.004163948420593998,7.373743949461112e-5,0.20754260725918994,0.7338595085373797,0.05208340261240216,0.0014840749505278792,FALSE,FALSE,FALSE,TRUE,TRUE,TRUE,TRUE,FALSE
Clostridium_perfringens,1.8598598945648117,-0.011370184298875475,0.0050547230423588175,-3.4816283686463443,0.8591957686258249,0.01879756318504024,0.010572344422451838,0.24632062709346525,2.1646520647319094,-0.6048754398082974,0.4781080563005886,-14.134538425502043,0.08269959176236834,0.5716605670516324,0.6527453987412994,3.190674850290298e-5,0.255073439652606,0.814748285459138,0.8748838852239407,0.0011488676142603676,FALSE,FALSE,FALSE,TRUE,TRUE,TRUE,TRUE,FALSE
Scardovia_wiggsiae,-1.61363850194625,0.006731167195355853,0.005249158685243887,-0.3113400286424481,0.8345848630205397,0.01713594135829811,0.01074860300360754,0.2404233252928538,-1.9334624595348517,0.3928098873947344,0.48835729475561784,-1.2949659866122074,0.09443970820523277,0.7061474996568438,0.6402227049223995,0.23640471352964953,0.2656906938874198,0.9415299995424583,0.8748838852239407,0.3602357539499421,FALSE,FALSE,FALSE,FALSE,TRUE,TRUE,TRUE,TRUE
Granulicatella_SGB8255,-2.705287667673839,0.00636691270112941,0.02760807750303213,0.28339960015336507,0.88101844455376,0.022181976953084163,0.013601201680113327,0.38253738731771486,-3.070636811745843,0.287030895154012,2.0298263456675762,0.7408415740498293,0.013340259233401751,0.7805873734460244,0.07295490026956797,0.4776722759501498,0.08537765909377121,1,0.21716807522103954,0.6718906738639471,FALSE,FALSE,FALSE,FALSE,TRUE,TRUE,TRUE,TRUE
Roseburia_sp_AF02_12,-1.6988278623762714,0.06597528945968051,0.017662079912996856,-2.9053947011857737,0.8402111891485322,0.016663572499572975,0.012831996157777267,0.23879780926835625,-2.021905783113718,3.9592524028908693,1.3764093829074404,-12.166756094151385,0.18055479379290382,0.05827276881189091,0.3025362911018856,0.006687698304340133,0.4143408433256375,0.18647286019805093,0.5029174709226151,0.023778482859876025,FALSE,FALSE,FALSE,TRUE,TRUE,TRUE,TRUE,FALSE
Granulicatella_adiacens,7.452828240276538,0.3141435694806546,-0.24709334240140365,-8.2683667059287,0.7762264975212746,0.01636376208444847,0.010357836335446728,0.18427917473572397,9.601357675982031,19.19751508604524,-23.855690937671746,-44.86869836369965,0.06606697961525437,0.03313162713316716,0.026670670814384845,0.014186156928635205,0.24177611634556112,0.14580795920444248,0.12627793333691067,0.0441505821602275,FALSE,FALSE,FALSE,TRUE,TRUE,TRUE,TRUE,FALSE
Blautia_SGB4793,28.820502659695716,-0.24321975822094585,-1.3239978719128276,-1.179475506958355,0.8030175909449981,0.01701536899871899,0.010276186510986234,0.1571716001361212,35.890250705192514,-14.294121875303249,-128.84136255189085,-7.504380600164723,0.017733370315573135,0.04446472666892765,0.0049410141026576225,0.08433624200021032,0.10656252517042933,0.16943167512034965,0.05208340261240216,0.16480975535918962,FALSE,FALSE,FALSE,FALSE,TRUE,TRUE,TRUE,TRUE
Actinomyces_naeslundii,0.1342623540980734,0.017724070981724637,-0.11683114087157964,0.2630406002653718,1.1429183039240087,0.019087676503038407,0.015082729222686636,0.38577520596711845,0.11747327314393974,0.9285609476304405,-7.746021237048297,0.6818494195497677,0.9121474321325573,0.40567669601344436,0.0014964411068769403,0.532769467507865,1,0.6410693467866775,0.03694891434461113,0.7372377496325051,FALSE,FALSE,TRUE,FALSE,FALSE,FALSE,TRUE,TRUE
Gemella_haemolysans,NA,NA,NA,NA,NA,NA,NA,NA,NA,NA,NA,NA,1,1,1,1,1,1,1,1,FALSE,FALSE,FALSE,FALSE,TRUE,TRUE,TRUE,TRUE
Clostridium_paraputrificum,-2.749539821315624,-0.11326437243810768,0.07638709142307303,1.9088541957067418,0.8831494685507636,0.019112269543205034,0.010879112531109798,0.21088381973810028,-3.1133346270678075,-5.926264914905223,7.021445104519076,9.05168636492537,0.1978551875010938,0.1064209463713471,0.09006224038798352,0.07004756341237167,0.4443063859673685,0.2611181684058222,0.23583319313662773,0.13900911808966782,FALSE,FALSE,FALSE,FALSE,TRUE,FALSE,TRUE,TRUE
Rothia_mucilaginosa,-3.1173839589560504,0.017626746582166064,0.020529072616805217,0.9879425893710007,0.9347326458861469,0.019068249792698496,0.018294841906650133,0.45726581473312433,-3.335054116999094,0.9244029616664449,1.122123531952629,2.160543293505545,0.0039216531932444254,0.36821282830867463,0.2774095739014253,0.04529767920148129,0.04746864545870073,0.6034341938237231,0.4766231605286233,0.10015658750060323,TRUE,FALSE,FALSE,FALSE,FALSE,TRUE,TRUE,TRUE
Streptococcus_vestibularis,-6.468945120768961,0.050284075753970536,0.018989433445016364,2.8232856144661627,0.9367102140692066,0.020606400588975327,0.011275270091349312,0.24571249512370424,-6.906026029829347,2.440216355925504,1.6841666134087168,11.49019960521249,0.006222125022152614,0.09248238618624145,0.19073790768080623,0.001415047004277644,0.05492634502314032,0.2415866414661001,0.38217573369455127,0.007707490065852699,FALSE,FALSE,FALSE,TRUE,TRUE,TRUE,TRUE,FALSE
Enterocloster_bolteae,1.498743403479635,-0.035424265116131747,-0.022276255889255938,-2.3719525233369323,1.5997439214436424,0.02612075414502656,0.025143854691243566,0.7167321429063254,0.9368645715041302,-1.3561731380131914,-0.8859522997885333,-3.3093988414119986,0.3636683449202379,0.1951085872696498,0.3896258963665109,0.004766159783045862,0.6290479479701413,0.3893058279363166,0.6095091836973917,0.018486922794844558,FALSE,FALSE,FALSE,TRUE,TRUE,TRUE,TRUE,FALSE
Lachnospira_pectinoschiza,-11.072994156093271,0.06869081920322415,0.1526395187446011,3.3845602690898176,0.7841211962042747,0.01617818949405418,0.01077899143899232,0.1820390151089094,-14.12153403031921,4.245890383993181,14.160834954598563,18.59249934452194,7.692013817894061e-4,0.023932511309038784,7.628900573565855e-4,3.3958850574085234e-4,0.03281925895634799,0.12013182147282213,0.0231887216848729,0.002804343789343813,TRUE,FALSE,TRUE,TRUE,FALSE,TRUE,FALSE,FALSE
Streptococcus_infantis,NA,NA,NA,NA,NA,NA,NA,NA,NA,NA,NA,NA,1,1,1,1,1,1,1,1,FALSE,FALSE,FALSE,FALSE,TRUE,TRUE,TRUE,FALSE
Butyricicoccus_SGB14985,-5.955416193744536,0.017268186372235678,0.13428089853195505,-1.4462477525754136,0.7732451718489174,0.016186336949262376,0.010059987136299652,0.13482215077266702,-7.7018472414182115,1.0668371989514651,13.3480189102257,-10.72707818623983,0.08219821748061237,0.4794202176845509,0.04760502173186138,0.059175962826713224,0.255073439652606,0.7271336149555983,0.17087294998853408,0.12216972970676278,FALSE,FALSE,FALSE,FALSE,TRUE,TRUE,TRUE,TRUE
Enterococcus_faecalis,1.098750548303961,-0.0036623355437485645,-0.030194332614389804,-2.6400792823872297,1.2145117952053013,0.028965311506268798,0.016259572416114424,0.5863733338325398,0.9046849545979321,-0.12643867278817097,-1.8570188589009275,-4.50238632976649,0.3820924378974556,0.901319334742906,0.08610546083805623,5.94687837589885e-4,0.6436389118995284,1,0.23203155762676206,0.004208148229061262,FALSE,FALSE,FALSE,TRUE,TRUE,TRUE,TRUE,FALSE
Veillonella_atypica,-7.443005094206654,0.10192242282298489,0.09846761389282788,-0.6133590930846536,1.2762797457247508,0.027697164409358762,0.017159787281173518,0.5038877352839009,-5.8317975499799655,3.679886551438663,5.738277070652236,-1.217253467657978,0.002095860253980257,0.014295300213822063,0.002251842222660548,0.2778195045015622,0.04746864545870073,0.08395478821663471,0.04803930075009169,0.4134987973976739,TRUE,FALSE,TRUE,FALSE,FALSE,TRUE,FALSE,TRUE
Dorea_longicatena,-1.2257573149535688,0.010468224164085797,0.004600963371698608,-0.6863547335005364,1.0014295427347752,0.01982337969791867,0.01686598733247639,0.38584093526718366,-1.224007543861931,0.5280746433558399,0.27279537693231865,-1.7788541099851307,0.23672978879787257,0.6038975532742747,0.7881155088349543,0.09215711827493624,0.5008498010930197,0.8356636412876451,1,0.1787289566544218,FALSE,FALSE,FALSE,FALSE,FALSE,TRUE,TRUE,TRUE
Bifidobacterium_bifidum,3.373303429918674,-0.1012552090962501,-0.04284011425622292,-0.4301755980677678,0.907349298575248,0.019573714975195,0.014568350241806855,0.3282232527324389,3.7177561444259166,-5.173019491934303,-2.940629072280571,-1.3106188988335887,0.0039899920796674536,4.172753944415604e-4,0.01476960737357893,0.2192874358978888,0.04746864545870073,0.011815653850467395,0.08402265528080459,0.3444023533120217,TRUE,TRUE,FALSE,FALSE,FALSE,FALSE,TRUE,TRUE
Blautia_wexlerae,-1.1263575371079844,-0.014651193250592602,0.0015827041174886504,0.46895936796287213,1.108754425981207,0.020421200921020285,0.018297840432550838,0.5621784401047109,-1.0158764742798652,-0.7174501297576283,0.08649677120766164,0.8341824134620391,0.3198206356996455,0.48002180049803167,0.9317891279821993,0.4124045082287976,0.5890221779792032,0.7271336149555983,1,0.5865308561476232,FALSE,FALSE,FALSE,FALSE,TRUE,TRUE,TRUE,TRUE
Bifidobacterium_longum,2.0049487160960875,-0.021151289895467412,-0.06315043842975362,-1.3319917360140028,1.0920887146279628,0.02514813138387702,0.02075342169090417,0.5317846327862374,1.8358844746226546,-0.8410680528346506,-3.0428928477577877,-2.504757854763784,0.0799283179713852,0.40935886793799725,0.0059694666468079124,0.020156543860881778,0.255073439652606,0.6429194490314558,0.054577980770815195,0.05608777422158408,FALSE,FALSE,FALSE,FALSE,TRUE,TRUE,TRUE,TRUE
Bifidobacterium_pseudocatenulatum,-9.21643509429569,0.28817360878054904,-0.08288196260648321,2.1761094889327235,0.9589757823676666,0.021815566676336964,0.013181430926245382,0.3698775561410948,-9.61070682258601,13.209540373440166,-6.287781885763098,5.88332396168049,6.552643162928025e-4,1.8975239829116674e-4,0.0032678446853505695,0.004171794648045363,0.03281925895634799,0.008577176203850205,0.05208340261240216,0.01722547467580021,TRUE,TRUE,FALSE,TRUE,FALSE,FALSE,TRUE,FALSE
Anaerobutyricum_soehngenii,-0.6064960023480992,-0.010944028150830388,-0.005735089575272702,-0.08856534687143025,0.9724152347110506,0.018611465972754454,0.012240622022917794,0.3456606401050346,-0.6237006380595396,-0.5880261214700379,-0.4685292597496308,-0.25622051398307377,0.5428533492253633,0.5658801956469461,0.6466177886328968,0.8015071436764402,0.7932676526563692,0.813850169020327,0.8748838852239407,1,FALSE,FALSE,FALSE,FALSE,TRUE,TRUE,TRUE,TRUE
Streptococcus_mutans,-1.1451543160892625,-0.10393898605540586,0.07938834352994709,-0.6616459487956552,0.8080307972948119,0.016653703492939965,0.011334247292745667,0.20199124627424855,-1.4172161753278452,-6.241193503863504,7.004288990655651,-3.275616943802218,0.3911902785944386,0.10114321050209418,0.09027989424761532,0.18862996384791342,0.6479979817624437,0.25636298899540705,0.23583319313662773,0.3005822525356272,FALSE,FALSE,FALSE,FALSE,TRUE,TRUE,FALSE,TRUE
Anaerobutyricum_hallii,-0.11738062285811811,-0.02771861893062102,0.013296569042953335,-0.9340736484256874,1.0431997442900232,0.02074093228382865,0.015300429484866748,0.4640887291071912,-0.11251979642499295,-1.3364210707265436,0.869032405665777,-2.0127048769804174,0.9120087315798528,0.20272708541536844,0.3994830852240826,0.06379177579886956,1,0.39921641435641786,0.6123812563914081,0.1285881464922095,FALSE,FALSE,FALSE,FALSE,TRUE,TRUE,TRUE,TRUE
Veillonella_parvula,-3.922269255053858,0.02134295247417424,-0.008237862359539574,2.9461677732371463,1.1404758938021204,0.02399652939909441,0.017851861971508717,0.5434054416446815,-3.439151389669264,0.8894183037560294,-0.46145675855476975,5.4216751387697135,0.004902144970442002,0.3912599350482364,0.6527236668838174,1.545695214917174e-4,0.04826727355512125,0.62436115582891,0.8748838852239407,0.0018842760715180786,TRUE,FALSE,FALSE,TRUE,TRUE,TRUE,TRUE,TRUE
Coprococcus_catus,1.0283533894238877,-0.02512426764554283,0.02163034350371655,-3.266087670734972,0.9411055233119899,0.019238156450147228,0.0164022962556321,0.32387320151952864,1.092707846198639,-1.3059602519944449,1.3187387403936985,-10.084464090919965,0.30014653711515754,0.22080786798515611,0.21665813720827906,1.471536843514886e-6,0.5733029647425966,0.4315023985053432,0.4078270818038194,1.8835671596990542e-4,FALSE,FALSE,FALSE,TRUE,TRUE,TRUE,TRUE,FALSE
Dorea_formicigenerans,-1.8234648122745793,0.024643392840312833,0.0091242597416228,-0.5359045766007638,0.8566685918508612,0.020707215659315742,0.012946086260515343,0.38639377023549853,-2.1285533631330202,1.1900872259098865,0.7047890426507627,-1.3869389671426167,0.05153213225159739,0.2538024762986067,0.4925007869322231,0.18714723757541718,0.20754260725918994,0.47082198501770517,0.7193347855980804,0.3005822525356272,FALSE,FALSE,FALSE,FALSE,TRUE,TRUE,TRUE,TRUE
Megasphaera_micronuciformis,0.36720977920038284,0.02820426281771925,-0.021033593357758878,-2.2212868698846675,0.8032799749412778,0.01703835190081143,0.010298016397588839,0.174393080490531,0.457137972631805,1.6553398463601436,-2.0424897908187103,-12.737242003161223,0.7270340018426835,0.3459600814281256,0.2898478016639612,0.049878661911310365,0.9828321468798613,0.5788613127163409,0.4945334316330371,0.1073019953722307,FALSE,FALSE,FALSE,FALSE,TRUE,TRUE,TRUE,TRUE
Blautia_faecis,0.5091502433915455,-0.04861995638447223,0.023245908491033716,-1.9236441915735196,1.0564277502606818,0.026428545614703175,0.017099110375553058,0.4928031113804321,0.48195462800547284,-1.8396758222451393,1.359480580011277,-3.9034741200903516,0.6350702136709725,0.0807077219312534,0.1891261484448138,8.815856480135841e-4,0.8884042333320709,0.22457800885218338,0.38217573369455127,0.005248509904452966,FALSE,FALSE,FALSE,TRUE,TRUE,TRUE,TRUE,FALSE
Blautia_caecimuris,-0.8738533044943988,0.030468265066637006,-0.022829601801424564,-1.284601322056722,1.0119468627042278,0.020217739523998256,0.012909822721561257,0.4160513507245239,-0.8635367495079719,1.507006509331643,-1.768390030894526,-3.0876028159016426,0.4034936784597102,0.15571896699145069,0.10043938716413624,0.008650752435331125,0.6621434723441397,0.3322004629150948,0.25170895194078785,0.029467526187167928,FALSE,FALSE,FALSE,TRUE,TRUE,TRUE,TRUE,FALSE
GGB3550_SGB4746,-3.321156404433303,0.18114902057600396,-0.09369281908759317,0.7607481734360287,0.7745211911035044,0.016201507903798394,0.010150257456056312,0.14260346684236558,-4.2880123133899835,11.180997574524167,-9.230585479552527,5.334710230270647,0.14585808161676625,0.05678656270851569,0.0687005810536093,0.11796640720188589,0.3556158942275444,0.18568870455422948,0.21414119346002589,0.21418014357221835,FALSE,FALSE,FALSE,FALSE,TRUE,TRUE,TRUE,TRUE
GGB3653_SGB4964,1.5088058133510058,-0.04447038617815346,-0.010427328041853874,-1.2872353162086434,0.8449572045907958,0.01968623438617342,0.012967665475599107,0.3041782462666377,1.785659445417363,-2.2589584836695398,-0.8041021771786668,-4.231845413035467,0.2160752229450681,0.15240067938738955,0.5057249379017511,0.051558923266482794,0.4702929223505556,0.3278535623795943,0.727334742150833,0.10999236963516329,FALSE,FALSE,FALSE,FALSE,TRUE,TRUE,TRUE,TRUE
Phocaeicola_vulgatus,-1.2598152890358396,0.013821632455911413,-0.012925043544821409,0.18958712532991315,1.1508756787909717,0.024803392565650204,0.018443901280589058,0.6164138165380896,-1.0946580175882352,0.5572476595420562,-0.7007760098143733,0.30756469151628457,0.29214248665390885,0.5861577490745473,0.4949259113273383,0.7629414542645203,0.5623193728075238,0.8244856250718908,0.7193347855980804,0.9814724235764684,FALSE,FALSE,FALSE,FALSE,FALSE,TRUE,FALSE,TRUE
Streptococcus_gordonii,-3.5091458317499873,-0.04387913189081795,0.04701679289473548,2.878871051080043,0.8637269434230882,0.01740472241778018,0.01380771941119292,0.2855690874346412,-4.062795375865758,-2.521104952871426,3.405109235970016,10.081171869623095,0.00662953208444436,0.045219553732960306,0.014405046958616061,5.530929249959737e-5,0.05657200712059187,0.16943167512034965,0.08402265528080459,0.0014696625706876942,FALSE,FALSE,FALSE,TRUE,TRUE,TRUE,TRUE,FALSE
Intestinibacter_bartlettii,-2.0129023906482786,0.010513448333109746,0.037544938682327854,-1.3767206452859118,0.9549924020047181,0.020680415845402696,0.014809612735098772,0.3837919454087604,-2.1077679638317517,0.5083770274110281,2.535173562867473,-3.587153565246466,0.06127176675156936,0.6222151744438142,0.029607138235881236,0.0049524660364757165,0.23411301922987696,0.8518025917519596,0.12627793333691067,0.018868110387694616,FALSE,FALSE,FALSE,TRUE,TRUE,TRUE,TRUE,FALSE
Oscillospiraceae_bacterium_CLA_AA_H250,0.6866669530826855,-0.09924357336004616,0.03478144820549114,0.02297254788998198,0.8809786144712516,0.017068922719511888,0.012673331283271028,0.3057496809388115,0.7794365740589644,-5.814284532825173,2.7444597973543963,0.0751351491829664,0.46534580245459534,0.0011367996941542618,0.033536920526185614,0.9425496841789267,0.7241128320833673,0.020274182650392686,0.1362770103921193,1,FALSE,TRUE,FALSE,FALSE,TRUE,FALSE,TRUE,TRUE
Tyzzerella_nexilis,1.5144920404158289,-0.04148478461847899,-0.008373628301099355,-2.5214601119402063,0.83745791476034,0.020242265110603414,0.012252847598356514,0.26372335565053906,1.8084395809301528,-2.049414153594313,-0.6834026322356704,-9.561004203516218,0.1682529058946845,0.13283877761196203,0.5434022464464048,0.0024272585667166864,0.3915703991730839,0.3036314916844846,0.7643460169795584,0.011297785328717667,FALSE,FALSE,FALSE,TRUE,TRUE,TRUE,TRUE,FALSE
Dialister_pneumosintes,-2.531615297010271,0.05359225683231547,0.013038324537788491,0.17484103698732897,0.7775057387550578,0.01628795114148259,0.01011679505726592,0.13314551080618922,-3.2560728118404545,3.2903006871027056,1.2887801387677926,1.3131575817214978,1,1,1,1,1,1,1,1,FALSE,FALSE,FALSE,FALSE,TRUE,TRUE,TRUE,TRUE
Veillonella_rogosae,1.24864434623195,-0.03404041608956659,0.03407163386873618,-3.3244991763127065,1.25012731634385,0.03272194968025146,0.015664442162946365,0.4652595045115224,0.9988137447342267,-1.0402930272248068,2.1750939812801833,-7.145472890023192,0.3744105575245016,0.3569487214147265,0.09526563996896184,0.0020293019235338985,0.6432825686327007,0.5933693031309739,0.242523460939136,0.009620394304160703,FALSE,FALSE,FALSE,TRUE,FALSE,TRUE,TRUE,FALSE
Rothia_SGB49305,-1.4588753078548027,0.023285177262067518,-0.00820180700353277,-0.38329474910773703,0.8621098536739632,0.01667922786032984,0.014345245025214469,0.371594278043529,-1.6922150949066024,1.3960584660785995,-0.5717439464517022,-1.0314872207554213,0.12485730673645605,0.19617363985853453,0.5814916574203279,0.3292336742581845,0.3271564481280402,0.3893058279363166,0.8090318711934997,0.47747124107482125,FALSE,FALSE,FALSE,FALSE,TRUE,TRUE,TRUE,FALSE
Streptococcus_oralis,-5.3582081322665,0.02921860803265534,0.019623847348086084,2.660329503687369,0.8550760708520797,0.018718450252927548,0.012369433320825358,0.3186010959423614,-6.266352567821326,1.5609523030938728,1.586479092380658,8.35003249382624,4.1749603236130835e-4,0.1625031715917831,0.15665151596343224,6.927345940486803e-5,0.026719746071123734,0.3382179831503779,0.3234095813438601,0.0014840749505278792,TRUE,FALSE,FALSE,TRUE,TRUE,TRUE,TRUE,TRUE
Streptococcus_intermedius,4.500235924816763,-0.09522589473887945,0.06601195438445595,-5.55577352129565,0.7631935465487415,0.0161545105333411,0.01020057808580509,0.20042089678372288,5.89658540113108,-5.894693902507529,6.471393467034657,-27.720530196464324,0.009737236397118626,0.009746013820679265,0.007487720952475958,1.0304697837139612e-4,0.06737114912600996,0.06446319709323833,0.06183408270431759,0.001533602681403346,FALSE,FALSE,FALSE,TRUE,TRUE,TRUE,TRUE,FALSE
Gemella_morbillorum,-9.161930867364148,0.05639112006803238,0.09155681964854788,5.485207020216915,0.7775057387550578,0.01628795114148259,0.01011679505726592,0.13314551080618922,-11.783746936754746,3.4621371084797743,9.049982640776282,41.19708570724066,1,1,1,1,1,1,1,1,FALSE,FALSE,FALSE,FALSE,TRUE,TRUE,TRUE,TRUE
Fusobacterium_nucleatum,-6.457965326263154,0.024876886753227134,0.0819174777688202,3.573541638858621,0.7930583678595069,0.017046765845871968,0.01085169760537033,0.240122505314768,-8.143114792034078,1.4593317570119204,7.548816853160427,14.882160396311846,0.0038726634507123725,0.24057573076055108,0.004820101021935714,6.583522124344351e-4,0.04746864545870073,0.45620286722000797,0.05208340261240216,0.004213454159580385,TRUE,FALSE,FALSE,TRUE,FALSE,TRUE,TRUE,FALSE
Streptococcus_anginosus,-0.08329412077610086,-0.018233876960366678,-0.0320640217025016,0.4693536410019282,1.0389156839263134,0.020308995548007042,0.012406069365980441,0.3693522056971402,-0.08017409118448598,-0.8978226873537328,-2.5845431584016945,1.270748174133788,0.937853276906842,0.39266463315802547,0.029476132014269858,0.23568065819898393,1,0.62436115582891,0.12627793333691067,0.3602357539499421,FALSE,FALSE,FALSE,FALSE,TRUE,TRUE,TRUE,TRUE
Corynebacterium_durum,0.8491775623513396,0.012830732273545266,-0.08429285267095138,-0.17152409938210306,0.899543670422795,0.017095734037043297,0.011171230658328696,0.24087680929951835,0.9440092685574867,0.7505224546511685,-7.545529695791122,-0.7120822460281818,0.44481121674552526,0.5312240411836235,0.017114290100133083,0.550274310278803,0.7029115523879905,0.772689514448907,0.09321826097093765,0.7414222285861767,FALSE,FALSE,FALSE,FALSE,TRUE,TRUE,TRUE,TRUE
Eubacterium_rectale,-2.096646479684012,0.02196933172746358,0.027182379381795657,-0.6090443150122343,1.409914851794476,0.02435944064829731,0.020468969834258333,0.6384184288593076,-1.4870731214835384,0.9018816172611585,1.3279798447062676,-0.9539892451106755,0.16084368680301256,0.38352533967519453,0.20703030588652926,0.35749230063792947,0.3884526775619926,0.6214081452965177,0.39855678420307683,0.5141462301309547,FALSE,FALSE,FALSE,FALSE,TRUE,TRUE,TRUE,TRUE
Lacticaseibacillus_rhamnosus,2.0079565499317784,-0.07803158142857365,-0.06352781920975467,2.57588013389807,0.773621061533685,0.01603476537898329,0.011342209541159852,0.23670780293291915,2.5955298398301787,-4.866399949378079,-5.6010091313529315,10.882109089695076,0.04851106851026931,0.0046073242203073335,0.0025062165437649032,1.138220740104046e-4,0.2035874350594909,0.04357007921071279,0.048479071187859636,0.001533602681403346,FALSE,TRUE,TRUE,TRUE,TRUE,FALSE,FALSE,FALSE
Coprococcus_comes,1.564070342056294,-0.03021470291600813,-0.00739930720748825,-1.9820334696518622,1.2677787070203106,0.021897653886141774,0.02099025724112114,0.5044178940559917,1.2337092691297558,-1.3798146172695658,-0.35251150676670007,-3.929348052493656,0.24092943004793677,0.19281119474458192,0.7305685571147662,0.0020010307653005135,0.5055568368219001,0.3893058279363166,0.9640492300071142,0.009620394304160703,FALSE,FALSE,FALSE,TRUE,TRUE,TRUE,TRUE,FALSE
Faecalibacterium_prausnitzii,-0.2749984235893775,-0.020649680861942802,-0.01924044115964646,0.5314350906613043,0.9315085306594855,0.021993188343107737,0.01451888233603947,0.3872538508344139,-0.29521836305104504,-0.9389125641900864,-1.3252012595960578,1.372317123551448,0.7721599686654435,0.36369312188837355,0.20632609373395736,0.19155266534710857,1,0.6006802529253137,0.39855678420307683,0.3027005082028382,FALSE,FALSE,FALSE,FALSE,TRUE,TRUE,TRUE,TRUE
Latilactobacillus_sakei,0.7478853349235809,-0.07520873085185724,-0.03892728660017258,1.9090960946060935,0.7912680263286955,0.016477481832222914,0.012974563500874833,0.3196112550643241,0.9451732030593976,-4.564334017639825,-3.000277165204659,5.973181683548265,0.38797021932539,0.006032997481010746,0.03008966380293575,0.001883504837752427,0.6479979817624437,0.04930253264697756,0.12627793333691067,0.009620394304160703,FALSE,TRUE,FALSE,TRUE,TRUE,FALSE,TRUE,FALSE
GGB51647_SGB4348,-2.7335700398495786,0.06771813974133585,0.019388131044912774,-1.0061044452534738,0.7883615647459902,0.016768393023086303,0.010834600681404506,0.19056026616088426,-3.4674065328518826,4.038439440684818,1.7894642926885849,-5.279717884126224,0.017899174149720552,0.00993802202138923,0.1335571033117695,0.003245701481346327,0.10656252517042933,0.06446319709323833,0.2873161214101932,0.014577185600432627,FALSE,FALSE,FALSE,TRUE,TRUE,TRUE,TRUE,FALSE
Actinomyces_johnsonii,-1.6245306852164396,-0.049655397265793925,0.02762433769193132,1.5294892488122078,0.8104424925192247,0.01683911065761234,0.010560498548100185,0.22575836499643873,-2.004498406995736,-2.9488135255733683,2.6158175739630103,6.774895135497349,0.18289263787420718,0.09833182893005463,0.12032979954483868,0.02109977384411579,0.4143408433256375,0.25172948206093987,0.27260556357060794,0.05808109789348003,FALSE,FALSE,FALSE,FALSE,TRUE,TRUE,TRUE,TRUE
Ruminococcus_lactaris,-1.7596349571928056,-0.10197996108717305,0.09005363330493994,0.8367850677659266,0.7775057387550578,0.01628795114148259,0.01011679505726592,0.13314551080618922,-2.2631793818143815,-6.261067472596215,8.90139938539756,6.28474112795269,1,1,1,1,1,1,1,1,FALSE,FALSE,FALSE,FALSE,TRUE,TRUE,TRUE,TRUE
Mediterraneibacter_glycyrrhizinilyticus,-0.35590278300150546,-0.0790225915855634,0.027199485460564367,-0.031877806514972684,1.0698578246851815,0.018350845169638103,0.01385350218173252,0.3978760200297013,-0.3326636257544166,-4.306209924124263,1.9633652995291042,-0.0801199492057677,0.7470058734894321,0.001972613014710315,0.08120392541678695,0.9378951452361319,0.988150992723665,0.022954042352992754,0.2270769480168585,1,FALSE,TRUE,FALSE,FALSE,TRUE,FALSE,TRUE,TRUE
Phocaeicola_dorei,-0.8504897293218526,-0.05097401241332813,0.05962738710830213,-1.2987081171252675,1.2055121355707832,0.025259697375965715,0.0162913865050789,0.530431629030812,-0.7055007612338673,-2.0179977477413984,3.6600560111757874,-2.448398711627031,0.4966037480360087,0.07121793435310539,0.004388678316169886,0.034351779733346854,0.7567295208167751,0.21449166111052917,0.05208340261240216,0.08375291058796948,FALSE,FALSE,FALSE,FALSE,TRUE,TRUE,TRUE,TRUE
Ligilactobacillus_saerimneri,-5.814742496554283,0.07156607084160016,0.05562935497962978,-0.19929844441018374,0.8009302070855873,0.016864887803264905,0.010782661314337128,0.19987362960053648,-7.2599865070801615,4.243495223712402,5.159148874096824,-0.9971222557397778,0.0871405017881869,0.1473344398587094,0.12188486341382918,0.5009173337399101,0.25641343054914767,0.32540676605338364,0.27311131810999795,0.700736816597907,FALSE,FALSE,FALSE,FALSE,TRUE,TRUE,TRUE,TRUE
Actinomyces_massiliensis,-2.838934207486264,0.1432694423547718,-0.05907148239504412,0.44511256029269086,0.78381443216643,0.01638177312448312,0.010858398874060034,0.17194781717293636,-3.621946842238627,8.74566149012592,-5.440165081443252,2.588649089072293,0.06848954138460782,0.012823247065422472,0.03216755666889664,0.1224214489528166,0.24351836936749446,0.07816074401781316,0.13282087914899257,0.21916007644700036,FALSE,FALSE,FALSE,FALSE,TRUE,TRUE,TRUE,TRUE
Bifidobacterium_animalis,-2.4426926340612987,0.24257616828206083,-0.06834452708504073,-3.4427836787066637,1.3116977726080838,0.022441065679346197,0.020166319074483796,0.5385098261773674,-1.8622373881175596,10.80947633005315,-3.389043227602019,-6.393167796297043,0.11187624893078901,3.709821884001486e-5,0.01469295753875621,6.895789423077071e-4,0.3014770497503367,0.003170313147770291,0.08402265528080459,0.004305663639774951,FALSE,TRUE,FALSE,TRUE,TRUE,FALSE,TRUE,FALSE
Blautia_SGB59878,-3.6333296906406427,0.0577829250144316,0.02020748701867235,1.4731864450871672,0.7775057387550578,0.01628795114148259,0.01011679505726592,0.13314551080618922,-4.6730583576892055,3.5475870790936064,1.9974198255760116,11.064484534004182,1,1,1,1,1,1,1,1,FALSE,FALSE,FALSE,FALSE,TRUE,TRUE,TRUE,TRUE
Lactococcus_lactis,-2.5696935495204904,0.04007893402867634,0.0355904247698743,-1.7091356306784262,0.7798322978959846,0.016676898795272177,0.010947924401106427,0.27012613395803253,-3.295187383817797,2.403260613420436,3.2508833150398293,-6.327176144104449,0.010937066541495729,0.04295759203784584,0.011685618165502986,2.2607923727319668e-4,0.07179202652879248,0.16943167512034965,0.0712266250087801,0.002315051389677534,FALSE,FALSE,FALSE,TRUE,TRUE,TRUE,TRUE,FALSE
Bacteroides_uniformis,-1.5129833976680442,-0.002000526307317895,0.03007035382459538,-1.6966788700021245,1.278008960516221,0.022343291462501805,0.021151113364629576,0.6409289898793498,-1.1838597728273446,-0.08953588197492428,1.4216912985243229,-2.6472181736100158,0.25618026854211506,0.929924335869114,0.17700945978769583,0.019132756513921333,0.5246571899742517,1,0.3625153736452011,0.0544220629729318,FALSE,FALSE,FALSE,FALSE,TRUE,TRUE,TRUE,TRUE
Parabacteroides_merdae,1.3044044518479205,-0.0070941816175976195,0.0024958646917129378,-3.4549892852976334,1.0182407090060575,0.02594663121661655,0.012077626767460216,0.3896430033496546,1.2810374210251307,-0.2734143619019958,0.20665191430135482,-8.867063582807937,0.22909062531074267,0.7900985342899877,0.8404287097036401,4.729509161569738e-6,0.49283361411386656,1,1,3.654279676568802e-4,FALSE,FALSE,FALSE,TRUE,TRUE,TRUE,TRUE,FALSE
Parabacteroides_distasonis,1.2443132993740431,-0.027399523408423398,-0.02138849632555543,-1.5669617385549377,0.9720736755302741,0.018100477327877434,0.018057608121810727,0.49740632104176474,1.280060689530822,-1.51374590360797,-1.1844589926459594,-3.1502650293488483,0.2167756438959592,0.14745155223956974,0.25163617398098637,0.005535117251737602,0.4702929223505556,0.32540676605338364,0.45365394745867965,0.019957605865420086,FALSE,FALSE,FALSE,TRUE,TRUE,TRUE,TRUE,FALSE
Gemmiger_formicilis,4.437414805926905,0.013070774994604017,-0.06051631242858678,-5.114224710707242,0.8644923376590091,0.018592722238957526,0.014732117954744191,0.459141406981853,5.132971817822175,0.7030049084053267,-4.107780878111873,-11.138670206909426,0.0036669124425169476,0.5134275221700936,0.009283959029366745,1.0170580354259293e-4,0.04746864545870073,0.7553876188249653,0.06773048880543493,0.001533602681403346,TRUE,FALSE,FALSE,TRUE,FALSE,TRUE,TRUE,FALSE
Anaerostipes_caccae,2.6946727826764327,0.046011466820048454,-0.09146738988164249,-4.563171052970599,0.8708791430746727,0.018284639246255077,0.011937219505904963,0.33071750571497494,3.09419832143733,2.5164000339504744,-7.6623697701459275,-13.797791087912097,0.027030391674506965,0.053408858196734424,6.030171760512313e-4,3.590211294563649e-5,0.13800973178278442,0.17990352234689488,0.0231887216848729,0.0011488676142603676,FALSE,FALSE,TRUE,TRUE,TRUE,TRUE,FALSE,FALSE
Bifidobacterium_breve,-12.467806568476018,0.39514895918837395,-0.07378731533877647,2.733235683602175,0.8105990728898151,0.016674192963715882,0.012846242859243387,0.3305721113311278,-15.38097807591592,23.698235953502728,-5.743882950623461,8.26819804186187,0.004200384654780046,0.0017758647595979594,0.028998253762320934,0.014314446559761258,0.04746864545870073,0.02230037837979182,0.12627793333691067,0.0441505821602275,TRUE,TRUE,FALSE,TRUE,FALSE,FALSE,TRUE,FALSE
Acidaminococcus_intestini,-5.548419060610274,0.009271675483241282,0.019170831869108663,3.9849880253437164,0.7989827673210464,0.01654392260567336,0.010950484235882865,0.17869469221368753,-6.9443538553577016,0.5604278806322373,1.7506834817668724,22.300539405940324,0.02011304693861215,0.6315906839335257,0.22210225696901273,0.0020047570635630734,0.11442088925077135,0.8600383781222477,0.41042489917776365,0.009620394304160703,FALSE,FALSE,FALSE,TRUE,FALSE,TRUE,TRUE,FALSE
Dialister_invisus,-3.183452330787271,0.00943982887734644,0.046086681002619506,1.012446432684152,1.2337176191594361,0.027441936922750317,0.017499832769301303,0.5775563401353865,-2.58037356470295,0.3439928057527344,2.633549795028102,1.7529829772915693,0.027398741693859672,0.73797531377057,0.02500931794382055,0.11014803735480311,0.13800973178278442,0.9738230944601336,0.12361479278650055,0.20518253961055044,FALSE,FALSE,FALSE,FALSE,TRUE,TRUE,TRUE,TRUE
Parasutterella_SGB9260,-9.828340448698718,0.11000240643647316,0.13027861057061604,4.353080782377884,0.7775057387550578,0.01628795114148259,0.01011679505726592,0.13314551080618922,-12.640859042964566,6.753606115401223,12.877458704379848,32.69416111756381,1,1,1,1,1,1,1,1,FALSE,FALSE,FALSE,FALSE,TRUE,TRUE,TRUE,TRUE
Ruminococcus_bromii,0.12441730334860335,0.0037697530353041366,-0.024309782358329236,-1.32639172667099,1.1546060386109764,0.02374968429443607,0.023015261832742873,0.5601168326906686,0.1077573641467187,0.15872855354912196,-1.0562461785138026,-2.368062606330394,0.9168416770862575,0.87781657050076,0.3217061082369221,0.04538345371121084,1,1,0.5313339594106584,0.10015658750060323,FALSE,FALSE,FALSE,FALSE,TRUE,TRUE,TRUE,TRUE
Mediterraneibacter_faecis,-3.7981904731542335,0.025287010809781785,0.014855193787410171,2.233559830321052,1.001441121834233,0.021698716463953875,0.015573634805883495,0.4302693089872791,-3.7927246947853437,1.1653689678736907,0.9538681221546361,5.191074017289686,0.0042647611154301435,0.2738255095635125,0.3650658133715956,5.708272791270175e-4,0.04746864545870073,0.49715837197346946,0.5914990393868891,0.004175193813043328,TRUE,FALSE,FALSE,TRUE,FALSE,TRUE,TRUE,FALSE
Faecalicatena_fissicatena,-4.796587112185778,0.1674173340576989,0.0040242975498587874,-1.065458159095836,0.8121836064498559,0.017036015534291814,0.010924911702809223,0.2264951158684596,-5.905791589603968,9.827258828257369,0.3683597322643791,-4.704110969503716,0.02749412625360158,0.010196543070429042,0.7479404513909971,0.04234086402516082,0.13800973178278442,0.06446319709323833,0.9819115669543346,0.09725694466410939,FALSE,FALSE,FALSE,FALSE,TRUE,TRUE,TRUE,TRUE
Blautia_obeum,2.515958867053131,-0.049415716385940216,-0.03165726252045432,-2.3590017540444927,1.2134096132517738,0.021576872687043405,0.02063269606127219,0.6215953505055172,2.0734621182954873,-2.2902168030872065,-1.534325055070014,-3.7950762535884746,0.054635041482062066,0.03592952738031448,0.14448517558511023,0.0015891558872019008,0.21297688369722031,0.14848169587199764,0.30318200778514937,0.008302528716809929,FALSE,FALSE,FALSE,TRUE,TRUE,TRUE,TRUE,FALSE
Collinsella_aerofaciens,2.038591522632646,-0.04798285743273602,-0.017167597319828726,-2.009096344479404,1.3005239316214408,0.028933295283964554,0.017265343121790948,0.4662206430914219,1.5675155781954833,-1.658395870978759,-0.9943386122550408,-4.309325153767242,0.13784431402707226,0.11799661993203978,0.3358285838920546,6.20065329339671e-4,0.34938756822703465,0.2823096701177774,0.5475931049450062,0.004208148229061262,FALSE,FALSE,FALSE,TRUE,TRUE,TRUE,TRUE,FALSE
Eubacterium_ramulus,-3.384058410370632,0.10400154131391055,-0.02410708868489085,0.5708572688639273,0.7731579852998149,0.016271790620395465,0.01313430415124402,0.3125184280665421,-4.376930038507412,6.391524063955964,-1.8354294530789848,1.8266355440082371,0.0046837403087177975,6.905238959406075e-4,0.11611126467363607,0.11753478299236758,0.047961500761270245,0.014731176446732958,0.26800651524542546,0.21418014357221835,TRUE,TRUE,FALSE,FALSE,FALSE,FALSE,FALSE,TRUE
Roseburia_lenta,-8.175843059205699,0.27464743786475115,-0.027278945004968705,0.16766195713676446,0.7775057387550578,0.01628795114148259,0.01011679505726592,0.13314551080618922,-10.515476158795765,16.862000351000052,-2.696401859537212,1.2592385287463312,1,1,1,1,1,1,1,1,FALSE,FALSE,FALSE,FALSE,FALSE,TRUE,FALSE,TRUE
Solobacterium_SGB6829,3.0591973313040945,-0.0762625205033427,-0.05335328854280946,-0.3677608242098089,0.7509970968662033,0.01579638383448802,0.00998600547436807,0.15561447113373603,4.07351419076007,-4.827846759258902,-5.342805857633054,-2.363281650674718,0.00960076502989928,0.004765477413671712,0.003082204875591686,0.06448786031213731,0.06737114912600996,0.04357007921071279,0.05208340261240216,0.12897572062427462,FALSE,TRUE,FALSE,FALSE,TRUE,FALSE,TRUE,TRUE
Peptostreptococcus_SGB749,94.03489203398995,-1.0475098497903146,-3.396239681643958,-21.25858076056602,0.7775057387550578,0.01628795114148259,0.01011679505726592,0.13314551080618922,120.94430606333353,-64.31194695338252,-335.7031216328501,-159.66426980411435,1,1,1,1,1,1,1,1,FALSE,FALSE,FALSE,FALSE,TRUE,TRUE,TRUE,TRUE
Eubacterium_sulci,-0.9085403089060168,0.005986196443564649,-0.02523037428038654,-0.34869145173049615,0.8751831645234017,0.019298552009146267,0.012164981771694451,0.25280076359344894,-1.038114472186837,0.3101888908933467,-2.0740166120998813,-1.3793132851895076,0.34678922154362185,0.7689299583898543,0.09276469909113257,0.2262998947737804,0.6165141716331055,1,0.23987639360939333,0.35110771552780473,FALSE,FALSE,FALSE,FALSE,TRUE,TRUE,TRUE,TRUE
Limosilactobacillus_mucosae,93.85768935859835,-1.730102672241583,-1.3463936003725707,20.80803793402335,0.7775057387550578,0.01628795114148259,0.01011679505726592,0.13314551080618922,120.71639433669426,-106.21978523961256,-133.08499309824268,156.28043189764153,1,1,1,1,1,1,1,1,FALSE,FALSE,FALSE,FALSE,TRUE,TRUE,TRUE,TRUE
Candidatus_Cibionibacter_quicibialis,-2.662212297391635,0.043056923864281595,0.0028960569778357028,0.039145162312283474,1.1315243807201951,0.021738171430458017,0.014944820805429,0.46412168840343215,-2.352766182286929,1.9807058750099478,0.1937833190200349,0.08434245433981317,0.04310928210755748,0.07896981550120752,0.8506486329069939,0.9346304718041557,0.19739295230261575,0.2240774568731967,1,1,FALSE,FALSE,FALSE,FALSE,FALSE,TRUE,TRUE,TRUE
Pediococcus_acidilactici,-3.994815050107156,0.19763081154790885,0.058517109118801196,-4.240101155551675,0.7775057387550578,0.01628795114148259,0.01011679505726592,0.13314551080618922,-5.137987864248634,12.133558716576538,5.7841548422762585,-31.845618600868182,1,1,1,1,1,1,1,1,FALSE,FALSE,FALSE,FALSE,TRUE,TRUE,TRUE,TRUE
Drancourtella_massiliensis,12.885537577510041,0.5530414805632154,-0.5251601626698461,-13.510366490013158,0.7775057387550578,0.01628795114148259,0.01011679505726592,0.13314551080618922,16.572916359617313,33.95402379091834,-51.909736205704206,-101.47068728197131,1,1,1,1,1,1,1,1,FALSE,FALSE,FALSE,FALSE,TRUE,TRUE,TRUE,TRUE
Anaeromassilibacillus_senegalensis,-3.9897523328448536,0.06667341840755885,0.02450244663529711,0.15490930642120765,0.7950075745561819,0.01668060370089036,0.010710364588036937,0.23012491181898168,-5.0185085784524235,3.99706267249788,2.287732264750856,0.673153137558009,0.007393129528469015,0.016169556226788884,0.08406685494505789,0.5377405251886787,0.06105294062219573,0.09198680875684344,0.2289480304886683,0.7390628932062202,FALSE,FALSE,FALSE,FALSE,TRUE,TRUE,FALSE,TRUE
Gordonibacter_urolithinfaciens,-0.9170098964786838,-0.020259864739013346,0.030324018113025406,-1.0593346663456575,0.8381414486571759,0.018220094645826163,0.011305023500965114,0.2730042045564703,-1.0940992095640498,-1.1119516738434974,2.6823489672919862,-3.8802870016843882,0.3023277353134786,0.2949780601928851,0.025109254784757923,0.0037297705791807887,0.5733029647425966,0.5197024620850287,0.12361479278650055,0.015913687804504698,FALSE,FALSE,FALSE,TRUE,TRUE,TRUE,TRUE,FALSE
Schaalia_meyeri,-2.4071718078896183,-0.05430431809805912,0.0928052842592897,0.5785723379544094,0.9652801124623419,0.01708654595785342,0.012703987401722296,0.2988165131508925,-2.4937546902827425,-3.178191673847308,7.305209091021924,1.9362127342080637,0.05490810282818961,0.024588000798036115,7.527912102737309e-4,0.11060621275881234,0.21297688369722031,0.12104861931340857,0.0231887216848729,0.20518253961055044,FALSE,FALSE,TRUE,FALSE,TRUE,TRUE,FALSE,TRUE
Faecalicatena_contorta,-1.6172900218445971,0.010581518890866922,0.004921784138814091,-0.45228522470556376,0.7912030918503296,0.016494802825258895,0.012063064228847465,0.19921709524111367,-2.044089613025093,0.6415062370229235,0.40800447095723785,-2.2703133190360005,0.08695063308609863,0.5449051474250017,0.697430464767308,0.0636403300749732,0.25641343054914767,0.7881113996655392,0.9250891138882428,0.1285881464922095,FALSE,FALSE,FALSE,FALSE,TRUE,TRUE,FALSE,TRUE
Massilioclostridium_coli,1.564263005647456,-0.05097091723802426,-0.01744031261766851,-0.5581217555171069,0.8985233745991013,0.01768787877386277,0.015379637368960615,0.32453393706278727,1.7409263352168118,-2.8816862603866076,-1.1339872455553976,-1.719763919201854,0.1252395777990154,0.023594684005788305,0.2941370764946966,0.12916130762606715,0.3271564481280402,0.12013182147282213,0.4945334316330371,0.22647462159091225,FALSE,FALSE,FALSE,FALSE,FALSE,TRUE,FALSE,TRUE
Clostridiales_bacterium_KLE1615,-0.6902741025696927,-0.03849170518983569,0.03631404681433602,-2.007357125318288,0.7816029667588219,0.015919580840543967,0.010828299524407642,0.18304372089623983,-0.8831518455362894,-2.4178843384999853,3.353624152387174,-10.966544580112522,0.4175877061610026,0.060274546726753586,0.020248449506767213,1.0965339673242353e-4,0.6725932385493457,0.18817419465913315,0.10799173070275847,0.001533602681403346,FALSE,FALSE,FALSE,TRUE,TRUE,TRUE,FALSE,FALSE
Merdimonas_faecis,17.55124868344805,-0.5767672900239262,-0.20243263440049739,8.082785210274112,0.7775057387550578,0.01628795114148259,0.01011679505726592,0.13314551080618922,22.573786672688886,-35.41067166851943,-20.00956165016998,60.70640430408253,1,1,1,1,1,1,1,1,FALSE,FALSE,FALSE,FALSE,TRUE,TRUE,TRUE,TRUE
Clostridia_bacterium_UC5_1_1D1,0.7510200696876032,-0.061473214949559804,0.002585569700145518,-0.6786980600820106,0.848814329627998,0.01676850683674283,0.012067283756599516,0.3028937146630296,0.8847872184447519,-3.6659921809412914,0.2142627746473176,-2.2407135811222254,0.3923425280202296,0.0028490026399571747,0.8336663605349195,0.04314046174417534,0.6479979817624437,0.030389361492876528,1,0.09773414342043261,FALSE,TRUE,FALSE,FALSE,TRUE,FALSE,FALSE,TRUE
Clostridioides_difficile,6.057300901832094,-0.11089798907224845,-0.14950329035225993,1.606677751015759,0.763358652340529,0.016004423534085665,0.009993167678591153,0.1420554745071139,7.93506549412893,-6.929208592615771,-14.960550564216797,11.310213538692587,0.004173782141821702,0.006162816580872195,6.481661872385047e-4,0.001482413490481265,0.04746864545870073,0.04930253264697756,0.0231887216848729,0.007906205282566746,TRUE,TRUE,TRUE,TRUE,FALSE,FALSE,FALSE,FALSE
Lactiplantibacillus_plantarum,NA,NA,NA,NA,NA,NA,NA,NA,NA,NA,NA,NA,1,1,1,1,1,1,1,1,FALSE,FALSE,FALSE,FALSE,TRUE,TRUE,TRUE,TRUE
Clostridiaceae_bacterium,-5.604329101279131,0.05277171089576448,0.10192773880837509,-0.2523805333120378,0.963779679492981,0.019055912581014786,0.013710865560401247,0.3846671875957079,-5.814948395910796,2.769309035786636,7.434084913118511,-0.6561010178421931,1.694780138752468e-4,0.01981077568950144,2.2255565934842497e-5,0.5265666945711295,0.02169318577603159,0.10565747034400769,0.005697424879319679,0.7326145315772236,TRUE,FALSE,TRUE,FALSE,FALSE,TRUE,FALSE,TRUE
Blautia_glucerasea,0.6193887237671126,-0.04616952954900942,0.024599244322032397,-2.3714436116929205,1.143452052807878,0.023357260823307295,0.01443776222462304,0.4614803019292459,0.5416831621808124,-1.976667122839107,1.7038128166482298,-5.138775375197943,0.5988370253600876,0.07368783379968871,0.11646484878274645,3.238522196257525e-4,0.8469739143214499,0.2167553109894036,0.26800651524542546,0.0027635389408064213,FALSE,FALSE,FALSE,TRUE,TRUE,TRUE,TRUE,FALSE
Schaalia_SGB17168,-4.6506309976307465,0.03789162779430866,0.0053413176382183835,3.4799073205560043,0.7771625686320283,0.016631275774923893,0.010635057240426286,0.20435695836157786,-5.984116046423656,2.278335607388607,0.5022368490801171,17.028572691901438,0.009342144909511498,0.10709924876020051,0.6500478530622137,4.411338339707209e-4,0.06737114912600996,0.2611181684058222,0.8748838852239407,0.003529070671765767,FALSE,FALSE,FALSE,TRUE,TRUE,TRUE,TRUE,FALSE
TM7_phylum_sp_oral_taxon_352,-0.21213818804961793,-0.08823292922679733,0.025766297212798307,0.3845667791678839,0.7666983179710278,0.016052415093231086,0.01004878840304621,0.13409572962788985,-0.27669056143362275,-5.496551684861614,2.5641197903010338,2.867852542620417,0.8079906636639608,0.03154169299477256,0.12435397083441235,0.10312046017160416,1,0.1416609369589785,0.2742849355966647,0.19700625226813928,FALSE,FALSE,FALSE,FALSE,TRUE,TRUE,TRUE,TRUE
GGB3256_SGB4303,-10.99788063508184,0.1654110627913768,-0.26356022132154105,16.00572352713824,0.7775057387550578,0.01628795114148259,0.01011679505726592,0.13314551080618922,-14.145079691233722,10.155424789438584,-26.051750562274275,120.21226574012452,1,1,1,1,1,1,1,1,FALSE,FALSE,FALSE,FALSE,FALSE,TRUE,TRUE,TRUE
Dorea_sp_AF36_15AT,-3.572196769333,0.03491217481304399,0.045926325218024665,0.2019158268126933,0.9632563453480091,0.018184038429721095,0.013773034785924385,0.3201891072258801,-3.708459110168044,1.9199351644561757,3.334510217382152,0.6306142909173049,0.0059695527940240006,0.09112465137984174,0.01031498894530625,0.5458813181459425,0.05492634502314032,0.2415866414661001,0.0693400132699222,0.7393948012982079,FALSE,FALSE,FALSE,FALSE,TRUE,TRUE,TRUE,TRUE
Clostridiaceae_bacterium_Marseille_Q3526,-2.1522244233024534,-0.008754910681872449,0.06801571704202442,-1.1265501996040375,0.7713752196219413,0.016091466688511295,0.01008423528330098,0.13877199840128399,-2.7901135122765286,-0.5440716406617631,6.744757052094495,-8.117993634035713,0.10803590327345979,0.640938510620854,0.021282767850919045,0.014837217119124104,0.29422543870218837,0.8681495170314213,0.10913638684428373,0.04416659979646245,FALSE,FALSE,FALSE,TRUE,TRUE,TRUE,TRUE,FALSE
Clostridium_SGB6179,0.16610139466489213,-0.20257800276282384,0.14358229048185422,0.12949933002796343,0.777249473528273,0.016283122419085742,0.010166785766440973,0.14817324861829476,0.21370409414481265,-12.44098014797079,14.122682800674106,0.8739724021409782,0.8659678674957056,0.05106141290242837,0.04500271036715443,0.542749312198318,1,0.17664488787867114,0.16458134077130765,0.7390628932062202,FALSE,FALSE,FALSE,FALSE,TRUE,TRUE,TRUE,TRUE
GGB9512_SGB14909,86.95200559738392,-5.013278464347645,1.0221103620762748,49.468721937737826,0.7775057387550578,0.01628795114148259,0.01011679505726592,0.13314551080618922,111.83455151933859,-307.79061287700534,101.03104355585332,371.5387896911226,1,1,1,1,1,1,1,1,FALSE,FALSE,FALSE,FALSE,TRUE,TRUE,TRUE,TRUE
Clostridium_sp_AT4,0.5971044814284528,0.007977191852679796,-0.04548337085281686,-1.099440225776727,0.873623231343611,0.016969515847619708,0.012379735631801562,0.2751287088432421,0.6834805440213866,0.47008953728039016,-3.67401794396783,-3.996094156801159,0.5318407280837861,0.6627755180993598,0.021315700555524165,0.01618259477667086,0.7870013086095332,0.891837329620364,0.10913638684428373,0.0465476883463791,FALSE,FALSE,FALSE,TRUE,TRUE,TRUE,TRUE,FALSE
Clostridium_SGB4750,2.7714941612489734,-0.18234576157816348,0.0634478615345243,-0.21623081694868881,0.7775057387550578,0.01628795114148259,0.01011679505726592,0.13314551080618922,3.564596405020354,-11.195131910345703,6.271537693051892,-1.6240188320238687,1,1,1,1,1,1,1,1,FALSE,FALSE,FALSE,FALSE,TRUE,TRUE,TRUE,TRUE
Actinomyces_gerencseriae,-1.5842473575748595,0.041557645512218494,-0.05395066242072205,0.8789542929707429,0.7719148288970373,0.01616926597159048,0.010050555881410583,0.13242196556911293,-2.0523603100597723,2.570162775801671,-5.3679282078823825,6.637526404273195,0.2886375067992043,0.23622263291368154,0.11725285041987366,0.09519625565952275,0.5623193728075238,0.45129100019330204,0.26800651524542546,0.18323489811156257,FALSE,FALSE,FALSE,FALSE,TRUE,TRUE,TRUE,TRUE
Phascolarctobacterium_faecium,2.1453508392123033,-0.026271372905322957,-0.04896115011255761,-1.4921814422961879,0.8648349221594555,0.017480030655097883,0.012652764987752332,0.2824602285959723,2.4806477909743223,-1.502936317658068,-3.869600846925648,-5.282801935385339,0.1312595432752998,0.2717238959429134,0.060760189937606623,0.03401436258153865,0.3394186169543106,0.49686655258132734,0.20581098244741147,0.08372766173917207,FALSE,FALSE,FALSE,FALSE,TRUE,TRUE,TRUE,FALSE
Sutterella_wadsworthensis,0.12287881148184487,-0.03494492286721978,-0.026257137690832454,1.741012457671252,0.7775057387550578,0.01628795114148259,0.01011679505726592,0.13314551080618922,0.15804232092048404,-2.145446199075408,-2.595400770916524,13.076013206374823,1,1,1,1,1,1,1,1,FALSE,FALSE,FALSE,FALSE,TRUE,TRUE,TRUE,TRUE
Fusicatenibacter_sp_CLA_AA_H277,-3.881629048888922,0.19785946984151823,-0.04685191364932755,-3.0940484814572273,0.7775057387550578,0.01628795114148259,0.01011679505726592,0.13314551080618922,-4.9924120883071375,12.147597209915764,-4.631102378186294,-23.238098398683686,1,1,1,1,1,1,1,1,FALSE,FALSE,FALSE,FALSE,TRUE,TRUE,TRUE,TRUE
Lachnospiraceae_bacterium,-2.3696973602221765,0.19149188063762573,-0.06006756213665907,-2.059622212957426,0.7849872226909285,0.016405049946133305,0.010463175039090902,0.18690305465926874,-3.0187718879026813,11.672739873782625,-5.740854177842185,-11.019735427610824,0.09444473884279374,0.007259473602612385,0.029027540024346255,0.008134543597059167,0.2656906938874198,0.05315431371867373,0.12627793333691067,0.028141123795231714,FALSE,FALSE,FALSE,TRUE,TRUE,TRUE,TRUE,FALSE
Leuconostoc_carnosum,-3.699373505443714,-0.23736778790203386,0.08287535744404213,6.8736112025326435,0.7775057387550578,0.01628795114148259,0.01011679505726592,0.13314551080618922,-4.7580015439720755,-14.573213404201539,8.19185888168415,51.62480628083727,1,1,1,1,1,1,1,1,FALSE,FALSE,FALSE,FALSE,TRUE,TRUE,TRUE,TRUE
Eubacterium_ventriosum,7.259969095933633,-0.20190948598886932,-0.029282083880448433,-3.1260559858785784,0.7739630775225173,0.016193086195634216,0.01028255473076305,0.14644438804314516,9.380252503999348,-12.468869957803703,-2.847744033186922,-21.346369278128883,0.0676127160975138,0.05094768858962476,0.21498875116492425,0.029801540084399048,0.24351836936749446,0.17664488787867114,0.4076823725794119,0.07629194261606156,FALSE,FALSE,FALSE,FALSE,TRUE,TRUE,FALSE,TRUE
GGB3819_SGB5184,-1.5138741421713426,-0.04748205672327692,0.035472512668466204,0.6674839444513827,0.9036479184843957,0.019126407635657643,0.011839776259297666,0.2786298071635875,-1.6752920149591253,-2.482539200657599,2.9960458619823975,2.395594180128379,0.23586274004174104,0.13109720696845784,0.09568308419864349,0.1388586723435034,0.5008498010930197,0.3023503151704974,0.242523460939136,0.23519202806024347,FALSE,FALSE,FALSE,FALSE,TRUE,TRUE,TRUE,TRUE
Pseudoflavonifractor_phocaeensis,-6.836804904114322,0.08761411128317213,0.05605368160810673,0.3888961787712785,0.8212485537915825,0.016697239683660183,0.011300941009825661,0.18801740894933872,-8.324891255576414,5.247221273879823,4.960089744683259,2.0684051596310775,0.0761071846166798,0.11988749758468871,0.1266506913972957,0.2866900869259777,0.2511567391208423,0.2841777720525954,0.27476760167548897,0.4238595275886575,FALSE,FALSE,FALSE,FALSE,FALSE,TRUE,FALSE,TRUE
Bacteroides_caccae,1.2523858400613084,-0.020720412962991094,-0.04415900137292169,-1.0320637429975072,0.8763057853639297,0.017996032427806168,0.012539353925863906,0.28267470876303796,1.4291653221725482,-1.1513878431878912,-3.521632903417656,-3.6510650263468425,0.21233767643570078,0.3016380792119474,0.01688968361413266,0.014731850880212118,0.4702929223505556,0.5253016889677451,0.09321826097093765,0.04416659979646245,FALSE,FALSE,FALSE,TRUE,TRUE,TRUE,TRUE,FALSE
Alistipes_onderdonkii,0.6555581568362484,-0.005477269539830084,-0.006688410862374858,-2.1427821905277695,0.9340655422619685,0.01816439380599183,0.013621261536763898,0.3166410232793398,0.701833144651417,-0.3015388015879349,-0.4910272697079328,-6.767228605869598,0.5054414713568243,0.7717645189575514,0.6384260097131067,2.608751628049054e-4,0.765639151877793,1,0.8748838852239407,0.0024511421711316678,FALSE,FALSE,FALSE,TRUE,TRUE,TRUE,TRUE,FALSE
Bacteroides_thetaiotaomicron,0.014521730199975155,-0.013631404024479704,-9.148073561415809e-5,-1.6045015493126273,0.875002132182578,0.01722569766960236,0.011745166095546643,0.2475634748327019,0.016596222644340995,-0.7913411860545194,-0.007788798801989219,-6.481172355481418,0.9872968437286905,0.45887596150042387,0.9940380132108503,6.410850817710517e-4,1,0.7034266236174163,1,0.004208148229061262,FALSE,FALSE,FALSE,TRUE,TRUE,TRUE,TRUE,FALSE
GGB3433_SGB4573,1.7295678053862718,-0.08121958505784581,-0.036403858558809885,0.4114607841283056,0.9706021214717371,0.018079939397447474,0.012900433694424257,0.32247997543272205,1.7819534566478226,-4.492248744446145,-2.8219096676218047,1.2759266170750108,0.21670355992785165,0.04614996506601934,0.10598615159716981,0.3301266002743881,0.4702929223505556,0.16943167512034965,0.25585803864759993,0.47747124107482125,FALSE,FALSE,FALSE,FALSE,TRUE,TRUE,TRUE,TRUE
Klebsiella_pneumoniae,-11.370766858882007,0.10472296956735487,-0.11068373908830728,10.289147662393578,0.7816067830682858,0.016970711265518034,0.012195385636667205,0.3137480129207939,-14.54793779327858,6.1708061570840815,-9.075870364896087,32.79430383194518,0.043691411733977205,0.10227726025294266,0.06986240821818682,0.019406497230708968,0.19739295230261575,0.2566958688701306,0.21414119346002589,0.05459410209957688,FALSE,FALSE,FALSE,FALSE,TRUE,TRUE,TRUE,TRUE
Blautia_SGB4815,0.8577968574920775,-0.013446055378551664,-0.04104482437134655,-0.7252170651319244,0.8677658553455508,0.018688576898504273,0.014406343828730444,0.31202329546413543,0.9885118804893473,-0.7194798968148189,-2.8490798817040046,-2.3242401310234295,0.36107413560977486,0.49889809537411445,0.02921684747823523,0.05910485911802036,0.6288093790211045,0.7382538289929093,0.12627793333691067,0.12216972970676278,FALSE,FALSE,FALSE,FALSE,TRUE,TRUE,TRUE,TRUE
Faecalibacillus_intestinalis,-0.9296619792626366,0.02051735085647857,-0.015199788890133247,-0.9092138677431402,0.811758473811127,0.016665336624984862,0.010969054987082059,0.18344479162886762,-1.1452445638146087,1.2311392993837715,-1.3856972098356333,-4.956335144050296,0.3351898438054133,0.3059861228078762,0.25988488535373194,0.01576673294209497,0.6000601399593413,0.5292732935055156,0.4620175739621901,0.04586685946791264,FALSE,FALSE,FALSE,TRUE,TRUE,TRUE,TRUE,FALSE
Lentihominibacter_faecis,-1.3990002339968577,-0.004824136981608733,0.01059168551598927,0.24428720228328246,0.7667443255320563,0.01610864774311211,0.010112661501783084,0.16813475532677957,-1.824598092755455,-0.2994749812982585,1.047368738103389,1.4529250767248938,0.16555917353703864,0.7841271183202483,0.3718755171457875,0.24219244554191058,0.3915703991730839,1,0.593614340623044,0.36687139679721364,FALSE,FALSE,FALSE,FALSE,TRUE,TRUE,TRUE,TRUE
Roseburia_intestinalis,-0.8173350986008469,-0.10598177206984438,0.05541028544934472,-0.6027410047062083,0.9314320106899209,0.01762756805475721,0.014285917082418947,0.3131283880259656,-0.8775037675540469,-6.012274168542651,3.8786649208216204,-1.924900544808563,0.42037077409334106,0.0018293279139672978,0.011657634057691154,0.11222139729164642,0.6725932385493457,0.02230037837979182,0.0712266250087801,0.20668113458029844,FALSE,TRUE,FALSE,FALSE,TRUE,FALSE,FALSE,TRUE
Clostridium_sp_AM49_4BH,23.020184254262997,-0.4588933555363328,-0.06415097768368722,-9.681045102136936,0.7775057387550578,0.01628795114148259,0.01011679505726592,0.13314551080618922,29.607735489030496,-28.173792489321194,-6.341037583598546,-72.71026295605992,1,1,1,1,1,1,1,1,FALSE,FALSE,FALSE,FALSE,TRUE,TRUE,TRUE,TRUE
Roseburia_inulinivorans,-2.4521474802572194,0.012249306382323499,-0.011137551559004576,2.598894127008546,0.7746143541105208,0.016317360632094737,0.010265493786090473,0.15407369924720782,-3.165636509631928,0.7506916503536882,-1.0849503970374736,16.867863494590846,0.08696768242446716,0.5311415909345945,0.39131408258548683,0.0034962108014508445,0.25641343054914767,0.772689514448907,0.6095091836973917,0.015431551123645106,FALSE,FALSE,FALSE,TRUE,TRUE,TRUE,TRUE,FALSE
Ruminococcus_bicirculans,2.3380457064523035,-0.07274872916545543,-0.013385933215787169,-1.5482355459340988,1.020604466625824,0.0205040373017222,0.016664125797920003,0.45574339327131014,2.2908440859386148,-3.5480197433773215,-0.8032784544544176,-3.3971650906904394,0.10587427910294242,0.03814456251862855,0.48056427407178093,0.04254991329054786,0.29143887581025013,0.15500012705982394,0.7070370928872179,0.09725694466410939,FALSE,FALSE,FALSE,FALSE,TRUE,TRUE,TRUE,TRUE
Faecalibacterium_SGB15346,-1.690118152032329,0.02135642420785221,-9.90804426316513e-4,-0.4025293359270066,0.789108636596509,0.01640931790955028,0.01038449691149126,0.14853803050702444,-2.1418066837057426,1.3014815317474409,-0.09541188511694873,-2.7099412490727133,0.2780851239878748,0.41707842950341023,0.9394422245480778,0.22505167034692378,0.5476137826222767,0.6510492558102013,1,0.35110771552780473,FALSE,FALSE,FALSE,FALSE,TRUE,TRUE,TRUE,TRUE
Roseburia_hominis,-2.7393079297578486,-0.004488807489384523,0.041070126481743456,1.277238588822521,0.9258031871790838,0.019982276600620456,0.013768616261063543,0.27249533127842807,-2.9588447822312016,-0.22463944319763568,2.982879739185282,4.687194392763649,0.041602122518725644,0.8332685104238211,0.04062299299745076,0.00939731172922738,0.19722487712581044,1,0.1552162120499611,0.030842459008746274,FALSE,FALSE,FALSE,TRUE,TRUE,TRUE,TRUE,FALSE
Lachnospiraceae_bacterium_CLA_AA_H244,-9.962365605981724,0.13895035542754786,0.08609625526159864,3.4560633565131207,0.774913347473056,0.016337341189705375,0.01019255374571065,0.14535597777453513,-12.856102735187587,8.505077650891225,8.446975842323194,23.776547820234107,0.04941936912986262,0.07450963815260749,0.07501743115840032,0.02675934301280868,0.2040541693104005,0.2167553109894036,0.2191706661157384,0.07062259599256723,FALSE,FALSE,FALSE,FALSE,TRUE,TRUE,TRUE,TRUE
Bacteroides_ovatus,0.18274646145092888,-0.040277134589020866,0.004007906434798177,-1.1080738725417976,1.018572430339183,0.02116906424933246,0.017379399127511755,0.5153652020529629,0.17941430182836834,-1.9026412369781984,0.23061248581682106,-2.1500750693445605,0.8611956128521798,0.08624592054381011,0.8222653293562112,0.05705724109451046,1,0.23488250701292965,1,0.1197266698376613,FALSE,FALSE,FALSE,FALSE,TRUE,TRUE,TRUE,FALSE
Wansuia_hejianensis,-1.3878296875987548,0.009441146142664435,0.02867263767350465,-1.981131371115858,0.8523086912739257,0.01695622412684826,0.012963045145936842,0.2788855923694205,-1.6283181220695973,0.5567953143362531,2.2118751690448173,-7.103742270384445,0.14210722747491364,0.5928976059946085,0.0579113949895685,1.01616768313589e-4,0.3531985459570669,0.8294086728667748,0.20034212320715591,0.001533602681403346,FALSE,FALSE,FALSE,TRUE,TRUE,TRUE,TRUE,FALSE
Clostridium_fessum,2.47253199185893,-0.07147035202631238,-0.009735726385398451,-1.902017507595253,0.9087961821680861,0.021079512792049355,0.013695151268298938,0.3098829634873484,2.7206672303137203,-3.3905125194956662,-0.7108885615549478,-6.13785761627682,0.026221636051813536,0.009492758353370104,0.4973525666049228,2.7766844907350924e-4,0.13800973178278442,0.06446319709323833,0.7193347855980804,0.0024511421711316678,FALSE,FALSE,FALSE,TRUE,TRUE,TRUE,TRUE,FALSE
GGB3109_SGB4121,-1.9987955485013442,-0.021664818599806113,0.04576098769234714,-0.5548671704688074,0.8707593418854599,0.019613466758535952,0.012192838139037633,0.3261835885888367,-2.2954626523711377,-1.104588947304657,3.753103844283379,-1.7010885583463016,0.04459731197635221,0.295206153170306,0.0037645646007385095,0.11975982935910745,0.19739295230261575,0.5197024620850287,0.05208340261240216,0.2159050444783909,FALSE,FALSE,FALSE,FALSE,TRUE,TRUE,TRUE,TRUE
Clostridium_leptum,2.51484151205319,-0.11852428900883064,-0.03345795865976951,3.7268036133169056,0.7751290917089196,0.016047894039808126,0.01034468669748013,0.16924505789973385,3.2444163674836966,-7.38565999468973,-3.234313386012895,22.020162122103336,0.047690907944155994,0.005132847810312073,0.048058017184275215,2.0501904205569776e-4,0.2034812072283989,0.045310656532410024,0.17087294998853408,0.0021868697819274426,FALSE,TRUE,FALSE,TRUE,TRUE,FALSE,TRUE,FALSE
GGB9359_SGB14334,2.049517760283383,-0.10736097701196617,-0.00648443533276927,1.8058412284793537,0.7775057387550578,0.01628795114148259,0.01011679505726592,0.13314551080618922,2.6360162480151863,-6.591435354845604,-0.6409574668720924,13.56291487069356,1,1,1,1,1,1,1,1,FALSE,FALSE,FALSE,FALSE,TRUE,TRUE,TRUE,TRUE
Gordonibacter_pamelaeae,2.656585865720317,-0.059121905976817025,-0.06069115151163914,2.6295031305365426,0.7784330225183141,0.016241018426425072,0.010292010294594416,0.14555273594607168,3.4127353142419077,-3.640283166025,-5.896919044427641,18.065638639116973,0.18146271583845877,0.17067197578462817,0.10694066459098904,0.0352033365625184,0.4143408433256375,0.3523550467811678,0.25585803864759993,0.08501937886796897,FALSE,FALSE,FALSE,FALSE,TRUE,TRUE,TRUE,TRUE
Zhenpiania_hominis,9.14205362531816,-0.43822730746797356,0.007895010680351687,0.553607170125312,0.8451062984574461,0.016407389413123575,0.011829282365037594,0.2272498277932456,10.817637546903804,-26.709142840082414,0.6674124800407194,2.4361170061215183,0.008437454062028973,0.0013988401575361692,0.5732083941429438,0.13516388639228752,0.06545418908725506,0.02095021027171182,0.8018652945387629,0.23222788534513827,FALSE,TRUE,FALSE,FALSE,TRUE,FALSE,TRUE,TRUE
Alistipes_dispar,10.311210550213085,-0.44288564050491086,0.020306850626001887,-2.9263694420837227,0.8169584314736249,0.016085594136863068,0.013169237391850651,0.2755192200384308,12.621462920229348,-27.53306074594769,1.5419913865755137,-10.621289656944942,0.006218914496689428,0.0013165359067745259,0.2630176405401033,0.008748171836815479,0.05492634502314032,0.02095021027171182,0.46436217916045824,0.029467526187167928,FALSE,TRUE,FALSE,TRUE,TRUE,FALSE,TRUE,FALSE
Brotolimicola_acetigignens,-64.37968236705085,-0.2962610391280998,1.4846714381878063,-10.219333139842009,0.7775057387550578,0.01628795114148259,0.01011679505726592,0.13314551080618922,-82.80283881908781,-18.188969045564868,146.7531396834524,-76.75311828363174,1,1,1,1,1,1,1,1,FALSE,FALSE,FALSE,FALSE,TRUE,TRUE,FALSE,TRUE
Hydrogeniiclostridium_mannosilyticum,-5.274378122747808,0.18847424540177823,0.010108943053873387,-1.8989964400245873,0.8343532320181913,0.016628304543779088,0.011170738121163279,0.24783797619167292,-6.3215169790734524,11.334543753728003,0.904948531084236,-7.662249624552864,0.008002092360269435,0.0014730616597297375,0.43220092967345036,0.004617349045209255,0.06401673888215548,0.02095021027171182,0.6585918928357338,0.01818525162420876,FALSE,TRUE,FALSE,TRUE,TRUE,FALSE,TRUE,FALSE
Lacrimispora_amygdalina,-0.30016586872759143,-0.09586139286396403,0.04944010766801143,-0.6176625028710193,0.7739389109775883,0.016211737952697088,0.010161177062958543,0.14750249535008245,-0.38784181085874314,-5.913085515178582,4.865588638174599,-4.187471550261296,0.7355199901756764,0.02742910231901655,0.03973959992970157,0.05257231031050651,0.98582784023546155,0.12539018202978994,0.15439711215005644,0.11122736726850965,FALSE,FALSE,FALSE,FALSE,TRUE,TRUE,TRUE,TRUE
Dysosmobacter_welbionis,0.9573086806976179,-0.11984331006499617,0.03162376834144156,-0.40490108932407676,0.9017396539416456,0.017394664983316967,0.01318963241342185,0.26614535866764194,1.061624246547295,-6.889658994866333,2.397623174794547,-1.5213531859096245,0.3292576752037968,4.615489785338826e-4,0.05346776505736266,0.17899106897054382,0.5935913017758591,0.011815653850467395,0.18750339526965534,0.2900108459269571,FALSE,TRUE,FALSE,FALSE,TRUE,FALSE,FALSE,TRUE
Massilimicrobiota_timonensis,-4.590745674293277,0.07703445239716218,0.03668754167819335,0.6916457542886639,1.0094937619997228,0.018493335095003,0.013100557868209737,0.32111229270834174,-4.547572107032532,4.165525147380112,2.800456442181031,2.153906187941763,0.13779799852727298,0.14999218122773153,0.21834295656491257,0.27671287604165,0.34938756822703465,0.32540676605338364,0.4079985173767709,0.4134987973976739,FALSE,FALSE,FALSE,FALSE,TRUE,TRUE,TRUE,TRUE
Intestinimonas_massiliensis,-1.4237736682180977,0.22256154342600284,-0.09461646160711006,-2.404215278110046,0.774549864403503,0.016225208973391577,0.010092460749051471,0.13977790388131736,-1.8381949744637491,13.71702169081404,-9.374964536374588,-17.200252767786655,0.3171857586431149,0.046328973665720606,0.06765056680988794,0.03697061614932306,0.5884025667582421,0.16943167512034965,0.21414119346002589,0.08845306293669815,FALSE,FALSE,FALSE,FALSE,TRUE,TRUE,TRUE,TRUE
Alistipes_putredinis,-0.9159717226364075,-0.032152015196813905,0.01978479545640861,-1.232446475842058,0.845432432227821,0.01703673353521302,0.01297836982179167,0.2747634674606277,-1.083435751598394,-1.8872171200165389,1.5244438036577164,-4.485481593431491,0.47451878198234454,0.31020283056126635,0.3695994609956932,0.13964526666076957,0.7317880011293988,0.5329659370717059,0.593614340623044,0.23519202806024347,FALSE,FALSE,FALSE,FALSE,TRUE,TRUE,FALSE,TRUE
Bittarella_massiliensis,-7.600063021954862,0.25157640156262673,0.018925756316361113,-2.3966745200908752,0.776250155970799,0.01617674859852343,0.01028330914858026,0.1566041305846256,-9.790739445907127,15.55172845954903,1.8404344402087776,-15.304031324996005,0.010271580828611248,0.004109219290284886,0.20706270429300477,0.004242459767269226,0.06919801821380209,0.04207840553251724,0.39855678420307683,0.017239201593982886,FALSE,TRUE,FALSE,TRUE,TRUE,FALSE,TRUE,TRUE
Rubneribacter_badeniensis,2.2894506696497796,-0.17149542790931419,0.026263468563810476,-3.9407407623515764,0.7775057387550578,0.01628795114148259,0.01011679505726592,0.13314551080618922,2.944609352100279,-10.528974848932657,2.596026549430588,-29.597248442629375,1,1,1,1,1,1,1,1,FALSE,FALSE,FALSE,FALSE,TRUE,TRUE,FALSE,TRUE
Clostridium_methylpentosum,2.505367692559953,0.19066500595225896,-0.13163339881974903,-3.888851972304859,0.7687441683285379,0.016085493105271444,0.01018598449661616,0.14030033883559637,3.259039607425334,11.853227296449827,-12.922992260932498,-27.718051179204974,0.08264608264995967,0.007042390871441426,0.005934639175446451,0.001299055525502675,0.255073439652606,0.05315431371867373,0.054577980770815195,0.007229526402797495,FALSE,FALSE,FALSE,TRUE,TRUE,TRUE,FALSE,FALSE
GGB9715_SGB15265,5.906246925755627,-0.17628304051417681,-0.021859818000306275,-4.324616698775086,0.9036838658156578,0.017252884541614107,0.014849749505127748,0.32388328991319393,6.535744577474221,-10.217598111723323,-1.4720664475018848,-13.352392153155398,0.0028317689872480747,5.170348484689989e-4,0.2149810948263098,1.8190616350947974e-4,0.04746864545870073,0.012032811018914884,0.4076823725794119,0.0020246946894968178,TRUE,TRUE,FALSE,TRUE,FALSE,FALSE,TRUE,FALSE
Enterocloster_citroniae,-4.575678526396434,0.1893080940804629,-0.00722251364413478,-2.6020828987940416,0.8022177221050761,0.01594754905241979,0.013084338504465028,0.2809825613178318,-5.703786391541599,11.870670123553461,-0.5519968504078444,-9.260656200833441,0.004670458538483152,2.883885217707593e-4,0.610339263293409,7.56059413796267e-4,0.047961500761270245,0.010056330889931457,0.8445775751519606,0.004608362141234389,TRUE,TRUE,FALSE,TRUE,FALSE,FALSE,FALSE,FALSE
GGB9730_SGB15291,NA,NA,NA,NA,NA,NA,NA,NA,NA,NA,NA,NA,1,1,1,1,1,1,1,1,FALSE,FALSE,FALSE,FALSE,TRUE,TRUE,TRUE,TRUE
Akkermansia_muciniphila,-1.3917236116238536,-0.06732710066516595,0.07646711140317586,0.42853431031160905,1.3487654737302555,0.019816022599155724,0.016873762672771023,0.4998793917234336,-1.031849968530696,-3.39760919873166,4.531716658938784,0.8572754096426176,0.36044377993793486,0.027337483966627045,0.01056351764658971,0.4396185419547286,0.6288093790211045,0.12539018202978994,0.0693400132699222,0.6217809212177376,FALSE,FALSE,FALSE,FALSE,TRUE,TRUE,TRUE,TRUE
Mediterraneibacter_butyricigenes,-0.6721034698091514,0.03813565197263345,-0.01778316329409241,-1.0846626623228026,0.8014018726784335,0.016621101539575973,0.011766120922826816,0.21084270478676267,-0.8386597195772166,2.2944118283514405,-1.5113870927156847,-5.144416371530541,0.43990078891137374,0.0702610383324753,0.19108786684727563,0.0036318509742771132,0.6994695773994514,0.21412887872754374,0.38217573369455127,0.01575853982059222,FALSE,FALSE,FALSE,TRUE,TRUE,TRUE,FALSE,FALSE
Alistipes_communis,1.9773777098834384,-0.220279872553496,0.0681741404498833,-3.502873381277668,0.8558054948620901,0.016646827719793884,0.011168822715819947,0.20799678355222745,2.310545704315775,-13.232543536902984,6.103968357678276,-16.84099783397903,0.260031929580502,0.0480188855125263,0.10337770446767651,0.03775745047828259,0.5265899527410647,0.17073381515564906,0.2544681956127422,0.08949914187444762,FALSE,FALSE,FALSE,FALSE,TRUE,TRUE,TRUE,TRUE
Vescimonas_coprocola,1.0188299237696385,-0.028470152006522864,0.006994665396778167,-3.6192988510150097,1.4916065944136712,0.024075638070140116,0.026155413435252493,0.6537670518628078,0.683041981434874,-1.1825294899175718,0.2674270630090938,-5.536067993488474,0.513870886723887,0.2709470648695352,0.7959055326373,5.498935304879357e-4,0.7712161363854058,0.49686655258132734,1,0.0041403748177915155,FALSE,FALSE,FALSE,TRUE,TRUE,TRUE,TRUE,FALSE
Eisenbergiella_tayi,0.5426595388514317,-0.07908584649064557,0.027324471102133492,-1.4628974715018566,0.8083010342952919,0.016437638397792168,0.01288524967887414,0.25488557087764463,0.6713582141145511,-4.811265741267799,2.1206008252159063,-5.739428350003015,0.5387706430023746,0.00857739687371092,0.10127352363242637,0.004565881545949339,0.7926740494747581,0.06099482221305543,0.25170895194078785,0.01818525162420876,FALSE,FALSE,FALSE,TRUE,TRUE,TRUE,TRUE,FALSE
Oscillospiraceae_bacterium_Marseille_Q3528,-0.6649535540841053,-0.03096935358902587,0.0034620248145482363,0.5224368255298568,0.7775057387550578,0.01628795114148259,0.01011679505726592,0.13314551080618922,-0.8552394161730934,-1.9013658206618935,0.34220568816028324,3.9238035316889674,1,1,1,1,1,1,1,1,FALSE,FALSE,FALSE,FALSE,TRUE,TRUE,TRUE,TRUE
Clostridium_sp_AM29_11AC,NA,NA,NA,NA,NA,NA,NA,NA,NA,NA,NA,NA,1,1,1,1,1,1,1,1,FALSE,FALSE,FALSE,FALSE,TRUE,TRUE,FALSE,FALSE
Clostridium_sp_C5_48,6.796781614816539,-0.22680919561441526,-0.09213711281673576,1.7391188127295334,0.8032517616820918,0.01639147425359935,0.01095503390524616,0.21614355243161787,8.46158320348203,-13.837022351092733,-8.410481757853166,8.046128571333373,0.07488911985249558,0.045928587462308795,0.07533991647728508,0.07871760872939218,0.2511567391208423,0.16943167512034965,0.2191706661157384,0.1550131371901877,FALSE,FALSE,FALSE,FALSE,TRUE,TRUE,TRUE,TRUE
Escherichia_marmotae,0.3944817381629429,-0.008070151145205578,-0.07834379770966644,0.8973862470271746,0.857303958040958,0.016887269244426076,0.010573973331950719,0.24139746789298228,0.4601422103128753,-0.4778837258054179,-7.409116256510677,3.71746338045687,0.6767149773010431,0.6653942576464434,0.005086269786367398,0.03386640102708188,0.931392656930468,0.891837329620364,0.05208340261240216,0.08372766173917207,FALSE,FALSE,FALSE,FALSE,TRUE,TRUE,TRUE,TRUE
Bilophila_wadsworthia,-0.49773784968842105,0.07343080078203146,-0.04825269676987087,-2.4026282208869776,0.8654578779560639,0.017740688199007888,0.011820016432130499,0.2939762454373109,-0.5751150487692358,4.139117939412177,-4.082286775736196,-8.172865182739152,0.5832180937960194,0.004353972785167839,0.004676184630944693,7.949891299679814e-5,0.8294657333987832,0.042869885884729494,0.05208340261240216,0.0014840749505278792,FALSE,TRUE,FALSE,TRUE,TRUE,FALSE,TRUE,FALSE
Eubacterium_brachy,1.264999209238967,0.05546674330533441,-0.10050233420844826,-0.7767202819579595,0.7947663578475083,0.016666927784108266,0.010162668389938376,0.1778329907388504,1.5916617465603422,3.327952459134151,-9.889364717238173,-4.367695098254189,0.2524514976690448,0.07965253349789413,0.010070797295158727,0.048627960796621024,0.5211901887360925,0.2240774568731967,0.0693400132699222,0.10549794884690662,FALSE,FALSE,FALSE,FALSE,TRUE,FALSE,TRUE,TRUE
Prevotella_bivia,2.6448390815696317,-0.07173734289039546,-0.07364480882054607,1.1297208395817042,0.7775057387550578,0.01628795114148259,0.01011679505726592,0.13314551080618922,3.401697183360406,-4.404319626652911,-7.27946038282688,8.484858653823945,1,1,1,1,1,1,1,1,FALSE,FALSE,FALSE,FALSE,TRUE,TRUE,TRUE,TRUE
Bifidobacterium_adolescentis,2.2268492320328335,-0.05755535583442447,-0.018600316484728766,-1.5792983702346008,1.1291972218452122,0.025960964004434126,0.014584295181754936,0.43391122554629563,1.9720640371342366,-2.2169960955453747,-1.2753661560551726,-3.6396808315946636,0.11988577080043919,0.09091548334120067,0.2712153504518847,0.021970854245856937,0.31969538880117115,0.2415866414661001,0.47323574109018773,0.05983551794616357,FALSE,FALSE,FALSE,FALSE,TRUE,TRUE,TRUE,TRUE
Evtepia_gabavorous,-1.978633468141859,0.1548253155119811,-0.07342793635275591,-1.4506044946586059,0.8534289041688974,0.017214148186530172,0.011037483238723672,0.26326296260106286,-2.3184514357042194,8.994073586117361,-6.652597767500375,-5.510097129981737,0.08127465290475921,8.459711567943532e-4,0.002651199205586074,0.005292972436507505,0.255073439652606,0.016659124318411878,0.048479071187859636,0.019357156339227445,FALSE,TRUE,TRUE,TRUE,TRUE,FALSE,FALSE,FALSE
Blautia_hydrogenotrophica,1.4267248467212101,0.004277075048888367,-0.07863434205476524,-0.853686602583193,0.7737507461233433,0.01620070672737047,0.010135400969649157,0.14421866747269416,1.8439075553327822,0.26400546104957345,-7.758384921350301,-5.919390447459424,0.31635724248114394,0.8356781097533776,0.08160577819355852,0.10654224451151974,0.5884025667582421,1,0.2270769480168585,0.20055010731580186,FALSE,FALSE,FALSE,FALSE,TRUE,TRUE,TRUE,TRUE
Bacteroides_faecis,74.49135024764503,-0.571976754460293,-1.415512699235659,-27.68369340580315,0.7775057387550578,0.01628795114148259,0.01011679505726592,0.13314551080618922,95.80810344489622,-35.11655637298464,-139.91710726798132,-207.92059182603913,1,1,1,1,1,1,1,1,FALSE,FALSE,FALSE,FALSE,TRUE,TRUE,TRUE,TRUE
Bacteroides_stercoris,5.341120430101619,-0.11146932765737766,-0.10487742164515189,-0.8420291966695487,0.7743082206200664,0.016195029320963204,0.010096722198202856,0.13978512090252057,6.897925513207708,-6.882934599759526,-10.38727416545335,-6.023739803156442,0.09165296329958592,0.09184982615434348,0.06110013541407528,0.10473001429299195,0.2656906938874198,0.2415866414661001,0.20581098244741147,0.1985991382148588,FALSE,FALSE,FALSE,FALSE,TRUE,TRUE,TRUE,TRUE
Enterocloster_hominis,-1.6998470419486356,-0.006474226642087778,0.11237325533056029,-2.3082366040879827,1.26564183721822,0.020773914778313383,0.015479113201374559,0.4352367596724206,-1.3430711532772683,-0.3116517378249019,7.259670103102641,-5.303404532800191,0.27181799901114734,0.7757081798898786,0.0053929003790348165,0.013086845610813164,0.5415224350852142,1,0.053099326808958194,0.041360894769977403,FALSE,FALSE,FALSE,TRUE,TRUE,TRUE,TRUE,FALSE
Firmicutes_bacterium,NA,NA,NA,NA,NA,NA,NA,NA,NA,NA,NA,NA,1,1,1,1,1,1,1,1,FALSE,FALSE,FALSE,FALSE,TRUE,TRUE,TRUE,FALSE
Slackia_isoflavoniconvertens,-7.415100507810596,0.07805926560052477,0.14417503893340253,2.941879961126491,0.7728113384322505,0.01619885918613199,0.01006537667856036,0.13673242666003416,-9.594968576487378,4.81881252893118,14.323859259087731,21.515598259958185,0.06611065681323937,0.1302624428075899,0.04437271362724844,0.02956747705079214,0.24177611634556112,0.3023503151704974,0.16458134077130765,0.07629194261606156,FALSE,FALSE,FALSE,FALSE,TRUE,TRUE,TRUE,TRUE
Faecalibacterium_sp_CLA_AA_H233,-6.265726822599893,0.11928822666062842,0.09497372452723028,0.8825735982441402,0.7811816148343375,0.016524293537560866,0.010161252130716112,0.15377453288628845,-8.020832420548766,7.218960761588869,9.346655639036587,5.739400287411546,0.015190659642806834,0.018653693145112005,0.01125401937473386,0.029041613728742803,0.09484899679411096,0.10381185750323202,0.0712266250087801,0.07586380729140976,FALSE,FALSE,FALSE,FALSE,TRUE,TRUE,TRUE,TRUE
GGB3730_SGB5060,-0.9130609603372997,0.10149047467775929,-0.019322904347187583,-2.4389247111317673,0.7775057387550578,0.01628795114148259,0.01011679505726592,0.13314551080618922,-1.1743462650183045,6.231015417235666,-1.9099827799031868,-18.31773896366617,1,1,1,1,1,1,1,1,FALSE,FALSE,FALSE,FALSE,TRUE,TRUE,TRUE,TRUE
GGB3600_SGB4859,6.594715152383214,-0.012315003468048064,-0.09992334955541238,-6.616748939950122,0.7721041198534486,0.016176561005919906,0.010064235974993504,0.13348690497622762,8.54122518299079,-0.7612868682992211,-9.928557895869178,-49.56852465137673,0.07419715784888542,0.585760645466731,0.06390455418908643,0.012841484210354217,0.2511567391208423,0.8244856250718908,0.20973802400520675,0.041092749473133496,FALSE,FALSE,FALSE,TRUE,TRUE,TRUE,TRUE,FALSE
Neobittarella_massiliensis,-0.13158695538138487,-0.06696872215177523,0.025131942360339585,-0.24567904450203193,0.8211909299844846,0.016396081357845073,0.011019707547805619,0.2522701129545955,-0.16023917286065378,-4.084434609110581,2.2806360560216654,-0.9738729714139785,0.8828743305218432,0.026514528026060125,0.10687268268875334,0.4019473914581622,1,0.12539018202978994,0.25585803864759993,0.574852135269774,FALSE,FALSE,FALSE,FALSE,TRUE,TRUE,TRUE,TRUE
Eubacterium_siraeum,-18.053124911124005,-0.8772779314957477,0.6413471196936285,13.470835016083376,0.7775057387550578,0.01628795114148259,0.01011679505726592,0.13314551080618922,-23.219281879553286,-53.86054537341242,63.39429790396026,101.17378298763633,1,1,1,1,1,1,1,1,FALSE,FALSE,FALSE,FALSE,TRUE,TRUE,FALSE,TRUE
GGB3444_SGB4594,NA,NA,NA,NA,NA,NA,NA,NA,NA,NA,NA,NA,1,1,1,1,1,1,1,1,FALSE,FALSE,FALSE,FALSE,TRUE,TRUE,TRUE,FALSE
Lacticaseibacillus_paracasei,0.5994968779923396,0.017972440968552786,-0.07384463487149355,-1.038240539996569,1.0286620204435017,0.021480226372598346,0.01578824853971215,0.4208454026056486,0.5827928572048087,0.8366970001526458,-4.677189789972731,-2.467035480412383,0.5760870434627751,0.4270473815590178,0.0015876486632450096,0.03888978621686494,0.8239010230529074,0.6625704829036881,0.03694891434461113,0.09050713883197659,FALSE,FALSE,TRUE,FALSE,TRUE,TRUE,FALSE,TRUE
GGB9719_SGB15272,NA,NA,NA,NA,NA,NA,NA,NA,NA,NA,NA,NA,1,1,1,1,1,1,1,1,FALSE,FALSE,FALSE,FALSE,TRUE,TRUE,TRUE,FALSE
Christensenella_hongkongensis,-4.791170704667939,0.21971786421795383,-0.02323166139099488,-5.403692668206674,0.7775057387550578,0.01628795114148259,0.01011679505726592,0.13314551080618922,-6.162231950004076,13.489594996289648,-2.296345953386672,-40.58486565177897,1,1,1,1,1,1,1,1,FALSE,FALSE,FALSE,FALSE,TRUE,TRUE,TRUE,TRUE
Odoribacter_splanchnicus,0.7762184915331269,-0.026152026090815267,-0.04894442932615726,0.34708500356516603,0.768814585837296,0.01607953701320244,0.010068162442778306,0.1367027179655176,1.0096302877601724,-1.6264166107110296,-4.861307076075648,2.5389766109311447,0.4189608412665975,0.245380291211581,0.03980550547618643,0.12637949187094297,0.6725932385493457,0.46189231286885835,0.15439711215005644,0.2231251718549062,FALSE,FALSE,FALSE,FALSE,TRUE,TRUE,TRUE,TRUE
Limosilactobacillus_reuteri,-16.73978558818594,0.3090147990624725,0.10369289299043767,7.547213581673452,0.8356327540535602,0.017473747177574217,0.011602377855141814,0.26742105736334465,-20.0324670221256,17.684518147261603,8.937210482632592,28.222211280165055,0.03175304183232956,0.03596041071899943,0.07093743382597957,0.022547969060814823,0.15478746327046947,0.14848169587199764,0.21414119346002589,0.06076084294282731,FALSE,FALSE,FALSE,FALSE,TRUE,TRUE,TRUE,TRUE
Anaerotruncus_colihominis,-11.858224484925445,0.40060294155553433,-0.009956525556530772,-1.9058249414454547,0.7715353274138856,0.016100796040682527,0.010293927961465867,0.16590282418358385,-15.369645515355863,24.880940081677625,-0.9672231624120431,-11.487597940686756,0.004206542066611485,0.001611445709129626,0.4354737792197946,0.007492711863993775,0.04746864545870073,0.021712110607220225,0.6596525886406356,0.02627581146825214,TRUE,TRUE,FALSE,TRUE,FALSE,FALSE,TRUE,FALSE
Clostridiales_bacterium,-2.9881317184714558,0.02916035424397008,0.0010800238738195886,0.9154384184186267,0.7775057387550578,0.01628795114148259,0.01011679505726592,0.13314551080618922,-3.8432278625442073,1.7903021681900622,0.10675553549381346,6.875473404065178,1,1,1,1,1,1,1,1,FALSE,FALSE,FALSE,FALSE,TRUE,TRUE,TRUE,TRUE
Lachnoclostridium_pacaense,-2.8281297564669226,0.06950871642496367,0.013900858717303377,-0.5147049799596555,0.7775057387550578,0.01628795114148259,0.01011679505726592,0.13314551080618922,-3.6374390766495486,4.2674929351879625,1.3740377894993263,-3.8657328875990133,1,1,1,1,1,1,1,1,FALSE,FALSE,FALSE,FALSE,TRUE,TRUE,TRUE,TRUE
Lactonifactor_longoviformis,-18.48279583349416,-0.3444512133406736,0.4411296213920794,5.6473445174499535,0.7775057387550578,0.01628795114148259,0.01011679505726592,0.13314551080618922,-23.771909211999915,-21.14760845907844,43.603692562226854,42.41483233836104,1,1,1,1,1,1,1,1,FALSE,FALSE,FALSE,FALSE,FALSE,TRUE,FALSE,TRUE
GGB9534_SGB14937,-138.9704711325826,3.420260940513686,0.8178387354305362,-42.82635263461861,0.7775057387550578,0.01628795114148259,0.01011679505726592,0.13314551080618922,-178.73883651984627,209.98718075736815,80.83970573696274,-321.6507441768577,1,1,1,1,1,1,1,1,FALSE,FALSE,FALSE,FALSE,TRUE,TRUE,TRUE,TRUE
Parasutterella_excrementihominis,3.0040138105168577,-0.06510116825876922,-0.032298470029920597,-1.3518463119152508,0.8775910454372713,0.017427719929915642,0.013435495276417657,0.2717973352655554,3.4230224044960122,-3.7354954360391956,-2.4039657165904216,-4.973729086028199,0.07577253910568484,0.06477863125825903,0.13808397406856748,0.03812680842721395,0.2511567391208423,0.19979915183270255,0.2945791446796106,0.08954553171896121,FALSE,FALSE,FALSE,FALSE,TRUE,TRUE,TRUE,TRUE
GGB3511_SGB4688,0.6663380948137717,-0.06171706391144843,-0.003601072629640874,-0.7497224047276108,0.8239628228548878,0.016812491070493586,0.011808112186470467,0.2555809628054421,0.8086992232307596,-3.6709053793797213,-0.3049659905642598,-2.9334047281852045,0.4554294203073011,0.014429729224734091,0.7726784266910345,0.03250415445782726,0.7152756539795649,0.08395478821663471,1,0.08157905432552724,FALSE,FALSE,FALSE,FALSE,TRUE,FALSE,TRUE,TRUE
Enterococcus_avium,-0.23085956650195977,-0.11030234348588043,-0.024180702317717004,3.581691295727897,0.8521509396583142,0.018705468344207447,0.011082557547415769,0.2463365395122631,-0.270913937611249,-5.896796672297058,-2.181870223931791,14.53982954708834,0.8315736595206628,0.10694284234137902,0.2735894128177648,0.0437157000817794,1,0.2611181684058222,0.47323574109018773,0.09816858965732918,FALSE,FALSE,FALSE,FALSE,TRUE,TRUE,TRUE,TRUE
Coprobacillus_cateniformis,-6.350008774063655,0.11752905178705743,0.18273755922531607,-5.692175369910725,0.7775057387550578,0.01628795114148259,0.01011679505726592,0.13314551080618922,-8.167153575266582,7.215705079549956,18.062791446395195,-42.75153803868336,1,1,1,1,1,1,1,1,FALSE,FALSE,FALSE,FALSE,TRUE,TRUE,TRUE,TRUE
Lawsonella_SGB3665,1.0905129679478622,-0.06204731196749868,0.002011287730644432,-1.0054011247631622,0.9241783360736959,0.01906054501869031,0.011805571750258726,0.30785583084456686,1.1799810982162022,-3.2552748049259126,0.17036766818179336,-3.265818035685602,0.323053602803724,0.04730029518625622,0.8755626626690388,0.046924888446719125,0.5907265879839525,0.17054754320678298,1,0.10267326019111195,FALSE,FALSE,FALSE,FALSE,TRUE,TRUE,TRUE,TRUE
Faecalibacillus_faecis,-59.472514157776374,1.1031931862732303,0.6165837293807691,9.466701969000495,0.7775057387550578,0.01628795114148259,0.01011679505726592,0.13314551080618922,-76.49141503830411,67.73062963478496,60.94654738883302,71.10042172417306,1,1,1,1,1,1,1,1,FALSE,FALSE,FALSE,FALSE,TRUE,TRUE,TRUE,TRUE
Eubacterium_sp_c_25,-48.93539222659446,1.0570401540018,0.33599824917267274,28.629554385869532,0.7775057387550578,0.01628795114148259,0.01011679505726592,0.13314551080618922,-62.93894666931952,64.89706070579385,33.21192603692782,215.02455631075395,1,1,1,1,1,1,1,1,FALSE,FALSE,FALSE,FALSE,TRUE,TRUE,TRUE,TRUE
Anaerococcus_obesiensis,-3.366918925196645,0.035112446353130815,-0.01515861246690531,1.4296891064536628,0.7741196473903018,0.016276416354375597,0.01007116706313832,0.1352549320688891,-4.349352114427197,2.1572590420797093,-1.5051495394597962,10.57032881969496,0.14387081172109123,0.2763348577496276,0.3733277689074613,0.06004833610713407,0.3541435365442246,0.49818115199932866,0.593614340623044,0.12297899234741058,FALSE,FALSE,FALSE,FALSE,TRUE,TRUE,TRUE,TRUE
