SampleID,SampleType,Time,Rank,Taxon,Relative_abundance_percent,FeatureID,PatientID,TimeMonths,Sex,Age,AgeGroup,Mutation1,Mutation2,MutationGroup,ppFEV1,ppFEVGroup_4,ppFEVGroup_2,mCFTR,mCFTRGroup
A1H0,feces,T0,Phylum,UNCLASSIFIED,9.17887091788709,UNCLASSIFIED,A1,0,male,30,adult,F508del,3849+10kbC>T,Heterozygous,84,Mild,Normal-Mild,yes,teziva
A1H12,feces,T12,Phylum,UNCLASSIFIED,14.328847973613975,UNCLASSIFIED,A1,12,male,30,adult,F508del,3849+10kbC>T,Heterozygous,77,Mild,Normal-Mild,yes,teziva
A3H0,feces,T0,Phylum,UNCLASSIFIED,21.426988819490994,UNCLASSIFIED,A3,0,male,38,adult,F508del,F508del,Homozygous,81,Mild,Normal-Mild,yes,teziva
A3H12,feces,T12,Phylum,UNCLASSIFIED,16.04632374011882,UNCLASSIFIED,A3,12,male,38,adult,F508del,F508del,Homozygous,89,Mild,Normal-Mild,yes,teziva
A4H0,feces,T0,Phylum,UNCLASSIFIED,25.0024487317775,UNCLASSIFIED,A4,0,female,66,adult,F508del,P205S,Heterozygous,32,Severe,Moderate-Severe,no,naive
A4H12,feces,T12,Phylum,UNCLASSIFIED,16.332069522654784,UNCLASSIFIED,A4,12,female,66,adult,F508del,P205S,Heterozygous,39,Severe,Moderate-Severe,no,naive
A6H0,feces,T0,Phylum,UNCLASSIFIED,21.18185906075606,UNCLASSIFIED,A6,0,male,46,adult,F508del,F508del,Homozygous,34,Severe,Moderate-Severe,yes,teziva
A6H12,feces,T12,Phylum,UNCLASSIFIED,19.42531,UNCLASSIFIED,A6,12,male,46,adult,F508del,F508del,Homozygous,55,Moderate,Moderate-Severe,yes,teziva
A7H0,feces,T0,Phylum,UNCLASSIFIED,19.68980543410028,UNCLASSIFIED,A7,0,female,50,adult,F508del,R334W,Heterozygous,43,Moderate,Moderate-Severe,no,naive
A7H12,feces,T12,Phylum,UNCLASSIFIED,16.171568382843162,UNCLASSIFIED,A7,12,female,50,adult,F508del,R334W,Heterozygous,72,Mild,Normal-Mild,no,naive
A8H0,feces,T0,Phylum,UNCLASSIFIED,26.69395583265896,UNCLASSIFIED,A8,0,male,19,adult,F508del,F508del,Homozygous,81,Mild,Normal-Mild,yes,teziva
A8H12,feces,T12,Phylum,UNCLASSIFIED,18.315840533000618,UNCLASSIFIED,A8,12,male,19,adult,F508del,F508del,Homozygous,96,Normal,Normal-Mild,yes,teziva
A9H0,feces,T0,Phylum,UNCLASSIFIED,18.16783096008654,UNCLASSIFIED,A9,0,male,26,adult,F508del,F508del,Homozygous,30,Severe,Moderate-Severe,yes,lumiva_teziva
A9H12,feces,T12,Phylum,UNCLASSIFIED,10.467275467950149,UNCLASSIFIED,A9,12,male,26,adult,F508del,F508del,Homozygous,46,Moderate,Moderate-Severe,yes,lumiva_teziva
A10H0,feces,T0,Phylum,UNCLASSIFIED,19.26534957292376,UNCLASSIFIED,A10,0,male,21,adult,F508del,F508del,Homozygous,48,Moderate,Moderate-Severe,yes,teziva
A10H12,feces,T12,Phylum,UNCLASSIFIED,8.10736929008386,UNCLASSIFIED,A10,12,male,21,adult,F508del,F508del,Homozygous,82,Mild,Normal-Mild,yes,teziva
A12H0,feces,T0,Phylum,UNCLASSIFIED,36.1527640030882,UNCLASSIFIED,A12,0,male,37,adult,F508del,N1303K,Heterozygous,41,Moderate,Moderate-Severe,no,naive
A12H12,feces,T12,Phylum,UNCLASSIFIED,5.889517644192942,UNCLASSIFIED,A12,12,male,37,adult,F508del,N1303K,Heterozygous,61,Moderate,Moderate-Severe,no,naive
A13H0,feces,T0,Phylum,UNCLASSIFIED,36.75741,UNCLASSIFIED,A13,0,male,37,adult,F508del,F508del,Homozygous,83,Mild,Normal-Mild,yes,teziva
A13H12,feces,T12,Phylum,UNCLASSIFIED,11.257241125724113,UNCLASSIFIED,A13,12,male,37,adult,F508del,F508del,Homozygous,97,Normal,Normal-Mild,yes,teziva
A16H0,feces,T0,Phylum,UNCLASSIFIED,18.400365203792454,UNCLASSIFIED,A16,0,male,46,adult,F508del,F508del,Homozygous,62,Moderate,Moderate-Severe,yes,teziva
A16H12,feces,T12,Phylum,UNCLASSIFIED,12.59467723160889,UNCLASSIFIED,A16,12,male,46,adult,F508del,F508del,Homozygous,59,Moderate,Moderate-Severe,yes,teziva
A17H0,feces,T0,Phylum,UNCLASSIFIED,18.96510433352501,UNCLASSIFIED,A17,0,male,54,adult,F508del,N1303K,Heterozygous,52,Moderate,Moderate-Severe,no,naive
A17H12,feces,T12,Phylum,UNCLASSIFIED,9.360138751023182,UNCLASSIFIED,A17,12,male,54,adult,F508del,N1303K,Heterozygous,66,Moderate,Moderate-Severe,no,naive
A19H0,feces,T0,Phylum,UNCLASSIFIED,17.794130354598238,UNCLASSIFIED,A19,0,female,48,adult,F508del,F508del,Homozygous,64,Moderate,Moderate-Severe,yes,teziva
A19H12,feces,T12,Phylum,UNCLASSIFIED,29.66406,UNCLASSIFIED,A19,12,female,48,adult,F508del,F508del,Homozygous,70,Mild,Normal-Mild,yes,teziva
A20H0,feces,T0,Phylum,UNCLASSIFIED,20.689236641667332,UNCLASSIFIED,A20,0,female,45,adult,F508del,R117C,Heterozygous,64,Moderate,Moderate-Severe,yes,teziva
A20H12,feces,T12,Phylum,UNCLASSIFIED,13.855789864982745,UNCLASSIFIED,A20,12,female,45,adult,F508del,R117C,Heterozygous,62,Moderate,Moderate-Severe,yes,teziva
A22H0,feces,T0,Phylum,UNCLASSIFIED,14.895965098874422,UNCLASSIFIED,A22,0,male,56,adult,F508del,F508del,Homozygous,69,Moderate,Moderate-Severe,yes,teziva
A22H12,feces,T12,Phylum,UNCLASSIFIED,11.8457350761137,UNCLASSIFIED,A22,12,male,56,adult,F508del,F508del,Homozygous,84,Mild,Normal-Mild,yes,teziva
A24H0,feces,T0,Phylum,UNCLASSIFIED,14.113572354196045,UNCLASSIFIED,A24,0,female,63,adult,F508del,L206W,Heterozygous,43,Moderate,Moderate-Severe,yes,teziva
A24H12,feces,T12,Phylum,UNCLASSIFIED,16.455428098852888,UNCLASSIFIED,A24,12,female,63,adult,F508del,L206W,Heterozygous,40,Moderate,Moderate-Severe,yes,teziva
A25H0,feces,T0,Phylum,UNCLASSIFIED,14.649541909768587,UNCLASSIFIED,A25,0,female,23,adult,F508del,H1194/V754M,Heterozygous,63,Moderate,Moderate-Severe,no,naive
A25H12,feces,T12,Phylum,UNCLASSIFIED,16.77270343119254,UNCLASSIFIED,A25,12,female,23,adult,F508del,H1194/V754M,Heterozygous,80,Mild,Normal-Mild,no,naive
A26H0,feces,T0,Phylum,UNCLASSIFIED,30.124018985255795,UNCLASSIFIED,A26,0,female,29,adult,F508del,G542X,Heterozygous,30,Severe,Moderate-Severe,no,naive
A26H12,feces,T12,Phylum,UNCLASSIFIED,9.593024780173923,UNCLASSIFIED,A26,12,female,29,adult,F508del,G542X,Heterozygous,53,Moderate,Moderate-Severe,no,naive
A27H0,feces,T0,Phylum,UNCLASSIFIED,14.934343812635984,UNCLASSIFIED,A27,0,female,49,adult,F508del,F508del,Homozygous,86,Mild,Normal-Mild,yes,teziva
A27H12,feces,T12,Phylum,UNCLASSIFIED,9.119533671598793,UNCLASSIFIED,A27,12,female,49,adult,F508del,F508del,Homozygous,92,Normal,Normal-Mild,yes,teziva
A28H0,feces,T0,Phylum,UNCLASSIFIED,11.593416864646997,UNCLASSIFIED,A28,0,female,38,adult,F508del,F508del,Homozygous,46,Moderate,Moderate-Severe,yes,teziva
A28H12,feces,T12,Phylum,UNCLASSIFIED,31.355305480924507,UNCLASSIFIED,A28,12,female,38,adult,F508del,F508del,Homozygous,62,Moderate,Moderate-Severe,yes,teziva
A30H0,feces,T0,Phylum,UNCLASSIFIED,35.868531128565486,UNCLASSIFIED,A30,0,male,26,adult,F508del,F508del,Homozygous,66,Moderate,Moderate-Severe,yes,teziva
A30H12,feces,T12,Phylum,UNCLASSIFIED,16.950505858449368,UNCLASSIFIED,A30,12,male,26,adult,F508del,F508del,Homozygous,76,Mild,Normal-Mild,yes,teziva
P2H0,feces,T0,Phylum,UNCLASSIFIED,16.381038570101992,UNCLASSIFIED,P2,0,female,12,pediatric,F508del,G85E,Heterozygous,85,Mild,Normal-Mild,no,naive
P2H12,feces,T12,Phylum,UNCLASSIFIED,3.1328206265641256,UNCLASSIFIED,P2,12,female,12,pediatric,F508del,G85E,Heterozygous,103,Normal,Normal-Mild,no,naive
P4H0,feces,T0,Phylum,UNCLASSIFIED,31.958747190313442,UNCLASSIFIED,P4,0,male,16,pediatric,F508del,F508del,Homozygous,97,Normal,Normal-Mild,yes,teziva
P4H12,feces,T12,Phylum,UNCLASSIFIED,4.2783608556721715,UNCLASSIFIED,P4,12,male,16,pediatric,F508del,F508del,Homozygous,94,Normal,Normal-Mild,yes,teziva
P5H0,feces,T0,Phylum,UNCLASSIFIED,14.67529360508903,UNCLASSIFIED,P5,0,female,17,pediatric,F508del,F508del,Homozygous,87,Mild,Normal-Mild,yes,teziva
P5H12,feces,T12,Phylum,UNCLASSIFIED,25.371011262611503,UNCLASSIFIED,P5,12,female,17,pediatric,F508del,F508del,Homozygous,100,Normal,Normal-Mild,yes,teziva
P11H0,feces,T0,Phylum,UNCLASSIFIED,3.918239169083727,UNCLASSIFIED,P11,0,male,17,pediatric,F508del,H199Y,Heterozygous,76,Mild,Normal-Mild,no,naive
P11H12,feces,T12,Phylum,UNCLASSIFIED,25.25441681133736,UNCLASSIFIED,P11,12,male,17,pediatric,F508del,H199Y,Heterozygous,87,Mild,Normal-Mild,no,naive
P14H0,feces,T0,Phylum,UNCLASSIFIED,12.346732469346493,UNCLASSIFIED,P14,0,female,7,pediatric,F508del,G542X,Heterozygous,87,Mild,Normal-Mild,no,naive
P14H12,feces,T12,Phylum,UNCLASSIFIED,16.028414808524445,UNCLASSIFIED,P14,12,female,7,pediatric,F508del,G542X,Heterozygous,111,Normal,Normal-Mild,no,naive
P16H0,feces,T0,Phylum,UNCLASSIFIED,11.389693416908026,UNCLASSIFIED,P16,0,male,9,pediatric,F508del,I507del,Heterozygous,94,Normal,Normal-Mild,no,naive
P16H12,feces,T12,Phylum,UNCLASSIFIED,14.458504961144817,UNCLASSIFIED,P16,12,male,9,pediatric,F508del,I507del,Heterozygous,98,Normal,Normal-Mild,no,naive
P17H0,feces,T0,Phylum,UNCLASSIFIED,4.388401423210177,UNCLASSIFIED,P17,0,male,6,pediatric,F508del,c.580-1G>T,Heterozygous,122,Normal,Normal-Mild,no,naive
P17H12,feces,T12,Phylum,UNCLASSIFIED,9.873620048846128,UNCLASSIFIED,P17,12,male,6,pediatric,F508del,c.580-1G>T,Heterozygous,134,Normal,Normal-Mild,no,naive
P20H0,feces,T0,Phylum,UNCLASSIFIED,8.661520866152086,UNCLASSIFIED,P20,0,male,11,pediatric,F508del,G542X,Heterozygous,77,Mild,Normal-Mild,no,naive
P20H12,feces,T12,Phylum,UNCLASSIFIED,32.890505882461255,UNCLASSIFIED,P20,12,male,11,pediatric,F508del,G542X,Heterozygous,87,Mild,Normal-Mild,no,naive
P21H0,feces,T0,Phylum,UNCLASSIFIED,20.544036230080525,UNCLASSIFIED,P21,0,female,7,pediatric,F508del,G542X,Heterozygous,98,Normal,Normal-Mild,no,naive
P21H12,feces,T12,Phylum,UNCLASSIFIED,11.028628120976652,UNCLASSIFIED,P21,12,female,7,pediatric,F508del,G542X,Heterozygous,73,Mild,Normal-Mild,no,naive
P25H0,feces,T0,Phylum,UNCLASSIFIED,12.015497596900481,UNCLASSIFIED,P25,0,female,7,pediatric,F508del,Dele 22-23,Heterozygous,109,Normal,Normal-Mild,no,naive
P25H12,feces,T12,Phylum,UNCLASSIFIED,14.16956224535749,UNCLASSIFIED,P25,12,female,7,pediatric,F508del,Dele 22-23,Heterozygous,130,Normal,Normal-Mild,no,naive
P26H0,feces,T0,Phylum,UNCLASSIFIED,18.461777209096496,UNCLASSIFIED,P26,0,female,11,pediatric,F508del,F508del,Homozygous,92,Normal,Normal-Mild,yes,lumiva
P26H12,feces,T12,Phylum,UNCLASSIFIED,9.15394361957564,UNCLASSIFIED,P26,12,female,11,pediatric,F508del,F508del,Homozygous,96,Normal,Normal-Mild,yes,lumiva
P27H0,feces,T0,Phylum,UNCLASSIFIED,26.10027607783463,UNCLASSIFIED,P27,0,male,9,pediatric,F508del,F508del,Homozygous,87,Mild,Normal-Mild,yes,lumiva
P27H12,feces,T12,Phylum,UNCLASSIFIED,11.844028673822212,UNCLASSIFIED,P27,12,male,9,pediatric,F508del,F508del,Homozygous,97,Normal,Normal-Mild,yes,lumiva
P42H0,feces,T0,Phylum,UNCLASSIFIED,17.51931314641105,UNCLASSIFIED,P42,0,male,17,pediatric,F508del,F508del,Homozygous,110,Normal,Normal-Mild,yes,teziva
P42H12,feces,T12,Phylum,UNCLASSIFIED,7.140999119660531,UNCLASSIFIED,P42,12,male,17,pediatric,F508del,F508del,Homozygous,124,Normal,Normal-Mild,yes,teziva
A1H0,feces,T0,Phylum,Actinomycetota,34.281293428129345,Actinomycetota,A1,0,male,30,adult,F508del,3849+10kbC>T,Heterozygous,84,Mild,Normal-Mild,yes,teziva
A1H12,feces,T12,Phylum,Actinomycetota,12.392461662466213,Actinomycetota,A1,12,male,30,adult,F508del,3849+10kbC>T,Heterozygous,77,Mild,Normal-Mild,yes,teziva
A3H0,feces,T0,Phylum,Actinomycetota,3.2312271642638315,Actinomycetota,A3,0,male,38,adult,F508del,F508del,Homozygous,81,Mild,Normal-Mild,yes,teziva
A3H12,feces,T12,Phylum,Actinomycetota,13.428791797606692,Actinomycetota,A3,12,male,38,adult,F508del,F508del,Homozygous,89,Mild,Normal-Mild,yes,teziva
A4H0,feces,T0,Phylum,Actinomycetota,3.0815221657596417,Actinomycetota,A4,0,female,66,adult,F508del,P205S,Heterozygous,32,Severe,Moderate-Severe,no,naive
A4H12,feces,T12,Phylum,Actinomycetota,9.13975935327242,Actinomycetota,A4,12,female,66,adult,F508del,P205S,Heterozygous,39,Severe,Moderate-Severe,no,naive
A6H0,feces,T0,Phylum,Actinomycetota,3.4603278160705284,Actinomycetota,A6,0,male,46,adult,F508del,F508del,Homozygous,34,Severe,Moderate-Severe,yes,teziva
A6H12,feces,T12,Phylum,Actinomycetota,2.1252099999999996,Actinomycetota,A6,12,male,46,adult,F508del,F508del,Homozygous,55,Moderate,Moderate-Severe,yes,teziva
A7H0,feces,T0,Phylum,Actinomycetota,4.744984592478482,Actinomycetota,A7,0,female,50,adult,F508del,R334W,Heterozygous,43,Moderate,Moderate-Severe,no,naive
A7H12,feces,T12,Phylum,Actinomycetota,0.298769970123003,Actinomycetota,A7,12,female,50,adult,F508del,R334W,Heterozygous,72,Mild,Normal-Mild,no,naive
A8H0,feces,T0,Phylum,Actinomycetota,6.525663747454398,Actinomycetota,A8,0,male,19,adult,F508del,F508del,Homozygous,81,Mild,Normal-Mild,yes,teziva
A8H12,feces,T12,Phylum,Actinomycetota,3.472140287713511,Actinomycetota,A8,12,male,19,adult,F508del,F508del,Homozygous,96,Normal,Normal-Mild,yes,teziva
A9H0,feces,T0,Phylum,Actinomycetota,1.3119105770881696,Actinomycetota,A9,0,male,26,adult,F508del,F508del,Homozygous,30,Severe,Moderate-Severe,yes,lumiva_teziva
A9H12,feces,T12,Phylum,Actinomycetota,2.2121106476685886,Actinomycetota,A9,12,male,26,adult,F508del,F508del,Homozygous,46,Moderate,Moderate-Severe,yes,lumiva_teziva
A10H0,feces,T0,Phylum,Actinomycetota,5.946155993465395,Actinomycetota,A10,0,male,21,adult,F508del,F508del,Homozygous,48,Moderate,Moderate-Severe,yes,teziva
A10H12,feces,T12,Phylum,Actinomycetota,17.532076129469363,Actinomycetota,A10,12,male,21,adult,F508del,F508del,Homozygous,82,Mild,Normal-Mild,yes,teziva
A12H0,feces,T0,Phylum,Actinomycetota,6.664829930112877,Actinomycetota,A12,0,male,37,adult,F508del,N1303K,Heterozygous,41,Moderate,Moderate-Severe,no,naive
A12H12,feces,T12,Phylum,Actinomycetota,0.6166997533200987,Actinomycetota,A12,12,male,37,adult,F508del,N1303K,Heterozygous,61,Moderate,Moderate-Severe,no,naive
A13H0,feces,T0,Phylum,Actinomycetota,4.2400899999999995,Actinomycetota,A13,0,male,37,adult,F508del,F508del,Homozygous,83,Mild,Normal-Mild,yes,teziva
A13H12,feces,T12,Phylum,Actinomycetota,24.713192471319246,Actinomycetota,A13,12,male,37,adult,F508del,F508del,Homozygous,97,Normal,Normal-Mild,yes,teziva
A16H0,feces,T0,Phylum,Actinomycetota,6.007019827572783,Actinomycetota,A16,0,male,46,adult,F508del,F508del,Homozygous,62,Moderate,Moderate-Severe,yes,teziva
A16H12,feces,T12,Phylum,Actinomycetota,5.259436458029367,Actinomycetota,A16,12,male,46,adult,F508del,F508del,Homozygous,59,Moderate,Moderate-Severe,yes,teziva
A17H0,feces,T0,Phylum,Actinomycetota,6.623448392480877,Actinomycetota,A17,0,male,54,adult,F508del,N1303K,Heterozygous,52,Moderate,Moderate-Severe,no,naive
A17H12,feces,T12,Phylum,Actinomycetota,5.125305280707599,Actinomycetota,A17,12,male,54,adult,F508del,N1303K,Heterozygous,66,Moderate,Moderate-Severe,no,naive
A19H0,feces,T0,Phylum,Actinomycetota,4.275947583564896,Actinomycetota,A19,0,female,48,adult,F508del,F508del,Homozygous,64,Moderate,Moderate-Severe,yes,teziva
A19H12,feces,T12,Phylum,Actinomycetota,22.156860000000002,Actinomycetota,A19,12,female,48,adult,F508del,F508del,Homozygous,70,Mild,Normal-Mild,yes,teziva
A20H0,feces,T0,Phylum,Actinomycetota,5.15242851579946,Actinomycetota,A20,0,female,45,adult,F508del,R117C,Heterozygous,64,Moderate,Moderate-Severe,yes,teziva
A20H12,feces,T12,Phylum,Actinomycetota,16.323363026404238,Actinomycetota,A20,12,female,45,adult,F508del,R117C,Heterozygous,62,Moderate,Moderate-Severe,yes,teziva
A22H0,feces,T0,Phylum,Actinomycetota,5.866299663596118,Actinomycetota,A22,0,male,56,adult,F508del,F508del,Homozygous,69,Moderate,Moderate-Severe,yes,teziva
A22H12,feces,T12,Phylum,Actinomycetota,2.4408318614716533,Actinomycetota,A22,12,male,56,adult,F508del,F508del,Homozygous,84,Mild,Normal-Mild,yes,teziva
A24H0,feces,T0,Phylum,Actinomycetota,10.620034201122971,Actinomycetota,A24,0,female,63,adult,F508del,L206W,Heterozygous,43,Moderate,Moderate-Severe,yes,teziva
A24H12,feces,T12,Phylum,Actinomycetota,13.034757312815811,Actinomycetota,A24,12,female,63,adult,F508del,L206W,Heterozygous,40,Moderate,Moderate-Severe,yes,teziva
A25H0,feces,T0,Phylum,Actinomycetota,5.4988734100837595,Actinomycetota,A25,0,female,23,adult,F508del,H1194/V754M,Heterozygous,63,Moderate,Moderate-Severe,no,naive
A25H12,feces,T12,Phylum,Actinomycetota,9.531361660545338,Actinomycetota,A25,12,female,23,adult,F508del,H1194/V754M,Heterozygous,80,Mild,Normal-Mild,no,naive
A26H0,feces,T0,Phylum,Actinomycetota,1.6282865743436181,Actinomycetota,A26,0,female,29,adult,F508del,G542X,Heterozygous,30,Severe,Moderate-Severe,no,naive
A26H12,feces,T12,Phylum,Actinomycetota,67.05304384339757,Actinomycetota,A26,12,female,29,adult,F508del,G542X,Heterozygous,53,Moderate,Moderate-Severe,no,naive
A27H0,feces,T0,Phylum,Actinomycetota,1.0093859412186892,Actinomycetota,A27,0,female,49,adult,F508del,F508del,Homozygous,86,Mild,Normal-Mild,yes,teziva
A27H12,feces,T12,Phylum,Actinomycetota,12.16322055845001,Actinomycetota,A27,12,female,49,adult,F508del,F508del,Homozygous,92,Normal,Normal-Mild,yes,teziva
A28H0,feces,T0,Phylum,Actinomycetota,3.02526034576465,Actinomycetota,A28,0,female,38,adult,F508del,F508del,Homozygous,46,Moderate,Moderate-Severe,yes,teziva
A28H12,feces,T12,Phylum,Actinomycetota,38.806932888896554,Actinomycetota,A28,12,female,38,adult,F508del,F508del,Homozygous,62,Moderate,Moderate-Severe,yes,teziva
A30H0,feces,T0,Phylum,Actinomycetota,2.1325131149145764,Actinomycetota,A30,0,male,26,adult,F508del,F508del,Homozygous,66,Moderate,Moderate-Severe,yes,teziva
A30H12,feces,T12,Phylum,Actinomycetota,17.549313012547042,Actinomycetota,A30,12,male,26,adult,F508del,F508del,Homozygous,76,Mild,Normal-Mild,yes,teziva
P2H0,feces,T0,Phylum,Actinomycetota,6.804120058682972,Actinomycetota,P2,0,female,12,pediatric,F508del,G85E,Heterozygous,85,Mild,Normal-Mild,no,naive
P2H12,feces,T12,Phylum,Actinomycetota,87.72763754552751,Actinomycetota,P2,12,female,12,pediatric,F508del,G85E,Heterozygous,103,Normal,Normal-Mild,no,naive
P4H0,feces,T0,Phylum,Actinomycetota,6.2936678379537065,Actinomycetota,P4,0,male,16,pediatric,F508del,F508del,Homozygous,97,Normal,Normal-Mild,yes,teziva
P4H12,feces,T12,Phylum,Actinomycetota,0.6612001322400265,Actinomycetota,P4,12,male,16,pediatric,F508del,F508del,Homozygous,94,Normal,Normal-Mild,yes,teziva
P5H0,feces,T0,Phylum,Actinomycetota,0.7388160420167681,Actinomycetota,P5,0,female,17,pediatric,F508del,F508del,Homozygous,87,Mild,Normal-Mild,yes,teziva
P5H12,feces,T12,Phylum,Actinomycetota,9.658675039362029,Actinomycetota,P5,12,female,17,pediatric,F508del,F508del,Homozygous,100,Normal,Normal-Mild,yes,teziva
P11H0,feces,T0,Phylum,Actinomycetota,19.13260460316647,Actinomycetota,P11,0,male,17,pediatric,F508del,H199Y,Heterozygous,76,Mild,Normal-Mild,no,naive
P11H12,feces,T12,Phylum,Actinomycetota,3.102719080767285,Actinomycetota,P11,12,male,17,pediatric,F508del,H199Y,Heterozygous,87,Mild,Normal-Mild,no,naive
P14H0,feces,T0,Phylum,Actinomycetota,12.438622487724496,Actinomycetota,P14,0,female,7,pediatric,F508del,G542X,Heterozygous,87,Mild,Normal-Mild,no,naive
P14H12,feces,T12,Phylum,Actinomycetota,46.19829385948816,Actinomycetota,P14,12,female,7,pediatric,F508del,G542X,Heterozygous,111,Normal,Normal-Mild,no,naive
P16H0,feces,T0,Phylum,Actinomycetota,83.00568490170545,Actinomycetota,P16,0,male,9,pediatric,F508del,I507del,Heterozygous,94,Normal,Normal-Mild,no,naive
P16H12,feces,T12,Phylum,Actinomycetota,25.63480869071027,Actinomycetota,P16,12,male,9,pediatric,F508del,I507del,Heterozygous,98,Normal,Normal-Mild,no,naive
P17H0,feces,T0,Phylum,Actinomycetota,76.14411508433344,Actinomycetota,P17,0,male,6,pediatric,F508del,c.580-1G>T,Heterozygous,122,Normal,Normal-Mild,no,naive
P17H12,feces,T12,Phylum,Actinomycetota,26.422027106319177,Actinomycetota,P17,12,male,6,pediatric,F508del,c.580-1G>T,Heterozygous,134,Normal,Normal-Mild,no,naive
P20H0,feces,T0,Phylum,Actinomycetota,18.504231850423185,Actinomycetota,P20,0,male,11,pediatric,F508del,G542X,Heterozygous,77,Mild,Normal-Mild,no,naive
P20H12,feces,T12,Phylum,Actinomycetota,0.07788642092331685,Actinomycetota,P20,12,male,11,pediatric,F508del,G542X,Heterozygous,87,Mild,Normal-Mild,no,naive
P21H0,feces,T0,Phylum,Actinomycetota,2.719391674081502,Actinomycetota,P21,0,female,7,pediatric,F508del,G542X,Heterozygous,98,Normal,Normal-Mild,no,naive
P21H12,feces,T12,Phylum,Actinomycetota,42.82769179296249,Actinomycetota,P21,12,female,7,pediatric,F508del,G542X,Heterozygous,73,Mild,Normal-Mild,no,naive
P25H0,feces,T0,Phylum,Actinomycetota,38.24420235115952,Actinomycetota,P25,0,female,7,pediatric,F508del,Dele 22-23,Heterozygous,109,Normal,Normal-Mild,no,naive
P25H12,feces,T12,Phylum,Actinomycetota,6.215081513130176,Actinomycetota,P25,12,female,7,pediatric,F508del,Dele 22-23,Heterozygous,130,Normal,Normal-Mild,no,naive
P26H0,feces,T0,Phylum,Actinomycetota,33.14710022607083,Actinomycetota,P26,0,female,11,pediatric,F508del,F508del,Homozygous,92,Normal,Normal-Mild,yes,lumiva
P26H12,feces,T12,Phylum,Actinomycetota,7.147717351846129,Actinomycetota,P26,12,female,11,pediatric,F508del,F508del,Homozygous,96,Normal,Normal-Mild,yes,lumiva
P27H0,feces,T0,Phylum,Actinomycetota,8.992390908452686,Actinomycetota,P27,0,male,9,pediatric,F508del,F508del,Homozygous,87,Mild,Normal-Mild,yes,lumiva
P27H12,feces,T12,Phylum,Actinomycetota,6.8389994164640395,Actinomycetota,P27,12,male,9,pediatric,F508del,F508del,Homozygous,97,Normal,Normal-Mild,yes,lumiva
P42H0,feces,T0,Phylum,Actinomycetota,15.90608205741742,Actinomycetota,P42,0,male,17,pediatric,F508del,F508del,Homozygous,110,Normal,Normal-Mild,yes,teziva
P42H12,feces,T12,Phylum,Actinomycetota,20.77644567836932,Actinomycetota,P42,12,male,17,pediatric,F508del,F508del,Homozygous,124,Normal,Normal-Mild,yes,teziva
A1H0,feces,T0,Phylum,Bacillota,50.30464503046451,Bacillota,A1,0,male,30,adult,F508del,3849+10kbC>T,Heterozygous,84,Mild,Normal-Mild,yes,teziva
A1H12,feces,T12,Phylum,Bacillota,34.03493840168761,Bacillota,A1,12,male,30,adult,F508del,3849+10kbC>T,Heterozygous,77,Mild,Normal-Mild,yes,teziva
A3H0,feces,T0,Phylum,Bacillota,75.27164846369693,Bacillota,A3,0,male,38,adult,F508del,F508del,Homozygous,81,Mild,Normal-Mild,yes,teziva
A3H12,feces,T12,Phylum,Bacillota,62.357469881108116,Bacillota,A3,12,male,38,adult,F508del,F508del,Homozygous,89,Mild,Normal-Mild,yes,teziva
A4H0,feces,T0,Phylum,Bacillota,65.94681805727394,Bacillota,A4,0,female,66,adult,F508del,P205S,Heterozygous,32,Severe,Moderate-Severe,no,naive
A4H12,feces,T12,Phylum,Bacillota,67.09288608462838,Bacillota,A4,12,female,66,adult,F508del,P205S,Heterozygous,39,Severe,Moderate-Severe,no,naive
A6H0,feces,T0,Phylum,Bacillota,73.05160372621512,Bacillota,A6,0,male,46,adult,F508del,F508del,Homozygous,34,Severe,Moderate-Severe,yes,teziva
A6H12,feces,T12,Phylum,Bacillota,78.43388999999999,Bacillota,A6,12,male,46,adult,F508del,F508del,Homozygous,55,Moderate,Moderate-Severe,yes,teziva
A7H0,feces,T0,Phylum,Bacillota,61.78633643410557,Bacillota,A7,0,female,50,adult,F508del,R334W,Heterozygous,43,Moderate,Moderate-Severe,no,naive
A7H12,feces,T12,Phylum,Bacillota,83.27536167246384,Bacillota,A7,12,female,50,adult,F508del,R334W,Heterozygous,72,Mild,Normal-Mild,no,naive
A8H0,feces,T0,Phylum,Bacillota,51.95066735740159,Bacillota,A8,0,male,19,adult,F508del,F508del,Homozygous,81,Mild,Normal-Mild,yes,teziva
A8H12,feces,T12,Phylum,Bacillota,65.78125250744826,Bacillota,A8,12,male,19,adult,F508del,F508del,Homozygous,96,Normal,Normal-Mild,yes,teziva
A9H0,feces,T0,Phylum,Bacillota,68.68679310455708,Bacillota,A9,0,male,26,adult,F508del,F508del,Homozygous,30,Severe,Moderate-Severe,yes,lumiva_teziva
A9H12,feces,T12,Phylum,Bacillota,86.98489868499925,Bacillota,A9,12,male,26,adult,F508del,F508del,Homozygous,46,Moderate,Moderate-Severe,yes,lumiva_teziva
A10H0,feces,T0,Phylum,Bacillota,74.44730603746062,Bacillota,A10,0,male,21,adult,F508del,F508del,Homozygous,48,Moderate,Moderate-Severe,yes,teziva
A10H12,feces,T12,Phylum,Bacillota,73.78847607532568,Bacillota,A10,12,male,21,adult,F508del,F508del,Homozygous,82,Mild,Normal-Mild,yes,teziva
A12H0,feces,T0,Phylum,Bacillota,56.11528616485701,Bacillota,A12,0,male,37,adult,F508del,N1303K,Heterozygous,41,Moderate,Moderate-Severe,no,naive
A12H12,feces,T12,Phylum,Bacillota,91.73168330732666,Bacillota,A12,12,male,37,adult,F508del,N1303K,Heterozygous,61,Moderate,Moderate-Severe,no,naive
A13H0,feces,T0,Phylum,Bacillota,58.99311,Bacillota,A13,0,male,37,adult,F508del,F508del,Homozygous,83,Mild,Normal-Mild,yes,teziva
A13H12,feces,T12,Phylum,Bacillota,60.86443608644363,Bacillota,A13,12,male,37,adult,F508del,F508del,Homozygous,97,Normal,Normal-Mild,yes,teziva
A16H0,feces,T0,Phylum,Bacillota,73.5740102660835,Bacillota,A16,0,male,46,adult,F508del,F508del,Homozygous,62,Moderate,Moderate-Severe,yes,teziva
A16H12,feces,T12,Phylum,Bacillota,72.11529057332235,Bacillota,A16,12,male,46,adult,F508del,F508del,Homozygous,59,Moderate,Moderate-Severe,yes,teziva
A17H0,feces,T0,Phylum,Bacillota,68.58462019581667,Bacillota,A17,0,male,54,adult,F508del,N1303K,Heterozygous,52,Moderate,Moderate-Severe,no,naive
A17H12,feces,T12,Phylum,Bacillota,79.52563479137126,Bacillota,A17,12,male,54,adult,F508del,N1303K,Heterozygous,66,Moderate,Moderate-Severe,no,naive
A19H0,feces,T0,Phylum,Bacillota,66.52975548011463,Bacillota,A19,0,female,48,adult,F508del,F508del,Homozygous,64,Moderate,Moderate-Severe,yes,teziva
A19H12,feces,T12,Phylum,Bacillota,47.72306999999999,Bacillota,A19,12,female,48,adult,F508del,F508del,Homozygous,70,Mild,Normal-Mild,yes,teziva
A20H0,feces,T0,Phylum,Bacillota,73.17870128499217,Bacillota,A20,0,female,45,adult,F508del,R117C,Heterozygous,64,Moderate,Moderate-Severe,yes,teziva
A20H12,feces,T12,Phylum,Bacillota,68.28446308620398,Bacillota,A20,12,female,45,adult,F508del,R117C,Heterozygous,62,Moderate,Moderate-Severe,yes,teziva
A22H0,feces,T0,Phylum,Bacillota,51.47366480872033,Bacillota,A22,0,male,56,adult,F508del,F508del,Homozygous,69,Moderate,Moderate-Severe,yes,teziva
A22H12,feces,T12,Phylum,Bacillota,79.24314013314904,Bacillota,A22,12,male,56,adult,F508del,F508del,Homozygous,84,Mild,Normal-Mild,yes,teziva
A24H0,feces,T0,Phylum,Bacillota,75.22715465116292,Bacillota,A24,0,female,63,adult,F508del,L206W,Heterozygous,43,Moderate,Moderate-Severe,yes,teziva
A24H12,feces,T12,Phylum,Bacillota,70.14945134506212,Bacillota,A24,12,female,63,adult,F508del,L206W,Heterozygous,40,Moderate,Moderate-Severe,yes,teziva
A25H0,feces,T0,Phylum,Bacillota,79.65234153450015,Bacillota,A25,0,female,23,adult,F508del,H1194/V754M,Heterozygous,63,Moderate,Moderate-Severe,no,naive
A25H12,feces,T12,Phylum,Bacillota,73.19223359413604,Bacillota,A25,12,female,23,adult,F508del,H1194/V754M,Heterozygous,80,Mild,Normal-Mild,no,naive
A26H0,feces,T0,Phylum,Bacillota,58.97831094953065,Bacillota,A26,0,female,29,adult,F508del,G542X,Heterozygous,30,Severe,Moderate-Severe,no,naive
A26H12,feces,T12,Phylum,Bacillota,21.118853108705153,Bacillota,A26,12,female,29,adult,F508del,G542X,Heterozygous,53,Moderate,Moderate-Severe,no,naive
A27H0,feces,T0,Phylum,Bacillota,83.79034341182572,Bacillota,A27,0,female,49,adult,F508del,F508del,Homozygous,86,Mild,Normal-Mild,yes,teziva
A27H12,feces,T12,Phylum,Bacillota,78.60974079724427,Bacillota,A27,12,female,49,adult,F508del,F508del,Homozygous,92,Normal,Normal-Mild,yes,teziva
A28H0,feces,T0,Phylum,Bacillota,69.28762943605955,Bacillota,A28,0,female,38,adult,F508del,F508del,Homozygous,46,Moderate,Moderate-Severe,yes,teziva
A28H12,feces,T12,Phylum,Bacillota,14.893673170479193,Bacillota,A28,12,female,38,adult,F508del,F508del,Homozygous,62,Moderate,Moderate-Severe,yes,teziva
A30H0,feces,T0,Phylum,Bacillota,57.85258171716233,Bacillota,A30,0,male,26,adult,F508del,F508del,Homozygous,66,Moderate,Moderate-Severe,yes,teziva
A30H12,feces,T12,Phylum,Bacillota,65.21843272558961,Bacillota,A30,12,male,26,adult,F508del,F508del,Homozygous,76,Mild,Normal-Mild,yes,teziva
P2H0,feces,T0,Phylum,Bacillota,61.09135395004102,Bacillota,P2,0,female,12,pediatric,F508del,G85E,Heterozygous,85,Mild,Normal-Mild,no,naive
P2H12,feces,T12,Phylum,Bacillota,8.541861708372345,Bacillota,P2,12,female,12,pediatric,F508del,G85E,Heterozygous,103,Normal,Normal-Mild,no,naive
P4H0,feces,T0,Phylum,Bacillota,44.59270062464188,Bacillota,P4,0,male,16,pediatric,F508del,F508del,Homozygous,97,Normal,Normal-Mild,yes,teziva
P4H12,feces,T12,Phylum,Bacillota,16.881283376256672,Bacillota,P4,12,male,16,pediatric,F508del,F508del,Homozygous,94,Normal,Normal-Mild,yes,teziva
P5H0,feces,T0,Phylum,Bacillota,84.51871889344322,Bacillota,P5,0,female,17,pediatric,F508del,F508del,Homozygous,87,Mild,Normal-Mild,yes,teziva
P5H12,feces,T12,Phylum,Bacillota,53.461288186069986,Bacillota,P5,12,female,17,pediatric,F508del,F508del,Homozygous,100,Normal,Normal-Mild,yes,teziva
P11H0,feces,T0,Phylum,Bacillota,75.25908502611412,Bacillota,P11,0,male,17,pediatric,F508del,H199Y,Heterozygous,76,Mild,Normal-Mild,no,naive
P11H12,feces,T12,Phylum,Bacillota,61.243851599989526,Bacillota,P11,12,male,17,pediatric,F508del,H199Y,Heterozygous,87,Mild,Normal-Mild,no,naive
P14H0,feces,T0,Phylum,Bacillota,74.874264974853,Bacillota,P14,0,female,7,pediatric,F508del,G542X,Heterozygous,87,Mild,Normal-Mild,no,naive
P14H12,feces,T12,Phylum,Bacillota,34.952380485714144,Bacillota,P14,12,female,7,pediatric,F508del,G542X,Heterozygous,111,Normal,Normal-Mild,no,naive
P16H0,feces,T0,Phylum,Bacillota,4.608421382526416,Bacillota,P16,0,male,9,pediatric,F508del,I507del,Heterozygous,94,Normal,Normal-Mild,no,naive
P16H12,feces,T12,Phylum,Bacillota,59.798553575382954,Bacillota,P16,12,male,9,pediatric,F508del,I507del,Heterozygous,98,Normal,Normal-Mild,no,naive
P17H0,feces,T0,Phylum,Bacillota,18.987768718643718,Bacillota,P17,0,male,6,pediatric,F508del,c.580-1G>T,Heterozygous,122,Normal,Normal-Mild,no,naive
P17H12,feces,T12,Phylum,Bacillota,63.65844452858526,Bacillota,P17,12,male,6,pediatric,F508del,c.580-1G>T,Heterozygous,134,Normal,Normal-Mild,no,naive
P20H0,feces,T0,Phylum,Bacillota,72.05977720597771,Bacillota,P20,0,male,11,pediatric,F508del,G542X,Heterozygous,77,Mild,Normal-Mild,no,naive
P20H12,feces,T12,Phylum,Bacillota,66.39907949318487,Bacillota,P20,12,male,11,pediatric,F508del,G542X,Heterozygous,87,Mild,Normal-Mild,no,naive
P21H0,feces,T0,Phylum,Bacillota,66.66998988964235,Bacillota,P21,0,female,7,pediatric,F508del,G542X,Heterozygous,98,Normal,Normal-Mild,no,naive
P21H12,feces,T12,Phylum,Bacillota,45.848896444827034,Bacillota,P21,12,female,7,pediatric,F508del,G542X,Heterozygous,73,Mild,Normal-Mild,no,naive
P25H0,feces,T0,Phylum,Bacillota,48.104490379101925,Bacillota,P25,0,female,7,pediatric,F508del,Dele 22-23,Heterozygous,109,Normal,Normal-Mild,no,naive
P25H12,feces,T12,Phylum,Bacillota,76.03860211040163,Bacillota,P25,12,female,7,pediatric,F508del,Dele 22-23,Heterozygous,130,Normal,Normal-Mild,no,naive
P26H0,feces,T0,Phylum,Bacillota,30.754453835695173,Bacillota,P26,0,female,11,pediatric,F508del,F508del,Homozygous,92,Normal,Normal-Mild,yes,lumiva
P26H12,feces,T12,Phylum,Bacillota,78.4133517741263,Bacillota,P26,12,female,11,pediatric,F508del,F508del,Homozygous,96,Normal,Normal-Mild,yes,lumiva
P27H0,feces,T0,Phylum,Bacillota,7.885529405199576,Bacillota,P27,0,male,9,pediatric,F508del,F508del,Homozygous,87,Mild,Normal-Mild,yes,lumiva
P27H12,feces,T12,Phylum,Bacillota,81.17682720760682,Bacillota,P27,12,male,9,pediatric,F508del,F508del,Homozygous,97,Normal,Normal-Mild,yes,lumiva
P42H0,feces,T0,Phylum,Bacillota,64.52376074311309,Bacillota,P42,0,male,17,pediatric,F508del,F508del,Homozygous,110,Normal,Normal-Mild,yes,teziva
P42H12,feces,T12,Phylum,Bacillota,71.38565513191057,Bacillota,P42,12,male,17,pediatric,F508del,F508del,Homozygous,124,Normal,Normal-Mild,yes,teziva
A1H0,feces,T0,Phylum,Bacteroidota,0.17051001705100172,Bacteroidota,A1,0,male,30,adult,F508del,3849+10kbC>T,Heterozygous,84,Mild,Normal-Mild,yes,teziva
A1H12,feces,T12,Phylum,Bacteroidota,0.2500437275989972,Bacteroidota,A1,12,male,30,adult,F508del,3849+10kbC>T,Heterozygous,77,Mild,Normal-Mild,yes,teziva
A3H0,feces,T0,Phylum,Bacteroidota,0.011168657372709948,Bacteroidota,A3,0,male,38,adult,F508del,F508del,Homozygous,81,Mild,Normal-Mild,yes,teziva
A3H12,feces,T12,Phylum,Bacteroidota,3.818809182616055,Bacteroidota,A3,12,male,38,adult,F508del,F508del,Homozygous,89,Mild,Normal-Mild,yes,teziva
A4H0,feces,T0,Phylum,Bacteroidota,5.855251028342028,Bacteroidota,A4,0,female,66,adult,F508del,P205S,Heterozygous,32,Severe,Moderate-Severe,no,naive
A4H12,feces,T12,Phylum,Bacteroidota,7.13767682582174,Bacteroidota,A4,12,female,66,adult,F508del,P205S,Heterozygous,39,Severe,Moderate-Severe,no,naive
A6H0,feces,T0,Phylum,Bacteroidota,2.2373671748584374,Bacteroidota,A6,0,male,46,adult,F508del,F508del,Homozygous,34,Severe,Moderate-Severe,yes,teziva
A6H12,feces,T12,Phylum,Bacteroidota,0.01559,Bacteroidota,A6,12,male,46,adult,F508del,F508del,Homozygous,55,Moderate,Moderate-Severe,yes,teziva
A7H0,feces,T0,Phylum,Bacteroidota,13.62021302012323,Bacteroidota,A7,0,female,50,adult,F508del,R334W,Heterozygous,43,Moderate,Moderate-Severe,no,naive
A7H12,feces,T12,Phylum,Bacteroidota,0.2542999745700026,Bacteroidota,A7,12,female,50,adult,F508del,R334W,Heterozygous,72,Mild,Normal-Mild,no,naive
A8H0,feces,T0,Phylum,Bacteroidota,8.450758769369756,Bacteroidota,A8,0,male,19,adult,F508del,F508del,Homozygous,81,Mild,Normal-Mild,yes,teziva
A8H12,feces,T12,Phylum,Bacteroidota,1.4125985909742864,Bacteroidota,A8,12,male,19,adult,F508del,F508del,Homozygous,96,Normal,Normal-Mild,yes,teziva
A9H0,feces,T0,Phylum,Bacteroidota,1.3391312402005109,Bacteroidota,A9,0,male,26,adult,F508del,F508del,Homozygous,30,Severe,Moderate-Severe,yes,lumiva_teziva
A9H12,feces,T12,Phylum,Bacteroidota,0,Bacteroidota,A9,12,male,26,adult,F508del,F508del,Homozygous,46,Moderate,Moderate-Severe,yes,lumiva_teziva
A10H0,feces,T0,Phylum,Bacteroidota,0.286389590770171,Bacteroidota,A10,0,male,21,adult,F508del,F508del,Homozygous,48,Moderate,Moderate-Severe,yes,teziva
A10H12,feces,T12,Phylum,Bacteroidota,0.1005177314030756,Bacteroidota,A10,12,male,21,adult,F508del,F508del,Homozygous,82,Mild,Normal-Mild,yes,teziva
A12H0,feces,T0,Phylum,Bacteroidota,0.058477125068639765,Bacteroidota,A12,0,male,37,adult,F508del,N1303K,Heterozygous,41,Moderate,Moderate-Severe,no,naive
A12H12,feces,T12,Phylum,Bacteroidota,0,Bacteroidota,A12,12,male,37,adult,F508del,N1303K,Heterozygous,61,Moderate,Moderate-Severe,no,naive
A13H0,feces,T0,Phylum,Bacteroidota,0.00579,Bacteroidota,A13,0,male,37,adult,F508del,F508del,Homozygous,83,Mild,Normal-Mild,yes,teziva
A13H12,feces,T12,Phylum,Bacteroidota,0.017220001722000174,Bacteroidota,A13,12,male,37,adult,F508del,F508del,Homozygous,97,Normal,Normal-Mild,yes,teziva
A16H0,feces,T0,Phylum,Bacteroidota,0.72189018072867,Bacteroidota,A16,0,male,46,adult,F508del,F508del,Homozygous,62,Moderate,Moderate-Severe,yes,teziva
A16H12,feces,T12,Phylum,Bacteroidota,0.4802203951271288,Bacteroidota,A16,12,male,46,adult,F508del,F508del,Homozygous,59,Moderate,Moderate-Severe,yes,teziva
A17H0,feces,T0,Phylum,Bacteroidota,5.82226348919993,Bacteroidota,A17,0,male,54,adult,F508del,N1303K,Heterozygous,52,Moderate,Moderate-Severe,no,naive
A17H12,feces,T12,Phylum,Bacteroidota,5.901270670788968,Bacteroidota,A17,12,male,54,adult,F508del,N1303K,Heterozygous,66,Moderate,Moderate-Severe,no,naive
A19H0,feces,T0,Phylum,Bacteroidota,8.25840689625927,Bacteroidota,A19,0,female,48,adult,F508del,F508del,Homozygous,64,Moderate,Moderate-Severe,yes,teziva
A19H12,feces,T12,Phylum,Bacteroidota,0.23010999999999998,Bacteroidota,A19,12,female,48,adult,F508del,F508del,Homozygous,70,Mild,Normal-Mild,yes,teziva
A20H0,feces,T0,Phylum,Bacteroidota,0.9758462884460692,Bacteroidota,A20,0,female,45,adult,F508del,R117C,Heterozygous,64,Moderate,Moderate-Severe,yes,teziva
A20H12,feces,T12,Phylum,Bacteroidota,0.22010035692305946,Bacteroidota,A20,12,female,45,adult,F508del,R117C,Heterozygous,62,Moderate,Moderate-Severe,yes,teziva
A22H0,feces,T0,Phylum,Bacteroidota,4.601530975611371,Bacteroidota,A22,0,male,56,adult,F508del,F508del,Homozygous,69,Moderate,Moderate-Severe,yes,teziva
A22H12,feces,T12,Phylum,Bacteroidota,0.8378821094624459,Bacteroidota,A22,12,male,56,adult,F508del,F508del,Homozygous,84,Mild,Normal-Mild,yes,teziva
A24H0,feces,T0,Phylum,Bacteroidota,0.039238793518076714,Bacteroidota,A24,0,female,63,adult,F508del,L206W,Heterozygous,43,Moderate,Moderate-Severe,yes,teziva
A24H12,feces,T12,Phylum,Bacteroidota,0.34196307766769907,Bacteroidota,A24,12,female,63,adult,F508del,L206W,Heterozygous,40,Moderate,Moderate-Severe,yes,teziva
A25H0,feces,T0,Phylum,Bacteroidota,0.1992431456474839,Bacteroidota,A25,0,female,23,adult,F508del,H1194/V754M,Heterozygous,63,Moderate,Moderate-Severe,no,naive
A25H12,feces,T12,Phylum,Bacteroidota,0.38130809850452535,Bacteroidota,A25,12,female,23,adult,F508del,H1194/V754M,Heterozygous,80,Mild,Normal-Mild,no,naive
A26H0,feces,T0,Phylum,Bacteroidota,1.145498345908535,Bacteroidota,A26,0,female,29,adult,F508del,G542X,Heterozygous,30,Severe,Moderate-Severe,no,naive
A26H12,feces,T12,Phylum,Bacteroidota,0.09712119506970016,Bacteroidota,A26,12,female,29,adult,F508del,G542X,Heterozygous,53,Moderate,Moderate-Severe,no,naive
A27H0,feces,T0,Phylum,Bacteroidota,0.20808534779343832,Bacteroidota,A27,0,female,49,adult,F508del,F508del,Homozygous,86,Mild,Normal-Mild,yes,teziva
A27H12,feces,T12,Phylum,Bacteroidota,0.04989009231723678,Bacteroidota,A27,12,female,49,adult,F508del,F508del,Homozygous,92,Normal,Normal-Mild,yes,teziva
A28H0,feces,T0,Phylum,Bacteroidota,12.450460261756549,Bacteroidota,A28,0,female,38,adult,F508del,F508del,Homozygous,46,Moderate,Moderate-Severe,yes,teziva
A28H12,feces,T12,Phylum,Bacteroidota,14.82189202987768,Bacteroidota,A28,12,female,38,adult,F508del,F508del,Homozygous,62,Moderate,Moderate-Severe,yes,teziva
A30H0,feces,T0,Phylum,Bacteroidota,2.229042012313897,Bacteroidota,A30,0,male,26,adult,F508del,F508del,Homozygous,66,Moderate,Moderate-Severe,yes,teziva
A30H12,feces,T12,Phylum,Bacteroidota,0.21812941876049818,Bacteroidota,A30,12,male,26,adult,F508del,F508del,Homozygous,76,Mild,Normal-Mild,yes,teziva
P2H0,feces,T0,Phylum,Bacteroidota,12.923695521930348,Bacteroidota,P2,0,female,12,pediatric,F508del,G85E,Heterozygous,85,Mild,Normal-Mild,no,naive
P2H12,feces,T12,Phylum,Bacteroidota,0.38042007608401524,Bacteroidota,P2,12,female,12,pediatric,F508del,G85E,Heterozygous,103,Normal,Normal-Mild,no,naive
P4H0,feces,T0,Phylum,Bacteroidota,0.4384713702455697,Bacteroidota,P4,0,male,16,pediatric,F508del,F508del,Homozygous,97,Normal,Normal-Mild,yes,teziva
P4H12,feces,T12,Phylum,Bacteroidota,8.816651763330352,Bacteroidota,P4,12,male,16,pediatric,F508del,F508del,Homozygous,94,Normal,Normal-Mild,yes,teziva
P5H0,feces,T0,Phylum,Bacteroidota,0.03274558639703934,Bacteroidota,P5,0,female,17,pediatric,F508del,F508del,Homozygous,87,Mild,Normal-Mild,yes,teziva
P5H12,feces,T12,Phylum,Bacteroidota,0.9153634839182279,Bacteroidota,P5,12,female,17,pediatric,F508del,F508del,Homozygous,100,Normal,Normal-Mild,yes,teziva
P11H0,feces,T0,Phylum,Bacteroidota,0.10252769782988576,Bacteroidota,P11,0,male,17,pediatric,F508del,H199Y,Heterozygous,76,Mild,Normal-Mild,no,naive
P11H12,feces,T12,Phylum,Bacteroidota,1.4122892737709989,Bacteroidota,P11,12,male,17,pediatric,F508del,H199Y,Heterozygous,87,Mild,Normal-Mild,no,naive
P14H0,feces,T0,Phylum,Bacteroidota,0.08553001710600343,Bacteroidota,P14,0,female,7,pediatric,F508del,G542X,Heterozygous,87,Mild,Normal-Mild,no,naive
P14H12,feces,T12,Phylum,Bacteroidota,0.020480006144001844,Bacteroidota,P14,12,female,7,pediatric,F508del,G542X,Heterozygous,111,Normal,Normal-Mild,no,naive
P16H0,feces,T0,Phylum,Bacteroidota,0.9547202864160859,Bacteroidota,P16,0,male,9,pediatric,F508del,I507del,Heterozygous,94,Normal,Normal-Mild,no,naive
P16H12,feces,T12,Phylum,Bacteroidota,0.032136768003341504,Bacteroidota,P16,12,male,9,pediatric,F508del,I507del,Heterozygous,98,Normal,Normal-Mild,no,naive
P17H0,feces,T0,Phylum,Bacteroidota,0,Bacteroidota,P17,0,male,6,pediatric,F508del,c.580-1G>T,Heterozygous,122,Normal,Normal-Mild,no,naive
P17H12,feces,T12,Phylum,Bacteroidota,0,Bacteroidota,P17,12,male,6,pediatric,F508del,c.580-1G>T,Heterozygous,134,Normal,Normal-Mild,no,naive
P20H0,feces,T0,Phylum,Bacteroidota,0.7744700774470077,Bacteroidota,P20,0,male,11,pediatric,F508del,G542X,Heterozygous,77,Mild,Normal-Mild,no,naive
P20H12,feces,T12,Phylum,Bacteroidota,0.5837128415824423,Bacteroidota,P20,12,male,11,pediatric,F508del,G542X,Heterozygous,87,Mild,Normal-Mild,no,naive
P21H0,feces,T0,Phylum,Bacteroidota,3.421863656022333,Bacteroidota,P21,0,female,7,pediatric,F508del,G542X,Heterozygous,98,Normal,Normal-Mild,no,naive
P21H12,feces,T12,Phylum,Bacteroidota,0.1100373514675849,Bacteroidota,P21,12,female,7,pediatric,F508del,G542X,Heterozygous,73,Mild,Normal-Mild,no,naive
P25H0,feces,T0,Phylum,Bacteroidota,1.6358096728380653,Bacteroidota,P25,0,female,7,pediatric,F508del,Dele 22-23,Heterozygous,109,Normal,Normal-Mild,no,naive
P25H12,feces,T12,Phylum,Bacteroidota,0.08920714646137813,Bacteroidota,P25,12,female,7,pediatric,F508del,Dele 22-23,Heterozygous,130,Normal,Normal-Mild,no,naive
P26H0,feces,T0,Phylum,Bacteroidota,1.5272296210860612,Bacteroidota,P26,0,female,11,pediatric,F508del,F508del,Homozygous,92,Normal,Normal-Mild,yes,lumiva
P26H12,feces,T12,Phylum,Bacteroidota,0.5688844620318674,Bacteroidota,P26,12,female,11,pediatric,F508del,F508del,Homozygous,96,Normal,Normal-Mild,yes,lumiva
P27H0,feces,T0,Phylum,Bacteroidota,0.07336473936216281,Bacteroidota,P27,0,male,9,pediatric,F508del,F508del,Homozygous,87,Mild,Normal-Mild,yes,lumiva
P27H12,feces,T12,Phylum,Bacteroidota,0.13557128530725307,Bacteroidota,P27,12,male,9,pediatric,F508del,F508del,Homozygous,97,Normal,Normal-Mild,yes,lumiva
P42H0,feces,T0,Phylum,Bacteroidota,0.0776916119120055,Bacteroidota,P42,0,male,17,pediatric,F508del,F508del,Homozygous,110,Normal,Normal-Mild,yes,teziva
P42H12,feces,T12,Phylum,Bacteroidota,0.0023427249000757145,Bacteroidota,P42,12,male,17,pediatric,F508del,F508del,Homozygous,124,Normal,Normal-Mild,yes,teziva
A1H0,feces,T0,Phylum,Pseudomonadota,0.016830001683000168,Pseudomonadota,A1,0,male,30,adult,F508del,3849+10kbC>T,Heterozygous,84,Mild,Normal-Mild,yes,teziva
A1H12,feces,T12,Phylum,Pseudomonadota,0.2622353628749579,Pseudomonadota,A1,12,male,30,adult,F508del,3849+10kbC>T,Heterozygous,77,Mild,Normal-Mild,yes,teziva
A3H0,feces,T0,Phylum,Pseudomonadota,0.047205656161633774,Pseudomonadota,A3,0,male,38,adult,F508del,F508del,Homozygous,81,Mild,Normal-Mild,yes,teziva
A3H12,feces,T12,Phylum,Pseudomonadota,0.2803208712290832,Pseudomonadota,A3,12,male,38,adult,F508del,F508del,Homozygous,89,Mild,Normal-Mild,yes,teziva
A4H0,feces,T0,Phylum,Pseudomonadota,0.10981947959361779,Pseudomonadota,A4,0,female,66,adult,F508del,P205S,Heterozygous,32,Severe,Moderate-Severe,no,naive
A4H12,feces,T12,Phylum,Pseudomonadota,0.2883476468759888,Pseudomonadota,A4,12,female,66,adult,F508del,P205S,Heterozygous,39,Severe,Moderate-Severe,no,naive
A6H0,feces,T0,Phylum,Pseudomonadota,0.03948971421551035,Pseudomonadota,A6,0,male,46,adult,F508del,F508del,Homozygous,34,Severe,Moderate-Severe,yes,teziva
A6H12,feces,T12,Phylum,Pseudomonadota,0,Pseudomonadota,A6,12,male,46,adult,F508del,F508del,Homozygous,55,Moderate,Moderate-Severe,yes,teziva
A7H0,feces,T0,Phylum,Pseudomonadota,0.12276813952765069,Pseudomonadota,A7,0,female,50,adult,F508del,R334W,Heterozygous,43,Moderate,Moderate-Severe,no,naive
A7H12,feces,T12,Phylum,Pseudomonadota,0,Pseudomonadota,A7,12,female,50,adult,F508del,R334W,Heterozygous,72,Mild,Normal-Mild,no,naive
A8H0,feces,T0,Phylum,Pseudomonadota,3.3390035104797544,Pseudomonadota,A8,0,male,19,adult,F508del,F508del,Homozygous,81,Mild,Normal-Mild,yes,teziva
A8H12,feces,T12,Phylum,Pseudomonadota,10.756015781620897,Pseudomonadota,A8,12,male,19,adult,F508del,F508del,Homozygous,96,Normal,Normal-Mild,yes,teziva
A9H0,feces,T0,Phylum,Pseudomonadota,10.494334118067705,Pseudomonadota,A9,0,male,26,adult,F508del,F508del,Homozygous,30,Severe,Moderate-Severe,yes,lumiva_teziva
A9H12,feces,T12,Phylum,Pseudomonadota,0.33571519938200234,Pseudomonadota,A9,12,male,26,adult,F508del,F508del,Homozygous,46,Moderate,Moderate-Severe,yes,lumiva_teziva
A10H0,feces,T0,Phylum,Pseudomonadota,0.029466998763647636,Pseudomonadota,A10,0,male,21,adult,F508del,F508del,Homozygous,48,Moderate,Moderate-Severe,yes,teziva
A10H12,feces,T12,Phylum,Pseudomonadota,0.4715607737180506,Pseudomonadota,A10,12,male,21,adult,F508del,F508del,Homozygous,82,Mild,Normal-Mild,yes,teziva
A12H0,feces,T0,Phylum,Pseudomonadota,0.9861893234730424,Pseudomonadota,A12,0,male,37,adult,F508del,N1303K,Heterozygous,41,Moderate,Moderate-Severe,no,naive
A12H12,feces,T12,Phylum,Pseudomonadota,1.7620992951602819,Pseudomonadota,A12,12,male,37,adult,F508del,N1303K,Heterozygous,61,Moderate,Moderate-Severe,no,naive
A13H0,feces,T0,Phylum,Pseudomonadota,0.0036,Pseudomonadota,A13,0,male,37,adult,F508del,F508del,Homozygous,83,Mild,Normal-Mild,yes,teziva
A13H12,feces,T12,Phylum,Pseudomonadota,3.147910314791032,Pseudomonadota,A13,12,male,37,adult,F508del,F508del,Homozygous,97,Normal,Normal-Mild,yes,teziva
A16H0,feces,T0,Phylum,Pseudomonadota,0.15697937492498304,Pseudomonadota,A16,0,male,46,adult,F508del,F508del,Homozygous,62,Moderate,Moderate-Severe,yes,teziva
A16H12,feces,T12,Phylum,Pseudomonadota,9.550375341912272,Pseudomonadota,A16,12,male,46,adult,F508del,F508del,Homozygous,59,Moderate,Moderate-Severe,yes,teziva
A17H0,feces,T0,Phylum,Pseudomonadota,0,Pseudomonadota,A17,0,male,54,adult,F508del,N1303K,Heterozygous,52,Moderate,Moderate-Severe,no,naive
A17H12,feces,T12,Phylum,Pseudomonadota,0,Pseudomonadota,A17,12,male,54,adult,F508del,N1303K,Heterozygous,66,Moderate,Moderate-Severe,no,naive
A19H0,feces,T0,Phylum,Pseudomonadota,3.1341986995104163,Pseudomonadota,A19,0,female,48,adult,F508del,F508del,Homozygous,64,Moderate,Moderate-Severe,yes,teziva
A19H12,feces,T12,Phylum,Pseudomonadota,0.22429,Pseudomonadota,A19,12,female,48,adult,F508del,F508del,Homozygous,70,Mild,Normal-Mild,yes,teziva
A20H0,feces,T0,Phylum,Pseudomonadota,0.0037872690949373677,Pseudomonadota,A20,0,female,45,adult,F508del,R117C,Heterozygous,64,Moderate,Moderate-Severe,yes,teziva
A20H12,feces,T12,Phylum,Pseudomonadota,1.316283665485979,Pseudomonadota,A20,12,female,45,adult,F508del,R117C,Heterozygous,62,Moderate,Moderate-Severe,yes,teziva
A22H0,feces,T0,Phylum,Pseudomonadota,0.12979417650042488,Pseudomonadota,A22,0,male,56,adult,F508del,F508del,Homozygous,69,Moderate,Moderate-Severe,yes,teziva
A22H12,feces,T12,Phylum,Pseudomonadota,0.029312054003879366,Pseudomonadota,A22,12,male,56,adult,F508del,F508del,Homozygous,84,Mild,Normal-Mild,yes,teziva
A24H0,feces,T0,Phylum,Pseudomonadota,0,Pseudomonadota,A24,0,female,63,adult,F508del,L206W,Heterozygous,43,Moderate,Moderate-Severe,yes,teziva
A24H12,feces,T12,Phylum,Pseudomonadota,0.018400165601490413,Pseudomonadota,A24,12,female,63,adult,F508del,L206W,Heterozygous,40,Moderate,Moderate-Severe,yes,teziva
A25H0,feces,T0,Phylum,Pseudomonadota,0,Pseudomonadota,A25,0,female,23,adult,F508del,H1194/V754M,Heterozygous,63,Moderate,Moderate-Severe,no,naive
A25H12,feces,T12,Phylum,Pseudomonadota,0.12239321562158482,Pseudomonadota,A25,12,female,23,adult,F508del,H1194/V754M,Heterozygous,80,Mild,Normal-Mild,no,naive
A26H0,feces,T0,Phylum,Pseudomonadota,8.12388514496138,Pseudomonadota,A26,0,female,29,adult,F508del,G542X,Heterozygous,30,Severe,Moderate-Severe,no,naive
A26H12,feces,T12,Phylum,Pseudomonadota,2.137957072653632,Pseudomonadota,A26,12,female,29,adult,F508del,G542X,Heterozygous,53,Moderate,Moderate-Severe,no,naive
A27H0,feces,T0,Phylum,Pseudomonadota,0.057841486526203724,Pseudomonadota,A27,0,female,49,adult,F508del,F508del,Homozygous,86,Mild,Normal-Mild,yes,teziva
A27H12,feces,T12,Phylum,Pseudomonadota,0.05761488038968245,Pseudomonadota,A27,12,female,49,adult,F508del,F508del,Homozygous,92,Normal,Normal-Mild,yes,teziva
A28H0,feces,T0,Phylum,Pseudomonadota,3.6432330917722555,Pseudomonadota,A28,0,female,38,adult,F508del,F508del,Homozygous,46,Moderate,Moderate-Severe,yes,teziva
A28H12,feces,T12,Phylum,Pseudomonadota,0.1221964298220595,Pseudomonadota,A28,12,female,38,adult,F508del,F508del,Homozygous,62,Moderate,Moderate-Severe,yes,teziva
A30H0,feces,T0,Phylum,Pseudomonadota,0.987482404317008,Pseudomonadota,A30,0,male,26,adult,F508del,F508del,Homozygous,66,Moderate,Moderate-Severe,yes,teziva
A30H12,feces,T12,Phylum,Pseudomonadota,0.05921273619076199,Pseudomonadota,A30,12,male,26,adult,F508del,F508del,Homozygous,76,Mild,Normal-Mild,yes,teziva
P2H0,feces,T0,Phylum,Pseudomonadota,2.791855005257567,Pseudomonadota,P2,0,female,12,pediatric,F508del,G85E,Heterozygous,85,Mild,Normal-Mild,no,naive
P2H12,feces,T12,Phylum,Pseudomonadota,0.023220004644000928,Pseudomonadota,P2,12,female,12,pediatric,F508del,G85E,Heterozygous,103,Normal,Normal-Mild,no,naive
P4H0,feces,T0,Phylum,Pseudomonadota,10.329629822544005,Pseudomonadota,P4,0,male,16,pediatric,F508del,F508del,Homozygous,97,Normal,Normal-Mild,yes,teziva
P4H12,feces,T12,Phylum,Pseudomonadota,3.996540799308161,Pseudomonadota,P4,12,male,16,pediatric,F508del,F508del,Homozygous,94,Normal,Normal-Mild,yes,teziva
P5H0,feces,T0,Phylum,Pseudomonadota,0.029575045502762774,Pseudomonadota,P5,0,female,17,pediatric,F508del,F508del,Homozygous,87,Mild,Normal-Mild,yes,teziva
P5H12,feces,T12,Phylum,Pseudomonadota,10.593662028038207,Pseudomonadota,P5,12,female,17,pediatric,F508del,F508del,Homozygous,100,Normal,Normal-Mild,yes,teziva
P11H0,feces,T0,Phylum,Pseudomonadota,1.5875435038058061,Pseudomonadota,P11,0,male,17,pediatric,F508del,H199Y,Heterozygous,76,Mild,Normal-Mild,no,naive
P11H12,feces,T12,Phylum,Pseudomonadota,8.706488178626472,Pseudomonadota,P11,12,male,17,pediatric,F508del,H199Y,Heterozygous,87,Mild,Normal-Mild,no,naive
P14H0,feces,T0,Phylum,Pseudomonadota,0.2548500509700102,Pseudomonadota,P14,0,female,7,pediatric,F508del,G542X,Heterozygous,87,Mild,Normal-Mild,no,naive
P14H12,feces,T12,Phylum,Pseudomonadota,0.008480002544000763,Pseudomonadota,P14,12,female,7,pediatric,F508del,G542X,Heterozygous,111,Normal,Normal-Mild,no,naive
P16H0,feces,T0,Phylum,Pseudomonadota,0.04148001244400373,Pseudomonadota,P16,0,male,9,pediatric,F508del,I507del,Heterozygous,94,Normal,Normal-Mild,no,naive
P16H12,feces,T12,Phylum,Pseudomonadota,0.026745632630231927,Pseudomonadota,P16,12,male,9,pediatric,F508del,I507del,Heterozygous,98,Normal,Normal-Mild,no,naive
P17H0,feces,T0,Phylum,Pseudomonadota,0.47883454486511945,Pseudomonadota,P17,0,male,6,pediatric,F508del,c.580-1G>T,Heterozygous,122,Normal,Normal-Mild,no,naive
P17H12,feces,T12,Phylum,Pseudomonadota,0.041765761121459716,Pseudomonadota,P17,12,male,6,pediatric,F508del,c.580-1G>T,Heterozygous,134,Normal,Normal-Mild,no,naive
P20H0,feces,T0,Phylum,Pseudomonadota,0,Pseudomonadota,P20,0,male,11,pediatric,F508del,G542X,Heterozygous,77,Mild,Normal-Mild,no,naive
P20H12,feces,T12,Phylum,Pseudomonadota,0.03085234944193574,Pseudomonadota,P20,12,male,11,pediatric,F508del,G542X,Heterozygous,87,Mild,Normal-Mild,no,naive
P21H0,feces,T0,Phylum,Pseudomonadota,6.625710389518508,Pseudomonadota,P21,0,female,7,pediatric,F508del,G542X,Heterozygous,98,Normal,Normal-Mild,no,naive
P21H12,feces,T12,Phylum,Pseudomonadota,0.024162593543755006,Pseudomonadota,P21,12,female,7,pediatric,F508del,G542X,Heterozygous,73,Mild,Normal-Mild,no,naive
P25H0,feces,T0,Phylum,Pseudomonadota,0,Pseudomonadota,P25,0,female,7,pediatric,F508del,Dele 22-23,Heterozygous,109,Normal,Normal-Mild,no,naive
P25H12,feces,T12,Phylum,Pseudomonadota,2.101843290710695,Pseudomonadota,P25,12,female,7,pediatric,F508del,Dele 22-23,Heterozygous,130,Normal,Normal-Mild,no,naive
P26H0,feces,T0,Phylum,Pseudomonadota,1.2551236381184658,Pseudomonadota,P26,0,female,11,pediatric,F508del,F508del,Homozygous,92,Normal,Normal-Mild,yes,lumiva
P26H12,feces,T12,Phylum,Pseudomonadota,0.5995857821886341,Pseudomonadota,P26,12,female,11,pediatric,F508del,F508del,Homozygous,96,Normal,Normal-Mild,yes,lumiva
P27H0,feces,T0,Phylum,Pseudomonadota,56.894935412827664,Pseudomonadota,P27,0,male,9,pediatric,F508del,F508del,Homozygous,87,Mild,Normal-Mild,yes,lumiva
P27H12,feces,T12,Phylum,Pseudomonadota,0,Pseudomonadota,P27,12,male,9,pediatric,F508del,F508del,Homozygous,97,Normal,Normal-Mild,yes,lumiva
P42H0,feces,T0,Phylum,Pseudomonadota,1.9499081051866844,Pseudomonadota,P42,0,male,17,pediatric,F508del,F508del,Homozygous,110,Normal,Normal-Mild,yes,teziva
P42H12,feces,T12,Phylum,Pseudomonadota,0.5365546877824271,Pseudomonadota,P42,12,male,17,pediatric,F508del,F508del,Homozygous,124,Normal,Normal-Mild,yes,teziva
A1H0,feces,T0,Phylum,Bacteria_unclassified,0,Bacteria_unclassified,A1,0,male,30,adult,F508del,3849+10kbC>T,Heterozygous,84,Mild,Normal-Mild,yes,teziva
A1H12,feces,T12,Phylum,Bacteria_unclassified,0,Bacteria_unclassified,A1,12,male,30,adult,F508del,3849+10kbC>T,Heterozygous,77,Mild,Normal-Mild,yes,teziva
A3H0,feces,T0,Phylum,Bacteria_unclassified,0,Bacteria_unclassified,A3,0,male,38,adult,F508del,F508del,Homozygous,81,Mild,Normal-Mild,yes,teziva
A3H12,feces,T12,Phylum,Bacteria_unclassified,0,Bacteria_unclassified,A3,12,male,38,adult,F508del,F508del,Homozygous,89,Mild,Normal-Mild,yes,teziva
A4H0,feces,T0,Phylum,Bacteria_unclassified,0,Bacteria_unclassified,A4,0,female,66,adult,F508del,P205S,Heterozygous,32,Severe,Moderate-Severe,no,naive
A4H12,feces,T12,Phylum,Bacteria_unclassified,0,Bacteria_unclassified,A4,12,female,66,adult,F508del,P205S,Heterozygous,39,Severe,Moderate-Severe,no,naive
A6H0,feces,T0,Phylum,Bacteria_unclassified,0.008644364005796263,Bacteria_unclassified,A6,0,male,46,adult,F508del,F508del,Homozygous,34,Severe,Moderate-Severe,yes,teziva
A6H12,feces,T12,Phylum,Bacteria_unclassified,0,Bacteria_unclassified,A6,12,male,46,adult,F508del,F508del,Homozygous,55,Moderate,Moderate-Severe,yes,teziva
A7H0,feces,T0,Phylum,Bacteria_unclassified,0,Bacteria_unclassified,A7,0,female,50,adult,F508del,R334W,Heterozygous,43,Moderate,Moderate-Severe,no,naive
A7H12,feces,T12,Phylum,Bacteria_unclassified,0,Bacteria_unclassified,A7,12,female,50,adult,F508del,R334W,Heterozygous,72,Mild,Normal-Mild,no,naive
A8H0,feces,T0,Phylum,Bacteria_unclassified,0.011988126751124588,Bacteria_unclassified,A8,0,male,19,adult,F508del,F508del,Homozygous,81,Mild,Normal-Mild,yes,teziva
A8H12,feces,T12,Phylum,Bacteria_unclassified,0,Bacteria_unclassified,A8,12,male,19,adult,F508del,F508del,Homozygous,96,Normal,Normal-Mild,yes,teziva
A9H0,feces,T0,Phylum,Bacteria_unclassified,0,Bacteria_unclassified,A9,0,male,26,adult,F508del,F508del,Homozygous,30,Severe,Moderate-Severe,yes,lumiva_teziva
A9H12,feces,T12,Phylum,Bacteria_unclassified,0,Bacteria_unclassified,A9,12,male,26,adult,F508del,F508del,Homozygous,46,Moderate,Moderate-Severe,yes,lumiva_teziva
A10H0,feces,T0,Phylum,Bacteria_unclassified,0.025331806616387537,Bacteria_unclassified,A10,0,male,21,adult,F508del,F508del,Homozygous,48,Moderate,Moderate-Severe,yes,teziva
A10H12,feces,T12,Phylum,Bacteria_unclassified,0,Bacteria_unclassified,A10,12,male,21,adult,F508del,F508del,Homozygous,82,Mild,Normal-Mild,yes,teziva
A12H0,feces,T0,Phylum,Bacteria_unclassified,0,Bacteria_unclassified,A12,0,male,37,adult,F508del,N1303K,Heterozygous,41,Moderate,Moderate-Severe,no,naive
A12H12,feces,T12,Phylum,Bacteria_unclassified,0,Bacteria_unclassified,A12,12,male,37,adult,F508del,N1303K,Heterozygous,61,Moderate,Moderate-Severe,no,naive
A13H0,feces,T0,Phylum,Bacteria_unclassified,0,Bacteria_unclassified,A13,0,male,37,adult,F508del,F508del,Homozygous,83,Mild,Normal-Mild,yes,teziva
A13H12,feces,T12,Phylum,Bacteria_unclassified,0,Bacteria_unclassified,A13,12,male,37,adult,F508del,F508del,Homozygous,97,Normal,Normal-Mild,yes,teziva
A16H0,feces,T0,Phylum,Bacteria_unclassified,0.0016572779360561906,Bacteria_unclassified,A16,0,male,46,adult,F508del,F508del,Homozygous,62,Moderate,Moderate-Severe,yes,teziva
A16H12,feces,T12,Phylum,Bacteria_unclassified,0,Bacteria_unclassified,A16,12,male,46,adult,F508del,F508del,Homozygous,59,Moderate,Moderate-Severe,yes,teziva
A17H0,feces,T0,Phylum,Bacteria_unclassified,0,Bacteria_unclassified,A17,0,male,54,adult,F508del,N1303K,Heterozygous,52,Moderate,Moderate-Severe,no,naive
A17H12,feces,T12,Phylum,Bacteria_unclassified,0,Bacteria_unclassified,A17,12,male,54,adult,F508del,N1303K,Heterozygous,66,Moderate,Moderate-Severe,no,naive
A19H0,feces,T0,Phylum,Bacteria_unclassified,0,Bacteria_unclassified,A19,0,female,48,adult,F508del,F508del,Homozygous,64,Moderate,Moderate-Severe,yes,teziva
A19H12,feces,T12,Phylum,Bacteria_unclassified,0.0016099999999999999,Bacteria_unclassified,A19,12,female,48,adult,F508del,F508del,Homozygous,70,Mild,Normal-Mild,yes,teziva
A20H0,feces,T0,Phylum,Bacteria_unclassified,0,Bacteria_unclassified,A20,0,female,45,adult,F508del,R117C,Heterozygous,64,Moderate,Moderate-Severe,yes,teziva
A20H12,feces,T12,Phylum,Bacteria_unclassified,0,Bacteria_unclassified,A20,12,female,45,adult,F508del,R117C,Heterozygous,62,Moderate,Moderate-Severe,yes,teziva
A22H0,feces,T0,Phylum,Bacteria_unclassified,0.042870285446906936,Bacteria_unclassified,A22,0,male,56,adult,F508del,F508del,Homozygous,69,Moderate,Moderate-Severe,yes,teziva
A22H12,feces,T12,Phylum,Bacteria_unclassified,0.001371968363010411,Bacteria_unclassified,A22,12,male,56,adult,F508del,F508del,Homozygous,84,Mild,Normal-Mild,yes,teziva
A24H0,feces,T0,Phylum,Bacteria_unclassified,0,Bacteria_unclassified,A24,0,female,63,adult,F508del,L206W,Heterozygous,43,Moderate,Moderate-Severe,yes,teziva
A24H12,feces,T12,Phylum,Bacteria_unclassified,0,Bacteria_unclassified,A24,12,female,63,adult,F508del,L206W,Heterozygous,40,Moderate,Moderate-Severe,yes,teziva
A25H0,feces,T0,Phylum,Bacteria_unclassified,0,Bacteria_unclassified,A25,0,female,23,adult,F508del,H1194/V754M,Heterozygous,63,Moderate,Moderate-Severe,no,naive
A25H12,feces,T12,Phylum,Bacteria_unclassified,0,Bacteria_unclassified,A25,12,female,23,adult,F508del,H1194/V754M,Heterozygous,80,Mild,Normal-Mild,no,naive
A26H0,feces,T0,Phylum,Bacteria_unclassified,0,Bacteria_unclassified,A26,0,female,29,adult,F508del,G542X,Heterozygous,30,Severe,Moderate-Severe,no,naive
A26H12,feces,T12,Phylum,Bacteria_unclassified,0,Bacteria_unclassified,A26,12,female,29,adult,F508del,G542X,Heterozygous,53,Moderate,Moderate-Severe,no,naive
A27H0,feces,T0,Phylum,Bacteria_unclassified,0,Bacteria_unclassified,A27,0,female,49,adult,F508del,F508del,Homozygous,86,Mild,Normal-Mild,yes,teziva
A27H12,feces,T12,Phylum,Bacteria_unclassified,0,Bacteria_unclassified,A27,12,female,49,adult,F508del,F508del,Homozygous,92,Normal,Normal-Mild,yes,teziva
A28H0,feces,T0,Phylum,Bacteria_unclassified,0,Bacteria_unclassified,A28,0,female,38,adult,F508del,F508del,Homozygous,46,Moderate,Moderate-Severe,yes,teziva
A28H12,feces,T12,Phylum,Bacteria_unclassified,0,Bacteria_unclassified,A28,12,female,38,adult,F508del,F508del,Homozygous,62,Moderate,Moderate-Severe,yes,teziva
A30H0,feces,T0,Phylum,Bacteria_unclassified,0,Bacteria_unclassified,A30,0,male,26,adult,F508del,F508del,Homozygous,66,Moderate,Moderate-Severe,yes,teziva
A30H12,feces,T12,Phylum,Bacteria_unclassified,0,Bacteria_unclassified,A30,12,male,26,adult,F508del,F508del,Homozygous,76,Mild,Normal-Mild,yes,teziva
P2H0,feces,T0,Phylum,Bacteria_unclassified,0,Bacteria_unclassified,P2,0,female,12,pediatric,F508del,G85E,Heterozygous,85,Mild,Normal-Mild,no,naive
P2H12,feces,T12,Phylum,Bacteria_unclassified,0,Bacteria_unclassified,P2,12,female,12,pediatric,F508del,G85E,Heterozygous,103,Normal,Normal-Mild,no,naive
P4H0,feces,T0,Phylum,Bacteria_unclassified,0,Bacteria_unclassified,P4,0,male,16,pediatric,F508del,F508del,Homozygous,97,Normal,Normal-Mild,yes,teziva
P4H12,feces,T12,Phylum,Bacteria_unclassified,0,Bacteria_unclassified,P4,12,male,16,pediatric,F508del,F508del,Homozygous,94,Normal,Normal-Mild,yes,teziva
P5H0,feces,T0,Phylum,Bacteria_unclassified,0,Bacteria_unclassified,P5,0,female,17,pediatric,F508del,F508del,Homozygous,87,Mild,Normal-Mild,yes,teziva
P5H12,feces,T12,Phylum,Bacteria_unclassified,0,Bacteria_unclassified,P5,12,female,17,pediatric,F508del,F508del,Homozygous,100,Normal,Normal-Mild,yes,teziva
P11H0,feces,T0,Phylum,Bacteria_unclassified,0,Bacteria_unclassified,P11,0,male,17,pediatric,F508del,H199Y,Heterozygous,76,Mild,Normal-Mild,no,naive
P11H12,feces,T12,Phylum,Bacteria_unclassified,0,Bacteria_unclassified,P11,12,male,17,pediatric,F508del,H199Y,Heterozygous,87,Mild,Normal-Mild,no,naive
P14H0,feces,T0,Phylum,Bacteria_unclassified,0,Bacteria_unclassified,P14,0,female,7,pediatric,F508del,G542X,Heterozygous,87,Mild,Normal-Mild,no,naive
P14H12,feces,T12,Phylum,Bacteria_unclassified,0,Bacteria_unclassified,P14,12,female,7,pediatric,F508del,G542X,Heterozygous,111,Normal,Normal-Mild,no,naive
P16H0,feces,T0,Phylum,Bacteria_unclassified,0,Bacteria_unclassified,P16,0,male,9,pediatric,F508del,I507del,Heterozygous,94,Normal,Normal-Mild,no,naive
P16H12,feces,T12,Phylum,Bacteria_unclassified,0,Bacteria_unclassified,P16,12,male,9,pediatric,F508del,I507del,Heterozygous,98,Normal,Normal-Mild,no,naive
P17H0,feces,T0,Phylum,Bacteria_unclassified,0,Bacteria_unclassified,P17,0,male,6,pediatric,F508del,c.580-1G>T,Heterozygous,122,Normal,Normal-Mild,no,naive
P17H12,feces,T12,Phylum,Bacteria_unclassified,0,Bacteria_unclassified,P17,12,male,6,pediatric,F508del,c.580-1G>T,Heterozygous,134,Normal,Normal-Mild,no,naive
P20H0,feces,T0,Phylum,Bacteria_unclassified,0,Bacteria_unclassified,P20,0,male,11,pediatric,F508del,G542X,Heterozygous,77,Mild,Normal-Mild,no,naive
P20H12,feces,T12,Phylum,Bacteria_unclassified,0,Bacteria_unclassified,P20,12,male,11,pediatric,F508del,G542X,Heterozygous,87,Mild,Normal-Mild,no,naive
P21H0,feces,T0,Phylum,Bacteria_unclassified,0.014827984749341775,Bacteria_unclassified,P21,0,female,7,pediatric,F508del,G542X,Heterozygous,98,Normal,Normal-Mild,no,naive
P21H12,feces,T12,Phylum,Bacteria_unclassified,0,Bacteria_unclassified,P21,12,female,7,pediatric,F508del,G542X,Heterozygous,73,Mild,Normal-Mild,no,naive
P25H0,feces,T0,Phylum,Bacteria_unclassified,0,Bacteria_unclassified,P25,0,female,7,pediatric,F508del,Dele 22-23,Heterozygous,109,Normal,Normal-Mild,no,naive
P25H12,feces,T12,Phylum,Bacteria_unclassified,0,Bacteria_unclassified,P25,12,female,7,pediatric,F508del,Dele 22-23,Heterozygous,130,Normal,Normal-Mild,no,naive
P26H0,feces,T0,Phylum,Bacteria_unclassified,0,Bacteria_unclassified,P26,0,female,11,pediatric,F508del,F508del,Homozygous,92,Normal,Normal-Mild,yes,lumiva
P26H12,feces,T12,Phylum,Bacteria_unclassified,0,Bacteria_unclassified,P26,12,female,11,pediatric,F508del,F508del,Homozygous,96,Normal,Normal-Mild,yes,lumiva
P27H0,feces,T0,Phylum,Bacteria_unclassified,0,Bacteria_unclassified,P27,0,male,9,pediatric,F508del,F508del,Homozygous,87,Mild,Normal-Mild,yes,lumiva
P27H12,feces,T12,Phylum,Bacteria_unclassified,0,Bacteria_unclassified,P27,12,male,9,pediatric,F508del,F508del,Homozygous,97,Normal,Normal-Mild,yes,lumiva
P42H0,feces,T0,Phylum,Bacteria_unclassified,0,Bacteria_unclassified,P42,0,male,17,pediatric,F508del,F508del,Homozygous,110,Normal,Normal-Mild,yes,teziva
P42H12,feces,T12,Phylum,Bacteria_unclassified,0,Bacteria_unclassified,P42,12,male,17,pediatric,F508del,F508del,Homozygous,124,Normal,Normal-Mild,yes,teziva
A1H0,feces,T0,Phylum,Fusobacteriota,0,Fusobacteriota,A1,0,male,30,adult,F508del,3849+10kbC>T,Heterozygous,84,Mild,Normal-Mild,yes,teziva
A1H12,feces,T12,Phylum,Fusobacteriota,0.0052392976576232184,Fusobacteriota,A1,12,male,30,adult,F508del,3849+10kbC>T,Heterozygous,77,Mild,Normal-Mild,yes,teziva
A3H0,feces,T0,Phylum,Fusobacteriota,0,Fusobacteriota,A3,0,male,38,adult,F508del,F508del,Homozygous,81,Mild,Normal-Mild,yes,teziva
A3H12,feces,T12,Phylum,Fusobacteriota,0,Fusobacteriota,A3,12,male,38,adult,F508del,F508del,Homozygous,89,Mild,Normal-Mild,yes,teziva
A4H0,feces,T0,Phylum,Fusobacteriota,0,Fusobacteriota,A4,0,female,66,adult,F508del,P205S,Heterozygous,32,Severe,Moderate-Severe,no,naive
A4H12,feces,T12,Phylum,Fusobacteriota,0,Fusobacteriota,A4,12,female,66,adult,F508del,P205S,Heterozygous,39,Severe,Moderate-Severe,no,naive
A6H0,feces,T0,Phylum,Fusobacteriota,0,Fusobacteriota,A6,0,male,46,adult,F508del,F508del,Homozygous,34,Severe,Moderate-Severe,yes,teziva
A6H12,feces,T12,Phylum,Fusobacteriota,0,Fusobacteriota,A6,12,male,46,adult,F508del,F508del,Homozygous,55,Moderate,Moderate-Severe,yes,teziva
A7H0,feces,T0,Phylum,Fusobacteriota,0.020311346642282384,Fusobacteriota,A7,0,female,50,adult,F508del,R334W,Heterozygous,43,Moderate,Moderate-Severe,no,naive
A7H12,feces,T12,Phylum,Fusobacteriota,0,Fusobacteriota,A7,12,female,50,adult,F508del,R334W,Heterozygous,72,Mild,Normal-Mild,no,naive
A8H0,feces,T0,Phylum,Fusobacteriota,0.08596827789558542,Fusobacteriota,A8,0,male,19,adult,F508del,F508del,Homozygous,81,Mild,Normal-Mild,yes,teziva
A8H12,feces,T12,Phylum,Fusobacteriota,7.77151268255359e-4,Fusobacteriota,A8,12,male,19,adult,F508del,F508del,Homozygous,96,Normal,Normal-Mild,yes,teziva
A9H0,feces,T0,Phylum,Fusobacteriota,0,Fusobacteriota,A9,0,male,26,adult,F508del,F508del,Homozygous,30,Severe,Moderate-Severe,yes,lumiva_teziva
A9H12,feces,T12,Phylum,Fusobacteriota,0,Fusobacteriota,A9,12,male,26,adult,F508del,F508del,Homozygous,46,Moderate,Moderate-Severe,yes,lumiva_teziva
A10H0,feces,T0,Phylum,Fusobacteriota,0,Fusobacteriota,A10,0,male,21,adult,F508del,F508del,Homozygous,48,Moderate,Moderate-Severe,yes,teziva
A10H12,feces,T12,Phylum,Fusobacteriota,0,Fusobacteriota,A10,12,male,21,adult,F508del,F508del,Homozygous,82,Mild,Normal-Mild,yes,teziva
A12H0,feces,T0,Phylum,Fusobacteriota,0,Fusobacteriota,A12,0,male,37,adult,F508del,N1303K,Heterozygous,41,Moderate,Moderate-Severe,no,naive
A12H12,feces,T12,Phylum,Fusobacteriota,0,Fusobacteriota,A12,12,male,37,adult,F508del,N1303K,Heterozygous,61,Moderate,Moderate-Severe,no,naive
A13H0,feces,T0,Phylum,Fusobacteriota,0,Fusobacteriota,A13,0,male,37,adult,F508del,F508del,Homozygous,83,Mild,Normal-Mild,yes,teziva
A13H12,feces,T12,Phylum,Fusobacteriota,0,Fusobacteriota,A13,12,male,37,adult,F508del,F508del,Homozygous,97,Normal,Normal-Mild,yes,teziva
A16H0,feces,T0,Phylum,Fusobacteriota,0.9556467225822198,Fusobacteriota,A16,0,male,46,adult,F508del,F508del,Homozygous,62,Moderate,Moderate-Severe,yes,teziva
A16H12,feces,T12,Phylum,Fusobacteriota,0,Fusobacteriota,A16,12,male,46,adult,F508del,F508del,Homozygous,59,Moderate,Moderate-Severe,yes,teziva
A17H0,feces,T0,Phylum,Fusobacteriota,0.004563588977506498,Fusobacteriota,A17,0,male,54,adult,F508del,N1303K,Heterozygous,52,Moderate,Moderate-Severe,no,naive
A17H12,feces,T12,Phylum,Fusobacteriota,0,Fusobacteriota,A17,12,male,54,adult,F508del,N1303K,Heterozygous,66,Moderate,Moderate-Severe,no,naive
A19H0,feces,T0,Phylum,Fusobacteriota,0,Fusobacteriota,A19,0,female,48,adult,F508del,F508del,Homozygous,64,Moderate,Moderate-Severe,yes,teziva
A19H12,feces,T12,Phylum,Fusobacteriota,0,Fusobacteriota,A19,12,female,48,adult,F508del,F508del,Homozygous,70,Mild,Normal-Mild,yes,teziva
A20H0,feces,T0,Phylum,Fusobacteriota,0,Fusobacteriota,A20,0,female,45,adult,F508del,R117C,Heterozygous,64,Moderate,Moderate-Severe,yes,teziva
A20H12,feces,T12,Phylum,Fusobacteriota,0,Fusobacteriota,A20,12,female,45,adult,F508del,R117C,Heterozygous,62,Moderate,Moderate-Severe,yes,teziva
A22H0,feces,T0,Phylum,Fusobacteriota,0.010308924781150954,Fusobacteriota,A22,0,male,56,adult,F508del,F508del,Homozygous,69,Moderate,Moderate-Severe,yes,teziva
A22H12,feces,T12,Phylum,Fusobacteriota,0,Fusobacteriota,A22,12,male,56,adult,F508del,F508del,Homozygous,84,Mild,Normal-Mild,yes,teziva
A24H0,feces,T0,Phylum,Fusobacteriota,0,Fusobacteriota,A24,0,female,63,adult,F508del,L206W,Heterozygous,43,Moderate,Moderate-Severe,yes,teziva
A24H12,feces,T12,Phylum,Fusobacteriota,0,Fusobacteriota,A24,12,female,63,adult,F508del,L206W,Heterozygous,40,Moderate,Moderate-Severe,yes,teziva
A25H0,feces,T0,Phylum,Fusobacteriota,0,Fusobacteriota,A25,0,female,23,adult,F508del,H1194/V754M,Heterozygous,63,Moderate,Moderate-Severe,no,naive
A25H12,feces,T12,Phylum,Fusobacteriota,0,Fusobacteriota,A25,12,female,23,adult,F508del,H1194/V754M,Heterozygous,80,Mild,Normal-Mild,no,naive
A26H0,feces,T0,Phylum,Fusobacteriota,0,Fusobacteriota,A26,0,female,29,adult,F508del,G542X,Heterozygous,30,Severe,Moderate-Severe,no,naive
A26H12,feces,T12,Phylum,Fusobacteriota,0,Fusobacteriota,A26,12,female,29,adult,F508del,G542X,Heterozygous,53,Moderate,Moderate-Severe,no,naive
A27H0,feces,T0,Phylum,Fusobacteriota,0,Fusobacteriota,A27,0,female,49,adult,F508del,F508del,Homozygous,86,Mild,Normal-Mild,yes,teziva
A27H12,feces,T12,Phylum,Fusobacteriota,0,Fusobacteriota,A27,12,female,49,adult,F508del,F508del,Homozygous,92,Normal,Normal-Mild,yes,teziva
A28H0,feces,T0,Phylum,Fusobacteriota,0,Fusobacteriota,A28,0,female,38,adult,F508del,F508del,Homozygous,46,Moderate,Moderate-Severe,yes,teziva
A28H12,feces,T12,Phylum,Fusobacteriota,0,Fusobacteriota,A28,12,female,38,adult,F508del,F508del,Homozygous,62,Moderate,Moderate-Severe,yes,teziva
A30H0,feces,T0,Phylum,Fusobacteriota,0.28012818284100155,Fusobacteriota,A30,0,male,26,adult,F508del,F508del,Homozygous,66,Moderate,Moderate-Severe,yes,teziva
A30H12,feces,T12,Phylum,Fusobacteriota,0.004406248462717253,Fusobacteriota,A30,12,male,26,adult,F508del,F508del,Homozygous,76,Mild,Normal-Mild,yes,teziva
P2H0,feces,T0,Phylum,Fusobacteriota,0,Fusobacteriota,P2,0,female,12,pediatric,F508del,G85E,Heterozygous,85,Mild,Normal-Mild,no,naive
P2H12,feces,T12,Phylum,Fusobacteriota,0,Fusobacteriota,P2,12,female,12,pediatric,F508del,G85E,Heterozygous,103,Normal,Normal-Mild,no,naive
P4H0,feces,T0,Phylum,Fusobacteriota,7.712865058918276e-4,Fusobacteriota,P4,0,male,16,pediatric,F508del,F508del,Homozygous,97,Normal,Normal-Mild,yes,teziva
P4H12,feces,T12,Phylum,Fusobacteriota,0,Fusobacteriota,P4,12,male,16,pediatric,F508del,F508del,Homozygous,94,Normal,Normal-Mild,yes,teziva
P5H0,feces,T0,Phylum,Fusobacteriota,0,Fusobacteriota,P5,0,female,17,pediatric,F508del,F508del,Homozygous,87,Mild,Normal-Mild,yes,teziva
P5H12,feces,T12,Phylum,Fusobacteriota,0,Fusobacteriota,P5,12,female,17,pediatric,F508del,F508del,Homozygous,100,Normal,Normal-Mild,yes,teziva
P11H0,feces,T0,Phylum,Fusobacteriota,0,Fusobacteriota,P11,0,male,17,pediatric,F508del,H199Y,Heterozygous,76,Mild,Normal-Mild,no,naive
P11H12,feces,T12,Phylum,Fusobacteriota,0,Fusobacteriota,P11,12,male,17,pediatric,F508del,H199Y,Heterozygous,87,Mild,Normal-Mild,no,naive
P14H0,feces,T0,Phylum,Fusobacteriota,0,Fusobacteriota,P14,0,female,7,pediatric,F508del,G542X,Heterozygous,87,Mild,Normal-Mild,no,naive
P14H12,feces,T12,Phylum,Fusobacteriota,0,Fusobacteriota,P14,12,female,7,pediatric,F508del,G542X,Heterozygous,111,Normal,Normal-Mild,no,naive
P16H0,feces,T0,Phylum,Fusobacteriota,0,Fusobacteriota,P16,0,male,9,pediatric,F508del,I507del,Heterozygous,94,Normal,Normal-Mild,no,naive
P16H12,feces,T12,Phylum,Fusobacteriota,0,Fusobacteriota,P16,12,male,9,pediatric,F508del,I507del,Heterozygous,98,Normal,Normal-Mild,no,naive
P17H0,feces,T0,Phylum,Fusobacteriota,0,Fusobacteriota,P17,0,male,6,pediatric,F508del,c.580-1G>T,Heterozygous,122,Normal,Normal-Mild,no,naive
P17H12,feces,T12,Phylum,Fusobacteriota,0,Fusobacteriota,P17,12,male,6,pediatric,F508del,c.580-1G>T,Heterozygous,134,Normal,Normal-Mild,no,naive
P20H0,feces,T0,Phylum,Fusobacteriota,0,Fusobacteriota,P20,0,male,11,pediatric,F508del,G542X,Heterozygous,77,Mild,Normal-Mild,no,naive
P20H12,feces,T12,Phylum,Fusobacteriota,0,Fusobacteriota,P20,12,male,11,pediatric,F508del,G542X,Heterozygous,87,Mild,Normal-Mild,no,naive
P21H0,feces,T0,Phylum,Fusobacteriota,0.0041801759054458385,Fusobacteriota,P21,0,female,7,pediatric,F508del,G542X,Heterozygous,98,Normal,Normal-Mild,no,naive
P21H12,feces,T12,Phylum,Fusobacteriota,0,Fusobacteriota,P21,12,female,7,pediatric,F508del,G542X,Heterozygous,73,Mild,Normal-Mild,no,naive
P25H0,feces,T0,Phylum,Fusobacteriota,0,Fusobacteriota,P25,0,female,7,pediatric,F508del,Dele 22-23,Heterozygous,109,Normal,Normal-Mild,no,naive
P25H12,feces,T12,Phylum,Fusobacteriota,0,Fusobacteriota,P25,12,female,7,pediatric,F508del,Dele 22-23,Heterozygous,130,Normal,Normal-Mild,no,naive
P26H0,feces,T0,Phylum,Fusobacteriota,0,Fusobacteriota,P26,0,female,11,pediatric,F508del,F508del,Homozygous,92,Normal,Normal-Mild,yes,lumiva
P26H12,feces,T12,Phylum,Fusobacteriota,0,Fusobacteriota,P26,12,female,11,pediatric,F508del,F508del,Homozygous,96,Normal,Normal-Mild,yes,lumiva
P27H0,feces,T0,Phylum,Fusobacteriota,0.02760178307518666,Fusobacteriota,P27,0,male,9,pediatric,F508del,F508del,Homozygous,87,Mild,Normal-Mild,yes,lumiva
P27H12,feces,T12,Phylum,Fusobacteriota,0,Fusobacteriota,P27,12,male,9,pediatric,F508del,F508del,Homozygous,97,Normal,Normal-Mild,yes,lumiva
P42H0,feces,T0,Phylum,Fusobacteriota,0,Fusobacteriota,P42,0,male,17,pediatric,F508del,F508del,Homozygous,110,Normal,Normal-Mild,yes,teziva
P42H12,feces,T12,Phylum,Fusobacteriota,0,Fusobacteriota,P42,12,male,17,pediatric,F508del,F508del,Homozygous,124,Normal,Normal-Mild,yes,teziva
A1H0,feces,T0,Phylum,Mycoplasmatota,0,Mycoplasmatota,A1,0,male,30,adult,F508del,3849+10kbC>T,Heterozygous,84,Mild,Normal-Mild,yes,teziva
A1H12,feces,T12,Phylum,Mycoplasmatota,0,Mycoplasmatota,A1,12,male,30,adult,F508del,3849+10kbC>T,Heterozygous,77,Mild,Normal-Mild,yes,teziva
A3H0,feces,T0,Phylum,Mycoplasmatota,0,Mycoplasmatota,A3,0,male,38,adult,F508del,F508del,Homozygous,81,Mild,Normal-Mild,yes,teziva
A3H12,feces,T12,Phylum,Mycoplasmatota,0,Mycoplasmatota,A3,12,male,38,adult,F508del,F508del,Homozygous,89,Mild,Normal-Mild,yes,teziva
A4H0,feces,T0,Phylum,Mycoplasmatota,0,Mycoplasmatota,A4,0,female,66,adult,F508del,P205S,Heterozygous,32,Severe,Moderate-Severe,no,naive
A4H12,feces,T12,Phylum,Mycoplasmatota,0,Mycoplasmatota,A4,12,female,66,adult,F508del,P205S,Heterozygous,39,Severe,Moderate-Severe,no,naive
A6H0,feces,T0,Phylum,Mycoplasmatota,0,Mycoplasmatota,A6,0,male,46,adult,F508del,F508del,Homozygous,34,Severe,Moderate-Severe,yes,teziva
A6H12,feces,T12,Phylum,Mycoplasmatota,0,Mycoplasmatota,A6,12,male,46,adult,F508del,F508del,Homozygous,55,Moderate,Moderate-Severe,yes,teziva
A7H0,feces,T0,Phylum,Mycoplasmatota,0,Mycoplasmatota,A7,0,female,50,adult,F508del,R334W,Heterozygous,43,Moderate,Moderate-Severe,no,naive
A7H12,feces,T12,Phylum,Mycoplasmatota,0,Mycoplasmatota,A7,12,female,50,adult,F508del,R334W,Heterozygous,72,Mild,Normal-Mild,no,naive
A8H0,feces,T0,Phylum,Mycoplasmatota,0,Mycoplasmatota,A8,0,male,19,adult,F508del,F508del,Homozygous,81,Mild,Normal-Mild,yes,teziva
A8H12,feces,T12,Phylum,Mycoplasmatota,0,Mycoplasmatota,A8,12,male,19,adult,F508del,F508del,Homozygous,96,Normal,Normal-Mild,yes,teziva
A9H0,feces,T0,Phylum,Mycoplasmatota,0,Mycoplasmatota,A9,0,male,26,adult,F508del,F508del,Homozygous,30,Severe,Moderate-Severe,yes,lumiva_teziva
A9H12,feces,T12,Phylum,Mycoplasmatota,0,Mycoplasmatota,A9,12,male,26,adult,F508del,F508del,Homozygous,46,Moderate,Moderate-Severe,yes,lumiva_teziva
A10H0,feces,T0,Phylum,Mycoplasmatota,0,Mycoplasmatota,A10,0,male,21,adult,F508del,F508del,Homozygous,48,Moderate,Moderate-Severe,yes,teziva
A10H12,feces,T12,Phylum,Mycoplasmatota,0,Mycoplasmatota,A10,12,male,21,adult,F508del,F508del,Homozygous,82,Mild,Normal-Mild,yes,teziva
A12H0,feces,T0,Phylum,Mycoplasmatota,0,Mycoplasmatota,A12,0,male,37,adult,F508del,N1303K,Heterozygous,41,Moderate,Moderate-Severe,no,naive
A12H12,feces,T12,Phylum,Mycoplasmatota,0,Mycoplasmatota,A12,12,male,37,adult,F508del,N1303K,Heterozygous,61,Moderate,Moderate-Severe,no,naive
A13H0,feces,T0,Phylum,Mycoplasmatota,0,Mycoplasmatota,A13,0,male,37,adult,F508del,F508del,Homozygous,83,Mild,Normal-Mild,yes,teziva
A13H12,feces,T12,Phylum,Mycoplasmatota,0,Mycoplasmatota,A13,12,male,37,adult,F508del,F508del,Homozygous,97,Normal,Normal-Mild,yes,teziva
A16H0,feces,T0,Phylum,Mycoplasmatota,0,Mycoplasmatota,A16,0,male,46,adult,F508del,F508del,Homozygous,62,Moderate,Moderate-Severe,yes,teziva
A16H12,feces,T12,Phylum,Mycoplasmatota,0,Mycoplasmatota,A16,12,male,46,adult,F508del,F508del,Homozygous,59,Moderate,Moderate-Severe,yes,teziva
A17H0,feces,T0,Phylum,Mycoplasmatota,0,Mycoplasmatota,A17,0,male,54,adult,F508del,N1303K,Heterozygous,52,Moderate,Moderate-Severe,no,naive
A17H12,feces,T12,Phylum,Mycoplasmatota,0,Mycoplasmatota,A17,12,male,54,adult,F508del,N1303K,Heterozygous,66,Moderate,Moderate-Severe,no,naive
A19H0,feces,T0,Phylum,Mycoplasmatota,0,Mycoplasmatota,A19,0,female,48,adult,F508del,F508del,Homozygous,64,Moderate,Moderate-Severe,yes,teziva
A19H12,feces,T12,Phylum,Mycoplasmatota,0,Mycoplasmatota,A19,12,female,48,adult,F508del,F508del,Homozygous,70,Mild,Normal-Mild,yes,teziva
A20H0,feces,T0,Phylum,Mycoplasmatota,0,Mycoplasmatota,A20,0,female,45,adult,F508del,R117C,Heterozygous,64,Moderate,Moderate-Severe,yes,teziva
A20H12,feces,T12,Phylum,Mycoplasmatota,0,Mycoplasmatota,A20,12,female,45,adult,F508del,R117C,Heterozygous,62,Moderate,Moderate-Severe,yes,teziva
A22H0,feces,T0,Phylum,Mycoplasmatota,0,Mycoplasmatota,A22,0,male,56,adult,F508del,F508del,Homozygous,69,Moderate,Moderate-Severe,yes,teziva
A22H12,feces,T12,Phylum,Mycoplasmatota,0,Mycoplasmatota,A22,12,male,56,adult,F508del,F508del,Homozygous,84,Mild,Normal-Mild,yes,teziva
A24H0,feces,T0,Phylum,Mycoplasmatota,0,Mycoplasmatota,A24,0,female,63,adult,F508del,L206W,Heterozygous,43,Moderate,Moderate-Severe,yes,teziva
A24H12,feces,T12,Phylum,Mycoplasmatota,0,Mycoplasmatota,A24,12,female,63,adult,F508del,L206W,Heterozygous,40,Moderate,Moderate-Severe,yes,teziva
A25H0,feces,T0,Phylum,Mycoplasmatota,0,Mycoplasmatota,A25,0,female,23,adult,F508del,H1194/V754M,Heterozygous,63,Moderate,Moderate-Severe,no,naive
A25H12,feces,T12,Phylum,Mycoplasmatota,0,Mycoplasmatota,A25,12,female,23,adult,F508del,H1194/V754M,Heterozygous,80,Mild,Normal-Mild,no,naive
A26H0,feces,T0,Phylum,Mycoplasmatota,0,Mycoplasmatota,A26,0,female,29,adult,F508del,G542X,Heterozygous,30,Severe,Moderate-Severe,no,naive
A26H12,feces,T12,Phylum,Mycoplasmatota,0,Mycoplasmatota,A26,12,female,29,adult,F508del,G542X,Heterozygous,53,Moderate,Moderate-Severe,no,naive
A27H0,feces,T0,Phylum,Mycoplasmatota,0,Mycoplasmatota,A27,0,female,49,adult,F508del,F508del,Homozygous,86,Mild,Normal-Mild,yes,teziva
A27H12,feces,T12,Phylum,Mycoplasmatota,0,Mycoplasmatota,A27,12,female,49,adult,F508del,F508del,Homozygous,92,Normal,Normal-Mild,yes,teziva
A28H0,feces,T0,Phylum,Mycoplasmatota,0,Mycoplasmatota,A28,0,female,38,adult,F508del,F508del,Homozygous,46,Moderate,Moderate-Severe,yes,teziva
A28H12,feces,T12,Phylum,Mycoplasmatota,0,Mycoplasmatota,A28,12,female,38,adult,F508del,F508del,Homozygous,62,Moderate,Moderate-Severe,yes,teziva
A30H0,feces,T0,Phylum,Mycoplasmatota,0,Mycoplasmatota,A30,0,male,26,adult,F508del,F508del,Homozygous,66,Moderate,Moderate-Severe,yes,teziva
A30H12,feces,T12,Phylum,Mycoplasmatota,0,Mycoplasmatota,A30,12,male,26,adult,F508del,F508del,Homozygous,76,Mild,Normal-Mild,yes,teziva
P2H0,feces,T0,Phylum,Mycoplasmatota,0,Mycoplasmatota,P2,0,female,12,pediatric,F508del,G85E,Heterozygous,85,Mild,Normal-Mild,no,naive
P2H12,feces,T12,Phylum,Mycoplasmatota,0,Mycoplasmatota,P2,12,female,12,pediatric,F508del,G85E,Heterozygous,103,Normal,Normal-Mild,no,naive
P4H0,feces,T0,Phylum,Mycoplasmatota,0,Mycoplasmatota,P4,0,male,16,pediatric,F508del,F508del,Homozygous,97,Normal,Normal-Mild,yes,teziva
P4H12,feces,T12,Phylum,Mycoplasmatota,0,Mycoplasmatota,P4,12,male,16,pediatric,F508del,F508del,Homozygous,94,Normal,Normal-Mild,yes,teziva
P5H0,feces,T0,Phylum,Mycoplasmatota,0,Mycoplasmatota,P5,0,female,17,pediatric,F508del,F508del,Homozygous,87,Mild,Normal-Mild,yes,teziva
P5H12,feces,T12,Phylum,Mycoplasmatota,0,Mycoplasmatota,P5,12,female,17,pediatric,F508del,F508del,Homozygous,100,Normal,Normal-Mild,yes,teziva
P11H0,feces,T0,Phylum,Mycoplasmatota,0,Mycoplasmatota,P11,0,male,17,pediatric,F508del,H199Y,Heterozygous,76,Mild,Normal-Mild,no,naive
P11H12,feces,T12,Phylum,Mycoplasmatota,0,Mycoplasmatota,P11,12,male,17,pediatric,F508del,H199Y,Heterozygous,87,Mild,Normal-Mild,no,naive
P14H0,feces,T0,Phylum,Mycoplasmatota,0,Mycoplasmatota,P14,0,female,7,pediatric,F508del,G542X,Heterozygous,87,Mild,Normal-Mild,no,naive
P14H12,feces,T12,Phylum,Mycoplasmatota,0,Mycoplasmatota,P14,12,female,7,pediatric,F508del,G542X,Heterozygous,111,Normal,Normal-Mild,no,naive
P16H0,feces,T0,Phylum,Mycoplasmatota,0,Mycoplasmatota,P16,0,male,9,pediatric,F508del,I507del,Heterozygous,94,Normal,Normal-Mild,no,naive
P16H12,feces,T12,Phylum,Mycoplasmatota,0,Mycoplasmatota,P16,12,male,9,pediatric,F508del,I507del,Heterozygous,98,Normal,Normal-Mild,no,naive
P17H0,feces,T0,Phylum,Mycoplasmatota,0,Mycoplasmatota,P17,0,male,6,pediatric,F508del,c.580-1G>T,Heterozygous,122,Normal,Normal-Mild,no,naive
P17H12,feces,T12,Phylum,Mycoplasmatota,0,Mycoplasmatota,P17,12,male,6,pediatric,F508del,c.580-1G>T,Heterozygous,134,Normal,Normal-Mild,no,naive
P20H0,feces,T0,Phylum,Mycoplasmatota,0,Mycoplasmatota,P20,0,male,11,pediatric,F508del,G542X,Heterozygous,77,Mild,Normal-Mild,no,naive
P20H12,feces,T12,Phylum,Mycoplasmatota,0,Mycoplasmatota,P20,12,male,11,pediatric,F508del,G542X,Heterozygous,87,Mild,Normal-Mild,no,naive
P21H0,feces,T0,Phylum,Mycoplasmatota,0,Mycoplasmatota,P21,0,female,7,pediatric,F508del,G542X,Heterozygous,98,Normal,Normal-Mild,no,naive
P21H12,feces,T12,Phylum,Mycoplasmatota,0,Mycoplasmatota,P21,12,female,7,pediatric,F508del,G542X,Heterozygous,73,Mild,Normal-Mild,no,naive
P25H0,feces,T0,Phylum,Mycoplasmatota,0,Mycoplasmatota,P25,0,female,7,pediatric,F508del,Dele 22-23,Heterozygous,109,Normal,Normal-Mild,no,naive
P25H12,feces,T12,Phylum,Mycoplasmatota,0,Mycoplasmatota,P25,12,female,7,pediatric,F508del,Dele 22-23,Heterozygous,130,Normal,Normal-Mild,no,naive
P26H0,feces,T0,Phylum,Mycoplasmatota,0,Mycoplasmatota,P26,0,female,11,pediatric,F508del,F508del,Homozygous,92,Normal,Normal-Mild,yes,lumiva
P26H12,feces,T12,Phylum,Mycoplasmatota,0,Mycoplasmatota,P26,12,female,11,pediatric,F508del,F508del,Homozygous,96,Normal,Normal-Mild,yes,lumiva
P27H0,feces,T0,Phylum,Mycoplasmatota,0,Mycoplasmatota,P27,0,male,9,pediatric,F508del,F508del,Homozygous,87,Mild,Normal-Mild,yes,lumiva
P27H12,feces,T12,Phylum,Mycoplasmatota,0,Mycoplasmatota,P27,12,male,9,pediatric,F508del,F508del,Homozygous,97,Normal,Normal-Mild,yes,lumiva
P42H0,feces,T0,Phylum,Mycoplasmatota,0,Mycoplasmatota,P42,0,male,17,pediatric,F508del,F508del,Homozygous,110,Normal,Normal-Mild,yes,teziva
P42H12,feces,T12,Phylum,Mycoplasmatota,0,Mycoplasmatota,P42,12,male,17,pediatric,F508del,F508del,Homozygous,124,Normal,Normal-Mild,yes,teziva
A1H0,feces,T0,Phylum,Candidatus_Saccharibacteria,0,Candidatus_Saccharibacteria,A1,0,male,30,adult,F508del,3849+10kbC>T,Heterozygous,84,Mild,Normal-Mild,yes,teziva
A1H12,feces,T12,Phylum,Candidatus_Saccharibacteria,0,Candidatus_Saccharibacteria,A1,12,male,30,adult,F508del,3849+10kbC>T,Heterozygous,77,Mild,Normal-Mild,yes,teziva
A3H0,feces,T0,Phylum,Candidatus_Saccharibacteria,0.011761239013887904,Candidatus_Saccharibacteria,A3,0,male,38,adult,F508del,F508del,Homozygous,81,Mild,Normal-Mild,yes,teziva
A3H12,feces,T12,Phylum,Candidatus_Saccharibacteria,0,Candidatus_Saccharibacteria,A3,12,male,38,adult,F508del,F508del,Homozygous,89,Mild,Normal-Mild,yes,teziva
A4H0,feces,T0,Phylum,Candidatus_Saccharibacteria,0.004140537253255811,Candidatus_Saccharibacteria,A4,0,female,66,adult,F508del,P205S,Heterozygous,32,Severe,Moderate-Severe,no,naive
A4H12,feces,T12,Phylum,Candidatus_Saccharibacteria,0.009260566746684898,Candidatus_Saccharibacteria,A4,12,female,66,adult,F508del,P205S,Heterozygous,39,Severe,Moderate-Severe,no,naive
A6H0,feces,T0,Phylum,Candidatus_Saccharibacteria,0.02070814387852944,Candidatus_Saccharibacteria,A6,0,male,46,adult,F508del,F508del,Homozygous,34,Severe,Moderate-Severe,yes,teziva
A6H12,feces,T12,Phylum,Candidatus_Saccharibacteria,0,Candidatus_Saccharibacteria,A6,12,male,46,adult,F508del,F508del,Homozygous,55,Moderate,Moderate-Severe,yes,teziva
A7H0,feces,T0,Phylum,Candidatus_Saccharibacteria,0.015581033022489392,Candidatus_Saccharibacteria,A7,0,female,50,adult,F508del,R334W,Heterozygous,43,Moderate,Moderate-Severe,no,naive
A7H12,feces,T12,Phylum,Candidatus_Saccharibacteria,0,Candidatus_Saccharibacteria,A7,12,female,50,adult,F508del,R334W,Heterozygous,72,Mild,Normal-Mild,no,naive
A8H0,feces,T0,Phylum,Candidatus_Saccharibacteria,0.0010607190614517583,Candidatus_Saccharibacteria,A8,0,male,19,adult,F508del,F508del,Homozygous,81,Mild,Normal-Mild,yes,teziva
A8H12,feces,T12,Phylum,Candidatus_Saccharibacteria,0,Candidatus_Saccharibacteria,A8,12,male,19,adult,F508del,F508del,Homozygous,96,Normal,Normal-Mild,yes,teziva
A9H0,feces,T0,Phylum,Candidatus_Saccharibacteria,0,Candidatus_Saccharibacteria,A9,0,male,26,adult,F508del,F508del,Homozygous,30,Severe,Moderate-Severe,yes,lumiva_teziva
A9H12,feces,T12,Phylum,Candidatus_Saccharibacteria,0,Candidatus_Saccharibacteria,A9,12,male,26,adult,F508del,F508del,Homozygous,46,Moderate,Moderate-Severe,yes,lumiva_teziva
A10H0,feces,T0,Phylum,Candidatus_Saccharibacteria,0,Candidatus_Saccharibacteria,A10,0,male,21,adult,F508del,F508del,Homozygous,48,Moderate,Moderate-Severe,yes,teziva
A10H12,feces,T12,Phylum,Candidatus_Saccharibacteria,0,Candidatus_Saccharibacteria,A10,12,male,21,adult,F508del,F508del,Homozygous,82,Mild,Normal-Mild,yes,teziva
A12H0,feces,T0,Phylum,Candidatus_Saccharibacteria,0.02245345340022099,Candidatus_Saccharibacteria,A12,0,male,37,adult,F508del,N1303K,Heterozygous,41,Moderate,Moderate-Severe,no,naive
A12H12,feces,T12,Phylum,Candidatus_Saccharibacteria,0,Candidatus_Saccharibacteria,A12,12,male,37,adult,F508del,N1303K,Heterozygous,61,Moderate,Moderate-Severe,no,naive
A13H0,feces,T0,Phylum,Candidatus_Saccharibacteria,0,Candidatus_Saccharibacteria,A13,0,male,37,adult,F508del,F508del,Homozygous,83,Mild,Normal-Mild,yes,teziva
A13H12,feces,T12,Phylum,Candidatus_Saccharibacteria,0,Candidatus_Saccharibacteria,A13,12,male,37,adult,F508del,F508del,Homozygous,97,Normal,Normal-Mild,yes,teziva
A16H0,feces,T0,Phylum,Candidatus_Saccharibacteria,0.18243114637932478,Candidatus_Saccharibacteria,A16,0,male,46,adult,F508del,F508del,Homozygous,62,Moderate,Moderate-Severe,yes,teziva
A16H12,feces,T12,Phylum,Candidatus_Saccharibacteria,0,Candidatus_Saccharibacteria,A16,12,male,46,adult,F508del,F508del,Homozygous,59,Moderate,Moderate-Severe,yes,teziva
A17H0,feces,T0,Phylum,Candidatus_Saccharibacteria,0,Candidatus_Saccharibacteria,A17,0,male,54,adult,F508del,N1303K,Heterozygous,52,Moderate,Moderate-Severe,no,naive
A17H12,feces,T12,Phylum,Candidatus_Saccharibacteria,0,Candidatus_Saccharibacteria,A17,12,male,54,adult,F508del,N1303K,Heterozygous,66,Moderate,Moderate-Severe,no,naive
A19H0,feces,T0,Phylum,Candidatus_Saccharibacteria,0.0075609859525682145,Candidatus_Saccharibacteria,A19,0,female,48,adult,F508del,F508del,Homozygous,64,Moderate,Moderate-Severe,yes,teziva
A19H12,feces,T12,Phylum,Candidatus_Saccharibacteria,0,Candidatus_Saccharibacteria,A19,12,female,48,adult,F508del,F508del,Homozygous,70,Mild,Normal-Mild,yes,teziva
A20H0,feces,T0,Phylum,Candidatus_Saccharibacteria,0,Candidatus_Saccharibacteria,A20,0,female,45,adult,F508del,R117C,Heterozygous,64,Moderate,Moderate-Severe,yes,teziva
A20H12,feces,T12,Phylum,Candidatus_Saccharibacteria,0,Candidatus_Saccharibacteria,A20,12,female,45,adult,F508del,R117C,Heterozygous,62,Moderate,Moderate-Severe,yes,teziva
A22H0,feces,T0,Phylum,Candidatus_Saccharibacteria,0,Candidatus_Saccharibacteria,A22,0,male,56,adult,F508del,F508del,Homozygous,69,Moderate,Moderate-Severe,yes,teziva
A22H12,feces,T12,Phylum,Candidatus_Saccharibacteria,0,Candidatus_Saccharibacteria,A22,12,male,56,adult,F508del,F508del,Homozygous,84,Mild,Normal-Mild,yes,teziva
A24H0,feces,T0,Phylum,Candidatus_Saccharibacteria,0,Candidatus_Saccharibacteria,A24,0,female,63,adult,F508del,L206W,Heterozygous,43,Moderate,Moderate-Severe,yes,teziva
A24H12,feces,T12,Phylum,Candidatus_Saccharibacteria,0,Candidatus_Saccharibacteria,A24,12,female,63,adult,F508del,L206W,Heterozygous,40,Moderate,Moderate-Severe,yes,teziva
A25H0,feces,T0,Phylum,Candidatus_Saccharibacteria,0,Candidatus_Saccharibacteria,A25,0,female,23,adult,F508del,H1194/V754M,Heterozygous,63,Moderate,Moderate-Severe,no,naive
A25H12,feces,T12,Phylum,Candidatus_Saccharibacteria,0,Candidatus_Saccharibacteria,A25,12,female,23,adult,F508del,H1194/V754M,Heterozygous,80,Mild,Normal-Mild,no,naive
A26H0,feces,T0,Phylum,Candidatus_Saccharibacteria,0,Candidatus_Saccharibacteria,A26,0,female,29,adult,F508del,G542X,Heterozygous,30,Severe,Moderate-Severe,no,naive
A26H12,feces,T12,Phylum,Candidatus_Saccharibacteria,0,Candidatus_Saccharibacteria,A26,12,female,29,adult,F508del,G542X,Heterozygous,53,Moderate,Moderate-Severe,no,naive
A27H0,feces,T0,Phylum,Candidatus_Saccharibacteria,0,Candidatus_Saccharibacteria,A27,0,female,49,adult,F508del,F508del,Homozygous,86,Mild,Normal-Mild,yes,teziva
A27H12,feces,T12,Phylum,Candidatus_Saccharibacteria,0,Candidatus_Saccharibacteria,A27,12,female,49,adult,F508del,F508del,Homozygous,92,Normal,Normal-Mild,yes,teziva
A28H0,feces,T0,Phylum,Candidatus_Saccharibacteria,0,Candidatus_Saccharibacteria,A28,0,female,38,adult,F508del,F508del,Homozygous,46,Moderate,Moderate-Severe,yes,teziva
A28H12,feces,T12,Phylum,Candidatus_Saccharibacteria,0,Candidatus_Saccharibacteria,A28,12,female,38,adult,F508del,F508del,Homozygous,62,Moderate,Moderate-Severe,yes,teziva
A30H0,feces,T0,Phylum,Candidatus_Saccharibacteria,0.031491625962846694,Candidatus_Saccharibacteria,A30,0,male,26,adult,F508del,F508del,Homozygous,66,Moderate,Moderate-Severe,yes,teziva
A30H12,feces,T12,Phylum,Candidatus_Saccharibacteria,0,Candidatus_Saccharibacteria,A30,12,male,26,adult,F508del,F508del,Homozygous,76,Mild,Normal-Mild,yes,teziva
P2H0,feces,T0,Phylum,Candidatus_Saccharibacteria,0,Candidatus_Saccharibacteria,P2,0,female,12,pediatric,F508del,G85E,Heterozygous,85,Mild,Normal-Mild,no,naive
P2H12,feces,T12,Phylum,Candidatus_Saccharibacteria,0,Candidatus_Saccharibacteria,P2,12,female,12,pediatric,F508del,G85E,Heterozygous,103,Normal,Normal-Mild,no,naive
P4H0,feces,T0,Phylum,Candidatus_Saccharibacteria,8.113533373667277e-4,Candidatus_Saccharibacteria,P4,0,male,16,pediatric,F508del,F508del,Homozygous,97,Normal,Normal-Mild,yes,teziva
P4H12,feces,T12,Phylum,Candidatus_Saccharibacteria,0,Candidatus_Saccharibacteria,P4,12,male,16,pediatric,F508del,F508del,Homozygous,94,Normal,Normal-Mild,yes,teziva
P5H0,feces,T0,Phylum,Candidatus_Saccharibacteria,0.004850827551180231,Candidatus_Saccharibacteria,P5,0,female,17,pediatric,F508del,F508del,Homozygous,87,Mild,Normal-Mild,yes,teziva
P5H12,feces,T12,Phylum,Candidatus_Saccharibacteria,0,Candidatus_Saccharibacteria,P5,12,female,17,pediatric,F508del,F508del,Homozygous,100,Normal,Normal-Mild,yes,teziva
P11H0,feces,T0,Phylum,Candidatus_Saccharibacteria,0,Candidatus_Saccharibacteria,P11,0,male,17,pediatric,F508del,H199Y,Heterozygous,76,Mild,Normal-Mild,no,naive
P11H12,feces,T12,Phylum,Candidatus_Saccharibacteria,0.01744767126703265,Candidatus_Saccharibacteria,P11,12,male,17,pediatric,F508del,H199Y,Heterozygous,87,Mild,Normal-Mild,no,naive
P14H0,feces,T0,Phylum,Candidatus_Saccharibacteria,0,Candidatus_Saccharibacteria,P14,0,female,7,pediatric,F508del,G542X,Heterozygous,87,Mild,Normal-Mild,no,naive
P14H12,feces,T12,Phylum,Candidatus_Saccharibacteria,0,Candidatus_Saccharibacteria,P14,12,female,7,pediatric,F508del,G542X,Heterozygous,111,Normal,Normal-Mild,no,naive
P16H0,feces,T0,Phylum,Candidatus_Saccharibacteria,0,Candidatus_Saccharibacteria,P16,0,male,9,pediatric,F508del,I507del,Heterozygous,94,Normal,Normal-Mild,no,naive
P16H12,feces,T12,Phylum,Candidatus_Saccharibacteria,0.006071278611275535,Candidatus_Saccharibacteria,P16,12,male,9,pediatric,F508del,I507del,Heterozygous,98,Normal,Normal-Mild,no,naive
P17H0,feces,T0,Phylum,Candidatus_Saccharibacteria,8.802289475492575e-4,Candidatus_Saccharibacteria,P17,0,male,6,pediatric,F508del,c.580-1G>T,Heterozygous,122,Normal,Normal-Mild,no,naive
P17H12,feces,T12,Phylum,Candidatus_Saccharibacteria,0.004142555128002952,Candidatus_Saccharibacteria,P17,12,male,6,pediatric,F508del,c.580-1G>T,Heterozygous,134,Normal,Normal-Mild,no,naive
P20H0,feces,T0,Phylum,Candidatus_Saccharibacteria,0,Candidatus_Saccharibacteria,P20,0,male,11,pediatric,F508del,G542X,Heterozygous,77,Mild,Normal-Mild,no,naive
P20H12,feces,T12,Phylum,Candidatus_Saccharibacteria,0.01796301240618704,Candidatus_Saccharibacteria,P20,12,male,11,pediatric,F508del,G542X,Heterozygous,87,Mild,Normal-Mild,no,naive
P21H0,feces,T0,Phylum,Candidatus_Saccharibacteria,0,Candidatus_Saccharibacteria,P21,0,female,7,pediatric,F508del,G542X,Heterozygous,98,Normal,Normal-Mild,no,naive
P21H12,feces,T12,Phylum,Candidatus_Saccharibacteria,0,Candidatus_Saccharibacteria,P21,12,female,7,pediatric,F508del,G542X,Heterozygous,73,Mild,Normal-Mild,no,naive
P25H0,feces,T0,Phylum,Candidatus_Saccharibacteria,0,Candidatus_Saccharibacteria,P25,0,female,7,pediatric,F508del,Dele 22-23,Heterozygous,109,Normal,Normal-Mild,no,naive
P25H12,feces,T12,Phylum,Candidatus_Saccharibacteria,0,Candidatus_Saccharibacteria,P25,12,female,7,pediatric,F508del,Dele 22-23,Heterozygous,130,Normal,Normal-Mild,no,naive
P26H0,feces,T0,Phylum,Candidatus_Saccharibacteria,0,Candidatus_Saccharibacteria,P26,0,female,11,pediatric,F508del,F508del,Homozygous,92,Normal,Normal-Mild,yes,lumiva
P26H12,feces,T12,Phylum,Candidatus_Saccharibacteria,0,Candidatus_Saccharibacteria,P26,12,female,11,pediatric,F508del,F508del,Homozygous,96,Normal,Normal-Mild,yes,lumiva
P27H0,feces,T0,Phylum,Candidatus_Saccharibacteria,0,Candidatus_Saccharibacteria,P27,0,male,9,pediatric,F508del,F508del,Homozygous,87,Mild,Normal-Mild,yes,lumiva
P27H12,feces,T12,Phylum,Candidatus_Saccharibacteria,0,Candidatus_Saccharibacteria,P27,12,male,9,pediatric,F508del,F508del,Homozygous,97,Normal,Normal-Mild,yes,lumiva
P42H0,feces,T0,Phylum,Candidatus_Saccharibacteria,0.023244335959739487,Candidatus_Saccharibacteria,P42,0,male,17,pediatric,F508del,F508del,Homozygous,110,Normal,Normal-Mild,yes,teziva
P42H12,feces,T12,Phylum,Candidatus_Saccharibacteria,0,Candidatus_Saccharibacteria,P42,12,male,17,pediatric,F508del,F508del,Homozygous,124,Normal,Normal-Mild,yes,teziva
A1H0,feces,T0,Phylum,Spirochaetota,0,Spirochaetota,A1,0,male,30,adult,F508del,3849+10kbC>T,Heterozygous,84,Mild,Normal-Mild,yes,teziva
A1H12,feces,T12,Phylum,Spirochaetota,0,Spirochaetota,A1,12,male,30,adult,F508del,3849+10kbC>T,Heterozygous,77,Mild,Normal-Mild,yes,teziva
A3H0,feces,T0,Phylum,Spirochaetota,0,Spirochaetota,A3,0,male,38,adult,F508del,F508del,Homozygous,81,Mild,Normal-Mild,yes,teziva
A3H12,feces,T12,Phylum,Spirochaetota,0,Spirochaetota,A3,12,male,38,adult,F508del,F508del,Homozygous,89,Mild,Normal-Mild,yes,teziva
A4H0,feces,T0,Phylum,Spirochaetota,0,Spirochaetota,A4,0,female,66,adult,F508del,P205S,Heterozygous,32,Severe,Moderate-Severe,no,naive
A4H12,feces,T12,Phylum,Spirochaetota,0,Spirochaetota,A4,12,female,66,adult,F508del,P205S,Heterozygous,39,Severe,Moderate-Severe,no,naive
A6H0,feces,T0,Phylum,Spirochaetota,0,Spirochaetota,A6,0,male,46,adult,F508del,F508del,Homozygous,34,Severe,Moderate-Severe,yes,teziva
A6H12,feces,T12,Phylum,Spirochaetota,0,Spirochaetota,A6,12,male,46,adult,F508del,F508del,Homozygous,55,Moderate,Moderate-Severe,yes,teziva
A7H0,feces,T0,Phylum,Spirochaetota,0,Spirochaetota,A7,0,female,50,adult,F508del,R334W,Heterozygous,43,Moderate,Moderate-Severe,no,naive
A7H12,feces,T12,Phylum,Spirochaetota,0,Spirochaetota,A7,12,female,50,adult,F508del,R334W,Heterozygous,72,Mild,Normal-Mild,no,naive
A8H0,feces,T0,Phylum,Spirochaetota,0,Spirochaetota,A8,0,male,19,adult,F508del,F508del,Homozygous,81,Mild,Normal-Mild,yes,teziva
A8H12,feces,T12,Phylum,Spirochaetota,0,Spirochaetota,A8,12,male,19,adult,F508del,F508del,Homozygous,96,Normal,Normal-Mild,yes,teziva
A9H0,feces,T0,Phylum,Spirochaetota,0,Spirochaetota,A9,0,male,26,adult,F508del,F508del,Homozygous,30,Severe,Moderate-Severe,yes,lumiva_teziva
A9H12,feces,T12,Phylum,Spirochaetota,0,Spirochaetota,A9,12,male,26,adult,F508del,F508del,Homozygous,46,Moderate,Moderate-Severe,yes,lumiva_teziva
A10H0,feces,T0,Phylum,Spirochaetota,0,Spirochaetota,A10,0,male,21,adult,F508del,F508del,Homozygous,48,Moderate,Moderate-Severe,yes,teziva
A10H12,feces,T12,Phylum,Spirochaetota,0,Spirochaetota,A10,12,male,21,adult,F508del,F508del,Homozygous,82,Mild,Normal-Mild,yes,teziva
A12H0,feces,T0,Phylum,Spirochaetota,0,Spirochaetota,A12,0,male,37,adult,F508del,N1303K,Heterozygous,41,Moderate,Moderate-Severe,no,naive
A12H12,feces,T12,Phylum,Spirochaetota,0,Spirochaetota,A12,12,male,37,adult,F508del,N1303K,Heterozygous,61,Moderate,Moderate-Severe,no,naive
A13H0,feces,T0,Phylum,Spirochaetota,0,Spirochaetota,A13,0,male,37,adult,F508del,F508del,Homozygous,83,Mild,Normal-Mild,yes,teziva
A13H12,feces,T12,Phylum,Spirochaetota,0,Spirochaetota,A13,12,male,37,adult,F508del,F508del,Homozygous,97,Normal,Normal-Mild,yes,teziva
A16H0,feces,T0,Phylum,Spirochaetota,0,Spirochaetota,A16,0,male,46,adult,F508del,F508del,Homozygous,62,Moderate,Moderate-Severe,yes,teziva
A16H12,feces,T12,Phylum,Spirochaetota,0,Spirochaetota,A16,12,male,46,adult,F508del,F508del,Homozygous,59,Moderate,Moderate-Severe,yes,teziva
A17H0,feces,T0,Phylum,Spirochaetota,0,Spirochaetota,A17,0,male,54,adult,F508del,N1303K,Heterozygous,52,Moderate,Moderate-Severe,no,naive
A17H12,feces,T12,Phylum,Spirochaetota,0,Spirochaetota,A17,12,male,54,adult,F508del,N1303K,Heterozygous,66,Moderate,Moderate-Severe,no,naive
A19H0,feces,T0,Phylum,Spirochaetota,0,Spirochaetota,A19,0,female,48,adult,F508del,F508del,Homozygous,64,Moderate,Moderate-Severe,yes,teziva
A19H12,feces,T12,Phylum,Spirochaetota,0,Spirochaetota,A19,12,female,48,adult,F508del,F508del,Homozygous,70,Mild,Normal-Mild,yes,teziva
A20H0,feces,T0,Phylum,Spirochaetota,0,Spirochaetota,A20,0,female,45,adult,F508del,R117C,Heterozygous,64,Moderate,Moderate-Severe,yes,teziva
A20H12,feces,T12,Phylum,Spirochaetota,0,Spirochaetota,A20,12,female,45,adult,F508del,R117C,Heterozygous,62,Moderate,Moderate-Severe,yes,teziva
A22H0,feces,T0,Phylum,Spirochaetota,0,Spirochaetota,A22,0,male,56,adult,F508del,F508del,Homozygous,69,Moderate,Moderate-Severe,yes,teziva
A22H12,feces,T12,Phylum,Spirochaetota,0,Spirochaetota,A22,12,male,56,adult,F508del,F508del,Homozygous,84,Mild,Normal-Mild,yes,teziva
A24H0,feces,T0,Phylum,Spirochaetota,0,Spirochaetota,A24,0,female,63,adult,F508del,L206W,Heterozygous,43,Moderate,Moderate-Severe,yes,teziva
A24H12,feces,T12,Phylum,Spirochaetota,0,Spirochaetota,A24,12,female,63,adult,F508del,L206W,Heterozygous,40,Moderate,Moderate-Severe,yes,teziva
A25H0,feces,T0,Phylum,Spirochaetota,0,Spirochaetota,A25,0,female,23,adult,F508del,H1194/V754M,Heterozygous,63,Moderate,Moderate-Severe,no,naive
A25H12,feces,T12,Phylum,Spirochaetota,0,Spirochaetota,A25,12,female,23,adult,F508del,H1194/V754M,Heterozygous,80,Mild,Normal-Mild,no,naive
A26H0,feces,T0,Phylum,Spirochaetota,0,Spirochaetota,A26,0,female,29,adult,F508del,G542X,Heterozygous,30,Severe,Moderate-Severe,no,naive
A26H12,feces,T12,Phylum,Spirochaetota,0,Spirochaetota,A26,12,female,29,adult,F508del,G542X,Heterozygous,53,Moderate,Moderate-Severe,no,naive
A27H0,feces,T0,Phylum,Spirochaetota,0,Spirochaetota,A27,0,female,49,adult,F508del,F508del,Homozygous,86,Mild,Normal-Mild,yes,teziva
A27H12,feces,T12,Phylum,Spirochaetota,0,Spirochaetota,A27,12,female,49,adult,F508del,F508del,Homozygous,92,Normal,Normal-Mild,yes,teziva
A28H0,feces,T0,Phylum,Spirochaetota,0,Spirochaetota,A28,0,female,38,adult,F508del,F508del,Homozygous,46,Moderate,Moderate-Severe,yes,teziva
A28H12,feces,T12,Phylum,Spirochaetota,0,Spirochaetota,A28,12,female,38,adult,F508del,F508del,Homozygous,62,Moderate,Moderate-Severe,yes,teziva
A30H0,feces,T0,Phylum,Spirochaetota,0,Spirochaetota,A30,0,male,26,adult,F508del,F508del,Homozygous,66,Moderate,Moderate-Severe,yes,teziva
A30H12,feces,T12,Phylum,Spirochaetota,0,Spirochaetota,A30,12,male,26,adult,F508del,F508del,Homozygous,76,Mild,Normal-Mild,yes,teziva
P2H0,feces,T0,Phylum,Spirochaetota,0,Spirochaetota,P2,0,female,12,pediatric,F508del,G85E,Heterozygous,85,Mild,Normal-Mild,no,naive
P2H12,feces,T12,Phylum,Spirochaetota,0,Spirochaetota,P2,12,female,12,pediatric,F508del,G85E,Heterozygous,103,Normal,Normal-Mild,no,naive
P4H0,feces,T0,Phylum,Spirochaetota,0,Spirochaetota,P4,0,male,16,pediatric,F508del,F508del,Homozygous,97,Normal,Normal-Mild,yes,teziva
P4H12,feces,T12,Phylum,Spirochaetota,0,Spirochaetota,P4,12,male,16,pediatric,F508del,F508del,Homozygous,94,Normal,Normal-Mild,yes,teziva
P5H0,feces,T0,Phylum,Spirochaetota,0,Spirochaetota,P5,0,female,17,pediatric,F508del,F508del,Homozygous,87,Mild,Normal-Mild,yes,teziva
P5H12,feces,T12,Phylum,Spirochaetota,0,Spirochaetota,P5,12,female,17,pediatric,F508del,F508del,Homozygous,100,Normal,Normal-Mild,yes,teziva
P11H0,feces,T0,Phylum,Spirochaetota,0,Spirochaetota,P11,0,male,17,pediatric,F508del,H199Y,Heterozygous,76,Mild,Normal-Mild,no,naive
P11H12,feces,T12,Phylum,Spirochaetota,0,Spirochaetota,P11,12,male,17,pediatric,F508del,H199Y,Heterozygous,87,Mild,Normal-Mild,no,naive
P14H0,feces,T0,Phylum,Spirochaetota,0,Spirochaetota,P14,0,female,7,pediatric,F508del,G542X,Heterozygous,87,Mild,Normal-Mild,no,naive
P14H12,feces,T12,Phylum,Spirochaetota,0,Spirochaetota,P14,12,female,7,pediatric,F508del,G542X,Heterozygous,111,Normal,Normal-Mild,no,naive
P16H0,feces,T0,Phylum,Spirochaetota,0,Spirochaetota,P16,0,male,9,pediatric,F508del,I507del,Heterozygous,94,Normal,Normal-Mild,no,naive
P16H12,feces,T12,Phylum,Spirochaetota,0,Spirochaetota,P16,12,male,9,pediatric,F508del,I507del,Heterozygous,98,Normal,Normal-Mild,no,naive
P17H0,feces,T0,Phylum,Spirochaetota,0,Spirochaetota,P17,0,male,6,pediatric,F508del,c.580-1G>T,Heterozygous,122,Normal,Normal-Mild,no,naive
P17H12,feces,T12,Phylum,Spirochaetota,0,Spirochaetota,P17,12,male,6,pediatric,F508del,c.580-1G>T,Heterozygous,134,Normal,Normal-Mild,no,naive
P20H0,feces,T0,Phylum,Spirochaetota,0,Spirochaetota,P20,0,male,11,pediatric,F508del,G542X,Heterozygous,77,Mild,Normal-Mild,no,naive
P20H12,feces,T12,Phylum,Spirochaetota,0,Spirochaetota,P20,12,male,11,pediatric,F508del,G542X,Heterozygous,87,Mild,Normal-Mild,no,naive
P21H0,feces,T0,Phylum,Spirochaetota,0,Spirochaetota,P21,0,female,7,pediatric,F508del,G542X,Heterozygous,98,Normal,Normal-Mild,no,naive
P21H12,feces,T12,Phylum,Spirochaetota,0,Spirochaetota,P21,12,female,7,pediatric,F508del,G542X,Heterozygous,73,Mild,Normal-Mild,no,naive
P25H0,feces,T0,Phylum,Spirochaetota,0,Spirochaetota,P25,0,female,7,pediatric,F508del,Dele 22-23,Heterozygous,109,Normal,Normal-Mild,no,naive
P25H12,feces,T12,Phylum,Spirochaetota,0,Spirochaetota,P25,12,female,7,pediatric,F508del,Dele 22-23,Heterozygous,130,Normal,Normal-Mild,no,naive
P26H0,feces,T0,Phylum,Spirochaetota,0,Spirochaetota,P26,0,female,11,pediatric,F508del,F508del,Homozygous,92,Normal,Normal-Mild,yes,lumiva
P26H12,feces,T12,Phylum,Spirochaetota,0,Spirochaetota,P26,12,female,11,pediatric,F508del,F508del,Homozygous,96,Normal,Normal-Mild,yes,lumiva
P27H0,feces,T0,Phylum,Spirochaetota,0,Spirochaetota,P27,0,male,9,pediatric,F508del,F508del,Homozygous,87,Mild,Normal-Mild,yes,lumiva
P27H12,feces,T12,Phylum,Spirochaetota,0,Spirochaetota,P27,12,male,9,pediatric,F508del,F508del,Homozygous,97,Normal,Normal-Mild,yes,lumiva
P42H0,feces,T0,Phylum,Spirochaetota,0,Spirochaetota,P42,0,male,17,pediatric,F508del,F508del,Homozygous,110,Normal,Normal-Mild,yes,teziva
P42H12,feces,T12,Phylum,Spirochaetota,0,Spirochaetota,P42,12,male,17,pediatric,F508del,F508del,Homozygous,124,Normal,Normal-Mild,yes,teziva
A1H0,feces,T0,Phylum,Verrucomicrobiota,6.047850604785061,Verrucomicrobiota,A1,0,male,30,adult,F508del,3849+10kbC>T,Heterozygous,84,Mild,Normal-Mild,yes,teziva
A1H12,feces,T12,Phylum,Verrucomicrobiota,38.7262335741006,Verrucomicrobiota,A1,12,male,30,adult,F508del,3849+10kbC>T,Heterozygous,77,Mild,Normal-Mild,yes,teziva
A3H0,feces,T0,Phylum,Verrucomicrobiota,0,Verrucomicrobiota,A3,0,male,38,adult,F508del,F508del,Homozygous,81,Mild,Normal-Mild,yes,teziva
A3H12,feces,T12,Phylum,Verrucomicrobiota,4.068284527321208,Verrucomicrobiota,A3,12,male,38,adult,F508del,F508del,Homozygous,89,Mild,Normal-Mild,yes,teziva
A4H0,feces,T0,Phylum,Verrucomicrobiota,0,Verrucomicrobiota,A4,0,female,66,adult,F508del,P205S,Heterozygous,32,Severe,Moderate-Severe,no,naive
A4H12,feces,T12,Phylum,Verrucomicrobiota,0,Verrucomicrobiota,A4,12,female,66,adult,F508del,P205S,Heterozygous,39,Severe,Moderate-Severe,no,naive
A6H0,feces,T0,Phylum,Verrucomicrobiota,0,Verrucomicrobiota,A6,0,male,46,adult,F508del,F508del,Homozygous,34,Severe,Moderate-Severe,yes,teziva
A6H12,feces,T12,Phylum,Verrucomicrobiota,0,Verrucomicrobiota,A6,12,male,46,adult,F508del,F508del,Homozygous,55,Moderate,Moderate-Severe,yes,teziva
A7H0,feces,T0,Phylum,Verrucomicrobiota,0,Verrucomicrobiota,A7,0,female,50,adult,F508del,R334W,Heterozygous,43,Moderate,Moderate-Severe,no,naive
A7H12,feces,T12,Phylum,Verrucomicrobiota,0,Verrucomicrobiota,A7,12,female,50,adult,F508del,R334W,Heterozygous,72,Mild,Normal-Mild,no,naive
A8H0,feces,T0,Phylum,Verrucomicrobiota,2.940933658927387,Verrucomicrobiota,A8,0,male,19,adult,F508del,F508del,Homozygous,81,Mild,Normal-Mild,yes,teziva
A8H12,feces,T12,Phylum,Verrucomicrobiota,0.2613751479741433,Verrucomicrobiota,A8,12,male,19,adult,F508del,F508del,Homozygous,96,Normal,Normal-Mild,yes,teziva
A9H0,feces,T0,Phylum,Verrucomicrobiota,0,Verrucomicrobiota,A9,0,male,26,adult,F508del,F508del,Homozygous,30,Severe,Moderate-Severe,yes,lumiva_teziva
A9H12,feces,T12,Phylum,Verrucomicrobiota,0,Verrucomicrobiota,A9,12,male,26,adult,F508del,F508del,Homozygous,46,Moderate,Moderate-Severe,yes,lumiva_teziva
A10H0,feces,T0,Phylum,Verrucomicrobiota,0,Verrucomicrobiota,A10,0,male,21,adult,F508del,F508del,Homozygous,48,Moderate,Moderate-Severe,yes,teziva
A10H12,feces,T12,Phylum,Verrucomicrobiota,0,Verrucomicrobiota,A10,12,male,21,adult,F508del,F508del,Homozygous,82,Mild,Normal-Mild,yes,teziva
A12H0,feces,T0,Phylum,Verrucomicrobiota,0,Verrucomicrobiota,A12,0,male,37,adult,F508del,N1303K,Heterozygous,41,Moderate,Moderate-Severe,no,naive
A12H12,feces,T12,Phylum,Verrucomicrobiota,0,Verrucomicrobiota,A12,12,male,37,adult,F508del,N1303K,Heterozygous,61,Moderate,Moderate-Severe,no,naive
A13H0,feces,T0,Phylum,Verrucomicrobiota,0,Verrucomicrobiota,A13,0,male,37,adult,F508del,F508del,Homozygous,83,Mild,Normal-Mild,yes,teziva
A13H12,feces,T12,Phylum,Verrucomicrobiota,0,Verrucomicrobiota,A13,12,male,37,adult,F508del,F508del,Homozygous,97,Normal,Normal-Mild,yes,teziva
A16H0,feces,T0,Phylum,Verrucomicrobiota,0,Verrucomicrobiota,A16,0,male,46,adult,F508del,F508del,Homozygous,62,Moderate,Moderate-Severe,yes,teziva
A16H12,feces,T12,Phylum,Verrucomicrobiota,0,Verrucomicrobiota,A16,12,male,46,adult,F508del,F508del,Homozygous,59,Moderate,Moderate-Severe,yes,teziva
A17H0,feces,T0,Phylum,Verrucomicrobiota,0,Verrucomicrobiota,A17,0,male,54,adult,F508del,N1303K,Heterozygous,52,Moderate,Moderate-Severe,no,naive
A17H12,feces,T12,Phylum,Verrucomicrobiota,0.08765050610896198,Verrucomicrobiota,A17,12,male,54,adult,F508del,N1303K,Heterozygous,66,Moderate,Moderate-Severe,no,naive
A19H0,feces,T0,Phylum,Verrucomicrobiota,0,Verrucomicrobiota,A19,0,female,48,adult,F508del,F508del,Homozygous,64,Moderate,Moderate-Severe,yes,teziva
A19H12,feces,T12,Phylum,Verrucomicrobiota,0,Verrucomicrobiota,A19,12,female,48,adult,F508del,F508del,Homozygous,70,Mild,Normal-Mild,yes,teziva
A20H0,feces,T0,Phylum,Verrucomicrobiota,0,Verrucomicrobiota,A20,0,female,45,adult,F508del,R117C,Heterozygous,64,Moderate,Moderate-Severe,yes,teziva
A20H12,feces,T12,Phylum,Verrucomicrobiota,0,Verrucomicrobiota,A20,12,female,45,adult,F508del,R117C,Heterozygous,62,Moderate,Moderate-Severe,yes,teziva
A22H0,feces,T0,Phylum,Verrucomicrobiota,22.8813805776247,Verrucomicrobiota,A22,0,male,56,adult,F508del,F508del,Homozygous,69,Moderate,Moderate-Severe,yes,teziva
A22H12,feces,T12,Phylum,Verrucomicrobiota,5.601726797436282,Verrucomicrobiota,A22,12,male,56,adult,F508del,F508del,Homozygous,84,Mild,Normal-Mild,yes,teziva
A24H0,feces,T0,Phylum,Verrucomicrobiota,0,Verrucomicrobiota,A24,0,female,63,adult,F508del,L206W,Heterozygous,43,Moderate,Moderate-Severe,yes,teziva
A24H12,feces,T12,Phylum,Verrucomicrobiota,0,Verrucomicrobiota,A24,12,female,63,adult,F508del,L206W,Heterozygous,40,Moderate,Moderate-Severe,yes,teziva
A25H0,feces,T0,Phylum,Verrucomicrobiota,0,Verrucomicrobiota,A25,0,female,23,adult,F508del,H1194/V754M,Heterozygous,63,Moderate,Moderate-Severe,no,naive
A25H12,feces,T12,Phylum,Verrucomicrobiota,0,Verrucomicrobiota,A25,12,female,23,adult,F508del,H1194/V754M,Heterozygous,80,Mild,Normal-Mild,no,naive
A26H0,feces,T0,Phylum,Verrucomicrobiota,0,Verrucomicrobiota,A26,0,female,29,adult,F508del,G542X,Heterozygous,30,Severe,Moderate-Severe,no,naive
A26H12,feces,T12,Phylum,Verrucomicrobiota,0,Verrucomicrobiota,A26,12,female,29,adult,F508del,G542X,Heterozygous,53,Moderate,Moderate-Severe,no,naive
A27H0,feces,T0,Phylum,Verrucomicrobiota,0,Verrucomicrobiota,A27,0,female,49,adult,F508del,F508del,Homozygous,86,Mild,Normal-Mild,yes,teziva
A27H12,feces,T12,Phylum,Verrucomicrobiota,0,Verrucomicrobiota,A27,12,female,49,adult,F508del,F508del,Homozygous,92,Normal,Normal-Mild,yes,teziva
A28H0,feces,T0,Phylum,Verrucomicrobiota,0,Verrucomicrobiota,A28,0,female,38,adult,F508del,F508del,Homozygous,46,Moderate,Moderate-Severe,yes,teziva
A28H12,feces,T12,Phylum,Verrucomicrobiota,0,Verrucomicrobiota,A28,12,female,38,adult,F508del,F508del,Homozygous,62,Moderate,Moderate-Severe,yes,teziva
A30H0,feces,T0,Phylum,Verrucomicrobiota,0.6182298139228657,Verrucomicrobiota,A30,0,male,26,adult,F508del,F508del,Homozygous,66,Moderate,Moderate-Severe,yes,teziva
A30H12,feces,T12,Phylum,Verrucomicrobiota,0,Verrucomicrobiota,A30,12,male,26,adult,F508del,F508del,Homozygous,76,Mild,Normal-Mild,yes,teziva
P2H0,feces,T0,Phylum,Verrucomicrobiota,0.00793689398611634,Verrucomicrobiota,P2,0,female,12,pediatric,F508del,G85E,Heterozygous,85,Mild,Normal-Mild,no,naive
P2H12,feces,T12,Phylum,Verrucomicrobiota,0.19404003880800774,Verrucomicrobiota,P2,12,female,12,pediatric,F508del,G85E,Heterozygous,103,Normal,Normal-Mild,no,naive
P4H0,feces,T0,Phylum,Verrucomicrobiota,6.385200514458115,Verrucomicrobiota,P4,0,male,16,pediatric,F508del,F508del,Homozygous,97,Normal,Normal-Mild,yes,teziva
P4H12,feces,T12,Phylum,Verrucomicrobiota,65.36596307319262,Verrucomicrobiota,P4,12,male,16,pediatric,F508del,F508del,Homozygous,94,Normal,Normal-Mild,yes,teziva
P5H0,feces,T0,Phylum,Verrucomicrobiota,0,Verrucomicrobiota,P5,0,female,17,pediatric,F508del,F508del,Homozygous,87,Mild,Normal-Mild,yes,teziva
P5H12,feces,T12,Phylum,Verrucomicrobiota,0,Verrucomicrobiota,P5,12,female,17,pediatric,F508del,F508del,Homozygous,100,Normal,Normal-Mild,yes,teziva
P11H0,feces,T0,Phylum,Verrucomicrobiota,0,Verrucomicrobiota,P11,0,male,17,pediatric,F508del,H199Y,Heterozygous,76,Mild,Normal-Mild,no,naive
P11H12,feces,T12,Phylum,Verrucomicrobiota,0.2627873842413154,Verrucomicrobiota,P11,12,male,17,pediatric,F508del,H199Y,Heterozygous,87,Mild,Normal-Mild,no,naive
P14H0,feces,T0,Phylum,Verrucomicrobiota,0,Verrucomicrobiota,P14,0,female,7,pediatric,F508del,G542X,Heterozygous,87,Mild,Normal-Mild,no,naive
P14H12,feces,T12,Phylum,Verrucomicrobiota,2.7919508375852513,Verrucomicrobiota,P14,12,female,7,pediatric,F508del,G542X,Heterozygous,111,Normal,Normal-Mild,no,naive
P16H0,feces,T0,Phylum,Verrucomicrobiota,0,Verrucomicrobiota,P16,0,male,9,pediatric,F508del,I507del,Heterozygous,94,Normal,Normal-Mild,no,naive
P16H12,feces,T12,Phylum,Verrucomicrobiota,0.0431790935170947,Verrucomicrobiota,P16,12,male,9,pediatric,F508del,I507del,Heterozygous,98,Normal,Normal-Mild,no,naive
P17H0,feces,T0,Phylum,Verrucomicrobiota,0,Verrucomicrobiota,P17,0,male,6,pediatric,F508del,c.580-1G>T,Heterozygous,122,Normal,Normal-Mild,no,naive
P17H12,feces,T12,Phylum,Verrucomicrobiota,0,Verrucomicrobiota,P17,12,male,6,pediatric,F508del,c.580-1G>T,Heterozygous,134,Normal,Normal-Mild,no,naive
P20H0,feces,T0,Phylum,Verrucomicrobiota,0,Verrucomicrobiota,P20,0,male,11,pediatric,F508del,G542X,Heterozygous,77,Mild,Normal-Mild,no,naive
P20H12,feces,T12,Phylum,Verrucomicrobiota,0,Verrucomicrobiota,P20,12,male,11,pediatric,F508del,G542X,Heterozygous,87,Mild,Normal-Mild,no,naive
P21H0,feces,T0,Phylum,Verrucomicrobiota,0,Verrucomicrobiota,P21,0,female,7,pediatric,F508del,G542X,Heterozygous,98,Normal,Normal-Mild,no,naive
P21H12,feces,T12,Phylum,Verrucomicrobiota,0.16058369622247115,Verrucomicrobiota,P21,12,female,7,pediatric,F508del,G542X,Heterozygous,73,Mild,Normal-Mild,no,naive
P25H0,feces,T0,Phylum,Verrucomicrobiota,0,Verrucomicrobiota,P25,0,female,7,pediatric,F508del,Dele 22-23,Heterozygous,109,Normal,Normal-Mild,no,naive
P25H12,feces,T12,Phylum,Verrucomicrobiota,1.3857036939386087,Verrucomicrobiota,P25,12,female,7,pediatric,F508del,Dele 22-23,Heterozygous,130,Normal,Normal-Mild,no,naive
P26H0,feces,T0,Phylum,Verrucomicrobiota,14.85431546993298,Verrucomicrobiota,P26,0,female,11,pediatric,F508del,F508del,Homozygous,92,Normal,Normal-Mild,yes,lumiva
P26H12,feces,T12,Phylum,Verrucomicrobiota,4.11651701023144,Verrucomicrobiota,P26,12,female,11,pediatric,F508del,F508del,Homozygous,96,Normal,Normal-Mild,yes,lumiva
P27H0,feces,T0,Phylum,Verrucomicrobiota,0.024411576987873416,Verrucomicrobiota,P27,0,male,9,pediatric,F508del,F508del,Homozygous,87,Mild,Normal-Mild,yes,lumiva
P27H12,feces,T12,Phylum,Verrucomicrobiota,0.004573416799691049,Verrucomicrobiota,P27,12,male,9,pediatric,F508del,F508del,Homozygous,97,Normal,Normal-Mild,yes,lumiva
P42H0,feces,T0,Phylum,Verrucomicrobiota,0,Verrucomicrobiota,P42,0,male,17,pediatric,F508del,F508del,Homozygous,110,Normal,Normal-Mild,yes,teziva
P42H12,feces,T12,Phylum,Verrucomicrobiota,0.15800265737708924,Verrucomicrobiota,P42,12,male,17,pediatric,F508del,F508del,Homozygous,124,Normal,Normal-Mild,yes,teziva
A1H0,feces,T0,Phylum,Synergistetes,0,Synergistetes,A1,0,male,30,adult,F508del,3849+10kbC>T,Heterozygous,84,Mild,Normal-Mild,yes,teziva
A1H12,feces,T12,Phylum,Synergistetes,0,Synergistetes,A1,12,male,30,adult,F508del,3849+10kbC>T,Heterozygous,77,Mild,Normal-Mild,yes,teziva
A3H0,feces,T0,Phylum,Synergistetes,0,Synergistetes,A3,0,male,38,adult,F508del,F508del,Homozygous,81,Mild,Normal-Mild,yes,teziva
A3H12,feces,T12,Phylum,Synergistetes,0,Synergistetes,A3,12,male,38,adult,F508del,F508del,Homozygous,89,Mild,Normal-Mild,yes,teziva
A4H0,feces,T0,Phylum,Synergistetes,0,Synergistetes,A4,0,female,66,adult,F508del,P205S,Heterozygous,32,Severe,Moderate-Severe,no,naive
A4H12,feces,T12,Phylum,Synergistetes,0,Synergistetes,A4,12,female,66,adult,F508del,P205S,Heterozygous,39,Severe,Moderate-Severe,no,naive
A6H0,feces,T0,Phylum,Synergistetes,0,Synergistetes,A6,0,male,46,adult,F508del,F508del,Homozygous,34,Severe,Moderate-Severe,yes,teziva
A6H12,feces,T12,Phylum,Synergistetes,0,Synergistetes,A6,12,male,46,adult,F508del,F508del,Homozygous,55,Moderate,Moderate-Severe,yes,teziva
A7H0,feces,T0,Phylum,Synergistetes,0,Synergistetes,A7,0,female,50,adult,F508del,R334W,Heterozygous,43,Moderate,Moderate-Severe,no,naive
A7H12,feces,T12,Phylum,Synergistetes,0,Synergistetes,A7,12,female,50,adult,F508del,R334W,Heterozygous,72,Mild,Normal-Mild,no,naive
A8H0,feces,T0,Phylum,Synergistetes,0,Synergistetes,A8,0,male,19,adult,F508del,F508del,Homozygous,81,Mild,Normal-Mild,yes,teziva
A8H12,feces,T12,Phylum,Synergistetes,0,Synergistetes,A8,12,male,19,adult,F508del,F508del,Homozygous,96,Normal,Normal-Mild,yes,teziva
A9H0,feces,T0,Phylum,Synergistetes,0,Synergistetes,A9,0,male,26,adult,F508del,F508del,Homozygous,30,Severe,Moderate-Severe,yes,lumiva_teziva
A9H12,feces,T12,Phylum,Synergistetes,0,Synergistetes,A9,12,male,26,adult,F508del,F508del,Homozygous,46,Moderate,Moderate-Severe,yes,lumiva_teziva
A10H0,feces,T0,Phylum,Synergistetes,0,Synergistetes,A10,0,male,21,adult,F508del,F508del,Homozygous,48,Moderate,Moderate-Severe,yes,teziva
A10H12,feces,T12,Phylum,Synergistetes,0,Synergistetes,A10,12,male,21,adult,F508del,F508del,Homozygous,82,Mild,Normal-Mild,yes,teziva
A12H0,feces,T0,Phylum,Synergistetes,0,Synergistetes,A12,0,male,37,adult,F508del,N1303K,Heterozygous,41,Moderate,Moderate-Severe,no,naive
A12H12,feces,T12,Phylum,Synergistetes,0,Synergistetes,A12,12,male,37,adult,F508del,N1303K,Heterozygous,61,Moderate,Moderate-Severe,no,naive
A13H0,feces,T0,Phylum,Synergistetes,0,Synergistetes,A13,0,male,37,adult,F508del,F508del,Homozygous,83,Mild,Normal-Mild,yes,teziva
A13H12,feces,T12,Phylum,Synergistetes,0,Synergistetes,A13,12,male,37,adult,F508del,F508del,Homozygous,97,Normal,Normal-Mild,yes,teziva
A16H0,feces,T0,Phylum,Synergistetes,0,Synergistetes,A16,0,male,46,adult,F508del,F508del,Homozygous,62,Moderate,Moderate-Severe,yes,teziva
A16H12,feces,T12,Phylum,Synergistetes,0,Synergistetes,A16,12,male,46,adult,F508del,F508del,Homozygous,59,Moderate,Moderate-Severe,yes,teziva
A17H0,feces,T0,Phylum,Synergistetes,0,Synergistetes,A17,0,male,54,adult,F508del,N1303K,Heterozygous,52,Moderate,Moderate-Severe,no,naive
A17H12,feces,T12,Phylum,Synergistetes,0,Synergistetes,A17,12,male,54,adult,F508del,N1303K,Heterozygous,66,Moderate,Moderate-Severe,no,naive
A19H0,feces,T0,Phylum,Synergistetes,0,Synergistetes,A19,0,female,48,adult,F508del,F508del,Homozygous,64,Moderate,Moderate-Severe,yes,teziva
A19H12,feces,T12,Phylum,Synergistetes,0,Synergistetes,A19,12,female,48,adult,F508del,F508del,Homozygous,70,Mild,Normal-Mild,yes,teziva
A20H0,feces,T0,Phylum,Synergistetes,0,Synergistetes,A20,0,female,45,adult,F508del,R117C,Heterozygous,64,Moderate,Moderate-Severe,yes,teziva
A20H12,feces,T12,Phylum,Synergistetes,0,Synergistetes,A20,12,female,45,adult,F508del,R117C,Heterozygous,62,Moderate,Moderate-Severe,yes,teziva
A22H0,feces,T0,Phylum,Synergistetes,0.09818548884460018,Synergistetes,A22,0,male,56,adult,F508del,F508del,Homozygous,69,Moderate,Moderate-Severe,yes,teziva
A22H12,feces,T12,Phylum,Synergistetes,0,Synergistetes,A22,12,male,56,adult,F508del,F508del,Homozygous,84,Mild,Normal-Mild,yes,teziva
A24H0,feces,T0,Phylum,Synergistetes,0,Synergistetes,A24,0,female,63,adult,F508del,L206W,Heterozygous,43,Moderate,Moderate-Severe,yes,teziva
A24H12,feces,T12,Phylum,Synergistetes,0,Synergistetes,A24,12,female,63,adult,F508del,L206W,Heterozygous,40,Moderate,Moderate-Severe,yes,teziva
A25H0,feces,T0,Phylum,Synergistetes,0,Synergistetes,A25,0,female,23,adult,F508del,H1194/V754M,Heterozygous,63,Moderate,Moderate-Severe,no,naive
A25H12,feces,T12,Phylum,Synergistetes,0,Synergistetes,A25,12,female,23,adult,F508del,H1194/V754M,Heterozygous,80,Mild,Normal-Mild,no,naive
A26H0,feces,T0,Phylum,Synergistetes,0,Synergistetes,A26,0,female,29,adult,F508del,G542X,Heterozygous,30,Severe,Moderate-Severe,no,naive
A26H12,feces,T12,Phylum,Synergistetes,0,Synergistetes,A26,12,female,29,adult,F508del,G542X,Heterozygous,53,Moderate,Moderate-Severe,no,naive
A27H0,feces,T0,Phylum,Synergistetes,0,Synergistetes,A27,0,female,49,adult,F508del,F508del,Homozygous,86,Mild,Normal-Mild,yes,teziva
A27H12,feces,T12,Phylum,Synergistetes,0,Synergistetes,A27,12,female,49,adult,F508del,F508del,Homozygous,92,Normal,Normal-Mild,yes,teziva
A28H0,feces,T0,Phylum,Synergistetes,0,Synergistetes,A28,0,female,38,adult,F508del,F508del,Homozygous,46,Moderate,Moderate-Severe,yes,teziva
A28H12,feces,T12,Phylum,Synergistetes,0,Synergistetes,A28,12,female,38,adult,F508del,F508del,Homozygous,62,Moderate,Moderate-Severe,yes,teziva
A30H0,feces,T0,Phylum,Synergistetes,0,Synergistetes,A30,0,male,26,adult,F508del,F508del,Homozygous,66,Moderate,Moderate-Severe,yes,teziva
A30H12,feces,T12,Phylum,Synergistetes,0,Synergistetes,A30,12,male,26,adult,F508del,F508del,Homozygous,76,Mild,Normal-Mild,yes,teziva
P2H0,feces,T0,Phylum,Synergistetes,0,Synergistetes,P2,0,female,12,pediatric,F508del,G85E,Heterozygous,85,Mild,Normal-Mild,no,naive
P2H12,feces,T12,Phylum,Synergistetes,0,Synergistetes,P2,12,female,12,pediatric,F508del,G85E,Heterozygous,103,Normal,Normal-Mild,no,naive
P4H0,feces,T0,Phylum,Synergistetes,0,Synergistetes,P4,0,male,16,pediatric,F508del,F508del,Homozygous,97,Normal,Normal-Mild,yes,teziva
P4H12,feces,T12,Phylum,Synergistetes,0,Synergistetes,P4,12,male,16,pediatric,F508del,F508del,Homozygous,94,Normal,Normal-Mild,yes,teziva
P5H0,feces,T0,Phylum,Synergistetes,0,Synergistetes,P5,0,female,17,pediatric,F508del,F508del,Homozygous,87,Mild,Normal-Mild,yes,teziva
P5H12,feces,T12,Phylum,Synergistetes,0,Synergistetes,P5,12,female,17,pediatric,F508del,F508del,Homozygous,100,Normal,Normal-Mild,yes,teziva
P11H0,feces,T0,Phylum,Synergistetes,0,Synergistetes,P11,0,male,17,pediatric,F508del,H199Y,Heterozygous,76,Mild,Normal-Mild,no,naive
P11H12,feces,T12,Phylum,Synergistetes,0,Synergistetes,P11,12,male,17,pediatric,F508del,H199Y,Heterozygous,87,Mild,Normal-Mild,no,naive
P14H0,feces,T0,Phylum,Synergistetes,0,Synergistetes,P14,0,female,7,pediatric,F508del,G542X,Heterozygous,87,Mild,Normal-Mild,no,naive
P14H12,feces,T12,Phylum,Synergistetes,0,Synergistetes,P14,12,female,7,pediatric,F508del,G542X,Heterozygous,111,Normal,Normal-Mild,no,naive
P16H0,feces,T0,Phylum,Synergistetes,0,Synergistetes,P16,0,male,9,pediatric,F508del,I507del,Heterozygous,94,Normal,Normal-Mild,no,naive
P16H12,feces,T12,Phylum,Synergistetes,0,Synergistetes,P16,12,male,9,pediatric,F508del,I507del,Heterozygous,98,Normal,Normal-Mild,no,naive
P17H0,feces,T0,Phylum,Synergistetes,0,Synergistetes,P17,0,male,6,pediatric,F508del,c.580-1G>T,Heterozygous,122,Normal,Normal-Mild,no,naive
P17H12,feces,T12,Phylum,Synergistetes,0,Synergistetes,P17,12,male,6,pediatric,F508del,c.580-1G>T,Heterozygous,134,Normal,Normal-Mild,no,naive
P20H0,feces,T0,Phylum,Synergistetes,0,Synergistetes,P20,0,male,11,pediatric,F508del,G542X,Heterozygous,77,Mild,Normal-Mild,no,naive
P20H12,feces,T12,Phylum,Synergistetes,0,Synergistetes,P20,12,male,11,pediatric,F508del,G542X,Heterozygous,87,Mild,Normal-Mild,no,naive
P21H0,feces,T0,Phylum,Synergistetes,0,Synergistetes,P21,0,female,7,pediatric,F508del,G542X,Heterozygous,98,Normal,Normal-Mild,no,naive
P21H12,feces,T12,Phylum,Synergistetes,0,Synergistetes,P21,12,female,7,pediatric,F508del,G542X,Heterozygous,73,Mild,Normal-Mild,no,naive
P25H0,feces,T0,Phylum,Synergistetes,0,Synergistetes,P25,0,female,7,pediatric,F508del,Dele 22-23,Heterozygous,109,Normal,Normal-Mild,no,naive
P25H12,feces,T12,Phylum,Synergistetes,0,Synergistetes,P25,12,female,7,pediatric,F508del,Dele 22-23,Heterozygous,130,Normal,Normal-Mild,no,naive
P26H0,feces,T0,Phylum,Synergistetes,0,Synergistetes,P26,0,female,11,pediatric,F508del,F508del,Homozygous,92,Normal,Normal-Mild,yes,lumiva
P26H12,feces,T12,Phylum,Synergistetes,0,Synergistetes,P26,12,female,11,pediatric,F508del,F508del,Homozygous,96,Normal,Normal-Mild,yes,lumiva
P27H0,feces,T0,Phylum,Synergistetes,0.00149009626021841,Synergistetes,P27,0,male,9,pediatric,F508del,F508del,Homozygous,87,Mild,Normal-Mild,yes,lumiva
P27H12,feces,T12,Phylum,Synergistetes,0,Synergistetes,P27,12,male,9,pediatric,F508del,F508del,Homozygous,97,Normal,Normal-Mild,yes,lumiva
P42H0,feces,T0,Phylum,Synergistetes,0,Synergistetes,P42,0,male,17,pediatric,F508del,F508del,Homozygous,110,Normal,Normal-Mild,yes,teziva
P42H12,feces,T12,Phylum,Synergistetes,0,Synergistetes,P42,12,male,17,pediatric,F508del,F508del,Homozygous,124,Normal,Normal-Mild,yes,teziva
A1H0,feces,T0,Phylum,Candidatus_Absconditabacteria,0,Candidatus_Absconditabacteria,A1,0,male,30,adult,F508del,3849+10kbC>T,Heterozygous,84,Mild,Normal-Mild,yes,teziva
A1H12,feces,T12,Phylum,Candidatus_Absconditabacteria,0,Candidatus_Absconditabacteria,A1,12,male,30,adult,F508del,3849+10kbC>T,Heterozygous,77,Mild,Normal-Mild,yes,teziva
A3H0,feces,T0,Phylum,Candidatus_Absconditabacteria,0,Candidatus_Absconditabacteria,A3,0,male,38,adult,F508del,F508del,Homozygous,81,Mild,Normal-Mild,yes,teziva
A3H12,feces,T12,Phylum,Candidatus_Absconditabacteria,0,Candidatus_Absconditabacteria,A3,12,male,38,adult,F508del,F508del,Homozygous,89,Mild,Normal-Mild,yes,teziva
A4H0,feces,T0,Phylum,Candidatus_Absconditabacteria,0,Candidatus_Absconditabacteria,A4,0,female,66,adult,F508del,P205S,Heterozygous,32,Severe,Moderate-Severe,no,naive
A4H12,feces,T12,Phylum,Candidatus_Absconditabacteria,0,Candidatus_Absconditabacteria,A4,12,female,66,adult,F508del,P205S,Heterozygous,39,Severe,Moderate-Severe,no,naive
A6H0,feces,T0,Phylum,Candidatus_Absconditabacteria,0,Candidatus_Absconditabacteria,A6,0,male,46,adult,F508del,F508del,Homozygous,34,Severe,Moderate-Severe,yes,teziva
A6H12,feces,T12,Phylum,Candidatus_Absconditabacteria,0,Candidatus_Absconditabacteria,A6,12,male,46,adult,F508del,F508del,Homozygous,55,Moderate,Moderate-Severe,yes,teziva
A7H0,feces,T0,Phylum,Candidatus_Absconditabacteria,0,Candidatus_Absconditabacteria,A7,0,female,50,adult,F508del,R334W,Heterozygous,43,Moderate,Moderate-Severe,no,naive
A7H12,feces,T12,Phylum,Candidatus_Absconditabacteria,0,Candidatus_Absconditabacteria,A7,12,female,50,adult,F508del,R334W,Heterozygous,72,Mild,Normal-Mild,no,naive
A8H0,feces,T0,Phylum,Candidatus_Absconditabacteria,0,Candidatus_Absconditabacteria,A8,0,male,19,adult,F508del,F508del,Homozygous,81,Mild,Normal-Mild,yes,teziva
A8H12,feces,T12,Phylum,Candidatus_Absconditabacteria,0,Candidatus_Absconditabacteria,A8,12,male,19,adult,F508del,F508del,Homozygous,96,Normal,Normal-Mild,yes,teziva
A9H0,feces,T0,Phylum,Candidatus_Absconditabacteria,0,Candidatus_Absconditabacteria,A9,0,male,26,adult,F508del,F508del,Homozygous,30,Severe,Moderate-Severe,yes,lumiva_teziva
A9H12,feces,T12,Phylum,Candidatus_Absconditabacteria,0,Candidatus_Absconditabacteria,A9,12,male,26,adult,F508del,F508del,Homozygous,46,Moderate,Moderate-Severe,yes,lumiva_teziva
A10H0,feces,T0,Phylum,Candidatus_Absconditabacteria,0,Candidatus_Absconditabacteria,A10,0,male,21,adult,F508del,F508del,Homozygous,48,Moderate,Moderate-Severe,yes,teziva
A10H12,feces,T12,Phylum,Candidatus_Absconditabacteria,0,Candidatus_Absconditabacteria,A10,12,male,21,adult,F508del,F508del,Homozygous,82,Mild,Normal-Mild,yes,teziva
A12H0,feces,T0,Phylum,Candidatus_Absconditabacteria,0,Candidatus_Absconditabacteria,A12,0,male,37,adult,F508del,N1303K,Heterozygous,41,Moderate,Moderate-Severe,no,naive
A12H12,feces,T12,Phylum,Candidatus_Absconditabacteria,0,Candidatus_Absconditabacteria,A12,12,male,37,adult,F508del,N1303K,Heterozygous,61,Moderate,Moderate-Severe,no,naive
A13H0,feces,T0,Phylum,Candidatus_Absconditabacteria,0,Candidatus_Absconditabacteria,A13,0,male,37,adult,F508del,F508del,Homozygous,83,Mild,Normal-Mild,yes,teziva
A13H12,feces,T12,Phylum,Candidatus_Absconditabacteria,0,Candidatus_Absconditabacteria,A13,12,male,37,adult,F508del,F508del,Homozygous,97,Normal,Normal-Mild,yes,teziva
A16H0,feces,T0,Phylum,Candidatus_Absconditabacteria,0,Candidatus_Absconditabacteria,A16,0,male,46,adult,F508del,F508del,Homozygous,62,Moderate,Moderate-Severe,yes,teziva
A16H12,feces,T12,Phylum,Candidatus_Absconditabacteria,0,Candidatus_Absconditabacteria,A16,12,male,46,adult,F508del,F508del,Homozygous,59,Moderate,Moderate-Severe,yes,teziva
A17H0,feces,T0,Phylum,Candidatus_Absconditabacteria,0,Candidatus_Absconditabacteria,A17,0,male,54,adult,F508del,N1303K,Heterozygous,52,Moderate,Moderate-Severe,no,naive
A17H12,feces,T12,Phylum,Candidatus_Absconditabacteria,0,Candidatus_Absconditabacteria,A17,12,male,54,adult,F508del,N1303K,Heterozygous,66,Moderate,Moderate-Severe,no,naive
A19H0,feces,T0,Phylum,Candidatus_Absconditabacteria,0,Candidatus_Absconditabacteria,A19,0,female,48,adult,F508del,F508del,Homozygous,64,Moderate,Moderate-Severe,yes,teziva
A19H12,feces,T12,Phylum,Candidatus_Absconditabacteria,0,Candidatus_Absconditabacteria,A19,12,female,48,adult,F508del,F508del,Homozygous,70,Mild,Normal-Mild,yes,teziva
A20H0,feces,T0,Phylum,Candidatus_Absconditabacteria,0,Candidatus_Absconditabacteria,A20,0,female,45,adult,F508del,R117C,Heterozygous,64,Moderate,Moderate-Severe,yes,teziva
A20H12,feces,T12,Phylum,Candidatus_Absconditabacteria,0,Candidatus_Absconditabacteria,A20,12,female,45,adult,F508del,R117C,Heterozygous,62,Moderate,Moderate-Severe,yes,teziva
A22H0,feces,T0,Phylum,Candidatus_Absconditabacteria,0,Candidatus_Absconditabacteria,A22,0,male,56,adult,F508del,F508del,Homozygous,69,Moderate,Moderate-Severe,yes,teziva
A22H12,feces,T12,Phylum,Candidatus_Absconditabacteria,0,Candidatus_Absconditabacteria,A22,12,male,56,adult,F508del,F508del,Homozygous,84,Mild,Normal-Mild,yes,teziva
A24H0,feces,T0,Phylum,Candidatus_Absconditabacteria,0,Candidatus_Absconditabacteria,A24,0,female,63,adult,F508del,L206W,Heterozygous,43,Moderate,Moderate-Severe,yes,teziva
A24H12,feces,T12,Phylum,Candidatus_Absconditabacteria,0,Candidatus_Absconditabacteria,A24,12,female,63,adult,F508del,L206W,Heterozygous,40,Moderate,Moderate-Severe,yes,teziva
A25H0,feces,T0,Phylum,Candidatus_Absconditabacteria,0,Candidatus_Absconditabacteria,A25,0,female,23,adult,F508del,H1194/V754M,Heterozygous,63,Moderate,Moderate-Severe,no,naive
A25H12,feces,T12,Phylum,Candidatus_Absconditabacteria,0,Candidatus_Absconditabacteria,A25,12,female,23,adult,F508del,H1194/V754M,Heterozygous,80,Mild,Normal-Mild,no,naive
A26H0,feces,T0,Phylum,Candidatus_Absconditabacteria,0,Candidatus_Absconditabacteria,A26,0,female,29,adult,F508del,G542X,Heterozygous,30,Severe,Moderate-Severe,no,naive
A26H12,feces,T12,Phylum,Candidatus_Absconditabacteria,0,Candidatus_Absconditabacteria,A26,12,female,29,adult,F508del,G542X,Heterozygous,53,Moderate,Moderate-Severe,no,naive
A27H0,feces,T0,Phylum,Candidatus_Absconditabacteria,0,Candidatus_Absconditabacteria,A27,0,female,49,adult,F508del,F508del,Homozygous,86,Mild,Normal-Mild,yes,teziva
A27H12,feces,T12,Phylum,Candidatus_Absconditabacteria,0,Candidatus_Absconditabacteria,A27,12,female,49,adult,F508del,F508del,Homozygous,92,Normal,Normal-Mild,yes,teziva
A28H0,feces,T0,Phylum,Candidatus_Absconditabacteria,0,Candidatus_Absconditabacteria,A28,0,female,38,adult,F508del,F508del,Homozygous,46,Moderate,Moderate-Severe,yes,teziva
A28H12,feces,T12,Phylum,Candidatus_Absconditabacteria,0,Candidatus_Absconditabacteria,A28,12,female,38,adult,F508del,F508del,Homozygous,62,Moderate,Moderate-Severe,yes,teziva
A30H0,feces,T0,Phylum,Candidatus_Absconditabacteria,0,Candidatus_Absconditabacteria,A30,0,male,26,adult,F508del,F508del,Homozygous,66,Moderate,Moderate-Severe,yes,teziva
A30H12,feces,T12,Phylum,Candidatus_Absconditabacteria,0,Candidatus_Absconditabacteria,A30,12,male,26,adult,F508del,F508del,Homozygous,76,Mild,Normal-Mild,yes,teziva
P2H0,feces,T0,Phylum,Candidatus_Absconditabacteria,0,Candidatus_Absconditabacteria,P2,0,female,12,pediatric,F508del,G85E,Heterozygous,85,Mild,Normal-Mild,no,naive
P2H12,feces,T12,Phylum,Candidatus_Absconditabacteria,0,Candidatus_Absconditabacteria,P2,12,female,12,pediatric,F508del,G85E,Heterozygous,103,Normal,Normal-Mild,no,naive
P4H0,feces,T0,Phylum,Candidatus_Absconditabacteria,0,Candidatus_Absconditabacteria,P4,0,male,16,pediatric,F508del,F508del,Homozygous,97,Normal,Normal-Mild,yes,teziva
P4H12,feces,T12,Phylum,Candidatus_Absconditabacteria,0,Candidatus_Absconditabacteria,P4,12,male,16,pediatric,F508del,F508del,Homozygous,94,Normal,Normal-Mild,yes,teziva
P5H0,feces,T0,Phylum,Candidatus_Absconditabacteria,0,Candidatus_Absconditabacteria,P5,0,female,17,pediatric,F508del,F508del,Homozygous,87,Mild,Normal-Mild,yes,teziva
P5H12,feces,T12,Phylum,Candidatus_Absconditabacteria,0,Candidatus_Absconditabacteria,P5,12,female,17,pediatric,F508del,F508del,Homozygous,100,Normal,Normal-Mild,yes,teziva
P11H0,feces,T0,Phylum,Candidatus_Absconditabacteria,0,Candidatus_Absconditabacteria,P11,0,male,17,pediatric,F508del,H199Y,Heterozygous,76,Mild,Normal-Mild,no,naive
P11H12,feces,T12,Phylum,Candidatus_Absconditabacteria,0,Candidatus_Absconditabacteria,P11,12,male,17,pediatric,F508del,H199Y,Heterozygous,87,Mild,Normal-Mild,no,naive
P14H0,feces,T0,Phylum,Candidatus_Absconditabacteria,0,Candidatus_Absconditabacteria,P14,0,female,7,pediatric,F508del,G542X,Heterozygous,87,Mild,Normal-Mild,no,naive
P14H12,feces,T12,Phylum,Candidatus_Absconditabacteria,0,Candidatus_Absconditabacteria,P14,12,female,7,pediatric,F508del,G542X,Heterozygous,111,Normal,Normal-Mild,no,naive
P16H0,feces,T0,Phylum,Candidatus_Absconditabacteria,0,Candidatus_Absconditabacteria,P16,0,male,9,pediatric,F508del,I507del,Heterozygous,94,Normal,Normal-Mild,no,naive
P16H12,feces,T12,Phylum,Candidatus_Absconditabacteria,0,Candidatus_Absconditabacteria,P16,12,male,9,pediatric,F508del,I507del,Heterozygous,98,Normal,Normal-Mild,no,naive
P17H0,feces,T0,Phylum,Candidatus_Absconditabacteria,0,Candidatus_Absconditabacteria,P17,0,male,6,pediatric,F508del,c.580-1G>T,Heterozygous,122,Normal,Normal-Mild,no,naive
P17H12,feces,T12,Phylum,Candidatus_Absconditabacteria,0,Candidatus_Absconditabacteria,P17,12,male,6,pediatric,F508del,c.580-1G>T,Heterozygous,134,Normal,Normal-Mild,no,naive
P20H0,feces,T0,Phylum,Candidatus_Absconditabacteria,0,Candidatus_Absconditabacteria,P20,0,male,11,pediatric,F508del,G542X,Heterozygous,77,Mild,Normal-Mild,no,naive
P20H12,feces,T12,Phylum,Candidatus_Absconditabacteria,0,Candidatus_Absconditabacteria,P20,12,male,11,pediatric,F508del,G542X,Heterozygous,87,Mild,Normal-Mild,no,naive
P21H0,feces,T0,Phylum,Candidatus_Absconditabacteria,0,Candidatus_Absconditabacteria,P21,0,female,7,pediatric,F508del,G542X,Heterozygous,98,Normal,Normal-Mild,no,naive
P21H12,feces,T12,Phylum,Candidatus_Absconditabacteria,0,Candidatus_Absconditabacteria,P21,12,female,7,pediatric,F508del,G542X,Heterozygous,73,Mild,Normal-Mild,no,naive
P25H0,feces,T0,Phylum,Candidatus_Absconditabacteria,0,Candidatus_Absconditabacteria,P25,0,female,7,pediatric,F508del,Dele 22-23,Heterozygous,109,Normal,Normal-Mild,no,naive
P25H12,feces,T12,Phylum,Candidatus_Absconditabacteria,0,Candidatus_Absconditabacteria,P25,12,female,7,pediatric,F508del,Dele 22-23,Heterozygous,130,Normal,Normal-Mild,no,naive
P26H0,feces,T0,Phylum,Candidatus_Absconditabacteria,0,Candidatus_Absconditabacteria,P26,0,female,11,pediatric,F508del,F508del,Homozygous,92,Normal,Normal-Mild,yes,lumiva
P26H12,feces,T12,Phylum,Candidatus_Absconditabacteria,0,Candidatus_Absconditabacteria,P26,12,female,11,pediatric,F508del,F508del,Homozygous,96,Normal,Normal-Mild,yes,lumiva
P27H0,feces,T0,Phylum,Candidatus_Absconditabacteria,0,Candidatus_Absconditabacteria,P27,0,male,9,pediatric,F508del,F508del,Homozygous,87,Mild,Normal-Mild,yes,lumiva
P27H12,feces,T12,Phylum,Candidatus_Absconditabacteria,0,Candidatus_Absconditabacteria,P27,12,male,9,pediatric,F508del,F508del,Homozygous,97,Normal,Normal-Mild,yes,lumiva
P42H0,feces,T0,Phylum,Candidatus_Absconditabacteria,0,Candidatus_Absconditabacteria,P42,0,male,17,pediatric,F508del,F508del,Homozygous,110,Normal,Normal-Mild,yes,teziva
P42H12,feces,T12,Phylum,Candidatus_Absconditabacteria,0,Candidatus_Absconditabacteria,P42,12,male,17,pediatric,F508del,F508del,Homozygous,124,Normal,Normal-Mild,yes,teziva
