"","Name","p_value","p_adj","time0","time12"
"1","COG0001",0.49609375,1,0.000103269177969546,0.000228323896152389
"2","COG0002",0.5703125,1,0.000140004821955332,0.000157029161453665
"3","COG0003",1,1,0,0
"4","COG0004",0.371093369522698,0.91195496514566,0,0
"5","COG0005",0.0759269629825577,0.671865335229377,1.98899247233663e-05,4.3328613888653e-05
"6","COG0006",0.0390625,0.560878537735849,0.0017561892541809,0.00112185511257949
"7","COG0007,COG1587",0.29450739368011,0.91195496514566,0,6.45937863092876e-06
"8","COG0008",0.30078125,0.91195496514566,0.000710847534246523,0.000537093587433545
"9","COG0008,COG1384",0.789268026134281,1,0,0
"10","COG0009",0.49609375,1,0,2.79478664109231e-05
"11","COG0009,COG0394",1,1,0,0
"12","COG0010",0.371093369522698,0.91195496514566,0,0
"13","COG0011",1,1,0,0
"14","COG0012",0.12890625,0.774455180921053,0.000274025905576743,0.00023234086474158
"15","COG0013",0.203125,0.816357346566828,0.00206399918473284,0.00164100366059421
"16","COG0014",0.0078125,0.4458984375,0.000152321958831955,0.000231376088580345
"17","COG0015",0.42578125,0.945582289640078,0.000543063014264569,0.000471824716105874
"18","COG0016",0.12890625,0.774455180921053,0.000160762439862863,0.000303007550149152
"19","COG0017",0.8203125,1,0.000137638501355816,0.000181835069961738
"20","COG0018",0.07421875,0.671865335229377,0.0011466321838509,0.000763347758375188
"21","COG0019",0.12890625,0.774455180921053,0.00017960747901432,0.000266197643706249
"22","COG0019,COG0329",1,1,0,0
"23","COG0020",0.141482121482793,0.786132763537007,9.95784591821227e-06,2.47754483959327e-05
"24","COG0021",0.01171875,0.459689110824742,0.00311906710893547,0.0015649462661627
"25","COG0022",0.589638551626567,1,0,0
"26","COG0024",0.25,0.91195496514566,0.000328823039280915,0.000157918862773338
"27","COG0026",0.141482121482793,0.786132763537007,0.00010833094766111,5.81755488241172e-05
"28","COG0027",0.293621543928906,0.91195496514566,2.2662454079622e-05,7.49787342005392e-06
"29","COG0028",0.25,0.91195496514566,0.000191825377720216,0.0003359591757926
"30","COG0029",0.91015625,1,2.82319355185509e-05,2.92636874529931e-05
"31","COG0029,COG0157",0.944182513250483,1,7.91678753189328e-06,1.02801991212094e-05
"32","COG0030",0.62406453246517,1,8.64222098006572e-06,9.20738279687783e-06
"33","COG0030,COG1443",0.789268026134281,1,0,0
"34","COG0031",0.25,0.91195496514566,0.000377306167392879,0.00108123197526427
"35","COG0033",0.1640625,0.816357346566828,0.00151280613562823,0.000648582097876495
"36","COG0034",0.8203125,1,0.00015073030811266,0.000114616350412798
"37","COG0035",0.91015625,1,0.000164891386627358,0.000120187417692103
"38","COG0036",0.359375,0.91195496514566,8.56594862880039e-05,8.1825135977504e-05
"39","COG0037,COG0607",1,1,0,0
"40","COG0038,COG3209",1,1,0,0
"41","COG0039",0.00390625,0.37158203125,0.0022067418255096,0.000852205278134999
"42","COG0040",0.203125,0.816357346566828,6.60559759842205e-05,1.54492838157112e-05
"43","COG0041",0.734375,1,0.000193733496967253,0.000202152435898057
"44","COG0043",0.371093369522698,0.91195496514566,0,0
"45","COG0044",0.49609375,1,0.000896078674301052,0.000684828868920067
"46","COG0045",0.65234375,1,0.00012223885546454,5.00334332583687e-05
"47","COG0045,COG1042",1,1,0,0
"48","COG0046",1,1,0,0
"49","COG0046,COG0047",0.65234375,1,0.00278155879741594,0.00279870680149626
"50","COG0048",0.30078125,0.91195496514566,3.27392390574377e-05,0.000104460861385551
"51","COG0049",0.30078125,0.91195496514566,0.00111446404422278,0.00118614665389996
"52","COG0050",0.09765625,0.70453887808148,0.0294519405787644,0.0366768321572982
"53","COG0051",0.203125,0.816357346566828,0.000425625018515129,0.000360184295276832
"54","COG0052",0.25,0.91195496514566,0.00241575325797965,0.00198612658614949
"55","COG0054",0.734375,1,7.12951645959975e-05,0.000127184808951638
"56","COG0055",0.91015625,1,0.00307049960684621,0.00285623156583288
"57","COG0056",0.42578125,0.945582289640078,0.00173233309434548,0.00118379825557238
"58","COG0057",1,1,0.0224620141450158,0.0222033638462188
"59","COG0058",0.09765625,0.70453887808148,0.00297484831266582,0.00455664775198559
"60","COG0059",0.734375,1,0.00313033967000542,0.00499449516771429
"61","COG0060",0.42578125,0.945582289640078,0.000512682404088658,0.000413777417279945
"62","COG0061",1,1,0,0
"63","COG0062,COG0063",0.0390625,0.560878537735849,5.89938161742833e-05,8.44647885923128e-06
"64","COG0064",0.8203125,1,0.000369909996586995,0.000278246240016209
"65","COG0065",0.30078125,0.91195496514566,0.000114097915310029,0.000204238475962442
"66","COG0066",0.441208519505878,0.966678550894356,4.45616686853516e-05,2.03862078528695e-05
"67","COG0067,COG0069",1,1,0,0
"68","COG0067,COG0069,COG0070",0.91015625,1,0.000163803870785867,0.000497739460918208
"69","COG0071",0.0390625,0.560878537735849,0.00422941480747851,0.0022631519244202
"70","COG0072",0.359375,0.91195496514566,8.82770287754401e-05,0.00011472559040886
"71","COG0072,COG0073",0.65234375,1,0.000772660114453095,0.00054595428095455
"72","COG0073,COG0143",0.00390625,0.37158203125,0.00033460896899493,0.000595494265003862
"73","COG0073,COG1384",0.352542137499713,0.91195496514566,7.60729999546321e-06,1.30072867586128e-05
"74","COG0074",0.352542137499713,0.91195496514566,3.18483918950849e-05,3.65051899886803e-05
"75","COG0075",0.8203125,1,2.94834344100234e-05,1.82324436232514e-05
"76","COG0076",0.09765625,0.70453887808148,0.000138153585339319,3.29062686198149e-05
"77","COG0077",0.0934924836898357,0.70453887808148,1.65572472985684e-05,0
"78","COG0077,COG1605",1,1,0,0
"79","COG0078",0.0390625,0.560878537735849,0.00138003983972762,0.0010623663673351
"80","COG0078,COG1752",0.789268026134281,1,0,0
"81","COG0079",0.734375,1,9.84598226280617e-05,0.000108634367523276
"82","COG0080",0.01953125,0.459689110824742,0.000675430583703913,0.000384802739196374
"83","COG0081",0.734375,1,0.00284739830923809,0.00278002389225816
"84","COG0082",0.734375,1,5.94953697258909e-05,4.58422740566297e-05
"85","COG0083",0.0142661867014469,0.459689110824742,2.48967532781356e-05,0
"86","COG0084",1,1,0,0
"87","COG0085",0.91015625,1,0.0028187422336839,0.00316495439928394
"88","COG0086",1,1,0.00424825834210773,0.00434072946091326
"89","COG0087",0.0390625,0.560878537735849,0.00100329451951829,0.00147876203082851
"90","COG0088",0.8203125,1,0.00124841529619868,0.00124602292890963
"91","COG0089",0.42578125,0.945582289640078,0.000189146157112385,0.000204053098336331
"92","COG0090",0.359375,0.91195496514566,0.00235625460393717,0.00143911972333116
"93","COG0091",0.1640625,0.816357346566828,0.00082903281735811,0.000755095913633159
"94","COG0092",0.1640625,0.816357346566828,0.00226097415404753,0.00187925187622175
"95","COG0093",0.25,0.91195496514566,5.94067747878814e-05,4.01565565163183e-05
"96","COG0094",0.09765625,0.70453887808148,0.00272656940194044,0.00170833914239468
"97","COG0095",0.422678074170635,0.945582289640078,0,0
"98","COG0096",0.30078125,0.91195496514566,0.00169757434658293,0.00206311177153712
"99","COG0097",0.12890625,0.774455180921053,0.00205899618229299,0.00183675018952965
"100","COG0098",0.359375,0.91195496514566,0.00288867130150297,0.00323263564572068
"101","COG0099",0.359375,0.91195496514566,0.00081666536661477,0.000829780995560828
"102","COG0100",0.1640625,0.816357346566828,0.000115306959391264,4.34028597700564e-05
"103","COG0101",1,1,0,0
"104","COG0102",0.359375,0.91195496514566,0.00161339962275243,0.00252023440778017
"105","COG0103",0.12890625,0.774455180921053,0.000547936563143651,0.000698841105907526
"106","COG0104",0.01953125,0.459689110824742,0.00114525835799847,0.00195127006031879
"107","COG0105",0.799846105662473,1,2.181201740868e-05,6.49176297839416e-06
"108","COG0106",0.446872820710831,0.96702431249557,0,1.0351603822232e-05
"109","COG0107",0.293621543928906,0.91195496514566,8.20704072478248e-06,1.98173362803483e-05
"110","COG0107,COG0139,COG0140",0.208412803684149,0.820355915191226,0,8.89375865561388e-06
"111","COG0108,COG0807",0.293621543928906,0.91195496514566,7.45301256186065e-05,5.16175393692021e-05
"112","COG0110",0.726286148878805,1,1.54972718759247e-05,1.64552549834248e-05
"113","COG0111",0.359375,0.91195496514566,0.000280335784996044,0.000376138232295676
"114","COG0111,COG1207",1,1,0,0
"115","COG0112",0.07421875,0.671865335229377,0.000269894720789417,0.000246260578810685
"116","COG0112,COG0404",1,1,0,0
"117","COG0113",0.49609375,1,0.000139067300586607,0.000162891898253146
"118","COG0114",0.529368106184798,1,0,2.01897886532959e-05
"119","COG0115",1,1,0.000649224012021509,0.000549490508724191
"120","COG0116",0.672603817441517,1,9.33696029830988e-06,0
"121","COG0117,COG1985",0.142213241936393,0.786132763537007,4.7404554367949e-06,0
"122","COG0118",0.944182513250483,1,1.46626535173484e-05,1.92851257555996e-05
"123","COG0119",0.359375,0.91195496514566,0.00017802387904201,0.000478965875337393
"124","COG0119,COG2207",0.371093369522698,0.91195496514566,0,0
"125","COG0120",0.42578125,0.945582289640078,0.000193629438688224,0.000401341016086507
"126","COG0124",0.91015625,1,0.000341967298646587,0.000275663957981096
"127","COG0125",0.280712665268496,0.91195496514566,0,0
"128","COG0126",0.01171875,0.459689110824742,0.00878999869222605,0.00627042422135345
"129","COG0126,COG0149",1,1,2.09306668814508e-05,2.08620930221866e-05
"130","COG0127",0.0346105575157073,0.560878537735849,5.63236971610497e-05,0
"131","COG0128",0.787406490666269,1,0,0
"132","COG0129",0.91015625,1,0.00078159053176048,0.000738525049791766
"133","COG0130",0.371093369522698,0.91195496514566,0,0
"134","COG0131",0.183430618982178,0.816357346566828,0,1.48311868781423e-05
"135","COG0131,COG0241",1,1,0,0
"136","COG0132",0.789268026134281,1,0,0
"137","COG0133",0.208412803684149,0.820355915191226,0,1.05198517153496e-05
"138","COG0133,COG0134",0.833634883024682,1,5.34613720476843e-05,1.82119933783429e-05
"139","COG0135",0.371093369522698,0.91195496514566,0,0
"140","COG0136",0.25,0.91195496514566,0.000380618951686862,0.000543314603285306
"141","COG0137",0.01953125,0.459689110824742,0.000444008899303583,0.000770826795070311
"142","COG0138",0.5703125,1,0.00138877708739054,0.00164700565626132
"143","COG0139",1,1,0,0
"144","COG0139,COG0140",0.371093369522698,0.91195496514566,0,0
"145","COG0140",0.0299739735865559,0.560878537735849,9.53491547286759e-05,2.01651209796795e-05
"146","COG0141",0.49609375,1,0.000389573382805759,0.000230428627860189
"147","COG0142",1,1,0,0
"148","COG0143",0.0390625,0.560878537735849,0.000453388842246602,0.00014160754088057
"149","COG0144,COG0781",1,1,4.67465105919212e-06,6.02618939845924e-06
"150","COG0144,COG3270",0.371093369522698,0.91195496514566,0,0
"151","COG0145",0.554113130069446,1,8.05914145663333e-06,3.02510766088393e-05
"152","COG0146",0.100348246462291,0.70453887808148,0,0
"153","COG0147",0.183430618982178,0.816357346566828,7.17138999044335e-05,2.5285044996689e-05
"154","COG0148",0.0390625,0.560878537735849,0.0133497276930028,0.00910355379713461
"155","COG0149",0.07421875,0.671865335229377,0.00238482672098512,0.00347669999934504
"156","COG0149,COG2259",0.855132140584706,1,0,0
"157","COG0150",0.359375,0.91195496514566,0.000222975603803771,0.000262636350035679
"158","COG0151",0.09765625,0.70453887808148,0.000550514036800876,0.000226142165321121
"159","COG0152",0.203125,0.816357346566828,0.00168277747589689,0.0014222014689686
"160","COG0153",0.49609375,1,0.000579374056055881,0.000600006165982439
"161","COG0154",0.359375,0.91195496514566,0.00054399524605868,0.000310858803646473
"162","COG0155",0.583882420770365,1,0,0
"163","COG0156",1,1,0.000154431382615199,6.80989986784248e-05
"164","COG0157",0.203125,0.816357346566828,2.21563401768256e-05,6.55042776428191e-05
"165","COG0159",0.8203125,1,2.47282062240384e-05,1.69716455988341e-05
"166","COG0160",0.589638551626567,1,0,0
"167","COG0161",0.62406453246517,1,0.000116878970333538,8.13466975620536e-05
"168","COG0162",0.8203125,1,0.00053065173133722,0.000429090227553228
"169","COG0165",0.5703125,1,0.000187098027889551,0.000225781694694926
"170","COG0166",0.42578125,0.945582289640078,0.0059342964699186,0.00712781971365059
"171","COG0167",0.07421875,0.671865335229377,0.000183171983751184,0.000112280670540212
"172","COG0167,COG1145",1,1,0,0
"173","COG0167,COG1146",0.8203125,1,9.58741115722877e-05,0.000124039783524917
"174","COG0169",0.30078125,0.91195496514566,1.2585662448774e-05,5.10742147075904e-05
"175","COG0171",0.100348246462291,0.70453887808148,0,0
"176","COG0171,COG0388",0.25,0.91195496514566,6.70976993764542e-05,1.75469078705437e-05
"177","COG0172",0.01953125,0.459689110824742,0.000388882889590672,0.000222855380787639
"178","COG0173",1,1,0.00104707033802105,0.00131587276816995
"179","COG0174",0.65234375,1,0.00211077701247931,0.00138343283885813
"180","COG0175",0.201242620957724,0.816357346566828,0,0
"181","COG0176",0.42578125,0.945582289640078,0.00597659228579205,0.00391147235295011
"182","COG0177",1,1,0,0
"183","COG0178",0.91015625,1,3.10507438796661e-05,4.34361886647087e-05
"184","COG0179",0.589638551626567,1,0,0
"185","COG0180",0.359375,0.91195496514566,0.000183840632240292,8.65474358564066e-05
"186","COG0182",0.359375,0.91195496514566,2.85826119609207e-05,5.20768655169913e-05
"187","COG0183",0.359375,0.91195496514566,0.00562884986532869,0.0077485345470195
"188","COG0184",0.5703125,1,0.000453107077408934,0.000491216405851009
"189","COG0185",0.1640625,0.816357346566828,0.0001142984813303,0.000460362912196277
"190","COG0186",0.30078125,0.91195496514566,0.000439030226691803,0.000311977045362537
"191","COG0187",0.359375,0.91195496514566,3.1110003342669e-05,4.18344025223353e-05
"192","COG0188",1,1,0.000385277478705434,0.000492749715767454
"193","COG0190",0.12890625,0.774455180921053,0.000384992542596211,0.000833042086037635
"194","COG0191",0.91015625,1,0.0100929055771561,0.00882428242492323
"195","COG0192",0.203125,0.816357346566828,0.000974896680816027,0.000788777956046481
"196","COG0194",0.441208519505878,0.966678550894356,6.77787993979127e-06,1.65869192730856e-05
"197","COG0194,COG0284",1,1,0,0
"198","COG0195",0.09765625,0.70453887808148,0.000489440693581068,0.000234344330553682
"199","COG0196",0.833935414088552,1,5.54363499484873e-06,0
"200","COG0197",0.528612125255688,1,0.000167196094755833,0.000220264406088609
"201","COG0198",0.734375,1,0.000321965983264017,0.000405521109688714
"202","COG0199",1,1,0,0
"203","COG0200",0.01953125,0.459689110824742,0.00116872462870676,0.00055617981207778
"204","COG0201",0.5703125,1,0.000100322940961237,6.37551049717375e-05
"205","COG0202",0.0546875,0.597742614364766,0.00252807878699505,0.00279967905487523
"206","COG0203",0.734375,1,0.000497359831146419,0.000411961828840966
"207","COG0204",0.183430618982178,0.816357346566828,6.97074420643298e-05,2.16622206291113e-05
"208","COG0205",0.09765625,0.70453887808148,0.00118446826180242,0.00183521967300522
"209","COG0206",0.8203125,1,0.000971430634297235,0.00111134065395905
"210","COG0207",0.446872820710831,0.96702431249557,2.628559409297e-05,6.16826744857149e-06
"211","COG0208",0.371093369522698,0.91195496514566,0,0
"212","COG0209",0.0078125,0.4458984375,6.1635902080024e-05,1.56673991832584e-05
"213","COG0210",0.672603817441517,1,0,6.83089492154176e-06
"214","COG0211",0.203125,0.816357346566828,0.000309209426008495,0.000217730114215352
"215","COG0212,COG4224",1,1,0,0
"216","COG0213",0.554113130069446,1,5.59977394062646e-05,0
"217","COG0214",1,1,0.000114276595227467,9.79274668075953e-05
"218","COG0215",0.91015625,1,0.000342298733303655,0.000357107078301294
"219","COG0216",0.0078125,0.4458984375,0.000103768605789429,1.27412920979614e-05
"220","COG0217",0.07421875,0.671865335229377,0.000488975163856722,0.00023913008508725
"221","COG0218",0.371093369522698,0.91195496514566,0,0
"222","COG0219",0.201242620957724,0.816357346566828,0,0
"223","COG0220",1,1,0,0
"224","COG0221",1,1,0.000302997820187311,0.000335699395267411
"225","COG0222",0.12890625,0.774455180921053,0.00350525667007021,0.00237740082838993
"226","COG0223",1,1,3.37870957543008e-05,3.44061707553666e-05
"227","COG0224",0.49609375,1,0.000245813489437102,0.000211896993604281
"228","COG0226",0.65234375,1,0.000181540792749278,9.9656645822625e-05
"229","COG0227",0.0346105575157073,0.560878537735849,2.89164456927547e-05,0
"230","COG0228",0.734375,1,0.000612224225676126,0.000303949423930386
"231","COG0231",0.359375,0.91195496514566,0.000415392337746422,0.000347803461223878
"232","COG0232",0.204893893816379,0.816357346566828,2.64373894178869e-06,9.18334604351534e-06
"233","COG0233",0.02734375,0.533553685897436,0.000765848698788361,0.000411120876461785
"234","COG0234",0.203125,0.816357346566828,0.00202097285739826,0.00168473596653883
"235","COG0235",1,1,0.0021615238596741,0.00205269406241567
"236","COG0236",0.62406453246517,1,1.93125139903905e-05,0
"237","COG0237",1,1,0,0
"238","COG0237,COG1362",1,1,0,0
"239","COG0238",0.401678166469773,0.945582289640078,2.53496999790161e-05,0
"240","COG0240",0.5703125,1,0.000143735021764908,0.000142890747190764
"241","COG0240,COG0615",1,1,0,0
"242","COG0242",0.107327557761612,0.70453887808148,7.46538828129461e-05,4.03986117895518e-05
"243","COG0243",0.208412803684149,0.820355915191226,2.13088450414761e-05,1.18902044755471e-05
"244","COG0243,COG3383",0.18144920772142,0.816357346566828,0,0
"245","COG0244",0.42578125,0.945582289640078,0.00203410581953783,0.00148947279011471
"246","COG0245",0.108319380730004,0.70453887808148,0,2.63388575197477e-05
"247","COG0245,COG1211",0.105645429201877,0.70453887808148,0,0
"248","COG0246",0.49609375,1,0.000326673047689776,0.000295819055391821
"249","COG0247",1,1,0,0
"250","COG0247,COG0493",0.855132140584706,1,0,0
"251","COG0247,COG1139",1,1,0,0
"252","COG0248",0.09765625,0.70453887808148,4.33100812122645e-05,7.7455828181219e-06
"253","COG0249",0.589638551626567,1,0,0
"254","COG0249,COG4227",0.09765625,0.70453887808148,2.06427406293632e-05,7.57875025590001e-06
"255","COG0250",1,1,0.000327822288984499,0.000321139120419707
"256","COG0251",0.09765625,0.70453887808148,0.000313593103264405,0.00050604079321567
"257","COG0252",0.833935414088552,1,6.16477548854354e-06,9.5456563985354e-06
"258","COG0252,COG5275",0.734375,1,0.000735507871622233,0.000945957489172757
"259","COG0253",0.65234375,1,0.000180136154882357,0.000180547215531233
"260","COG0254",0.528612125255688,1,4.64033235583958e-05,1.4994769193637e-05
"261","COG0255",0.49609375,1,0.00175911594395961,0.00144774749609878
"262","COG0256",0.734375,1,0.00077004699834938,0.000856312502390258
"263","COG0258,COG0749",1,1,3.18444329075526e-05,5.78990583824088e-05
"264","COG0260",0.203125,0.816357346566828,3.57246446538426e-05,1.48625820146213e-05
"265","COG0261",0.65234375,1,0.000357289346790465,0.000255601015441571
"266","COG0262",0.107327557761612,0.70453887808148,9.24417645876999e-05,1.46119110296544e-05
"267","COG0263",0.422678074170635,0.945582289640078,0,0
"268","COG0264",0.91015625,1,0.00608893631359853,0.00593521857885272
"269","COG0265",0.359375,0.91195496514566,0.000152763159011527,0.000141284455436514
"270","COG0265,COG1716",1,1,0,0
"271","COG0268",1,1,0,0
"272","COG0269",1,1,0,0
"273","COG0270",0.371093369522698,0.91195496514566,0,0
"274","COG0272",0.944182513250483,1,2.30676984777161e-05,2.29278118742617e-05
"275","COG0274",0.30078125,0.91195496514566,0.000272328141396786,0.000410293828344798
"276","COG0274,COG0295",0.371093369522698,0.91195496514566,0,0
"277","COG0275",0.672603817441517,1,5.84958492414109e-06,2.25628389410436e-05
"278","COG0277",0.49609375,1,0.00221866043212076,0.00180766683076891
"279","COG0280",0.42578125,0.945582289640078,0.00209883366436965,0.00249008071941815
"280","COG0280,COG0281",0.18144920772142,0.816357346566828,0,0
"281","COG0280,COG0857",0.280712665268496,0.91195496514566,0,0
"282","COG0281",0.5703125,1,0.000291167318001363,0.000554745797214455
"283","COG0282",0.8203125,1,0.00596563847266904,0.00645301955547649
"284","COG0283",0.674986713970489,1,0,9.16573318387654e-06
"285","COG0283,COG1160",0.23395283347059,0.903746732340704,2.18017080003624e-05,1.08416753925613e-05
"286","COG0284",0.00390625,0.37158203125,0.000322094424623455,0.000776233858724932
"287","COG0285",0.833634883024682,1,3.10667851215065e-05,4.25936426516278e-05
"288","COG0286",0.554113130069446,1,2.12341395265119e-05,0
"289","COG0287",1,1,0,0
"290","COG0288",0.0142661867014469,0.459689110824742,1.58902682430891e-05,0
"291","COG0289",1,1,0.000167231043309551,0.000153789227927664
"292","COG0290",0.12890625,0.774455180921053,0.000196591059631415,0.000122831172789373
"293","COG0292",0.25,0.91195496514566,0.000318184062625541,0.000213275841864981
"294","COG0294",0.09765625,0.70453887808148,0.000155089843660212,6.28675372530077e-05
"295","COG0295",1,1,0,0
"296","COG0296",0.30078125,0.91195496514566,0.000991017171808083,0.00147935787482085
"297","COG0297",0.01953125,0.459689110824742,0.000538514929422721,0.000752193063617038
"298","COG0299",0.142213241936393,0.786132763537007,0,5.94378921255419e-06
"299","COG0300",0.204893893816379,0.816357346566828,2.65052445989397e-05,0
"300","COG0301",0.141482121482793,0.786132763537007,0,3.04290885449349e-05
"301","COG0301,COG0607",1,1,0,0
"302","COG0302",0.944182513250483,1,2.91975372854436e-05,2.72333001988305e-05
"303","COG0303",0.107327557761612,0.70453887808148,1.21746423906357e-05,2.23502397277152e-05
"304","COG0304",0.09765625,0.70453887808148,0.000220288006552914,0.000165042971094685
"305","COG0304,COG0331,COG2030,COG4981",0.674986713970489,1,0,0
"306","COG0305",0.401678166469773,0.945582289640078,7.52896042373115e-06,0
"307","COG0307",0.672603817441517,1,4.71286669352216e-06,8.04748427620824e-06
"308","COG0308",0.0546875,0.597742614364766,0.000529206899175811,0.000184972277448568
"309","COG0309",0.674986713970489,1,9.23951218272005e-06,0
"310","COG0311",0.401678166469773,0.945582289640078,1.27372887632646e-05,0
"311","COG0312",0.799846105662473,1,0,2.38147633305732e-05
"312","COG0313",0.589638551626567,1,0,0
"313","COG0315,COG1763",1,1,0,0
"314","COG0316",0.583882420770365,1,0,0
"315","COG0317",0.30078125,0.91195496514566,3.11974253944335e-05,1.06900544530719e-05
"316","COG0318",0.91015625,1,0,1.77509100788136e-05
"317","COG0319",0.142213241936393,0.786132763537007,0,5.18544301403961e-06
"318","COG0322",1,1,0,0
"319","COG0323",0.371093369522698,0.91195496514566,0,0
"320","COG0324",0.201242620957724,0.816357346566828,0,0
"321","COG0325",0.1640625,0.816357346566828,3.89279549129811e-05,7.25117888739353e-05
"322","COG0326",0.30078125,0.91195496514566,0.00286427664445071,0.00229992367881514
"323","COG0327",0.12890625,0.774455180921053,7.03776822049955e-05,3.63661553117149e-05
"324","COG0328,COG3341",1,1,0,0
"325","COG0329",0.5703125,1,0.0010909593970689,0.00124701839647792
"326","COG0330",0.0390625,0.560878537735849,0.000447864950765448,0.000836010577292628
"327","COG0331",0.271898710819648,0.91195496514566,8.62617100377389e-06,1.04743500034107e-05
"328","COG0332",0.65234375,1,0.000533645940819433,0.000391125057664847
"329","COG0333",0.18144920772142,0.816357346566828,0,0
"330","COG0334",0.0078125,0.4458984375,0.0148090697983105,0.0229506221471573
"331","COG0335",0.00390625,0.37158203125,0.000613786134532463,0.000215495532705488
"332","COG0336",1,1,0,0
"333","COG0337",0.554113130069446,1,3.74430656430378e-05,2.11932967975261e-05
"334","COG0337,COG0703",0.359375,0.91195496514566,4.91722292350897e-05,2.76480314014444e-05
"335","COG0338",1,1,0,0
"336","COG0339",0.944182513250483,1,8.50611004653925e-06,3.96250339452006e-05
"337","COG0340",0.583882420770365,1,0,0
"338","COG0341",1,1,0,0
"339","COG0341,COG0342",0.02734375,0.533553685897436,5.28179933016151e-05,0.000160659720911032
"340","COG0342",0.177529852412153,0.816357346566828,0,0
"341","COG0343",1,1,0,0
"342","COG0345",0.8203125,1,2.07894248460568e-05,2.60793390953072e-05
"343","COG0346",0.734375,1,0.000290740460727391,0.000274066023092894
"344","COG0347",0.799846105662473,1,1.52237224636836e-05,9.49889402185699e-06
"345","COG0351",0.62406453246517,1,1.89848870657493e-05,1.07742619760932e-05
"346","COG0352",0.271898710819648,0.91195496514566,0,1.09111413153071e-05
"347","COG0352,COG0422",0.8203125,1,4.63756695602e-05,9.96540665234937e-05
"348","COG0355",0.293621543928906,0.91195496514566,3.43064180294584e-05,1.40864370622332e-05
"349","COG0356",0.583882420770365,1,0,0
"350","COG0357",0.554113130069446,1,0,6.96637541754296e-06
"351","COG0358",1,1,0,0
"352","COG0358,COG4227",1,1,0,0
"353","COG0359",0.12890625,0.774455180921053,0.000948671936501385,0.000483647943088984
"354","COG0360",0.01953125,0.459689110824742,0.00158875563952796,0.000869606079241831
"355","COG0362",0.09765625,0.70453887808148,0.000810414535209385,0.000173175035451594
"356","COG0363",0.359375,0.91195496514566,0.00117359234270729,0.00130973223025813
"357","COG0363,COG2120",0.554113130069446,1,2.36085558468553e-05,1.40580692353263e-06
"358","COG0364",0.528612125255688,1,0.000112779228275952,4.14564992952798e-06
"359","COG0365",1,1,0,0
"360","COG0366",0.09765625,0.70453887808148,0.00182204710840157,0.00369607303403169
"361","COG0366,COG0683,COG1538,COG4733",1,1,0,0
"362","COG0366,COG0860,COG3664",0.142213241936393,0.786132763537007,0,2.98952438429831e-05
"363","COG0366,COG1196",0.01953125,0.459689110824742,0.000876033427355427,0.000368642497390618
"364","COG0366,COG1196,COG1523,COG3209",1,1,0,0
"365","COG0366,COG1196,COG4932,COG5492",1,1,0,0
"366","COG0366,COG1501",0.0800579199844347,0.689706533299866,0,0.000186413208838449
"367","COG0366,COG1523",0.18144920772142,0.816357346566828,0,0
"368","COG0366,COG1523,COG3209",1,1,0,0
"369","COG0366,COG2133",0.361310428526179,0.91195496514566,0,0
"370","COG0366,COG2982,COG5263",0.108319380730004,0.70453887808148,0,0.000207887290169062
"371","COG0366,COG3210,COG3507",0.371093369522698,0.91195496514566,0,0
"372","COG0366,COG3291",0.0346105575157073,0.560878537735849,0,0.000710119164852154
"373","COG0366,COG3291,COG3866,COG4733",1,1,0,0
"374","COG0366,COG3507,COG5492",1,1,0,0
"375","COG0366,COG3940",0.789268026134281,1,0,0
"376","COG0366,COG4733,COG5492",1,1,0,0
"377","COG0366,COG4771",0.401678166469773,0.945582289640078,0.00011098239101549,7.72233334906312e-05
"378","COG0366,COG4932,COG5263",1,1,0,0
"379","COG0366,COG5492",0.371093369522698,0.91195496514566,0,0
"380","COG0367",0.359375,0.91195496514566,6.88828310409984e-05,3.02703276056302e-05
"381","COG0369",0.41849223344682,0.945582289640078,0,0
"382","COG0370",0.07421875,0.671865335229377,0.000190678308731575,0.000287658447259841
"383","COG0371",0.5703125,1,0.000534445516654376,0.000441222710831909
"384","COG0372",0.0546875,0.597742614364766,0.000121335357906084,0.000315249927489246
"385","COG0374",0.12890625,0.774455180921053,4.4597587292019e-05,4.05201573833874e-05
"386","COG0376",0.280712665268496,0.91195496514566,2.4251704387016e-05,0
"387","COG0378",0.371093369522698,0.91195496514566,0,0
"388","COG0379",0.201242620957724,0.816357346566828,0,0
"389","COG0381",0.0759269629825577,0.671865335229377,1.65658875950398e-05,6.69379417945512e-06
"390","COG0383",0.1640625,0.816357346566828,0.000155578162028204,0.000307950524244174
"391","COG0386",1,1,0,0
"392","COG0388",0.183430618982178,0.816357346566828,6.07818809090032e-06,4.81821896619966e-05
"393","COG0393",1,1,0,0
"394","COG0394",0.441208519505878,0.966678550894356,2.46645632645e-05,9.38808341232764e-06
"395","COG0394,COG0698",0.0224942712224497,0.479947861690211,0,4.17197463699264e-05
"396","COG0395",0.42578125,0.945582289640078,0.000145093645119707,0.000262253575917673
"397","COG0396",0.07421875,0.671865335229377,0.00024351889378081,6.44348876724306e-05
"398","COG0399",0.5703125,1,6.93889654004046e-05,7.93163956216257e-05
"399","COG0400",1,1,0,0
"400","COG0402",0.203125,0.816357346566828,0.000140171330103814,0.000249136600540448
"401","COG0403",0.672603817441517,1,9.8421822945008e-06,1.10577708761865e-05
"402","COG0403,COG1003",1,1,1.71467716574188e-05,1.72960496524443e-05
"403","COG0404",0.441208519505878,0.966678550894356,4.83930308440141e-05,3.44604941386726e-05
"404","COG0405",0.422678074170635,0.945582289640078,0,0
"405","COG0406",0.0800579199844347,0.689706533299866,0.000132877116733398,1.56868955336113e-05
"406","COG0407",0.0546875,0.597742614364766,5.8433151190955e-05,0.000100331418334714
"407","COG0410",1,1,0,0
"408","COG0411",1,1,0,0
"409","COG0413",0.787406490666269,1,0,0
"410","COG0414",0.944182513250483,1,3.71322580420314e-05,6.40554288212298e-05
"411","COG0416",0.1640625,0.816357346566828,0.000277913805615225,0.000199999905927995
"412","COG0418",0.371093369522698,0.91195496514566,0,0
"413","COG0419",1,1,0,0
"414","COG0419,COG3593",1,1,0,0
"415","COG0420",1,1,0,0
"416","COG0421",0.371093369522698,0.91195496514566,0,0
"417","COG0422",0.441208519505878,0.966678550894356,0,2.79594278148224e-05
"418","COG0423",0.00390625,0.37158203125,0.000647136427346599,0.000441752993847278
"419","COG0425",0.359375,0.91195496514566,0.000172384620291722,0.000172410795091736
"420","COG0426",0.12890625,0.774455180921053,0.000830379892617704,0.00100390008595639
"421","COG0426,COG1251",0.141482121482793,0.786132763537007,2.3036681340446e-05,0
"422","COG0426,COG1773,COG1853",0.203125,0.816357346566828,0.000120294341808437,0.000436331120205082
"423","COG0427",0.734375,1,0.00154533394445828,0.00151728640566836
"424","COG0431",0.183430618982178,0.816357346566828,4.98958080810273e-05,6.34017293545145e-06
"425","COG0431,COG2461",1,1,0,0
"426","COG0432",0.359375,0.91195496514566,2.14906585178286e-05,4.03859378219244e-05
"427","COG0433",0.359375,0.91195496514566,0.00032213376347946,0.00042908608603613
"428","COG0434",0.29450739368011,0.91195496514566,0,1.02178320396369e-05
"429","COG0435",0.371093369522698,0.91195496514566,0,0
"430","COG0436",0.8203125,1,0.00197332457802122,0.00220927903782147
"431","COG0436,COG0702",0.18144920772142,0.816357346566828,0,0
"432","COG0437",1,1,0,0
"433","COG0437,COG4624",1,1,1.41369661947725e-05,1.26819255198785e-05
"434","COG0438",0.5703125,1,8.30405505006342e-05,0.000109255727864532
"435","COG0438,COG1216,COG2242",0.589638551626567,1,0,0
"436","COG0438,COG1887",0.422678074170635,0.945582289640078,0,0
"437","COG0438,COG3391",0.422678074170635,0.945582289640078,0,0
"438","COG0438,COG3475",1,1,0,0
"439","COG0439",0.91015625,1,1.94881439583871e-05,2.85951552359657e-05
"440","COG0440",0.528612125255688,1,5.39487153975848e-05,7.23082574810355e-05
"441","COG0441",0.49609375,1,0.00175983325281886,0.0020652404077575
"442","COG0441,COG0572",1,1,0,0
"443","COG0442",0.42578125,0.945582289640078,0.000689736406953942,0.000716481474733262
"444","COG0443",0.91015625,1,0.0105836852402553,0.0111069787697876
"445","COG0444",1,1,0.000286606008458353,0.000200201179828773
"446","COG0444,COG1173",0.528612125255688,1,3.43839852126636e-05,3.84658074676061e-05
"447","COG0444,COG4172",0.30078125,0.91195496514566,0.000263977385537293,8.28239312948767e-05
"448","COG0445",0.422678074170635,0.945582289640078,0,0
"449","COG0446",0.91015625,1,0.00149057457797733,0.000966501834195006
"450","COG0446,COG0607",0.0224942712224497,0.479947861690211,0,2.75376677446139e-05
"451","COG0446,COG0607,COG2221",0.18144920772142,0.816357346566828,0,0
"452","COG0446,COG1902",0.91015625,1,0.000650800446028531,0.000694903937305336
"453","COG0448",0.30078125,0.91195496514566,0.00237955681794258,0.00317004697157703
"454","COG0449",0.91015625,1,0.000381083219184072,0.00034294154400263
"455","COG0450",0.01953125,0.459689110824742,0.000550638154421288,0.000114424305772698
"456","COG0450,COG3325",0.204893893816379,0.816357346566828,0,1.95850860925511e-05
"457","COG0451",0.65234375,1,0.000208986013549215,0.000179128639187012
"458","COG0452",0.944182513250483,1,1.66355305688241e-06,3.0947101904228e-05
"459","COG0454",1,1,0,0
"460","COG0454,COG1827",1,1,0,0
"461","COG0455",1,1,0,0
"462","COG0456",1,1,0,0
"463","COG0456,COG1214",1,1,0,0
"464","COG0457",0.49609375,1,0.00311132306940577,0.00352965511127797
"465","COG0457,COG0464",0.0934924836898357,0.70453887808148,0,1.59121742402471e-05
"466","COG0457,COG1450",0.401678166469773,0.945582289640078,0,2.80592820353772e-05
"467","COG0457,COG1729",0.554113130069446,1,0,9.29945078762415e-06
"468","COG0457,COG2304",1,1,0,0
"469","COG0457,COG2885",0.29450739368011,0.91195496514566,0.000104181875337898,0.000194540163522806
"470","COG0457,COG3103",1,1,0,0
"471","COG0457,COG3706",0.18144920772142,0.816357346566828,0,0
"472","COG0458",0.8203125,1,0.00143004735421355,0.00165785578982295
"473","COG0459",0.01171875,0.459689110824742,0.0328571143964717,0.0213892399614168
"474","COG0460",0.734375,1,0.000329857471973005,0.000220443251675458
"475","COG0461",0.42578125,0.945582289640078,0.000522101463891935,0.000510219410235383
"476","COG0462",0.42578125,0.945582289640078,0.00103486093628533,0.000991860588424399
"477","COG0463",0.07421875,0.671865335229377,3.73603818306331e-05,1.02559131898883e-05
"478","COG0463,COG1887",0.583882420770365,1,0,0
"479","COG0465",0.30078125,0.91195496514566,0.000645784702839161,0.000814949763586894
"480","COG0466",0.65234375,1,2.00504639160845e-05,4.25986260727522e-05
"481","COG0468",0.1640625,0.816357346566828,0.000226206706425707,0.000378508708603849
"482","COG0469",0.00390625,0.37158203125,0.00630541829812355,0.00227096690813732
"483","COG0470",1,1,0,0
"484","COG0471",1,1,0,0
"485","COG0473",0.734375,1,9.25030308699066e-05,0.000124374554461622
"486","COG0474",0.203125,0.816357346566828,0.000394496920686472,0.000231645372384958
"487","COG0476",0.799846105662473,1,0,9.5981810526744e-06
"488","COG0477",1,1,0,0
"489","COG0479",0.65234375,1,0.000250602242858987,0.000145237323838122
"490","COG0479,COG0674,COG1013,COG1014",0.12890625,0.774455180921053,9.83995211626919e-05,0.000142288097606856
"491","COG0480",0.91015625,1,0.0152379146271074,0.0148665052746149
"492","COG0481",0.142213241936393,0.786132763537007,1.24814135012315e-05,1.17039610079581e-05
"493","COG0482",0.583882420770365,1,0,0
"494","COG0483",0.00390625,0.37158203125,8.31867071575208e-05,1.41242737985343e-05
"495","COG0484",0.49609375,1,0.000283827863950716,0.000169521479118417
"496","COG0486",0.787406490666269,1,0,0
"497","COG0488",0.49609375,1,0.000290183998055864,0.000353315745762301
"498","COG0489",0.0390625,0.560878537735849,0.000291712036531957,0.000468087402152977
"499","COG0489,COG3206",1,1,0,0
"500","COG0489,COG3944",0.141482121482793,0.786132763537007,5.02221214895041e-05,0
"501","COG0491",0.359375,0.91195496514566,5.18059131131184e-05,6.59655249496594e-05
"502","COG0491,COG4099",0.371093369522698,0.91195496514566,0,0
"503","COG0492",1,1,0.000635984320482752,0.000396477574166224
"504","COG0492,COG3634",0.177529852412153,0.816357346566828,0,0
"505","COG0493",0.12890625,0.774455180921053,0.000964524410529902,0.000857209983905142
"506","COG0493,COG0543",0.583882420770365,1,0,0
"507","COG0493,COG1036",0.789268026134281,1,0,0
"508","COG0493,COG1143",1,1,0,0
"509","COG0493,COG1143,COG4231",0.833935414088552,1,0,3.52306105627818e-06
"510","COG0493,COG1145",0.0546875,0.597742614364766,0.000200445379716557,0.000390023130550637
"511","COG0493,COG1319",1,1,0,0
"512","COG0493,COG1894",0.554113130069446,1,0,6.698656340171e-06
"513","COG0493,COG1902",1,1,0,0
"514","COG0493,COG3383",1,1,0,5.66993978864454e-06
"515","COG0494",0.0142661867014469,0.459689110824742,0.000138521170128267,0
"516","COG0494,COG2062",1,1,0,0
"517","COG0495",1,1,0.000703206402519748,0.000848416769561414
"518","COG0497",0.441208519505878,0.966678550894356,8.33725956248544e-06,7.14172842485367e-06
"519","COG0498",0.734375,1,0.000635813709563075,0.000786152033456684
"520","COG0499",0.0142661867014469,0.459689110824742,3.48426642954324e-05,0
"521","COG0500,COG3615",1,1,0,0
"522","COG0502",0.49609375,1,6.98874997323132e-05,0.000120510152155177
"523","COG0503",0.30078125,0.91195496514566,0.000337400093569286,0.00039205554684986
"524","COG0504",0.8203125,1,0.000397624803325543,0.000358082051876384
"525","COG0505",0.734375,1,0.000432676982840288,0.000486933489953358
"526","COG0506,COG1012",0.361310428526179,0.91195496514566,0,0
"527","COG0508",0.0800579199844347,0.689706533299866,2.24893231861548e-05,2.89082984165344e-06
"528","COG0510",0.734375,1,0.000129969675090352,0.00016234953441802
"529","COG0510,COG1846,COG4750",1,1,0,0
"530","COG0510,COG4750",0.371093369522698,0.91195496514566,0,0
"531","COG0511",0.141482121482793,0.786132763537007,0,3.21243285967113e-05
"532","COG0512",0.855132140584706,1,0,0
"533","COG0513",0.932646638965876,1,1.20359006389441e-05,3.73576193473281e-06
"534","COG0514",1,1,0,0
"535","COG0515",0.42578125,0.945582289640078,0.000343068276506689,0.000287212710869172
"536","COG0515,COG0790",0.371093369522698,0.91195496514566,0,0
"537","COG0515,COG2815",0.271898710819648,0.91195496514566,1.90576479079224e-05,1.19863971297694e-05
"538","COG0516",0.1640625,0.816357346566828,0.000389253737936123,0.000243880039690025
"539","COG0516,COG0517",0.42578125,0.945582289640078,0.0030914965450168,0.00261530325197903
"540","COG0517",0.65234375,1,7.60788053946442e-06,1.85167159890547e-05
"541","COG0517,COG0794",0.371093369522698,0.91195496514566,0,0
"542","COG0517,COG0857,COG1227",0.422678074170635,0.945582289640078,0,0
"543","COG0517,COG1082,COG2089",1,1,0,0
"544","COG0517,COG1227,COG4109",1,1,0,0
"545","COG0517,COG2814",0.0591720678258594,0.597742614364766,8.66774687756889e-05,0
"546","COG0518",0.0590582290905367,0.597742614364766,1.56262289226926e-05,0
"547","COG0518,COG0519",0.8203125,1,0.000781166338262892,0.000884549117677321
"548","COG0519",1,1,8.13308080204439e-05,0.000143320639134304
"549","COG0520",0.203125,0.816357346566828,0.000134928906987286,7.29914481981042e-05
"550","COG0521",0.528612125255688,1,0.000239019264314222,0.000404020825040976
"551","COG0521,COG2258",1,1,0,0
"552","COG0522",0.65234375,1,0.00217990791334062,0.00197088942647525
"553","COG0523",0.09765625,0.70453887808148,8.13280523646559e-05,4.18468631861041e-05
"554","COG0523,COG3689",0.833634883024682,1,3.13304401062004e-06,1.39597571245004e-05
"555","COG0524",0.01953125,0.459689110824742,0.00156750468258129,0.000999090048225142
"556","COG0525",0.65234375,1,0.000875932965746347,0.000588404461598988
"557","COG0526",1,1,0.000219479741470011,0.000216771631361115
"558","COG0527",0.25,0.91195496514566,0.00043131296956003,0.000545910538605107
"559","COG0528",0.0546875,0.597742614364766,0.000476417247364331,0.000265316899281633
"560","COG0529,COG2895",0.589638551626567,1,0,0
"561","COG0531,COG1454",1,1,0,0
"562","COG0532",0.0546875,0.597742614364766,0.000441431617339821,0.000235153146199771
"563","COG0533",0.362726506485098,0.91195496514566,1.18020836608807e-05,2.20871949967865e-05
"564","COG0535",1,1,0.000573311783062839,0.000594171867187317
"565","COG0536",0.00390625,0.37158203125,1.73807081306917e-05,9.68364905389221e-05
"566","COG0537",0.30078125,0.91195496514566,0.000252610112504821,0.000355927463396965
"567","COG0538",0.734375,1,0.000477290186444288,0.000526873080524717
"568","COG0539",0.8203125,1,0.00658022502979962,0.00721525982571336
"569","COG0539,COG0761",0.09765625,0.70453887808148,0.00105647465499013,0.00185894104687323
"570","COG0539,COG1185",1,1,1.71563435291163e-05,1.13060822086051e-05
"571","COG0540",1,1,0.000871909888278596,0.000874994016385446
"572","COG0541",0.25,0.91195496514566,0.000152973636452099,7.92615106812859e-05
"573","COG0542",0.00390625,0.37158203125,0.00704206159795582,0.00229344794079865
"574","COG0543",0.91015625,1,0.000497416613458909,0.0005930722326369
"575","COG0544",0.8203125,1,0.00400684382659117,0.00414898736505858
"576","COG0545",0.359375,0.91195496514566,0.000180863757321106,0.000130492164459558
"577","COG0546",0.62406453246517,1,5.41145286573022e-05,3.73546664555854e-05
"578","COG0547",0.726286148878805,1,6.12723930914375e-05,3.24728749340226e-05
"579","COG0548",0.8203125,1,5.86148690382481e-05,8.55013558975869e-05
"580","COG0549",0.01953125,0.459689110824742,0.000576972760948068,0.000877799081909805
"581","COG0550",0.29450739368011,0.91195496514566,0,6.51703768740017e-06
"582","COG0550,COG0551",0.100348246462291,0.70453887808148,0,0
"583","COG0550,COG1754",0.23395283347059,0.903746732340704,3.99374751252145e-05,9.4948352710203e-06
"584","COG0552",0.30078125,0.91195496514566,9.53048232237299e-05,0.000137926623256817
"585","COG0553",0.583882420770365,1,0,0
"586","COG0554",0.42578125,0.945582289640078,0.00238150414069222,0.00137990290081648
"587","COG0556",0.672603817441517,1,0,1.51718156740377e-05
"588","COG0557",0.8203125,1,4.56792894674247e-05,4.50258687502505e-05
"589","COG0560",0.042315274905714,0.571631790590207,4.29058381260137e-05,1.45458713644035e-05
"590","COG0561",1,1,0.000137549158120201,0.000222513565618959
"591","COG0561,COG0652",0.371093369522698,0.91195496514566,0,0
"592","COG0562",1,1,0.000259223101910812,0.000266187884302178
"593","COG0563",0.0078125,0.4458984375,0.000834180344049588,0.000500219293554138
"594","COG0566",0.12890625,0.774455180921053,0.000150976089280327,5.14162406490806e-05
"595","COG0567",0.371093369522698,0.91195496514566,0,0
"596","COG0568",0.91015625,1,0.000158556118578645,0.000186199122311411
"597","COG0569",0.726286148878805,1,1.82588747635498e-05,1.6909795600407e-05
"598","COG0571",0.058707408431205,0.597742614364766,5.94240786557948e-05,3.44993212532945e-05
"599","COG0572",0.183430618982178,0.816357346566828,1.26038116269041e-05,4.88003627130934e-05
"600","COG0574",1,1,0,0
"601","COG0574,COG1080",0.01953125,0.459689110824742,0.0187828216931669,0.0322281825902003
"602","COG0574,COG1080,COG3848",1,1,0,0
"603","COG0575",1,1,0,0
"604","COG0576",0.1640625,0.816357346566828,0.000643848102315166,0.000520605799541638
"605","COG0577",0.62406453246517,1,8.32806237072674e-05,4.5552926464724e-05
"606","COG0577,COG1136",0.0590582290905367,0.597742614364766,1.22484840491096e-05,0
"607","COG0577,COG1511",1,1,0,0
"608","COG0577,COG4591",0.18144920772142,0.816357346566828,0,0
"609","COG0578",1,1,0,0
"610","COG0579",0.5703125,1,0.00115318245323209,0.000701802501347353
"611","COG0579,COG1251",0.371093369522698,0.91195496514566,0,0
"612","COG0580",0.0360316862182336,0.560878537735849,1.99286980355373e-05,0
"613","COG0582",0.589638551626567,1,0,0
"614","COG0583",0.401678166469773,0.945582289640078,0,8.57480137369908e-06
"615","COG0584",0.49609375,1,0.000148212066896485,0.000177540717000181
"616","COG0587",1,1,0,0
"617","COG0588",0.0390625,0.560878537735849,0.00233485989668346,0.000757793313441996
"618","COG0588,COG1052",1,1,0,0
"619","COG0589",0.02734375,0.533553685897436,0.0010630168566869,0.000322317352599734
"620","COG0591",0.789268026134281,1,0,0
"621","COG0592",0.8203125,1,0.000246676069498383,0.000247312112587839
"622","COG0593",0.65234375,1,0.000104214990535029,0.000111852585350548
"623","COG0595",0.1640625,0.816357346566828,0.000442552998241364,0.000398727569561428
"624","COG0596",0.23395283347059,0.903746732340704,4.38066520456066e-05,0.000127494797148667
"625","COG0601",0.203125,0.816357346566828,0.000183884876482272,8.69185905909257e-05
"626","COG0602",0.789268026134281,1,0,0
"627","COG0603",1,1,0,0
"628","COG0604",0.1640625,0.816357346566828,5.81165291214641e-05,0.000435783865241638
"629","COG0605",0.01171875,0.459689110824742,0.000231404470922728,3.60736112271834e-05
"630","COG0607",0.401678166469773,0.945582289640078,0,0
"631","COG0610",1,1,0,0
"632","COG0612",0.23395283347059,0.903746732340704,8.94650515143293e-05,0.000186336325107684
"633","COG0612,COG5492",0.371093369522698,0.91195496514566,0,0
"634","COG0613",0.141482121482793,0.786132763537007,1.34182262764903e-05,0
"635","COG0613,COG1196,COG1387,COG5263",1,1,0,0
"636","COG0613,COG3485",1,1,0,0
"637","COG0614",0.01953125,0.459689110824742,0.000334237057561464,0.000533292805879246
"638","COG0614,COG5386",0.25,0.91195496514566,0,4.51840159893203e-05
"639","COG0614,COG5567",0.18144920772142,0.816357346566828,0,0
"640","COG0615",0.554113130069446,1,0,6.83139715421807e-06
"641","COG0615,COG0673",0.855132140584706,1,0,0
"642","COG0615,COG2513",1,1,0,0
"643","COG0615,COG2870",1,1,0,0
"644","COG0616",0.49609375,1,3.32356059796315e-05,7.32950965225423e-05
"645","COG0617",0.65234375,1,0.000105038590501032,9.01091290156524e-05
"646","COG0618",0.583882420770365,1,0,0
"647","COG0620",1,1,0.000577493612482313,0.000500513271907361
"648","COG0621",0.49609375,1,5.20599824043519e-05,4.82178285581758e-05
"649","COG0622",0.91015625,1,4.35711308528203e-05,4.65917789474461e-05
"650","COG0623",1,1,0,0
"651","COG0624",0.12890625,0.774455180921053,0.00108656933011936,0.00112294377667239
"652","COG0625",0.280712665268496,0.91195496514566,1.44127085161866e-05,0
"653","COG0626",0.734375,1,7.52808536102815e-05,0.000199042112258424
"654","COG0627",0.446872820710831,0.96702431249557,7.20383463547623e-06,0
"655","COG0628",1,1,0,0
"656","COG0629",0.944182513250483,1,1.58935254607529e-05,5.19836110385554e-05
"657","COG0631",0.672603817441517,1,3.12568514526629e-05,1.29771540520494e-05
"658","COG0632",0.583882420770365,1,0,0
"659","COG0634",0.203125,0.816357346566828,0.000263804930104926,0.000140204208642986
"660","COG0635",0.855132140584706,1,0,0
"661","COG0636",0.833935414088552,1,0,0
"662","COG0637",0.352542137499713,0.91195496514566,7.67663168022223e-06,0
"663","COG0638",0.361310428526179,0.91195496514566,0,0
"664","COG0639",1,1,0,0
"665","COG0640",1,1,0,0
"666","COG0640,COG2226",1,1,0,0
"667","COG0641",0.203125,0.816357346566828,3.33952592797212e-05,0.000114735574505719
"668","COG0642,COG0784",1,1,0,0
"669","COG0643,COG2198",0.0360316862182336,0.560878537735849,0,5.58602309347521e-05
"670","COG0645",1,1,0,0
"671","COG0646",1,1,7.48154615522723e-06,6.34440820134913e-05
"672","COG0646,COG1410",0.422678074170635,0.945582289640078,0,0
"673","COG0647",0.29450739368011,0.91195496514566,0,0
"674","COG0648",1,1,0,0
"675","COG0649",1,1,0,0
"676","COG0649,COG0852",0.100348246462291,0.70453887808148,0,0
"677","COG0652",0.02734375,0.533553685897436,0.000200087509159268,0.000392198833085934
"678","COG0653",0.359375,0.91195496514566,0.00139486301751224,0.000789009380908517
"679","COG0655",0.203125,0.816357346566828,0.000184854933287693,0.000104369199029641
"680","COG0656",0.141482121482793,0.786132763537007,9.10150882182289e-05,1.86036536954532e-05
"681","COG0657",1,1,1.29238029125571e-05,0
"682","COG0659",1,1,0,0
"683","COG0661",0.422678074170635,0.945582289640078,0,0
"684","COG0662",0.441208519505878,0.966678550894356,1.23631687059321e-05,1.90403869696773e-05
"685","COG0663",1,1,0,0
"686","COG0664",0.0346105575157073,0.560878537735849,3.04535380089246e-05,0
"687","COG0665",0.789268026134281,1,0,0
"688","COG0666",0.371093369522698,0.91195496514566,0,0
"689","COG0667",0.8203125,1,0.000479745541505369,0.00035956749713985
"690","COG0668",0.855132140584706,1,0,0
"691","COG0669",1,1,1.08648586625863e-05,1.84334119418917e-05
"692","COG0671",1,1,0,0
"693","COG0673",0.1640625,0.816357346566828,0.000940627883901446,0.00136380844511557
"694","COG0674",0.09765625,0.70453887808148,2.66342362787613e-05,0.000177281113837453
"695","COG0674,COG1013,COG1014",0.203125,0.816357346566828,0.010311127328705,0.0138778389252209
"696","COG0674,COG1013,COG1014,COG1143",0.49609375,1,6.42081529297802e-05,0.000124732312519102
"697","COG0674,COG1013,COG1014,COG1144",0.62406453246517,1,1.8474734410923e-05,5.77070587484571e-05
"698","COG0674,COG1013,COG1014,COG1145",0.49609375,1,0.00656180340619468,0.0044654074353064
"699","COG0674,COG1014",1,1,0,1.67566647387453e-05
"700","COG0676",0.141482121482793,0.786132763537007,6.88207717810065e-05,1.24581184882842e-05
"701","COG0677",0.201242620957724,0.816357346566828,0,0
"702","COG0681",0.07421875,0.671865335229377,2.45659699896466e-05,0.000105620431813614
"703","COG0683",0.09765625,0.70453887808148,0.00058308096206514,0.000353074711646071
"704","COG0683,COG2755,COG4677,COG5263,COG5492",1,1,0,0
"705","COG0683,COG3345",0.0519129649350183,0.597742614364766,0,7.51348300525049e-05
"706","COG0683,COG3525,COG5498",0.833935414088552,1,0,2.03061815300074e-05
"707","COG0684",0.371093369522698,0.91195496514566,0,0
"708","COG0685",0.00390625,0.37158203125,0.00174606595971527,0.00318432680246585
"709","COG0686",0.5703125,1,0.000631947722419295,0.000641457461846602
"710","COG0687",0.361310428526179,0.91195496514566,0,0
"711","COG0688",0.422678074170635,0.945582289640078,0,0
"712","COG0689",0.441208519505878,0.966678550894356,3.01147725026911e-05,5.04553990755162e-06
"713","COG0692",0.105645429201877,0.70453887808148,0,0
"714","COG0693",0.12890625,0.774455180921053,1.30029520138833e-05,0.000110992700421909
"715","COG0695,COG1328",1,1,0,0
"716","COG0696",0.49609375,1,0.00063281769074239,0.000724137235951
"717","COG0698",0.141482121482793,0.786132763537007,0.000282831215232923,4.67680354719302e-05
"718","COG0699",0.944182513250483,1,3.31494816980936e-05,3.47770459401531e-05
"719","COG0702",0.65234375,1,0.000986439976562761,0.000759101275730516
"720","COG0702,COG1395",1,1,0,0
"721","COG0703",0.0078125,0.4458984375,4.70978500075749e-05,0.000112603810594461
"722","COG0703,COG1605",0.589638551626567,1,0,0
"723","COG0704",0.0546875,0.597742614364766,8.12890601345629e-05,1.98482433246199e-05
"724","COG0706",0.25,0.91195496514566,5.83463044032876e-05,0.000105520777184433
"725","COG0707",0.8203125,1,7.57581465104501e-05,9.83552871659509e-05
"726","COG0708",0.41849223344682,0.945582289640078,0,0
"727","COG0709",1,1,0,0
"728","COG0710",0.352542137499713,0.91195496514566,7.71842824005743e-06,6.84023134616157e-06
"729","COG0711",0.1640625,0.816357346566828,0.000964496687436192,0.00146453093304016
"730","COG0712",0.30078125,0.91195496514566,0.000452375429792638,0.000281975408561975
"731","COG0714",1,1,6.36757600349076e-05,7.13177403529526e-05
"732","COG0715",0.8203125,1,0.000274731474154603,0.00032934855008034
"733","COG0716",0.1640625,0.816357346566828,1.7863651967552e-05,1.47788096027225e-05
"734","COG0718",0.65234375,1,4.34750452891477e-05,5.03272943561908e-05
"735","COG0719",0.42578125,0.945582289640078,0.000263401532894659,0.00010989733389627
"736","COG0720",0.529368106184798,1,0,0
"737","COG0721",0.25,0.91195496514566,6.58169559183107e-05,4.55993273012185e-05
"738","COG0722",0.07421875,0.671865335229377,0.000111330122407921,0.000482491813262627
"739","COG0724",1,1,0,0
"740","COG0725",0.0142661867014469,0.459689110824742,1.61476356713201e-05,0.00031958786275739
"741","COG0726",0.352542137499713,0.91195496514566,1.2516672417719e-05,5.576263010898e-05
"742","COG0726,COG2425",1,1,0,0
"743","COG0726,COG3250,COG4733,COG4886",1,1,0,0
"744","COG0726,COG3693,COG5492",0.371093369522698,0.91195496514566,0,0
"745","COG0728",0.787406490666269,1,0,0
"746","COG0729,COG1752",1,1,0,0
"747","COG0731",1,1,0,0
"748","COG0733",1,1,0,0
"749","COG0735",0.583882420770365,1,0,0
"750","COG0737",0.734375,1,0.000394348416889943,0.000664684067593268
"751","COG0737,COG1073",1,1,0,0
"752","COG0737,COG1073,COG1912,COG2365",0.789268026134281,1,0,0
"753","COG0737,COG1387,COG2374,COG5263",1,1,0,0
"754","COG0737,COG1404",1,1,0,3.10744218672325e-05
"755","COG0737,COG1520",0.62406453246517,1,5.46588449188973e-05,1.24303252181421e-05
"756","COG0737,COG2071",1,1,0,0
"757","COG0737,COG2866",1,1,0,0
"758","COG0737,COG3420",0.789268026134281,1,0,0
"759","COG0737,COG3876",1,1,0,0
"760","COG0737,COG4447",1,1,0,0
"761","COG0737,COG4690",1,1,0,0
"762","COG0737,COG5492",1,1,0,0
"763","COG0738",0.789268026134281,1,0,0
"764","COG0739",1,1,0,0
"765","COG0740",0.734375,1,0.000639308372783205,0.000463914521638183
"766","COG0742",0.362726506485098,0.91195496514566,2.73951133938752e-05,2.14279397920506e-05
"767","COG0743",0.833634883024682,1,7.49110500816916e-05,8.52389628803975e-05
"768","COG0744",0.23395283347059,0.903746732340704,5.76240036501489e-05,1.72339694766535e-05
"769","COG0745",0.5703125,1,0.000502247935244544,0.000382753866571204
"770","COG0746",1,1,0,0
"771","COG0747",0.91015625,1,0.00568188875118196,0.00637789493170852
"772","COG0750",0.371093369522698,0.91195496514566,0,0
"773","COG0751",0.0078125,0.4458984375,0.000210949755838661,7.72470348988918e-05
"774","COG0752",0.401678166469773,0.945582289640078,0,1.3730099838987e-05
"775","COG0753",1,1,1.26238148882514e-05,0
"776","COG0754",1,1,0,0
"777","COG0756",0.734375,1,2.97375675817634e-05,4.60961743910739e-05
"778","COG0757",0.833935414088552,1,0,0
"779","COG0760",0.1640625,0.816357346566828,0.000705933694233225,0.000878754722716013
"780","COG0764",0.789268026134281,1,0,0
"781","COG0764,COG0774",0.371093369522698,0.91195496514566,0,0
"782","COG0765,COG0834",0.441208519505878,0.966678550894356,1.85818644975091e-05,2.35180935546169e-05
"783","COG0766",0.42578125,0.945582289640078,0.000167054491942838,0.000102488601091697
"784","COG0768",0.529368106184798,1,0,7.36704875905381e-06
"785","COG0769",0.49609375,1,0.000169941972765435,0.000150119712260892
"786","COG0770",0.441208519505878,0.966678550894356,0.000118426355273291,9.35969864849308e-05
"787","COG0770,COG0787",0.589638551626567,1,0,0
"788","COG0771",0.8203125,1,9.40308181009767e-05,0.000137408726581183
"789","COG0773",0.359375,0.91195496514566,0.000355579984063002,0.000379735486320361
"790","COG0773,COG0812",1,1,0,0
"791","COG0774",1,1,0,0
"792","COG0775",0.5703125,1,6.23731498032965e-05,6.52932798801842e-05
"793","COG0776",0.07421875,0.671865335229377,0.00163910753006157,0.00109525102850464
"794","COG0777,COG0825",1,1,0,0
"795","COG0778",0.30078125,0.91195496514566,0.000154147599619306,9.73423012174292e-05
"796","COG0779",1,1,0,0
"797","COG0780",0.0591720678258594,0.597742614364766,0,2.9004317373101e-05
"798","COG0781",0.12890625,0.774455180921053,0.000128057942069885,0.000119775693941358
"799","COG0782",0.5703125,1,0.000503214272773422,0.000650187458569493
"800","COG0782,COG1747",0.789268026134281,1,0,0
"801","COG0783",0.00390625,0.37158203125,0.00158387249552758,0.000303025065447824
"802","COG0784",0.371093369522698,0.91195496514566,0,0
"803","COG0784,COG0835",0.0591720678258594,0.597742614364766,0,8.85566852131347e-06
"804","COG0787",0.49609375,1,0.000104365486571486,0.000143173246559973
"805","COG0788",0.371093369522698,0.91195496514566,0,0
"806","COG0789",1,1,0,0
"807","COG0790",1,1,0,0
"808","COG0791",0.932646638965876,1,1.10855182574255e-05,5.98341143760215e-05
"809","COG0791,COG4932",1,1,0,0
"810","COG0793",0.0934924836898357,0.70453887808148,0,9.6784687255122e-06
"811","COG0793,COG4946",0.204893893816379,0.816357346566828,0,1.0055981037323e-05
"812","COG0794",0.371093369522698,0.91195496514566,0,0
"813","COG0796",1,1,1.16068582025422e-05,1.28922733532518e-05
"814","COG0799",0.23395283347059,0.903746732340704,2.66186466818206e-05,3.27996432891397e-05
"815","COG0800",0.8203125,1,0.000187904321310281,0.000229776699018611
"816","COG0801,COG1539",0.0759269629825577,0.671865335229377,2.72575569479605e-05,3.11209547449006e-06
"817","COG0802",1,1,0,0
"818","COG0803",0.208412803684149,0.820355915191226,2.85707375379368e-06,0
"819","COG0804",0.42578125,0.945582289640078,0.00023145587345673,0.000225286510712119
"820","COG0806",0.554113130069446,1,7.67326004661249e-06,2.76039357339358e-06
"821","COG0809",0.352542137499713,0.91195496514566,2.09544581123948e-05,3.99665202674212e-05
"822","COG0810,COG2755,COG3210,COG3568,COG4886,COG5263,COG5492",0.371093369522698,0.91195496514566,0,0
"823","COG0810,COG3209,COG3391,COG5492",0.107327557761612,0.70453887808148,4.15702146726768e-05,2.74460617503721e-05
"824","COG0811",0.65234375,1,0.000159572726751874,0.000146413365430143
"825","COG0812",0.589638551626567,1,0,0
"826","COG0813",0.203125,0.816357346566828,4.16515431043362e-05,9.57493427456277e-05
"827","COG0816",1,1,0,0
"828","COG0819",0.141482121482793,0.786132763537007,0,3.94067499698465e-05
"829","COG0820",0.042315274905714,0.571631790590207,8.10181815963713e-05,7.85970680631446e-06
"830","COG0821",0.25,0.91195496514566,9.99645137176842e-05,0.000119662959850152
"831","COG0822",0.01953125,0.459689110824742,0.00111122296927718,0.00173154048957507
"832","COG0823",0.789268026134281,1,0,0
"833","COG0823,COG1506",0.1640625,0.816357346566828,2.49496661171671e-05,5.09645614831682e-05
"834","COG0824",0.042315274905714,0.571631790590207,0,3.68760584275536e-05
"835","COG0826",0.142213241936393,0.786132763537007,1.10722021022961e-05,1.70561634292354e-05
"836","COG0827",0.100348246462291,0.70453887808148,0,0
"837","COG0831",0.589638551626567,1,0,0
"838","COG0832",0.203125,0.816357346566828,0,2.49825126846712e-05
"839","COG0834",0.91015625,1,0.00154208845049215,0.00141717396003344
"840","COG0835",0.100348246462291,0.70453887808148,0,0
"841","COG0836",1,1,0,1.03881689835374e-05
"842","COG0836,COG1917",1,1,0,0
"843","COG0840",0.108319380730004,0.70453887808148,0,3.9422223522825e-05
"844","COG0840,COG2770",1,1,0,0
"845","COG0840,COG3221",1,1,0,0
"846","COG0840,COG3290",1,1,0,0
"847","COG0840,COG4564",1,1,0,0
"848","COG0840,COG4936",1,1,0,0
"849","COG0840,COG5000",0.0590582290905367,0.597742614364766,0,2.98163593468083e-05
"850","COG0841",0.932646638965876,1,3.37620420285081e-05,4.40973627871222e-05
"851","COG0845",1,1,5.30675549704287e-05,9.03133432473202e-05
"852","COG0845,COG3525",0.799846105662473,1,0.00012560143574814,0.000177203256374206
"853","COG0845,COG3669,COG3934,COG4447",0.271898710819648,0.91195496514566,0.000122575909976818,0
"854","COG0846",0.42578125,0.945582289640078,3.57339133024653e-05,6.04527219579763e-05
"855","COG0847",1,1,0,0
"856","COG0848",0.446872820710831,0.96702431249557,2.02513371211334e-05,3.18542283217258e-05
"857","COG0849",0.799846105662473,1,3.53446188978528e-05,1.70353301122867e-05
"858","COG0852",1,1,0,0
"859","COG0853",1,1,0,1.07345873635845e-05
"860","COG0854",1,1,0,0
"861","COG0855",0.65234375,1,0.000465777649065274,0.00036296409688837
"862","COG0858",0.401678166469773,0.945582289640078,4.46793810436946e-06,0
"863","COG0860",0.91015625,1,0.000552967376746727,0.000279355517804431
"864","COG0860,COG1705",0.583882420770365,1,0,0
"865","COG0860,COG3103",1,1,0,0
"866","COG0860,COG3291",0.528612125255688,1,1.77321993673373e-05,4.99738359829814e-05
"867","COG0860,COG3409",1,1,0,0
"868","COG1001",0.0208625823327655,0.479947861690211,1.5350780007787e-05,4.67640528283784e-05
"869","COG1002",1,1,0,0
"870","COG1003",0.352542137499713,0.91195496514566,0,2.88104093896902e-05
"871","COG1004",0.07421875,0.671865335229377,0.000147936887070096,2.60353258035882e-05
"872","COG1010",0.0346105575157073,0.560878537735849,0,2.63696759175269e-05
"873","COG1011",0.672603817441517,1,4.94308558443435e-06,1.49667141896683e-05
"874","COG1012",0.8203125,1,0.00222322911960379,0.00208630541754662
"875","COG1012,COG1454",0.0546875,0.597742614364766,0.00868572160291686,0.0064495303281387
"876","COG1013",0.107327557761612,0.70453887808148,4.51866555067039e-05,7.34633021120887e-05
"877","COG1014",0.42578125,0.945582289640078,0.000101576745894536,0.000157944191045451
"878","COG1015",0.49609375,1,2.23196424920715e-05,4.46020678739507e-05
"879","COG1017,COG1018",1,1,0,0
"880","COG1018,COG3894",0.0142661867014469,0.459689110824742,7.94421899994373e-06,0.000103927770212154
"881","COG1020",0.141482121482793,0.786132763537007,0,2.83892169516887e-05
"882","COG1020,COG3320",0.0934924836898357,0.70453887808148,0,8.48547669302084e-06
"883","COG1022",0.0390625,0.560878537735849,0.000267163089673215,7.35557230215022e-05
"884","COG1023",0.371093369522698,0.91195496514566,0,0
"885","COG1024",0.5703125,1,0.00197882414961453,0.00211654443776632
"886","COG1026",0.09765625,0.70453887808148,6.90300332385285e-05,0.000201410446226963
"887","COG1027",0.01171875,0.459689110824742,0.000106357604888389,9.83767462417839e-06
"888","COG1028",0.359375,0.91195496514566,0.000780438129625953,0.000596832229071956
"889","COG1030",1,1,0,0
"890","COG1032",0.204893893816379,0.816357346566828,0,1.06417852913549e-05
"891","COG1033",0.49609375,1,5.86010979329241e-05,0.000128172518879316
"892","COG1034",0.422678074170635,0.945582289640078,0,0
"893","COG1034,COG1894,COG2878,COG4624",0.371093369522698,0.91195496514566,0,0
"894","COG1034,COG3383",0.789268026134281,1,0,0
"895","COG1035",1,1,0,0
"896","COG1035,COG4656",0.529368106184798,1,0,0
"897","COG1036,COG2878",0.371093369522698,0.91195496514566,0,0
"898","COG1038",0.8203125,1,7.51981252931235e-05,0.000147852448102505
"899","COG1042",0.0360316862182336,0.560878537735849,0,5.15513209327613e-05
"900","COG1043",0.799846105662473,1,1.34746297503794e-05,7.18944792800032e-06
"901","COG1044",1,1,0,0
"902","COG1044,COG1672,COG2334",0.422678074170635,0.945582289640078,0,0
"903","COG1044,COG2334",0.789268026134281,1,0,0
"904","COG1045",0.0800579199844347,0.689706533299866,0,1.45530901308546e-05
"905","COG1047",1,1,0,0
"906","COG1047,COG1433",0.293621543928906,0.91195496514566,3.37896633085394e-05,7.88250136007953e-05
"907","COG1048",0.25,0.91195496514566,0.000415929834617506,0.000910595033278738
"908","COG1049",0.371093369522698,0.91195496514566,0,0
"909","COG1051",0.0591720678258594,0.597742614364766,1.08236846389643e-05,0
"910","COG1052",0.734375,1,0.000567597606174716,0.000750891235042178
"911","COG1053",1,1,0.00286547997824592,0.00274625585581382
"912","COG1053,COG3976",0.672603817441517,1,0,0
"913","COG1053,COG4939",0.529368106184798,1,1.38536905990777e-05,3.5509583235316e-05
"914","COG1055",1,1,0,0
"915","COG1057",0.41849223344682,0.945582289640078,0,0
"916","COG1058,COG1546",1,1,0,0
"917","COG1061",0.371093369522698,0.91195496514566,0,0
"918","COG1063",0.12890625,0.774455180921053,0.002814594898199,0.00597980347523453
"919","COG1064",0.0934924836898357,0.70453887808148,1.50484894304063e-05,0
"920","COG1066",1,1,0,0
"921","COG1069",0.293621543928906,0.91195496514566,0.000279397915338988,0.000144433387396662
"922","COG1069,COG2160",1,1,0,0
"923","COG1070",0.07421875,0.671865335229377,0.00237232021348474,0.00141248316064497
"924","COG1071",0.41849223344682,0.945582289640078,7.94675298460501e-06,0
"925","COG1073",0.204893893816379,0.816357346566828,1.40752682388243e-05,0
"926","COG1075",0.855132140584706,1,0,0
"927","COG1077",0.1640625,0.816357346566828,0.000258090212957249,0.000432596354168199
"928","COG1079",1,1,0,0
"929","COG1080",0.25,0.91195496514566,0.00103751226994727,0.00170996860609782
"930","COG1080,COG1925,COG3412",0.371093369522698,0.91195496514566,0,0
"931","COG1082",0.00390625,0.37158203125,0.000630613456487616,0.000904961956828896
"932","COG1083,COG2755",1,1,0,0
"933","COG1085",0.00390625,0.37158203125,0.000756787848273146,0.000173221031474326
"934","COG1086",1,1,0,0
"935","COG1087",0.0546875,0.597742614364766,0.00276866687267523,0.0015522457228391
"936","COG1088",0.07421875,0.671865335229377,0.000350217868510897,0.000274074602883325
"937","COG1089",0.674986713970489,1,9.22982465186919e-06,1.18895603077508e-05
"938","COG1091",0.359375,0.91195496514566,2.98787080042327e-05,5.36772376965733e-05
"939","COG1091,COG1898",0.0142661867014469,0.459689110824742,0.000388202045769043,5.00601412645878e-05
"940","COG1092",1,1,3.80905728979423e-05,4.61588283917865e-05
"941","COG1098",1,1,0,0
"942","COG1099",1,1,0,0
"943","COG1101",0.0078125,0.4458984375,1.90514542128786e-05,6.82119413698706e-05
"944","COG1102",0.5703125,1,0.000705018834540771,0.000835096371025717
"945","COG1102,COG2211",1,1,0,0
"946","COG1104",0.362726506485098,0.91195496514566,4.45011885386404e-05,0.000184244226281001
"947","COG1105",0.01953125,0.459689110824742,0.000502732737431526,0.000217659691936642
"948","COG1106",1,1,0,0
"949","COG1108",0.583882420770365,1,0,0
"950","COG1109",0.30078125,0.91195496514566,0.00228138944805492,0.00262818776273878
"951","COG1112",0.141482121482793,0.786132763537007,0.000148657658493091,3.94730629456671e-05
"952","COG1113",1,1,0,0
"953","COG1115",0.91015625,1,7.04118852367133e-05,9.85492181624147e-05
"954","COG1116",0.371093369522698,0.91195496514566,0,0
"955","COG1117",0.29450739368011,0.91195496514566,1.06729007600206e-05,0
"956","COG1119",1,1,0,0
"957","COG1120",0.18144920772142,0.816357346566828,0,0
"958","COG1122",0.932646638965876,1,4.25957459783955e-06,1.39691715398266e-05
"959","COG1123",0.371093369522698,0.91195496514566,0,0
"960","COG1125",1,1,0,0
"961","COG1126",0.42578125,0.945582289640078,0.000150767793034282,8.47013966029614e-05
"962","COG1127",1,1,0,0
"963","COG1129",0.01953125,0.459689110824742,0.00225674977085655,0.0030091818894329
"964","COG1131",0.0390625,0.560878537735849,0.000101893891599683,0.000291346805680773
"965","COG1132",0.00390625,0.37158203125,0.00024438688583582,0.00100991633518146
"966","COG1134",0.0759269629825577,0.671865335229377,2.73206015633486e-05,2.04130931915806e-05
"967","COG1135",0.799846105662473,1,0,0
"968","COG1136",0.5703125,1,0.000212516840500006,8.67972491516363e-05
"969","COG1137",1,1,0,0
"970","COG1139",0.293621543928906,0.91195496514566,1.87212547606701e-05,1.00285881251326e-05
"971","COG1140",0.100348246462291,0.70453887808148,0,0
"972","COG1141",0.529368106184798,1,0,1.80831728912167e-05
"973","COG1142",0.371093369522698,0.91195496514566,0,0
"974","COG1142,COG4624",0.058707408431205,0.597742614364766,6.92462593815921e-05,4.08580257875439e-05
"975","COG1143",1,1,0,0
"976","COG1143,COG2878",1,1,0,0
"977","COG1143,COG4624",0.141482121482793,0.786132763537007,3.14065443472721e-05,0.000235083156078607
"978","COG1145,COG2221,COG4624",1,1,0,0
"979","COG1146",1,1,0,0
"980","COG1146,COG1592,COG4624",0.361310428526179,0.91195496514566,0,0
"981","COG1148",1,1,5.25236648022229e-05,9.8729295738798e-05
"982","COG1148,COG1908",1,1,0,0
"983","COG1148,COG2878",0.932646638965876,1,2.65500218551279e-05,1.49221239965402e-05
"984","COG1149,COG2878",0.789268026134281,1,0,0
"985","COG1151",0.0390625,0.560878537735849,0.0011794167169056,0.00197205387783709
"986","COG1154",0.554113130069446,1,0,7.2697580592432e-06
"987","COG1155",0.30078125,0.91195496514566,0.000470782116640114,0.000804628065804252
"988","COG1156",0.5703125,1,0.000962182509863015,0.00087555749635539
"989","COG1158",0.1640625,0.816357346566828,5.57024186160461e-05,0.000126107547937685
"990","COG1159",0.726286148878805,1,1.08808901983746e-05,1.82537713837853e-05
"991","COG1160",0.65234375,1,3.21116304466787e-05,2.4959965020816e-05
"992","COG1161",1,1,0,0
"993","COG1164",0.30078125,0.91195496514566,0.00012204443184734,0.000224477993864074
"994","COG1165",0.789268026134281,1,0,0
"995","COG1165,COG2327",1,1,0,0
"996","COG1167",0.203125,0.816357346566828,0.000601852091027879,0.000891017791871466
"997","COG1168",0.8203125,1,4.34831623237472e-05,5.17482045665515e-05
"998","COG1171",1,1,0.000284480248103202,0.000281105918411717
"999","COG1172",0.0142661867014469,0.459689110824742,5.31565426075906e-05,9.5541902466099e-06
"1000","COG1173",0.49609375,1,3.88613897407671e-05,6.75056705914645e-05
"1001","COG1173,COG5184",1,1,0,0
"1002","COG1175",0.944182513250483,1,3.67209907659154e-05,4.54146362101808e-05
"1003","COG1180",1,1,3.06922156889687e-05,4.95425864961644e-05
"1004","COG1181",0.12890625,0.774455180921053,0.000338955146778442,0.000214608032045996
"1005","COG1181,COG2918",1,1,0,0
"1006","COG1182",1,1,0,0
"1007","COG1185",0.65234375,1,0.00194257462652508,0.00171217541094705
"1008","COG1186",0.203125,0.816357346566828,7.99334313317417e-05,2.60247590486018e-05
"1009","COG1187",0.789268026134281,1,0,0
"1010","COG1189",0.0142661867014469,0.459689110824742,1.80195394798294e-05,2.40564937019515e-05
"1011","COG1190",0.09765625,0.70453887808148,0.000360400815477629,0.000254498492972272
"1012","COG1192",0.141482121482793,0.786132763537007,1.25439426057903e-05,0
"1013","COG1193",0.91015625,1,7.50179835311812e-05,7.26076403676897e-05
"1014","COG1196",0.91015625,1,0.00315539348575678,0.00544390129133833
"1015","COG1196,COG1256",0.789268026134281,1,0,0
"1016","COG1196,COG1409,COG1538,COG5492",0.371093369522698,0.91195496514566,0,0
"1017","COG1196,COG1470,COG2374,COG2931,COG3669",1,1,0,0
"1018","COG1196,COG1472",1,1,0,0
"1019","COG1196,COG1501",0.107327557761612,0.70453887808148,0.000356525208664068,5.73762757827443e-05
"1020","COG1196,COG1501,COG3250",1,1,0,0
"1021","COG1196,COG1501,COG4412",0.201242620957724,0.816357346566828,0,0
"1022","COG1196,COG1520,COG5492",1,1,0,0
"1023","COG1196,COG1538,COG3250",0.18144920772142,0.816357346566828,0,0
"1024","COG1196,COG1554",0.787406490666269,1,0,0
"1025","COG1196,COG2138",0.371093369522698,0.91195496514566,0,0
"1026","COG1196,COG2247,COG3291,COG3525,COG4733",0.18144920772142,0.816357346566828,0,0
"1027","COG1196,COG2273,COG3250,COG3525",0.554113130069446,1,0,1.45014668709772e-05
"1028","COG1196,COG2273,COG3537",0.789268026134281,1,0,0
"1029","COG1196,COG3250",0.799846105662473,1,0,0
"1030","COG1196,COG3250,COG3345",0.833935414088552,1,0,6.34163210894536e-06
"1031","COG1196,COG3250,COG3525",1,1,0,0
"1032","COG1196,COG3250,COG3669",1,1,0,0
"1033","COG1196,COG3250,COG4409",0.422678074170635,0.945582289640078,0,0
"1034","COG1196,COG3250,COG4886",1,1,0,0
"1035","COG1196,COG3291,COG3525",1,1,0,0
"1036","COG1196,COG3345",1,1,0,0
"1037","COG1196,COG3507,COG3533,COG5492",1,1,0,0
"1038","COG1196,COG3525",0.49609375,1,9.12768811720751e-05,3.77357159652233e-05
"1039","COG1196,COG3595",1,1,0,0
"1040","COG1196,COG3669,COG4447",0.932646638965876,1,1.17169426308697e-05,3.39052885962325e-05
"1041","COG1196,COG3883",0.30078125,0.91195496514566,0.000174826440047275,0.000340452525699301
"1042","COG1196,COG3940",0.0590582290905367,0.597742614364766,1.33797685899144e-05,0
"1043","COG1196,COG4099,COG4724",0.789268026134281,1,0,0
"1044","COG1196,COG4724",0.422678074170635,0.945582289640078,0,0
"1045","COG1196,COG4886",1,1,0,0
"1046","COG1196,COG4886,COG5492",0.855132140584706,1,0,0
"1047","COG1196,COG5295",0.371093369522698,0.91195496514566,0,0
"1048","COG1196,COG5434",1,1,0,0
"1049","COG1198",0.855132140584706,1,0,0
"1050","COG1203",1,1,0,0
"1051","COG1206",0.855132140584706,1,0,0
"1052","COG1207",0.30078125,0.91195496514566,0.000358452052574579,0.000338550423906925
"1053","COG1208",0.107327557761612,0.70453887808148,2.65978951616499e-05,5.59037916256522e-05
"1054","COG1208,COG2605",0.177529852412153,0.816357346566828,0,0
"1055","COG1208,COG3420,COG5184,COG5492",0.361310428526179,0.91195496514566,0,0
"1056","COG1209",0.65234375,1,0.0002615304207999,0.000429006504491189
"1057","COG1209,COG2334",1,1,0,0
"1058","COG1210",0.734375,1,2.57977091237323e-05,2.76225515991897e-05
"1059","COG1211",0.42578125,0.945582289640078,5.33828159495998e-05,4.95378518948034e-05
"1060","COG1212",1,1,0,0
"1061","COG1213",1,1,0,0
"1062","COG1214",0.554113130069446,1,8.27113302328093e-06,5.83356413050851e-06
"1063","COG1215",0.401678166469773,0.945582289640078,1.38839510824295e-05,0
"1064","COG1215,COG1216",0.726286148878805,1,0,1.29176670517568e-05
"1065","COG1215,COG1887",1,1,0,0
"1066","COG1215,COG4030",0.789268026134281,1,0,0
"1067","COG1216",0.23395283347059,0.903746732340704,4.48739790347697e-05,2.04371646587162e-05
"1068","COG1216,COG1442",0.371093369522698,0.91195496514566,0,0
"1069","COG1217",0.734375,1,0.000262114012389539,0.000214645320312974
"1070","COG1219",0.91015625,1,0.000131612161283378,0.000130371299938455
"1071","COG1220",0.0590582290905367,0.597742614364766,6.02182579153231e-06,0
"1072","COG1222",0.41849223344682,0.945582289640078,0,0
"1073","COG1225",0.726286148878805,1,3.24814583000711e-05,1.56245106143012e-05
"1074","COG1226",1,1,0,0
"1075","COG1227",0.8203125,1,0.000369237725099484,0.00021016789573391
"1076","COG1227,COG2524,COG4109",1,1,0,0
"1077","COG1228",0.734375,1,0.000375497463013498,0.000357388570487601
"1078","COG1232",0.25,0.91195496514566,0.000226577724321296,7.10259140196885e-05
"1079","COG1234",0.371093369522698,0.91195496514566,0,0
"1080","COG1236",0.09765625,0.70453887808148,5.71641430523565e-05,0.000294847740365866
"1081","COG1244",1,1,0,0
"1082","COG1246",0.0360316862182336,0.560878537735849,1.24498471420885e-05,0
"1083","COG1249",0.5703125,1,0.00014140058786957,0.000186962969914684
"1084","COG1250",0.01953125,0.459689110824742,0.0024527674865512,0.00499112389337771
"1085","COG1251",0.726286148878805,1,0,9.98689879484115e-06
"1086","COG1252",0.583882420770365,1,0,0
"1087","COG1253",0.280712665268496,0.91195496514566,4.37090286038632e-06,0
"1088","COG1254",1,1,0,0
"1089","COG1256",0.528612125255688,1,7.22709302400846e-06,2.7199506556165e-05
"1090","COG1256,COG3883",0.787406490666269,1,0,0
"1091","COG1260",0.528612125255688,1,0,4.79764010305565e-05
"1092","COG1262,COG3005",1,1,0,0
"1093","COG1263,COG1264",0.42578125,0.945582289640078,0.000258640300227988,0.00044224397360024
"1094","COG1263,COG1264,COG2190",0.42578125,0.945582289640078,0.000167248621739739,0.000209205298343467
"1095","COG1263,COG2190",1,1,0,0
"1096","COG1269",0.8203125,1,6.36614333663182e-05,7.08793225870193e-05
"1097","COG1271",1,1,0,0
"1098","COG1274",0.446872820710831,0.96702431249557,1.81756276035831e-05,0.000106085506891412
"1099","COG1278",0.203125,0.816357346566828,0.000116936062281455,5.81260829538758e-05
"1100","COG1281",0.108319380730004,0.70453887808148,0,3.35964583953772e-05
"1101","COG1282",0.12890625,0.774455180921053,6.46175765586719e-05,2.31818586609776e-05
"1102","COG1283",0.528612125255688,1,0,3.21656724221533e-05
"1103","COG1287",0.422678074170635,0.945582289640078,0,0
"1104","COG1288",0.672603817441517,1,3.10710380229099e-06,4.19014921474365e-06
"1105","COG1291",0.100348246462291,0.70453887808148,0,0
"1106","COG1292",1,1,0,0
"1107","COG1293",0.422678074170635,0.945582289640078,0,0
"1108","COG1294",1,1,0,0
"1109","COG1297",0.0590582290905367,0.597742614364766,0,4.27336647082472e-06
"1110","COG1299,COG1445,COG1762",0.91015625,1,0.000334233656949859,0.000374803197334925
"1111","COG1299,COG1445,COG3925",0.371093369522698,0.91195496514566,0,0
"1112","COG1302",0.02734375,0.533553685897436,0.00013215192867963,5.29808103196732e-05
"1113","COG1304",0.0546875,0.597742614364766,0.000117682576342307,5.010785552669e-05
"1114","COG1305",0.203125,0.816357346566828,5.42959859968972e-05,0.000234970395039538
"1115","COG1307",0.042315274905714,0.571631790590207,4.49672270187037e-05,7.67603578463019e-05
"1116","COG1308",0.18144920772142,0.816357346566828,0,0
"1117","COG1309",0.1640625,0.816357346566828,4.91176203433724e-05,3.45767582693146e-05
"1118","COG1312",0.91015625,1,3.2225948322648e-05,4.06780911220891e-05
"1119","COG1315",0.371093369522698,0.91195496514566,0,0
"1120","COG1316",0.150785565027971,0.816357346566828,0,2.15140743754113e-05
"1121","COG1319",0.12890625,0.774455180921053,5.32100502275783e-05,0.000119933503773062
"1122","COG1321",0.352542137499713,0.91195496514566,4.17073863613656e-05,2.05347757027022e-05
"1123","COG1322",1,1,0,0
"1124","COG1327",0.789268026134281,1,0,0
"1125","COG1327,COG1328",0.18144920772142,0.816357346566828,0,0
"1126","COG1328",0.359375,0.91195496514566,0.000203180259339132,0.000194074495152314
"1127","COG1329",0.5703125,1,6.93784261018587e-05,3.70019567936539e-05
"1128","COG1331",1,1,0,0
"1129","COG1335",0.201242620957724,0.816357346566828,0,0
"1130","COG1337",1,1,0,0
"1131","COG1342,COG1433",0.204893893816379,0.816357346566828,0,2.22649709546548e-05
"1132","COG1344",0.203125,0.816357346566828,0.000239445259173849,0.0010350824608703
"1133","COG1349",0.589638551626567,1,0,0
"1134","COG1350",0.0590582290905367,0.597742614364766,0,2.49136884664458e-05
"1135","COG1352",0.371093369522698,0.91195496514566,0,0
"1136","COG1354",0.401678166469773,0.945582289640078,0,2.2306810941481e-06
"1137","COG1355,COG2078",1,1,0,0
"1138","COG1360",0.361310428526179,0.91195496514566,0,0
"1139","COG1361",0.177529852412153,0.816357346566828,0,0
"1140","COG1362",0.734375,1,0.00147180236577459,0.00145071664973476
"1141","COG1363",0.359375,0.91195496514566,0.000132811917729109,0.000197132215590384
"1142","COG1364",0.01171875,0.459689110824742,0.000208138202598888,0.00032339591557871
"1143","COG1368",0.554113130069446,1,1.45592245706617e-05,4.22121372154603e-05
"1144","COG1373",0.280712665268496,0.91195496514566,0,0
"1145","COG1376",0.91015625,1,0,1.77147392986449e-05
"1146","COG1376,COG1876,COG4870",1,1,0,0
"1147","COG1376,COG5263",0.789268026134281,1,0,0
"1148","COG1385",1,1,0,0
"1149","COG1387",0.107327557761612,0.70453887808148,0,8.73564878439063e-06
"1150","COG1388",1,1,5.76232574644664e-05,4.25213278376824e-05
"1151","COG1388,COG3757",0.371093369522698,0.91195496514566,0,0
"1152","COG1390",0.359375,0.91195496514566,0.000167209832456322,0.000280166696636091
"1153","COG1391",0.0360316862182336,0.560878537735849,1.37137868154828e-05,0
"1154","COG1392",0.0759269629825577,0.671865335229377,2.82919789485129e-05,9.96912339138594e-06
"1155","COG1393",0.787406490666269,1,0,0
"1156","COG1394",0.8203125,1,1.51368301404022e-05,1.75919661408016e-05
"1157","COG1395",0.359375,0.91195496514566,0.000183915675481041,9.2721916023419e-05
"1158","COG1396",0.142213241936393,0.786132763537007,0,1.21395798297399e-05
"1159","COG1399",0.29450739368011,0.91195496514566,8.9352699067502e-06,0
"1160","COG1401",0.787406490666269,1,0,0
"1161","COG1402",0.62406453246517,1,1.41536017349406e-05,2.67757893177798e-05
"1162","COG1404",0.1640625,0.816357346566828,3.13891412537917e-05,0.00131934837166868
"1163","COG1404,COG1572,COG4733,COG5492",1,1,0,0
"1164","COG1404,COG2247,COG2911,COG4733,COG5263",1,1,0,0
"1165","COG1404,COG2931,COG3210",0.855132140584706,1,0,0
"1166","COG1404,COG4625",1,1,0,0
"1167","COG1404,COG5492",0.41849223344682,0.945582289640078,0,1.2921313485453e-05
"1168","COG1409",0.30078125,0.91195496514566,2.38483909944759e-05,5.97033857533847e-05
"1169","COG1409,COG2374,COG4632",0.201242620957724,0.816357346566828,0,0
"1170","COG1409,COG3250",0.100348246462291,0.70453887808148,0,0
"1171","COG1409,COG3250,COG3345",1,1,0,0
"1172","COG1409,COG3291,COG3525",1,1,0,0
"1173","COG1409,COG3291,COG4193",1,1,0,0
"1174","COG1409,COG3420",1,1,0,0
"1175","COG1409,COG3507,COG5492",0.0590582290905367,0.597742614364766,9.8837674708071e-06,0
"1176","COG1409,COG3940,COG5492",1,1,0,0
"1177","COG1409,COG4632,COG5492",0.583882420770365,1,0,0
"1178","COG1409,COG5635",1,1,0,0
"1179","COG1410",0.0078125,0.4458984375,0.000859707843761118,0.00212820383927225
"1180","COG1410,COG5012",0.371093369522698,0.91195496514566,0,0
"1181","COG1413",0.583882420770365,1,0,0
"1182","COG1414",0.371093369522698,0.91195496514566,0,0
"1183","COG1418",0.09765625,0.70453887808148,5.21356044842899e-05,9.71813364514759e-05
"1184","COG1418,COG3170",1,1,0,0
"1185","COG1420",0.362726506485098,0.91195496514566,2.65843554512308e-05,1.07054928012766e-05
"1186","COG1421",1,1,0,0
"1187","COG1426",0.18144920772142,0.816357346566828,0,0
"1188","COG1428",1,1,0,0
"1189","COG1429",1,1,0,0
"1190","COG1434",0.058707408431205,0.597742614364766,2.14343275399754e-05,8.83705103134075e-05
"1191","COG1435",1,1,0.00108956738986058,0.00105292150634502
"1192","COG1436",0.528612125255688,1,0,2.16979093652028e-05
"1193","COG1438",0.280712665268496,0.91195496514566,0,0
"1194","COG1440",0.18144920772142,0.816357346566828,0,0
"1195","COG1442",0.41849223344682,0.945582289640078,0,0
"1196","COG1443",0.554113130069446,1,9.7996460198107e-06,0
"1197","COG1445",0.441208519505878,0.966678550894356,0,7.73648841695275e-06
"1198","COG1446",0.058707408431205,0.597742614364766,9.67931642834863e-05,3.32785771740698e-05
"1199","COG1447",0.91015625,1,1.18909582252457e-05,2.34038932896185e-05
"1200","COG1448",0.29450739368011,0.91195496514566,0,8.90740898550408e-06
"1201","COG1449",0.446872820710831,0.96702431249557,0,6.05292591790817e-06
"1202","COG1452",1,1,0,0
"1203","COG1453",0.799846105662473,1,2.6160997600283e-05,2.91279018628608e-05
"1204","COG1454",0.5703125,1,0.00820594090109058,0.00616961150047978
"1205","COG1455",0.352542137499713,0.91195496514566,0,0
"1206","COG1456",0.00390625,0.37158203125,0.000767383311835814,0.0018312142424344
"1207","COG1459",1,1,0,0
"1208","COG1461",1,1,0.000458545491958989,0.000737404142098631
"1209","COG1463",1,1,0,0
"1210","COG1463,COG3008",1,1,0,0
"1211","COG1464",0.91015625,1,0.000165077590615961,0.000226341504887621
"1212","COG1465",1,1,0,0
"1213","COG1469",1,1,0,0
"1214","COG1470",0.0078125,0.4458984375,2.03891792575116e-05,7.82667625221592e-05
"1215","COG1470,COG1501,COG3345",0.371093369522698,0.91195496514566,0,0
"1216","COG1470,COG3669",0.201242620957724,0.816357346566828,0,0
"1217","COG1470,COG4409",0.789268026134281,1,0,0
"1218","COG1472",0.25,0.91195496514566,0.0012913057355365,0.00133209571013337
"1219","COG1473",0.42578125,0.945582289640078,0.000136056056595244,0.000301000402472038
"1220","COG1475",0.293621543928906,0.91195496514566,5.82830799006856e-05,4.93853265078083e-05
"1221","COG1476",0.0224942712224497,0.479947861690211,0,1.16617201271313e-05
"1222","COG1478",0.787406490666269,1,0,0
"1223","COG1479",0.833634883024682,1,2.10825328524836e-05,0
"1224","COG1479,COG3472",1,1,0,0
"1225","COG1480",1,1,0,0
"1226","COG1481",0.352542137499713,0.91195496514566,3.65809287508109e-05,0
"1227","COG1482",0.42578125,0.945582289640078,8.07540655092147e-05,9.56355594658976e-05
"1228","COG1486",0.734375,1,0.000128621266637156,0.000278301493606768
"1229","COG1488",0.0546875,0.597742614364766,0.000305336184357654,0.000166245208021771
"1230","COG1490",1,1,0,0
"1231","COG1492",0.799846105662473,1,1.50199510192712e-05,7.76709921651993e-06
"1232","COG1493",0.00390625,0.37158203125,0.000170287407462451,0.000270207135046113
"1233","COG1494",0.371093369522698,0.91195496514566,0,0
"1234","COG1496",1,1,0,0
"1235","COG1501",0.01171875,0.459689110824742,0.000493918842016573,0.00129532942180475
"1236","COG1501,COG3250",1,1,0,0
"1237","COG1501,COG4409,COG5492",1,1,0,0
"1238","COG1501,COG4932",0.18144920772142,0.816357346566828,0,0
"1239","COG1502",0.0759269629825577,0.671865335229377,0,1.4625937117825e-05
"1240","COG1503",1,1,0,0
"1241","COG1505",1,1,0,0
"1242","COG1506",0.30078125,0.91195496514566,0.000109284069852614,9.644979333262e-05
"1243","COG1507",0.787406490666269,1,0,0
"1244","COG1509",0.0078125,0.4458984375,1.91870076412794e-05,0.000386840152803011
"1245","COG1511",0.49609375,1,0.00057618195242567,0.00059192295158862
"1246","COG1511,COG3266",1,1,0,0
"1247","COG1511,COG5295",1,1,0,0
"1248","COG1512",1,1,0,0
"1249","COG1513",1,1,0,0
"1250","COG1516",0.371093369522698,0.91195496514566,0,0
"1251","COG1519",0.18144920772142,0.816357346566828,0,0
"1252","COG1520",0.150785565027971,0.816357346566828,1.95871204608662e-05,7.11901522505432e-06
"1253","COG1520,COG1657,COG2247,COG5263",0.855132140584706,1,0,0
"1254","COG1520,COG3064,COG3420",0.855132140584706,1,0,0
"1255","COG1520,COG5263",1,1,0,0
"1256","COG1521",0.528612125255688,1,1.51949876658223e-05,2.27962434388153e-05
"1257","COG1522",0.00390625,0.37158203125,4.72233778902101e-06,5.80809364277476e-05
"1258","COG1523",0.65234375,1,0.000139372471299253,0.000130328940170738
"1259","COG1524",0.352542137499713,0.91195496514566,4.68330550147586e-06,7.84347249815039e-06
"1260","COG1527",1,1,7.86370109911646e-05,6.09978182982157e-05
"1261","COG1528",0.91015625,1,0.000409697634266273,0.000336010739210938
"1262","COG1529",0.0546875,0.597742614364766,0.000285791280733079,0.0004917775788094
"1263","COG1529,COG2080",0.42578125,0.945582289640078,6.99844528877753e-05,0.000126082497638884
"1264","COG1530",0.107327557761612,0.70453887808148,4.46379576059017e-05,8.08551821951898e-06
"1265","COG1534",0.142213241936393,0.786132763537007,5.08965629469816e-06,0
"1266","COG1537",1,1,0,0
"1267","COG1538",0.30078125,0.91195496514566,0.000867756622974882,0.000379489833684131
"1268","COG1538,COG2273,COG3525,COG4412",1,1,0,0
"1269","COG1538,COG2755,COG3408,COG3507,COG3533,COG5276",1,1,0,0
"1270","COG1538,COG3250,COG3345",1,1,0,0
"1271","COG1538,COG3250,COG3669",1,1,0,0
"1272","COG1538,COG3525",0.371093369522698,0.91195496514566,0,0
"1273","COG1539",1,1,0,0
"1274","COG1540",0.359375,0.91195496514566,2.79881712778337e-05,3.77144589088432e-05
"1275","COG1541",0.042315274905714,0.571631790590207,4.24503432952725e-05,1.11830359482578e-05
"1276","COG1544",0.0546875,0.597742614364766,0.00116053056901571,0.000596926553116128
"1277","COG1546",0.18144920772142,0.816357346566828,0,0
"1278","COG1553",1,1,0,0
"1279","COG1554",0.529368106184798,1,0,0
"1280","COG1554,COG2356,COG3866,COG5492",0.41849223344682,0.945582289640078,0,0
"1281","COG1554,COG2382",0.371093369522698,0.91195496514566,0,0
"1282","COG1554,COG3210",0.529368106184798,1,2.37972091585934e-05,3.95001162064876e-05
"1283","COG1554,COG3250,COG3391,COG5492",1,1,0,0
"1284","COG1554,COG3250,COG4677,COG5492",1,1,0,0
"1285","COG1554,COG3250,COG5492",0.529368106184798,1,1.53313466994664e-05,5.36950955424063e-05
"1286","COG1554,COG3669,COG5263",1,1,0,0
"1287","COG1554,COG4733,COG5263,COG5492",1,1,0,0
"1288","COG1556",1,1,0,0
"1289","COG1559",0.361310428526179,0.91195496514566,0,0
"1290","COG1561",0.203125,0.816357346566828,4.92698695855155e-05,7.74818015872874e-05
"1291","COG1566",0.02734375,0.533553685897436,0.00111255308552163,0.000289034082569086
"1292","COG1572",1,1,0,0
"1293","COG1572,COG3534,COG5492",0.529368106184798,1,2.74134866703317e-05,2.2976951112102e-05
"1294","COG1572,COG4412",1,1,0,0
"1295","COG1573",1,1,0,0
"1296","COG1574",0.726286148878805,1,6.56611436978346e-05,6.48041028065748e-05
"1297","COG1579",1,1,0,0
"1298","COG1585",1,1,0,0
"1299","COG1587",1,1,0,0
"1300","COG1592",0.25,0.91195496514566,0.0175539395172677,0.0212640492101587
"1301","COG1592,COG1773",0.361310428526179,0.91195496514566,0,0
"1302","COG1592,COG1773,COG1853",1,1,0,0
"1303","COG1592,COG2869",0.29450739368011,0.91195496514566,1.37565283419921e-05,7.5430409776034e-06
"1304","COG1592,COG3383,COG4624",1,1,0,0
"1305","COG1593,COG1638",0.371093369522698,0.91195496514566,0,0
"1306","COG1596",0.528612125255688,1,0,1.19290083959047e-05
"1307","COG1597",0.49609375,1,2.74931136075169e-05,3.34068499484208e-05
"1308","COG1605",0.0142661867014469,0.459689110824742,2.96573775544685e-05,0
"1309","COG1606",0.589638551626567,1,0,8.25746061319811e-06
"1310","COG1607",0.204893893816379,0.816357346566828,1.31812625882611e-05,0
"1311","COG1609",0.91015625,1,0.000334772315197275,0.000560609275324239
"1312","COG1609,COG1879",0.789268026134281,1,0,0
"1313","COG1610",0.49609375,1,2.60481552071771e-05,4.76631930679473e-05
"1314","COG1611",0.371093369522698,0.91195496514566,0,0
"1315","COG1614",0.00390625,0.37158203125,0.00245951910725876,0.00463550966677012
"1316","COG1615",0.07421875,0.671865335229377,4.48174249423109e-05,1.52789010759439e-05
"1317","COG1619",1,1,0,0
"1318","COG1620",0.789268026134281,1,0,0
"1319","COG1621",0.5703125,1,0.000728700118186491,0.000505811957657039
"1320","COG1621,COG3507,COG3693",1,1,0,0
"1321","COG1621,COG3507,COG3940",1,1,0,0
"1322","COG1621,COG3583,COG5492",1,1,0,0
"1323","COG1621,COG5184,COG5492",0.789268026134281,1,0,0
"1324","COG1624",0.371093369522698,0.91195496514566,0,0
"1325","COG1629",0.49609375,1,0.00468890719441523,0.00557050604267087
"1326","COG1629,COG3188",0.446872820710831,0.96702431249557,0.000139096367702411,0.000130451801149693
"1327","COG1629,COG4206",0.30078125,0.91195496514566,0.000407888763370884,0.00118124256201248
"1328","COG1629,COG4771",0.65234375,1,0.0016860997670127,0.00260368070163416
"1329","COG1629,COG4771,COG4796",0.371093369522698,0.91195496514566,0,0
"1330","COG1629,COG4772",0.944182513250483,1,7.23563907547767e-05,5.5170251993371e-05
"1331","COG1629,COG4773",0.787406490666269,1,0,0
"1332","COG1629,COG4774",0.280712665268496,0.91195496514566,0,0
"1333","COG1633",0.589638551626567,1,0,0
"1334","COG1637",1,1,0,0
"1335","COG1638",0.91015625,1,3.34117644285925e-05,0.00011794370176025
"1336","COG1640",0.65234375,1,0.000529274607290124,0.000661836495158627
"1337","COG1641",1,1,0,0
"1338","COG1645",1,1,0,0
"1339","COG1649",1,1,0,0
"1340","COG1651",0.554113130069446,1,3.8105900883121e-05,1.13569681925479e-05
"1341","COG1652",0.371093369522698,0.91195496514566,0,0
"1342","COG1652,COG4677",1,1,0,0
"1343","COG1653",1,1,0.0417263332706002,0.042574999608568
"1344","COG1653,COG3693",1,1,0,0
"1345","COG1657",0.833935414088552,1,9.79220563058511e-06,0
"1346","COG1657,COG3064,COG5263",0.589638551626567,1,1.58269444089693e-05,0
"1347","COG1657,COG3209,COG4733",0.18144920772142,0.816357346566828,0,0
"1348","COG1657,COG3757",1,1,0,0
"1349","COG1657,COG4886,COG5492",1,1,0,0
"1350","COG1657,COG5492",0.583882420770365,1,0,0
"1351","COG1659",1,1,0,0
"1352","COG1660",0.799846105662473,1,7.99809953085819e-06,0
"1353","COG1661",1,1,0,0
"1354","COG1663",1,1,0,0
"1355","COG1664",0.105645429201877,0.70453887808148,0,0
"1356","COG1666",0.0591720678258594,0.597742614364766,2.33908277705229e-05,0
"1357","COG1668",1,1,0,0
"1358","COG1669",0.371093369522698,0.91195496514566,0,0
"1359","COG1670",0.042315274905714,0.571631790590207,9.87371504798248e-05,1.02530783159847e-05
"1360","COG1670,COG3173",1,1,0,0
"1361","COG1672",0.0934924836898357,0.70453887808148,0,9.56021179685295e-06
"1362","COG1674",0.554113130069446,1,0,9.02676449411284e-06
"1363","COG1677",0.371093369522698,0.91195496514566,0,0
"1364","COG1678",0.855132140584706,1,0,0
"1365","COG1680",0.362726506485098,0.91195496514566,4.38115683440939e-05,1.37538964345405e-05
"1366","COG1686",0.204893893816379,0.816357346566828,4.20999953819722e-06,0
"1367","COG1692",1,1,0,0
"1368","COG1695",1,1,0,0
"1369","COG1702",0.583882420770365,1,0,0
"1370","COG1703",0.855132140584706,1,0,0
"1371","COG1704",0.0078125,0.4458984375,3.62689600188777e-05,8.60941240803826e-06
"1372","COG1708",1,1,0,0
"1373","COG1712",0.25,0.91195496514566,0.000298431509835842,0.000379422185008499
"1374","COG1713",1,1,0,0
"1375","COG1716",0.352542137499713,0.91195496514566,9.3073060997639e-05,3.0059576483165e-05
"1376","COG1721",0.583882420770365,1,0,0
"1377","COG1722",0.932646638965876,1,1.0221571344663e-05,1.76930968912365e-05
"1378","COG1725",0.674986713970489,1,0,0
"1379","COG1726",0.91015625,1,0.000325614952351991,0.000218891571762294
"1380","COG1730",0.280712665268496,0.91195496514566,0,8.8351452220003e-05
"1381","COG1732",1,1,0,0
"1382","COG1734",0.280712665268496,0.91195496514566,0,0
"1383","COG1737",1,1,0,0
"1384","COG1740",1,1,0,0
"1385","COG1741",1,1,0,0
"1386","COG1744",0.42578125,0.945582289640078,0.00126633624206832,0.00171055534046711
"1387","COG1748",1,1,6.9904337627875e-05,5.00357179786223e-05
"1388","COG1749",0.150785565027971,0.816357346566828,0,4.29227832775561e-05
"1389","COG1752",0.855132140584706,1,0,0
"1390","COG1752,COG4775",1,1,0,0
"1391","COG1757",0.5703125,1,1.79028273894206e-05,3.26654041781563e-05
"1392","COG1758",0.0390625,0.560878537735849,6.22717634736497e-05,0.000171136736016965
"1393","COG1760",1,1,0,7.05883512222373e-06
"1394","COG1762",0.0360316862182336,0.560878537735849,1.91198717147467e-05,0
"1395","COG1762,COG3711",1,1,0,0
"1396","COG1763",1,1,0,0
"1397","COG1764",1,1,0,0
"1398","COG1765",0.787406490666269,1,0,0
"1399","COG1766",0.855132140584706,1,0,0
"1400","COG1770",0.100348246462291,0.70453887808148,0,0
"1401","COG1774",1,1,0,0
"1402","COG1775",0.65234375,1,0.000673531644325779,0.000522511158545077
"1403","COG1775,COG1924",1,1,0,0
"1404","COG1776,COG1886",0.371093369522698,0.91195496514566,0,0
"1405","COG1781",0.528612125255688,1,6.37080378812944e-05,0.000141325572004583
"1406","COG1785",0.734375,1,3.67825384129345e-05,0.000102639700586159
"1407","COG1788",0.5703125,1,0.000287604718234927,0.000241593607156492
"1408","COG1792",0.0591720678258594,0.597742614364766,1.25806609490251e-05,0
"1409","COG1794",1,1,0,0
"1410","COG1797",1,1,0,0
"1411","COG1799",0.07421875,0.671865335229377,4.76016367864996e-05,1.84727482659971e-05
"1412","COG1802",1,1,0,7.36087140432175e-06
"1413","COG1803",1,1,5.67917323857829e-05,6.56456997999029e-05
"1414","COG1804",0.734375,1,6.60629206625521e-05,8.3628830752152e-05
"1415","COG1806",1,1,0,0
"1416","COG1816",0.371093369522698,0.91195496514566,0,0
"1417","COG1820",0.91015625,1,0.000906087092612416,0.000700607559168192
"1418","COG1825",0.8203125,1,0.00229410730255013,0.00308782893501255
"1419","COG1826",1,1,0,0
"1420","COG1830",0.8203125,1,3.47275486475464e-05,5.80126864382315e-05
"1421","COG1834",0.359375,0.91195496514566,0.000617925586211148,0.000895791971474648
"1422","COG1837",1,1,0,0
"1423","COG1838",0.672603817441517,1,6.7535442468274e-06,4.96836618509723e-06
"1424","COG1838,COG1951",0.734375,1,4.74752294399759e-05,2.22373136221762e-05
"1425","COG1840",0.0546875,0.597742614364766,4.26290279020624e-05,6.53501137025171e-05
"1426","COG1841",0.65234375,1,2.20219981787493e-05,4.56962166208505e-05
"1427","COG1842",0.726286148878805,1,0,6.204097952395e-06
"1428","COG1846",1,1,0,0
"1429","COG1847",0.42578125,0.945582289640078,0.000114157836402172,7.02729922900153e-05
"1430","COG1850",0.583882420770365,1,0,0
"1431","COG1853",0.8203125,1,4.77354125266376e-05,0.000104976894720712
"1432","COG1854",0.01953125,0.459689110824742,0.000509241798835476,0.000277584311717064
"1433","COG1857",0.787406490666269,1,0,1.66215179270541e-05
"1434","COG1862",0.49609375,1,8.13096788155139e-05,7.56135761617381e-05
"1435","COG1864",1,1,0,0
"1436","COG1866",0.01953125,0.459689110824742,0.00464231836018008,0.00746250218984961
"1437","COG1868",0.371093369522698,0.91195496514566,0,0
"1438","COG1869",0.583882420770365,1,0,0
"1439","COG1874",0.12890625,0.774455180921053,0.000748789786041651,0.000570945607679023
"1440","COG1874,COG2373,COG3669,COG4447",1,1,0,0
"1441","COG1875",1,1,0,0
"1442","COG1876",1,1,0,0
"1443","COG1878",0.0360316862182336,0.560878537735849,0,0.000311595638637583
"1444","COG1879",0.42578125,0.945582289640078,0.0091243161416991,0.0102875988061163
"1445","COG1881",0.0590582290905367,0.597742614364766,1.59196064980579e-05,0
"1446","COG1882",0.07421875,0.671865335229377,0.0157654340704477,0.0117693355584321
"1447","COG1883",0.446872820710831,0.96702431249557,6.76593918586813e-06,3.43210011223511e-06
"1448","COG1884",0.65234375,1,0.000199946536043303,0.000278362049214784
"1449","COG1884,COG2185",0.726286148878805,1,0.000114789916211053,8.07206689189891e-05
"1450","COG1887",1,1,0,0
"1451","COG1893",0.204893893816379,0.816357346566828,1.02107303424153e-05,7.13980677797036e-06
"1452","COG1894",0.00390625,0.37158203125,0.000207677318966333,0.000762040151433519
"1453","COG1896",1,1,0,0
"1454","COG1897",0.726286148878805,1,1.14313265687161e-05,1.92067476298051e-05
"1455","COG1898",0.23395283347059,0.903746732340704,2.61201544494995e-06,4.80631694936149e-05
"1456","COG1902",0.734375,1,1.99934678801405e-05,1.59682479815109e-05
"1457","COG1904",1,1,0.000874122868761697,0.000808947213792397
"1458","COG1905",0.203125,0.816357346566828,2.51293902022326e-05,6.98861807304288e-05
"1459","COG1908",0.944182513250483,1,1.37385987108107e-05,1.72086639166906e-05
"1460","COG1914",0.371093369522698,0.91195496514566,0,0
"1461","COG1917",0.29450739368011,0.91195496514566,0,6.13646401682366e-06
"1462","COG1923",0.0546875,0.597742614364766,5.50877128155811e-05,2.83671461147535e-05
"1463","COG1924",0.944182513250483,1,0,1.05053604509173e-05
"1464","COG1924,COG3580",0.271898710819648,0.91195496514566,0,8.49776302200359e-06
"1465","COG1924,COG3580,COG3581",0.183430618982178,0.816357346566828,5.185484316536e-05,0.000131560007686682
"1466","COG1925",0.09765625,0.70453887808148,0.000947298333242458,0.00117283390412351
"1467","COG1925,COG4668",0.371093369522698,0.91195496514566,0,0
"1468","COG1929",1,1,0,0
"1469","COG1932",0.30078125,0.91195496514566,0.000192869230272376,0.000497647628525699
"1470","COG1933,COG4260",1,1,0,0
"1471","COG1939",1,1,0,0
"1472","COG1940",0.1640625,0.816357346566828,0.000945234336183854,0.000671307502846604
"1473","COG1942",0.0142661867014469,0.459689110824742,4.27363657658545e-05,0
"1474","COG1944",1,1,0,0
"1475","COG1946",0.674986713970489,1,7.88322179002051e-06,0
"1476","COG1947",0.401678166469773,0.945582289640078,0,1.00103042888562e-05
"1477","COG1949",0.672603817441517,1,2.10578266609517e-05,2.3093416339699e-05
"1478","COG1951",1,1,0.000334271879690915,0.000283907619421823
"1479","COG1952",1,1,0,0
"1480","COG1953",0.371093369522698,0.91195496514566,0,0
"1481","COG1954",0.855132140584706,1,0,0
"1482","COG1957",0.49609375,1,4.38527263598011e-05,4.48477462362629e-05
"1483","COG1959",0.183430618982178,0.816357346566828,0,4.00201723478617e-05
"1484","COG1960",0.01953125,0.459689110824742,0.00797666843729999,0.0116775925032292
"1485","COG1960,COG2025",0.371093369522698,0.91195496514566,0,0
"1486","COG1966",0.441208519505878,0.966678550894356,2.7709863258903e-05,3.67558717192029e-05
"1487","COG1969",1,1,0,0
"1488","COG1970",1,1,0,0
"1489","COG1974",0.359375,0.91195496514566,2.55539709574541e-05,3.64320272555063e-05
"1490","COG1975",0.589638551626567,1,0,8.02231619683599e-06
"1491","COG1975,COG3608",1,1,0,0
"1492","COG1978",0.359375,0.91195496514566,0.00144484086446894,0.0016789436974423
"1493","COG1979",0.42578125,0.945582289640078,0.000258206165488457,0.00024455821139057
"1494","COG1982",0.1640625,0.816357346566828,0.000140564056676629,2.92397179931351e-05
"1495","COG1983",1,1,0,0
"1496","COG1984",0.100348246462291,0.70453887808148,0,0
"1497","COG1995",0.789268026134281,1,0,0
"1498","COG1996",0.0590582290905367,0.597742614364766,0,1.30060567432566e-05
"1499","COG2001",1,1,0,0
"1500","COG2002",0.42578125,0.945582289640078,0.000116621738890343,0.000113255430809538
"1501","COG2006",1,1,0,0
"1502","COG2008",0.833935414088552,1,0,0
"1503","COG2013",0.352542137499713,0.91195496514566,6.09524162923764e-05,3.98029524460253e-05
"1504","COG2017",0.359375,0.91195496514566,0.00068505504665233,0.000661105832417124
"1505","COG2022",0.361310428526179,0.91195496514566,0,0
"1506","COG2022,COG2104",1,1,0,0
"1507","COG2025",0.01953125,0.459689110824742,0.00276820504775099,0.00479764974176777
"1508","COG2030",1,1,0,0
"1509","COG2032",1,1,0,0
"1510","COG2033",0.25,0.91195496514566,0.000313761546551246,0.000227431561496654
"1511","COG2038",0.371093369522698,0.91195496514566,0,0
"1512","COG2039",1,1,0,0
"1513","COG2046",1,1,0,0
"1514","COG2048",1,1,0.000138162978219153,0.000101086805115617
"1515","COG2049",0.0519129649350183,0.597742614364766,0,7.66685488639473e-06
"1516","COG2055",0.91015625,1,0.000189396142497797,0.000275703802274253
"1517","COG2057",0.359375,0.91195496514566,0.00018660482675796,0.000186928204394399
"1518","COG2065",0.0390625,0.560878537735849,0.000195327590750642,8.01601081081699e-05
"1519","COG2066",0.371093369522698,0.91195496514566,0,0
"1520","COG2067",0.359375,0.91195496514566,0.000161260681935962,0.00011078777952802
"1521","COG2069",0.01171875,0.459689110824742,0.000961081411738932,0.00231943914304094
"1522","COG2070",0.789268026134281,1,0,0
"1523","COG2071",0.0591720678258594,0.597742614364766,0,1.4297660281022e-05
"1524","COG2071,COG2355",1,1,0,0
"1525","COG2077",0.91015625,1,0,1.5319376954187e-05
"1526","COG2080",0.203125,0.816357346566828,9.75941394274539e-06,1.64672753529294e-05
"1527","COG2081",1,1,0,0
"1528","COG2082",1,1,0,0
"1529","COG2084",0.944182513250483,1,4.41711542316849e-05,4.37591093393914e-05
"1530","COG2086",0.0546875,0.597742614364766,0.00158147966999209,0.00242410103478181
"1531","COG2087",1,1,0,0
"1532","COG2088",0.09765625,0.70453887808148,4.45104861279022e-05,0.000163075079732298
"1533","COG2089",0.422678074170635,0.945582289640078,0,0
"1534","COG2096",1,1,0,0
"1535","COG2096,COG3193",1,1,2.99947946164181e-06,1.12375453166449e-05
"1536","COG2099,COG2241,COG2242",0.280712665268496,0.91195496514566,0,0
"1537","COG2102",1,1,0,0
"1538","COG2109",0.799846105662473,1,8.14297445205249e-06,5.18943552829568e-05
"1539","COG2110",1,1,0,0
"1540","COG2115",0.734375,1,9.8834714613693e-06,3.20246967403676e-05
"1541","COG2116",0.589638551626567,1,0,0
"1542","COG2128",1,1,0,0
"1543","COG2133",0.401678166469773,0.945582289640078,0,4.25944973317005e-06
"1544","COG2138",1,1,0,0
"1545","COG2138,COG2340",1,1,0,0
"1546","COG2140",1,1,0,0
"1547","COG2143",0.583882420770365,1,0,0
"1548","COG2145",0.29450739368011,0.91195496514566,0,2.86443416849172e-05
"1549","COG2148",1,1,0,0
"1550","COG2152",0.25,0.91195496514566,0.000300252041928558,0.000343282226590477
"1551","COG2156",1,1,0,0
"1552","COG2159",0.8203125,1,8.14668542664794e-05,9.29671643994166e-05
"1553","COG2160",0.00390625,0.37158203125,0.00240437721476418,0.00167768383985751
"1554","COG2165",0.529368106184798,1,0,1.34316670727569e-05
"1555","COG2166",1,1,0,0
"1556","COG2171",0.23395283347059,0.903746732340704,7.72601995806418e-05,3.65647449921452e-05
"1557","COG2172",0.529368106184798,1,0,0
"1558","COG2176",0.583882420770365,1,0,0
"1559","COG2177",0.142213241936393,0.786132763537007,1.62193673810466e-05,0
"1560","COG2179",1,1,0,0
"1561","COG2182",0.07421875,0.671865335229377,0.00127695587976904,0.00323992130881317
"1562","COG2183",0.141482121482793,0.786132763537007,1.4303686924946e-05,9.05070172576337e-05
"1563","COG2184",0.0224942712224497,0.479947861690211,3.90305281063363e-05,0
"1564","COG2185",0.30078125,0.91195496514566,0.000222125501912731,0.000235655464279703
"1565","COG2186",0.401678166469773,0.945582289640078,0,7.40468092431935e-06
"1566","COG2188",1,1,0,8.55371423532831e-06
"1567","COG2190",0.5703125,1,0.00018399149698846,0.000145416283992376
"1568","COG2190,COG2211",0.361310428526179,0.91195496514566,0,0
"1569","COG2192",0.371093369522698,0.91195496514566,0,0
"1570","COG2193",0.0142661867014469,0.459689110824742,5.96852497541889e-05,0
"1571","COG2195",0.30078125,0.91195496514566,0.00111606845469564,0.000896644334017981
"1572","COG2197",0.361310428526179,0.91195496514566,0,0
"1573","COG2199",0.280712665268496,0.91195496514566,0,0
"1574","COG2200",1,1,0,0
"1575","COG2201",0.49609375,1,4.54622802460542e-05,7.05603228567706e-05
"1576","COG2205",0.799846105662473,1,0,6.31935454534914e-06
"1577","COG2206",0.105645429201877,0.70453887808148,6.41817604083495e-06,0
"1578","COG2207",0.583882420770365,1,0,0
"1579","COG2207,COG4753",0.141482121482793,0.786132763537007,0,1.30806343383018e-05
"1580","COG2211",0.446872820710831,0.96702431249557,1.55317985237314e-05,2.2374727713956e-05
"1581","COG2213,COG4668",0.271898710819648,0.91195496514566,0,3.05832924259589e-05
"1582","COG2217",0.12890625,0.774455180921053,4.55946976898384e-05,0.00012802174009232
"1583","COG2220",1,1,2.5816491441515e-06,2.99226339330814e-06
"1584","COG2221",1,1,4.42902081213463e-05,2.89848379019521e-05
"1585","COG2221,COG4624",1,1,0,0
"1586","COG2222",0.65234375,1,0.00232376182711813,0.00184002902899692
"1587","COG2224",1,1,0,0
"1588","COG2225",1,1,0,0
"1589","COG2226",0.855132140584706,1,0,0
"1590","COG2230",0.1640625,0.816357346566828,0.000112979462268129,3.87928118529516e-05
"1591","COG2233",0.529368106184798,1,0,0
"1592","COG2234",0.30078125,0.91195496514566,3.16530068276763e-05,0.000121475702881156
"1593","COG2234,COG2866",0.371093369522698,0.91195496514566,0,0
"1594","COG2235",0.0390625,0.560878537735849,0.00216005989448157,0.0012816435342199
"1595","COG2239",0.787406490666269,1,0,0
"1596","COG2240",0.789268026134281,1,0,0
"1597","COG2242",1,1,0,0
"1598","COG2243",0.833935414088552,1,0,5.16551813510254e-06
"1599","COG2246",0.18144920772142,0.816357346566828,0,0
"1600","COG2247",0.100348246462291,0.70453887808148,0,0
"1601","COG2247,COG2273,COG3525",1,1,0,0
"1602","COG2247,COG3064",1,1,0,0
"1603","COG2247,COG3064,COG4099",1,1,0,0
"1604","COG2247,COG3064,COG4733",1,1,0,0
"1605","COG2247,COG3064,COG5263",1,1,0,0
"1606","COG2247,COG3420",0.41849223344682,0.945582289640078,0,0
"1607","COG2247,COG3858",0.583882420770365,1,0,0
"1608","COG2247,COG4099",1,1,0,0
"1609","COG2247,COG5492",0.42578125,0.945582289640078,2.73902118224262e-05,0.000157734770916828
"1610","COG2249",0.0800579199844347,0.689706533299866,5.20644567098242e-05,0
"1611","COG2252",1,1,0,0
"1612","COG2255",0.589638551626567,1,0,0
"1613","COG2256",1,1,0,0
"1614","COG2262",0.674986713970489,1,0,0
"1615","COG2264",0.554113130069446,1,3.85267955540001e-06,7.24672812538746e-06
"1616","COG2265",0.141482121482793,0.786132763537007,1.57994609731832e-05,0
"1617","COG2267",0.12890625,0.774455180921053,0.000103660973084916,0.000260171212145614
"1618","COG2268",0.204893893816379,0.816357346566828,0,1.37420108127055e-05
"1619","COG2271",1,1,0,0
"1620","COG2271,COG3055",1,1,0,0
"1621","COG2272",0.0546875,0.597742614364766,0.000190994566962908,0.000750814612912726
"1622","COG2273",0.583882420770365,1,0,0
"1623","COG2273,COG3525",1,1,0,0
"1624","COG2273,COG3525,COG4932",0.371093369522698,0.91195496514566,0,0
"1625","COG2273,COG3525,COG5492",0.371093369522698,0.91195496514566,0,0
"1626","COG2274,COG3271",0.371093369522698,0.91195496514566,0,0
"1627","COG2301",0.583882420770365,1,0,0
"1628","COG2304",0.29450739368011,0.91195496514566,0,1.54507899003724e-05
"1629","COG2304,COG2885",0.361310428526179,0.91195496514566,0,0
"1630","COG2304,COG4099",0.177529852412153,0.816357346566828,0,7.36117934077655e-06
"1631","COG2304,COG4724,COG4932",1,1,0,0
"1632","COG2304,COG4932",0.789268026134281,1,0,0
"1633","COG2307,COG2308",1,1,0,0
"1634","COG2309",0.30078125,0.91195496514566,9.914958874361e-06,6.62583820776852e-05
"1635","COG2310",0.058707408431205,0.597742614364766,9.62874980938454e-06,4.78708725419182e-05
"1636","COG2313",0.201242620957724,0.816357346566828,0,0
"1637","COG2316",0.799846105662473,1,7.73393133737846e-06,6.7343303287121e-06
"1638","COG2317",0.30078125,0.91195496514566,8.95510892065703e-05,2.00822073756591e-05
"1639","COG2326",0.141482121482793,0.786132763537007,1.16929584711079e-05,9.41396111111953e-05
"1640","COG2327",0.204893893816379,0.816357346566828,0,2.01359232405069e-05
"1641","COG2333",1,1,0,0
"1642","COG2334",0.5703125,1,0.000221735388648817,0.00036685756215536
"1643","COG2335",1,1,0,0
"1644","COG2340",0.0759269629825577,0.671865335229377,0,6.39638364381561e-05
"1645","COG2340,COG3209,COG4886",0.371093369522698,0.91195496514566,0,0
"1646","COG2340,COG4733",1,1,0,0
"1647","COG2344",0.25,0.91195496514566,0.000119155491210343,0.000437728064190615
"1648","COG2348",0.0142661867014469,0.459689110824742,4.70033587685257e-05,0
"1649","COG2352",0.25,0.91195496514566,0.00101881293286163,0.000467956738722105
"1650","COG2355",0.401678166469773,0.945582289640078,0,1.64554846642368e-05
"1651","COG2356,COG3211",1,1,0,0
"1652","COG2357",1,1,0,0
"1653","COG2358",0.734375,1,0.000144093762464614,0.000315116404522994
"1654","COG2362",0.371093369522698,0.91195496514566,0,0
"1655","COG2366,COG5520",1,1,0,0
"1656","COG2367",0.0759269629825577,0.671865335229377,5.56428429540929e-05,1.24212950652009e-05
"1657","COG2368",0.30078125,0.91195496514566,7.18327219481794e-05,0.000123774727855648
"1658","COG2371",0.422678074170635,0.945582289640078,0,0
"1659","COG2373",0.91015625,1,0.000892488501984331,0.000936193825686059
"1660","COG2373,COG4932",1,1,0,0
"1661","COG2376",0.25,0.91195496514566,0.0013782351649795,0.000822725794086364
"1662","COG2378",0.293621543928906,0.91195496514566,3.80973714586134e-05,0
"1663","COG2382",1,1,0,0
"1664","COG2382,COG4124",1,1,0,0
"1665","COG2407",0.01953125,0.459689110824742,0.00494150182528252,0.00730998284618584
"1666","COG2414",0.362726506485098,0.91195496514566,4.18105812768028e-05,2.88037024856968e-05
"1667","COG2433",0.0346105575157073,0.560878537735849,0,2.00646942426377e-05
"1668","COG2433,COG3595",1,1,0,0
"1669","COG2453,COG5599",1,1,0,0
"1670","COG2502",0.0390625,0.560878537735849,8.78481686543033e-05,0.000207778858478407
"1671","COG2503",1,1,0,0
"1672","COG2508",0.01171875,0.459689110824742,0.000175857611945482,0.000211113903812254
"1673","COG2509",0.203125,0.816357346566828,9.65278554237365e-05,0.000213066619725456
"1674","COG2515",1,1,0,0
"1675","COG2519",0.787406490666269,1,0,0
"1676","COG2605",1,1,0,0
"1677","COG2606",0.100348246462291,0.70453887808148,0,0
"1678","COG2607",0.108319380730004,0.70453887808148,1.52974122015297e-05,0.000107242110913202
"1679","COG2609",0.208412803684149,0.820355915191226,3.49145469084093e-05,0
"1680","COG2703",0.49609375,1,9.49128417129164e-05,0.000115122631895397
"1681","COG2706",0.0078125,0.4458984375,0.000223335798792735,0.000616774416961306
"1682","COG2719",0.583882420770365,1,0,0
"1683","COG2720",0.674986713970489,1,0,0
"1684","COG2721",0.799846105662473,1,0,1.0510241864151e-05
"1685","COG2723",0.09765625,0.70453887808148,0.000164682674721829,3.48191584724941e-05
"1686","COG2730",1,1,0,0
"1687","COG2730,COG3507",1,1,0,0
"1688","COG2730,COG3866,COG4677",0.371093369522698,0.91195496514566,0,0
"1689","COG2731",0.0299739735865559,0.560878537735849,8.70917214129597e-05,2.9997843201953e-05
"1690","COG2733",1,1,0,0
"1691","COG2755",0.30078125,0.91195496514566,0.000178782629480607,0.000100107999041079
"1692","COG2755,COG3055",1,1,0,0
"1693","COG2755,COG3250,COG3934,COG4409",0.100348246462291,0.70453887808148,0,0
"1694","COG2755,COG3266,COG4677",1,1,0,0
"1695","COG2755,COG3401",1,1,0,0
"1696","COG2755,COG4409",0.41849223344682,0.945582289640078,0,0
"1697","COG2755,COG4677",1,1,0,0
"1698","COG2759",0.0546875,0.597742614364766,0.00432269375972786,0.00804789217726333
"1699","COG2766",0.0591720678258594,0.597742614364766,5.75904576290711e-05,3.09778218824135e-05
"1700","COG2768",1,1,6.39538028048575e-05,5.80751298589708e-05
"1701","COG2768,COG2878",1,1,0,0
"1702","COG2770,COG5002",0.0346105575157073,0.560878537735849,2.31582140197699e-05,0
"1703","COG2804",1,1,0,0
"1704","COG2805",0.177529852412153,0.816357346566828,0,6.51871151991474e-06
"1705","COG2812",0.01171875,0.459689110824742,4.14533929078242e-05,0.00012969869414146
"1706","COG2814",0.672603817441517,1,0,1.23073416844924e-05
"1707","COG2816",0.183430618982178,0.816357346566828,4.04868338653233e-05,0
"1708","COG2819",1,1,0,0
"1709","COG2820",0.0078125,0.4458984375,2.96081650651377e-05,8.29500263394177e-05
"1710","COG2823",1,1,0,0
"1711","COG2825",0.799846105662473,1,2.99508046288156e-05,1.68677888959449e-05
"1712","COG2837",0.18144920772142,0.816357346566828,0,0
"1713","COG2843",1,1,0,0
"1714","COG2844",1,1,0,0
"1715","COG2846",1,1,0,0
"1716","COG2848",0.42578125,0.945582289640078,0.000253612805725867,0.000482735854721944
"1717","COG2859",0.674986713970489,1,0,7.45040662755206e-06
"1718","COG2865",1,1,0,0
"1719","COG2866",0.789268026134281,1,0,0
"1720","COG2866,COG4733",1,1,0,0
"1721","COG2866,COG5263",0.583882420770365,1,0,0
"1722","COG2869",0.280712665268496,0.91195496514566,0,4.44299497422886e-06
"1723","COG2871",0.359375,0.91195496514566,6.65588047964036e-05,0.000150193614704897
"1724","COG2873",0.42578125,0.945582289640078,0.00113215076918795,0.00200535212037836
"1725","COG2875",0.042315274905714,0.571631790590207,5.69603734716759e-05,0.000114721847747894
"1726","COG2876",0.271898710819648,0.91195496514566,1.84084184950659e-05,4.10915111792612e-05
"1727","COG2877",0.799846105662473,1,9.38360948454256e-06,5.20754991370023e-06
"1728","COG2884",0.362726506485098,0.91195496514566,0,8.29398129341903e-06
"1729","COG2885",0.8203125,1,0.00323713738278616,0.00246685283353392
"1730","COG2885,COG3637",0.01953125,0.459689110824742,0.00202726818529422,0.000825269660813848
"1731","COG2885,COG4733,COG5184,COG5434",1,1,0,0
"1732","COG2887",1,1,0,0
"1733","COG2890",0.371093369522698,0.91195496514566,0,0
"1734","COG2893",0.49609375,1,0.000157284055528318,0.000107821096204337
"1735","COG2893,COG3444",0.91015625,1,0.0026859883121049,0.00289188530453456
"1736","COG2894",1,1,1.10141504019117e-05,1.21453748912619e-05
"1737","COG2895",0.799846105662473,1,0,6.36232196127582e-05
"1738","COG2896",1,1,0,0
"1739","COG2897",1,1,0,0
"1740","COG2908",1,1,0,0
"1741","COG2909",1,1,0,0
"1742","COG2911",0.280712665268496,0.91195496514566,0,0
"1743","COG2911,COG4625",0.29450739368011,0.91195496514566,0,7.30387579621907e-06
"1744","COG2913",0.932646638965876,1,0,5.44987322682472e-05
"1745","COG2916",0.280712665268496,0.91195496514566,0,0
"1746","COG2918",1,1,0,0
"1747","COG2920",0.361310428526179,0.91195496514566,0,0
"1748","COG2921",0.18144920772142,0.816357346566828,0,0
"1749","COG2924",0.371093369522698,0.91195496514566,0,0
"1750","COG2929",1,1,0,0
"1751","COG2931",1,1,0,0
"1752","COG2931,COG3204,COG5276",1,1,0,0
"1753","COG2931,COG3534,COG4932",1,1,0,0
"1754","COG2936",0.62406453246517,1,3.93075219887906e-05,5.11272473722507e-05
"1755","COG2937",0.361310428526179,0.91195496514566,0,0
"1756","COG2939",0.422678074170635,0.945582289640078,0,0
"1757","COG2942",1,1,5.43208516024824e-05,6.62633333528529e-05
"1758","COG2954",1,1,0,0
"1759","COG2956",0.100348246462291,0.70453887808148,0,0
"1760","COG2957",0.589638551626567,1,0,0
"1761","COG2959",0.18144920772142,0.816357346566828,0,0
"1762","COG2964",0.208412803684149,0.820355915191226,0,8.04463343121005e-06
"1763","COG2966,COG3610",0.371093369522698,0.91195496514566,0,0
"1764","COG2968",0.07421875,0.671865335229377,9.19761933870038e-05,2.38350827381488e-05
"1765","COG2971",1,1,0,0
"1766","COG2976",0.789268026134281,1,0,0
"1767","COG2978",0.0759269629825577,0.671865335229377,0,1.14236904161847e-05
"1768","COG2982",1,1,0,0
"1769","COG2984",0.00390625,0.37158203125,6.22734089504123e-05,0.000391683049328785
"1770","COG2986",0.91015625,1,4.18092549375592e-05,9.89977431964041e-05
"1771","COG2987",0.5703125,1,0.000222929384088838,0.000254701875076347
"1772","COG2996",0.201242620957724,0.816357346566828,0,0
"1773","COG2998",0.49609375,1,8.00399996160449e-05,0.000164734357493108
"1774","COG2999",1,1,0,0
"1775","COG3001",0.105645429201877,0.70453887808148,0,0
"1776","COG3007",0.141482121482793,0.786132763537007,0,2.99073361766359e-05
"1777","COG3010",0.446872820710831,0.96702431249557,4.32113174462729e-05,5.35260302533544e-05
"1778","COG3012",0.23395283347059,0.903746732340704,4.52970858095402e-05,0.000169182809427556
"1779","COG3012,COG3318",1,1,0,0
"1780","COG3012,COG4974",1,1,0,0
"1781","COG3013",1,1,0,0
"1782","COG3015",1,1,1.40431724535307e-05,0
"1783","COG3021",1,1,0,0
"1784","COG3022",1,1,0,0
"1785","COG3023",1,1,0,0
"1786","COG3027",0.203125,0.816357346566828,3.36135196640096e-05,6.82868077817021e-05
"1787","COG3033",0.1640625,0.816357346566828,0.000567863020291898,0.000948153325879999
"1788","COG3044",1,1,0,0
"1789","COG3047",0.62406453246517,1,9.83603375702142e-06,6.96244464393196e-06
"1790","COG3049",0.12890625,0.774455180921053,0.00100923637636492,0.00050345544577741
"1791","COG3051",0.0360316862182336,0.560878537735849,3.15032657367556e-05,0
"1792","COG3052",1,1,0,0
"1793","COG3053",1,1,0,0
"1794","COG3055",0.855132140584706,1,0,0
"1795","COG3063",0.8203125,1,0.000871839670193113,0.000622637067366338
"1796","COG3064,COG4211",0.8203125,1,2.60238681419241e-05,2.72067631661995e-05
"1797","COG3064,COG4447",1,1,0,0
"1798","COG3064,COG5263",1,1,0,0
"1799","COG3064,COG5434",0.799846105662473,1,0.000180234467294472,0.000180356480940925
"1800","COG3064,COG5492",0.422678074170635,0.945582289640078,0,0
"1801","COG3074",0.0591720678258594,0.597742614364766,6.61765038487761e-06,0
"1802","COG3081",1,1,0,0
"1803","COG3084",1,1,0,0
"1804","COG3087",0.107327557761612,0.70453887808148,6.12342630355821e-05,9.51979646959203e-05
"1805","COG3087,COG4577",0.799846105662473,1,2.98415592037602e-05,2.36567106468759e-05
"1806","COG3087,COG4932",1,1,0,0
"1807","COG3093",1,1,0,0
"1808","COG3103",1,1,0,0
"1809","COG3103,COG3227",0.42578125,0.945582289640078,0.00125430810650863,0.000344557476326012
"1810","COG3103,COG4991",1,1,0,0
"1811","COG3104",1,1,0,0
"1812","COG3105",0.0934924836898357,0.70453887808148,1.12830485027626e-05,0
"1813","COG3109",1,1,0,0
"1814","COG3112",0.18144920772142,0.816357346566828,0,0
"1815","COG3118",0.0390625,0.560878537735849,0.000296182734331097,0.000130745791295779
"1816","COG3119",0.446872820710831,0.96702431249557,1.90465094915159e-05,1.86962073536343e-05
"1817","COG3131",0.371093369522698,0.91195496514566,0,0
"1818","COG3133",1,1,0,0
"1819","COG3142",1,1,0,0
"1820","COG3147",1,1,0,0
"1821","COG3150,COG4502",1,1,0,0
"1822","COG3152",1,1,0,0
"1823","COG3153",0.583882420770365,1,0,0
"1824","COG3155",0.371093369522698,0.91195496514566,0,0
"1825","COG3158",0.0224942712224497,0.479947861690211,2.00139289301203e-05,0
"1826","COG3170",0.042315274905714,0.571631790590207,4.45761804516321e-05,3.43874957195192e-06
"1827","COG3171",1,1,0,0
"1828","COG3172",0.674986713970489,1,1.12882511408368e-05,0
"1829","COG3173",0.09765625,0.70453887808148,0.000439043391443217,0.000286532776516359
"1830","COG3177",1,1,0,0
"1831","COG3181",1,1,0,0
"1832","COG3182",1,1,0,0
"1833","COG3185",0.0360316862182336,0.560878537735849,0,8.19147094498104e-06
"1834","COG3187",0.8203125,1,8.5238210549505e-05,7.48352868558146e-05
"1835","COG3193",0.203125,0.816357346566828,0.000365477330210175,0.00128454214928475
"1836","COG3194",0.01953125,0.459689110824742,0,3.02628211247164e-05
"1837","COG3203",0.0390625,0.560878537735849,0.00672886658956553,0.00406007381069424
"1838","COG3203,COG3266,COG4932",1,1,0,0
"1839","COG3206",1,1,0,0
"1840","COG3209",0.5703125,1,0.00544160764164484,0.00868563378205602
"1841","COG3209,COG3250,COG4886",0.362726506485098,0.91195496514566,4.29268347652522e-05,0.000102112749463156
"1842","COG3209,COG3525",0.105645429201877,0.70453887808148,0,0
"1843","COG3209,COG3693,COG5492",1,1,0,0
"1844","COG3209,COG5492",0.177529852412153,0.816357346566828,0,0
"1845","COG3210",1,1,0,0
"1846","COG3210,COG3507",1,1,0,0
"1847","COG3210,COG3656,COG5492",0.583882420770365,1,0,0
"1848","COG3210,COG4625",0.789268026134281,1,0,0
"1849","COG3210,COG5492",0.371093369522698,0.91195496514566,0,0
"1850","COG3211",0.583882420770365,1,0,0
"1851","COG3212",0.362726506485098,0.91195496514566,5.0558604958486e-05,1.9099546435175e-05
"1852","COG3221",1,1,0,0
"1853","COG3225",0.25,0.91195496514566,0,2.27943019107034e-05
"1854","COG3231",1,1,0,0
"1855","COG3246",0.554113130069446,1,0,1.01863242434784e-05
"1856","COG3247",0.528612125255688,1,6.55207374012811e-06,1.87467942868472e-05
"1857","COG3250",0.09765625,0.70453887808148,0.00227545348200795,0.0033221657994182
"1858","COG3250,COG3345",1,1,0,0
"1859","COG3250,COG3386,COG3525",0.833935414088552,1,0,9.4009030470048e-06
"1860","COG3250,COG3525,COG5263",0.18144920772142,0.816357346566828,0,0
"1861","COG3250,COG4166",1,1,0,0
"1862","COG3250,COG4733",0.422678074170635,0.945582289640078,0,0
"1863","COG3250,COG4733,COG4886,COG4932",1,1,0,0
"1864","COG3250,COG4733,COG5434",0.855132140584706,1,0,0
"1865","COG3250,COG5263",0.589638551626567,1,0,0
"1866","COG3250,COG5434",1,1,0,0
"1867","COG3254,COG3618",1,1,0,0
"1868","COG3255",1,1,0,0
"1869","COG3257",0.529368106184798,1,0,6.97244919584888e-06
"1870","COG3265",0.18144920772142,0.816357346566828,0,0
"1871","COG3266",0.12890625,0.774455180921053,0.000373356757779009,0.00013473986313254
"1872","COG3266,COG3866",1,1,0,0
"1873","COG3266,COG4409,COG5492",0.855132140584706,1,0,0
"1874","COG3266,COG4932",0.583882420770365,1,0,0
"1875","COG3266,COG5295",1,1,0,0
"1876","COG3275",1,1,0,0
"1877","COG3276",1,1,0,0
"1878","COG3284",0.371093369522698,0.91195496514566,0,0
"1879","COG3288",0.203125,0.816357346566828,0.000203262717646316,0.00012089012027214
"1880","COG3290",1,1,0,0
"1881","COG3291",0.203125,0.816357346566828,4.1931802814784e-05,0.000146153172426024
"1882","COG3291,COG3525",1,1,0,0
"1883","COG3291,COG4724",1,1,0,0
"1884","COG3291,COG5434",1,1,0,0
"1885","COG3292",0.105645429201877,0.70453887808148,3.12300260970335e-05,0
"1886","COG3292,COG3669",0.789268026134281,1,0,0
"1887","COG3292,COG4632",1,1,0,0
"1888","COG3292,COG5184,COG5520",1,1,0,0
"1889","COG3293",0.422678074170635,0.945582289640078,0,0
"1890","COG3303",0.583882420770365,1,0,0
"1891","COG3307",1,1,0,0
"1892","COG3317",1,1,0,0
"1893","COG3325",0.204893893816379,0.816357346566828,4.18977215808124e-05,5.55932062960728e-05
"1894","COG3343",0.371093369522698,0.91195496514566,0,0
"1895","COG3345",0.359375,0.91195496514566,0.000428311442644136,0.000440724795661208
"1896","COG3345,COG5492",0.201242620957724,0.816357346566828,0,0
"1897","COG3347",0.204893893816379,0.816357346566828,0,3.01813987737865e-05
"1898","COG3359",1,1,0,0
"1899","COG3363",0.01953125,0.459689110824742,0.00026523948811111,0.000414215489409906
"1900","COG3383",0.65234375,1,0.000132183677870879,0.000246047894960993
"1901","COG3383,COG4624",0.07421875,0.671865335229377,8.39344816499645e-05,0.000236592287810452
"1902","COG3391",0.65234375,1,0.000147321308170504,0.000156426510568346
"1903","COG3395",1,1,0,0
"1904","COG3404",0.0390625,0.560878537735849,7.1331919394205e-05,0.000233763271119441
"1905","COG3405",0.362726506485098,0.91195496514566,1.13342253358901e-05,4.93688958902499e-05
"1906","COG3405,COG3507",0.371093369522698,0.91195496514566,0,0
"1907","COG3408",0.09765625,0.70453887808148,1.89343815582272e-05,5.87044119056368e-05
"1908","COG3408,COG3940",0.371093369522698,0.91195496514566,0,0
"1909","COG3409",0.5703125,1,0.000269410511787651,0.000223690112136204
"1910","COG3409,COG4939",0.371093369522698,0.91195496514566,0,0
"1911","COG3412",0.107327557761612,0.70453887808148,4.67851616733819e-05,2.8164804010741e-05
"1912","COG3414",0.789268026134281,1,0,0
"1913","COG3420",0.280712665268496,0.91195496514566,0,0
"1914","COG3420,COG5492",1,1,0,0
"1915","COG3426",0.25,0.91195496514566,1.46530330497676e-05,1.86856893775127e-05
"1916","COG3429",0.0142661867014469,0.459689110824742,5.5003202521111e-05,0
"1917","COG3432",1,1,0,0
"1918","COG3442",0.62406453246517,1,1.60627331086798e-05,8.36544030657448e-06
"1919","COG3444",0.8203125,1,0.000902792563909866,0.000792246700315144
"1920","COG3445",0.142213241936393,0.786132763537007,9.4873969846718e-05,0
"1921","COG3448",1,1,0,0
"1922","COG3458",0.371093369522698,0.91195496514566,0,0
"1923","COG3459",0.02734375,0.533553685897436,5.14685625514141e-05,0.000214520974329552
"1924","COG3468",0.554113130069446,1,8.1191921259988e-05,1.43068732951697e-05
"1925","COG3470",1,1,0,0
"1926","COG3475",0.18144920772142,0.816357346566828,0,0
"1927","COG3480",1,1,0,0
"1928","COG3481",0.0078125,0.4458984375,1.56159809554828e-05,5.14212782830223e-05
"1929","COG3487",0.0224942712224497,0.479947861690211,0,2.53464805530182e-05
"1930","COG3488",0.371093369522698,0.91195496514566,0,0
"1931","COG3489",0.0224942712224497,0.479947861690211,0,0.00022964413866476
"1932","COG3497",0.371093369522698,0.91195496514566,0,0
"1933","COG3501",1,1,0,0
"1934","COG3506",1,1,0,0
"1935","COG3507",0.25,0.91195496514566,0.000550532023064126,0.000579377400418317
"1936","COG3507,COG3533,COG3940,COG5492",0.18144920772142,0.816357346566828,0,0
"1937","COG3509",0.177529852412153,0.816357346566828,0,0
"1938","COG3513",0.371093369522698,0.91195496514566,0,0
"1939","COG3516",0.177529852412153,0.816357346566828,1.90574521670532e-05,0
"1940","COG3525",0.25,0.91195496514566,0.000913705320288392,0.00110185716949934
"1941","COG3525,COG3534",0.855132140584706,1,0,0
"1942","COG3525,COG3537",1,1,0,0
"1943","COG3525,COG4412,COG5498",1,1,0,0
"1944","COG3525,COG5492",0.41849223344682,0.945582289640078,0,7.51095193137298e-06
"1945","COG3525,COG5492,COG5498",1,1,0,0
"1946","COG3527",1,1,0,0
"1947","COG3533",0.91015625,1,4.2193341676564e-05,8.06303483473022e-05
"1948","COG3534",0.734375,1,0.000390645995191417,0.00051887104319867
"1949","COG3535",0.177529852412153,0.816357346566828,0,0
"1950","COG3537",0.42578125,0.945582289640078,7.8559969259369e-05,0.00012130811038932
"1951","COG3537,COG3538",1,1,0,0
"1952","COG3538",0.362726506485098,0.91195496514566,5.79986791744513e-05,2.47835346744474e-05
"1953","COG3539",0.371093369522698,0.91195496514566,0,0
"1954","COG3542",0.0142661867014469,0.459689110824742,3.78765667830396e-05,0
"1955","COG3546",0.944182513250483,1,2.27726267927411e-05,0.000145907517234618
"1956","COG3550",1,1,0,0
"1957","COG3568",0.799846105662473,1,7.49752363864795e-06,1.81916141824906e-05
"1958","COG3572",0.371093369522698,0.91195496514566,0,0
"1959","COG3576",0.25,0.91195496514566,0.000656031364272221,0.000159670133999876
"1960","COG3579",0.359375,0.91195496514566,0.00054389053301122,0.000497868959245208
"1961","COG3588",0.25,0.91195496514566,4.98693453340173e-05,7.55472165888015e-05
"1962","COG3589",0.944182513250483,1,0,1.66147236405793e-05
"1963","COG3590",0.0546875,0.597742614364766,0.000618541883258865,0.000344196363941732
"1964","COG3591",0.855132140584706,1,0,0
"1965","COG3595",0.361310428526179,0.91195496514566,0,0
"1966","COG3597",0.855132140584706,1,0,0
"1967","COG3599",0.293621543928906,0.91195496514566,8.1402346595565e-06,4.81000290670282e-05
"1968","COG3608",1,1,0,0
"1969","COG3613",1,1,0,0
"1970","COG3618",1,1,0,0
"1971","COG3622",0.371093369522698,0.91195496514566,0,0
"1972","COG3623",1,1,0,0
"1973","COG3629",1,1,0,0
"1974","COG3630",0.787406490666269,1,0,0
"1975","COG3631",1,1,0,0
"1976","COG3633",1,1,0,0
"1977","COG3634",0.150785565027971,0.816357346566828,6.51823875059487e-06,0
"1978","COG3635",0.271898710819648,0.91195496514566,0,1.11463765540819e-05
"1979","COG3637",0.65234375,1,0.00254882373884912,0.00221396505611476
"1980","COG3640",0.726286148878805,1,2.50176236465547e-05,2.82569227691355e-05
"1981","COG3643",0.734375,1,8.84345639581601e-05,6.43542115380552e-05
"1982","COG3649",0.833634883024682,1,2.05889838055697e-05,2.68652161752743e-05
"1983","COG3661",1,1,0,0
"1984","COG3664",0.855132140584706,1,0,0
"1985","COG3669",0.07421875,0.671865335229377,0.000154089627052449,0.000291955716784017
"1986","COG3675,COG5184,COG5263",0.371093369522698,0.91195496514566,0,0
"1987","COG3679",0.401678166469773,0.945582289640078,0,1.0517214116313e-05
"1988","COG3681",1,1,3.40121819256316e-06,0
"1989","COG3682",0.142213241936393,0.786132763537007,0,1.85014344603943e-05
"1990","COG3684",0.589638551626567,1,1.25374889070615e-05,0
"1991","COG3691",0.371093369522698,0.91195496514566,0,0
"1992","COG3693",0.29450739368011,0.91195496514566,0,6.50708911771533e-05
"1993","COG3696",1,1,0,0
"1994","COG3705",0.554113130069446,1,0,9.59176667864929e-06
"1995","COG3706",0.371093369522698,0.91195496514566,0,0
"1996","COG3707",0.0800579199844347,0.689706533299866,6.76927508404173e-05,1.41958934068752e-05
"1997","COG3711",1,1,0,0
"1998","COG3712",1,1,0,0
"1999","COG3712,COG4886,COG4932",1,1,0,0
"2000","COG3715",0.787406490666269,1,0,0
"2001","COG3716",0.01953125,0.459689110824742,0.000760174798787807,0.000485156483165586
"2002","COG3717",0.49609375,1,1.86134489590079e-05,4.91623007961016e-05
"2003","COG3718",0.787406490666269,1,0,0
"2004","COG3730",0.789268026134281,1,0,0
"2005","COG3731",0.183430618982178,0.816357346566828,0,3.39427979367316e-05
"2006","COG3732",0.62406453246517,1,4.71473157276358e-05,8.15418367139759e-05
"2007","COG3746",0.799846105662473,1,0,4.13457557577594e-05
"2008","COG3754",0.41849223344682,0.945582289640078,0,0
"2009","COG3755",0.361310428526179,0.91195496514566,0,0
"2010","COG3757",0.833634883024682,1,0,9.99233732747372e-06
"2011","COG3757,COG4733,COG5492",1,1,0,0
"2012","COG3757,COG5492",1,1,0,0
"2013","COG3760",1,1,0,0
"2014","COG3774",1,1,0,0
"2015","COG3777",0.371093369522698,0.91195496514566,0,0
"2016","COG3799",0.371093369522698,0.91195496514566,0,0
"2017","COG3804",0.09765625,0.70453887808148,4.61433739314294e-05,0
"2018","COG3808",0.787406490666269,1,0,0
"2019","COG3822",0.0590582290905367,0.597742614364766,0,1.0268912130514e-05
"2020","COG3830",0.674986713970489,1,0,1.36802640718523e-05
"2021","COG3833",0.201242620957724,0.816357346566828,0,0
"2022","COG3835",0.65234375,1,6.01228871377334e-05,9.49975710998235e-05
"2023","COG3842",0.30078125,0.91195496514566,0.00887009954324395,0.0101210825486212
"2024","COG3845",0.446872820710831,0.96702431249557,2.13940808647509e-05,2.90212819348768e-05
"2025","COG3850,COG5002",0.833634883024682,1,7.0698647503731e-06,1.04166793982768e-05
"2026","COG3853",0.12890625,0.774455180921053,7.91567020297558e-05,0.000125020410927808
"2027","COG3854",1,1,0,0
"2028","COG3855",0.203125,0.816357346566828,2.49223603057203e-06,1.02190520396129e-05
"2029","COG3858",0.30078125,0.91195496514566,2.64194290305032e-05,6.38954897219177e-05
"2030","COG3861",1,1,0,0
"2031","COG3862",1,1,0,0
"2032","COG3866",0.41849223344682,0.945582289640078,0,0
"2033","COG3866,COG4677,COG4733",1,1,0,0
"2034","COG3867",0.787406490666269,1,0,2.44714587229151e-05
"2035","COG3869",0.0590582290905367,0.597742614364766,0,1.74235566151719e-05
"2036","COG3870",0.0591720678258594,0.597742614364766,3.19937262992694e-05,0
"2037","COG3872",1,1,0,0
"2038","COG3874",0.203125,0.816357346566828,0.000187758127564253,0.000231055820592178
"2039","COG3875",0.5703125,1,0.000607315280890127,0.000696410547979475
"2040","COG3880",1,1,0,0
"2041","COG3883",0.8203125,1,0.000808267548142291,0.00184577969880009
"2042","COG3883,COG4211",0.100348246462291,0.70453887808148,0,0
"2043","COG3887",0.0590582290905367,0.597742614364766,0,8.46416394681074e-06
"2044","COG3919",0.583882420770365,1,0,0
"2045","COG3920",1,1,3.8422731288964e-05,1.1927690164204e-05
"2046","COG3934",0.734375,1,2.58481199425604e-05,2.98941911275415e-05
"2047","COG3937",0.734375,1,0.000199020852966106,0.000169748049454726
"2048","COG3938",0.5703125,1,0.000190244541000615,0.000176346572284176
"2049","COG3940",0.0208625823327655,0.479947861690211,0.000109592282736628,0
"2050","COG3942",0.422678074170635,0.945582289640078,0,0
"2051","COG3944",0.441208519505878,0.966678550894356,4.18232451250138e-06,3.69401623080936e-05
"2052","COG3949",1,1,0,0
"2053","COG3950",0.105645429201877,0.70453887808148,0,0
"2054","COG3956",0.789268026134281,1,0,0
"2055","COG3957",0.02734375,0.533553685897436,0.0133812585433126,0.00762612109731615
"2056","COG3958",0.00390625,0.37158203125,0.00153084122648162,0.00206953851864669
"2057","COG3959",0.07421875,0.671865335229377,0.000127071164251101,0.000404098210382596
"2058","COG3962",0.734375,1,8.40091917820416e-05,0.000132801340615367
"2059","COG3968",0.203125,0.816357346566828,0.000891271004588829,0.00244875663664335
"2060","COG3973",0.150785565027971,0.816357346566828,2.44222467321481e-05,5.19569942548752e-06
"2061","COG3981",0.18144920772142,0.816357346566828,0,0
"2062","COG4030",0.0546875,0.597742614364766,8.99964408075499e-05,0.000149687601282922
"2063","COG4085",0.5703125,1,0.000124650948156102,0.000132519110319029
"2064","COG4086",0.0546875,0.597742614364766,0,4.33320613393273e-05
"2065","COG4091",0.280712665268496,0.91195496514566,0,1.01743630489713e-05
"2066","COG4099",0.0519129649350183,0.597742614364766,2.04969914308881e-05,0
"2067","COG4100",0.401678166469773,0.945582289640078,0,1.19329547820185e-05
"2068","COG4106",0.0591720678258594,0.597742614364766,0,1.62396416204855e-05
"2069","COG4108",0.0299739735865559,0.560878537735849,0,9.4135690617315e-06
"2070","COG4120",0.18144920772142,0.816357346566828,0,0
"2071","COG4122",1,1,7.76814581989888e-06,0
"2072","COG4124",1,1,0,0
"2073","COG4124,COG4733",1,1,0,0
"2074","COG4124,COG5492",1,1,0,0
"2075","COG4134",1,1,0,0
"2076","COG4146",1,1,0,0
"2077","COG4154",0.833935414088552,1,0,5.96708798006958e-06
"2078","COG4166",0.359375,0.91195496514566,0.00424516447783252,0.00432086569486449
"2079","COG4172",0.944182513250483,1,1.62562349780845e-05,4.00133016266446e-05
"2080","COG4187",1,1,0,0
"2081","COG4189",1,1,0,0
"2082","COG4191",1,1,0,0
"2083","COG4196",0.583882420770365,1,0,0
"2084","COG4198",0.01953125,0.459689110824742,0.000150719634221727,0.000380991572245976
"2085","COG4206",0.49609375,1,0.00182037276741326,0.0021431107851204
"2086","COG4206,COG4771",0.833935414088552,1,0,2.67369809701576e-05
"2087","COG4206,COG4773",0.528612125255688,1,0.000351799456336656,0.000221589304294459
"2088","COG4209",0.150785565027971,0.816357346566828,0,1.47085138388686e-05
"2089","COG4213",0.0390625,0.560878537735849,0.000567659852050872,0.00101881140614575
"2090","COG4219",1,1,0,0
"2091","COG4221",0.01171875,0.459689110824742,7.71486959224197e-05,1.42728993586977e-05
"2092","COG4224",1,1,0,0
"2093","COG4225",0.401678166469773,0.945582289640078,0,8.4864924917487e-06
"2094","COG4225,COG5434",1,1,0,0
"2095","COG4231",0.141482121482793,0.786132763537007,4.84965723434321e-05,5.43952492375113e-05
"2096","COG4238",0.02734375,0.533553685897436,0.00191634876203156,0.000418104039441131
"2097","COG4260",0.1640625,0.816357346566828,6.67809613024189e-05,0.000198430248819183
"2098","COG4284",0.734375,1,4.63125122984826e-05,5.71920803191871e-05
"2099","COG4289",1,1,0,0
"2100","COG4290",1,1,0,0
"2101","COG4295",1,1,0,0
"2102","COG4302",0.528612125255688,1,0,3.28438541594141e-05
"2103","COG4303",1,1,5.76696684659446e-05,8.73443722526952e-05
"2104","COG4354",0.401678166469773,0.945582289640078,0,6.1233371457401e-06
"2105","COG4372",0.8203125,1,1.46678078603031e-05,3.54252872355678e-05
"2106","COG4403",1,1,0,0
"2107","COG4409",1,1,1.83767767827697e-05,5.1653405080235e-05
"2108","COG4409,COG4412",1,1,0,0
"2109","COG4409,COG5492",0.18144920772142,0.816357346566828,0,0
"2110","COG4412",0.371093369522698,0.91195496514566,0,0
"2111","COG4447",0.422678074170635,0.945582289640078,0,0
"2112","COG4448",1,1,0,0
"2113","COG4461",0.589638551626567,1,0,0
"2114","COG4463",1,1,0,0
"2115","COG4464",0.100348246462291,0.70453887808148,0,0
"2116","COG4465",0.734375,1,0.00014332611480458,0.000160051361937014
"2117","COG4466",0.422678074170635,0.945582289640078,0,0
"2118","COG4468",0.734375,1,0.000801408536849305,0.000745824979275061
"2119","COG4472",0.203125,0.816357346566828,2.42119099892972e-05,3.8837774917041e-05
"2120","COG4475",1,1,0,2.7070728874292e-05
"2121","COG4477",0.201242620957724,0.816357346566828,0,0
"2122","COG4485",1,1,0,0
"2123","COG4496",1,1,0,0
"2124","COG4499",1,1,0,0
"2125","COG4508",1,1,0,0
"2126","COG4509",0.100348246462291,0.70453887808148,0,0
"2127","COG4552",1,1,0,0
"2128","COG4573",0.528612125255688,1,1.26924285237464e-05,2.94497968292768e-05
"2129","COG4574",0.371093369522698,0.91195496514566,0,0
"2130","COG4575",0.441208519505878,0.966678550894356,1.40614142638194e-05,0
"2131","COG4576",1,1,0,0
"2132","COG4577",0.00390625,0.37158203125,0.00231397276322617,0.00395304808454886
"2133","COG4580",0.142213241936393,0.786132763537007,1.03340895194357e-05,0
"2134","COG4581",0.23395283347059,0.903746732340704,2.96476693580785e-05,7.9849347863869e-06
"2135","COG4607",0.371093369522698,0.91195496514566,0,0
"2136","COG4608",0.30078125,0.91195496514566,0.000515870085028118,0.000483133609692518
"2137","COG4625",0.401678166469773,0.945582289640078,0,0
"2138","COG4625,COG5492",0.18144920772142,0.816357346566828,0,0
"2139","COG4632",1,1,0,0
"2140","COG4632,COG5492",1,1,0,0
"2141","COG4637",0.177529852412153,0.816357346566828,0,0
"2142","COG4653",1,1,0,0
"2143","COG4656",0.00390625,0.37158203125,0.00151652993225392,0.00282224158762374
"2144","COG4658",0.944182513250483,1,1.41923608765133e-05,3.64515509870318e-05
"2145","COG4659",0.42578125,0.945582289640078,6.29095332993484e-05,0.00010134511314232
"2146","COG4660",0.787406490666269,1,0,0
"2147","COG4667",0.529368106184798,1,0,0
"2148","COG4668",1,1,0,0
"2149","COG4670",0.359375,0.91195496514566,0.000165686445314248,0.000414385489588116
"2150","COG4675",0.371093369522698,0.91195496514566,0,0
"2151","COG4677",0.91015625,1,3.14528067849774e-05,1.7954696312577e-05
"2152","COG4677,COG4733",0.787406490666269,1,0,0
"2153","COG4677,COG5263",0.271898710819648,0.91195496514566,0,1.93034033121214e-05
"2154","COG4677,COG5492",1,1,0,0
"2155","COG4687",1,1,0,0
"2156","COG4690",0.734375,1,0.000759486999379098,0.000553000727163711
"2157","COG4692",1,1,0,0
"2158","COG4702",0.362726506485098,0.91195496514566,1.90675843461862e-05,4.88967126333605e-05
"2159","COG4709",1,1,0,0
"2160","COG4716",0.359375,0.91195496514566,0.00375752085339964,0.00219841867061041
"2161","COG4724",0.29450739368011,0.91195496514566,0,2.07399723090742e-05
"2162","COG4724,COG5263",0.789268026134281,1,0,0
"2163","COG4728",1,1,0,0
"2164","COG4733",0.042315274905714,0.571631790590207,2.86621725128531e-05,0.000129097687095725
"2165","COG4733,COG5279",1,1,0,0
"2166","COG4733,COG5434",0.107327557761612,0.70453887808148,3.83364588861913e-05,0.000269350430124425
"2167","COG4733,COG5492",0.583882420770365,1,0,0
"2168","COG4733,COG5520",1,1,0,0
"2169","COG4739",1,1,0,0
"2170","COG4747",0.0142661867014469,0.459689110824742,2.37371034283483e-05,8.12540336201006e-05
"2171","COG4748",0.371093369522698,0.91195496514566,0,0
"2172","COG4750",0.18144920772142,0.816357346566828,0,0
"2173","COG4768",0.0546875,0.597742614364766,9.02480418383923e-05,1.58374771991398e-05
"2174","COG4770",0.0800579199844347,0.689706533299866,0,4.49699477056376e-05
"2175","COG4771",0.8203125,1,0.00562506947322809,0.00449969390538042
"2176","COG4772",0.203125,0.816357346566828,0.000259605323860261,0.000604822012078345
"2177","COG4773",1,1,0,0
"2178","COG4774",0.401678166469773,0.945582289640078,1.11644518902053e-05,1.12135177572636e-05
"2179","COG4775",0.042315274905714,0.571631790590207,4.26907139654948e-05,7.99294046897787e-06
"2180","COG4783",1,1,0,0
"2181","COG4785",1,1,0,0
"2182","COG4786",1,1,0,0
"2183","COG4799",0.01953125,0.459689110824742,0.00249487481820529,0.00360592714558756
"2184","COG4803",0.371093369522698,0.91195496514566,0,0
"2185","COG4805",0.177529852412153,0.816357346566828,0,5.08277936400774e-06
"2186","COG4806",0.787406490666269,1,0,0
"2187","COG4810",1,1,0,0
"2188","COG4812",1,1,0,0
"2189","COG4813",0.554113130069446,1,0,6.44615935044019e-06
"2190","COG4816",0.5703125,1,0.00120737694174192,0.00103224981112804
"2191","COG4822",0.0390625,0.560878537735849,0.00319204143367226,0.00601615691669549
"2192","COG4826",0.204893893816379,0.816357346566828,0,2.33711776419458e-05
"2193","COG4832",0.371093369522698,0.91195496514566,0,0
"2194","COG4833",1,1,0,0
"2195","COG4834",1,1,0,0
"2196","COG4841",1,1,0,0
"2197","COG4842",0.833935414088552,1,0,0
"2198","COG4850",0.0224942712224497,0.479947861690211,7.29396092423235e-06,0
"2199","COG4856",0.789268026134281,1,0,0
"2200","COG4857",0.12890625,0.774455180921053,3.11510141017701e-05,9.01041193617038e-05
"2201","COG4862",0.583882420770365,1,0,0
"2202","COG4864",1,1,0,0
"2203","COG4865",0.105645429201877,0.70453887808148,0,0
"2204","COG4868",0.0078125,0.4458984375,6.74424102425874e-05,0.000225803906325039
"2205","COG4869",0.5703125,1,0.000418446388790874,0.000493074075859748
"2206","COG4870,COG5434",1,1,0,0
"2207","COG4880",0.100348246462291,0.70453887808148,0,0
"2208","COG4886",0.1640625,0.816357346566828,1.49552350051437e-05,8.13807130981714e-05
"2209","COG4886,COG4932",1,1,0,0
"2210","COG4886,COG5184",1,1,0,0
"2211","COG4886,COG5434",1,1,0,0
"2212","COG4886,COG5492",0.944182513250483,1,1.82993990342538e-05,1.34856466233663e-05
"2213","COG4892",0.371093369522698,0.91195496514566,0,0
"2214","COG4894",1,1,0,0
"2215","COG4909",0.42578125,0.945582289640078,0.00162785253279625,0.00131301185812739
"2216","COG4910",0.49609375,1,0.000166427599190767,0.000167597386664784
"2217","COG4912",1,1,0,0
"2218","COG4913",0.18144920772142,0.816357346566828,0,0
"2219","COG4918",1,1,0,0
"2220","COG4930",1,1,0,0
"2221","COG4932",0.5703125,1,0.000474867671939643,0.000675992304776673
"2222","COG4932,COG5492",1,1,0,0
"2223","COG4939",0.371093369522698,0.91195496514566,0,0
"2224","COG4945",1,1,0,0
"2225","COG4948",0.359375,0.91195496514566,5.37339399341608e-05,0.000227821254664977
"2226","COG4966",0.371093369522698,0.91195496514566,0,0
"2227","COG4968",0.107327557761612,0.70453887808148,1.61952574551677e-05,9.73275640381452e-05
"2228","COG4969",1,1,0,0
"2229","COG4972",0.208412803684149,0.820355915191226,0,1.16475403891462e-05
"2230","COG4974",1,1,0,0
"2231","COG4978",1,1,0,0
"2232","COG4980",0.183430618982178,0.816357346566828,1.60104323269014e-05,3.85103868963792e-05
"2233","COG4987",0.371093369522698,0.91195496514566,0,0
"2234","COG4989",1,1,1.96969169825017e-05,3.88698982436546e-05
"2235","COG4991",0.362726506485098,0.91195496514566,0,1.52130725906726e-05
"2236","COG4992",0.30078125,0.91195496514566,0.00064370000980588,0.00122060334301537
"2237","COG5001",0.361310428526179,0.91195496514566,0,0
"2238","COG5002",0.29450739368011,0.91195496514566,0,2.33793396860185e-05
"2239","COG5009",0.528612125255688,1,0,2.71514620834669e-05
"2240","COG5010",0.201242620957724,0.816357346566828,0,0
"2241","COG5011",1,1,0,0
"2242","COG5012",0.07421875,0.671865335229377,3.43163368833752e-05,0.000141766532355481
"2243","COG5013",0.100348246462291,0.70453887808148,0,0
"2244","COG5015",0.371093369522698,0.91195496514566,0,0
"2245","COG5016",0.01953125,0.459689110824742,0.000241392215758506,0.000483977499028579
"2246","COG5164",1,1,0,0
"2247","COG5263",0.25,0.91195496514566,0.00580239778239522,0.00879061987770937
"2248","COG5263,COG5434",1,1,0,0
"2249","COG5263,COG5434,COG5520",0.105645429201877,0.70453887808148,0,6.75906179850737e-06
"2250","COG5266",1,1,0,0
"2251","COG5272,COG5492",0.446872820710831,0.96702431249557,8.73994788813411e-05,0.000228004615015184
"2252","COG5275",0.0590582290905367,0.597742614364766,0,2.42744813372738e-06
"2253","COG5276",1,1,0,0
"2254","COG5279",0.371093369522698,0.91195496514566,0,0
"2255","COG5279,COG5492",0.371093369522698,0.91195496514566,0,0
"2256","COG5281",1,1,0,0
"2257","COG5282",0.362726506485098,0.91195496514566,3.94804181832888e-05,9.61751881567545e-06
"2258","COG5295",0.0390625,0.560878537735849,0.000370848212157303,0.000104066339186337
"2259","COG5297",1,1,0,0
"2260","COG5339",0.371093369522698,0.91195496514566,0,0
"2261","COG5340",1,1,0,0
"2262","COG5361",1,1,0,0
"2263","COG5398",0.855132140584706,1,0,0
"2264","COG5405",1,1,0,0
"2265","COG5426",0.02734375,0.533553685897436,0.00165432584291283,0.000675881742599654
"2266","COG5434",0.49609375,1,7.12057641485237e-05,0.000130249305704914
"2267","COG5441",1,1,0,0
"2268","COG5444",1,1,0,0
"2269","COG5464",0.0142661867014469,0.459689110824742,0,2.54415212842274e-05
"2270","COG5465",0.789268026134281,1,0,0
"2271","COG5492",0.5703125,1,0.000206540622521619,0.000156074571346175
"2272","COG5496",0.833634883024682,1,1.81994993744633e-05,1.55652390132122e-05
"2273","COG5498",0.789268026134281,1,0,0
"2274","COG5505",1,1,0,0
"2275","COG5512",1,1,0,0
"2276","COG5520",0.833634883024682,1,0,1.52394900032777e-05
"2277","COG5549",1,1,0,0
"2278","COG5564",0.0519129649350183,0.597742614364766,3.61837337903716e-05,0
"2279","COG5598",0.100348246462291,0.70453887808148,0,0
"2280","COG5618",0.105645429201877,0.70453887808148,0,1.11671283943513e-05
"2281","COG5632",1,1,0,0
"2282","COG5662",1,1,0,0
"2283",NA,0.65234375,1,0.0146475829723886,0.0193801707187067
