"","Name","p_value","p_adj","time0","time12"
"1","ko:K00001",0.42578125,0.879545136295743,0.000306716584046121,0.000378124343838181
"2","ko:K00002",0.589638551626567,1,0,1.177621775819e-06
"3","ko:K00003",0.8203125,1,0.000266892914330025,0.000177821760252357
"4","ko:K00004",0.18144920772142,0.747673496432854,0,0
"5","ko:K00005",0.734375,1,0.000324231907614962,0.00031685991758719
"6","ko:K00008",0.12890625,0.699126838235294,0.00203219047905432,0.00420454206264265
"7","ko:K00009",0.49609375,0.964975606540084,0.000248084535255385,0.000226977455477716
"8","ko:K00010",0.62406453246517,1,5.30644019336678e-05,6.28973648947994e-05
"9","ko:K00012",0.07421875,0.591588674957055,0.000119394903690486,2.15560139197658e-05
"10","ko:K00013",0.5703125,1,0.000315474276045559,0.000214260671973045
"11","ko:K00014",0.359375,0.83928394120996,1.58916395095495e-05,4.61026911867961e-05
"12","ko:K00015",1,1,0,0
"13","ko:K00016",0.00390625,0.308705357142857,0.00132441547593818,0.000524560845824357
"14","ko:K00018",0.833634883024682,1,1.15419253411023e-05,4.85757692992719e-06
"15","ko:K00020",0.787406490666269,1,0,5.7514408489675e-06
"16","ko:K00024",0.07421875,0.591588674957055,0.000813677142164493,0.000284053877512777
"17","ko:K00027",0.65234375,1,0.000330519665359347,0.000545459539983321
"18","ko:K00029",0.00390625,0.308705357142857,0.000391467059242306,8.57231966803418e-05
"19","ko:K00030",0.0934924836898357,0.62797115320067,0,1.2353510887816e-05
"20","ko:K00031",0.65234375,1,0.000378090494837201,0.000436225901047701
"21","ko:K00032",1,1,0,0
"22","ko:K00033",0.0546875,0.527967547117184,0.000641978488858669,0.000143061611954811
"23","ko:K00036",0.528612125255688,1,8.93392645339664e-05,1.05374671236016e-05
"24","ko:K00040",0.0546875,0.527967547117184,0.000498971231285763,0.00029116743707551
"25","ko:K00041",0.49609375,0.964975606540084,0.000112091525961072,0.000113688640755145
"26","ko:K00042",0.944182513250483,1,3.5739581740262e-05,3.46814885902803e-05
"27","ko:K00045",0.177529852412153,0.747673496432854,2.25756154246084e-05,0
"28","ko:K00048",0.25,0.833132530120482,0.00162559643155985,0.000927540071103544
"29","ko:K00052",0.91015625,1,7.40850689062819e-05,9.0135404703085e-05
"30","ko:K00053",0.734375,1,0.0025213455325407,0.0040265791056339
"31","ko:K00054",0.183430618982178,0.747673496432854,6.71004963521073e-05,1.76886886133089e-05
"32","ko:K00057",1,1,0.00011639579071624,0.000115263606375414
"33","ko:K00058",0.5703125,1,0.000516786404660948,0.000650017213535772
"34","ko:K00059",1,1,0,0
"35","ko:K00060",0.49609375,0.964975606540084,5.6908015024636e-05,8.28835803962806e-05
"36","ko:K00066",1,1,0,0
"37","ko:K00067",0.01953125,0.43921493902439,0.000339293294276358,0.000128206377549587
"38","ko:K00073",0.91015625,1,0.000139212670218466,0.000216122036981987
"39","ko:K00074",0.02734375,0.484825721153846,0.00194298583765034,0.00402386117272033
"40","ko:K00075",1,1,7.083186696644e-06,0
"41","ko:K00077",0.726286148878805,1,1.23894746778149e-05,9.96255198609462e-06
"42","ko:K00082",0.142213241936393,0.728447828140855,3.92485922309343e-06,0
"43","ko:K00086",0.359375,0.83928394120996,0.000171416856291634,0.000163872923607649
"44","ko:K00087",0.12890625,0.699126838235294,0.000274947330221238,0.000533820743710561
"45","ko:K00088",0.42578125,0.879545136295743,0.00268451875130148,0.00231208396555318
"46","ko:K00090",1,1,0,0
"47","ko:K00091",1,1,0,0
"48","ko:K00094",0.371093369522698,0.83928394120996,0,0
"49","ko:K00096",0.0519129649350183,0.527967547117184,7.9987670330746e-05,4.15408888129308e-05
"50","ko:K00097",0.789268026134281,1,0,0
"51","ko:K00098",1,1,0,0
"52","ko:K00099",0.726286148878805,1,6.06590753352683e-05,7.03872567119079e-05
"53","ko:K00100",0.42578125,0.879545136295743,0.000208918705382047,0.000193825764418983
"54","ko:K00104",0.5703125,1,0.00168648749087097,0.00145734718851527
"55","ko:K00111",1,1,0.00115296248079522,0.000570479765152117
"56","ko:K00113",0.855132140584706,1,0,0
"57","ko:K00117",1,1,0,0
"58","ko:K00118",0.100348246462291,0.62797115320067,0,0
"59","ko:K00123",0.42578125,0.879545136295743,0.000115948876754139,0.000224738188210857
"60","ko:K00124",1,1,0,0
"61","ko:K00128",0.5703125,1,4.76361799942834e-05,3.019554643831e-05
"62","ko:K00129",0.100348246462291,0.62797115320067,0,0
"63","ko:K00130",0.789268026134281,1,0,0
"64","ko:K00131",0.422678074170635,0.879545136295743,0,0
"65","ko:K00132",1,1,0,0
"66","ko:K00133",0.203125,0.747673496432854,0.000301511348598616,0.000417414642647738
"67","ko:K00134",1,1,0.018105708798569,0.0186035230416946
"68","ko:K00135",1,1,0,0
"69","ko:K00140",0.42578125,0.879545136295743,1.1348341297055e-05,2.56619454203972e-05
"70","ko:K00145",0.65234375,1,0.000110906307978038,0.000129723345532405
"71","ko:K00147",0.0078125,0.366260593220339,0.000122688375989605,0.000182264752971945
"72","ko:K00150",0.150785565027971,0.747673496432854,0,4.97240613495763e-06
"73","ko:K00156",0.18144920772142,0.747673496432854,0,0
"74","ko:K00158",0.18144920772142,0.747673496432854,0,0
"75","ko:K00161",0.583882420770365,1,0,0
"76","ko:K00162",0.589638551626567,1,0,0
"77","ko:K00163",0.208412803684149,0.748662097390071,2.84690073154563e-05,0
"78","ko:K00164",0.371093369522698,0.83928394120996,0,0
"79","ko:K00166",0.583882420770365,1,0,0
"80","ko:K00167",0.371093369522698,0.83928394120996,0,0
"81","ko:K00174",0.07421875,0.591588674957055,8.10040700930824e-05,0.000162778016931986
"82","ko:K00175",0.107327557761612,0.642942933689252,3.71907406633926e-05,6.08241269906405e-05
"83","ko:K00176",0.726286148878805,1,1.93568132645139e-05,2.95675342923825e-05
"84","ko:K00177",0.30078125,0.83928394120996,5.95563222422618e-05,0.000109407106068978
"85","ko:K00179",0.141482121482793,0.728447828140855,3.91399582547603e-05,4.38536361875685e-05
"86","ko:K00180",0.529368106184798,1,6.43296529091149e-06,1.15918426856411e-06
"87","ko:K00184",0.18144920772142,0.747673496432854,0,0
"88","ko:K00186",0.09765625,0.62797115320067,2.20518111186853e-05,0.000130666964632127
"89","ko:K00187",0.25,0.833132530120482,5.95563222422618e-05,0.000109407106068978
"90","ko:K00193",0.00390625,0.308705357142857,0.00194833420576428,0.00382944044694947
"91","ko:K00194",0.01953125,0.43921493902439,0.000766227145571785,0.00186519121350816
"92","ko:K00196",1,1,0,0
"93","ko:K00197",0.00390625,0.308705357142857,0.00118043673210476,0.00286787150394229
"94","ko:K00198",0.0078125,0.366260593220339,0.00172131199310958,0.00317264628297986
"95","ko:K00205",1,1,0,0
"96","ko:K00207",1,1,0,0
"97","ko:K00208",1,1,0,0
"98","ko:K00209",0.141482121482793,0.728447828140855,0,2.42934308226698e-05
"99","ko:K00210",0.787406490666269,1,0,0
"100","ko:K00211",1,1,0,0
"101","ko:K00214",0.18144920772142,0.747673496432854,0,0
"102","ko:K00215",1,1,0.000138458912117694,0.000121886378269588
"103","ko:K00217",0.734375,1,2.7536317359407e-05,5.5965014767933e-05
"104","ko:K00219",1,1,0,0
"105","ko:K00220",0.787406490666269,1,0,0
"106","ko:K00226",0.07421875,0.591588674957055,0.000145101634066136,8.11224379571437e-05
"107","ko:K00231",0.201242620957724,0.747673496432854,0,0
"108","ko:K00239",0.8203125,1,0.00227192685587043,0.0021381263944777
"109","ko:K00240",0.09765625,0.62797115320067,0.000105027068745571,0
"110","ko:K00241",0.18144920772142,0.747673496432854,0,0
"111","ko:K00243",0.201242620957724,0.747673496432854,0,0
"112","ko:K00244",0.359375,0.83928394120996,0.000432242148994341,0.00033484189472839
"113","ko:K00245",0.23395283347059,0.826454070727523,1.84419307276903e-05,0
"114","ko:K00248",0.0390625,0.514508928571429,0.0064540489961966,0.00839908736290933
"115","ko:K00249",0.49609375,0.964975606540084,7.25418628954623e-05,6.61479113649537e-05
"116","ko:K00254",0.30078125,0.83928394120996,6.58778126850628e-05,2.49371714987278e-05
"117","ko:K00259",0.5703125,1,0.000509005007344269,0.000531096329687464
"118","ko:K00260",0.25,0.833132530120482,0.000806189392740237,0.00108592138655648
"119","ko:K00261",0.30078125,0.83928394120996,0.000813457946777781,0.00109698960088108
"120","ko:K00262",0.01953125,0.43921493902439,0.0111013069154289,0.016235589966332
"121","ko:K00265",0.91015625,1,0.000132647428778257,0.000401279257679199
"122","ko:K00266",1,1,0.000872220757823289,0.000853055062354621
"123","ko:K00278",0.30078125,0.83928394120996,0.000663933566896473,0.00168862815630686
"124","ko:K00281",0.91015625,1,1.75955273980838e-05,3.63996071299918e-05
"125","ko:K00282",0.91015625,1,1.75955273980838e-05,3.63996071299918e-05
"126","ko:K00283",0.352542137499713,0.83928394120996,0,2.38536514013096e-05
"127","ko:K00284",0.91015625,1,0.000132647428778257,0.000401279257679199
"128","ko:K00286",0.8203125,1,1.67784480695436e-05,2.06693032589161e-05
"129","ko:K00287",0.058707408431205,0.527967547117184,7.47960984756484e-05,1.17801727040841e-05
"130","ko:K00288",0.91015625,1,0.000410295915198227,0.000503671246266782
"131","ko:K00290",0.833634883024682,1,2.23695359026193e-05,2.61398272856488e-05
"132","ko:K00294",0.352542137499713,0.83928394120996,0,7.92716431667055e-06
"133","ko:K00297",0.00390625,0.308705357142857,0.00138316471085499,0.0025971317547727
"134","ko:K00303",1,1,0,0
"135","ko:K00317",1,1,0,0
"136","ko:K00324",0.203125,0.747673496432854,0.000162791773429387,9.74620288977355e-05
"137","ko:K00325",0.12890625,0.699126838235294,5.35001108462529e-05,1.86997736682149e-05
"138","ko:K00332",0.100348246462291,0.62797115320067,0,0
"139","ko:K00333",0.100348246462291,0.62797115320067,0,0
"140","ko:K00334",0.203125,0.747673496432854,1.99065135767845e-05,5.64765850313063e-05
"141","ko:K00335",0.00390625,0.308705357142857,0.000176289210254182,0.000622417075592714
"142","ko:K00336",0.09765625,0.62797115320067,9.59771668931484e-05,0.000200018835453144
"143","ko:K00338",1,1,0,0
"144","ko:K00344",1,1,0,0
"145","ko:K00346",1,1,0.000265503501587703,0.000177803440094641
"146","ko:K00347",0.944182513250483,1,1.1242629534633e-05,2.96092312284994e-05
"147","ko:K00348",0.352542137499713,0.83928394120996,1.11024329971831e-05,1.28441650615345e-05
"148","ko:K00351",0.359375,0.83928394120996,5.05465947431036e-05,0.000122000774903202
"149","ko:K00354",0.141482121482793,0.728447828140855,8.87849739638039e-06,0
"150","ko:K00355",0.0800579199844347,0.600108961184137,4.124341283339e-05,0
"151","ko:K00362",0.8203125,1,3.48347980819096e-05,1.08722066058843e-05
"152","ko:K00364",1,1,0,0
"153","ko:K00366",0.583882420770365,1,0,0
"154","ko:K00370",0.100348246462291,0.62797115320067,0,0
"155","ko:K00371",0.100348246462291,0.62797115320067,0,0
"156","ko:K00375",0.201242620957724,0.747673496432854,0,0
"157","ko:K00380",0.29450739368011,0.83928394120996,0,8.70955278309166e-06
"158","ko:K00381",0.583882420770365,1,0,0
"159","ko:K00382",0.359375,0.83928394120996,4.97940803695541e-05,0.000105493618317643
"160","ko:K00383",0.0224942712224497,0.450863436241274,2.19246876319381e-05,0
"161","ko:K00384",0.30078125,0.83928394120996,0.000584951510893793,0.000389201722095974
"162","ko:K00390",0.201242620957724,0.747673496432854,0,0
"163","ko:K00392",0.583882420770365,1,0,0
"164","ko:K00394",0.583882420770365,1,0,0
"165","ko:K00395",0.201242620957724,0.747673496432854,0,0
"166","ko:K00425",1,1,0,0
"167","ko:K00426",1,1,0,0
"168","ko:K00428",1,1,0,0
"169","ko:K00432",1,1,0,0
"170","ko:K00436",0.789268026134281,1,0,0
"171","ko:K00437",1,1,0,0
"172","ko:K00441",0.529368106184798,1,0,0
"173","ko:K00459",1,1,0,0
"174","ko:K00484",0.359375,0.83928394120996,2.62112041332138e-05,3.52274747459425e-05
"175","ko:K00491",0.8203125,1,0.000707381162613838,0.00061661039353168
"176","ko:K00505",0.371093369522698,0.83928394120996,0,0
"177","ko:K00520",0.203125,0.747673496432854,6.93519081229565e-05,1.68297786899139e-05
"178","ko:K00525",0.0078125,0.366260593220339,5.02573598280985e-05,1.24172711514585e-05
"179","ko:K00526",0.371093369522698,0.83928394120996,0,0
"180","ko:K00528",0.8203125,1,0.000445648697822223,0.000496570615043769
"181","ko:K00532",1,1,0,0
"182","ko:K00533",0.359375,0.83928394120996,8.53768963694692e-05,0.000248904056294062
"183","ko:K00537",0.787406490666269,1,0,0
"184","ko:K00548",0.0078125,0.366260593220339,0.000700398790542907,0.00173934095707458
"185","ko:K00549",0.734375,1,0.000325971355504125,0.000251962181381592
"186","ko:K00554",0.0519129649350183,0.527967547117184,7.58310220425327e-06,2.68707698008415e-05
"187","ko:K00556",0.18144920772142,0.747673496432854,0,0
"188","ko:K00557",0.183430618982178,0.747673496432854,1.16059483981957e-05,0
"189","ko:K00558",0.371093369522698,0.83928394120996,0,0
"190","ko:K00560",0.446872820710831,0.902226439478948,2.10519593931896e-05,4.47266077305185e-06
"191","ko:K00561",0.446872820710831,0.902226439478948,5.99677834888952e-06,0
"192","ko:K00566",0.583882420770365,1,0,0
"193","ko:K00568",0.183430618982178,0.747673496432854,3.20607242765479e-05,0
"194","ko:K00571",1,1,2.1708613123154e-05,3.15232826089536e-05
"195","ko:K00574",0.1640625,0.747673496432854,9.14901162147042e-05,3.0595140496139e-05
"196","ko:K00575",0.371093369522698,0.83928394120996,0,0
"197","ko:K00595",0.280712665268496,0.83928394120996,0,0
"198","ko:K00598",0.0591720678258594,0.527967547117184,0,1.28708045952871e-05
"199","ko:K00600",0.0390625,0.514508928571429,0.000257092205565615,0.000203892069750904
"200","ko:K00602",0.5703125,1,0.00114983773878717,0.00125949680797725
"201","ko:K00603",0.734375,1,7.21087475334719e-05,5.10042340186393e-05
"202","ko:K00604",1,1,2.92091497156384e-05,4.23254521330377e-05
"203","ko:K00605",0.293621543928906,0.83928394120996,0.000127909288880604,5.52631911826261e-05
"204","ko:K00606",0.787406490666269,1,0,0
"205","ko:K00608",0.07421875,0.591588674957055,0.00047511723719565,0.000352251286302602
"206","ko:K00609",1,1,0.000709829755644983,0.00072445351132564
"207","ko:K00610",0.62406453246517,1,5.27470584625185e-05,0.000113937160056527
"208","ko:K00611",0.0390625,0.514508928571429,0.00111754829402493,0.000832411942277037
"209","ko:K00612",0.371093369522698,0.83928394120996,0,0
"210","ko:K00613",0.12890625,0.699126838235294,0.000197005359550424,0.000318577757562719
"211","ko:K00615",0.30078125,0.83928394120996,0.00422407209913079,0.00370572531400849
"212","ko:K00616",0.49609375,0.964975606540084,0.00483980992489881,0.0031534424040421
"213","ko:K00620",0.01171875,0.438027871621622,0.000169714017138985,0.000236400665405289
"214","ko:K00625",0.65234375,1,0.00171423612718174,0.00200863729477771
"215","ko:K00626",0.49609375,0.964975606540084,0.00454285608457266,0.00636760061995692
"216","ko:K00627",0.734375,1,2.74025163583423e-05,3.36749539729218e-05
"217","ko:K00631",0.361310428526179,0.83928394120996,0,0
"218","ko:K00632",0.371093369522698,0.83928394120996,0,0
"219","ko:K00633",0.589638551626567,1,0,0
"220","ko:K00634",0.00390625,0.308705357142857,0.000226600570574766,0.000123323950988567
"221","ko:K00639",1,1,0.000122334461360624,4.92013163855808e-05
"222","ko:K00640",0.0800579199844347,0.600108961184137,0,1.15341202539561e-05
"223","ko:K00645",0.271898710819648,0.83928394120996,6.98542347236698e-06,8.44445683749283e-06
"224","ko:K00648",0.271898710819648,0.83928394120996,6.27252760209188e-06,1.32544648000286e-05
"225","ko:K00651",0.359375,0.83928394120996,6.49470300031969e-05,8.6693009570816e-05
"226","ko:K00652",1,1,0.000122334461360624,4.92013163855808e-05
"227","ko:K00655",0.183430618982178,0.747673496432854,5.52194912287691e-05,1.7935290417983e-05
"228","ko:K00656",0.07421875,0.591588674957055,0.0127560628521521,0.00956814900984336
"229","ko:K00657",0.362726506485098,0.83928394120996,0.000123314695522056,8.27070196205358e-06
"230","ko:K00658",0.177529852412153,0.747673496432854,0,0
"231","ko:K00661",0.833634883024682,1,1.25496012857126e-05,1.18888709431405e-05
"232","ko:K00663",1,1,0,0
"233","ko:K00666",1,1,0,0
"234","ko:K00674",0.23395283347059,0.826454070727523,6.25648635291672e-05,2.94786226123397e-05
"235","ko:K00677",0.799846105662473,1,1.09870918257347e-05,5.8399168304567e-06
"236","ko:K00681",0.422678074170635,0.879545136295743,0,0
"237","ko:K00688",0.09765625,0.62797115320067,0.00246302512341823,0.0036735850198601
"238","ko:K00690",0.12890625,0.699126838235294,0.000209336586249427,0.000118286025549868
"239","ko:K00691",0.554113130069446,1,2.08776959989177e-05,1.43532441593148e-05
"240","ko:K00700",0.65234375,1,0.00136568706807957,0.00137611942152759
"241","ko:K00702",1,1,2.9630167765708e-05,2.38724382606393e-05
"242","ko:K00703",0.09765625,0.62797115320067,0.000483405140789294,0.000913752336423965
"243","ko:K00705",0.65234375,1,0.000428244482611269,0.000533874045469183
"244","ko:K00712",1,1,0,0
"245","ko:K00721",0.18144920772142,0.747673496432854,0,0
"246","ko:K00756",0.554113130069446,1,4.53466460468818e-05,0
"247","ko:K00757",0.0078125,0.366260593220339,2.39564361387143e-05,6.73794788915217e-05
"248","ko:K00758",0.554113130069446,1,4.53466460468818e-05,0
"249","ko:K00759",0.30078125,0.83928394120996,0.000271760354555473,0.000323880970267471
"250","ko:K00760",0.1640625,0.747673496432854,0.000213627709220565,0.000113096495293896
"251","ko:K00761",0.8203125,1,0.000133528092827509,8.68350383734585e-05
"252","ko:K00762",0.42578125,0.879545136295743,0.00043063079337254,0.000409540002522826
"253","ko:K00763",0.0546875,0.527967547117184,0.000241875304194974,0.000134027455939771
"254","ko:K00764",0.734375,1,0.000122060533210695,9.46857022646072e-05
"255","ko:K00765",0.5703125,1,6.22552270693928e-05,4.63194312558106e-05
"256","ko:K00766",0.583882420770365,1,0,0
"257","ko:K00767",0.49609375,0.964975606540084,4.94308916910619e-05,4.97140138419879e-05
"258","ko:K00768",0.371093369522698,0.83928394120996,0,0
"259","ko:K00772",0.25,0.833132530120482,3.29947126304254e-05,7.73771844554475e-05
"260","ko:K00773",1,1,0,0
"261","ko:K00782",1,1,0,0
"262","ko:K00784",0.371093369522698,0.83928394120996,0,0
"263","ko:K00788",0.8203125,1,3.78143035747236e-05,0.000110659941425553
"264","ko:K00789",0.203125,0.747673496432854,0.000740363466446548,0.000589852477988806
"265","ko:K00790",0.49609375,0.964975606540084,0.000135279763022471,8.28233297884973e-05
"266","ko:K00791",0.201242620957724,0.747673496432854,0,0
"267","ko:K00793",0.672603817441517,1,3.77450393194952e-06,6.4879093785022e-06
"268","ko:K00794",0.65234375,1,5.76860488951477e-05,9.85063760871822e-05
"269","ko:K00795",1,1,0,0
"270","ko:K00796",0.0546875,0.527967547117184,0.000168079486099351,5.94064461499412e-05
"271","ko:K00797",0.371093369522698,0.83928394120996,0,0
"272","ko:K00798",0.672603817441517,1,9.16005477824085e-06,9.30415409805286e-06
"273","ko:K00799",0.371093369522698,0.83928394120996,0,0
"274","ko:K00800",0.932646638965876,1,1.62900696373731e-05,1.81792924229237e-05
"275","ko:K00803",1,1,0,0
"276","ko:K00806",0.141482121482793,0.728447828140855,8.06380612914603e-06,1.99740513292815e-05
"277","ko:K00812",0.5703125,1,0.000216820890678479,0.000277641849263471
"278","ko:K00813",0.29450739368011,0.83928394120996,0,7.19827633618856e-06
"279","ko:K00814",0.734375,1,8.87977935867325e-05,0.000139924671058287
"280","ko:K00817",0.65234375,1,9.69477272727304e-05,8.55571854007785e-05
"281","ko:K00820",0.734375,1,0.000284121098725133,0.000269685395137989
"282","ko:K00821",0.30078125,0.83928394120996,0.000521264551293228,0.000986396849431626
"283","ko:K00823",1,1,0,0
"284","ko:K00824",0.401678166469773,0.879545136295743,0,0
"285","ko:K00826",1,1,0.000435413051688023,0.000432788689591572
"286","ko:K00831",0.30078125,0.83928394120996,0.000146470220593848,0.000387055760163591
"287","ko:K00832",0.29450739368011,0.83928394120996,0,7.19827633618856e-06
"288","ko:K00833",0.0590582290905367,0.527967547117184,0,1.02564757608366e-05
"289","ko:K00836",1,1,0,0
"290","ko:K00841",0.371093369522698,0.83928394120996,0,0
"291","ko:K00845",0.1640625,0.747673496432854,0.000772848901361872,0.000554573776896606
"292","ko:K00847",0.1640625,0.747673496432854,0.000486899496996454,0.000304349488339422
"293","ko:K00848",0.02734375,0.484825721153846,0.000246661064408218,0.000538514761204117
"294","ko:K00849",0.359375,0.83928394120996,0.000492519056536227,0.000483998270694824
"295","ko:K00850",0.09765625,0.62797115320067,0.00093828912461017,0.00147956038426862
"296","ko:K00851",0.5703125,1,0.000156261186581813,0.000327224532185897
"297","ko:K00852",0.107327557761612,0.642942933689252,3.75750588812596e-05,1.28345619804996e-05
"298","ko:K00853",0.00390625,0.308705357142857,0.000554963659720979,0.000111700945560474
"299","ko:K00854",0.00390625,0.308705357142857,0.00115499296541393,0.000321787714944516
"300","ko:K00856",1,1,0,0
"301","ko:K00857",1,1,0.00086759055287768,0.000855277635728613
"302","ko:K00858",1,1,0,0
"303","ko:K00859",0.799846105662473,1,1.24792304946745e-05,7.73997544935603e-06
"304","ko:K00860",0.589638551626567,1,0,0
"305","ko:K00862",1,1,0,0
"306","ko:K00863",0.30078125,0.83928394120996,0.00115547486318344,0.000706622237132886
"307","ko:K00864",0.49609375,0.964975606540084,0.00192203217972076,0.00109364855530277
"308","ko:K00865",1,1,0,0
"309","ko:K00868",0.177529852412153,0.747673496432854,0,0
"310","ko:K00872",0.0142661867014469,0.43921493902439,2.06132623819874e-05,0
"311","ko:K00873",0.00390625,0.308705357142857,0.00510609133108243,0.0017588733477019
"312","ko:K00874",0.91015625,1,0.000115517491229998,0.000207660086856353
"313","ko:K00876",0.183430618982178,0.747673496432854,1.04353235611119e-05,4.03144629681111e-05
"314","ko:K00878",0.29450739368011,0.83928394120996,0,2.32675129965964e-05
"315","ko:K00879",0.589638551626567,1,0,0
"316","ko:K00882",0.01953125,0.43921493902439,0.000405738744112215,0.000168580411840568
"317","ko:K00886",0.0142661867014469,0.43921493902439,7.57721809772623e-05,1.30931646606807e-05
"318","ko:K00891",0.8203125,1,9.01679127710647e-05,0.000151084808024524
"319","ko:K00895",0.787406490666269,1,0,0
"320","ko:K00897",1,1,0,0
"321","ko:K00899",0.12890625,0.699126838235294,2.46766069593046e-05,7.28151532336715e-05
"322","ko:K00912",1,1,0,0
"323","ko:K00917",1,1,0,0
"324","ko:K00919",0.401678166469773,0.879545136295743,0,8.13127031170305e-06
"325","ko:K00925",0.65234375,1,0.00496984086120442,0.00528900131249512
"326","ko:K00926",0.1640625,0.747673496432854,0.000618760001023933,0.000713027437369637
"327","ko:K00927",0.07421875,0.591588674957055,0.00934281237691218,0.0084644264549299
"328","ko:K00928",0.203125,0.747673496432854,0.000345435719992427,0.000440361735627039
"329","ko:K00929",0.25,0.833132530120482,1.17413285033502e-05,1.51003233252692e-05
"330","ko:K00930",0.07421875,0.591588674957055,0.000217508053814353,0.000317091878003847
"331","ko:K00931",0.422678074170635,0.879545136295743,0,0
"332","ko:K00932",0.371093369522698,0.83928394120996,0,0
"333","ko:K00933",0.0590582290905367,0.527967547117184,0,1.40469310023555e-05
"334","ko:K00934",0.0590582290905367,0.527967547117184,0,1.40469310023555e-05
"335","ko:K00936",1,1,3.0436975028266e-05,9.61614465144001e-06
"336","ko:K00937",0.65234375,1,0.00037303825508741,0.000299848235325391
"337","ko:K00939",0.0078125,0.366260593220339,0.000673238999487028,0.000403504641743091
"338","ko:K00940",0.799846105662473,1,1.65646484767653e-05,4.69027871773047e-06
"339","ko:K00941",0.62406453246517,1,1.52048711617036e-05,8.9007245293977e-06
"340","ko:K00942",0.07421875,0.591588674957055,4.28485357881193e-05,3.45126794698713e-05
"341","ko:K00943",0.41849223344682,0.879545136295743,0,0
"342","ko:K00945",0.09765625,0.62797115320067,0.00119794603740782,0.0015525581752836
"343","ko:K00948",0.359375,0.83928394120996,0.00083353318603262,0.000801544715648798
"344","ko:K00950",0.203125,0.747673496432854,0.000171170418518468,9.18516321302608e-05
"345","ko:K00951",0.25,0.833132530120482,2.52423318874987e-05,8.83115986061772e-06
"346","ko:K00954",1,1,8.76866330853358e-06,1.52280241742536e-05
"347","ko:K00955",0.799846105662473,1,6.56809382833887e-06,7.36996088699195e-05
"348","ko:K00956",0.799846105662473,1,6.56809382833887e-06,7.36996088699195e-05
"349","ko:K00957",0.201242620957724,0.747673496432854,0,0
"350","ko:K00958",0.01953125,0.43921493902439,0.00171083221045672,0.00107922501882407
"351","ko:K00962",0.65234375,1,0.00157308571636432,0.00133464542041696
"352","ko:K00963",0.203125,0.747673496432854,9.70140952706654e-05,7.32984338715584e-05
"353","ko:K00965",0.0546875,0.527967547117184,0.00179406081542268,0.000940482103992457
"354","ko:K00968",0.944182513250483,1,3.29467795977808e-06,5.58318575213005e-06
"355","ko:K00969",0.91015625,1,2.95752981285735e-05,2.74317479264647e-05
"356","ko:K00970",0.42578125,0.879545136295743,8.50596441073616e-05,6.81665504609795e-05
"357","ko:K00971",1,1,4.63013388476569e-06,8.39491159463062e-06
"358","ko:K00972",0.100348246462291,0.62797115320067,0,0
"359","ko:K00973",0.65234375,1,0.000221561388274898,0.000354406522346368
"360","ko:K00974",0.49609375,0.964975606540084,8.50596441073616e-05,6.51035676290032e-05
"361","ko:K00975",0.42578125,0.879545136295743,0.00192046056079087,0.0026188072001466
"362","ko:K00978",0.422678074170635,0.879545136295743,0,0
"363","ko:K00979",1,1,0,0
"364","ko:K00980",0.944182513250483,1,3.29467795977808e-06,5.58318575213005e-06
"365","ko:K00981",1,1,0,0
"366","ko:K00982",0.0360316862182336,0.514508928571429,1.09832816464139e-05,0
"367","ko:K00983",1,1,0,0
"368","ko:K00984",1,1,0,0
"369","ko:K00989",0.362726506485098,0.83928394120996,2.49335204569421e-05,4.07741359793064e-06
"370","ko:K00990",1,1,0,0
"371","ko:K00991",0.65234375,1,6.10286364958997e-05,5.69405789893894e-05
"372","ko:K00997",1,1,0,0
"373","ko:K00998",1,1,0,0
"374","ko:K01006",0.0546875,0.527967547117184,0.0151844735169321,0.0259970405733306
"375","ko:K01007",0.446872820710831,0.902226439478948,2.57470404078638e-05,8.08578794597999e-06
"376","ko:K01008",1,1,0,0
"377","ko:K01011",1,1,0,0
"378","ko:K01012",0.280712665268496,0.83928394120996,0,0
"379","ko:K01023",0.18144920772142,0.747673496432854,0,0
"380","ko:K01026",0.5703125,1,0.000135099236318235,0.000273722173151279
"381","ko:K01027",0.058707408431205,0.527967547117184,0,5.72954006373679e-05
"382","ko:K01029",0.058707408431205,0.527967547117184,0,5.72954006373679e-05
"383","ko:K01034",0.49609375,0.964975606540084,2.19296633897841e-05,6.69524397573825e-05
"384","ko:K01035",0.058707408431205,0.527967547117184,0,5.72954006373679e-05
"385","ko:K01039",0.5703125,1,0.00021835787995318,0.000103722211748898
"386","ko:K01040",1,1,0.000133645292018812,8.7237706997944e-05
"387","ko:K01046",0.855132140584706,1,0,0
"388","ko:K01048",0.0390625,0.514508928571429,4.95546692121175e-05,0.00016401054039043
"389","ko:K01051",0.141482121482793,0.728447828140855,4.30939936889611e-05,0.000113081356689158
"390","ko:K01053",0.855132140584706,1,0,0
"391","ko:K01057",0.5703125,1,0.00105978837631435,0.00105404383142271
"392","ko:K01060",1,1,0,0
"393","ko:K01066",0.371093369522698,0.83928394120996,0,0
"394","ko:K01067",0.8203125,1,7.13115579950322e-05,0.000152506104198145
"395","ko:K01069",0.528612125255688,1,1.85607526788004e-05,2.00114029615747e-05
"396","ko:K01073",1,1,0,0
"397","ko:K01077",0.8203125,1,6.27970744420016e-05,0.000139074702796762
"398","ko:K01079",0.042315274905714,0.527967547117184,3.39883157651366e-05,7.38468827125498e-06
"399","ko:K01081",0.65234375,1,2.14361278606136e-05,3.24467836767469e-05
"400","ko:K01083",1,1,0,0
"401","ko:K01085",0.371093369522698,0.83928394120996,0,0
"402","ko:K01087",0.371093369522698,0.83928394120996,0,0
"403","ko:K01089",0.30078125,0.83928394120996,0,1.22795187278902e-05
"404","ko:K01090",0.105645429201877,0.642942933689252,7.64022506766314e-06,0
"405","ko:K01091",0.833634883024682,1,2.10074087701604e-05,2.98879296078237e-05
"406","ko:K01092",0.00390625,0.308705357142857,6.71372034798515e-05,1.38105204018075e-05
"407","ko:K01101",0.29450739368011,0.83928394120996,0,0
"408","ko:K01104",0.65234375,1,5.08260549501565e-05,6.6677628864103e-05
"409","ko:K01113",1,1,0,0
"410","ko:K01114",1,1,0,0
"411","ko:K01118",1,1,0,0
"412","ko:K01119",0.91015625,1,6.12909000055811e-05,7.65087733722866e-05
"413","ko:K01126",0.203125,0.747673496432854,0.000161658297515958,0.000140710733008662
"414","ko:K01129",0.204893893816379,0.747673496432854,2.13367309931353e-06,7.27830423966308e-06
"415","ko:K01130",0.371093369522698,0.83928394120996,0,0
"416","ko:K01134",1,1,0,0
"417","ko:K01138",0.142213241936393,0.728447828140855,9.55821598400644e-06,0
"418","ko:K01139",0.280712665268496,0.83928394120996,3.94515153443819e-06,0
"419","ko:K01142",0.41849223344682,0.879545136295743,0,0
"420","ko:K01146",1,1,0,0
"421","ko:K01151",1,1,0,0
"422","ko:K01153",0.8203125,1,9.08913935316411e-05,0.000158363676847419
"423","ko:K01155",1,1,0,0
"424","ko:K01156",0.371093369522698,0.83928394120996,0,0
"425","ko:K01173",1,1,0,0
"426","ko:K01176",0.09765625,0.62797115320067,0.000816518034841236,0.00264595342681838
"427","ko:K01178",1,1,0,0
"428","ko:K01179",0.734375,1,0.00022844384293755,0.000215383491806866
"429","ko:K01181",0.02734375,0.484825721153846,0.000542338785076372,0.000217650849853915
"430","ko:K01182",0.65234375,1,0.000731866359956678,0.00105528482303423
"431","ko:K01183",0.42578125,0.879545136295743,0.0010242444717945,0.000333911099482866
"432","ko:K01185",0.401678166469773,0.879545136295743,4.25665945237374e-06,0
"433","ko:K01186",0.203125,0.747673496432854,0.000513631694784378,0.000298374067028946
"434","ko:K01187",0.02734375,0.484825721153846,0.000829807287805661,0.00163108074944615
"435","ko:K01190",0.49609375,0.964975606540084,0.00166732218696778,0.00217106363018647
"436","ko:K01191",0.1640625,0.747673496432854,0.000118150353375057,0.00024406764109641
"437","ko:K01192",0.01171875,0.438027871621622,9.29311753088905e-05,0.000252835927432986
"438","ko:K01193",0.359375,0.83928394120996,0.00053803575066593,0.0002678090509468
"439","ko:K01194",0.371093369522698,0.83928394120996,0,0
"440","ko:K01195",0.441208519505878,0.899987289788538,1.64797211811234e-05,1.72537320976798e-05
"441","ko:K01197",0.734375,1,0.000805621053506676,0.00149211816529527
"442","ko:K01198",0.359375,0.83928394120996,0.000233521008913296,0.000293612219210466
"443","ko:K01200",0.01171875,0.438027871621622,7.32665286104858e-05,0.000204454517151548
"444","ko:K01201",0.204893893816379,0.747673496432854,0,1.33657386823111e-05
"445","ko:K01205",0.789268026134281,1,0,0
"446","ko:K01206",0.65234375,1,0.000387226152052408,0.000464319361081961
"447","ko:K01207",0.446872820710831,0.902226439478948,7.68869459313698e-06,0
"448","ko:K01208",0.0142661867014469,0.43921493902439,0,5.84200017945044e-05
"449","ko:K01209",0.49609375,0.964975606540084,0.000711761819338174,0.00085085294944654
"450","ko:K01210",1,1,0,0
"451","ko:K01212",0.49609375,0.964975606540084,6.39795612342712e-05,7.5307911407922e-05
"452","ko:K01213",0.18144920772142,0.747673496432854,0,0
"453","ko:K01214",0.150785565027971,0.747673496432854,3.37777564211724e-05,3.06030626199061e-05
"454","ko:K01215",0.150785565027971,0.747673496432854,0,8.26490419791729e-06
"455","ko:K01218",0.91015625,1,0.000110468787853006,0.00031283732392014
"456","ko:K01219",0.0346105575157073,0.514508928571429,0,1.12589730519458e-05
"457","ko:K01220",0.529368106184798,1,0,7.12145331192325e-06
"458","ko:K01222",0.65234375,1,0.000101888703624343,0.000220569161961726
"459","ko:K01223",0.141482121482793,0.728447828140855,4.54972591281945e-05,7.36066373740467e-06
"460","ko:K01224",0.25,0.833132530120482,0.00480409419641931,0.007150453062717
"461","ko:K01226",0.362726506485098,0.83928394120996,4.82304404560232e-05,7.90119336057906e-06
"462","ko:K01227",0.42578125,0.879545136295743,0.00101488059073362,0.000394812689084815
"463","ko:K01232",0.726286148878805,1,4.83740821981523e-05,0.00019980663010192
"464","ko:K01233",0.789268026134281,1,0,0
"465","ko:K01235",0.529368106184798,1,0,7.19095102877225e-06
"466","ko:K01236",0.00390625,0.308705357142857,0.000245547078456702,0.000531212771771947
"467","ko:K01239",0.944182513250483,1,1.69736091087012e-05,2.95844645101604e-05
"468","ko:K01241",1,1,0,0
"469","ko:K01243",0.49609375,0.964975606540084,5.08585049863675e-05,5.17484970643161e-05
"470","ko:K01250",0.401678166469773,0.879545136295743,1.17857946069607e-05,0
"471","ko:K01251",0.0142661867014469,0.43921493902439,2.81203466577065e-05,0
"472","ko:K01255",0.1640625,0.747673496432854,2.88321634468443e-05,1.19889834487922e-05
"473","ko:K01256",0.0546875,0.527967547117184,0.000428548691374651,0.000152807430411305
"474","ko:K01258",0.734375,1,0.000144027729916465,0.00010281808566717
"475","ko:K01259",0.49609375,0.964975606540084,8.04758336568838e-05,4.20185376221875e-05
"476","ko:K01261",0.371093369522698,0.83928394120996,0,0
"477","ko:K01262",0.0390625,0.514508928571429,0.0014025900155076,0.000671204178529188
"478","ko:K01265",0.30078125,0.83928394120996,0.000260480665990197,0.000114095891002047
"479","ko:K01267",1,1,9.93924262096217e-05,0.000145308064253228
"480","ko:K01269",0.371093369522698,0.83928394120996,0,0
"481","ko:K01270",0.25,0.833132530120482,0.000812342239954168,0.000669900125581825
"482","ko:K01271",0.8203125,1,0.000312585671843692,0.000254115268249215
"483","ko:K01273",0.554113130069446,1,0,1.36243601925617e-05
"484","ko:K01274",0.41849223344682,0.879545136295743,0,0
"485","ko:K01278",0.30078125,0.83928394120996,0.000127404987281962,7.87459131899359e-05
"486","ko:K01281",0.0590582290905367,0.527967547117184,1.75223089603246e-05,0
"487","ko:K01284",0.944182513250483,1,6.93580557629052e-06,3.14050076294139e-05
"488","ko:K01286",1,1,0,0
"489","ko:K01297",1,1,0,0
"490","ko:K01299",0.30078125,0.83928394120996,7.30191521722107e-05,1.65901104121653e-05
"491","ko:K01303",0.177529852412153,0.747673496432854,0,0
"492","ko:K01304",1,1,0,0
"493","ko:K01305",0.5703125,1,7.18021842431123e-05,6.8348893067862e-05
"494","ko:K01317",0.855132140584706,1,0,0
"495","ko:K01318",1,1,0,0
"496","ko:K01322",1,1,0,0
"497","ko:K01338",0.8203125,1,1.81551803295576e-05,3.51911469059965e-05
"498","ko:K01354",0.100348246462291,0.62797115320067,0,0
"499","ko:K01356",0.359375,0.83928394120996,2.06237535600506e-05,2.93880949718238e-05
"500","ko:K01358",0.734375,1,0.000506434923416097,0.000383244381049109
"501","ko:K01361",0.362726506485098,0.83928394120996,0,2.15669464087799e-05
"502","ko:K01372",0.25,0.833132530120482,0.000435639223222565,0.000329004776660974
"503","ko:K01387",1,1,0,0
"504","ko:K01399",1,1,0,0
"505","ko:K01406",0.49609375,0.964975606540084,7.70945617385138e-06,0.000125591666098889
"506","ko:K01409",0.833634883024682,1,1.39127238360829e-05,3.70199934570929e-05
"507","ko:K01414",0.944182513250483,1,6.93580557629052e-06,3.14050076294139e-05
"508","ko:K01415",0.0078125,0.366260593220339,0.000197772483007751,4.12877447527029e-05
"509","ko:K01419",1,1,0,0
"510","ko:K01421",0.49609375,0.964975606540084,0.000542322815859107,0.000534230862647121
"511","ko:K01424",0.203125,0.747673496432854,8.72840347320963e-05,3.58868277259547e-05
"512","ko:K01425",0.371093369522698,0.83928394120996,0,0
"513","ko:K01426",0.371093369522698,0.83928394120996,0,0
"514","ko:K01428",0.359375,0.83928394120996,0.000185371486453467,0.00017855188711012
"515","ko:K01429",0.203125,0.747673496432854,0,2.01409872678619e-05
"516","ko:K01430",0.589638551626567,1,0,0
"517","ko:K01433",0.371093369522698,0.83928394120996,0,0
"518","ko:K01436",0.1640625,0.747673496432854,5.49293475926629e-05,9.42145868297101e-05
"519","ko:K01439",0.5703125,1,0.000218290590699855,0.000202320370138897
"520","ko:K01442",0.12890625,0.699126838235294,0.000814520856450965,0.000406115101715954
"521","ko:K01443",0.8203125,1,0.00072567919191415,0.000554231690423517
"522","ko:K01447",1,1,0,0
"523","ko:K01448",0.49609375,0.964975606540084,0.000645084149677452,0.000941750264608176
"524","ko:K01450",1,1,0,0
"525","ko:K01455",1,1,0,0
"526","ko:K01457",0.0519129649350183,0.527967547117184,0,6.07640201731609e-06
"527","ko:K01459",1,1,0,0
"528","ko:K01460",1,1,0,0
"529","ko:K01462",0.0800579199844347,0.600108961184137,6.02506469150537e-05,3.2569499151777e-05
"530","ko:K01464",0.293621543928906,0.83928394120996,0.000109780099844372,0.000103358218201196
"531","ko:K01465",0.1640625,0.747673496432854,0.00055495729615671,0.00030083601632644
"532","ko:K01466",0.371093369522698,0.83928394120996,0,0
"533","ko:K01467",0.100348246462291,0.62797115320067,0,0
"534","ko:K01468",0.672603817441517,1,8.2094608013768e-06,4.35742093262959e-06
"535","ko:K01469",0.554113130069446,1,6.45451337675457e-06,2.35041222273429e-05
"536","ko:K01470",0.62406453246517,1,1.07486360856346e-05,2.07382154701456e-05
"537","ko:K01473",0.100348246462291,0.62797115320067,0,0
"538","ko:K01474",0.100348246462291,0.62797115320067,0,0
"539","ko:K01478",0.0390625,0.514508928571429,0.0017612933972518,0.00103326540570514
"540","ko:K01480",0.371093369522698,0.83928394120996,0,0
"541","ko:K01482",0.371093369522698,0.83928394120996,0,0
"542","ko:K01483",0.01953125,0.43921493902439,0,2.50561793747887e-05
"543","ko:K01485",0.371093369522698,0.83928394120996,0,0
"544","ko:K01486",0.0208625823327655,0.450827365097105,1.16578063325751e-05,3.76664101034437e-05
"545","ko:K01487",0.29450739368011,0.83928394120996,0,0
"546","ko:K01488",0.371093369522698,0.83928394120996,0,0
"547","ko:K01489",0.058707408431205,0.527967547117184,0,8.84688068126398e-06
"548","ko:K01491",0.12890625,0.699126838235294,0.000310093897041775,0.000665130643185909
"549","ko:K01495",0.441208519505878,0.899987289788538,4.2427660885969e-05,2.19555798685957e-05
"550","ko:K01496",0.042315274905714,0.527967547117184,0,1.66245348870802e-05
"551","ko:K01497",0.359375,0.83928394120996,5.66002359465425e-05,4.92050944022744e-05
"552","ko:K01498",0.142213241936393,0.728447828140855,3.92485922309343e-06,0
"553","ko:K01501",1,1,0,0
"554","ko:K01507",1,1,0.000245160343895604,0.000271286186247736
"555","ko:K01512",1,1,0,0
"556","ko:K01515",0.0142661867014469,0.43921493902439,0.000112079676627619,0
"557","ko:K01520",0.734375,1,2.46212137107573e-05,3.81654443012577e-05
"558","ko:K01523",0.0800579199844347,0.600108961184137,7.5531846489959e-05,2.98985811595293e-05
"559","ko:K01524",0.09765625,0.62797115320067,3.50428738978431e-05,1.17974316226161e-05
"560","ko:K01533",0.359375,0.83928394120996,3.12166912194413e-05,7.26198709920656e-05
"561","ko:K01534",0.352542137499713,0.83928394120996,0,1.28488706109098e-05
"562","ko:K01537",0.1640625,0.747673496432854,0.000264667857180791,0.000181819470608105
"563","ko:K01541",0.293621543928906,0.83928394120996,1.96078912547307e-05,6.79061812042729e-05
"564","ko:K01548",1,1,0,0
"565","ko:K01551",1,1,0,0
"566","ko:K01560",0.672603817441517,1,3.99952897692851e-06,1.20949363341589e-05
"567","ko:K01563",0.042315274905714,0.527967547117184,3.48607837981651e-05,6.95036387730648e-05
"568","ko:K01571",0.01171875,0.438027871621622,0.000220840189894019,0.000412628108059541
"569","ko:K01572",0.446872820710831,0.902226439478948,5.47901848698496e-06,2.77355682910006e-06
"570","ko:K01575",1,1,0,0
"571","ko:K01577",1,1,0,0
"572","ko:K01579",1,1,0,8.88772878734168e-06
"573","ko:K01580",0.203125,0.747673496432854,5.67641385379021e-05,2.72448284214874e-05
"574","ko:K01581",0.12890625,0.699126838235294,0.000113827961496529,2.31740764670699e-05
"575","ko:K01582",0.0519129649350183,0.527967547117184,0.000108864304873969,0
"576","ko:K01583",0.18144920772142,0.747673496432854,0,0
"577","ko:K01584",0.18144920772142,0.747673496432854,0,0
"578","ko:K01585",0.1640625,0.747673496432854,0.000113827961496529,2.31740764670699e-05
"579","ko:K01586",0.12890625,0.699126838235294,0.000148705979825123,0.000210976198609397
"580","ko:K01587",0.01171875,0.438027871621622,0.000618153850555001,0.000390467223577058
"581","ko:K01588",0.65234375,1,0.000156043477250194,0.000164206407020635
"582","ko:K01589",0.141482121482793,0.728447828140855,8.58155117592241e-05,4.70129615836571e-05
"583","ko:K01591",0.00390625,0.308705357142857,0.000351213699538965,0.000724766644594571
"584","ko:K01595",0.25,0.833132530120482,0.000843525983835095,0.000378166302253009
"585","ko:K01596",0.362726506485098,0.83928394120996,1.73665320986753e-05,0.000117228112000599
"586","ko:K01598",0.554113130069446,1,0,1.85631979292321e-05
"587","ko:K01599",0.0590582290905367,0.527967547117184,0,1.23442841510301e-05
"588","ko:K01601",0.361310428526179,0.83928394120996,0,0
"589","ko:K01609",0.833634883024682,1,4.32564443804866e-05,1.50451081059218e-05
"590","ko:K01610",0.01171875,0.438027871621622,0.00377926535337503,0.00582258062006373
"591","ko:K01613",0.422678074170635,0.879545136295743,0,0
"592","ko:K01615",0.734375,1,0.000423702333172597,0.000583200170579035
"593","ko:K01616",0.371093369522698,0.83928394120996,0,0
"594","ko:K01619",0.25,0.833132530120482,0.000219786916287295,0.000333277583700331
"595","ko:K01620",0.833935414088552,1,0,0
"596","ko:K01621",0.01953125,0.43921493902439,0.0108269886040978,0.00616283894913271
"597","ko:K01623",0.25,0.833132530120482,3.99400306199456e-05,6.09064246916634e-05
"598","ko:K01624",0.8203125,1,0.00796103746463314,0.00680309385093918
"599","ko:K01625",0.8203125,1,0.000151348342679997,0.000185246761516698
"600","ko:K01626",0.07421875,0.591588674957055,8.45471699389257e-05,0.000348598846069497
"601","ko:K01627",0.799846105662473,1,7.59879278073342e-06,4.20833750581262e-06
"602","ko:K01628",1,1,0.00173115023994986,0.0016957508953497
"603","ko:K01629",0.01953125,0.43921493902439,7.23776704173319e-05,0.000210640015516128
"604","ko:K01633",0.0546875,0.527967547117184,0.000167313212256558,5.41522137079915e-05
"605","ko:K01635",0.589638551626567,1,9.931705112567e-06,0
"606","ko:K01637",1,1,0,0
"607","ko:K01638",1,1,0,0
"608","ko:K01639",0.293621543928906,0.83928394120996,0.000125705786275941,0.000177853027905872
"609","ko:K01643",0.0360316862182336,0.514508928571429,2.55111626975017e-05,0
"610","ko:K01644",0.583882420770365,1,0,0
"611","ko:K01646",1,1,0,0
"612","ko:K01647",0.0546875,0.527967547117184,9.21454221248223e-05,0.000256074371187048
"613","ko:K01649",0.65234375,1,0.00016008879570054,0.000241826509338582
"614","ko:K01652",0.25,0.833132530120482,0.000138663669266922,0.000267123589435003
"615","ko:K01653",0.528612125255688,1,4.4666829173995e-05,5.73082506630025e-05
"616","ko:K01654",0.422678074170635,0.879545136295743,0,0
"617","ko:K01657",0.23395283347059,0.826454070727523,5.93039213218782e-05,2.50707584363787e-05
"618","ko:K01658",0.371093369522698,0.83928394120996,0,0
"619","ko:K01662",0.554113130069446,1,0,5.8641902842486e-06
"620","ko:K01663",0.208412803684149,0.748662097390071,0,7.36360999765283e-06
"621","ko:K01664",0.855132140584706,1,0,0
"622","ko:K01665",1,1,0,0
"623","ko:K01666",0.0346105575157073,0.514508928571429,0,2.08916859643058e-05
"624","ko:K01667",0.91015625,1,0.000445218044938667,0.000480033346374102
"625","ko:K01668",0.0360316862182336,0.514508928571429,0,0.000172067133167242
"626","ko:K01671",0.589638551626567,1,9.931705112567e-06,0
"627","ko:K01673",0.0142661867014469,0.43921493902439,1.29567817117543e-05,0
"628","ko:K01676",0.65234375,1,3.87900950337055e-05,1.80631480173209e-05
"629","ko:K01677",0.8203125,1,0.000297680310517745,0.000232330957155027
"630","ko:K01678",0.734375,1,3.87900950337055e-05,4.54208948925647e-05
"631","ko:K01679",0.62406453246517,1,5.77064526378647e-05,4.76228091597936e-05
"632","ko:K01681",0.25,0.833132530120482,0.000344369031483182,0.000739667261496375
"633","ko:K01682",0.371093369522698,0.83928394120996,0,0
"634","ko:K01684",0.789268026134281,1,0,0
"635","ko:K01685",0.799846105662473,1,0,8.47339297851735e-06
"636","ko:K01686",0.91015625,1,5.92970674932578e-05,4.30057903008763e-05
"637","ko:K01687",0.5703125,1,0.000633403559677985,0.000611463684898962
"638","ko:K01689",0.02734375,0.484825721153846,0.0101381519348656,0.00733931624231243
"639","ko:K01692",0.799846105662473,1,0,0.000351855161541557
"640","ko:K01693",0.30078125,0.83928394120996,0,1.22795187278902e-05
"641","ko:K01695",0.91015625,1,2.04737138789757e-05,1.36825987936161e-05
"642","ko:K01696",0.441208519505878,0.899987289788538,7.54524459515083e-05,0.000118709296456627
"643","ko:K01697",0.0591720678258594,0.527967547117184,7.01321152736736e-05,0
"644","ko:K01698",0.49609375,0.964975606540084,0.000115140746414671,0.000117688893788978
"645","ko:K01699",0.42578125,0.879545136295743,0.0010045146563217,0.000901653990133711
"646","ko:K01703",0.25,0.833132530120482,9.03838764857935e-05,0.000165900876554737
"647","ko:K01704",0.441208519505878,0.899987289788538,3.68948255432579e-05,1.57893971324031e-05
"648","ko:K01706",0.589638551626567,1,0,0
"649","ko:K01708",0.855132140584706,1,0,0
"650","ko:K01709",0.359375,0.83928394120996,3.9052934091851e-05,5.25642787056013e-05
"651","ko:K01710",0.07421875,0.591588674957055,0.000277428807394034,0.000221083784396946
"652","ko:K01711",0.674986713970489,1,7.39210584665374e-06,9.65777122851713e-06
"653","ko:K01712",0.5703125,1,0.000179918834782934,0.000205456667062467
"654","ko:K01714",0.5703125,1,0.000875337623904249,0.00101294060328581
"655","ko:K01715",0.5703125,1,0.00125679253701863,0.00121437256011842
"656","ko:K01719",0.799846105662473,1,0,5.34805889243562e-06
"657","ko:K01725",1,1,0,0
"658","ko:K01728",0.352542137499713,0.83928394120996,0,1.97076992820893e-05
"659","ko:K01731",0.204893893816379,0.747673496432854,0,1.52990033807719e-05
"660","ko:K01733",0.734375,1,0.000514878270891167,0.000649447981082141
"661","ko:K01734",1,1,4.59510917719424e-05,5.29237879531223e-05
"662","ko:K01735",0.25,0.833132530120482,7.48277751716638e-05,4.68969530139477e-05
"663","ko:K01736",0.734375,1,4.71298895704616e-05,3.55054689796417e-05
"664","ko:K01737",0.529368106184798,1,0,0
"665","ko:K01738",0.25,0.833132530120482,0.000307652053107053,0.00087376773135053
"666","ko:K01739",0.62406453246517,1,9.33944708280509e-06,2.1357720519602e-05
"667","ko:K01740",0.42578125,0.879545136295743,0.000896845266695112,0.00158935128553427
"668","ko:K01744",0.01171875,0.438027871621622,8.61277743424105e-05,7.93561429150388e-06
"669","ko:K01745",0.8203125,1,3.4090890189512e-05,7.15255639435405e-05
"670","ko:K01746",1,1,0,0
"671","ko:K01749",1,1,0,0
"672","ko:K01751",0.49609375,0.964975606540084,0.0001046308721273,0.000128199984224428
"673","ko:K01752",1,1,0,5.5945130841979e-06
"674","ko:K01754",0.49609375,0.964975606540084,0.000231495419528814,0.000235444975998825
"675","ko:K01755",0.5703125,1,0.000148211691664609,0.000182025975351831
"676","ko:K01756",0.02734375,0.484825721153846,0.00125267174045939,0.000695094480299314
"677","ko:K01758",0.833634883024682,1,1.6663466471434e-05,1.30265825603893e-05
"678","ko:K01759",1,1,0.000116565257973296,0.000177637644100757
"679","ko:K01760",0.5703125,1,6.06352868843162e-05,0.000164797420813181
"680","ko:K01761",0.42578125,0.879545136295743,2.04072893877981e-05,0.000154272199111207
"681","ko:K01768",0.422678074170635,0.879545136295743,0,0
"682","ko:K01770",0.0519129649350183,0.527967547117184,7.58310220425327e-06,2.68707698008415e-05
"683","ko:K01771",1,1,0,0
"684","ko:K01775",0.8203125,1,0.000131236223339448,0.000118276837006329
"685","ko:K01776",0.0299739735865559,0.511777845311195,6.44853317565824e-05,1.06504347053754e-05
"686","ko:K01777",0.5703125,1,0.000152365601391984,0.000142171210395742
"687","ko:K01778",0.65234375,1,0.000149143696914621,0.000145904241203949
"688","ko:K01779",1,1,0,0
"689","ko:K01783",0.359375,0.83928394120996,6.93665574083029e-05,6.75965552473377e-05
"690","ko:K01784",0.1640625,0.747673496432854,0.00224017229634793,0.00128518577646549
"691","ko:K01785",0.25,0.833132530120482,0.000546275615077834,0.000471201967898323
"692","ko:K01787",1,1,0,0
"693","ko:K01788",0.446872820710831,0.902226439478948,3.42303044559574e-05,4.34786604026552e-05
"694","ko:K01790",0.0546875,0.527967547117184,0.000355103457730496,0.000126302189687873
"695","ko:K01791",0.0519129649350183,0.527967547117184,1.53940239918724e-05,5.305198162511e-06
"696","ko:K01792",0.141482121482793,0.728447828140855,5.56839784080366e-05,9.64898335942183e-06
"697","ko:K01795",0.789268026134281,1,0,0
"698","ko:K01802",0.12890625,0.699126838235294,0.000958950841451726,0.00107969716733405
"699","ko:K01803",0.0546875,0.527967547117184,0.00935668715844583,0.0085068850347921
"700","ko:K01804",0.0078125,0.366260593220339,0.00192564989446684,0.00137999368389594
"701","ko:K01805",0.8203125,1,7.9766185880248e-06,2.31377445638464e-05
"702","ko:K01807",0.42578125,0.879545136295743,0.000156261186581813,0.000323562501382373
"703","ko:K01808",0.183430618982178,0.747673496432854,0.00011977329398206,7.50453978221637e-05
"704","ko:K01809",0.359375,0.83928394120996,6.53941759849577e-05,7.71017155027551e-05
"705","ko:K01810",0.5703125,1,0.00475273900487136,0.00576015046091271
"706","ko:K01811",0.30078125,0.83928394120996,0.000104079835218043,0.00016726852407748
"707","ko:K01812",0.91015625,1,0.00100619070821584,0.00119484842432332
"708","ko:K01813",0.0546875,0.527967547117184,0.000140896165062818,0.000372966100755122
"709","ko:K01814",0.141482121482793,0.728447828140855,8.32921168169582e-05,3.89373423748928e-05
"710","ko:K01815",0.49609375,0.964975606540084,1.47448414558168e-05,3.97541148242107e-05
"711","ko:K01816",0.371093369522698,0.83928394120996,0,0
"712","ko:K01817",0.371093369522698,0.83928394120996,0,0
"713","ko:K01818",0.01953125,0.43921493902439,0.00241071516184772,0.00502137194066312
"714","ko:K01819",0.107327557761612,0.642942933689252,0.000121736191214578,0
"715","ko:K01823",0.361310428526179,0.83928394120996,0,0
"716","ko:K01829",1,1,0,0
"717","ko:K01834",0.01953125,0.43921493902439,0.00186044054595659,0.000610935564022389
"718","ko:K01835",0.359375,0.83928394120996,0.00281201731760733,0.00252230566959228
"719","ko:K01838",1,1,0,0
"720","ko:K01839",0.49609375,0.964975606540084,1.76807420602639e-05,3.69283950273714e-05
"721","ko:K01840",0.1640625,0.747673496432854,0.0013892542179489,0.0019834468356585
"722","ko:K01841",1,1,0,0
"723","ko:K01843",0.0078125,0.366260593220339,1.56449133461255e-05,0.000314226397030057
"724","ko:K01844",0.01953125,0.43921493902439,3.53500541264219e-05,0.000270962174962407
"725","ko:K01845",0.65234375,1,7.84254660859255e-05,0.000184513644914567
"726","ko:K01847",0.91015625,1,0.000179529305592794,7.82631469933914e-05
"727","ko:K01848",0.734375,1,0.000160135865398541,0.000214693665009183
"728","ko:K01849",0.8203125,1,0.000193073271814503,0.000148672879416559
"729","ko:K01854",0.734375,1,0.00033806885000935,0.000348085926918137
"730","ko:K01858",0.528612125255688,1,0,3.89707519477113e-05
"731","ko:K01866",0.8203125,1,0.000437231992086774,0.000346757405673494
"732","ko:K01867",0.359375,0.83928394120996,0.000145631311074587,6.98139646931529e-05
"733","ko:K01868",0.5703125,1,0.00135291014174369,0.00160034900633036
"734","ko:K01869",1,1,0.000569452484530058,0.000700885496263557
"735","ko:K01870",0.30078125,0.83928394120996,0.00041516725066355,0.000327941244530587
"736","ko:K01872",0.12890625,0.699126838235294,0.00167141462250996,0.00135867313576235
"737","ko:K01873",0.5703125,1,0.000708731260769853,0.000485767977037476
"738","ko:K01874",0.8203125,1,0.000829174705035781,0.000739773182088544
"739","ko:K01875",0.00390625,0.308705357142857,0.000314915118626807,0.000184103037283307
"740","ko:K01876",1,1,0.000943564234598353,0.00112733627979591
"741","ko:K01878",0.401678166469773,0.879545136295743,0,1.10754604790703e-05
"742","ko:K01879",0.0078125,0.366260593220339,0.000172006532346496,6.38145406036544e-05
"743","ko:K01880",0.00390625,0.308705357142857,0.000521238814966005,0.000343158880968511
"744","ko:K01881",0.5703125,1,0.00057751818838486,0.000634454241826996
"745","ko:K01883",0.91015625,1,0.000270611157252505,0.00028806238693848
"746","ko:K01885",0.12890625,0.699126838235294,0.000504400746777823,0.000281813203914832
"747","ko:K01886",1,1,0.000106802960355703,0.000140416137480401
"748","ko:K01887",0.09765625,0.62797115320067,0.000928536121964113,0.000551516399666836
"749","ko:K01889",0.12890625,0.699126838235294,0.000128753580534374,0.000245775945799562
"750","ko:K01890",0.91015625,1,0.000919856561410733,0.00118049763536587
"751","ko:K01892",1,1,0.000303366766113171,0.000264245929290161
"752","ko:K01893",0.5703125,1,9.35370738822742e-05,0.000127692339843593
"753","ko:K01895",1,1,0,0
"754","ko:K01897",0.203125,0.747673496432854,0.000216165894856957,0.000108974287093164
"755","ko:K01902",0.352542137499713,0.83928394120996,2.57690392118799e-05,3.02245644812033e-05
"756","ko:K01903",0.65234375,1,0.000101207638313918,4.13331147581977e-05
"757","ko:K01905",0.0360316862182336,0.514508928571429,0,4.18746237211072e-05
"758","ko:K01910",1,1,0,0
"759","ko:K01912",0.0759269629825577,0.591588674957055,1.56681694243101e-05,0
"760","ko:K01914",0.0390625,0.514508928571429,7.11920219174543e-05,0.00015667123318213
"761","ko:K01915",0.49609375,0.964975606540084,0.00244326369518782,0.00326455578901017
"762","ko:K01916",0.042315274905714,0.527967547117184,4.70086401471314e-05,0
"763","ko:K01918",0.833634883024682,1,2.94147129278407e-05,5.20315858187553e-05
"764","ko:K01919",0.100348246462291,0.62797115320067,0,0
"765","ko:K01921",0.5703125,1,0.000488034448841085,0.000458844827844474
"766","ko:K01923",0.203125,0.747673496432854,0.00136156195590985,0.00114658369397754
"767","ko:K01924",0.65234375,1,0.000298666074233109,0.000374835605365251
"768","ko:K01925",0.8203125,1,7.66718827947983e-05,0.00011104306387467
"769","ko:K01926",0.833634883024682,1,1.1840767668259e-05,1.57857075203434e-05
"770","ko:K01928",0.42578125,0.879545136295743,0.000138569155101852,0.000124291995865135
"771","ko:K01929",0.30078125,0.83928394120996,0.000160268905632254,7.5637817242868e-05
"772","ko:K01932",0.855132140584706,1,0,0
"773","ko:K01933",0.42578125,0.879545136295743,0.000172112066117626,0.000212242305990599
"774","ko:K01934",1,1,0,0
"775","ko:K01935",0.789268026134281,1,0,0
"776","ko:K01937",0.8203125,1,0.000321724537372741,0.000288686976315129
"777","ko:K01938",0.09765625,0.62797115320067,0.00349756010797414,0.0063783949201706
"778","ko:K01939",0.0546875,0.527967547117184,0.000917229885009258,0.00158499720425563
"779","ko:K01940",0.02734375,0.484825721153846,0.000367617088020867,0.000621791669771246
"780","ko:K01941",0.100348246462291,0.62797115320067,0,0
"781","ko:K01945",0.42578125,0.879545136295743,0.000637930287420367,0.00087423857679353
"782","ko:K01950",0.203125,0.747673496432854,5.37381060383694e-05,1.3387462257299e-05
"783","ko:K01951",0.91015625,1,0.000853347799802577,0.000877503523702652
"784","ko:K01952",0.8203125,1,0.00224041848064106,0.00232211168816886
"785","ko:K01953",0.30078125,0.83928394120996,5.51678062452798e-05,2.45882851392634e-05
"786","ko:K01955",0.734375,1,0.00145206428213835,0.0017516678203084
"787","ko:K01956",0.734375,1,0.000342749671359201,0.00038592143512484
"788","ko:K01958",0.8203125,1,5.95689943150037e-05,0.000120099068627402
"789","ko:K01960",0.01953125,0.43921493902439,0.000195314271873284,0.000364329594698455
"790","ko:K01961",0.91015625,1,1.56079262964166e-05,2.36227409538992e-05
"791","ko:K01962",1,1,0,0
"792","ko:K01963",1,1,0,0
"793","ko:K01965",0.0800579199844347,0.600108961184137,0,3.44540954658833e-05
"794","ko:K01966",0.5703125,1,0.000177690179542503,0.000115108331592997
"795","ko:K01972",0.944182513250483,1,1.86800890370972e-05,1.84844804391026e-05
"796","ko:K01989",0.00390625,0.308705357142857,4.93305428730181e-05,0.000315953283955345
"797","ko:K01990",0.12890625,0.699126838235294,7.48729487601227e-05,0.000188509460573853
"798","ko:K01991",0.528612125255688,1,0,9.68981451699305e-06
"799","ko:K01992",0.25,0.833132530120482,0,1.88305985688184e-05
"800","ko:K01993",0.25,0.833132530120482,9.91781136400788e-05,0
"801","ko:K01995",1,1,0,0
"802","ko:K01996",1,1,0,0
"803","ko:K01999",0.07421875,0.591588674957055,0.000485490135998704,0.000286799066020086
"804","ko:K02000",1,1,0,0
"805","ko:K02003",0.42578125,0.879545136295743,0.000186626754216581,7.64495202468699e-05
"806","ko:K02004",0.0078125,0.366260593220339,0.00136474992726593,0.00075620830262003
"807","ko:K02005",0.42578125,0.879545136295743,0.000147411449168685,3.39177843820178e-05
"808","ko:K02006",0.583882420770365,1,0,0
"809","ko:K02010",0.0590582290905367,0.527967547117184,8.59871780871872e-06,4.95871381149371e-06
"810","ko:K02012",0.0546875,0.527967547117184,9.34747006453344e-06,3.51984751737594e-05
"811","ko:K02013",0.833935414088552,1,0,6.03271114170716e-06
"812","ko:K02014",0.734375,1,0.00162141139650476,0.00237715067821148
"813","ko:K02016",0.01953125,0.43921493902439,0.000264769438122723,0.000433188426121882
"814","ko:K02020",0.0142661867014469,0.43921493902439,1.29325351843414e-05,0.000261975719746711
"815","ko:K02021",0.42578125,0.879545136295743,1.54109341754965e-05,2.63937827147398e-05
"816","ko:K02022",0.799846105662473,1,0.000104454481690514,0.000143940437384779
"817","ko:K02024",0.142213241936393,0.728447828140855,8.3684860250308e-06,0
"818","ko:K02025",0.293621543928906,0.83928394120996,2.33585970720957e-05,1.80878330875575e-05
"819","ko:K02026",0.65234375,1,0.000109332593559818,0.000138165494348303
"820","ko:K02027",0.00390625,0.308705357142857,0.0109471020403573,0.0056278105902063
"821","ko:K02028",0.01953125,0.43921493902439,0.000837956140042613,0.000249059473452349
"822","ko:K02029",0.42578125,0.879545136295743,0.000759238300747097,0.000826984065345785
"823","ko:K02030",1,1,0.00107932727180557,0.00103954398317185
"824","ko:K02031",0.734375,1,0.000453126978600479,0.000443414413643172
"825","ko:K02032",0.42578125,0.879545136295743,0.000779853248621141,0.000730951094638041
"826","ko:K02033",0.203125,0.747673496432854,0.000149938073305334,7.19644671550913e-05
"827","ko:K02034",0.1640625,0.747673496432854,0.000224688057196953,0.000113036682457865
"828","ko:K02035",0.91015625,1,0.00481279805285221,0.00593997886148763
"829","ko:K02036",0.29450739368011,0.83928394120996,8.54785600861069e-06,0
"830","ko:K02039",0.0390625,0.514508928571429,0.000102426359846727,1.95839865228645e-05
"831","ko:K02040",0.65234375,1,0.000143809468774243,8.23273421380623e-05
"832","ko:K02044",0.371093369522698,0.83928394120996,0,0
"833","ko:K02045",0.371093369522698,0.83928394120996,0,0
"834","ko:K02049",0.371093369522698,0.83928394120996,0,0
"835","ko:K02051",0.8203125,1,0.000208638669665813,0.000255084961839418
"836","ko:K02055",0.583882420770365,1,0,0
"837","ko:K02056",0.09765625,0.62797115320067,0.000432837371957025,0.000389860918593875
"838","ko:K02057",0.0142661867014469,0.43921493902439,5.04166474832366e-05,7.70694006065246e-06
"839","ko:K02058",0.07421875,0.591588674957055,0.0028333995876574,0.00157458511487618
"840","ko:K02065",1,1,0,0
"841","ko:K02067",1,1,0,0
"842","ko:K02071",0.833935414088552,1,0,0
"843","ko:K02072",0.18144920772142,0.747673496432854,0,0
"844","ko:K02073",0.91015625,1,0.000134602781676991,0.000175760226741898
"845","ko:K02075",0.583882420770365,1,0,0
"846","ko:K02076",1,1,0,0
"847","ko:K02077",0.208412803684149,0.748662097390071,2.28821157457873e-06,0
"848","ko:K02078",0.62406453246517,1,1.56391623212511e-05,0
"849","ko:K02080",0.271898710819648,0.83928394120996,1.44432679659014e-05,1.14192293974848e-06
"850","ko:K02081",0.789268026134281,1,0,0
"851","ko:K02082",0.058707408431205,0.527967547117184,0.000197413116903727,8.12575068390317e-05
"852","ko:K02083",0.100348246462291,0.62797115320067,0,0
"853","ko:K02100",1,1,0,0
"854","ko:K02108",0.583882420770365,1,0,0
"855","ko:K02109",0.49609375,0.964975606540084,0.000576263943731815,0.000589668157468564
"856","ko:K02110",0.833935414088552,1,0,0
"857","ko:K02111",0.359375,0.83928394120996,0.00137228607557049,0.000980128763043785
"858","ko:K02112",0.5703125,1,0.00243232890330006,0.00232202189993665
"859","ko:K02113",0.203125,0.747673496432854,0.000445133687441786,0.000298270600990374
"860","ko:K02114",0.293621543928906,0.83928394120996,2.74757845201262e-05,1.14422723002857e-05
"861","ko:K02115",0.49609375,0.964975606540084,0.000203521234202403,0.000170832081790583
"862","ko:K02117",0.42578125,0.879545136295743,0.000379952468844476,0.000653591350936323
"863","ko:K02118",0.65234375,1,0.000774404443947023,0.000669409214762887
"864","ko:K02119",0.91015625,1,6.22931441764271e-05,4.72436455211129e-05
"865","ko:K02120",0.8203125,1,1.2122987684063e-05,1.39425957749919e-05
"866","ko:K02121",0.359375,0.83928394120996,0.000133917254849262,0.000225998005297363
"867","ko:K02122",0.528612125255688,1,0,1.76249953204426e-05
"868","ko:K02123",0.8203125,1,5.04300811689248e-05,5.48970059012045e-05
"869","ko:K02124",1,1,0,0
"870","ko:K02132",0.371093369522698,0.83928394120996,0,0
"871","ko:K02160",0.141482121482793,0.728447828140855,0,2.59603881139816e-05
"872","ko:K02169",0.0591720678258594,0.527967547117184,0,1.28708045952871e-05
"873","ko:K02172",1,1,0,0
"874","ko:K02188",0.18144920772142,0.747673496432854,0,0
"875","ko:K02190",0.0546875,0.527967547117184,0.00242412443018726,0.00455805985215306
"876","ko:K02191",0.280712665268496,0.83928394120996,0,0
"877","ko:K02204",0.5703125,1,0.000260137724027621,0.00029646579748525
"878","ko:K02217",0.91015625,1,0.000328124140148924,0.000242766722120805
"879","ko:K02224",0.41849223344682,0.879545136295743,0,0
"880","ko:K02226",0.446872820710831,0.902226439478948,0,0
"881","ko:K02227",1,1,0,0
"882","ko:K02230",1,1,0,0
"883","ko:K02231",1,1,0,0
"884","ko:K02232",0.62406453246517,1,2.5795463289644e-05,6.10289423096345e-05
"885","ko:K02237",1,1,0,0
"886","ko:K02238",1,1,0,0
"887","ko:K02255",0.359375,0.83928394120996,8.9099163652915e-05,6.22661934628048e-05
"888","ko:K02283",0.150785565027971,0.747673496432854,4.01911708137732e-05,1.21372621879182e-05
"889","ko:K02293",1,1,0,0
"890","ko:K02302",1,1,0,0
"891","ko:K02303",0.29450739368011,0.83928394120996,0,5.34805889243562e-06
"892","ko:K02304",0.042315274905714,0.527967547117184,4.64449758809756e-05,0.000108150323231959
"893","ko:K02313",0.65234375,1,8.43926976102612e-05,8.8649294311307e-05
"894","ko:K02314",0.29450739368011,0.83928394120996,6.09690867981223e-06,0
"895","ko:K02315",1,1,0,0
"896","ko:K02316",0.5703125,1,0.000904972012910162,0.000434883365259339
"897","ko:K02335",0.8203125,1,2.56492352625781e-05,4.73700115158153e-05
"898","ko:K02337",1,1,0,0
"899","ko:K02338",0.8203125,1,0.000195407070645954,0.000200889161885791
"900","ko:K02341",0.02734375,0.484825721153846,5.44040788468716e-05,0.000102793312042851
"901","ko:K02342",0.932646638965876,1,0,2.09527261156868e-05
"902","ko:K02343",1,1,0,0
"903","ko:K02351",0.201242620957724,0.747673496432854,0,0
"904","ko:K02355",1,1,0.0122734437858073,0.0117726402333518
"905","ko:K02356",0.359375,0.83928394120996,0.000332684990704416,0.000280557573101604
"906","ko:K02357",0.91015625,1,0.00487658903839941,0.00479638282196206
"907","ko:K02358",0.07421875,0.591588674957055,0.0238500114286687,0.0296393680175559
"908","ko:K02371",1,1,0,0
"909","ko:K02372",0.787406490666269,1,0,0
"910","ko:K02377",1,1,0,0
"911","ko:K02379",1,1,0,0
"912","ko:K02381",0.932646638965876,1,0,3.7443223216286e-06
"913","ko:K02390",0.108319380730004,0.642942933689252,0,3.46238989823213e-05
"914","ko:K02392",1,1,0,0
"915","ko:K02395",0.583882420770365,1,0,0
"916","ko:K02396",0.944182513250483,1,3.31044869312819e-05,0.000164767791783265
"917","ko:K02406",0.30078125,0.83928394120996,0.000189679107383092,0.000840787157050644
"918","ko:K02408",0.371093369522698,0.83928394120996,0,0
"919","ko:K02409",0.855132140584706,1,0,0
"920","ko:K02414",0.789268026134281,1,0,0
"921","ko:K02416",0.371093369522698,0.83928394120996,0,0
"922","ko:K02417",0.371093369522698,0.83928394120996,0,0
"923","ko:K02422",0.371093369522698,0.83928394120996,0,0
"924","ko:K02424",0.932646638965876,1,1.61273354220091e-05,9.97958131512201e-06
"925","ko:K02426",1,1,0,0
"926","ko:K02428",0.07421875,0.591588674957055,8.85285580749799e-05,1.33732181182636e-05
"927","ko:K02429",0.789268026134281,1,0,0
"928","ko:K02431",0.833935414088552,1,0,4.72924373512534e-06
"929","ko:K02433",0.30078125,0.83928394120996,0.000440524209294235,0.000251211948819891
"930","ko:K02434",1,1,0.000296258482868646,0.000239433392381439
"931","ko:K02435",0.25,0.833132530120482,5.32981908833442e-05,3.67829479260434e-05
"932","ko:K02438",0.441208519505878,0.899987289788538,0.000321759552772266,0.000195308799042335
"933","ko:K02440",0.0360316862182336,0.514508928571429,1.61246257836563e-05,0
"934","ko:K02443",0.855132140584706,1,0,0
"935","ko:K02446",0.371093369522698,0.83928394120996,0,0
"936","ko:K02453",0.401678166469773,0.879545136295743,0,2.27922748797915e-05
"937","ko:K02454",1,1,0,0
"938","ko:K02456",0.107327557761612,0.642942933689252,1.8014688487114e-05,8.5111883535392e-05
"939","ko:K02458",0.371093369522698,0.83928394120996,0,0
"940","ko:K02459",0.18144920772142,0.747673496432854,0,0
"941","ko:K02467",0.371093369522698,0.83928394120996,0,0
"942","ko:K02469",1,1,0.000314151788608884,0.000356010148972433
"943","ko:K02470",0.359375,0.83928394120996,2.46441198505338e-05,3.24013175961504e-05
"944","ko:K02472",0.371093369522698,0.83928394120996,0,0
"945","ko:K02473",0.789268026134281,1,0,0
"946","ko:K02474",0.201242620957724,0.747673496432854,0,0
"947","ko:K02476",0.371093369522698,0.83928394120996,0,0
"948","ko:K02478",1,1,0,0
"949","ko:K02484",0.0346105575157073,0.514508928571429,1.87376784083298e-05,0
"950","ko:K02487",1,1,0,0
"951","ko:K02489",0.0224942712224497,0.450863436241274,0,1.14070042928651e-05
"952","ko:K02492",0.371093369522698,0.83928394120996,0,0
"953","ko:K02493",0.371093369522698,0.83928394120996,0,0
"954","ko:K02495",1,1,0,0
"955","ko:K02496",0.18144920772142,0.747673496432854,0,0
"956","ko:K02499",0.789268026134281,1,0,0
"957","ko:K02500",0.293621543928906,0.83928394120996,8.84016651711464e-06,3.11797173896838e-05
"958","ko:K02501",0.833634883024682,1,1.16151768493312e-05,1.52845174171054e-05
"959","ko:K02502",0.554113130069446,1,0,6.93002182427701e-06
"960","ko:K02503",0.25,0.833132530120482,0.00019443695197998,0.000282091990607707
"961","ko:K02519",0.07421875,0.591588674957055,0.000365611794375444,0.000263244786950845
"962","ko:K02520",0.1640625,0.747673496432854,0.000159064945603385,9.90824404614763e-05
"963","ko:K02523",1,1,0,0
"964","ko:K02527",0.18144920772142,0.747673496432854,0,0
"965","ko:K02528",0.734375,1,1.61933837699285e-05,3.36595728415901e-05
"966","ko:K02529",0.01953125,0.43921493902439,0.000204243808487544,6.03999412594123e-05
"967","ko:K02535",0.371093369522698,0.83928394120996,0,0
"968","ko:K02536",1,1,0,0
"969","ko:K02538",0.271898710819648,0.83928394120996,1.57642629116265e-05,2.15092118833658e-06
"970","ko:K02545",1,1,0,0
"971","ko:K02551",0.789268026134281,1,0,0
"972","ko:K02553",0.371093369522698,0.83928394120996,0,0
"973","ko:K02556",0.100348246462291,0.62797115320067,0,0
"974","ko:K02557",1,1,0.000100234343684621,0.000273409453192745
"975","ko:K02558",0.271898710819648,0.83928394120996,0,0
"976","ko:K02560",0.787406490666269,1,0,0
"977","ko:K02563",0.8203125,1,6.00126210753941e-05,7.76788231805066e-05
"978","ko:K02564",0.5703125,1,0.00105978837631435,0.00105404383142271
"979","ko:K02566",0.371093369522698,0.83928394120996,0,0
"980","ko:K02567",0.855132140584706,1,0,0
"981","ko:K02569",1,1,0,0
"982","ko:K02572",0.8203125,1,7.28094484091664e-05,0.000102470493690533
"983","ko:K02573",0.8203125,1,7.28094484091664e-05,0.000102470493690533
"984","ko:K02594",0.142213241936393,0.728447828140855,0,5.88633272077222e-06
"985","ko:K02597",1,1,0,0
"986","ko:K02598",0.100348246462291,0.62797115320067,0,0
"987","ko:K02600",0.09765625,0.62797115320067,0.000396014230995654,0.000182526767620556
"988","ko:K02601",0.91015625,1,0.000267303344011647,0.000260858103854261
"989","ko:K02617",1,1,0,0
"990","ko:K02619",0.361310428526179,0.83928394120996,0,0
"991","ko:K02621",0.0591720678258594,0.527967547117184,1.32512541925846e-05,0
"992","ko:K02622",1,1,0,0
"993","ko:K02647",0.01953125,0.43921493902439,0.000185810762830332,0.000267946210114427
"994","ko:K02650",0.107327557761612,0.642942933689252,1.8014688487114e-05,8.5111883535392e-05
"995","ko:K02652",0.09765625,0.62797115320067,0.000297221571786194,0.000186946078913459
"996","ko:K02653",1,1,0,0
"997","ko:K02655",1,1,0,0
"998","ko:K02656",0.833634883024682,1,0.000541046776142101,0.00039367897369385
"999","ko:K02660",1,1,0,0
"1000","ko:K02662",0.29450739368011,0.83928394120996,0,9.39555245563908e-06
"1001","ko:K02664",1,1,0,0
"1002","ko:K02669",0.177529852412153,0.747673496432854,0,5.25540754777746e-06
"1003","ko:K02672",0.371093369522698,0.83928394120996,0,0
"1004","ko:K02674",1,1,0,0
"1005","ko:K02687",0.554113130069446,1,3.10936855288387e-06,5.74342857045416e-06
"1006","ko:K02691",1,1,0,0
"1007","ko:K02704",1,1,0,0
"1008","ko:K02744",0.91015625,1,5.5024902188923e-05,5.37084185592787e-05
"1009","ko:K02745",0.734375,1,0.000609785385474633,0.000450549426684945
"1010","ko:K02747",0.09765625,0.62797115320067,0.000139228586139055,0.00010634420835364
"1011","ko:K02749",0.0590582290905367,0.527967547117184,0,2.22342907038449e-05
"1012","ko:K02750",0.0590582290905367,0.527967547117184,0,2.22342907038449e-05
"1013","ko:K02752",1,1,0,0
"1014","ko:K02753",1,1,0,0
"1015","ko:K02755",0.734375,1,0.00022894431937856,0.000270152272279211
"1016","ko:K02756",0.8203125,1,0.00022894431937856,0.000218985026167379
"1017","ko:K02757",0.8203125,1,0.00022894431937856,0.000218985026167379
"1018","ko:K02759",0.91015625,1,9.59679387750064e-06,1.88682989062918e-05
"1019","ko:K02760",0.18144920772142,0.747673496432854,0,0
"1020","ko:K02761",1,1,0,0
"1021","ko:K02768",1,1,0.00029131736639572,0.000302337058593334
"1022","ko:K02769",1,1,0.00029131736639572,0.000302337058593334
"1023","ko:K02770",1,1,0.00029131736639572,0.000302337058593334
"1024","ko:K02771",0.183430618982178,0.747673496432854,2.08973368621782e-05,2.13817052664903e-05
"1025","ko:K02773",0.371093369522698,0.83928394120996,0,0
"1026","ko:K02774",0.789268026134281,1,0,0
"1027","ko:K02775",0.528612125255688,1,1.00544421769485e-05,2.28092709032488e-05
"1028","ko:K02777",0.65234375,1,0.000254600210976131,0.000318030172058909
"1029","ko:K02778",0.554113130069446,1,3.33346221486248e-05,3.6750741752994e-06
"1030","ko:K02779",0.554113130069446,1,3.33346221486248e-05,3.6750741752994e-06
"1031","ko:K02781",0.183430618982178,0.747673496432854,0,2.73647999185762e-05
"1032","ko:K02782",0.62406453246517,1,3.84434969147747e-05,6.62356205067821e-05
"1033","ko:K02783",0.62406453246517,1,3.84434969147747e-05,6.62356205067821e-05
"1034","ko:K02784",0.371093369522698,0.83928394120996,0,0
"1035","ko:K02786",0.271898710819648,0.83928394120996,0,4.8740161586907e-06
"1036","ko:K02790",0.65234375,1,1.84083784437396e-05,4.10137163828335e-05
"1037","ko:K02791",0.65234375,1,1.84083784437396e-05,4.10137163828335e-05
"1038","ko:K02793",1,1,0.00212034236428267,0.00239434376005857
"1039","ko:K02794",0.91015625,1,0.00224665807428444,0.00255154484221109
"1040","ko:K02795",0.589638551626567,1,0,0
"1041","ko:K02796",0.01953125,0.43921493902439,0.000629386587420969,0.000392065800257141
"1042","ko:K02798",0.183430618982178,0.747673496432854,0,5.63223120870843e-05
"1043","ko:K02799",0.183430618982178,0.747673496432854,0,5.63223120870843e-05
"1044","ko:K02800",0.183430618982178,0.747673496432854,0,5.63223120870843e-05
"1045","ko:K02802",0.5703125,1,0.000227963733651498,0.000364858712314325
"1046","ko:K02803",0.65234375,1,0.000227963733651498,0.000351084510034153
"1047","ko:K02804",0.65234375,1,0.000227963733651498,0.000351084510034153
"1048","ko:K02805",0.441208519505878,0.899987289788538,3.00442802241708e-05,1.47977556525025e-05
"1049","ko:K02806",0.91015625,1,0.00029131736639572,0.000271320959084463
"1050","ko:K02808",0.529368106184798,1,0,4.032631148102e-06
"1051","ko:K02809",0.293621543928906,0.83928394120996,2.83435274769727e-05,7.21223329322608e-06
"1052","ko:K02810",0.293621543928906,0.83928394120996,2.83435274769727e-05,7.21223329322608e-06
"1053","ko:K02812",1,1,0,0
"1054","ko:K02815",1,1,0,0
"1055","ko:K02817",0.855132140584706,1,0,0
"1056","ko:K02818",0.204893893816379,0.747673496432854,3.33346221486248e-05,0
"1057","ko:K02819",0.204893893816379,0.747673496432854,3.33346221486248e-05,0
"1058","ko:K02821",0.371093369522698,0.83928394120996,0,0
"1059","ko:K02823",1,1,0.000528042029798699,0.00057230330900863
"1060","ko:K02824",0.201242620957724,0.747673496432854,0,0
"1061","ko:K02825",0.0390625,0.514508928571429,0.000161721443499237,6.62210592336343e-05
"1062","ko:K02834",0.401678166469773,0.879545136295743,3.61507961177523e-06,0
"1063","ko:K02835",0.0078125,0.366260593220339,8.40312178206473e-05,9.20554422001377e-06
"1064","ko:K02836",0.203125,0.747673496432854,6.47296311662845e-05,2.1031189599515e-05
"1065","ko:K02837",0.0299739735865559,0.511777845311195,0,7.46076857908911e-06
"1066","ko:K02838",0.02734375,0.484825721153846,0.000618090818620474,0.000340388570612594
"1067","ko:K02858",0.23395283347059,0.826454070727523,5.66002359465425e-05,4.19284122964373e-05
"1068","ko:K02860",0.554113130069446,1,6.19283102680982e-06,2.1877629518879e-06
"1069","ko:K02863",0.734375,1,0.00230580671028061,0.00212110251159388
"1070","ko:K02864",0.42578125,0.879545136295743,0.00164582729317874,0.0011804886880866
"1071","ko:K02867",0.01953125,0.43921493902439,0.00055105213647969,0.000310967696236421
"1072","ko:K02871",0.49609375,0.964975606540084,0.00129951965596841,0.00199481373927287
"1073","ko:K02874",0.25,0.833132530120482,4.79452170100126e-05,3.23925069655466e-05
"1074","ko:K02876",0.01953125,0.43921493902439,0.000946426456249233,0.000448645501501223
"1075","ko:K02878",0.528612125255688,1,0.000133906252415312,0.000170597798617874
"1076","ko:K02879",0.734375,1,0.000398332216957513,0.000297641149986666
"1077","ko:K02881",0.65234375,1,0.000620237662301749,0.000649751909706494
"1078","ko:K02884",0.00390625,0.308705357142857,0.000500475689974418,0.000178420071931908
"1079","ko:K02886",0.359375,0.83928394120996,0.00178940482692111,0.00116298482154075
"1080","ko:K02887",0.25,0.833132530120482,0.00026600901752561,0.000181240765255724
"1081","ko:K02888",0.65234375,1,0.000289330850084571,0.000211625507909159
"1082","ko:K02890",0.1640625,0.747673496432854,0.000667748043576334,0.00057391938198181
"1083","ko:K02892",0.42578125,0.879545136295743,0.000153169465922113,0.000168570285527841
"1084","ko:K02895",0.8203125,1,0.000266571677718483,0.000327710674613422
"1085","ko:K02897",0.8203125,1,0.00184779858041532,0.002486822181849
"1086","ko:K02899",0.203125,0.747673496432854,0.00025212658305824,0.000179869003806038
"1087","ko:K02902",0.0346105575157073,0.514508928571429,2.36277545196267e-05,0
"1088","ko:K02904",0.42578125,0.879545136295743,0.00140886438743473,0.00116717898852088
"1089","ko:K02906",0.0390625,0.514508928571429,0.000830677516309039,0.00112810643235769
"1090","ko:K02907",0.734375,1,1.67241136733085e-05,3.68404463060566e-05
"1091","ko:K02909",0.528612125255688,1,3.84196233629183e-05,1.20888342668141e-05
"1092","ko:K02911",0.18144920772142,0.747673496432854,0,0
"1093","ko:K02926",0.8203125,1,0.000988945447670937,0.000987857469817409
"1094","ko:K02927",0.446872820710831,0.902226439478948,7.07755933638764e-05,0.000185205874217845
"1095","ko:K02931",0.09765625,0.62797115320067,0.00221313087982581,0.00138054705278455
"1096","ko:K02933",0.12890625,0.699126838235294,0.00165842731876245,0.00146562546902162
"1097","ko:K02935",0.12890625,0.699126838235294,0.00450581379972598,0.00342748694529919
"1098","ko:K02939",0.12890625,0.699126838235294,0.00072044767127612,0.000389918627755157
"1099","ko:K02945",0.203125,0.747673496432854,0.00620779168723922,0.00789967762101354
"1100","ko:K02946",0.203125,0.747673496432854,0.000344668682485134,0.000292574109878617
"1101","ko:K02948",0.01171875,0.438027871621622,0.0001217460724761,5.17852606766826e-05
"1102","ko:K02950",0.30078125,0.83928394120996,2.62206411908886e-05,7.54726499755294e-05
"1103","ko:K02952",0.49609375,0.964975606540084,0.000634287374446326,0.000648499481200457
"1104","ko:K02954",1,1,0,0
"1105","ko:K02956",0.5703125,1,0.000375149922940687,0.000396020348348729
"1106","ko:K02959",0.734375,1,0.000484979928377865,0.000245182472950287
"1107","ko:K02961",0.30078125,0.83928394120996,0.000355226322386707,0.000251657997888589
"1108","ko:K02963",0.401678166469773,0.879545136295743,2.05280406768436e-05,0
"1109","ko:K02965",0.203125,0.747673496432854,9.22464737542699e-05,0.000371146156120246
"1110","ko:K02967",0.30078125,0.83928394120996,0.00200012247382501,0.00163939310123534
"1111","ko:K02968",1,1,0,0
"1112","ko:K02982",0.12890625,0.699126838235294,0.00181079932649458,0.00146550537278918
"1113","ko:K02986",0.65234375,1,0.00180485436330861,0.00143885350471297
"1114","ko:K02988",0.42578125,0.879545136295743,0.00229526579754234,0.00264830303946119
"1115","ko:K02990",0.01953125,0.43921493902439,0.00120654491472148,0.000628287708570334
"1116","ko:K02992",0.359375,0.83928394120996,0.000897649851229556,0.000949772532277299
"1117","ko:K02994",0.359375,0.83928394120996,0.00140550637378792,0.00166724674572998
"1118","ko:K02996",0.12890625,0.699126838235294,0.000442221236911887,0.000578607263081418
"1119","ko:K03040",0.0546875,0.527967547117184,0.00202472166991416,0.0022624832341737
"1120","ko:K03043",1,1,0.00228068906547185,0.00253424168525333
"1121","ko:K03046",0.91015625,1,0.00344021507649862,0.00335138527992466
"1122","ko:K03048",0.371093369522698,0.83928394120996,0,0
"1123","ko:K03060",0.0390625,0.514508928571429,4.9329239391109e-05,0.000137971022558354
"1124","ko:K03070",0.25,0.833132530120482,0.00112955201780765,0.000650096655656227
"1125","ko:K03071",1,1,0,0
"1126","ko:K03072",0.02734375,0.484825721153846,4.27358764287305e-05,0.000191033048741578
"1127","ko:K03074",0.02734375,0.484825721153846,4.27358764287305e-05,0.000139941051187665
"1128","ko:K03076",0.5703125,1,8.03479834563131e-05,5.1399583929156e-05
"1129","ko:K03077",0.02734375,0.484825721153846,0.000651698675572927,0.000276927427513264
"1130","ko:K03079",1,1,0,0
"1131","ko:K03086",0.91015625,1,0.000125601914800449,0.000147572992993948
"1132","ko:K03087",0.12890625,0.699126838235294,4.10379764091782e-05,9.92267744461012e-05
"1133","ko:K03100",0.5703125,1,1.27449475848392e-05,3.49585584803408e-05
"1134","ko:K03106",0.25,0.833132530120482,0.000123877167547261,6.3900901306969e-05
"1135","ko:K03110",0.1640625,0.747673496432854,7.71126446454145e-05,0.000101757088030059
"1136","ko:K03111",0.726286148878805,1,3.33985258276288e-05,3.12183599038747e-05
"1137","ko:K03116",1,1,0,0
"1138","ko:K03117",1,1,0,0
"1139","ko:K03147",0.65234375,1,0.000106395598542841,0.000140432583874713
"1140","ko:K03148",0.789268026134281,1,0,0
"1141","ko:K03149",0.177529852412153,0.747673496432854,0,0
"1142","ko:K03150",0.12890625,0.699126838235294,3.75496125026708e-05,9.30475996052365e-05
"1143","ko:K03151",0.42578125,0.879545136295743,7.97136371752263e-06,2.41167177101065e-05
"1144","ko:K03152",0.07421875,0.591588674957055,1.05297154633387e-05,9.12990936357548e-05
"1145","ko:K03154",1,1,0,0
"1146","ko:K03168",0.49609375,0.964975606540084,6.12460109300779e-05,1.96599025103336e-05
"1147","ko:K03169",0.41849223344682,0.879545136295743,0,0
"1148","ko:K03177",0.371093369522698,0.83928394120996,0,0
"1149","ko:K03182",0.371093369522698,0.83928394120996,0,0
"1150","ko:K03187",0.422678074170635,0.879545136295743,0,0
"1151","ko:K03210",0.42578125,0.879545136295743,6.44103264042281e-05,6.09941066912364e-05
"1152","ko:K03214",1,1,0,0
"1153","ko:K03215",0.141482121482793,0.728447828140855,1.2653684359019e-05,0
"1154","ko:K03216",0.201242620957724,0.747673496432854,0,0
"1155","ko:K03217",0.25,0.833132530120482,4.70893469025445e-05,8.50712118749605e-05
"1156","ko:K03218",0.12890625,0.699126838235294,0.000122259565381161,4.07501841409963e-05
"1157","ko:K03231",1,1,0,0
"1158","ko:K03272",1,1,0,0
"1159","ko:K03273",1,1,0,0
"1160","ko:K03274",0.201242620957724,0.747673496432854,0,0
"1161","ko:K03281",0.30078125,0.83928394120996,7.30191521722107e-05,1.65901104121653e-05
"1162","ko:K03282",1,1,0,0
"1163","ko:K03283",0.91015625,1,0.000145011314411317,6.68685021104202e-05
"1164","ko:K03285",0.359375,0.83928394120996,0.000270004990457665,0.00062159164554058
"1165","ko:K03286",0.07421875,0.591588674957055,0.00310896146936232,0.00139373316006784
"1166","ko:K03292",0.932646638965876,1,2.89068664348816e-05,1.84839841693191e-05
"1167","ko:K03293",1,1,0,0
"1168","ko:K03294",1,1,0,0
"1169","ko:K03296",0.352542137499713,0.83928394120996,0,1.0718993867295e-05
"1170","ko:K03303",0.789268026134281,1,0,0
"1171","ko:K03305",1,1,0,0
"1172","ko:K03307",0.583882420770365,1,0,0
"1173","ko:K03308",1,1,0,0
"1174","ko:K03310",0.09765625,0.62797115320067,7.5502787213596e-05,0.000147585257005696
"1175","ko:K03315",0.833935414088552,1,0,6.74257287149899e-06
"1176","ko:K03316",0.25,0.833132530120482,3.97640605430484e-05,5.11145123548678e-05
"1177","ko:K03320",0.371093369522698,0.83928394120996,0,0
"1178","ko:K03321",1,1,0,0
"1179","ko:K03322",1,1,0,0
"1180","ko:K03324",0.528612125255688,1,0,2.59937989836083e-05
"1181","ko:K03332",0.07421875,0.591588674957055,0.000161507166434714,0.00037550088687087
"1182","ko:K03335",0.23395283347059,0.826454070727523,1.06401144274661e-05,6.23393752738842e-05
"1183","ko:K03336",0.734375,1,6.78010032560698e-05,0.000107319732272473
"1184","ko:K03337",0.787406490666269,1,0,0
"1185","ko:K03338",0.833935414088552,1,0,0
"1186","ko:K03339",0.8203125,1,0.00627176535107853,0.00622460458276766
"1187","ko:K03340",0.09765625,0.62797115320067,0.000473788952818529,0.000839357738338541
"1188","ko:K03342",0.833935414088552,1,0,0
"1189","ko:K03365",1,1,0,0
"1190","ko:K03367",0.422678074170635,0.879545136295743,0,0
"1191","ko:K03385",0.583882420770365,1,0,0
"1192","ko:K03386",0.0546875,0.527967547117184,0.000462888150581285,0.000223723357362034
"1193","ko:K03387",0.150785565027971,0.747673496432854,5.31491321257505e-06,0
"1194","ko:K03388",1,1,3.98879217753626e-05,0.000114964029342421
"1195","ko:K03389",0.726286148878805,1,0,8.14965284109201e-05
"1196","ko:K03394",0.833935414088552,1,0,4.26728569197344e-06
"1197","ko:K03399",0.280712665268496,0.83928394120996,0,0
"1198","ko:K03400",0.371093369522698,0.83928394120996,0,0
"1199","ko:K03402",0.280712665268496,0.83928394120996,0,0
"1200","ko:K03406",0.1640625,0.747673496432854,0.000174706696913508,0.000612984619732347
"1201","ko:K03407",0.0346105575157073,0.514508928571429,0,5.59120101232801e-05
"1202","ko:K03408",0.0591720678258594,0.527967547117184,0,7.15646371036069e-06
"1203","ko:K03413",0.1640625,0.747673496432854,4.47470669218275e-05,6.70350076090716e-05
"1204","ko:K03415",0.0591720678258594,0.527967547117184,0,7.15646371036069e-06
"1205","ko:K03416",0.01953125,0.43921493902439,0.000195314271873284,0.00034680363377409
"1206","ko:K03424",1,1,0,0
"1207","ko:K03425",1,1,0,0
"1208","ko:K03426",0.183430618982178,0.747673496432854,3.35210667896509e-05,0
"1209","ko:K03427",0.554113130069446,1,1.70062826611557e-05,0
"1210","ko:K03431",0.0546875,0.527967547117184,0.000262324563107663,0.000151641485254736
"1211","ko:K03436",0.789268026134281,1,0,0
"1212","ko:K03437",0.203125,0.747673496432854,8.9999525685468e-05,3.54586348484911e-05
"1213","ko:K03438",0.672603817441517,1,4.73299197585787e-06,1.8190238010655e-05
"1214","ko:K03439",0.18144920772142,0.747673496432854,0,0
"1215","ko:K03442",0.855132140584706,1,0,0
"1216","ko:K03451",1,1,0,0
"1217","ko:K03457",0.371093369522698,0.83928394120996,0,0
"1218","ko:K03458",0.529368106184798,1,0,0
"1219","ko:K03466",0.554113130069446,1,0,6.52180948959654e-06
"1220","ko:K03469",1,1,0,0
"1221","ko:K03472",0.203125,0.747673496432854,0.00031316915496407,0.000103154226122021
"1222","ko:K03473",0.371093369522698,0.83928394120996,0,0
"1223","ko:K03474",0.0934924836898357,0.62797115320067,0,7.82564742709525e-06
"1224","ko:K03476",0.674986713970489,1,0,0
"1225","ko:K03480",1,1,0,0
"1226","ko:K03483",0.371093369522698,0.83928394120996,0,0
"1227","ko:K03484",1,1,0,0
"1228","ko:K03488",0.361310428526179,0.83928394120996,0,0
"1229","ko:K03491",0.589638551626567,1,0,0
"1230","ko:K03495",0.422678074170635,0.879545136295743,0,0
"1231","ko:K03496",0.141482121482793,0.728447828140855,1.01580122949309e-05,0
"1232","ko:K03497",0.0800579199844347,0.600108961184137,5.97166286111453e-05,3.99093864146831e-05
"1233","ko:K03499",0.0346105575157073,0.514508928571429,2.11700696802274e-05,0
"1234","ko:K03500",0.49609375,0.964975606540084,1.79282081300201e-05,1.16064609022451e-05
"1235","ko:K03501",0.554113130069446,1,0,5.52123370896939e-06
"1236","ko:K03517",0.0591720678258594,0.527967547117184,3.77511041316905e-05,0
"1237","ko:K03518",0.49609375,0.964975606540084,1.458213602289e-05,3.12473974459942e-05
"1238","ko:K03519",1,1,1.42401958159783e-05,1.32490253639298e-05
"1239","ko:K03521",0.0546875,0.527967547117184,0.00126659666416795,0.00199094143474634
"1240","ko:K03522",0.01171875,0.438027871621622,0.00223412552215691,0.00396338596878032
"1241","ko:K03524",0.583882420770365,1,0,0
"1242","ko:K03525",0.528612125255688,1,1.22633653098254e-05,1.88742074745901e-05
"1243","ko:K03526",0.25,0.833132530120482,8.06780088737027e-05,9.49416478247507e-05
"1244","ko:K03527",0.09765625,0.62797115320067,0.00398591691415577,0.00490494775692285
"1245","ko:K03529",1,1,0,0
"1246","ko:K03530",0.07421875,0.591588674957055,0.00132733981383123,0.000906815862194053
"1247","ko:K03531",0.8203125,1,0.000786658918728539,0.000896469045094413
"1248","ko:K03532",1,1,0,0
"1249","ko:K03534",1,1,0,0
"1250","ko:K03544",1,1,0.000108968265174449,0.00010794124788037
"1251","ko:K03545",0.8203125,1,0.00320905486229088,0.003370181046613
"1252","ko:K03546",1,1,0,0
"1253","ko:K03547",1,1,0,0
"1254","ko:K03549",0.0224942712224497,0.450863436241274,1.61935874527983e-05,0
"1255","ko:K03550",0.583882420770365,1,0,0
"1256","ko:K03551",0.589638551626567,1,0,0
"1257","ko:K03553",0.203125,0.747673496432854,0.000187287801747758,0.000300445165125139
"1258","ko:K03555",0.203125,0.747673496432854,1.72933166803293e-05,9.26427289202409e-06
"1259","ko:K03559",0.529368106184798,1,0,1.53743056990946e-05
"1260","ko:K03561",0.65234375,1,0.000132118210306331,0.000118038956537095
"1261","ko:K03564",1,1,0,0
"1262","ko:K03566",0.07421875,0.591588674957055,0.000390967560114057,0.00065177289784854
"1263","ko:K03567",0.674986713970489,1,0,1.08423578423446e-05
"1264","ko:K03568",0.352542137499713,0.83928394120996,0,9.13265138637976e-06
"1265","ko:K03569",0.203125,0.747673496432854,0.000208295961404724,0.000358169246754902
"1266","ko:K03570",0.0591720678258594,0.527967547117184,1.02581577108998e-05,0
"1267","ko:K03574",0.204893893816379,0.747673496432854,8.75761497777656e-06,0
"1268","ko:K03580",0.371093369522698,0.83928394120996,0,0
"1269","ko:K03585",0.271898710819648,0.83928394120996,3.83608363697018e-06,2.51341316530204e-05
"1270","ko:K03587",0.422678074170635,0.879545136295743,0,0
"1271","ko:K03590",0.554113130069446,1,2.88196841449669e-05,4.34501327073381e-06
"1272","ko:K03592",0.674986713970489,1,0,0
"1273","ko:K03593",0.855132140584706,1,0,0
"1274","ko:K03594",0.1640625,0.747673496432854,0.000249798815508993,0.000115101142548733
"1275","ko:K03595",0.441208519505878,0.899987289788538,1.81976553641938e-05,1.73357942581881e-05
"1276","ko:K03596",0.142213241936393,0.728447828140855,9.88728438375127e-06,9.44106445782288e-06
"1277","ko:K03599",0.280712665268496,0.83928394120996,1.15430434387552e-05,0
"1278","ko:K03601",0.361310428526179,0.83928394120996,0,0
"1279","ko:K03602",0.799846105662473,1,8.26426485150838e-06,1.42722338270855e-05
"1280","ko:K03605",0.07421875,0.591588674957055,0.000188725525971722,0.000335461043142743
"1281","ko:K03607",1,1,0,0
"1282","ko:K03609",1,1,8.88915166807369e-06,9.79164282375842e-06
"1283","ko:K03612",0.42578125,0.879545136295743,4.98344555380972e-05,8.23216243933478e-05
"1284","ko:K03613",1,1,2.55421915037064e-05,3.84178337271188e-05
"1285","ko:K03614",0.944182513250483,1,1.1242629534633e-05,2.96092312284994e-05
"1286","ko:K03615",0.0078125,0.366260593220339,0.00114632575935742,0.00227657668426841
"1287","ko:K03616",0.65234375,1,3.74900065312383e-05,0.000132927964918902
"1288","ko:K03618",0.361310428526179,0.83928394120996,0,0
"1289","ko:K03620",1,1,0,0
"1290","ko:K03621",0.1640625,0.747673496432854,0.000224864469704253,0.000152956361049242
"1291","ko:K03624",0.49609375,0.964975606540084,0.000405316097395204,0.000528140786368831
"1292","ko:K03625",0.12890625,0.699126838235294,0.000106025550018286,9.49287914112254e-05
"1293","ko:K03628",0.203125,0.747673496432854,4.4125263029325e-05,0.00010172534647784
"1294","ko:K03631",0.271898710819648,0.83928394120996,6.90283254962295e-06,0
"1295","ko:K03635",1,1,5.53757991693312e-06,2.37208890294322e-06
"1296","ko:K03637",0.371093369522698,0.83928394120996,0,0
"1297","ko:K03638",0.371093369522698,0.83928394120996,0,0
"1298","ko:K03639",1,1,0,0
"1299","ko:K03640",0.02734375,0.484825721153846,0.00171558782820099,0.000609196300806252
"1300","ko:K03641",1,1,0,0
"1301","ko:K03646",0.789268026134281,1,0,0
"1302","ko:K03647",1,1,0,0
"1303","ko:K03648",0.105645429201877,0.642942933689252,0,0
"1304","ko:K03650",0.787406490666269,1,0,0
"1305","ko:K03651",0.0360316862182336,0.514508928571429,0,1.16158553845917e-05
"1306","ko:K03654",0.371093369522698,0.83928394120996,0,0
"1307","ko:K03655",0.583882420770365,1,0,0
"1308","ko:K03657",0.672603817441517,1,0,4.9353005000632e-06
"1309","ko:K03665",0.674986713970489,1,0,0
"1310","ko:K03666",0.0546875,0.527967547117184,4.18351306567348e-05,2.29241249543318e-05
"1311","ko:K03667",0.0590582290905367,0.527967547117184,4.87643975667437e-06,0
"1312","ko:K03668",0.8203125,1,6.95024697314859e-05,6.03324645032434e-05
"1313","ko:K03670",0.371093369522698,0.83928394120996,0,0
"1314","ko:K03671",0.1640625,0.747673496432854,0.0003138352896756,0.000210570629466011
"1315","ko:K03672",0.23395283347059,0.826454070727523,5.8388407565218e-05,3.39300057107728e-05
"1316","ko:K03673",1,1,0,0
"1317","ko:K03675",1,1,0,0
"1318","ko:K03676",1,1,0,0
"1319","ko:K03685",0.058707408431205,0.527967547117184,4.84538589145663e-05,2.80234544910996e-05
"1320","ko:K03686",0.25,0.833132530120482,0.000224837259548888,0.000122478745504659
"1321","ko:K03687",0.1640625,0.747673496432854,0.000515653709685264,0.000403216320451581
"1322","ko:K03688",0.422678074170635,0.879545136295743,0,0
"1323","ko:K03694",0.0078125,0.366260593220339,0.00276811743839129,0.00143847973233295
"1324","ko:K03695",0.0078125,0.366260593220339,0.00275358477434186,0.00143847973233295
"1325","ko:K03696",0.07421875,0.591588674957055,0.000685232390740082,0.000273937014614909
"1326","ko:K03697",0.09765625,0.62797115320067,3.63864082064207e-05,3.19314587123201e-06
"1327","ko:K03698",0.0078125,0.366260593220339,1.25618066128276e-05,4.24796272786233e-05
"1328","ko:K03699",0.280712665268496,0.83928394120996,0,0
"1329","ko:K03701",0.91015625,1,2.50600147701774e-05,3.50184040293566e-05
"1330","ko:K03702",0.672603817441517,1,0,1.22606834289489e-05
"1331","ko:K03703",1,1,0,0
"1332","ko:K03704",0.203125,0.747673496432854,9.46941480605563e-05,4.60681013209709e-05
"1333","ko:K03705",0.293621543928906,0.83928394120996,2.15278575494887e-05,8.84391363297488e-06
"1334","ko:K03706",0.734375,1,0.000115967433603943,0.000126849462127434
"1335","ko:K03707",0.141482121482793,0.728447828140855,0,3.17876713948091e-05
"1336","ko:K03708",1,1,0,0
"1337","ko:K03709",0.352542137499713,0.83928394120996,3.45316230084011e-05,1.62749333793259e-05
"1338","ko:K03710",1,1,0,6.89603370490368e-06
"1339","ko:K03711",0.583882420770365,1,0,0
"1340","ko:K03717",0.208412803684149,0.748662097390071,0,6.96522561420328e-06
"1341","ko:K03719",0.280712665268496,0.83928394120996,0,5.83346009021008e-06
"1342","ko:K03720",1,1,0,0
"1343","ko:K03722",1,1,0,0
"1344","ko:K03727",0.183430618982178,0.747673496432854,2.3485716439875e-05,6.59643371179713e-06
"1345","ko:K03733",1,1,0,0
"1346","ko:K03734",1,1,0,0
"1347","ko:K03735",1,1,4.77475915951947e-05,7.09489622391723e-05
"1348","ko:K03736",0.528612125255688,1,0,2.6678735085571e-05
"1349","ko:K03737",0.359375,0.83928394120996,0.0122636367675324,0.0147595715902037
"1350","ko:K03738",0.362726506485098,0.83928394120996,3.38579673086134e-05,2.23088619871125e-05
"1351","ko:K03742",0.422678074170635,0.879545136295743,0,0
"1352","ko:K03743",0.422678074170635,0.879545136295743,0,0
"1353","ko:K03744",0.0078125,0.366260593220339,3.00288788999448e-05,6.940937762456e-06
"1354","ko:K03746",0.280712665268496,0.83928394120996,0,0
"1355","ko:K03749",0.441208519505878,0.899987289788538,1.4858394037262e-05,1.27233163566366e-05
"1356","ko:K03750",1,1,0,0
"1357","ko:K03752",0.371093369522698,0.83928394120996,0,0
"1358","ko:K03753",1,1,0,0
"1359","ko:K03763",1,1,9.43918038479277e-05,4.16719363438324e-05
"1360","ko:K03767",0.0360316862182336,0.514508928571429,1.56444306014336e-05,0
"1361","ko:K03768",0.0390625,0.514508928571429,0.00019222035118983,0.00029225825588579
"1362","ko:K03769",0.359375,0.83928394120996,0.000365346715043736,0.000474839902431625
"1363","ko:K03770",0.203125,0.747673496432854,0.000125610193567314,0.000293233412656709
"1364","ko:K03771",0.0546875,0.527967547117184,3.86984650640669e-06,1.28733136260483e-05
"1365","ko:K03772",0.672603817441517,1,2.4642985523934e-05,1.15228763252283e-05
"1366","ko:K03773",0.932646638965876,1,2.4642985523934e-05,8.03951323060853e-06
"1367","ko:K03774",0.49609375,0.964975606540084,4.26006807691753e-05,6.52633695934121e-05
"1368","ko:K03775",0.49609375,0.964975606540084,4.26006807691753e-05,6.52633695934121e-05
"1369","ko:K03777",0.371093369522698,0.83928394120996,0,0
"1370","ko:K03778",1,1,0.00023830728698085,0.000181123254993966
"1371","ko:K03779",0.293621543928906,0.83928394120996,0,2.81094029649906e-05
"1372","ko:K03780",0.29450739368011,0.83928394120996,2.40587892530062e-06,0
"1373","ko:K03781",1,1,1.01103303001124e-05,0
"1374","ko:K03782",0.280712665268496,0.83928394120996,1.94230305073319e-05,0
"1375","ko:K03783",0.0759269629825577,0.591588674957055,1.64678595839558e-05,3.58740355758959e-05
"1376","ko:K03784",0.25,0.833132530120482,3.29947126304254e-05,7.73771844554475e-05
"1377","ko:K03785",0.352542137499713,0.83928394120996,5.86158759156369e-06,5.52774387178806e-06
"1378","ko:K03786",0.833935414088552,1,0,0
"1379","ko:K03789",1,1,0,0
"1380","ko:K03790",0.0390625,0.514508928571429,0.00035039233704493,0.000590680409319982
"1381","ko:K03797",0.583882420770365,1,0,0
"1382","ko:K03798",0.30078125,0.83928394120996,0.000522514649553242,0.000655326815753745
"1383","ko:K03800",0.422678074170635,0.879545136295743,0,0
"1384","ko:K03802",1,1,0,0
"1385","ko:K03809",0.0208625823327655,0.450827365097105,9.71809535884599e-05,1.48372771261772e-05
"1386","ko:K03816",0.0390625,0.514508928571429,0.000253383777518039,0.000151794693600278
"1387","ko:K03817",0.18144920772142,0.747673496432854,0,0
"1388","ko:K03824",0.371093369522698,0.83928394120996,0,0
"1389","ko:K03831",0.5703125,1,3.27415261000919e-05,2.37208890294322e-06
"1390","ko:K03832",0.362726506485098,0.83928394120996,3.32933114678743e-05,2.26226787822523e-05
"1391","ko:K03833",1,1,0,0
"1392","ko:K03839",0.271898710819648,0.83928394120996,1.03686506020359e-05,4.78226007118691e-06
"1393","ko:K03851",0.787406490666269,1,0,1.21669706250174e-05
"1394","ko:K03856",0.271898710819648,0.83928394120996,1.49070310092775e-05,3.33782246047107e-05
"1395","ko:K03885",0.855132140584706,1,0,0
"1396","ko:K03924",0.30078125,0.83928394120996,2.95486057891986e-05,1.10715752303281e-05
"1397","ko:K03925",1,1,0,0
"1398","ko:K03929",0.0546875,0.527967547117184,0.000145046549497691,0.000609879219991989
"1399","ko:K03930",0.371093369522698,0.83928394120996,0,0
"1400","ko:K03969",0.726286148878805,1,0,5.03952687505882e-06
"1401","ko:K03972",1,1,0,0
"1402","ko:K03976",0.100348246462291,0.62797115320067,0,0
"1403","ko:K03977",0.0390625,0.514508928571429,7.44554940649249e-05,3.38323770350178e-05
"1404","ko:K03978",0.371093369522698,0.83928394120996,0,0
"1405","ko:K03979",0.00390625,0.308705357142857,1.43903541590432e-05,6.99640655683282e-05
"1406","ko:K03980",0.787406490666269,1,0,0
"1407","ko:K04020",0.00390625,0.308705357142857,0.00029454217028614,5.10073101523909e-05
"1408","ko:K04021",0.583882420770365,1,0,0
"1409","ko:K04026",0.401678166469773,0.879545136295743,0,5.95069473321602e-06
"1410","ko:K04027",1,1,9.0191103814096e-05,7.52353475057651e-05
"1411","ko:K04028",0.41849223344682,0.879545136295743,0,0
"1412","ko:K04031",1,1,0,0
"1413","ko:K04032",1,1,0,0
"1414","ko:K04035",0.371093369522698,0.83928394120996,0,0
"1415","ko:K04041",0.1640625,0.747673496432854,2.01140017704384e-06,8.300834027189e-06
"1416","ko:K04042",0.25,0.833132530120482,0.000287081890883482,0.000279679858276383
"1417","ko:K04043",1,1,0.00790228809609295,0.00898453125046491
"1418","ko:K04045",0.18144920772142,0.747673496432854,0,0
"1419","ko:K04047",0.00390625,0.308705357142857,0.00128153636699526,0.000250890370188147
"1420","ko:K04064",0.799846105662473,1,0,8.88203533701163e-06
"1421","ko:K04065",1,1,0,0
"1422","ko:K04066",0.855132140584706,1,0,0
"1423","ko:K04068",0.789268026134281,1,0,0
"1424","ko:K04069",1,1,2.45811936411204e-05,4.09276213864734e-05
"1425","ko:K04072",0.0546875,0.527967547117184,0.00703364720371485,0.00525439793356463
"1426","ko:K04074",0.293621543928906,0.83928394120996,6.5919150265586e-06,3.87784081309494e-05
"1427","ko:K04075",0.0800579199844347,0.600108961184137,7.99287443079512e-05,2.75617734597998e-05
"1428","ko:K04076",1,1,0,0
"1429","ko:K04077",0.0078125,0.366260593220339,0.0267913953622763,0.0169521430594767
"1430","ko:K04078",0.25,0.833132530120482,0.00160093513214408,0.00137949931013541
"1431","ko:K04079",0.30078125,0.83928394120996,0.00217521079625831,0.00185524607310317
"1432","ko:K04080",0.18144920772142,0.747673496432854,0,0
"1433","ko:K04081",0.18144920772142,0.747673496432854,0,0
"1434","ko:K04082",0.371093369522698,0.83928394120996,0,0
"1435","ko:K04083",0.108319380730004,0.642942933689252,0,2.71500491153771e-05
"1436","ko:K04084",0.583882420770365,1,0,0
"1437","ko:K04085",0.371093369522698,0.83928394120996,0,0
"1438","ko:K04086",0.0078125,0.366260593220339,0.000355479223768931,3.12851964219429e-05
"1439","ko:K04087",0.0590582290905367,0.527967547117184,0,1.0753068597019e-05
"1440","ko:K04088",0.271898710819648,0.83928394120996,0,1.35121914721221e-05
"1441","ko:K04092",0.0142661867014469,0.43921493902439,2.49891688542273e-05,7.17839867249651e-06
"1442","ko:K04093",1,1,0,0
"1443","ko:K04094",0.371093369522698,0.83928394120996,0,0
"1444","ko:K04095",0.0224942712224497,0.450863436241274,3.15002311900533e-05,0
"1445","ko:K04107",0.359375,0.83928394120996,7.87649592232909e-06,8.25773933821346e-06
"1446","ko:K04112",0.734375,1,7.8184914796805e-05,0.000197789817760097
"1447","ko:K04128",1,1,0,0
"1448","ko:K04477",0.41849223344682,0.879545136295743,0,0
"1449","ko:K04480",0.29450739368011,0.83928394120996,0,0
"1450","ko:K04485",1,1,0,0
"1451","ko:K04486",0.361310428526179,0.83928394120996,0,0
"1452","ko:K04487",0.359375,0.83928394120996,3.9713567849759e-05,0.000171930610806438
"1453","ko:K04488",0.01953125,0.43921493902439,0.00092003685680244,0.00139929658013286
"1454","ko:K04496",0.18144920772142,0.747673496432854,0,0
"1455","ko:K04516",0.589638551626567,1,0,0
"1456","ko:K04517",0.833935414088552,1,1.32370024973697e-05,1.32635959984724e-05
"1457","ko:K04518",0.29450739368011,0.83928394120996,1.32370024973697e-05,0
"1458","ko:K04562",1,1,0,0
"1459","ko:K04564",0.01171875,0.438027871621622,0.000187390004451233,2.98007675167162e-05
"1460","ko:K04565",1,1,0,0
"1461","ko:K04566",0.359375,0.83928394120996,3.04889214777088e-05,5.7163653332735e-05
"1462","ko:K04567",0.07421875,0.591588674957055,0.000327185491753832,0.000202630408197226
"1463","ko:K04652",0.371093369522698,0.83928394120996,0,0
"1464","ko:K04655",0.674986713970489,1,7.39986452638421e-06,0
"1465","ko:K04691",0.0759269629825577,0.591588674957055,1.34301823368911e-05,0
"1466","ko:K04719",1,1,0,0
"1467","ko:K04720",0.589638551626567,1,0,5.71007079147615e-06
"1468","ko:K04744",1,1,0,0
"1469","ko:K04748",0.0078125,0.366260593220339,0,1.91963541079768e-05
"1470","ko:K04751",0.672603817441517,1,1.24132862821914e-05,7.67626861736906e-06
"1471","ko:K04752",0.789268026134281,1,0,0
"1472","ko:K04757",0.371093369522698,0.83928394120996,0,0
"1473","ko:K04759",0.07421875,0.591588674957055,0.000144806374261638,0.000227985059731535
"1474","ko:K04763",1,1,0,0
"1475","ko:K04764",1,1,0,0
"1476","ko:K04765",0.789268026134281,1,0,0
"1477","ko:K04767",1,1,0,0
"1478","ko:K04769",0.362726506485098,0.83928394120996,1.60274127588501e-05,4.20735542723974e-05
"1479","ko:K04771",0.30078125,0.83928394120996,8.69575415876422e-05,0.000113967882305619
"1480","ko:K04772",1,1,0,0
"1481","ko:K04773",0.49609375,0.964975606540084,2.71000139927309e-05,6.06848607468839e-05
"1482","ko:K04784",1,1,0,0
"1483","ko:K04786",1,1,0,0
"1484","ko:K04835",0.371093369522698,0.83928394120996,0,0
"1485","ko:K04940",1,1,0,0
"1486","ko:K05275",0.07421875,0.591588674957055,0.000135566353268464,4.59263048906768e-05
"1487","ko:K05299",0.65234375,1,0.000109441452229894,0.000177768844783578
"1488","ko:K05305",0.529368106184798,1,0,0
"1489","ko:K05337",0.529368106184798,1,0,1.30650366076203e-05
"1490","ko:K05341",0.12890625,0.699126838235294,4.93469105456576e-05,0.000192412128298916
"1491","ko:K05342",1,1,0,0
"1492","ko:K05343",0.00390625,0.308705357142857,8.47501896847579e-05,0.000267397139158564
"1493","ko:K05349",0.25,0.833132530120482,0.000867893755502748,0.000885661593457534
"1494","ko:K05350",0.204893893816379,0.747673496432854,3.72756365721595e-05,1.74464358115118e-05
"1495","ko:K05351",0.204893893816379,0.747673496432854,7.43021051933052e-06,0
"1496","ko:K05352",0.371093369522698,0.83928394120996,0,0
"1497","ko:K05362",0.12890625,0.699126838235294,3.00600831302875e-05,1.46882300186289e-05
"1498","ko:K05364",0.789268026134281,1,0,0
"1499","ko:K05365",0.23395283347059,0.826454070727523,4.61506854524693e-05,1.39271560185771e-05
"1500","ko:K05366",0.359375,0.83928394120996,9.80167564409153e-05,5.84421308527e-05
"1501","ko:K05368",1,1,0,0
"1502","ko:K05396",1,1,0,0
"1503","ko:K05515",0.18144920772142,0.747673496432854,0,0
"1504","ko:K05516",0.0590582290905367,0.527967547117184,9.83482812539053e-06,5.82159873897374e-06
"1505","ko:K05519",1,1,0,0
"1506","ko:K05520",0.12890625,0.699126838235294,1.05297154633387e-05,9.12990936357548e-05
"1507","ko:K05548",0.371093369522698,0.83928394120996,0,0
"1508","ko:K05579",1,1,0,0
"1509","ko:K05591",0.787406490666269,1,0,0
"1510","ko:K05592",0.799846105662473,1,9.96512176115615e-06,2.96079574907639e-06
"1511","ko:K05593",0.18144920772142,0.747673496432854,0,0
"1512","ko:K05594",0.105645429201877,0.642942933689252,1.01456580960873e-05,0
"1513","ko:K05597",1,1,0,0
"1514","ko:K05601",0.833634883024682,1,1.23816010236784e-05,2.52021194531028e-05
"1515","ko:K05606",0.30078125,0.83928394120996,4.38989620827711e-05,8.34267627685715e-05
"1516","ko:K05685",0.0590582290905367,0.527967547117184,9.91044278742071e-06,0
"1517","ko:K05692",1,1,0,0
"1518","ko:K05772",0.49609375,0.964975606540084,6.446856147599e-05,0.000136392228389004
"1519","ko:K05776",1,1,0,0
"1520","ko:K05777",1,1,0,0
"1521","ko:K05785",1,1,0,0
"1522","ko:K05791",1,1,0,0
"1523","ko:K05795",0.108319380730004,0.642942933689252,0,3.0396687764901e-05
"1524","ko:K05796",0.371093369522698,0.83928394120996,0,0
"1525","ko:K05799",0.401678166469773,0.879545136295743,0,5.93881013893327e-06
"1526","ko:K05802",0.18144920772142,0.747673496432854,0,0
"1527","ko:K05803",1,1,0,0
"1528","ko:K05808",0.07421875,0.591588674957055,0.000919326626808959,0.000469898054074262
"1529","ko:K05809",0.0591720678258594,0.527967547117184,7.50756912331861e-06,0
"1530","ko:K05810",1,1,0,0
"1531","ko:K05813",0.359375,0.83928394120996,5.02643893059912e-05,0.000248461647927365
"1532","ko:K05820",0.401678166469773,0.879545136295743,0,0
"1533","ko:K05822",0.201242620957724,0.747673496432854,0,0
"1534","ko:K05823",1,1,0,0
"1535","ko:K05825",1,1,0.000297818736180212,0.00035194378821284
"1536","ko:K05829",0.371093369522698,0.83928394120996,0,0
"1537","ko:K05830",0.18144920772142,0.747673496432854,0,0
"1538","ko:K05832",0.00390625,0.308705357142857,4.93305428730181e-05,0.000315953283955345
"1539","ko:K05833",0.0078125,0.366260593220339,1.44682005380181e-05,5.54078794969215e-05
"1540","ko:K05838",0.042315274905714,0.527967547117184,8.17784732612901e-05,1.17663473295521e-05
"1541","ko:K05845",1,1,0,0
"1542","ko:K05847",1,1,0,0
"1543","ko:K05864",1,1,0,0
"1544","ko:K05875",1,1,0,0
"1545","ko:K05878",0.25,0.833132530120482,0.00109178363672464,0.000652055210247392
"1546","ko:K05879",0.30078125,0.83928394120996,0.001083428152681,0.00075749863293511
"1547","ko:K05880",0.371093369522698,0.83928394120996,0,0
"1548","ko:K05881",0.07421875,0.591588674957055,6.97273755823483e-05,2.47746559746739e-05
"1549","ko:K05886",1,1,0,0
"1550","ko:K05887",0.787406490666269,1,0,0
"1551","ko:K05895",0.280712665268496,0.83928394120996,0,0
"1552","ko:K05896",0.401678166469773,0.879545136295743,0,1.72769305235403e-06
"1553","ko:K05910",0.18144920772142,0.747673496432854,0,0
"1554","ko:K05916",1,1,0,0
"1555","ko:K05919",0.25,0.833132530120482,0.000248549544419123,0.000164318601307258
"1556","ko:K05922",1,1,0,0
"1557","ko:K05934",0.0224942712224497,0.450863436241274,0,2.77082429045654e-05
"1558","ko:K05936",0.0299739735865559,0.511777845311195,4.64449758809756e-05,0.000118230269708082
"1559","ko:K05939",1,1,0,0
"1560","ko:K05946",1,1,0,0
"1561","ko:K05962",0.0590582290905367,0.527967547117184,0,2.40380509982302e-05
"1562","ko:K05967",1,1,0,0
"1563","ko:K05970",1,1,2.57261197352856e-05,4.53008034126092e-06
"1564","ko:K05988",0.787406490666269,1,0,0
"1565","ko:K05989",0.589638551626567,1,0,0
"1566","ko:K06001",0.0590582290905367,0.527967547117184,0,2.02371406039823e-05
"1567","ko:K06016",0.734375,1,8.09426272591618e-05,0.000125697624343174
"1568","ko:K06020",1,1,0,0
"1569","ko:K06022",0.371093369522698,0.83928394120996,0,0
"1570","ko:K06023",0.00390625,0.308705357142857,0.000137433259657872,0.000219486560229415
"1571","ko:K06039",1,1,0,0
"1572","ko:K06041",0.371093369522698,0.83928394120996,0,0
"1573","ko:K06042",1,1,0,0
"1574","ko:K06044",0.441208519505878,0.899987289788538,0.000321759552772266,0.000195308799042335
"1575","ko:K06045",0.789268026134281,1,0,0
"1576","ko:K06046",0.150785565027971,0.747673496432854,1.56096658227201e-05,0
"1577","ko:K06076",0.855132140584706,1,0,0
"1578","ko:K06077",1,1,0,0
"1579","ko:K06078",0.02734375,0.484825721153846,0.0015518481627225,0.000302078878189876
"1580","ko:K06079",1,1,0,0
"1581","ko:K06113",0.833634883024682,1,3.92505668810709e-05,1.27259605953144e-05
"1582","ko:K06120",0.734375,1,0.00089850711688759,0.000901653990133711
"1583","ko:K06121",0.49609375,0.964975606540084,0.000146240599788542,0.000147162513435984
"1584","ko:K06122",0.30078125,0.83928394120996,0.000117233400373639,0.000107388101579026
"1585","ko:K06131",0.0759269629825577,0.591588674957055,0,1.17980925424785e-05
"1586","ko:K06132",0.29450739368011,0.83928394120996,0,8.33938852754868e-06
"1587","ko:K06139",1,1,0,0
"1588","ko:K06140",0.30078125,0.83928394120996,0.00021290434328504,0.000371676121580714
"1589","ko:K06142",0.799846105662473,1,2.39874024003061e-05,1.39346474696803e-05
"1590","ko:K06147",0.00390625,0.308705357142857,0.000195727849203139,0.000814654561047604
"1591","ko:K06148",0.8203125,1,5.41668998118494e-05,3.18402892433153e-05
"1592","ko:K06149",0.0590582290905367,0.527967547117184,3.51260677639006e-05,0
"1593","ko:K06158",0.07421875,0.591588674957055,0.000128899755373405,0.000266435116985729
"1594","ko:K06168",0.293621543928906,0.83928394120996,1.85846133680234e-05,1.57323299780392e-05
"1595","ko:K06173",1,1,0,0
"1596","ko:K06178",0.789268026134281,1,0,0
"1597","ko:K06182",1,1,0,0
"1598","ko:K06183",0.789268026134281,1,0,0
"1599","ko:K06188",0.0360316862182336,0.514508928571429,1.61246257836563e-05,0
"1600","ko:K06191",1,1,0,0
"1601","ko:K06192",1,1,0,0
"1602","ko:K06196",1,1,0,0
"1603","ko:K06200",0.441208519505878,0.899987289788538,2.19506627393285e-05,2.96493258879204e-05
"1604","ko:K06201",1,1,0,0
"1605","ko:K06204",0.280712665268496,0.83928394120996,0,0
"1606","ko:K06207",0.734375,1,0.000211516278998438,0.000174354252402682
"1607","ko:K06212",0.589638551626567,1,0,0
"1608","ko:K06213",0.787406490666269,1,0,0
"1609","ko:K06215",1,1,8.67848027808422e-05,7.95455043698649e-05
"1610","ko:K06217",0.583882420770365,1,0,0
"1611","ko:K06218",0.00390625,0.308705357142857,0.000423472629620761,0.000149230310530749
"1612","ko:K06221",0.058707408431205,0.527967547117184,6.39234689524733e-05,1.16703365525683e-05
"1613","ko:K06223",1,1,0,0
"1614","ko:K06281",0.12890625,0.699126838235294,3.61148686878931e-05,3.35487669014314e-05
"1615","ko:K06282",1,1,0,0
"1616","ko:K06284",0.42578125,0.879545136295743,7.30112897873605e-05,7.56999866281416e-05
"1617","ko:K06286",0.201242620957724,0.747673496432854,0,0
"1618","ko:K06287",0.0590582290905367,0.527967547117184,8.75761497777656e-06,0
"1619","ko:K06305",0.833935414088552,1,0,9.39832278933774e-06
"1620","ko:K06333",0.787406490666269,1,0,0
"1621","ko:K06334",0.944182513250483,1,1.8238446991969e-05,0.000106790153866546
"1622","ko:K06346",0.42578125,0.879545136295743,9.04313436159018e-05,5.66860953657492e-05
"1623","ko:K06350",0.100348246462291,0.62797115320067,0,0
"1624","ko:K06351",0.0519129649350183,0.527967547117184,0,6.07640201731609e-06
"1625","ko:K06370",0.589638551626567,1,1.28165681994819e-05,0
"1626","ko:K06379",0.201242620957724,0.747673496432854,0,0
"1627","ko:K06382",1,1,0,0
"1628","ko:K06385",1,1,0,3.43668681617617e-05
"1629","ko:K06390",1,1,0,0
"1630","ko:K06397",1,1,0,0
"1631","ko:K06398",0.944182513250483,1,2.6753835727651e-05,2.87296620915981e-05
"1632","ko:K06406",1,1,0,0
"1633","ko:K06410",1,1,0,0
"1634","ko:K06412",0.12890625,0.699126838235294,3.60443346681031e-05,0.000129245923933912
"1635","ko:K06415",0.583882420770365,1,0,0
"1636","ko:K06417",1,1,4.66238919066821e-05,3.43000627458357e-05
"1637","ko:K06418",0.30078125,0.83928394120996,0.00016940646652575,0.000727508275074584
"1638","ko:K06419",0.30078125,0.83928394120996,0.00016940646652575,0.000727508275074584
"1639","ko:K06420",0.25,0.833132530120482,0.000132410478410004,0.000662812595882491
"1640","ko:K06421",0.42578125,0.879545136295743,0.00016940646652575,0.000736766944890865
"1641","ko:K06436",0.177529852412153,0.747673496432854,0,0
"1642","ko:K06441",0.0800579199844347,0.600108961184137,1.25747884319575e-05,4.65219503216189e-05
"1643","ko:K06442",0.65234375,1,6.76090121496864e-05,8.62053774823394e-05
"1644","ko:K06446",0.362726506485098,0.83928394120996,1.4587076388212e-05,3.68458960439778e-05
"1645","ko:K06596",1,1,0,0
"1646","ko:K06605",0.280712665268496,0.83928394120996,0,0
"1647","ko:K06606",0.8203125,1,1.24651795486371e-05,1.64298374650452e-05
"1648","ko:K06609",1,1,0,0
"1649","ko:K06718",0.422678074170635,0.879545136295743,0,0
"1650","ko:K06726",0.583882420770365,1,0,0
"1651","ko:K06859",1,1,0,0
"1652","ko:K06861",1,1,0,0
"1653","ko:K06864",0.589638551626567,1,0,6.65719302035382e-06
"1654","ko:K06866",0.142213241936393,0.728447828140855,7.59839383359408e-05,0
"1655","ko:K06867",1,1,0,0
"1656","ko:K06871",0.359375,0.83928394120996,2.76495988917533e-05,9.49956094191356e-05
"1657","ko:K06872",1,1,0,0
"1658","ko:K06878",0.0546875,0.527967547117184,0.000270964411099561,0.000480358720978527
"1659","ko:K06879",0.105645429201877,0.642942933689252,0,1.69786853081833e-05
"1660","ko:K06881",0.583882420770365,1,0,0
"1661","ko:K06883",0.293621543928906,0.83928394120996,0,7.92419486682104e-06
"1662","ko:K06889",0.91015625,1,5.54585394640065e-05,3.21984828387651e-05
"1663","ko:K06893",1,1,0,0
"1664","ko:K06894",0.787406490666269,1,0,0
"1665","ko:K06896",0.789268026134281,1,0,0
"1666","ko:K06898",1,1,0,0
"1667","ko:K06899",1,1,0,0
"1668","ko:K06901",1,1,0,0
"1669","ko:K06907",0.371093369522698,0.83928394120996,0,0
"1670","ko:K06910",0.0934924836898357,0.62797115320067,1.28808062095425e-05,0
"1671","ko:K06911",1,1,0,0
"1672","ko:K06915",0.201242620957724,0.747673496432854,0,0
"1673","ko:K06920",1,1,0,0
"1674","ko:K06921",0.18144920772142,0.747673496432854,0,0
"1675","ko:K06923",0.150785565027971,0.747673496432854,1.21180076885576e-05,8.46487908784277e-05
"1676","ko:K06925",1,1,0,0
"1677","ko:K06926",1,1,0,0
"1678","ko:K06931",0.201242620957724,0.747673496432854,0,0
"1679","ko:K06934",1,1,0,0
"1680","ko:K06936",1,1,0,0
"1681","ko:K06941",0.042315274905714,0.527967547117184,6.55530962225537e-05,6.49298163717049e-06
"1682","ko:K06942",0.12890625,0.699126838235294,0.000219465545137762,0.000184142848683104
"1683","ko:K06950",0.833935414088552,1,0,0
"1684","ko:K06951",0.799846105662473,1,6.25764655720811e-06,5.43228456335524e-06
"1685","ko:K06958",0.799846105662473,1,6.47681482001009e-06,0
"1686","ko:K06959",0.141482121482793,0.728447828140855,1.1583043084028e-05,7.47687433603457e-05
"1687","ko:K06960",1,1,0,0
"1688","ko:K06966",0.371093369522698,0.83928394120996,0,0
"1689","ko:K06969",1,1,3.15370829543081e-05,3.7494355825223e-05
"1690","ko:K06971",0.29450739368011,0.83928394120996,0,7.91385082848115e-06
"1691","ko:K06972",0.09765625,0.62797115320067,5.5900122345329e-05,0.000145518425828387
"1692","ko:K06978",0.0934924836898357,0.62797115320067,6.6192300481223e-06,4.12420750260758e-05
"1693","ko:K06987",1,1,0,0
"1694","ko:K06990",1,1,0,0
"1695","ko:K06993",1,1,0,0
"1696","ko:K06994",1,1,0,0
"1697","ko:K06997",0.0390625,0.514508928571429,3.17415040813973e-05,6.58231765007408e-05
"1698","ko:K06999",1,1,0,0
"1699","ko:K07000",1,1,0,0
"1700","ko:K07001",0.554113130069446,1,5.67251868561325e-06,0
"1701","ko:K07003",0.734375,1,4.74548307502871e-05,0.000104113258445081
"1702","ko:K07004",0.18144920772142,0.747673496432854,0,0
"1703","ko:K07006",0.42578125,0.879545136295743,0.000525411204040894,0.000321569433279945
"1704","ko:K07007",1,1,0,0
"1705","ko:K07009",0.62406453246517,1,1.32991369775043e-05,6.74424661888218e-06
"1706","ko:K07010",0.0591720678258594,0.527967547117184,0,1.15268226745251e-05
"1707","ko:K07011",0.789268026134281,1,0,0
"1708","ko:K07012",1,1,0,0
"1709","ko:K07015",1,1,0,0
"1710","ko:K07017",1,1,0,0
"1711","ko:K07023",1,1,0,0
"1712","ko:K07025",0.672603817441517,1,3.29669670629915e-05,1.20949363341589e-05
"1713","ko:K07029",0.208412803684149,0.748662097390071,0,6.86884307965484e-06
"1714","ko:K07030",0.12890625,0.699126838235294,0.000109362480320767,0.00024218140301024
"1715","ko:K07033",0.65234375,1,7.3270234384226e-05,6.799559714163e-05
"1716","ko:K07037",1,1,0,0
"1717","ko:K07039",0.833935414088552,1,0,0
"1718","ko:K07040",0.29450739368011,0.83928394120996,7.07816903949997e-06,0
"1719","ko:K07042",0.142213241936393,0.728447828140855,0,4.01619661915653e-06
"1720","ko:K07045",0.91015625,1,6.52462676644429e-05,7.68010952800765e-05
"1721","ko:K07046",1,1,0,0
"1722","ko:K07051",1,1,0,0
"1723","ko:K07053",0.107327557761612,0.642942933689252,1.08660021634535e-05,0
"1724","ko:K07056",0.589638551626567,1,0,0
"1725","ko:K07079",0.554113130069446,1,2.13314419922405e-05,2.30854560654013e-05
"1726","ko:K07080",0.734375,1,0.000116686296863536,0.000254652611271596
"1727","ko:K07082",0.361310428526179,0.83928394120996,0,0
"1728","ko:K07093",0.583882420770365,1,0,0
"1729","ko:K07095",0.91015625,1,3.60747099236368e-05,3.75835144997817e-05
"1730","ko:K07098",1,1,0,0
"1731","ko:K07102",1,1,0,0
"1732","ko:K07105",1,1,0,0
"1733","ko:K07107",0.042315274905714,0.527967547117184,0,2.99540543875771e-05
"1734","ko:K07114",0.583882420770365,1,0,0
"1735","ko:K07124",0.204893893816379,0.747673496432854,2.0128814833854e-05,0
"1736","ko:K07126",0.726286148878805,1,1.38970690633066e-05,3.7121820915473e-05
"1737","ko:K07130",0.422678074170635,0.879545136295743,0,0
"1738","ko:K07133",0.49609375,0.964975606540084,2.94469286093224e-06,9.82945285454377e-06
"1739","ko:K07137",0.203125,0.747673496432854,7.81022194039513e-05,0.000172183898740633
"1740","ko:K07138",1,1,5.12201799558334e-05,4.717384863078e-05
"1741","ko:K07158",0.201242620957724,0.747673496432854,0,0
"1742","ko:K07160",0.09765625,0.62797115320067,2.55888079427291e-05,5.46200681967285e-05
"1743","ko:K07164",1,1,0,0
"1744","ko:K07166",0.674986713970489,1,0,1.08423578423446e-05
"1745","ko:K07168",1,1,0,0
"1746","ko:K07173",0.01953125,0.43921493902439,0.000412035619435619,0.000208841435319105
"1747","ko:K07175",1,1,0,0
"1748","ko:K07177",1,1,0,0
"1749","ko:K07180",0.0591720678258594,0.527967547117184,4.76820089971053e-05,2.3992747230301e-05
"1750","ko:K07184",0.280712665268496,0.83928394120996,1.01456580960873e-05,0
"1751","ko:K07192",0.204893893816379,0.747673496432854,0,1.08970006905706e-05
"1752","ko:K07214",1,1,0,0
"1753","ko:K07216",0.49609375,0.964975606540084,7.73910769096922e-05,9.51039464117187e-05
"1754","ko:K07217",0.944182513250483,1,1.8238446991969e-05,0.000120804498327977
"1755","ko:K07220",0.108319380730004,0.642942933689252,2.28335080497565e-05,7.72122257481869e-06
"1756","ko:K07221",1,1,0,7.2404635851905e-06
"1757","ko:K07223",0.18144920772142,0.747673496432854,0,0
"1758","ko:K07230",1,1,0,0
"1759","ko:K07231",0.0224942712224497,0.450863436241274,0,0.000190134446059744
"1760","ko:K07239",1,1,0,0
"1761","ko:K07245",0.201242620957724,0.747673496432854,0,0
"1762","ko:K07250",1,1,0,0
"1763","ko:K07251",1,1,0.000110245925061745,0.000146814992057975
"1764","ko:K07258",0.204893893816379,0.747673496432854,3.39774953600232e-06,0
"1765","ko:K07260",0.359375,0.83928394120996,0.00101488059073362,0.000285277234933595
"1766","ko:K07263",0.932646638965876,1,0,6.28619658685329e-06
"1767","ko:K07271",0.18144920772142,0.747673496432854,0,0
"1768","ko:K07272",0.41849223344682,0.879545136295743,0,0
"1769","ko:K07273",0.41849223344682,0.879545136295743,0,0
"1770","ko:K07275",0.441208519505878,0.899987289788538,6.31234974630093e-05,3.28210257499457e-05
"1771","ko:K07277",0.0299739735865559,0.511777845311195,3.38179028745888e-05,6.44393597435212e-06
"1772","ko:K07281",1,1,0,0
"1773","ko:K07282",1,1,0,0
"1774","ko:K07287",1,1,0,0
"1775","ko:K07302",0.5703125,1,7.3498780416254e-05,0.000101710531000019
"1776","ko:K07306",0.371093369522698,0.83928394120996,0,0
"1777","ko:K07309",0.371093369522698,0.83928394120996,0,0
"1778","ko:K07310",0.371093369522698,0.83928394120996,0,0
"1779","ko:K07317",1,1,0,0
"1780","ko:K07318",1,1,0,0
"1781","ko:K07320",1,1,0,0
"1782","ko:K07321",0.726286148878805,1,2.02421562400962e-05,2.27936020174484e-05
"1783","ko:K07322",1,1,0,0
"1784","ko:K07335",0.42578125,0.879545136295743,0.00103255917465701,0.00132484853399484
"1785","ko:K07338",0.0224942712224497,0.450863436241274,0,0.000190134446059744
"1786","ko:K07340",1,1,0,0
"1787","ko:K07345",0.371093369522698,0.83928394120996,0,0
"1788","ko:K07347",0.446872820710831,0.902226439478948,0.000112035766808177,0.000107767524956564
"1789","ko:K07386",0.0546875,0.527967547117184,0.000489984527989402,0.000272794452379664
"1790","ko:K07387",1,1,0,0
"1791","ko:K07393",0.371093369522698,0.83928394120996,0,0
"1792","ko:K07397",0.789268026134281,1,0,0
"1793","ko:K07400",0.583882420770365,1,0,0
"1794","ko:K07402",1,1,0,6.51644741659304e-06
"1795","ko:K07403",1,1,0,0
"1796","ko:K07404",0.01953125,0.43921493902439,0.000176917827096919,0.000498429195022285
"1797","ko:K07405",0.446872820710831,0.902226439478948,0,5.01153533956382e-06
"1798","ko:K07406",0.583882420770365,1,0,0
"1799","ko:K07407",0.25,0.833132530120482,0.000886357556800197,0.000530518818688415
"1800","ko:K07442",0.787406490666269,1,0,0
"1801","ko:K07444",0.672603817441517,1,7.17882184366421e-06,0
"1802","ko:K07447",1,1,0,0
"1803","ko:K07451",1,1,0,0
"1804","ko:K07452",0.789268026134281,1,0,0
"1805","ko:K07456",0.91015625,1,5.69707287201816e-05,5.86758574054241e-05
"1806","ko:K07459",1,1,0,0
"1807","ko:K07469",0.183430618982178,0.747673496432854,0,2.02942468426754e-05
"1808","ko:K07478",1,1,0,0
"1809","ko:K07479",0.105645429201877,0.642942933689252,0,0
"1810","ko:K07492",0.280712665268496,0.83928394120996,0,0
"1811","ko:K07502",0.0590582290905367,0.527967547117184,0,6.4601470750461e-06
"1812","ko:K07503",1,1,0,0
"1813","ko:K07504",0.371093369522698,0.83928394120996,0,0
"1814","ko:K07516",0.49609375,0.964975606540084,0.000340337533828146,0.000480033346374102
"1815","ko:K07533",0.734375,1,9.13576159510796e-05,0.000196630937397626
"1816","ko:K07560",1,1,0,0
"1817","ko:K07566",0.91015625,1,1.08637654899532e-05,2.30880092446234e-05
"1818","ko:K07568",0.352542137499713,0.83928394120996,1.73492398112203e-05,3.22211454871305e-05
"1819","ko:K07570",1,1,0,0
"1820","ko:K07571",0.944182513250483,1,1.35905799003427e-05,9.53680864237877e-06
"1821","ko:K07574",0.142213241936393,0.728447828140855,4.07627224487704e-06,0
"1822","ko:K07576",0.09765625,0.62797115320067,4.52831835798342e-05,0.000239501878117598
"1823","ko:K07588",0.787406490666269,1,0,0
"1824","ko:K07640",0.672603817441517,1,0,8.41795149816345e-06
"1825","ko:K07642",0.672603817441517,1,0,8.41795149816345e-06
"1826","ko:K07653",0.371093369522698,0.83928394120996,0,0
"1827","ko:K07675",0.0590582290905367,0.527967547117184,0,2.40380509982302e-05
"1828","ko:K07679",0.0224942712224497,0.450863436241274,0,1.14070042928651e-05
"1829","ko:K07699",1,1,1.72935241881407e-05,2.38060873343191e-05
"1830","ko:K07704",1,1,0,0
"1831","ko:K07709",1,1,0,0
"1832","ko:K07720",0.141482121482793,0.728447828140855,0,1.03671184675842e-05
"1833","ko:K07729",0.18144920772142,0.747673496432854,0,0
"1834","ko:K07735",0.855132140584706,1,0,0
"1835","ko:K07736",0.5703125,1,5.6135185367184e-05,3.05676829837408e-05
"1836","ko:K07738",0.789268026134281,1,0,0
"1837","ko:K07749",1,1,1.85441573855542e-05,0
"1838","ko:K07768",0.0346105575157073,0.514508928571429,1.87376784083298e-05,0
"1839","ko:K07814",0.280712665268496,0.83928394120996,0,0
"1840","ko:K07816",1,1,0,0
"1841","ko:K07821",1,1,0,0
"1842","ko:K07862",1,1,0,0
"1843","ko:K07964",1,1,0,0
"1844","ko:K07979",0.352542137499713,0.83928394120996,0,4.68168166796091e-06
"1845","ko:K08070",1,1,0,0
"1846","ko:K08077",0.280712665268496,0.83928394120996,0,0
"1847","ko:K08092",1,1,0,0
"1848","ko:K08093",0.855132140584706,1,0,0
"1849","ko:K08094",0.371093369522698,0.83928394120996,0,0
"1850","ko:K08137",1,1,0,0
"1851","ko:K08139",1,1,0,0
"1852","ko:K08195",0.371093369522698,0.83928394120996,0,0
"1853","ko:K08234",0.371093369522698,0.83928394120996,0,0
"1854","ko:K08252",1,1,0,0
"1855","ko:K08276",0.371093369522698,0.83928394120996,0,0
"1856","ko:K08281",1,1,0,0
"1857","ko:K08289",0.204893893816379,0.747673496432854,1.83365511746712e-05,0
"1858","ko:K08296",1,1,0,0
"1859","ko:K08297",0.789268026134281,1,0,0
"1860","ko:K08298",0.672603817441517,1,9.15922380504523e-06,1.52017334026285e-05
"1861","ko:K08299",1,1,0,0
"1862","ko:K08300",0.09765625,0.62797115320067,0.000341156428877623,0.000114546164022906
"1863","ko:K08301",0.09765625,0.62797115320067,0.000341156428877623,0.000114546164022906
"1864","ko:K08302",0.09765625,0.62797115320067,0.000348894991057565,8.72420932300455e-05
"1865","ko:K08303",1,1,1.64283713893554e-05,2.2491790000965e-05
"1866","ko:K08307",1,1,0,0
"1867","ko:K08310",1,1,0,0
"1868","ko:K08313",0.42578125,0.879545136295743,0.00415822452124404,0.00229251772416047
"1869","ko:K08314",0.42578125,0.879545136295743,0.00430039042106695,0.00229251772416047
"1870","ko:K08316",0.362726506485098,0.83928394120996,2.21096779175965e-05,1.74057017293698e-05
"1871","ko:K08317",0.18144920772142,0.747673496432854,0,0
"1872","ko:K08321",0.441208519505878,0.899987289788538,0,9.9427004050513e-06
"1873","ko:K08322",0.422678074170635,0.879545136295743,0,0
"1874","ko:K08323",0.100348246462291,0.62797115320067,0,0
"1875","ko:K08324",1,1,0,0
"1876","ko:K08325",0.208412803684149,0.748662097390071,0,7.85073352613441e-07
"1877","ko:K08348",0.18144920772142,0.747673496432854,0,0
"1878","ko:K08369",0.789268026134281,1,0,0
"1879","ko:K08372",0.42578125,0.879545136295743,2.4617653742488e-05,7.89890701735158e-05
"1880","ko:K08483",0.42578125,0.879545136295743,0.00100492223233371,0.00141262200144809
"1881","ko:K08485",0.371093369522698,0.83928394120996,0,0
"1882","ko:K08600",0.100348246462291,0.62797115320067,0,0
"1883","ko:K08602",0.8203125,1,6.06039881871778e-05,7.75142675824757e-05
"1884","ko:K08604",1,1,0,0
"1885","ko:K08641",1,1,0,0
"1886","ko:K08643",0.855132140584706,1,0,0
"1887","ko:K08651",0.280712665268496,0.83928394120996,0,0
"1888","ko:K08652",0.672603817441517,1,2.43325387983727e-05,4.65937632622817e-05
"1889","ko:K08659",0.359375,0.83928394120996,0.000584551800995925,0.000400568029673346
"1890","ko:K08676",0.204893893816379,0.747673496432854,0,8.10716634451487e-06
"1891","ko:K08679",0.105645429201877,0.642942933689252,0,0
"1892","ko:K08681",0.401678166469773,0.879545136295743,1.03145828968958e-05,0
"1893","ko:K08693",0.371093369522698,0.83928394120996,0,0
"1894","ko:K08776",0.105645429201877,0.642942933689252,0,0
"1895","ko:K08884",0.0224942712224497,0.450863436241274,4.15833600067535e-05,2.265116339467e-06
"1896","ko:K08941",0.23395283347059,0.826454070727523,5.04438371835433e-05,4.38536361875685e-05
"1897","ko:K08963",0.359375,0.83928394120996,2.36649684129863e-05,4.23015183440792e-05
"1898","ko:K08965",0.583882420770365,1,0,0
"1899","ko:K08969",1,1,0,0
"1900","ko:K08986",0.833634883024682,1,2.52857482210499e-06,1.12811918181552e-05
"1901","ko:K08999",0.672603817441517,1,0,1.22606834289489e-05
"1902","ko:K09002",1,1,0,0
"1903","ko:K09007",1,1,0,0
"1904","ko:K09009",0.787406490666269,1,0,0
"1905","ko:K09013",0.09765625,0.62797115320067,0.000201621424143023,5.19476270700676e-05
"1906","ko:K09014",0.672603817441517,1,4.66922531351425e-05,0
"1907","ko:K09015",0.12890625,0.699126838235294,0.000144349295465629,3.34311347984616e-05
"1908","ko:K09016",0.201242620957724,0.747673496432854,0,0
"1909","ko:K09017",1,1,0,0
"1910","ko:K09022",0.12890625,0.699126838235294,0.000189205335202511,0.000366829671473095
"1911","ko:K09024",0.583882420770365,1,0,0
"1912","ko:K09065",1,1,0,0
"1913","ko:K09117",0.49609375,0.964975606540084,2.06343230420208e-05,3.44365098987288e-05
"1914","ko:K09118",0.07421875,0.591588674957055,3.61706416879474e-05,1.2172982589527e-05
"1915","ko:K09121",1,1,0,0
"1916","ko:K09136",1,1,0,0
"1917","ko:K09137",1,1,0,0
"1918","ko:K09141",1,1,0,0
"1919","ko:K09157",0.49609375,0.964975606540084,0.000205374185746522,0.000390109636296001
"1920","ko:K09158",0.18144920772142,0.747673496432854,0,0
"1921","ko:K09161",1,1,0,0
"1922","ko:K09181",1,1,0,0
"1923","ko:K09251",0.18144920772142,0.747673496432854,0,0
"1924","ko:K09457",0.0591720678258594,0.527967547117184,0,2.24642409644464e-05
"1925","ko:K09458",0.07421875,0.591588674957055,0.000178387955789705,0.000163014805012045
"1926","ko:K09474",1,1,0,0
"1927","ko:K09475",0.01171875,0.438027871621622,0.000399379797099025,8.3561513864009e-05
"1928","ko:K09476",0.0591720678258594,0.527967547117184,3.20337406976156e-05,0
"1929","ko:K09607",1,1,0,0
"1930","ko:K09612",1,1,0,0
"1931","ko:K09685",0.422678074170635,0.879545136295743,0,0
"1932","ko:K09689",0.0759269629825577,0.591588674957055,2.21240654000839e-05,1.64962769654447e-05
"1933","ko:K09691",0.0360316862182336,0.514508928571429,2.21240654000839e-05,8.39977291250419e-06
"1934","ko:K09693",0.177529852412153,0.747673496432854,0,8.39977291250419e-06
"1935","ko:K09697",0.446872820710831,0.902226439478948,7.54851508174378e-06,2.79070522529816e-05
"1936","ko:K09698",0.293621543928906,0.83928394120996,8.34657227202441e-05,2.5317592925911e-05
"1937","ko:K09702",1,1,0,0
"1938","ko:K09703",0.177529852412153,0.747673496432854,0,0
"1939","ko:K09704",0.528612125255688,1,4.7291601006186e-05,2.26947905182221e-05
"1940","ko:K09705",0.0299739735865559,0.511777845311195,3.16364398559692e-05,0
"1941","ko:K09709",0.371093369522698,0.83928394120996,0,0
"1942","ko:K09710",0.293621543928906,0.83928394120996,2.13186990206631e-05,2.64580124861839e-05
"1943","ko:K09747",0.65234375,1,3.59951558985405e-05,4.15758763215813e-05
"1944","ko:K09748",1,1,0,0
"1945","ko:K09749",0.01953125,0.43921493902439,5.03360524202093e-05,1.40652012054447e-05
"1946","ko:K09759",0.352542137499713,0.83928394120996,0,1.64219028682434e-05
"1947","ko:K09760",1,1,0,0
"1948","ko:K09761",1,1,0,0
"1949","ko:K09762",0.352542137499713,0.83928394120996,2.95982098716925e-05,0
"1950","ko:K09767",0.0591720678258594,0.527967547117184,1.89417572727019e-05,0
"1951","ko:K09769",1,1,0,0
"1952","ko:K09772",0.07421875,0.591588674957055,3.85475306234977e-05,1.33465036136349e-05
"1953","ko:K09773",1,1,0,0
"1954","ko:K09797",0.674986713970489,1,0,6.00654333372931e-06
"1955","ko:K09800",1,1,0,0
"1956","ko:K09803",1,1,0,0
"1957","ko:K09807",0.07421875,0.591588674957055,7.44193974300766e-05,1.88906072932194e-05
"1958","ko:K09808",1,1,0,0
"1959","ko:K09809",0.41849223344682,0.879545136295743,0,0
"1960","ko:K09810",1,1,0,0
"1961","ko:K09811",0.528612125255688,1,1.85782729900219e-05,1.50342374297182e-05
"1962","ko:K09812",0.528612125255688,1,1.85782729900219e-05,1.50342374297182e-05
"1963","ko:K09816",0.583882420770365,1,0,0
"1964","ko:K09823",1,1,0,0
"1965","ko:K09825",1,1,0,0
"1966","ko:K09861",1,1,0,0
"1967","ko:K09888",0.203125,0.747673496432854,2.66273069171281e-05,5.0807436425341e-05
"1968","ko:K09892",0.0591720678258594,0.527967547117184,5.30003266001997e-06,0
"1969","ko:K09896",1,1,0,0
"1970","ko:K09903",0.0546875,0.527967547117184,0.000385476754022297,0.000219669798534873
"1971","ko:K09908",0.0934924836898357,0.62797115320067,9.13694753055223e-06,0
"1972","ko:K09910",0.18144920772142,0.747673496432854,0,0
"1973","ko:K09914",1,1,0,0
"1974","ko:K09923",1,1,0,0
"1975","ko:K09952",0.371093369522698,0.83928394120996,0,0
"1976","ko:K09955",1,1,3.44405203303633e-05,5.53159905426396e-05
"1977","ko:K09963",0.944182513250483,1,0,1.3394847088751e-05
"1978","ko:K09964",1,1,0,0
"1979","ko:K09967",0.734375,1,8.09426272591618e-05,0.000125697624343174
"1980","ko:K09973",0.833634883024682,1,1.38970690633066e-05,1.08980525229229e-05
"1981","ko:K09988",0.0590582290905367,0.527967547117184,0,8.29853746558326e-06
"1982","ko:K10001",1,1,0,0
"1983","ko:K10004",0.280712665268496,0.83928394120996,0,0
"1984","ko:K10005",0.12890625,0.699126838235294,0.000110755286865698,3.7849953732821e-05
"1985","ko:K10008",0.674986713970489,1,0,0
"1986","ko:K10009",0.932646638965876,1,1.61273354220091e-05,9.97958131512201e-06
"1987","ko:K10012",1,1,0,0
"1988","ko:K10036",1,1,0,0
"1989","ko:K10038",0.589638551626567,1,0,0
"1990","ko:K10039",0.371093369522698,0.83928394120996,0,0
"1991","ko:K10040",1,1,0,0
"1992","ko:K10041",0.208412803684149,0.748662097390071,1.07563697206574e-05,0
"1993","ko:K10094",1,1,0,0
"1994","ko:K10108",0.49609375,0.964975606540084,4.69071972768858e-05,0.000386115845726909
"1995","ko:K10112",0.25,0.833132530120482,0.0071441528056798,0.00821597248473117
"1996","ko:K10117",0.91015625,1,0.0137727426316151,0.0157660708527724
"1997","ko:K10118",0.65234375,1,0.00103781067082042,0.00100566734273412
"1998","ko:K10119",0.352542137499713,0.83928394120996,0,8.57780203360509e-06
"1999","ko:K10120",0.23395283347059,0.826454070727523,2.35482651335769e-05,4.31569374899992e-05
"2000","ko:K10124",0.142213241936393,0.728447828140855,8.3684860250308e-06,0
"2001","ko:K10188",0.00390625,0.308705357142857,0.000610274821414151,0.00216682325950045
"2002","ko:K10189",1,1,0,0
"2003","ko:K10190",0.0224942712224497,0.450863436241274,0,0.000103365827156677
"2004","ko:K10192",1,1,0.000376203930422317,0.000416150195803261
"2005","ko:K10195",1,1,5.652311056809e-06,0
"2006","ko:K10200",0.65234375,1,0.00103781067082042,0.000972695428883106
"2007","ko:K10201",1,1,0,0
"2008","ko:K10202",0.18144920772142,0.747673496432854,0,0
"2009","ko:K10206",0.0546875,0.527967547117184,0.000302385545290749,0.000623390330567628
"2010","ko:K10213",0.100348246462291,0.62797115320067,0,0
"2011","ko:K10240",0.00390625,0.308705357142857,0.000176129652006507,0
"2012","ko:K10254",0.359375,0.83928394120996,0.00302651131055415,0.00178575355485729
"2013","ko:K10297",0.23395283347059,0.826454070727523,4.30939936889611e-05,0.000113081356689158
"2014","ko:K10352",0.49609375,0.964975606540084,7.72577282817892e-05,0.000158363676847419
"2015","ko:K10355",1,1,0,0
"2016","ko:K10439",0.02734375,0.484825721153846,0.00273787419487651,0.00435445105744339
"2017","ko:K10440",0.371093369522698,0.83928394120996,0,0
"2018","ko:K10441",0.0546875,0.527967547117184,0.000791635304106394,0.00108416863785617
"2019","ko:K10530",1,1,0,0
"2020","ko:K10536",0.589638551626567,1,0,0
"2021","ko:K10537",0.18144920772142,0.747673496432854,0,0
"2022","ko:K10540",0.65234375,1,0.00184703129961901,0.00298240825427042
"2023","ko:K10541",0.12890625,0.699126838235294,0.00173868242329462,0.00460993956608238
"2024","ko:K10542",0.30078125,0.83928394120996,0.000166679556694087,0.000259451887477803
"2025","ko:K10543",0.0519129649350183,0.527967547117184,9.52001555161153e-06,3.64252169426994e-05
"2026","ko:K10545",0.00390625,0.308705357142857,0.000133748913245567,0.000425268889756014
"2027","ko:K10546",1,1,0.000234803120467919,0.00038870908457143
"2028","ko:K10548",0.00390625,0.308705357142857,0.000133748913245567,0.000425268889756014
"2029","ko:K10549",0.18144920772142,0.747673496432854,0,0
"2030","ko:K10559",0.1640625,0.747673496432854,0.000126008120055247,0.000354647013610456
"2031","ko:K10562",0.0360316862182336,0.514508928571429,0,1.22828855291651e-05
"2032","ko:K10671",0.91015625,1,0.00174651634943974,0.00171409108129147
"2033","ko:K10672",0.359375,0.83928394120996,0.00117205170410114,0.00142938883492523
"2034","ko:K10673",1,1,0,0
"2035","ko:K10677",1,1,0,0
"2036","ko:K10678",1,1,0,0
"2037","ko:K10679",0.201242620957724,0.747673496432854,0,0
"2038","ko:K10681",0.672603817441517,1,0,8.41795149816345e-06
"2039","ko:K10708",0.734375,1,0.0011923581205854,0.00101706830768456
"2040","ko:K10709",0.1640625,0.747673496432854,8.20850778204214e-05,0.00021213874913864
"2041","ko:K10710",0.65234375,1,3.42662346488608e-05,6.22416573673047e-05
"2042","ko:K10716",0.855132140584706,1,0,0
"2043","ko:K10742",0.422678074170635,0.879545136295743,0,0
"2044","ko:K10754",0.141482121482793,0.728447828140855,1.70413814159832e-06,1.22877518805285e-05
"2045","ko:K10773",0.787406490666269,1,0,0
"2046","ko:K10793",0.8203125,1,0.000608963609527386,0.000764449394928874
"2047","ko:K10794",0.359375,0.83928394120996,0.000485595159865205,0.000633792779427391
"2048","ko:K10795",0.100348246462291,0.62797115320067,0,0
"2049","ko:K10797",1,1,0,0
"2050","ko:K10804",1,1,0,0
"2051","ko:K10805",0.674986713970489,1,6.24477794044937e-06,0
"2052","ko:K10817",1,1,0,0
"2053","ko:K10819",0.672603817441517,1,0,8.41795149816345e-06
"2054","ko:K10823",0.07421875,0.591588674957055,7.02568911371102e-05,0.000234367109341403
"2055","ko:K10824",0.1640625,0.747673496432854,4.1636143210613e-05,0.000154447762514107
"2056","ko:K10831",0.371093369522698,0.83928394120996,0,0
"2057","ko:K10834",0.371093369522698,0.83928394120996,0,0
"2058","ko:K10906",1,1,0,0
"2059","ko:K10907",0.789268026134281,1,0,0
"2060","ko:K10914",0.0346105575157073,0.514508928571429,2.46404408008294e-05,0
"2061","ko:K10926",0.204893893816379,0.747673496432854,1.05187993451045e-05,7.31653842733325e-06
"2062","ko:K10927",0.371093369522698,0.83928394120996,0,0
"2063","ko:K10947",0.23395283347059,0.826454070727523,0,3.14755773654943e-05
"2064","ko:K10953",0.789268026134281,1,0,0
"2065","ko:K11031",0.18144920772142,0.747673496432854,0,0
"2066","ko:K11059",0.726286148878805,1,2.21806870271257e-05,2.1682432162814e-05
"2067","ko:K11065",0.91015625,1,0,1.20297509762188e-05
"2068","ko:K11069",0.361310428526179,0.83928394120996,0,0
"2069","ko:K11070",0.371093369522698,0.83928394120996,0,0
"2070","ko:K11072",0.201242620957724,0.747673496432854,0,0
"2071","ko:K11085",0.18144920772142,0.747673496432854,0,0
"2072","ko:K11104",0.446872820710831,0.902226439478948,1.25670246242738e-05,0
"2073","ko:K11145",1,1,0,0
"2074","ko:K11175",0.01953125,0.43921493902439,0.000230267390249532,0.000388341937313761
"2075","ko:K11178",1,1,0,0
"2076","ko:K11179",0.361310428526179,0.83928394120996,0,0
"2077","ko:K11180",1,1,0,0
"2078","ko:K11181",0.589638551626567,1,0,0
"2079","ko:K11183",0.422678074170635,0.879545136295743,0,0
"2080","ko:K11184",0.789268026134281,1,0,0
"2081","ko:K11189",0.0390625,0.514508928571429,0.000214764178892332,0.000116362124490126
"2082","ko:K11191",0.100348246462291,0.62797115320067,0,0
"2083","ko:K11192",0.100348246462291,0.62797115320067,0,0
"2084","ko:K11201",0.361310428526179,0.83928394120996,0,0
"2085","ko:K11202",0.371093369522698,0.83928394120996,0,0
"2086","ko:K11206",1,1,0,0
"2087","ko:K11216",0.203125,0.747673496432854,0.000884451235468655,0.00114217600239552
"2088","ko:K11358",0.01171875,0.438027871621622,0.000181056405787156,6.51900170314349e-05
"2089","ko:K11381",1,1,0,0
"2090","ko:K11392",0.371093369522698,0.83928394120996,0,0
"2091","ko:K11442",0.100348246462291,0.62797115320067,0,0
"2092","ko:K11472",1,1,0,0
"2093","ko:K11477",0.177529852412153,0.747673496432854,0,0
"2094","ko:K11528",0.25,0.833132530120482,7.84569722662457e-05,1.50557611681284e-05
"2095","ko:K11532",0.371093369522698,0.83928394120996,0,0
"2096","ko:K11533",0.833935414088552,1,0,0
"2097","ko:K11621",1,1,0,0
"2098","ko:K11645",0.8203125,1,2.83165306165477e-05,4.68813488486536e-05
"2099","ko:K11646",1,1,0,0
"2100","ko:K11685",0.280712665268496,0.83928394120996,0,0
"2101","ko:K11686",0.371093369522698,0.83928394120996,0,0
"2102","ko:K11693",0.0142661867014469,0.43921493902439,2.72258998531751e-05,0
"2103","ko:K11717",0.25,0.833132530120482,0.000109264649814786,3.41577252376737e-05
"2104","ko:K11732",1,1,0,0
"2105","ko:K11734",1,1,0,0
"2106","ko:K11748",0.0800579199844347,0.600108961184137,4.124341283339e-05,0
"2107","ko:K11749",0.371093369522698,0.83928394120996,0,0
"2108","ko:K11750",0.371093369522698,0.83928394120996,0,0
"2109","ko:K11751",1,1,0.000252496678298896,0.000554782883201844
"2110","ko:K11752",0.142213241936393,0.728447828140855,3.92485922309343e-06,0
"2111","ko:K11753",0.65234375,1,1.72957553693265e-05,8.07132336513493e-06
"2112","ko:K11754",0.944182513250483,1,2.46098840772257e-05,3.43583958878591e-05
"2113","ko:K11755",0.203125,0.747673496432854,8.32921168169582e-05,3.89373423748928e-05
"2114","ko:K11788",0.49609375,0.964975606540084,0.000167451662052711,0.000212242305990599
"2115","ko:K11891",1,1,0,0
"2116","ko:K11901",0.177529852412153,0.747673496432854,1.53499067029121e-05,0
"2117","ko:K11907",1,1,0,0
"2118","ko:K11927",1,1,0,0
"2119","ko:K11928",0.789268026134281,1,0,0
"2120","ko:K11929",0.30078125,0.83928394120996,0.000273998357255782,0.000309761194416918
"2121","ko:K11932",0.0360316862182336,0.514508928571429,2.404860803792e-05,0
"2122","ko:K11934",0.25,0.833132530120482,0.000223401542615649,0.000125476238661536
"2123","ko:K11991",0.30078125,0.83928394120996,3.38174390183073e-05,6.44856331593995e-05
"2124","ko:K12056",1,1,7.17410965550553e-06,0
"2125","ko:K12057",1,1,0,0
"2126","ko:K12065",0.0346105575157073,0.514508928571429,0,1.6413873590986e-05
"2127","ko:K12111",1,1,4.12381557474474e-06,3.92218754138095e-06
"2128","ko:K12112",0.371093369522698,0.83928394120996,0,0
"2129","ko:K12132",0.734375,1,0.000237322871058095,0.000119043380267912
"2130","ko:K12136",0.371093369522698,0.83928394120996,0,0
"2131","ko:K12145",1,1,0,0
"2132","ko:K12152",1,1,0,0
"2133","ko:K12240",1,1,0,0
"2134","ko:K12251",0.18144920772142,0.747673496432854,0,0
"2135","ko:K12257",0.02734375,0.484825721153846,4.27358764287305e-05,0.000191033048741578
"2136","ko:K12287",1,1,0,0
"2137","ko:K12297",0.672603817441517,1,7.17882184366421e-06,0
"2138","ko:K12308",0.1640625,0.747673496432854,0.000617123703158315,0.000460556411657843
"2139","ko:K12340",0.0208625823327655,0.450827365097105,0.000124218283958779,4.54827149390773e-05
"2140","ko:K12341",0.361310428526179,0.83928394120996,0,0
"2141","ko:K12342",1,1,0,0
"2142","ko:K12368",0.401678166469773,0.879545136295743,5.97720507117344e-06,7.39470986268859e-06
"2143","ko:K12373",0.734375,1,0.00151796190827386,0.00118664051143663
"2144","ko:K12410",0.42578125,0.879545136295743,2.83069992778403e-05,5.0051984209634e-05
"2145","ko:K12443",1,1,0,0
"2146","ko:K12452",0.280712665268496,0.83928394120996,0,0
"2147","ko:K12506",0.65234375,1,6.10286364958997e-05,5.69405789893894e-05
"2148","ko:K12524",0.12890625,0.699126838235294,0.000232360118710814,0.000338259862755508
"2149","ko:K12525",0.371093369522698,0.83928394120996,0,0
"2150","ko:K12526",0.833935414088552,1,4.14316317165276e-06,0
"2151","ko:K12527",0.0546875,0.527967547117184,0.00021664320233897,0.000411859874293625
"2152","ko:K12528",0.12890625,0.699126838235294,9.44180711447316e-05,0.000140249539677957
"2153","ko:K12529",1,1,0,0
"2154","ko:K12538",1,1,0,0
"2155","ko:K12544",1,1,0,0
"2156","ko:K12547",0.203125,0.747673496432854,0.000254069327923496,0.000498541808045479
"2157","ko:K12554",0.0142661867014469,0.43921493902439,3.89164224068202e-05,0
"2158","ko:K12573",0.734375,1,3.69908248639164e-05,3.48731518907327e-05
"2159","ko:K12574",0.12890625,0.699126838235294,0.00035837686272729,0.000316013416706511
"2160","ko:K12585",0.734375,1,3.69908248639164e-05,3.48731518907327e-05
"2161","ko:K12661",0.583882420770365,1,0,0
"2162","ko:K12685",0.422678074170635,0.879545136295743,0,0
"2163","ko:K12686",0.787406490666269,1,0,0
"2164","ko:K12687",1,1,0,0
"2165","ko:K12700",1,1,0,0
"2166","ko:K12790",1,1,0,0
"2167","ko:K12940",0.362726506485098,0.83928394120996,0,1.21139267586484e-05
"2168","ko:K12941",0.0360316862182336,0.514508928571429,0,4.23025251352098e-06
"2169","ko:K12942",0.0759269629825577,0.591588674957055,0,8.25358107116635e-06
"2170","ko:K12950",0.293621543928906,0.83928394120996,1.96078912547307e-05,6.79061812042729e-05
"2171","ko:K12952",0.944182513250483,1,9.36354015459437e-06,5.12896658651702e-06
"2172","ko:K12955",0.01171875,0.438027871621622,1.27276862052509e-05,4.36703403113071e-05
"2173","ko:K12957",1,1,0,0
"2174","ko:K12960",0.280712665268496,0.83928394120996,0,0
"2175","ko:K12992",0.583882420770365,1,0,0
"2176","ko:K12996",1,1,0,0
"2177","ko:K13006",1,1,0,0
"2178","ko:K13010",0.528612125255688,1,2.44382997900047e-05,2.69819721389957e-05
"2179","ko:K13015",1,1,0,0
"2180","ko:K13019",1,1,0,0
"2181","ko:K13038",1,1,6.73959891213617e-05,7.64299177539878e-05
"2182","ko:K13043",1,1,0,0
"2183","ko:K13051",0.0800579199844347,0.600108961184137,8.01398828943101e-05,2.68293028653902e-05
"2184","ko:K13059",0.359375,0.83928394120996,0.00017859772117794,0.000181369411998539
"2185","ko:K13075",0.371093369522698,0.83928394120996,0,0
"2186","ko:K13252",0.12890625,0.699126838235294,0.000224475402391286,5.26361013572792e-05
"2187","ko:K13276",0.271898710819648,0.83928394120996,9.91781136400788e-05,0
"2188","ko:K13277",0.361310428526179,0.83928394120996,0,0
"2189","ko:K13280",0.204893893816379,0.747673496432854,0,4.6470704957581e-05
"2190","ko:K13288",0.672603817441517,1,1.68650748469764e-05,1.86179913261768e-05
"2191","ko:K13310",0.554113130069446,1,0,4.97054592273151e-06
"2192","ko:K13327",0.789268026134281,1,0,0
"2193","ko:K13328",0.201242620957724,0.747673496432854,0,0
"2194","ko:K13378",0.100348246462291,0.62797115320067,0,0
"2195","ko:K13380",0.100348246462291,0.62797115320067,0,0
"2196","ko:K13408",1,1,0,0
"2197","ko:K13409",0.371093369522698,0.83928394120996,0,0
"2198","ko:K13421",0.00390625,0.308705357142857,0.000327535916304542,0.000707994936777584
"2199","ko:K13479",0.058707408431205,0.527967547117184,2.40627905217295e-05,6.72603686988374e-05
"2200","ko:K13480",0.422678074170635,0.879545136295743,0,0
"2201","ko:K13483",1,1,0,0
"2202","ko:K13487",1,1,0,0
"2203","ko:K13497",0.589638551626567,1,0,0
"2204","ko:K13503",1,1,0,0
"2205","ko:K13522",1,1,0,0
"2206","ko:K13525",0.0546875,0.527967547117184,1.51379877303171e-05,8.54811708980121e-06
"2207","ko:K13527",0.41849223344682,0.879545136295743,0,0
"2208","ko:K13541",0.0299739735865559,0.511777845311195,4.64449758809756e-05,0.000133839584082274
"2209","ko:K13542",0.799846105662473,1,0,5.34805889243562e-06
"2210","ko:K13543",1,1,0,0
"2211","ko:K13571",0.201242620957724,0.747673496432854,0,0
"2212","ko:K13573",0.204893893816379,0.747673496432854,3.08510314374771e-05,0
"2213","ko:K13574",0.371093369522698,0.83928394120996,0,0
"2214","ko:K13582",0.271898710819648,0.83928394120996,5.77438631972723e-06,2.54050216684729e-06
"2215","ko:K13598",0.0590582290905367,0.527967547117184,0,2.40380509982302e-05
"2216","ko:K13599",0.371093369522698,0.83928394120996,0,0
"2217","ko:K13607",1,1,0,0
"2218","ko:K13628",0.583882420770365,1,0,0
"2219","ko:K13638",1,1,0,0
"2220","ko:K13640",1,1,0,0
"2221","ko:K13713",0.42578125,0.879545136295743,9.70758013039198e-05,0.00014999036242384
"2222","ko:K13714",0.359375,0.83928394120996,0.00101488059073362,0.000285277234933595
"2223","ko:K13730",0.41849223344682,0.879545136295743,0,0
"2224","ko:K13731",0.359375,0.83928394120996,0.00101488059073362,0.000285277234933595
"2225","ko:K13733",1,1,0,0
"2226","ko:K13735",0.41849223344682,0.879545136295743,0,0
"2227","ko:K13787",0.789268026134281,1,0,0
"2228","ko:K13788",0.734375,1,0.00173772895350954,0.00200863729477771
"2229","ko:K13789",1,1,0,0
"2230","ko:K13795",0.833634883024682,1,1.70076970402126e-05,5.80863817620998e-05
"2231","ko:K13797",0.183430618982178,0.747673496432854,8.2027034024722e-05,0
"2232","ko:K13799",0.8203125,1,5.71953514871498e-05,5.20315858187553e-05
"2233","ko:K13818",1,1,0,0
"2234","ko:K13821",0.208412803684149,0.748662097390071,0,1.75935866386415e-05
"2235","ko:K13829",0.8203125,1,0.000124283549624666,0.000179344992464625
"2236","ko:K13832",0.352542137499713,0.83928394120996,5.86158759156369e-06,5.52774387178806e-06
"2237","ko:K13888",1,1,0,0
"2238","ko:K13889",0.00390625,0.308705357142857,0.000199340476485242,0.000443331824471865
"2239","ko:K13890",0.422678074170635,0.879545136295743,0,0
"2240","ko:K13894",0.674986713970489,1,0,8.53985900627067e-06
"2241","ko:K13918",0.589638551626567,1,0,0
"2242","ko:K13919",0.49609375,0.964975606540084,0.000146240599788542,0.000147162513435984
"2243","ko:K13920",0.42578125,0.879545136295743,0.000135703566518705,0.000121088594644829
"2244","ko:K13921",0.12890625,0.699126838235294,9.63262472513378e-05,5.92699935887474e-05
"2245","ko:K13922",0.65234375,1,0.00134830005605297,0.00146421554905277
"2246","ko:K13923",1,1,0,0
"2247","ko:K13924",0.12890625,0.699126838235294,0.00172561742592951,0.00458217047620244
"2248","ko:K13929",0.201242620957724,0.747673496432854,0,0
"2249","ko:K13932",0.01953125,0.43921493902439,0.00127235708403815,0.0022477380273612
"2250","ko:K13933",0.01953125,0.43921493902439,0.00127235708403815,0.0022477380273612
"2251","ko:K13935",1,1,0,0
"2252","ko:K13940",0.0759269629825577,0.591588674957055,2.25678893542199e-05,1.00298420285843e-05
"2253","ko:K13941",0.554113130069446,1,0,1.16331269618488e-05
"2254","ko:K13950",0.583882420770365,1,0,0
"2255","ko:K13953",0.0934924836898357,0.62797115320067,1.21759715683336e-05,0
"2256","ko:K13954",0.42578125,0.879545136295743,0.00163573510596686,0.00138496147871548
"2257","ko:K13963",0.150785565027971,0.747673496432854,0,1.93502257037887e-05
"2258","ko:K13967",0.789268026134281,1,0,0
"2259","ko:K13979",1,1,0,0
"2260","ko:K13990",0.734375,1,7.21087475334719e-05,5.10042340186393e-05
"2261","ko:K13993",0.0390625,0.514508928571429,0.00335037589887256,0.00183833573115232
"2262","ko:K14048",0.25,0.833132530120482,1.40706557624788e-05,2.44202265139709e-05
"2263","ko:K14054",1,1,0,0
"2264","ko:K14055",0.105645429201877,0.642942933689252,1.39884201776296e-05,0
"2265","ko:K14058",1,1,0,0
"2266","ko:K14061",0.0360316862182336,0.514508928571429,2.404860803792e-05,0
"2267","ko:K14062",0.30078125,0.83928394120996,0.000214538699873029,9.57365978484141e-05
"2268","ko:K14064",1,1,0,0
"2269","ko:K14065",1,1,0,0
"2270","ko:K14083",0.100348246462291,0.62797115320067,0,0
"2271","ko:K14089",0.422678074170635,0.879545136295743,0,0
"2272","ko:K14138",0.00390625,0.308705357142857,0.00194833420576428,0.00382944044694947
"2273","ko:K14153",0.734375,1,7.55302432538388e-05,9.07569663980189e-05
"2274","ko:K14155",0.8203125,1,3.50236998611504e-05,3.73879180997607e-05
"2275","ko:K14164",0.0078125,0.366260593220339,0.000172525411629758,6.57882565180352e-05
"2276","ko:K14170",0.0208625823327655,0.450827365097105,1.58916395095495e-05,0
"2277","ko:K14187",0.371093369522698,0.83928394120996,0,0
"2278","ko:K14194",0.855132140584706,1,0,0
"2279","ko:K14195",1,1,0,0
"2280","ko:K14201",1,1,0,0
"2281","ko:K14215",0.589638551626567,1,0,0
"2282","ko:K14260",0.734375,1,8.87977935867325e-05,0.000139924671058287
"2283","ko:K14441",0.62406453246517,1,1.11757041103708e-05,1.56477386783608e-05
"2284","ko:K14445",1,1,0,0
"2285","ko:K14447",0.726286148878805,1,9.43918038479277e-05,3.21198567446413e-05
"2286","ko:K14534",0.359375,0.83928394120996,5.85717549764138e-05,9.7674362444035e-05
"2287","ko:K14540",1,1,0,0
"2288","ko:K14645",1,1,0,0
"2289","ko:K14647",1,1,0,0
"2290","ko:K14652",0.23395283347059,0.826454070727523,5.66002359465425e-05,4.19284122964373e-05
"2291","ko:K14660",0.0800579199844347,0.600108961184137,1.56084183176753e-05,5.00233754039689e-05
"2292","ko:K14681",0.359375,0.83928394120996,7.20715761921886e-05,0.000117985133648385
"2293","ko:K14682",1,1,0,0
"2294","ko:K14742",0.554113130069446,1,6.74420742633732e-06,7.24953268246002e-06
"2295","ko:K14949",0.201242620957724,0.747673496432854,0,0
"2296","ko:K14977",0.529368106184798,1,0,5.621212415738e-06
"2297","ko:K15011",0.0590582290905367,0.527967547117184,0,2.40380509982302e-05
"2298","ko:K15022",0.554113130069446,1,0,5.44125171976742e-06
"2299","ko:K15023",0.0078125,0.366260593220339,0.000681026707221028,0.001654903668259
"2300","ko:K15024",0.65234375,1,0.000338855469582989,0.000397740912628473
"2301","ko:K15125",0.65234375,1,0.00437196298405653,0.00689587250896242
"2302","ko:K15256",0.0590582290905367,0.527967547117184,0,7.42718592569358e-06
"2303","ko:K15372",0.422678074170635,0.879545136295743,0,0
"2304","ko:K15481",0.855132140584706,1,0,0
"2305","ko:K15482",0.208412803684149,0.748662097390071,0,5.15987674694615e-06
"2306","ko:K15509",0.49609375,0.964975606540084,0.000315474276045559,0.00018587651881927
"2307","ko:K15511",0.422678074170635,0.879545136295743,0,0
"2308","ko:K15515",1,1,0,0
"2309","ko:K15524",1,1,1.37484043569016e-05,0
"2310","ko:K15526",0.42578125,0.879545136295743,0.000215308482751512,0.000263897199754419
"2311","ko:K15531",0.362726506485098,0.83928394120996,9.1474734204976e-06,3.91275513917087e-05
"2312","ko:K15532",0.672603817441517,1,0,7.95712922301723e-06
"2313","ko:K15533",0.02734375,0.484825721153846,0.00133854128822831,0.000523479664558824
"2314","ko:K15539",0.201242620957724,0.747673496432854,0,0
"2315","ko:K15580",0.30078125,0.83928394120996,0.0034264755489516,0.00331293725545899
"2316","ko:K15581",0.362726506485098,0.83928394120996,1.18226227741415e-05,8.76045800821895e-06
"2317","ko:K15582",0.441208519505878,0.899987289788538,5.312954422152e-05,3.84287585306887e-05
"2318","ko:K15583",0.1640625,0.747673496432854,2.63832387647761e-05,5.38174116016933e-05
"2319","ko:K15584",0.799846105662473,1,4.64418251686524e-06,1.09808908672391e-05
"2320","ko:K15633",0.49609375,0.964975606540084,0.000510725950344105,0.000586297057838393
"2321","ko:K15634",0.589638551626567,1,0,0
"2322","ko:K15635",0.352542137499713,0.83928394120996,0,9.20813206778876e-06
"2323","ko:K15655",0.371093369522698,0.83928394120996,0,0
"2324","ko:K15672",1,1,0,0
"2325","ko:K15673",1,1,0,0
"2326","ko:K15719",0.799846105662473,1,0,0
"2327","ko:K15721",1,1,0,0
"2328","ko:K15738",0.0590582290905367,0.527967547117184,1.01483040974969e-05,0
"2329","ko:K15763",0.142213241936393,0.728447828140855,7.59839383359408e-05,0
"2330","ko:K15770",0.07421875,0.591588674957055,0.00102852959810003,0.00267653108219004
"2331","ko:K15771",0.49609375,0.964975606540084,0.00181151017771387,0.00126224635907003
"2332","ko:K15772",0.65234375,1,4.54970375538222e-05,5.57110352465427e-05
"2333","ko:K15778",1,1,7.88607356669154e-06,3.45082881227122e-06
"2334","ko:K15780",0.0800579199844347,0.600108961184137,7.99287443079512e-05,2.75617734597998e-05
"2335","ko:K15792",0.359375,0.83928394120996,1.93419146184168e-05,4.95933046582542e-05
"2336","ko:K15827",0.371093369522698,0.83928394120996,0,0
"2337","ko:K15833",1,1,0,0
"2338","ko:K15834",1,1,0,0
"2339","ko:K15856",1,1,0,0
"2340","ko:K15866",0.674986713970489,1,0,5.60090202668931e-06
"2341","ko:K15876",1,1,0,0
"2342","ko:K15894",1,1,0,0
"2343","ko:K15921",0.0142661867014469,0.43921493902439,3.98600325439163e-05,0
"2344","ko:K15922",0.401678166469773,0.879545136295743,0,8.88697413517818e-06
"2345","ko:K15923",1,1,0.000174254269999378,0.000199579357390297
"2346","ko:K15977",0.855132140584706,1,0,0
"2347","ko:K15986",1,1,0.000292495588973777,0.000170717285083601
"2348","ko:K15987",0.787406490666269,1,0,0
"2349","ko:K16011",1,1,4.63013388476569e-06,8.39491159463062e-06
"2350","ko:K16012",0.371093369522698,0.83928394120996,0,0
"2351","ko:K16014",0.371093369522698,0.83928394120996,0,0
"2352","ko:K16043",1,1,0,0
"2353","ko:K16066",0.371093369522698,0.83928394120996,0,0
"2354","ko:K16076",0.42578125,0.879545136295743,0.000184178450785713,9.57365978484141e-05
"2355","ko:K16077",0.371093369522698,0.83928394120996,0,0
"2356","ko:K16079",0.5703125,1,0.000152651166416168,0.000237815429639085
"2357","ko:K16087",0.42578125,0.879545136295743,0.00035082351406018,0.000337640817067316
"2358","ko:K16089",0.25,0.833132530120482,4.67555536475557e-05,7.03178583196019e-05
"2359","ko:K16092",0.91015625,1,0.000185062914249756,5.31788082404671e-05
"2360","ko:K16133",0.371093369522698,0.83928394120996,0,0
"2361","ko:K16139",0.5703125,1,0.000564644946722191,0.000673635076363199
"2362","ko:K16147",0.91015625,1,0.000106517481539361,0.00010614549121771
"2363","ko:K16148",0.554113130069446,1,1.83317143751577e-05,3.24833955476942e-05
"2364","ko:K16149",0.529368106184798,1,0,7.96579859086246e-06
"2365","ko:K16150",0.529368106184798,1,0,7.96579859086246e-06
"2366","ko:K16153",0.833634883024682,1,2.08776959989177e-05,2.67555029852191e-05
"2367","ko:K16181",0.208412803684149,0.748662097390071,2.04897736321539e-05,1.28156766070042e-05
"2368","ko:K16193",0.65234375,1,0.00111949097853993,0.0011564402600118
"2369","ko:K16203",0.1640625,0.747673496432854,7.95472099318977e-05,1.50557611681284e-05
"2370","ko:K16209",0.107327557761612,0.642942933689252,2.99151794359749e-05,0
"2371","ko:K16210",1,1,0,0
"2372","ko:K16211",1,1,0,0
"2373","ko:K16212",0.23395283347059,0.826454070727523,1.28542697757923e-05,1.35788643394522e-05
"2374","ko:K16213",1,1,4.49749392776576e-05,5.3451681951872e-05
"2375","ko:K16248",1,1,0,0
"2376","ko:K16264",0.1640625,0.747673496432854,0.000159140809303839,0.000257238454632766
"2377","ko:K16306",1,1,0,0
"2378","ko:K16328",1,1,0,0
"2379","ko:K16329",0.201242620957724,0.747673496432854,0,0
"2380","ko:K16363",1,1,0,0
"2381","ko:K16370",0.01953125,0.43921493902439,0.000405738744112215,0.000168580411840568
"2382","ko:K16371",0.528612125255688,1,1.00544421769485e-05,2.28092709032488e-05
"2383","ko:K16511",0.583882420770365,1,0,0
"2384","ko:K16552",0.00390625,0.308705357142857,0.000423472629620761,0.000149230310530749
"2385","ko:K16554",1,1,0,0
"2386","ko:K16555",1,1,0,0
"2387","ko:K16619",1,1,0,0
"2388","ko:K16650",0.371093369522698,0.83928394120996,0,0
"2389","ko:K16692",0.359375,0.83928394120996,3.97839874043944e-05,5.26310874789025e-06
"2390","ko:K16710",1,1,0,0
"2391","ko:K16784",0.932646638965876,1,3.47321879057289e-06,7.85864012593933e-06
"2392","ko:K16785",1,1,0,0
"2393","ko:K16786",0.932646638965876,1,3.47321879057289e-06,1.128879981765e-05
"2394","ko:K16787",0.271898710819648,0.83928394120996,0,1.128879981765e-05
"2395","ko:K16845",0.855132140584706,1,0,0
"2396","ko:K16846",0.855132140584706,1,0,0
"2397","ko:K16849",0.855132140584706,1,0,0
"2398","ko:K16850",0.855132140584706,1,0,0
"2399","ko:K16868",1,1,0,0
"2400","ko:K16869",1,1,1.37484043569016e-05,0
"2401","ko:K16876",1,1,0,0
"2402","ko:K16885",0.944182513250483,1,2.12637378484032e-05,1.38688849568474e-05
"2403","ko:K16886",1,1,0,0
"2404","ko:K16924",0.401678166469773,0.879545136295743,0,8.13127031170305e-06
"2405","ko:K16950",1,1,0,0
"2406","ko:K16951",0.371093369522698,0.83928394120996,0,0
"2407","ko:K16957",1,1,0,0
"2408","ko:K16961",1,1,0,0
"2409","ko:K17050",0.100348246462291,0.62797115320067,0,0
"2410","ko:K17062",0.0360316862182336,0.514508928571429,3.8196516779392e-05,0
"2411","ko:K17063",1,1,0,0
"2412","ko:K17067",0.359375,0.83928394120996,0.00162559643155985,0.0010790141245914
"2413","ko:K17073",0.799846105662473,1,1.23551627873566e-05,6.56931912209313e-06
"2414","ko:K17074",0.799846105662473,1,1.23551627873566e-05,6.56931912209313e-06
"2415","ko:K17076",1,1,0,0
"2416","ko:K17195",1,1,0,0
"2417","ko:K17202",0.734375,1,6.55443452054933e-05,9.5387744486399e-05
"2418","ko:K17203",0.371093369522698,0.83928394120996,0,0
"2419","ko:K17204",1,1,0,0
"2420","ko:K17205",1,1,0,0
"2421","ko:K17213",0.352542137499713,0.83928394120996,2.09633516677181e-05,0
"2422","ko:K17215",0.18144920772142,0.747673496432854,0,0
"2423","ko:K17216",1,1,0,0
"2424","ko:K17217",1,1,0,0
"2425","ko:K17234",0.12890625,0.699126838235294,9.30043217074138e-05,0.000514634019594693
"2426","ko:K17241",1,1,0,0
"2427","ko:K17244",0.0591720678258594,0.527967547117184,8.58663799279723e-05,0
"2428","ko:K17311",0.01953125,0.43921493902439,1.48693482948363e-05,4.03885733524969e-05
"2429","ko:K17318",0.12890625,0.699126838235294,0.00324998444826967,0.00497939178294911
"2430","ko:K17319",0.01171875,0.438027871621622,0.00014240847877244,0.00017668685841491
"2431","ko:K17320",0.359375,0.83928394120996,2.65512513277065e-05,6.11864013971654e-05
"2432","ko:K17326",0.12890625,0.699126838235294,0.000121786978917557,0.00020987937859158
"2433","ko:K17327",1,1,0,0
"2434","ko:K17363",0.787406490666269,1,0,0
"2435","ko:K17465",1,1,0,0
"2436","ko:K17467",0.371093369522698,0.83928394120996,0,0
"2437","ko:K17488",0.108319380730004,0.642942933689252,9.96048699785436e-06,0
"2438","ko:K17489",0.65234375,1,5.47067782324257e-05,2.13041537172988e-05
"2439","ko:K17623",1,1,0,0
"2440","ko:K17624",0.49609375,0.964975606540084,0.00591223989716211,0.00783280693832973
"2441","ko:K17680",1,1,0,0
"2442","ko:K17686",0.107327557761612,0.642942933689252,0,6.91443697227097e-06
"2443","ko:K17713",0.371093369522698,0.83928394120996,0,0
"2444","ko:K17716",0.787406490666269,1,0,0
"2445","ko:K17722",0.91015625,1,5.3186714543776e-05,5.9212734360651e-05
"2446","ko:K17723",0.8203125,1,7.28094484091664e-05,0.000102470493690533
"2447","ko:K17733",1,1,0,0
"2448","ko:K17734",0.01953125,0.43921493902439,0.000360294251634652,0.000689473365980415
"2449","ko:K17735",0.441208519505878,0.899987289788538,0,1.58281648070915e-05
"2450","ko:K17743",0.589638551626567,1,0,1.177621775819e-06
"2451","ko:K17758",0.0390625,0.514508928571429,4.77328327050684e-05,6.54191353494308e-06
"2452","ko:K17759",0.0390625,0.514508928571429,4.77328327050684e-05,6.54191353494308e-06
"2453","ko:K17810",0.583882420770365,1,0,0
"2454","ko:K17828",0.09765625,0.62797115320067,0.000126305384854104,6.42521888686252e-05
"2455","ko:K17835",1,1,0,0
"2456","ko:K17836",0.0759269629825577,0.591588674957055,4.60694817785627e-05,1.00140906127537e-05
"2457","ko:K17837",0.280712665268496,0.83928394120996,0,0
"2458","ko:K17865",1,1,0,0
"2459","ko:K17869",0.0208625823327655,0.450827365097105,4.68334363437228e-05,9.6227457977667e-06
"2460","ko:K17883",1,1,0,0
"2461","ko:K17898",0.0546875,0.527967547117184,1.35081700170312e-05,5.9640124802817e-05
"2462","ko:K17899",1,1,0,0
"2463","ko:K17948",0.422678074170635,0.879545136295743,0,0
"2464","ko:K17997",0.1640625,0.747673496432854,2.53765352642645e-05,0.000109694839894701
"2465","ko:K17998",0.0078125,0.366260593220339,0.000120919117966497,0.000447458921077395
"2466","ko:K17999",0.362726506485098,0.83928394120996,1.91380916787609e-05,3.91037351680539e-05
"2467","ko:K18006",0.371093369522698,0.83928394120996,0,0
"2468","ko:K18011",0.01953125,0.43921493902439,1.35081700170312e-05,5.9640124802817e-05
"2469","ko:K18012",0.01953125,0.43921493902439,0,0.000338550570021342
"2470","ko:K18013",0.446872820710831,0.902226439478948,0,8.21224948361959e-06
"2471","ko:K18014",0.29450739368011,0.83928394120996,1.05567864959635e-05,0
"2472","ko:K18095",1,1,0,0
"2473","ko:K18118",0.8203125,1,7.13115579950322e-05,0.000152506104198145
"2474","ko:K18120",0.734375,1,2.7536317359407e-05,5.5965014767933e-05
"2475","ko:K18122",1,1,0,0
"2476","ko:K18138",0.371093369522698,0.83928394120996,0,0
"2477","ko:K18139",0.401678166469773,0.879545136295743,0,0
"2478","ko:K18141",0.371093369522698,0.83928394120996,0,0
"2479","ko:K18142",0.371093369522698,0.83928394120996,0,0
"2480","ko:K18143",0.672603817441517,1,0,8.41795149816345e-06
"2481","ko:K18149",1,1,0,0
"2482","ko:K18197",0.583882420770365,1,0,0
"2483","ko:K18205",1,1,0,0
"2484","ko:K18206",0.528612125255688,1,0.000143920380829743,0.00037264895642815
"2485","ko:K18239",1,1,0,0
"2486","ko:K18240",1,1,0,0
"2487","ko:K18244",0.674986713970489,1,0,0.00058790801644953
"2488","ko:K18284",0.100348246462291,0.62797115320067,0,0
"2489","ko:K18287",1,1,0,0
"2490","ko:K18292",0.583882420770365,1,0,0
"2491","ko:K18302",1,1,0,0
"2492","ko:K18330",0.371093369522698,0.83928394120996,0,0
"2493","ko:K18331",0.00390625,0.308705357142857,0.000168175893794708,0.000594836113336343
"2494","ko:K18332",0.07421875,0.591588674957055,5.91882217360294e-05,0.000186226457611289
"2495","ko:K18334",1,1,0,0
"2496","ko:K18346",1,1,0,0
"2497","ko:K18347",1,1,0,0
"2498","ko:K18348",0.0591720678258594,0.527967547117184,0,1.64783722392674e-05
"2499","ko:K18369",0.589638551626567,1,0,0
"2500","ko:K18376",1,1,0,0
"2501","ko:K18427",0.441208519505878,0.899987289788538,0,3.98466766930165e-05
"2502","ko:K18429",1,1,0,0
"2503","ko:K18430",0.422678074170635,0.879545136295743,0,0
"2504","ko:K18431",1,1,0,0
"2505","ko:K18457",0.726286148878805,1,1.01345776955448e-05,1.60766748272014e-05
"2506","ko:K18471",0.204893893816379,0.747673496432854,0,2.10159230650873e-05
"2507","ko:K18478",1,1,0,0
"2508","ko:K18481",0.674986713970489,1,0,0
"2509","ko:K18491",1,1,0,0
"2510","ko:K18538",0.855132140584706,1,0,0
"2511","ko:K18546",0.855132140584706,1,0,0
"2512","ko:K18556",0.141482121482793,0.728447828140855,5.01476595811795e-05,0
"2513","ko:K18579",0.0590582290905367,0.527967547117184,0,5.35692632196505e-06
"2514","ko:K18581",1,1,0,0
"2515","ko:K18608",0.944182513250483,1,9.22971182053276e-06,1.29469588325712e-05
"2516","ko:K18612",0.855132140584706,1,0,0
"2517","ko:K18650",0.362726506485098,0.83928394120996,7.44733793644976e-06,1.52990033807719e-05
"2518","ko:K18652",0.589638551626567,1,0,0
"2519","ko:K18672",0.371093369522698,0.83928394120996,0,0
"2520","ko:K18675",0.105645429201877,0.642942933689252,0,3.62716008494217e-06
"2521","ko:K18676",1,1,0,0
"2522","ko:K18682",0.8203125,1,0.00015087292806875,0.000234688050921391
"2523","ko:K18692",0.371093369522698,0.83928394120996,0,0
"2524","ko:K18698",0.422678074170635,0.879545136295743,0,0
"2525","ko:K18699",1,1,0,0
"2526","ko:K18702",1,1,0,0
"2527","ko:K18704",1,1,0,0
"2528","ko:K18707",0.204893893816379,0.747673496432854,0,7.02635484541945e-06
"2529","ko:K18766",0.100348246462291,0.62797115320067,0,0
"2530","ko:K18767",0.100348246462291,0.62797115320067,0,0
"2531","ko:K18768",0.18144920772142,0.747673496432854,0,0
"2532","ko:K18785",0.25,0.833132530120482,0.00022540188713237,0.000277414041762506
"2533","ko:K18795",1,1,0,0
"2534","ko:K18816",1,1,0,0
"2535","ko:K18827",0.734375,1,6.57811303740292e-05,0.000209939215037338
"2536","ko:K18831",1,1,0,0
"2537","ko:K18847",1,1,0,0
"2538","ko:K18887",1,1,0,0
"2539","ko:K18898",0.371093369522698,0.83928394120996,0,0
"2540","ko:K18899",0.371093369522698,0.83928394120996,0,0
"2541","ko:K18910",1,1,0,0
"2542","ko:K18926",0.0591720678258594,0.527967547117184,7.01321152736736e-05,0
"2543","ko:K18928",1,1,0,0
"2544","ko:K18929",1,1,0,0
"2545","ko:K18967",0.371093369522698,0.83928394120996,0,0
"2546","ko:K19046",0.361310428526179,0.83928394120996,0,0
"2547","ko:K19049",0.361310428526179,0.83928394120996,0,0
"2548","ko:K19052",1,1,0,0
"2549","ko:K19055",1,1,0,0
"2550","ko:K19075",0.177529852412153,0.747673496432854,0,1.34322202293125e-05
"2551","ko:K19084",1,1,0,0
"2552","ko:K19088",1,1,0,0
"2553","ko:K19115",0.441208519505878,0.899987289788538,6.55574088453583e-06,1.34569843609569e-05
"2554","ko:K19117",0.422678074170635,0.879545136295743,0,0
"2555","ko:K19118",0.799846105662473,1,1.66728402073978e-05,1.21151993077399e-05
"2556","ko:K19123",1,1,0,0
"2557","ko:K19124",1,1,0,0
"2558","ko:K19125",1,1,0,0
"2559","ko:K19138",1,1,0,0
"2560","ko:K19168",0.0142661867014469,0.43921493902439,0.00034522703775061,5.51014230666406e-05
"2561","ko:K19171",1,1,0,0
"2562","ko:K19172",1,1,0,0
"2563","ko:K19180",0.201242620957724,0.747673496432854,0,0
"2564","ko:K19217",1,1,0,0
"2565","ko:K19221",0.799846105662473,1,6.59413369470262e-06,4.183740691821e-05
"2566","ko:K19224",1,1,0,0
"2567","ko:K19226",0.208412803684149,0.748662097390071,0,7.39470986268859e-06
"2568","ko:K19231",1,1,0,0
"2569","ko:K19265",0.8203125,1,0.000133745837932053,0.000122704061635947
"2570","ko:K19268",0.105645429201877,0.642942933689252,0,0
"2571","ko:K19272",1,1,0,0
"2572","ko:K19285",0.799846105662473,1,0,7.23812437246014e-06
"2573","ko:K19286",0.799846105662473,1,0,7.23812437246014e-06
"2574","ko:K19299",1,1,0,0
"2575","ko:K19300",1,1,0,0
"2576","ko:K19309",1,1,0,0
"2577","ko:K19334",0.371093369522698,0.83928394120996,0,0
"2578","ko:K19355",0.208412803684149,0.748662097390071,0,7.27570305079188e-06
"2579","ko:K19405",0.0590582290905367,0.527967547117184,0,1.40469310023555e-05
"2580","ko:K19411",1,1,0,0
"2581","ko:K19424",1,1,0,0
"2582","ko:K19430",1,1,0,0
"2583","ko:K19504",0.833935414088552,1,0,0
"2584","ko:K19506",1,1,8.23226332538646e-05,0.000331008504026891
"2585","ko:K19507",0.8203125,1,1.54403110619587e-05,4.31613882340122e-05
"2586","ko:K19508",1,1,0,0
"2587","ko:K19509",0.203125,0.747673496432854,8.9659054400291e-05,6.34468931691214e-05
"2588","ko:K19510",1,1,0.00093498244365989,0.000840181343812049
"2589","ko:K19545",0.42578125,0.879545136295743,1.80793090065565e-05,5.44464612700092e-05
"2590","ko:K19547",1,1,0,0
"2591","ko:K19633",0.371093369522698,0.83928394120996,0,0
"2592","ko:K19664",1,1,0,0
"2593","ko:K19668",0.25,0.833132530120482,1.47712691544684e-05,2.66129258194063e-05
"2594","ko:K19689",1,1,0,9.79846300185825e-06
"2595","ko:K19693",1,1,0,0
"2596","ko:K19697",0.1640625,0.747673496432854,0.0028642719020529,0.00204738729168015
"2597","ko:K19701",1,1,0,0
"2598","ko:K19702",1,1,0,0
"2599","ko:K19710",0.0360316862182336,0.514508928571429,9.95389814199238e-06,0
"2600","ko:K19745",0.371093369522698,0.83928394120996,0,0
"2601","ko:K19778",0.177529852412153,0.747673496432854,0,0
"2602","ko:K19784",1,1,0,0
"2603","ko:K19802",0.833634883024682,1,1.62822311005485e-05,3.78854342894469e-05
"2604","ko:K19804",0.100348246462291,0.62797115320067,0,0
"2605","ko:K19824",0.18144920772142,0.747673496432854,0,0
"2606","ko:K19883",1,1,0,0
"2607","ko:K19954",0.932646638965876,1,1.00371533919284e-05,9.63534440380955e-06
"2608","ko:K19955",0.42578125,0.879545136295743,9.46741343293956e-05,0.000152822796542517
"2609","ko:K19956",0.362726506485098,0.83928394120996,2.16881499535929e-05,0.000161621803664763
"2610","ko:K19976",0.583882420770365,1,0,0
"2611","ko:K19979",0.789268026134281,1,0,0
"2612","ko:K20011",1,1,0,0
"2613","ko:K20035",0.589638551626567,1,0,0
"2614","ko:K20037",1,1,0,0
"2615","ko:K20038",0.352542137499713,0.83928394120996,0,1.51920886164079e-05
"2616","ko:K20074",0.528612125255688,1,3.3966584189933e-05,1.67055175858535e-05
"2617","ko:K20107",0.09765625,0.62797115320067,5.2779931765925e-05,1.34004054716818e-05
"2618","ko:K20108",0.09765625,0.62797115320067,5.2779931765925e-05,1.34004054716818e-05
"2619","ko:K20112",0.371093369522698,0.83928394120996,0,0
"2620","ko:K20116",0.65234375,1,0.000256621847164609,0.000385630320085244
"2621","ko:K20117",0.65234375,1,0.000256621847164609,0.000385630320085244
"2622","ko:K20118",0.65234375,1,0.000256621847164609,0.000385630320085244
"2623","ko:K20140",0.01953125,0.43921493902439,0.000195314271873284,0.000333706372726688
"2624","ko:K20201",0.0346105575157073,0.514508928571429,0,3.28111065400407e-05
"2625","ko:K20207",1,1,0,0
"2626","ko:K20238",0.528612125255688,1,4.3392345405333e-05,3.0595140496139e-05
"2627","ko:K20276",0.49609375,0.964975606540084,0.00463003068270884,0.00891862058451161
"2628","ko:K20306",0.855132140584706,1,0,0
"2629","ko:K20344",0.371093369522698,0.83928394120996,0,0
"2630","ko:K20345",1,1,0,0
"2631","ko:K20379",0.371093369522698,0.83928394120996,0,0
"2632","ko:K20424",1,1,0,0
"2633","ko:K20433",0.789268026134281,1,0,0
"2634","ko:K20444",0.5703125,1,6.3042272247089e-05,5.40402757843792e-05
"2635","ko:K20449",0.183430618982178,0.747673496432854,3.35210667896509e-05,0
"2636","ko:K20452",0.0800579199844347,0.600108961184137,0,1.12058867589209e-05
"2637","ko:K20453",0.787406490666269,1,0,0
"2638","ko:K20459",1,1,0,0
"2639","ko:K20483",1,1,0,0
"2640","ko:K20485",0.18144920772142,0.747673496432854,0,0
"2641","ko:K20490",1,1,0,0
"2642","ko:K20510",0.01953125,0.43921493902439,0.00127235708403815,0.0022477380273612
"2643","ko:K20511",0.01953125,0.43921493902439,0.00127235708403815,0.0022477380273612
"2644","ko:K20534",0.554113130069446,1,0,0
"2645","ko:K20552",0.280712665268496,0.83928394120996,0,0
"2646","ko:K20626",0.932646638965876,1,4.83369131189599e-05,4.33681434848495e-05
"2647","ko:K20627",1,1,5.82950214351467e-06,5.71289653415547e-05
"2648","ko:K20707",1,1,0,0
"2649","ko:K20712",0.271898710819648,0.83928394120996,9.72037679859515e-06,0
"2650","ko:K20742",1,1,1.34924117784617e-05,4.63423408986608e-05
"2651","ko:K20755",0.789268026134281,1,0,0
"2652","ko:K20765",0.422678074170635,0.879545136295743,0,0
"2653","ko:K20810",0.100348246462291,0.62797115320067,0,0
"2654","ko:K20814",0.371093369522698,0.83928394120996,0,0
"2655","ko:K20844",0.18144920772142,0.747673496432854,0,0
"2656","ko:K20846",0.41849223344682,0.879545136295743,0,6.1010713250936e-06
"2657","ko:K20847",1,1,0,0
"2658","ko:K20866",0.0360316862182336,0.514508928571429,0,6.81670916087067e-06
"2659","ko:K20881",1,1,0,0
"2660","ko:K20882",0.18144920772142,0.747673496432854,0,0
"2661","ko:K20903",0.07421875,0.591588674957055,4.99525125844477e-05,5.98283892547628e-05
"2662","ko:K20904",0.30078125,0.83928394120996,5.31436785595893e-05,0.000140660852418542
"2663","ko:K20905",0.177529852412153,0.747673496432854,0,0
"2664","ko:K20945",0.441208519505878,0.899987289788538,1.97536864663781e-05,7.57294907005727e-06
"2665","ko:K20967",1,1,0,0
"2666","ko:K21007",1,1,0,0
"2667","ko:K21010",0.293621543928906,0.83928394120996,4.71868096491579e-05,9.07550493402306e-06
"2668","ko:K21029",0.799846105662473,1,0,6.93465618971482e-06
"2669","ko:K21030",1,1,1.15891611426774e-05,0
"2670","ko:K21053",1,1,0,0
"2671","ko:K21063",0.0360316862182336,0.514508928571429,0,6.81670916087067e-06
"2672","ko:K21071",0.25,0.833132530120482,0.00024089588771592,0.00031169282035938
"2673","ko:K21104",1,1,0,0
"2674","ko:K21162",1,1,0,0
"2675","ko:K21219",1,1,0,0
"2676","ko:K21252",1,1,0,0
"2677","ko:K21273",0.589638551626567,1,0,0
"2678","ko:K21344",1,1,0,0
"2679","ko:K21349",1,1,0,0
"2680","ko:K21350",0.02734375,0.484825721153846,0.000192096523000736,4.1008293721458e-05
"2681","ko:K21395",0.787406490666269,1,0,0
"2682","ko:K21400",1,1,0,0
"2683","ko:K21405",0.371093369522698,0.83928394120996,0,0
"2684","ko:K21416",0.422678074170635,0.879545136295743,0,0
"2685","ko:K21417",0.589638551626567,1,0,0
"2686","ko:K21429",0.150785565027971,0.747673496432854,0,0.000150197925588436
"2687","ko:K21449",0.359375,0.83928394120996,0.000956119597407529,0.000578693631244079
"2688","ko:K21464",0.371093369522698,0.83928394120996,0,0
"2689","ko:K21467",1,1,0,0
"2690","ko:K21471",0.65234375,1,4.78265448792598e-05,9.20807624368357e-05
"2691","ko:K21480",0.855132140584706,1,0,0
"2692","ko:K21487",1,1,0,0
"2693","ko:K21498",1,1,0,0
"2694","ko:K21515",1,1,0,0
"2695","ko:K21559",0.944182513250483,1,1.58352419258141e-05,3.84178337271188e-05
"2696","ko:K21571",0.734375,1,0.000262384945371192,0.000275888675986624
"2697","ko:K21572",0.8203125,1,0.00551514937228232,0.00517384358348396
"2698","ko:K21573",0.734375,1,0.00152546310156797,0.00138196119228338
"2699","ko:K21574",0.371093369522698,0.83928394120996,0,0
"2700","ko:K21575",0.177529852412153,0.747673496432854,0,0
"2701","ko:K21576",0.09765625,0.62797115320067,0.000221798856122131,0.000144499314815436
"2702","ko:K21577",0.203125,0.747673496432854,0.000644897767976842,0.000393330355434739
"2703","ko:K21578",0.18144920772142,0.747673496432854,0,0
"2704","ko:K21579",0.362726506485098,0.83928394120996,8.7872789388615e-06,1.69069830071429e-05
"2705","ko:K21583",0.91015625,1,0.000154883621032222,0.000178216199930766
"2706","ko:K21584",0.91015625,1,9.35705145281915e-05,0.000160730071959531
"2707","ko:K21585",1,1,0,0
"2708","ko:K21613",0.789268026134281,1,0,0
"2709","ko:K21622",0.528612125255688,1,1.00544421769485e-05,2.28092709032488e-05
"2710","ko:K21636",0.359375,0.83928394120996,0.000163979978057192,0.000160684469652316
"2711","ko:K21672",0.09765625,0.62797115320067,3.72407706800445e-05,0
"2712","ko:K21680",0.371093369522698,0.83928394120996,0,0
"2713","ko:K21681",0.09765625,0.62797115320067,3.24665865463278e-05,1.51574196120792e-05
"2714","ko:K21687",0.371093369522698,0.83928394120996,0,0
"2715","ko:K21688",0.371093369522698,0.83928394120996,0,0
"2716","ko:K21689",0.371093369522698,0.83928394120996,0,0
"2717","ko:K21690",0.371093369522698,0.83928394120996,0,0
"2718","ko:K21691",0.371093369522698,0.83928394120996,0,0
"2719","ko:K21696",0.0590582290905367,0.527967547117184,0,2.40380509982302e-05
"2720","ko:K21739",0.107327557761612,0.642942933689252,4.66604396790764e-05,0
"2721","ko:K21830",1,1,0,0
"2722","ko:K21834",0.855132140584706,1,0,0
"2723","ko:K21903",1,1,0,0
"2724","ko:K21910",0.177529852412153,0.747673496432854,0,0
"2725","ko:K21929",1,1,0,0
"2726","ko:K21966",0.446872820710831,0.902226439478948,0.000112035766808177,0.000107767524956564
"2727","ko:K21993",0.589638551626567,1,0,0
"2728","ko:K22010",0.0800579199844347,0.600108961184137,5.42146788413999e-05,1.14447778721326e-05
"2729","ko:K22015",0.204893893816379,0.747673496432854,1.77645281349889e-05,0
"2730","ko:K22024",1,1,0,0
"2731","ko:K22026",1,1,0,0
"2732","ko:K22044",1,1,0,0
"2733","ko:K22110",0.18144920772142,0.747673496432854,0,0
"2734","ko:K22205",0.789268026134281,1,0,0
"2735","ko:K22212",0.371093369522698,0.83928394120996,0,0
"2736","ko:K22214",1,1,0,0
"2737","ko:K22224",0.0360316862182336,0.514508928571429,0,4.18746237211072e-05
"2738","ko:K22227",1,1,0,0
"2739","ko:K22230",0.42578125,0.879545136295743,2.37005998951089e-05,4.59592267284204e-05
"2740","ko:K22252",1,1,0,0
"2741","ko:K22253",1,1,0,0
"2742","ko:K22278",0.672603817441517,1,1.15311706736074e-05,4.7601808202507e-06
"2743","ko:K22305",0.855132140584706,1,0,0
"2744","ko:K22306",0.401678166469773,0.879545136295743,0,0
"2745","ko:K22307",0.855132140584706,1,0,0
"2746","ko:K22330",1,1,0,0
"2747","ko:K22339",0.589638551626567,1,0,0
"2748","ko:K22340",0.371093369522698,0.83928394120996,0,0
"2749","ko:K22341",0.01171875,0.438027871621622,4.51834069511249e-05,0.000158474257136329
"2750","ko:K22350",0.18144920772142,0.747673496432854,0,0
"2751","ko:K22361",0.142213241936393,0.728447828140855,7.59839383359408e-05,0
"2752","ko:K22373",0.65234375,1,0.000315443732159766,0.000297736738479202
"2753","ko:K22391",0.42578125,0.879545136295743,8.29306556437e-05,3.34527678994028e-05
"2754","ko:K22393",1,1,0,0
"2755","ko:K22396",1,1,0,0
"2756","ko:K22397",0.18144920772142,0.747673496432854,0,0
"2757","ko:K22405",0.65234375,1,3.48347980819096e-05,2.32475714720589e-05
"2758","ko:K22409",0.422678074170635,0.879545136295743,0,0
"2759","ko:K22424",0.672603817441517,1,3.83658818025065e-06,5.69928735208676e-06
"2760","ko:K22430",0.1640625,0.747673496432854,0.000567496178187094,0.000916020468995754
"2761","ko:K22431",0.203125,0.747673496432854,0.000135566623227689,0.000349313525659609
"2762","ko:K22432",0.91015625,1,0.000323434408515641,0.000610435405476728
"2763","ko:K22452",0.371093369522698,0.83928394120996,0,0
"2764","ko:K22457",0.583882420770365,1,0,0
"2765","ko:K22503",0.352542137499713,0.83928394120996,0,1.64219028682434e-05
"2766",NA,0.30078125,0.83928394120996,0.0896477982208664,0.0984046261408844
