#clustering method	cluster number	cluster color	hex color	gene count	protein name	protein identifier	protein description
kmeans	1	Red	#ff0000	353	AACS	9606.ENSP00000324842	Acetoacetyl-CoA synthetase; Activates acetoacetate to acetoacetyl-CoA. May be involved in utilizing ketone body for the fatty acid-synthesis during adipose tissue development (By similarity); Belongs to the ATP-dependent AMP-binding enzyme family.
kmeans	1	Red	#ff0000	353	ABCE1	9606.ENSP00000296577	ATP-binding cassette sub-family E member 1; Antagonizes the binding of 2-5A (5'-phosphorylated 2',5'- linked oligoadenylates) by RNase L through direct interaction with RNase L and therefore inhibits its endoribonuclease activity. May play a central role in the regulation of mRNA turnover. Antagonizes the anti-viral effect of the interferon-regulated 2-5A/RNase L pathway. May act as a chaperone for post-translational events during HIV-1 capsid assembly; Belongs to the ABC transporter superfamily. ABCE family.
kmeans	1	Red	#ff0000	353	ACAT2	9606.ENSP00000356015	Acetyl-CoA acetyltransferase, cytosolic; Involved in the biosynthetic pathway of cholesterol.
kmeans	1	Red	#ff0000	353	ACOT2	9606.ENSP00000238651	Acyl-coenzyme A thioesterase 2, mitochondrial; Acyl-CoA thioesterases are a group of enzymes that catalyze the hydrolysis of acyl-CoAs to the free fatty acid and coenzyme A (CoASH), providing the potential to regulate intracellular levels of acyl-CoAs, free fatty acids and CoASH. Acyl-coenzyme A thioesterase 2/ACOT2 displays higher activity toward long chain acyl CoAs (C14-C20). The enzyme is involved in enhancing the hepatic fatty acid oxidation in mitochondria (By similarity). Belongs to the C/M/P thioester hydrolase family.
kmeans	1	Red	#ff0000	353	ACOT7	9606.ENSP00000367086	Cytosolic acyl coenzyme A thioester hydrolase; Acyl-CoA thioesterases are a group of enzymes that catalyze the hydrolysis of acyl-CoAs to the free fatty acid and coenzyme A (CoASH), providing the potential to regulate intracellular levels of acyl-CoAs, free fatty acids and CoASH. Acyl-coenzyme A thioesterase 7/ACOT7 preferentially hydrolyzes palmitoyl-CoA, but has a broad specificity acting on other fatty acyl-CoAs with chain-lengths of C8-C18. May play an important physiological function in brain.
kmeans	1	Red	#ff0000	353	ACTR10	9606.ENSP00000254286	Actin related protein 10; Belongs to the actin family.
kmeans	1	Red	#ff0000	353	ACTR1A	9606.ENSP00000358921	Alpha-centractin; Component of a multi-subunit complex involved in microtubule based vesicle motility. It is associated with the centrosome.
kmeans	1	Red	#ff0000	353	ACTR1B	9606.ENSP00000289228	Beta-centractin; Component of a multi-subunit complex involved in microtubule based vesicle motility. It is associated with the centrosome.
kmeans	1	Red	#ff0000	353	ACTR2	9606.ENSP00000367220	Actin-related protein 2; ATP-binding component of the Arp2/3 complex, a multiprotein complex that mediates actin polymerization upon stimulation by nucleation-promoting factor (NPF). The Arp2/3 complex mediates the formation of branched actin networks in the cytoplasm, providing the force for cell motility. Seems to contact the pointed end of the daughter actin filament. In addition to its role in the cytoplasmic cytoskeleton, the Arp2/3 complex also promotes actin polymerization in the nucleus, thereby regulating gene transcription and repair of damaged DNA. The Arp2/3 complex promote [...] 
kmeans	1	Red	#ff0000	353	ACTR3	9606.ENSP00000263238	Actin-related protein 3; ATP-binding component of the Arp2/3 complex, a multiprotein complex that mediates actin polymerization upon stimulation by nucleation-promoting factor (NPF). The Arp2/3 complex mediates the formation of branched actin networks in the cytoplasm, providing the force for cell motility. Seems to contact the pointed end of the daughter actin filament. In addition to its role in the cytoplasmic cytoskeleton, the Arp2/3 complex also promotes actin polymerization in the nucleus, thereby regulating gene transcription and repair of damaged DNA. The Arp2/3 complex promote [...] 
kmeans	1	Red	#ff0000	353	ADH1C	9606.ENSP00000426083	Alcohol dehydrogenase 1C, gamma polypeptide.
kmeans	1	Red	#ff0000	353	ADK	9606.ENSP00000443965	Adenosine kinase; ATP dependent phosphorylation of adenosine and other related nucleoside analogs to monophosphate derivatives. Serves as a potential regulator of concentrations of extracellular adenosine and intracellular adenine nucleotides; Belongs to the carbohydrate kinase PfkB family.
kmeans	1	Red	#ff0000	353	ADSL	9606.ENSP00000485525	Adenylosuccinate lyase; Catalyzes two non-sequential steps in de novo AMP synthesis: converts (S)-2-(5-amino-1-(5-phospho-D-ribosyl)imidazole-4- carboxamido)succinate (SAICAR) to fumarate plus 5-amino-1-(5-phospho-D- ribosyl)imidazole-4-carboxamide, and thereby also contributes to de novo IMP synthesis, and converts succinyladenosine monophosphate (SAMP) to AMP and fumarate.
kmeans	1	Red	#ff0000	353	AFDN	9606.ENSP00000355771	Afadin; Belongs to an adhesion system, probably together with the E- cadherin-catenin system, which plays a role in the organization of homotypic, interneuronal and heterotypic cell-cell adherens junctions (AJs) (By similarity). Nectin- and actin-filament-binding protein that connects nectin to the actin cytoskeleton. May play a key role in the organization of epithelial structures of the embryonic ectoderm (By similarity). Essential for the organization of adherens junctions. ECO:0000250|UniProtKB:Q9QZQ1.
kmeans	1	Red	#ff0000	353	AGL	9606.ENSP00000294724	Amylo-alpha-1,6-glucosidase; Multifunctional enzyme acting as 1,4-alpha-D-glucan:1,4- alpha-D-glucan 4-alpha-D-glycosyltransferase and amylo-1,6-glucosidase in glycogen degradation.
kmeans	1	Red	#ff0000	353	AHNAK	9606.ENSP00000367263	Neuroblast differentiation-associated protein AHNAK; May be required for neuronal cell differentiation.
kmeans	1	Red	#ff0000	353	AHSA1	9606.ENSP00000216479	Activator of 90 kDa heat shock protein ATPase homolog 1; Acts as a co-chaperone of HSP90AA1. Activates the ATPase activity of HSP90AA1 leading to increase in its chaperone activity. Competes with the inhibitory co- chaperone FNIP1 for binding to HSP90AA1, thereby providing a reciprocal regulatory mechanism for chaperoning of client proteins. Competes with the inhibitory co-chaperone TSC1 for binding to HSP90AA1, thereby providing a reciprocal regulatory mechanism for chaperoning of client proteins.
kmeans	1	Red	#ff0000	353	AIMP2	9606.ENSP00000223029	Aminoacyl tRNA synthase complex-interacting multifunctional protein 2; Required for assembly and stability of the aminoacyl-tRNA synthase complex. Mediates ubiquitination and degradation of FUBP1, a transcriptional activator of MYC, leading to MYC down-regulation which is required for aveolar type II cell differentiation. Blocks MDM2-mediated ubiquitination and degradation of p53/TP53. Functions as a proapoptotic factor.
kmeans	1	Red	#ff0000	353	AK1	9606.ENSP00000223836	Adenylate kinase isoenzyme 1; Catalyzes the reversible transfer of the terminal phosphate group between ATP and AMP. Also displays broad nucleoside diphosphate kinase activity. Plays an important role in cellular energy homeostasis and in adenine nucleotide metabolism.
kmeans	1	Red	#ff0000	353	AKR1B1	9606.ENSP00000285930	Aldo-keto reductase family 1 member B1; Catalyzes the NADPH-dependent reduction of a wide variety of carbonyl-containing compounds to their corresponding alcohols. Displays enzymatic activity towards endogenous metabolites such as aromatic and aliphatic aldehydes, ketones, monosacharides, bile acids and xenobiotics substrates. Key enzyme in the polyol pathway, catalyzes reduction of glucose to sorbitol during hyperglycemia. Reduces steroids and their derivatives and prostaglandins. Displays low enzymatic activity toward all-trans-retinal, 9-cis-retinal, and 13-cis- retinal. Catalyzes t [...] 
kmeans	1	Red	#ff0000	353	AKR1C2	9606.ENSP00000370129	Aldo-keto reductase family 1 member C2; Works in concert with the 5-alpha/5-beta-steroid reductases to convert steroid hormones into the 3-alpha/5-alpha and 3-alpha/5- beta-tetrahydrosteroids. Catalyzes the inactivation of the most potent androgen 5-alpha-dihydrotestosterone (5-alpha-DHT) to 5-alpha- androstane-3-alpha,17-beta-diol (3-alpha-diol). Has a high bile-binding ability.
kmeans	1	Red	#ff0000	353	AKR1C3	9606.ENSP00000369927	Aldo-keto reductase family 1 member C3; Catalyzes the conversion of aldehydes and ketones to alcohols. Catalyzes the reduction of prostaglandin (PG) D2, PGH2 and phenanthrenequinone (PQ) and the oxidation of 9-alpha,11-beta-PGF2 to PGD2. Functions as a bi-directional 3-alpha-, 17-beta- and 20-alpha HSD. Can interconvert active androgens, estrogens and progestins with their cognate inactive metabolites. Preferentially transforms androstenedione (4-dione) to testosterone; Belongs to the aldo/keto reductase family.
kmeans	1	Red	#ff0000	353	AKR7A2	9606.ENSP00000235835	Aflatoxin B1 aldehyde reductase member 2; Catalyzes the NADPH-dependent reduction of succinic semialdehyde to gamma-hydroxybutyrate. May have an important role in producing the neuromodulator gamma-hydroxybutyrate (GHB). Has broad substrate specificity. Has NADPH-dependent aldehyde reductase activity towards 2-carboxybenzaldehyde, 2-nitrobenzaldehyde and pyridine-2- aldehyde (in vitro). Can reduce 1,2-naphthoquinone and 9,10- phenanthrenequinone (in vitro). Can reduce the dialdehyde protein- binding form of aflatoxin B1 (AFB1) to the non-binding AFB1 dialcohol. May be involved in prote [...] 
kmeans	1	Red	#ff0000	353	ALDH1A1	9606.ENSP00000297785	Retinal dehydrogenase 1; Can convert/oxidize retinaldehyde to retinoic acid. Binds free retinal and cellular retinol-binding protein-bound retinal (By similarity). May have a broader specificity and oxidize other aldehydes in vivo.
kmeans	1	Red	#ff0000	353	ALDH3A1	9606.ENSP00000411821	Aldehyde dehydrogenase, dimeric NADP-preferring; ALDHs play a major role in the detoxification of alcohol- derived acetaldehyde (Probable). They are involved in the metabolism of corticosteroids, biogenic amines, neurotransmitters, and lipid peroxidation (Probable). Oxidizes medium and long chain aldehydes into non-toxic fatty acids. Preferentially oxidizes aromatic aldehyde substrates. Comprises about 50 percent of corneal epithelial soluble proteins (By similarity). May play a role in preventing corneal damage caused by ultraviolet light (By similarity).
kmeans	1	Red	#ff0000	353	ALDH3A2	9606.ENSP00000345774	Aldehyde dehydrogenase family 3 member A2; Catalyzes the oxidation of medium and long chain aliphatic aldehydes to fatty acids. Active on a variety of saturated and unsaturated aliphatic aldehydes between 6 and 24 carbons in length. Responsible for conversion of the sphingosine 1-phosphate (S1P) degradation product hexadecenal to hexadecenoic acid.
kmeans	1	Red	#ff0000	353	ALDH3B1	9606.ENSP00000473990	Aldehyde dehydrogenase family 3 member B1; Oxidizes medium and long chain saturated and unsaturated aldehydes. Metabolizes also benzaldehyde. Low activity towards acetaldehyde and 3,4-dihydroxyphenylacetaldehyde. May not metabolize short chain aldehydes. Can use both NADP(+) and NAD(+) as electron acceptor. May have a protective role against the cytotoxicity induced by lipid peroxidation.
kmeans	1	Red	#ff0000	353	ALDH6A1	9606.ENSP00000450436	Methylmalonate-semialdehyde dehydrogenase [acylating], mitochondrial; Plays a role in valine and pyrimidine metabolism. Binds fatty acyl-CoA; Belongs to the aldehyde dehydrogenase family.
kmeans	1	Red	#ff0000	353	ALDH7A1	9606.ENSP00000387123	Alpha-aminoadipic semialdehyde dehydrogenase; Multifunctional enzyme mediating important protective effects. Metabolizes betaine aldehyde to betaine, an important cellular osmolyte and methyl donor. Protects cells from oxidative stress by metabolizing a number of lipid peroxidation-derived aldehydes. Involved in lysine catabolism; Belongs to the aldehyde dehydrogenase family.
kmeans	1	Red	#ff0000	353	ANP32E	9606.ENSP00000463154	Acidic leucine-rich nuclear phosphoprotein 32 family member E; Histone chaperone that specifically mediates the genome-wide removal of histone H2A.Z/H2AZ1 from the nucleosome: removes H2A.Z/H2AZ1 from its normal sites of deposition, especially from enhancer and insulator regions. Not involved in deposition of H2A.Z/H2AZ1 in the nucleosome. May stabilize the evicted H2A.Z/H2AZ1-H2B dimer, thus shifting the equilibrium towards dissociation and the off-chromatin state. Inhibits activity of protein phosphatase 2A (PP2A). Does not inhibit protein phosphatase 1. May play a role in cerebellar [...] 
kmeans	1	Red	#ff0000	353	ANXA2	9606.ENSP00000346032	Annexin A2; Calcium-regulated membrane-binding protein whose affinity for calcium is greatly enhanced by anionic phospholipids. It binds two calcium ions with high affinity. May be involved in heat-stress response. Inhibits PCSK9-enhanced LDLR degradation, probably reduces PCSK9 protein levels via a translational mechanism but also competes with LDLR for binding with PCSK9 ; Belongs to the annexin family.
kmeans	1	Red	#ff0000	353	APAF1	9606.ENSP00000448165	Apoptotic protease-activating factor 1; Oligomeric Apaf-1 mediates the cytochrome c-dependent autocatalytic activation of pro-caspase-9 (Apaf-3), leading to the activation of caspase-3 and apoptosis. This activation requires ATP. Isoform 6 is less effective in inducing apoptosis.
kmeans	1	Red	#ff0000	353	ARHGEF1	9606.ENSP00000337261	Rho guanine nucleotide exchange factor 1; Seems to play a role in the regulation of RhoA GTPase by guanine nucleotide-binding alpha-12 (GNA12) and alpha-13 (GNA13) subunits. Acts as GTPase-activating protein (GAP) for GNA12 and GNA13, and as guanine nucleotide exchange factor (GEF) for RhoA GTPase. Activated G alpha 13/GNA13 stimulates the RhoGEF activity through interaction with the RGS-like domain. This GEF activity is inhibited by binding to activated GNA12. Mediates angiotensin-2-induced RhoA activation.
kmeans	1	Red	#ff0000	353	ARHGEF18-2	9606.ENSP00000499655	Rho guanine nucleotide exchange factor 18; Acts as guanine nucleotide exchange factor (GEF) for RhoA GTPases. Its activation induces formation of actin stress fibers. Also acts as a GEF for RAC1, inducing production of reactive oxygen species (ROS). Does not act as a GEF for CDC42. The G protein beta-gamma (Gbetagamma) subunits of heterotrimeric G proteins act as activators, explaining the integrated effects of LPA and other G-protein coupled receptor agonists on actin stress fiber formation, cell shape change and ROS production. Required for EPB41L4B-mediated regulation of the circumf [...] 
kmeans	1	Red	#ff0000	353	ARPC1A	9606.ENSP00000262942	Actin-related protein 2/3 complex subunit 1A; Probably functions as component of the Arp2/3 complex which is involved in regulation of actin polymerization and together with an activating nucleation-promoting factor (NPF) mediates the formation of branched actin networks; Belongs to the WD repeat ARPC1 family.
kmeans	1	Red	#ff0000	353	ARPC1B	9606.ENSP00000389631	Actin-related protein 2/3 complex subunit 1B; Component of the Arp2/3 complex, a multiprotein complex that mediates actin polymerization upon stimulation by nucleation-promoting factor (NPF). The Arp2/3 complex mediates the formation of branched actin networks in the cytoplasm, providing the force for cell motility. In addition to its role in the cytoplasmic cytoskeleton, the Arp2/3 complex also promotes actin polymerization in the nucleus, thereby regulating gene transcription and repair of damaged DNA. The Arp2/3 complex promotes homologous recombination (HR) repair in response to DN [...] 
kmeans	1	Red	#ff0000	353	ARPC2	9606.ENSP00000295685	Actin-related protein 2/3 complex subunit 2; Actin-binding component of the Arp2/3 complex, a multiprotein complex that mediates actin polymerization upon stimulation by nucleation-promoting factor (NPF). The Arp2/3 complex mediates the formation of branched actin networks in the cytoplasm, providing the force for cell motility. Seems to contact the mother actin filament. In addition to its role in the cytoplasmic cytoskeleton, the Arp2/3 complex also promotes actin polymerization in the nucleus, thereby regulating gene transcription and repair of damaged DNA. The Arp2/3 complex promot [...] 
kmeans	1	Red	#ff0000	353	ARPC3	9606.ENSP00000228825	Actin-related protein 2/3 complex subunit 3; Component of the Arp2/3 complex, a multiprotein complex that mediates actin polymerization upon stimulation by nucleation-promoting factor (NPF). The Arp2/3 complex mediates the formation of branched actin networks in the cytoplasm, providing the force for cell motility. In addition to its role in the cytoplasmic cytoskeleton, the Arp2/3 complex also promotes actin polymerization in the nucleus, thereby regulating gene transcription and repair of damaged DNA. The Arp2/3 complex promotes homologous recombination (HR) repair in response to DNA [...] 
kmeans	1	Red	#ff0000	353	ARPC4	9606.ENSP00000388169	Actin-related protein 2/3 complex subunit 4; Actin-binding component of the Arp2/3 complex, a multiprotein complex that mediates actin polymerization upon stimulation by nucleation-promoting factor (NPF). The Arp2/3 complex mediates the formation of branched actin networks in the cytoplasm, providing the force for cell motility. In addition to its role in the cytoplasmic cytoskeleton, the Arp2/3 complex also promotes actin polymerization in the nucleus, thereby regulating gene transcription and repair of damaged DNA. The Arp2/3 complex promotes homologous recombination (HR) repair in r [...] 
kmeans	1	Red	#ff0000	353	ARPC5L	9606.ENSP00000345361	Actin-related protein 2/3 complex subunit 5-like protein; May function as component of the Arp2/3 complex which is involved in regulation of actin polymerization and together with an activating nucleation-promoting factor (NPF) mediates the formation of branched actin networks; Belongs to the ARPC5 family.
kmeans	1	Red	#ff0000	353	ASL	9606.ENSP00000307188	Argininosuccinate lyase.
kmeans	1	Red	#ff0000	353	ASS1	9606.ENSP00000361471	Argininosuccinate synthase; One of the enzymes of the urea cycle, the metabolic pathway transforming neurotoxic amonia produced by protein catabolism into inocuous urea in the liver of ureotelic animals. Catalyzes the formation of arginosuccinate from aspartate, citrulline and ATP and together with ASL it is responsible for the biosynthesis of arginine in most body tissues; Belongs to the argininosuccinate synthase family. Type 1 subfamily.
kmeans	1	Red	#ff0000	353	B9D2	9606.ENSP00000243578	B9 domain-containing protein 2; Component of the tectonic-like complex, a complex localized at the transition zone of primary cilia and acting as a barrier that prevents diffusion of transmembrane proteins between the cilia and plasma membranes; Belongs to the B9D family.
kmeans	1	Red	#ff0000	353	BAG3	9606.ENSP00000358081	BAG family molecular chaperone regulator 3; Co-chaperone for HSP70 and HSC70 chaperone proteins. Acts as a nucleotide-exchange factor (NEF) promoting the release of ADP from the HSP70 and HSC70 proteins thereby triggering client/substrate protein release. Nucleotide release is mediated via its binding to the nucleotide-binding domain (NBD) of HSPA8/HSC70 where as the substrate release is mediated via its binding to the substrate-binding domain (SBD) of HSPA8/HSC70. Has anti- apoptotic activity. Plays a role in the HSF1 nucleocytoplasmic transport.
kmeans	1	Red	#ff0000	353	BCAP31	9606.ENSP00000392330	B-cell receptor-associated protein 31; Functions as a chaperone protein. Is one of the most abundant endoplasmic reticulum (ER) proteins. Plays a role in the export of secreted proteins in the ER, the recognition of abnormally folded protein and their targeting to the ER associated-degradation (ERAD). Also serves as a cargo receptor for the export of transmembrane proteins. May be involved in CASP8-mediated apoptosis. Belongs to the BCAP29/BCAP31 family.
kmeans	1	Red	#ff0000	353	BTK	9606.ENSP00000483570	Tyrosine-protein kinase BTK; Non-receptor tyrosine kinase indispensable for B lymphocyte development, differentiation and signaling. Binding of antigen to the B-cell antigen receptor (BCR) triggers signaling that ultimately leads to B-cell activation. After BCR engagement and activation at the plasma membrane, phosphorylates PLCG2 at several sites, igniting the downstream signaling pathway through calcium mobilization, followed by activation of the protein kinase C (PKC) family members. PLCG2 phosphorylation is performed in close cooperation with the adapter protein B-cell linker prote [...] 
kmeans	1	Red	#ff0000	353	C17orf49	9606.ENSP00000448598	Chromatin complexes subunit BAP18; Component of chromatin complexes such as the MLL1/MLL and NURF complexes.
kmeans	1	Red	#ff0000	353	CAPZA2	9606.ENSP00000354947	F-actin-capping protein subunit alpha-2; F-actin-capping proteins bind in a Ca(2+)-independent manner to the fast growing ends of actin filaments (barbed end) thereby blocking the exchange of subunits at these ends. Unlike other capping proteins (such as gelsolin and severin), these proteins do not sever actin filaments.
kmeans	1	Red	#ff0000	353	CARD9	9606.ENSP00000360797	Caspase recruitment domain-containing protein 9; Adapter protein that plays a key role in innate immune response to a number of intracellular pathogens, such as C.albicans and L.monocytogenes. Is at the crossroads of ITAM-tyrosine kinase and the Toll-like receptors (TLR) and NOD2 signaling pathways. Probably controls various innate immune response pathways depending on the intracellular pathogen. In response to L.monocytogenes infection, acts by connecting NOD2 recognition of peptidoglycan to downstream activation of MAP kinases (MAPK) without activating NF-kappa-B. Also involved in ac [...] 
kmeans	1	Red	#ff0000	353	CASP10	9606.ENSP00000286186	Caspase-10 subunit p23/17; Involved in the activation cascade of caspases responsible for apoptosis execution. Recruited to both Fas- and TNFR-1 receptors in a FADD dependent manner. May participate in the granzyme B apoptotic pathways. Cleaves and activates caspase-3, -4, -6, -7, -8, and -9. Hydrolyzes the small- molecule substrates, Tyr-Val-Ala-Asp-|-AMC and Asp-Glu-Val-Asp-|-AMC. Isoform C is proteolytically inactive. Belongs to the peptidase C14A family.
kmeans	1	Red	#ff0000	353	CASP8	9606.ENSP00000351273	Caspase-8 subunit p10; Most upstream protease of the activation cascade of caspases responsible for the TNFRSF6/FAS mediated and TNFRSF1A induced cell death. Binding to the adapter molecule FADD recruits it to either receptor. The resulting aggregate called death-inducing signaling complex (DISC) performs CASP8 proteolytic activation. The active dimeric enzyme is then liberated from the DISC and free to activate downstream apoptotic proteases. Proteolytic fragments of the N-terminal propeptide (termed CAP3, CAP5 and CAP6) are likely retained in the DISC. Cleaves and activates CASP3, CA [...] 
kmeans	1	Red	#ff0000	353	CBR1	9606.ENSP00000290349	Carbonyl reductase [NADPH] 1; NADPH-dependent reductase with broad substrate specificity. Catalyzes the reduction of a wide variety of carbonyl compounds including quinones, prostaglandins, menadione, plus various xenobiotics. Catalyzes the reduction of the antitumor anthracyclines doxorubicin and daunorubicin to the cardiotoxic compounds doxorubicinol and daunorubicinol. Can convert prostaglandin E2 to prostaglandin F2- alpha. Can bind glutathione, which explains its higher affinity for glutathione-conjugated substrates. Catalyzes the reduction of S- nitrosoglutathione.
kmeans	1	Red	#ff0000	353	CBR3	9606.ENSP00000290354	Carbonyl reductase [NADPH] 3; Has low NADPH-dependent oxidoreductase activity towards 4- benzoylpyridine and menadione (in vitro). Belongs to the short-chain dehydrogenases/reductases (SDR) family.
kmeans	1	Red	#ff0000	353	CCDC47	9606.ENSP00000225726	Coiled-coil domain-containing protein 47; Involved in the regulation of calcium ion homeostasis in the endoplasmic reticulum. Required for proper protein degradation via the ERAD pathway. Has an essential role in the maintenance of endoplasmic reticulum organization during embryogenesis (By similarity).
kmeans	1	Red	#ff0000	353	CCT2	9606.ENSP00000299300	T-complex protein 1 subunit beta; Component of the chaperonin-containing T-complex (TRiC), a molecular chaperone complex that assists the folding of proteins upon ATP hydrolysis. The TRiC complex mediates the folding of WRAP53/TCAB1, thereby regulating telomere maintenance. As part of the TRiC complex may play a role in the assembly of BBSome, a complex involved in ciliogenesis regulating transports vesicles to the cilia. The TRiC complex plays a role in the folding of actin and tubulin (Probable).
kmeans	1	Red	#ff0000	353	CCT3	9606.ENSP00000295688	T-complex protein 1 subunit gamma; Component of the chaperonin-containing T-complex (TRiC), a molecular chaperone complex that assists the folding of proteins upon ATP hydrolysis. The TRiC complex mediates the folding of WRAP53/TCAB1, thereby regulating telomere maintenance. As part of the TRiC complex may play a role in the assembly of BBSome, a complex involved in ciliogenesis regulating transports vesicles to the cilia. The TRiC complex plays a role in the folding of actin and tubulin (Probable).
kmeans	1	Red	#ff0000	353	CCT4	9606.ENSP00000377958	T-complex protein 1 subunit delta; Component of the chaperonin-containing T-complex (TRiC), a molecular chaperone complex that assists the folding of proteins upon ATP hydrolysis. The TRiC complex mediates the folding of WRAP53/TCAB1, thereby regulating telomere maintenance. As part of the TRiC complex may play a role in the assembly of BBSome, a complex involved in ciliogenesis regulating transports vesicles to the cilia. The TRiC complex plays a role in the folding of actin and tubulin (Probable).
kmeans	1	Red	#ff0000	353	CCT5	9606.ENSP00000280326	T-complex protein 1 subunit epsilon; Component of the chaperonin-containing T-complex (TRiC), a molecular chaperone complex that assists the folding of proteins upon ATP hydrolysis. The TRiC complex mediates the folding of WRAP53/TCAB1, thereby regulating telomere maintenance. As part of the TRiC complex may play a role in the assembly of BBSome, a complex involved in ciliogenesis regulating transports vesicles to the cilia. The TRiC complex plays a role in the folding of actin and tubulin (Probable).
kmeans	1	Red	#ff0000	353	CCT7	9606.ENSP00000258091	T-complex protein 1 subunit eta, N-terminally processed; Component of the chaperonin-containing T-complex (TRiC), a molecular chaperone complex that assists the folding of proteins upon ATP hydrolysis. The TRiC complex mediates the folding of WRAP53/TCAB1, thereby regulating telomere maintenance. The TRiC complex plays a role in the folding of actin and tubulin (Probable).
kmeans	1	Red	#ff0000	353	CCT8	9606.ENSP00000286788	T-complex protein 1 subunit theta; Component of the chaperonin-containing T-complex (TRiC), a molecular chaperone complex that assists the folding of proteins upon ATP hydrolysis. The TRiC complex mediates the folding of WRAP53/TCAB1, thereby regulating telomere maintenance. As part of the TRiC complex may play a role in the assembly of BBSome, a complex involved in ciliogenesis regulating transports vesicles to the cilia. The TRiC complex plays a role in the folding of actin and tubulin (Probable).
kmeans	1	Red	#ff0000	353	CD44	9606.ENSP00000398632	CD44 antigen; Cell-surface receptor that plays a role in cell-cell interactions, cell adhesion and migration, helping them to sense and respond to changes in the tissue microenvironment. Participates thereby in a wide variety of cellular functions including the activation, recirculation and homing of T-lymphocytes, hematopoiesis, inflammation and response to bacterial infection. Engages, through its ectodomain, extracellular matrix components such as hyaluronan/HA, collagen, growth factors, cytokines or proteases and serves as a platform for signal transduction by assembling, via its c [...] 
kmeans	1	Red	#ff0000	353	CD99	9606.ENSP00000370588	CD99 antigen; Involved in T-cell adhesion processes and in spontaneous rosette formation with erythrocytes. Plays a role in a late step of leukocyte extravasation helping leukocytes to overcome the endothelial basement membrane. Acts at the same site as, but independently of, PECAM1. Involved in T-cell adhesion processes (By similarity).
kmeans	1	Red	#ff0000	353	CDC42	9606.ENSP00000497733	Cell division control protein 42 homolog; Plasma membrane-associated small GTPase which cycles between an active GTP-bound and an inactive GDP-bound state. In active state binds to a variety of effector proteins to regulate cellular responses. Involved in epithelial cell polarization processes. Regulates the bipolar attachment of spindle microtubules to kinetochores before chromosome congression in metaphase. Regulates cell migration. In neurons, plays a role in the extension and maintenance of the formation of filopodia, thin and actin-rich surface projections. Required for DOCK10-med [...] 
kmeans	1	Red	#ff0000	353	CDC42BPB	9606.ENSP00000355237	Serine/threonine-protein kinase MRCK beta; Serine/threonine-protein kinase which is an important downstream effector of CDC42 and plays a role in the regulation of cytoskeleton reorganization and cell migration. Regulates actin cytoskeletal reorganization via phosphorylation of PPP1R12C and MYL9/MLC2. In concert with MYO18A and LURAP1, is involved in modulating lamellar actomyosin retrograde flow that is crucial to cell protrusion and migration. Phosphorylates PPP1R12A. In concert with FAM89B/LRAP25 mediates the targeting of LIMK1 to the lamellipodium resulting in its activation and su [...] 
kmeans	1	Red	#ff0000	353	CDH1	9606.ENSP00000261769	Cadherin-1; Cadherins are calcium-dependent cell adhesion proteins. They preferentially interact with themselves in a homophilic manner in connecting cells; cadherins may thus contribute to the sorting of heterogeneous cell types. CDH1 is involved in mechanisms regulating cell-cell adhesions, mobility and proliferation of epithelial cells. Has a potent invasive suppressor role. It is a ligand for integrin alpha-E/beta-7.  (Microbial infection) Serves as a receptor for Listeria monocytogenes; internalin A (InlA) binds to this protein and promotes uptake of the bacteria.
kmeans	1	Red	#ff0000	353	CFLAR	9606.ENSP00000312455	CASP8 and FADD-like apoptosis regulator subunit p12; Apoptosis regulator protein which may function as a crucial link between cell survival and cell death pathways in mammalian cells. Acts as an inhibitor of TNFRSF6 mediated apoptosis. A proteolytic fragment (p43) is likely retained in the death-inducing signaling complex (DISC) thereby blocking further recruitment and processing of caspase-8 at the complex. Full length and shorter isoforms have been shown either to induce apoptosis or to reduce TNFRSF-triggered apoptosis. Lacks enzymatic (caspase) activity. Belongs to the peptidase C1 [...] 
kmeans	1	Red	#ff0000	353	CGN	9606.ENSP00000271636	Cingulin; Probably plays a role in the formation and regulation of the tight junction (TJ) paracellular permeability barrier; Belongs to the cingulin family.
kmeans	1	Red	#ff0000	353	CIAO2A	9606.ENSP00000300030	Cytosolic iron-sulfur assembly component 2A; Component of the cytosolic iron-sulfur protein assembly (CIA) complex, a multiprotein complex that mediates the incorporation of iron-sulfur cluster into extramitochondrial Fe/S proteins. As a CIA complex component and in collaboration with CIAO1 specifically matures ACO1 and stabilizes IREB2, connecting cytosolic iron-sulfur protein maturation with cellular iron regulation. May play a role in chromosome segregation through establishment of sister chromatid cohesion. May induce apoptosis in collaboration with APAF1 ; Belongs to the MIP18 family.
kmeans	1	Red	#ff0000	353	CIAO2B	9606.ENSP00000387471	Cytosolic iron-sulfur assembly component 2B; Component of the cytosolic iron-sulfur protein assembly (CIA) complex, a multiprotein complex that mediates the incorporation of iron-sulfur cluster into extramitochondrial Fe/S proteins. As a CIA complex component and in collaboration with CIAO1 and MMS19, binds to and facilitates the assembly of most cytosolic-nuclear Fe/S proteins. As part of the mitotic spindle-associated MMXD complex it plays a role in chromosome segregation, probably by facilitating iron-sulfur cluster assembly into ERCC2/XPD. Belongs to the MIP18 family.
kmeans	1	Red	#ff0000	353	CLEC3B	9606.ENSP00000296130	Tetranectin; Tetranectin binds to plasminogen and to isolated kringle 4. May be involved in the packaging of molecules destined for exocytosis.
kmeans	1	Red	#ff0000	353	CNDP2	9606.ENSP00000325548	Cytosolic non-specific dipeptidase; Hydrolyzes a variety of dipeptides including L-carnosine but has a strong preference for Cys-Gly. Acts as a functional tumor suppressor in gastric cancer via activation of the mitogen-activated protein kinase (MAPK) pathway. An elevated level of CNDP2 activates the p38 and JNK MAPK pathways to induce cell apoptosis, and a lower level of CNDP2 activates the ERK MAPK pathway to promote cell proliferation. Isoform 2 may play a role as tumor suppressor in hepatocellular carcinoma (HCC) cells. Catalyzes the production of N-lactoyl-amino acids from lactate [...] 
kmeans	1	Red	#ff0000	353	COL6A1	9606.ENSP00000355180	Collagen alpha-1(VI) chain; Collagen VI acts as a cell-binding protein.
kmeans	1	Red	#ff0000	353	COL6A2	9606.ENSP00000300527	Collagen alpha-2(VI) chain; Collagen VI acts as a cell-binding protein.
kmeans	1	Red	#ff0000	353	CRYZ	9606.ENSP00000399805	Quinone oxidoreductase; Does not have alcohol dehydrogenase activity. Binds NADP and acts through a one-electron transfer process. Orthoquinones, such as 1,2-naphthoquinone or 9,10-phenanthrenequinone, are the best substrates (in vitro). May act in the detoxification of xenobiotics. Interacts with (AU)-rich elements (ARE) in the 3'-UTR of target mRNA species. Enhances the stability of mRNA coding for BCL2. NADPH binding interferes with mRNA binding.
kmeans	1	Red	#ff0000	353	CS	9606.ENSP00000342056	Citrate synthase, mitochondrial; Citrate synthase; Belongs to the citrate synthase family.
kmeans	1	Red	#ff0000	353	CSDE1	9606.ENSP00000481762	Cold shock domain-containing protein E1; RNA-binding protein. Required for internal initiation of translation of human rhinovirus RNA. May be involved in translationally coupled mRNA turnover. Implicated with other RNA-binding proteins in the cytoplasmic deadenylation/translational and decay interplay of the FOS mRNA mediated by the major coding-region determinant of instability (mCRD) domain.
kmeans	1	Red	#ff0000	353	CSK	9606.ENSP00000220003	Tyrosine-protein kinase CSK; Non-receptor tyrosine-protein kinase that plays an important role in the regulation of cell growth, differentiation, migration and immune response. Phosphorylates tyrosine residues located in the C- terminal tails of Src-family kinases (SFKs) including LCK, SRC, HCK, FYN, LYN, CSK or YES1. Upon tail phosphorylation, Src-family members engage in intramolecular interactions between the phosphotyrosine tail and the SH2 domain that result in an inactive conformation. To inhibit SFKs, CSK is recruited to the plasma membrane via binding to transmembrane proteins  [...] 
kmeans	1	Red	#ff0000	353	CTNNA1	9606.ENSP00000304669	Catenin alpha-1; Associates with the cytoplasmic domain of a variety of cadherins. The association of catenins to cadherins produces a complex which is linked to the actin filament network, and which seems to be of primary importance for cadherins cell-adhesion properties. Can associate with both E- and N-cadherins. Originally believed to be a stable component of E-cadherin/catenin adhesion complexes and to mediate the linkage of cadherins to the actin cytoskeleton at adherens junctions. In contrast, cortical actin was found to be much more dynamic than E-cadherin/catenin complexes and [...] 
kmeans	1	Red	#ff0000	353	CTNNA2	9606.ENSP00000384638	Catenin alpha-2; May function as a linker between cadherin adhesion receptors and the cytoskeleton to regulate cell-cell adhesion and differentiation in the nervous system (By similarity). Required for proper regulation of cortical neuronal migration and neurite growth. It acts as negative regulator of Arp2/3 complex activity and Arp2/3- mediated actin polymerization. It thereby suppresses excessive actin branching which would impair neurite growth and stability. Regulates morphological plasticity of synapses and cerebellar and hippocampal lamination during development. Functions in th [...] 
kmeans	1	Red	#ff0000	353	CTNND1	9606.ENSP00000382004	Catenin delta-1; Key regulator of cell-cell adhesion that associates with and regulates the cell adhesion properties of both C-, E- and N-cadherins, being critical for their surface stability. Beside cell-cell adhesion, regulates gene transcription through several transcription factors including ZBTB33/Kaiso2 and GLIS2, and the activity of Rho family GTPases and downstream cytoskeletal dynamics. Implicated both in cell transformation by SRC and in ligand-induced receptor signaling through the EGF, PDGF, CSF-1 and ERBB2 receptors. Belongs to the beta-catenin family.
kmeans	1	Red	#ff0000	353	CTPS2	9606.ENSP00000401264	CTP synthase 2; Catalyzes the ATP-dependent amination of UTP to CTP with either L-glutamine or ammonia as the source of nitrogen. Constitutes the rate-limiting enzyme in the synthesis of cytosine nucleotides.
kmeans	1	Red	#ff0000	353	CTSB	9606.ENSP00000345672	Cathepsin B heavy chain; Thiol protease which is believed to participate in intracellular degradation and turnover of proteins. Cleaves matrix extracellular phosphoglycoprotein MEPE. Involved in the solubilization of cross-linked TG/thyroglobulin in the thyroid follicle lumen (By similarity). Has also been implicated in tumor invasion and metastasis. Belongs to the peptidase C1 family.
kmeans	1	Red	#ff0000	353	CTSL	9606.ENSP00000345344	Cathepsin L1 heavy chain; Thiol protease important for the overall degradation of proteins in lysosomes (Probable). Involved in the solubilization of cross-linked TG/thyroglobulin and in the subsequent release of thyroid hormone thyroxine (T4) by limited proteolysis of TG/thyroglobulin in the thyroid follicle lumen (By similarity).
kmeans	1	Red	#ff0000	353	CTTN	9606.ENSP00000365745	Src substrate cortactin; Contributes to the organization of the actin cytoskeleton and cell shape. Plays a role in the formation of lamellipodia and in cell migration. Plays a role in the regulation of neuron morphology, axon growth and formation of neuronal growth cones (By similarity). Through its interaction with CTTNBP2, involved in the regulation of neuronal spine density (By similarity). Plays a role in the invasiveness of cancer cells, and the formation of metastases. Plays a role in focal adhesion assembly and turnover (By similarity). In complex with ABL1 and MYLK regulates co [...] 
kmeans	1	Red	#ff0000	353	CYFIP1	9606.ENSP00000481038	Cytoplasmic FMR1-interacting protein 1; Component of the CYFIP1-EIF4E-FMR1 complex which binds to the mRNA cap and mediates translational repression. In the CYFIP1-EIF4E- FMR1 complex this subunit is an adapter between EIF4E and FMR1. Promotes the translation repression activity of FMR1 in brain probably by mediating its association with EIF4E and mRNA (By similarity). Regulates formation of membrane ruffles and lamellipodia. Plays a role in axon outgrowth. Binds to F-actin but not to RNA. Part of the WAVE complex that regulates actin filament reorganization via its interaction with th [...] 
kmeans	1	Red	#ff0000	353	CYP2S1	9606.ENSP00000308032	Cytochrome P450 2S1; A cytochrome P450 monooxygenase involved in the metabolism of retinoids and eicosanoids. In epidermis, may contribute to the oxidative metabolism of all-trans- retinoic acid. For this activity, uses molecular oxygen inserting one oxygen atom into a substrate, and reducing the second into a water molecule, with two electrons provided by NADPH via cytochrome P450 reductase (NADPH--hemoprotein reductase). Additionally, displays peroxidase and isomerase activities toward various oxygenated eicosanoids such as prostaglandin H2 (PGH2) and hydroperoxyeicosatetraenoates (H [...] 
kmeans	1	Red	#ff0000	353	DARS2	9606.ENSP00000497569	Aspartate--tRNA ligase, mitochondrial; aspartyl-tRNA synthetase 2, mitochondrial.
kmeans	1	Red	#ff0000	353	DBT	9606.ENSP00000359151	2-oxoisovalerate dehydrogenase E2 component (dihydrolipoyl transacylase); The branched-chain alpha-keto dehydrogenase complex catalyzes the overall conversion of alpha-keto acids to acyl-CoA and CO(2). It contains multiple copies of three enzymatic components: branched-chain alpha-keto acid decarboxylase (E1), lipoamide acyltransferase (E2) and lipoamide dehydrogenase (E3). Within this complex, the catalytic function of this enzyme is to accept, and to transfer to coenzyme A, acyl groups that are generated by the branched-chain alpha-keto acid decarboxylase component.
kmeans	1	Red	#ff0000	353	DHCR7	9606.ENSP00000347717	7-dehydrocholesterol reductase; Production of cholesterol by reduction of C7-C8 double bond of 7-dehydrocholesterol (7-DHC); Belongs to the ERG4/ERG24 family.
kmeans	1	Red	#ff0000	353	DKC1	9606.ENSP00000358563	H/ACA ribonucleoprotein complex subunit DKC1; [Isoform 1]: Catalytic subunit of H/ACA small nucleolar ribonucleoprotein (H/ACA snoRNP) complex, which catalyzes pseudouridylation of rRNA. This involves the isomerization of uridine such that the ribose is subsequently attached to C5, instead of the normal N1. Each rRNA can contain up to 100 pseudouridine ('psi') residues, which may serve to stabilize the conformation of rRNAs. Required for ribosome biogenesis and telomere maintenance. Also required for correct processing or intranuclear trafficking of TERC, the RNA component of the telom [...] 
kmeans	1	Red	#ff0000	353	DNAJA1	9606.ENSP00000369127	DnaJ homolog subfamily A member 1; Co-chaperone for HSPA8/Hsc70. Stimulates ATP hydrolysis, but not the folding of unfolded proteins mediated by HSPA1A (in vitro). Plays a role in protein transport into mitochondria via its role as co-chaperone. Functions as co- chaperone for HSPA1B and negatively regulates the translocation of BAX from the cytosol to mitochondria in response to cellular stress, thereby protecting cells against apoptosis. Promotes apoptosis in response to cellular stress mediated by exposure to anisomycin or UV.
kmeans	1	Red	#ff0000	353	DNAJB6	9606.ENSP00000262177	DnaJ homolog subfamily B member 6; Plays an indispensable role in the organization of KRT8/KRT18 filaments. Acts as an endogenous molecular chaperone for neuronal proteins including huntingtin. Suppresses aggregation and toxicity of polyglutamine-containing, aggregation-prone proteins. Isoform B but not isoform A inhibits huntingtin aggregation. Has a stimulatory effect on the ATPase activity of HSP70 in a dose-dependent and time-dependent manner and hence acts as a co-chaperone of HSP70. Also reduces cellular toxicity and caspase-3 activity.
kmeans	1	Red	#ff0000	353	DOK3	9606.ENSP00000349727	Docking protein 3; DOK proteins are enzymatically inert adaptor or scaffolding proteins. They provide a docking platform for the assembly of multimolecular signaling complexes. DOK3 is a negative regulator of JNK signaling in B-cells through interaction with INPP5D/SHIP1. May modulate ABL1 function (By similarity).
kmeans	1	Red	#ff0000	353	DTYMK	9606.ENSP00000304802	Thymidylate kinase; Catalyzes the conversion of dTMP to dTDP; Belongs to the thymidylate kinase family.
kmeans	1	Red	#ff0000	353	DUSP3	9606.ENSP00000226004	Dual specificity protein phosphatase 3; Shows activity both for tyrosine-protein phosphate and serine-protein phosphate, but displays a strong preference toward phosphotyrosines. Specifically dephosphorylates and inactivates ERK1 and ERK2.
kmeans	1	Red	#ff0000	353	DYNC1H1	9606.ENSP00000348965	Cytoplasmic dynein 1 heavy chain 1; Cytoplasmic dynein 1 acts as a motor for the intracellular retrograde motility of vesicles and organelles along microtubules. Dynein has ATPase activity; the force-producing power stroke is thought to occur on release of ADP. Plays a role in mitotic spindle assembly and metaphase plate congression. Belongs to the dynein heavy chain family.
kmeans	1	Red	#ff0000	353	DYNC1I2	9606.ENSP00000380308	Cytoplasmic dynein 1 intermediate chain 2; Acts as one of several non-catalytic accessory components of the cytoplasmic dynein 1 complex that are thought to be involved in linking dynein to cargos and to adapter proteins that regulate dynein function. Cytoplasmic dynein 1 acts as a motor for the intracellular retrograde motility of vesicles and organelles along microtubules. The intermediate chains mediate the binding of dynein to dynactin via its 150 kDa component (p150-glued) DCNT1. Involved in membrane-transport, such as Golgi apparatus, late endosomes and lysosomes. Has a critical  [...] 
kmeans	1	Red	#ff0000	353	DYNC1LI1	9606.ENSP00000273130	Cytoplasmic dynein 1 light intermediate chain 1; Acts as one of several non-catalytic accessory components of the cytoplasmic dynein 1 complex that are thought to be involved in linking dynein to cargos and to adapter proteins that regulate dynein function. Cytoplasmic dynein 1 acts as a motor for the intracellular retrograde motility of vesicles and organelles along microtubules. May play a role in binding dynein to membranous organelles or chromosomes. Probably involved in the microtubule-dependent transport of pericentrin. Is required for progress through the spindle assembly checkp [...] 
kmeans	1	Red	#ff0000	353	DYNC1LI2	9606.ENSP00000258198	Cytoplasmic dynein 1 light intermediate chain 2; Acts as one of several non-catalytic accessory components of the cytoplasmic dynein 1 complex that are thought to be involved in linking dynein to cargos and to adapter proteins that regulate dynein function. Cytoplasmic dynein 1 acts as a motor for the intracellular retrograde motility of vesicles and organelles along microtubules. May play a role in binding dynein to membranous organelles or chromosomes; Belongs to the dynein light intermediate chain family.
kmeans	1	Red	#ff0000	353	DYNC2LI1	9606.ENSP00000474032	Cytoplasmic dynein 2 light intermediate chain 1; Required for correct intraflagellar transport (IFT), the bi- directional movement of particles required for the assembly, maintenance and functioning of primary cilia. Involved in the regulation of ciliary length.
kmeans	1	Red	#ff0000	353	DYNLL1	9606.ENSP00000376297	Dynein light chain 1, cytoplasmic; Acts as one of several non-catalytic accessory components of the cytoplasmic dynein 1 complex that are thought to be involved in linking dynein to cargos and to adapter proteins that regulate dynein function. Cytoplasmic dynein 1 acts as a motor for the intracellular retrograde motility of vesicles and organelles along microtubules. May play a role in changing or maintaining the spatial distribution of cytoskeletal structures. Promotes transactivation functions of ESR1 and plays a role in the nuclear localization of ESR1; Belongs to the dynein light c [...] 
kmeans	1	Red	#ff0000	353	ECI2	9606.ENSP00000369461	Enoyl-CoA delta isomerase 2, mitochondrial; Able to isomerize both 3-cis and 3-trans double bonds into the 2-trans form in a range of enoyl-CoA species. Has a preference for 3-trans substrates (By similarity).
kmeans	1	Red	#ff0000	353	EEF2	9606.ENSP00000307940	Elongation factor 2; Catalyzes the GTP-dependent ribosomal translocation step during translation elongation. During this step, the ribosome changes from the pre-translocational (PRE) to the post-translocational (POST) state as the newly formed A-site-bound peptidyl-tRNA and P-site-bound deacylated tRNA move to the P and E sites, respectively. Catalyzes the coordinated movement of the two tRNA molecules, the mRNA and conformational changes in the ribosome.
kmeans	1	Red	#ff0000	353	EFTUD2	9606.ENSP00000392094	116 kDa U5 small nuclear ribonucleoprotein component; Required for pre-mRNA splicing as component of the spliceosome, including pre-catalytic, catalytic and post-catalytic spliceosomal complexes. Component of the U5 snRNP and the U4/U6-U5 tri-snRNP complex, a building block of the spliceosome. Belongs to the TRAFAC class translation factor GTPase superfamily. Classic translation factor GTPase family. EF-G/EF-2 subfamily.
kmeans	1	Red	#ff0000	353	EIF2AK2	9606.ENSP00000233057	Interferon-induced, double-stranded RNA-activated protein kinase; IFN-induced dsRNA-dependent serine/threonine-protein kinase which plays a key role in the innate immune response to viral infection and is also involved in the regulation of signal transduction, apoptosis, cell proliferation and differentiation. Exerts its antiviral activity on a wide range of DNA and RNA viruses including hepatitis C virus (HCV), hepatitis B virus (HBV), measles virus (MV) and herpes simplex virus 1 (HHV-1). Inhibits viral replication via phosphorylation of the alpha subunit of eukaryotic initiation fac [...] 
kmeans	1	Red	#ff0000	353	EIF2B1	9606.ENSP00000416250	Translation initiation factor eIF-2B subunit alpha; Catalyzes the exchange of eukaryotic initiation factor 2- bound GDP for GTP.
kmeans	1	Red	#ff0000	353	EIF2B4	9606.ENSP00000429323	Translation initiation factor eIF-2B subunit delta; Catalyzes the exchange of eukaryotic initiation factor 2- bound GDP for GTP.
kmeans	1	Red	#ff0000	353	EIF2S3	9606.ENSP00000253039	Eukaryotic translation initiation factor 2 subunit 3; As a subunit of eukaryotic initiation factor 2 (eIF2), involved in the early steps of protein synthesis. In the presence of GTP, eIF2 forms a ternary complex with initiator tRNA Met-tRNAi and then recruits the 40S ribosomal complex, a step that determines the rate of protein translation. This step is followed by mRNA binding to form the 43S pre-initiation complex. Junction of the 60S ribosomal subunit to form the 80S initiation complex is preceded by hydrolysis of the GTP bound to eIF2 and release of an eIF2-GDP binary complex. In o [...] 
kmeans	1	Red	#ff0000	353	EIF3A	9606.ENSP00000358140	Eukaryotic translation initiation factor 3 subunit A; RNA-binding component of the eukaryotic translation initiation factor 3 (eIF-3) complex, which is required for several steps in the initiation of protein synthesis. The eIF-3 complex associates with the 40S ribosome and facilitates the recruitment of eIF-1, eIF-1A, eIF-2:GTP:methionyl- tRNAi and eIF-5 to form the 43S pre-initiation complex (43S PIC). The eIF-3 complex stimulates mRNA recruitment to the 43S PIC and scanning of the mRNA for AUG recognition. The eIF-3 complex is also required for disassembly and recycling of post-termi [...] 
kmeans	1	Red	#ff0000	353	EIF3C	9606.ENSP00000332604	Eukaryotic translation initiation factor 3 subunit C; Component of the eukaryotic translation initiation factor 3 (eIF-3) complex, which is required for several steps in the initiation of protein synthesis. The eIF-3 complex associates with the 40S ribosome and facilitates the recruitment of eIF-1, eIF-1A, eIF-2:GTP:methionyl- tRNAi and eIF-5 to form the 43S pre-initiation complex (43S PIC). The eIF-3 complex stimulates mRNA recruitment to the 43S PIC and scanning of the mRNA for AUG recognition. The eIF-3 complex is also required for disassembly and recycling of post-termination ribos [...] 
kmeans	1	Red	#ff0000	353	EIF3E	9606.ENSP00000220849	Eukaryotic translation initiation factor 3 subunit E; Component of the eukaryotic translation initiation factor 3 (eIF-3) complex, which is required for several steps in the initiation of protein synthesis. The eIF-3 complex associates with the 40S ribosome and facilitates the recruitment of eIF-1, eIF-1A, eIF-2:GTP:methionyl- tRNAi and eIF-5 to form the 43S pre-initiation complex (43S PIC). The eIF-3 complex stimulates mRNA recruitment to the 43S PIC and scanning of the mRNA for AUG recognition. The eIF-3 complex is also required for disassembly and recycling of post-termination ribos [...] 
kmeans	1	Red	#ff0000	353	EIF3F	9606.ENSP00000431800	Eukaryotic translation initiation factor 3 subunit F; Component of the eukaryotic translation initiation factor 3 (eIF-3) complex, which is required for several steps in the initiation of protein synthesis. The eIF-3 complex associates with the 40S ribosome and facilitates the recruitment of eIF-1, eIF-1A, eIF-2:GTP:methionyl- tRNAi and eIF-5 to form the 43S pre-initiation complex (43S PIC). The eIF-3 complex stimulates mRNA recruitment to the 43S PIC and scanning of the mRNA for AUG recognition. The eIF-3 complex is also required for disassembly and recycling of post-termination ribos [...] 
kmeans	1	Red	#ff0000	353	EIF3G	9606.ENSP00000253108	Eukaryotic translation initiation factor 3 subunit G; RNA-binding component of the eukaryotic translation initiation factor 3 (eIF-3) complex, which is required for several steps in the initiation of protein synthesis. The eIF-3 complex associates with the 40S ribosome and facilitates the recruitment of eIF-1, eIF-1A, eIF- 2:GTP:methionyl-tRNAi and eIF-5 to form the 43S pre-initiation complex (43S PIC). The eIF-3 complex stimulates mRNA recruitment to the 43S PIC and scanning of the mRNA for AUG recognition. The eIF-3 complex is also required for disassembly and recycling of post-termi [...] 
kmeans	1	Red	#ff0000	353	EIF3L	9606.ENSP00000499067	Eukaryotic translation initiation factor 3 subunit L; Component of the eukaryotic translation initiation factor 3 (eIF-3) complex, which is required for several steps in the initiation of protein synthesis. The eIF-3 complex associates with the 40S ribosome and facilitates the recruitment of eIF-1, eIF-1A, eIF-2:GTP:methionyl- tRNAi and eIF-5 to form the 43S pre-initiation complex (43S PIC). The eIF-3 complex stimulates mRNA recruitment to the 43S PIC and scanning of the mRNA for AUG recognition. The eIF-3 complex is also required for disassembly and recycling of post-termination ribos [...] 
kmeans	1	Red	#ff0000	353	EIF3M	9606.ENSP00000436049	Eukaryotic translation initiation factor 3 subunit M; Component of the eukaryotic translation initiation factor 3 (eIF-3) complex, which is required for several steps in the initiation of protein synthesis. The eIF-3 complex associates with the 40S ribosome and facilitates the recruitment of eIF-1, eIF-1A, eIF-2:GTP:methionyl- tRNAi and eIF-5 to form the 43S pre-initiation complex (43S PIC). The eIF-3 complex stimulates mRNA recruitment to the 43S PIC and scanning of the mRNA for AUG recognition. The eIF-3 complex is also required for disassembly and recycling of post-termination ribos [...] 
kmeans	1	Red	#ff0000	353	EIF4E	9606.ENSP00000425561	Eukaryotic translation initiation factor 4E; Recognizes and binds the 7-methylguanosine-containing mRNA cap during an early step in the initiation of protein synthesis and facilitates ribosome binding by inducing the unwinding of the mRNAs secondary structures. Component of the CYFIP1-EIF4E-FMR1 complex which binds to the mRNA cap and mediates translational repression. In the CYFIP1-EIF4E-FMR1 complex this subunit mediates the binding to the mRNA cap.
kmeans	1	Red	#ff0000	353	EIF4ENIF1	9606.ENSP00000380659	Eukaryotic translation initiation factor 4E transporter; Nucleoplasmic shuttling protein, which inhibits translation initiation. Mediates the nuclear import of EIF4E by a piggy-back mechanism.
kmeans	1	Red	#ff0000	353	EIF4G2	9606.ENSP00000433664	Eukaryotic translation initiation factor 4 gamma 2; Appears to play a role in the switch from cap-dependent to IRES-mediated translation during mitosis, apoptosis and viral infection. Cleaved by some caspases and viral proteases.
kmeans	1	Red	#ff0000	353	EPHX1	9606.ENSP00000480004	Epoxide hydrolase 1; Biotransformation enzyme that catalyzes the hydrolysis of arene and aliphatic epoxides to less reactive and more water soluble dihydrodiols by the trans addition of water (By similarity). May play a role in the metabolism of endogenous lipids such as epoxide-containing fatty acids ; Belongs to the peptidase S33 family.
kmeans	1	Red	#ff0000	353	EPRS1	9606.ENSP00000355890	Bifunctional glutamate/proline--tRNA ligase; Multifunctional protein which is primarily part of the aminoacyl-tRNA synthetase multienzyme complex, also know as multisynthetase complex, that catalyzes the attachment of the cognate amino acid to the corresponding tRNA in a two-step reaction: the amino acid is first activated by ATP to form a covalent intermediate with AMP and is then transferred to the acceptor end of the cognate tRNA. The phosphorylation of EPRS1, induced by interferon-gamma, dissociates the protein from the aminoacyl-tRNA synthetase multienzyme complex and recruits it  [...] 
kmeans	1	Red	#ff0000	353	ERCC2	9606.ENSP00000375809	General transcription and DNA repair factor IIH helicase subunit XPD; ATP-dependent 5'-3' DNA helicase, component of the general transcription and DNA repair factor IIH (TFIIH) core complex, which is involved in general and transcription-coupled nucleotide excision repair (NER) of damaged DNA and, when complexed to CAK, in RNA transcription by RNA polymerase II. In NER, TFIIH acts by opening DNA around the lesion to allow the excision of the damaged oligonucleotide and its replacement by a new DNA fragment. The ATP-dependent helicase activity of XPD/ERCC2 is required for DNA opening. I [...] 
kmeans	1	Red	#ff0000	353	ETF1	9606.ENSP00000353741	Eukaryotic peptide chain release factor subunit 1; Directs the termination of nascent peptide synthesis (translation) in response to the termination codons UAA, UAG and UGA. Component of the transient SURF complex which recruits UPF1 to stalled ribosomes in the context of nonsense-mediated decay (NMD) of mRNAs containing premature stop codons. Required for SHFL-mediated translation termination which inhibits programmed ribosomal frameshifting (-1PRF) of mRNA from viruses and cellular genes.
kmeans	1	Red	#ff0000	353	F11R	9606.ENSP00000357005	Junctional adhesion molecule A; Seems to play a role in epithelial tight junction formation. Appears early in primordial forms of cell junctions and recruits PARD3. The association of the PARD6-PARD3 complex may prevent the interaction of PARD3 with JAM1, thereby preventing tight junction assembly (By similarity). Plays a role in regulating monocyte transmigration involved in integrity of epithelial barrier (By similarity). Ligand for integrin alpha-L/beta-2 involved in memory T- cell and neutrophil transmigration. Involved in platelet activation. (Microbial infection) Acts as a recept [...] 
kmeans	1	Red	#ff0000	353	F12	9606.ENSP00000253496	Coagulation factor XIIa heavy chain; Factor XII is a serum glycoprotein that participates in the initiation of blood coagulation, fibrinolysis, and the generation of bradykinin and angiotensin. Prekallikrein is cleaved by factor XII to form kallikrein, which then cleaves factor XII first to alpha-factor XIIa and then trypsin cleaves it to beta-factor XIIa. Alpha-factor XIIa activates factor XI to factor XIa.
kmeans	1	Red	#ff0000	353	FADD	9606.ENSP00000301838	FAS-associated death domain protein; Apoptotic adaptor molecule that recruits caspase-8 or caspase-10 to the activated Fas (CD95) or TNFR-1 receptors. The resulting aggregate called the death-inducing signaling complex (DISC) performs caspase-8 proteolytic activation. Active caspase-8 initiates the subsequent cascade of caspases mediating apoptosis. Involved in interferon-mediated antiviral immune response, playing a role in the positive regulation of interferon signaling.
kmeans	1	Red	#ff0000	353	FBL	9606.ENSP00000221801	rRNA 2'-O-methyltransferase fibrillarin; S-adenosyl-L-methionine-dependent methyltransferase that has the ability to methylate both RNAs and proteins. Involved in pre-rRNA processing by catalyzing the site-specific 2'-hydroxyl methylation of ribose moieties in pre- ribosomal RNA. Site specificity is provided by a guide RNA that base pairs with the substrate (By similarity). Methylation occurs at a characteristic distance from the sequence involved in base pairing with the guide RNA (By similarity). Also acts as a protein methyltransferase by mediating methylation of 'Gln-105' of histon [...] 
kmeans	1	Red	#ff0000	353	FBP1	9606.ENSP00000408025	Fructose-1,6-bisphosphatase 1; Catalyzes the hydrolysis of fructose 1,6-bisphosphate to fructose 6-phosphate in the presence of divalent cations, acting as a rate-limiting enzyme in gluconeogenesis. Plays a role in regulating glucose sensing and insulin secretion of pancreatic beta-cells. Appears to modulate glycerol gluconeogenesis in liver. Important regulator of appetite and adiposity; increased expression of the protein in liver after nutrient excess increases circulating satiety hormones and reduces appetite-stimulating neuropeptides and thus seems to provide a feedback mechanism  [...] 
kmeans	1	Red	#ff0000	353	FDFT1	9606.ENSP00000491537	Squalene synthase; Farnesyl-diphosphate farnesyltransferase 1; Belongs to the phytoene/squalene synthase family.
kmeans	1	Red	#ff0000	353	FGR	9606.ENSP00000363117	Tyrosine-protein kinase Fgr; Non-receptor tyrosine-protein kinase that transmits signals from cell surface receptors devoid of kinase activity and contributes to the regulation of immune responses, including neutrophil, monocyte, macrophage and mast cell functions, cytoskeleton remodeling in response to extracellular stimuli, phagocytosis, cell adhesion and migration. Promotes mast cell degranulation, release of inflammatory cytokines and IgE-mediated anaphylaxis. Acts downstream of receptors that bind the Fc region of immunoglobulins, such as MS4A2/FCER1B, FCGR2A and/or FCGR2B. Acts d [...] 
kmeans	1	Red	#ff0000	353	FKBP8	9606.ENSP00000471700	Peptidyl-prolyl cis-trans isomerase FKBP8; Constitutively inactive PPiase, which becomes active when bound to calmodulin and calcium. Seems to act as a chaperone for BCL2, targets it to the mitochondria and modulates its phosphorylation state. The BCL2/FKBP8/calmodulin/calcium complex probably interferes with the binding of BCL2 to its targets. The active form of FKBP8 may therefore play a role in the regulation of apoptosis.
kmeans	1	Red	#ff0000	353	FLNB	9606.ENSP00000420213	Filamin-B; Connects cell membrane constituents to the actin cytoskeleton. May promote orthogonal branching of actin filaments and links actin filaments to membrane glycoproteins. Anchors various transmembrane proteins to the actin cytoskeleton. Interaction with FLNA may allow neuroblast migration from the ventricular zone into the cortical plate. Various interactions and localizations of isoforms affect myotube morphology and myogenesis. Isoform 6 accelerates muscle differentiation in vitro; Belongs to the filamin family.
kmeans	1	Red	#ff0000	353	G6PD	9606.ENSP00000377192	Glucose-6-phosphate 1-dehydrogenase; Cytosolic glucose-6-phosphate dehydrogenase that catalyzes the first and rate-limiting step of the oxidative branch within the pentose phosphate pathway/shunt, an alternative route to glycolysis for the dissimilation of carbohydrates and a major source of reducing power and metabolic intermediates for fatty acid and nucleic acid biosynthetic processes.
kmeans	1	Red	#ff0000	353	GAA	9606.ENSP00000305692	70 kDa lysosomal alpha-glucosidase; Essential for the degradation of glycogen in lysosomes. Has highest activity on alpha-1,4-linked glycosidic linkages, but can also hydrolyze alpha-1,6-linked glucans.
kmeans	1	Red	#ff0000	353	GARS1	9606.ENSP00000373918	Glycine--tRNA ligase; Catalyzes the ATP-dependent ligation of glycine to the 3'-end of its cognate tRNA, via the formation of an aminoacyl-adenylate intermediate (Gly-AMP). Also produces diadenosine tetraphosphate (Ap4A), a universal pleiotropic signaling molecule needed for cell regulation pathways, by direct condensation of 2 ATPs. Thereby, may play a special role in Ap4A homeostasis. Belongs to the class-II aminoacyl-tRNA synthetase family.
kmeans	1	Red	#ff0000	353	GCLC	9606.ENSP00000497574	Glutamate-cysteine ligase catalytic subunit.
kmeans	1	Red	#ff0000	353	GCLM	9606.ENSP00000359258	Glutamate-cysteine ligase modifier subunit; Belongs to the aldo/keto reductase family. Glutamate-- cysteine ligase light chain subfamily.
kmeans	1	Red	#ff0000	353	GCSH	9606.ENSP00000319531	Glycine cleavage system H protein, mitochondrial; The glycine cleavage system catalyzes the degradation of glycine. The H protein (GCSH) shuttles the methylamine group of glycine from the P protein (GLDC) to the T protein (GCST). Belongs to the GcvH family.
kmeans	1	Red	#ff0000	353	GFPT1	9606.ENSP00000349860	Glutamine--fructose-6-phosphate aminotransferase [isomerizing] 1; Controls the flux of glucose into the hexosamine pathway. Most likely involved in regulating the availability of precursors for N- and O-linked glycosylation of proteins. Regulates the circadian expression of clock genes ARNTL/BMAL1 and CRY1.
kmeans	1	Red	#ff0000	353	GGT1	9606.ENSP00000248923	Glutathione hydrolase 1 heavy chain; Cleaves the gamma-glutamyl bond of extracellular glutathione (gamma-Glu-Cys-Gly), glutathione conjugates, and other gamma-glutamyl compounds. The metabolism of glutathione releases free glutamate and the dipeptide cysteinyl-glycine, which is hydrolyzed to cysteine and glycine by dipeptidases. In the presence of high concentrations of dipeptides and some amino acids, can also catalyze a transpeptidation reaction, transferring the gamma-glutamyl moiety to an acceptor amino acid to form a new gamma-glutamyl compound. Initiates extracellular glutathione [...] 
kmeans	1	Red	#ff0000	353	GGT6	9606.ENSP00000370962	Glutathione hydrolase 6 heavy chain; Cleaves glutathione conjugates; Belongs to the gamma-glutamyltransferase family.
kmeans	1	Red	#ff0000	353	GK	9606.ENSP00000401720	Glycerol kinase; Key enzyme in the regulation of glycerol uptake and metabolism; Belongs to the FGGY kinase family.
kmeans	1	Red	#ff0000	353	GMFG	9606.ENSP00000472249	Glia maturation factor gamma.
kmeans	1	Red	#ff0000	353	GSDMD	9606.ENSP00000433209	Gasdermin-D, C-terminal; [Gasdermin-D, N-terminal]: Promotes pyroptosis in response to microbial infection and danger signals. Produced by the cleavage of gasdermin-D by inflammatory caspases CASP1 or CASP4 in response to canonical, as well as non-canonical (such as cytosolic LPS) inflammasome activators. After cleavage, moves to the plasma membrane where it strongly binds to inner leaflet lipids, including monophosphorylated phosphatidylinositols, such as phosphatidylinositol 4-phosphate, bisphosphorylated phosphatidylinositols, such as phosphatidylinositol (4,5)-bisphosphate, as well [...] 
kmeans	1	Red	#ff0000	353	GSPT1	9606.ENSP00000398131	Eukaryotic peptide chain release factor GTP-binding subunit ERF3A; Involved in translation termination in response to the termination codons UAA, UAG and UGA (By similarity). Stimulates the activity of ETF1 (By similarity). Involved in regulation of mammalian cell growth. Component of the transient SURF complex which recruits UPF1 to stalled ribosomes in the context of nonsense- mediated decay (NMD) of mRNAs containing premature stop codons. Required for SHFL-mediated translation termination which inhibits programmed ribosomal frameshifting (-1PRF) of mRNA from viruses and cellular gen [...] 
kmeans	1	Red	#ff0000	353	GSTA1	9606.ENSP00000335620	Glutathione S-transferase A1, N-terminally processed; Glutathione S-transferase that catalyzes the nucleophilic attack of the sulfur atom of glutathione on the electrophilic groups of a wide range of exogenous and endogenous compounds (Probable). Involved in the formation of glutathione conjugates of both prostaglandin A2 (PGA2) and prostaglandin J2 (PGJ2). It also catalyzes the isomerization of D5-androstene-3,17-dione (AD) into D4-androstene- 3,17-dione and may therefore play an important role in hormone biosynthesis. Through its glutathione-dependent peroxidase activity toward the f [...] 
kmeans	1	Red	#ff0000	353	GSTA2	9606.ENSP00000420168	Glutathione S-transferase A2; Conjugation of reduced glutathione to a wide number of exogenous and endogenous hydrophobic electrophiles; Belongs to the GST superfamily. Alpha family.
kmeans	1	Red	#ff0000	353	GSTP1	9606.ENSP00000381607	Glutathione S-transferase P; Conjugation of reduced glutathione to a wide number of exogenous and endogenous hydrophobic electrophiles. Regulates negatively CDK5 activity via p25/p35 translocation to prevent neurodegeneration.
kmeans	1	Red	#ff0000	353	GUK1	9606.ENSP00000355689	Guanylate kinase; Catalyzes the phosphorylation of GMP to GDP. Essential enzyme for recycling GMP and indirectly, cyclic GMP (cGMP). Involved in the cGMP metabolism in photoreceptors (By similarity). It may also have a role in the survival and growth progression of some tumors. In addition to its physiological role, GUK1 is essential for convert prodrugs used for the treatment of cancers and viral infections into their pharmacologically active metabolites, most notably acyclovir, ganciclovir, and 6-thioguanine and its closely related analog 6-mercaptopurine. Belongs to the guanylate ki [...] 
kmeans	1	Red	#ff0000	353	H6PD	9606.ENSP00000473348	GDH/6PGL endoplasmic bifunctional protein; Bifunctional enzyme localized in the lumen of the endoplasmic reticulum that catalyzes the first two steps of the oxidative branch of the pentose phosphate pathway/shunt, an alternative to glycolysis and a major source of reducing power and metabolic intermediates for biosynthetic processes (By similarity). Has a hexose-6-phosphate dehydrogenase activity, with broad substrate specificity compared to glucose-6-phosphate 1-dehydrogenase/G6PD, and catalyzes the first step of the pentose phosphate pathway. In addition, acts as a 6-phosphogluconola [...] 
kmeans	1	Red	#ff0000	353	HK1	9606.ENSP00000494664	Hexokinase-1; Catalyzes the phosphorylation of various hexoses, such as D- glucose, D-glucosamine, D-fructose, D-mannose and 2-deoxy-D-glucose, to hexose 6-phosphate (D-glucose 6-phosphate, D-glucosamine 6-phosphate, D-fructose 6-phosphate, D-mannose 6-phosphate and 2-deoxy-D-glucose 6- phosphate, respectively). Does not phosphorylate N-acetyl-D-glucosamine. Mediates the initial step of glycolysis by catalyzing phosphorylation of D-glucose to D-glucose 6-phosphate (By similarity). Involved in innate immunity and inflammation by acting as a pattern recognition receptor for bacterial pep [...] 
kmeans	1	Red	#ff0000	353	HLA-DPA1	9606.ENSP00000393566	HLA class II histocompatibility antigen, DP alpha 1 chain; Binds peptides derived from antigens that access the endocytic route of antigen presenting cells (APC) and presents them on the cell surface for recognition by the CD4 T-cells. The peptide binding cleft accommodates peptides of 10-30 residues. The peptides presented by MHC class II molecules are generated mostly by degradation of proteins that access the endocytic route, where they are processed by lysosomal proteases and other hydrolases. Exogenous antigens that have been endocytosed by the APC are thus readily available for p [...] 
kmeans	1	Red	#ff0000	353	HLA-DRA	9606.ENSP00000378786	HLA class II histocompatibility antigen, DR alpha chain; Binds peptides derived from antigens that access the endocytic route of antigen presenting cells (APC) and presents them on the cell surface for recognition by the CD4 T-cells. The peptide binding cleft accommodates peptides of 10-30 residues. The peptides presented by MHC class II molecules are generated mostly by degradation of proteins that access the endocytic route, where they are processed by lysosomal proteases and other hydrolases. Exogenous antigens that have been endocytosed by the APC are thus readily available for pre [...] 
kmeans	1	Red	#ff0000	353	HLA-DRB5	9606.ENSP00000364114	HLA class II histocompatibility antigen, DR beta 5 chain; Binds peptides derived from antigens that access the endocytic route of antigen presenting cells (APC) and presents them on the cell surface for recognition by the CD4 T-cells. The peptide binding cleft accommodates peptides of 10-30 residues. The peptides presented by MHC class II molecules are generated mostly by degradation of proteins that access the endocytic route, where they are processed by lysosomal proteases and other hydrolases. Exogenous antigens that have been endocytosed by the APC are thus readily available for pr [...] 
kmeans	1	Red	#ff0000	353	HMGB1	9606.ENSP00000345347	High mobility group protein B1; Multifunctional redox sensitive protein with various roles in different cellular compartments. In the nucleus is one of the major chromatin-associated non-histone proteins and acts as a DNA chaperone involved in replication, transcription, chromatin remodeling, V(D)J recombination, DNA repair and genome stability. Proposed to be an universal biosensor for nucleic acids. Promotes host inflammatory response to sterile and infectious signals and is involved in the coordination and integration of innate and adaptive immune responses. In the cytoplasm functio [...] 
kmeans	1	Red	#ff0000	353	HMGB2	9606.ENSP00000296503	High mobility group protein B2; Multifunctional protein with various roles in different cellular compartments. May act in a redox sensitive manner. In the nucleus is an abundant chromatin-associated non-histone protein involved in transcription, chromatin remodeling and V(D)J recombination and probably other processes. Binds DNA with a preference to non- canonical DNA structures such as single-stranded DNA. Can bent DNA and enhance DNA flexibility by looping thus providing a mechanism to promote activities on various gene promoters by enhancing transcription factor binding and/or bring [...] 
kmeans	1	Red	#ff0000	353	HMGCS1	9606.ENSP00000322706	Hydroxymethylglutaryl-CoA synthase, cytoplasmic; This enzyme condenses acetyl-CoA with acetoacetyl-CoA to form HMG-CoA, which is the substrate for HMG-CoA reductase.
kmeans	1	Red	#ff0000	353	HNMT	9606.ENSP00000280097	Histamine N-methyltransferase; Inactivates histamine by N-methylation. Plays an important role in degrading histamine and in regulating the airway response to histamine.
kmeans	1	Red	#ff0000	353	HNRNPA0	9606.ENSP00000316042	Heterogeneous nuclear ribonucleoprotein A0; mRNA-binding component of ribonucleosomes. Specifically binds AU-rich element (ARE)-containing mRNAs. Involved in post- transcriptional regulation of cytokines mRNAs.
kmeans	1	Red	#ff0000	353	HNRNPH2	9606.ENSP00000361927	Heterogeneous nuclear ribonucleoprotein H2, N-terminally processed; This protein is a component of the heterogeneous nuclear ribonucleoprotein (hnRNP) complexes which provide the substrate for the processing events that pre-mRNAs undergo before becoming functional, translatable mRNAs in the cytoplasm. Binds poly(RG).
kmeans	1	Red	#ff0000	353	HNRNPM	9606.ENSP00000325376	Heterogeneous nuclear ribonucleoprotein M; Pre-mRNA binding protein in vivo, binds avidly to poly(G) and poly(U) RNA homopolymers in vitro. Involved in splicing. Acts as a receptor for carcinoembryonic antigen in Kupffer cells, may initiate a series of signaling events leading to tyrosine phosphorylation of proteins and induction of IL-1 alpha, IL-6, IL-10 and tumor necrosis factor alpha cytokines.
kmeans	1	Red	#ff0000	353	HSDL2	9606.ENSP00000381785	Hydroxysteroid dehydrogenase-like protein 2; Has apparently no steroid dehydrogenase activity. Belongs to the short-chain dehydrogenases/reductases (SDR) family.
kmeans	1	Red	#ff0000	353	HSP90AA1	9606.ENSP00000335153	Heat shock protein HSP 90-alpha; Molecular chaperone that promotes the maturation, structural maintenance and proper regulation of specific target proteins involved for instance in cell cycle control and signal transduction. Undergoes a functional cycle that is linked to its ATPase activity which is essential for its chaperone activity. This cycle probably induces conformational changes in the client proteins, thereby causing their activation. Interacts dynamically with various co-chaperones that modulate its substrate recognition, ATPase cycle and chaperone function. Engages with a ra [...] 
kmeans	1	Red	#ff0000	353	HSPA4	9606.ENSP00000302961	Heat shock protein family A member 4; Belongs to the heat shock protein 70 family.
kmeans	1	Red	#ff0000	353	HSPBP1	9606.ENSP00000255631	Hsp70-binding protein 1; Inhibits HSPA1A chaperone activity by changing the conformation of the ATP-binding domain of HSPA1A and interfering with ATP binding. Interferes with ubiquitination mediated by STUB1 and inhibits chaperone-assisted degradation of immature CFTR.
kmeans	1	Red	#ff0000	353	HSPH1	9606.ENSP00000487365	Heat shock protein 105 kDa; Acts as a nucleotide-exchange factor (NEF) for chaperone proteins HSPA1A and HSPA1B, promoting the release of ADP from HSPA1A/B thereby triggering client/substrate protein release. Prevents the aggregation of denatured proteins in cells under severe stress, on which the ATP levels decrease markedly. Inhibits HSPA8/HSC70 ATPase and chaperone activities (By similarity).
kmeans	1	Red	#ff0000	353	ICAM1	9606.ENSP00000264832	Intercellular adhesion molecule 1; ICAM proteins are ligands for the leukocyte adhesion protein LFA-1 (integrin alpha-L/beta-2). During leukocyte trans-endothelial migration, ICAM1 engagement promotes the assembly of endothelial apical cups through ARHGEF26/SGEF and RHOG activation.  (Microbial infection) Acts as a receptor for Coxsackievirus A21 capsid proteins.
kmeans	1	Red	#ff0000	353	IK	9606.ENSP00000396301	Protein Red; Involved in pre-mRNA splicing as a component of the spliceosome. Auxiliary spliceosomal protein that regulates selection of alternative splice sites in a small set of target pre-mRNA species (Probable). Required for normal mitotic cell cycle progression. Recruits MAD1L1 and MAD2L1 to kinetochores, and is required to trigger the spindle assembly checkpoint. Required for normal accumulation of SMU1.
kmeans	1	Red	#ff0000	353	IKBKB	9606.ENSP00000430684	Inhibitor of nuclear factor kappa-B kinase subunit beta; Serine kinase that plays an essential role in the NF-kappa-B signaling pathway which is activated by multiple stimuli such as inflammatory cytokines, bacterial or viral products, DNA damages or other cellular stresses. Acts as part of the canonical IKK complex in the conventional pathway of NF-kappa-B activation. Phosphorylates inhibitors of NF-kappa-B on 2 critical serine residues. These modifications allow polyubiquitination of the inhibitors and subsequent degradation by the proteasome. In turn, free NF-kappa-B is translocated [...] 
kmeans	1	Red	#ff0000	353	IL1B	9606.ENSP00000263341	Interleukin-1 beta; Potent proinflammatory cytokine. Initially discovered as the major endogenous pyrogen, induces prostaglandin synthesis, neutrophil influx and activation, T-cell activation and cytokine production, B- cell activation and antibody production, and fibroblast proliferation and collagen production. Promotes Th17 differentiation of T-cells. Synergizes with IL12/interleukin-12 to induce IFNG synthesis from T- helper 1 (Th1) cells.
kmeans	1	Red	#ff0000	353	ILF2	9606.ENSP00000355011	Interleukin enhancer-binding factor 2; Appears to function predominantly as a heterodimeric complex with ILF3. This complex may regulate transcription of the IL2 gene during T-cell activation. It can also promote the formation of stable DNA-dependent protein kinase holoenzyme complexes on DNA. Essential for the efficient reshuttling of ILF3 (isoform 1 and isoform 2) into the nucleus.
kmeans	1	Red	#ff0000	353	ILF3	9606.ENSP00000404121	Interleukin enhancer-binding factor 3; RNA-binding protein that plays an essential role in the biogenesis of circular RNAs (circRNAs) which are produced by back- splicing circularization of pre-mRNAs. Within the nucleus, promotes circRNAs processing by stabilizing the regulatory elements residing in the flanking introns of the circularized exons. Plays thereby a role in the back-splicing of a subset of circRNAs. As a consequence, participates in a wide range of transcriptional and post- transcriptional processes. Binds to poly-U elements and AU-rich elements (AREs) in the 3'-UTR of tar [...] 
kmeans	1	Red	#ff0000	353	ILK	9606.ENSP00000379975	Integrin-linked protein kinase; Receptor-proximal protein kinase regulating integrin-mediated signal transduction. May act as a mediator of inside-out integrin signaling. Focal adhesion protein part of the complex ILK-PINCH. This complex is considered to be one of the convergence points of integrin- and growth factor-signaling pathway. Could be implicated in mediating cell architecture, adhesion to integrin substrates and anchorage-dependent growth in epithelial cells. Phosphorylates beta-1 and beta-3 integrin subunit on serine and threonine residues, but also AKT1 and GSK3B.
kmeans	1	Red	#ff0000	353	IRAK3	9606.ENSP00000261233	Interleukin-1 receptor-associated kinase 3; Inhibits dissociation of IRAK1 and IRAK4 from the Toll-like receptor signaling complex by either inhibiting the phosphorylation of IRAK1 and IRAK4 or stabilizing the receptor complex.
kmeans	1	Red	#ff0000	353	IRAK4	9606.ENSP00000479889	Interleukin-1 receptor-associated kinase 4; Serine/threonine-protein kinase that plays a critical role in initiating innate immune response against foreign pathogens. Involved in Toll-like receptor (TLR) and IL-1R signaling pathways. Is rapidly recruited by MYD88 to the receptor- signaling complex upon TLR activation to form the Myddosome together with IRAK2. Phosphorylates initially IRAK1, thus stimulating the kinase activity and intensive autophosphorylation of IRAK1. Phosphorylates E3 ubiquitin ligases Pellino proteins (PELI1, PELI2 and PELI3) to promote pellino-mediated polyubiquit [...] 
kmeans	1	Red	#ff0000	353	ISG15	9606.ENSP00000496832	Ubiquitin-like protein ISG15; Ubiquitin-like protein which plays a key role in the innate immune response to viral infection either via its conjugation to a target protein (ISGylation) or via its action as a free or unconjugated protein. ISGylation involves a cascade of enzymatic reactions involving E1, E2, and E3 enzymes which catalyze the conjugation of ISG15 to a lysine residue in the target protein. Its target proteins include IFIT1, MX1/MxA, PPM1B, UBE2L6, UBA7, CHMP5, CHMP2A, CHMP4B and CHMP6. Can also isgylate: EIF2AK2/PKR which results in its activation, DDX58/RIG-I which inhib [...] 
kmeans	1	Red	#ff0000	353	KARS1	9606.ENSP00000325448	Lysine--tRNA ligase; Catalyzes the specific attachment of an amino acid to its cognate tRNA in a 2 step reaction: the amino acid (AA) is first activated by ATP to form AA-AMP and then transferred to the acceptor end of the tRNA. When secreted, acts as a signaling molecule that induces immune response through the activation of monocyte/macrophages. Catalyzes the synthesis of the signaling molecule diadenosine tetraphosphate (Ap4A), and thereby mediates disruption of the complex between HINT1 and MITF and the concomitant activation of MITF transcriptional activity.
kmeans	1	Red	#ff0000	353	KHDRBS1	9606.ENSP00000313829	KH domain-containing, RNA-binding, signal transduction-associated protein 1; Recruited and tyrosine phosphorylated by several receptor systems, for example the T-cell, leptin and insulin receptors. Once phosphorylated, functions as an adapter protein in signal transduction cascades by binding to SH2 and SH3 domain-containing proteins. Role in G2-M progression in the cell cycle. Represses CBP-dependent transcriptional activation apparently by competing with other nuclear factors for binding to CBP. Also acts as a putative regulator of mRNA stability and/or translation rates and mediates [...] 
kmeans	1	Red	#ff0000	353	LAT2	9606.ENSP00000381492	Linker for activation of T-cells family member 2; Involved in FCER1 (high affinity immunoglobulin epsilon receptor)-mediated signaling in mast cells. May also be involved in BCR (B-cell antigen receptor)-mediated signaling in B-cells and FCGR1 (high affinity immunoglobulin gamma Fc receptor I)-mediated signaling in myeloid cells. Couples activation of these receptors and their associated kinases with distal intracellular events through the recruitment of GRB2.
kmeans	1	Red	#ff0000	353	LGALS3	9606.ENSP00000254301	Galectin-3; Galactose-specific lectin which binds IgE. May mediate with the alpha-3, beta-1 integrin the stimulation by CSPG4 of endothelial cells migration. Together with DMBT1, required for terminal differentiation of columnar epithelial cells during early embryogenesis (By similarity). In the nucleus: acts as a pre-mRNA splicing factor. Involved in acute inflammatory responses including neutrophil activation and adhesion, chemoattraction of monocytes macrophages, opsonization of apoptotic neutrophils, and activation of mast cells. Together with TRIM16, coordinates the recognition of [...] 
kmeans	1	Red	#ff0000	353	LGALS9	9606.ENSP00000378856	Galectin-9; Binds galactosides. Has high affinity for the Forssman pentasaccharide. Ligand for HAVCR2/TIM3. Binding to HAVCR2 induces T-helper type 1 lymphocyte (Th1) death. Also stimulates bactericidal activity in infected macrophages by causing macrophage activation and IL1B secretion which restricts intracellular bacterial growth (By similarity). Ligand for P4HB; the interaction retains P4HB at the cell surface of Th2 T-helper cells, increasing disulfide reductase activity at the plasma membrane, altering the plasma membrane redox state and enhancing cell migration. Ligand for CD44; [...] 
kmeans	1	Red	#ff0000	353	LGMN	9606.ENSP00000376911	Legumain; Has a strict specificity for hydrolysis of asparaginyl bonds. Can also cleave aspartyl bonds slowly, especially under acidic conditions. Required for normal lysosomal protein degradation in renal proximal tubules. Required for normal degradation of internalized EGFR. Plays a role in the regulation of cell proliferation via its role in EGFR degradation (By similarity). May be involved in the processing of proteins for MHC class II antigen presentation in the lysosomal/endosomal system; Belongs to the peptidase C13 family.
kmeans	1	Red	#ff0000	353	LMO7	9606.ENSP00000366757	LIM domain 7.
kmeans	1	Red	#ff0000	353	LSM2	9606.ENSP00000364813	U6 snRNA-associated Sm-like protein LSm2; Plays role in pre-mRNA splicing as component of the U4/U6-U5 tri-snRNP complex that is involved in spliceosome assembly, and as component of the precatalytic spliceosome (spliceosome B complex). The heptameric LSM2-8 complex binds specifically to the 3'-terminal U-tract of U6 snRNA.
kmeans	1	Red	#ff0000	353	LSM6	9606.ENSP00000296581	U6 snRNA-associated Sm-like protein LSm6; Plays role in pre-mRNA splicing as component of the U4/U6-U5 tri-snRNP complex that is involved in spliceosome assembly, and as component of the precatalytic spliceosome (spliceosome B complex). The heptameric LSM2-8 complex binds specifically to the 3'-terminal U-tract of U6 snRNA. Component of LSm protein complexes, which are involved in RNA processing and may function in a chaperone-like manner, facilitating the efficient association of RNA processing factors with their substrates. Component of the cytoplasmic LSM1-LSM7 complex, which is tho [...] 
kmeans	1	Red	#ff0000	353	LUC7L2	9606.ENSP00000347005	Putative RNA-binding protein Luc7-like 2; May bind to RNA via its Arg/Ser-rich domain.
kmeans	1	Red	#ff0000	353	MAOA	9606.ENSP00000340684	Amine oxidase [flavin-containing] A; Catalyzes the oxidative deamination of biogenic and xenobiotic amines and has important functions in the metabolism of neuroactive and vasoactive amines in the central nervous system and peripheral tissues. MAOA preferentially oxidizes biogenic amines such as 5-hydroxytryptamine (5-HT), norepinephrine and epinephrine.
kmeans	1	Red	#ff0000	353	MAOB	9606.ENSP00000367309	Amine oxidase [flavin-containing] B; Catalyzes the oxidative deamination of biogenic and xenobiotic amines and has important functions in the metabolism of neuroactive and vasoactive amines in the central nervous system and peripheral tissues. MAOB preferentially degrades benzylamine and phenylethylamine; Belongs to the flavin monoamine oxidase family.
kmeans	1	Red	#ff0000	353	MAP2K2	9606.ENSP00000262948	Dual specificity mitogen-activated protein kinase kinase 2; Catalyzes the concomitant phosphorylation of a threonine and a tyrosine residue in a Thr-Glu-Tyr sequence located in MAP kinases. Activates the ERK1 and ERK2 MAP kinases (By similarity). Activates BRAF in a KSR1 or KSR2-dependent manner; by binding to KSR1 or KSR2 releases the inhibitory intramolecular interaction between KSR1 or KSR2 protein kinase and N-terminal domains which promotes KSR1 or KSR2-BRAF dimerization and BRAF activation.
kmeans	1	Red	#ff0000	353	MAPK14	9606.ENSP00000229795	Mitogen-activated protein kinase 14; Serine/threonine kinase which acts as an essential component of the MAP kinase signal transduction pathway. MAPK14 is one of the four p38 MAPKs which play an important role in the cascades of cellular responses evoked by extracellular stimuli such as proinflammatory cytokines or physical stress leading to direct activation of transcription factors. Accordingly, p38 MAPKs phosphorylate a broad range of proteins and it has been estimated that they may have approximately 200 to 300 substrates each. Some of the targets are downstream kinases which are a [...] 
kmeans	1	Red	#ff0000	353	ME1	9606.ENSP00000358719	Malic enzyme 1.
kmeans	1	Red	#ff0000	353	MGLL	9606.ENSP00000265052	Monoglyceride lipase; Converts monoacylglycerides to free fatty acids and glycerol. Hydrolyzes the endocannabinoid 2- arachidonoylglycerol, and thereby contributes to the regulation of endocannabinoid signaling, nociperception and perception of pain. Regulates the levels of fatty acids that serve as signaling molecules and promote cancer cell migration, invasion and tumor growth. Belongs to the AB hydrolase superfamily. Monoacylglycerol lipase family.
kmeans	1	Red	#ff0000	353	MGST3	9606.ENSP00000356864	Microsomal glutathione S-transferase 3; Catalyzes oxydation of hydroxy-fatty acids. Also catalyzes the conjugation of a reduced glutathione to leukotriene A4 in vitro. May participate to the lipid metabolism ; Belongs to the MAPEG family.
kmeans	1	Red	#ff0000	353	MMP10	9606.ENSP00000279441	Stromelysin-2; Can degrade fibronectin, gelatins of type I, III, IV, and V; weakly collagens III, IV, and V. Activates procollagenase; Belongs to the peptidase M10A family.
kmeans	1	Red	#ff0000	353	MMP7	9606.ENSP00000260227	Matrilysin; Degrades casein, gelatins of types I, III, IV, and V, and fibronectin. Activates procollagenase.
kmeans	1	Red	#ff0000	353	MYH10	9606.ENSP00000353590	Myosin-10; Cellular myosin that appears to play a role in cytokinesis, cell shape, and specialized functions such as secretion and capping. Involved with LARP6 in the stabilization of type I collagen mRNAs for CO1A1 and CO1A2. During cell spreading, plays an important role in cytoskeleton reorganization, focal contacts formation (in the central part but not the margins of spreading cells), and lamellipodial extension; this function is mechanically antagonized by MYH9. Belongs to the TRAFAC class myosin-kinesin ATPase superfamily. Myosin family.
kmeans	1	Red	#ff0000	353	MYH14	9606.ENSP00000493594	Myosin-14; Cellular myosin that appears to play a role in cytokinesis, cell shape, and specialized functions such as secretion and capping.
kmeans	1	Red	#ff0000	353	MYH9	9606.ENSP00000216181	Myosin-9; Cellular myosin that appears to play a role in cytokinesis, cell shape, and specialized functions such as secretion and capping. During cell spreading, plays an important role in cytoskeleton reorganization, focal contacts formation (in the margins but not the central part of spreading cells), and lamellipodial retraction; this function is mechanically antagonized by MYH10.
kmeans	1	Red	#ff0000	353	MYL12B	9606.ENSP00000463559	Myosin regulatory light chain 12B; Myosin regulatory subunit that plays an important role in regulation of both smooth muscle and nonmuscle cell contractile activity via its phosphorylation. Phosphorylation triggers actin polymerization in vascular smooth muscle. Implicated in cytokinesis, receptor capping, and cell locomotion.
kmeans	1	Red	#ff0000	353	NARS1	9606.ENSP00000256854	Asparagine--tRNA ligase, cytoplasmic; Catalyzes the attachment of asparagine to tRNA(Asn) in a two- step reaction: asparagine is first activated by ATP to form Asn-AMP and then transferred to the acceptor end of tRNA(Asn). In addition to its essential role in protein synthesis, acts as a signaling molecule that induced migration of CCR3-expressing cells.
kmeans	1	Red	#ff0000	353	NCBP1	9606.ENSP00000364289	Nuclear cap-binding protein subunit 1; Component of the cap-binding complex (CBC), which binds cotranscriptionally to the 5'-cap of pre-mRNAs and is involved in various processes such as pre-mRNA splicing, translation regulation, nonsense-mediated mRNA decay, RNA-mediated gene silencing (RNAi) by microRNAs (miRNAs) and mRNA export. The CBC complex is involved in mRNA export from the nucleus via its interaction with ALYREF/THOC4/ALY, leading to the recruitment of the mRNA export machinery to the 5'-end of mRNA and to mRNA export in a 5' to 3' direction through the nuclear pore. The CBC  [...] 
kmeans	1	Red	#ff0000	353	NCF2	9606.ENSP00000356505	Neutrophil cytosol factor 2; NCF2, NCF1, and a membrane bound cytochrome b558 are required for activation of the latent NADPH oxidase (necessary for superoxide production).
kmeans	1	Red	#ff0000	353	NCF4	9606.ENSP00000380334	Neutrophil cytosol factor 4; Component of the NADPH-oxidase, a multicomponent enzyme system responsible for the oxidative burst in which electrons are transported from NADPH to molecular oxygen, generating reactive oxidant intermediates. It may be important for the assembly and/or activation of the NADPH-oxidase complex.
kmeans	1	Red	#ff0000	353	NCKAP1	9606.ENSP00000354251	Nck-associated protein 1; Part of the WAVE complex that regulates lamellipodia formation. The WAVE complex regulates actin filament reorganization via its interaction with the Arp2/3 complex. Actin remodeling activity is regulated by RAC1. As component of the WAVE1 complex, required for BDNF-NTRK2 endocytic trafficking and signaling from early endosomes.
kmeans	1	Red	#ff0000	353	NDUFA4	9606.ENSP00000339720	Cytochrome c oxidase subunit NDUFA4; Component of the cytochrome c oxidase, the last enzyme in the mitochondrial electron transport chain which drives oxidative phosphorylation. The respiratory chain contains 3 multisubunit complexes succinate dehydrogenase (complex II, CII), ubiquinol- cytochrome c oxidoreductase (cytochrome b-c1 complex, complex III, CIII) and cytochrome c oxidase (complex IV, CIV), that cooperate to transfer electrons derived from NADH and succinate to molecular oxygen, creating an electrochemical gradient over the inner membrane that drives transmembrane transport  [...] 
kmeans	1	Red	#ff0000	353	NDUFA5	9606.ENSP00000417142	NADH dehydrogenase [ubiquinone] 1 alpha subcomplex subunit 5; Accessory subunit of the mitochondrial membrane respiratory chain NADH dehydrogenase (Complex I), that is believed not to be involved in catalysis. Complex I functions in the transfer of electrons from NADH to the respiratory chain. The immediate electron acceptor for the enzyme is believed to be ubiquinone.
kmeans	1	Red	#ff0000	353	NLRC4	9606.ENSP00000385428	NLR family CARD domain-containing protein 4; Key component of inflammasomes that indirectly senses specific proteins from pathogenic bacteria and fungi and responds by assembling an inflammasome complex that promotes caspase-1 activation, cytokine production and macrophage pyroptosis. The NLRC4 inflammasome is activated as part of the innate immune response to a range of intracellular bacteria (By similarity).
kmeans	1	Red	#ff0000	353	NME1	9606.ENSP00000337060	Nucleoside diphosphate kinase A; Major role in the synthesis of nucleoside triphosphates other than ATP. The ATP gamma phosphate is transferred to the NDP beta phosphate via a ping-pong mechanism, using a phosphorylated active-site intermediate. Possesses nucleoside-diphosphate kinase, serine/threonine-specific protein kinase, geranyl and farnesyl pyrophosphate kinase, histidine protein kinase and 3'-5' exonuclease activities. Involved in cell proliferation, differentiation and development, signal transduction, G protein-coupled receptor endocytosis, and gene expression. Required for n [...] 
kmeans	1	Red	#ff0000	353	NME3	9606.ENSP00000219302	Nucleoside diphosphate kinase 3; Major role in the synthesis of nucleoside triphosphates other than ATP. The ATP gamma phosphate is transferred to the NDP beta phosphate via a ping-pong mechanism, using a phosphorylated active-site intermediate. Probably has a role in normal hematopoiesis by inhibition of granulocyte differentiation and induction of apoptosis; Belongs to the NDK family.
kmeans	1	Red	#ff0000	353	NOS2	9606.ENSP00000327251	Nitric oxide synthase, inducible; Produces nitric oxide (NO) which is a messenger molecule with diverse functions throughout the body. In macrophages, NO mediates tumoricidal and bactericidal actions. Also has nitrosylase activity and mediates cysteine S-nitrosylation of cytoplasmic target proteins such PTGS2/COX2 (By similarity). As component of the iNOS-S100A8/9 transnitrosylase complex involved in the selective inflammatory stimulus-dependent S-nitrosylation of GAPDH on 'Cys-247' implicated in regulation of the GAIT complex activity and probably multiple targets including ANXA5, EZR [...] 
kmeans	1	Red	#ff0000	353	NPHP4	9606.ENSP00000367398	Nephrocystin-4; Involved in the organization of apical junctions; the function is proposed to implicate a NPHP1-4-8 module. Does not seem to be strictly required for ciliogenesis. Required for building functional cilia. Involved in the organization of the subapical actin network in multiciliated epithelial cells. Seems to recruit INT to basal bodies of motile cilia which subsequently interacts with actin-modifying proteins such as DAAM1 (By similarity). In cooperation with INVS may downregulate the canonical Wnt pathway and promote the Wnt-PCP pathway by regulating expression and subce [...] 
kmeans	1	Red	#ff0000	353	NQO1	9606.ENSP00000319788	NAD(P)H dehydrogenase [quinone] 1; The enzyme apparently serves as a quinone reductase in connection with conjugation reactions of hydroquinons involved in detoxification pathways as well as in biosynthetic processes such as the vitamin K-dependent gamma-carboxylation of glutamate residues in prothrombin synthesis.
kmeans	1	Red	#ff0000	353	NT5C	9606.ENSP00000245552	5'(3')-deoxyribonucleotidase, cytosolic type; Dephosphorylates the 5' and 2'(3')-phosphates of deoxyribonucleotides, with a preference for dUMP and dTMP, intermediate activity towards dGMP, and low activity towards dCMP and dAMP.
kmeans	1	Red	#ff0000	353	NT5E	9606.ENSP00000257770	5'-nucleotidase; Hydrolyzes extracellular nucleotides into membrane permeable nucleosides. Exhibits AMP-, NAD-, and NMN-nucleosidase activities.
kmeans	1	Red	#ff0000	353	NUDT16	9606.ENSP00000422375	U8 snoRNA-decapping enzyme; RNA-binding and decapping enzyme that catalyzes the cleavage of the cap structure of snoRNAs and mRNAs in a metal-dependent manner. Part of the U8 snoRNP complex that is required for the accumulation of mature 5.8S and 28S rRNA. Has diphosphatase activity and removes m7G and/or m227G caps from U8 snoRNA and leaves a 5'monophosphate on the RNA. Catalyzes also the cleavage of the cap structure on mRNAs. Does not hydrolyze cap analog structures like 7-methylguanosine nucleoside triphosphate (m7GpppG). Also hydrolysis m7G- and m227G U3-capped RNAs but with less  [...] 
kmeans	1	Red	#ff0000	353	NUDT9	9606.ENSP00000303575	ADP-ribose pyrophosphatase, mitochondrial; Hydrolyzes ADP-ribose (ADPR) to AMP and ribose 5'-phosphate.
kmeans	1	Red	#ff0000	353	OAS2	9606.ENSP00000342278	2'-5'-oligoadenylate synthase 2; Interferon-induced, dsRNA-activated antiviral enzyme which plays a critical role in cellular innate antiviral response. Activated by detection of double stranded RNA (dsRNA): polymerizes higher oligomers of 2'-5'- oligoadenylates (2-5A) from ATP which then bind to the inactive monomeric form of ribonuclease L (RNASEL) leading to its dimerization and subsequent activation. Activation of RNASEL leads to degradation of cellular as well as viral RNA, resulting in the inhibition of protein synthesis, thus terminating viral replication. Can mediate the antivi [...] 
kmeans	1	Red	#ff0000	353	OGDH	9606.ENSP00000388183	2-oxoglutarate dehydrogenase, mitochondrial; 2-oxoglutarate dehydrogenase (E1) component of the 2- oxoglutarate dehydrogenase complex, which mediates the decarboxylation of alpha-ketoglutarate. The 2-oxoglutarate dehydrogenase complex catalyzes the overall conversion of 2- oxoglutarate to succinyl-CoA and CO(2). The 2- oxoglutarate dehydrogenase complex is mainly active in the mitochondrion. A fraction of the 2-oxoglutarate dehydrogenase complex also localizes in the nucleus and is required for lysine succinylation of histones: associates with KAT2A on chromatin and provides succinyl-C [...] 
kmeans	1	Red	#ff0000	353	PAICS	9606.ENSP00000382595	Phosphoribosylaminoimidazole carboxylase and phosphoribosylaminoimidazolesuccinocarboxamide synthase; In the C-terminal section; belongs to the AIR carboxylase family. Class II subfamily.
kmeans	1	Red	#ff0000	353	PAPSS1	9606.ENSP00000265174	Bifunctional 3'-phosphoadenosine 5'-phosphosulfate synthase 1; Bifunctional enzyme with both ATP sulfurylase and APS kinase activity, which mediates two steps in the sulfate activation pathway. The first step is the transfer of a sulfate group to ATP to yield adenosine 5'-phosphosulfate (APS), and the second step is the transfer of a phosphate group from ATP to APS yielding 3'-phosphoadenylylsulfate (PAPS: activated sulfate donor used by sulfotransferase). In mammals, PAPS is the sole source of sulfate; APS appears to be only an intermediate in the sulfate-activation pathway. Required  [...] 
kmeans	1	Red	#ff0000	353	PARD6B	9606.ENSP00000360672	Partitioning defective 6 homolog beta; Adapter protein involved in asymmetrical cell division and cell polarization processes. Probably involved in formation of epithelial tight junctions. Association with PARD3 may prevent the interaction of PARD3 with F11R/JAM1, thereby preventing tight junction assembly. The PARD6-PARD3 complex links GTP-bound Rho small GTPases to atypical protein kinase C proteins; Belongs to the PAR6 family.
kmeans	1	Red	#ff0000	353	PARVG	9606.ENSP00000391583	Gamma-parvin; Probably plays a role in the regulation of cell adhesion and cytoskeleton organization; Belongs to the parvin family.
kmeans	1	Red	#ff0000	353	PCBP1	9606.ENSP00000305556	Poly(rC)-binding protein 1; Single-stranded nucleic acid binding protein that binds preferentially to oligo dC. In case of infection by poliovirus, plays a role in initiation of viral RNA replication in concert with the viral protein 3CD.
kmeans	1	Red	#ff0000	353	PCCB	9606.ENSP00000419027	Propionyl-CoA carboxylase beta chain, mitochondrial; This is one of the 2 subunits of the biotin-dependent propionyl-CoA carboxylase (PCC), a mitochondrial enzyme involved in the catabolism of odd chain fatty acids, branched-chain amino acids isoleucine, threonine, methionine, and valine and other metabolites. Propionyl-CoA carboxylase catalyzes the carboxylation of propionyl-CoA/propanoyl-CoA to D-methylmalonyl- CoA/(S)-methylmalonyl-CoA. Within the holoenzyme, the alpha subunit catalyzes the ATP-dependent carboxylation of the biotin carried by the biotin carboxyl carrier (BCC) domain [...] 
kmeans	1	Red	#ff0000	353	PFKP	9606.ENSP00000370517	ATP-dependent 6-phosphofructokinase, platelet type; Catalyzes the phosphorylation of D-fructose 6-phosphate to fructose 1,6-bisphosphate by ATP, the first committing step of glycolysis; Belongs to the phosphofructokinase type A (PFKA) family. ATP-dependent PFK group I subfamily. Eukaryotic two domain clade 'E' sub-subfamily.
kmeans	1	Red	#ff0000	353	PGM2	9606.ENSP00000371393	Phosphoglucomutase-2; Catalyzes the conversion of the nucleoside breakdown products ribose-1-phosphate and deoxyribose-1-phosphate to the corresponding 5- phosphopentoses. May also catalyze the interconversion of glucose-1- phosphate and glucose-6-phosphate. Has low glucose 1,6-bisphosphate synthase activity; Belongs to the phosphohexose mutase family.
kmeans	1	Red	#ff0000	353	PIK3AP1	9606.ENSP00000339826	Phosphoinositide 3-kinase adapter protein 1; Signaling adapter that contributes to B-cell development by linking B-cell receptor (BCR) signaling to the phosphoinositide 3- kinase (PI3K)-Akt signaling pathway. Has a complementary role to the BCR coreceptor CD19, coupling BCR and PI3K activation by providing a docking site for the PI3K subunit PIK3R1. Alternatively, links Toll- like receptor (TLR) signaling to PI3K activation, a process preventing excessive inflammatory cytokine production. Also involved in the activation of PI3K in natural killer cells. May be involved in the survival o [...] 
kmeans	1	Red	#ff0000	353	PLG	9606.ENSP00000308938	Plasmin heavy chain A, short form; Plasmin dissolves the fibrin of blood clots and acts as a proteolytic factor in a variety of other processes including embryonic development, tissue remodeling, tumor invasion, and inflammation. In ovulation, weakens the walls of the Graafian follicle. It activates the urokinase-type plasminogen activator, collagenases and several complement zymogens, such as C1 and C5. Cleavage of fibronectin and laminin leads to cell detachment and apoptosis. Also cleaves fibrin, thrombospondin and von Willebrand factor. Its role in tissue remodeling and tumor invas [...] 
kmeans	1	Red	#ff0000	353	PLGRKT	9606.ENSP00000223864	Plasminogen receptor (KT); Receptor for plasminogen. Regulates urokinase plasminogen activator-dependent and stimulates tissue-type plasminogen activator- dependent cell surface plasminogen activation. Proposed to be part of a local catecholaminergic cell plasminogen activation system that regulates neuroendocrine prohormone processing. Involved in regulation of inflammatory response; regulates monocyte chemotactic migration and matrix metalloproteinase activation, such as of MMP2 and MMP9.
kmeans	1	Red	#ff0000	353	POLG	9606.ENSP00000399851	DNA polymerase subunit gamma-1; Involved in the replication of mitochondrial DNA. Associates with mitochondrial DNA; Belongs to the DNA polymerase type-A family.
kmeans	1	Red	#ff0000	353	PPID	9606.ENSP00000303754	Peptidyl-prolyl cis-trans isomerase D; PPIase that catalyzes the cis-trans isomerization of proline imidic peptide bonds in oligopeptides and may therefore assist protein folding. Proposed to act as a co- chaperone in HSP90 complexes such as in unligated steroid receptors heterocomplexes. Different co-chaperones seem to compete for association with HSP90 thus establishing distinct HSP90-co-chaperone- receptor complexes with the potential to exert tissue-specific receptor activity control. May have a preference for estrogen receptor complexes and is not found in glucocorticoid receptor  [...] 
kmeans	1	Red	#ff0000	353	PPP2R1B	9606.ENSP00000311344	Serine/threonine-protein phosphatase 2A 65 kDa regulatory subunit A beta isoform; The PR65 subunit of protein phosphatase 2A serves as a scaffolding molecule to coordinate the assembly of the catalytic subunit and a variable regulatory B subunit.
kmeans	1	Red	#ff0000	353	PRDX6	9606.ENSP00000342026	Peroxiredoxin-6; Thiol-specific peroxidase that catalyzes the reduction of hydrogen peroxide and organic hydroperoxides to water and alcohols, respectively. Can reduce H(2)O(2) and short chain organic, fatty acid, and phospholipid hydroperoxides. Also has phospholipase activity, and can therefore either reduce the oxidized sn-2 fatty acyl grup of phospholipids (peroxidase activity) or hydrolyze the sn-2 ester bond of phospholipids (phospholipase activity). These activities are dependent on binding to phospholipids at acidic pH and to oxidized phospholipds at cytosolic pH. Plays a role  [...] 
kmeans	1	Red	#ff0000	353	PRMT5	9606.ENSP00000319169	Protein arginine N-methyltransferase 5, N-terminally processed; Arginine methyltransferase that can both catalyze the formation of omega-N monomethylarginine (MMA) and symmetrical dimethylarginine (sDMA), with a preference for the formation of MMA. Specifically mediates the symmetrical dimethylation of arginine residues in the small nuclear ribonucleoproteins Sm D1 (SNRPD1) and Sm D3 (SNRPD3); such methylation being required for the assembly and biogenesis of snRNP core particles. Methylates SUPT5H and may regulate its transcriptional elongation properties. Mono- and dimethylates argin [...] 
kmeans	1	Red	#ff0000	353	PRPF19	9606.ENSP00000227524	Pre-mRNA-processing factor 19; Ubiquitin-protein ligase which is a core component of several complexes mainly involved pre-mRNA splicing and DNA repair. Required for pre-mRNA splicing as component of the spliceosome. Core component of the PRP19C/Prp19 complex/NTC/Nineteen complex which is part of the spliceosome and participates in its assembly, its remodeling and is required for its activity. During assembly of the spliceosome, mediates 'Lys-63'-linked polyubiquitination of the U4 spliceosomal protein PRPF3. Ubiquitination of PRPF3 allows its recognition by the U5 component PRPF8 and  [...] 
kmeans	1	Red	#ff0000	353	PRPF38A	9606.ENSP00000257181	Pre-mRNA-splicing factor 38A; Involved in pre-mRNA splicing as a component of the spliceosome.
kmeans	1	Red	#ff0000	353	PRPF40A	9606.ENSP00000386458	Pre-mRNA-processing factor 40 homolog A; Binds to WASL/N-WASP and suppresses its translocation from the nucleus to the cytoplasm, thereby inhibiting its cytoplasmic function (By similarity). Plays a role in the regulation of cell morphology and cytoskeletal organization. Required in the control of cell shape and migration. May play a role in cytokinesis. May be involved in pre-mRNA splicing; Belongs to the PRPF40 family.
kmeans	1	Red	#ff0000	353	PRPS1	9606.ENSP00000361512	Ribose-phosphate pyrophosphokinase 1; Catalyzes the synthesis of phosphoribosylpyrophosphate (PRPP) that is essential for nucleotide synthesis; Belongs to the ribose-phosphate pyrophosphokinase family.
kmeans	1	Red	#ff0000	353	PRPS2	9606.ENSP00000381504	Ribose-phosphate pyrophosphokinase 2; Catalyzes the synthesis of phosphoribosylpyrophosphate (PRPP) that is essential for nucleotide synthesis; Belongs to the ribose-phosphate pyrophosphokinase family.
kmeans	1	Red	#ff0000	353	PRPSAP1	9606.ENSP00000414624	Phosphoribosyl pyrophosphate synthase-associated protein 1; Seems to play a negative regulatory role in 5-phosphoribose 1-diphosphate synthesis.
kmeans	1	Red	#ff0000	353	PRPSAP2	9606.ENSP00000268835	Phosphoribosyl pyrophosphate synthase-associated protein 2; Seems to play a negative regulatory role in 5-phosphoribose 1-diphosphate synthesis.
kmeans	1	Red	#ff0000	353	PSMA7	9606.ENSP00000359910	Proteasome subunit alpha type-7; Component of the 20S core proteasome complex involved in the proteolytic degradation of most intracellular proteins. This complex plays numerous essential roles within the cell by associating with different regulatory particles. Associated with two 19S regulatory particles, forms the 26S proteasome and thus participates in the ATP- dependent degradation of ubiquitinated proteins. The 26S proteasome plays a key role in the maintenance of protein homeostasis by removing misfolded or damaged proteins that could impair cellular functions, and by removing pr [...] 
kmeans	1	Red	#ff0000	353	PSMB3	9606.ENSP00000483688	Proteasome subunit beta type-3; Component of the 20S core proteasome complex involved in the proteolytic degradation of most intracellular proteins. This complex plays numerous essential roles within the cell by associating with different regulatory particles. Associated with two 19S regulatory particles, forms the 26S proteasome and thus participates in the ATP- dependent degradation of ubiquitinated proteins. The 26S proteasome plays a key role in the maintenance of protein homeostasis by removing misfolded or damaged proteins that could impair cellular functions, and by removing pro [...] 
kmeans	1	Red	#ff0000	353	PSMB5	9606.ENSP00000355325	Proteasome subunit beta type-5; Component of the 20S core proteasome complex involved in the proteolytic degradation of most intracellular proteins. This complex plays numerous essential roles within the cell by associating with different regulatory particles. Associated with two 19S regulatory particles, forms the 26S proteasome and thus participates in the ATP- dependent degradation of ubiquitinated proteins. The 26S proteasome plays a key role in the maintenance of protein homeostasis by removing misfolded or damaged proteins that could impair cellular functions, and by removing pro [...] 
kmeans	1	Red	#ff0000	353	PSMD13	9606.ENSP00000396937	26S proteasome non-ATPase regulatory subunit 13; Component of the 26S proteasome, a multiprotein complex involved in the ATP-dependent degradation of ubiquitinated proteins. This complex plays a key role in the maintenance of protein homeostasis by removing misfolded or damaged proteins, which could impair cellular functions, and by removing proteins whose functions are no longer required. Therefore, the proteasome participates in numerous cellular processes, including cell cycle progression, apoptosis, or DNA damage repair.
kmeans	1	Red	#ff0000	353	PSMD2	9606.ENSP00000310129	26S proteasome non-ATPase regulatory subunit 2; Component of the 26S proteasome, a multiprotein complex involved in the ATP-dependent degradation of ubiquitinated proteins. This complex plays a key role in the maintenance of protein homeostasis by removing misfolded or damaged proteins, which could impair cellular functions, and by removing proteins whose functions are no longer required. Therefore, the proteasome participates in numerous cellular processes, including cell cycle progression, apoptosis, or DNA damage repair; Belongs to the proteasome subunit S2 family.
kmeans	1	Red	#ff0000	353	PSMD3	9606.ENSP00000264639	26S proteasome non-ATPase regulatory subunit 3; Component of the 26S proteasome, a multiprotein complex involved in the ATP-dependent degradation of ubiquitinated proteins. This complex plays a key role in the maintenance of protein homeostasis by removing misfolded or damaged proteins, which could impair cellular functions, and by removing proteins whose functions are no longer required. Therefore, the proteasome participates in numerous cellular processes, including cell cycle progression, apoptosis, or DNA damage repair; Belongs to the proteasome subunit S3 family.
kmeans	1	Red	#ff0000	353	PSMD6	9606.ENSP00000418695	26S proteasome non-ATPase regulatory subunit 6; Component of the 26S proteasome, a multiprotein complex involved in the ATP-dependent degradation of ubiquitinated proteins. This complex plays a key role in the maintenance of protein homeostasis by removing misfolded or damaged proteins, which could impair cellular functions, and by removing proteins whose functions are no longer required. Therefore, the proteasome participates in numerous cellular processes, including cell cycle progression, apoptosis, or DNA damage repair; Belongs to the proteasome subunit S10 family.
kmeans	1	Red	#ff0000	353	PSMD7	9606.ENSP00000219313	26S proteasome non-ATPase regulatory subunit 7; Component of the 26S proteasome, a multiprotein complex involved in the ATP-dependent degradation of ubiquitinated proteins. This complex plays a key role in the maintenance of protein homeostasis by removing misfolded or damaged proteins, which could impair cellular functions, and by removing proteins whose functions are no longer required. Therefore, the proteasome participates in numerous cellular processes, including cell cycle progression, apoptosis, or DNA damage repair; Belongs to the peptidase M67A family.
kmeans	1	Red	#ff0000	353	PSME2	9606.ENSP00000216802	Proteasome activator complex subunit 2; Implicated in immunoproteasome assembly and required for efficient antigen processing. The PA28 activator complex enhances the generation of class I binding peptides by altering the cleavage pattern of the proteasome.
kmeans	1	Red	#ff0000	353	PSPH	9606.ENSP00000378854	Phosphoserine phosphatase; Catalyzes the last step in the biosynthesis of serine from carbohydrates. The reaction mechanism proceeds via the formation of a phosphoryl-enzyme intermediates; Belongs to the HAD-like hydrolase superfamily. SerB family.
kmeans	1	Red	#ff0000	353	PTK2B	9606.ENSP00000380638	Protein-tyrosine kinase 2-beta; Non-receptor protein-tyrosine kinase that regulates reorganization of the actin cytoskeleton, cell polarization, cell migration, adhesion, spreading and bone remodeling. Plays a role in the regulation of the humoral immune response, and is required for normal levels of marginal B-cells in the spleen and normal migration of splenic B-cells. Required for normal macrophage polarization and migration towards sites of inflammation. Regulates cytoskeleton rearrangement and cell spreading in T-cells, and contributes to the regulation of T-cell responses. Promot [...] 
kmeans	1	Red	#ff0000	353	PTPN11	9606.ENSP00000489597	Tyrosine-protein phosphatase non-receptor type 11; Acts downstream of various receptor and cytoplasmic protein tyrosine kinases to participate in the signal transduction from the cell surface to the nucleus. Positively regulates MAPK signal transduction pathway. Dephosphorylates GAB1, ARHGAP35 and EGFR. Dephosphorylates ROCK2 at 'Tyr-722' resulting in stimulatation of its RhoA binding activity. Dephosphorylates CDC73.
kmeans	1	Red	#ff0000	353	PURA	9606.ENSP00000332706	Transcriptional activator protein Pur-alpha; This is a probable transcription activator that specifically binds the purine-rich single strand of the PUR element located upstream of the MYC gene. May play a role in the initiation of DNA replication and in recombination.
kmeans	1	Red	#ff0000	353	PXN	9606.ENSP00000267257	Paxillin; Cytoskeletal protein involved in actin-membrane attachment at sites of cell adhesion to the extracellular matrix (focal adhesion); Belongs to the paxillin family.
kmeans	1	Red	#ff0000	353	PYGB	9606.ENSP00000216962	Glycogen phosphorylase, brain form; Glycogen phosphorylase that regulates glycogen mobilization. Phosphorylase is an important allosteric enzyme in carbohydrate metabolism. Enzymes from different sources differ in their regulatory mechanisms and in their natural substrates. However, all known phosphorylases share catalytic and structural properties.
kmeans	1	Red	#ff0000	353	RABIF	9606.ENSP00000356231	Guanine nucleotide exchange factor MSS4; Guanine-nucleotide-releasing protein that acts on members of the SEC4/YPT1/RAB subfamily. Stimulates GDP release from both YPT1 and RAB3A, but is less active on these proteins than on the SEC4 protein. Might play a general role in vesicular transport; Belongs to the DSS4/MSS4 family.
kmeans	1	Red	#ff0000	353	RAC1	9606.ENSP00000348461	Ras-related C3 botulinum toxin substrate 1; Plasma membrane-associated small GTPase which cycles between active GTP-bound and inactive GDP-bound states. In its active state, binds to a variety of effector proteins to regulate cellular responses such as secretory processes, phagocytosis of apoptotic cells, epithelial cell polarization, neurons adhesion, migration and differentiation, and growth-factor induced formation of membrane ruffles. Rac1 p21/rho GDI heterodimer is the active component of the cytosolic factor sigma 1, which is involved in stimulation of the NADPH oxidase activity  [...] 
kmeans	1	Red	#ff0000	353	RAD23B	9606.ENSP00000350708	UV excision repair protein RAD23 homolog B; Multiubiquitin chain receptor involved in modulation of proteasomal degradation. Binds to polyubiquitin chains. Proposed to be capable to bind simultaneously to the 26S proteasome and to polyubiquitinated substrates and to deliver ubiquitinated proteins to the proteasome. May play a role in endoplasmic reticulum-associated degradation (ERAD) of misfolded glycoproteins by association with PNGase and delivering deglycosylated proteins to the proteasome. The XPC complex is proposed to represent the first factor bound at the sites of DNA damage a [...] 
kmeans	1	Red	#ff0000	353	RAPGEF6	9606.ENSP00000296859	Rap guanine nucleotide exchange factor 6; Guanine nucleotide exchange factor (GEF) for Rap1A, Rap2A and M-Ras GTPases. Does not interact with cAMP.
kmeans	1	Red	#ff0000	353	RBM25	9606.ENSP00000261973	RNA-binding protein 25; RNA-binding protein that acts as a regulator of alternative pre-mRNA splicing. Involved in apoptotic cell death through the regulation of the apoptotic factor BCL2L1 isoform expression. Modulates the ratio of proapoptotic BCL2L1 isoform S to antiapoptotic BCL2L1 isoform L mRNA expression. When overexpressed, stimulates proapoptotic BCL2L1 isoform S 5'-splice site (5'-ss) selection, whereas its depletion caused the accumulation of antiapoptotic BCL2L1 isoform L. Promotes BCL2L1 isoform S 5'-ss usage through the 5'-CGGGCA-3' RNA sequence. Its association with LUC7 [...] 
kmeans	1	Red	#ff0000	353	RHEB	9606.ENSP00000262187	GTP-binding protein Rheb; Activates the protein kinase activity of mTORC1, and thereby plays a role in the regulation of apoptosis. Stimulates the phosphorylation of S6K1 and EIF4EBP1 through activation of mTORC1 signaling. Has low intrinsic GTPase activity.
kmeans	1	Red	#ff0000	353	RPGRIP1L	9606.ENSP00000493946	Protein fantom; Negatively regulates signaling through the G-protein coupled thromboxane A2 receptor (TBXA2R). May be involved in mechanisms like programmed cell death, craniofacial development, patterning of the limbs, and formation of the left-right axis (By similarity). Involved in the organization of apical junctions; the function is proposed to implicate a NPHP1-4-8 module. Does not seem to be strictly required for ciliogenesis. Involved in establishment of planar cell polarity such as in cochlear sensory epithelium and is proposed to implicate stabilization of disheveled proteins [...] 
kmeans	1	Red	#ff0000	353	RPL10	9606.ENSP00000413436	60S ribosomal protein L10; Component of the large ribosomal subunit. Plays a role in the formation of actively translating ribosomes. May play a role in the embryonic brain development.
kmeans	1	Red	#ff0000	353	RPL10A	9606.ENSP00000363018	60S ribosomal protein L10a; Component of the large ribosomal subunit.
kmeans	1	Red	#ff0000	353	RPL11	9606.ENSP00000496250	60S ribosomal protein L11; Component of the ribosome, a large ribonucleoprotein complex responsible for the synthesis of proteins in the cell. The small ribosomal subunit (SSU) binds messenger RNAs (mRNAs) and translates the encoded message by selecting cognate aminoacyl-transfer RNA (tRNA) molecules. The large subunit (LSU) contains the ribosomal catalytic site termed the peptidyl transferase center (PTC), which catalyzes the formation of peptide bonds, thereby polymerizing the amino acids delivered by tRNAs into a polypeptide chain. The nascent polypeptides leave the ribosome through [...] 
kmeans	1	Red	#ff0000	353	RPL15	9606.ENSP00000309334	Ribosomal protein L15.
kmeans	1	Red	#ff0000	353	RPL17	9606.ENSP00000463842	60S ribosomal protein L17; Component of the large ribosomal subunit. Belongs to the universal ribosomal protein uL22 family.
kmeans	1	Red	#ff0000	353	RPL18	9606.ENSP00000447001	60S ribosomal protein L18; Component of the large ribosomal subunit.
kmeans	1	Red	#ff0000	353	RPL18A	9606.ENSP00000222247	Ribosomal protein L18a; Belongs to the eukaryotic ribosomal protein eL20 family.
kmeans	1	Red	#ff0000	353	RPL19	9606.ENSP00000225430	Ribosomal protein L19; Belongs to the eukaryotic ribosomal protein eL19 family.
kmeans	1	Red	#ff0000	353	RPL27A	9606.ENSP00000346015	Ribosomal protein L27a; Belongs to the universal ribosomal protein uL15 family.
kmeans	1	Red	#ff0000	353	RPL28	9606.ENSP00000452763	60S ribosomal protein L28; Component of the large ribosomal subunit. Belongs to the eukaryotic ribosomal protein eL28 family.
kmeans	1	Red	#ff0000	353	RPL3	9606.ENSP00000346001	60S ribosomal protein L3; The L3 protein is a component of the large subunit of cytoplasmic ribosomes.
kmeans	1	Red	#ff0000	353	RPL30	9606.ENSP00000428085	Ribosomal protein L30.
kmeans	1	Red	#ff0000	353	RPL5	9606.ENSP00000359345	60S ribosomal protein L5; Component of the ribosome, a large ribonucleoprotein complex responsible for the synthesis of proteins in the cell. The small ribosomal subunit (SSU) binds messenger RNAs (mRNAs) and translates the encoded message by selecting cognate aminoacyl-transfer RNA (tRNA) molecules. The large subunit (LSU) contains the ribosomal catalytic site termed the peptidyl transferase center (PTC), which catalyzes the formation of peptide bonds, thereby polymerizing the amino acids delivered by tRNAs into a polypeptide chain. The nascent polypeptides leave the ribosome through  [...] 
kmeans	1	Red	#ff0000	353	RPL6	9606.ENSP00000403172	60S ribosomal protein L6; Component of the large ribosomal subunit. Belongs to the eukaryotic ribosomal protein eL6 family.
kmeans	1	Red	#ff0000	353	RPL7	9606.ENSP00000339795	60S ribosomal protein L7; Component of the large ribosomal subunit. Binds to G-rich structures in 28S rRNA and in mRNAs. Plays a regulatory role in the translation apparatus; inhibits cell-free translation of mRNAs.
kmeans	1	Red	#ff0000	353	RPL7A	9606.ENSP00000361076	Ribosomal protein L7a.
kmeans	1	Red	#ff0000	353	RPL8	9606.ENSP00000262584	60S ribosomal protein L8; Component of the large ribosomal subunit.
kmeans	1	Red	#ff0000	353	RPLP2	9606.ENSP00000431240	60S acidic ribosomal protein P2; Plays an important role in the elongation step of protein synthesis.
kmeans	1	Red	#ff0000	353	RPS11	9606.ENSP00000270625	Ribosomal protein S11; Belongs to the universal ribosomal protein uS17 family.
kmeans	1	Red	#ff0000	353	RPS13	9606.ENSP00000435777	Ribosomal protein S13.
kmeans	1	Red	#ff0000	353	RPS14	9606.ENSP00000385958	Ribosomal protein S14.
kmeans	1	Red	#ff0000	353	RPS15A	9606.ENSP00000318646	40S ribosomal protein S15a; Structural component of the ribosome. Required for proper erythropoiesis.
kmeans	1	Red	#ff0000	353	RPS17	9606.ENSP00000498019	Ribosomal protein S17.
kmeans	1	Red	#ff0000	353	RPS18	9606.ENSP00000393241	40S ribosomal protein S18; Located at the top of the head of the 40S subunit, it contacts several helices of the 18S rRNA.
kmeans	1	Red	#ff0000	353	RPS2	9606.ENSP00000341885	Ribosomal protein S2.
kmeans	1	Red	#ff0000	353	RPS20	9606.ENSP00000429374	Ribosomal protein S20.
kmeans	1	Red	#ff0000	353	RPS21	9606.ENSP00000345957	Ribosomal protein S21; Belongs to the eukaryotic ribosomal protein eS21 family.
kmeans	1	Red	#ff0000	353	RPS28	9606.ENSP00000472469	Ribosomal protein S28; Belongs to the eukaryotic ribosomal protein eS28 family.
kmeans	1	Red	#ff0000	353	RPS3A	9606.ENSP00000346050	40S ribosomal protein S3a; May play a role during erythropoiesis through regulation of transcription factor DDIT3; Belongs to the eukaryotic ribosomal protein eS1 family.
kmeans	1	Red	#ff0000	353	RPS4X	9606.ENSP00000362744	Ribosomal protein S4 X-linked; Belongs to the eukaryotic ribosomal protein eS4 family.
kmeans	1	Red	#ff0000	353	RPS6	9606.ENSP00000369757	40S ribosomal protein S6; May play an important role in controlling cell growth and proliferation through the selective translation of particular classes of mRNA; Belongs to the eukaryotic ribosomal protein eS6 family.
kmeans	1	Red	#ff0000	353	RPS6KA5	9606.ENSP00000479667	Ribosomal protein S6 kinase alpha-5; Serine/threonine-protein kinase that is required for the mitogen or stress-induced phosphorylation of the transcription factors CREB1 and ATF1 and for the regulation of the transcription factors RELA, STAT3 and ETV1/ER81, and that contributes to gene activation by histone phosphorylation and functions in the regulation of inflammatory genes. Phosphorylates CREB1 and ATF1 in response to mitogenic or stress stimuli such as UV-C irradiation, epidermal growth factor (EGF) and anisomycin. Plays an essential role in the control of RELA transcriptional act [...] 
kmeans	1	Red	#ff0000	353	RPS7	9606.ENSP00000495273	40S ribosomal protein S7; Required for rRNA maturation.
kmeans	1	Red	#ff0000	353	RPS9	9606.ENSP00000375632	Ribosomal protein S9.
kmeans	1	Red	#ff0000	353	RRAS2	9606.ENSP00000256196	Ras-related protein R-Ras2; It is a plasma membrane-associated GTP-binding protein with GTPase activity. Might transduce growth inhibitory signals across the cell membrane, exerting its effect through an effector shared with the Ras proteins but in an antagonistic fashion.
kmeans	1	Red	#ff0000	353	RUVBL1	9606.ENSP00000318297	RuvB-like 1; Possesses single-stranded DNA-stimulated ATPase and ATP- dependent DNA helicase (3' to 5') activity; hexamerization is thought to be critical for ATP hydrolysis and adjacent subunits in the ring- like structure contribute to the ATPase activity. Component of the NuA4 histone acetyltransferase complex which is involved in transcriptional activation of select genes principally by acetylation of nucleosomal histones H4 and H2A. This modification may both alter nucleosome-DNA interactions and promote interaction of the modified histones with other proteins which positively reg [...] 
kmeans	1	Red	#ff0000	353	RUVBL2	9606.ENSP00000473172	RuvB-like 2; Possesses single-stranded DNA-stimulated ATPase and ATP- dependent DNA helicase (5' to 3') activity; hexamerization is thought to be critical for ATP hydrolysis and adjacent subunits in the ring- like structure contribute to the ATPase activity. Component of the NuA4 histone acetyltransferase complex which is involved in transcriptional activation of select genes principally by acetylation of nucleosomal histones H4 and H2A. This modification may both alter nucleosome -DNA interactions and promote interaction of the modified histones with other proteins which positively re [...] 
kmeans	1	Red	#ff0000	353	S100A4	9606.ENSP00000357704	S100 calcium binding protein A4.
kmeans	1	Red	#ff0000	353	S100A8	9606.ENSP00000357721	Protein S100-A8; S100A8 is a calcium- and zinc-binding protein which plays a prominent role in the regulation of inflammatory processes and immune response. It can induce neutrophil chemotaxis and adhesion. Predominantly found as calprotectin (S100A8/A9) which has a wide plethora of intra- and extracellular functions. The intracellular functions include: facilitating leukocyte arachidonic acid trafficking and metabolism, modulation of the tubulin-dependent cytoskeleton during migration of phagocytes and activation of the neutrophilic NADPH- oxidase. Activates NADPH-oxidase by facilitat [...] 
kmeans	1	Red	#ff0000	353	S100A9	9606.ENSP00000357727	Protein S100-A9; S100A9 is a calcium- and zinc-binding protein which plays a prominent role in the regulation of inflammatory processes and immune response. It can induce neutrophil chemotaxis, adhesion, can increase the bactericidal activity of neutrophils by promoting phagocytosis via activation of SYK, PI3K/AKT, and ERK1/2 and can induce degranulation of neutrophils by a MAPK-dependent mechanism. Predominantly found as calprotectin (S100A8/A9) which has a wide plethora of intra- and extracellular functions. The intracellular functions include: facilitating leukocyte arachidonic acid [...] 
kmeans	1	Red	#ff0000	353	SEC61A1	9606.ENSP00000243253	Protein transport protein Sec61 subunit alpha isoform 1; Component of SEC61 channel-forming translocon complex that mediates transport of signal peptide-containing precursor polypeptides across endoplasmic reticulum (ER). Forms a ribosome receptor and a gated pore in the ER membrane, both functions required for cotranslational translocation of nascent polypeptides. May cooperate with auxiliary protein SEC62, SEC63 and HSPA5/BiP to enable post-translational transport of small presecretory proteins. Controls the passive efflux of calcium ions from the ER lumen to the cytosol through SEC6 [...] 
kmeans	1	Red	#ff0000	353	SEC61B	9606.ENSP00000223641	Protein transport protein Sec61 subunit beta; Component of SEC61 channel-forming translocon complex that mediates transport of signal peptide-containing precursor polypeptides across endoplasmic reticulum (ER) (By similarity). Required for PKD1/Polycystin-1 biogenesis (By similarity).
kmeans	1	Red	#ff0000	353	SELPLG	9606.ENSP00000228463	P-selectin glycoprotein ligand 1; A SLe(x)-type proteoglycan, which through high affinity, calcium-dependent interactions with E-, P- and L-selectins, mediates rapid rolling of leukocytes over vascular surfaces during the initial steps in inflammation. Critical for the initial leukocyte capture.
kmeans	1	Red	#ff0000	353	SF3A3	9606.ENSP00000362110	Splicing factor 3A subunit 3; Involved in pre-mRNA splicing as a component of the splicing factor SF3A complex that contributes to the assembly of the 17S U2 snRNP, and the subsequent assembly of the pre-spliceosome 'E' complex and the pre-catalytic spliceosome 'A' complex. Involved in pre-mRNA splicing as a component of pre-catalytic spliceosome 'B' complexes.
kmeans	1	Red	#ff0000	353	SF3B3	9606.ENSP00000305790	Splicing factor 3B subunit 3; Involved in pre-mRNA splicing as a component of the splicing factor SF3B complex, a constituent of the spliceosome. SF3B complex is required for 'A' complex assembly formed by the stable binding of U2 snRNP to the branchpoint sequence (BPS) in pre-mRNA. Sequence independent binding of SF3A/SF3B complex upstream of the branch site is essential, it may anchor U2 snRNP to the pre-mRNA. May also be involved in the assembly of the 'E' complex. Belongs also to the minor U12-dependent spliceosome, which is involved in the splicing of rare class of nuclear pre-mRN [...] 
kmeans	1	Red	#ff0000	353	SHANK2	9606.ENSP00000345193	SH3 and multiple ankyrin repeat domains protein 2; Seems to be an adapter protein in the postsynaptic density (PSD) of excitatory synapses that interconnects receptors of the postsynaptic membrane including NMDA-type and metabotropic glutamate receptors, and the actin-based cytoskeleton. May play a role in the structural and functional organization of the dendritic spine and synaptic junction.
kmeans	1	Red	#ff0000	353	SHMT2	9606.ENSP00000333667	Serine hydroxymethyltransferase, mitochondrial; Catalyzes the cleavage of serine to glycine accompanied with the production of 5,10-methylenetetrahydrofolate, an essential intermediate for purine biosynthesis. Serine provides the major source of folate one-carbon in cells by catalyzing the transfer of one carbon from serine to tetrahydrofolate. Contributes to the de novo mitochondrial thymidylate biosynthesis pathway via its role in glycine and tetrahydrofolate metabolism: thymidylate biosynthesis is required to prevent uracil accumulation in mtDNA. Also required for mitochondrial tran [...] 
kmeans	1	Red	#ff0000	353	SLC25A4	9606.ENSP00000281456	ADP/ATP translocase 1; Involved in mitochondrial ADP/ATP transport. Catalyzes the exchange of cytoplasmic ADP with mitochondrial ATP across the mitochondrial inner membrane.
kmeans	1	Red	#ff0000	353	SNRNP200	9606.ENSP00000317123	U5 small nuclear ribonucleoprotein 200 kDa helicase; Plays role in pre-mRNA splicing as core component of precatalytic, catalytic and postcatalytic spliceosomal complexes. Involved in spliceosome assembly, activation and disassembly. Mediates changes in the dynamic network of RNA-RNA interactions in the spliceosome. Catalyzes the ATP-dependent unwinding of U4/U6 RNA duplices, an essential step in the assembly of a catalytically active spliceosome.
kmeans	1	Red	#ff0000	353	SNRNP70	9606.ENSP00000472998	U1 small nuclear ribonucleoprotein 70 kDa; Component of the spliceosomal U1 snRNP, which is essential for recognition of the pre-mRNA 5' splice-site and the subsequent assembly of the spliceosome. SNRNP70 binds to the loop I region of U1-snRNA. [Isoform 4]: Truncated isoforms that lack the RRM domain cannot bind U1-snRNA.
kmeans	1	Red	#ff0000	353	SNRPD3	9606.ENSP00000215829	Small nuclear ribonucleoprotein Sm D3; Plays role in pre-mRNA splicing as core component of the SMN- Sm complex that mediates spliceosomal snRNP assembly and as component of the spliceosomal U1, U2, U4 and U5 small nuclear ribonucleoproteins (snRNPs), the building blocks of the spliceosome. Component of both the pre-catalytic spliceosome B complex and activated spliceosome C complexes. Is also a component of the minor U12 spliceosome. As part of the U7 snRNP it is involved in histone pre-mRNA 3'-end processing (By similarity).
kmeans	1	Red	#ff0000	353	SORD	9606.ENSP00000267814	Sorbitol dehydrogenase; Polyol dehydrogenase that catalyzes the reversible NAD(+)- dependent oxidation of various sugar alcohols. Is mostly active with D- sorbitol (D-glucitol), L-threitol, xylitol and ribitol as substrates, leading to the C2-oxidized products D-fructose, L-erythrulose, D- xylulose, and D-ribulose, respectively. Is a key enzyme in the polyol pathway that interconverts glucose and fructose via sorbitol, which constitutes an important alternate route for glucose metabolism. The polyol pathway is believed to be involved in the etiology of diabetic complications, such as d [...] 
kmeans	1	Red	#ff0000	353	SP100	9606.ENSP00000343023	Nuclear autoantigen Sp-100; Together with PML, this tumor suppressor is a major constituent of the PML bodies, a subnuclear organelle involved in a large number of physiological processes including cell growth, differentiation and apoptosis. Functions as a transcriptional coactivator of ETS1 and ETS2 according to. Under certain conditions, it may also act as a corepressor of ETS1 preventing its binding to DNA according to. Through the regulation of ETS1 it may play a role in angiogenesis, controlling endothelial cell motility and invasion. Through interaction with the MRN complex it ma [...] 
kmeans	1	Red	#ff0000	353	SPR	9606.ENSP00000234454	Sepiapterin reductase; Catalyzes the final one or two reductions in tetra- hydrobiopterin biosynthesis to form 5,6,7,8-tetrahydrobiopterin; Belongs to the sepiapterin reductase family.
kmeans	1	Red	#ff0000	353	SRSF1	9606.ENSP00000258962	Serine/arginine-rich splicing factor 1; Plays a role in preventing exon skipping, ensuring the accuracy of splicing and regulating alternative splicing. Interacts with other spliceosomal components, via the RS domains, to form a bridge between the 5'- and 3'-splice site binding components, U1 snRNP and U2AF. Can stimulate binding of U1 snRNP to a 5'-splice site- containing pre-mRNA. Binds to purine-rich RNA sequences, either the octamer, 5'-RGAAGAAC-3' (r=A or G) or the decamers, AGGACAGAGC/AGGACGAAGC. Binds preferentially to the 5'-CGAGGCG-3' motif in vitro. Three copies of the octame [...] 
kmeans	1	Red	#ff0000	353	SRSF10	9606.ENSP00000420195	Serine/arginine-rich splicing factor 10; Splicing factor that in its dephosphorylated form acts as a general repressor of pre-mRNA splicing. Seems to interfere with the U1 snRNP 5'-splice recognition of SNRNP70. Required for splicing repression in M-phase cells and after heat shock. Also acts as a splicing factor that specifically promotes exon skipping during alternative splicing. Interaction with YTHDC1, a RNA-binding protein that recognizes and binds N6-methyladenosine (m6A)-containing RNAs, prevents SRSF10 from binding to its mRNA-binding sites close to m6A-containing regions, lead [...] 
kmeans	1	Red	#ff0000	353	SRSF3	9606.ENSP00000362820	Serine/arginine-rich splicing factor 3; Splicing factor that specifically promotes exon-inclusion during alternative splicing. Interaction with YTHDC1, a RNA-binding protein that recognizes and binds N6-methyladenosine (m6A)-containing RNAs, promotes recruitment of SRSF3 to its mRNA- binding elements adjacent to m6A sites, leading to exon-inclusion during alternative splicing. Also functions as export adapter involved in mRNA nuclear export. Binds mRNA which is thought to be transferred to the NXF1-NXT1 heterodimer for export (TAP/NXF1 pathway); enhances NXF1-NXT1 RNA-binding activity. [...] 
kmeans	1	Red	#ff0000	353	SRSF7	9606.ENSP00000325905	Serine/arginine-rich splicing factor 7; Required for pre-mRNA splicing. Can also modulate alternative splicing in vitro. Represses the splicing of MAPT/Tau exon 10. May function as export adapter involved in mRNA nuclear export such as of histone H2A. Binds mRNA which is thought to be transferred to the NXF1- NXT1 heterodimer for export (TAP/NXF1 pathway); enhances NXF1-NXT1 RNA- binding activity. RNA-binding is semi-sequence specific.
kmeans	1	Red	#ff0000	353	SSR1	9606.ENSP00000244763	Translocon-associated protein subunit alpha; TRAP proteins are part of a complex whose function is to bind calcium to the ER membrane and thereby regulate the retention of ER resident proteins. May be involved in the recycling of the translocation apparatus after completion of the translocation process or may function as a membrane-bound chaperone facilitating folding of translocated proteins.
kmeans	1	Red	#ff0000	353	ST13	9606.ENSP00000216218	Hsc70-interacting protein; One HIP oligomer binds the ATPase domains of at least two HSC70 molecules dependent on activation of the HSC70 ATPase by HSP40. Stabilizes the ADP state of HSC70 that has a high affinity for substrate protein. Through its own chaperone activity, it may contribute to the interaction of HSC70 with various target proteins (By similarity); Belongs to the FAM10 family.
kmeans	1	Red	#ff0000	353	SUCLG2	9606.ENSP00000419325	Succinate--CoA ligase [GDP-forming] subunit beta, mitochondrial; GTP-specific succinyl-CoA synthetase functions in the citric acid cycle (TCA), coupling the hydrolysis of succinyl-CoA to the synthesis of GTP and thus represents the only step of substrate-level phosphorylation in the TCA. The beta subunit provides nucleotide specificity of the enzyme and binds the substrate succinate, while the binding sites for coenzyme A and phosphate are found in the alpha subunit.
kmeans	1	Red	#ff0000	353	SYK	9606.ENSP00000364898	Tyrosine-protein kinase SYK; Non-receptor tyrosine kinase which mediates signal transduction downstream of a variety of transmembrane receptors including classical immunoreceptors like the B-cell receptor (BCR). Regulates several biological processes including innate and adaptive immunity, cell adhesion, osteoclast maturation, platelet activation and vascular development. Assembles into signaling complexes with activated receptors at the plasma membrane via interaction between its SH2 domains and the receptor tyrosine-phosphorylated ITAM domains. The association with the receptor can a [...] 
kmeans	1	Red	#ff0000	353	TARS1	9606.ENSP00000387710	Threonine--tRNA ligase 1, cytoplasmic; Catalyzes the attachment of threonine to tRNA(Thr) in a two- step reaction: threonine is first activated by ATP to form Thr-AMP and then transferred to the acceptor end of tRNA(Thr). Also edits incorrectly charged tRNA(Thr) via its editing domain, at the post-transfer stage (By similarity); Belongs to the class-II aminoacyl-tRNA synthetase family.
kmeans	1	Red	#ff0000	353	TBCD	9606.ENSP00000347719	Tubulin-specific chaperone D; Tubulin-folding protein implicated in the first step of the tubulin folding pathway and required for tubulin complex assembly. Involved in the regulation of microtubule polymerization or depolymerization, it modulates microtubule dynamics by capturing GTP- bound beta-tubulin (TUBB). Its ability to interact with beta tubulin is regulated via its interaction with ARL2. Acts as a GTPase-activating protein (GAP) for ARL2. Induces microtubule disruption in absence of ARL2. Increases degradation of beta tubulin, when overexpressed in polarized cells. Promotes ep [...] 
kmeans	1	Red	#ff0000	353	TCP1	9606.ENSP00000317334	T-complex protein 1 subunit alpha; Component of the chaperonin-containing T-complex (TRiC), a molecular chaperone complex that assists the folding of proteins upon ATP hydrolysis. The TRiC complex mediates the folding of WRAP53/TCAB1, thereby regulating telomere maintenance. As part of the TRiC complex may play a role in the assembly of BBSome, a complex involved in ciliogenesis regulating transports vesicles to the cilia. The TRiC complex plays a role in the folding of actin and tubulin (Probable).
kmeans	1	Red	#ff0000	353	TECR	9606.ENSP00000215567	Very-long-chain enoyl-CoA reductase; Involved in both the production of very long-chain fatty acids for sphingolipid synthesis and the degradation of the sphingosine moiety in sphingolipids through the sphingosine 1-phosphate metabolic pathway. Catalyzes the last of the four reactions of the long-chain fatty acids elongation cycle. This endoplasmic reticulum-bound enzymatic process, allows the addition of 2 carbons to the chain of long- and very long-chain fatty acids/VLCFAs per cycle. This enzyme reduces the trans-2,3-enoyl- CoA fatty acid intermediate to an acyl-CoA that can be furth [...] 
kmeans	1	Red	#ff0000	353	TELO2	9606.ENSP00000262319	Telomere length regulation protein TEL2 homolog; Regulator of the DNA damage response (DDR). Part of the TTT complex that is required to stabilize protein levels of the phosphatidylinositol 3-kinase-related protein kinase (PIKK) family proteins. The TTT complex is involved in the cellular resistance to DNA damage stresses, like ionizing radiation (IR), ultraviolet (UV) and mitomycin C (MMC). Together with the TTT complex and HSP90 may participate in the proper folding of newly synthesized PIKKs. Promotes assembly, stabilizes and maintains the activity of mTORC1 and mTORC2 complexes, wh [...] 
kmeans	1	Red	#ff0000	353	TIMP2	9606.ENSP00000262768	Metalloproteinase inhibitor 2; Complexes with metalloproteinases (such as collagenases) and irreversibly inactivates them by binding to their catalytic zinc cofactor. Known to act on MMP-1, MMP-2, MMP-3, MMP-7, MMP-8, MMP-9, MMP-10, MMP-13, MMP-14, MMP-15, MMP-16 and MMP-19. Belongs to the protease inhibitor I35 (TIMP) family.
kmeans	1	Red	#ff0000	353	TJP1	9606.ENSP00000348416	Tight junction protein ZO-1; TJP1, TJP2, and TJP3 are closely related scaffolding proteins that link tight junction (TJ) transmembrane proteins such as claudins, junctional adhesion molecules, and occludin to the actin cytoskeleton. The tight junction acts to limit movement of substances through the paracellular space and as a boundary between the compositionally distinct apical and basolateral plasma membrane domains of epithelial and endothelial cells. Necessary for lumenogenesis, and particularly efficient epithelial polarization and barrier formation (By similarity). Plays a role i [...] 
kmeans	1	Red	#ff0000	353	TMEM231	9606.ENSP00000258173	Transmembrane protein 231; Transmembrane component of the tectonic-like complex, a complex localized at the transition zone of primary cilia and acting as a barrier that prevents diffusion of transmembrane proteins between the cilia and plasma membranes. Required for ciliogenesis and sonic hedgehog/SHH signaling (By similarity).
kmeans	1	Red	#ff0000	353	TMEM67	9606.ENSP00000389998	Meckelin; Required for ciliary structure and function. Part of the tectonic-like complex which is required for tissue-specific ciliogenesis and may regulate ciliary membrane composition (By similarity). Involved in centrosome migration to the apical cell surface during early ciliogenesis. Involved in the regulation of cilia length and appropriate number through the control of centrosome duplication. Required for cell branching morphology. Essential for endoplasmic reticulum-associated degradation (ERAD) of surfactant protein C (SFTPC).
kmeans	1	Red	#ff0000	353	TNFSF10	9606.ENSP00000241261	Tumor necrosis factor ligand superfamily member 10; Cytokine that binds to TNFRSF10A/TRAILR1, TNFRSF10B/TRAILR2, TNFRSF10C/TRAILR3, TNFRSF10D/TRAILR4 and possibly also to TNFRSF11B/OPG. Induces apoptosis. Its activity may be modulated by binding to the decoy receptors TNFRSF10C/TRAILR3, TNFRSF10D/TRAILR4 and TNFRSF11B/OPG that cannot induce apoptosis. Belongs to the tumor necrosis factor family.
kmeans	1	Red	#ff0000	353	TPI1	9606.ENSP00000229270	Triosephosphate isomerase; Triosephosphate isomerase is an extremely efficient metabolic enzyme that catalyzes the interconversion between dihydroxyacetone phosphate (DHAP) and D-glyceraldehyde-3-phosphate (G3P) in glycolysis and gluconeogenesis.
kmeans	1	Red	#ff0000	353	TRADD	9606.ENSP00000341268	Tumor necrosis factor receptor type 1-associated DEATH domain protein; The nuclear form acts as a tumor suppressor by preventing ubiquitination and degradation of isoform p19ARF/ARF of CDKN2A by TRIP12: acts by interacting with TRIP12, leading to disrupt interaction between TRIP12 and isoform p19ARF/ARF of CDKN2A (By similarity). Adapter molecule for TNFRSF1A/TNFR1 that specifically associates with the cytoplasmic domain of activated TNFRSF1A/TNFR1 mediating its interaction with FADD. Overexpression of TRADD leads to two major TNF- induced responses, apoptosis and activation of NF-kappa-B.
kmeans	1	Red	#ff0000	353	TUBA3D	9606.ENSP00000326042	Detyrosinated tubulin alpha-3C chain; Tubulin is the major constituent of microtubules. It binds two moles of GTP, one at an exchangeable site on the beta chain and one at a non-exchangeable site on the alpha chain.
kmeans	1	Red	#ff0000	353	TUBB	9606.ENSP00000339001	Tubulin beta chain; Tubulin is the major constituent of microtubules. It binds two moles of GTP, one at an exchangeable site on the beta chain and one at a non-exchangeable site on the alpha chain.
kmeans	1	Red	#ff0000	353	TUBB2A	9606.ENSP00000369703	Tubulin beta-2A chain; Tubulin is the major constituent of microtubules. It binds two moles of GTP, one at an exchangeable site on the beta chain and one at a non-exchangeable site on the alpha chain (By similarity).
kmeans	1	Red	#ff0000	353	TYMP	9606.ENSP00000379038	Thymidine phosphorylase; May have a role in maintaining the integrity of the blood vessels. Has growth promoting activity on endothelial cells, angiogenic activity in vivo and chemotactic activity on endothelial cells in vitro.
kmeans	1	Red	#ff0000	353	U2AF1	9606.ENSP00000291552	Splicing factor U2AF 35 kDa subunit; Plays a critical role in both constitutive and enhancer- dependent splicing by mediating protein-protein interactions and protein-RNA interactions required for accurate 3'-splice site selection. Recruits U2 snRNP to the branch point. Directly mediates interactions between U2AF2 and proteins bound to the enhancers and thus may function as a bridge between U2AF2 and the enhancer complex to recruit it to the adjacent intron.
kmeans	1	Red	#ff0000	353	UBE2N	9606.ENSP00000316176	Ubiquitin-conjugating enzyme E2 N; The UBE2V1-UBE2N and UBE2V2-UBE2N heterodimers catalyze the synthesis of non-canonical 'Lys-63'-linked polyubiquitin chains. This type of polyubiquitination does not lead to protein degradation by the proteasome. Mediates transcriptional activation of target genes. Plays a role in the control of progress through the cell cycle and differentiation. Plays a role in the error-free DNA repair pathway and contributes to the survival of cells after DNA damage. Acts together with the E3 ligases, HLTF and SHPRH, in the 'Lys-63'-linked poly- ubiquitination of  [...] 
kmeans	1	Red	#ff0000	353	UBXN2B	9606.ENSP00000382507	UBX domain-containing protein 2B; Adapter protein required for Golgi and endoplasmic reticulum biogenesis. Involved in Golgi and endoplasmic reticulum maintenance during interphase and in their reassembly at the end of mitosis. The complex formed with VCP has membrane fusion activity; membrane fusion activity requires USO1-GOLGA2 tethering and BET1L. VCPIP1 is also required, but not its deubiquitinating activity. Together with NSFL1C/p47, regulates the centrosomal levels of kinase AURKA/Aurora A during mitotic progression by promoting AURKA removal from centrosomes in prophase. Also, r [...] 
kmeans	1	Red	#ff0000	353	UCHL5	9606.ENSP00000356421	Ubiquitin carboxyl-terminal hydrolase isozyme L5; Protease that specifically cleaves 'Lys-48'-linked polyubiquitin chains. Deubiquitinating enzyme associated with the 19S regulatory subunit of the 26S proteasome. Putative regulatory component of the INO80 complex; however is inactive in the INO80 complex and is activated by a transient interaction of the INO80 complex with the proteasome via ADRM1.
kmeans	1	Red	#ff0000	353	UQCRB	9606.ENSP00000430494	Cytochrome b-c1 complex subunit 7; Component of the ubiquinol-cytochrome c oxidoreductase, a multisubunit transmembrane complex that is part of the mitochondrial electron transport chain which drives oxidative phosphorylation. The respiratory chain contains 3 multisubunit complexes succinate dehydrogenase (complex II, CII), ubiquinol-cytochrome c oxidoreductase (cytochrome b-c1 complex, complex III, CIII) and cytochrome c oxidase (complex IV, CIV), that cooperate to transfer electrons derived from NADH and succinate to molecular oxygen, creating an electrochemical gradient over the inn [...] 
kmeans	1	Red	#ff0000	353	USP39	9606.ENSP00000312981	U4/U6.U5 tri-snRNP-associated protein 2; Plays a role in pre-mRNA splicing as a component of the U4/U6-U5 tri-snRNP, one of the building blocks of the precatalytic spliceosome. Regulates AURKB mRNA levels, and thereby plays a role in cytokinesis and in the spindle checkpoint. Does not have ubiquitin-specific peptidase activity.
kmeans	1	Red	#ff0000	353	VARS1	9606.ENSP00000364815	Valine--tRNA ligase; valyl-tRNA synthetase 1; Belongs to the class-I aminoacyl-tRNA synthetase family.
kmeans	1	Red	#ff0000	353	VCP	9606.ENSP00000351777	Transitional endoplasmic reticulum ATPase; Necessary for the fragmentation of Golgi stacks during mitosis and for their reassembly after mitosis. Involved in the formation of the transitional endoplasmic reticulum (tER). The transfer of membranes from the endoplasmic reticulum to the Golgi apparatus occurs via 50-70 nm transition vesicles which derive from part-rough, part-smooth transitional elements of the endoplasmic reticulum (tER). Vesicle budding from the tER is an ATP-dependent process. The ternary complex containing UFD1, VCP and NPLOC4 binds ubiquitinated proteins and is neces [...] 
kmeans	1	Red	#ff0000	353	WDR77	9606.ENSP00000235090	Methylosome protein 50; Non-catalytic component of the methylosome complex, composed of PRMT5, WDR77 and CLNS1A, which modifies specific arginines to dimethylarginines in several spliceosomal Sm proteins and histones. This modification targets Sm proteins to the survival of motor neurons (SMN) complex for assembly into small nuclear ribonucleoprotein core particles. Might play a role in transcription regulation. The methylosome complex also methylates the Piwi proteins (PIWIL1, PIWIL2 and PIWIL4), methylation of Piwi proteins being required for the interaction with Tudor domain-contain [...] 
kmeans	1	Red	#ff0000	353	XRCC5	9606.ENSP00000375978	X-ray repair cross-complementing protein 5; Single-stranded DNA-dependent ATP-dependent helicase. Has a role in chromosome translocation. The DNA helicase II complex binds preferentially to fork-like ends of double-stranded DNA in a cell cycle-dependent manner. It works in the 3'-5' direction. Binding to DNA may be mediated by XRCC6. Involved in DNA non-homologous end joining (NHEJ) required for double-strand break repair and V(D)J recombination. The XRCC5/6 dimer acts as regulatory subunit of the DNA-dependent protein kinase complex DNA-PK by increasing the affinity of the catalytic s [...] 
kmeans	1	Red	#ff0000	353	XRCC6	9606.ENSP00000352257	X-ray repair cross-complementing protein 6; Single-stranded DNA-dependent ATP-dependent helicase. Has a role in chromosome translocation. The DNA helicase II complex binds preferentially to fork-like ends of double-stranded DNA in a cell cycle-dependent manner. It works in the 3'-5' direction. Binding to DNA may be mediated by XRCC6. Involved in DNA non-homologous end joining (NHEJ) required for double-strand break repair and V(D)J recombination. The XRCC5/6 dimer acts as regulatory subunit of the DNA-dependent protein kinase complex DNA-PK by increasing the affinity of the catalytic s [...] 
kmeans	1	Red	#ff0000	353	YBX1	9606.ENSP00000361626	Y-box-binding protein 1; DNA- and RNA-binding protein involved in various processes, such as translational repression, RNA stabilization, mRNA splicing, DNA repair and transcription regulation. Predominantly acts as a RNA-binding protein: binds preferentially to the 5'-[CU]CUGCG-3' RNA motif and specifically recognizes mRNA transcripts modified by C5-methylcytosine (m5C). Promotes mRNA stabilization: acts by binding to m5C- containing mRNAs and recruiting the mRNA stability maintainer ELAVL1, thereby preventing mRNA decay. Component of the CRD-mediated complex that promotes MYC mRNA st [...] 
kmeans	1	Red	#ff0000	353	YOD1	9606.ENSP00000326813	Ubiquitin thioesterase OTU1; Hydrolase that can remove conjugated ubiquitin from proteins and participates in endoplasmic reticulum-associated degradation (ERAD) for misfolded lumenal proteins. May act by triming the ubiquitin chain on the associated substrate to facilitate their threading through the VCP/p97 pore. Ubiquitin moieties on substrates may present a steric impediment to the threading process when the substrate is transferred to the VCP pore and threaded through VCP's axial channel. Mediates deubiquitination of 'Lys-27'-, 'Lys-29'- and 'Lys-33'-linked polyubiquitin chains. A [...] 
kmeans	2	Salmon	#ff7865	14	AGFG1	9606.ENSP00000387282	Arf-GAP domain and FG repeat-containing protein 1; Required for vesicle docking or fusion during acrosome biogenesis (By similarity). May play a role in RNA trafficking or localization. In case of infection by HIV-1, acts as a cofactor for viral Rev and promotes movement of Rev-responsive element-containing RNAs from the nuclear periphery to the cytoplasm. This step is essential for HIV-1 replication.
kmeans	2	Salmon	#ff7865	14	CERT1	9606.ENSP00000383996	Ceramide transfer protein; Shelters ceramides and diacylglycerol lipids inside its START domain and mediates the intracellular trafficking of ceramides and diacylglycerol lipids in a non-vesicular manner.
kmeans	2	Salmon	#ff7865	14	OSBP	9606.ENSP00000263847	Oxysterol-binding protein 1; Lipid transporter involved in lipid countertransport between the Golgi complex and membranes of the endoplasmic reticulum: specifically exchanges sterol with phosphatidylinositol 4-phosphate (PI4P), delivering sterol to the Golgi in exchange for PI4P, which is degraded by the SAC1/SACM1L phosphatase in the endoplasmic reticulum. Binds cholesterol and a range of oxysterols including 25-hydroxycholesterol. Cholesterol binding promotes the formation of a complex with PP2A and a tyrosine phosphatase which dephosphorylates ERK1/2, whereas 25- hydroxycholesterol  [...] 
kmeans	2	Salmon	#ff7865	14	RAB27A	9606.ENSP00000379601	Ras-related protein Rab-27A; Small GTPase which cycles between active GTP-bound and inactive GDP-bound states. In its active state, binds to a variety of effector proteins to regulate homeostasis of late endocytic pathway, including endosomal positioning, maturation and secretion. Plays a role in cytotoxic granule exocytosis in lymphocytes. Required for both granule maturation and granule docking and priming at the immunologic synapse.
kmeans	2	Salmon	#ff7865	14	SNAP23	9606.ENSP00000249647	Synaptosomal-associated protein 23; Essential component of the high affinity receptor for the general membrane fusion machinery and an important regulator of transport vesicle docking and fusion; Belongs to the SNAP-25 family.
kmeans	2	Salmon	#ff7865	14	STX11	9606.ENSP00000356540	Syntaxin-11; SNARE that acts to regulate protein transport between late endosomes and the trans-Golgi network.
kmeans	2	Salmon	#ff7865	14	STX12	9606.ENSP00000363054	Syntaxin-12; SNARE that acts to regulate protein transport between late endosomes and the trans-Golgi network. The SNARE complex containing STX6, STX12, VAMP4 and VTI1A mediates vesicle fusion (in vitro) (By similarity). Through complex formation with GRIP1, GRIA2 and NSG1 controls the intracellular fate of AMPAR and the endosomal sorting of the GRIA2 subunit toward recycling and membrane targeting (By similarity); Belongs to the syntaxin family.
kmeans	2	Salmon	#ff7865	14	STX3	9606.ENSP00000338562	Syntaxin-3; Potentially involved in docking of synaptic vesicles at presynaptic active zones.
kmeans	2	Salmon	#ff7865	14	STXBP1	9606.ENSP00000362399	Syntaxin-binding protein 1; Participates in the regulation of synaptic vesicle docking and fusion through interaction with GTP-binding proteins (By similarity). Essential for neurotransmission and binds syntaxin, a component of the synaptic vesicle fusion machinery probably in a 1:1 ratio. Can interact with syntaxins 1, 2, and 3 but not syntaxin 4. May play a role in determining the specificity of intracellular fusion reactions.
kmeans	2	Salmon	#ff7865	14	UNC13D	9606.ENSP00000207549	Protein unc-13 homolog D; Plays a role in cytotoxic granule exocytosis in lymphocytes. Required for both granule maturation and granule docking and priming at the immunologic synapse. Regulates assembly of recycling and late endosomal structures, leading to the formation of an endosomal exocytic compartment that fuses with perforin-containing granules at the immunologic synapse and licences them for exocytosis. Regulates Ca(2+)- dependent secretory lysosome exocytosis in mast cells.
kmeans	2	Salmon	#ff7865	14	VAMP2	9606.ENSP00000418572	Vesicle-associated membrane protein 2; Involved in the targeting and/or fusion of transport vesicles to their target membrane. Modulates the gating characteristics of the delayed rectifier voltage-dependent potassium channel KCNB1. Belongs to the synaptobrevin family.
kmeans	2	Salmon	#ff7865	14	VAMP7	9606.ENSP00000262640	Vesicle-associated membrane protein 7; Involved in the targeting and/or fusion of transport vesicles to their target membrane during transport of proteins from the early endosome to the lysosome. Required for heterotypic fusion of late endosomes with lysosomes and homotypic lysosomal fusion. Required for calcium regulated lysosomal exocytosis. Involved in the export of chylomicrons from the endoplasmic reticulum to the cis Golgi. Required for exocytosis of mediators during eosinophil and neutrophil degranulation, and target cell killing by natural killer cells. Required for focal exocy [...] 
kmeans	2	Salmon	#ff7865	14	VAPA	9606.ENSP00000345656	Vesicle-associated membrane protein-associated protein A; Binds to OSBPL3, which mediates recruitment of VAPA to plasma membrane sites. The ORP3-VAPA complex stimulates RRAS signaling which in turn attenuates integrin beta-1 (ITGB1) activation at the cell surface. With OSBPL3, may regulate ER morphology. May play a role in vesicle trafficking.
kmeans	2	Salmon	#ff7865	14	VTI1B	9606.ENSP00000450731	Vesicle transport through interaction with t-SNAREs homolog 1B; V-SNARE that mediates vesicle transport pathways through interactions with t-SNAREs on the target membrane. These interactions are proposed to mediate aspects of the specificity of vesicle trafficking and to promote fusion of the lipid bilayers. May be concerned with increased secretion of cytokines associated with cellular senescence; Belongs to the VTI1 family.
kmeans	3	Fire Brick	#b22a00	10	C4A	9606.ENSP00000396688	Complement C4-A alpha chain; Non-enzymatic component of C3 and C5 convertases and thus essential for the propagation of the classical complement pathway. Covalently binds to immunoglobulins and immune complexes and enhances the solubilization of immune aggregates and the clearance of IC through CR1 on erythrocytes. C4A isotype is responsible for effective binding to form amide bonds with immune aggregates or protein antigens, while C4B isotype catalyzes the transacylation of the thioester carbonyl group to form ester bonds with carbohydrate antigens.
kmeans	3	Fire Brick	#b22a00	10	C4B	9606.ENSP00000415941	Complement C4-B alpha chain; Non-enzymatic component of the C3 and C5 convertases and thus essential for the propagation of the classical complement pathway. Covalently binds to immunoglobulins and immune complexes and enhances the solubilization of immune aggregates and the clearance of IC through CR1 on erythrocytes. C4A isotype is responsible for effective binding to form amide bonds with immune aggregates or protein antigens, while C4B isotype catalyzes the transacylation of the thioester carbonyl group to form ester bonds with carbohydrate antigens.
kmeans	3	Fire Brick	#b22a00	10	C6	9606.ENSP00000263413	Complement component C6; Constituent of the membrane attack complex (MAC) that plays a key role in the innate and adaptive immune response by forming pores in the plasma membrane of target cells.
kmeans	3	Fire Brick	#b22a00	10	C8A	9606.ENSP00000354458	Complement component C8 alpha chain; Constituent of the membrane attack complex (MAC) that plays a key role in the innate and adaptive immune response by forming pores in the plasma membrane of target cells. C8A inserts into the target membrane, but does not form pores by itself. Belongs to the complement C6/C7/C8/C9 family.
kmeans	3	Fire Brick	#b22a00	10	C8B	9606.ENSP00000360281	Complement component C8 beta chain; Constituent of the membrane attack complex (MAC) that plays a key role in the innate and adaptive immune response by forming pores in the plasma membrane of target cells; Belongs to the complement C6/C7/C8/C9 family.
kmeans	3	Fire Brick	#b22a00	10	CD46	9606.ENSP00000313875	Membrane cofactor protein; Acts as a cofactor for complement factor I, a serine protease which protects autologous cells against complement-mediated injury by cleaving C3b and C4b deposited on host tissue. May be involved in the fusion of the spermatozoa with the oocyte during fertilization. Also acts as a costimulatory factor for T-cells which induces the differentiation of CD4+ into T-regulatory 1 cells. T-regulatory 1 cells suppress immune responses by secreting interleukin-10, and therefore are thought to prevent autoimmunity. (Microbial infection) Acts as a receptor for Adenovirus [...] 
kmeans	3	Fire Brick	#b22a00	10	CD59	9606.ENSP00000498879	CD59 glycoprotein; Potent inhibitor of the complement membrane attack complex (MAC) action. Acts by binding to the C8 and/or C9 complements of the assembling MAC, thereby preventing incorporation of the multiple copies of C9 required for complete formation of the osmolytic pore. This inhibitor appears to be species-specific. Involved in signal transduction for T-cell activation complexed to a protein tyrosine kinase.
kmeans	3	Fire Brick	#b22a00	10	CFH	9606.ENSP00000356399	Complement factor H; Glycoprotein that plays an essential role in maintaining a well-balanced immune response by modulating complement activation. Acts as a soluble inhibitor of complement, where its binding to self markers such as glycan structures prevents complement activation and amplification on cell surfaces. Accelerates the decay of the complement alternative pathway (AP) C3 convertase C3bBb, thus preventing local formation of more C3b, the central player of the complement amplification loop. As a cofactor of the serine protease factor I, CFH also regulates proteolytic degradati [...] 
kmeans	3	Fire Brick	#b22a00	10	CRP	9606.ENSP00000255030	C-reactive protein(1-205); Displays several functions associated with host defense: it promotes agglutination, bacterial capsular swelling, phagocytosis and complement fixation through its calcium-dependent binding to phosphorylcholine. Can interact with DNA and histones and may scavenge nuclear material released from damaged circulating cells.
kmeans	3	Fire Brick	#b22a00	10	PROS1	9606.ENSP00000377783	Vitamin K-dependent protein S; Anticoagulant plasma protein; it is a cofactor to activated protein C in the degradation of coagulation factors Va and VIIIa. It helps to prevent coagulation and stimulating fibrinolysis.
kmeans	4	Brown	#ff9d65	8	AP1G1	9606.ENSP00000377148	AP-1 complex subunit gamma-1; Subunit of clathrin-associated adaptor protein complex 1 that plays a role in protein sorting in the late-Golgi/trans-Golgi network (TGN) and/or endosomes. The AP complexes mediate both the recruitment of clathrin to membranes and the recognition of sorting signals within the cytosolic tails of transmembrane cargo molecules.
kmeans	4	Brown	#ff9d65	8	AP1M1	9606.ENSP00000388996	AP-1 complex subunit mu-1; Subunit of clathrin-associated adaptor protein complex 1 that plays a role in protein sorting in the trans-Golgi network (TGN) and endosomes. The AP complexes mediate the recruitment of clathrin to membranes and the recognition of sorting signals within the cytosolic tails of transmembrane cargo molecules.
kmeans	4	Brown	#ff9d65	8	AP2S1	9606.ENSP00000470176	AP-2 complex subunit sigma; Component of the adaptor protein complex 2 (AP-2). Adaptor protein complexes function in protein Transport via Transport vesicles in different membrane traffic pathways. Adaptor protein complexes are vesicle coat components and appear to be involved in cargo selection and vesicle formation. AP-2 is involved in clathrin-dependent endocytosis in which cargo proteins are incorporated into vesicles surrounded by clathrin (clathrin-coated vesicles, CCVs) which are destined for fusion with the early endosome. The clathrin lattice serves as a mechanical scaffold bu [...] 
kmeans	4	Brown	#ff9d65	8	CLTA	9606.ENSP00000242285	Clathrin light chain A; Clathrin is the major protein of the polyhedral coat of coated pits and vesicles. Acts as component of the TACC3/ch- TOG/clathrin complex proposed to contribute to stabilization of kinetochore fibers of the mitotic spindle by acting as inter- microtubule bridge.
kmeans	4	Brown	#ff9d65	8	CLTB	9606.ENSP00000309415	Clathrin light chain B; Clathrin is the major protein of the polyhedral coat of coated pits and vesicles; Belongs to the clathrin light chain family.
kmeans	4	Brown	#ff9d65	8	CLTC	9606.ENSP00000479606	Clathrin heavy chain 1; Clathrin is the major protein of the polyhedral coat of coated pits and vesicles. Two different adapter protein complexes link the clathrin lattice either to the plasma membrane or to the trans- Golgi network. Acts as component of the TACC3/ch-TOG/clathrin complex proposed to contribute to stabilization of kinetochore fibers of the mitotic spindle by acting as inter-microtubule bridge. The TACC3/ch-TOG/clathrin complex is required for the maintenance of kinetochore fiber tension. Plays a role in early autophagosome formation.
kmeans	4	Brown	#ff9d65	8	FCHO2	9606.ENSP00000393776	F-BAR domain only protein 2; Functions in an early step of clathrin-mediated endocytosis. Has both a membrane binding/bending activity and the ability to recruit proteins essential to the formation of functional clathrin-coated pits. Has a lipid-binding activity with a preference for membranes enriched in phosphatidylserine and phosphoinositides (Pi(4,5) biphosphate) like the plasma membrane. Its membrane-bending activity might be important for the subsequent action of clathrin and adaptors in the formation of clathrin-coated vesicles. Involved in adaptor protein complex AP-2- dependen [...] 
kmeans	4	Brown	#ff9d65	8	NECAP2	9606.ENSP00000391942	Adaptin ear-binding coat-associated protein 2; Involved in endocytosis.
kmeans	5	Dark Golden Rod 3	#b25500	7	CAND1	9606.ENSP00000442318	Cullin-associated NEDD8-dissociated protein 1; Key assembly factor of SCF (SKP1-CUL1-F-box protein) E3 ubiquitin ligase complexes that promotes the exchange of the substrate- recognition F-box subunit in SCF complexes, thereby playing a key role in the cellular repertoire of SCF complexes. Acts as a F-box protein exchange factor. The exchange activity of CAND1 is coupled with cycles of neddylation conjugation: in the deneddylated state, cullin-binding CAND1 binds CUL1-RBX1, increasing dissociation of the SCF complex and promoting exchange of the F-box protein. Probably plays a similar  [...] 
kmeans	5	Dark Golden Rod 3	#b25500	7	COPS2	9606.ENSP00000299259	COP9 signalosome complex subunit 2; Essential component of the COP9 signalosome complex (CSN), a complex involved in various cellular and developmental processes. The CSN complex is an essential regulator of the ubiquitin (Ubl) conjugation pathway by mediating the deneddylation of the cullin subunits of SCF-type E3 ligase complexes, leading to decrease the Ubl ligase activity of SCF-type complexes such as SCF, CSA or DDB2. The complex is also involved in phosphorylation of p53/TP53, c-jun/JUN, IkappaBalpha/NFKBIA, ITPK1 and IRF8/ICSBP, possibly via its association with CK2 and PKD kina [...] 
kmeans	5	Dark Golden Rod 3	#b25500	7	COPS3	9606.ENSP00000268717	COP9 signalosome complex subunit 3; Component of the COP9 signalosome complex (CSN), a complex involved in various cellular and developmental processes. The CSN complex is an essential regulator of the ubiquitin (Ubl) conjugation pathway by mediating the deneddylation of the cullin subunits of SCF- type E3 ligase complexes, leading to decrease the Ubl ligase activity of SCF-type complexes such as SCF, CSA or DDB2. The complex is also involved in phosphorylation of p53/TP53, c-jun/JUN, IkappaBalpha/NFKBIA, ITPK1 and IRF8/ICSBP, possibly via its association with CK2 and PKD kinases. CSN- [...] 
kmeans	5	Dark Golden Rod 3	#b25500	7	COPS6	9606.ENSP00000304102	COP9 signalosome complex subunit 6; Component of the COP9 signalosome complex (CSN), a complex involved in various cellular and developmental processes. The CSN complex is an essential regulator of the ubiquitin (Ubl) conjugation pathway by mediating the deneddylation of the cullin subunits of SCF- type E3 ligase complexes, leading to decrease the Ubl ligase activity of SCF-type complexes such as SCF, CSA or DDB2. The complex is also involved in phosphorylation of p53/TP53, c-jun/JUN, IkappaBalpha/NFKBIA, ITPK1 and IRF8, possibly via its association with CK2 and PKD kinases. CSN-depend [...] 
kmeans	5	Dark Golden Rod 3	#b25500	7	CUL3	9606.ENSP00000264414	Cullin-3; Core component of multiple cullin-RING-based BCR (BTB-CUL3- RBX1) E3 ubiquitin-protein ligase complexes which mediate the ubiquitination and subsequent proteasomal degradation of target proteins. BCR complexes and ARIH1 collaborate in tandem to mediate ubiquitination of target proteins. As a scaffold protein may contribute to catalysis through positioning of the substrate and the ubiquitin-conjugating enzyme. The E3 ubiquitin- protein ligase activity of the complex is dependent on the neddylation of the cullin subunit and is inhibited by the association of the deneddylated cu [...] 
kmeans	5	Dark Golden Rod 3	#b25500	7	ELOB	9606.ENSP00000262306	Elongin-B; SIII, also known as elongin, is a general transcription elongation factor that increases the RNA polymerase II transcription elongation past template-encoded arresting sites. Subunit A is transcriptionally active and its transcription activity is strongly enhanced by binding to the dimeric complex of the SIII regulatory subunits B and C (elongin BC complex). In embryonic stem cells, the elongin BC complex is recruited by EPOP to Polycomb group (PcG) target genes in order generate genomic region that display both active and repressive chromatin properties, an important featur [...] 
kmeans	5	Dark Golden Rod 3	#b25500	7	GPS1	9606.ENSP00000376167	COP9 signalosome complex subunit 1; Essential component of the COP9 signalosome complex (CSN), a complex involved in various cellular and developmental processes. The CSN complex is an essential regulator of the ubiquitin (Ubl) conjugation pathway by mediating the deneddylation of the cullin subunits of SCF-type E3 ligase complexes, leading to decrease the Ubl ligase activity of SCF-type complexes such as SCF, CSA or DDB2. The complex is also involved in phosphorylation of p53/TP53, c-jun/JUN, IkappaBalpha/NFKBIA, ITPK1 and IRF8/ICSBP, possibly via its association with CK2 and PKD kina [...] 
kmeans	6	Sandy Brown	#ffc165	7	B2M	9606.ENSP00000497910	Beta-2-microglobulin form pI 5.3; Component of the class I major histocompatibility complex (MHC). Involved in the presentation of peptide antigens to the immune system. Exogenously applied M.tuberculosis EsxA or EsxA-EsxB (or EsxA expressed in host) binds B2M and decreases its export to the cell surface (total protein levels do not change), probably leading to defects in class I antigen presentation. Belongs to the beta-2-microglobulin family.
kmeans	6	Sandy Brown	#ffc165	7	CD47	9606.ENSP00000355361	Leukocyte surface antigen CD47; Has a role in both cell adhesion by acting as an adhesion receptor for THBS1 on platelets, and in the modulation of integrins. Plays an important role in memory formation and synaptic plasticity in the hippocampus (By similarity). Receptor for SIRPA, binding to which prevents maturation of immature dendritic cells and inhibits cytokine production by mature dendritic cells. Interaction with SIRPG mediates cell-cell adhesion, enhances superantigen-dependent T-cell-mediated proliferation and costimulates T-cell activation. May play a role in membrane transp [...] 
kmeans	6	Sandy Brown	#ffc165	7	FTH1	9606.ENSP00000273550	Ferritin heavy chain, N-terminally processed; Stores iron in a soluble, non-toxic, readily available form. Important for iron homeostasis. Has ferroxidase activity. Iron is taken up in the ferrous form and deposited as ferric hydroxides after oxidation. Also plays a role in delivery of iron to cells. Mediates iron uptake in capsule cells of the developing kidney (By similarity). Belongs to the ferritin family.
kmeans	6	Sandy Brown	#ffc165	7	FTL	9606.ENSP00000366525	Ferritin light chain; Stores iron in a soluble, non-toxic, readily available form. Important for iron homeostasis. Iron is taken up in the ferrous form and deposited as ferric hydroxides after oxidation. Also plays a role in delivery of iron to cells. Mediates iron uptake in capsule cells of the developing kidney (By similarity); Belongs to the ferritin family.
kmeans	6	Sandy Brown	#ffc165	7	MR1	9606.ENSP00000477563	Major histocompatibility complex class I-related gene protein; Antigen-presenting molecule specialized in presenting microbial vitamin B metabolites. Involved in the development and expansion of a small population of T-cells expressing an invariant T- cell receptor alpha chain called mucosal-associated invariant T-cells (MAIT). MAIT lymphocytes are preferentially located in the gut lamina propria and therefore may be involved in monitoring commensal flora or serve as a distress signal. Expression and MAIT cell recognition seem to be ligand-dependent.
kmeans	6	Sandy Brown	#ffc165	7	SCARB2	9606.ENSP00000264896	Lysosome membrane protein 2; Acts as a lysosomal receptor for glucosylceramidase (GBA) targeting.
kmeans	6	Sandy Brown	#ffc165	7	TFRC	9606.ENSP00000376197	Transferrin receptor protein 1, serum form; Cellular uptake of iron occurs via receptor-mediated endocytosis of ligand-occupied transferrin receptor into specialized endosomes. Endosomal acidification leads to iron release. The apotransferrin-receptor complex is then recycled to the cell surface with a return to neutral pH and the concomitant loss of affinity of apotransferrin for its receptor. Transferrin receptor is necessary for development of erythrocytes and the nervous system (By similarity). A second ligand, the heditary hemochromatosis protein HFE, competes for binding with tra [...] 
kmeans	7	Dark Golden Rod	#b28000	5	SNX1	9606.ENSP00000261889	Sorting nexin-1; Involved in several stages of intracellular trafficking. Interacts with membranes containing phosphatidylinositol 3-phosphate (PtdIns(3P)) or phosphatidylinositol 3,5-bisphosphate (PtdIns(3,5)P2). Acts in part as component of the retromer membrane- deforming SNX-BAR subcomplex. The SNX-BAR retromer mediates retrograde transport of cargo proteins from endosomes to the trans-Golgi network (TGN) and is involved in endosome-to-plasma membrane transport for cargo protein recycling. The SNX-BAR subcomplex functions to deform the donor membrane into a tubular profile called e [...] 
kmeans	7	Dark Golden Rod	#b28000	5	SNX27	9606.ENSP00000400333	Sorting nexin-27; Involved in the retrograde transport from endosome to plasma membrane, a trafficking pathway that promotes the recycling of internalized transmembrane proteins. Following internalization, endocytosed transmembrane proteins are delivered to early endosomes and recycled to the plasma membrane instead of being degraded in lysosomes. SNX27 specifically binds and directs sorting of a subset of transmembrane proteins containing a PDZ-binding motif at the C- terminus: following interaction with target transmembrane proteins, associates with the retromer complex, preventing e [...] 
kmeans	7	Dark Golden Rod	#b28000	5	SNX3	9606.ENSP00000230085	Sorting nexin-3; Phosphoinositide-binding protein required for multivesicular body formation. Specifically binds phosphatidylinositol 3-phosphate (PtdIns(P3)). Also can bind phosphatidylinositol 4-phosphate (PtdIns(P4)), phosphatidylinositol 5-phosphate (PtdIns(P5)) and phosphatidylinositol 3,5-biphosphate (PtdIns(3,5)P2) (By similarity). Plays a role in protein transport between cellular compartments. Together with RAB7A facilitates endosome membrane association of the retromer cargo-selective subcomplex (CSC/VPS). May in part act as component of the SNX3-retromer complex which mediat [...] 
kmeans	7	Dark Golden Rod	#b28000	5	TBC1D5	9606.ENSP00000402935	TBC1 domain family member 5; May act as a GTPase-activating protein (GAP) for Rab family protein(s). May act as a GAP for RAB7A. Can displace RAB7A and retromer CSC subcomplex from the endosomal membrane to the cytosol; at least retromer displacement seems to require its catalytic activity. Required for retrograde transport of cargo proteins from endosomes to the trans-Golgi network (TGN); the function seems to require its catalytic activity. Involved in regulation of autophagy. May act as a molecular switch between endosomal and autophagosomal transport and is involved in reprogrammin [...] 
kmeans	7	Dark Golden Rod	#b28000	5	VPS26A	9606.ENSP00000263559	Vacuolar protein sorting-associated protein 26A; Acts as component of the retromer cargo-selective complex (CSC). The CSC is believed to be the core functional component of retromer or respective retromer complex variants acting to prevent missorting of selected transmembrane cargo proteins into the lysosomal degradation pathway. The recruitment of the CSC to the endosomal membrane involves RAB7A and SNX3. The SNX-BAR retromer mediates retrograde transport of cargo proteins from endosomes to the trans- Golgi network (TGN) and is involved in endosome-to-plasma membrane transport for car [...] 
kmeans	8	Yellow	#ffe665	5	GALNT4	9606.ENSP00000436604	Polypeptide N-acetylgalactosaminyltransferase 4; Catalyzes the initial reaction in O-linked oligosaccharide biosynthesis, the transfer of an N-acetyl-D-galactosamine residue to a serine or threonine residue on the protein receptor. Has a highest activity toward Muc7, EA2 and Muc2, with a lowest activity than GALNT2. Glycosylates 'Thr-57' of SELPLG; Belongs to the glycosyltransferase 2 family. GalNAc-T subfamily.
kmeans	8	Yellow	#ffe665	5	GALNT5	9606.ENSP00000259056	Polypeptide N-acetylgalactosaminyltransferase 5; Catalyzes the initial reaction in O-linked oligosaccharide biosynthesis, the transfer of an N-acetyl-D-galactosamine residue to a serine or threonine residue on the protein receptor. Has activity toward EA2 peptide substrate, but has a weak activity toward Muc2 or Muc1b substrates (By similarity).
kmeans	8	Yellow	#ffe665	5	GALNT6	9606.ENSP00000348668	Polypeptide N-acetylgalactosaminyltransferase 6; Catalyzes the initial reaction in O-linked oligosaccharide biosynthesis, the transfer of an N-acetyl-D-galactosamine residue to a serine or threonine residue on the protein receptor. May participate in synthesis of oncofetal fibronectin. Has activity toward Muc1a, Muc2, EA2 and fibronectin peptides.
kmeans	8	Yellow	#ffe665	5	ST3GAL1	9606.ENSP00000428540	CMP-N-acetylneuraminate-beta-galactosamide-alpha-2,3-sialyltransferase 1; Responsible for the synthesis of the sequence NeuAc-alpha- 2,3-Gal-beta-1,3-GalNAc- found on sugar chains O-linked to Thr or Ser and also as a terminal sequence on certain gangliosides. SIAT4A and SIAT4B sialylate the same acceptor substrates but exhibit different Km values; Belongs to the glycosyltransferase 29 family.
kmeans	8	Yellow	#ffe665	5	ST6GALNAC1	9606.ENSP00000156626	ST6 N-acetylgalactosaminide alpha-2,6-sialyltransferase 1.
kmeans	9	Dark Golden Rod 2	#b2ab00	5	SEPTIN11	9606.ENSP00000422896	Septin-11; Filament-forming cytoskeletal GTPase. May play a role in cytokinesis (Potential). May play a role in the cytoarchitecture of neurons, including dendritic arborization and dendritic spines, and in GABAergic synaptic connectivity (By similarity). During Listeria monocytogenes infection, not required for the bacterial entry process, but restricts its efficacy.
kmeans	9	Dark Golden Rod 2	#b2ab00	5	SEPTIN2	9606.ENSP00000479861	Septin-2; Filament-forming cytoskeletal GTPase. Forms a filamentous structure with SEPTIN12, SEPTIN6, SEPTIN2 and probably SEPTIN4 at the sperm annulus which is required for the structural integrity and motility of the sperm tail during postmeiotic differentiation. Required for normal organization of the actin cytoskeleton. Plays a role in the biogenesis of polarized columnar- shaped epithelium by maintaining polyglutamylated microtubules, thus facilitating efficient vesicle transport, and by impeding MAP4 binding to tubulin. Required for the progression through mitosis. Forms a scaffo [...] 
kmeans	9	Dark Golden Rod 2	#b2ab00	5	SEPTIN7	9606.ENSP00000413507	Septin-7; Filament-forming cytoskeletal GTPase. Required for normal organization of the actin cytoskeleton. Required for normal progress through mitosis. Involved in cytokinesis. Required for normal association of CENPE with the kinetochore. Plays a role in ciliogenesis and collective cell movements. Forms a filamentous structure with SEPTIN12, SEPTIN6, SEPTIN2 and probably SEPTIN4 at the sperm annulus which is required for the structural integrity and motility of the sperm tail during postmeiotic differentiation.
kmeans	9	Dark Golden Rod 2	#b2ab00	5	SEPTIN8	9606.ENSP00000367991	Septin-8; Filament-forming cytoskeletal GTPase (By similarity). May play a role in platelet secretion. Seems to participate in the process of SNARE complex formation in synaptic vesicles (By similarity); Belongs to the TRAFAC class TrmE-Era-EngA-EngB-Septin-like GTPase superfamily. Septin GTPase family.
kmeans	9	Dark Golden Rod 2	#b2ab00	5	SEPTIN9	9606.ENSP00000391249	Septin-9; Filament-forming cytoskeletal GTPase (By similarity). May play a role in cytokinesis (Potential). May play a role in the internalization of 2 intracellular microbial pathogens, Listeria monocytogenes and Shigella flexneri; Belongs to the TRAFAC class TrmE-Era-EngA-EngB-Septin-like GTPase superfamily. Septin GTPase family.
kmeans	10	Khaki	#f2ff65	4	CEACAM8	9606.ENSP00000244336	Carcinoembryonic antigen-related cell adhesion molecule 8; Cell surface glycoprotein that plays a role in cell adhesion in a calcium-independent manner. Mediates heterophilic cell adhesion with other carcinoembryonic antigen-related cell adhesion molecules, such as CEACAM6. Heterophilic interaction with CEACAM8 occurs in activated neutrophils ; Belongs to the immunoglobulin superfamily. CEA family.
kmeans	10	Khaki	#f2ff65	4	CES1	9606.ENSP00000353720	Liver carboxylesterase 1; Involved in the detoxification of xenobiotics and in the activation of ester and amide prodrugs. Hydrolyzes aromatic and aliphatic esters, but has no catalytic activity toward amides or a fatty acyl-CoA ester. Hydrolyzes the methyl ester group of cocaine to form benzoylecgonine. Catalyzes the transesterification of cocaine to form cocaethylene. Displays fatty acid ethyl ester synthase activity, catalyzing the ethyl esterification of oleic acid to ethyloleate. Belongs to the type-B carboxylesterase/lipase family.
kmeans	10	Khaki	#f2ff65	4	MPO	9606.ENSP00000225275	Myeloperoxidase heavy chain; Part of the host defense system of polymorphonuclear leukocytes. It is responsible for microbicidal activity against a wide range of organisms. In the stimulated PMN, MPO catalyzes the production of hypohalous acids, primarily hypochlorous acid in physiologic situations, and other toxic intermediates that greatly enhance PMN microbicidal activity; Belongs to the peroxidase family. XPO subfamily.
kmeans	10	Khaki	#f2ff65	4	PRTN3	9606.ENSP00000234347	Myeloblastin; Serine protease that degrades elastin, fibronectin, laminin, vitronectin, and collagen types I, III, and IV (in vitro). By cleaving and activating receptor F2RL1/PAR-2, enhances endothelial cell barrier function and thus vascular integrity during neutrophil transendothelial migration. May play a role in neutrophil transendothelial migration, probably when associated with CD177. Belongs to the peptidase S1 family. Elastase subfamily.
kmeans	11	Green	#75efa6	4	DNAAF1	9606.ENSP00000367815	Dynein assembly factor 1, axonemal; Cilium-specific protein required for the stability of the ciliary architecture. Plays a role in cytoplasmic preassembly of dynein arms. Involved in regulation of microtubule-based cilia and actin-based brush border microvilli.
kmeans	11	Green	#75efa6	4	DNAI1	9606.ENSP00000480538	Dynein intermediate chain 1, axonemal; Part of the dynein complex of respiratory cilia; Belongs to the dynein intermediate chain family.
kmeans	11	Green	#75efa6	4	DNALI1	9606.ENSP00000296218	Axonemal dynein light intermediate polypeptide 1; May play a dynamic role in flagellar motility.
kmeans	11	Green	#75efa6	4	RSPH9	9606.ENSP00000361238	Radial spoke head protein 9 homolog; Probable component of the axonemal radial spoke head. Radial spokes are regularly spaced along cilia, sperm and flagella axonemes. They consist of a thin stalk, which is attached to a subfiber of the outer doublet microtubule, and a bulbous head, which is attached to the stalk and appears to interact with the projections from the central pair of microtubules.
kmeans	12	Aquamarine 4	#75efb4	4	CHMP2B	9606.ENSP00000263780	Charged multivesicular body protein 2b; Probable core component of the endosomal sorting required for transport complex III (ESCRT-III) which is involved in multivesicular bodies (MVBs) formation and sorting of endosomal cargo proteins into MVBs. MVBs contain intraluminal vesicles (ILVs) that are generated by invagination and scission from the limiting membrane of the endosome and mostly are delivered to lysosomes enabling degradation of membrane proteins, such as stimulated growth factor receptors, lysosomal enzymes and lipids. The MVB pathway appears to require the sequential functio [...] 
kmeans	12	Aquamarine 4	#75efb4	4	MVB12B	9606.ENSP00000354772	Multivesicular body subunit 12B; Component of the ESCRT-I complex, a regulator of vesicular trafficking process. Required for the sorting of endocytic ubiquitinated cargos into multivesicular bodies.
kmeans	12	Aquamarine 4	#75efb4	4	UBAP1	9606.ENSP00000486574	Ubiquitin-associated protein 1; Component of the ESCRT-I complex, a regulator of vesicular trafficking process. Binds to ubiquitinated cargo proteins and is required for the sorting of endocytic ubiquitinated cargos into multivesicular bodies (MVBs). Plays a role in the proteasomal degradation of ubiquitinated cell-surface proteins, such as EGFR and BST2.
kmeans	12	Aquamarine 4	#75efb4	4	VPS28	9606.ENSP00000366565	Vacuolar protein sorting-associated protein 28 homolog; Component of the ESCRT-I complex, a regulator of vesicular trafficking process.
kmeans	13	Aquamarine 2	#75efc3	4	AGRN	9606.ENSP00000368678	Agrin C-terminal 110 kDa subunit; [Isoform 1]: heparan sulfate basal lamina glycoprotein that plays a central role in the formation and the maintenance of the neuromuscular junction (NMJ) and directs key events in postsynaptic differentiation. Component of the AGRN-LRP4 receptor complex that induces the phosphorylation and activation of MUSK. The activation of MUSK in myotubes induces the formation of NMJ by regulating different processes including the transcription of specific genes and the clustering of AChR in the postsynaptic membrane. Calcium ions are required for maximal AChR clu [...] 
kmeans	13	Aquamarine 2	#75efc3	4	DAG1	9606.ENSP00000442600	Alpha-dystroglycan; The dystroglycan complex is involved in a number of processes including laminin and basement membrane assembly, sarcolemmal stability, cell survival, peripheral nerve myelination, nodal structure, cell migration, and epithelial polarization. Beta-dystroglycan is a transmembrane protein that plays important roles in connecting the extracellular matrix to the cytoskeleton. Acts as a cell adhesion receptor in both muscle and non- muscle tissues. Receptor for both DMD and UTRN and, through these interactions, scaffolds axin to the cytoskeleton. Also functions in cell ad [...] 
kmeans	13	Aquamarine 2	#75efc3	4	FBLN1	9606.ENSP00000331544	Fibulin-1; Incorporated into fibronectin-containing matrix fibers. May play a role in cell adhesion and migration along protein fibers within the extracellular matrix (ECM). Could be important for certain developmental processes and contribute to the supramolecular organization of ECM architecture, in particular to those of basement membranes. Has been implicated in a role in cellular transformation and tumor invasion, it appears to be a tumor suppressor. May play a role in haemostasis and thrombosis owing to its ability to bind fibrinogen and incorporate into clots. Could play a signi [...] 
kmeans	13	Aquamarine 2	#75efc3	4	HSPG2	9606.ENSP00000363827	Basement membrane-specific heparan sulfate proteoglycan core protein; Integral component of basement membranes. Component of the glomerular basement membrane (GBM), responsible for the fixed negative electrostatic membrane charge, and which provides a barrier which is both size- and charge-selective. It serves as an attachment substrate for cells. Plays essential roles in vascularization. Critical for normal heart development and for regulating the vascular response to injury. Also required for avascular cartilage development. The LG3 peptide has anti-angiogenic properties that require [...] 
kmeans	14	Cyan	#75efd2	3	B3GNT2	9606.ENSP00000305595	N-acetyllactosaminide beta-1,3-N-acetylglucosaminyltransferase 2; Beta-1,3-N-acetylglucosaminyltransferase involved in the synthesis of poly-N-acetyllactosamine. Catalyzes the initiation and elongation of poly-N-acetyllactosamine chains. Shows a marked preference for Gal(beta1-4)Glc(NAc)-based acceptors. Probably constitutes the main polylactosamine synthase. Belongs to the glycosyltransferase 31 family.
kmeans	14	Cyan	#75efd2	3	B3GNT3	9606.ENSP00000321874	N-acetyllactosaminide beta-1,3-N-acetylglucosaminyltransferase 3; Beta-1,3-N-acetylglucosaminyltransferase involved in the synthesis of poly-N-acetyllactosamine. Has activity for type 2 oligosaccharides. Also acts as a core1-1,3-N- acetylglucosaminyltransferase (Core1-beta3GlcNAcT) to form the 6-sulfo sialyl Lewis x on extended core1 O-glycans.
kmeans	14	Cyan	#75efd2	3	FUT3	9606.ENSP00000305603	Galactoside 3(4)-L-fucosyltransferase; May catalyze alpha-1,3 and alpha-1,4 glycosidic linkages involved in the expression of Vim-2, Lewis A, Lewis B, sialyl Lewis X and Lewis X/SSEA-1 antigens. May be involved in blood group Lewis determination; Lewis-positive (Le(+)) individuals have an active enzyme while Lewis-negative (Le(-)) individuals have an inactive enzyme. Also acts on the corresponding 1,4-galactosyl derivative, forming 1,3-L- fucosyl links.
kmeans	15	Aquamarine	#75efe1	3	CYB5A	9606.ENSP00000341625	Cytochrome b5; Cytochrome b5 is a membrane-bound hemoprotein functioning as an electron carrier for several membrane-bound oxygenases.
kmeans	15	Aquamarine	#75efe1	3	CYB5R1	9606.ENSP00000356218	NADH-cytochrome b5 reductase 1; NADH-cytochrome b5 reductases are involved in desaturation and elongation of fatty acids, cholesterol biosynthesis, drug metabolism, and, in erythrocyte, methemoglobin reduction. Belongs to the flavoprotein pyridine nucleotide cytochrome reductase family.
kmeans	15	Aquamarine	#75efe1	3	CYB5R3	9606.ENSP00000354468	NADH-cytochrome b5 reductase 3 membrane-bound form; Desaturation and elongation of fatty acids, cholesterol biosynthesis, drug metabolism, and, in erythrocyte, methemoglobin reduction.
kmeans	16	Aquamarine 3	#75efef	3	FLG	9606.ENSP00000357789	Filaggrin; Aggregates keratin intermediate filaments and promotes disulfide-bond formation among the intermediate filaments during terminal differentiation of mammalian epidermis.
kmeans	16	Aquamarine 3	#75efef	3	IVL	9606.ENSP00000357753	Involucrin; Part of the insoluble cornified cell envelope (CE) of stratified squamous epithelia; Belongs to the involucrin family.
kmeans	16	Aquamarine 3	#75efef	3	SPRR1A	9606.ENSP00000357751	Cornifin-A; Cross-linked envelope protein of keratinocytes. It is a keratinocyte protein that first appears in the cell cytosol, but ultimately becomes cross-linked to membrane proteins by transglutaminase. All that results in the formation of an insoluble envelope beneath the plasma membrane.
kmeans	17	Sky Blue 3	#75e1ef	3	UBA3	9606.ENSP00000354340	NEDD8-activating enzyme E1 catalytic subunit; Catalytic subunit of the dimeric UBA3-NAE1 E1 enzyme. E1 activates NEDD8 by first adenylating its C-terminal glycine residue with ATP, thereafter linking this residue to the side chain of the catalytic cysteine, yielding a NEDD8-UBA3 thioester and free AMP. E1 finally transfers NEDD8 to the catalytic cysteine of UBE2M. Down- regulates steroid receptor activity. Necessary for cell cycle progression.
kmeans	17	Sky Blue 3	#75e1ef	3	UBA5	9606.ENSP00000348565	Ubiquitin-like modifier-activating enzyme 5; E1-like enzyme which activates UFM1 and SUMO2. Belongs to the ubiquitin-activating E1 family. UBA5 subfamily.
kmeans	17	Sky Blue 3	#75e1ef	3	UFL1	9606.ENSP00000358283	E3 UFM1-protein ligase 1; E3 protein ligase that mediates ufmylation, the covalent attachment of the ubiquitin-like modifier UFM1 to substrate proteins, a post-translational modification on lysine residues of proteins that may play a crucial role in a number of cellular processes. Mediates DDRGK1 ufmylation and may regulate the proteasomal degradation of DDRGK1 and CDK5RAP3 thereby modulating NF-kappa-B signaling. May also play a role in nuclear receptor-mediated transcription through TRIP4 ufmylation. May play a role in the unfolded protein response, mediating the ufmylation of multip [...] 
kmeans	18	Sky Blue	#75d2ef	3	CFAP20	9606.ENSP00000262498	Cilia- and flagella-associated protein 20; Cilium- and flagellum-specific protein that plays a role in axonemal structure organization and motility. Involved in the regulation of the size and morphology of cilia. Required for axonemal microtubules polyglutamylation.
kmeans	18	Sky Blue	#75d2ef	3	CFAP52	9606.ENSP00000339449	Cilia- and flagella-associated protein 52; May play a role in cell growth and/or survival. Belongs to the CFAP52 family.
kmeans	18	Sky Blue	#75d2ef	3	EFHC1	9606.ENSP00000360107	EF-hand domain-containing protein 1; Microtubule-associated protein which regulates cell division and neuronal migration during cortical development. Necessary for mitotic spindle organization. Necessary for radial and tangential cell migration during brain development, possibly acting as a regulator of cell morphology and process formation during migration. May enhance calcium influx through CACNA1E and stimulate programmed cell death.
kmeans	19	Sky Blue 2	#75c3ef	3	DPP9	9606.ENSP00000262960	Dipeptidyl peptidase 9; Dipeptidyl peptidase that cleaves off N-terminal dipeptides from proteins having a Pro or Ala residue at position 2.
kmeans	19	Sky Blue 2	#75c3ef	3	PRCP	9606.ENSP00000377055	Lysosomal Pro-X carboxypeptidase; Cleaves C-terminal amino acids linked to proline in peptides such as angiotensin II, III and des-Arg9-bradykinin. This cleavage occurs at acidic pH, but enzymatic activity is retained with some substrates at neutral pH.
kmeans	19	Sky Blue 2	#75c3ef	3	PREP	9606.ENSP00000499089	Prolyl endopeptidase; Cleaves peptide bonds on the C-terminal side of prolyl residues within peptides that are up to approximately 30 amino acids long; Belongs to the peptidase S9A family.
kmeans	20	Sky Blue 4	#75b4ef	2	RNASEH2A	9606.ENSP00000221486	Ribonuclease H2 subunit A; Catalytic subunit of RNase HII, an endonuclease that specifically degrades the RNA of RNA:DNA hybrids. Participates in DNA replication, possibly by mediating the removal of lagging-strand Okazaki fragment RNA primers during DNA replication. Mediates the excision of single ribonucleotides from DNA:RNA duplexes. Belongs to the RNase HII family. Eukaryotic subfamily.
kmeans	20	Sky Blue 4	#75b4ef	2	SAMHD1	9606.ENSP00000493536	Deoxynucleoside triphosphate triphosphohydrolase SAMHD1; Protein that acts both as a host restriction factor involved in defense response to virus and as a regulator of DNA end resection at stalled replication forks. Has deoxynucleoside triphosphate (dNTPase) activity, which is required to restrict infection by viruses, such as HIV-1: dNTPase activity reduces cellular dNTP levels to levels too low for retroviral reverse transcription to occur, blocking early- stage virus replication in dendritic and other myeloid cells. Likewise, suppresses LINE-1 retrotransposon activity. Not able to  [...] 
kmeans	21	Cornflower Blue 2	#75a6ef	2	PLOD1	9606.ENSP00000196061	Procollagen-lysine,2-oxoglutarate 5-dioxygenase 1; Part of a complex composed of PLOD1, P3H3 and P3H4 that catalyzes hydroxylation of lysine residues in collagen alpha chains and is required for normal assembly and cross-linkling of collagen fibrils (By similarity). Forms hydroxylysine residues in -Xaa-Lys- Gly- sequences in collagens. These hydroxylysines serve as sites of attachment for carbohydrate units and are essential for the stability of the intermolecular collagen cross-links (Probable).
kmeans	21	Cornflower Blue 2	#75a6ef	2	PLOD3	9606.ENSP00000223127	Multifunctional procollagen lysine hydroxylase and glycosyltransferase LH3; Multifunctional enzyme that catalyzes a series of essential post-translational modifications on Lys residues in procollagen. Plays a redundant role in catalyzing the formation of hydroxylysine residues in -Xaa-Lys-Gly- sequences in collagens. Plays a redundant role in catalyzing the transfer of galactose onto hydroxylysine groups, giving rise to galactosyl 5-hydroxylysine. Has an essential role by catalyzing the subsequent transfer of glucose moieties, giving rise to 1,2-glucosylgalactosyl-5-hydroxylysine resid [...] 
kmeans	22	Blue	#7597ef	2	ORM1	9606.ENSP00000259396	Alpha-1-acid glycoprotein 1; Functions as transport protein in the blood stream. Binds various ligands in the interior of its beta-barrel domain. Also binds synthetic drugs and influences their distribution and availability in the body. Appears to function in modulating the activity of the immune system during the acute-phase reaction; Belongs to the calycin superfamily. Lipocalin family.
kmeans	22	Blue	#7597ef	2	ORM2	9606.ENSP00000394936	Alpha-1-acid glycoprotein 2; Functions as transport protein in the blood stream. Binds various hydrophobic ligands in the interior of its beta-barrel domain. Also binds synthetic drugs and influences their distribution and availability. Appears to function in modulating the activity of the immune system during the acute-phase reaction.
kmeans	23	Cornflower Blue	#7588ef	2	CSNK1A1	9606.ENSP00000261798	Casein kinase I isoform alpha; Casein kinases are operationally defined by their preferential utilization of acidic proteins such as caseins as substrates. It can phosphorylate a large number of proteins. Participates in Wnt signaling. Phosphorylates CTNNB1 at 'Ser-45'. May phosphorylate PER1 and PER2. May play a role in segregating chromosomes during mitosis. May play a role in keratin cytoskeleton disassembly and thereby, it may regulate epithelial cell migration.
kmeans	23	Cornflower Blue	#7588ef	2	GSK3A	9606.ENSP00000222330	Glycogen synthase kinase-3 alpha; Constitutively active protein kinase that acts as a negative regulator in the hormonal control of glucose homeostasis, Wnt signaling and regulation of transcription factors and microtubules, by phosphorylating and inactivating glycogen synthase (GYS1 or GYS2), CTNNB1/beta-catenin, APC and AXIN1. Requires primed phosphorylation of the majority of its substrates. Contributes to insulin regulation of glycogen synthesis by phosphorylating and inhibiting GYS1 activity and hence glycogen synthesis. Regulates glycogen metabolism in liver, but not in muscle (B [...] 
kmeans	24	Medium Slate Blue	#757aef	2	BLVRA	9606.ENSP00000385757	Biliverdin reductase A; Reduces the gamma-methene bridge of the open tetrapyrrole, biliverdin IX alpha, to bilirubin with the concomitant oxidation of a NADH or NADPH cofactor.
kmeans	24	Medium Slate Blue	#757aef	2	BLVRB	9606.ENSP00000263368	Flavin reductase (NADPH); Broad specificity oxidoreductase that catalyzes the NADPH- dependent reduction of a variety of flavins, such as riboflavin, FAD or FMN, biliverdins, methemoglobin and PQQ (pyrroloquinoline quinone). Contributes to heme catabolism and metabolizes linear tetrapyrroles. Can also reduce the complexed Fe(3+) iron to Fe(2+) in the presence of FMN and NADPH. In the liver, converts biliverdin to bilirubin.
kmeans	25	Purple	#7f75ef	2	BST1	9606.ENSP00000265016	ADP-ribosyl cyclase/cyclic ADP-ribose hydrolase 2; Synthesizes the second messengers cyclic ADP-ribose and nicotinate-adenine dinucleotide phosphate, the former a second messenger that elicits calcium release from intracellular stores. May be involved in pre-B-cell growth; Belongs to the ADP-ribosyl cyclase family.
kmeans	25	Purple	#7f75ef	2	NADSYN1	9606.ENSP00000326424	Glutamine-dependent NAD(+) synthetase; Catalyzes the ATP-dependent amidation of deamido-NAD to form NAD. Uses L-glutamine as a nitrogen source.
kmeans	26	Medium Purple	#8d75ef	2	SERPINB3	9606.ENSP00000283752	Serpin B3; May act as a papain-like cysteine protease inhibitor to modulate the host immune response against tumor cells. Also functions as an inhibitor of UV-induced apoptosis via suppression of the activity of c-Jun NH(2)-terminal kinase (JNK1).
kmeans	26	Medium Purple	#8d75ef	2	SERPINB4	9606.ENSP00000343445	Serpin B4; May act as a protease inhibitor to modulate the host immune response against tumor cells.
kmeans	27	Medium Purple 2	#9c75ef	2	ALOX15	9606.ENSP00000293761	Arachidonate 15-lipoxygenase; Non-heme iron-containing dioxygenase that catalyzes the stereo-specific peroxidation of free and esterified polyunsaturated fatty acids generating a spectrum of bioactive lipid mediators. Converts arachidonic acid into 12-hydroperoxyeicosatetraenoic acid/12- HPETE and 15-hydroperoxyeicosatetraenoic acid/15-HPETE. Also converts linoleic acid to 13-hydroperoxyoctadecadienoic acid. May also act on (12S)-hydroperoxyeicosatetraenoic acid/(12S)-HPETE to produce hepoxilin A3. Probably plays an important role in the immune and inflammatory responses. Through the o [...] 
kmeans	27	Medium Purple 2	#9c75ef	2	PTGS1	9606.ENSP00000354612	Prostaglandin G/H synthase 1; Converts arachidonate to prostaglandin H2 (PGH2), a committed step in prostanoid synthesis. Involved in the constitutive production of prostanoids in particular in the stomach and platelets. In gastric epithelial cells, it is a key step in the generation of prostaglandins, such as prostaglandin E2 (PGE2), which plays an important role in cytoprotection. In platelets, it is involved in the generation of thromboxane A2 (TXA2), which promotes platelet activation and aggregation, vasoconstriction and proliferation of vascular smooth muscle cells; Belongs to th [...] 
kmeans	28	Medium Purple 3	#ab75ef	2	ATP6V0A4	9606.ENSP00000308122	V-type proton ATPase 116 kDa subunit a isoform 4; Part of the proton channel of the V-ATPase that is involved in normal vectorial acid transport into the urine by the kidney.
kmeans	28	Medium Purple 3	#ab75ef	2	ATP6V1H	9606.ENSP00000352522	V-type proton ATPase subunit H; Subunit of the peripheral V1 complex of vacuolar ATPase. Subunit H activates the ATPase activity of the enzyme and couples ATPase activity to proton flow. Vacuolar ATPase is responsible for acidifying a variety of intracellular compartments in eukaryotic cells, thus providing most of the energy required for transport processes in the vacuolar system (By similarity). Involved in the endocytosis mediated by clathrin-coated pits, required for the formation of endosomes.
kmeans	29	Medium Orchid	#b975ef	2	CAMKK2	9606.ENSP00000312741	Calcium/calmodulin-dependent protein kinase kinase 2; Calcium/calmodulin-dependent protein kinase belonging to a proposed calcium-triggered signaling cascade involved in a number of cellular processes. Isoform 1, isoform 2 and isoform 3 phosphorylate CAMK1 and CAMK4. Isoform 3 phosphorylates CAMK1D. Isoform 4, isoform 5 and isoform 6 lacking part of the calmodulin-binding domain are inactive. Efficiently phosphorylates 5'-AMP-activated protein kinase (AMPK) trimer, including that consisting of PRKAA1, PRKAB1 and PRKAG1. This phosphorylation is stimulated in response to Ca(2+) signals ( [...] 
kmeans	29	Medium Orchid	#b975ef	2	PRKAB1	9606.ENSP00000441369	5'-AMP-activated protein kinase subunit beta-1; Non-catalytic subunit of AMP-activated protein kinase (AMPK), an energy sensor protein kinase that plays a key role in regulating cellular energy metabolism. In response to reduction of intracellular ATP levels, AMPK activates energy-producing pathways and inhibits energy-consuming processes: inhibits protein, carbohydrate and lipid biosynthesis, as well as cell growth and proliferation. AMPK acts via direct phosphorylation of metabolic enzymes, and by longer-term effects via phosphorylation of transcription regulators. Also acts as a reg [...] 
kmeans	30	Orchid 4	#c875ef	2	HSPB11	9606.ENSP00000194214	Intraflagellar transport protein 25 homolog; Component of the IFT complex B required for sonic hedgehog/SHH signaling. May mediate transport of SHH components: required for the export of SMO and PTCH1 receptors out of the cilium and the accumulation of GLI2 at the ciliary tip in response to activation of the SHH pathway, suggesting it is involved in the dynamic transport of SHH signaling molecules within the cilium. Not required for ciliary assembly. Its role in intraflagellar transport is mainly seen in tissues rich in ciliated cells such as kidney and testis. Essential for male ferti [...] 
kmeans	30	Orchid 4	#c875ef	2	IFT22	9606.ENSP00000320359	Intraflagellar transport protein 22 homolog; Small GTPase-like component of the intraflagellar transport (IFT) complex B; Belongs to the small GTPase superfamily. Rab family.
kmeans	31	Orchid 2	#d775ef	2	ANG	9606.ENSP00000336762	Angiogenin; Binds to actin on the surface of endothelial cells; once bound, angiogenin is endocytosed and translocated to the nucleus. Stimulates ribosomal RNA synthesis including that containing the initiation site sequences of 45S rRNA. Cleaves tRNA within anticodon loops to produce tRNA-derived stress-induced fragments (tiRNAs) which inhibit protein synthesis and triggers the assembly of stress granules (SGs). Angiogenin induces vascularization of normal and malignant tissues. Angiogenic activity is regulated by interaction with RNH1 in vivo.
kmeans	31	Orchid 2	#d775ef	2	RNASE2	9606.ENSP00000303276	Non-secretory ribonuclease; This is a non-secretory ribonuclease. It is a pyrimidine specific nuclease with a slight preference for U. Cytotoxin and helminthotoxin. Selectively chemotactic for dendritic cells. Possesses a wide variety of biological activities; Belongs to the pancreatic ribonuclease family.
kmeans	32	Violet 2	#e575ef	2	CORO1B	9606.ENSP00000340211	Coronin-1B; Regulates leading edge dynamics and cell motility in fibroblasts. May be involved in cytokinesis and signal transduction (By similarity).
kmeans	32	Violet 2	#e575ef	2	CORO1C	9606.ENSP00000394496	Coronin-1C; Plays a role in directed cell migration by regulating the activation and subcellular location of RAC1. Increases the presence of activated RAC1 at the leading edge of migrating cells. Required for normal organization of the cytoskeleton, including the actin cytoskeleton, microtubules and the vimentin intermediate filaments (By similarity). Plays a role in endoplasmic reticulum- associated endosome fission: localizes to endosome membrane tubules and promotes recruitment of TMCC1, leading to recruitment of the endoplasmic reticulum to endosome tubules for fission. Endosome me [...] 
kmeans	33	Violet	#ef75ea	2	SEC23B	9606.ENSP00000338844	Protein transport protein Sec23B; Component of the coat protein complex II (COPII) which promotes the formation of transport vesicles from the endoplasmic reticulum (ER). The coat has two main functions, the physical deformation of the endoplasmic reticulum membrane into vesicles and the selection of cargo molecules for their transport to the Golgi complex.
kmeans	33	Violet	#ef75ea	2	SEC24C	9606.ENSP00000343405	Protein transport protein Sec24C; Component of the coat protein complex II (COPII) which promotes the formation of transport vesicles from the endoplasmic reticulum (ER). The coat has two main functions, the physical deformation of the endoplasmic reticulum membrane into vesicles and the selection of cargo molecules for their transport to the Golgi complex. Plays a central role in cargo selection within the COPII complex and together with SEC24D may have a different specificity compared to SEC24A and SEC24B. May more specifically package GPI-anchored proteins through the cargo receptor [...] 
kmeans	34	Orchid	#ef75dc	2	MYO5B	9606.ENSP00000285039	Unconventional myosin-Vb; May be involved in vesicular trafficking via its association with the CART complex. The CART complex is necessary for efficient transferrin receptor recycling but not for EGFR degradation. Required in a complex with RAB11A and RAB11FIP2 for the transport of NPC1L1 to the plasma membrane. Together with RAB11A participates in CFTR trafficking to the plasma membrane and TF (transferrin) recycling in nonpolarized cells. Together with RAB11A and RAB8A participates in epithelial cell polarization. Together with RAB25 regulates transcytosis; Belongs to the TRAFAC cla [...] 
kmeans	34	Orchid	#ef75dc	2	RAB25	9606.ENSP00000354376	Ras-related protein Rab-25; Involved in the regulation of cell survival. Promotes invasive migration of cells in which it functions to localize and maintain integrin alpha-V/beta-1 at the tips of extending pseudopodia. Involved in the regulation of epithelial morphogenesis through the control of CLDN4 expression and localization at tight junctions (By similarity). May selectively regulate the apical recycling pathway. Together with MYO5B regulates transcytosis (By similarity). ECO:0000250|UniProtKB:P46629, ECO:0000250|UniProtKB:Q9WTL2,; Belongs to the small GTPase superfamily. Rab family.
kmeans	35	Orchid 3	#ef75cd	2	CTSA	9606.ENSP00000361562	Lysosomal protective protein 20 kDa chain; Protective protein appears to be essential for both the activity of beta-galactosidase and neuraminidase, it associates with these enzymes and exerts a protective function necessary for their stability and activity. This protein is also a carboxypeptidase and can deamidate tachykinins.
kmeans	35	Orchid 3	#ef75cd	2	NEU1	9606.ENSP00000364782	Sialidase-1; Catalyzes the removal of sialic acid (N-acetylneuraminic acid) moieties from glycoproteins and glycolipids. To be active, it is strictly dependent on its presence in the multienzyme complex. Appears to have a preference for alpha 2-3 and alpha 2-6 sialyl linkage.
kmeans	36	Hot Pink 2	#ef75be	2	PPP3CC	9606.ENSP00000380878	Serine/threonine-protein phosphatase 2B catalytic subunit gamma isoform; Calcium-dependent, calmodulin-stimulated protein phosphatase which plays an essential role in the transduction of intracellular Ca(2+)-mediated signals. Dephosphorylates and activates transcription factor NFATC1. Dephosphorylates and inactivates transcription factor ELK1. Dephosphorylates DARPP32; Belongs to the PPP phosphatase family. PP-2B subfamily.
kmeans	36	Hot Pink 2	#ef75be	2	SSH2	9606.ENSP00000444743	Protein phosphatase Slingshot homolog 2; Protein phosphatase which regulates actin filament dynamics. Dephosphorylates and activates the actin binding/depolymerizing factor cofilin, which subsequently binds to actin filaments and stimulates their disassembly. Inhibitory phosphorylation of cofilin is mediated by LIMK1, which may also be dephosphorylated and inactivated by this protein.
kmeans	37	Hot Pink	#ef75b0	2	LPCAT1	9606.ENSP00000283415	Lysophosphatidylcholine acyltransferase 1; Possesses both acyltransferase and acetyltransferase activities. Activity is calcium- independent (By similarity). Mediates the conversion of 1-acyl-sn- glycero-3-phosphocholine (LPC) into phosphatidylcholine (PC). Displays a clear preference for saturated fatty acyl-CoAs, and 1-myristoyl or 1-palmitoyl LPC as acyl donors and acceptors, respectively. May synthesize phosphatidylcholine in pulmonary surfactant, thereby playing a pivotal role in respiratory physiology. Involved in the regulation of lipid droplet number and size.
kmeans	37	Hot Pink	#ef75b0	2	PAFAH1B3	9606.ENSP00000444935	Platelet-activating factor acetylhydrolase IB subunit gamma; Inactivates paf by removing the acetyl group at the sn-2 position. This is a catalytic subunit. Plays an important role during the development of brain; Belongs to the 'GDSL' lipolytic enzyme family. Platelet- activating factor acetylhydrolase IB beta/gamma subunits subfamily.
kmeans	38	Pale Violet Red	#ef75a1	2	ATP1A1	9606.ENSP00000445306	Sodium/potassium-transporting ATPase subunit alpha-1; This is the catalytic component of the active enzyme, which catalyzes the hydrolysis of ATP coupled with the exchange of sodium and potassium ions across the plasma membrane. This action creates the electrochemical gradient of sodium and potassium ions, providing the energy for active transport of various nutrients. Belongs to the cation transport ATPase (P-type) (TC 3.A.3) family. Type IIC subfamily.
kmeans	38	Pale Violet Red	#ef75a1	2	ATP1A3	9606.ENSP00000444688	Sodium/potassium-transporting ATPase subunit alpha-3; This is the catalytic component of the active enzyme, which catalyzes the hydrolysis of ATP coupled with the exchange of sodium and potassium ions across the plasma membrane. This action creates the electrochemical gradient of sodium and potassium ions, providing the energy for active transport of various nutrients; Belongs to the cation transport ATPase (P-type) (TC 3.A.3) family. Type IIC subfamily.
kmeans	39	Pink	#ef7592	2	CFD	9606.ENSP00000468253	Complement factor D; Factor D cleaves factor B when the latter is complexed with factor C3b, activating the C3bbb complex, which then becomes the C3 convertase of the alternate pathway. Its function is homologous to that of C1s in the classical pathway; Belongs to the peptidase S1 family.
kmeans	39	Pink	#ef7592	2	RETN	9606.ENSP00000221515	Resistin; Hormone that seems to suppress insulin ability to stimulate glucose uptake into adipose cells (By similarity). Potentially links obesity to diabetes (By similarity). Promotes chemotaxis in myeloid cells.
kmeans	40	Light Coral	#ef7583	2	FYB1	9606.ENSP00000493623	FYN-binding protein 1; Acts as an adapter protein of the FYN and LCP2 signaling cascades in T-cells (By similarity). May play a role in linking T-cell signaling to remodeling of the actin cytoskeleton. Modulates the expression of IL2 (By similarity). Involved in platelet activation (By similarity). Prevents the degradation of SKAP1 and SKAP2. May be involved in high affinity immunoglobulin epsilon receptor signaling in mast cells (By similarity). ECO:0000250|UniProtKB:O35601.
kmeans	40	Light Coral	#ef7583	2	SKAP2	9606.ENSP00000005587	Src kinase-associated phosphoprotein 2; May be involved in B-cell and macrophage adhesion processes. In B-cells, may act by coupling the B-cell receptor (BCR) to integrin activation. May play a role in src signaling pathway. Belongs to the SKAP family.
