"","Name","p_value","p_adj","time0","time12","Group","Logfc"
"1","KV37_HUMAN",0.871207794174552,0.925929564876263,9.17800920853464e-05,6.39316758277783e-05,"time0",-0.521650342840506
"2","LV218_HUMAN",0.750994967158646,0.851336674670448,4.09122038908416e-06,4.8920042865758e-06,"time12",0.25789441246201
"3","LV310_HUMAN",0.164184082299471,0.312714133792965,2.53149642828025e-05,1.46458876171997e-05,"time0",-0.789494818019655
"4","LV39_HUMAN",0.148181300852659,0.292397393456536,1.14708940228611e-05,1.55638723757944e-05,"time12",0.44022321828518
"5","KV228_HUMAN",0.597807770594955,0.72708324450492,0.000389790242537318,0.00041353634264673,"time12",0.0853161461094787
"6","HV404_HUMAN",0.475532659596901,0.627005826166856,1.66201711002404e-06,1.33150371124973e-06,"time0",-0.31987878462315
"7","KVD24_HUMAN",0.871207794174552,0.925929564876263,0.000121414274801978,0.000105656907192738,"time0",-0.200550965912753
"8","KVD29_HUMAN",0.552076886516813,0.694514583648889,5.96346379759497e-06,4.82229480050195e-06,"time0",-0.306430694459894
"9","KV127_HUMAN",0.0775998538707887,0.193529823453119,1.12340859159948e-05,9.9567450301964e-06,"time0",-0.174136649954375
"10","LV545_HUMAN",0.201279706355701,0.345670985066878,3.38923666199655e-06,4.76310987555858e-06,"time12",0.490943449058849
"11","KVD15_HUMAN",0.793420613685745,0.87883896836063,1.61714320583993e-05,1.17028651163123e-05,"time0",-0.466585665856305
"12","KVD08_HUMAN",0.036241709702006,0.120664287653335,3.44560991354303e-06,8.7905018584895e-06,"time12",1.35118615306282
"13","KV240_HUMAN",0.702238315221897,0.811466329429366,4.21344411701932e-06,4.72648160973598e-06,"time12",0.165766650882797
"14","HV145_HUMAN",0.446872820710831,0.599409691916863,9.35232460674675e-06,2.9399438212108e-06,"time0",-1.66953641760581
"15","HV349_HUMAN",0.183969093486667,0.326164261025782,6.22927859008943e-05,3.7593218763536e-05,"time0",-0.728592649616465
"16","KVD21_HUMAN",0.0243902414330541,0.0947839375924736,3.56258796922283e-06,7.8470157500354e-07,"time0",-2.18270963735668
"17","HV601_HUMAN",0.149060718104777,0.293454076875356,1.28677052991565e-05,4.35621560134628e-06,"time0",-1.56260753639327
"18","HV315_HUMAN",0.0726974142612456,0.185962165046004,7.34899678290123e-05,2.35718140002395e-05,"time0",-1.64048453262861
"19","HV321_HUMAN",0.833634883024682,0.902699570197702,3.86433688062657e-05,6.51188660407693e-06,"time0",-2.56907338692891
"20","HV226_HUMAN",0.754418293600069,0.854299164336985,6.9423890677359e-06,6.94156752425425e-06,"time0",-0.00017073471821718
"21","HV373_HUMAN",0.15063055879143,0.294905756356278,8.74363317756442e-06,4.05992847291236e-06,"time0",-1.10677856627022
"22","HV374_HUMAN",0.558067532370401,0.697059257810206,4.29874827213917e-06,2.32032602028409e-06,"time0",-0.88958910361765
"23","HV343_HUMAN",0.504879873834092,0.653191829016084,1.95903261205921e-06,1.21010435617398e-06,"time0",-0.695009947342272
"24","HV372_HUMAN",0.190413502277319,0.334905727061964,2.17375682483076e-05,1.16818833306641e-05,"time0",-0.895917675616992
"25","GAL3B_HUMAN",0.649766048056904,0.770355816801089,7.61605965257545e-05,6.33868709253362e-05,"time0",-0.26486072703313
"26","KVD13_HUMAN",0.224306571197272,0.371748931676277,1.5956611708288e-05,1.17271958616614e-05,"time0",-0.444296250537968
"27","HV69D_HUMAN",0.698152376218751,0.808935818264713,6.58787481658774e-06,4.17024153924789e-06,"time0",-0.659682194507275
"28","KV621_HUMAN",0.504903176723131,0.653191829016084,2.08592596443476e-06,1.06352624102211e-06,"time0",-0.971832323113559
"29","HV103_HUMAN",0.0379099253645911,0.124210633133682,1.12328471271766e-05,1.31114911162777e-05,"time12",0.223108120735776
"30","HV118_HUMAN",0.715132966637612,0.823022969118777,1.97400480922739e-05,1.63965800524221e-05,"time0",-0.267730571222574
"31","HV320_HUMAN",0.610120154797508,0.737768442045732,9.09901815842423e-07,6.4808253111828e-07,"time0",-0.489533330652674
"32","HV124_HUMAN",0.540817904242618,0.684676842314785,3.76817757883349e-06,2.01118093074672e-06,"time0",-0.90582407903341
"33","HV428_HUMAN",0.683480902201426,0.79579560016552,1.15266919253271e-06,1.38144566991719e-06,"time12",0.261200294674249
"34","HV335_HUMAN",0.727537666179043,0.832362286633579,3.20990468740911e-06,3.52700018421816e-06,"time12",0.135911191478076
"35","HV338_HUMAN",0.846522692946842,0.910549260754814,1.12140906441872e-05,8.27572359221591e-06,"time0",-0.43835527101498
"36","HV551_HUMAN",0.170598395168781,0.320738578138705,6.58727054666094e-05,5.06168998911684e-05,"time0",-0.380061654352283
"37","HV461_HUMAN",0.102917539402853,0.23179730876819,4.28630099032742e-06,8.81942415752284e-07,"time0",-2.28097679496074
"38","KV108_HUMAN",0.155028820861427,0.299386384493394,3.01397830011602e-06,3.9370586251067e-06,"time12",0.385449165297738
"39","KV112_HUMAN",0.175449517732151,0.324392732032339,8.88146864771942e-06,6.9543569865287e-06,"time0",-0.352881135139874
"40","HV64D_HUMAN",0.254850657012459,0.408321613287398,1.00242973082599e-05,8.14306901578181e-06,"time0",-0.299856574048466
"41","HV5X1_HUMAN",0.742479646732962,0.844408021693828,6.54321434528559e-06,7.37944035861988e-06,"time12",0.173511877581693
"42","CHD9N_HUMAN",0.0294393382970782,0.106129635825923,2.97496913067566e-06,6.57292878968418e-06,"time12",1.1436616565624
"43","RBM47_HUMAN",0.445557221814621,0.598855374864701,6.71997325117474e-06,7.87812212159681e-06,"time12",0.229396290484678
"44","IFT56_HUMAN",0.178513658005411,0.324392732032339,3.50266259139789e-05,5.7968531987207e-05,"time12",0.726817929617297
"45","UBA6_HUMAN",0.330531408238157,0.490523698298271,0.000124429134190928,0.000105760254464546,"time0",-0.234526768575968
"46","ESYT2_HUMAN",0.259664077416004,0.414366426504353,2.8238812437037e-05,3.33161540698852e-05,"time12",0.238542450972924
"47","BLT3B_HUMAN",1,1,9.19200611884209e-07,6.720227883488e-07,"time0",-0.45186960260037
"48","IGLC7_HUMAN",0.0759269629825577,0.191274462207852,5.51315987682913e-07,1.99330088644999e-07,"time0",-1.4677199391808
"49","SHOT1_HUMAN",0.00566756380151438,0.0411829179883764,4.05836815278941e-07,5.62624616579152e-06,"time12",3.79320102694885
"50","RHG10_HUMAN",0.41849223344682,0.572386780791985,3.71135369936038e-07,1.86088740158794e-06,"time12",2.32597335917694
"51","CF119_HUMAN",0.18144920772142,0.324392732032339,0,4.68249549273324e-07,"time12",Inf
"52","BICL2_HUMAN",0.0047289220599092,0.0369722754588055,7.67844450472745e-07,6.66648786501747e-06,"time12",3.11804091495834
"53","ARH37_HUMAN",0.410116991679081,0.568359348329269,8.14630590713079e-07,1.2049186515407e-06,"time12",0.564717852098042
"54","HACL2_HUMAN",0.000867096646388231,0.0148049152581706,2.98683044929796e-06,1.07138797269664e-05,"time12",1.84279375677707
"55","PKHG3_HUMAN",0.286320596793059,0.442253148343662,7.39066504363124e-07,2.70596862506354e-07,"time0",-1.44955907830626
"56","SPD2B_HUMAN",0.361310428526179,0.521659944304294,8.79793294574731e-08,3.00635873645141e-07,"time12",1.77278065963521
"57","CBAR1_HUMAN",0.244648067126581,0.395529879275211,2.06521725058689e-06,4.71017368012632e-06,"time12",1.18948670391947
"58","CCD78_HUMAN",0.284004688513666,0.44026992070909,4.46212678082009e-06,7.20760977251825e-06,"time12",0.691789399312247
"59","KV229_HUMAN",0.702238315221897,0.811466329429366,1.10169524211055e-05,1.01744787245262e-05,"time0",-0.114770309810839
"60","NBAS_HUMAN",0.0713479588545847,0.183257770765274,9.12073241363313e-06,5.66014746797273e-06,"time0",-0.688310039291869
"61","DEND3_HUMAN",0.118797104639863,0.252752076917842,1.74646859875863e-05,1.10611206241397e-05,"time0",-0.658943148244885
"62","DCD2B_HUMAN",0.553119859732585,0.694735039022838,2.86839021260571e-05,3.67476284491344e-05,"time12",0.357409846938623
"63","VWA8_HUMAN",0.726767806199101,0.831924895827372,5.28022377305714e-06,2.60475692122393e-06,"time0",-1.01945032662282
"64","SBNO1_HUMAN",0.932646638965876,0.97016690605071,9.04570061932889e-07,1.77623564103378e-06,"time12",0.97351883309515
"65","WDR91_HUMAN",0.670128703919811,0.786750915460289,2.7258621088501e-06,2.33818818530713e-06,"time0",-0.221321535925564
"66","RAB19_HUMAN",0.00851998428925655,0.0522443731119223,1.6164289622234e-05,7.02084651156473e-06,"time0",-1.20309321269124
"67","POTEF_HUMAN",0.404494503512979,0.563180808737301,1.8973994379576e-05,2.22923641972508e-05,"time12",0.232526203549478
"68","VP37C_HUMAN",0.45121347001298,0.603470232061695,7.99166435067498e-06,6.62206236567478e-06,"time0",-0.271215393412478
"69","ODAD3_HUMAN",0.17465019651046,0.324392732032339,6.00509612560117e-05,9.42107358176061e-05,"time12",0.649704132205587
"70","CFA69_HUMAN",0.0590582290905367,0.162648302403985,0,1.59157637852005e-06,"time12",Inf
"71","CNOT1_HUMAN",0.828806902024348,0.902699570197702,5.21633645003895e-05,4.30781529935342e-05,"time0",-0.276080530755753
"72","CDHR4_HUMAN",0.0184310710959686,0.0793730758610123,1.3609587101203e-05,3.95147118605338e-05,"time12",1.53776659029839
"73","CC88B_HUMAN",0.0145487249403502,0.0681564973087937,0.00020015772041892,7.42823230929537e-05,"time0",-1.43004642427064
"74","MP3B2_HUMAN",0.416997511090476,0.572386780791985,4.42466773131503e-06,6.04464904554296e-06,"time12",0.450089457876751
"75","VWA3A_HUMAN",0.18144920772142,0.324392732032339,0,1.20383726123578e-06,"time12",Inf
"76","PGP_HUMAN",0.972751847814624,0.994564667407866,1.39095413724083e-05,1.44130335820638e-05,"time12",0.0512991666973394
"77","RIMC1_HUMAN",0.169984847087703,0.320593461210878,7.23773934876621e-06,4.48078214543414e-06,"time0",-0.691788568458532
"78","EFC10_HUMAN",0.850603560371215,0.913870841181422,9.15438078525313e-06,1.06122071071439e-05,"time12",0.213190527912652
"79","TCAF2_HUMAN",0.352542137499713,0.513719001533492,3.86053818248134e-07,8.3043939295673e-07,"time12",1.1050728994383
"80","CFA73_HUMAN",0.183430618982178,0.326164261025782,5.62154515681796e-07,2.68969796114886e-06,"time12",2.25840554077694
"81","TBAL3_HUMAN",0.441208519505878,0.594481950599731,1.11663447553812e-06,5.91698939192702e-07,"time0",-0.916221790699379
"82","SMHD1_HUMAN",0.530611493590147,0.674615251429108,0.000113494833018154,9.06317404620093e-05,"time0",-0.32453832346769
"83","LIRA5_HUMAN",0.833935414088552,0.902699570197702,4.87433837803615e-07,5.71860359653282e-07,"time12",0.2304564970822
"84","CCD69_HUMAN",0.414823067184775,0.572386780791985,2.47412844098265e-06,7.24647213370535e-07,"time0",-1.77156968705812
"85","SWAHD_HUMAN",0.5360092697932,0.680030452097448,1.34833626689099e-05,1.15660116392701e-05,"time0",-0.221288881722565
"86","F166C_HUMAN",0.0157854879847244,0.0722503599484743,4.41424761333978e-07,3.19607859882525e-06,"time12",2.85606342413675
"87","SNTAN_HUMAN",0.30458604753525,0.461164122161736,5.34986509548677e-06,4.19524152409275e-06,"time0",-0.350748641951796
"88","ENO4_HUMAN",0.230024245060274,0.378390199874694,9.67379186052701e-07,3.3337803125482e-06,"time12",1.78500563512856
"89","RIAD1_HUMAN",0.105645429201877,0.233106815154345,1.24933824293677e-07,7.82052247014502e-07,"time12",2.64610087197318
"90","CD047_HUMAN",0.0426947379917663,0.134148169397591,8.37021623881576e-06,3.78655575401544e-06,"time0",-1.14437872289654
"91","ZSWM8_HUMAN",0.0418880664903521,0.133938662284193,0.000131444773868125,3.0553954063249e-06,"time0",-5.42695387766685
"92","A2ML1_HUMAN",0.0264042592493652,0.0985704003102865,0.000271419105282984,0.000561521566683391,"time12",1.04881915798748
"93","CLCA1_HUMAN",0.204893893816379,0.349625856217291,2.23275150122568e-05,3.36018975125151e-06,"time0",-2.73220808233645
"94","EFCB7_HUMAN",0.00333335402513658,0.0301362232052216,3.26520425710549e-07,6.96137584880931e-06,"time12",4.41412732052691
"95","ZBBX_HUMAN",0.84451926747294,0.909991236233052,2.12773207930545e-06,1.84911862403724e-06,"time0",-0.202478721374151
"96","F166B_HUMAN",0.0590582290905367,0.162648302403985,0,1.70394911032219e-06,"time12",Inf
"97","HIDE1_HUMAN",0.544880281339637,0.686763013387139,2.09588439210878e-05,1.91132766753565e-05,"time0",-0.132984013517485
"98","NCF1C_HUMAN",0.0376328835201408,0.123914671039581,2.19478204900625e-06,6.63075039452846e-07,"time0",-1.72683362839353
"99","NUD19_HUMAN",0.285881444542875,0.442253148343662,1.81098294706558e-06,3.42281407297504e-06,"time12",0.918409966017994
"100","ODF3B_HUMAN",0.0154514110631426,0.0711970693283157,9.31342783171624e-06,2.91720182366628e-05,"time12",1.64720104273313
"101","UPK3L_HUMAN",0.47699540097961,0.627005826166856,1.11231334153108e-05,1.43801259606184e-05,"time12",0.370513056687828
"102","MYO1G_HUMAN",0.983833581209183,1,0.000397412269105724,0.000406863371169005,"time12",0.0339079913855511
"103","FHAD1_HUMAN",0.148778617087727,0.292995278557532,1.81148682124777e-06,5.20156791260107e-06,"time12",1.52177225140526
"104","ESPN_HUMAN",0.0224942712224497,0.0893339641035185,1.17428490360449e-07,1.57806622070069e-06,"time12",3.74830336573405
"105","R10B2_HUMAN",0.0103239347370814,0.0574160727975671,7.32547685685182e-06,0.000108805577722535,"time12",3.89268602963154
"106","FM25A_HUMAN",0.0559184385447842,0.160407567065284,2.13995966373184e-05,4.83129447416833e-05,"time12",1.17482618632405
"107","TARM1_HUMAN",0.313467976829381,0.471623230630199,6.56091573890454e-06,5.21373046850433e-06,"time0",-0.331581190306972
"108","HNRC3_HUMAN",0.504903176723131,0.653191829016084,1.68838781993554e-06,3.87382478097313e-06,"time12",1.19811237329693
"109","WASH3_HUMAN",0.0204269185676862,0.0850836712725173,1.68591819845913e-05,6.77478679396946e-06,"time0",-1.31528708780146
"110","UMAD1_HUMAN",0.23395283347059,0.383374560855921,3.99813933204364e-07,8.54272674564705e-07,"time12",1.09536788619249
"111","CFA99_HUMAN",0.0590582290905367,0.162648302403985,0,8.29885391732595e-07,"time12",Inf
"112","NACAM_HUMAN",0.0208498518913984,0.0854093243821853,2.70112004060735e-05,5.7604448080436e-05,"time12",1.09262246134557
"113","CNIPF_HUMAN",0.0488695379535374,0.14749759989716,1.325437192602e-05,7.55039569500828e-06,"time0",-0.811844148903861
"114","STMD1_HUMAN",0.22463863892378,0.372196002854852,1.35010608992379e-05,2.39368891162945e-05,"time12",0.826162891871291
"115","PIRC2_HUMAN",0.0829604137452953,0.202916687674303,6.64076878479488e-07,2.06854243334762e-06,"time12",1.63919237934902
"116","CRCC2_HUMAN",0.0135948854417752,0.0676121987874464,8.54554331891083e-06,4.90211175484077e-05,"time12",2.52015924876622
"117","S35U4_HUMAN",0.0117369771161821,0.0615495735864407,2.21439055448822e-06,5.12864696950096e-06,"time12",1.21166857253009
"118","DCDC1_HUMAN",0.0142661867014469,0.0681564973087937,0,5.13230598141707e-07,"time12",Inf
"119","DNS2A_HUMAN",0.208412803684149,0.351652450961983,3.25496573564886e-06,2.20010356391308e-06,"time0",-0.565070920210764
"120","ADAS_HUMAN",0.17311531842724,0.324245154269647,0.000168767428747824,0.000139813131321702,"time0",-0.271536632389682
"121","KIF2A_HUMAN",0.0379099253645911,0.124210633133682,1.30987926885316e-05,2.25382323200152e-05,"time12",0.782940523806913
"122","KITM_HUMAN",0.609189087616086,0.737768442045732,4.69697214229707e-06,5.20393211873995e-06,"time12",0.147871106331394
"123","DX39A_HUMAN",0.502654307083789,0.651266912973947,1.70641691478771e-05,1.89999135553154e-05,"time12",0.155022683165011
"124","PDLI1_HUMAN",0.00663953647017479,0.0452716339456096,3.11792563674824e-05,6.6342197931355e-05,"time12",1.08934028988252
"125","BACH_HUMAN",0.00123013955537317,0.0175641036696892,1.03731192131863e-06,4.54408237879633e-06,"time12",2.13113920937407
"126","MYO1C_HUMAN",0.011303061619401,0.0601721809738699,1.9029053499775e-05,3.76699070258456e-05,"time12",0.985208668417211
"127","MYO1F_HUMAN",0.0196608155965805,0.0823520698165325,0.000934798673063173,0.000646586891445904,"time0",-0.531811426892945
"128","SNP23_HUMAN",0.00186400674283505,0.0217031428361671,0.000359796606433582,0.000209003404336493,"time0",-0.783655137565973
"129","AIP_HUMAN",0.0421700405387188,0.134050905874278,1.67376168671888e-05,5.81291137490004e-06,"time0",-1.52576131076438
"130","GTPB1_HUMAN",0.502654307083789,0.651266912973947,3.46656878505826e-05,1.6406225423476e-05,"time0",-1.07926503083782
"131","LEG9_HUMAN",7.99447298049928e-06,0.00171321307396894,6.81775424434188e-06,2.020550723906e-05,"time12",1.56738006786168
"132","STXB3_HUMAN",0.0305935101730879,0.109095544038122,3.16259460609897e-05,2.09805953216222e-05,"time0",-0.592053022565905
"133","MASP2_HUMAN",0.0590582290905367,0.162648302403985,0,1.04178467903778e-06,"time12",Inf
"134","AP4M1_HUMAN",0.589638551626567,0.719932761419764,1.55309611719749e-06,6.20162956719565e-07,"time0",-1.3244278579829
"135","SMAP_HUMAN",0.0775561667436655,0.193529823453119,1.33629769223872e-06,3.5323626299335e-06,"time12",1.40239201826935
"136","RB27B_HUMAN",0.0262289941310883,0.0984081544880592,3.1920537089053e-05,4.21905881931476e-05,"time12",0.402436274508753
"137","AP3B1_HUMAN",0.634280692355755,0.757106030263974,3.08381735360582e-05,2.85107411317015e-05,"time0",-0.1132117783818
"138","ST2B1_HUMAN",0.0255309023443912,0.0968229077479674,3.42956948870374e-05,8.43338229546959e-05,"time12",1.29808386770851
"139","NDUS8_HUMAN",0.674165890945232,0.788210291797797,1.10896233149618e-05,1.33831970451608e-05,"time12",0.271212433555077
"140","PSD11_HUMAN",0.823576943948865,0.899221475873808,0.000156797427911849,0.000164862469374799,"time12",0.0723611155585011
"141","PSD12_HUMAN",0.124134462326765,0.260091091719384,8.54830638309025e-05,0.000105489639056469,"time12",0.303390785569583
"142","PSMD9_HUMAN",0.401955870840969,0.560953835638576,5.90957789701194e-06,9.6610300034089e-06,"time12",0.709121922292148
"143","SIRB1_HUMAN",0.819193975209287,0.896947817448827,9.34305976063157e-06,8.31647032462732e-06,"time0",-0.167923746017278
"144","ATOX1_HUMAN",0.332720434640848,0.493626218606504,2.73224198376375e-06,4.62587936357334e-06,"time12",0.759642379981219
"145","PGRC1_HUMAN",0.0126500966525287,0.0644701598170258,1.3558702946603e-05,2.43187774542922e-05,"time12",0.842851530004741
"146","SPT5H_HUMAN",0.875904939798392,0.930259638231827,1.24021077038256e-05,1.23031922403536e-05,"time0",-0.0115526313376733
"147","DFFA_HUMAN",0.787406490666269,0.875335747022078,4.13642610747611e-07,8.92207445619976e-07,"time12",1.10899437740762
"148","HIP1_HUMAN",0.281262688894038,0.436358971627035,9.83945619380609e-06,5.07195437849848e-06,"time0",-0.956036814325114
"149","CLIC1_HUMAN",0.157947674393654,0.303741615954055,0.0012598121765644,0.00143718700193829,"time12",0.190039132034555
"150","EIF3F_HUMAN",0.00127362695713335,0.0177328060954721,3.32155471257365e-05,5.20050668837662e-05,"time12",0.646793514062328
"151","WWP2_HUMAN",0.374041129054169,0.534101760420882,5.54060751459733e-06,4.84793586424125e-06,"time0",-0.192673560263781
"152","PK3CD_HUMAN",0.573977560740548,0.712018270052605,1.22355431224206e-05,6.331226012471e-05,"time12",2.37140675539253
"153","ODPX_HUMAN",0.577429828019585,0.715260962828905,1.06785354726765e-05,8.0247831499804e-06,"time0",-0.41217948694549
"154","QSOX1_HUMAN",0.0472590494900942,0.143361250687828,0.000261431934036621,0.0003381835332422,"time12",0.371371036279085
"155","DCTN6_HUMAN",0.0360316862182336,0.120434953431175,0,7.14038951673243e-07,"time12",Inf
"156","ACATN_HUMAN",0.0755605675259413,0.191274462207852,4.92142751437372e-07,1.73635598420157e-06,"time12",1.81891400553281
"157","WASL_HUMAN",0.787406490666269,0.875335747022078,6.80972752871233e-07,6.27103825960366e-07,"time0",-0.118892752686302
"158","IPO5_HUMAN",0.477106481790543,0.627005826166856,0.000143449571299486,0.000171040986139123,"time12",0.253798419468722
"159","CCRL2_HUMAN",0.855132140584706,0.913870841181422,1.96794968223579e-07,2.72946105603731e-07,"time12",0.471922779429197
"160","SAP18_HUMAN",0.127038367188778,0.263351999905413,2.90774837123131e-06,6.46514962371748e-06,"time12",1.15278133119465
"161","DNM1L_HUMAN",0.762099583946506,0.857900643594511,2.44794228494542e-05,2.35660022086218e-05,"time0",-0.0548625068523827
"162","RTCA_HUMAN",0.640632830011946,0.761873036867325,1.06311504040557e-05,1.14005629797516e-05,"time12",0.100807348621741
"163","LST1_HUMAN",0.0463162747914834,0.14175973090753,5.1638402548914e-05,3.09352351296567e-05,"time0",-0.739193371591042
"164","P85B_HUMAN",0.944182513250483,0.975815282932568,4.26526210390457e-07,4.79573261065722e-07,"time12",0.169116823470388
"165","MANBA_HUMAN",0.411258108705695,0.568884827072514,3.25120966502753e-05,2.74094740600303e-05,"time0",-0.246301950368746
"166","AGRIN_HUMAN",1.8841157194807e-05,0.00216419676778043,5.50664407249135e-06,2.69897410532345e-05,"time12",2.29316586870867
"167","EXOC5_HUMAN",0.556113274767995,0.69514031573096,2.47942357031789e-05,2.12392095708627e-05,"time0",-0.223274677684907
"168","BT3A3_HUMAN",0.528612125255688,0.674615251429108,2.88035435576247e-06,1.21163896786099e-06,"time0",-1.24928642731539
"169","NDUA4_HUMAN",0.000955073029182218,0.0154179762251497,9.83471508195939e-06,2.24146996470059e-05,"time12",1.18849000524502
"170","PSDE_HUMAN",0.862662739174041,0.919629580775753,3.68834587340056e-05,3.86645046650973e-05,"time12",0.0680357802973525
"171","BIN1_HUMAN",0.0329693812442201,0.114425400448418,4.19749003626685e-07,4.36842251221097e-06,"time12",3.3795135942355
"172","IMA4_HUMAN",0.411258108705695,0.568884827072514,2.5771127385387e-05,3.00931883532082e-05,"time12",0.223681316537643
"173","STK25_HUMAN",0.842429645612509,0.908929240109017,6.01344423146071e-06,2.38667974761304e-06,"time0",-1.33318654481988
"174","USP9Y_HUMAN",0.0590582290905367,0.162648302403985,0,6.71008985717383e-07,"time12",Inf
"175","LAD1_HUMAN",0.177529852412153,0.324392732032339,4.42784580769756e-06,1.80829866813664e-07,"time0",-4.61390009789854
"176","FAAH1_HUMAN",0.702238315221897,0.811466329429366,1.6389498883859e-05,5.24575536163491e-06,"time0",-1.64354931057996
"177","NCHL1_HUMAN",0.443231075591052,0.596668743408915,1.44668856705847e-06,2.74497312653441e-06,"time12",0.924037643170701
"178","VMA5A_HUMAN",0.00538640817961186,0.0396707966175359,5.08811521920436e-06,1.14358452226042e-05,"time12",1.16835975358664
"179","SDCB1_HUMAN",1.59777700901032e-05,0.00203053661166354,0.000666707556041729,0.000345940349491199,"time0",-0.946530782459616
"180","PITM1_HUMAN",0.871745706248599,0.926336435407024,1.36368833033906e-05,1.41812414678832e-05,"time12",0.0564698804363828
"181","NOP56_HUMAN",0.432034892005007,0.58576828321718,6.77008432195302e-06,8.43197802030681e-06,"time12",0.316697303500563
"182","DDX3X_HUMAN",0.183969093486667,0.326164261025782,0.000164138459724003,0.000139223323245007,"time0",-0.237512402771205
"183","RNT2_HUMAN",0.000460106879472733,0.0109932106953017,8.77428728967788e-05,3.83012572460326e-05,"time0",-1.19589019450854
"184","PODXL_HUMAN",0.437996240802996,0.591755608757362,7.033231976468e-06,7.84119462305478e-06,"time12",0.15688566643928
"185","FCN1_HUMAN",0.903226472437382,0.950153525866235,0.000411002872293535,0.000412215588834323,"time12",0.00425058836172764
"186","PIR_HUMAN",0.41849223344682,0.572386780791985,1.65306606953858e-07,4.98764719468916e-07,"time12",1.59321503132287
"187","IMA3_HUMAN",0.0936860038025301,0.221355419585646,3.3201436783935e-06,5.46121223570662e-06,"time12",0.717975549272059
"188","PPP6_HUMAN",0.279625921636786,0.435732003546966,3.44774699116711e-05,2.71143603038399e-05,"time0",-0.346596773903951
"189","EST2_HUMAN",0.00854558053412826,0.0522443731119223,7.19771626691204e-06,2.5770216969957e-05,"time12",1.84009354625055
"190","P3C2B_HUMAN",0.838463781922464,0.905959509664051,6.82499956941591e-06,5.17989113079192e-06,"time0",-0.397907178862188
"191","MA2B1_HUMAN",0.000634396353547879,0.0129325918762508,0.000111445689625147,4.58522276479585e-05,"time0",-1.28127708731342
"192","F16P2_HUMAN",0.0360316862182336,0.120434953431175,1.17694226253978e-06,5.50766460047972e-06,"time12",2.22639715896733
"193","PDXK_HUMAN",0.0145380161702633,0.0681564973087937,0.000156256627511688,0.000104127603390057,"time0",-0.585564815749338
"194","SCD_HUMAN",0.18144920772142,0.324392732032339,0,6.49668321979646e-07,"time12",Inf
"195","ARI1A_HUMAN",0.268066760405714,0.424824292890244,1.22430891512195e-06,2.81852446683253e-06,"time12",1.20297246934567
"196","DHSD_HUMAN",0.0309840500984566,0.110031074835442,2.01002290859519e-06,6.1714388650149e-07,"time0",-1.70353314749351
"197","C2C2L_HUMAN",0.142213241936393,0.282889273214279,1.35245505646746e-07,9.87972979350359e-06,"time12",6.19081902758355
"198","FCHO1_HUMAN",0.036241709702006,0.120664287653335,4.81606611281558e-06,1.34296789803401e-06,"time0",-1.84243037755096
"199","TXND9_HUMAN",0.204893893816379,0.349625856217291,3.2385923321159e-07,5.87559653804284e-07,"time12",0.859368457337078
"200","TRAD1_HUMAN",0.0105535866437864,0.0578602989636777,1.07648940253218e-05,3.60238001820826e-06,"time0",-1.57931183146453
"201","COX7R_HUMAN",0.0382810921270392,0.124917370440093,1.05721992430139e-05,5.97230386473861e-06,"time0",-0.823916043982981
"202","ACPM_HUMAN",0.0762117245149028,0.191587807461075,0.000108646989108071,2.21197213723005e-05,"time0",-2.2962430761128
"203","COPE_HUMAN",0.530611493590147,0.674615251429108,5.2812242956208e-05,4.90236705391155e-05,"time0",-0.107393907666736
"204","CTDS2_HUMAN",0.352542137499713,0.513719001533492,9.58459186495026e-07,5.6970105038396e-07,"time0",-0.750511933591196
"205","AP3D1_HUMAN",0.250161630977729,0.403514831712119,2.68753327610388e-05,3.21351037756931e-05,"time12",0.257867513596308
"206","CCS_HUMAN",0.602112702844855,0.731872033799821,3.01910903336931e-06,2.9110185123632e-06,"time0",-0.0525988457053049
"207","ENPP3_HUMAN",0.473189107750515,0.627005826166856,2.20303618715999e-05,2.63527656241183e-05,"time12",0.258461182253021
"208","ABLM1_HUMAN",0.00915168885265007,0.0536965005077396,2.9031957277855e-07,4.33019230656388e-06,"time12",3.8987173533311
"209","IDLC_HUMAN",0.00324982929574922,0.0297262333591272,2.63305740705509e-05,5.40280779499256e-05,"time12",1.03697038298268
"210","CHD2_HUMAN",0.0590582290905367,0.162648302403985,0,4.24699615865269e-07,"time12",Inf
"211","GOSR2_HUMAN",0.192517572436471,0.33731518338605,2.82686738000615e-07,7.84347748733139e-07,"time12",1.47228922804053
"212","TOR1A_HUMAN",0.0184267732358614,0.0793730758610123,0.000127220171928211,8.08171327957006e-05,"time0",-0.654594367255459
"213","TOR1B_HUMAN",0.475495811536078,0.627005826166856,3.2543173339927e-05,2.94830369125896e-05,"time0",-0.142469800010522
"214","STX16_HUMAN",0.020658377241239,0.0854093243821853,2.88274028583147e-06,3.23519360818339e-07,"time0",-3.15551690912286
"215","ADA10_HUMAN",0.618953802351261,0.744614513886018,4.73691784931322e-05,4.46373445248295e-05,"time0",-0.0856974481810521
"216","P5I11_HUMAN",0.0590582290905367,0.162648302403985,0,1.31912073851849e-06,"time12",Inf
"217","PTGES_HUMAN",0.897142487591123,0.945919166528116,2.79923235168323e-06,1.15322037327051e-05,"time12",2.04256508080277
"218","KMT2D_HUMAN",0.615518503675301,0.742125963353365,2.5668521966978e-06,1.27534781096697e-06,"time0",-1.00910947530272
"219","APAF_HUMAN",0.00284505134147752,0.0275421258713861,0.000387411291308715,0.000172946243889844,"time0",-1.163542321601
"220","IMPA2_HUMAN",0.0973952099409877,0.227011289394017,2.81170994659942e-06,4.837887841649e-06,"time12",0.782929548231389
"221","MP2K7_HUMAN",0.0293825411093689,0.106107568347195,1.79434497720026e-06,2.29579827229196e-07,"time0",-2.96638950095621
"222","ACOT8_HUMAN",0.635586122278767,0.757906949165716,9.11064183563989e-07,1.95634930873863e-06,"time12",1.10253938923588
"223","CDIPT_HUMAN",0.516534867704981,0.664354600517195,2.21088930960702e-05,2.53569049620758e-05,"time12",0.19775186535346
"224","PDCD5_HUMAN",0.589638551626567,0.719932761419764,5.62053445008796e-07,4.26162031346276e-06,"time12",2.92262283651003
"225","ANM5_HUMAN",0.00324982929574922,0.0297262333591272,7.67335937207593e-06,1.55016223577318e-05,"time12",1.01448898355722
"226","NHRF1_HUMAN",0.0879385676234961,0.210777313168195,0.000498636398503615,0.000685882974961191,"time12",0.459974247668977
"227","FPGT_HUMAN",0.0672992995238676,0.175613244235937,6.35732852298823e-06,8.85454828322612e-06,"time12",0.47799806599452
"228","TPP1_HUMAN",0.129353076219559,0.266606599123335,8.43346721137451e-05,0.000104572968532178,"time12",0.31031218539253
"229","TCRG1_HUMAN",0.572081696065726,0.71055187577471,2.1138132727971e-06,1.28231126206121e-06,"time0",-0.721101442175902
"230","NRP1_HUMAN",0.422678074170635,0.576010982665117,2.32284416019272e-07,1.04814461324676e-06,"time12",2.17387350827772
"231","TNPO2_HUMAN",0.420913477889276,0.57420079062492,5.26772607864583e-06,8.40493398182419e-06,"time12",0.674056160066533
"232","APOL1_HUMAN",0.0105491877123423,0.0578602989636777,3.64221536988172e-06,7.84373302723599e-06,"time12",1.10672419851223
"233","HS3S1_HUMAN",0.0178171887595787,0.0780220443262197,3.37708637815428e-07,2.31617982284209e-06,"time12",2.777896279407
"234","CAN9_HUMAN",0.293621543928906,0.449665813510046,2.45462461097268e-07,1.16805093887444e-06,"time12",2.25052887849618
"235","PSA7_HUMAN",0.000169897451996803,0.00630588911920646,0.000469359939543325,0.000210176383418224,"time0",-1.15909414208625
"236","SCAM3_HUMAN",0.776388431769708,0.870906054059416,4.34679276219743e-06,1.25852076855586e-05,"time12",1.53370580415767
"237","OPLA_HUMAN",0.518430986497965,0.666506302701753,6.77263564068424e-06,8.17723468135868e-06,"time12",0.271895662710368
"238","BCKD_HUMAN",0.415481291692167,0.572386780791985,3.38749771344688e-06,2.99236536107901e-06,"time0",-0.178933636851821
"239","IFIT3_HUMAN",0.530611493590147,0.674615251429108,3.34788177054981e-05,4.98412314387489e-05,"time12",0.57409113335884
"240","MGST3_HUMAN",0.000556247323105197,0.012050317530131,1.90862885303637e-06,8.72579080205311e-06,"time12",2.19274929867361
"241","IRF6_HUMAN",0.0360316862182336,0.120434953431175,0,1.20193811467453e-06,"time12",Inf
"242","TX1B3_HUMAN",0.0332436644944335,0.114777114465463,4.32312314619874e-06,7.14583690836409e-06,"time12",0.725029054559013
"243","GIPC1_HUMAN",0.000951774418354035,0.0154179762251497,2.48907150258489e-05,4.86916906402625e-05,"time12",0.968067919116216
"244","LIN7A_HUMAN",0.352542137499713,0.513719001533492,8.83861659545314e-07,2.77393259091289e-07,"time0",-1.67188784994026
"245","IKKB_HUMAN",0.00305272204169637,0.0284904824297694,5.72188438134421e-05,2.39528909150049e-05,"time0",-1.25629055851014
"246","HAT1_HUMAN",0.236451020108448,0.385471626258787,7.29864812765228e-06,6.20345384193356e-06,"time0",-0.234557593751886
"247","UB2L6_HUMAN",0.147532419237223,0.29150219652793,1.65820348189174e-06,4.47211944902959e-06,"time12",1.43133766860568
"248","CSKP_HUMAN",0.589638551626567,0.719932761419764,2.73631670277702e-06,6.7985967560384e-07,"time0",-2.00892631113142
"249","QCR8_HUMAN",0.130121209757529,0.266992094085098,3.27010381161981e-05,4.42463162709068e-05,"time12",0.436220912789753
"250","ML12B_HUMAN",0.00158328376710415,0.0197540555897754,0.000516517998777868,0.000883799600648659,"time12",0.774900656549664
"251","HGS_HUMAN",0.0134849102517132,0.0671211407779026,2.95279799431336e-05,1.43136661852537e-05,"time0",-1.04468942325626
"252","RAB7L_HUMAN",0.0652572567829591,0.173005590219536,5.08596646350989e-06,2.67785996609303e-06,"time0",-0.925441429561245
"253","CLGN_HUMAN",0.563317799720071,0.701563223045868,2.90902030206346e-06,7.43617342623067e-06,"time12",1.35402705209615
"254","VP26C_HUMAN",0.0464686337101292,0.141972966317443,3.51318873092095e-06,5.76364743719666e-06,"time12",0.714201007219037
"255","MYPT1_HUMAN",0.0605652313679457,0.163913061604322,4.61843475686116e-05,2.14919997977593e-05,"time0",-1.10360425817828
"256","S27A2_HUMAN",0.685047073289752,0.796842486613377,5.58981827113655e-05,5.1233666977536e-05,"time0",-0.125709226462855
"257","GAK_HUMAN",0.0775998538707887,0.193529823453119,9.11896435730327e-05,6.03134215189271e-05,"time0",-0.596390906376056
"258","HNRDL_HUMAN",0.489846087992191,0.638284690125489,2.05765113929096e-05,3.85959227770513e-05,"time12",0.907450047254496
"259","XPO1_HUMAN",0.903226472437382,0.950153525866235,0.00020485429803762,0.000207896308115722,"time12",0.0212659763703717
"260","BTAF1_HUMAN",0.201242620957724,0.345670985066878,6.80756530445353e-07,1.43462143453126e-07,"time0",-2.24646882579614
"261","AT2A1_HUMAN",0.759765825978067,0.857900643594511,5.49816172380678e-06,1.61824724430501e-06,"time0",-1.76451729601075
"262","SPTN2_HUMAN",0.892979885505748,0.943695834417168,4.81272684600433e-05,7.0832209056655e-05,"time12",0.557550993409144
"263","MAST4_HUMAN",0.105645429201877,0.233106815154345,2.45794797385483e-06,3.58982944222018e-08,"time0",-6.09739526777752
"264","SC16A_HUMAN",0.915223470558748,0.960068456207833,5.16835765930402e-06,4.45536925436856e-06,"time0",-0.214160905363965
"265","PLXB2_HUMAN",0.00229702814267343,0.0249745094267465,1.81954733776683e-05,3.14449524704092e-05,"time12",0.789248869774168
"266","KHNYN_HUMAN",0.0822315201248248,0.201960883924991,3.50979114096947e-06,1.88838163854029e-06,"time0",-0.894234821608884
"267","TCPR2_HUMAN",0.401678166469773,0.560828351641878,3.65384621729555e-07,9.09174386178847e-07,"time12",1.31514112499203
"268","SR140_HUMAN",0.398304593395588,0.559518658596389,1.14300991835446e-06,1.37861229730891e-06,"time12",0.270378866968162
"269","TRNK1_HUMAN",0.153849198537945,0.298454453675592,2.66040203760866e-05,6.03640117764114e-06,"time0",-2.1398836857052
"270","SYNEM_HUMAN",1,1,3.43166259040312e-06,4.24733629533349e-06,"time12",0.307650632379939
"271","KIF3B_HUMAN",0.779481323802983,0.87192043497728,7.74621283475675e-06,1.11547721774046e-05,"time12",0.526098002121511
"272","PUR4_HUMAN",0.00825667030212907,0.0515715885887802,5.25505374697859e-06,1.23461313448644e-05,"time12",1.23228161993953
"273","CE290_HUMAN",0.343252562436031,0.504987082618328,2.01290175910519e-06,1.4696872472203e-06,"time0",-0.453767583422252
"274","ANR28_HUMAN",0.0775561667436655,0.193529823453119,5.82262006437061e-07,2.40005848392833e-06,"time12",2.04332917272689
"275","ARHGB_HUMAN",0.660346099350424,0.778572295977118,7.54787856436685e-07,9.78533905834213e-07,"time12",0.374550628540042
"276","IKKA_HUMAN",0.0601830313411387,0.163913061604322,2.2511849830899e-05,1.09453119102636e-05,"time0",-1.0403715421673
"277","LSM1_HUMAN",0.936475873853508,0.972118594808308,6.94180799476785e-06,7.55734575603132e-06,"time12",0.122568167176559
"278","FYB1_HUMAN",0.00211808265174345,0.0237806535316986,3.36831119141093e-05,1.19168710563203e-05,"time0",-1.49901994676225
"279","NPC1_HUMAN",0.0757566257409905,0.191274462207852,3.53697145952503e-06,4.75980418113619e-06,"time12",0.428387644409078
"280","PLCB_HUMAN",0.134008414172667,0.273652053966953,5.80604755775255e-06,8.76817621689079e-06,"time12",0.594720403669849
"281","DEGS1_HUMAN",0.795266134938758,0.87883896836063,6.65324595310457e-05,6.11840571158071e-05,"time0",-0.12090259216956
"282","SCAM1_HUMAN",0.0224942712224497,0.0893339641035185,0,5.32869273433045e-06,"time12",Inf
"283","SCAM2_HUMAN",0.00402895506219561,0.033728160269308,1.27152155050061e-05,2.28190789739077e-05,"time12",0.843684648705463
"284","ARC1B_HUMAN",1.41933560371399e-06,0.000941965728998185,0.000176003144137697,0.00040334105732528,"time12",1.19639906803823
"285","ARPC2_HUMAN",8.00937414169312e-08,0.000305953435599804,0.00049143470205614,0.00090759525257423,"time12",0.885049327187768
"286","ARPC3_HUMAN",8.32602381706239e-07,0.00082885567098856,0.00021030025937978,0.000354120730074658,"time12",0.75179067148618
"287","BET1_HUMAN",0.333151509661388,0.494020349356372,1.29006913668475e-05,1.0655117228837e-05,"time0",-0.275901917943398
"288","RPAC1_HUMAN",0.065452415071362,0.173138740133412,1.97625321077755e-06,3.58299865648024e-06,"time12",0.858399696078059
"289","PLS1_HUMAN",0.393050180748105,0.553702698490687,8.19962365872213e-05,6.95115284729447e-05,"time0",-0.238305426960867
"290","PGRC2_HUMAN",6.28661364316941e-05,0.0039526256095422,1.37370969425008e-05,2.81225084048289e-05,"time12",1.03364813028161
"291","CETN3_HUMAN",0.0580240199462214,0.162648302403985,3.25108669577299e-07,2.0902619115364e-06,"time12",2.68468979092914
"292","CTDSL_HUMAN",0.177529852412153,0.324392732032339,1.34552132176437e-07,6.06280505961377e-07,"time12",2.17182018270908
"293","VILL_HUMAN",0.000517342789061788,0.0118394194600232,1.39151930420983e-05,5.48772430855112e-05,"time12",1.97954708247314
"294","RGL2_HUMAN",0.594544767580984,0.724590062591556,2.61671525606497e-05,3.26964775670777e-05,"time12",0.321378278008992
"295","PFD6_HUMAN",0.328469857573509,0.488655157979221,2.03666187283976e-05,2.82148465598615e-05,"time12",0.47024802026969
"296","GNPAT_HUMAN",0.0143490767816456,0.0681564973087937,7.64366945241742e-06,2.28001935231441e-06,"time0",-1.74521932113764
"297","LAMA5_HUMAN",0.401678166469773,0.560828351641878,7.3940812566985e-07,8.21253437859594e-07,"time12",0.151456606731247
"298","ZN185_HUMAN",0.0104135722062616,0.0578602989636777,1.63566089953135e-05,4.26308783755702e-05,"time12",1.3820250972676
"299","CLIC2_HUMAN",0.0519129649350183,0.153048440057682,4.6968143672276e-07,9.28146725353822e-06,"time12",4.30459841068469
"300","ACOX3_HUMAN",0.0543313638946323,0.158148750751773,1.52581721467092e-05,2.73102299559756e-05,"time12",0.839859317031068
"301","RER1_HUMAN",0.0108269212771313,0.0586302817663693,1.72535729825402e-07,5.92523102491528e-06,"time12",5.10190434517468
"302","NPHP1_HUMAN",0.0243902414330541,0.0947839375924736,3.70795417516405e-07,1.86133341781708e-06,"time12",2.32764118670185
"303","SURF4_HUMAN",0.713175676255546,0.821561873534113,3.34012768460912e-05,3.51518720699841e-05,"time12",0.0736982700836258
"304","MK13_HUMAN",0.978533980727415,1,6.75102446564747e-06,7.2298197997361e-06,"time12",0.0988532417941765
"305","SPTC1_HUMAN",0.0173807792217701,0.0766549726331826,1.06727379709301e-05,1.81332418727329e-05,"time12",0.76470654325919
"306","SPTC2_HUMAN",0.49352537749572,0.642648153429678,8.97216013011226e-06,1.07678418170121e-05,"time12",0.26320184738855
"307","OGT1_HUMAN",0.461401318525177,0.613797344220686,1.24472991626472e-05,9.2188122598651e-06,"time0",-0.433179944954138
"308","LX15B_HUMAN",0.589638551626567,0.719932761419764,3.7756923221696e-07,6.42440070879942e-07,"time12",0.766820675256002
"309","PMM2_HUMAN",0.896772761996841,0.945919166528116,1.21638079113938e-05,1.1790042032891e-05,"time0",-0.0450260771829254
"310","TM9S1_HUMAN",0.222041366726258,0.368916017651165,2.2849653878871e-06,1.23777618799861e-06,"time0",-0.884421838696449
"311","INP4B_HUMAN",0.0107874492546704,0.0585226470464542,7.43728934885786e-07,5.36438815285278e-06,"time12",2.85056482397628
"312","CHAD_HUMAN",0.0698929112404585,0.180488698157916,6.39821781806314e-05,7.31669383830665e-05,"time12",0.193521783847461
"313","HMGB3_HUMAN",0.000168126444130977,0.00630588911920646,2.69643797135192e-07,1.32849134076161e-05,"time12",5.62259016741799
"314","PPM1G_HUMAN",0.41849223344682,0.572386780791985,7.69134277654316e-07,2.95178689087642e-07,"time0",-1.38164692257799
"315","SHIP2_HUMAN",0.045792839376136,0.14033895823174,5.23182041869722e-06,2.14301304351121e-06,"time0",-1.28767239038938
"316","EIF3D_HUMAN",0.140283040702343,0.282889273214279,3.24681157982139e-05,3.81692213552624e-05,"time12",0.233386092116289
"317","EIF3H_HUMAN",0.159883810158882,0.306478176533698,8.34936522092672e-06,1.31437446241617e-05,"time12",0.654637932122512
"318","BCAT2_HUMAN",0.106465467317524,0.234656175751871,4.78146029949816e-06,6.93067355071152e-06,"time12",0.535544268981409
"319","SIGL5_HUMAN",0.17311531842724,0.324245154269647,9.69574924383206e-05,7.33985710558996e-05,"time0",-0.401600411067119
"320","TMPS2_HUMAN",0.00258189966306281,0.0259188011554187,3.08174606186901e-06,1.05271539457448e-05,"time12",1.77229555850502
"321","IPO8_HUMAN",0.776105215665758,0.870906054059416,2.96163514849981e-06,2.39384941812662e-06,"time0",-0.307061517889616
"322","STX7_HUMAN",0.0698929112404585,0.180488698157916,9.90183408236526e-05,7.39638968399673e-05,"time0",-0.420874539191626
"323","MOT4_HUMAN",0.634280692355755,0.757106030263974,1.70318245713655e-05,1.92696861530832e-05,"time12",0.178100079386496
"324","TLR3_HUMAN",0.62406453246517,0.748651828161169,1.61387292496184e-06,2.31516406225748e-06,"time12",0.52058744608665
"325","CAN5_HUMAN",0.00021767543458837,0.00730435601570973,1.37874516479791e-05,4.67422787384935e-05,"time12",1.76137224248204
"326","YKT6_HUMAN",0.17311531842724,0.324245154269647,2.68987041938483e-05,4.11213473932307e-05,"time12",0.612350862333703
"327","ARPC5_HUMAN",0.280086781829596,0.435732003546966,0.000215959841799795,0.000243262381797675,"time12",0.171750173463541
"328","CFLAR_HUMAN",0.00347893704176756,0.0309779118718051,5.09333833116836e-06,2.30697961188527e-06,"time0",-1.14260629903842
"329","DDX3Y_HUMAN",0.0665457213437161,0.174490931434075,2.08179160262938e-06,5.21344718020448e-07,"time0",-1.99751613851215
"330","PDPK1_HUMAN",0.194496319612348,0.340083875013043,5.93235975471206e-05,4.40033408320294e-05,"time0",-0.430993028923506
"331","TPSN_HUMAN",0.762099583946506,0.857900643594511,2.90897045230966e-05,3.58535876922862e-05,"time12",0.301608847126309
"332","CLD3_HUMAN",0.028293051072653,0.103804910354396,2.65644174913531e-06,4.93301933131268e-06,"time12",0.892975863399001
"333","MEFV_HUMAN",0.0204269185676862,0.0850836712725173,1.74916954138681e-05,6.77630782910598e-06,"time0",-1.36809881287863
"334","DHX15_HUMAN",0.807830415666103,0.887632647677269,0.00012844253332624,0.000144200514505943,"time12",0.166953286769368
"335","MCES_HUMAN",0.674986713970489,0.788210291797797,4.60894187336544e-07,7.80411070595013e-07,"time12",0.759798670639982
"336","ZZEF1_HUMAN",0.124723097934749,0.260752910032992,1.47927186199417e-05,2.3718352954453e-05,"time12",0.681116613321001
"337","SI1L1_HUMAN",0.0787915035643527,0.196174093701492,2.53870410405692e-05,9.16791438832617e-05,"time12",1.85250131899987
"338","CYB5B_HUMAN",0.119076568633318,0.252752076917842,7.91636416354968e-05,9.14552833622096e-05,"time12",0.208228536872278
"339","PRP4_HUMAN",0.0670976664245173,0.175316868571147,2.40186192354009e-06,3.2610646730137e-06,"time12",0.441189835868913
"340","SERA_HUMAN",0.745654674246907,0.845947617750294,3.27061289335405e-05,3.1342164906962e-05,"time0",-0.0614561785368464
"341","NDUS4_HUMAN",0.375320551300672,0.535033330052247,2.04545837241973e-05,2.42478833562134e-05,"time12",0.245434640290469
"342","DC1L2_HUMAN",0.00113098731020962,0.016825109315811,3.66318273027484e-06,1.04430053264418e-05,"time12",1.51136738193561
"343","KLK10_HUMAN",0.00431368645841512,0.0349221893754409,2.93312447677724e-05,7.19702993054595e-05,"time12",1.29496336025277
"344","PSMD3_HUMAN",6.43171561402621e-05,0.00400173305860193,1.54329998399388e-05,5.56104391819476e-05,"time12",1.84933721308784
"345","PAPS1_HUMAN",0.000877438473362198,0.0148049152581706,6.73124146629083e-06,2.64127439164274e-05,"time12",1.97228966946709
"346","ZW10_HUMAN",0.559548925828013,0.697596688367924,4.87006639909216e-06,3.14232573213982e-06,"time0",-0.632108704791769
"347","PROD_HUMAN",0.18144920772142,0.324392732032339,0,8.75963984374258e-07,"time12",Inf
"348","SPIT1_HUMAN",0.00313277412790108,0.0290109455286096,2.53610699010541e-06,7.55480558024911e-06,"time12",1.57477901934377
"349","B4GT5_HUMAN",0.81600255390599,0.893980787689009,2.12125363977046e-06,1.99724930643759e-06,"time0",-0.0869027069489685
"350","SNUT1_HUMAN",0.127443164015604,0.263670945155942,5.51033959725051e-06,2.65538761943616e-06,"time0",-1.05321876013693
"351","SPIT2_HUMAN",0.18144920772142,0.324392732032339,0,5.323300229848e-07,"time12",Inf
"352","GPAA1_HUMAN",0.741268714629815,0.843191398302016,1.02159521433181e-05,1.27245622149434e-05,"time12",0.316792349772924
"353","SRGP3_HUMAN",0.18144920772142,0.324392732032339,0,1.25783083064415e-06,"time12",Inf
"354","AP5Z1_HUMAN",0.197326044882155,0.343823939930312,1.12461192978417e-06,5.66713355879093e-07,"time0",-0.98873614772929
"355","VIP2_HUMAN",0.259664077416004,0.414366426504353,3.10953827890422e-05,2.12893708921699e-05,"time0",-0.54656705876749
"356","MCA3_HUMAN",0.0634719464247325,0.169625963551309,1.09461208388136e-05,2.9248535891349e-05,"time12",1.41794472053236
"357","RIPK2_HUMAN",0.271898710819648,0.427044701479295,1.93644573639032e-07,5.58895401250587e-07,"time12",1.52916722980733
"358","HNRPR_HUMAN",0.0384184177964926,0.124917370440093,6.70656825191395e-05,9.32718431985135e-05,"time12",0.475866898802859
"359","TXNL1_HUMAN",1.85726328226999e-05,0.00216419676778043,1.07617999906642e-05,3.92195528215284e-05,"time12",1.86565368662539
"360","TPD54_HUMAN",0.730341996997595,0.833301384539949,4.31912893444014e-05,4.80594788892009e-05,"time12",0.15408062089975
"361","EMC8_HUMAN",0.141459493143062,0.282889273214279,8.96596076928412e-06,1.28582356869197e-05,"time12",0.520162608203243
"362","COCH_HUMAN",0.100348246462291,0.227011289394017,0,6.02236074269928e-07,"time12",Inf
"363","ERI3_HUMAN",1,1,7.42978489353003e-07,2.32309132938103e-07,"time0",-1.67727456960797
"364","SYNJ1_HUMAN",0.197753933820609,0.343826430993449,8.5367215201382e-06,5.14546422563699e-06,"time0",-0.730380873840315
"365","FIBP_HUMAN",0.622357101918708,0.74825663642521,8.28502304964978e-06,9.74688699025991e-06,"time12",0.234435806083432
"366","IF4G3_HUMAN",0.0370276562639839,0.122326433000429,7.7559999888992e-06,1.83995603008106e-06,"time0",-2.07564151115297
"367","PPIH_HUMAN",0.640825403854251,0.761873036867325,1.45785430536846e-05,1.52534810361822e-05,"time12",0.0652919741800723
"368","MGA_HUMAN",0.00870546326041222,0.0526593658443959,0.000986324486937671,0.000546861004054038,"time0",-0.850888162087507
"369","HTRA2_HUMAN",0.0443299239705107,0.137406661066871,1.36479940971456e-05,1.00662382559659e-05,"time0",-0.439164277554538
"370","ARK72_HUMAN",0.000418396666646004,0.0105551069650365,6.25477177456187e-05,9.78260606587481e-05,"time12",0.645261603343206
"371","PROM1_HUMAN",0.370740607380867,0.530022414525112,0.00037323575033312,0.000414716151437793,"time12",0.152037054053089
"372","E41L2_HUMAN",0.266402424640499,0.422523017094451,1.86506799049301e-05,2.34186189138964e-06,"time0",-2.99350032227278
"373","TGON2_HUMAN",0.513655642510047,0.662935426255945,2.90375522927227e-06,1.49222181914401e-06,"time0",-0.96045783862558
"374","LTOR5_HUMAN",0.00298700109124184,0.0283232790562393,3.41742048170196e-05,1.95901952174022e-05,"time0",-0.802775994636674
"375","B4GA1_HUMAN",0.00197281316860762,0.0227871046678546,3.34197857515126e-06,8.7605434173736e-06,"time12",1.39031787855857
"376","S26A4_HUMAN",0.882331520589854,0.935255753768092,5.11260943117299e-05,4.93370307711832e-05,"time0",-0.051388924908364
"377","WIPF1_HUMAN",1,1,6.61785981762971e-07,5.52190628899928e-07,"time0",-0.261198327695242
"378","AT8B1_HUMAN",0.90033131176146,0.947942697893742,3.45092455539946e-05,3.01905331732149e-05,"time0",-0.192886698242936
"379","TGM5_HUMAN",0.635586122278767,0.757906949165716,5.85066249320001e-07,9.66447859255228e-07,"time12",0.724091903921516
"380","RGS14_HUMAN",0.000540753040849622,0.012050317530131,0.000139605176947917,4.37602937313559e-05,"time0",-1.67365811463178
"381","RNF13_HUMAN",9.90256667137147e-05,0.00492900256067515,4.93420491210258e-05,1.67951353918348e-05,"time0",-1.55477420469954
"382","AKA10_HUMAN",0.0208209308673834,0.0854093243821853,1.29062542588091e-05,5.08631663050297e-06,"time0",-1.34337717282205
"383","DENR_HUMAN",0.594544767580984,0.724590062591556,5.64643939496297e-06,5.69325481890821e-06,"time12",0.0119122724856033
"384","PPIP1_HUMAN",0.0289664134077584,0.105113236503366,5.47093018134148e-05,2.75396314878781e-05,"time0",-0.990276889846747
"385","XPOT_HUMAN",0.618953802351261,0.744614513886018,2.99076872905836e-05,3.07471996136064e-05,"time12",0.0399386653138477
"386","DNPH1_HUMAN",7.58823816452192e-05,0.00430701632721261,7.93097362172304e-06,2.21747977288879e-05,"time12",1.48335105484452
"387","TIM44_HUMAN",0.0420948818080113,0.134050905874278,3.80374427866461e-05,2.49380800239062e-05,"time0",-0.609069861998247
"388","TPPC3_HUMAN",0.0836559895278504,0.203535914818224,2.23626208954726e-05,1.51304549846595e-05,"time0",-0.563633910531086
"389","CHM2A_HUMAN",0.114452237704458,0.24502624222535,2.73379089568581e-05,1.80938020399363e-05,"time0",-0.595407304717846
"390","NCK2_HUMAN",0.59048161734894,0.720520265663987,5.66097258522395e-06,7.47455866926287e-06,"time12",0.400938461741385
"391","PSCA_HUMAN",0.416997511090476,0.572386780791985,3.45273011623501e-05,3.08705985525059e-05,"time0",-0.161504114120589
"392","TSN6_HUMAN",0.0952428556213773,0.224300322160874,2.66164770274248e-06,4.03691719777982e-06,"time12",0.600934367721493
"393","RGS10_HUMAN",0.538293635901243,0.682493714123992,7.81973966955489e-05,0.000103495460808827,"time12",0.404375010136844
"394","ZN207_HUMAN",0.401678166469773,0.560828351641878,1.47821327634203e-06,4.12991761799909e-06,"time12",1.48225856732946
"395","NDUB5_HUMAN",0.0314052697699245,0.111325623938136,1.00222876889637e-05,1.61606858205402e-05,"time12",0.689276567967951
"396","NDUB3_HUMAN",0.225934014199387,0.373259372676629,2.07487534322676e-05,1.67464562513723e-05,"time0",-0.309168826655631
"397","NDUC1_HUMAN",0.787876494909947,0.875532335645975,5.66950548718925e-06,5.13592844893945e-06,"time0",-0.142597800345485
"398","NDUA2_HUMAN",0.319898125994469,0.479125252398437,1.49953470626727e-05,1.42933724416791e-05,"time0",-0.0691685608608516
"399","GET3_HUMAN",0.17311531842724,0.324245154269647,0.000120513283316349,9.74558891649333e-05,"time0",-0.306370899271126
"400","BUB3_HUMAN",0.000187054402001562,0.00675270395048261,5.8871698489016e-06,1.76870901757806e-05,"time12",1.58705056380951
"401","AKA7A_HUMAN",0.833935414088552,0.902699570197702,5.81522629543348e-07,6.97997510241807e-07,"time12",0.263386556096907
"402","ST1B1_HUMAN",0.00888604785491369,0.0531827292959914,0.000207315130705559,7.99998709755853e-05,"time0",-1.37375583574572
"403","ACTN4_HUMAN",0.029325857758522,0.105966937925984,0.00150681360547714,0.00192987294660889,"time12",0.357004905650038
"404","MAAI_HUMAN",0.125104957853436,0.261003113258321,4.08692190064894e-06,6.17602653997465e-06,"time12",0.595664277921797
"405","GATC_HUMAN",0.833634883024682,0.902699570197702,7.73549102937961e-07,9.16771488352039e-07,"time12",0.245069303682247
"406","HTSF1_HUMAN",0.0800579199844347,0.197772189679956,1.76743727464741e-06,3.03358459797898e-07,"time0",-2.54256356583561
"407","AAKB2_HUMAN",0.44204635960573,0.595342256127401,1.93930629206701e-06,1.29169074578908e-06,"time0",-0.586279975237076
"408","CHP2_HUMAN",0.60256241453254,0.732269644354601,6.64035619555142e-06,6.15830351041118e-06,"time0",-0.108727659306518
"409","AP1G1_HUMAN",0.00602998215296531,0.0424607496668727,2.59309523150042e-05,4.34185463713199e-05,"time12",0.743636235954528
"410","STX6_HUMAN",0.0580240199462214,0.162648302403985,1.69264090570383e-06,3.01419741144341e-07,"time0",-2.48943012467286
"411","SNG1_HUMAN",0.130121209757529,0.266992094085098,2.66079641154517e-05,2.24884692698814e-05,"time0",-0.242672664009349
"412","SNG2_HUMAN",0.134735083207488,0.273918533695822,5.53855759997038e-05,3.89925362635473e-05,"time0",-0.506312308155008
"413","SGTA_HUMAN",0.501738413648285,0.651266912973947,1.20932430340677e-05,1.02924319429296e-05,"time0",-0.232617273599486
"414","ENSA_HUMAN",0.0703439179988105,0.181183364470416,2.16352442282374e-06,1.04613750330254e-05,"time12",2.27361717874401
"415","MCAT_HUMAN",0.231891842274368,0.381252401295017,2.40729259581934e-05,2.08765974357837e-05,"time0",-0.205524911731842
"416","SYNC_HUMAN",5.14462590217591e-06,0.00146327859589032,7.11662576281634e-05,0.00012562231575971,"time12",0.819827492724842
"417","KRT86_HUMAN",0.142213241936393,0.282889273214279,4.13212375916093e-07,2.39443494445219e-05,"time12",5.85665796432599
"418","MYO1B_HUMAN",0.0136632416397333,0.0676821777982499,0.000171583498409015,0.000268846739558184,"time12",0.647873163305796
"419","CPSF5_HUMAN",0.375320551300672,0.535033330052247,3.34803889453513e-05,4.34791578875008e-05,"time12",0.37700771031503
"420","LANC1_HUMAN",0.000797897577285767,0.014156736574442,2.18686981186709e-05,3.779560398884e-05,"time12",0.789351107356051
"421","STRN_HUMAN",0.0516441571756024,0.15278382902916,7.98356223759875e-05,5.59555679506016e-05,"time0",-0.512750919513141
"422","U3IP2_HUMAN",0.18144920772142,0.324392732032339,0,8.30079714471152e-07,"time12",Inf
"423","AKAP8_HUMAN",0.422678074170635,0.576010982665117,2.23597190906657e-07,5.08075848507776e-07,"time12",1.18414182350636
"424","G6PT1_HUMAN",0.105645429201877,0.233106815154345,1.3407179951432e-06,1.96518501241362e-07,"time0",-2.77026876801087
"425","IDH3B_HUMAN",0.289658447453343,0.445680037774038,2.61903928052825e-05,2.85121706947441e-05,"time12",0.122540181539314
"426","NRDC_HUMAN",0.416369853570241,0.572386780791985,7.64721246633802e-06,1.12561689836671e-05,"time12",0.557710029493716
"427","CALU_HUMAN",0.00145747698843479,0.0189678336198932,3.37737540701241e-05,6.7692140347715e-05,"time12",1.00308578512808
"428","SAHH2_HUMAN",0.00127362695713335,0.0177328060954721,1.72691191533089e-05,3.02735611091656e-05,"time12",0.809863893666522
"429","CD5L_HUMAN",0.343252562436031,0.504987082618328,4.61812425018121e-06,2.04438175670494e-06,"time0",-1.17564236676372
"430","ORC5_HUMAN",0.414823067184775,0.572386780791985,1.02222481664316e-06,6.76235844368343e-07,"time0",-0.596114126851049
"431","TYOBP_HUMAN",0.475495811536078,0.627005826166856,3.2941071972653e-05,2.87032833953434e-05,"time0",-0.198671726626783
"432","NDUS5_HUMAN",0.72412063044289,0.830964942485183,1.46596191599526e-05,1.42034848422778e-05,"time0",-0.0456026842576672
"433","PDE6D_HUMAN",0.110313630704496,0.238129134874578,3.17585311222683e-06,5.15057631159564e-06,"time12",0.697589680984949
"434","ORC4_HUMAN",0.7022135275105,0.811466329429366,1.45501739104555e-06,1.25173483158031e-06,"time0",-0.217107423931892
"435","RAD21_HUMAN",0.0445533169117585,0.137884436224836,5.46683367215513e-06,1.33602395388929e-06,"time0",-2.03275960789464
"436","AK1BA_HUMAN",0.0230505660699622,0.0914216674209058,9.23737681486003e-06,2.90874521269291e-05,"time12",1.6548418057742
"437","TIM8A_HUMAN",0.2553403615339,0.408558258623623,1.39536760699508e-06,2.14583897603895e-06,"time12",0.62089657273529
"438","KALRN_HUMAN",0.198674389886733,0.344165351158194,1.67670450782919e-05,2.53925712150493e-05,"time12",0.598778028062954
"439","DHX16_HUMAN",0.0806128145385549,0.198393218474985,2.92687549115332e-05,1.37795558462387e-06,"time0",-4.40876008322647
"440","GMFG_HUMAN",4.96841967105866e-05,0.0035754663488233,0.000393408222953984,0.000232549753156321,"time0",-0.758487704414642
"441","TM11D_HUMAN",0.0979420425838625,0.227011289394017,1.63471943928601e-05,3.46578165540215e-05,"time12",1.08413771475046
"442","KPRB_HUMAN",0.00376138998044069,0.0326078118333414,2.05458655907282e-05,3.66947392726941e-05,"time12",0.836725134403393
"443","GBG7_HUMAN",0.1003077909542,0.227011289394017,1.77245873284043e-05,1.08978635721548e-05,"time0",-0.701706703025723
"444","SMCA5_HUMAN",0.432093597163049,0.58576828321718,0.000102322507443554,0.000182302543059001,"time12",0.833211163189234
"445","K0513_HUMAN",0.0320125241582704,0.113008751062263,8.14689115665339e-06,2.52396863723916e-06,"time0",-1.69055565021234
"446","JIP4_HUMAN",0.348688077541053,0.510970041009006,1.57731209707323e-06,3.02597075776953e-06,"time12",0.939929896521105
"447","NPA1P_HUMAN",0.855132140584706,0.913870841181422,1.11885373130095e-07,1.07561796849467e-07,"time0",-0.0568556827497443
"448","MGRN1_HUMAN",0.09383863903411,0.221540786937051,8.29672911070805e-07,2.20621697474198e-06,"time12",1.41096009472584
"449","AQR_HUMAN",0.0522749721636293,0.15343410748568,1.06975670110344e-05,1.85766909904102e-05,"time12",0.796210825485963
"450","MAST3_HUMAN",0.000800756952014182,0.014156736574442,5.55796702139378e-05,2.04015982127587e-05,"time0",-1.44587510029925
"451","CE104_HUMAN",0.361310428526179,0.521659944304294,2.1040311903729e-07,7.8169109317625e-07,"time12",1.89344250791641
"452","OPA1_HUMAN",0.576912758071685,0.715065346329566,3.88231660347784e-05,3.93581758688994e-05,"time12",0.0197455828856173
"453","PI51C_HUMAN",0.100348246462291,0.227011289394017,0,2.29333055374485e-07,"time12",Inf
"454","KIF1B_HUMAN",0.670076541385612,0.786750915460289,7.05656867670262e-06,3.19675138021395e-06,"time0",-1.14236028360329
"455","KDM1A_HUMAN",0.108319380730004,0.236237546646293,1.24044243026398e-07,7.3987006791074e-07,"time12",2.57641715409844
"456","TBCD4_HUMAN",0.18144920772142,0.324392732032339,1.2167797056566e-07,5.40452538310708e-07,"time12",2.15109993226937
"457","PEPL_HUMAN",0.00993151031434536,0.0556481342472653,0.00036201400003954,0.00108818771568011,"time12",1.58781005098893
"458","LY75_HUMAN",0.00444709310569886,0.0355029406321593,3.48453707770771e-06,1.056617746719e-05,"time12",1.6004146351326
"459","NRP2_HUMAN",0.000891901377059125,0.0150065547188004,6.03914869899834e-07,7.36464138996843e-06,"time12",3.60819817582345
"460","MA1A2_HUMAN",0.123534253752569,0.259904930491052,3.40847616435198e-07,8.78219019093675e-07,"time12",1.3654538841968
"461","PLXC1_HUMAN",0.0660665167137393,0.174092559832174,7.98626611207664e-05,5.30974040718553e-05,"time0",-0.588879815621016
"462","ACSL4_HUMAN",0.054296335788755,0.158123848691484,7.04199231568205e-05,4.50433278503611e-05,"time0",-0.644670233669031
"463","SNX3_HUMAN",0.000331374608897087,0.00929249079315635,0.000133845307792716,5.51263651505968e-05,"time0",-1.27975218022891
"464","DOK2_HUMAN",0.674986713970489,0.788210291797797,8.97628538936049e-07,7.80831858479087e-07,"time0",-0.201106628239264
"465","STX10_HUMAN",0.0611146190045339,0.165175393354788,5.4997398489882e-06,1.61737537209694e-06,"time0",-1.76570882857932
"466","OGA_HUMAN",0.289355352877528,0.445680037774038,3.41542538669175e-05,2.7793416852991e-05,"time0",-0.297322068702556
"467","HNRPQ_HUMAN",0.0025600902736187,0.0259188011554187,0.00011197735328712,0.000141908686061686,"time12",0.341755911928209
"468","PRP17_HUMAN",1,1,7.48012455852784e-07,1.29663292667412e-06,"time12",0.793635915183568
"469","B4GT4_HUMAN",0.00971619488408052,0.0552800846650958,2.38151794697749e-06,6.89880839851972e-06,"time12",1.53446577209762
"470","RNBP6_HUMAN",0.932106941814807,0.97016690605071,4.72040743578825e-05,5.19389188042454e-05,"time12",0.137904592915312
"471","NEMF_HUMAN",0.834802747504781,0.903311016457619,7.39302895795639e-06,1.08732334335519e-05,"time12",0.556543556977618
"472","GMDS_HUMAN",0.141459493143062,0.282889273214279,1.76014192522096e-05,2.27412789297968e-05,"time12",0.369621629026572
"473","PLOD3_HUMAN",0.00534099252506721,0.0396707966175359,3.93821593023515e-06,1.60864478768426e-05,"time12",2.03023167234158
"474","IF4E2_HUMAN",0.556298461274735,0.69514031573096,2.31409606995868e-06,1.60622217764559e-06,"time0",-0.526777294613756
"475","TLR5_HUMAN",0.0128512401874965,0.0647911684654303,3.39292502317353e-07,1.72210108218494e-06,"time12",2.34356837225399
"476","TLR2_HUMAN",0.462224494903368,0.613935269748236,5.69210804648452e-05,6.57199087687219e-05,"time12",0.207367430484122
"477","DIAP1_HUMAN",0.177192710340023,0.324392732032339,0.000174675150209792,0.000137394118331618,"time0",-0.346354135370271
"478","SEP15_HUMAN",0.298844147473574,0.453861238526917,2.56720778023073e-05,2.21075378530277e-05,"time0",-0.215661707834245
"479","TSN1_HUMAN",0.603790847437897,0.732867858513831,6.33978874442616e-05,6.70207131565171e-05,"time12",0.0801722706839609
"480","TSN3_HUMAN",0.274783426342764,0.431121987272217,7.29084227263059e-06,5.31990945732377e-06,"time0",-0.454683799286374
"481","EXOC3_HUMAN",0.295982550741011,0.451687219104768,1.87616495594837e-05,1.48741632157709e-05,"time0",-0.334978169697714
"482","PLIN3_HUMAN",0.0666647087782622,0.174490931434075,0.000108988275496503,0.000139356438602929,"time12",0.354606715723173
"483","JAK2_HUMAN",0.686504181787592,0.798226489744459,8.85463116873708e-06,7.94970015205327e-06,"time0",-0.155531768493384
"484","IMA7_HUMAN",0.363786061284349,0.523084772280072,4.42762378649137e-05,5.09883635063362e-05,"time12",0.203635392707395
"485","UGDH_HUMAN",2.36667692661286e-05,0.00239595953943366,6.17298094277736e-05,0.000167926077855825,"time12",1.44378704647779
"486","CTND1_HUMAN",0.00178440046863845,0.0213591663310169,1.35945335477407e-05,4.71638978994996e-05,"time12",1.79465630515654
"487","EIF1B_HUMAN",0.0262289941310883,0.0984081544880592,2.8826733038373e-05,4.10916950000602e-05,"time12",0.511439497699176
"488","SNX2_HUMAN",0.59256103828762,0.72246725488711,2.00299440490507e-05,2.50353550306812e-05,"time12",0.321808523491486
"489","CYTIP_HUMAN",0.0591105680581476,0.162648302403985,3.2126637282232e-06,1.26087145078892e-06,"time0",-1.34934878425306
"490","DPM1_HUMAN",0.49352537749572,0.642648153429678,1.90194301796773e-05,2.44199868470826e-05,"time12",0.360588399432046
"491","USO1_HUMAN",0.190929520875216,0.334925705781986,8.48444469139493e-05,9.61375633565175e-05,"time12",0.180280000100681
"492","TOM1_HUMAN",0.823576943948865,0.899221475873808,9.02827618699781e-05,8.78507828812e-05,"time0",-0.0393954103178406
"493","H2B1K_HUMAN",0.140283040702343,0.282889273214279,0.00746525386097789,0.007048599877283,"time0",-0.0828546096972066
"494","F262_HUMAN",0.411258108705695,0.568884827072514,7.53824772545462e-05,6.34297401000407e-05,"time0",-0.249069775489336
"495","CCD22_HUMAN",0.260840632464634,0.41568866000834,2.02947276394214e-05,1.14888273646663e-05,"time0",-0.820873425527168
"496","PQBP1_HUMAN",0.105645429201877,0.233106815154345,3.20670267716862e-05,1.98632249061554e-07,"time0",-7.33484691273157
"497","PRAF2_HUMAN",0.350528908982333,0.512661403856875,1.14500538677651e-06,1.7430618627686e-06,"time12",0.606269387241981
"498","DKC1_HUMAN",0.000665700801382122,0.0129684755451225,2.22865866850832e-06,1.10836461986742e-05,"time12",2.3141849825196
"499","IF2P_HUMAN",0.0959154512106145,0.225546048706752,8.19579201347723e-06,1.35323603971258e-05,"time12",0.723458226644447
"500","GAS7_HUMAN",0.344651692360131,0.506297235235382,1.28659752601931e-05,9.71426866603532e-06,"time0",-0.405383527240366
"501","DIAP2_HUMAN",0.231891842274368,0.381252401295017,7.09488796783564e-05,4.76910093008624e-05,"time0",-0.573062588225834
"502","DNJA2_HUMAN",0.253436105325818,0.40660055254126,5.76075573059334e-05,6.41620935096729e-05,"time12",0.155463129966515
"503","BRD4_HUMAN",1,1,7.20918987610743e-07,7.36146690090377e-07,"time12",0.030156129639236
"504","CUTA_HUMAN",0.00103816948831081,0.0161385050053329,5.90705260054388e-05,3.15433461246191e-05,"time0",-0.905102749155599
"505","CATL2_HUMAN",0.064865178868529,0.172314991523323,4.9641087717607e-06,6.27565766989816e-06,"time12",0.338231929424704
"506","PFD1_HUMAN",0.181971177723054,0.325131272671194,2.06130977618364e-06,4.9634504631135e-06,"time12",1.26778206270126
"507","NBN_HUMAN",0.280712665268496,0.435732003546966,8.40391256464457e-07,1.72912475750207e-07,"time0",-2.28101918796685
"508","MCE1_HUMAN",0.204893893816379,0.349625856217291,7.01080245199637e-07,1.55479317839284e-07,"time0",-2.17285690062154
"509","FCG3B_HUMAN",0.151886919513345,0.295897120108679,0.000216252901474381,0.000154437601598603,"time0",-0.485695434931602
"510","LIRA1_HUMAN",0.47719661998877,0.627005826166856,1.22887656182814e-06,2.28358714223808e-06,"time12",0.89396183717713
"511","LIRB3_HUMAN",0.133210150220477,0.27220808322508,3.09737632881324e-05,1.8822331899035e-05,"time0",-0.718601305333111
"512","KI21B_HUMAN",0.783652311534409,0.875234715182315,2.1479861309942e-06,1.63487315941803e-06,"time0",-0.393805968735793
"513","SRGP2_HUMAN",0.012052194828334,0.0622193255917365,2.72656148274083e-05,1.26125289386661e-05,"time0",-1.1122251084415
"514","DEN4B_HUMAN",0.0665457213437161,0.174490931434075,1.21292115658382e-06,2.98863096814009e-06,"time12",1.30099899198489
"515","WDR1_HUMAN",0.0522633474320173,0.15343410748568,0.000866611943695185,0.00101745927861316,"time12",0.231513030045784
"516","SLIT3_HUMAN",0.108319380730004,0.236237546646293,2.98034136177504e-07,2.13234070325327e-06,"time12",2.83888848048168
"517","ATP9A_HUMAN",0.309667917232871,0.466964521492537,9.56869569054043e-06,6.9438899470117e-06,"time0",-0.462578201428892
"518","N4BP1_HUMAN",0.0637316723005716,0.169865809304469,2.83842507095338e-05,5.425119785834e-06,"time0",-2.38736376018618
"519","ROCK2_HUMAN",0.647370988319675,0.768800805581449,1.70437447968891e-05,3.49176220747852e-05,"time12",1.03471295861302
"520","CLAP2_HUMAN",0.962243757251052,0.988049159714722,2.10782941504915e-06,1.40055701746388e-06,"time0",-0.589757398007622
"521","CPNE3_HUMAN",0.464545045047998,0.615785076358565,0.000641003866504133,0.000573364089017331,"time0",-0.160881510712659
"522","DEPD5_HUMAN",0.361310428526179,0.521659944304294,4.6198898045441e-06,9.69877655999878e-08,"time0",-5.5739118582673
"523","HIP1R_HUMAN",0.861707167619045,0.919629580775753,5.5185236575994e-06,4.5442769137076e-06,"time0",-0.280231611052555
"524","BRE1B_HUMAN",0.414823067184775,0.572386780791985,2.3229497428419e-06,6.95826127186443e-06,"time12",1.58276890923486
"525","PHF2_HUMAN",0.726286148878805,0.831789014562765,1.32885433286927e-06,2.4301329250248e-06,"time12",0.870852262387576
"526","CLU_HUMAN",0.29450739368011,0.449665813510046,2.57205281642145e-07,6.55669256118591e-07,"time12",1.35004798113804
"527","NPHP4_HUMAN",0.00535526358980952,0.0396707966175359,1.05024164382518e-07,5.406970277376e-06,"time12",5.68602721353176
"528","DJC13_HUMAN",0.411258108705695,0.568884827072514,0.000228375180444734,0.000268149186454036,"time12",0.231630007570499
"529","PP6R2_HUMAN",0.948228698996216,0.978249297709974,4.44304618865711e-06,5.2644314559293e-06,"time12",0.24472859330299
"530","CNOT3_HUMAN",0.18144920772142,0.324392732032339,0,5.94162783485382e-07,"time12",Inf
"531","DNJB6_HUMAN",0.00159408250364503,0.0197540555897754,1.52604820561717e-05,3.40479869005912e-05,"time12",1.15776896539281
"532","XYLB_HUMAN",0.787406490666269,0.875335747022078,1.21896419068079e-06,3.10492428289744e-07,"time0",-1.97302575252404
"533","COQ9_HUMAN",0.08583539532396,0.206565195918619,1.21940890980297e-05,5.88063655498192e-06,"time0",-1.05213775792806
"534","GGCT_HUMAN",0.212932853028178,0.357260654813851,6.05795643498737e-05,7.29435235091017e-05,"time12",0.267948686976098
"535","NDUS7_HUMAN",0.387078282608515,0.546318190458568,4.9564172345559e-05,1.53417235774773e-05,"time0",-1.69183706702928
"536","NDUS2_HUMAN",0.140283040702343,0.282889273214279,3.83132704730054e-05,4.62278932017643e-05,"time12",0.27091943299743
"537","ZPR1_HUMAN",0.00680165181287544,0.0460615263926361,1.62290776305004e-07,1.54755519346145e-06,"time12",3.25333795133148
"538","UBP12_HUMAN",0.00252617426850217,0.0259188011554187,8.7411677369053e-08,1.41081659542486e-06,"time12",4.0125606182202
"539","NIPS2_HUMAN",0.289355352877528,0.445680037774038,3.1512244903029e-05,2.83842741985213e-05,"time0",-0.150820682689891
"540","PDCD6_HUMAN",0.164184082299471,0.312714133792965,0.000226037597815663,0.000186750117827253,"time0",-0.27545360907209
"541","LX12B_HUMAN",0.0787915035643527,0.196174093701492,3.29678751727525e-06,1.02932623432903e-05,"time12",1.64256749067925
"542","TBCA_HUMAN",0.0875931375825178,0.210286901439059,1.05724861789535e-05,1.97229741428644e-05,"time12",0.89956244617862
"543","VATG1_HUMAN",0.356402022154032,0.518458177868006,1.11710982504128e-05,8.82903507356369e-06,"time0",-0.339443347427153
"544","VPS4B_HUMAN",0.114176673814654,0.244963100824329,0.000166457642738243,0.000139367285400249,"time0",-0.256263164267292
"545","ENTP3_HUMAN",0.530158014945287,0.674615251429108,9.92361454160678e-07,1.55398622819479e-06,"time12",0.64703611479506
"546","ENTP5_HUMAN",0.0590582290905367,0.162648302403985,0,1.17380978699352e-06,"time12",Inf
"547","BCAS1_HUMAN",0.322914697331901,0.482554287506492,1.00856754167721e-05,1.34783459448524e-05,"time12",0.418335759164429
"548","H2AY_HUMAN",1.39661133289337e-05,0.00193999057938886,0.000246660769517514,0.000467416932400029,"time12",0.922181718803018
"549","SH3L1_HUMAN",0.0105982609093189,0.0578602989636777,0.000105086174905293,6.55309311378535e-05,"time0",-0.681324944972353
"550","FLNB_HUMAN",2.68854200839997e-05,0.00263256744527426,9.00916634786757e-05,0.000221378501654909,"time12",1.29704960767387
"551","NCOR1_HUMAN",0.195538859103995,0.341307307255454,7.9444889536364e-07,2.3738487972331e-05,"time12",4.90112981684341
"552","VAMP4_HUMAN",1,1,7.29445917301389e-07,7.15930407015497e-07,"time0",-0.0269816623959075
"553","NDUS6_HUMAN",0.0163872206505971,0.0737367631975284,3.06758153895933e-06,6.45579013362931e-06,"time12",1.07349198742773
"554","PEX14_HUMAN",0.698152376218751,0.808935818264713,3.03193145726603e-06,2.79577026016743e-06,"time0",-0.116991325482897
"555","TRIM3_HUMAN",0.18144920772142,0.324392732032339,0,5.01752505121976e-07,"time12",Inf
"556","TULP3_HUMAN",0.064910217801352,0.172314991523323,2.84948924952573e-06,6.91276663589438e-06,"time12",1.27855987362676
"557","CISY_HUMAN",0.00466480478644371,0.0366616828808267,0.000431292886699832,0.000261969507506244,"time0",-0.719269025943524
"558","SPAG7_HUMAN",0.18144920772142,0.324392732032339,0,8.16127720030478e-07,"time12",Inf
"559","SC22B_HUMAN",0.100397355854511,0.227011289394017,0.000192099357397854,0.000129371226039297,"time0",-0.570335915414428
"560","PR40A_HUMAN",0.00409191859319734,0.0339282807840564,4.08240377388119e-06,1.02626636285794e-05,"time12",1.32991443899695
"561","TACC1_HUMAN",0.293621543928906,0.449665813510046,2.19326112415412e-06,4.64520242965141e-07,"time0",-2.23926421270911
"562","LRCH4_HUMAN",0.66540419460104,0.784226372208369,2.47156840007546e-05,2.33397962872345e-05,"time0",-0.0826348642058638
"563","MTX2_HUMAN",0.242946817572573,0.393684574433254,1.73964732673371e-05,2.38736207314774e-05,"time12",0.456622522999071
"564","VP26A_HUMAN",0.000380093231797219,0.0098708559718469,3.4619060630753e-05,6.54050873833716e-05,"time12",0.91783627828715
"565","NDUB1_HUMAN",0.45908398187669,0.611352931680029,5.09060803891773e-06,3.24359989080178e-06,"time0",-0.650242117682736
"566","MPPB_HUMAN",0.778632462360678,0.87192043497728,1.55341981553212e-05,1.59808647746437e-05,"time12",0.0408977048169778
"567","KTNA1_HUMAN",0.635586122278767,0.757906949165716,1.03339051259954e-06,1.84558311649484e-06,"time12",0.836691167559658
"568","PSIP1_HUMAN",0.538293635901243,0.682493714123992,4.22599935156088e-06,2.93438250986677e-06,"time0",-0.526235600892953
"569","ERLN1_HUMAN",0.00137316162235749,0.0184028698027074,0.000114229988573491,7.22437282699036e-05,"time0",-0.660997195535311
"570","GPC4_HUMAN",0.000734336891337418,0.0136217212793739,4.4515786101468e-06,1.94876004176585e-05,"time12",2.13016751937139
"571","NDUS3_HUMAN",0.0693168688057333,0.179856497557187,0.000124048268917748,9.66119182314049e-05,"time0",-0.360628523915845
"572","SRS10_HUMAN",0.000877438473362198,0.0148049152581706,6.08743306946756e-06,1.1978715401331e-05,"time12",0.976567291506617
"573","CLN5_HUMAN",0.542057255832271,0.68553403326353,1.94802185446819e-06,3.13566476290636e-06,"time12",0.686761464891811
"574","HSBP1_HUMAN",0.0262289941310883,0.0984081544880592,1.98755649565848e-05,4.18265469974421e-05,"time12",1.07342303167043
"575","ECI2_HUMAN",0.00181608224493318,0.0215655253458964,7.90993063920624e-07,6.73759814396502e-06,"time12",3.09049743406781
"576","EED_HUMAN",0.833935414088552,0.902699570197702,6.49564607842392e-07,1.20477165105755e-06,"time12",0.891214794971944
"577","BAF_HUMAN",0.730341996997595,0.833301384539949,0.000188593119682635,0.000168372591147877,"time0",-0.163619738424746
"578","SF3B1_HUMAN",0.0666647087782622,0.174490931434075,6.17787287026286e-05,9.12436561308172e-05,"time12",0.562614073409933
"579","CSDE1_HUMAN",0.00296184122083459,0.0283232790562393,7.32365196959756e-05,1.43398822136059e-05,"time0",-2.35253005990306
"580","SG2A1_HUMAN",0.053111600825187,0.155051608860626,0.00156616508712293,0.00131517522607926,"time0",-0.251981264594034
"581","STX11_HUMAN",0.00687373926078973,0.0461434668359746,8.51103931104455e-05,4.47187766324248e-05,"time0",-0.928454593870427
"582","SKAP2_HUMAN",0.000608408823609353,0.0127409961016481,0.000189825486134954,8.57210598668935e-05,"time0",-1.14695210993887
"583","PRKRA_HUMAN",0.936475873853508,0.972118594808308,4.89443610602456e-06,4.91784273599038e-06,"time12",0.00688294606607844
"584","KS6A5_HUMAN",0.00602998215296531,0.0424607496668727,1.82863990540217e-05,6.20002046447908e-06,"time0",-1.5604261259321
"585","MYCB2_HUMAN",0.164435977044947,0.312894581360136,3.50653531212212e-06,4.54179045279959e-06,"time12",0.373214888565985
"586","PGRP1_HUMAN",0.761065473780036,0.857900643594511,0.000130554217512322,0.000141847829893183,"time12",0.119695015018611
"587","SPAG6_HUMAN",0.0916784272732711,0.217856057475881,5.79295506643483e-05,8.75173179821008e-05,"time12",0.595269051937041
"588","LYPA1_HUMAN",0.271005628630519,0.427044701479295,4.71556923553546e-05,4.34480386812628e-05,"time0",-0.1181408822076
"589","SPB7_HUMAN",0.424043468819015,0.576950259511611,4.95235448504417e-06,1.32428184775076e-05,"time12",1.41902371436685
"590","FCN3_HUMAN",0.203576223547883,0.348912706815352,7.62577019023136e-06,1.20960479520811e-05,"time12",0.665580804067702
"591","U520_HUMAN",0.000797897577285767,0.014156736574442,4.02519501278535e-05,8.03076090554727e-05,"time12",0.996478007289338
"592","TIPRL_HUMAN",9.08551186277937e-05,0.0047603300312615,1.39091673130185e-05,2.66516729627422e-05,"time12",0.938190041805886
"593","OFD1_HUMAN",1,1,4.84806995663024e-07,4.83728026709868e-07,"time0",-0.00321438825851221
"594","TM1L1_HUMAN",0.241608545032375,0.392581022709026,6.79103616215798e-06,9.88032054992327e-06,"time12",0.54092613364611
"595","KS6A4_HUMAN",0.361310428526179,0.521659944304294,4.39300512356557e-08,1.95723270181886e-07,"time12",2.1555352057493
"596","PPM1B_HUMAN",0.232593410890413,0.382300617294562,1.29061356916231e-05,1.75751622823202e-05,"time12",0.445480911872699
"597","NU155_HUMAN",0.879689841684979,0.932621126088815,5.35225067086699e-05,5.14544766967621e-05,"time0",-0.0568490842420695
"598","XRP2_HUMAN",0.370740607380867,0.530022414525112,0.000215364211113458,0.000195159035314951,"time0",-0.142128267953262
"599","STK16_HUMAN",0.0831311427008039,0.203160526303493,5.72737736391785e-07,2.16112914609216e-06,"time12",1.91583872062129
"600","CRTAP_HUMAN",0.0048304562323763,0.0375192653783922,2.75128205693053e-07,2.30633537963642e-06,"time12",3.06742636508803
"601","S2512_HUMAN",0.0208498518913984,0.0854093243821853,7.69891737562269e-06,7.51752921906369e-05,"time12",3.28753107734807
"602","RENR_HUMAN",0.349211379885674,0.511109917191161,0.000160193269260289,9.58036055714851e-05,"time0",-0.741661674245357
"603","RNH2A_HUMAN",0.00412805010171734,0.0340564133391681,1.09848846094128e-05,1.04655001913318e-06,"time0",-3.39180654410407
"604","CD123_HUMAN",0.271332121892765,0.427044701479295,4.91396498094294e-06,3.4729690871928e-06,"time0",-0.500718007076551
"605","ZMY10_HUMAN",0.0554321628684673,0.159487624669246,6.65956980410554e-06,1.26898050364331e-05,"time12",0.930169014090645
"606","EIF3G_HUMAN",0.00248663556624239,0.0257858927728573,1.60882004941415e-06,9.51776783578477e-06,"time12",2.56462029767468
"607","EIF3J_HUMAN",0.127157193740094,0.263352953609425,1.35014242737185e-06,3.73585220688413e-06,"time12",1.46832577596925
"608","CBR3_HUMAN",0.000652269924089163,0.0129684755451225,3.77095155502166e-06,1.35907090936547e-05,"time12",1.84962020893879
"609","PSD10_HUMAN",0.761065473780036,0.857900643594511,1.96378687081879e-05,2.06553166582704e-05,"time12",0.0728748148329646
"610","UPK1B_HUMAN",0.155131568727114,0.299386384493394,2.72314766758443e-07,1.2242516274501e-06,"time12",2.16855299153295
"611","AP1G2_HUMAN",0.819461617247321,0.896947817448827,7.05835846535201e-06,6.96922700853154e-06,"time0",-0.0183340520802667
"612","FACE1_HUMAN",0.279625921636786,0.435732003546966,1.46865101916082e-05,1.72353341947964e-05,"time12",0.230877649535259
"613","IDHC_HUMAN",0.0345367342233658,0.118180779735363,0.000285370446643573,0.000370955469542946,"time12",0.378410077319618
"614","ATRN_HUMAN",0.88708754228948,0.939243990004205,2.67924082420586e-06,3.68188918231927e-06,"time12",0.45862194103596
"615","RBBP9_HUMAN",0.00105162226598188,0.0162308521827126,3.57481980966695e-06,1.36833121895913e-05,"time12",1.93647506282981
"616","STAM2_HUMAN",0.0515399259729805,0.15278382902916,2.82506547342649e-05,1.05010711435246e-05,"time0",-1.4277478086676
"617","TNF13_HUMAN",0.318396080285311,0.477639693323108,5.59238368261336e-06,8.04157571461903e-06,"time12",0.524014874809102
"618","AL1L1_HUMAN",0.745441058829586,0.845947617750294,4.21769203239603e-05,2.71963370381244e-05,"time0",-0.633041402267249
"619","DGAT1_HUMAN",0.219677340783047,0.366415179139106,3.55240759645144e-06,2.27175867348115e-06,"time0",-0.644987536238842
"620","CCNK_HUMAN",0.0144328239388418,0.0681564973087937,1.21181903856645e-07,1.7123413295371e-06,"time12",3.82072412823672
"621","DHRS3_HUMAN",0.18144920772142,0.324392732032339,0,5.80169985351121e-07,"time12",Inf
"622","PRAF3_HUMAN",0.000335147110925678,0.00935436305401436,2.29877588619587e-05,4.9905178409057e-05,"time12",1.11832370381229
"623","DYSF_HUMAN",0.140283040702343,0.282889273214279,0.00134175714503395,0.00113042313531854,"time0",-0.247260673289282
"624","SPF27_HUMAN",0.866585628639051,0.922987867307606,4.80649838217541e-06,4.81183408316557e-06,"time12",0.00160064962935244
"625","DCTN3_HUMAN",0.780965379727014,0.872886641674673,2.46368640017064e-06,2.94590281985953e-06,"time12",0.257891210478142
"626","DNJC8_HUMAN",0.0673823918377128,0.175676571997669,5.16652208894038e-06,2.15703077030454e-06,"time0",-1.26014668161044
"627","ATP5H_HUMAN",1,1,0.000347017023611393,0.000312182712173774,"time0",-0.152615791803253
"628","FLOT1_HUMAN",0.542527938261628,0.68553403326353,0.000496947437031424,0.000452230498503237,"time0",-0.136034972595294
"629","TRIO_HUMAN",0.141482121482793,0.282889273214279,2.96896920209584e-06,8.74421099381438e-07,"time0",-1.76356200982994
"630","ATP5L_HUMAN",0.0732440743595362,0.186880331546138,7.1633956359797e-05,8.82648259903967e-05,"time12",0.301195006008916
"631","MPDZ_HUMAN",0.00971619488408052,0.0552800846650958,1.53082489614651e-06,7.47126325687246e-06,"time12",2.2870429283639
"632","CBPD_HUMAN",0.00755291453333936,0.0491433099211721,9.04165102345014e-06,1.9899196523413e-05,"time12",1.13805203896884
"633","SASH3_HUMAN",0.225934014199387,0.373259372676629,5.71212985638576e-05,3.84558700684877e-05,"time0",-0.570824943029096
"634","GLRX3_HUMAN",0.00127362695713335,0.0177328060954721,3.48947837045344e-05,2.1458636262419e-05,"time0",-0.701452996305251
"635","KRT34_HUMAN",0.150785565027971,0.294905756356278,7.95155419146645e-07,3.34897888214102e-05,"time12",5.39634059493172
"636","KRT36_HUMAN",0.129818141420606,0.266992094085098,1.19745215469403e-05,0.000108285490095184,"time12",3.17680002142213
"637","RL1D1_HUMAN",0.102917539402853,0.23179730876819,4.71227153151669e-07,1.45989097884569e-06,"time12",1.63136605816693
"638","ANXA9_HUMAN",0.0229850365762569,0.0912223411760681,1.67757263010906e-05,6.22349396311477e-05,"time12",1.89134952957776
"639","CLPX_HUMAN",0.353586000948978,0.514487011855845,0.000117911553475225,0.000219672477662747,"time12",0.89764904199265
"640","NEBL_HUMAN",0.537335414004199,0.681568152016794,6.10871144534201e-06,7.35463787332404e-06,"time12",0.267786213960442
"641","S14L2_HUMAN",0.672603817441517,0.788201412905273,8.46963894032095e-07,1.68563261093748e-06,"time12",0.992917756439137
"642","SYUG_HUMAN",0.100348246462291,0.227011289394017,0,3.87511939415747e-05,"time12",Inf
"643","CIAO1_HUMAN",0.234811289315166,0.384148954006981,1.71599005241061e-06,9.04969220457579e-07,"time0",-0.923100559931969
"644","SRP72_HUMAN",0.418868678861839,0.572386780791985,1.78300403788417e-05,1.44778347132527e-05,"time0",-0.300464119270223
"645","CYTF_HUMAN",0.0366712945648324,0.121350494424235,3.54325564449593e-06,8.10037569187207e-07,"time0",-2.12901483286418
"646","TRPM2_HUMAN",0.129818141420606,0.266992094085098,6.61292777074813e-06,2.93772129713381e-06,"time0",-1.17059161062706
"647","DDAH1_HUMAN",0.657869068133222,0.777032221467221,7.44978287970126e-05,5.10427103094207e-05,"time0",-0.54549344295223
"648","ST17B_HUMAN",0.00218992891452924,0.0241684411185438,3.27374345375642e-05,1.58768066025851e-05,"time0",-1.04402050599059
"649","MTA2_HUMAN",0.418868678861839,0.572386780791985,1.77740687363671e-05,1.94444348152609e-05,"time12",0.129583328533796
"650","STK10_HUMAN",0.00711145624518395,0.0466777232444876,0.000150111609889663,8.3553468283479e-05,"time0",-0.845263941234636
"651","TPPP_HUMAN",0.142213241936393,0.282889273214279,1.72336027701461e-07,2.10638748789593e-06,"time12",3.61147461604189
"652","SLIT2_HUMAN",0.271898710819648,0.427044701479295,2.38690758660703e-07,5.57686270272051e-07,"time12",1.22431104259393
"653","KBTBB_HUMAN",0.0224942712224497,0.0893339641035185,0,8.77905072469676e-06,"time12",Inf
"654","TOM70_HUMAN",0.153151270570467,0.29797151111316,5.59357654521574e-06,9.95037548084439e-06,"time12",0.83097992677072
"655","MYO1D_HUMAN",0.011303061619401,0.0601721809738699,0.00014673125183422,0.000243952649713197,"time12",0.733424974427564
"656","SC24D_HUMAN",0.0545262210772923,0.158429673636458,1.36109935733991e-06,3.84004459165949e-06,"time12",1.4963506796813
"657","FCSD2_HUMAN",0.23395283347059,0.383374560855921,4.99978595593574e-07,9.74348018414838e-07,"time12",0.962570833838204
"658","UFL1_HUMAN",0.00327413006643062,0.0297661779098784,8.61548377198316e-05,4.63769917042929e-05,"time0",-0.893522567172907
"659","SRBS2_HUMAN",0.528612125255688,0.674615251429108,8.26550117909272e-07,1.79764718129697e-06,"time12",1.12093569013021
"660","TMCC1_HUMAN",0.119722411520657,0.253133438588631,2.12454490155263e-06,6.08064542430654e-07,"time0",-1.80485746445743
"661","SASH1_HUMAN",0.100000618072013,0.227011289394017,5.93434767309373e-07,4.31769923817323e-06,"time12",2.86310139479987
"662","CSCL1_HUMAN",0.0393208057335154,0.127643028612113,1.76759686487277e-05,3.53205896274114e-05,"time12",0.998720149595616
"663","UBXN7_HUMAN",1,1,4.11498005472161e-06,4.22618534787047e-06,"time12",0.0384706030256603
"664","SUN1_HUMAN",0.674986713970489,0.788210291797797,3.35722879178126e-06,2.3904768063127e-06,"time0",-0.489972450655595
"665","PLPHP_HUMAN",0.114452237704458,0.24502624222535,4.81594148308015e-05,3.27981954717552e-05,"time0",-0.554201421293479
"666","ERLN2_HUMAN",0.01283373311162,0.0647911684654303,0.000205285741897996,0.000146022522568687,"time0",-0.491442520584423
"667","PRP6_HUMAN",0.501947548646886,0.651266912973947,5.45128265516763e-06,6.24165958734848e-06,"time12",0.195333948938729
"668","PCF11_HUMAN",0.0787915035643527,0.196174093701492,1.79500978297382e-06,7.33133950849335e-07,"time0",-1.29184298463639
"669","FRYL_HUMAN",0.462224494903368,0.613935269748236,3.24938089884283e-05,2.7683705476725e-05,"time0",-0.231127807845666
"670","ENDD1_HUMAN",0.00136666351919497,0.0184028698027074,1.53010773927354e-06,6.63939947393151e-06,"time12",2.11741951657188
"671","GLCE_HUMAN",0.422678074170635,0.576010982665117,1.44213233080255e-07,3.26248984089614e-07,"time12",1.17776985617522
"672","GLSK_HUMAN",0.083885826866165,0.203535914818224,6.72320300223349e-06,9.61481098722065e-06,"time12",0.51610978526438
"673","UBP19_HUMAN",0.201203985898768,0.345670985066878,0.000122850657858243,0.000223253415784413,"time12",0.861776665525549
"674","WDR47_HUMAN",0.948277822491336,0.978249297709974,1.24556808097747e-05,1.60901940096352e-05,"time12",0.369377842261593
"675","AP2A2_HUMAN",0.40588496871154,0.564721853741913,2.4872940777833e-05,2.94958550658915e-05,"time12",0.245935142198635
"676","SC31A_HUMAN",0.502654307083789,0.651266912973947,6.96827995246996e-05,6.08309711470457e-05,"time0",-0.195996549191978
"677","CSTN1_HUMAN",1,1,5.52062165584211e-07,7.33662069519279e-07,"time12",0.410284966999021
"678","FA13A_HUMAN",0.0590582290905367,0.162648302403985,0,6.3426284711097e-07,"time12",Inf
"679","ZO3_HUMAN",0.036241709702006,0.120664287653335,1.25218166987412e-06,4.18987926005811e-06,"time12",1.74246478279436
"680","UBR5_HUMAN",0.119722411520657,0.253133438588631,1.60321169475574e-05,1.22508950311885e-06,"time0",-3.71000587830909
"681","AGFG2_HUMAN",0.401678166469773,0.560828351641878,1.38593617426132e-06,6.3512571849017e-06,"time12",2.19618137170011
"682","PRS23_HUMAN",0.0665457213437161,0.174490931434075,1.46928619439871e-06,3.45370964158037e-06,"time12",1.23303136036684
"683","SCAF4_HUMAN",0.888840680809476,0.940319763810662,1.48747788880618e-06,1.17601889465819e-06,"time0",-0.338956983473075
"684","NDUB6_HUMAN",0.0802997897934491,0.197772189679956,3.16401611778243e-05,7.15532906737064e-05,"time12",1.17726116772223
"685","MFN2_HUMAN",0.206603442668125,0.350879261602704,2.98044112838802e-06,1.48994031214403e-06,"time0",-1.00027133987773
"686","DUS14_HUMAN",0.0553376524355665,0.159446115773101,3.03242329906225e-06,5.86410888227322e-06,"time12",0.9514407362278
"687","UBE4B_HUMAN",0.0559296803251122,0.160407567065284,1.1294230913238e-06,2.4363850681964e-06,"time12",1.10915613478071
"688","ELP1_HUMAN",0.0254159045415639,0.0965093438186659,3.56854672357188e-06,7.08484206034606e-06,"time12",0.989399030004747
"689","UBL3_HUMAN",0.109572655541283,0.237064899740731,9.87843882774364e-06,1.23296434451802e-05,"time12",0.319776115983269
"690","NDUA3_HUMAN",0.236629793401937,0.385471626258787,1.29245363698257e-06,2.02765165174428e-06,"time12",0.649697291279003
"691","NDUB4_HUMAN",0.972751847814624,0.994564667407866,1.18327295593915e-05,1.19422028521616e-05,"time12",0.0132860687098778
"692","NDUB8_HUMAN",0.559337093395305,0.697478175125294,2.10385833654079e-05,2.53123982084801e-05,"time12",0.266806637307015
"693","SCEL_HUMAN",0.0802997897934491,0.197772189679956,6.21034929166838e-05,0.000164189021459957,"time12",1.40261134614259
"694","NDUA7_HUMAN",0.0857155042454288,0.206565195918619,3.16169653645903e-06,5.94087881561907e-06,"time12",0.909977457488566
"695","VAMP5_HUMAN",0.0161964779289032,0.0737367631975284,9.82282150024363e-06,2.1308935786151e-06,"time0",-2.2046789391196
"696","RTN3_HUMAN",0.0234101433306932,0.0919321407720123,6.40210546321249e-05,7.55696062535035e-05,"time12",0.239259662926813
"697","LETM1_HUMAN",0.800838179706995,0.882384513445837,4.85637178704111e-05,4.60152312079132e-05,"time0",-0.0777673960726947
"698","STBD1_HUMAN",0.0399559406961387,0.129374188373411,4.61877676552505e-05,2.83664401500092e-05,"time0",-0.703325708835949
"699","SNX4_HUMAN",0.209789063927493,0.352977486996877,6.61253946853361e-06,7.89116311728906e-06,"time12",0.255033533494562
"700","LC7L3_HUMAN",0.878881028768379,0.932621126088815,8.7956327528645e-06,6.76123349534121e-06,"time0",-0.379500897438588
"701","MBD4_HUMAN",1,1,3.60615726138537e-07,3.2763036747051e-07,"time0",-0.138393228830034
"702","MTMR5_HUMAN",0.00408621117139509,0.0339282807840564,3.602446948338e-06,1.08742090494787e-05,"time12",1.5938613786438
"703","GOSR1_HUMAN",0.0179375199219851,0.0783765958259086,5.48637011783455e-07,1.82489825716739e-06,"time12",1.73389217551671
"704","KAT7_HUMAN",0.0331834311510942,0.114768172707287,2.48888452013993e-06,1.14485506828998e-06,"time0",-1.12033431992485
"705","ATE1_HUMAN",0.286100531282346,0.442253148343662,5.83987070960476e-06,8.12597510012814e-06,"time12",0.476604514560282
"706","CCDB1_HUMAN",0.435214053277576,0.589196178655249,2.66670253709694e-06,4.06190895029975e-06,"time12",0.607100995840083
"707","LYPD3_HUMAN",0.812703686128436,0.891020395970108,8.49168942350285e-07,7.87706910665004e-07,"time0",-0.108392674087467
"708","VAPB_HUMAN",0.020658377241239,0.0854093243821853,4.6124705923221e-07,4.82418447455969e-06,"time12",3.38667345813681
"709","RASL1_HUMAN",0.0590582290905367,0.162648302403985,5.95184316049693e-08,6.44101850870735e-07,"time12",3.43588042260634
"710","SNAPN_HUMAN",0.100348246462291,0.227011289394017,7.38568812917586e-07,0,"time0",-Inf
"711","NDUC2_HUMAN",0.0474722551429182,0.143788935075381,7.0862300798428e-06,1.1688069478836e-05,"time12",0.72194644567834
"712","NDUAA_HUMAN",0.618953802351261,0.744614513886018,3.04309023682513e-05,3.50269633896691e-05,"time12",0.202928806510874
"713","FKBP9_HUMAN",0.799846105662473,0.881454020133202,1.06959664674198e-06,1.78487022865174e-06,"time12",0.738752337414051
"714","CELF2_HUMAN",0.709604370836143,0.817921054998896,1.04286929165976e-05,1.22788266861562e-05,"time12",0.235614360762817
"715","6PGL_HUMAN",0.318396080285311,0.477639693323108,0.000104531242417769,0.000121022763744063,"time12",0.211344235250742
"716","PAPS2_HUMAN",0.100000618072013,0.227011289394017,6.55308774560163e-07,1.86210761276179e-06,"time12",1.50668969526013
"717","SMC2_HUMAN",0.833935414088552,0.902699570197702,7.04922230796201e-07,1.78990051102933e-06,"time12",1.34434339083174
"718","ATG7_HUMAN",0.260840632464634,0.41568866000834,8.13871249673665e-05,9.70792593472039e-05,"time12",0.254362516224912
"719","TACC2_HUMAN",1,1,3.14050991123527e-06,2.81316947641296e-06,"time0",-0.158802353488361
"720","TRI16_HUMAN",0.00894142292881201,0.0534071191537941,1.32961534103788e-05,3.47882387630395e-05,"time12",1.38759070789118
"721","SYFM_HUMAN",0.280712665268496,0.435732003546966,2.55678091871645e-07,6.85387197392228e-07,"time12",1.4225906968901
"722","ZBT7A_HUMAN",0.799846105662473,0.881454020133202,8.87352737530262e-07,6.82198290483626e-07,"time0",-0.379316574197067
"723","LYPA2_HUMAN",0.896772761996841,0.945919166528116,3.02520876281417e-05,3.18943728023076e-05,"time12",0.076267205487073
"724","IPO7_HUMAN",0.00402895506219561,0.033728160269308,1.22108110475581e-05,2.78686122389647e-05,"time12",1.19048213501864
"725","ARI2_HUMAN",0.366155082994769,0.525984682714708,6.3243149415784e-06,4.18491154058703e-06,"time0",-0.595712085735356
"726","TFIP8_HUMAN",0.159870249540004,0.306478176533698,6.60446346876185e-05,4.85484462874139e-05,"time0",-0.444016239726837
"727","SLU7_HUMAN",0.141482121482793,0.282889273214279,9.98747768594812e-07,2.75201049432302e-07,"time0",-1.85963440324856
"728","AGM1_HUMAN",0.0111165467198405,0.0598729788616836,6.75560470451285e-06,9.1038475388174e-06,"time12",0.430391484012506
"729","GCNT3_HUMAN",0.124134462326765,0.260091091719384,5.89228456842237e-05,8.56326705152584e-05,"time12",0.539334210485979
"730","MOCS3_HUMAN",0.833935414088552,0.902699570197702,1.09584032910991e-06,5.8844003451205e-07,"time0",-0.897070295001071
"731","SVIL_HUMAN",0.0277414377778769,0.10228370854769,4.98627943598101e-05,2.2226073443845e-05,"time0",-1.1657106371301
"732","PIGN_HUMAN",0.0580240199462214,0.162648302403985,1.42588421286376e-06,3.1219952239866e-07,"time0",-2.19131659889757
"733","BAG4_HUMAN",0.0440109840129515,0.136915420577791,1.50977890585548e-06,1.80880577883244e-07,"time0",-3.0612278832373
"734","AHSA1_HUMAN",0.000797897577285767,0.014156736574442,2.8788933130532e-05,5.46233328157932e-05,"time12",0.924003016078362
"735","NPT2B_HUMAN",0.0277414377778769,0.10228370854769,0.000114596752614462,0.000225634755588863,"time12",0.977423147693506
"736","APOM_HUMAN",0.0140428066739878,0.0681564973087937,3.26573553080723e-06,1.05068681245076e-05,"time12",1.68585282954471
"737","FMNL1_HUMAN",0.00930112227797508,0.0537765548682325,0.000828973293293983,0.000434553164710362,"time0",-0.931792931682115
"738","SGPL1_HUMAN",0.0475865383746561,0.143916148714846,4.47363932522622e-06,1.01029683131437e-05,"time12",1.1752583748705
"739","CLD7_HUMAN",0.47719661998877,0.627005826166856,1.27454695182171e-06,1.76568860871459e-06,"time12",0.470246415854356
"740","G6PE_HUMAN",0.0025600902736187,0.0259188011554187,0.000139421282709831,8.06666818668737e-05,"time0",-0.789405987313908
"741","SC24A_HUMAN",0.286234810422256,0.442253148343662,1.72808662242533e-06,2.90443006552593e-06,"time12",0.749079556125141
"742","SC24B_HUMAN",0.49352537749572,0.642648153429678,1.58717730937415e-05,9.21945242949958e-05,"time12",2.53821776137264
"743","VNN1_HUMAN",0.0145380161702633,0.0681564973087937,0.000385294723203003,0.000214274448131748,"time0",-0.846502606419155
"744","VNN2_HUMAN",0.00236749462783337,0.0250827491665221,0.000673116186620085,0.000399632059289644,"time0",-0.752183226318122
"745","NADK_HUMAN",0.0693168688057333,0.179856497557187,2.73792418082519e-05,3.9023969956586e-05,"time12",0.511278056825284
"746","MPC2_HUMAN",0.365516535184542,0.525193712931746,2.65663529635598e-06,3.14246607504713e-06,"time12",0.242296982065383
"747","ETHE1_HUMAN",0.00663953647017479,0.0452716339456096,0.000117762609152888,7.62162848636438e-05,"time0",-0.627710349960858
"748","ACSL3_HUMAN",0.420913477889276,0.57420079062492,1.90064464638815e-05,1.63873813560934e-05,"time0",-0.213903488597505
"749","RPA1_HUMAN",0.938175553294234,0.973375469832632,1.19435499621082e-05,2.50914512003479e-05,"time12",1.07096420324843
"750","STABP_HUMAN",0.234346241158004,0.383703426106567,8.78090435644097e-06,1.0104008519317e-05,"time12",0.202486323152915
"751","ASML_HUMAN",0.0063890841252489,0.0444634176411738,2.12213882749581e-06,7.15630285921919e-06,"time12",1.75369540591147
"752","CDS2_HUMAN",0.530158014945287,0.674615251429108,1.01792017833106e-06,9.14496576704555e-07,"time0",-0.154574760289687
"753","PPR3D_HUMAN",0.0163872206505971,0.0737367631975284,2.61186047541794e-05,1.26663962783531e-05,"time0",-1.04407170963367
"754","RAB3D_HUMAN",0.205409692600369,0.349625856217291,8.58149561017301e-05,9.90280022162913e-05,"time12",0.206607427661679
"755","SNP29_HUMAN",0.0576879289001226,0.162648302403985,2.92600863508177e-05,1.73773959192462e-05,"time0",-0.751722123063863
"756","OXSR1_HUMAN",0.000256288796663285,0.00798040746072625,0.000205803490613345,0.000118423860546839,"time0",-0.797307661219194
"757","GGPPS_HUMAN",0.229599700279643,0.378315851551557,2.65709753684879e-06,3.75823623257603e-06,"time12",0.500204566209693
"758","RAB36_HUMAN",0.00151573918299473,0.0192627875319735,1.20103848726944e-06,1.51185261501506e-05,"time12",3.65396321529924
"759","HS74L_HUMAN",0.649766048056904,0.770355816801089,2.7108393489764e-05,2.89774044184962e-05,"time12",0.0961887566900741
"760","PTBP3_HUMAN",0.0379099253645911,0.124210633133682,4.20439221981539e-05,2.64558728976004e-05,"time0",-0.668309242381728
"761","TBCD8_HUMAN",0.843281983670924,0.909356073021561,6.066795946981e-06,7.18551430097736e-06,"time12",0.24415663282215
"762","LSM8_HUMAN",0.253436105325818,0.40660055254126,3.11145646739669e-05,2.81531903623191e-05,"time0",-0.144291641555852
"763","AP2A1_HUMAN",0.0309848096221685,0.110031074835442,0.000164294623707221,0.00021232830598398,"time12",0.370011442070862
"764","RIGI_HUMAN",0.697115169474199,0.808361271067635,4.79011955321036e-05,4.76357561193812e-05,"time0",-0.00801677472773963
"765","STAU1_HUMAN",0.185016310523015,0.327566192060123,8.95923720760032e-06,8.06578958643983e-06,"time0",-0.151560135566383
"766","TTC4_HUMAN",0.100348246462291,0.227011289394017,0,3.3274114214719e-07,"time12",Inf
"767","BAG2_HUMAN",1,1,1.22812612594017e-06,1.32229006667176e-06,"time12",0.10657996107307
"768","BAG3_HUMAN",0.00542565409814579,0.0398615398871154,2.87318686448727e-06,1.14234310891175e-05,"time12",1.9912723069123
"769","M4K4_HUMAN",0.0421700405387188,0.134050905874278,1.21085061143036e-05,1.69139265535619e-05,"time12",0.482190735388719
"770","DCMC_HUMAN",0.827622518387147,0.902572448845432,2.89492984177355e-06,3.74090239482303e-06,"time12",0.369857939402657
"771","QORL1_HUMAN",0.529368106184798,0.674615251429108,2.2401092748401e-07,6.43148398297945e-07,"time12",1.52158254931035
"772","AIFM1_HUMAN",0.0875931375825178,0.210286901439059,2.00661427560701e-05,2.9307510893717e-05,"time12",0.546507125019956
"773","CLD1_HUMAN",0.00922514613907298,0.0537765548682325,1.98868249990311e-06,8.33090228221929e-06,"time12",2.06665979254416
"774","CLIC3_HUMAN",0.0322984874142296,0.11326585613609,5.87411267356165e-05,0.000122268404016848,"time12",1.05760879414843
"775","EMAL2_HUMAN",0.000154290475084444,0.00602635491564066,5.2565302313639e-06,3.09693322085446e-05,"time12",2.5586575603488
"776","GNA14_HUMAN",0.202037235364087,0.346473846347887,3.86184645216883e-05,6.1045319129772e-05,"time12",0.660589872033934
"777","ANGL1_HUMAN",0.187401192001721,0.330288380001852,1.10687041929887e-06,1.75186635729619e-06,"time12",0.662406385342341
"778","BPNT1_HUMAN",0.427954606711865,0.58081637488979,5.0267404779961e-05,3.7748684572e-05,"time0",-0.413196835345959
"779","DDAH2_HUMAN",0.381798435002565,0.54065482509965,1.85376162846005e-05,1.99730491843233e-05,"time12",0.107598855956264
"780","LY66C_HUMAN",0.187311701267768,0.330288380001852,2.86588957282409e-06,5.31008284979541e-06,"time12",0.889751349253994
"781","ABHGA_HUMAN",0.485924404659121,0.63663664598134,6.56676534980059e-06,1.03145573100872e-05,"time12",0.651427094147024
"782","TXD12_HUMAN",0.212932853028178,0.357260654813851,8.2377931276877e-05,5.75235904649112e-05,"time0",-0.518104169194268
"783","SYF2_HUMAN",0.0224942712224497,0.0893339641035185,2.1778868911855e-06,0,"time0",-Inf
"784","SG1D1_HUMAN",0.0673823918377128,0.175676571997669,0.000146017328364881,0.000191028606089215,"time12",0.387649105951086
"785","SG1D2_HUMAN",0.824098168245978,0.899221475873808,5.01135979745205e-05,1.51494500911001e-05,"time0",-1.72593669540024
"786","IGSF6_HUMAN",1,1,2.36112358928773e-06,2.96204144595278e-06,"time12",0.327118268339698
"787","NUDT3_HUMAN",0.046351373591563,0.14175973090753,3.96078687323246e-06,7.27313248024756e-06,"time12",0.876789782189824
"788","AGR2_HUMAN",0.00403179414570332,0.033728160269308,0.000261553500840937,0.000489804125724796,"time12",0.905098845753891
"789","DRC4_HUMAN",0.225010647054924,0.372430360450496,8.87187737172467e-06,1.9447993009891e-05,"time12",1.13230995031135
"790","BCL10_HUMAN",0.378674693023085,0.53942855745931,3.29521082004357e-06,1.74780760438567e-05,"time12",2.40710371059919
"791","NDUBA_HUMAN",0.0247860513627529,0.0953297390790233,4.44144203430438e-05,5.95567373341012e-05,"time12",0.423236559064478
"792","CLPT1_HUMAN",0.0195274552556461,0.0823520698165325,8.89092097296266e-06,1.56662628643641e-05,"time12",0.81725629608462
"793","TOM40_HUMAN",0.852668824833466,0.913870841181422,1.67917769525589e-05,1.44222835530532e-05,"time0",-0.219455296494077
"794","NAPSA_HUMAN",0.00839236298481405,0.0515715885887802,9.03484668074787e-06,2.95426299200649e-05,"time12",1.7092262380385
"795","PX11B_HUMAN",0.40588496871154,0.564721853741913,1.69182397486291e-05,1.34578589021901e-05,"time0",-0.330130571127286
"796","ACL6A_HUMAN",0.544880281339637,0.686763013387139,2.19111743664541e-05,2.54949054255069e-05,"time12",0.218542176153081
"797","CYB_HUMAN",0.801732212656982,0.882718249990811,3.39559765704797e-06,2.12374974311655e-06,"time0",-0.677051751778506
"798","CYB5_HUMAN",3.22252494026077e-05,0.00283060903943788,2.62207496955005e-06,4.12205832527145e-05,"time12",3.97458407815875
"799","ADH1G_HUMAN",0.000360111510691971,0.00964549799714414,1.48317236385209e-05,5.97622798262397e-05,"time12",2.01054891806642
"800","LDHA_HUMAN",0.0011314544826746,0.016825109315811,0.00116028793725197,0.00161115408093828,"time12",0.473611601956417
"801","AL1A1_HUMAN",3.04952263832093e-05,0.00273536317360373,0.000517270605117716,0.00180297524510012,"time12",1.80138847355923
"802","DHE3_HUMAN",0.134735083207488,0.273918533695822,0.000151784676818395,0.000190179791268518,"time12",0.325337798734851
"803","DYR_HUMAN",0.293621543928906,0.449665813510046,6.25207970265174e-06,4.93825490542681e-06,"time0",-0.340334862003558
"804","NB5R3_HUMAN",0.000951774418354035,0.0154179762251497,0.00010784314413887,0.000205203631185863,"time12",0.928121796771206
"805","GSHR_HUMAN",0.253436105325818,0.40660055254126,0.000197746173011947,0.00016833102691639,"time0",-0.232348654503851
"806","COX1_HUMAN",0.964541384555568,0.989727828543276,1.82595760680012e-06,1.18391128022051e-06,"time0",-0.625092298169485
"807","COX2_HUMAN",0.271005628630519,0.427044701479295,0.000340098459105168,0.000387846594985526,"time12",0.189533666278308
"808","SODC_HUMAN",0.823576943948865,0.899221475873808,9.16199769554815e-05,9.61941743463306e-05,"time12",0.0702873250272622
"809","CERU_HUMAN",0.0635564886033535,0.169625963551309,0.000890430335553945,0.00117751606694075,"time12",0.403172096251106
"810","F13A_HUMAN",0.00108971724082543,0.0165885874294548,2.12794734566066e-06,1.23728212105857e-05,"time12",2.53964013840153
"811","PNPH_HUMAN",0.807830415666103,0.887632647677269,0.000490020282012936,0.000463748391884173,"time0",-0.0794991848430292
"812","HPRT_HUMAN",0.0549216289073229,0.158553354018096,0.0002207427157703,0.000171344635954945,"time0",-0.365464803408869
"813","AATM_HUMAN",0.845699205144763,0.909991236233052,3.92007075628931e-05,4.197716527718e-05,"time12",0.0987250496993026
"814","EGFR_HUMAN",0.0128512401874965,0.0647911684654303,1.6296881252108e-07,1.91367050035796e-06,"time12",3.55367463885019
"815","PGK1_HUMAN",0.903226472437382,0.950153525866235,0.00228214935212268,0.00229386782765188,"time12",0.00738905595204887
"816","KAD1_HUMAN",1.82446092367172e-05,0.00216419676778043,2.64624698033949e-05,7.44923533371557e-05,"time12",1.49314462212898
"817","THRB_HUMAN",0.0698929112404585,0.180488698157916,4.75863045862972e-05,6.21355591738815e-05,"time12",0.384872712426064
"818","C1R_HUMAN",0.0145487249403502,0.0681564973087937,2.84070400726351e-05,4.89462449470114e-05,"time12",0.784949668630827
"819","HPT_HUMAN",0.0196608155965805,0.0823520698165325,0.00137551521059467,0.000870916573835809,"time0",-0.659365660186489
"820","HPTR_HUMAN",0.0451433426811758,0.138918694402196,1.67896740226069e-06,5.7062036675233e-06,"time12",1.76495702082224
"821","FA9_HUMAN",0.00509932237899739,0.0388498119512135,2.63665469829465e-07,1.56019929817911e-06,"time12",2.56494977878535
"822","FA10_HUMAN",0.759765825978067,0.857900643594511,2.06501787836543e-05,1.70536007560555e-06,"time0",-3.59800598003167
"823","CFAD_HUMAN",0.00378712571418864,0.0327731490379135,7.62666315631148e-06,1.76424499606298e-05,"time12",1.20992703071341
"824","PLMN_HUMAN",0.00403179414570332,0.033728160269308,0.00014473269528103,0.000244318578850816,"time12",0.755372710279134
"825","FA12_HUMAN",0.000800756952014182,0.014156736574442,6.83701560065292e-06,2.01241438350898e-05,"time12",1.55748878390406
"826","UROK_HUMAN",0.00839236298481405,0.0515715885887802,8.88659384001796e-07,3.84981942794222e-06,"time12",2.11508832247454
"827","CFAB_HUMAN",0.0426517054438591,0.134148169397591,0.000233644324357549,0.000356544513568934,"time12",0.609768212326927
"828","ADA_HUMAN",0.0162885476739772,0.0737367631975284,2.98355683396459e-05,1.61734132478971e-05,"time0",-0.883409080879206
"829","CAH1_HUMAN",0.754752501290184,0.854299164336985,3.14270242093073e-06,1.22596195119845e-05,"time12",1.9638366279265
"830","CAH2_HUMAN",0.0288365150716101,0.105113236503366,6.57211248132661e-06,1.60427403925017e-05,"time12",1.28749152420071
"831","ASSY_HUMAN",1.39661133289337e-05,0.00193999057938886,2.41273739527661e-05,6.0511971596602e-05,"time12",1.32654969147753
"832","ANT3_HUMAN",0.761065473780036,0.857900643594511,0.000546356251898632,0.000496523939311149,"time0",-0.137978690823543
"833","A1AT_HUMAN",0.0081429798156023,0.0512518634758615,0.00706474209596323,0.00444310479048551,"time0",-0.669068727123103
"834","AACT_HUMAN",0.0145380161702633,0.0681564973087937,0.00283449935133082,0.00179691290288408,"time0",-0.657573456485944
"835","ANGT_HUMAN",0.00147982763550481,0.0189678336198932,2.63056158403273e-05,8.08316364035678e-05,"time12",1.61954922935238
"836","A2MG_HUMAN",0.529105184599757,0.674615251429108,0.00194519622532691,0.00188310313041749,"time0",-0.0468036840752485
"837","CO3_HUMAN",0.0196608155965805,0.0823520698165325,0.0031762638294269,0.00466313871723539,"time12",0.553970595271861
"838","CO5_HUMAN",0.0107248708708659,0.0582360488288018,3.4096962959757e-05,8.09958389385688e-05,"time12",1.24820455010113
"839","TIMP1_HUMAN",0.0605652313679457,0.163913061604322,0.000146866894237224,0.000188939949040266,"time12",0.363418544413903
"840","CYTC_HUMAN",0.151886919513345,0.295897120108679,0.000365439532042105,0.000485750930876663,"time12",0.41058405215134
"841","CYTS_HUMAN",0.871207794174552,0.925929564876263,0.0033849423443401,0.00342635976723457,"time12",0.0175453815150154
"842","CYTN_HUMAN",0.370740607380867,0.530022414525112,0.00107995671954138,0.00160659647731702,"time12",0.573034122374484
"843","CYTA_HUMAN",0.22855282202363,0.37711215633899,0.000748140514888774,0.000636225973906382,"time0",-0.233769989819537
"844","KNG1_HUMAN",0.109572655541283,0.237064899740731,0.000111888682334515,0.000139987744244763,"time12",0.323236413042592
"845","FOS_HUMAN",0.183430618982178,0.326164261025782,1.71684559602824e-06,9.11411543870261e-07,"time0",-0.913585747990109
"846","RASN_HUMAN",0.649766048056904,0.770355816801089,2.62836278988297e-05,2.39440379451101e-05,"time0",-0.134497952687194
"847","RASH_HUMAN",0.0285436826589363,0.104595961056335,1.99248158466346e-06,4.38122203421761e-06,"time12",1.13676693998981
"848","RASK_HUMAN",0.416129898279905,0.572386780791985,5.29396981761891e-05,5.70450177730448e-05,"time12",0.107750919523617
"849","EGF_HUMAN",0.0170556294065931,0.0756859394097922,1.22533501695576e-06,3.31494114416644e-06,"time12",1.43580700774231
"850","TGFB1_HUMAN",0.0516441571756024,0.15278382902916,4.607861969388e-05,2.88945677016704e-05,"time0",-0.673299215258115
"851","IL1B_HUMAN",0.0023055607542569,0.0249929480674709,1.39219317440612e-05,4.48437921313739e-06,"time0",-1.63437921967073
"852","IGJ_HUMAN",0.370740607380867,0.530022414525112,0.00157643754499652,0.0011959993041486,"time0",-0.398451464581729
"853","KVD33_HUMAN",0.114176673814654,0.244963100824329,0.000119216289591521,4.69921500587581e-05,"time0",-1.34308969482518
"854","KV139_HUMAN",0.165028888868398,0.313922787646797,4.71558189642803e-06,2.67599961811653e-06,"time0",-0.817357898405222
"855","KV117_HUMAN",0.761065473780036,0.857900643594511,2.4704020184994e-05,2.0237307601534e-05,"time0",-0.287728471785205
"856","KV105_HUMAN",0.746783895972503,0.847045235595093,3.45598579887869e-06,3.26106255233223e-06,"time0",-0.0837551747589417
"857","KV320_HUMAN",0.119076568633318,0.252752076917842,0.000513397338082544,0.00063301701479769,"time12",0.302168462529787
"858","LV147_HUMAN",0.269413575386585,0.426393027499754,0.000104071785615334,0.000109736584884818,"time12",0.0764655837067187
"859","LV140_HUMAN",0.271898710819648,0.427044701479295,8.57052918330492e-07,4.34419216637414e-07,"time0",-0.980296363104407
"860","LV223_HUMAN",0.23395283347059,0.383374560855921,5.60580625262158e-07,1.46675987107702e-06,"time12",1.38763891311955
"861","LV319_HUMAN",0.0836559895278504,0.203535914818224,1.57537565574391e-05,2.13033108343253e-05,"time12",0.435381775927942
"862","LV301_HUMAN",0.172995225897368,0.324245154269647,1.45987281801723e-05,7.8497516421673e-06,"time0",-0.895123774604739
"863","LV325_HUMAN",0.670180588960648,0.786750915460289,2.90275804250651e-05,2.68901524172519e-05,"time0",-0.110346389439948
"864","LV657_HUMAN",0.715132966637612,0.823022969118777,4.98228105358958e-05,4.49296544828322e-05,"time0",-0.149138439885374
"865","HV169_HUMAN",0.23965098438272,0.389612229101249,3.5084611231447e-06,3.85887285402446e-06,"time12",0.137341133151347
"866","HV146_HUMAN",0.444081179535047,0.597409208415053,1.04855489339343e-05,3.2003144228648e-06,"time0",-1.71211683226467
"867","HV311_HUMAN",0.0591720678258594,0.162648302403985,2.242338965507e-06,9.87632349022187e-07,"time0",-1.18295838456373
"868","HV348_HUMAN",0.0591720678258594,0.162648302403985,1.46204931119552e-06,3.95413156194331e-08,"time0",-5.20848728706744
"869","HV323_HUMAN",0.0221907163701582,0.0893339641035185,1.17902580039612e-05,4.332467713006e-06,"time0",-1.44433438578914
"870","HV330_HUMAN",0.427954606711865,0.58081637488979,0.000231472142747071,0.000237738837605074,"time12",0.0385390265681939
"871","HV307_HUMAN",0.151886919513345,0.295897120108679,0.000198451138065678,0.000117584319298216,"time0",-0.755088156442533
"872","HV309_HUMAN",0.365227518501531,0.524904708375756,8.69009016240133e-06,5.60214003628257e-06,"time0",-0.633393098724242
"873","HV205_HUMAN",0.366985571854924,0.526797601703789,2.89223531754421e-06,8.9004909225731e-07,"time0",-1.70022811954197
"874","HV439_HUMAN",0.108319380730004,0.236237546646293,3.07735822822857e-06,4.43683116115271e-07,"time0",-2.79409083517085
"875","PIGR_HUMAN",0.404494503512979,0.563180808737301,0.00872837759229914,0.00907196247490907,"time12",0.0557011583137807
"876","IGKC_HUMAN",0.134735083207488,0.273918533695822,0.00437347363997244,0.00307415349313733,"time0",-0.508590397473283
"877","IGHG2_HUMAN",0.0174536686390638,0.0766549726331826,0.00171329136510717,0.0010799631313844,"time0",-0.665788457952217
"878","IGHG3_HUMAN",0.626346288248897,0.749732741424982,0.000108064213962261,9.3062307171622e-05,"time0",-0.21561998654895
"879","IGHG4_HUMAN",0.134735083207488,0.273918533695822,0.000170756095116812,0.000164553108682998,"time0",-0.0533837946099784
"880","IGHM_HUMAN",0.95152647420764,0.978726989916003,0.00084030598689635,0.000712696644048787,"time0",-0.237626631875232
"881","IGHA1_HUMAN",0.318396080285311,0.477639693323108,0.0130648304839913,0.0100480655878222,"time0",-0.378770619397788
"882","IGHA2_HUMAN",0.666137204488317,0.784316483818001,2.67354926385626e-06,2.38333690235733e-06,"time0",-0.165773359046764
"883","HLAB_HUMAN",0.416129898279905,0.572386780791985,0.000464472152787909,0.000537035486207614,"time12",0.209425318610962
"884","HLAH_HUMAN",0.0382810921270392,0.124917370440093,1.37822148988431e-05,7.94127603288427e-06,"time0",-0.795365009359795
"885","DRA_HUMAN",0.000797897577285767,0.014156736574442,0.000340370530582218,0.000573848763897499,"time12",0.753564435776763
"886","DQA2_HUMAN",0.0591720678258594,0.162648302403985,2.90492030035787e-07,1.93279459854604e-06,"time12",2.73411784059558
"887","DQA1_HUMAN",0.0439795449516831,0.136915420577791,1.27198076843439e-05,2.06218334540242e-05,"time12",0.697095747975732
"888","DRB1_HUMAN",0.00103816948831081,0.0161385050053329,0.000145146214536716,0.000316403323743388,"time12",1.12425780859497
"889","DQB1_HUMAN",0.0408217473075134,0.13109048207945,1.54539441368964e-05,3.14874395818628e-05,"time12",1.02680136071323
"890","HBD_HUMAN",0.0798633847925312,0.197772189679956,5.22951582524577e-05,8.69169562270723e-05,"time12",0.732960272474631
"891","MYG_HUMAN",0.015767922944396,0.0722503599484743,1.07389715852801e-06,7.08995591174349e-06,"time12",2.72292081558617
"892","CO1A1_HUMAN",0.589638551626567,0.719932761419764,3.2826232646268e-06,1.25961305009442e-06,"time0",-1.38186857670687
"893","CO3A1_HUMAN",0.362726506485098,0.522819841514356,9.62867236368283e-07,1.8636609487696e-06,"time12",0.95273062505886
"894","CO4A1_HUMAN",0.141482121482793,0.282889273214279,6.13038414005273e-05,2.75631829289447e-06,"time0",-4.47516307674683
"895","CRYAB_HUMAN",0.00930938518897578,0.0537765548682325,3.12406444428178e-05,9.20850771145182e-05,"time12",1.55954316451442
"896","K1C14_HUMAN",0.0120476223528385,0.0622193255917365,0.00193371858641935,0.00428814677681103,"time12",1.14897643287766
"897","K2C6A_HUMAN",0.0497101210057736,0.148831354770669,0.00283623797533966,0.00523124428110128,"time12",0.883175553094854
"898","LMNA_HUMAN",0.00218777544796467,0.0241684411185438,0.000113600041555353,0.000319730104583734,"time12",1.49289122666474
"899","SPTA1_HUMAN",1,1,2.37526983753496e-06,1.87287087428664e-05,"time12",2.97908811371144
"900","TNNC2_HUMAN",0.126278928554698,0.262352709654682,8.82417640329121e-06,9.13940662369802e-07,"time0",-3.27128922559081
"901","APOA1_HUMAN",0.198075799271464,0.343826430993449,0.00198827691675012,0.00279466800701005,"time12",0.4911582062114
"902","APOE_HUMAN",0.190413502277319,0.334905727061964,4.30635519185779e-05,6.09750677480966e-05,"time12",0.501752136836859
"903","APOA2_HUMAN",0.318746328073985,0.477639693323108,0.000222482007419801,0.000198876379319196,"time0",-0.161816730574061
"904","APOC1_HUMAN",0.0332436644944335,0.114777114465463,5.40871607856769e-05,0.00013284565662323,"time12",1.2963929870675
"905","APOC2_HUMAN",0.123534253752569,0.259904930491052,3.25634713526391e-06,2.73994610051943e-06,"time0",-0.24910698977273
"906","APOC3_HUMAN",0.289131058506326,0.445680037774038,1.76105624223941e-05,1.69516845957531e-05,"time0",-0.0550123345674568
"907","FIBA_HUMAN",0.0840654782950878,0.203535914818224,0.000756017503023019,0.000941059503264695,"time12",0.31586631200905
"908","FIBB_HUMAN",0.477106481790543,0.627005826166856,0.0018973690945335,0.00196958611307135,"time12",0.0538921419825503
"909","FIBG_HUMAN",0.903226472437382,0.950153525866235,0.00225982957397604,0.00227253122262007,"time12",0.00808614066889208
"910","MBP_HUMAN",0.368426844468365,0.528231767165037,1.20772712151236e-06,2.04753502674404e-06,"time12",0.761593608508932
"911","B3AT_HUMAN",0.384879266166369,0.544243337313382,1.54046116143471e-05,5.04685643561953e-05,"time12",1.71202273870843
"912","CRP_HUMAN",0.00592153702414871,0.0421063579110003,1.2491654884053e-05,0,"time0",-Inf
"913","SAMP_HUMAN",0.22855282202363,0.37711215633899,2.73268384278027e-05,3.89016130969896e-05,"time12",0.509511422094943
"914","C1QA_HUMAN",0.478487407397376,0.627581309702356,9.81651538029219e-06,8.39470947929314e-06,"time0",-0.22573059660354
"915","C1QB_HUMAN",0.855271723121405,0.913870841181422,4.01268262702724e-05,4.3768179108785e-05,"time12",0.125315310344417
"916","C1QC_HUMAN",0.452164342626929,0.603795577578951,2.28070430024859e-05,2.70445729147379e-05,"time12",0.24585970548201
"917","CO9_HUMAN",0.855271723121405,0.913870841181422,0.000181351611759953,0.000178161025270161,"time0",-0.0256078017021556
"918","APOH_HUMAN",0.011303061619401,0.0601721809738699,4.21934555921749e-05,8.65450668978813e-05,"time12",1.0364323404157
"919","A2GL_HUMAN",0.00236749462783337,0.0250827491665221,0.000150206540082985,6.8374893450556e-05,"time0",-1.13540904517844
"920","FINC_HUMAN",0.0732440743595362,0.186880331546138,0.000249565901102992,0.000288517893031961,"time12",0.209239965203034
"921","RET4_HUMAN",0.0941896485506643,0.222193827327456,1.29369362893543e-05,1.84690364072337e-05,"time12",0.513612597582883
"922","AMBP_HUMAN",0.244946429505944,0.395529879275211,2.75207656096678e-05,3.72806157023866e-05,"time12",0.437905081372259
"923","A1AG1_HUMAN",0.000797897577285767,0.014156736574442,0.00179081778142555,0.000695626798367621,"time0",-1.36423313096695
"924","FETUA_HUMAN",0.0961015727370978,0.225546048706752,0.000176466757072399,0.000228064460286941,"time12",0.37004521306828
"925","TTHY_HUMAN",0.0919496268033981,0.217856057475881,0.00034146058572041,0.000435401828400344,"time12",0.35062840588946
"926","ALBU_HUMAN",0.626346288248897,0.749732741424982,0.0216138426645277,0.0231218866962692,"time12",0.0973035357472233
"927","FETA_HUMAN",0.18144920772142,0.324392732032339,0,5.9291151384565e-07,"time12",Inf
"928","VTDB_HUMAN",0.502761047333479,0.651266912973947,0.000209728882694423,0.000204196745379789,"time0",-0.0385656832582636
"929","TFR1_HUMAN",0.00016411931624137,0.00630588911920646,1.9410696406336e-05,8.67971743557736e-05,"time12",2.16079619792246
"930","TRFE_HUMAN",0.0576879289001226,0.162648302403985,0.00324098455774225,0.0037853161183843,"time12",0.223981640543484
"931","TRFL_HUMAN",0.95152647420764,0.978726989916003,0.0360682794559414,0.039844073043674,"time12",0.143634529112257
"932","HEMO_HUMAN",0.612005613744259,0.738486773918073,0.000671623679821007,0.000578096713740297,"time0",-0.216342225891467
"933","FRIL_HUMAN",0.00403179414570332,0.033728160269308,0.000376255735545309,0.000176523719193224,"time0",-1.09185152509973
"934","FRIH_HUMAN",3.90410423278809e-05,0.00314772961582421,0.000422396091740693,0.000165940887423462,"time0",-1.34792707950912
"935","STAT_HUMAN",0.109582485883837,0.237064899740731,0.00010356246106907,8.26307587125697e-05,"time0",-0.325750335403233
"936","PRPC_HUMAN",0.5462142100259,0.687718692345004,8.67358649569378e-05,6.6265597366827e-05,"time0",-0.388368594743468
"937","PRB2_HUMAN",0.855132140584706,0.913870841181422,1.02849475771734e-06,8.55820371739431e-07,"time0",-0.265154514358288
"938","SMR3B_HUMAN",0.198674389886733,0.344165351158194,6.25362170176908e-05,0.000101543686425148,"time12",0.699336686942301
"939","NU1M_HUMAN",0.414446222764492,0.572386780791985,1.5379789747488e-06,2.55257034581979e-06,"time12",0.730914939838432
"940","NU5M_HUMAN",0.932646638965876,0.97016690605071,7.47200540416242e-07,1.07032245871437e-06,"time12",0.518478102846471
"941","ATP8_HUMAN",0.0418880664903521,0.133938662284193,1.84172401181696e-06,5.66002660818804e-06,"time12",1.61975195008548
"942","ANGI_HUMAN",0.000652269924089163,0.0129684755451225,2.12913081625878e-06,1.10550350718903e-05,"time12",2.37636710360699
"943","KLKB1_HUMAN",0.111932624937794,0.241449465060832,3.42399247972685e-06,8.57977889618932e-06,"time12",1.32526093637894
"944","MMP1_HUMAN",0.787406490666269,0.875335747022078,1.33693372744384e-06,5.0886010182655e-07,"time0",-1.39358696846952
"945","SLPI_HUMAN",0.655438425019384,0.775080917172991,0.00147486911714721,0.00110432878121773,"time0",-0.417417176667797
"946","C4BPA_HUMAN",0.919296527281404,0.96214441167896,0.000216232163258919,0.000208340751315549,"time0",-0.0536360742193401
"947","VTNC_HUMAN",0.01283373311162,0.0647911684654303,0.000341717888630585,0.000488398752048619,"time12",0.515253740411611
"948","CATA_HUMAN",0.212932853028178,0.357260654813851,0.00132551493176463,0.00113571989156865,"time0",-0.222945862656315
"949","RAF1_HUMAN",0.40091675928529,0.560828351641878,4.02330887444993e-06,4.32405114624398e-05,"time12",3.42592918299751
"950","GBA1_HUMAN",0.502761047333479,0.651266912973947,2.91373143028407e-05,3.30703534584079e-05,"time12",0.182670560406145
"951","FUCO_HUMAN",0.807830415666103,0.887632647677269,2.88801804694552e-05,2.57885214493713e-05,"time0",-0.163350697021038
"952","ALDOA_HUMAN",0.000283263623714447,0.00833464839628765,0.00137345263543501,0.00184520671137061,"time12",0.425975286054935
"953","CYTB_HUMAN",0.0247860513627529,0.0953297390790233,0.000737674474278724,0.00113620701233995,"time12",0.623169491904005
"954","ANXA1_HUMAN",0.95152647420764,0.978726989916003,0.0137653323182755,0.0136339962905102,"time0",-0.0138309438063323
"955","APOB_HUMAN",0.715132966637612,0.823022969118777,0.000701423708517107,0.000907500668155632,"time12",0.37161250998489
"956","GCR_HUMAN",0.0331834311510942,0.114768172707287,5.23814432828179e-06,1.66665033026901e-06,"time0",-1.65210435824542
"957","TFF1_HUMAN",0.0224942712224497,0.0893339641035185,1.17608380011997e-06,0,"time0",-Inf
"958","PRIO_HUMAN",0.000321048400688444,0.00917522534599081,2.00811229933244e-07,4.07882795362885e-06,"time12",4.34424279878514
"959","SODM_HUMAN",0.029325857758522,0.105966937925984,0.000748157833833264,0.000446845070467552,"time0",-0.743567949118334
"960","LCAT_HUMAN",0.683480902201426,0.79579560016552,1.03818585288855e-06,8.48092929523684e-07,"time0",-0.291770472283382
"961","OAT_HUMAN",0.670180588960648,0.786750915460289,3.27835689150621e-05,3.36785533655046e-05,"time12",0.0388572509765021
"962","HRG_HUMAN",0.427954606711865,0.58081637488979,0.000210008757523772,0.000244456587842943,"time12",0.219128794336026
"963","A1BG_HUMAN",0.129353076219559,0.266606599123335,0.000124157118335574,0.000150216690608788,"time12",0.274878141580997
"964","HG2A_HUMAN",0.0145380161702633,0.0681564973087937,2.74427619122604e-05,4.30637166062993e-05,"time12",0.650047150945266
"965","K2C6B_HUMAN",0.212932853028178,0.357260654813851,0.000222993720710573,0.000349885345156549,"time12",0.649879153183127
"966","K2C1_HUMAN",0.0576879289001226,0.162648302403985,0.00585700493205629,0.00920371669641926,"time12",0.652053466715978
"967","VWF_HUMAN",0.62406453246517,0.748651828161169,1.50664087433924e-06,1.11374182635545e-06,"time0",-0.435920730512658
"968","SHBG_HUMAN",0.155565994271327,0.29983726485403,3.18690792991694e-06,7.78074106518727e-06,"time12",1.28775022899674
"969","PRP1_HUMAN",0.556298461274735,0.69514031573096,8.2708680090668e-06,7.44078662534579e-06,"time0",-0.152583596672603
"970","G3P_HUMAN",0.427954606711865,0.58081637488979,0.00555492294681706,0.00638961347387866,"time12",0.201961761123483
"971","ARLY_HUMAN",0.00174170214705017,0.0209741671861505,1.77467213704161e-05,3.80765119776604e-05,"time12",1.10134880812988
"972","KV116_HUMAN",0.251380608779173,0.404927069721939,4.43335109986127e-06,2.67224648039606e-06,"time0",-0.730344537437029
"973","KV311_HUMAN",0.194496319612348,0.340083875013043,0.000298578656836,0.00016427580044877,"time0",-0.861991069832667
"974","HLAA_HUMAN",0.119076568633318,0.252752076917842,0.000206306792209502,0.000249613501906402,"time12",0.274904653837118
"975","DPB1_HUMAN",0.234346241158004,0.383703426106567,1.96052169575886e-05,2.40388689016849e-05,"time12",0.294131407404721
"976","ERBB2_HUMAN",0.141482121482793,0.282889273214279,3.57731474992079e-07,9.85025840768089e-07,"time12",1.46128451274811
"977","CPNS1_HUMAN",0.000797897577285767,0.014156736574442,0.000228700423747103,0.000307977609568235,"time12",0.429366429803928
"978","HSPB1_HUMAN",0.00930112227797508,0.0537765548682325,0.000939401779010332,0.00202581524706673,"time12",1.10868837651731
"979","CY24B_HUMAN",0.776568833738566,0.870906054059416,0.000492273391946032,0.000539310939751758,"time12",0.131657536728938
"980","RPN1_HUMAN",0.529105184599757,0.674615251429108,0.000636720502939684,0.000583015083266047,"time0",-0.127127012895479
"981","RPN2_HUMAN",0.427954606711865,0.58081637488979,0.000262704055726535,0.000283539190184865,"time12",0.110109681669038
"982","GNAI2_HUMAN",0.515848442912102,0.664330045173347,0.00246844311039582,0.00265829649020104,"time12",0.106900626984124
"983","H2A1B_HUMAN",0.105645429201877,0.233106815154345,1.22582595787077e-07,7.60361172750517e-07,"time12",2.63293070329176
"984","B3A2_HUMAN",0.446096222327149,0.599175339770645,0.00036441512321141,0.000287280238663083,"time0",-0.343124075502539
"985","AT1A1_HUMAN",0.00123210437595844,0.0175641036696892,0.000196297053596829,0.00036175887275576,"time12",0.881989883528291
"986","AT1B1_HUMAN",0.381798435002565,0.54065482509965,6.21948594877733e-05,7.51548825865024e-05,"time12",0.273071490686484
"987","A4_HUMAN",0.635941334000006,0.758179159277851,5.34805881092467e-06,7.44234322036664e-06,"time12",0.476741594735561
"988","ARGI1_HUMAN",0.0145380161702633,0.0681564973087937,0.00045105154432821,0.000355631664966457,"time0",-0.342908522679962
"989","APOD_HUMAN",0.569857597351074,0.708673626687064,0.000195207335823889,0.00021396504570827,"time12",0.132367860830062
"990","ALDH2_HUMAN",0.452164342626929,0.603795577578951,0.000604651863210712,0.000728037867861693,"time12",0.267908762596529
"991","ITB2_HUMAN",0.183969093486667,0.326164261025782,0.00355424493025758,0.00295671145676877,"time0",-0.265549645034622
"992","S10A8_HUMAN",4.40757721662522e-05,0.0032908073393628,0.0181192356168663,0.0114361309696876,"time0",-0.663923047419081
"993","HMGN1_HUMAN",0.285881444542875,0.442253148343662,1.43336208824694e-06,6.78649168040705e-07,"time0",-1.0786652395182
"994","PAI2_HUMAN",0.202037235364087,0.346473846347887,5.83765524791651e-05,8.2548984697381e-05,"time12",0.499861458281766
"995","ADT2_HUMAN",0.262122273445129,0.417064291391653,0.000324223466666856,0.000374823196977927,"time12",0.209221726853843
"996","IPSP_HUMAN",0.659200818819338,0.77814357525848,7.4634776767779e-06,5.64686821872654e-06,"time0",-0.402397060848583
"997","IC1_HUMAN",0.370740607380867,0.530022414525112,0.000309816873842966,0.000249337820246948,"time0",-0.313313989718906
"998","CFAI_HUMAN",0.0105982609093189,0.0578602989636777,3.41644107700986e-05,5.35553446276738e-05,"time12",0.648536312831213
"999","F13B_HUMAN",0.0360316862182336,0.120434953431175,0,2.24114124374823e-06,"time12",Inf
"1000","ISG15_HUMAN",0.0023658991287412,0.0250827491665221,1.36440555927143e-05,7.69509395721855e-05,"time12",2.49566640365231
"1001","PERM_HUMAN",0.000951774418354035,0.0154179762251497,0.0355045636927989,0.0221974683910526,"time0",-0.677609330574952
"1002","PCCA_HUMAN",0.204930567923604,0.349625856217291,1.42576867056955e-06,4.16425415617559e-06,"time12",1.54631819801842
"1003","PCCB_HUMAN",6.51669208600044e-05,0.00401280431233821,5.51298993200631e-07,9.87087725341992e-06,"time12",4.16227143501227
"1004","PPBT_HUMAN",0.96767357736826,0.990899070396128,0.000317975019393845,0.000302377778983786,"time0",-0.0725613063587602
"1005","IF2A_HUMAN",0.670180588960648,0.786750915460289,3.97066284925271e-05,4.22245630447646e-05,"time12",0.0887026273817833
"1006","ICAM1_HUMAN",0.00180114583368107,0.0214307650688785,7.89983624003317e-06,2.39971471085507e-05,"time12",1.60296824948385
"1007","RLA1_HUMAN",0.0145380161702633,0.0681564973087937,6.01532931404474e-05,8.75250594167667e-05,"time12",0.541052414969355
"1008","RLA2_HUMAN",0.00538277998566628,0.0396707966175359,0.000142092579608866,0.000282614967831021,"time12",0.992006659795065
"1009","RLA0_HUMAN",0.0220988541841507,0.0891585734945483,0.000158850046318801,0.000243322925438497,"time12",0.615206744029092
"1010","FABPH_HUMAN",0.208412803684149,0.351652450961983,5.56499431256969e-06,5.97225120930201e-07,"time0",-3.22003345755167
"1011","TETN_HUMAN",0.000848535361147558,0.0147763898312955,3.34114311430993e-06,1.59599017077723e-05,"time12",2.25603808104746
"1012","LA_HUMAN",0.011303061619401,0.0601721809738699,7.75277451994199e-05,0.000121441801379568,"time12",0.647480484309819
"1013","THBG_HUMAN",0.14853928156528,0.292910243905387,6.32146880374835e-06,2.10335965401381e-06,"time0",-1.5875642519721
"1014","HEP2_HUMAN",0.166393708806611,0.315616976506832,6.47512934597672e-05,9.26951375982679e-05,"time12",0.517584650954524
"1015","ITB1_HUMAN",0.618953802351261,0.744614513886018,4.4221670823667e-05,4.9511901409554e-05,"time12",0.163021818889037
"1016","KPCB_HUMAN",0.502761047333479,0.651266912973947,0.000195304127452855,0.00016973974656418,"time0",-0.202398010187725
"1017","K1C18_HUMAN",0.338741784915328,0.500570183399123,0.000669154690526424,0.000905815477276554,"time12",0.436877428677913
"1018","K2C8_HUMAN",0.00870546326041222,0.0526593658443959,0.000785176514666018,0.00192696737346786,"time12",1.29524321852734
"1019","MYL1_HUMAN",0.0328454473601462,0.114327422542047,3.12048642583771e-05,3.8361329815741e-06,"time0",-3.02404629784048
"1020","DCUP_HUMAN",0.230024245060274,0.378390199874694,7.80113349315542e-07,1.69916239434427e-06,"time12",1.12306807628368
"1021","FYN_HUMAN",0.918812683274642,0.96214441167896,3.91559875012026e-06,3.49726995134349e-06,"time0",-0.163003771990058
"1022","AGAL_HUMAN",0.776105215665758,0.870906054059416,3.73280647887377e-06,2.1870235128943e-06,"time0",-0.771291985442791
"1023","KV230_HUMAN",0.00156181219870471,0.0197224191603874,2.10265180322748e-05,1.01172099775174e-06,"time0",-4.3773265631194
"1024","KV401_HUMAN",0.871207794174552,0.925929564876263,6.0347187785077e-05,5.19412649732291e-05,"time0",-0.216405392379157
"1025","HV434_HUMAN",0.338741784915328,0.500570183399123,4.24368502597559e-05,4.67467012995117e-05,"time12",0.139546983439086
"1026","DOA_HUMAN",1,1,9.97167027675548e-07,8.26002257098523e-07,"time0",-0.271689455567553
"1027","GELS_HUMAN",0.000729601830244065,0.0135896747479633,0.00221969067786582,0.00310219293972293,"time12",0.482929771365932
"1028","PTMA_HUMAN",0.420965220516746,0.57420079062492,1.71103676089293e-06,2.92213279680039e-06,"time12",0.772150987295942
"1029","ATPB_HUMAN",0.855271723121405,0.913870841181422,0.00214986551374777,0.00195910702613152,"time0",-0.134050199626619
"1030","CO2_HUMAN",0.0163872206505971,0.0737367631975284,1.6381087255169e-05,3.09977268637261e-05,"time12",0.92013130759369
"1031","S10A9_HUMAN",0.000209126621484757,0.00717881212717501,0.0476066970122859,0.0293689318679656,"time0",-0.696873740536462
"1032","S10A6_HUMAN",0.489846087992191,0.638284690125489,0.00125636018814552,0.0012086672036658,"time0",-0.0558330670106522
"1033","APOA4_HUMAN",0.114452237704458,0.24502624222535,0.000174751707804785,0.000183968414920418,"time12",0.0741515400516687
"1034","IF4E_HUMAN",5.26504792879433e-05,0.00367082993162203,6.50185620069932e-06,1.95297548734582e-05,"time12",1.58675028753103
"1035","CEAM5_HUMAN",0.502761047333479,0.651266912973947,0.000514691879864699,0.000556755020454283,"time12",0.113333640587716
"1036","KCRM_HUMAN",0.0559296803251122,0.160407567065284,4.33677695578527e-05,3.54920650011901e-06,"time0",-3.61105482513484
"1037","ENOA_HUMAN",0.0426517054438591,0.134148169397591,0.00609651024224982,0.00492653239845761,"time0",-0.307411108190744
"1038","PYGL_HUMAN",0.855271723121405,0.913870841181422,0.00266752584744162,0.00257817118998287,"time0",-0.0491541888504487
"1039","G6PI_HUMAN",0.0234101433306932,0.0919321407720123,0.00245477884795492,0.0019563787004025,"time0",-0.327407394517056
"1040","NPM_HUMAN",0.839392744004727,0.905979916866684,0.000140833557846105,0.000183017728798827,"time12",0.377992267555744
"1041","TPM3_HUMAN",0.140283040702343,0.282889273214279,0.000361666700719331,0.000459332601453946,"time12",0.344878410813821
"1042","ITAV_HUMAN",0.00975977204371061,0.0552934577346026,4.07123110568628e-07,3.0119501842636e-06,"time12",2.88716088465339
"1043","LIPL_HUMAN",0.218401125676539,0.364591929476234,9.39325719930907e-06,1.45737057337213e-06,"time0",-2.68825774676452
"1044","HEXA_HUMAN",0.381798435002565,0.54065482509965,0.000133527602988942,0.000109440825736929,"time0",-0.28698698783192
"1045","KLK1_HUMAN",0.811028083887393,0.890327282679544,6.25668286885832e-05,7.18475150524928e-05,"time12",0.199540279588869
"1046","GDN_HUMAN",0.271898710819648,0.427044701479295,1.34800571267212e-06,3.92428091420543e-07,"time0",-1.78032638679636
"1047","HYEP_HUMAN",6.28661364316941e-05,0.0039526256095422,0.00011621616266757,0.0002636776692083,"time12",1.18196467059038
"1048","ACBP_HUMAN",0.823576943948865,0.899221475873808,0.000114327474238244,0.000101792926905524,"time0",-0.167534822774704
"1049","FABPL_HUMAN",0.18144920772142,0.324392732032339,3.26081938477511e-06,0,"time0",-Inf
"1050","LDHB_HUMAN",0.0576879289001226,0.162648302403985,0.000344563477833346,0.000461602359737243,"time12",0.421880808608059
"1051","GPX1_HUMAN",0.000797897577285767,0.014156736574442,3.1165521329378e-05,6.58152630562394e-05,"time12",1.07847134862219
"1052","PGK2_HUMAN",0.640825403854251,0.761873036867325,9.92768824171509e-05,8.48428801486666e-05,"time0",-0.226664214705026
"1053","PROS_HUMAN",0.00402895506219561,0.033728160269308,1.12932833711607e-05,2.97285125073054e-05,"time12",1.39638228712316
"1054","PDIA1_HUMAN",0.00870546326041222,0.0526593658443959,0.00458481143283921,0.00301319214053624,"time0",-0.6055697275309
"1055","H10_HUMAN",0.000665700801382122,0.0129684755451225,1.19606549397271e-05,5.10504817058306e-05,"time12",2.0936281836786
"1056","ACYP1_HUMAN",0.643518418825786,0.764770297581858,2.80370413445381e-06,2.20318179977958e-06,"time0",-0.347745567880765
"1057","FES_HUMAN",0.00493853066839029,0.0379637627828767,0.000274387900965212,0.000141680586656845,"time0",-0.953574776817043
"1058","CATD_HUMAN",0.0732440743595362,0.186880331546138,0.000288599034153751,0.000441578345629524,"time12",0.613602954539018
"1059","ANXA2_HUMAN",0.000169897451996803,0.00630588911920646,0.00274828917464781,0.00446904719452,"time12",0.701433467782075
"1060","CO8A_HUMAN",0.000554826110601426,0.012050317530131,3.45239136374858e-05,7.50770224175223e-05,"time12",1.12077541551006
"1061","CO8B_HUMAN",0.00109424132717314,0.0165885874294548,2.64304769756658e-05,5.18021745730911e-05,"time12",0.970810200526885
"1062","CO8G_HUMAN",0.0305935101730879,0.109095544038122,2.08707451832005e-05,3.26427426065677e-05,"time12",0.645280163641861
"1063","CAN1_HUMAN",0.0185294803231955,0.0793730758610123,0.000533557482634876,0.000679858473012579,"time12",0.349590742305006
"1064","TBB5_HUMAN",0.00236749462783337,0.0250827491665221,0.00145252906649619,0.000993024139951656,"time0",-0.548666339093411
"1065","INVO_HUMAN",0.000698235929175046,0.0133671897594953,2.26420732760133e-05,0.000104537929688603,"time12",2.20694851979814
"1066","SAP_HUMAN",0.000209126621484757,0.00717881212717501,0.000126038639455429,7.32844782890079e-05,"time0",-0.782286514280746
"1067","HEXB_HUMAN",0.0605652313679457,0.163913061604322,0.000308352759909492,0.000195648030275186,"time0",-0.656321173509558
"1068","CATL1_HUMAN",0.00772670980937454,0.0498397815241837,6.76136000043163e-06,2.33433388489311e-05,"time12",1.78762555877934
"1069","PROF1_HUMAN",0.134735083207488,0.273918533695822,0.00330324999116377,0.00280125329229297,"time0",-0.237813718116076
"1070","PMGE_HUMAN",0.020658377241239,0.0854093243821853,6.84996512087233e-07,5.93601248384185e-06,"time12",3.11532557885884
"1071","APT_HUMAN",0.685047073289752,0.796842486613377,0.000142027555757893,0.000133102875190579,"time0",-0.0936291286009334
"1072","SYEP_HUMAN",6.91786408424378e-06,0.00171321307396894,3.23291001592853e-05,6.11697377636165e-05,"time12",0.919984738832844
"1073","CATB_HUMAN",0.000554826110601426,0.012050317530131,0.000115641431208566,0.000194779190528041,"time12",0.752181184363131
"1074","HS90A_HUMAN",0.000231636688113213,0.00751938009837076,0.00131445864441226,0.00197101219249423,"time12",0.584467948283538
"1075","GALT_HUMAN",0.374041129054169,0.534101760420882,9.98288910071533e-06,7.81086828834098e-06,"time0",-0.353974466324542
"1076","HNRPC_HUMAN",0.0327208992093802,0.114226727631577,0.000252937263680431,0.000232090022825584,"time0",-0.124095091092958
"1077","QCR6_HUMAN",0.796000134909944,0.878999594345923,6.12608307281366e-06,8.72096323985258e-06,"time12",0.509522560284832
"1078","YES_HUMAN",0.722161354202483,0.829653103135349,5.16923782762331e-05,3.01873352532047e-05,"time0",-0.776008169205676
"1079","LYN_HUMAN",0.0164312124252319,0.0737367631975284,0.000562959642810114,0.000406729497538887,"time0",-0.468961878544113
"1080","FUMH_HUMAN",0.515848442912102,0.664330045173347,0.000153566830139357,0.000127993044444517,"time0",-0.262801221331466
"1081","PSPB_HUMAN",0.0143680358028092,0.0681564973087937,0.000233366948099791,0.000745947314771151,"time12",1.67647349276657
"1082","TSP1_HUMAN",0.141459493143062,0.282889273214279,5.19822250706884e-05,7.42503039111001e-05,"time12",0.514378542062496
"1083","RNAS1_HUMAN",0.00257585101948085,0.0259188011554187,3.35963336013724e-06,9.56666539029346e-06,"time12",1.50971233962009
"1084","IGF1R_HUMAN",0.779828432640187,0.87192043497728,2.01791719310577e-06,1.45696060793548e-06,"time0",-0.469905101914046
"1085","MSMB_HUMAN",0.105645429201877,0.233106815154345,2.13419637818764e-06,1.3051668469766e-07,"time0",-4.0313867802345
"1086","CO1A2_HUMAN",0.456125851713522,0.608194272005473,1.39904799207685e-06,1.20273178489145e-06,"time0",-0.218130502383468
"1087","ANXA6_HUMAN",0.0384184177964926,0.124917370440093,0.00758567724225415,0.00526383839536977,"time0",-0.527162791000315
"1088","RHOC_HUMAN",0.204893893816379,0.349625856217291,1.52653000738694e-07,6.30316948262413e-07,"time12",2.04582150588007
"1089","DAF_HUMAN",0.0121316596950707,0.0623262658706688,3.83839079020344e-05,6.67386470903861e-05,"time12",0.798020839693798
"1090","CBG_HUMAN",0.464545045047998,0.615785076358565,3.88047456937836e-05,2.72286555588523e-05,"time0",-0.511107350418053
"1091","4F2_HUMAN",0.166393708806611,0.315616976506832,6.37114900863658e-05,8.5617519217986e-05,"time12",0.426352454172659
"1092","BGLR_HUMAN",0.00833890710066832,0.0515715885887802,5.76196370063116e-05,2.86735536453722e-05,"time0",-1.00683985630823
"1093","PFKAM_HUMAN",0.138683310508103,0.281370724750305,5.99917396921712e-06,4.08272105313926e-06,"time0",-0.555232868050879
"1094","HS90B_HUMAN",0.0919496268033981,0.217856057475881,0.000327523612693466,0.000392140613325838,"time12",0.259772146061559
"1095","SRPRA_HUMAN",0.502654307083789,0.651266912973947,3.42841119379434e-05,2.93651583385902e-05,"time0",-0.223434735579101
"1096","ASNS_HUMAN",0.30458604753525,0.461164122161736,5.01231140995777e-06,3.3240396741322e-06,"time0",-0.592538449140117
"1097","ELNE_HUMAN",0.612005613744259,0.738486773918073,0.000473107312810697,0.00037788537110496,"time0",-0.324218791413542
"1098","MMP2_HUMAN",0.0500231465344333,0.149618554957521,1.38083764256845e-06,3.78597372650233e-06,"time12",1.45512070020625
"1099","GSTA1_HUMAN",0.00522300384127411,0.0393286678228907,1.764781380239e-06,1.45608629369543e-05,"time12",3.04453447841946
"1100","SODE_HUMAN",0.01473530940234,0.0689317234239542,1.06873508233818e-06,3.13834832064466e-06,"time12",1.55410120113019
"1101","CATG_HUMAN",0.170598395168781,0.320738578138705,0.00890200290317787,0.00568225062152019,"time0",-0.647667506808667
"1102","NEP_HUMAN",0.00930112227797508,0.0537765548682325,0.000984088715906089,0.000526612526626943,"time0",-0.902046541398586
"1103","MGP_HUMAN",0.741259697119932,0.843191398302016,2.59153174699378e-05,2.19546767197784e-05,"time0",-0.2392767761578
"1104","APOA_HUMAN",1,1,7.38270550166906e-07,1.06891959979771e-06,"time12",0.533931827681556
"1105","ODPA_HUMAN",0.214590021312922,0.359435276865418,5.87465501538071e-05,5.07442086382814e-05,"time0",-0.21126095396824
"1106","PLEK_HUMAN",0.180037859873664,0.324392732032339,0.000150622241275412,0.000121334396668392,"time0",-0.311946224808733
"1107","CD14_HUMAN",3.04952263832093e-05,0.00273536317360373,4.91128081941919e-05,8.49255197923361e-05,"time12",0.790098827286906
"1108","CO4A2_HUMAN",0.833935414088552,0.902699570197702,2.63318043367451e-06,1.97234049082574e-06,"time0",-0.41689775288074
"1109","CY1_HUMAN",0.375320551300672,0.535033330052247,7.61105211915114e-05,7.38806748879036e-05,"time0",-0.0428988543154408
"1110","PTPRC_HUMAN",0.349211379885674,0.511109917191161,0.00111077318537022,0.00103794864668239,"time0",-0.0978291882967089
"1111","RU2B_HUMAN",0.0611146190045339,0.165175393354788,1.66009915836465e-06,3.62143375396135e-06,"time12",1.12529156778195
"1112","TRFM_HUMAN",0.96767357736826,0.990899070396128,4.7279030049717e-05,6.78104388733723e-05,"time12",0.520306943502192
"1113","CFAH_HUMAN",0.00466480478644371,0.0366616828808267,0.000135185293456016,0.00024099532764099,"time12",0.834066963923156
"1114","RU17_HUMAN",0.00271719737185284,0.0268705627517831,4.03295895983454e-06,6.68959840997984e-06,"time12",0.730080880910635
"1115","HCK_HUMAN",0.0208498518913984,0.0854093243821853,0.000416488778644812,0.000285872193911499,"time0",-0.542907326556959
"1116","FCG3A_HUMAN",0.449803788345075,0.601854396905272,2.12184639498169e-05,8.71784192842969e-06,"time0",-1.28327727008844
"1117","ITA5_HUMAN",0.140562405360306,0.282889273214279,2.14183088044764e-06,5.00988117504793e-06,"time12",1.22593181682513
"1118","VIME_HUMAN",0.298844147473574,0.453861238526917,0.00650587241397127,0.0042612220997124,"time0",-0.610475281732802
"1119","A2AP_HUMAN",0.542527938261628,0.68553403326353,0.000160918702242919,0.000129056846795593,"time0",-0.318325326134361
"1120","RS17_HUMAN",0.00351007379357965,0.0309779118718051,8.38964840811296e-06,2.55797627390747e-05,"time12",1.60832062596012
"1121","K1C19_HUMAN",0.00158328376710415,0.0197540555897754,0.000882933027338714,0.00224557146728139,"time12",1.34670672274577
"1122","K2C7_HUMAN",0.0384184177964926,0.124917370440093,0.000193867307191272,0.000445031520534858,"time12",1.19883798727902
"1123","GNAI3_HUMAN",0.597807770594955,0.72708324450492,0.00014888457285923,0.000157909344838532,"time12",0.0849022779517615
"1124","ANXA5_HUMAN",0.0576879289001226,0.162648302403985,0.00287262954639996,0.00216303575544918,"time0",-0.409314441709819
"1125","K1C16_HUMAN",0.00538277998566628,0.0396707966175359,0.00133323133358786,0.00334219775861164,"time12",1.32586997136086
"1126","RSSA_HUMAN",0.0364349968731403,0.120836333327744,0.000123278143937796,0.000163633366569505,"time12",0.408549912943232
"1127","CD63_HUMAN",0.00870546326041222,0.0526593658443959,0.00102471326062882,0.000606675605787729,"time0",-0.756223058104098
"1128","SNRPA_HUMAN",0.360278257695235,0.521659944304294,4.8156677541157e-06,9.02765153316052e-06,"time12",0.906614871541563
"1129","PO2F2_HUMAN",0.10750800928017,0.23616967246431,3.41204710208491e-06,1.4518219911399e-06,"time0",-1.23277298830221
"1130","CEL3A_HUMAN",0.0414910873877316,0.133025370352614,7.29557448119749e-07,4.36861495350158e-06,"time12",2.58208246230262
"1131","ENOG_HUMAN",0.0714254294896295,0.183257770765274,4.58292621063455e-05,3.19576586520594e-05,"time0",-0.520107342733903
"1132","THIK_HUMAN",0.225934014199387,0.373259372676629,0.000115691965752164,0.000115913985003363,"time12",0.00276595803998733
"1133","GSTA2_HUMAN",0.00761213712394238,0.0492603413231937,0.000149022349169526,0.000394198962510382,"time12",1.40339526869194
"1134","GSTP1_HUMAN",3.04952263832093e-05,0.00273536317360373,0.00145464378695448,0.00241690892498557,"time12",0.732497200519739
"1135","CYTT_HUMAN",0.542527938261628,0.68553403326353,0.000445862156633266,0.00048258612144911,"time12",0.114188672646607
"1136","RU1C_HUMAN",0.856382731694504,0.914567147579344,6.27363048405266e-06,3.73578131091323e-06,"time0",-0.747890553627132
"1137","MMP7_HUMAN",0.00257585101948085,0.0259188011554187,4.54377305689832e-06,1.50757031772876e-05,"time12",1.7302626104729
"1138","MMP10_HUMAN",0.00149005437735928,0.0190580188350471,2.73121492587652e-05,4.98836522101931e-05,"time12",0.869024247617175
"1139","CD48_HUMAN",0.589638551626567,0.719932761419764,1.0645353121791e-06,6.57082998406163e-07,"time0",-0.69607628794243
"1140","GROA_HUMAN",0.0105491877123423,0.0578602989636777,2.47944671514127e-06,5.4446276799684e-06,"time12",1.13481517521824
"1141","LEG1_HUMAN",0.0605652313679457,0.163913061604322,5.36654593349533e-05,7.67546286812205e-05,"time12",0.51625992867889
"1142","DHPR_HUMAN",0.779954944597959,0.87192043497728,7.68135888288937e-06,7.39569496365318e-06,"time0",-0.0546758339273202
"1143","HMGB1_HUMAN",8.85650515556336e-05,0.0047232058298375,6.14368609423687e-05,0.000152129683467942,"time12",1.30812526853353
"1144","RET1_HUMAN",0.00109162812494216,0.0165885874294548,1.64776385243329e-07,7.75235791241287e-06,"time12",5.55605377481895
"1145","F16P1_HUMAN",7.99447298049928e-06,0.00171321307396894,2.42336963656266e-05,9.28789745354653e-05,"time12",1.9383375678421
"1146","GSTM1_HUMAN",0.943056670967043,0.975815282932568,9.95711498079777e-05,9.46219293233058e-05,"time0",-0.0735532124717874
"1147","TPM1_HUMAN",0.393144675087728,0.553702698490687,9.92701825210093e-06,1.35804381173702e-05,"time12",0.452097672929382
"1148","CLCA_HUMAN",0.00687555424142264,0.0461434668359746,1.12884617337869e-05,2.89191682199568e-05,"time12",1.35717715270075
"1149","CLCB_HUMAN",0.00213037128685543,0.0237845003670794,2.92530309232948e-06,1.44115631287386e-05,"time12",2.30056880775637
"1150","ANXA4_HUMAN",0.0522633474320173,0.15343410748568,0.00185608444929035,0.00116905122648466,"time0",-0.666924204101888
"1151","INHBB_HUMAN",0.18144920772142,0.324392732032339,1.1606284826103e-07,4.22988431318041e-07,"time12",1.86571196719822
"1152","CN37_HUMAN",0.0472590494900942,0.143361250687828,7.62381335325391e-05,0.000105648812820312,"time12",0.470691851116208
"1153","HMOX1_HUMAN",0.0334855770874991,0.115345647026316,1.6378960948496e-05,2.12008759818238e-05,"time12",0.372280037636565
"1154","PGFRB_HUMAN",0.855132140584706,0.913870841181422,2.29951951463059e-06,1.86869536137436e-06,"time0",-0.299301043960456
"1155","DLDH_HUMAN",1,1,0.000137213406240359,0.000134250168505502,"time0",-0.0314975458350219
"1156","ROA1_HUMAN",0.612005613744259,0.738486773918073,0.000381700259012867,0.000345134323933076,"time0",-0.145282207246016
"1157","RU2A_HUMAN",0.140728742770566,0.282889273214279,2.34237105569906e-05,1.85522560252606e-05,"time0",-0.336374996948587
"1158","CATH_HUMAN",0.0043382328003645,0.0349221893754409,2.56631500941012e-05,5.00809089462388e-05,"time12",0.964562477905174
"1159","COX6C_HUMAN",0.416129898279905,0.572386780791985,1.67413699774653e-05,1.39890505076903e-05,"time0",-0.259119546744927
"1160","TACD2_HUMAN",7.05681741237641e-05,0.0040922689712742,4.781433181876e-05,9.40911590149631e-05,"time12",0.976616055981528
"1161","FGR_HUMAN",0.000871820375323296,0.0148049152581706,0.000418723036447346,0.000244540393170888,"time0",-0.775923502344089
"1162","C1S_HUMAN",0.0726974142612456,0.185962165046004,3.32780022713931e-05,4.73286746336977e-05,"time12",0.508145693277704
"1163","PARP1_HUMAN",0.123534253752569,0.259904930491052,2.53167220650698e-06,9.16861960927276e-06,"time12",1.85661392283473
"1164","DPOLA_HUMAN",1,1,2.14825010424025e-06,2.202600160561e-06,"time12",0.0360456604470571
"1165","IFIT2_HUMAN",0.939264810398094,0.973958102517717,1.43361910382846e-05,3.84499269729121e-05,"time12",1.42331909070425
"1166","IFIT1_HUMAN",0.196519347899595,0.342918511540836,1.91785183069524e-05,5.60828379173501e-05,"time12",1.5480680898025
"1167","LOX5_HUMAN",0.871207794174552,0.925929564876263,0.000669956587922206,0.000651823571152834,"time0",-0.0395860907926765
"1168","CSF3_HUMAN",0.00871925545288926,0.0526593658443959,1.25844237784975e-07,2.28978774679044e-06,"time12",4.18550280873627
"1169","PPBI_HUMAN",0.361310428526179,0.521659944304294,3.75842919182092e-06,2.0200748848471e-07,"time0",-4.21764914369208
"1170","FURIN_HUMAN",0.0178171887595787,0.0780220443262197,3.20136975908676e-07,3.80680270509917e-06,"time12",3.57181857808796
"1171","LKHA4_HUMAN",0.670180588960648,0.786750915460289,0.00137817622831731,0.0014026069731149,"time12",0.0253504273367062
"1172","ALDOC_HUMAN",0.393050180748105,0.553702698490687,0.000202574171066785,0.00021540442180459,"time12",0.088597628639393
"1173","CO4A_HUMAN",0.000283263623714447,0.00833464839628765,2.90543424696024e-05,6.09763199414975e-05,"time12",1.06949527775163
"1174","CO4B_HUMAN",0.000152871012687683,0.00602635491564066,0.000525722048121,0.00104584948755298,"time12",0.992303096315842
"1175","H2AZ_HUMAN",0.148181300852659,0.292397393456536,3.22658519800639e-05,4.02761358211057e-05,"time12",0.319917154367805
"1176","TSN19_HUMAN",0.554113130069446,0.694735039022838,5.96663289912465e-07,1.08640198132406e-06,"time12",0.864569093802653
"1177","PRR29_HUMAN",0.18144920772142,0.324392732032339,0,7.05332670209447e-07,"time12",Inf
"1178","PA24B_HUMAN",0.583882420770365,0.719374937966459,6.04068854640532e-07,9.27350060066436e-07,"time12",0.618401032194004
"1179","JMJD7_HUMAN",0.0105804708190268,0.0578602989636777,3.58500779952215e-07,2.58053119647853e-06,"time12",2.84761990894981
"1180","MYZAP_HUMAN",0.352542137499713,0.513719001533492,8.42222739205226e-07,2.96397926426027e-06,"time12",1.81526162218446
"1181","GST2_HUMAN",0.100348246462291,0.227011289394017,0,3.03070755493909e-06,"time12",Inf
"1182","POTEI_HUMAN",0.151886919513345,0.295897120108679,2.7699780223614e-05,2.41160536583431e-05,"time0",-0.199880685151994
"1183","POTEJ_HUMAN",0.393050180748105,0.553702698490687,9.80612915369031e-05,0.000175855043502649,"time12",0.842631043705875
"1184","PRS56_HUMAN",0.70642711574737,0.814887825870807,8.52228317061289e-06,2.34702358370953e-05,"time12",1.46152044466213
"1185","TPC2A_HUMAN",0.310903354623934,0.468354536486446,1.58137180784336e-05,1.12062935434379e-05,"time0",-0.496867421243035
"1186","SAA1_HUMAN",0.212932853028178,0.357260654813851,9.20840642539864e-05,0.000129546545303973,"time12",0.4924471275369
"1187","SAA2_HUMAN",0.244648067126581,0.395529879275211,2.68841856373538e-06,5.16089404908416e-06,"time12",0.940863242162342
"1188","ST1A3_HUMAN",0.299310255206884,0.453866502754689,1.48715725622636e-05,1.30172533585138e-05,"time0",-0.19213213827563
"1189","HS71A_HUMAN",0.338741784915328,0.500570183399123,0.00225233527982718,0.00245811580676676,"time12",0.126131284376517
"1190","IGA2_HUMAN",0.253436105325818,0.40660055254126,0.00129642210547397,0.00108337068952723,"time0",-0.259008561075571
"1191","IGD_HUMAN",0.218021708713648,0.364162099034289,1.95096204139968e-05,3.40169776581563e-05,"time12",0.802069257426016
"1192","IGE_HUMAN",0.932646638965876,0.97016690605071,5.36231590805384e-07,2.01972491485894e-07,"time0",-1.40869740247497
"1193","IGG1_HUMAN",0.370740607380867,0.530022414525112,0.00496904078028753,0.00430111723645313,"time0",-0.208255926292535
"1194","IGM_HUMAN",0.161765184977887,0.309587776313015,8.26345951692527e-06,8.91561838274989e-06,"time12",0.10958897010287
"1195","IGK_HUMAN",0.855271723121405,0.913870841181422,0.00524584682495205,0.00479000533175718,"time0",-0.131148420707715
"1196","IGL1_HUMAN",0.655438425019384,0.775080917172991,0.00288689545104057,0.00261052950906096,"time0",-0.145176394497453
"1197","IGLC3_HUMAN",0.100397355854511,0.227011289394017,0.00219277189161219,0.00153175274306707,"time0",-0.51757230508407
"1198","HV108_HUMAN",0.414823067184775,0.572386780791985,6.78002129244598e-06,1.09623171622055e-06,"time0",-2.62873702359308
"1199","CALM1_HUMAN",0.205409692600369,0.349625856217291,0.00108447746720428,0.000883026623510815,"time0",-0.296471236319391
"1200","VSIG8_HUMAN",0.142213241936393,0.282889273214279,1.91469604702874e-07,4.50617787272688e-06,"time12",4.55671697092753
"1201","TBA3C_HUMAN",0.00657576611427124,0.0452716339456096,3.05574991588984e-06,9.50591920445166e-06,"time12",1.6372996621906
"1202","ADX_HUMAN",0.672603817441517,0.788201412905273,4.30976061897229e-07,8.50922107266953e-07,"time12",0.981419336206327
"1203","RAP2A_HUMAN",0.29450739368011,0.449665813510046,5.89388014355594e-08,2.81307230493453e-07,"time12",2.25485700740096
"1204","SRGN_HUMAN",0.206005839696162,0.350462227429557,2.42072329704158e-05,1.27309956782851e-05,"time0",-0.927092924833581
"1205","RNAS2_HUMAN",0.00501261278986931,0.038237977259118,0.000215827294289182,0.000101488018801515,"time0",-1.08856790505478
"1206","RO60_HUMAN",0.370740607380867,0.530022414525112,5.36177302870148e-05,4.49076375036297e-05,"time0",-0.255749322366784
"1207","PRB4_HUMAN",0.150785565027971,0.294905756356278,2.72071680858316e-06,7.11252745480375e-07,"time0",-1.93555257707897
"1208","LYAG_HUMAN",0.00738892940569931,0.048233962120483,1.33982357044586e-05,2.94744660003823e-05,"time12",1.13742263821228
"1209","RRAS_HUMAN",0.00825667030212907,0.0515715885887802,4.1405238560208e-06,7.86255237348771e-06,"time12",0.925184414020402
"1210","HLAC_HUMAN",0.935398668050766,0.971338011868433,7.10636392794658e-05,7.80254678653841e-05,"time12",0.134833529808857
"1211","ARAF_HUMAN",0.569996072896326,0.708698281309274,1.26935280464791e-06,1.87250109030759e-06,"time12",0.560873450324439
"1212","H14_HUMAN",0.00305272204169637,0.0284904824297694,0.000128446019611004,0.000348007920269824,"time12",1.43795795703586
"1213","ODP2_HUMAN",0.730341996997595,0.833301384539949,4.41576104012249e-05,4.59427473016016e-05,"time12",0.0571750276437145
"1214","PTPRF_HUMAN",0.84451926747294,0.909991236233052,8.6804388649684e-06,2.35511739534331e-06,"time0",-1.88196900864825
"1215","THIO_HUMAN",0.0220988541841507,0.0891585734945483,0.000413882095229927,0.000538051279209509,"time12",0.378523837881524
"1216","COX5B_HUMAN",0.655438425019384,0.775080917172991,7.26252746416117e-05,7.9711575844373e-05,"time12",0.134317535684244
"1217","PPGB_HUMAN",0.000418396666646004,0.0105551069650365,1.832621652114e-05,3.62067647934666e-05,"time12",0.982350302756207
"1218","MGST1_HUMAN",0.588797086071483,0.719932761419764,3.46475694912776e-05,3.3659691206176e-05,"time0",-0.0417322101638571
"1219","CO7_HUMAN",0.00833890710066832,0.0515715885887802,3.84476304889636e-05,6.79084352043801e-05,"time12",0.820696100827148
"1220","KAP0_HUMAN",0.00265035667925127,0.0263967921902747,0.000209656444804359,0.000110320187466508,"time0",-0.926330365541726
"1221","ESTD_HUMAN",0.00663953647017479,0.0452716339456096,0.000110763013583428,0.000146776023370685,"time12",0.406140104204695
"1222","CH60_HUMAN",0.253436105325818,0.40660055254126,0.00101125221418526,0.000789096262731071,"time0",-0.357869649448291
"1223","CLUS_HUMAN",0.0262289941310883,0.0984081544880592,0.00108638610442299,0.0015799280548897,"time12",0.540321932145384
"1224","BIP_HUMAN",0.0164312124252319,0.0737367631975284,0.00212082269949605,0.00136771411062791,"time0",-0.63285731747531
"1225","LAMC1_HUMAN",0.266250586794457,0.422523017094451,2.95679265682793e-06,1.71970185427176e-06,"time0",-0.781874613235293
"1226","CD37_HUMAN",0.327876933144661,0.488655157979221,8.41718768340552e-07,1.26030833348767e-06,"time12",0.582366539666107
"1227","PPAL_HUMAN",0.000560855227419458,0.012050317530131,2.13342727116119e-05,7.5709706386047e-06,"time0",-1.49462275135856
"1228","HSP7C_HUMAN",0.887194808572531,0.939243990004205,0.00160521346295875,0.00160516898386384,"time0",-3.99764020095346e-05
"1229","GTR1_HUMAN",0.72408166091539,0.830964942485183,5.24858303398357e-06,9.38141820798778e-06,"time12",0.837878045058208
"1230","GTR3_HUMAN",0.151886919513345,0.295897120108679,0.000317011145393047,0.000407768920820882,"time12",0.363218257610928
"1231","EPB41_HUMAN",0.10840902651222,0.236237546646293,3.05508660713271e-05,2.31718831268686e-05,"time0",-0.398837985317853
"1232","UMPS_HUMAN",0.762099583946506,0.857900643594511,2.41275230784232e-05,2.19593150748075e-05,"time0",-0.135846760220464
"1233","ODPB_HUMAN",0.151886919513345,0.295897120108679,8.51776231326327e-05,7.03263507952066e-05,"time0",-0.276409113876925
"1234","ODB2_HUMAN",0.0065760546776229,0.0452716339456096,7.38056296367971e-06,1.43684243471561e-05,"time12",0.961099094026649
"1235","ITAM_HUMAN",0.515848442912102,0.664330045173347,0.00323279382067991,0.00303980767077052,"time0",-0.0888014520415853
"1236","PYGB_HUMAN",4.96841967105866e-05,0.0035754663488233,0.000102930179019763,0.000181877320031593,"time12",0.821299610274762
"1237","PYGM_HUMAN",0.0426947379917663,0.134148169397591,1.61757932486169e-05,8.27149982018278e-07,"time0",-4.28954370426292
"1238","MBL2_HUMAN",0.610298655976554,0.737768442045732,1.05134885897847e-06,1.00088064555369e-06,"time0",-0.0709715204890312
"1239","RALA_HUMAN",0.205409692600369,0.349625856217291,0.000143330567310279,0.000129766082140971,"time0",-0.143432972512354
"1240","RALB_HUMAN",0.715132966637612,0.823022969118777,6.5934595425233e-05,7.20124028330269e-05,"time12",0.127209770084027
"1241","BCR_HUMAN",0.17465019651046,0.324392732032339,7.32130477328338e-06,8.14714587464581e-06,"time12",0.15419395718675
"1242","SPTB1_HUMAN",0.185143724157873,0.327566192060123,1.12615162915047e-06,1.54528399882491e-05,"time12",3.77839901177424
"1243","LAMP1_HUMAN",0.0081429798156023,0.0512518634758615,0.000390625389517679,0.000270498370075539,"time0",-0.530165822342272
"1244","ERG_HUMAN",0.280712665268496,0.435732003546966,9.02939454182193e-07,1.80803051799978e-07,"time0",-2.32021022288147
"1245","ACADM_HUMAN",0.114176673814654,0.244963100824329,0.000156572723202472,0.000128192534509391,"time0",-0.288520653363912
"1246","TOP1_HUMAN",0.0115395549538449,0.0605674531979927,3.35086023617717e-06,7.88539850770919e-06,"time12",1.23465215371856
"1247","TOP2A_HUMAN",0.833935414088552,0.902699570197702,1.63927021208113e-06,8.43695368896415e-07,"time0",-0.958259595737998
"1248","G6PD_HUMAN",0.000231636688113213,0.00751938009837076,0.00101176568735883,0.00156809291279438,"time12",0.632135826622981
"1249","PYC_HUMAN",0.0105804708190268,0.0578602989636777,1.86012749699388e-06,7.50483749123157e-06,"time12",2.01241932222413
"1250","C1TC_HUMAN",0.452164342626929,0.603795577578951,0.000429897324812306,0.000581499210351393,"time12",0.435785099917209
"1251","PERE_HUMAN",0.114176673814654,0.244963100824329,0.000677348978983802,0.00191301786350391,"time12",1.49787911977646
"1252","UTER_HUMAN",0.000137394294142723,0.00586182942081776,0.000778151441006175,0.00399376279769427,"time12",2.35962578935205
"1253","MPRI_HUMAN",0.0379099253645911,0.124210633133682,1.75281221425677e-05,3.09983682548367e-05,"time12",0.822520831728339
"1254","ADHX_HUMAN",0.0497101210057736,0.148831354770669,7.86495422753782e-05,0.000108259424875696,"time12",0.460982354338852
"1255","CD20_HUMAN",0.169810505085521,0.3205683144361,7.46988778107219e-06,6.61582762446971e-06,"time0",-0.175164924252039
"1256","PRPS2_HUMAN",0.00147982763550481,0.0189678336198932,1.77496862876642e-05,2.84130420676351e-05,"time12",0.678759776930936
"1257","PABP1_HUMAN",0.00761213712394238,0.0492603413231937,0.000103683823143336,0.00012704722569505,"time12",0.293174050945598
"1258","PCNA_HUMAN",0.319898125994469,0.479125252398437,2.82874279329919e-05,2.2257961339092e-05,"time0",-0.345839545209909
"1259","K2C3_HUMAN",0.190929520875216,0.334925705781986,0.00207773641850183,0.00306729276557877,"time12",0.561953229226523
"1260","CX6A1_HUMAN",0.130121209757529,0.266992094085098,1.21583679716105e-05,2.21590522717572e-05,"time12",0.865946592021007
"1261","HARS1_HUMAN",0.159870249540004,0.306478176533698,0.000118394268278113,7.91795253167466e-05,"time0",-0.580399915165467
"1262","CO6A1_HUMAN",0.00349170426755227,0.0309779118718051,1.08725491003319e-05,5.46086244549654e-05,"time12",2.32843859298849
"1263","CO6A2_HUMAN",0.00680165181287544,0.0460615263926361,3.81517374433527e-07,1.86462830771696e-05,"time12",5.6109955048045
"1264","CO6A3_HUMAN",0.81600255390599,0.893980787689009,2.7173630738068e-06,5.17606049883616e-05,"time12",4.25157523422556
"1265","ADT1_HUMAN",0.00046012099009299,0.0109932106953017,5.69576972158379e-06,1.89048533495903e-05,"time12",1.73079393313725
"1266","ADT3_HUMAN",0.344651692360131,0.506297235235382,2.14142394520076e-05,2.55913493542222e-05,"time12",0.257085778925161
"1267","FA5_HUMAN",0.845699205144763,0.909991236233052,9.07150790184003e-05,9.50961599700418e-05,"time12",0.0680447043731942
"1268","IMDH2_HUMAN",0.253436105325818,0.40660055254126,0.000440217195753901,0.000370794075188206,"time0",-0.247597309111578
"1269","TPR_HUMAN",0.0612857017805365,0.1653263038988,4.73320059549173e-06,1.69750801363887e-05,"time12",1.84253041455009
"1270","PIP_HUMAN",0.308520769700408,0.465822688933402,0.00403563015542047,0.00449005795472135,"time12",0.153940101465357
"1271","KCRB_HUMAN",0.0174536686390638,0.0766549726331826,0.00017115461126433,0.000312036610714611,"time12",0.866415145823794
"1272","FCGR1_HUMAN",0.760478502270913,0.857900643594511,2.57753771176204e-06,2.473549705762e-06,"time0",-0.0594106450946125
"1273","FCG2A_HUMAN",0.0420948818080113,0.134050905874278,0.000101960896041744,6.11575087490363e-05,"time0",-0.737414412235883
"1274","ANXA3_HUMAN",0.000871820375323296,0.0148049152581706,0.0115844252091147,0.00608603539341056,"time0",-0.928611833974684
"1275","KCRU_HUMAN",0.0491012641855234,0.147972679606524,3.62001600647967e-05,6.83480856751423e-05,"time12",0.916904854296503
"1276","BMP3_HUMAN",0.192517572436471,0.33731518338605,1.4557522970369e-06,1.75023052859425e-06,"time12",0.265780061452686
"1277","ODBA_HUMAN",0.117262000578524,0.250682150843066,3.52265274825328e-06,7.25503997764024e-06,"time12",1.04232129841703
"1278","ECP_HUMAN",0.00993151031434536,0.0556481342472653,0.00158986306139023,0.00097672135275904,"time0",-0.702883566284444
"1279","ACTN1_HUMAN",0.583757072687149,0.719374937966459,0.00563035860359635,0.00469449298020553,"time0",-0.262257461274902
"1280","ACE_HUMAN",0.838991360344787,0.905979916866684,2.3180348797796e-05,2.89670551284973e-05,"time12",0.321510748734994
"1281","CADH1_HUMAN",0.00733417906453855,0.0480340477549219,3.34660414392129e-05,8.42363807496174e-05,"time12",1.33174554107864
"1282","MYH1_HUMAN",0.0470650578489282,0.143282156234275,0.000129567390800786,2.78121865586146e-05,"time0",-2.21991359290127
"1283","MYH7_HUMAN",0.142213241936393,0.282889273214279,2.71906452570685e-06,1.3248173872597e-07,"time0",-4.35924497064107
"1284","SRC_HUMAN",1,1,2.78849105461678e-05,1.35932772614636e-05,"time0",-1.03659131929907
"1285","PEPD_HUMAN",0.383750269517673,0.54303254201115,1.76051664368242e-06,2.50630451460323e-06,"time12",0.50956284564737
"1286","XRCC6_HUMAN",0.00577649287879467,0.0414699422656738,0.000218455183906528,0.000321639857579629,"time12",0.558108855112349
"1287","XRCC5_HUMAN",0.00577649287879467,0.0414699422656738,0.000152224439303593,0.000247821805836677,"time12",0.70310313678035
"1288","COX41_HUMAN",0.792159093543887,0.87883896836063,0.000446334741294127,0.000414994101820575,"time0",-0.105035273771517
"1289","GILT_HUMAN",0.0178938078632005,0.0783001570453453,5.35973475617691e-06,1.3045372816563e-05,"time12",1.28330466360735
"1290","LAMP2_HUMAN",0.0698929112404585,0.180488698157916,0.00088879741664438,0.000653267878068328,"time0",-0.44417992092159
"1291","RINI_HUMAN",0.00322298891842365,0.0296624234356618,0.000188511747014248,0.000252465196955191,"time12",0.421430094852762
"1292","CY24A_HUMAN",0.0629428047254263,0.168817859283777,8.35218394633411e-05,6.69614217437063e-05,"time0",-0.318823325879676
"1293","MYH6_HUMAN",0.0190588916017305,0.0811395292495624,9.35114477388166e-06,3.58317426294793e-07,"time0",-4.70583287764296
"1294","MYH8_HUMAN",0.18144920772142,0.324392732032339,2.07068787236649e-06,0,"time0",-Inf
"1295","ITA4_HUMAN",0.18144920772142,0.324392732032339,1.05807685431277e-06,0,"time0",-Inf
"1296","AT1A3_HUMAN",0.000214092025846018,0.00722469870270207,0,7.99469557787599e-05,"time12",Inf
"1297","EF2_HUMAN",8.32602381706239e-07,0.00082885567098856,0.000518983781536397,0.000902581423220106,"time12",0.798367631093117
"1298","K1C10_HUMAN",0.0404897220432758,0.130234307896869,0.00349456212573789,0.006374048579677,"time12",0.867098319714245
"1299","K1C13_HUMAN",0.134735083207488,0.273918533695822,0.0148993645429713,0.0225250154227602,"time12",0.596277292704701
"1300","K2C5_HUMAN",0.0384184177964926,0.124917370440093,0.00407234651315743,0.00670691702209205,"time12",0.719789428591916
"1301","PDIA4_HUMAN",0.0803273618221283,0.197772189679956,0.000467457193613978,0.000290158454619805,"time0",-0.687993292690654
"1302","CO6_HUMAN",0.00202018208801746,0.0229430417687976,3.60203359656734e-05,8.00061591027173e-05,"time12",1.15129942957763
"1303","P4HA1_HUMAN",0.190411606129668,0.334905727061964,2.05085414782978e-05,1.02373897718617e-05,"time0",-1.0023769760666
"1304","PPA5_HUMAN",0.0115395549538449,0.0605674531979927,8.83773671949561e-07,4.47546206176218e-06,"time12",2.34028778050075
"1305","CEAM1_HUMAN",0.00134060345590115,0.0183236257256237,0.000498183653720868,0.000261734993699169,"time0",-0.928570860878593
"1306","TCTP_HUMAN",1,1,0.000122387845951505,0.000122061692800383,"time0",-0.00384979096555942
"1307","HEM2_HUMAN",0.0163872206505971,0.0737367631975284,4.97595311823735e-05,2.87963195570265e-05,"time0",-0.789088459613647
"1308","TF_HUMAN",0.435876277946031,0.589747540049855,8.27704443731902e-06,1.04542275256408e-05,"time12",0.336898855540207
"1309","PRG2_HUMAN",0.0377276350132012,0.124158217043444,1.10113379106041e-05,0.0001189616177259,"time12",3.43343449500193
"1310","HLAE_HUMAN",0.407182236579633,0.565210201973076,2.38176782305719e-05,1.68423077725681e-05,"time0",-0.499942951389834
"1311","DRB4_HUMAN",0.064910217801352,0.172314991523323,1.03982232070932e-05,1.55910651612124e-05,"time12",0.584382465049744
"1312","DOB_HUMAN",0.177529852412153,0.324392732032339,3.95073448899701e-07,2.15595819368399e-06,"time12",2.44813640529958
"1313","PLSL_HUMAN",0.236652344465256,0.385471626258787,0.00616182836421867,0.00527521319571388,"time0",-0.224129096158942
"1314","PLST_HUMAN",0.0027663204818964,0.0270429332870167,0.00010829313415402,0.000212708979774846,"time12",0.973939161590756
"1315","ACPH_HUMAN",0.556113274767995,0.69514031573096,0.000118970055407227,0.00013982636100502,"time12",0.233037877970692
"1316","ETFA_HUMAN",0.104839904233813,0.233106815154345,0.000217902411989235,0.000175112212625265,"time0",-0.315402462614961
"1317","GYS1_HUMAN",0.792159093543887,0.87883896836063,0.000197530864794253,0.000210209160738341,"time12",0.0897474457449944
"1318","KAP2_HUMAN",0.00870546326041222,0.0526593658443959,6.21147180144046e-05,8.4452388868129e-05,"time12",0.443203078531383
"1319","SC5A1_HUMAN",0.00186400674283505,0.0217031428361671,9.90268798586187e-06,2.35666801828425e-05,"time12",1.25085645310198
"1320","ANXA8_HUMAN",0.0351733826150206,0.119573485691245,6.56858648942821e-05,0.000108624359978113,"time12",0.725692824708775
"1321","ENOB_HUMAN",0.461401318525177,0.613797344220686,5.45094977931976e-05,0.000120184383036696,"time12",1.14066990834676
"1322","CD59_HUMAN",0.00134060345590115,0.0183236257256237,0.000253971402264898,0.000470533725328565,"time12",0.889632075759129
"1323","MTDC_HUMAN",0.589638551626567,0.719932761419764,4.95395798605323e-07,7.2883463448645e-07,"time12",0.557009884855319
"1324","LYAM1_HUMAN",0.159883810158882,0.306478176533698,8.17221323130218e-06,5.04504653682486e-06,"time0",-0.695859270510958
"1325","MIF_HUMAN",0.0196608155965805,0.0823520698165325,4.54409609326648e-05,6.01495347124691e-05,"time12",0.404560233853417
"1326","FOLR2_HUMAN",0.142213241936393,0.282889273214279,5.47570878772303e-08,3.20411877744668e-07,"time12",2.5488100022712
"1327","CD99_HUMAN",0.00136666351919497,0.0184028698027074,8.53831320187285e-08,1.21900515543603e-06,"time12",3.83560933280881
"1328","GLU2B_HUMAN",0.134735083207488,0.273918533695822,0.000305606952527621,0.000202235668769389,"time0",-0.595639893794418
"1329","HCLS1_HUMAN",0.318396080285311,0.477639693323108,4.89411517044381e-05,6.81877120528246e-05,"time12",0.478463726049844
"1330","FPPS_HUMAN",0.0666647087782622,0.174490931434075,6.41841552841735e-05,8.45624070990009e-05,"time12",0.397799251368444
"1331","CBPM_HUMAN",0.000728541800169879,0.0135896747479633,1.2355788394754e-06,7.83971373156822e-06,"time12",2.66561390636355
"1332","CX7A2_HUMAN",0.745654674246907,0.845947617750294,0.000143303042560232,0.0001396750811582,"time0",-0.0369945821532239
"1333","NID1_HUMAN",0.118312716164607,0.252296270493109,0.000131798542802885,5.50041592187761e-05,"time0",-1.26072180030328
"1334","AK1A1_HUMAN",0.0576879289001226,0.162648302403985,0.00018382509792552,0.000226703732074163,"time12",0.30247438794744
"1335","PA2GA_HUMAN",0.118312716164607,0.252296270493109,6.90124050086388e-06,2.08736903814862e-05,"time12",1.59675807016984
"1336","NCF1_HUMAN",0.0327208992093802,0.114226727631577,0.00166690920225034,0.00111942376318148,"time0",-0.574419243051404
"1337","KPYM_HUMAN",0.129353076219559,0.266606599123335,0.00314809395889028,0.00344148688611565,"time12",0.12855341196578
"1338","ENPL_HUMAN",0.212932853028178,0.357260654813851,0.00157528327790851,0.00127150942441065,"time0",-0.309069131648783
"1339","RSMB_HUMAN",1,1,1.6968381753909e-05,1.73318484171491e-05,"time12",0.030576540055209
"1340","IDE_HUMAN",0.205409692600369,0.349625856217291,5.26331520304487e-05,6.9000219918519e-05,"time12",0.390629164286285
"1341","IL1R1_HUMAN",0.105645429201877,0.233106815154345,4.17595575205965e-08,2.52673820778574e-07,"time12",2.59709786570749
"1342","MMP9_HUMAN",0.685047073289752,0.796842486613377,0.00202895468060831,0.00194285867336061,"time0",-0.0625556801476393
"1343","CX6B1_HUMAN",0.0420948818080113,0.134050905874278,2.15334561745939e-05,3.91143517635494e-05,"time12",0.861118161270268
"1344","HNRPL_HUMAN",0.612005613744259,0.738486773918073,0.000137946864742273,0.000146012828679791,"time12",0.0819824623113449
"1345","SYDC_HUMAN",0.298844147473574,0.453861238526917,7.63782062334947e-05,8.22689591920153e-05,"time12",0.107187153473032
"1346","I23O1_HUMAN",0.230024245060274,0.378390199874694,2.03320941353408e-06,1.03855557520229e-05,"time12",2.35274769922284
"1347","PLAK_HUMAN",0.0466642932561762,0.142207052866908,0.000238662855321783,0.000481652271108062,"time12",1.01301792073769
"1348","QCR7_HUMAN",0.00236749462783337,0.0250827491665221,0.00010628702240346,6.20816209857633e-05,"time0",-0.775727322519432
"1349","BRAF_HUMAN",0.0111165467198405,0.0598729788616836,2.94353311079727e-05,1.53188399091962e-05,"time0",-0.942241809555444
"1350","CBPA1_HUMAN",0.722282962716192,0.829653103135349,1.51808222793537e-06,1.78308056081743e-06,"time12",0.232121948990823
"1351","FABP4_HUMAN",0.000652269924089163,0.0129684755451225,1.18310267786405e-05,5.19291244664577e-05,"time12",2.13396861535341
"1352","GLNA_HUMAN",0.044907208532095,0.138334583064571,4.84837012973958e-05,8.15239598475499e-05,"time12",0.749724289062077
"1353","ALDR_HUMAN",5.57812894901024e-05,0.00367082993162203,9.39465704647079e-07,1.01540363824356e-05,"time12",3.43406902743238
"1354","AMPN_HUMAN",0.0164312124252319,0.0737367631975284,0.00118024217511075,0.000836890357464295,"time0",-0.495972387894074
"1355","RAC2_HUMAN",0.95152647420764,0.978726989916003,0.00056133504753755,0.000543173689231081,"time0",-0.0474485396505255
"1356","CBPN_HUMAN",0.504879873834092,0.653191829016084,2.34043033101244e-06,3.87950815638108e-06,"time12",0.729099939162487
"1357","ERF3A_HUMAN",0.00782210209050042,0.0499694286487262,2.32777513161026e-05,3.50615073884742e-05,"time12",0.590936325425484
"1358","INGR1_HUMAN",0.00182529413147666,0.0215890729649705,1.29912449426409e-05,3.28838306440259e-06,"time0",-1.98208941619144
"1359","ARSA_HUMAN",0.00793642896747733,0.0504838021541449,8.29196744874855e-05,6.42211688913839e-05,"time0",-0.36866552912437
"1360","B4GT1_HUMAN",0.298844147473574,0.453861238526917,6.11069037654665e-05,7.15264079350199e-05,"time12",0.227140608269395
"1361","PPAP_HUMAN",0.338741784915328,0.500570183399123,3.45497132581146e-05,2.66941160087754e-05,"time0",-0.372151963054656
"1362","EZRI_HUMAN",0.0549216289073229,0.158553354018096,0.00119084158586422,0.0016575630164234,"time12",0.4770822105482
"1363","VATB1_HUMAN",0.343252562436031,0.504987082618328,5.50454391194768e-07,1.12708019256565e-06,"time12",1.03389523097064
"1364","FOLR1_HUMAN",0.380649714964392,0.54065482509965,1.49056128426167e-05,1.69179920487762e-05,"time12",0.182702656208089
"1365","UCHL3_HUMAN",0.119076568633318,0.252752076917842,5.18812559536031e-05,3.7869518075437e-05,"time0",-0.454176343398562
"1366","VAV_HUMAN",0.0274143654911743,0.101515824416647,0.000232353075095013,0.0001485932698326,"time0",-0.644949964409963
"1367","CSF2R_HUMAN",0.352542137499713,0.513719001533492,9.13772646828453e-07,2.9152886341055e-07,"time0",-1.64819652961762
"1368","HIS1_HUMAN",0.0522749721636293,0.15343410748568,8.85274509118794e-06,0.000104885069544496,"time12",3.56654063310035
"1369","MCP_HUMAN",0.00202043193878914,0.0229430417687976,4.33552051548758e-06,9.86667494679387e-06,"time12",1.18635876928498
"1370","NDKA_HUMAN",0.00103816948831081,0.0161385050053329,6.45214652494585e-05,9.64636055234311e-05,"time12",0.580205533037008
"1371","NQO1_HUMAN",0.000169897451996803,0.00630588911920646,4.36638859261961e-05,9.93218359148024e-05,"time12",1.18567039863647
"1372","GNS_HUMAN",9.41089087005536e-05,0.00484579751438281,9.66442945515218e-05,2.48818346110752e-05,"time0",-1.95759170111214
"1373","PHKG2_HUMAN",0.152864182145033,0.297703866955423,3.02066347338063e-05,1.98854260916689e-05,"time0",-0.603153989406892
"1374","IGLL1_HUMAN",0.124134462326765,0.260091091719384,1.51279978935501e-05,9.19657593946801e-06,"time0",-0.718052344130207
"1375","ARSB_HUMAN",0.363606971223535,0.523084772280072,4.50160878924831e-06,6.31926480190943e-06,"time12",0.489316036313024
"1376","RS2_HUMAN",0.000540753040849622,0.012050317530131,3.48131700286158e-05,7.34545908192521e-05,"time12",1.07721947079608
"1377","SIAT1_HUMAN",5.59259206056596e-05,0.00367082993162203,1.3550627792888e-05,4.8902252613577e-05,"time12",1.85154123005955
"1378","DESP_HUMAN",0.0136632416397333,0.0676821777982499,0.000918120268741408,0.00224247281221179,"time12",1.28833543768241
"1379","RFA2_HUMAN",0.0572478263429757,0.162648302403985,1.72268338021927e-05,9.30422217621563e-06,"time0",-0.888700113913939
"1380","MUC1_HUMAN",0.164184082299471,0.312714133792965,0.000488991115594467,0.000576352717604026,"time12",0.237143732315518
"1381","COX7C_HUMAN",0.807830415666103,0.887632647677269,5.85615716238081e-05,5.39237275881926e-05,"time0",-0.119034042699955
"1382","TIMP2_HUMAN",0.000608408823609353,0.0127409961016481,1.8600247526099e-05,8.86997115119669e-06,"time0",-1.06832050297416
"1383","LOX15_HUMAN",1.99116766452789e-06,0.00099110370501876,0.000198900316197767,0.000611881456130415,"time12",1.62120660740206
"1384","CD44_HUMAN",0.00687373926078973,0.0461434668359746,5.07061827398085e-05,8.04299817612969e-05,"time12",0.665571723288926
"1385","NQO2_HUMAN",0.640825403854251,0.761873036867325,5.60891567013822e-05,5.91255367790206e-05,"time12",0.076059483899109
"1386","ITB4_HUMAN",0.100348246462291,0.227011289394017,0,5.87484895194294e-07,"time12",Inf
"1387","LEUK_HUMAN",0.166393708806611,0.315616976506832,4.38281559106988e-05,2.92212791615515e-05,"time0",-0.584838644597259
"1388","CBR1_HUMAN",0.00619499199092388,0.0432274382731172,0.000130440735737071,0.000220005447923839,"time12",0.754144765593909
"1389","ANK1_HUMAN",0.475532659596901,0.627005826166856,5.6551930491043e-06,4.31263512817802e-06,"time0",-0.391006612192035
"1390","ACADS_HUMAN",0.159870249540004,0.306478176533698,5.19068451177993e-05,3.61849869938867e-05,"time0",-0.520533550775978
"1391","CREB1_HUMAN",0.18144920772142,0.324392732032339,0,1.91903670591396e-06,"time12",Inf
"1392","BGAL_HUMAN",0.0254159045415639,0.0965093438186659,5.55452218934707e-06,1.11532551609065e-05,"time12",1.00573011426671
"1393","PECA1_HUMAN",0.387078282608515,0.546318190458568,2.34631801319829e-05,2.92138020556107e-05,"time12",0.316251565826528
"1394","PP2BB_HUMAN",0.386037262423422,0.545751613835527,5.97898095566385e-06,4.56377662597944e-06,"time0",-0.389671434958269
"1395","NCK1_HUMAN",0.891135694628664,0.94224703558453,7.13025734709783e-06,5.1339966393e-06,"time0",-0.473871796203059
"1396","H15_HUMAN",0.0041050888793832,0.0339282807840564,6.73469022124533e-05,0.000177226196885036,"time12",1.39590838121316
"1397","EPCAM_HUMAN",0.0370276562639839,0.122326433000429,4.12179798910003e-06,1.04350277920571e-05,"time12",1.34008873820918
"1398","NCPR_HUMAN",0.124134462326765,0.260091091719384,0.000101305839202131,0.000134117580057113,"time12",0.404781024762054
"1399","BGAT_HUMAN",0.789268026134281,0.876752449339792,1.19031580139728e-06,1.72083384450593e-06,"time12",0.531763420185415
"1400","EPB42_HUMAN",0.0233763900464205,0.0919321407720123,7.75767281569133e-05,1.53163612678164e-05,"time0",-2.34055033603444
"1401","MGMT_HUMAN",0.070197451493027,0.181084532935643,1.7212097473776e-06,2.73626377814362e-06,"time12",0.668784398406733
"1402","AT2A2_HUMAN",0.0024679125845843,0.0256362467264731,4.14704028192867e-05,0.000101957623339211,"time12",1.29781568331667
"1403","CD36_HUMAN",1,1,8.8197243326999e-07,1.41885511148209e-06,"time12",0.685921804900271
"1404","CBPE_HUMAN",0.205409692600369,0.349625856217291,8.44460818341147e-05,0.000103125134667525,"time12",0.288293612422211
"1405","PLCG2_HUMAN",0.289355352877528,0.445680037774038,0.000267976034078107,0.000225597540271955,"time0",-0.248352643917302
"1406","FAAA_HUMAN",0.00458196308583737,0.0363453725255068,2.11452002221471e-05,9.02490749127832e-06,"time0",-1.2283461721737
"1407","STMN1_HUMAN",0.236652344465256,0.385471626258787,3.39754686181806e-05,2.98700893707802e-05,"time0",-0.185791895817576
"1408","NAGAB_HUMAN",0.985107284492357,1,3.77895546079798e-06,4.45596376356822e-06,"time12",0.237749985627502
"1409","HSP76_HUMAN",0.18144920772142,0.324392732032339,0,3.98152122348073e-07,"time12",Inf
"1410","TMM11_HUMAN",0.672603817441517,0.788201412905273,6.0354583262588e-07,9.56242261844629e-07,"time12",0.663912836224244
"1411","AATC_HUMAN",0.157947674393654,0.303741615954055,3.81621377655637e-05,5.13688379589807e-05,"time12",0.428751447646755
"1412","BPI_HUMAN",0.298844147473574,0.453861238526917,0.00231537217935621,0.00201085190834894,"time0",-0.203437278421902
"1413","KPCA_HUMAN",0.276252475989205,0.432984077767688,3.69513988405744e-06,4.21772223854719e-06,"time12",0.19083510803308
"1414","ITA2_HUMAN",0.0120369481070948,0.0622193255917365,6.92984840524917e-07,8.21240723936546e-06,"time12",3.56690947205635
"1415","ASM_HUMAN",0.824098168245978,0.899221475873808,9.91360627415557e-07,1.65291595736157e-06,"time12",0.737531505144571
"1416","UBF1_HUMAN",0.104529026226966,0.233106815154345,2.01452049137616e-05,5.2696894885512e-06,"time0",-1.9346466203771
"1417","NDUB7_HUMAN",0.559337093395305,0.697478175125294,1.0043682883141e-05,1.37107641857479e-05,"time12",0.449020600551566
"1418","SYN1_HUMAN",0.18144920772142,0.324392732032339,0,4.76030882941675e-07,"time12",Inf
"1419","KAPCA_HUMAN",0.879689841684979,0.932621126088815,5.01537357432487e-05,5.09738419492271e-05,"time12",0.0233999295081547
"1420","CAN2_HUMAN",1.68383121490479e-06,0.00099110370501876,6.34707468643676e-05,0.000202332892903557,"time12",1.6725671512463
"1421","DESM_HUMAN",0.29450739368011,0.449665813510046,1.38381380085957e-06,2.43030255052144e-07,"time0",-2.50944200161455
"1422","CEBPB_HUMAN",0.108319380730004,0.236237546646293,1.60478271166301e-06,3.4878482319666e-07,"time0",-2.20196879891225
"1423","PYRG1_HUMAN",0.23730090419784,0.386106864825306,4.0053376256527e-06,5.06269325910477e-06,"time12",0.337981217998585
"1424","DDX5_HUMAN",0.807830415666103,0.887632647677269,3.6206209565665e-05,3.67405314428502e-05,"time12",0.0211353461065861
"1425","PFKAL_HUMAN",0.919296527281404,0.96214441167896,0.000260544642819398,0.000258301008001181,"time0",-0.0124773176640841
"1426","SAP3_HUMAN",0.0305935101730879,0.109095544038122,1.48664412579249e-05,1.00389619762355e-05,"time0",-0.5664492320453
"1427","CR1_HUMAN",0.341390779564905,0.503736938325389,6.87217147568779e-05,7.70102908469285e-05,"time12",0.164285209993904
"1428","LEG3_HUMAN",0.00711145624518395,0.0466777232444876,0.000350102697182777,0.000498932933292967,"time12",0.511067724819658
"1429","IBP3_HUMAN",0.41849223344682,0.572386780791985,4.94324496455861e-07,1.20509239590065e-06,"time12",1.28561345716634
"1430","SPI1_HUMAN",0.070700276991926,0.181865957998611,4.85729547394795e-06,2.50076834449491e-06,"time0",-0.957781828073379
"1431","PRS6A_HUMAN",1,1,0.000149112439527869,0.000149172006314225,"time12",0.000576206433949938
"1432","TCPA_HUMAN",7.99447298049928e-06,0.00171321307396894,0.000152841752523519,0.00025802583300031,"time12",0.755476807231997
"1433","PTN1_HUMAN",0.0327208992093802,0.114226727631577,7.36864530344537e-05,5.30068545487396e-05,"time0",-0.475220476910619
"1434","LOX12_HUMAN",0.529368106184798,0.674615251429108,2.91059429250473e-06,8.84145063140537e-06,"time12",1.60296933806128
"1435","IBP2_HUMAN",0.000188799859322048,0.00675270395048261,1.43046525075289e-06,2.14294357073838e-05,"time12",3.90503750374986
"1436","ERCC2_HUMAN",0.00184731593314566,0.0217031428361671,0.000702638963966515,0.000225249042650248,"time0",-1.64126260729764
"1437","ARF4_HUMAN",0.626346288248897,0.749732741424982,7.01761445870755e-05,6.52619360646681e-05,"time0",-0.104738902431113
"1438","RL7_HUMAN",0.00305272204169637,0.0284904824297694,3.40858920926484e-05,6.307278511663e-05,"time12",0.887842898355796
"1439","VINC_HUMAN",0.0472590494900942,0.143361250687828,0.000993687685899653,0.000636834097419466,"time0",-0.641874903957298
"1440","LBP_HUMAN",0.297728418004512,0.45354038274444,1.84261398573371e-05,2.49361986644167e-05,"time12",0.436487685466949
"1441","PTPRA_HUMAN",0.0143490767816456,0.0681564973087937,1.40804702560743e-05,2.93250049049208e-06,"time0",-2.2634922628805
"1442","ARY1_HUMAN",0.0836559895278504,0.203535914818224,7.53745135110441e-06,1.15911125512194e-05,"time12",0.620870356787181
"1443","IL1RA_HUMAN",0.439966766163707,0.594014804316415,0.000104473859136105,0.00012499279482779,"time12",0.258702929173509
"1444","SON_HUMAN",0.0696337497749372,0.180488698157916,8.48508728032854e-06,3.510111183657e-06,"time0",-1.27341277088519
"1445","RL17_HUMAN",0.000312754884362221,0.00898117752065167,2.06050030990489e-05,4.0380744470003e-05,"time12",0.970672828215269
"1446","PGAM1_HUMAN",0.427954606711865,0.58081637488979,0.00102607049541525,0.000877050886831217,"time0",-0.226397397712321
"1447","RCC1_HUMAN",0.530158014945287,0.674615251429108,2.06790482148482e-06,5.04558538304829e-06,"time12",1.2868518739593
"1448","ATP5J_HUMAN",0.730341996997595,0.833301384539949,8.44075847110794e-05,7.1860871855343e-05,"time0",-0.232166203682877
"1449","XRCC1_HUMAN",0.0546135439506891,0.158429673636458,6.13791739992088e-06,4.44652629961106e-07,"time0",-3.78699860727769
"1450","K1C15_HUMAN",0.00643943773562937,0.0445686692872702,4.21501245307473e-05,0.000106529271581546,"time12",1.33764110279912
"1451","K2C4_HUMAN",0.0803273618221283,0.197772189679956,0.0106685241580367,0.0170418011373623,"time12",0.675717207995204
"1452","AMD_HUMAN",0.0247860513627529,0.0953297390790233,6.58018933078334e-05,9.25687559912728e-05,"time12",0.492396239060287
"1453","TSN8_HUMAN",0.74567457014152,0.845947617750294,1.19448857512551e-05,1.29366939590391e-05,"time12",0.11507592106426
"1454","LFA3_HUMAN",0.0158301631022,0.0723439664953637,8.15327253347919e-06,1.42135075862046e-05,"time12",0.801811479597343
"1455","VCAM1_HUMAN",0.184235113180511,0.326345293898931,3.92623636342621e-06,5.79531930966173e-06,"time12",0.561741125694854
"1456","NUCL_HUMAN",1,1,7.92057843697549e-05,9.33692950687191e-05,"time12",0.237342397238338
"1457","HXK1_HUMAN",0.000505488365888596,0.0117481790251073,7.29656480963924e-05,0.000136253504879839,"time12",0.901004026626846
"1458","RPB3_HUMAN",0.618953802351261,0.744614513886018,1.37611969466771e-05,1.22168706676281e-05,"time0",-0.17173117248571
"1459","RPAB1_HUMAN",0.0734760305649479,0.187232222937045,4.82259416827406e-06,6.69954541595875e-06,"time12",0.474253798449867
"1460","NDUV2_HUMAN",0.0404897220432758,0.130234307896869,7.8993321334415e-05,4.94503409583336e-05,"time0",-0.675750214243785
"1461","TNR1A_HUMAN",0.100348246462291,0.227011289394017,6.59003683636553e-07,0,"time0",-Inf
"1462","GGT1_HUMAN",0.00602998215296531,0.0424607496668727,5.08676480974338e-05,2.66695302467628e-05,"time0",-0.931555978000569
"1463","ERCC3_HUMAN",1,1,7.97695924055134e-07,1.35809696967101e-06,"time12",0.767675681944703
"1464","RO52_HUMAN",0.153542058637839,0.298118887420557,4.19425794935364e-05,3.30829586902191e-05,"time0",-0.34232732672588
"1465","TFEB_HUMAN",0.00663337546348301,0.0452716339456096,8.74462149116653e-06,1.29032188432856e-06,"time0",-2.7606649328347
"1466","E2AK2_HUMAN",0.000123336911201477,0.00553903286170243,0.000123647450749143,5.02545057200405e-05,"time0",-1.29890763945811
"1467","SPEE_HUMAN",0.242946817572573,0.393684574433254,1.1478942987904e-05,1.50178407822029e-05,"time12",0.387687600747111
"1468","SL9A1_HUMAN",0.520316800507367,0.66849908570241,4.07045978415481e-06,6.02112532221008e-06,"time12",0.564841380413607
"1469","A1AG2_HUMAN",0.00466480478644371,0.0366616828808267,0.000173165898599547,7.7958786710447e-05,"time0",-1.15137130652738
"1470","CSK22_HUMAN",0.375320551300672,0.535033330052247,6.06772051285711e-05,7.39599405681957e-05,"time12",0.285589430744896
"1471","RXRA_HUMAN",0.456171159984014,0.608194272005473,4.84215294832106e-06,3.84975001390713e-06,"time0",-0.330883883755823
"1472","AOC1_HUMAN",0.0440109840129515,0.136915420577791,3.79570683224059e-06,7.93014439161509e-07,"time0",-2.25894952791017
"1473","ITIH2_HUMAN",0.00347515568137169,0.0309779118718051,9.83837749977658e-05,0.000208668668137767,"time12",1.08472167666408
"1474","ITIH1_HUMAN",0.251782879113893,0.404927069721939,0.000105425277108889,0.0001512717181376,"time12",0.520921471802224
"1475","CEL_HUMAN",0.932646638965876,0.97016690605071,1.01357015323493e-05,6.02796331642095e-07,"time0",-4.07163149937212
"1476","NFKB1_HUMAN",0.159870249540004,0.306478176533698,8.97888203650117e-05,6.8322195484395e-05,"time0",-0.394181490057273
"1477","NCF2_HUMAN",0.000188600271940232,0.00675270395048261,0.000795618325518193,0.000431667649997384,"time0",-0.882155527710411
"1478","ELAF_HUMAN",0.0527089697707192,0.154179342188889,1.31530461683792e-05,2.76326925105881e-05,"time12",1.07097918628708
"1479","AMY2B_HUMAN",0.201242620957724,0.345670985066878,2.97878626886687e-07,2.13939600559955e-06,"time12",2.84440703487971
"1480","TYPH_HUMAN",0.0011314544826746,0.016825109315811,0.000134401078459567,0.000208279624885575,"time12",0.631976998909985
"1481","AT2B1_HUMAN",0.00888604785491369,0.0531827292959914,1.97267110897111e-05,3.27374203049925e-05,"time12",0.730790197872807
"1482","CR2_HUMAN",0.18144920772142,0.324392732032339,0,9.18667509110306e-07,"time12",Inf
"1483","DPA1_HUMAN",0.0024679125845843,0.0256362467264731,2.42240211660815e-05,6.43476886906321e-05,"time12",1.40944995809517
"1484","IF2B_HUMAN",0.00793642896747733,0.0504838021541449,7.4142267031904e-06,1.63974350709282e-05,"time12",1.14510202849815
"1485","TCO1_HUMAN",0.515848442912102,0.664330045173347,0.000494983946090118,0.000473817779777633,"time0",-0.0630493987331216
"1486","TCO2_HUMAN",0.000214092025846018,0.00722469870270207,1.93991173689504e-06,1.12220614629657e-05,"time12",2.53227480101391
"1487","ANXA7_HUMAN",0.044907208532095,0.138334583064571,0.000322518072469734,0.000241970645369213,"time0",-0.414547967182704
"1488","SDHL_HUMAN",0.0238241460165172,0.0928861776479487,3.7938909359274e-07,2.58791234815277e-06,"time12",2.77003864360227
"1489","CD33_HUMAN",0.741259697119932,0.843191398302016,5.54484667066301e-06,5.74448223297905e-06,"time12",0.0510292977054862
"1490","CAP7_HUMAN",0.670180588960648,0.786750915460289,0.00140509115909449,0.00133867287449185,"time0",-0.0698602734407172
"1491","TRYB2_HUMAN",0.0366712945648324,0.121350494424235,4.15588481184039e-07,8.71349854389609e-06,"time12",4.39002451658842
"1492","CD22_HUMAN",0.401678166469773,0.560828351641878,4.07097558623052e-07,1.09994647763375e-06,"time12",1.43398685053857
"1493","BTF3_HUMAN",0.01186136114631,0.0620928221971162,7.39745762343079e-06,1.91977542057045e-05,"time12",1.37583611923805
"1494","AL5AP_HUMAN",0.338741784915328,0.500570183399123,0.000193022356203318,0.000235159804437496,"time12",0.284873530485517
"1495","TNR1B_HUMAN",0.932646638965876,0.97016690605071,1.45733135978309e-06,3.47842668174889e-06,"time12",1.2551059653499
"1496","RAB4A_HUMAN",0.932106941814807,0.97016690605071,2.79269833615637e-06,4.73598673506774e-06,"time12",0.76200529626839
"1497","RAB5A_HUMAN",0.0549216289073229,0.158553354018096,6.40615077347671e-05,7.11397797613738e-05,"time12",0.151198754625763
"1498","RAB6A_HUMAN",0.452164342626929,0.603795577578951,9.22187482085377e-05,8.34189383905682e-05,"time0",-0.144685130257919
"1499","MSH3_HUMAN",0.350528908982333,0.512661403856875,1.23167702523701e-06,2.58157273218674e-06,"time12",1.06762624761714
"1500","MX1_HUMAN",0.0815060137884708,0.20034801055267,3.6678316280824e-05,0.000119864949223442,"time12",1.7084105305175
"1501","MX2_HUMAN",0.502761047333479,0.651266912973947,0.000119207086816,0.000122718324197832,"time12",0.0418806810847441
"1502","PSB1_HUMAN",0.464545045047998,0.615785076358565,0.000134115692091709,0.000145344716121889,"time12",0.116000576113904
"1503","MPRD_HUMAN",0.0549216289073229,0.158553354018096,3.3492954706638e-05,4.22852916995838e-05,"time12",0.336298276494133
"1504","ATP4A_HUMAN",0.361310428526179,0.521659944304294,2.77876676064816e-07,1.08952358917322e-06,"time12",1.97118078217281
"1505","COX5A_HUMAN",0.404494503512979,0.563180808737301,0.00030085173886894,0.000247966907284471,"time0",-0.278905098416197
"1506","LMNB1_HUMAN",0.761065473780036,0.857900643594511,0.000367852600990003,0.000351520319636778,"time0",-0.0655197056005493
"1507","ITAL_HUMAN",0.896772761996841,0.945919166528116,5.62333183300797e-05,5.77833113510812e-05,"time12",0.0392276989934437
"1508","ITAX_HUMAN",0.242946817572573,0.393684574433254,0.00011547664649443,9.65174702945991e-05,"time0",-0.258739108248034
"1509","PZP_HUMAN",0.144339193370849,0.28671034320056,4.68383118737853e-06,7.0188954560717e-06,"time12",0.583554935727679
"1510","BCL3_HUMAN",0.208412803684149,0.351652450961983,7.61768996204221e-07,2.06334387534895e-07,"time0",-1.88436929205111
"1511","CAN3_HUMAN",0.18144920772142,0.324392732032339,0,3.13258212074464e-07,"time12",Inf
"1512","ICAL_HUMAN",0.0426517054438591,0.134148169397591,2.80585207500855e-05,4.92520973544722e-05,"time12",0.811746209856865
"1513","IMDH1_HUMAN",0.0426517054438591,0.134148169397591,0.000255791444651357,0.000168336307391078,"time0",-0.603621635835821
"1514","C4BPB_HUMAN",0.779828432640187,0.87192043497728,5.51230418884392e-06,3.54855170362783e-06,"time0",-0.635425176298891
"1515","NEBU_HUMAN",0.00663337546348301,0.0452716339456096,0.000351199035862206,1.13474213756189e-05,"time0",-4.95185248705374
"1516","FILA_HUMAN",0.00149828452478946,0.0191223364670244,1.64029473178483e-05,5.18914295933509e-05,"time12",1.66154121746991
"1517","ASPG_HUMAN",0.00218777544796467,0.0241684411185438,5.17005604021776e-05,3.43062964226865e-05,"time0",-0.59170653211801
"1518","RASA1_HUMAN",0.896675133784441,0.945919166528116,7.0263239918062e-06,3.32645812317993e-06,"time0",-1.07878323067677
"1519","ENDOU_HUMAN",0.0741455311114069,0.188498483316727,1.54707929756769e-05,3.16463477893519e-05,"time12",1.03249186622834
"1520","FUT3_HUMAN",0.00352783825204911,0.03103354621427,3.87547402872101e-06,1.23152646479927e-05,"time12",1.66800294128191
"1521","GSTM3_HUMAN",0.0936860038025301,0.221355419585646,7.2951437398492e-06,1.158456080708e-05,"time12",0.667195040228816
"1522","VATB2_HUMAN",0.404494503512979,0.563180808737301,0.000222608318234668,0.000276658807239159,"time12",0.313600348632111
"1523","VATC1_HUMAN",0.330531408238157,0.490523698298271,8.08868949387019e-05,6.78822150443633e-05,"time0",-0.252872338499677
"1524","CSRP1_HUMAN",0.359877927228808,0.521659944304294,2.9426809559893e-05,2.60902551588931e-05,"time0",-0.173620080904123
"1525","FLNA_HUMAN",0.489846087992191,0.638284690125489,0.00235697203766212,0.00240808269640967,"time12",0.0309502937713277
"1526","NF1_HUMAN",0.441208519505878,0.594481950599731,1.92340670842522e-05,5.1656144110641e-05,"time12",1.42527610118388
"1527","AOFA_HUMAN",0.00493247224052953,0.0379637627828767,1.89170878636097e-06,7.35801264291375e-06,"time12",1.95962614097163
"1528","ACOHC_HUMAN",0.000540753040849622,0.012050317530131,2.86823272448103e-05,5.77712390728209e-05,"time12",1.01018935072355
"1529","FPR1_HUMAN",0.60547906973734,0.734618420382111,1.1618560852274e-05,1.48051936773021e-05,"time12",0.349671984997878
"1530","TNAP3_HUMAN",0.0184211824858212,0.0793730758610123,4.9497576125909e-07,2.68910239489913e-06,"time12",2.44169490689458
"1531","5NTD_HUMAN",0.00583088709224187,0.041710046229893,1.50039228889636e-05,4.02054316454848e-05,"time12",1.42205066522751
"1532","GPDA_HUMAN",0.0186868755048476,0.0796124874396967,7.4330931659952e-06,4.07170522636726e-05,"time12",2.45359852448383
"1533","C5AR1_HUMAN",0.0309848096221685,0.110031074835442,4.82219650264496e-05,3.36859753392958e-05,"time0",-0.517542369871744
"1534","MK_HUMAN",0.0174961371837677,0.0767850311525678,7.05559283863628e-07,2.71264647629619e-06,"time12",1.94286182774051
"1535","MSRE_HUMAN",0.563317799720071,0.701563223045868,3.25217045501836e-06,4.09178552120216e-06,"time12",0.331327650503449
"1536","VDAC1_HUMAN",0.776568833738566,0.870906054059416,0.000404397161836966,0.000425610990270752,"time12",0.0737625330062315
"1537","SDHB_HUMAN",0.0208498518913984,0.0854093243821853,7.05459528149841e-05,9.36116493323988e-05,"time12",0.408124756031249
"1538","CD9_HUMAN",0.948277822491336,0.978249297709974,5.3482815504539e-05,4.50716397688693e-05,"time0",-0.246855477201768
"1539","ODBB_HUMAN",0.944182513250483,0.975815282932568,1.90177834777247e-06,7.80897148857785e-07,"time0",-1.2841446597733
"1540","COMT_HUMAN",0.983833581209183,1,0.000131645360400694,0.000139775689369673,"time12",0.0864567831761681
"1541","TGM2_HUMAN",2.07982957363129e-05,0.00221836107916066,0.000104422224337594,0.000263415063072674,"time12",1.33490905120653
"1542","MUTA_HUMAN",0.845699205144763,0.909991236233052,1.77840574611005e-05,1.76914797314854e-05,"time0",-0.00752979349565045
"1543","OSBP1_HUMAN",0.00369186137073991,0.0323810395997496,6.81872654479544e-06,1.5448529010095e-05,"time12",1.17989523908104
"1544","PIMT_HUMAN",0.452164342626929,0.603795577578951,0.000110996039843032,0.000116343604630545,"time12",0.0678837039571039
"1545","PERL_HUMAN",0.655438425019384,0.775080917172991,0.000452544778881294,0.000529812163267632,"time12",0.227420412465037
"1546","FBRL_HUMAN",0.00115023688967282,0.0170480519652996,7.42274036439178e-06,1.30257435795659e-05,"time12",0.811341919986429
"1547","PUR2_HUMAN",0.187164007112394,0.330288380001852,3.83811079984488e-05,2.77317872281411e-05,"time0",-0.468855763710796
"1548","CADH3_HUMAN",1,1,1.66219485259842e-06,1.52102913981133e-06,"time0",-0.128041721098973
"1549","PUR6_HUMAN",0.000257863492369022,0.00798040746072625,4.54848499466576e-05,6.78139330898758e-05,"time12",0.576195627032741
"1550","IDS_HUMAN",0.142213241936393,0.282889273214279,6.54928231065757e-07,1.34730796127084e-06,"time12",1.04067092717227
"1551","SCP2_HUMAN",0.029325857758522,0.105966937925984,0.000247058920550859,0.000170518378544401,"time0",-0.534927906159552
"1552","UBA1_HUMAN",0.655438425019384,0.775080917172991,0.000784089626594654,0.000822045670543256,"time12",0.0681999749226762
"1553","GPX3_HUMAN",0.559337093395305,0.697478175125294,1.71931076820968e-05,1.60682774607158e-05,"time0",-0.097615059250952
"1554","NDKB_HUMAN",0.145999491214752,0.289497335324625,0.000158863242735976,0.000178751662583698,"time12",0.170171303398029
"1555","SPR1B_HUMAN",0.0142661867014469,0.0681564973087937,0,2.32454920357492e-06,"time12",Inf
"1556","SPR2D_HUMAN",0.177529852412153,0.324392732032339,3.44564659134782e-07,1.71386972565039e-06,"time12",2.31441080997623
"1557","ADRO_HUMAN",0.0156065579411133,0.071761332241932,1.02174399229992e-05,1.45990950905658e-05,"time12",0.514845187398794
"1558","ROA2_HUMAN",0.0635564886033535,0.169625963551309,0.000757758362863602,0.00058582450080458,"time0",-0.371269337156326
"1559","RFX1_HUMAN",0.18144920772142,0.324392732032339,1.40051838915322e-05,0,"time0",-Inf
"1560","CBL_HUMAN",0.260840632464634,0.41568866000834,0.000109598096064541,8.31889720842884e-05,"time0",-0.39775854023993
"1561","QCR2_HUMAN",0.730341996997595,0.833301384539949,0.000439726012054562,0.000420891333279521,"time0",-0.0631570749572622
"1562","GTR5_HUMAN",0.0274481929403791,0.101515824416647,6.14310820263028e-06,2.79365374045868e-06,"time0",-1.13681557774327
"1563","TGM1_HUMAN",0.109572655541283,0.237064899740731,0.000170814815508369,0.000274082137711569,"time12",0.682175197348869
"1564","CAH4_HUMAN",0.109572655541283,0.237064899740731,0.000160113130990913,0.00010561127851058,"time0",-0.600327716963529
"1565","CPN2_HUMAN",0.0167287003897047,0.0746232467719985,7.47515506387168e-07,2.96610048087774e-06,"time12",1.98839206011347
"1566","EVI2A_HUMAN",0.00607561354449806,0.0425435400952953,3.62962917718276e-06,1.10436868911197e-06,"time0",-1.7166002715597
"1567","HEMH_HUMAN",0.0360316862182336,0.120434953431175,0,3.52004113634749e-06,"time12",Inf
"1568","MMP8_HUMAN",6.28661364316941e-05,0.0039526256095422,0.000492758207582443,0.000299828877384345,"time0",-0.716740561488272
"1569","MRC1_HUMAN",0.0047289220599092,0.0369722754588055,9.2332689956946e-06,5.18780928872722e-05,"time12",2.49021202218105
"1570","HV102_HUMAN",0.127112642847364,0.263351999905413,2.2581363682982e-05,9.52468179864362e-06,"time0",-1.24538981189076
"1571","EST1_HUMAN",0.000312754884362221,0.00898117752065167,4.99569843580077e-05,0.000237771594562827,"time12",2.25081807676023
"1572","FBLN1_HUMAN",0.000257369044009326,0.00798040746072625,1.07344666515728e-05,2.90656197424722e-05,"time12",1.43706315849868
"1573","PGH1_HUMAN",0.00523759225437492,0.0393286678228907,2.55598800556946e-06,7.03648633590732e-06,"time12",1.46097413380414
"1574","ITA6_HUMAN",0.0144451820896118,0.0681564973087937,2.32946752336936e-07,4.86340038036148e-06,"time12",4.38389324446559
"1575","SFPQ_HUMAN",0.427954606711865,0.58081637488979,0.000146356775994552,0.000173532091888622,"time12",0.245712949171904
"1576","TBG1_HUMAN",0.0181760594815431,0.0791871650497863,5.96244855719933e-06,1.06509418242756e-05,"time12",0.837004189394685
"1577","CAH6_HUMAN",0.0570612037794071,0.162648302403985,0.000632620478215508,0.00129820530944159,"time12",1.03710639925578
"1578","PPIB_HUMAN",0.0364349968731403,0.120836333327744,0.000452799986827471,0.000330197689027628,"time0",-0.455543892981035
"1579","MAOM_HUMAN",0.0164312124252319,0.0737367631975284,0.000397317004811113,0.000231280785557865,"time0",-0.780645126671245
"1580","SYWC_HUMAN",0.011303061619401,0.0601721809738699,0.000162103390399714,0.000251840175561083,"time12",0.635594186477194
"1581","RS3_HUMAN",0.0247860513627529,0.0953297390790233,8.61880009585299e-05,0.000138714690671807,"time12",0.686561648058863
"1582","GCSH_HUMAN",0.00299795788095067,0.0283232790562393,4.29012241913189e-06,1.03790058728384e-06,"time0",-2.04735055040844
"1583","KS6B1_HUMAN",0.583882420770365,0.719374937966459,1.8018179624493e-07,6.89841384015248e-08,"time0",-1.3851166784447
"1584","JAK1_HUMAN",0.0726974142612456,0.185962165046004,2.66844298060459e-05,1.76114803114056e-05,"time0",-0.599482005860463
"1585","PTPRE_HUMAN",0.00351007379357965,0.0309779118718051,0.000221805560577582,0.00010396351792537,"time0",-1.09321817597398
"1586","SP100_HUMAN",0.00782210209050042,0.0499694286487262,0.000254110336250949,6.35838274222064e-06,"time0",-5.32065138778237
"1587","SAHH_HUMAN",0.0154600031673908,0.0711970693283157,0.000153467795549892,0.000219549214335984,"time12",0.516608426733024
"1588","COF1_HUMAN",0.0803273618221283,0.197772189679956,0.00188158497012659,0.0015162971363367,"time0",-0.311395946909557
"1589","IF4B_HUMAN",0.0166081502910723,0.074370491456478,2.15299602322462e-06,7.47683904009133e-06,"time12",1.79608282060261
"1590","HAP40_HUMAN",0.589638551626567,0.719932761419764,4.92497184757122e-07,2.03155309627448e-07,"time0",-1.2775324067127
"1591","AT2B4_HUMAN",0.13953163024125,0.282803674051912,6.72499390433685e-06,1.21240798501565e-05,"time12",0.850270393874624
"1592","DGKA_HUMAN",0.0184267732358614,0.0793730758610123,0.000201079921768323,0.000126996894591416,"time0",-0.662975813119593
"1593","CPT2_HUMAN",0.544880281339637,0.686763013387139,0.00011360006459849,0.000106376481490784,"time0",-0.094784430960308
"1594","KTHY_HUMAN",0.00643943773562937,0.0445686692872702,9.78649009882398e-05,5.33380283950708e-05,"time0",-0.875627035873139
"1595","RIR1_HUMAN",0.414823067184775,0.572386780791985,1.4743925810188e-06,1.40154762586371e-06,"time0",-0.0730999473231846
"1596","FCAR_HUMAN",0.00147982763550481,0.0189678336198932,0.00037318916269212,0.000186483507197348,"time0",-1.00085904872558
"1597","PRTN3_HUMAN",0.0011314544826746,0.016825109315811,0.00459931168196944,0.00316120100682813,"time0",-0.540945195502579
"1598","RAE1_HUMAN",0.0553376524355665,0.159446115773101,2.15028649685378e-06,3.96604690145247e-06,"time12",0.883172846210926
"1599","IL4RA_HUMAN",0.0590582290905367,0.162648302403985,9.24666034221297e-07,0,"time0",-Inf
"1600","EF1B_HUMAN",1,1,9.23179479537868e-05,0.000114752267119654,"time12",0.313839595550247
"1601","AT5F1_HUMAN",0.583757072687149,0.719374937966459,0.000122148048764393,0.000129927148676557,"time12",0.0890721001680766
"1602","THAS_HUMAN",0.649766048056904,0.770355816801089,6.78139791581292e-05,8.2119073157756e-05,"time12",0.276134643623543
"1603","PPAC_HUMAN",0.000283263623714447,0.00833464839628765,1.83917589016687e-05,3.35076491690904e-05,"time12",0.865431014496423
"1604","THIL_HUMAN",0.157947674393654,0.303741615954055,0.000116044290363958,7.69440206831664e-05,"time0",-0.592794416391181
"1605","TENA_HUMAN",0.0173307934058936,0.0766549726331826,3.32385782335397e-05,6.27031039739519e-05,"time12",0.915678189374681
"1606","MYL9_HUMAN",0.18144920772142,0.324392732032339,1.53973843358467e-07,0,"time0",-Inf
"1607","RPB1_HUMAN",0.772625719825572,0.869258509044668,3.59588576682707e-06,3.6812910660015e-06,"time12",0.0338646323503688
"1608","CDK2_HUMAN",0.190917097957811,0.334925705781986,2.88482084667703e-06,1.65992134150841e-06,"time0",-0.797366848939061
"1609","CXCR1_HUMAN",0.795075751282456,0.87883896836063,4.8385471735281e-06,5.97265604757017e-06,"time12",0.303798714837158
"1610","CXCR2_HUMAN",0.206869432795255,0.351031568774449,5.86432867012571e-06,3.85056366058383e-06,"time0",-0.606896313907715
"1611","FPR2_HUMAN",0.59256103828762,0.72246725488711,1.41324558572648e-05,1.18367533991333e-05,"time0",-0.255738759880882
"1612","ARBK1_HUMAN",0.0145487249403502,0.0681564973087937,0.000156898742480216,8.84713366581784e-05,"time0",-0.826551764192372
"1613","PTAFR_HUMAN",0.00401073735022956,0.033728160269308,4.66810171752255e-06,2.27060846057973e-06,"time0",-1.03975704569229
"1614","MCM3_HUMAN",0.554113130069446,0.694735039022838,3.17797042143644e-06,1.17248157732781e-06,"time0",-1.43854044253993
"1615","ZA2G_HUMAN",0.145999491214752,0.289497335324625,0.00186128072583379,0.00149715587812344,"time0",-0.314071227781121
"1616","THTM_HUMAN",0.730341996997595,0.833301384539949,0.000151211246535872,0.000226403978795644,"time12",0.582333866241784
"1617","RS12_HUMAN",0.0420948818080113,0.134050905874278,1.93291118786018e-05,3.19471386475087e-05,"time12",0.724911370596992
"1618","TNR6_HUMAN",0.779481323802983,0.87192043497728,3.32917476621394e-06,2.90923831871838e-06,"time0",-0.194523123416157
"1619","TYY1_HUMAN",0.0246824042703588,0.0953297390790233,1.28960282514006e-05,6.26933673959073e-06,"time0",-1.04054208227399
"1620","DNJB1_HUMAN",0.0259345968604445,0.0980426247135666,2.48692301305022e-05,3.65423641104075e-05,"time12",0.555208125068867
"1621","DNJB2_HUMAN",0.414446222764492,0.572386780791985,1.48269358558176e-06,2.25756467626057e-06,"time12",0.606546839311781
"1622","ATPA_HUMAN",0.640825403854251,0.761873036867325,0.00110813691083077,0.000968582851347683,"time0",-0.194188772520468
"1623","CATS_HUMAN",0.0208498518913984,0.0854093243821853,7.62086763119366e-05,5.27239319814984e-05,"time0",-0.531497291111089
"1624","PSA1_HUMAN",0.170598395168781,0.320738578138705,0.000111943839747669,9.20579348213037e-05,"time0",-0.282161155703035
"1625","PSA2_HUMAN",0.129353076219559,0.266606599123335,0.00011098109803745,0.00013003300862886,"time12",0.228563913029507
"1626","PSA3_HUMAN",0.000460106879472733,0.0109932106953017,0.000136871654588846,0.000107468246345317,"time0",-0.348913253340088
"1627","PSA4_HUMAN",0.464545045047998,0.615785076358565,9.10638560413563e-05,8.6112730879684e-05,"time0",-0.0806520096775004
"1628","S100P_HUMAN",8.32602381706239e-07,0.00082885567098856,0.00191641126439333,0.000644553763851117,"time0",-1.57203459102263
"1629","IKBA_HUMAN",0.855132140584706,0.913870841181422,1.94362902374244e-07,2.94300077133201e-07,"time12",0.59853503924972
"1630","PTX3_HUMAN",0.762099583946506,0.857900643594511,8.43387979685156e-05,8.82857906643149e-05,"time12",0.0659847992010718
"1631","MOES_HUMAN",0.170598395168781,0.320738578138705,0.00179696764505119,0.0021043823640738,"time12",0.227832431708665
"1632","DDX6_HUMAN",0.0629428047254263,0.168817859283777,4.56087759424215e-05,6.02391810060716e-05,"time12",0.401390704318787
"1633","CTNA2_HUMAN",0.00014977513098963,0.00602635491564066,6.50080971798944e-06,2.06953545545997e-05,"time12",1.67061563369089
"1634","DNMT1_HUMAN",0.338008390645332,0.500570183399123,4.96848786839498e-06,4.96329531639829e-06,"time0",-0.00150854475140141
"1635","U2AF2_HUMAN",0.363786061284349,0.523084772280072,8.41926356924606e-05,7.56947604517077e-05,"time0",-0.153500605520941
"1636","RL13_HUMAN",0.124549383473813,0.260480905983573,5.9016383437881e-06,1.20959276011256e-05,"time12",1.03533399029455
"1637","IVD_HUMAN",0.423676936944752,0.576845758917484,4.72389106317976e-05,4.17899515867347e-05,"time0",-0.176819608069632
"1638","S10A4_HUMAN",0.0043382328003645,0.0349221893754409,0.000383264607003264,0.000250269952378468,"time0",-0.614855686770049
"1639","MGAT1_HUMAN",0.00158155459790422,0.0197540555897754,6.09196411554402e-06,1.28408436986423e-05,"time12",1.07576064801275
"1640","HMGB2_HUMAN",0.000152871012687683,0.00602635491564066,6.27994649684916e-05,0.000163001036416029,"time12",1.3760569646532
"1641","PTBP1_HUMAN",0.95152647420764,0.978726989916003,0.000182360845923793,0.000177970223793924,"time0",-0.0351601226017897
"1642","SYTC_HUMAN",0.00298700109124184,0.0283232790562393,7.06836095553456e-05,0.000107175134939305,"time12",0.600522613505456
"1643","SYVC_HUMAN",1.59777700901032e-05,0.00203053661166354,3.75622330131836e-05,7.49597803046018e-05,"time12",0.996833893293118
"1644","EF1G_HUMAN",0.00158328376710415,0.0197540555897754,0.000239411977431472,0.000320814533272409,"time12",0.422244169028522
"1645","TTP_HUMAN",0.00971619488408052,0.0552800846650958,1.55406094658445e-06,2.76209558933815e-07,"time0",-2.49220793023158
"1646","FKBP2_HUMAN",0.416129898279905,0.572386780791985,3.82388557757936e-05,4.42545384337391e-05,"time12",0.210786061333429
"1647","STOM_HUMAN",0.00761213712394238,0.0492603413231937,0.0021889347983613,0.00128623704321818,"time0",-0.767072437362117
"1648","KAD4_HUMAN",0.698152376218751,0.808935818264713,3.02573291105621e-06,3.78533722969627e-06,"time12",0.323137190443987
"1649","PON1_HUMAN",0.0497101210057736,0.148831354770669,7.04947770665443e-05,0.000102608201022149,"time12",0.541557766010712
"1650","ANX13_HUMAN",0.243933006596295,0.39517544030368,8.90739448147318e-06,1.19991572784475e-05,"time12",0.429857693266807
"1651","AOFB_HUMAN",0.000966771027487344,0.015441135842023,2.91541892711176e-06,1.96203066544528e-05,"time12",2.75057248073923
"1652","1433T_HUMAN",0.0840654782950878,0.203535914818224,0.000220607960539076,0.000255882302820322,"time12",0.213995521140515
"1653","MK03_HUMAN",0.0836559895278504,0.203535914818224,7.29746279266312e-05,5.3944677001507e-05,"time0",-0.435914341320912
"1654","MARK3_HUMAN",0.102639775576908,0.231520913716341,4.0371923766619e-06,1.36894568635827e-06,"time0",-1.56028712641853
"1655","VATL_HUMAN",0.983833581209183,1,1.15932731121585e-05,4.32914843048782e-05,"time12",1.90079532820158
"1656","CALL3_HUMAN",0.0163872206505971,0.0737367631975284,7.06652023855648e-05,0.000132453840822956,"time12",0.906417809051277
"1657","DPP4_HUMAN",0.01283373311162,0.0647911684654303,2.57725126211265e-05,5.22281101817536e-05,"time12",1.01899330659
"1658","RL10_HUMAN",0.00137721125093089,0.0184028698027074,5.00620646158437e-06,1.18202749228825e-05,"time12",1.23947389522084
"1659","RFA1_HUMAN",0.381798435002565,0.54065482509965,5.12588247643574e-05,4.26430814624373e-05,"time0",-0.265488708158125
"1660","APEX1_HUMAN",0.569857597351074,0.708673626687064,5.07975328773531e-05,5.3794677546056e-05,"time12",0.082705009141244
"1661","CD82_HUMAN",0.140283040702343,0.282889273214279,4.73375710849478e-05,3.27801302008708e-05,"time0",-0.53016409779513
"1662","DCK_HUMAN",0.0166332818542412,0.074370491456478,1.49930311429134e-05,6.15512088956287e-06,"time0",-1.2844329852718
"1663","PYR1_HUMAN",0.475495811536078,0.627005826166856,6.41960631502127e-05,5.82134274377781e-05,"time0",-0.141132864411386
"1664","CALR_HUMAN",0.109432058408856,0.237064899740731,0.00226092369517928,0.00173942421075067,"time0",-0.37830248281689
"1665","MAP4_HUMAN",0.00166169445798351,0.0203387315523269,2.04278808592866e-07,6.19708901936014e-06,"time12",4.9229792372206
"1666","CALX_HUMAN",0.427954606711865,0.58081637488979,0.00234356882971143,0.00208134630654995,"time0",-0.171190137766163
"1667","PROP_HUMAN",0.142245169384134,0.282889273214279,3.41334238366457e-06,2.30775182829923e-06,"time0",-0.564697047395854
"1668","P85A_HUMAN",0.0693168688057333,0.179856497557187,3.43114000716264e-05,2.09439891106386e-05,"time0",-0.712151743756545
"1669","AOAH_HUMAN",0.00915168885265007,0.0536965005077396,2.54983276898912e-06,0,"time0",-Inf
"1670","PSB8_HUMAN",0.935398668050766,0.971338011868433,7.63436644092004e-05,8.20508270802156e-05,"time12",0.10400944037767
"1671","PSB9_HUMAN",0.0164312124252319,0.0737367631975284,4.1923138418958e-05,6.77291106456953e-05,"time12",0.692029328895433
"1672","PSA5_HUMAN",0.170598395168781,0.320738578138705,0.000255033218283658,0.000234592173459615,"time0",-0.120530289014827
"1673","DMA_HUMAN",0.180037859873664,0.324392732032339,1.7996122195305e-05,1.92296424361448e-05,"time12",0.09564586877087
"1674","DMB_HUMAN",0.0741455311114069,0.188498483316727,6.01215029646991e-06,9.484823321833e-06,"time12",0.657739824810509
"1675","PSB4_HUMAN",0.655438425019384,0.775080917172991,0.0001338649003631,0.000111189497750503,"time0",-0.26775720606279
"1676","PSB6_HUMAN",0.74567457014152,0.845947617750294,1.25316389647415e-05,1.39984726451745e-05,"time12",0.159694313689061
"1677","PSB5_HUMAN",0.00127362695713335,0.0177328060954721,6.1629964134438e-06,1.92154650769644e-05,"time12",1.64056403810858
"1678","GSTM2_HUMAN",0.109572655541283,0.237064899740731,1.80662032092176e-05,2.24156017490437e-05,"time12",0.311209887732868
"1679","ABCD3_HUMAN",0.000141413178051261,0.00594831628521254,1.57747718585379e-05,3.30682666894185e-05,"time12",1.06782828653011
"1680","ITPI2_HUMAN",0.0149061177689913,0.0693953557554052,9.38172144675859e-06,1.6422781500162e-06,"time0",-2.51415417157127
"1681","LYOX_HUMAN",0.0184153661455575,0.0793730758610123,2.48673285713241e-06,5.03050109206048e-06,"time12",1.01645058402399
"1682","CYTD_HUMAN",0.0107248708708659,0.0582360488288018,0.000112544504447623,0.000315359985921595,"time12",1.4865040054298
"1683","NDUS1_HUMAN",0.0247860513627529,0.0953297390790233,0.000126473681725079,0.000159232759957846,"time12",0.332299979589099
"1684","MK01_HUMAN",0.931074675677839,0.97016690605071,0.000143634927201455,0.000155731943573179,"time12",0.116658291952848
"1685","GRAN_HUMAN",0.0154600031673908,0.0711970693283157,0.00606949837650636,0.00409781482540288,"time0",-0.566722495122588
"1686","RXRB_HUMAN",0.401678166469773,0.560828351641878,2.83888775570416e-06,1.59290579766792e-06,"time0",-0.833664858416228
"1687","GRN_HUMAN",0.808116066768561,0.887783201546554,1.81963150031366e-05,1.19406300712833e-05,"time0",-0.607767349678335
"1688","AMPL_HUMAN",0.0196608155965805,0.0823520698165325,0.00016493782308344,0.000228544198817856,"time12",0.470550927662396
"1689","CD38_HUMAN",0.286320596793059,0.442253148343662,1.47180528181459e-06,1.36956774803815e-05,"time12",3.21806191101571
"1690","T2EA_HUMAN",0.105645429201877,0.233106815154345,4.24827122448987e-07,2.40983933751677e-08,"time0",-4.13986700458163
"1691","TPP2_HUMAN",0.00888604785491369,0.0531827292959914,4.61113122286893e-05,6.86537384769893e-05,"time12",0.574217560830444
"1692","IMPA1_HUMAN",0.0726974142612456,0.185962165046004,2.13493432622874e-05,3.26655744031744e-05,"time12",0.613579317756781
"1693","EPHA2_HUMAN",0.03658035079467,0.121183824346403,2.2057715497397e-06,6.94956796073383e-06,"time12",1.65563991174329
"1694","PTN6_HUMAN",0.151886919513345,0.295897120108679,0.000739459158336863,0.000715054734019151,"time0",-0.0484167893539201
"1695","SHC1_HUMAN",0.0249324556028631,0.0954013820089054,2.57667055714352e-06,2.62327420697183e-07,"time0",-3.29606756835867
"1696","3MG_HUMAN",0.531552605390919,0.674806314984051,4.05088026574152e-06,3.12462263660847e-06,"time0",-0.374553478304685
"1697","RABP2_HUMAN",0.0855702311561038,0.206426086710585,1.69810730969219e-05,2.75246883117955e-05,"time12",0.696798595858708
"1698","TKT_HUMAN",0.542527938261628,0.68553403326353,0.00223954013667854,0.00210176073522762,"time0",-0.0916040801564714
"1699","CASP1_HUMAN",0.0259345968604445,0.0980426247135666,0.000105757637678137,6.84897820214637e-05,"time0",-0.62680118283451
"1700","SPB3_HUMAN",0.000554826110601426,0.012050317530131,0.000657544464158833,0.00155152128372966,"time12",1.2385231278027
"1701","PML_HUMAN",0.209789063927493,0.352977486996877,3.16179620554813e-05,2.1578940137766e-05,"time0",-0.551120373626346
"1702","TYK2_HUMAN",0.406941216918031,0.565138314031945,4.19121716704469e-07,4.33973003737914e-06,"time12",3.37216411792578
"1703","KAIN_HUMAN",0.187164007112394,0.330288380001852,2.42575913849374e-05,2.68984022438904e-05,"time12",0.149084172031516
"1704","EF1D_HUMAN",0.0174536686390638,0.0766549726331826,0.000240425303257748,0.000161725903314477,"time0",-0.572037967761006
"1705","OAS2_HUMAN",0.00056561746107459,0.0121090791935431,1.51107536489808e-05,5.75894984935801e-05,"time12",1.93023014194682
"1706","MARCS_HUMAN",0.569857597351074,0.708673626687064,6.20022370678363e-05,7.20123717508213e-05,"time12",0.21592451385743
"1707","AQP1_HUMAN",0.0166471366277099,0.074370491456478,1.75484688033924e-06,6.34536957531872e-06,"time12",1.85435904058831
"1708","GNA11_HUMAN",0.0605652313679457,0.163913061604322,6.26152989849039e-05,0.000101802290088694,"time12",0.701182912485236
"1709","AL4A1_HUMAN",0.00833890710066832,0.0515715885887802,0.000136805986250722,7.49963775356048e-05,"time0",-0.867238542388015
"1710","PBLD_HUMAN",0.00971619488408052,0.0552800846650958,3.54543407539299e-07,3.26258371637661e-06,"time12",3.2019807452802
"1711","ERP29_HUMAN",0.0174536686390638,0.0766549726331826,0.000457050539135885,0.000286165593546011,"time0",-0.675503479135083
"1712","PRDX6_HUMAN",8.85650515556336e-05,0.0047232058298375,0.000456977016399965,0.000799082238095064,"time12",0.806222379793704
"1713","BLVRB_HUMAN",0.00186400674283505,0.0217031428361671,0.000112465617772506,0.000162981837919673,"time12",0.535227187045618
"1714","PRDX5_HUMAN",0.298844147473574,0.453861238526917,0.00145705779508015,0.0018075197470695,"time12",0.310953304728776
"1715","DOPD_HUMAN",0.349211379885674,0.511109917191161,0.000108416629137134,9.41514962918844e-05,"time0",-0.203530128818017
"1716","GFRP_HUMAN",0.0296547844748976,0.106383678231417,5.1562652910022e-06,1.05055211614584e-05,"time12",1.02674933578715
"1717","PRDX3_HUMAN",0.0549216289073229,0.158553354018096,0.000573470335208508,0.000446785720663328,"time0",-0.360135781827679
"1718","ATPD_HUMAN",0.862662739174041,0.919629580775753,2.96259880563187e-05,2.97172265924712e-05,"time12",0.00443621021006053
"1719","RL12_HUMAN",0.0379099253645911,0.124210633133682,3.16871814402531e-05,5.56856664370789e-05,"time12",0.813406685383462
"1720","ECHM_HUMAN",0.612005613744259,0.738486773918073,0.000137727542163494,0.000116978748342245,"time0",-0.235570634673555
"1721","KCY_HUMAN",0.0145380161702633,0.0681564973087937,0.000106385596192366,0.000131691631789373,"time12",0.307860839890238
"1722","PEBP1_HUMAN",0.0145380161702633,0.0681564973087937,0.00010404279286634,0.00015091467581237,"time12",0.536556076853254
"1723","PDIA3_HUMAN",0.076721215620637,0.192060276991645,0.00214711464018134,0.00162032834455474,"time0",-0.40611303104874
"1724","2AAA_HUMAN",0.935398668050766,0.971338011868433,0.000407702137292672,0.000398469599829642,"time0",-0.0330458580095531
"1725","2AAB_HUMAN",0.00147982763550481,0.0189678336198932,3.27241153572623e-05,1.18597695671105e-05,"time0",-1.46427821291803
"1726","FCERG_HUMAN",0.0220988541841507,0.0891585734945483,0.000118991007693461,7.59581684668938e-05,"time0",-0.647575527104341
"1727","PPIF_HUMAN",0.488973478738848,0.638284690125489,1.31610843158921e-05,1.20205165645675e-05,"time0",-0.13077945963665
"1728","NMT1_HUMAN",0.0693168688057333,0.179856497557187,1.47186486435202e-05,1.08398495121429e-05,"time0",-0.441300491851095
"1729","HLAF_HUMAN",0.126370723502247,0.262360907709045,1.07541717336773e-05,7.30017079332323e-06,"time0",-0.558894292846236
"1730","HMOX2_HUMAN",0.488973478738848,0.638284690125489,4.83190143118045e-05,5.37657184832722e-05,"time12",0.154095565715176
"1731","PURA2_HUMAN",0.96767357736826,0.990899070396128,0.000436270039138589,0.000437857986242206,"time12",0.00524162563178677
"1732","AMRP_HUMAN",0.0941896485506643,0.222193827327456,2.69618551281571e-05,1.07439865777778e-05,"time0",-1.32739035796268
"1733","TSPO_HUMAN",0.0497101210057736,0.148831354770669,5.20141196335271e-05,6.9420653915217e-05,"time12",0.416461647746312
"1734","PUR8_HUMAN",6.93021379767296e-05,0.0040922689712742,1.60268948787297e-05,3.57727193206107e-05,"time12",1.15836485280957
"1735","CLIP1_HUMAN",0.0605300053490707,0.163913061604322,5.89433017537883e-06,1.95487151730401e-05,"time12",1.72967400893214
"1736","SORCN_HUMAN",0.700032921507955,0.810014846990898,0.0002559555914167,0.00024003922549368,"time0",-0.0926233427179762
"1737","GNA15_HUMAN",0.00694669816590924,0.046269495222962,5.96840418906581e-07,4.09925120750139e-06,"time12",2.77994325749632
"1738","GSTT1_HUMAN",0.00014831462356524,0.00602635491564066,1.47216707779501e-05,5.00192184842758e-05,"time12",1.76454110291272
"1739","ILEU_HUMAN",0.000608408823609353,0.0127409961016481,0.00638325820814532,0.00392519326964756,"time0",-0.701529315665525
"1740","AL1B1_HUMAN",0.657869068133222,0.777032221467221,7.68725745566434e-06,5.52073730784204e-06,"time0",-0.477608031607743
"1741","AL3A1_HUMAN",1.06096267700195e-05,0.00176031390825908,0.000181791241481331,0.000521954041957102,"time12",1.52164008950362
"1742","RPB2_HUMAN",0.939264810398094,0.973958102517717,7.37589819890622e-06,6.63365284667687e-06,"time0",-0.153015229267186
"1743","LCN1_HUMAN",0.529105184599757,0.674615251429108,0.00153174947987116,0.00147418149682582,"time0",-0.0552662057510127
"1744","SDHA_HUMAN",0.983833581209183,1,0.000132337269497593,0.000135360114191245,"time12",0.0325832726603945
"1745","COR1A_HUMAN",0.151886919513345,0.295897120108679,0.00118251576607049,0.00151642668557238,"time12",0.358816331269045
"1746","GDIA_HUMAN",0.502761047333479,0.651266912973947,7.63479473695034e-05,8.47011481022957e-05,"time12",0.149792154664244
"1747","S10A7_HUMAN",0.612005613744259,0.738486773918073,0.000377881956930242,0.000311787127564193,"time0",-0.277374268391699
"1748","METK2_HUMAN",3.41799820042968e-05,0.00294653025588819,4.58407988186164e-06,1.87921464057178e-05,"time12",2.03542576851324
"1749","CPSM_HUMAN",0.0755605675259413,0.191274462207852,1.12204902969418e-05,2.82811636988197e-07,"time0",-5.3101504232796
"1750","CASQ1_HUMAN",0.401678166469773,0.560828351641878,6.41932442601988e-06,9.50952649415894e-07,"time0",-2.75497606297104
"1751","SDC4_HUMAN",0.18144920772142,0.324392732032339,0,5.35726662023887e-07,"time12",Inf
"1752","FMO3_HUMAN",0.18144920772142,0.324392732032339,0,9.01284225425735e-07,"time12",Inf
"1753","DNJA1_HUMAN",7.58823816452192e-05,0.00430701632721261,5.15951552087263e-05,0.000220979789124141,"time12",2.09860691845851
"1754","AKT1_HUMAN",0.59048161734894,0.720520265663987,1.04775767476734e-05,9.67178194259294e-06,"time0",-0.115451465718983
"1755","AKT2_HUMAN",0.0546135439506891,0.158429673636458,2.49146763389184e-07,1.74779048971207e-06,"time12",2.81046451964577
"1756","IL2RG_HUMAN",0.553119859732585,0.694735039022838,5.03431384706321e-06,5.52298195429419e-06,"time12",0.133652254391055
"1757","QCR1_HUMAN",0.776568833738566,0.870906054059416,0.000409366136797823,0.000441971992550378,"time12",0.110563183929496
"1758","3HIDH_HUMAN",0.166393708806611,0.315616976506832,2.46062487442845e-05,4.93419871327399e-05,"time12",1.00379108420503
"1759","PUR9_HUMAN",0.198075799271464,0.343826430993449,0.000109834186531682,0.000103839181759598,"time0",-0.0809762512655376
"1760","ABC3A_HUMAN",0.153119966086662,0.29797151111316,4.0036947361035e-06,9.67396648798344e-06,"time12",1.27277556079439
"1761","HNRH3_HUMAN",0.0605652313679457,0.163913061604322,0.00010572587564184,7.48630605421189e-05,"time0",-0.498002574460004
"1762","HNRH1_HUMAN",0.0840654782950878,0.203535914818224,0.000583814043642107,0.000443016545357518,"time0",-0.398148335096436
"1763","CASPE_HUMAN",0.220646757632494,0.367724074592323,0.000138197133526199,0.000175038738151339,"time12",0.34094655116593
"1764","1433B_HUMAN",0.359877927228808,0.521659944304294,0.000560743439756215,0.000492362547844018,"time0",-0.18761981140442
"1765","1433S_HUMAN",0.00761213712394238,0.0492603413231937,0.000306005500070986,0.000596366020507014,"time12",0.962640474877359
"1766","STIP1_HUMAN",0.177192710340023,0.324392732032339,8.85031187353906e-05,0.000143619911621293,"time12",0.69845557993195
"1767","S10AB_HUMAN",0.124134462326765,0.260091091719384,0.00125273219758614,0.00145319381863351,"time12",0.214149098208525
"1768","FCG2B_HUMAN",0.401678166469773,0.560828351641878,6.12149279384797e-07,1.60542376349865e-06,"time12",1.39099873955519
"1769","FCG2C_HUMAN",0.833634883024682,0.902699570197702,9.92377211006293e-07,8.30466852335813e-07,"time0",-0.256966020604369
"1770","CEAM8_HUMAN",0.000797897577285767,0.014156736574442,0.00220538555008512,0.00113032208448318,"time0",-0.964296966617353
"1771","I5P2_HUMAN",0.776105215665758,0.870906054059416,4.88293888605175e-06,1.61202884478789e-06,"time0",-1.59887216267195
"1772","PRDX2_HUMAN",0.0605652313679457,0.163913061604322,5.95562073786175e-05,0.000104712177710791,"time12",0.814105443963495
"1773","ARRB2_HUMAN",0.298844147473574,0.453861238526917,9.3186214093825e-05,7.96904028229422e-05,"time0",-0.225710549532596
"1774","GLPK_HUMAN",0.0025600902736187,0.0259188011554187,1.10510742968389e-05,2.22480001482212e-05,"time12",1.00948903573002
"1775","CDD_HUMAN",0.0399559406961387,0.129374188373411,0.000113644097694739,6.30221335150246e-05,"time0",-0.850592256745523
"1776","GBP1_HUMAN",0.0184267732358614,0.0793730758610123,2.39124552049747e-05,5.19035629938189e-05,"time12",1.11807131184922
"1777","GBP2_HUMAN",0.15494303062453,0.299386384493394,7.3320600579246e-06,1.09103864052237e-05,"time12",0.573411689093041
"1778","STX2_HUMAN",0.0757566257409905,0.191274462207852,1.94017127772276e-05,3.6904116006079e-05,"time12",0.927597713848407
"1779","DSG3_HUMAN",0.0803273618221283,0.197772189679956,0.000123930255276301,0.000208114598952286,"time12",0.747849733942225
"1780","ICAM3_HUMAN",0.569857597351074,0.708673626687064,0.000115441426976471,0.000134020879713593,"time12",0.215296743852835
"1781","RL9_HUMAN",0.0220988541841507,0.0891585734945483,1.36460280305357e-05,2.61599530870943e-05,"time12",0.938878868760192
"1782","ACSL1_HUMAN",0.0364349968731403,0.120836333327744,0.000392673335774346,0.000291998515081828,"time0",-0.427368603571233
"1783","KINH_HUMAN",0.130121209757529,0.266992094085098,0.000149173628433598,0.000184944275301318,"time12",0.310098132292797
"1784","CSTF2_HUMAN",0.100000618072013,0.227011289394017,8.57783225486695e-07,2.36775033396892e-06,"time12",1.46483195634816
"1785","LSP1_HUMAN",0.529105184599757,0.674615251429108,0.000140993087163282,0.000160192219724322,"time12",0.184179650519193
"1786","DUT_HUMAN",0.353111234506006,0.51404664969641,3.86221023886306e-06,6.82124726895059e-06,"time12",0.820608861655863
"1787","MRP1_HUMAN",0.674986713970489,0.788210291797797,2.43637233377378e-06,1.44800868414156e-06,"time0",-0.750664372382479
"1788","ABCD1_HUMAN",0.740367478785491,0.843191398302016,3.4837164711055e-06,2.93551744018665e-06,"time0",-0.247012384334282
"1789","MA1A1_HUMAN",0.0561348329632786,0.160889326914426,6.14595383558991e-06,1.09249650237483e-05,"time12",0.829919825451366
"1790","MCM4_HUMAN",0.0590582290905367,0.162648302403985,4.3703254198328e-06,0,"time0",-Inf
"1791","MCM7_HUMAN",0.306556273379373,0.463677037451252,2.81339746453535e-06,1.27145471647012e-06,"time0",-1.14583330412181
"1792","GALNS_HUMAN",3.78400206654066e-05,0.00309614306074622,2.94135340798379e-05,6.83559460217085e-06,"time0",-2.10534139367934
"1793","RNAS4_HUMAN",0.982748526001329,1,3.64028751739074e-05,2.05988824415488e-05,"time0",-0.821486333456307
"1794","GLYC_HUMAN",0.00912519081377878,0.0536965005077396,1.08851816179928e-05,2.09775402495436e-05,"time12",0.946480043706204
"1795","GLYM_HUMAN",0.0024679125845843,0.0256362467264731,6.22254702881182e-05,3.75724396471089e-05,"time0",-0.727830433014427
"1796","EVI2B_HUMAN",0.0472590494900942,0.143361250687828,0.000171176139835831,0.000106720891411611,"time0",-0.681638997009777
"1797","HYES_HUMAN",0.000966848284767555,0.015441135842023,6.23340654860131e-06,2.65302717777421e-05,"time12",2.08954673985035
"1798","HSP74_HUMAN",0.000188600271940232,0.00675270395048261,8.80760057184886e-05,0.000137635844523381,"time12",0.644035291545596
"1799","GRK5_HUMAN",0.563317799720071,0.701563223045868,4.62984640218148e-06,1.30299846159483e-06,"time0",-1.82912895147431
"1800","MPI_HUMAN",0.762099583946506,0.857900643594511,3.39841294408493e-05,3.28686640166191e-05,"time0",-0.0481483486245545
"1801","TRY3_HUMAN",0.948228698996216,0.978249297709974,1.3093102777243e-05,1.10714560842896e-05,"time0",-0.241962051308375
"1802","GPC1_HUMAN",0.0121459523645502,0.0623262658706688,2.94390914919082e-06,8.65842786697924e-05,"time12",4.87830004012439
"1803","PROF2_HUMAN",0.00441385778107854,0.0352931359121581,6.47244515328935e-06,3.32777816422582e-05,"time12",2.36217652392829
"1804","CTNA1_HUMAN",0.00374443270266056,0.0325553079082846,6.43778933057594e-05,0.000134836318125957,"time12",1.06657186625688
"1805","CTNB1_HUMAN",0.0131818294192251,0.0659422672705454,6.96363498076854e-06,2.44746493027725e-05,"time12",1.81337570058462
"1806","NOS2_HUMAN",3.03836940821921e-05,0.00273536317360373,1.01758942311918e-05,8.93039862136134e-05,"time12",3.13356899321942
"1807","PHB1_HUMAN",0.0426517054438591,0.134148169397591,0.000279683451234892,0.000429768787296524,"time12",0.619765815727128
"1808","PTN7_HUMAN",0.0264042592493652,0.0985704003102865,3.00685214690733e-05,1.6870961327904e-05,"time0",-0.833711746892713
"1809","SPB6_HUMAN",0.0426517054438591,0.134148169397591,0.000271831971829224,0.000218372385912673,"time0",-0.31592471725373
"1810","MERL_HUMAN",0.208412803684149,0.351652450961983,1.49138394228042e-06,2.24908426913111e-07,"time0",-2.72924209081166
"1811","RADI_HUMAN",0.328469857573509,0.488655157979221,3.17384365110943e-05,3.88078658817681e-05,"time12",0.290118038432186
"1812","RFA3_HUMAN",0.0961015727370978,0.225546048706752,0.000102120083583645,7.52768052436471e-05,"time0",-0.439989317347516
"1813","SFTPD_HUMAN",0.105645429201877,0.233106815154345,8.57044447323875e-08,3.26072183044472e-06,"time12",5.24967753483343
"1814","RFC4_HUMAN",0.539026540991256,0.683277913697108,7.83121376774163e-06,8.7069558396005e-06,"time12",0.152932476612553
"1815","RFC2_HUMAN",0.0775561667436655,0.193529823453119,2.58326427712439e-06,8.29586900813089e-07,"time0",-1.63873022456853
"1816","RFC1_HUMAN",1,1,5.51808529664422e-07,5.01530526026901e-07,"time0",-0.137830243329929
"1817","RL22_HUMAN",0.990915712694351,1,8.76082812086592e-06,9.72461410435595e-06,"time12",0.150573754078084
"1818","SPRE_HUMAN",0.00373162660076808,0.0325553079082846,4.64676662665849e-06,1.40869755442592e-05,"time12",1.60006280441645
"1819","SPR1A_HUMAN",0.00338292225374584,0.0304769149647419,4.81621469823575e-06,1.26282441013746e-05,"time12",1.39068244162509
"1820","SPR2A_HUMAN",0.0590582290905367,0.162648302403985,0,2.12559020578229e-06,"time12",Inf
"1821","PGH2_HUMAN",0.11239768319071,0.242365112526395,4.59127737610687e-05,1.71777861060547e-05,"time0",-1.4183514810778
"1822","K1C9_HUMAN",0.529105184599757,0.674615251429108,0.00191277110010434,0.0036328981079198,"time12",0.925456665208434
"1823","SAA4_HUMAN",0.00822097132068858,0.0515715885887802,8.86216916242355e-06,1.87509002385172e-05,"time12",1.08122809107989
"1824","FBN1_HUMAN",0.108319380730004,0.236237546646293,2.49130924369052e-07,2.02073119429082e-06,"time12",3.01990140336294
"1825","FBN2_HUMAN",0.327876933144661,0.488655157979221,3.4251830463014e-06,1.78691086557581e-06,"time0",-0.938713417786959
"1826","GDE_HUMAN",0.00327413006643062,0.0297661779098784,0.000106980675146497,0.000158127879456711,"time12",0.563741537490023
"1827","MYH9_HUMAN",4.4219195842743e-06,0.00139011187773002,0.00371217152799368,0.00682324494523289,"time12",0.878194633529817
"1828","MYH10_HUMAN",0.000548902892805074,0.012050317530131,1.33064736165084e-07,8.92475366531212e-06,"time12",6.06761215483502
"1829","COPB2_HUMAN",0.289366206154227,0.445680037774038,0.000134137584382294,0.000130539858978844,"time0",-0.0392231407310512
"1830","ACTN2_HUMAN",0.0134711970182132,0.0671211407779026,5.68181343203427e-06,4.20171391830981e-07,"time0",-3.75730161815667
"1831","ADDA_HUMAN",1,1,4.64967766195255e-05,4.53949169705512e-05,"time0",-0.0345999422270792
"1832","BASI_HUMAN",0.00975043118851265,0.0552934577346026,3.01674279564909e-05,5.40407240668274e-05,"time12",0.841055305750722
"1833","FUS_HUMAN",0.59256103828762,0.72246725488711,1.92666352292053e-05,1.90350628756149e-05,"time0",-0.0174453026121311
"1834","NU214_HUMAN",0.140178878027512,0.282889273214279,1.15461514066467e-05,7.67110758541974e-06,"time0",-0.589905248885166
"1835","DEK_HUMAN",0.34262698961062,0.504937332579382,2.09012909091729e-05,1.62641625039348e-05,"time0",-0.361895513936482
"1836","ATP7B_HUMAN",1,1,4.91610413626378e-06,4.88571095758551e-07,"time0",-3.33087505588731
"1837","MYH11_HUMAN",0.0527870006322246,0.154179342188889,5.42602350004305e-07,3.01946828455406e-06,"time12",2.47632731845149
"1838","GLRX1_HUMAN",0.0879385676234961,0.210777313168195,4.33803779737405e-05,3.5585306010569e-05,"time0",-0.285760981020302
"1839","PPM1A_HUMAN",0.00324982929574922,0.0297262333591272,5.53376098472827e-06,1.3142576310421e-05,"time12",1.24791587448525
"1840","ALS_HUMAN",0.00693394760608133,0.046269495222962,7.75751532967999e-06,2.12937192385886e-05,"time12",1.45676141038253
"1841","K22E_HUMAN",0.0247860513627529,0.0953297390790233,0.00120252968467757,0.00241497766097333,"time12",1.00593733626425
"1842","HMGCL_HUMAN",0.17311531842724,0.324245154269647,5.82247371274285e-05,4.18745617169618e-05,"time0",-0.475558130515034
"1843","PRS7_HUMAN",0.745654674246907,0.845947617750294,0.00012536433674582,0.000123527118455524,"time0",-0.0212991953213023
"1844","CH3L1_HUMAN",8.30504229681877e-05,0.00450963796717259,0.000344222017600466,8.47342904710617e-05,"time0",-2.0223215539245
"1845","GGT5_HUMAN",0.201242620957724,0.345670985066878,7.07939165256098e-08,4.91429513685688e-07,"time12",2.79528720711285
"1846","ARL2_HUMAN",0.72649641480556,0.831789014562765,9.77753910462243e-06,1.34270458743318e-05,"time12",0.457598621857515
"1847","ARL3_HUMAN",0.0364349968731403,0.120836333327744,7.65982445428189e-05,0.000110549491853881,"time12",0.529309159391806
"1848","MP2K2_HUMAN",0.00493853066839029,0.0379637627828767,5.71214698270468e-05,3.05923680136486e-05,"time0",-0.90086131913653
"1849","ATPG_HUMAN",0.489846087992191,0.638284690125489,6.88373679308315e-05,7.03575121090268e-05,"time12",0.0315125335330064
"1850","VATE1_HUMAN",0.879689841684979,0.932621126088815,5.99472557419437e-05,5.99441775290117e-05,"time0",-7.40823995775309e-05
"1851","HEM6_HUMAN",0.0203643000443132,0.0849413157574599,1.05483878337041e-06,3.33542695325273e-06,"time12",1.66084892522885
"1852","RL4_HUMAN",0.0426517054438591,0.134148169397591,1.47922599813858e-05,2.8653119677257e-05,"time12",0.953849738256913
"1853","8ODP_HUMAN",0.683480902201426,0.79579560016552,7.25658875253246e-07,9.88708277822677e-07,"time12",0.446253399522783
"1854","LONM_HUMAN",0.00184731593314566,0.0217031428361671,0.000124929259952074,6.97820749980216e-05,"time0",-0.840183010847369
"1855","PGM1_HUMAN",0.00993151031434536,0.0556481342472653,0.000195168369607892,0.0002597874822507,"time12",0.412612658520814
"1856","PP1G_HUMAN",0.0426517054438591,0.134148169397591,8.10431319696836e-06,1.19823223664798e-05,"time12",0.564145718383564
"1857","TGFR1_HUMAN",0.0253698598220537,0.0965093438186659,3.03407846129936e-06,5.53598738693252e-07,"time0",-2.45434583308802
"1858","GNL1_HUMAN",1,1,1.11931155643665e-06,1.07559662780669e-06,"time0",-0.0574745240888724
"1859","SPB5_HUMAN",0.00711145624518395,0.0466777232444876,0.00018289643720511,0.000414510377723626,"time12",1.18038124975223
"1860","PEDF_HUMAN",0.370740607380867,0.530022414525112,0.000281516606984438,0.000233747816511528,"time0",-0.268267142495651
"1861","ODO2_HUMAN",0.170598395168781,0.320738578138705,8.3041688704557e-05,9.90955461196204e-05,"time12",0.254984434390122
"1862","GPX4_HUMAN",0.359877927228808,0.521659944304294,4.59990892332266e-05,5.49687578155402e-05,"time12",0.257006581142009
"1863","FHR2_HUMAN",0.0271312667497669,0.100780507646988,2.71814557192665e-06,6.83927409841683e-06,"time12",1.33122048700852
"1864","SRP14_HUMAN",0.887194808572531,0.939243990004205,3.39972234377897e-05,3.17418644492693e-05,"time0",-0.0990300544045243
"1865","TGFR2_HUMAN",0.897142487591123,0.945919166528116,1.9824364616871e-06,2.09196350857731e-06,"time12",0.0775830585727987
"1866","NUP62_HUMAN",0.0629428047254263,0.168817859283777,3.10562673490555e-05,1.81862143804124e-05,"time0",-0.772039178062738
"1867","HPCL1_HUMAN",0.104859011490775,0.233106815154345,4.01783131716368e-05,2.54349786112423e-05,"time0",-0.659603114866776
"1868","FDFT_HUMAN",0.00244846338142052,0.0256362467264731,6.94897204804192e-07,3.49670906485619e-06,"time12",2.33112628228658
"1869","TAGL2_HUMAN",0.515848442912102,0.664330045173347,0.000296146965873294,0.000333208299384349,"time12",0.170111029766075
"1870","TALDO_HUMAN",0.00993151031434536,0.0556481342472653,0.000949392363802144,0.000690176778918353,"time0",-0.46003851092068
"1871","SYUA_HUMAN",0.100348246462291,0.227011289394017,0,1.06628136040986e-05,"time12",Inf
"1872","ETFB_HUMAN",0.0549216289073229,0.158553354018096,0.000134008843472647,9.22859599356977e-05,"time0",-0.538145126653758
"1873","RBMX_HUMAN",0.159870249540004,0.306478176533698,5.08270832288472e-05,3.19972702174315e-05,"time0",-0.667648612687603
"1874","LICH_HUMAN",0.0670976664245173,0.175316868571147,3.25956009696676e-06,9.98489780317187e-06,"time12",1.61507038690251
"1875","VATA_HUMAN",0.807830415666103,0.887632647677269,0.000247577526193912,0.000235329058615943,"time0",-0.0732008834367581
"1876","GRP75_HUMAN",0.542527938261628,0.68553403326353,0.00042176143270056,0.000373769896182754,"time0",-0.174276798624303
"1877","IF4A3_HUMAN",0.109432058408856,0.237064899740731,8.0389697082712e-05,9.95470727053469e-05,"time12",0.308368278146646
"1878","RS19_HUMAN",0.0208498518913984,0.0854093243821853,9.68419125647089e-06,3.19286302220402e-05,"time12",1.72114718380507
"1879","RL3_HUMAN",0.000460106879472733,0.0109932106953017,2.30189608130168e-05,5.08919386648781e-05,"time12",1.14461444530517
"1880","COFA1_HUMAN",0.932646638965876,0.97016690605071,6.72472746335442e-07,6.86419353640295e-07,"time12",0.0296144303191583
"1881","COIA1_HUMAN",0.833935414088552,0.902699570197702,5.44351798834084e-07,9.07002919350422e-07,"time12",0.73656786933769
"1882","MPV17_HUMAN",0.100348246462291,0.227011289394017,0,4.4302785832908e-07,"time12",Inf
"1883","OST48_HUMAN",0.00870546326041222,0.0526593658443959,0.000218697114954985,0.000156038457106411,"time0",-0.487032550214128
"1884","AN32A_HUMAN",0.338741784915328,0.500570183399123,4.81492635330228e-05,4.8403289870675e-05,"time12",0.00759137630781087
"1885","FEN1_HUMAN",0.168304853187399,0.318128129141878,3.28246858577168e-05,2.27177249890295e-05,"time0",-0.530962837239341
"1886","MMP12_HUMAN",1,1,8.89958059579044e-07,9.00318325204211e-07,"time12",0.0166978359542184
"1887","CAPG_HUMAN",0.0081429798156023,0.0512518634758615,0.000289687928505765,0.000355858225102478,"time12",0.296803014205873
"1888","CAP2_HUMAN",0.0440109840129515,0.136915420577791,3.58339005171253e-07,3.31893632234988e-06,"time12",3.21132395545565
"1889","IL6RB_HUMAN",0.208412803684149,0.351652450961983,9.26773707248727e-06,1.76557562714294e-05,"time12",0.92984959885425
"1890","CEAM3_HUMAN",0.00558137716997927,0.0409049887561794,9.10913342247355e-06,3.91359747866764e-06,"time0",-1.21881843338842
"1891","CEAM6_HUMAN",0.0549216289073229,0.158553354018096,0.00168786661209121,0.00117622838163311,"time0",-0.521032688607436
"1892","TXLNA_HUMAN",0.787406490666269,0.875335747022078,3.72001683540887e-07,2.1337305671659e-07,"time0",-0.801931136400905
"1893","TCPZ_HUMAN",0.134735083207488,0.273918533695822,0.000174865733288062,0.00020712971012105,"time12",0.244286898398076
"1894","NNMT_HUMAN",0.201242620957724,0.345670985066878,5.66813927804877e-07,2.86713916640165e-07,"time0",-0.98326327631495
"1895","PSB10_HUMAN",0.01283373311162,0.0647911684654303,2.89217932714995e-05,4.86184692674765e-05,"time12",0.74934746326462
"1896","ADH7_HUMAN",0.0105982609093189,0.0578602989636777,6.4654951595003e-05,0.000131498935913938,"time12",1.0242183572337
"1897","RL13A_HUMAN",0.96526282458649,0.98986647057601,3.18925226576325e-06,3.12819656110271e-06,"time0",-0.0278870497923155
"1898","ARL1_HUMAN",0.845699205144763,0.909991236233052,3.17428441243682e-05,3.04334983737591e-05,"time0",-0.0607712146495295
"1899","STAT3_HUMAN",0.0163872206505971,0.0737367631975284,0.000270218814580066,0.000173831739664314,"time0",-0.636436603354838
"1900","UBP8_HUMAN",0.251380608779173,0.404927069721939,2.38231798906985e-06,3.87433339498396e-06,"time12",0.701582111059256
"1901","PEX19_HUMAN",0.384879266166369,0.544243337313382,2.46001838679095e-06,3.59932309975018e-06,"time12",0.549056515538872
"1902","MDHC_HUMAN",0.280086781829596,0.435732003546966,0.000189789943243592,0.000275534980224096,"time12",0.537831938509673
"1903","MDHM_HUMAN",0.919296527281404,0.96214441167896,0.000449263082480048,0.000457653971422681,"time12",0.0266966846582661
"1904","RFC5_HUMAN",0.0169675630125841,0.0754633312540319,7.83273471825223e-06,3.73209112424404e-06,"time0",-1.06953188546407
"1905","RFC3_HUMAN",0.280712665268496,0.435732003546966,7.25902415322142e-07,2.58039612402758e-07,"time0",-1.49218306163654
"1906","ECHA_HUMAN",0.393050180748105,0.553702698490687,0.000714605297365122,0.000619784444070033,"time0",-0.205380063384853
"1907","IF2G_HUMAN",0.000118634992949838,0.00543668772605023,6.15754551545718e-06,1.50017366036055e-05,"time12",1.28470222499816
"1908","CETN2_HUMAN",0.0110916596440246,0.0598723899252309,1.02151801309441e-05,3.39382660404526e-05,"time12",1.73219821291858
"1909","ETV6_HUMAN",0.045446946073126,0.139386615887903,6.98709006609339e-06,7.49254168136971e-07,"time0",-3.22116462758987
"1910","EIF2D_HUMAN",0.798272981372542,0.881183610744445,1.6691148680408e-06,1.80542177020767e-06,"time12",0.113252664966251
"1911","MNDA_HUMAN",0.076721215620637,0.192060276991645,0.00154033730337622,0.00115733383954133,"time0",-0.412441229085294
"1912","BUD31_HUMAN",0.297073591495103,0.453004994128223,4.58099035358869e-06,3.22509546642499e-06,"time0",-0.506317658355698
"1913","UBA7_HUMAN",0.0420948818080113,0.134050905874278,9.73036339537e-05,5.95604356871094e-05,"time0",-0.708139378341339
"1914","NAA10_HUMAN",0.0503711797584523,0.150433528348618,1.05829341652009e-06,2.50378689748519e-06,"time12",1.24237210023861
"1915","KDM5C_HUMAN",0.0224942712224497,0.0893339641035185,0.000175589940179494,0,"time0",-Inf
"1916","IPP2_HUMAN",0.12417472567758,0.260091091719384,7.34404068947423e-07,1.73665501318226e-06,"time12",1.24166523378932
"1917","CSK_HUMAN",0.00145747698843479,0.0189678336198932,0.000218166489014693,0.000131877393293551,"time0",-0.726232240773024
"1918","GARS_HUMAN",0.000183425375022136,0.00675270395048261,5.80957229650131e-05,8.77654138325196e-05,"time12",0.59522056586865
"1919","SYIC_HUMAN",0.0277414377778769,0.10228370854769,8.1046834841873e-05,0.000111442578638751,"time12",0.45947279581246
"1920","M3K8_HUMAN",0.167253563317042,0.316642007509569,2.37129777222088e-06,1.37253354165153e-06,"time0",-0.788835432594867
"1921","FOLR3_HUMAN",0.0934924836898357,0.221073081979172,3.28660359524747e-05,8.2504084514006e-07,"time0",-5.31598810559257
"1922","KPCI_HUMAN",0.0590582290905367,0.162648302403985,0,1.02704894574806e-06,"time12",Inf
"1923","ACTY_HUMAN",0.0018816740497682,0.021866223928532,2.1819495598684e-05,4.11576071356576e-05,"time12",0.91554135648187
"1924","ECI1_HUMAN",0.935398668050766,0.971338011868433,5.1922117858918e-05,5.13355030420529e-05,"time0",-0.0163923085724314
"1925","LAP2A_HUMAN",0.544880281339637,0.686763013387139,3.22237280077374e-05,3.02991623767472e-05,"time0",-0.0888455002815613
"1926","LAP2B_HUMAN",0.0287678605974676,0.105113236503366,3.66579228687037e-06,1.29723982990057e-06,"time0",-1.49867981593545
"1927","STAT1_HUMAN",0.289366206154227,0.445680037774038,0.000221912535154846,0.000199852066749564,"time0",-0.151058670913318
"1928","STAT6_HUMAN",0.488973478738848,0.638284690125489,4.65449445400958e-05,4.09165993510979e-05,"time0",-0.185938233366918
"1929","STA5A_HUMAN",0.501155479478209,0.651266912973947,8.7967323778652e-06,6.68669679530194e-06,"time0",-0.395674021173083
"1930","MTREX_HUMAN",0.064910217801352,0.172314991523323,1.44977921709443e-06,2.71342674414436e-06,"time12",0.90428274709264
"1931","AK1C3_HUMAN",3.790482878685e-06,0.00133179730790503,2.54204310015327e-05,6.59255712904813e-05,"time12",1.37484967675194
"1932","RHG25_HUMAN",0.00930112227797508,0.0537765548682325,0.000162112640997389,7.49623044296932e-05,"time0",-1.11275938279945
"1933","PK3CB_HUMAN",0.0653498710569671,0.173097463336259,3.7509352108851e-06,7.12330594167466e-06,"time12",0.92529661064963
"1934","MTOR_HUMAN",0.214590021312922,0.359435276865418,1.03311856418435e-05,1.4641419473893e-05,"time12",0.503049596259466
"1935","PI4KA_HUMAN",0.250161630977729,0.403514831712119,1.2794201878776e-05,2.11994497223873e-05,"time12",0.728536664266111
"1936","HUTH_HUMAN",0.15063055879143,0.294905756356278,2.12820672533264e-06,4.38005893940373e-06,"time12",1.04131198813422
"1937","EPS15_HUMAN",0.251782879113893,0.404927069721939,4.00426136039981e-05,2.46049165001491e-05,"time0",-0.702589522256107
"1938","CASP3_HUMAN",0.0136996070581088,0.0676821777982499,1.69099644870763e-05,9.35630544623572e-06,"time0",-0.853862764082499
"1939","RS27_HUMAN",0.00914161094515548,0.0536965005077396,1.58493742567038e-05,3.10373104840596e-05,"time12",0.969577664255912
"1940","FRK_HUMAN",0.00577649287879467,0.0414699422656738,3.75688199116968e-05,6.75552685609319e-05,"time12",0.84653248847866
"1941","LPPRC_HUMAN",0.823576943948865,0.899221475873808,0.000307961120429463,0.000174134709086005,"time0",-0.822544430375914
"1942","THIM_HUMAN",0.931074675677839,0.97016690605071,6.84947454296909e-05,6.69713745101011e-05,"time0",-0.0324487380510848
"1943","WASP_HUMAN",0.761065473780036,0.857900643594511,0.000101256517932406,3.95089830269222e-05,"time0",-1.35776216148054
"1944","PCP_HUMAN",0.0027663204818964,0.0270429332870167,8.59778838447739e-05,5.28880390571711e-05,"time0",-0.701024116802286
"1945","HD_HUMAN",0.0633713713127705,0.169625963551309,8.2973592842723e-06,1.50598993290507e-05,"time12",0.859987963237314
"1946","ECE1_HUMAN",0.834802747504781,0.903311016457619,3.32143507720397e-06,3.44242799220799e-06,"time12",0.0516197618702484
"1947","MTHR_HUMAN",0.84451926747294,0.909991236233052,7.01140937689762e-07,1.01522249740345e-06,"time12",0.534019567464818
"1948","EAA2_HUMAN",0.0590582290905367,0.162648302403985,0,2.48643794001793e-06,"time12",Inf
"1949","LIS1_HUMAN",0.489846087992191,0.638284690125489,5.35178509357676e-05,5.75432505926773e-05,"time12",0.10462653633903
"1950","CACP_HUMAN",0.50881275927407,0.657822210204333,9.7925722112397e-06,8.23975944229707e-06,"time0",-0.249085642863413
"1951","MATR3_HUMAN",0.655438425019384,0.775080917172991,7.55174067405048e-05,6.45962109476555e-05,"time0",-0.225359681045884
"1952","MSH2_HUMAN",0.34262698961062,0.504937332579382,7.01890027355352e-06,7.21323806212974e-06,"time12",0.0394020328712761
"1953","GRK6_HUMAN",0.00930112227797508,0.0537765548682325,0.000165498588914544,0.000102872406054136,"time0",-0.685962862983606
"1954","BTD_HUMAN",0.0497101210057736,0.148831354770669,1.78100624925497e-05,2.37327365519546e-05,"time12",0.414185884414026
"1955","GPDM_HUMAN",0.439966766163707,0.594014804316415,0.000373881130415576,0.000409046630701346,"time12",0.129685656637384
"1956","SSRA_HUMAN",0.000729601830244065,0.0135896747479633,0.000131445180626848,8.46710724991972e-05,"time0",-0.634520178808207
"1957","AL3B1_HUMAN",0.00134060345590115,0.0183236257256237,0.00047155271057439,0.00107344733543995,"time12",1.18676046191575
"1958","PTN9_HUMAN",0.838463781922464,0.905959509664051,1.34777190904454e-06,8.5381944328074e-07,"time0",-0.658573440550865
"1959","ZAP70_HUMAN",0.572081696065726,0.71055187577471,1.24551333090662e-05,2.8048581763189e-05,"time12",1.1711873618149
"1960","KSYK_HUMAN",0.000554826110601426,0.012050317530131,0.000428379390567103,0.000205177670879582,"time0",-1.06201533980474
"1961","RANG_HUMAN",0.515848442912102,0.664330045173347,5.43688775391052e-05,4.33695205440436e-05,"time0",-0.326099549496218
"1962","NAMPT_HUMAN",0.0666647087782622,0.174490931434075,0.00183298475943029,0.00144065060713506,"time0",-0.347474301224083
"1963","AFAM_HUMAN",0.959488114545013,0.985389014473412,2.62069172404597e-05,2.47561358008729e-05,"time0",-0.0821615161876457
"1964","PRS6B_HUMAN",1,1,8.16455869560252e-05,7.77304994501323e-05,"time0",-0.0708941222879106
"1965","EFTS_HUMAN",0.039962393696458,0.129374188373411,1.69806997195215e-05,1.13153036744396e-05,"time0",-0.585620605446314
"1966","ABCG1_HUMAN",0.201242620957724,0.345670985066878,3.46659150806293e-06,6.93149716650832e-08,"time0",-5.64420703333734
"1967","PPIC_HUMAN",0.0914054885965148,0.217689387315384,6.84503314753816e-06,9.12553313693153e-06,"time12",0.414851319418972
"1968","VDAC2_HUMAN",0.452164342626929,0.603795577578951,0.000252696815358584,0.000262997606811782,"time12",0.0576421888832903
"1969","ACDSB_HUMAN",0.556121263043222,0.69514031573096,1.99626507164792e-05,1.72707103569347e-05,"time0",-0.2089758767261
"1970","CBX5_HUMAN",0.833935414088552,0.902699570197702,8.93930032688007e-07,2.39758381740237e-06,"time12",1.42334742930917
"1971","UBP5_HUMAN",0.404494503512979,0.563180808737301,0.000162549266772775,0.000147455039351234,"time0",-0.140601920252644
"1972","MK09_HUMAN",0.29450739368011,0.449665813510046,5.10610054398349e-07,2.70185312476919e-07,"time0",-0.918272695503764
"1973","MP2K4_HUMAN",0.0163872206505971,0.0737367631975284,4.38140663161297e-05,2.47791203934721e-05,"time0",-0.822269139427685
"1974","KPB2_HUMAN",0.573977560740548,0.712018270052605,4.09792957299803e-05,4.25687857295459e-05,"time12",0.0549007475606947
"1975","RAGP1_HUMAN",0.919080601875762,0.96214441167896,1.35941022353454e-05,1.34018041691912e-05,"time0",-0.0205536465166388
"1976","RECQ1_HUMAN",0.00704628208611533,0.0465569058632377,1.76544371194586e-06,6.34797713259172e-06,"time12",1.84626610709371
"1977","NOP2_HUMAN",0.589638551626567,0.719932761419764,9.72692385614367e-07,4.66753871315941e-07,"time0",-1.05932163581144
"1978","ATRX_HUMAN",0.556298461274735,0.69514031573096,1.47814862130036e-06,1.13258575458673e-06,"time0",-0.384171044223824
"1979","CRK_HUMAN",0.446096222327149,0.599175339770645,6.2151120458808e-06,5.33233995171956e-06,"time0",-0.221011641142504
"1980","CRKL_HUMAN",0.0384184177964926,0.124917370440093,9.51810994549885e-05,5.61873299088882e-05,"time0",-0.760430276153512
"1981","IF2M_HUMAN",0.112594551560966,0.242614450387319,3.80658602172715e-06,2.00484295619942e-06,"time0",-0.925008449181123
"1982","BAG6_HUMAN",0.583757072687149,0.719374937966459,3.11461918557514e-05,2.96878435170141e-05,"time0",-0.0691834785683433
"1983","NSF_HUMAN",0.0174536686390638,0.0766549726331826,0.00032481344860478,0.000222165607764207,"time0",-0.547975868905242
"1984","NOTC1_HUMAN",0.755657737671463,0.854675945296658,3.83439111087151e-06,8.39668781995612e-06,"time12",1.13082285021471
"1985","MP2K3_HUMAN",0.0105982609093189,0.0578602989636777,0.000206910528314042,0.000113918052037795,"time0",-0.861010674309738
"1986","BRCC3_HUMAN",0.411258108705695,0.568884827072514,1.03665294912262e-05,1.26803946558107e-05,"time12",0.290666658364431
"1987","RL27A_HUMAN",0.00466480478644371,0.0366616828808267,1.47237605437592e-05,2.80592585114428e-05,"time12",0.930330692969307
"1988","RL5_HUMAN",0.000938475173118089,0.0154179762251497,1.73791409976139e-05,5.20867925472554e-05,"time12",1.58356082457262
"1989","RL21_HUMAN",0.0503711797584523,0.150433528348618,1.13138768274542e-06,2.93306146615133e-06,"time12",1.37431393521221
"1990","RL28_HUMAN",0.00109162812494216,0.0165885874294548,6.51645709098523e-07,5.1990457442795e-06,"time12",2.99608713989595
"1991","RS9_HUMAN",0.00159408250364503,0.0197540555897754,2.12859247776134e-05,4.39655649786139e-05,"time12",1.04647423810504
"1992","RS5_HUMAN",0.159870249540004,0.306478176533698,1.45416968499424e-05,1.66141539806996e-05,"time12",0.192217205446171
"1993","RS10_HUMAN",0.0803273618221283,0.197772189679956,4.02495205322416e-05,4.8084769621933e-05,"time12",0.256608409485572
"1994","MAP1B_HUMAN",0.123534253752569,0.259904930491052,4.03769203677091e-07,1.60351413404848e-06,"time12",1.98963428775138
"1995","GNPI1_HUMAN",0.00833890710066832,0.0515715885887802,2.90375925004275e-05,5.25975371472948e-05,"time12",0.857073402838712
"1996","NEDD4_HUMAN",0.0570612037794071,0.162648302403985,2.56502868665099e-05,1.57315945298324e-05,"time0",-0.705310053190401
"1997","YAP1_HUMAN",0.18144920772142,0.324392732032339,0,4.02400341525627e-07,"time12",Inf
"1998","UTRN_HUMAN",0.00501261278986931,0.038237977259118,5.04549489612202e-05,1.70374643669228e-05,"time0",-1.56628514581571
"1999","IQGA1_HUMAN",0.0698929112404585,0.180488698157916,0.00262531690867751,0.00313889924511365,"time12",0.257767136213116
"2000","GLYG_HUMAN",0.0136632416397333,0.0676821777982499,0.000133417581692503,0.000216167882113685,"time12",0.696203389042548
"2001","STT3A_HUMAN",0.0128945622490896,0.0647911684654303,5.7797274937454e-05,3.62529436246284e-05,"time0",-0.672903331060797
"2002","MSS4_HUMAN",3.06829621013645e-05,0.00273536317360373,1.23690030546246e-05,6.40504356545051e-06,"time0",-0.9494489347933
"2003","PA24A_HUMAN",0.485924404659121,0.63663664598134,2.99939704483615e-06,2.60987551043732e-06,"time0",-0.200691518725228
"2004","CAZA2_HUMAN",2.76230275630951e-06,0.00126917187411052,0.000113949281734408,0.00017697362591972,"time12",0.635142543147273
"2005","CAPZB_HUMAN",7.05681741237641e-05,0.0040922689712742,0.000244719474296544,0.000343889865464353,"time12",0.4908176870115
"2006","IF1AX_HUMAN",0.0173807792217701,0.0766549726331826,8.73494358100891e-06,1.40807905911915e-05,"time12",0.688858049025658
"2007","AL1A3_HUMAN",0.026115521593656,0.0984081544880592,7.13201377158434e-06,1.31918105183265e-05,"time12",0.887261187911234
"2008","SYQ_HUMAN",0.0660665167137393,0.174092559832174,4.69271125379093e-05,5.88299135922555e-05,"time12",0.326128224324169
"2009","LEG7_HUMAN",0.0247860513627529,0.0953297390790233,0.000210298015916196,0.000416099625081901,"time12",0.984493749631128
"2010","UCRI_HUMAN",0.0426517054438591,0.134148169397591,9.89552923109125e-05,0.000207420161308791,"time12",1.06770735897425
"2011","XDH_HUMAN",0.308063229907199,0.46536714017089,1.03139974710386e-05,3.80673453925892e-06,"time0",-1.43797772400643
"2012","ATPO_HUMAN",0.0359537135054337,0.120434953431175,0.000101157477126305,6.54219947500129e-05,"time0",-0.628755307947364
"2013","LIMS1_HUMAN",0.393721713810765,0.554254017579943,1.96394781434888e-05,1.32415342390199e-05,"time0",-0.568686304507442
"2014","GLIP1_HUMAN",0.124275904196739,0.260091091719384,1.27690602608494e-05,7.95519106680746e-06,"time0",-0.682683867229356
"2015","PPCE_HUMAN",6.28661364316941e-05,0.0039526256095422,4.22259507620929e-05,8.20271764324629e-05,"time12",0.957972061171618
"2016","MAOX_HUMAN",0.00130769480810927,0.0181226475379042,3.42516047480133e-06,1.29581809530604e-05,"time12",1.9196197218385
"2017","PI42A_HUMAN",0.029325857758522,0.105966937925984,4.98440367026725e-05,8.61469775223253e-05,"time12",0.789379268034912
"2018","COPD_HUMAN",0.198075799271464,0.343826430993449,0.000138322814841555,0.000118536411343139,"time0",-0.222708846857964
"2019","LSS_HUMAN",0.164435977044947,0.312894581360136,2.81786376717704e-06,4.3062265563507e-06,"time12",0.611822359017715
"2020","PP2BC_HUMAN",0.0069795438131406,0.046269495222962,1.09321907173176e-06,6.48354717393586e-06,"time12",2.56820079948458
"2021","GSH1_HUMAN",0.000432096489121123,0.010753801373002,1.54009631674579e-05,3.64244779639551e-05,"time12",1.2418877166486
"2022","GSH0_HUMAN",0.00118079027619512,0.0171145294994228,0.000136612397138298,5.65888911481303e-05,"time0",-1.27149763614044
"2023","TPC10_HUMAN",0.931074675677839,0.97016690605071,1.53073613418915e-05,1.41497384163943e-05,"time0",-0.113450232373107
"2024","PSMD8_HUMAN",0.0219022201706537,0.0889340320049725,2.5763369804908e-05,3.6521741190951e-05,"time12",0.503434240267309
"2025","SPB4_HUMAN",0.000554826110601426,0.012050317530131,4.10474916004158e-05,6.1037348040884e-05,"time12",0.572398219074369
"2026","SPB10_HUMAN",0.000460106879472733,0.0109932106953017,0.000333998749401395,0.000195941316564445,"time0",-0.769421061649987
"2027","GSHB_HUMAN",0.029325857758522,0.105966937925984,3.99021572098281e-05,3.37320953343069e-05,"time0",-0.242344807306198
"2028","TCPE_HUMAN",0.000283263623714447,0.00833464839628765,9.00820474714618e-05,0.000158042539402576,"time12",0.811001408745995
"2029","PTSS1_HUMAN",0.338495154510859,0.500570183399123,9.78499794809103e-06,7.20190904870938e-06,"time0",-0.442192168147875
"2030","K2C6C_HUMAN",0.00481471892420259,0.0374457241331538,1.19589531594133e-05,2.72825399265867e-05,"time12",1.18988685429509
"2031","HSP13_HUMAN",0.130121209757529,0.266992094085098,1.5491566631565e-05,2.36880597575211e-05,"time12",0.612676986690507
"2032","GCST_HUMAN",0.41849223344682,0.572386780791985,6.70670168087173e-07,2.09640486049235e-07,"time0",-1.67768607235536
"2033","KC1A_HUMAN",0.00229702814267343,0.0249745094267465,9.31130143505749e-06,2.26228235752128e-05,"time12",1.28072427303079
"2034","KC1D_HUMAN",0.29450739368011,0.449665813510046,1.5829237567846e-07,5.63185775185137e-07,"time12",1.83101912698157
"2035","IDHP_HUMAN",0.0185294803231955,0.0793730758610123,0.00121844826925991,0.000908880499560694,"time0",-0.422882475807541
"2036","PK3CG_HUMAN",0.212932853028178,0.357260654813851,2.44239330246006e-05,1.58084762354622e-05,"time0",-0.627597224154229
"2037","PIPNB_HUMAN",0.289355352877528,0.445680037774038,2.96382154323339e-05,3.81238549725972e-05,"time12",0.363235424600757
"2038","MASP1_HUMAN",0.234811289315166,0.384148954006981,6.29859399712447e-07,1.10643528789815e-06,"time12",0.812817350434039
"2039","SL9A3_HUMAN",0.064910217801352,0.172314991523323,1.96015145997649e-06,1.03079696253783e-05,"time12",2.39472315098523
"2040","AGRE5_HUMAN",0.00327413006643062,0.0297661779098784,0.000298058913960777,0.000131937084811067,"time0",-1.17574738660766
"2041","MRP_HUMAN",0.104062335152663,0.233106815154345,1.08702424721057e-05,5.13458648936817e-06,"time0",-1.08206412172909
"2042","PAXI_HUMAN",0.0024679125845843,0.0256362467264731,6.94964022379276e-05,3.40647291112902e-05,"time0",-1.02865955858392
"2043","NR2C2_HUMAN",1,1,3.16076255421619e-07,3.74129805336486e-07,"time12",0.24326624405223
"2044","MAPK2_HUMAN",0.00946503425447148,0.0544125597708933,4.85477778812992e-05,2.74113500121231e-05,"time0",-0.824631879611854
"2045","DNSL1_HUMAN",7.74643581787818e-05,0.00430701632721261,6.06981823155738e-06,1.90859807279113e-05,"time12",1.65278810205032
"2046","AL9A1_HUMAN",0.0196608155965805,0.0823520698165325,7.94298810184626e-05,0.00012201729508083,"time12",0.619331906673569
"2047","RPIA_HUMAN",0.0114090312853776,0.0604132481095391,3.69147869922799e-05,2.65548766115481e-05,"time0",-0.475222007925878
"2048","LMAN1_HUMAN",0.640825403854251,0.761873036867325,0.000194328151242367,0.000187663085288242,"time0",-0.050350021967243
"2049","NASP_HUMAN",0.0559184385447842,0.160407567065284,5.18174114581244e-06,2.47801723712646e-06,"time0",-1.06425072447881
"2050","FAS_HUMAN",0.0629428047254263,0.168817859283777,0.000131071947338712,0.000200263703547439,"time12",0.61154202012119
"2051","FNTA_HUMAN",0.147406160559365,0.291445546845775,5.92500106381134e-05,4.84881504098071e-05,"time0",-0.289183190148306
"2052","FNTB_HUMAN",1,1,5.65736511734185e-07,5.43516629836547e-07,"time0",-0.0578061055367562
"2053","DHYS_HUMAN",0.949944493522,0.978726989916003,1.28798170933339e-06,1.08399407159394e-06,"time0",-0.24875523928512
"2054","TCPG_HUMAN",5.59259206056596e-05,0.00367082993162203,0.000157112694899869,0.000243828941637042,"time12",0.634069622060887
"2055","RM19_HUMAN",0.195538859103995,0.341307307255454,9.51897616290885e-07,1.49052989264201e-06,"time12",0.646946994584381
"2056","ARRB1_HUMAN",0.0097927288917192,0.0552934577346026,2.70073810438807e-06,7.45673641514823e-06,"time12",1.46519059944119
"2057","EFTU_HUMAN",0.935398668050766,0.971338011868433,0.000396484846315332,0.000407955798875902,"time12",0.0411471207369714
"2058","AL7A1_HUMAN",1.25454578144304e-05,0.00192138511604084,1.55519018110999e-05,4.82599551400323e-05,"time12",1.63373555905194
"2059","INPP_HUMAN",0.576912758071685,0.715065346329566,1.53206856071683e-05,1.64895143091319e-05,"time12",0.106068045577622
"2060","SRP09_HUMAN",0.244946429505944,0.395529879275211,1.09521041750118e-05,1.42991988427075e-05,"time12",0.384726243266568
"2061","PCY1A_HUMAN",0.387078282608515,0.546318190458568,3.1173655433492e-05,2.7347071448176e-05,"time0",-0.188940990288801
"2062","SYAC_HUMAN",0.913903671752854,0.959192279605791,9.54319550722944e-05,9.74499439714751e-05,"time12",0.0301889272534879
"2063","SYCC_HUMAN",0.00229702814267343,0.0249745094267465,1.57247082052945e-05,3.00490479056564e-05,"time12",0.934286034276142
"2064","SYHM_HUMAN",0.589638551626567,0.719932761419764,7.86251936376625e-07,2.57903563713911e-07,"time0",-1.60815995661839
"2065","SYSC_HUMAN",0.0635564886033535,0.169625963551309,5.06948223480844e-05,6.73552361905504e-05,"time12",0.409951698132358
"2066","PPM1F_HUMAN",0.542158978111429,0.68553403326353,1.05281728289007e-05,7.90140201851682e-06,"time0",-0.414074505662858
"2067","DGKG_HUMAN",0.18144920772142,0.324392732032339,0,4.3317231312455e-07,"time12",Inf
"2068","MA2A2_HUMAN",0.446872820710831,0.599409691916863,7.42264901216423e-07,4.2678586722071e-07,"time0",-0.798421748188222
"2069","CASP4_HUMAN",0.5462142100259,0.687718692345004,1.98423505089662e-05,1.69790881333897e-05,"time0",-0.224823955711835
"2070","CTCF_HUMAN",0.674986713970489,0.788210291797797,4.11851609958219e-07,2.48395813286418e-07,"time0",-0.729483771206029
"2071","PSB3_HUMAN",0.00577649287879467,0.0414699422656738,8.23391607606716e-05,0.000121546823895222,"time12",0.561861545991247
"2072","PSB2_HUMAN",0.477106481790543,0.627005826166856,4.67447448207422e-05,6.1961568240229e-05,"time12",0.406569476864398
"2073","MCM2_HUMAN",0.0580240199462214,0.162648302403985,2.94582946531763e-06,6.12549347298085e-07,"time0",-2.26577593669209
"2074","COMP_HUMAN",0.0360316862182336,0.120434953431175,0,2.69563833510785e-06,"time12",Inf
"2075","ACADV_HUMAN",0.0497101210057736,0.148831354770669,0.000444611409137071,0.000350836187665884,"time0",-0.341747404737705
"2076","YLPM1_HUMAN",0.138683310508103,0.281370724750305,4.71457235207648e-06,2.07916555092777e-06,"time0",-1.18112227777598
"2077","ACOT2_HUMAN",0.000652269924089163,0.0129684755451225,5.23431696733e-06,1.88425288352299e-05,"time12",1.84791940502939
"2078","VPS41_HUMAN",0.153542058637839,0.298118887420557,3.3424233324019e-05,2.4206215205489e-05,"time0",-0.465516946055731
"2079","TMEDA_HUMAN",0.464545045047998,0.615785076358565,0.000272505775378613,0.000372051044315096,"time12",0.449213762336166
"2080","RBM25_HUMAN",0.00583088709224187,0.041710046229893,1.31314498777308e-05,3.17851667180401e-06,"time0",-2.04660065603976
"2081","NUMB_HUMAN",0.00528069506009683,0.0393286678228907,2.26797682843445e-05,1.17813233184756e-05,"time0",-0.944904303860555
"2082","PSN1_HUMAN",0.741259697119932,0.843191398302016,9.02265765295984e-06,8.33310740353531e-06,"time0",-0.114697871775776
"2083","EI2BB_HUMAN",0.819193975209287,0.896947817448827,8.35640946816236e-06,9.04363377177265e-06,"time12",0.114019383433557
"2084","HINT1_HUMAN",0.000344958156347275,0.00936561394482852,2.83977825819373e-05,4.70620146486048e-05,"time12",0.728784798878204
"2085","TIG1_HUMAN",5.59259206056596e-05,0.00367082993162203,6.8228293499526e-05,0.000199259852178212,"time12",1.54620902068948
"2086","RBP2_HUMAN",0.404494503512979,0.563180808737301,0.000177940247367359,7.19568240327582e-05,"time0",-1.30618944640942
"2087","RGS19_HUMAN",0.119076568633318,0.252752076917842,0.000110492814582739,8.07837499252e-05,"time0",-0.451815531697503
"2088","NDUV1_HUMAN",0.700032921507955,0.810014846990898,6.25553417898325e-05,6.04530396580063e-05,"time0",-0.0493182038501163
"2089","GSK3A_HUMAN",0.00130769480810927,0.0181226475379042,1.60228515189845e-06,4.2196335568814e-06,"time12",1.39698679634945
"2090","GSK3B_HUMAN",0.666137204488317,0.784316483818001,3.1236819790931e-06,5.84147178478045e-07,"time0",-2.41884376726223
"2091","KLK7_HUMAN",0.0825692915324791,0.202540607114373,4.26219641607424e-06,1.2658322815731e-05,"time12",1.57041728138101
"2092","ST1E1_HUMAN",0.18144920772142,0.324392732032339,0,2.37022757717932e-06,"time12",Inf
"2093","5NTC_HUMAN",0.244946429505944,0.395529879275211,0.00016836997047446,0.000146917251261539,"time0",-0.196631040906779
"2094","SPS1_HUMAN",0.531174491567587,0.674756537246533,3.17151378225999e-05,2.89002975135559e-05,"time0",-0.134087267020271
"2095","SEPP1_HUMAN",0.62406453246517,0.748651828161169,9.99977609436657e-07,1.41045835965535e-06,"time12",0.496196377614448
"2096","CAMP_HUMAN",1,1,0.00194690720815722,0.00200008172057889,"time12",0.0388748225453049
"2097","MTHFS_HUMAN",0.0351733826150206,0.119573485691245,2.09900551421397e-05,9.69686882250677e-06,"time0",-1.11411508401176
"2098","GUAA_HUMAN",0.0289651011534134,0.105113236503366,4.20760375166057e-06,9.27645228913271e-06,"time12",1.14057431657475
"2099","DNLI3_HUMAN",0.00798104073089138,0.0506058983923718,1.24672711304507e-05,1.05979949932445e-05,"time0",-0.234354367855354
"2100","MRE11_HUMAN",0.330531408238157,0.490523698298271,1.45144086937717e-05,1.77311028060193e-05,"time12",0.288796470241577
"2101","ENTP1_HUMAN",0.0667877630399117,0.174736447059743,3.93574500568008e-05,2.1779730594735e-05,"time0",-0.853650643755892
"2102","HNMT_HUMAN",1.52780991006158e-05,0.00203053661166354,2.98792043526973e-06,1.3678378952725e-05,"time12",2.19468362766673
"2103","GNAQ_HUMAN",0.477106481790543,0.627005826166856,0.000276679417478191,0.000297130546307766,"time12",0.102881604016667
"2104","GBG10_HUMAN",0.118797104639863,0.252752076917842,1.70709820057595e-05,1.18319235811321e-05,"time0",-0.528861411932932
"2105","IDH3A_HUMAN",0.776568833738566,0.870906054059416,5.84961889756513e-05,5.74452248304457e-05,"time0",-0.0261556632888272
"2106","ST1A1_HUMAN",0.00619499199092388,0.0432274382731172,0.000549328232175434,0.000308700145232192,"time0",-0.831462277942692
"2107","CRIP1_HUMAN",0.647553466077393,0.768800805581449,1.3497082213412e-05,2.01904893789575e-05,"time12",0.581028318749689
"2108","PPOX_HUMAN",0.0408217473075134,0.13109048207945,3.3543275648852e-06,3.7929695462505e-06,"time12",0.177304206963984
"2109","GDIB_HUMAN",0.655438425019384,0.775080917172991,0.000859928470404124,0.000856247679932691,"time0",-0.00618848630552873
"2110","EMD_HUMAN",0.0143680358028092,0.0681564973087937,2.72907321492141e-05,1.22116189913582e-05,"time0",-1.16015661685751
"2111","CPT1A_HUMAN",0.0903104359558655,0.215339015554645,1.77935227131838e-05,2.65517767211336e-05,"time12",0.57745624296842
"2112","GATM_HUMAN",0.855132140584706,0.913870841181422,1.02190137581799e-06,8.00044175079062e-07,"time0",-0.35310440094494
"2113","S26A2_HUMAN",0.798272981372542,0.881183610744445,4.09114294898305e-06,4.89810019198823e-06,"time12",0.259718337487991
"2114","SPB8_HUMAN",0.170598395168781,0.320738578138705,4.19244730226087e-05,3.32021862870007e-05,"time0",-0.336514406858193
"2115","SPB9_HUMAN",0.104870290996333,0.233106815154345,1.19975409772889e-05,2.88639415245585e-05,"time12",1.26652958040401
"2116","SERPH_HUMAN",0.343252562436031,0.504987082618328,5.48999117073252e-07,1.5049195193037e-06,"time12",1.45481060188398
"2117","PDLI4_HUMAN",0.0591720678258595,0.162648302403985,1.05389599637057e-06,2.8861525334185e-06,"time12",1.45341504663314
"2118","F10A1_HUMAN",0.00202018208801746,0.0229430417687976,7.77958969459881e-05,0.00016240059733703,"time12",1.0617909662415
"2119","PEX5_HUMAN",0.18144920772142,0.324392732032339,4.14555214380924e-07,0,"time0",-Inf
"2120","VASP_HUMAN",0.109572655541283,0.237064899740731,0.000232205722108454,0.000171997337468779,"time0",-0.433017292046589
"2121","DYN2_HUMAN",0.01283373311162,0.0647911684654303,0.000434540545835347,0.000291560032213508,"time0",-0.575697832465302
"2122","MAP2_HUMAN",0.0294419565651354,0.106129635825923,1.28575944469946e-06,4.50839862999658e-06,"time12",1.80999433219227
"2123","AP4A_HUMAN",0.799511184971621,0.881454020133202,8.77991952442236e-06,8.03854866122369e-06,"time0",-0.127272666142092
"2124","TNF10_HUMAN",0.00437017345602445,0.035037645708502,1.28466170690883e-06,1.02689481482002e-05,"time12",2.99882800733666
"2125","TUB_HUMAN",0.00915168885265007,0.0536965005077396,3.07156906190238e-07,5.23994443011929e-06,"time12",4.09250378530489
"2126","KNTC1_HUMAN",0.266250586794457,0.422523017094451,2.34801140957293e-06,3.90306105047051e-06,"time12",0.733166610261815
"2127","RASF2_HUMAN",0.00782210209050042,0.0499694286487262,0.000205999633724586,0.000120423225008772,"time0",-0.774528112921434
"2128","CDK9_HUMAN",0.361310428526179,0.521659944304294,2.10318197880709e-07,9.11176937446501e-08,"time0",-1.20677054837947
"2129","LRBA_HUMAN",0.00322298891842365,0.0296624234356618,2.86678135601587e-05,5.3435499895019e-05,"time12",0.89836663828122
"2130","PPT1_HUMAN",0.00299795788095067,0.0283232790562393,1.45871270568748e-05,8.87382913145704e-05,"time12",2.60486100224215
"2131","RL14_HUMAN",0.236652344465256,0.385471626258787,4.75402352690231e-05,5.53492202393143e-05,"time12",0.219413949474457
"2132","TCPQ_HUMAN",3.45315784215928e-05,0.00294653025588819,0.000216042264204818,0.00034326165020528,"time12",0.667995112400544
"2133","TCPD_HUMAN",0.00538277998566628,0.0396707966175359,0.00020626183740767,0.000323080068136761,"time12",0.647414830497422
"2134","AT1A2_HUMAN",0.280712665268496,0.435732003546966,2.12680782786304e-07,7.97028854934492e-07,"time12",1.90594227374686
"2135","ANX11_HUMAN",0.00322298891842365,0.0296624234356618,0.00284099955694558,0.00152122032622172,"time0",-0.901169485345378
"2136","PAPOA_HUMAN",0.0235361010978647,0.0922448371768675,9.45411267746199e-07,3.33666804884261e-06,"time12",1.81939420149795
"2137","FXR1_HUMAN",0.0573105824005466,0.162648302403985,6.75257469942162e-06,3.12038980193288e-06,"time0",-1.11371143131415
"2138","FXR2_HUMAN",0.271332121892765,0.427044701479295,6.7270356624752e-06,5.16320695030624e-06,"time0",-0.381703481461078
"2139","RAB5C_HUMAN",0.000344958156347275,0.00936561394482852,0.000270801191592794,0.000465329366538784,"time12",0.781018150074818
"2140","RAB7A_HUMAN",0.0472590494900942,0.143361250687828,0.000476986088581032,0.000600763877131009,"time12",0.332850878478352
"2141","RAB9A_HUMAN",0.205409692600369,0.349625856217291,4.37579033057975e-05,3.65429196316876e-05,"time0",-0.259951707846729
"2142","RAB13_HUMAN",0.205409692600369,0.349625856217291,2.99396212403393e-05,3.63552460652004e-05,"time12",0.280107589898271
"2143","RAB28_HUMAN",0.513655642510047,0.662935426255945,4.45136789127494e-06,6.60221999628165e-06,"time12",0.568702472379207
"2144","RB27A_HUMAN",3.23913991451264e-06,0.00128982551395893,0.000817904445630139,0.000367057703272805,"time0",-1.15592542579137
"2145","FABP6_HUMAN",0.787406490666269,0.875335747022078,6.88401056062469e-07,4.92190024994726e-07,"time0",-0.484033890982397
"2146","PLCD1_HUMAN",0.530611493590147,0.674615251429108,2.24693133233011e-05,2.55578039648599e-05,"time12",0.185807843619669
"2147","RT29_HUMAN",0.0123301929667829,0.0630920646119392,1.91841132758484e-06,4.91096780402312e-06,"time12",1.35609528182459
"2148","DUS3_HUMAN",0.00516064176792184,0.0391174026393365,1.57469718900698e-06,4.43169549854626e-06,"time12",1.4927843292993
"2149","SMCA2_HUMAN",1,1,4.37342123739593e-07,5.03945592360986e-07,"time12",0.204505671965239
"2150","SMCA4_HUMAN",0.0414910873877316,0.133025370352614,2.34379772551965e-07,1.32407922750779e-06,"time12",2.49806947697532
"2151","IDH3G_HUMAN",0.622357101918708,0.74825663642521,1.24302383783586e-05,1.0394212051284e-05,"time0",-0.258073566948868
"2152","GALK1_HUMAN",0.0154439100883612,0.0711970693283157,4.66061680956579e-05,2.73067473047921e-05,"time0",-0.771263426092665
"2153","SSRD_HUMAN",0.0605652313679457,0.163913061604322,0.000113422029716126,0.00018212427449722,"time12",0.6832223461992
"2154","BAP31_HUMAN",1.21835619211197e-05,0.00191506356196968,5.29481606439515e-05,0.000110972338363426,"time12",1.0675476337989
"2155","P2RX1_HUMAN",0.0206718115364889,0.0854093243821853,1.44273601275979e-06,5.03080763369345e-06,"time12",1.80198268116319
"2156","TPMT_HUMAN",0.0788934623192933,0.196346104347141,5.92683998126676e-06,8.89429381699595e-06,"time12",0.585616957221367
"2157","RENBP_HUMAN",0.0448093025567087,0.138334583064571,1.18594848501842e-05,5.66255463776236e-06,"time0",-1.06651637291512
"2158","MECP2_HUMAN",0.230024245060274,0.378390199874694,7.8986573112334e-07,2.27515056077545e-06,"time12",1.52628268427559
"2159","HCFC1_HUMAN",0.348009836629725,0.510351768767333,2.73637262791651e-06,4.27424604622635e-06,"time12",0.643405255025562
"2160","IRAK1_HUMAN",0.70642711574737,0.814887825870807,8.39919723046398e-07,1.02517316275563e-06,"time12",0.287544265776411
"2161","AL3A2_HUMAN",0.00374443270266056,0.0325553079082846,4.16823780584757e-05,7.32213337808388e-05,"time12",0.812826465196588
"2162","SSDH_HUMAN",0.0142661867014469,0.0681564973087937,0,2.79318975854693e-06,"time12",Inf
"2163","DHB4_HUMAN",0.0961015727370978,0.225546048706752,0.000132458394922862,0.000150009485817883,"time12",0.179514450663333
"2164","PSMD7_HUMAN",3.58037926095699e-05,0.00297022296190224,1.89862115554865e-05,3.99239513819514e-05,"time12",1.07230245148075
"2165","UB2D1_HUMAN",0.0516033011039804,0.15278382902916,5.60446194859283e-06,2.46659537066433e-06,"time0",-1.18405480494786
"2166","SPHM_HUMAN",0.401678166469773,0.560828351641878,3.0298799738412e-06,2.30417507579621e-06,"time0",-0.395010303895829
"2167","ARSD_HUMAN",0.944579454524858,0.975951060694859,3.98344524183625e-06,4.0817900007673e-06,"time12",0.0351852176085447
"2168","STA5B_HUMAN",0.0259345968604445,0.0980426247135666,0.000248277256383836,0.000144100640426491,"time0",-0.784875361156938
"2169","CLCN7_HUMAN",0.589638551626567,0.719932761419764,2.50470017839554e-07,4.46175841871232e-07,"time12",0.832974483195395
"2170","VAMP7_HUMAN",0.00602998215296531,0.0424607496668727,2.63876303172435e-05,1.69497874321524e-05,"time0",-0.638594617856467
"2171","KS6A3_HUMAN",0.0762117245149028,0.191587807461075,0.000110663421637037,8.34381927895315e-05,"time0",-0.407398621138209
"2172","BMX_HUMAN",0.0147603673630064,0.0689317234239542,2.97904260189142e-05,1.19265392723551e-05,"time0",-1.32067327855523
"2173","ADCY7_HUMAN",0.96526282458649,0.98986647057601,2.19869363727898e-06,1.83583776894674e-06,"time0",-0.260208020261813
"2174","HDGF_HUMAN",0.0635564886033535,0.169625963551309,2.28865062287494e-05,3.54693685099646e-05,"time12",0.632076401931703
"2175","LUM_HUMAN",0.050507076485671,0.150613463728863,1.64503562865798e-05,2.234404493161e-05,"time12",0.441771549241107
"2176","PRELP_HUMAN",0.00416598707432528,0.0343219873033723,1.82227486662363e-07,4.89729502613439e-06,"time12",4.74817261789126
"2177","NEK4_HUMAN",0.0590582290905367,0.162648302403985,0,8.84040266205778e-07,"time12",Inf
"2178","NDUA8_HUMAN",0.775917823119929,0.870906054059416,1.27535510105342e-05,1.40854591385234e-05,"time12",0.143307594432336
"2179","ROA3_HUMAN",0.170598395168781,0.320738578138705,0.000174180452061598,0.000147027311304051,"time0",-0.244498551936544
"2180","FUT6_HUMAN",0.0262289941310883,0.0984081544880592,5.81528184784582e-05,9.30479847248542e-05,"time12",0.678125787942663
"2181","6PGD_HUMAN",0.000380093231797219,0.0098708559718469,0.00188604249857478,0.00255402928404099,"time12",0.437412881900991
"2182","HNRPM_HUMAN",0.0025600902736187,0.0259188011554187,0.000576142863482058,0.000323596871468709,"time0",-0.832228934573067
"2183","IMA5_HUMAN",0.681189257597514,0.794676452271475,8.31297235910499e-06,7.73385670254126e-06,"time0",-0.104176380978314
"2184","GDS1_HUMAN",0.573977560740548,0.712018270052605,2.15355201684179e-05,1.87597447597124e-05,"time0",-0.199077971773516
"2185","RPAB3_HUMAN",0.7022135275105,0.811466329429366,4.12388640548355e-06,3.8636037500797e-06,"time0",-0.0940574540605438
"2186","RPB11_HUMAN",0.833935414088552,0.902699570197702,5.27437565974972e-07,6.27342123352346e-07,"time12",0.250252108008125
"2187","GDIR1_HUMAN",0.477106481790543,0.627005826166856,0.000153501020039133,0.000196777587154657,"time12",0.358317665393163
"2188","GDIR2_HUMAN",0.393050180748105,0.553702698490687,0.000956248344853442,0.000850666449585585,"time0",-0.168791790461208
"2189","AGFG1_HUMAN",0.00016411931624137,0.00630588911920646,3.89914280271001e-05,1.04744730607323e-05,"time0",-1.89627932505538
"2190","HNRPF_HUMAN",0.157947674393654,0.303741615954055,0.000215739667131441,0.000157398729207098,"time0",-0.454867570084925
"2191","STAT2_HUMAN",0.00833890710066832,0.0515715885887802,5.46301757906584e-06,1.46666564042151e-05,"time12",1.42477004305206
"2192","TF2AA_HUMAN",0.229599700279643,0.378315851551557,7.84202719999331e-06,6.36822976523969e-06,"time0",-0.300334256689954
"2193","MSH6_HUMAN",0.0829604137452953,0.202916687674303,3.84574545901179e-05,1.66743247204061e-06,"time0",-4.52756303599288
"2194","KIF11_HUMAN",0.787406490666269,0.875335747022078,1.33974406650747e-06,4.48011753202151e-06,"time12",1.74157915402117
"2195","ZN131_HUMAN",0.192517572436471,0.33731518338605,2.27036655281749e-06,6.98770596114872e-06,"time12",1.62189366091857
"2196","ZN143_HUMAN",0.208412803684149,0.351652450961983,1.77055981053562e-06,6.12485830356719e-07,"time0",-1.53145720625198
"2197","RIDA_HUMAN",0.286320596793059,0.442253148343662,4.8182198327916e-07,1.24251787643724e-06,"time12",1.36669448477199
"2198","SPSY_HUMAN",0.685047073289752,0.796842486613377,5.22610342526798e-05,5.20862437256395e-05,"time0",-0.00483327725066414
"2199","HXK2_HUMAN",0.0322984874142296,0.11326585613609,6.96008271247947e-05,5.49186849099148e-05,"time0",-0.341807371994149
"2200","HXK3_HUMAN",0.212932853028178,0.357260654813851,0.000894746564301808,0.000798834942365952,"time0",-0.163581658873542
"2201","RM12_HUMAN",0.0294419565651354,0.106129635825923,7.63892134358784e-06,3.03991302420906e-06,"time0",-1.32933888949951
"2202","NDST1_HUMAN",0.944182513250483,0.975815282932568,8.38037332581336e-07,2.92763511460385e-07,"time0",-1.51727875927834
"2203","THOP1_HUMAN",0.0714254294896295,0.183257770765274,2.175616468096e-05,1.23258369138659e-05,"time0",-0.819738643585032
"2204","AK1C2_HUMAN",0.000365625158370121,0.00966318172984394,1.51288179654131e-05,4.44642959744622e-05,"time12",1.55534807063032
"2205","CAZA1_HUMAN",0.000152871012687683,0.00602635491564066,0.000505422600450209,0.000648167679548086,"time12",0.35887690621685
"2206","CRIP2_HUMAN",0.0196608155965805,0.0823520698165325,5.49931388762152e-05,8.94768755312135e-05,"time12",0.702263244877815
"2207","NUP98_HUMAN",0.588797086071483,0.719932761419764,0.000278497706335081,1.25646096642034e-05,"time0",-4.47022768795033
"2208","BIEA_HUMAN",7.99447298049928e-06,0.00171321307396894,4.33659613974414e-05,7.32628491664895e-05,"time12",0.756518714463923
"2209","TXTP_HUMAN",0.0194592686446852,0.0823520698165325,4.15616192297046e-06,1.03103652035313e-05,"time12",1.31077166785675
"2210","PPP5_HUMAN",0.0247860513627529,0.0953297390790233,8.24660187481694e-06,1.59422920366339e-05,"time12",0.950987397030087
"2211","ARFP1_HUMAN",0.17311531842724,0.324245154269647,2.68913382607874e-05,1.81630708881375e-05,"time0",-0.566133409143205
"2212","NUBP1_HUMAN",0.374041129054169,0.534101760420882,8.93756298934919e-06,7.21447216237367e-06,"time0",-0.308987658869451
"2213","ACLY_HUMAN",0.000666553154587746,0.0129684755451225,0.00024814264109667,0.000341961008157215,"time12",0.462662161497347
"2214","MAP11_HUMAN",0.187356840856879,0.330288380001852,1.12968425591587e-05,7.75871021938781e-06,"time0",-0.54203085019731
"2215","SUCA_HUMAN",0.477106481790543,0.627005826166856,2.94878402708027e-05,2.79703666294686e-05,"time0",-0.0762209968679987
"2216","MVD1_HUMAN",0.553616991965781,0.694735039022838,7.30363137931303e-06,4.66619318378535e-06,"time0",-0.646367915893828
"2217","PGTB1_HUMAN",0.891135694628664,0.94224703558453,7.1273763718395e-06,6.65144944859209e-06,"time0",-0.0997023507358896
"2218","PGTB2_HUMAN",0.129818141420606,0.266992094085098,1.59952223179682e-06,2.8912711900259e-06,"time12",0.85406288971697
"2219","COPB_HUMAN",0.0262289941310883,0.0984081544880592,0.000272810295462891,0.000321892811303947,"time12",0.238682267479641
"2220","COPA_HUMAN",0.0309848096221685,0.110031074835442,0.000192107040643012,0.000224746155586134,"time12",0.226386043667371
"2221","CATC_HUMAN",0.0879385676234961,0.210777313168195,6.43101173297515e-05,0.000116643030750959,"time12",0.858982484298603
"2222","LIMK2_HUMAN",0.475076124794557,0.627005826166856,3.90654475025296e-06,4.86464255154947e-06,"time12",0.316440660650026
"2223","AP2S1_HUMAN",0.00398888296414176,0.033728160269308,6.49850040151481e-06,1.32584331206325e-05,"time12",1.02873154372418
"2224","CCHL_HUMAN",0.441208519505878,0.594481950599731,8.87929236494509e-07,5.65632960638724e-07,"time0",-0.650578514086576
"2225","IST1_HUMAN",0.187164007112394,0.330288380001852,6.09342131370786e-05,4.61369209675055e-05,"time0",-0.401330768866182
"2226","SC24C_HUMAN",0.00134060345590115,0.0183236257256237,3.55277607997595e-05,5.24582421137116e-05,"time12",0.562222700294161
"2227","TCP4_HUMAN",0.00374443270266056,0.0325553079082846,0.000130455880594313,6.82105531391458e-05,"time0",-0.935495111371105
"2228","DPOG1_HUMAN",0.00124104092831126,0.0176074524104588,2.36909764832111e-05,2.00320181869874e-06,"time0",-3.5639579817968
"2229","ICLN_HUMAN",0.0259345968604445,0.0980426247135666,5.57416137835908e-06,7.74491054703629e-06,"time12",0.474493805402739
"2230","CRIS3_HUMAN",0.0404897220432758,0.130234307896869,0.000153825997891695,0.000251515151856694,"time12",0.709345962405037
"2231","SYRC_HUMAN",0.000951774418354035,0.0154179762251497,7.76420607598638e-05,0.000102820611898644,"time12",0.405219187497386
"2232","ATX3_HUMAN",0.444469087574028,0.597527314895267,3.4616133586977e-06,2.55372374670468e-06,"time0",-0.43884212582542
"2233","CA2D1_HUMAN",0.779481323802983,0.87192043497728,8.02336351514912e-05,6.68479792205107e-06,"time0",-3.58525130886092
"2234","SYYC_HUMAN",0.795266134938758,0.87883896836063,0.000102991497667575,0.000103342195847372,"time12",0.00490420157204084
"2235","UBP14_HUMAN",0.157947674393654,0.303741615954055,6.25953769311022e-05,7.03287599468579e-05,"time12",0.168058670756383
"2236","AAKG1_HUMAN",0.341390779564905,0.503736938325389,4.99318582954325e-05,4.42190051425615e-05,"time0",-0.17529403274242
"2237","HSP72_HUMAN",0.0123301929667829,0.0630920646119392,4.8579197450225e-06,2.78516975863983e-05,"time12",2.51935470250055
"2238","BCAT1_HUMAN",0.583882420770365,0.719374937966459,1.97845161141435e-07,5.05478392460283e-07,"time12",1.35327764238894
"2239","AT12A_HUMAN",0.0340842377425488,0.11700296094037,4.65073768953066e-05,7.62479852641045e-05,"time12",0.71323964565872
"2240","AT1B3_HUMAN",0.370740607380867,0.530022414525112,0.000130145701730603,0.000114855346623577,"time0",-0.180309648144208
"2241","RD23A_HUMAN",0.489853845560898,0.638284690125489,3.86514048601835e-06,5.07197690956675e-06,"time12",0.392027324900499
"2242","RD23B_HUMAN",0.0043382328003645,0.0349221893754409,1.43275568438835e-05,3.98907291956981e-05,"time12",1.47726087579706
"2243","ANAG_HUMAN",0.353111234506006,0.51404664969641,5.33648524386592e-06,6.95299449076586e-06,"time12",0.381744590397897
"2244","GALC_HUMAN",0.0137548063929785,0.0677307985039248,9.85613153617607e-06,1.56370294952716e-05,"time12",0.665873060662659
"2245","KAD2_HUMAN",0.597807770594955,0.72708324450492,0.000175165124723658,0.000161065314485935,"time0",-0.121069721538172
"2246","EMP3_HUMAN",0.159870249540004,0.306478176533698,2.74003955216303e-05,2.18160233394453e-05,"time0",-0.328808569671235
"2247","P5CS_HUMAN",0.0614116944970624,0.165454240519149,5.12743720437892e-06,1.00552650001053e-05,"time12",0.9716412801847
"2248","SNAA_HUMAN",0.164184082299471,0.312714133792965,0.000298126712620562,0.000246512360248842,"time0",-0.274265663013702
"2249","ADPRH_HUMAN",0.100348246462291,0.227011289394017,0,3.78010098636478e-06,"time12",Inf
"2250","AIF1_HUMAN",0.328469857573509,0.488655157979221,4.12541170137139e-05,4.98973938198566e-05,"time12",0.274426362071421
"2251","IF5_HUMAN",0.279625921636786,0.435732003546966,5.0933869324581e-05,3.8363787072238e-05,"time0",-0.408880176812045
"2252","S12A2_HUMAN",0.0972010883062347,0.227011289394017,3.77637757580638e-07,2.19193628401542e-06,"time12",2.5371309392739
"2253","PSMD4_HUMAN",0.603790847437897,0.732867858513831,2.30331967455794e-05,2.87661653746525e-05,"time12",0.320658263175624
"2254","DRG2_HUMAN",0.347358556762554,0.509646931845427,5.6754307518649e-06,7.21335915061472e-06,"time12",0.345941363155147
"2255","RAD_HUMAN",0.00324982929574922,0.0297262333591272,8.50880341767378e-06,1.81907161118485e-05,"time12",1.09617417162005
"2256","PLTP_HUMAN",0.00870546326041222,0.0526593658443959,0.00033724219567749,0.000476383319839918,"time12",0.498337842041889
"2257","XPO2_HUMAN",0.583757072687149,0.719374937966459,0.000120376397147034,0.000112537079432378,"time0",-0.0971521146826705
"2258","AQP5_HUMAN",0.0404897220432758,0.130234307896869,1.74645062192204e-05,2.44149688426312e-05,"time12",0.483340083437915
"2259","TERA_HUMAN",1.21835619211197e-05,0.00191506356196968,0.000475022307095302,0.000706039986405245,"time12",0.571754628359226
"2260","MFAP4_HUMAN",0.0296549178394959,0.106383678231417,3.3943507203896e-06,7.83499972894484e-06,"time12",1.20679758612182
"2261","ECHB_HUMAN",0.271005628630519,0.427044701479295,0.000389775379509641,0.00030780776946131,"time0",-0.340613316834089
"2262","MANF_HUMAN",0.0136632416397333,0.0676821777982499,6.79005009822799e-05,3.27139213334139e-05,"time0",-1.05351751705513
"2263","NCKPL_HUMAN",0.488973478738848,0.638284690125489,0.000164541814125791,0.000187924161579837,"time12",0.1916963124128
"2264","AFAD_HUMAN",1.7991430995133e-05,0.00216419676778043,4.33401066216483e-06,1.77160199294375e-05,"time12",2.03127991753599
"2265","NP1L1_HUMAN",0.363786061284349,0.523084772280072,3.79832305817206e-05,2.9752571743099e-05,"time0",-0.352348239005579
"2266","CASP7_HUMAN",0.125104957853436,0.261003113258321,3.90094098129157e-06,6.47289804645636e-06,"time12",0.730589608915375
"2267","CASP6_HUMAN",0.553119859732585,0.694735039022838,4.52815614478726e-06,3.86657742237607e-06,"time0",-0.227866606474046
"2268","GP2_HUMAN",0.225029494536387,0.372430360450496,3.26827446954359e-05,4.24014670727561e-05,"time12",0.37558503625165
"2269","ADK_HUMAN",0.00501261278986931,0.038237977259118,6.01728671725003e-05,3.38588405978133e-05,"time0",-0.829580528290143
"2270","DSRAD_HUMAN",0.0443299239705107,0.137406661066871,3.15958732823126e-05,1.95825043198184e-05,"time0",-0.690170864565182
"2271","LAMB2_HUMAN",0.208412803684149,0.351652450961983,8.8588115069119e-08,1.46226076138893e-06,"time12",4.04494363566853
"2272","CDN2D_HUMAN",0.0114900673429755,0.0604671121053679,6.8006023719845e-06,9.49758795372901e-07,"time0",-2.84002946822464
"2273","TPD52_HUMAN",0.313467976829381,0.471623230630199,1.21794271371762e-05,2.56237588953771e-05,"time12",1.07303585110244
"2274","ANM2_HUMAN",0.617075077451974,0.743552438495187,3.61568525107065e-06,3.03222603069918e-06,"time0",-0.25389179512423
"2275","SEC13_HUMAN",0.0327208992093802,0.114226727631577,2.01198510714244e-05,2.73112395042927e-05,"time12",0.440875165190629
"2276","NH2L1_HUMAN",0.121315239319784,0.256048029843487,6.11968643602435e-06,1.09319541485048e-05,"time12",0.837021675648507
"2277","CCL18_HUMAN",0.0142661867014469,0.0681564973087937,0,1.59305148985908e-06,"time12",Inf
"2278","PSA_HUMAN",0.0234101433306932,0.0919321407720123,0.00030963817636484,0.000383887730987564,"time12",0.31010109521174
"2279","HNRH2_HUMAN",0.00265035667925127,0.0263967921902747,0.00014267531610638,7.93190021429639e-05,"time0",-0.846997326148347
"2280","SCOT1_HUMAN",0.700032921507955,0.810014846990898,6.5463508766721e-05,5.48784961835834e-05,"time0",-0.254449982824587
"2281","EIF3B_HUMAN",0.489846087992191,0.638284690125489,4.96260326288206e-05,5.24701056231409e-05,"time12",0.0803985716845081
"2282","FCGRN_HUMAN",0.0115395549538449,0.0605674531979927,2.15307795711173e-06,6.82626861272655e-06,"time12",1.66469662887987
"2283","BID_HUMAN",0.792159093543887,0.87883896836063,4.96163155282767e-05,4.62735874619349e-05,"time0",-0.100625654362863
"2284","ATPK_HUMAN",0.0516441571756024,0.15278382902916,3.10741937636219e-05,4.14947872690947e-05,"time12",0.417213150798883
"2285","SYMC_HUMAN",0.573977560740548,0.712018270052605,6.31977236092192e-05,6.73836564895526e-05,"time12",0.0925261233570521
"2286","TCL1A_HUMAN",0.18144920772142,0.324392732032339,0,1.31710789187634e-06,"time12",Inf
"2287","AP1S2_HUMAN",0.186603142815846,0.329855155974859,1.04666472712039e-05,7.52305324811325e-06,"time0",-0.476409178080263
"2288","ATP68_HUMAN",0.845554296798358,0.909991236233052,5.57228435844718e-06,4.66629849863063e-06,"time0",-0.255990283692938
"2289","ATP5I_HUMAN",0.983833581209183,1,3.79699967253391e-05,3.57469350177358e-05,"time0",-0.0870403256297687
"2290","HDAC4_HUMAN",0.0972010883062347,0.227011289394017,4.02201941991158e-06,4.09966030829822e-07,"time0",-3.29434376731718
"2291","IF6_HUMAN",0.871207794174552,0.925929564876263,3.16292881563569e-05,3.17917372597363e-05,"time12",0.00739076755254541
"2292","NDUA6_HUMAN",0.217753979525195,0.363816648868248,1.74437307001623e-05,1.50554919411858e-05,"time0",-0.212418773907237
"2293","PEX3_HUMAN",1,1,1.31917726401997e-06,1.01618395899585e-06,"time0",-0.376476843577488
"2294","NDK5_HUMAN",0.17465019651046,0.324392732032339,3.43825480903391e-05,5.60124308486016e-05,"time12",0.704070573372554
"2295","RP1_HUMAN",0.29338289215179,0.449665813510046,2.82172941579938e-06,4.23175670382249e-06,"time12",0.584677034881743
"2296","CF298_HUMAN",0.142245169384134,0.282889273214279,2.37170835844368e-06,4.22255155192267e-06,"time12",0.8321884194897
"2297","RIPK4_HUMAN",0.18144920772142,0.324392732032339,0,8.18901036518012e-07,"time12",Inf
"2298","TMM33_HUMAN",0.957083495902994,0.983426754004573,4.63426736054554e-06,4.40037442481498e-06,"time0",-0.0747149917926973
"2299","SYJ2B_HUMAN",0.0527870006322246,0.154179342188889,3.36170683932874e-07,2.19401152060057e-06,"time12",2.70630527759909
"2300","GEMI4_HUMAN",0.0590582290905367,0.162648302403985,0,4.25158778680012e-06,"time12",Inf
"2301","PCBP3_HUMAN",1,1,1.13149659123536e-06,1.11049399587977e-06,"time0",-0.0270306456546367
"2302","RAB25_HUMAN",0.00343209796845968,0.0308733752494121,7.30688877393263e-06,1.85605632431454e-05,"time12",1.34491133968806
"2303","CORO7_HUMAN",0.135698914485948,0.275596605312672,0.000298275113152498,0.000231374323186002,"time0",-0.366414840215585
"2304","NU107_HUMAN",1,1,4.5890161664518e-05,1.91820149856761e-05,"time0",-1.25843061213112
"2305","GSDMD_HUMAN",0.00274947164819871,0.0270108456491626,3.34820368051744e-05,1.36077707615446e-05,"time0",-1.29895655122768
"2306","SELB_HUMAN",0.26966597394579,0.426679433742571,2.14393271177583e-06,3.79389879082091e-06,"time12",0.823421565818271
"2307","ISK7_HUMAN",0.18144920772142,0.324392732032339,6.04970514672519e-07,0,"time0",-Inf
"2308","EPIPL_HUMAN",0.00993151031434536,0.0556481342472653,8.62297478238244e-05,0.000140667558832615,"time12",0.706032082341197
"2309","ANTR2_HUMAN",0.0209897470725275,0.0858122924464113,1.95072431764677e-06,4.3255364256802e-06,"time12",1.14886915150467
"2310","MLF1_HUMAN",0.000187054402001562,0.00675270395048261,9.7308197116397e-06,4.46181537043868e-05,"time12",2.196997570214
"2311","FAM3B_HUMAN",0.313467976829381,0.471623230630199,6.48310462854658e-06,7.70262320073866e-06,"time12",0.248664996592432
"2312","CU058_HUMAN",0.00915168885265007,0.0536965005077396,6.60493956672774e-07,4.16018237011219e-06,"time12",2.65502950683773
"2313","MTPN_HUMAN",0.212932853028178,0.357260654813851,6.88731680686684e-05,5.50422574443763e-05,"time0",-0.323402400087358
"2314","DEF3_HUMAN",0.597807770594955,0.72708324450492,0.0134105226357439,0.0122429641417499,"time0",-0.131412572194965
"2315","GBG2_HUMAN",0.0384184177964926,0.124917370440093,0.000156770099058181,0.000106541021624951,"time0",-0.557241398679344
"2316","BPIB3_HUMAN",0.125104957853436,0.261003113258321,0.000140421883821877,0.000198316531478115,"time12",0.498037156626557
"2317","BPIB4_HUMAN",0.225029494536387,0.372430360450496,0.000924854494702076,0.000712205607583276,"time0",-0.37693261261333
"2318","DJB13_HUMAN",0.141898762708807,0.282889273214279,2.72388457402428e-05,5.06320321027423e-05,"time12",0.89438481786114
"2319","ARPC4_HUMAN",0.000152871012687683,0.00602635491564066,0.000298004237958125,0.000527483009667839,"time12",0.823791777482887
"2320","CD81_HUMAN",0.0143440894271694,0.0681564973087937,4.23851072576283e-06,7.00971521337757e-06,"time12",0.72579839454737
"2321","TPIS_HUMAN",0.000951774418354035,0.0154179762251497,0.00140936145245324,0.000784109368444971,"time0",-0.845914858273638
"2322","EIF3E_HUMAN",0.00137316162235749,0.0184028698027074,3.68815760483841e-05,5.60244602547396e-05,"time12",0.603156537432021
"2323","SC61B_HUMAN",0.00145600445553109,0.0189678336198932,7.81624315158413e-06,1.54010727332761e-05,"time12",0.97848358948572
"2324","PTEN_HUMAN",0.0431149830672725,0.135397367960473,6.52148902857165e-06,2.95746488901141e-06,"time0",-1.14084036652655
"2325","PP4C_HUMAN",0.363786061284349,0.523084772280072,1.72556781335e-05,1.43151498465695e-05,"time0",-0.269528399475105
"2326","GBRL2_HUMAN",0.23395283347059,0.383374560855921,2.88150797313355e-07,1.17267956451745e-06,"time12",2.02491293304254
"2327","UB2G2_HUMAN",0.104529026226966,0.233106815154345,3.54436456674452e-06,1.72608872502514e-06,"time0",-1.03802038010742
"2328","MYL6_HUMAN",0.0208498518913984,0.0854093243821853,0.00131130806198677,0.00178690755700461,"time12",0.446458346890239
"2329","IF4A1_HUMAN",0.328469857573509,0.488655157979221,0.00055048359875555,0.000509885668225765,"time0",-0.110525792892388
"2330","RS20_HUMAN",0.000460106879472733,0.0109932106953017,2.6260846504253e-05,6.15529072913045e-05,"time12",1.22891357878431
"2331","PRPS1_HUMAN",0.00145747698843479,0.0189678336198932,2.03699160440457e-05,3.96918854022611e-05,"time12",0.962404059197145
"2332","PSA6_HUMAN",0.104839904233813,0.233106815154345,0.000103583020475627,0.000119329424650848,"time12",0.204162298386786
"2333","S10AA_HUMAN",0.104839904233813,0.233106815154345,0.000133047389329865,0.0001971220626715,"time12",0.56714905556348
"2334","CDC42_HUMAN",0.000418396666646004,0.0105551069650365,0.000278402848299379,0.00044561337390767,"time12",0.678618560739354
"2335","DEST_HUMAN",0.000137394294142723,0.00586182942081776,0.00015873940147681,0.000299995998938045,"time12",0.918282988595007
"2336","GMFB_HUMAN",0.00137721125093089,0.0184028698027074,6.64456710139987e-06,1.43404312284897e-05,"time12",1.10984129271467
"2337","KTDAP_HUMAN",0.0798581084008914,0.197772189679956,4.83178684831527e-06,7.94460132875247e-06,"time12",0.717418012578783
"2338","RAB8A_HUMAN",0.670180588960648,0.786750915460289,6.85683012219915e-05,7.51533661820341e-05,"time12",0.13229594519288
"2339","SPCS3_HUMAN",0.000666553154587746,0.0129684755451225,9.53524793800628e-05,6.26585580239394e-05,"time0",-0.605758883346494
"2340","SRP54_HUMAN",0.501738413648285,0.651266912973947,1.65360292682732e-05,2.00783157149202e-05,"time12",0.280025405367436
"2341","RAB4B_HUMAN",0.544880281339637,0.686763013387139,1.07224397791376e-05,1.10609064511088e-05,"time12",0.0448364072264974
"2342","RAB2A_HUMAN",0.0145380161702633,0.0681564973087937,0.000135212089001384,0.000164554492597871,"time12",0.283341269429293
"2343","RAB5B_HUMAN",0.730341996997595,0.833301384539949,7.76460772012307e-05,6.43566649061996e-05,"time0",-0.27082347469482
"2344","RAB10_HUMAN",0.0164312124252319,0.0737367631975284,0.000388776371007082,0.000550494371025679,"time12",0.501787274162518
"2345","CXCR4_HUMAN",0.18144920772142,0.324392732032339,2.85264106954271e-08,5.01128994234154e-07,"time12",4.13481187346258
"2346","UB2D3_HUMAN",0.0798633847925312,0.197772189679956,3.20612852845796e-05,3.93886223089481e-05,"time12",0.296946694925031
"2347","UBC12_HUMAN",0.0184267732358614,0.0793730758610123,1.50331173880662e-05,2.72798601860772e-05,"time12",0.859692041205132
"2348","UBE2K_HUMAN",9.22009348869325e-06,0.00171321307396894,1.5888039716057e-05,3.24144133086196e-05,"time12",1.02869432644351
"2349","UBE2N_HUMAN",0.000209126621484757,0.00717881212717501,0.000157106923178323,0.000232019415082909,"time12",0.562498776455325
"2350","RAB14_HUMAN",0.0164312124252319,0.0737367631975284,9.64205913352416e-05,0.000135010573261206,"time12",0.485659212641806
"2351","ARP3_HUMAN",0.0011314544826746,0.016825109315811,0.000917638787967944,0.00136841778723605,"time12",0.576510482567355
"2352","ARP2_HUMAN",1.41933560371399e-06,0.000941965728998185,0.000622227022179116,0.00106305789184194,"time12",0.772707210124541
"2353","ACTZ_HUMAN",5.59259206056596e-05,0.00367082993162203,0.000111102978390122,0.000183357659167535,"time12",0.722763038928971
"2354","CSN2_HUMAN",0.0056441315465957,0.0411126801558733,2.71252674716786e-05,4.81207595639743e-05,"time12",0.827022051488771
"2355","ARF3_HUMAN",0.871207794174552,0.925929564876263,0.000643442107223742,0.000617070715176681,"time0",-0.0603745208132159
"2356","ABCE1_HUMAN",0.00198733989230986,0.0227871046678546,1.28879338476254e-05,2.28644180230053e-05,"time12",0.827083204151749
"2357","RAP1B_HUMAN",0.542527938261628,0.68553403326353,0.000380810365538369,0.000544195454070423,"time12",0.515052156218309
"2358","RAP2B_HUMAN",0.515848442912102,0.664330045173347,0.000115919258990307,0.000109431905342139,"time0",-0.0830868542638508
"2359","MAX_HUMAN",0.100348246462291,0.227011289394017,0,3.86272851104965e-07,"time12",Inf
"2360","RS3A_HUMAN",2.36667692661286e-05,0.00239595953943366,2.74758624087287e-05,5.74882570903381e-05,"time12",1.06510252726497
"2361","RL26_HUMAN",0.102639775576908,0.231520913716341,2.67722474313472e-06,4.43534585676811e-06,"time12",0.72830835354523
"2362","PSME3_HUMAN",0.0237951978690964,0.0928861776479487,1.24360779168672e-05,2.05962236693399e-05,"time12",0.727848281739787
"2363","RL15_HUMAN",0.000460106879472733,0.0109932106953017,2.50839721221566e-05,4.95606242132576e-05,"time12",0.982428536942054
"2364","MGN_HUMAN",0.935398668050766,0.971338011868433,3.60114780431183e-05,3.93620814693971e-05,"time12",0.128349698262334
"2365","RL27_HUMAN",0.0590582290905367,0.162648302403985,0,9.39905879075706e-07,"time12",Inf
"2366","VA0D1_HUMAN",0.871207794174552,0.925929564876263,0.00045857598144812,0.000719876384799916,"time12",0.650588398436357
"2367","PHS_HUMAN",0.00327413006643062,0.0297661779098784,9.74614969909011e-06,1.95886755951766e-05,"time12",1.00711557187865
"2368","RHOA_HUMAN",0.0472590494900942,0.143361250687828,0.000200140361145902,0.000243895443758715,"time12",0.285250670693806
"2369","RND3_HUMAN",0.406941216918031,0.565138314031945,1.00638591591637e-06,1.75712334516914e-06,"time12",0.804031830712339
"2370","NCALD_HUMAN",0.637332429353867,0.759537163370277,6.24490138031943e-06,8.21707263495489e-06,"time12",0.395945730621137
"2371","CH10_HUMAN",0.183969093486667,0.326164261025782,9.07249198216437e-05,0.000113792680236904,"time12",0.326836976817399
"2372","S61A1_HUMAN",0.00333501482314607,0.0301362232052216,3.01862456808684e-06,8.97917260556376e-06,"time12",1.5726911752167
"2373","LYSC_HUMAN",0.190929520875216,0.334925705781986,0.00642037328936933,0.00545633042349297,"time0",-0.23472616658938
"2374","PFD3_HUMAN",0.119501238444944,0.253113793344557,9.05211591937899e-06,1.29617959027313e-05,"time12",0.517938657912447
"2375","STXB1_HUMAN",0.00772670980937454,0.0498397815241837,1.10911052326289e-05,2.9821246633629e-05,"time12",1.42693743089615
"2376","B2MG_HUMAN",0.000797897577285767,0.014156736574442,0.000488678377927097,0.000824039773381584,"time12",0.75382870021015
"2377","DAD1_HUMAN",0.0426517054438591,0.134148169397591,4.24251324559078e-05,6.05727629814125e-05,"time12",0.513750056323078
"2378","NPC2_HUMAN",0.0919496268033981,0.217856057475881,6.90798879168365e-05,5.3243601669364e-05,"time0",-0.375657576256764
"2379","COPZ1_HUMAN",0.242946817572573,0.393684574433254,2.60644262581693e-05,3.09904700379241e-05,"time12",0.24974253366646
"2380","SUMO2_HUMAN",0.100397355854511,0.227011289394017,1.49860764812935e-05,2.1411447861908e-05,"time12",0.514759636011766
"2381","UFM1_HUMAN",0.745654674246907,0.845947617750294,1.99892754775051e-05,2.01258026845071e-05,"time12",0.00982014215162145
"2382","DCAF7_HUMAN",0.138905234802083,0.281725286068876,1.17432912289534e-05,1.30329439626714e-05,"time12",0.150326204188059
"2383","WDR5_HUMAN",0.0977728294902228,0.227011289394017,3.375875060904e-06,8.75262711785594e-06,"time12",1.37445459787362
"2384","AP1S1_HUMAN",0.0445533169117585,0.137884436224836,1.01910134572292e-06,3.66021237247483e-06,"time12",1.8446298297143
"2385","NTF2_HUMAN",0.151886919513345,0.295897120108679,5.79841657852552e-05,4.70717632977823e-05,"time0",-0.300797088305193
"2386","HNRPK_HUMAN",0.730341996997595,0.833301384539949,0.000328390291640634,0.000344430265162657,"time12",0.0688004415710371
"2387","1433G_HUMAN",0.776568833738566,0.870906054059416,0.000132529537455746,0.000133387331138779,"time12",0.00930771328409463
"2388","RRAS2_HUMAN",0.000331374608897087,0.00929249079315635,1.07235771045204e-05,2.92232551513993e-05,"time12",1.4463306561933
"2389","TIM10_HUMAN",0.47719661998877,0.627005826166856,4.05776038249473e-06,9.31427384141417e-07,"time0",-2.12316847066445
"2390","RS7_HUMAN",0.00431368645841512,0.0349221893754409,3.87749352415064e-05,6.01613228375977e-05,"time12",0.633711917792269
"2391","PP1A_HUMAN",0.761065473780036,0.857900643594511,7.45727297538626e-05,7.44506693868651e-05,"time0",-0.00236333255785395
"2392","PP1B_HUMAN",0.262122273445129,0.417064291391653,0.000358993606068365,0.000410508840917846,"time12",0.193455144067354
"2393","NCS1_HUMAN",0.0545262210772923,0.158429673636458,5.08584543633623e-06,1.0668212536653e-05,"time12",1.06875894933299
"2394","PRS4_HUMAN",0.119076568633318,0.252752076917842,0.000118661470332821,9.92334293897194e-05,"time0",-0.257953447076436
"2395","PRS8_HUMAN",0.670180588960648,0.786750915460289,0.000107783191128591,9.94215343629487e-05,"time0",-0.116501932694586
"2396","RS8_HUMAN",0.289366206154227,0.445680037774038,4.19542888940501e-05,5.33100278415809e-05,"time12",0.345588633823367
"2397","RS15A_HUMAN",0.00619499199092388,0.0432274382731172,7.82373972971686e-05,0.00016288511083794,"time12",1.05792445216007
"2398","RS16_HUMAN",0.198075799271464,0.343826430993449,5.43546552803369e-05,6.49652397553096e-05,"time12",0.257264395251628
"2399","UB2G1_HUMAN",0.00538640817961186,0.0396707966175359,2.83692216380788e-06,9.01724568194265e-06,"time12",1.66836026135418
"2400","UBE2H_HUMAN",0.375320551300672,0.535033330052247,1.52887161765887e-05,1.39821016711051e-05,"time0",-0.128886035146723
"2401","1433E_HUMAN",0.00930112227797508,0.0537765548682325,0.00136799847120137,0.00173635678046089,"time12",0.343996800176349
"2402","RS14_HUMAN",0.00305272204169637,0.0284904824297694,1.3063453177197e-05,2.93347482032188e-05,"time12",1.16707430105693
"2403","RS23_HUMAN",0.0131818294192251,0.0659422672705454,3.88423399384629e-06,9.15831107444225e-06,"time12",1.23745145479157
"2404","RS18_HUMAN",7.91065394878388e-05,0.00433489321431983,4.96795241848162e-05,0.000102681127396973,"time12",1.04744778026871
"2405","RS29_HUMAN",0.058707408431205,0.162648302403985,1.58517230965345e-07,7.47033066307933e-07,"time12",2.23653243204368
"2406","RS13_HUMAN",1.38476246718272e-05,0.00193999057938886,2.47286746199025e-05,6.27096060025814e-05,"time12",1.34250153749069
"2407","RS11_HUMAN",0.000169972902761132,0.00630588911920646,3.66378193777252e-06,1.18370864505457e-05,"time12",1.69190847919754
"2408","RUXE_HUMAN",0.0247860513627529,0.0953297390790233,1.35457753361868e-05,1.83917619428323e-05,"time12",0.44121672428783
"2409","RUXF_HUMAN",0.0131818294192251,0.0659422672705454,8.68058748163323e-07,2.70086980769972e-06,"time12",1.63755950880455
"2410","RUXG_HUMAN",0.0404897220432758,0.130234307896869,1.99651834130845e-05,1.54161630740275e-05,"time0",-0.373042587732667
"2411","LSM3_HUMAN",0.0181760594815431,0.0791871650497863,1.31394575123325e-05,7.80344047727203e-06,"time0",-0.751723469895057
"2412","LSM6_HUMAN",0.000394572850438216,0.010202526561331,1.81607858716733e-05,6.14376574788742e-06,"time0",-1.56363151919059
"2413","SMD1_HUMAN",0.011303061619401,0.0601721809738699,1.07434230527082e-05,1.82815571401422e-05,"time12",0.766935222037699
"2414","SMD2_HUMAN",0.745654674246907,0.845947617750294,1.16168223251909e-05,1.38935160651453e-05,"time12",0.258196265031235
"2415","SMD3_HUMAN",0.00103816948831081,0.0161385050053329,6.16007888350627e-05,4.03765171702855e-05,"time0",-0.609432354713464
"2416","ARF6_HUMAN",0.298844147473574,0.453861238526917,0.000143935147254041,0.00016415335996824,"time12",0.189625355876581
"2417","PRS10_HUMAN",0.0919496268033981,0.217856057475881,0.000175961818412796,0.000145521209204965,"time0",-0.274032979248468
"2418","SELT_HUMAN",0.0274143654911743,0.101515824416647,2.45105774268594e-05,1.52716361689904e-05,"time0",-0.682549834468036
"2419","RL7A_HUMAN",4.40757721662522e-05,0.0032908073393628,1.23963882502764e-05,2.84713955514955e-05,"time12",1.19959336441309
"2420","RPB7_HUMAN",0.0142661867014469,0.0681564973087937,0,1.33979329883347e-06,"time12",Inf
"2421","ERF1_HUMAN",0.000236971320950229,0.00760983709696621,3.24253056072364e-05,5.52930530557635e-05,"time12",0.769978061710824
"2422","YPEL5_HUMAN",0.0559398898705821,0.160407567065284,2.75193191091275e-06,1.32162702561067e-06,"time0",-1.05812968143687
"2423","RS4X_HUMAN",0.000460106879472733,0.0109932106953017,4.42256517910413e-05,8.4151835265951e-05,"time12",0.92811133031391
"2424","ACTA_HUMAN",0.855271723121405,0.913870841181422,0.00489094380793243,0.00500137826057795,"time12",0.032212832383255
"2425","RL23A_HUMAN",0.00851607295868817,0.0522443731119223,6.53182614648715e-06,2.48687762922393e-05,"time12",1.92877722197749
"2426","RS6_HUMAN",0.000256288796663285,0.00798040746072625,1.92766629962874e-05,3.98335325900854e-05,"time12",1.04712810238867
"2427","VISL1_HUMAN",0.118312716164607,0.252296270493109,2.58926380096662e-06,6.32819564374511e-06,"time12",1.28925224487534
"2428","H4_HUMAN",0.0605652313679457,0.163913061604322,0.00907930551858246,0.00812945090722486,"time0",-0.159424038440282
"2429","RAB1A_HUMAN",0.00930112227797508,0.0537765548682325,0.000192861115174968,0.000400833671304771,"time12",1.05544140931781
"2430","RAN_HUMAN",0.0327208992093802,0.114226727631577,0.000155629089086494,0.000195486490240761,"time12",0.328957164764452
"2431","RL23_HUMAN",0.15494303062453,0.299386384493394,1.44947946521853e-05,2.21341156542393e-05,"time12",0.610736838317378
"2432","RAP1A_HUMAN",0.251782879113893,0.404927069721939,3.34277978628114e-05,2.84135017422715e-05,"time0",-0.234471673668246
"2433","RS15_HUMAN",0.0289456420523949,0.105113236503366,8.22655380885351e-06,1.89435884273925e-05,"time12",1.20334954013901
"2434","RS24_HUMAN",0.043876264829302,0.136915420577791,2.22566547874106e-05,3.47801022556196e-05,"time12",0.644025404775458
"2435","RS25_HUMAN",0.352475863187972,0.513719001533492,3.02263220526678e-05,3.74864532062631e-05,"time12",0.310563888884326
"2436","RS26_HUMAN",0.0101093588940807,0.05643289782649,4.96109705247705e-06,1.33283556232344e-05,"time12",1.42576771425465
"2437","RS28_HUMAN",0.00772670980937454,0.0498397815241837,1.34421150598581e-05,3.28022135339492e-05,"time12",1.2870330150442
"2438","GBB1_HUMAN",0.299310255206884,0.453866502754689,0.000107239513368991,0.000135027822972025,"time12",0.332420132653769
"2439","GBB2_HUMAN",0.0345367342233658,0.118180779735363,0.000615639932258582,0.000933466127025172,"time12",0.600510859636155
"2440","RL30_HUMAN",0.00174170214705017,0.0209741671861505,1.32174969649794e-05,2.65455464469865e-05,"time12",1.00602084457525
"2441","RL31_HUMAN",0.161380839016716,0.309149375063132,8.69138051746456e-06,1.52052476575379e-05,"time12",0.806912060172982
"2442","RL10A_HUMAN",0.000136617368993288,0.00586182942081776,2.18416664672202e-05,6.14447227734222e-05,"time12",1.49220617430309
"2443","RL32_HUMAN",0.0315364403470999,0.111724293115793,5.58368302755054e-06,1.05655549149695e-05,"time12",0.920079590641201
"2444","RL11_HUMAN",0.00236749462783337,0.0250827491665221,4.41772305890773e-05,7.89737029496321e-05,"time12",0.838069356670013
"2445","RL8_HUMAN",0.000136577385438963,0.00586182942081776,2.04876235554282e-06,1.30221697468766e-05,"time12",2.66814529462382
"2446","PPIA_HUMAN",1,1,0.00174815205647584,0.00181770878433704,"time12",0.0562904057102872
"2447","FKB1A_HUMAN",0.427954606711865,0.58081637488979,0.000109841495604744,0.000128507550557831,"time12",0.226429954036551
"2448","GRB2_HUMAN",0.626346288248897,0.749732741424982,0.000118710277218052,0.000111529932376425,"time0",-0.0900138879405083
"2449","TRA2B_HUMAN",0.0497101210057736,0.148831354770669,1.86275119023919e-05,2.65474001215907e-05,"time12",0.511135595091491
"2450","RAC1_HUMAN",6.93021379767296e-05,0.0040922689712742,1.8782050050652e-05,4.81159661443993e-05,"time12",1.35716115666522
"2451","AP2B1_HUMAN",0.17311531842724,0.324245154269647,5.24294787164457e-05,7.02912477411587e-05,"time12",0.422966862619348
"2452","VAMP2_HUMAN",0.00472473171731758,0.0369722754588055,7.41948076923637e-06,2.75248328986128e-06,"time0",-1.43058442225311
"2453","GNAS2_HUMAN",0.0840654782950878,0.203535914818224,0.000175447221891601,0.000208881341077248,"time12",0.251646521649278
"2454","GNAI1_HUMAN",0.0987654246771188,0.227011289394017,8.55707839315744e-06,1.3819282159909e-05,"time12",0.691492464558532
"2455","CANB1_HUMAN",0.0185294803231955,0.0793730758610123,8.62389530870002e-05,6.0260587812801e-05,"time0",-0.517124918554244
"2456","1433Z_HUMAN",0.0309848096221685,0.110031074835442,0.00163145563563937,0.00192696053338686,"time12",0.240167267107849
"2457","2ABA_HUMAN",0.381798435002565,0.54065482509965,6.42614155655511e-05,7.38195841329827e-05,"time12",0.200050848913629
"2458","DYL1_HUMAN",0.000554826110601426,0.012050317530131,0.000108361846476119,0.000227813038264796,"time12",1.07199343591262
"2459","DYLT1_HUMAN",0.0105982609093189,0.0578602989636777,3.62215614611999e-05,5.61071204957498e-05,"time12",0.631335133157972
"2460","RL38_HUMAN",0.279625921636786,0.435732003546966,1.36449891345073e-05,1.52891377670648e-05,"time12",0.16413580222051
"2461","SKP1_HUMAN",0.271005628630519,0.427044701479295,4.43817858523285e-05,5.61360963900861e-05,"time12",0.33896102429491
"2462","RS21_HUMAN",0.000209126621484757,0.00717881212717501,1.52975317054399e-05,4.50639245907818e-05,"time12",1.55867407322599
"2463","IF5A1_HUMAN",0.205409692600369,0.349625856217291,0.000109539476135114,0.000121810391937387,"time12",0.153186332369646
"2464","RACK1_HUMAN",0.0345367342233658,0.118180779735363,8.72513237930865e-05,0.000117109654070242,"time12",0.424611085546727
"2465","ACTG_HUMAN",0.0234101433306932,0.0919321407720123,0.0344186576683614,0.0323724473716079,"time0",-0.0884243951361889
"2466","UBC9_HUMAN",0.411258108705695,0.568884827072514,4.67721025464531e-05,4.06519207154952e-05,"time0",-0.202324765551798
"2467","PP2AA_HUMAN",0.95152647420764,0.978726989916003,0.00017387880096278,0.000173245628548061,"time0",-0.00526310243922855
"2468","YBOX1_HUMAN",0.000966848284767555,0.015441135842023,4.03934569856322e-06,1.65142949329191e-05,"time12",2.03152184967613
"2469","SC11A_HUMAN",0.289355352877528,0.445680037774038,7.27721638656335e-05,7.33872814028356e-05,"time12",0.012143344663328
"2470","CSK2B_HUMAN",0.489846087992191,0.638284690125489,4.45177383225828e-05,5.90576002523889e-05,"time12",0.407742435246299
"2471","TPM4_HUMAN",0.000686680701191712,0.013188243820637,2.33333474610994e-05,6.46216764925788e-05,"time12",1.46962488435068
"2472","UB2L3_HUMAN",0.0472590494900942,0.143361250687828,0.000116188385080145,0.000163916903536049,"time12",0.496498781457875
"2473","EF1A1_HUMAN",0.0220988541841507,0.0891585734945483,0.00132125612698791,0.00179055617984594,"time12",0.438497623095336
"2474","ACTS_HUMAN",0.0289664134077584,0.105113236503366,0.000146064270074738,5.69957463853989e-05,"time0",-1.35767715284482
"2475","TBA1B_HUMAN",0.318746328073985,0.477639693323108,1.17464476572224e-05,1.05321351106906e-05,"time0",-0.15742659099779
"2476","TBA4A_HUMAN",0.0105982609093189,0.0578602989636777,0.000458486621486705,0.000356213799637008,"time0",-0.364136229809328
"2477","TBB4B_HUMAN",0.0426517054438591,0.134148169397591,0.0041223658619871,0.00527665524676714,"time12",0.356151176869696
"2478","CSK21_HUMAN",0.387078282608515,0.546318190458568,0.000142939662602502,0.000175406462520091,"time12",0.295295614112854
"2479","PA1B2_HUMAN",0.0219022201706537,0.0889340320049725,3.78618986859381e-05,4.85452667624116e-05,"time12",0.358583876885391
"2480","H31_HUMAN",0.643518418825786,0.764770297581858,2.08266713028657e-06,1.3719919093467e-06,"time0",-0.602160299970032
"2481","HBB_HUMAN",0.104839904233813,0.233106815154345,0.00238391760138444,0.00438359876564269,"time12",0.878781382478652
"2482","NOMO3_HUMAN",0.475495811536078,0.627005826166856,4.13180320358407e-05,4.66203943375796e-05,"time12",0.174189666769492
"2483","HBG1_HUMAN",0.610120154797508,0.737768442045732,1.33851555747822e-05,4.23204083314344e-05,"time12",1.66071964003796
"2484","HBA_HUMAN",0.177192710340023,0.324392732032339,0.00181769465851096,0.00378404069656931,"time12",1.05781773275324
"2485","NOP14_HUMAN",0.589638551626567,0.719932761419764,2.38802429297387e-07,6.34877341960837e-07,"time12",1.41066037774883
"2486","IGBP1_HUMAN",0.0415456933292035,0.133057601209293,1.83407315946829e-05,1.01741011231777e-05,"time0",-0.850149849115207
"2487","SHPS1_HUMAN",0.0635564886033535,0.169625963551309,0.000198150947309137,0.000117559562879797,"time0",-0.75320796472185
"2488","ADAM8_HUMAN",0.5462142100259,0.687718692345004,1.34316543512358e-05,1.58317159497884e-05,"time12",0.23718062341326
"2489","SERB_HUMAN",0.00350433028726648,0.0309779118718051,9.54208710039307e-07,3.15794158874747e-06,"time12",1.72660772601094
"2490","IF4G2_HUMAN",0.0024679125845843,0.0256362467264731,9.33195229592903e-05,4.18095335213116e-05,"time0",-1.15834698543051
"2491","RPP30_HUMAN",0.361310428526179,0.521659944304294,6.60113280225318e-08,3.29630934823967e-07,"time12",2.32006611349659
"2492","GTF2I_HUMAN",0.577429828019585,0.715260962828905,2.49838123082443e-05,3.13318718040774e-05,"time12",0.326637324422266
"2493","PI42B_HUMAN",0.368401716497868,0.528231767165037,4.61770292453452e-06,7.11259842357824e-06,"time12",0.623201349755008
"2494","SRPK2_HUMAN",0.341105564996993,0.503736938325389,2.65064427679997e-06,4.11894048027389e-06,"time12",0.635930209196714
"2495","TCPB_HUMAN",0.00186400674283505,0.0217031428361671,0.000299643669527225,0.000442037906707992,"time12",0.560922197521185
"2496","OLR1_HUMAN",0.762099583946506,0.857900643594511,2.48737119414622e-05,2.37953483778456e-05,"time0",-0.0639422426188104
"2497","KRT83_HUMAN",0.177622011461693,0.324392732032339,9.01265890500668e-06,4.31647612101268e-05,"time12",2.25982931114624
"2498","KRT85_HUMAN",0.266402424640499,0.422523017094451,2.01031597379555e-06,0.000179003830847097,"time12",6.47642437607005
"2499","RAE1L_HUMAN",0.0966524473650639,0.226749830365879,2.61566975712397e-06,6.69077511238861e-06,"time12",1.35499294972108
"2500","GSTO1_HUMAN",0.280086781829596,0.435732003546966,0.000301311277033945,0.000257321746264564,"time0",-0.227681284601413
"2501","PRKDC_HUMAN",0.416129898279905,0.572386780791985,0.00043263142857711,0.000465940002816972,"time12",0.107005723004535
"2502","ADA17_HUMAN",0.932646638965876,0.97016690605071,5.88752006788695e-07,6.90526861338899e-07,"time12",0.230037463858857
"2503","BL1S1_HUMAN",0.811028083887393,0.890327282679544,9.02603417081686e-06,8.26095579571637e-06,"time0",-0.12778352865985
"2504","MAP1A_HUMAN",0.00641962854143369,0.0445347750034651,6.08020778010764e-07,6.47580330009716e-06,"time12",3.41286663390986
"2505","CRADD_HUMAN",0.0289456420523949,0.105113236503366,1.2591463523101e-05,6.4525632644975e-06,"time0",-0.9645016927482
"2506","DRB3_HUMAN",0.0653498710569671,0.173097463336259,1.35309777730427e-05,2.2498966896092e-05,"time12",0.733592662679911
"2507","PHLD_HUMAN",0.00669228378824031,0.0454238762126811,3.08762515063757e-07,3.834643828716e-06,"time12",3.63452306311768
"2508","CXCL6_HUMAN",0.150785565027971,0.294905756356278,4.64357537113854e-07,1.87404724126214e-06,"time12",2.01284936413001
"2509","NGAL_HUMAN",5.59259206056596e-05,0.00367082993162203,0.00479047890715237,0.00240318501022349,"time0",-0.995222171054071
"2510","IN35_HUMAN",0.0371979106569159,0.122753105167823,3.23649667603854e-05,5.74223274107689e-05,"time12",0.827178784075454
"2511","NUCB2_HUMAN",0.104839904233813,0.233106815154345,0.000274356781293686,0.000370008682445569,"time12",0.431505889294051
"2512","GABT_HUMAN",0.16639508773146,0.315616976506832,7.69906098324312e-06,1.15098838990653e-05,"time12",0.580118877784314
"2513","S10AC_HUMAN",0.134735083207488,0.273918533695822,0.00541896047539634,0.00471745400497716,"time0",-0.200007672824552
"2514","BASP1_HUMAN",0.477106481790543,0.627005826166856,0.000706201600260008,0.000591801262546776,"time0",-0.2549673158871
"2515","LV321_HUMAN",0.95152647420764,0.978726989916003,8.31052739989196e-05,8.11639404980955e-05,"time0",-0.0341011262880765
"2516","DCD_HUMAN",0.0666647087782622,0.174490931434075,0.000242424960412444,0.000419383597966964,"time12",0.790732190585
"2517","TMF1_HUMAN",0.683480902201426,0.79579560016552,9.38773343815814e-07,8.71684124160044e-07,"time0",-0.106971443317646
"2518","RT22_HUMAN",0.722282962716192,0.829653103135349,4.47159359803278e-06,1.88998043212416e-06,"time0",-1.2424177768102
"2519","RT25_HUMAN",0.0360316862182336,0.120434953431175,0,1.24950943090824e-06,"time12",Inf
"2520","RT10_HUMAN",0.0329693812442201,0.114425400448418,2.61698549982563e-07,1.67817092876605e-06,"time12",2.6809118319719
"2521","RT35_HUMAN",0.0590582290905367,0.162648302403985,2.12469204478219e-07,6.5045366453178e-07,"time12",1.61419253874573
"2522","KGD4_HUMAN",0.269947536398663,0.427011820685703,7.07147747708912e-06,1.01005071361878e-05,"time12",0.514344150336127
"2523","RT09_HUMAN",0.401678166469773,0.560828351641878,4.22914857282662e-07,8.91244537685131e-07,"time12",1.075454085403
"2524","SARNP_HUMAN",0.0759269629825577,0.191274462207852,1.72396847764609e-07,6.28569791074873e-06,"time12",5.18826763775332
"2525","LACTB_HUMAN",0.0056441315465957,0.0411126801558733,2.47188280232412e-05,4.61249006250394e-05,"time12",0.899935459567511
"2526","COG7_HUMAN",0.116924826159794,0.25014039636549,2.79829341528271e-06,6.44617680497177e-06,"time12",1.20389651466885
"2527","RL24_HUMAN",0.0612857017805365,0.1653263038988,5.52320849256191e-06,1.06405463366473e-05,"time12",0.945993734567115
"2528","TXN4A_HUMAN",0.12417472567758,0.260091091719384,7.23511423914776e-07,1.84554543372986e-06,"time12",1.35095955281449
"2529","CBX1_HUMAN",0.866585628639051,0.922987867307606,2.59384412083739e-06,3.280906798901e-06,"time12",0.339002829365429
"2530","ARF5_HUMAN",0.862662739174041,0.919629580775753,3.45440891805346e-05,3.61795937382158e-05,"time12",0.0667373349799821
"2531","ERH_HUMAN",0.119076568633318,0.252752076917842,7.23907364938873e-06,1.07204350788872e-05,"time12",0.566486458167465
"2532","RHOG_HUMAN",0.0145380161702633,0.0681564973087937,0.000219667092790009,0.000165627063339518,"time0",-0.407380335740545
"2533","RL19_HUMAN",0.000227585553848656,0.00751938009837076,4.15368990516939e-06,1.60597469679094e-05,"time12",1.95098374187449
"2534","SRSF3_HUMAN",0.00218777544796467,0.0241684411185438,4.21594332524053e-05,6.74986329995053e-05,"time12",0.679002811597728
"2535","H33_HUMAN",0.628155653709986,0.751296299481327,9.76671714530408e-06,7.84417796296078e-06,"time0",-0.31625144859864
"2536","FOXK1_HUMAN",0.0144328239388418,0.0681564973087937,3.87771181047334e-06,2.54840692229886e-07,"time0",-3.9275380205812
"2537","CCZ1B_HUMAN",0.0221067884388793,0.0891585734945483,5.31324976298239e-06,1.08387620187312e-05,"time12",1.02853354730769
"2538","TSG6_HUMAN",0.0798581084008914,0.197772189679956,2.71657338671456e-06,4.91416046305457e-06,"time12",0.855156945938658
"2539","MUC5A_HUMAN",0.416129898279905,0.572386780791985,0.00336899817218468,0.00292188821447185,"time0",-0.205418661135058
"2540","PGBM_HUMAN",0.0024679125845843,0.0256362467264731,2.73587952574075e-05,0.000139914671597522,"time12",2.35447064517056
"2541","XIAP_HUMAN",0.833935414088552,0.902699570197702,7.47723900472664e-07,5.55034304370688e-07,"time0",-0.429928707298385
"2542","RHG04_HUMAN",0.00147982763550481,0.0189678336198932,0.000230880154477851,0.000104945973169523,"time0",-1.13749735947588
"2543","RBM10_HUMAN",0.0323129112432441,0.11326585613609,3.36464221640771e-06,3.88499684084491e-07,"time0",-3.11446777155131
"2544","RBM3_HUMAN",0.0243902414330541,0.0947839375924736,1.24909925670854e-07,1.70253546958795e-06,"time12",3.76872482782929
"2545","AT2C1_HUMAN",0.100348246462291,0.227011289394017,0,5.17794799573375e-07,"time12",Inf
"2546","AT11A_HUMAN",0.741259697119932,0.843191398302016,2.36787735660488e-05,2.21699606240229e-05,"time0",-0.0949881511646921
"2547","CYC_HUMAN",0.00798104073089138,0.0506058983923718,1.38102093194076e-05,8.57175860207123e-06,"time0",-0.688072059977425
"2548","EM55_HUMAN",0.0012320164127077,0.0175641036696892,2.214844826818e-05,7.72666686088992e-06,"time0",-1.51928752446708
"2549","TFAM_HUMAN",0.501155479478209,0.651266912973947,2.22615132722623e-05,1.09573326372539e-05,"time0",-1.02265502293527
"2550","PIPNA_HUMAN",0.280086781829596,0.435732003546966,5.75542140020766e-05,8.54131936455761e-05,"time12",0.569537374547898
"2551","S25A3_HUMAN",0.157947674393654,0.303741615954055,0.000248718686478772,0.000159284099612947,"time0",-0.642912644359077
"2552","VIGLN_HUMAN",0.990915712694351,1,4.87431846608851e-05,5.86977711222035e-05,"time12",0.2681052088525
"2553","TF2B_HUMAN",0.126278928554698,0.262352709654682,1.38093859316602e-05,1.0234355571048e-06,"time0",-3.75415700020264
"2554","CDK5_HUMAN",0.0612857017805365,0.1653263038988,7.6371923702598e-06,3.74956475919031e-06,"time0",-1.02631922303764
"2555","CDK16_HUMAN",0.167253563317042,0.316642007509569,8.07090912718023e-07,1.47159439118076e-06,"time12",0.866576986252177
"2556","PURA_HUMAN",0.00100019924257421,0.0158888033933398,4.2452944487605e-06,1.18039831043318e-05,"time12",1.4753372348411
"2557","CLH1_HUMAN",2.07982957363129e-05,0.00221836107916066,0.00134707904695486,0.00197119380595282,"time12",0.54923511678679
"2558","NFKB2_HUMAN",0.225967837200517,0.373259372676629,4.73335150648002e-06,1.06055424729073e-05,"time12",1.16388444844941
"2559","FKBP3_HUMAN",0.000665700801382122,0.0129684755451225,2.26783691544801e-06,9.08371974878782e-06,"time12",2.00196629964666
"2560","PLCB2_HUMAN",0.0351733826150206,0.119573485691245,0.000132559449386679,4.01295610205693e-05,"time0",-1.72390223555163
"2561","REEP5_HUMAN",0.0149061177689913,0.0693953557554052,1.66009258094947e-06,3.74599961383935e-06,"time12",1.17408705003858
"2562","DHSO_HUMAN",4.40757721662522e-05,0.0032908073393628,6.46142511443726e-05,0.000106911708258051,"time12",0.726495554018726
"2563","HNRPU_HUMAN",0.109432058408856,0.237064899740731,0.000253789395874334,0.000320524229005163,"time12",0.336801626823872
"2564","ECT2L_HUMAN",0.624834867127387,0.74867375353097,6.89714374058573e-06,8.18191468967666e-06,"time12",0.246439461049263
"2565","IRF9_HUMAN",0.409391616351792,0.567881125050918,2.32939310090855e-06,3.30240322203624e-06,"time12",0.50356215877811
"2566","U2AF1_HUMAN",0.0056441315465957,0.0411126801558733,2.35417506133765e-05,1.29023760832405e-05,"time0",-0.867584831375559
"2567","SPTB2_HUMAN",0.328469857573509,0.488655157979221,0.000510110057506035,0.000609016689481558,"time12",0.255673218571419
"2568","TIAR_HUMAN",0.00409191859319734,0.0339282807840564,3.17136778164434e-06,8.65361250525335e-06,"time12",1.44819732502607
"2569","SET_HUMAN",0.381798435002565,0.54065482509965,0.000100218648233479,0.000130759724847759,"time12",0.38376726272769
"2570","SRSF2_HUMAN",0.00798104073089138,0.0506058983923718,5.7751445401331e-06,1.68202936812864e-05,"time12",1.54227393536046
"2571","CD83_HUMAN",0.168166829372509,0.318128129141878,8.64553483688604e-07,2.00716136053131e-06,"time12",1.21512948221057
"2572","RUNX1_HUMAN",0.18144920772142,0.324392732032339,9.41319478770612e-07,0,"time0",-Inf
"2573","GALK2_HUMAN",0.177622011461693,0.324392732032339,1.64385982067049e-06,2.8127423625461e-06,"time12",0.774890133675776
"2574","AMPD3_HUMAN",0.730341996997595,0.833301384539949,0.00019105151215057,0.000191772421210818,"time12",0.00543358481498865
"2575","AMPD2_HUMAN",0.321901983361352,0.481428398199127,1.2332816109772e-05,1.4882439338553e-05,"time12",0.27110874750835
"2576","DIAC_HUMAN",0.000540753040849622,0.012050317530131,6.74186814697676e-05,2.45454778543815e-05,"time0",-1.45769115877541
"2577","FABP5_HUMAN",0.0919496268033981,0.217856057475881,0.000138927850979407,0.000191386833276259,"time12",0.462155734460654
"2578","ANK2_HUMAN",1,1,2.95182524461538e-07,2.20542004871168e-06,"time12",2.90137424262525
"2579","CAP1_HUMAN",0.190929520875216,0.334925705781986,0.00101372321904316,0.00082402989089664,"time0",-0.298895225381253
"2580","FLI1_HUMAN",0.00710838809789525,0.0466777232444876,1.39708728456435e-05,4.10043099569608e-06,"time0",-1.76857469324618
"2581","K22O_HUMAN",0.0332436644944335,0.114777114465463,0.000313284565307738,0.000793703207723573,"time12",1.34112594235952
"2582","HMCS1_HUMAN",0.00660066414773902,0.0452716339456096,4.06996333100296e-06,1.19327003243984e-05,"time12",1.55183285487627
"2583","IFM3_HUMAN",0.110313630704496,0.238129134874578,8.47393251956526e-06,1.81491079075577e-05,"time12",1.09879509117967
"2584","IFM2_HUMAN",0.183969093486667,0.326164261025782,0.000307669340679477,0.00024447900852784,"time0",-0.331670088219681
"2585","EXOSX_HUMAN",0.0614116944970624,0.165454240519149,5.74009887756919e-05,1.53868809725533e-05,"time0",-1.89937477161872
"2586","OTUD4_HUMAN",0.0755605675259413,0.191274462207852,1.89304103419935e-07,1.56961512728072e-06,"time12",3.05163326197579
"2587","PFKAP_HUMAN",0.000871820375323296,0.0148049152581706,5.68338533323553e-05,9.09868871979322e-05,"time12",0.678908109344447
"2588","EWS_HUMAN",0.0143440894271694,0.0681564973087937,3.14451946292515e-06,1.03654124546788e-05,"time12",1.7208660542473
"2589","PLCB3_HUMAN",0.190413502277319,0.334905727061964,8.6742873570031e-06,2.21457969590215e-05,"time12",1.35221577439813
"2590","NAAA_HUMAN",0.00252617426850217,0.0259188011554187,2.70848119164922e-07,9.09558337555152e-06,"time12",5.06961019536679
"2591","PYRD_HUMAN",0.919863666555892,0.962569320311552,3.3870497546136e-06,3.45177284323724e-06,"time12",0.0273083460332756
"2592","ODO1_HUMAN",0.00347515568137169,0.0309779118718051,7.89255352863775e-05,0.000115078169725099,"time12",0.544050135564888
"2593","MMSA_HUMAN",0.00687373926078973,0.0461434668359746,6.40957008681182e-05,3.98568512358062e-05,"time0",-0.685399854152988
"2594","CP27A_HUMAN",0.0097927288917192,0.0552934577346026,1.35168548510235e-05,3.66138023709959e-05,"time12",1.43762810704088
"2595","BDH_HUMAN",0.811993393613123,0.890895764153413,3.93899918371948e-05,3.93808191391048e-05,"time0",-0.000335997711381258
"2596","SEMG2_HUMAN",1,1,4.43731700387475e-06,1.45497627151241e-06,"time0",-1.60869199848061
"2597","CO7A1_HUMAN",0.672603817441517,0.788201412905273,2.51613633568257e-06,1.01443477456337e-06,"time0",-1.31053398944518
"2598","DSG1_HUMAN",0.0919496268033981,0.217856057475881,0.000134400204995574,0.000228321586895147,"time12",0.764531928464761
"2599","DSC2_HUMAN",0.0415456933292035,0.133057601209293,5.0649755991418e-05,9.67759147942766e-05,"time12",0.934092721190753
"2600","RL18A_HUMAN",0.000343544314493334,0.00936561394482852,1.79182561370022e-06,8.00020558266584e-06,"time12",2.15860683720894
"2601","MP2K1_HUMAN",0.029325857758522,0.105966937925984,0.000129999474114155,9.34041644330445e-05,"time0",-0.476947007973431
"2602","FKBP4_HUMAN",0.449162478002393,0.601670213300806,6.70846745309084e-05,5.61236934149214e-05,"time0",-0.257373267268863
"2603","PLOD1_HUMAN",0.00145747698843479,0.0189678336198932,7.17691436107079e-05,0.000119944295050869,"time12",0.740928929007923
"2604","MUC2_HUMAN",0.0527089697707192,0.154179342188889,6.33006282811206e-05,0.000185407126121913,"time12",1.55040497090958
"2605","NUCB1_HUMAN",0.655438425019384,0.775080917172991,0.00021750828903144,0.000200936519052569,"time0",-0.114330592330127
"2606","RL6_HUMAN",0.00528069506009683,0.0393286678228907,1.66897631556657e-05,3.84032028329678e-05,"time12",1.20226315538171
"2607","TOP2B_HUMAN",0.270121299607043,0.427044701479295,2.77305376015083e-05,3.52097287293947e-05,"time12",0.344498526477643
"2608","M2OM_HUMAN",0.948277822491336,0.978249297709974,4.43755448778222e-05,4.40749521574649e-05,"time0",-0.00980583062934921
"2609","GSTM4_HUMAN",0.105645429201877,0.233106815154345,1.46658395584298e-06,2.25474819079175e-07,"time0",-2.70142143366888
"2610","ENL_HUMAN",0.0759269629825577,0.191274462207852,1.30145013153073e-06,2.78217508370454e-07,"time0",-2.22583491477506
"2611","GNA12_HUMAN",0.18144920772142,0.324392732032339,2.58694459265572e-07,0,"time0",-Inf
"2612","ACY1_HUMAN",0.0795771015880596,0.197772189679956,4.17368262538249e-06,1.05320942271285e-05,"time12",1.33539952930751
"2613","KMT2A_HUMAN",0.475532659596901,0.627005826166856,2.33223258065921e-06,9.93471994741315e-07,"time0",-1.23116046308316
"2614","TNAP2_HUMAN",0.0420948818080113,0.134050905874278,9.87225836708038e-05,5.8630613877905e-05,"time0",-0.751725989574587
"2615","CENPC_HUMAN",0.589638551626567,0.719932761419764,5.64248645483074e-07,2.48668483278073e-07,"time0",-1.18210738093807
"2616","LMNB2_HUMAN",0.0605652313679457,0.163913061604322,2.16337532504942e-05,3.74765530569158e-05,"time12",0.792704284907209
"2617","UPAR_HUMAN",0.913903671752854,0.959192279605791,2.73068519824268e-05,2.96405050563849e-05,"time12",0.118307025125139
"2618","KIME_HUMAN",0.0832230814775737,0.203160526303493,1.21727605366309e-06,2.98471181449622e-06,"time12",1.29393526111251
"2619","TAP1_HUMAN",0.0516441571756024,0.15278382902916,5.64704889365498e-05,3.73450524445845e-05,"time0",-0.59657999837777
"2620","TAP2_HUMAN",0.0516441571756024,0.15278382902916,9.71889305779704e-06,1.96908493160731e-05,"time12",1.01866142843217
"2621","PRB3_HUMAN",0.064865178868529,0.172314991523323,9.70582559940592e-06,2.58595740636382e-06,"time0",-1.90815242452237
"2622","TF65_HUMAN",0.0475704132471846,0.143916148714846,2.38982949778933e-06,5.6899321817308e-06,"time12",1.25150376425494
"2623","UBXN1_HUMAN",0.5462142100259,0.687718692345004,2.39395913408875e-05,2.79679693751388e-05,"time12",0.224376985137062
"2624","GLGB_HUMAN",0.700032921507955,0.810014846990898,0.000243664416541762,0.000227958757376841,"time0",-0.0961227493595742
"2625","FOLH1_HUMAN",0.889425968658704,0.940772323498926,1.37793276612394e-05,1.37515885011065e-05,"time0",-0.00290721616879372
"2626","IF4G1_HUMAN",0.919296527281404,0.96214441167896,5.70141250433396e-05,4.74022431301344e-05,"time0",-0.266364055267659
"2627","K1C17_HUMAN",0.0185294803231955,0.0793730758610123,0.000356154205254827,0.000786829523095781,"time12",1.14354906598148
"2628","NOTC2_HUMAN",0.855132140584706,0.913870841181422,1.10254632350488e-06,9.68505862498814e-07,"time0",-0.187006585117402
"2629","TLE3_HUMAN",0.796000134909944,0.878999594345923,2.91635791491847e-06,3.35517384017598e-06,"time12",0.20221973039816
"2630","LGUL_HUMAN",0.01283373311162,0.0647911684654303,2.55255612383581e-05,4.09256580682236e-05,"time12",0.681062932414576
"2631","AK1C1_HUMAN",0.0590582290905367,0.162648302403985,0,1.1513048424904e-06,"time12",Inf
"2632","SSBP_HUMAN",0.244946429505944,0.395529879275211,9.80964357328988e-05,8.1639029712738e-05,"time0",-0.26494168214495
"2633","REL_HUMAN",0.148778617087727,0.292995278557532,8.22610713089883e-07,4.31280600763705e-06,"time12",2.39034505862805
"2634","1433F_HUMAN",0.0426517054438591,0.134148169397591,0.000184535991629192,0.000138489498033525,"time0",-0.414125647203878
"2635","PLP2_HUMAN",0.0798633847925312,0.197772189679956,1.67826035715118e-05,2.13693958927772e-05,"time12",0.348579578129797
"2636","CSTF1_HUMAN",0.41849223344682,0.572386780791985,1.47421448915193e-07,4.48527686897557e-07,"time12",1.60525060018321
"2637","UBE3A_HUMAN",0.659200818819338,0.77814357525848,7.57580669481384e-06,6.99542085274538e-06,"time0",-0.114988665066124
"2638","PTN12_HUMAN",0.119501238444944,0.253113793344557,7.00951656180911e-05,5.39564517264518e-05,"time0",-0.377519469492258
"2639","LEG10_HUMAN",0.0120476223528385,0.0622193255917365,0.000216379109238597,0.000436079913353438,"time12",1.01103132079086
"2640","FAK1_HUMAN",1,1,1.91488963894341e-05,1.07405287142422e-06,"time0",-4.15612432911444
"2641","LIPS_HUMAN",0.0169675630125841,0.0754633312540319,6.12306163472116e-06,2.2190524176853e-06,"time0",-1.46430945855061
"2642","KPCZ_HUMAN",0.0590582290905367,0.162648302403985,3.84974958007989e-05,5.16150089747934e-07,"time0",-6.22083015002796
"2643","SRS11_HUMAN",0.0829604137452953,0.202916687674303,5.14914846306143e-07,2.55934416117705e-06,"time12",2.31336839068216
"2644","KPCD_HUMAN",0.0145380161702633,0.0681564973087937,0.000415722051090092,0.000268955055676498,"time0",-0.628254166465936
"2645","COEA1_HUMAN",0.0590582290905367,0.162648302403985,0,6.31953185809316e-06,"time12",Inf
"2646","RN5A_HUMAN",0.488973478738848,0.638284690125489,2.09545877763555e-05,1.71570895747156e-05,"time0",-0.288461297207495
"2647","ITIH3_HUMAN",0.493762736661269,0.642817093739704,4.18163872630035e-06,5.9155264630644e-06,"time12",0.500438144233871
"2648","PTN11_HUMAN",0.000280761392445824,0.00833464839628765,2.73442019448252e-06,1.02783180076424e-05,"time12",1.91029733243915
"2649","KDSR_HUMAN",0.446872820710831,0.599409691916863,7.17686742217441e-07,3.86645347216959e-07,"time0",-0.892343417980591
"2650","BTK_HUMAN",0.00602998215296531,0.0424607496668727,6.35363942243703e-05,3.41759589168045e-05,"time0",-0.894601399631277
"2651","PUR1_HUMAN",0.41849223344682,0.572386780791985,2.44569488534211e-07,5.23272512520178e-07,"time12",1.09731804574592
"2652","GFPT1_HUMAN",0.00186400674283505,0.0217031428361671,7.21270266270286e-05,0.000106330597831024,"time12",0.559944952090531
"2653","EXOS9_HUMAN",0.2553403615339,0.408558258623623,0.000174915177108761,6.48350499153392e-05,"time0",-1.43180962302532
"2654","PSME1_HUMAN",0.253436105325818,0.40660055254126,0.000295515941219422,0.000339259417765211,"time12",0.199152908298602
"2655","SUH_HUMAN",0.513591682337011,0.662935426255945,2.49463060330657e-06,3.46909667550706e-06,"time12",0.475733843836
"2656","GABPA_HUMAN",0.0825692915324791,0.202540607114373,4.91167161005003e-06,2.99254379227591e-06,"time0",-0.71484174721009
"2657","GABP1_HUMAN",0.812703686128436,0.891020395970108,7.87875208469419e-07,1.82551714659488e-06,"time12",1.2122661752206
"2658","FMR1_HUMAN",0.660281507172254,0.778572295977118,1.63651793107673e-06,1.45789495965238e-06,"time0",-0.166742631652706
"2659","FMOD_HUMAN",0.0474722551429182,0.143788935075381,1.43064927325225e-05,2.01531498724751e-05,"time12",0.494335309352586
"2660","PRDX1_HUMAN",0.0120476223528385,0.0622193255917365,0.00063660660675979,0.00108250826348565,"time12",0.765904003437123
"2661","RL18_HUMAN",0.000312754884362221,0.00898117752065167,1.92640296713004e-05,4.10761306631096e-05,"time12",1.09239076808567
"2662","C1QBP_HUMAN",0.0404897220432758,0.130234307896869,0.000226827883572427,0.000148089288365792,"time0",-0.61513070827531
"2663","CKAP4_HUMAN",0.0364349968731403,0.120836333327744,0.000441093224996039,0.000249111765358802,"time0",-0.824290440844311
"2664","ZO1_HUMAN",0.000355320202585978,0.00956003409930651,4.75053030887388e-06,2.15357995201798e-05,"time12",2.1805764070975
"2665","TISB_HUMAN",0.100348246462291,0.227011289394017,5.23567978155519e-07,0,"time0",-Inf
"2666","SPAG1_HUMAN",0.0903104359558655,0.215339015554645,1.6217627833252e-05,1.088279682177e-05,"time0",-0.575513441402866
"2667","TFF3_HUMAN",0.795266134938758,0.87883896836063,0.000102590119019564,0.000100520608928129,"time0",-0.0294004684436975
"2668","KHDR1_HUMAN",0.0043382328003645,0.0349221893754409,2.00773234725245e-05,4.01765385540087e-05,"time12",1.00078631769888
"2669","BAX_HUMAN",0.194496319612348,0.340083875013043,8.93276261888804e-05,6.86496052982131e-05,"time0",-0.37985499836588
"2670","KLC1_HUMAN",0.462224494903368,0.613935269748236,2.75995684956654e-05,3.03046212445196e-05,"time12",0.134892100037498
"2671","SOS1_HUMAN",0.726286148878805,0.831789014562765,2.4113977795737e-06,7.69495725889526e-07,"time0",-1.64788443645161
"2672","SOS2_HUMAN",0.08583539532396,0.206565195918619,2.76087309402917e-05,1.34630993842014e-05,"time0",-1.03611399896353
"2673","LRP1_HUMAN",0.119150015337721,0.252818132011441,4.95148534671251e-06,9.2681981779899e-06,"time12",0.904427523258321
"2674","SRSF1_HUMAN",0.000498920343552337,0.0117324850867642,7.64479491914355e-06,3.22832203135321e-05,"time12",2.07823479222761
"2675","RHG01_HUMAN",0.0803273618221283,0.197772189679956,0.000600488310323515,0.0004847372581709,"time0",-0.308933185258024
"2676","ACTN3_HUMAN",0.722282962716192,0.829653103135349,9.79090653712695e-06,1.50961206248555e-06,"time0",-2.69726458883327
"2677","TLE5_HUMAN",0.100348246462291,0.227011289394017,0,1.09241544484084e-06,"time12",Inf
"2678","TGM3_HUMAN",0.114176673814654,0.244963100824329,0.000934913185451572,0.00130448776720025,"time12",0.480579105413761
"2679","PP2BA_HUMAN",0.411258108705695,0.568884827072514,7.18744035319285e-05,8.28018528158504e-05,"time12",0.204184972133445
"2680","DHX9_HUMAN",0.0497101210057736,0.148831354770669,0.00019737823425123,0.000240235239486658,"time12",0.283484885410864
"2681","QOR_HUMAN",0.000955073029182218,0.0154179762251497,5.90570287479396e-06,2.48169070853028e-05,"time12",2.07114264539167
"2682","I10R2_HUMAN",0.105645429201877,0.233106815154345,1.23304840059598e-07,5.70756468743862e-07,"time12",2.21064587485276
"2683","GOGA3_HUMAN",0.286234810422256,0.442253148343662,5.48755201616044e-06,6.58562803159126e-06,"time12",0.263158318231207
"2684","GOGA2_HUMAN",0.00491930700654293,0.0379637627828767,3.00225094698878e-05,1.10780519063143e-05,"time0",-1.43834036811997
"2685","LG3BP_HUMAN",0.198075799271464,0.343826430993449,0.00101022818825377,0.00118267542906421,"time12",0.227372995072068
"2686","ECHP_HUMAN",0.142213241936393,0.282889273214279,2.0154924873076e-07,6.20350358955532e-07,"time12",1.6219508395267
"2687","MFGM_HUMAN",0.140562405360306,0.282889273214279,3.83818356089112e-06,6.67943706111814e-06,"time12",0.799302808380385
"2688","CP4F3_HUMAN",0.670180588960648,0.786750915460289,0.000346328062438015,0.000323923783219338,"time0",-0.0964848936979683
"2689","PDE4D_HUMAN",0.0346105575157073,0.118180779735363,1.49479778956616e-06,1.91870269916501e-08,"time0",-6.2836753403516
"2690","DSC1_HUMAN",0.236451020108448,0.385471626258787,7.89723265039695e-05,0.000144909513250621,"time12",0.875733212828245
"2691","HDHD1_HUMAN",0.801732212656982,0.882718249990811,2.16708021338973e-06,2.51872008093203e-06,"time12",0.216938241375785
"2692","CD47_HUMAN",0.000256288796663285,0.00798040746072625,0.000161070102181205,9.0228760309184e-05,"time0",-0.836029456750166
"2693","PPID_HUMAN",0.00184731593314566,0.0217031428361671,4.51858973312263e-05,1.97228084996934e-05,"time0",-1.19600756892028
"2694","SSRP1_HUMAN",0.0198817811370352,0.0831609795038593,3.53839935847366e-06,8.28282391431527e-06,"time12",1.22702583273956
"2695","RBL2_HUMAN",0.123534253752569,0.259904930491052,1.39495133297127e-05,3.36538526636731e-05,"time12",1.27055688253634
"2696","SLFN5_HUMAN",0.47719661998877,0.627005826166856,1.06219823565339e-06,1.47521831271081e-06,"time12",0.473875431791364
"2697","MB214_HUMAN",0.0952703695499981,0.224300322160874,2.96712465880762e-05,7.02702045512464e-05,"time12",1.24384755761979
"2698","VAC14_HUMAN",0.341390779564905,0.503736938325389,8.68456895223961e-06,1.88733223370774e-05,"time12",1.11982225850399
"2699","SIG14_HUMAN",0.00093446025255913,0.0154179762251497,7.6658228511885e-06,3.26823825429522e-06,"time0",-1.22992749974851
"2700","NSUN2_HUMAN",0.0634719464247325,0.169625963551309,2.35239974077785e-05,4.05729900443758e-05,"time12",0.786386389873609
"2701","RBBP4_HUMAN",0.983833581209183,1,4.88053503603544e-05,6.11565943378126e-05,"time12",0.32546875466918
"2702","NCBP1_HUMAN",0.00093446025255913,0.0154179762251497,3.49921671154005e-06,3.35662754119197e-05,"time12",3.26190854064445
"2703","MGT5A_HUMAN",0.0360316862182336,0.120434953431175,0,1.41697242919469e-06,"time12",Inf
"2704","EP300_HUMAN",0.456125851713522,0.608194272005473,1.45473207416375e-06,1.28713037219535e-06,"time0",-0.176595278537513
"2705","AHNK_HUMAN",4.40757721662522e-05,0.0032908073393628,0.00040620628774184,0.00110152275142108,"time12",1.43921481685525
"2706","FCHO2_HUMAN",0.00464356473936153,0.0366616828808267,1.49906640292343e-06,5.71023678025718e-06,"time12",1.92948627892628
"2707","APOBR_HUMAN",0.529105184599757,0.674615251429108,6.93669347946281e-05,5.96457905578665e-05,"time0",-0.21782781103084
"2708","HSP7E_HUMAN",0.843281983670924,0.909356073021561,3.36326785570241e-06,3.02205720167378e-06,"time0",-0.154332713663038
"2709","SCRN3_HUMAN",0.830324257655795,0.902699570197702,4.20607562360734e-06,4.50102940601676e-06,"time12",0.0977802007348881
"2710","K2012_HUMAN",0.41849223344682,0.572386780791985,1.82191897005273e-07,7.57961052107121e-07,"time12",2.05666492066927
"2711","CF210_HUMAN",0.0975530937032685,0.227011289394017,2.57867331211683e-06,6.52274742550322e-06,"time12",1.33885075337654
"2712","LTOR4_HUMAN",0.779828432640187,0.87192043497728,9.36632979802724e-07,1.25401166247352e-06,"time12",0.420995022647995
"2713","MGAT2_HUMAN",0.0580240199462214,0.162648302403985,2.64385131699354e-06,4.65637757624479e-06,"time12",0.816567002331872
"2714","GALT2_HUMAN",0.0107248708708659,0.0582360488288018,1.94497897001701e-05,3.01174871842342e-05,"time12",0.630846849300568
"2715","GALT1_HUMAN",0.588797086071483,0.719932761419764,2.17795610040398e-05,2.30734575635324e-05,"time12",0.0832593335278204
"2716","AP1B1_HUMAN",0.205409692600369,0.349625856217291,0.00020538482172371,0.000220630450876529,"time12",0.103302353862995
"2717","CPSF1_HUMAN",0.0323129112432441,0.11326585613609,1.7778119945127e-07,1.54481943276553e-06,"time12",3.11926354679668
"2718","BST1_HUMAN",0.000729601830244065,0.0135896747479633,0.00084305148716712,0.000391397205144018,"time0",-1.10698728856153
"2719","BST2_HUMAN",0.00837384906674997,0.0515715885887802,9.24828099739408e-07,9.47065903349718e-06,"time12",3.35620768372308
"2720","MPPA_HUMAN",0.0334855770874991,0.115345647026316,1.63947737052213e-05,1.01140123419888e-05,"time0",-0.696880544469997
"2721","FUT2_HUMAN",0.127443164015604,0.263670945155942,3.94454048356751e-06,6.64188173082073e-06,"time12",0.751734789312138
"2722","FUT7_HUMAN",0.266402424640499,0.422523017094451,1.17074172848549e-06,3.11465355733399e-06,"time12",1.41164885616297
"2723","SIA4A_HUMAN",0.00333501482314607,0.0301362232052216,4.04406058526838e-06,9.75633226884093e-06,"time12",1.27053428161201
"2724","SIA4C_HUMAN",0.0451433426811758,0.138918694402196,2.42169195186019e-06,5.00131699870393e-06,"time12",1.04629268977136
"2725","SCRN1_HUMAN",0.000871820375323296,0.0148049152581706,2.26114189648232e-05,5.85623695877011e-05,"time12",1.37292239972881
"2726","WASC5_HUMAN",0.000666553154587746,0.0129684755451225,5.15551125681365e-05,0.000103088140218052,"time12",0.999690959702197
"2727","NU160_HUMAN",0.959488114545013,0.985389014473412,1.60206743447363e-05,1.39049322567468e-05,"time0",-0.204338159115483
"2728","TF3C1_HUMAN",1,1,7.51818457311459e-07,7.93611454595114e-07,"time12",0.0780485147195674
"2729","TWF1_HUMAN",0.000868544120422707,0.0148049152581706,1.82461411661851e-05,3.59878711427337e-05,"time12",0.97991937832771
"2730","ASPH_HUMAN",0.133210150220477,0.27220808322508,1.21804914949054e-05,1.72356985172979e-05,"time12",0.500827419912504
"2731","TFCP2_HUMAN",0.0987532375193635,0.227011289394017,1.55030758068924e-05,9.98019904692771e-06,"time0",-0.635413979944188
"2732","AKP13_HUMAN",0.130121209757529,0.266992094085098,4.03349747019728e-05,3.39584370021071e-05,"time0",-0.248261293280869
"2733","FBLN3_HUMAN",0.000151093078387285,0.00602635491564066,1.73702091828308e-06,2.18962273449443e-05,"time12",3.65599528606582
"2734","SNF5_HUMAN",0.660346099350424,0.778572295977118,1.86046217179264e-06,1.61046159150185e-06,"time0",-0.208186803125822
"2735","BPTF_HUMAN",0.529368106184798,0.674615251429108,6.38788679344745e-07,1.04874940308538e-06,"time12",0.715259338978128
"2736","FSTL1_HUMAN",0.000658619122626369,0.0129684755451225,1.52741636399937e-06,8.75824599715422e-06,"time12",2.5195485867927
"2737","STX4_HUMAN",0.308520769700408,0.465822688933402,4.44250835018819e-05,3.4328308230619e-05,"time0",-0.371975727883342
"2738","GRSF1_HUMAN",0.932646638965876,0.97016690605071,9.90564394589478e-07,1.1825426342877e-06,"time12",0.255569528116853
"2739","M4K2_HUMAN",0.000513096372137833,0.0118329136323524,1.10109589716691e-05,2.49016441022259e-06,"time0",-2.14462721943529
"2740","SF3A3_HUMAN",0.00528069506009683,0.0393286678228907,3.07746344006324e-06,8.71105523944267e-06,"time12",1.5011057767928
"2741","DPYD_HUMAN",0.162447028377347,0.310494752159326,9.02752402077013e-06,1.52464748348128e-05,"time12",0.75607345401864
"2742","TP53B_HUMAN",0.410116991679081,0.568359348329269,8.72104471806965e-07,2.54567178517004e-06,"time12",1.54547354888636
"2743","TRI26_HUMAN",0.224306571197272,0.371748931676277,1.31293723944842e-06,2.20607341851708e-06,"time12",0.748682850184789
"2744","AIMP1_HUMAN",0.452164342626929,0.603795577578951,1.91512582019884e-05,2.33944652011071e-05,"time12",0.288728071338495
"2745","ILF2_HUMAN",2.07982957363129e-05,0.00221836107916066,5.68406478977189e-05,0.000143443852545318,"time12",1.33549123670576
"2746","ILF3_HUMAN",6.93021379767296e-05,0.0040922689712742,2.08831222006393e-05,9.56972240325011e-05,"time12",2.19613965293168
"2747","LMAN2_HUMAN",0.477106481790543,0.627005826166856,0.000323442652512066,0.000317314355390663,"time0",-0.0275971494680568
"2748","IRAG2_HUMAN",0.448804440990439,0.601670213300806,6.54453179143632e-06,3.37086779955965e-06,"time0",-0.957169934576664
"2749","PTPRJ_HUMAN",0.0576879289001226,0.162648302403985,0.000801805871986033,0.000561768389322876,"time0",-0.51327753665815
"2750","PTN13_HUMAN",0.177529852412153,0.324392732032339,8.0199748031246e-08,5.15181319151828e-07,"time12",2.68341067204143
"2751","EPS8_HUMAN",0.828806902024348,0.902699570197702,0.000121698431558715,0.000117230926445201,"time0",-0.0539573604854609
"2752","TRAP1_HUMAN",0.611481714366104,0.738486773918073,8.45785569570509e-05,3.85564873204165e-05,"time0",-1.13331832476756
"2753","TRAF2_HUMAN",0.914291065207661,0.959427359888503,5.74853894802173e-06,5.18203069643304e-06,"time0",-0.149677764906728
"2754","ANK3_HUMAN",0.576103543277185,0.714507156145064,6.48049506190755e-06,7.31451551202694e-06,"time12",0.17465827989124
"2755","DLG1_HUMAN",0.00971619488408052,0.0552800846650958,3.87886164877082e-07,3.79572308471203e-06,"time12",3.29066952116769
"2756","MYO1E_HUMAN",0.609189087616086,0.737768442045732,1.62583012054777e-05,2.22434965732567e-05,"time12",0.452207069555195
"2757","PP1R8_HUMAN",0.674986713970489,0.788210291797797,4.69014363756169e-07,9.41676627260322e-07,"time12",1.00559961535429
"2758","TP4A2_HUMAN",0.0124244123861936,0.0634282181049014,2.81736991379988e-06,6.08476995852337e-06,"time12",1.11085372279363
"2759","ABR_HUMAN",0.0154439100883612,0.0711970693283157,7.45822866239731e-05,4.09543827656849e-05,"time0",-0.864815178206486
"2760","SEC20_HUMAN",0.343759999660369,0.505484608067796,3.68880339261953e-06,1.69274009423285e-06,"time0",-1.12379242097003
"2761","BNIP2_HUMAN",0.343759999660369,0.505484608067796,2.69257491524195e-06,1.96079355365158e-06,"time0",-0.457548838998457
"2762","CSTF3_HUMAN",0.0440109840129515,0.136915420577791,2.09185914926318e-07,1.81836490732322e-06,"time12",3.11978412765492
"2763","ECH1_HUMAN",0.807830415666103,0.887632647677269,0.000100636056857084,9.89957886510581e-05,"time0",-0.0237082420891279
"2764","STRN3_HUMAN",0.140562405360306,0.282889273214279,4.33112444733246e-06,2.02526918460226e-06,"time0",-1.09662795266832
"2765","CDC16_HUMAN",0.855132140584706,0.913870841181422,3.20375786488776e-07,3.94871147566663e-07,"time12",0.30161684166529
"2766","STK4_HUMAN",0.0196608155965805,0.0823520698165325,0.000342522269153842,0.000185237096281754,"time0",-0.88682474112961
"2767","FLII_HUMAN",0.359877927228808,0.521659944304294,0.000154058476701301,0.000137583195151441,"time0",-0.163173799979711
"2768","COASY_HUMAN",0.0219022201706537,0.0889340320049725,7.45564263700654e-05,4.83290467363371e-05,"time0",-0.625442171872809
"2769","BIRC1_HUMAN",0.132185253503126,0.270762180786753,1.1744690479686e-05,4.93338026115251e-06,"time0",-1.25136029442094
"2770","TRAF1_HUMAN",0.938175553294234,0.973375469832632,1.93287342783272e-06,1.51763347364754e-06,"time0",-0.34892376230429
"2771","ACACA_HUMAN",0.0274481929403791,0.101515824416647,2.96479362841974e-06,7.29510736276434e-06,"time12",1.29899752456136
"2772","LCP2_HUMAN",0.681189257597514,0.794676452271475,1.94858553722787e-05,2.24299967858775e-05,"time12",0.203002150686189
"2773","CSN1_HUMAN",0.000803471237022575,0.014156736574442,2.20356182021978e-05,3.86912936349492e-05,"time12",0.812171594251467
"2774","IFT88_HUMAN",0.206296795500092,0.350557826322063,2.94767792219254e-05,5.0397678794374e-05,"time12",0.773778390833651
"2775","UBP4_HUMAN",0.0693168688057333,0.179856497557187,3.24647853356096e-05,2.06432407061446e-05,"time0",-0.653206198067208
"2776","PDZ1I_HUMAN",0.129353076219559,0.266606599123335,1.3576513014312e-05,1.99485197686773e-05,"time12",0.555168712753984
"2777","RED_HUMAN",0.000798317767497783,0.014156736574442,1.40148031810609e-05,1.9315910836791e-07,"time0",-6.18101796450228
"2778","MTAP_HUMAN",0.00118079027619512,0.0171145294994228,2.46298755614479e-05,4.38076589172654e-05,"time12",0.830773780183669
"2779","AAPK1_HUMAN",0.0289664134077584,0.105113236503366,6.78349414563621e-05,4.04902870716533e-05,"time0",-0.744452718586506
"2780","LIPA1_HUMAN",0.30458604753525,0.461164122161736,4.97909730354679e-06,2.57059500984239e-06,"time0",-0.953781873965709
"2781","CACO2_HUMAN",0.624834867127387,0.74867375353097,1.39462113062742e-06,8.88416475282751e-07,"time0",-0.650565193548782
"2782","EI2BE_HUMAN",0.219677340783047,0.366415179139106,2.96437685717318e-06,2.37299388134356e-06,"time0",-0.321020486535857
"2783","TADBP_HUMAN",0.309491092612211,0.466815731356751,5.34524198640321e-05,4.73203020214037e-05,"time0",-0.175795980503332
"2784","ROA0_HUMAN",0.00761213712394238,0.0492603413231937,3.40910856145074e-05,1.94331525858762e-05,"time0",-0.810874577868679
"2785","PAK1_HUMAN",0.209789063927493,0.352977486996877,3.70132015178499e-05,2.74031560413589e-05,"time0",-0.433697870330879
"2786","AIMP2_HUMAN",4.8305792676902e-05,0.0035621049340634,2.412946488355e-06,1.43511819311665e-05,"time12",2.57230173238869
"2787","FADD_HUMAN",0.00523759225437492,0.0393286678228907,8.14438053911643e-06,2.22786371495561e-06,"time0",-1.87014399022884
"2788","PRDX4_HUMAN",0.745654674246907,0.845947617750294,0.000102186401228375,0.000109783256422662,"time12",0.103454820755426
"2789","PAK2_HUMAN",0.0605652313679457,0.163913061604322,0.000242455930279909,0.000174681781876422,"time0",-0.472993388538242
"2790","S13A2_HUMAN",0.0637316723005716,0.169865809304469,4.56466516236334e-06,8.60453417341449e-06,"time12",0.914588054445567
"2791","CBX3_HUMAN",0.170598395168781,0.320738578138705,8.34208903007409e-05,5.36665113930449e-05,"time0",-0.636386600967086
"2792","STK3_HUMAN",0.629407072907729,0.752341093951945,7.46782297700807e-06,6.32102312524376e-06,"time0",-0.240529636286141
"2793","STX5_HUMAN",0.0208163190057353,0.0854093243821853,2.04674826869778e-05,1.03266580701751e-05,"time0",-0.986960232561445
"2794","PSMD2_HUMAN",0.000108588740731365,0.00523064958377778,4.41717375229471e-05,8.36186424475502e-05,"time12",0.920701038546011
"2795","DNJC3_HUMAN",0.776568833738566,0.870906054059416,0.000116549884079217,0.000111421043072212,"time0",-0.0649258425463956
"2796","SBP1_HUMAN",0.0011314544826746,0.016825109315811,6.45988243958999e-05,0.000182847793014325,"time12",1.50106339802257
"2797","CHIT1_HUMAN",0.00298700109124184,0.0283232790562393,0.00021865579056822,0.000110660779734864,"time0",-0.982517560797366
"2798","NDK3_HUMAN",0.000726513880057952,0.0135896747479633,3.13317237403732e-07,4.93398054975057e-06,"time12",3.97705598034867
"2799","SLAP1_HUMAN",0.0519129649350183,0.153048440057682,1.15809743543171e-06,2.23068290563264e-07,"time0",-2.37619928585186
"2800","SRSF9_HUMAN",0.726509842453364,0.831789014562765,5.01582771477661e-06,1.00494724266164e-05,"time12",1.00256006537438
"2801","SRSF6_HUMAN",0.159870249540004,0.306478176533698,1.82477413169623e-05,1.46796133968645e-05,"time0",-0.313903926238503
"2802","TIF1B_HUMAN",0.776568833738566,0.870906054059416,0.000105637960614724,0.00010674657197589,"time12",0.0150613853065314
"2803","STX3_HUMAN",0.00663953647017479,0.0452716339456096,9.58644653106834e-05,5.19880415265762e-05,"time0",-0.882816333820097
"2804","G3BP1_HUMAN",0.124134462326765,0.260091091719384,6.28992212016512e-05,4.3070300340763e-05,"time0",-0.546348770304943
"2805","NMI_HUMAN",0.253791924619774,0.406952796175546,1.20457272067856e-05,1.54492011693308e-05,"time12",0.359010750283713
"2806","SG2A2_HUMAN",0.62406453246517,0.748651828161169,2.81949192912094e-05,1.57533735004758e-05,"time0",-0.839774406094964
"2807","KCAB2_HUMAN",0.0219022201706537,0.0889340320049725,9.01113219871154e-05,6.05522556046715e-05,"time0",-0.573527681945605
"2808","PABP4_HUMAN",0.727567972294311,0.832362286633579,3.27456750818651e-06,4.11945264920098e-06,"time12",0.331148285732028
"2809","ATM_HUMAN",0.178513658005411,0.324392732032339,4.71718491128177e-06,6.49706844584949e-06,"time12",0.461862748988697
"2810","IFIT5_HUMAN",0.00441385778107854,0.0352931359121581,3.78056285871486e-06,1.37216883445269e-05,"time12",1.85978505733581
"2811","MTA1_HUMAN",0.0591720678258594,0.162648302403985,1.64159063431423e-07,1.54474627744835e-06,"time12",3.23420358656085
"2812","PTPRS_HUMAN",0.141482121482793,0.282889273214279,5.89931380008505e-07,1.40596969515969e-06,"time12",1.2529464412317
"2813","EIF3I_HUMAN",0.0666647087782622,0.174490931434075,4.57647104373867e-05,5.94043962423499e-05,"time12",0.376334149667063
"2814","2A5G_HUMAN",0.686504181787592,0.798226489744459,5.98238038558027e-06,5.60934658766662e-06,"time0",-0.0928869198190519
"2815","CTBP1_HUMAN",0.00174170214705017,0.0209741671861505,8.15520232884355e-06,1.68250769304894e-05,"time12",1.04482052593486
"2816","PLD1_HUMAN",0.634280692355755,0.757106030263974,6.07365220933504e-05,5.15750830561039e-05,"time0",-0.235890059565684
"2817","TARB1_HUMAN",0.589638551626567,0.719932761419764,2.90300613960316e-07,1.87132471798356e-06,"time12",2.68844039289952
"2818","UB2V1_HUMAN",0.529105184599757,0.674615251429108,7.8571154200795e-05,8.08103233030678e-05,"time12",0.040539851608247
"2819","RM49_HUMAN",0.665911774073553,0.784316483818001,4.78847031987029e-06,5.01709763320235e-06,"time12",0.0672881537220512
"2820","DC1I2_HUMAN",9.46526560203835e-06,0.00171321307396894,2.33034675792465e-06,1.6484816242079e-05,"time12",2.82252125480136
"2821","BT1A1_HUMAN",0.108319380730004,0.236237546646293,9.5627960880131e-06,2.99100250148845e-07,"time0",-4.99873149066944
"2822","ORC2_HUMAN",0.363606971223535,0.523084772280072,1.29071364866027e-06,8.25691920841008e-07,"time0",-0.644493472923538
"2823","ILK_HUMAN",0.00159408250364503,0.0197540555897754,0.000216405387235423,0.000107689967957773,"time0",-1.00685255489681
"2824","MSLN_HUMAN",0.0629428047254263,0.168817859283777,0.000128757022880824,0.000106666815889438,"time0",-0.271539701659307
"2825","IKZF1_HUMAN",0.0829604137452953,0.202916687674303,2.33100796719765e-06,5.85780455618826e-07,"time0",-1.9925219714254
"2826","NNTM_HUMAN",0.862662739174041,0.919629580775753,0.000171388387985606,0.000180366417312126,"time12",0.0736613797156974
"2827","SNTB2_HUMAN",0.944284670241126,0.975815282932568,1.54138885062353e-06,1.33441988373547e-06,"time0",-0.208018169456814
"2828","XRCC4_HUMAN",0.0448093025567087,0.138334583064571,4.71900911088661e-06,6.86107133501797e-06,"time12",0.539949909488758
"2829","PPIG_HUMAN",0.201242620957724,0.345670985066878,9.51420963262166e-08,5.76391449300084e-07,"time12",2.59889321487971
"2830","U119A_HUMAN",0.105645429201877,0.233106815154345,4.14785531898905e-07,5.26942221965981e-08,"time0",-2.97664888512985
"2831","SF3B2_HUMAN",0.896051343384,0.945919166528116,7.85267775674042e-06,9.39251137648106e-06,"time12",0.258326262562262
"2832","OS9_HUMAN",0.114452237704458,0.24502624222535,3.73891643779227e-05,1.73329356516586e-05,"time0",-1.10910420616551
"2833","GOGA4_HUMAN",0.0296152396113289,0.106383678231417,2.76546460682832e-05,9.98643304467223e-06,"time0",-1.46948050501456
"2834","HAP28_HUMAN",0.100000618072013,0.227011289394017,4.26368666720176e-07,3.38117906042367e-06,"time12",2.98735309515454
"2835","ADAM9_HUMAN",0.343252562436031,0.504987082618328,1.16719749539548e-06,1.75758251856073e-06,"time12",0.590543732873551
"2836","ADA15_HUMAN",0.00437017345602445,0.035037645708502,1.32566555532486e-06,3.13263803332472e-06,"time12",1.24066122839932
"2837","TMED1_HUMAN",0.23730090419784,0.386106864825306,2.6575300779507e-06,4.59039077542398e-06,"time12",0.788530953783085
"2838","FKBP5_HUMAN",0.00888604785491369,0.0531827292959914,3.71051992992138e-05,2.14865486808305e-05,"time0",-0.788187590409668
"2839","MYO9B_HUMAN",0.0220988541841507,0.0891585734945483,0.000268548854177485,0.000140430192822439,"time0",-0.935331414105775
"2840","ROCK1_HUMAN",0.375320551300672,0.535033330052247,0.000102325422422515,8.7825268849526e-05,"time0",-0.22045662963951
"2841","IL18R_HUMAN",0.583882420770365,0.719374937966459,3.24037056323989e-06,2.16746344612097e-06,"time0",-0.58015114382229
"2842","SMAD4_HUMAN",0.271898710819648,0.427044701479295,2.97041063004597e-07,9.06415824460716e-07,"time12",1.60951066514308
"2843","VPP3_HUMAN",0.0961015727370978,0.225546048706752,0.000162132652728542,0.000223589120294497,"time12",0.463675317369514
"2844","BIRC2_HUMAN",0.528612125255688,0.674615251429108,3.9431812695811e-07,3.16368623490703e-06,"time12",3.00417458631923
"2845","PICAL_HUMAN",0.198075799271464,0.343826430993449,4.99198006253361e-05,6.42529588782499e-05,"time12",0.364150720372399
"2846","MTM1_HUMAN",0.12123456632376,0.256048029843487,1.37676214943391e-05,1.27021379103838e-05,"time0",-0.116208000836997
"2847","SQSTM_HUMAN",0.281803628576277,0.436971202878012,5.86438363227778e-06,4.57622993538268e-06,"time0",-0.357819940802138
"2848","MTX1_HUMAN",0.660346099350424,0.778572295977118,2.26950131826182e-06,1.81076575867888e-06,"time0",-0.325775395479673
"2849","TBB3_HUMAN",0.114176673814654,0.244963100824329,7.45881161507474e-05,0.000163875057623597,"time12",1.1355785931174
"2850","ASAH1_HUMAN",0.338741784915328,0.500570183399123,0.000522381812082372,0.000579727318799492,"time12",0.150269805070761
"2851","PRP4B_HUMAN",0.0108269212771313,0.0586302817663693,2.40584994079195e-07,1.5832132514404e-06,"time12",2.71823702711951
"2852","PIN1_HUMAN",0.982748526001329,1,3.21140354515578e-05,3.11816371166416e-05,"time0",-0.042507290350286
"2853","RIPK1_HUMAN",0.00946503425447148,0.0544125597708933,4.09096138024401e-05,2.43127064326793e-05,"time0",-0.750729418179925
"2854","HDAC1_HUMAN",0.260840632464634,0.41568866000834,2.84680959071009e-05,3.56765224763137e-05,"time12",0.325628995814701
"2855","KCC2G_HUMAN",0.00046012099009299,0.0109932106953017,9.14360907167379e-05,4.69355700795987e-05,"time0",-0.962082041112946
"2856","KCC2D_HUMAN",0.043876264829302,0.136915420577791,2.01209423829556e-05,2.40500484374741e-05,"time12",0.257341922943547
"2857","DCTN2_HUMAN",0.164184082299471,0.312714133792965,6.25161053283696e-05,8.38435866033876e-05,"time12",0.423472529691229
"2858","ULA1_HUMAN",0.608401160955621,0.737714196993082,4.67034772232197e-05,4.29213465479669e-05,"time0",-0.121834629504646
"2859","IRF5_HUMAN",0.516136081629708,0.664354600517195,2.8639926919167e-06,3.50479820760699e-06,"time12",0.291303570698075
"2860","ITPK1_HUMAN",0.12123456632376,0.256048029843487,1.60837493384897e-05,1.01513624743989e-05,"time0",-0.663930384317567
"2861","SNW1_HUMAN",0.201242620957724,0.345670985066878,8.03044488206377e-08,1.03002917346147e-05,"time12",7.00298956958559
"2862","DGKZ_HUMAN",0.018102239875109,0.0789807733922761,7.83195097345438e-06,2.22567548218531e-06,"time0",-1.8151284801807
"2863","IQGA2_HUMAN",0.124134462326765,0.260091091719384,0.00132698414906234,0.00091967870719765,"time0",-0.528949293687148
"2864","STIM1_HUMAN",0.0836559895278504,0.203535914818224,7.29038488023104e-05,4.69700437867479e-05,"time0",-0.63425404203693
"2865","SNX1_HUMAN",0.00431368645841512,0.0349221893754409,0.000103055691464685,4.75334954929088e-05,"time0",-1.11640778011407
"2866","MTMR1_HUMAN",0.000556247323105197,0.012050317530131,1.67517319819273e-06,4.90557608431652e-06,"time12",1.55011230341855
"2867","MTMR3_HUMAN",0.0289456420523949,0.105113236503366,3.39616562184859e-05,7.41056301642361e-06,"time0",-2.1962517566083
"2868","CUL1_HUMAN",0.023185603494736,0.0915317975373813,8.55448353756399e-06,1.51820032135671e-05,"time12",0.827609499815367
"2869","CUL2_HUMAN",0.0173807792217701,0.0766549726331826,2.21700224513946e-05,3.33440046761735e-05,"time12",0.588817153842019
"2870","CUL3_HUMAN",2.48096643467388e-05,0.00246980208571785,4.0517765726169e-05,8.54131283183851e-05,"time12",1.07590321282707
"2871","CUL4A_HUMAN",0.0080269529452589,0.0507891842606265,7.91865770514122e-07,6.31503851879339e-06,"time12",2.99546372948296
"2872","CUL4B_HUMAN",0.0959154512106145,0.225546048706752,1.34352113472427e-05,2.25782609601732e-05,"time12",0.748915353702374
"2873","ASPP2_HUMAN",0.0360316862182336,0.120434953431175,6.58213035049908e-08,7.39015618922021e-07,"time12",3.48897835316568
"2874","DYR1A_HUMAN",0.601249670135047,0.730971764648206,4.52783289106595e-06,2.22849776448553e-06,"time0",-1.02274919982723
"2875","FCL_HUMAN",0.871207794174552,0.925929564876263,4.82139368533559e-05,4.89415199985919e-05,"time12",0.0216086723937374
"2876","RAB31_HUMAN",0.000344958156347275,0.00936561394482852,0.000357153095644957,0.000194895727122598,"time0",-0.873840164606946
"2877","RAB32_HUMAN",0.000686680701191712,0.013188243820637,8.72530796738733e-05,3.86728299852616e-05,"time0",-1.17388571214769
"2878","FHL1_HUMAN",0.554113130069446,0.694735039022838,9.66508837411065e-07,5.65626541087533e-07,"time0",-0.772933106176009
"2879","AAMP_HUMAN",0.100348246462291,0.227011289394017,0,6.8582510174756e-07,"time12",Inf
"2880","MOGS_HUMAN",0.544880281339637,0.686763013387139,8.54425621306059e-05,9.63969337446053e-05,"time12",0.1740323478466
"2881","CD166_HUMAN",0.00299795788095067,0.0283232790562393,3.42824960364062e-06,2.54226983471214e-05,"time12",2.8905731071178
"2882","LAMB3_HUMAN",0.674986713970489,0.788210291797797,2.89904231556378e-06,9.82584123372037e-07,"time0",-1.56092355842425
"2883","LAMC2_HUMAN",0.41849223344682,0.572386780791985,3.09045236628351e-07,8.14526660351694e-07,"time12",1.39814389182728
"2884","NCOA4_HUMAN",0.949944493522,0.978726989916003,1.52935851710303e-06,1.33532259126651e-06,"time0",-0.195738332873961
"2885","APOF_HUMAN",0.18144920772142,0.324392732032339,6.78583975360754e-07,0,"time0",-Inf
"2886","ITA9_HUMAN",0.0302764098686474,0.108288021643971,1.28611153276518e-06,3.68419901316502e-06,"time12",1.51833523515422
"2887","SPTN1_HUMAN",0.0879385676234961,0.210777313168195,0.000627320314606382,0.000800436575789784,"time12",0.351584810000547
"2888","ENPP2_HUMAN",0.0185642368956695,0.0793730758610123,9.38685251407203e-06,1.91648319610186e-05,"time12",1.02974795150105
"2889","PKP1_HUMAN",0.0448469221298369,0.138334583064571,0.000222342102979778,0.000633214575929754,"time12",1.50991330039283
"2890","DX39B_HUMAN",0.0208498518913984,0.0854093243821853,0.000167944642576202,0.000222429395352463,"time12",0.405361686870457
"2891","BLMH_HUMAN",0.190929520875216,0.334925705781986,4.7104699832382e-05,6.62200241084306e-05,"time12",0.491396525249232
"2892","EXOS2_HUMAN",0.0224942712224497,0.0893339641035185,0,2.86968873538744e-06,"time12",Inf
"2893","PTK6_HUMAN",0.529368106184798,0.674615251429108,1.16259230193738e-06,2.33686035978744e-06,"time12",1.00722626680031
"2894","SNTB1_HUMAN",0.647553466077393,0.768800805581449,3.77245910492902e-06,4.80211852319162e-06,"time12",0.348165750391138
"2895","TBB2A_HUMAN",0.000927984591069028,0.0154179762251497,3.38065462310379e-06,9.80084695010563e-06,"time12",1.53560379246699
"2896","TF2H2_HUMAN",0.0346105575157073,0.118180779735363,2.18550558913983e-05,2.33478588924854e-07,"time0",-6.54853300326427
"2897","RPGF1_HUMAN",0.711997145588538,0.820362451890498,1.41690669688652e-06,2.82548394198705e-06,"time12",0.995753229862578
"2898","IDI1_HUMAN",0.197753933820609,0.343826430993449,4.05113926158674e-06,7.84616004829995e-06,"time12",0.9536590844091
"2899","CAYP1_HUMAN",0.140283040702343,0.282889273214279,0.000470433367440048,0.000803914834452624,"time12",0.773052279582517
"2900","CASP_HUMAN",0.0759269629825577,0.191274462207852,1.2810338161284e-06,1.24264905665447e-07,"time0",-3.36581774017255
"2901","PEBB_HUMAN",0.34262698961062,0.504937332579382,7.85143607605302e-06,6.49798064696031e-06,"time0",-0.272965109083035
"2902","CEAM7_HUMAN",0.109853514160051,0.237565184677039,9.66099905188403e-06,1.03356475327883e-05,"time12",0.0973844848903074
"2903","IL16_HUMAN",0.000108588740731365,0.00523064958377778,0.00020537327375125,6.3049200607458e-05,"time0",-1.70369846472671
"2904","CKAP5_HUMAN",0.190413502277319,0.334905727061964,1.45810820570987e-05,2.07981929521277e-05,"time12",0.512360399927692
"2905","CIRBP_HUMAN",0.489846087992191,0.638284690125489,1.80677922764089e-05,4.03588237986694e-05,"time12",1.15946389726925
"2906","KCC1A_HUMAN",0.362726506485098,0.522819841514356,6.58389812956429e-07,1.1399632399704e-06,"time12",0.791973384304073
"2907","COTL1_HUMAN",0.0798633847925312,0.197772189679956,6.32637972196207e-05,5.21583462423872e-05,"time0",-0.278482024384264
"2908","RB33A_HUMAN",0.346373280006178,0.508576106557744,2.13310098042379e-06,1.23303293194438e-06,"time0",-0.790740932215913
"2909","HNRPD_HUMAN",0.129353076219559,0.266606599123335,8.68430919569187e-05,0.000112731304015941,"time12",0.376405191160792
"2910","SCRB2_HUMAN",0.000118634992949838,0.00543668772605023,2.42249163376155e-05,6.46303541335707e-05,"time12",1.41572021349205
"2911","IL18_HUMAN",0.0919496268033981,0.217856057475881,3.24456215043863e-05,4.0614418822506e-05,"time12",0.323968198601769
"2912","DPYS_HUMAN",0.183430618982178,0.326164261025782,2.64659281815201e-05,0.000112377588715149,"time12",2.08614619339778
"2913","DAG1_HUMAN",0.00379143579193006,0.0327731490379135,8.44423008425271e-06,1.87023540485111e-05,"time12",1.14718207808923
"2914","DSG2_HUMAN",0.477733720891573,0.627005826166856,6.41064309716352e-06,1.42262422909061e-05,"time12",1.15001364357702
"2915","TRI29_HUMAN",0.00513693793785796,0.0390368070010504,1.657986159747e-05,5.98260951822255e-05,"time12",1.85134293831777
"2916","UBE4A_HUMAN",0.913903671752854,0.959192279605791,2.04373788650389e-05,2.11526890901534e-05,"time12",0.0496309017341495
"2917","SEPT6_HUMAN",0.0322984874142296,0.11326585613609,2.40729018555836e-05,3.75822432696605e-05,"time12",0.642641122013319
"2918","TRI14_HUMAN",0.932646638965876,0.97016690605071,2.27783474341078e-05,1.01992048135163e-06,"time0",-4.48113450232109
"2919","KEAP1_HUMAN",0.2553403615339,0.408558258623623,9.33640183229485e-07,1.48994782084332e-06,"time12",0.674323247151771
"2920","MORC3_HUMAN",0.801732212656982,0.882718249990811,1.72831114305281e-06,3.18108216264253e-06,"time12",0.88015466977312
"2921","EIF3A_HUMAN",9.22009348869325e-06,0.00171321307396894,6.45823322482647e-05,0.000115402850647109,"time12",0.837467414700325
"2922","ARHG7_HUMAN",0.380649714964392,0.54065482509965,8.82835988832168e-06,6.0968580370419e-06,"time0",-0.534079488522421
"2923","EFR3A_HUMAN",0.104062335152663,0.233106815154345,4.0702948992804e-05,4.15522141833128e-05,"time12",0.0297920317962178
"2924","UBP2L_HUMAN",0.0128945622490896,0.0647911684654303,2.86635704812992e-05,1.16181741881804e-05,"time0",-1.30283496521041
"2925","SCRIB_HUMAN",1,1,4.9378660237082e-06,5.2505540894108e-06,"time12",0.0885819847978858
"2926","GIT2_HUMAN",0.0220988541841507,0.0891585734945483,0.000101032079262835,5.97289511692577e-05,"time0",-0.758311150297321
"2927","MLEC_HUMAN",0.217753979525195,0.363816648868248,3.53585379352828e-05,2.8970912017348e-05,"time0",-0.287453518952128
"2928","TTL12_HUMAN",0.792159093543887,0.87883896836063,0.000164647859322975,0.000163936160307849,"time0",-0.00624964200347123
"2929","DOCK1_HUMAN",0.100348246462291,0.227011289394017,3.05476976699279e-07,6.52169320270544e-07,"time12",1.09418292400848
"2930","DPYL3_HUMAN",0.443231075591052,0.596668743408915,4.2524466268344e-06,4.28938438109048e-06,"time12",0.0124774763192906
"2931","ICT1_HUMAN",0.208412803684149,0.351652450961983,1.87815020938236e-07,8.92321560139781e-07,"time12",2.24825124804937
"2932","DCTN1_HUMAN",0.349211379885674,0.511109917191161,7.69420219149704e-05,9.55951916090599e-05,"time12",0.313166311300052
"2933","DYHC1_HUMAN",1.06096267700195e-05,0.00176031390825908,0.000677186478133537,0.000974726048854634,"time12",0.525443633696046
"2934","EI2BA_HUMAN",0.000272863288871528,0.00833464839628765,5.98048331678588e-06,1.81904645184517e-05,"time12",1.60484839803709
"2935","IF4A2_HUMAN",0.00833890710066832,0.0515715885887802,2.12291893529871e-05,3.91881208529413e-05,"time12",0.884367112272172
"2936","SELPL_HUMAN",0.00696708052199203,0.046269495222962,2.79226014191628e-05,1.20832596684427e-05,"time0",-1.20842365788261
"2937","SRC8_HUMAN",0.000610066111681123,0.0127409961016481,2.14948420945184e-05,5.79673673045733e-05,"time12",1.43125045240207
"2938","FLOT2_HUMAN",0.22855282202363,0.37711215633899,0.000760871654440482,0.000615649946638626,"time0",-0.305542837351857
"2939","RCN2_HUMAN",0.706398967492687,0.814887825870807,1.45064886169203e-05,1.01010255058903e-05,"time0",-0.52219657870142
"2940","TRI25_HUMAN",0.983833581209183,1,0.000100408736631111,0.000102577338984971,"time12",0.0308272465622239
"2941","FAK2_HUMAN",0.00265035667925127,0.0263967921902747,0.000204406394332269,0.000104583188477803,"time0",-0.966789367909907
"2942","FGL2_HUMAN",0.615775340305275,0.742285793671727,5.38290496951771e-06,6.38988951826091e-06,"time12",0.247406031004424
"2943","FKBP8_HUMAN",0.00117480392054236,0.0171145294994228,4.10947945195114e-05,1.39323979828864e-05,"time0",-1.56051206958124
"2944","FA50A_HUMAN",0.0733290728715368,0.186937495630256,1.30780083104854e-05,1.56993787578798e-06,"time0",-3.05836346887571
"2945","GNA13_HUMAN",0.95152647420764,0.978726989916003,0.00020208688031275,0.000196874539500778,"time0",-0.0376991145488584
"2946","GALE_HUMAN",0.109572655541283,0.237064899740731,4.0818695710455e-05,4.92532947239471e-05,"time12",0.270990150351461
"2947","GAS6_HUMAN",0.18144920772142,0.324392732032339,1.2012737420446e-07,3.76130690585018e-07,"time12",1.64666908386504
"2948","GALT3_HUMAN",0.411258108705695,0.568884827072514,1.07095631969252e-05,1.23887171571115e-05,"time12",0.210127166015854
"2949","CAPR1_HUMAN",0.90033131176146,0.947942697893742,1.05683501673885e-05,1.05213482620142e-05,"time0",-0.00643058299690192
"2950","BECN1_HUMAN",0.45925675614403,0.611352931680029,8.25080531163168e-06,1.02068575563299e-05,"time12",0.306931919639216
"2951","RBM39_HUMAN",0.811993393613123,0.890895764153413,2.33231214322146e-05,2.03652639832144e-05,"time0",-0.195650368164043
"2952","WFDC2_HUMAN",0.896772761996841,0.945919166528116,2.398452748435e-05,2.285653862797e-05,"time0",-0.069497077739526
"2953","CASL_HUMAN",0.0438058634825379,0.136915420577791,5.2736149418501e-06,2.9832699301145e-06,"time0",-0.821897714770609
"2954","FGFP1_HUMAN",0.406941216918031,0.565138314031945,1.20944176220923e-06,7.32667424407155e-07,"time0",-0.723110923809709
"2955","SPRL1_HUMAN",0.00122728695099331,0.0175641036696892,9.52514007881445e-06,4.75819076367177e-05,"time12",2.3206008984663
"2956","HABP2_HUMAN",0.293621543928906,0.449665813510046,8.71419022778284e-07,1.32771598771504e-06,"time12",0.607508059937543
"2957","KT33B_HUMAN",0.18144920772142,0.324392732032339,0,1.21255795660814e-05,"time12",Inf
"2958","K1H2_HUMAN",0.18144920772142,0.324392732032339,0,3.54849958879632e-06,"time12",Inf
"2959","PDIA5_HUMAN",0.104062335152663,0.233106815154345,1.57962424015428e-05,9.83698847243422e-06,"time0",-0.683292795055127
"2960","KPRA_HUMAN",0.00577649287879467,0.0414699422656738,4.76649111977373e-05,7.03523962270285e-05,"time12",0.561671954402004
"2961","DHX8_HUMAN",0.944182513250483,0.975815282932568,2.58608572225403e-06,1.53967112750783e-05,"time12",2.57378022257246
"2962","MCM6_HUMAN",0.944182513250483,0.975815282932568,1.85045738319074e-06,1.09935395559398e-06,"time0",-0.7512259490075
"2963","ITPR2_HUMAN",0.46370331529838,0.615762539412455,1.57300060043132e-05,2.0812779498597e-05,"time12",0.403950425081805
"2964","ITPR3_HUMAN",0.807770254678895,0.887632647677269,6.52752998361496e-06,4.80417157367536e-06,"time0",-0.442249503820636
"2965","DSC3_HUMAN",0.444081179535047,0.597409208415053,1.00793081049249e-05,1.72874618645866e-05,"time12",0.778329460557911
"2966","NBR1_HUMAN",0.127038367188778,0.263351999905413,8.47687550300763e-06,4.79751711310635e-06,"time0",-0.821244646241059
"2967","ITIH4_HUMAN",0.381798435002565,0.54065482509965,0.000131146007351871,0.000185866424495374,"time12",0.503092294319292
"2968","I5P1_HUMAN",0.176996409037473,0.324392732032339,1.86587839920388e-06,3.41055826426853e-06,"time12",0.870152941437289
"2969","ITPR1_HUMAN",0.398304593395588,0.559518658596389,5.43917336715649e-07,1.00842309941072e-06,"time12",0.890641754903809
"2970","RASA3_HUMAN",1,1,4.35436479608815e-07,3.4373413038159e-07,"time0",-0.341169169113674
"2971","PLSI_HUMAN",0.129353076219559,0.266606599123335,0.000176608178633357,0.000240223239432526,"time12",0.443823570538445
"2972","IRF3_HUMAN",0.849816607389808,0.913763203589437,2.68613548270455e-06,2.38524997886762e-06,"time0",-0.171391601513358
"2973","TRIPC_HUMAN",0.559337093395305,0.697478175125294,3.13010393477657e-05,2.86301259237714e-05,"time0",-0.128676546741268
"2974","PUM1_HUMAN",0.406941216918031,0.565138314031945,3.56134641647973e-06,5.90192355060197e-05,"time12",4.05069055289306
"2975","EPN4_HUMAN",0.298844147473574,0.453861238526917,5.9947350962485e-05,3.83900064221143e-05,"time0",-0.642965201691023
"2976","SMC1A_HUMAN",0.0443299239705107,0.137406661066871,1.27546532900617e-05,1.93238780064646e-05,"time12",0.599360967364509
"2977","RRP5_HUMAN",0.105645429201877,0.233106815154345,2.9172019351675e-08,1.03372873995745e-06,"time12",5.14712859225054
"2978","MESD_HUMAN",7.05681741237641e-05,0.0040922689712742,1.71755277559335e-05,5.17797630634822e-05,"time12",1.59203393398624
"2979","GANAB_HUMAN",0.583757072687149,0.719374937966459,0.000651624682825668,0.000697138474372976,"time12",0.0974039981133615
"2980","RFTN1_HUMAN",0.0949093634711021,0.223714928181883,5.80338938195624e-06,1.06149803127263e-05,"time12",0.87113405976754
"2981","MFS10_HUMAN",0.657011671824526,0.7766338246206,8.42034121359701e-06,8.57989392506369e-06,"time12",0.0270811153682738
"2982","2A5D_HUMAN",0.341390779564905,0.503736938325389,2.24576716858909e-05,1.87329849361813e-05,"time0",-0.261627564472103
"2983","LBR_HUMAN",0.157947674393654,0.303741615954055,0.000195288992692417,0.000237370840852427,"time12",0.28153208691816
"2984","COG2_HUMAN",0.838463781922464,0.905959509664051,1.2669558473864e-06,1.27923837615789e-06,"time12",0.0139188759700649
"2985","MVP_HUMAN",0.280086781829596,0.435732003546966,0.000458941771621617,0.000518696274142272,"time12",0.17657888381357
"2986","GOGB1_HUMAN",0.918812683274642,0.96214441167896,1.59891433302653e-06,2.59690592337606e-06,"time12",0.699701107409776
"2987","CASP8_HUMAN",0.00402895506219561,0.033728160269308,9.03557900375323e-05,4.67674147743232e-05,"time0",-0.950113371410303
"2988","CHD4_HUMAN",0.729364344751151,0.833301384539949,1.32952679593438e-05,5.68742551944593e-05,"time12",2.09686289301678
"2989","LASP1_HUMAN",0.00501261278986931,0.038237977259118,0.000178548320734111,9.35268843523247e-05,"time0",-0.932861532108456
"2990","STAR3_HUMAN",0.0080269529452589,0.0507891842606265,3.05545998010817e-06,1.18931155692187e-06,"time0",-1.36126288608506
"2991","MTF1_HUMAN",0.0759269629825577,0.191274462207852,1.01913652555906e-06,9.79567738035881e-08,"time0",-3.37905826085682
"2992","CRYM_HUMAN",0.000803471237022575,0.014156736574442,1.6542187096696e-05,3.22218934613865e-05,"time12",0.961891283351721
"2993","PTGR1_HUMAN",7.99447298049928e-06,0.00171321307396894,2.66220158742727e-05,6.25698349853703e-05,"time12",1.23284747999335
"2994","GPNMB_HUMAN",0.00296287751203261,0.0283232790562393,1.34294957308262e-05,3.25449567813719e-05,"time12",1.27702886489167
"2995","ZN638_HUMAN",0.0114900673429755,0.0604671121053679,2.8824199045706e-06,3.89007459985746e-07,"time0",-2.88941079233839
"2996","IMB1_HUMAN",0.328469857573509,0.488655157979221,0.000435837108859131,0.000376152204414924,"time0",-0.212472493117574
"2997","NUMA1_HUMAN",0.1003077909542,0.227011289394017,2.22421418266194e-05,4.18939247944128e-05,"time12",0.913445327775246
"2998","PSME4_HUMAN",0.0118734386660867,0.0621016192228858,2.44054964797969e-07,3.20749232406424e-06,"time12",3.71616780695099
"2999","CUL7_HUMAN",0.529368106184798,0.674615251429108,1.5667283658136e-06,7.53160947328331e-07,"time0",-1.0567249709719
"3000","SLMAP_HUMAN",0.900085797418725,0.947942697893742,1.95792170368261e-06,5.07299902062559e-06,"time12",1.37351580851139
"3001","GAPD1_HUMAN",0.0961015727370978,0.225546048706752,4.39154413021685e-05,5.85954437738193e-05,"time12",0.416060187536231
"3002","CLCA4_HUMAN",0.169984847087703,0.320593461210878,0.00011679078645534,0.000158152434516616,"time12",0.437389298636592
"3003","K2C72_HUMAN",0.0123374403928922,0.0630920646119392,7.07223747461262e-06,2.44267181319207e-05,"time12",1.78822141828059
"3004","UBX2B_HUMAN",0.00180114583368107,0.0214307650688785,1.53580834919215e-05,5.99860234448765e-06,"time0",-1.35629989435524
"3005","NAA25_HUMAN",0.589638551626567,0.719932761419764,2.87957080765696e-07,4.53467847580747e-07,"time12",0.655146464528348
"3006","CND2_HUMAN",0.201242620957724,0.345670985066878,1.6039541059159e-06,1.59421332357802e-07,"time0",-3.33071626632463
"3007","SPCS2_HUMAN",0.811993393613123,0.890895764153413,9.10415527468939e-05,9.40652900280449e-05,"time12",0.047137304975207
"3008","EMC2_HUMAN",0.330531408238157,0.490523698298271,1.97124458888501e-05,2.44985324364257e-05,"time12",0.313588533619446
"3009","FL2D_HUMAN",0.833634883024682,0.902699570197702,1.30241364082816e-06,1.28267887118354e-06,"time0",-0.0220276893599054
"3010","PSMD6_HUMAN",1.06096267700195e-05,0.00176031390825908,4.40968721130544e-05,8.04906843401997e-05,"time12",0.86814549539727
"3011","ABRX2_HUMAN",0.62653679139623,0.749810509919792,2.1013838172335e-05,1.14532982926055e-05,"time0",-0.875576572053546
"3012","SEPT2_HUMAN",9.98377799987794e-07,0.000851901514189585,3.67643403680702e-05,9.20749463333215e-05,"time12",1.32450155115503
"3013","SART3_HUMAN",0.91390645625926,0.959192279605791,1.85365763748241e-05,1.89739166993474e-05,"time12",0.0336427094113746
"3014","CND1_HUMAN",0.29338289215179,0.449665813510046,2.35005538000609e-06,1.22554761287689e-06,"time0",-0.939268220472948
"3015","EXOS7_HUMAN",0.441208519505878,0.594481950599731,1.09088828439799e-06,6.31324621771076e-07,"time0",-0.789049443154673
"3016","TNIP1_HUMAN",0.00663337546348301,0.0452716339456096,6.66461513530322e-06,1.14080587118131e-06,"time0",-2.54646825394989
"3017","ACAP1_HUMAN",0.0136996070581088,0.0676821777982499,0.000192053566910462,0.000102993097735311,"time0",-0.898961102651206
"3018","U5S1_HUMAN",1.82446092367172e-05,0.00216419676778043,4.14887576877e-05,9.91881200076574e-05,"time12",1.25744687727438
"3019","SYLM_HUMAN",0.0605300053490707,0.163913061604322,4.74946176206763e-06,2.44770436054825e-06,"time0",-0.956334711243478
"3020","SNX17_HUMAN",0.259664077416004,0.414366426504353,1.93479206754378e-05,1.19195819839579e-05,"time0",-0.698844886181736
"3021","AR6P1_HUMAN",0.726286148878805,0.831789014562765,6.11519652696313e-07,7.36427646536722e-07,"time12",0.268144924448762
"3022","RB3GP_HUMAN",0.209789063927493,0.352977486996877,1.7010167240103e-05,9.99687047337713e-06,"time0",-0.766848891238159
"3023","SYK_HUMAN",0.00229702814267343,0.0249745094267465,9.62370512082179e-05,0.000151259728505244,"time12",0.652363591751332
"3024","ARHG6_HUMAN",0.0259345968604445,0.0980426247135666,8.55595438992355e-05,5.32952735565952e-05,"time0",-0.68292119726042
"3025","IF4H_HUMAN",0.183969093486667,0.326164261025782,3.84838529611885e-05,3.40670265565914e-05,"time0",-0.175877215985033
"3026","ACAP2_HUMAN",0.0136996070581088,0.0676821777982499,6.58281066447407e-05,4.26062714919769e-05,"time0",-0.627637897726733
"3027","KIF14_HUMAN",0.833935414088552,0.902699570197702,6.20328383597892e-06,1.15067124415365e-05,"time12",0.891371659850902
"3028","POSTN_HUMAN",0.0516033011039804,0.15278382902916,4.18513774893797e-06,1.08767566509508e-05,"time12",1.37790140899245
"3029","ACOX1_HUMAN",0.588797086071483,0.719932761419764,0.00013907758497568,0.000134035985374744,"time0",-0.053269539675597
"3030","OXA1L_HUMAN",0.932646638965876,0.97016690605071,5.86064109548212e-07,7.30057652957297e-07,"time12",0.316951909041655
"3031","EEA1_HUMAN",0.0642354612769799,0.171055911817834,2.27521901345928e-05,3.73791200425069e-05,"time12",0.71622718001911
"3032","NCF4_HUMAN",3.23913991451264e-06,0.00128982551395893,0.000901793029883753,0.000434482368343076,"time0",-1.05349872671652
"3033","PDIA6_HUMAN",0.0549216289073229,0.158553354018096,0.000442461267588793,0.000341576125792179,"time0",-0.373344026921113
"3034","PA1B3_HUMAN",7.78767392163004e-05,0.00430701632721261,5.32201079571054e-06,1.44307389568878e-05,"time12",1.43910183602359
"3035","PCOC1_HUMAN",0.0105804708190268,0.0578602989636777,1.81610837603946e-06,5.632297297275e-06,"time12",1.63287318989336
"3036","PDK1_HUMAN",0.0454587523438197,0.139386615887903,2.97229163899133e-06,3.62709692507649e-07,"time0",-3.03468847561423
"3037","PDK3_HUMAN",0.0137948167025114,0.0677602303981088,4.29157164753658e-05,1.80356630456418e-05,"time0",-1.25065362234917
"3038","PEA15_HUMAN",0.0515399259729805,0.15278382902916,2.04456727659443e-05,2.90218338002914e-05,"time12",0.505343146139002
"3039","EBP_HUMAN",0.948277822491336,0.978249297709974,6.31382552351803e-06,5.69313751740079e-06,"time0",-0.149290445351479
"3040","PMVK_HUMAN",1,1,2.73877856219962e-05,2.77017693349883e-05,"time12",0.0164455004608489
"3041","PLCB4_HUMAN",0.0573105824005466,0.162648302403985,8.00037516029318e-06,2.08770075151424e-05,"time12",1.3837753738121
"3042","PLEC_HUMAN",0.0145380161702633,0.0681564973087937,0.000474930964984834,0.00067270885471912,"time12",0.502264426754869
"3043","PCM1_HUMAN",0.0683530349792642,0.177896591691131,7.40375695172627e-07,4.3083592742031e-06,"time12",2.54080912053334
"3044","PON2_HUMAN",0.00351007379357965,0.0309779118718051,1.01066340513499e-05,3.61877847925717e-05,"time12",1.84020019989951
"3045","PON3_HUMAN",0.0224942712224497,0.0893339641035185,0,3.29858977148969e-06,"time12",Inf
"3046","2A5A_HUMAN",0.349211379885674,0.511109917191161,8.21086505273372e-05,6.99052841021203e-05,"time0",-0.232132712377187
"3047","IPYR_HUMAN",0.00538277998566628,0.0396707966175359,0.000102576025611483,0.000142742819472809,"time12",0.476724594998351
"3048","TEBP_HUMAN",0.903226472437382,0.950153525866235,8.10857434844546e-05,8.36313162475853e-05,"time12",0.044594987542579
"3049","PGFRL_HUMAN",0.787406490666269,0.875335747022078,4.30280099152744e-07,5.94163551096386e-07,"time12",0.465583990037793
"3050","STK38_HUMAN",0.00993151031434536,0.0556481342472653,0.000118529535234076,6.44785116694298e-05,"time0",-0.878356246976393
"3051","NONO_HUMAN",0.807830415666103,0.887632647677269,9.25740441528645e-05,8.30319903656212e-05,"time0",-0.15694046669395
"3052","PTPA_HUMAN",0.134735083207488,0.273918533695822,0.000142022573418368,4.32636851416574e-05,"time0",-1.71489179102463
"3053","RABE1_HUMAN",0.0445533169117585,0.137884436224836,7.95492480128086e-06,1.24062740137469e-06,"time0",-2.68077839791899
"3054","RASA2_HUMAN",0.104859011490775,0.233106815154345,2.7685981788008e-05,1.7783478163456e-05,"time0",-0.638618163182593
"3055","RAB35_HUMAN",0.0698929112404585,0.180488698157916,3.78818255072268e-05,4.71818842897478e-05,"time12",0.316727180965095
"3056","RNPS1_HUMAN",0.70642711574737,0.814887825870807,2.93174526996766e-06,1.91389502283494e-06,"time0",-0.615248057574761
"3057","RBBP5_HUMAN",0.59710278471826,0.72708324450492,2.16189642785446e-06,2.49925138890882e-06,"time12",0.209198615103428
"3058","RCN1_HUMAN",0.0184310710959686,0.0793730758610123,1.50733304926964e-05,2.99889545835042e-05,"time12",0.992433011174125
"3059","RBP1_HUMAN",0.289587424426888,0.445680037774038,1.57343079070035e-06,6.5783412083038e-07,"time0",-1.25811797573647
"3060","K1H1_HUMAN",0.0611146190045339,0.165175393354788,3.79293713270133e-06,0.000346480147281851,"time12",6.51331342115279
"3061","KS6A2_HUMAN",0.0435893469351587,0.136743261157407,1.49874755679828e-05,6.42779608954618e-06,"time0",-1.22136133390944
"3062","TMED2_HUMAN",0.100397355854511,0.227011289394017,0.000108836943780574,0.000129050323042978,"time12",0.245765402479933
"3063","PCBP1_HUMAN",0.000418396666646004,0.0105551069650365,0.000311227805461079,0.0002193677804697,"time0",-0.504619311961276
"3064","PCBP2_HUMAN",0.00403179414570332,0.033728160269308,0.000105988959175384,7.54125478327979e-05,"time0",-0.491037490249417
"3065","ELOC_HUMAN",0.569857597351074,0.708673626687064,7.9252004695334e-05,7.50985795456059e-05,"time0",-0.0776618088757941
"3066","ELOB_HUMAN",0.00258189966306281,0.0259188011554187,1.61287267209698e-05,5.10576387678313e-06,"time0",-1.65943382478094
"3067","RHEB_HUMAN",0.000517342789061788,0.0118394194600232,1.94607218277233e-05,9.05450940332177e-06,"time0",-1.1038568433947
"3068","UBE3C_HUMAN",0.782327264750668,0.87408169703624,1.3975747447793e-05,1.45223872529958e-05,"time12",0.0553531862708818
"3069","SF3B3_HUMAN",0.000380093231797219,0.0098708559718469,4.00948567728919e-05,8.68237026244276e-05,"time12",1.11467176338506
"3070","PUM3_HUMAN",0.361310428526179,0.521659944304294,6.13711701536035e-06,5.31247553476916e-07,"time0",-3.53010489405014
"3071","TLR1_HUMAN",0.740367478785491,0.843191398302016,2.7407602291989e-06,4.89282315665137e-06,"time12",0.836091017850736
"3072","RSU1_HUMAN",0.0143680358028092,0.0681564973087937,6.06507945641492e-05,3.22216908860515e-05,"time0",-0.912494341877806
"3073","CNN3_HUMAN",0.0110963896948318,0.0598723899252309,4.83099907565727e-06,2.49745279310109e-05,"time12",2.37006392658351
"3074","KS6A1_HUMAN",0.0916784272732711,0.217856057475881,0.000349186305670032,0.000245523597443081,"time0",-0.508135291080906
"3075","SAFB1_HUMAN",0.280712665268496,0.435732003546966,2.15703594735551e-07,2.78466636071304e-06,"time12",3.69038235971018
"3076","SF3B4_HUMAN",0.186603142815846,0.329855155974859,7.88560398766833e-06,9.47190799009424e-06,"time12",0.264433806113008
"3077","SF3A2_HUMAN",0.0596348300904598,0.1634642241228,5.82549968194833e-06,3.78196843972657e-06,"time0",-0.623244478026126
"3078","PP1R7_HUMAN",0.588797086071483,0.719932761419764,5.43470847381455e-05,5.85031350246961e-05,"time12",0.106311287960644
"3079","SC23A_HUMAN",0.352475863187972,0.513719001533492,4.34878974712219e-05,5.13892292630564e-05,"time12",0.240852054861719
"3080","SC23B_HUMAN",0.000124554156469385,0.0055519550491913,8.71446589923836e-06,2.19817141796481e-05,"time12",1.33481974416483
"3081","CYH1_HUMAN",0.531174491567587,0.674756537246533,2.14790361478261e-05,2.34447970501457e-05,"time12",0.126338535274525
"3082","SF3A1_HUMAN",0.198674389886733,0.344165351158194,5.35191619221637e-06,1.01759396743365e-05,"time12",0.927034593548623
"3083","SKI2_HUMAN",0.879689841684979,0.932621126088815,1.98032473461594e-05,1.94569938424724e-05,"time0",-0.0254481964416268
"3084","FCN2_HUMAN",0.123534253752569,0.259904930491052,1.90485896641034e-06,8.57995605544524e-07,"time0",-1.15064202246864
"3085","SP17_HUMAN",0.0147468326683855,0.0689317234239542,1.38070926096953e-05,2.92390696313315e-05,"time12",1.08248784631661
"3086","CDSN_HUMAN",0.15063055879143,0.294905756356278,1.61480077489241e-05,3.1670615725482e-05,"time12",0.971788731613868
"3087","SURF1_HUMAN",0.528612125255688,0.674615251429108,9.37666706167732e-07,6.60492196531137e-07,"time0",-0.50553369092603
"3088","MED22_HUMAN",0.787406490666269,0.875335747022078,3.046744087525e-07,1.98797547707289e-07,"time0",-0.615968364912871
"3089","MARE2_HUMAN",0.762099583946506,0.857900643594511,2.32799494018477e-05,2.23434859075859e-05,"time0",-0.0592336378887971
"3090","BGH3_HUMAN",0.0264042592493652,0.0985704003102865,1.84314940734147e-05,2.53822099148717e-05,"time12",0.461644661756057
"3091","NHRF2_HUMAN",0.0399559406961387,0.129374188373411,6.20065582763071e-05,0.000104082567353841,"time12",0.747235734985585
"3092","TRADD_HUMAN",0.00137316162235749,0.0184028698027074,5.78307166710306e-05,3.12776033284312e-05,"time0",-0.886706011717183
"3093","TSN_HUMAN",0.0635564886033535,0.169625963551309,0.000215832708536305,0.000157016939045675,"time0",-0.458993309751102
"3094","SF01_HUMAN",0.108319380730004,0.236237546646293,4.26585584547077e-07,2.52385162845283e-06,"time12",2.56471998088321
"3095","CIP4_HUMAN",0.0328100197002589,0.114327422542047,2.67130510520696e-06,9.40222979198831e-06,"time12",1.8154581767292
"3096","TRIPB_HUMAN",0.118250883889036,0.252296270493109,3.89460093373765e-06,1.16923022510627e-06,"time0",-1.73591647886993
"3097","PCH2_HUMAN",0.824098168245978,0.899221475873808,1.09310923688196e-06,7.7651860299725e-07,"time0",-0.493345187322328
"3098","OASL_HUMAN",0.126278928554698,0.262352709654682,1.00081189810874e-06,6.46942975421896e-06,"time12",2.69246770580132
"3099","TRIP4_HUMAN",0.583882420770365,0.719374937966459,1.32816354525409e-07,2.97051607457907e-07,"time12",1.16128078965203
"3100","IKBB_HUMAN",0.629260787503937,0.752316790184351,1.81313405208369e-06,1.2992550062962e-06,"time0",-0.48080097508912
"3101","MARE1_HUMAN",0.640825403854251,0.761873036867325,8.57893025989144e-05,7.87087331402075e-05,"time0",-0.124274044620711
"3102","T22D1_HUMAN",0.18144920772142,0.324392732032339,0,1.26815579381326e-06,"time12",Inf
"3103","ELAV1_HUMAN",0.0234662882461459,0.0920316084663358,3.1261470582084e-05,1.62533183618063e-05,"time0",-0.943651349952001
"3104","LT4R1_HUMAN",0.634280692355755,0.757106030263974,7.02746883640999e-05,3.53590920013935e-05,"time0",-0.990923923201535
"3105","NSDHL_HUMAN",0.0371979106569159,0.122753105167823,1.68946226819485e-05,2.84595320647226e-05,"time12",0.752347810821068
"3106","CEBPE_HUMAN",0.29450739368011,0.449665813510046,2.11118018296364e-06,6.26146157405119e-07,"time0",-1.75347835276483
"3107","TAB1_HUMAN",0.0382688764522297,0.124917370440093,5.82256492124205e-06,2.17944156012124e-06,"time0",-1.41769630092167
"3108","AAAT_HUMAN",0.0271312667497669,0.100780507646988,4.05730504463743e-06,7.87839392501183e-06,"time12",0.957379780198573
"3109","MLF2_HUMAN",0.000575603284313693,0.0122351545096288,5.20294735973654e-06,2.50070862971996e-05,"time12",2.26493595538649
"3110","CH3L2_HUMAN",0.203576223547883,0.348912706815352,5.83760572931249e-06,1.33144849564427e-05,"time12",1.18954794201007
"3111","TOM34_HUMAN",0.823576943948865,0.899221475873808,1.89945592054356e-05,2.39248077150729e-05,"time12",0.332921097050613
"3112","SMAD2_HUMAN",0.0140428066739878,0.0681564973087937,3.65727891874795e-06,9.91155626777426e-07,"time0",-1.88358715081487
"3113","SMAD1_HUMAN",0.0590582290905367,0.162648302403985,0,6.9467529378717e-07,"time12",Inf
"3114","MSMO1_HUMAN",0.968712415392996,0.991452922745436,1.22708692419339e-06,1.37582179730648e-06,"time12",0.165056167692242
"3115","TBCE_HUMAN",0.338495154510859,0.500570183399123,5.27609790621242e-06,6.27555368952404e-06,"time12",0.250271416778986
"3116","UB2V2_HUMAN",0.611481714366104,0.738486773918073,3.90320391651964e-06,4.99386336236822e-06,"time12",0.355497512078106
"3117","CYTM_HUMAN",0.119722411520657,0.253133438588631,1.60233791423779e-06,4.04547171911094e-06,"time12",1.33612950954292
"3118","STXB2_HUMAN",0.823576943948865,0.899221475873808,0.000339827370381329,0.000328398168166691,"time0",-0.0493559751073247
"3119","VAMP3_HUMAN",0.151886919513345,0.295897120108679,3.97106767707265e-05,3.26557758489087e-05,"time0",-0.282188763480323
"3120","NEDD8_HUMAN",0.0253294436842058,0.0965093438186659,1.15805624679665e-06,4.57302407408814e-06,"time12",1.9814431873116
"3121","ADIRF_HUMAN",0.00871925545288926,0.0526593658443959,3.49055376378541e-07,4.58456371941107e-06,"time12",3.71525661116433
"3122","ADIPO_HUMAN",0.201242620957724,0.345670985066878,1.80707558617197e-07,4.07182727829355e-06,"time12",4.49394760795549
"3123","VAS1_HUMAN",0.0145380161702633,0.0681564973087937,9.67214476848662e-05,6.79829803424615e-05,"time0",-0.508662228034784
"3124","RB11B_HUMAN",0.00993151031434536,0.0556481342472653,0.000490388466423489,0.000622447959551623,"time12",0.344028175812
"3125","ZYX_HUMAN",0.0296547844748976,0.106383678231417,7.91841828099447e-05,4.01598402132621e-05,"time0",-0.97945874887505
"3126","ETFD_HUMAN",0.209789063927493,0.352977486996877,3.36425714209938e-05,2.87368440095896e-05,"time0",-0.22738635191057
"3127","SEPT7_HUMAN",2.07982957363129e-05,0.00221836107916066,4.04782308204606e-05,6.28102864037366e-05,"time12",0.63385461215894
"3128","CCDC6_HUMAN",0.046351373591563,0.14175973090753,5.52161013444697e-06,1.62636426743254e-05,"time12",1.55848949149528
"3129","UAP1_HUMAN",0.00138526488992536,0.0184691678292951,1.04531965659991e-06,7.03705401921067e-06,"time12",2.75102740480657
"3130","IBP7_HUMAN",0.00513693793785796,0.0390368070010504,9.45880068908591e-06,1.7877586167239e-05,"time12",0.91842278044123
"3131","S15A2_HUMAN",0.00265603082309645,0.0263967921902747,9.80565626599718e-07,5.61678065489298e-06,"time12",2.51805736982209
"3132","LAMA4_HUMAN",0.41849223344682,0.572386780791985,1.14293696547997e-06,3.01729857762729e-07,"time0",-1.92141646820915
"3133","PROL4_HUMAN",0.741259697119932,0.843191398302016,0.000114593189881464,8.93745354087746e-05,"time0",-0.35858556680391
"3134","PSMD5_HUMAN",0.879689841684979,0.932621126088815,5.89490770394152e-05,6.03755781432355e-05,"time12",0.0344958737136602
"3135","PKN1_HUMAN",0.00888604785491369,0.0531827292959914,9.97491702968206e-05,4.95045714497103e-05,"time0",-1.01074308563622
"3136","PKN2_HUMAN",0.419547030252253,0.573182619326786,1.14317575321282e-05,1.63238770511646e-05,"time12",0.513936527329008
"3137","DDB1_HUMAN",0.542527938261628,0.68553403326353,2.35293263191382e-05,3.67026885529207e-05,"time12",0.641425732962484
"3138","2A5E_HUMAN",0.00839236298481405,0.0515715885887802,2.91962692444344e-06,7.34229939793266e-06,"time12",1.33044791407795
"3139","MK14_HUMAN",0.00577649287879467,0.0414699422656738,0.00038475962685267,0.000213631897408227,"time0",-0.848830351755394
"3140","RM23_HUMAN",1,1,6.6018942387801e-07,7.19332694336122e-07,"time12",0.12377915040163
"3141","CDC37_HUMAN",0.597807770594955,0.72708324450492,3.98654358442999e-05,4.74177354072757e-05,"time12",0.250288321721363
"3142","DPYL2_HUMAN",0.399057973523972,0.560445162440321,0.000151600929332776,0.000180588093801074,"time12",0.252424181424934
"3143","SYPL1_HUMAN",0.588797086071483,0.719932761419764,6.46601772328653e-05,5.91864353263018e-05,"time0",-0.127610892950239
"3144","RBBP7_HUMAN",0.609189087616086,0.737768442045732,1.07140798373198e-05,8.8737005881003e-06,"time0",-0.271900171226201
"3145","C3AR_HUMAN",0.475532659596901,0.627005826166856,5.29338621907083e-07,1.01460780757768e-06,"time12",0.938659341739428
"3146","FRDA_HUMAN",0.0601830313411387,0.163913061604322,2.6806888776367e-05,1.37278704112832e-05,"time0",-0.965495949758944
"3147","ECM1_HUMAN",0.141459493143062,0.282889273214279,0.000109990425731327,0.000170793633824782,"time12",0.634876253002275
"3148","BAK_HUMAN",0.181971177723054,0.325131272671194,2.85054186458697e-06,4.27525309002214e-06,"time12",0.584773638579134
"3149","NFE2_HUMAN",0.00182529413147666,0.0215890729649705,8.15091754943317e-06,1.50348944174548e-06,"time0",-2.43864773615854
"3150","OCLN_HUMAN",0.100348246462291,0.227011289394017,0,1.49162856752569e-06,"time12",Inf
"3151","SRSF7_HUMAN",0.000331374608897087,0.00929249079315635,7.18627196195613e-06,2.29664455748451e-05,"time12",1.67621215405989
"3152","CPSF6_HUMAN",0.154138803324394,0.29882215912256,2.88648759004485e-06,5.71808605265865e-06,"time12",0.986217308807459
"3153","TAZ_HUMAN",0.380314081024951,0.54065482509965,1.84702765246569e-06,1.4778008955426e-06,"time0",-0.321753557610143
"3154","DREB_HUMAN",0.18144920772142,0.324392732032339,0,7.16734377236968e-07,"time12",Inf
"3155","MAPK3_HUMAN",0.0443299239705107,0.137406661066871,2.94081622204218e-05,1.6520697019754e-05,"time0",-0.831942073559073
"3156","PRSS8_HUMAN",0.00236749462783337,0.0250827491665221,7.6857857254546e-05,0.000149769167910327,"time12",0.962475994592971
"3157","FSCN1_HUMAN",0.19843152794691,0.344143878172734,4.93299669139787e-06,8.16448140125581e-06,"time12",0.726896930613682
"3158","IF16_HUMAN",0.0762117245149028,0.191587807461075,6.18015386972023e-05,3.55809165135232e-05,"time0",-0.796539085077669
"3159","MIA_HUMAN",0.141459493143062,0.282889273214279,2.5064836088269e-05,6.76145836770296e-05,"time12",1.43166965292953
"3160","DECR_HUMAN",0.655438425019384,0.775080917172991,0.000101342282916218,0.000137293621957113,"time12",0.438028372306572
"3161","MA2A1_HUMAN",0.982748526001329,1,2.29232982290593e-05,2.22218855831976e-05,"time0",-0.0448333973154377
"3162","NDUA5_HUMAN",0.00431368645841512,0.0349221893754409,5.52590637569637e-05,3.83144324724905e-05,"time0",-0.528323182940719
"3163","KYNU_HUMAN",0.00151573918299473,0.0192627875319735,9.17988150024105e-07,5.54984338696311e-06,"time12",2.59589962445907
"3164","CEGT_HUMAN",0.176996409037473,0.324392732032339,4.33629077346662e-06,2.27419707368517e-06,"time0",-0.931104222635565
"3165","CLPP_HUMAN",0.133210150220477,0.27220808322508,1.6001030399984e-05,8.42611121987894e-06,"time0",-0.92522594778723
"3166","THTR_HUMAN",0.244946429505944,0.395529879275211,7.90996218291779e-05,9.1595007866689e-05,"time12",0.211598173079145
"3167","QPCT_HUMAN",0.0164312124252319,0.0737367631975284,0.000114823707501822,5.62119962467361e-05,"time0",-1.03047058903008
"3168","GSTA3_HUMAN",0.855132140584706,0.913870841181422,5.60275442071476e-07,6.26692947798271e-07,"time12",0.161622500599014
"3169","KGUA_HUMAN",0.00516064176792184,0.0391174026393365,5.08608226113948e-06,1.26440862201196e-06,"time0",-2.0080920179017
"3170","GLO2_HUMAN",0.153542058637839,0.298118887420557,2.43398736087541e-05,1.52109264512601e-05,"time0",-0.678213650589767
"3171","H2A2C_HUMAN",0.640825403854251,0.761873036867325,0.00258052758041976,0.00253309521197455,"time0",-0.0267647451371884
"3172","NDUA9_HUMAN",0.0629428047254263,0.168817859283777,3.97063985418784e-05,5.52339992343838e-05,"time12",0.476185078793593
"3173","PCKGM_HUMAN",0.146081528322187,0.289497335324625,1.46571518633672e-05,2.24954834324909e-05,"time12",0.618030580805978
"3174","UPP1_HUMAN",0.0164723650109698,0.073865943100993,4.23415803828688e-06,1.02180600033629e-05,"time12",1.27097428930267
"3175","HCDH_HUMAN",0.0379099253645911,0.124210633133682,0.000125788466102053,8.31029348899656e-05,"time0",-0.598028309829205
"3176","UGPA_HUMAN",0.0666647087782622,0.174490931434075,0.000620614603778208,0.000870089092598768,"time12",0.487465487449258
"3177","DGUOK_HUMAN",1,1,3.25853803534311e-07,2.78358501616827e-07,"time0",-0.227280688311715
"3178","VATF_HUMAN",0.569857597351074,0.708673626687064,2.11444823237257e-05,2.07926792238818e-05,"time0",-0.0242055720972279
"3179","F263_HUMAN",0.553882691983272,0.694735039022838,8.55313697281053e-06,6.22247036403066e-06,"time0",-0.458966189934977
"3180","F264_HUMAN",0.0194592686446852,0.0823520698165325,1.79344218898973e-05,9.09603065167084e-06,"time0",-0.979422220328311
"3181","TRXR1_HUMAN",0.690261725004109,0.802127097947382,3.32787021522537e-05,3.81304724558339e-05,"time12",0.196345236488264
"3182","TPD53_HUMAN",0.394166404447896,0.554357413178074,3.32649316854066e-06,4.85700362806076e-06,"time12",0.546064493089769
"3183","MIC60_HUMAN",0.0345367342233658,0.118180779735363,6.67383313123768e-05,9.75018671238567e-05,"time12",0.546914231553358
"3184","TATD3_HUMAN",0.29450739368011,0.449665813510046,3.4507184446475e-07,1.36674057272735e-06,"time12",1.98577075489051
"3185","RHG44_HUMAN",0.833634883024682,0.902699570197702,4.87937875745562e-07,7.36108405349531e-07,"time12",0.593220769474158
"3186","FA98C_HUMAN",0.0101853921685914,0.056804245959847,1.4517702747047e-06,3.96741103942499e-06,"time12",1.45038469197472
"3187","DOXA1_HUMAN",0.08583539532396,0.206565195918619,1.35917498558674e-05,2.00038772577718e-05,"time12",0.557548451568111
"3188","DOXA2_HUMAN",0.293621543928906,0.449665813510046,6.1409668595435e-07,1.32564587920057e-06,"time12",1.11015771614308
"3189","HNRL2_HUMAN",0.618953802351261,0.744614513886018,8.76033733028057e-05,7.93772166149342e-05,"time0",-0.142261449384809
"3190","CSPP1_HUMAN",0.683480902201426,0.79579560016552,7.84962254392224e-06,1.61529883889472e-06,"time0",-2.28082218651476
"3191","INF2_HUMAN",0.108319380730004,0.236237546646293,4.38762400253424e-07,1.42351683405153e-06,"time12",1.69794774963749
"3192","PDS5A_HUMAN",0.0359537135054337,0.120434953431175,2.09540380246285e-05,7.3082076229177e-05,"time12",1.80228933032271
"3193","LRC26_HUMAN",0.185143724157873,0.327566192060123,1.55551013319541e-06,3.04586194520137e-06,"time12",0.969462759453395
"3194","CL16A_HUMAN",0.153576396549984,0.298118887420557,9.58859619599134e-07,2.73825687564972e-06,"time12",1.5138662718284
"3195","K1C24_HUMAN",0.00108609590054214,0.0165885874294548,1.99909869232049e-05,8.45190829980919e-05,"time12",2.07992741723255
"3196","AAK1_HUMAN",0.779828432640187,0.87192043497728,1.79337120920399e-06,1.6677025359093e-06,"time0",-0.104812160313175
"3197","CCD96_HUMAN",0.177529852412153,0.324392732032339,2.60720136458498e-07,1.44961593991062e-06,"time12",2.4750968069976
"3198","MPEG1_HUMAN",0.0248977685945476,0.0954013820089054,2.11258303980295e-05,1.9900563235696e-05,"time0",-0.0861987876422436
"3199","WASC4_HUMAN",0.0875931375825178,0.210286901439059,4.42674562040514e-05,5.96911670993569e-05,"time12",0.431270989627308
"3200","TECT1_HUMAN",0.855132140584706,0.913870841181422,6.01496682972552e-07,8.28324150080955e-07,"time12",0.461638670035937
"3201","TSR1_HUMAN",0.18144920772142,0.324392732032339,0,1.8825216803941e-07,"time12",Inf
"3202","RGPA2_HUMAN",0.0271312667497669,0.100780507646988,8.16481489064962e-06,1.47385557680195e-05,"time12",0.852103078506407
"3203","D19L1_HUMAN",0.280712665268496,0.435732003546966,7.84427124064381e-07,1.70818770730144e-07,"time0",-2.1991729053371
"3204","IAH1_HUMAN",0.518430986497965,0.666506302701753,1.01716684623078e-05,8.43310943426183e-06,"time0",-0.270419763223481
"3205","ALG11_HUMAN",1,1,1.00035688939996e-06,9.88439794172442e-07,"time0",-0.0172897914641356
"3206","KIF19_HUMAN",0.286234810422256,0.442253148343662,4.02718701542625e-06,7.17761653410923e-06,"time12",0.833732378843424
"3207","SMU1_HUMAN",0.0305935101730879,0.109095544038122,1.34958001989398e-05,3.50184154579259e-05,"time12",1.37560328474444
"3208","AP5B1_HUMAN",0.326799567668966,0.487749579631867,5.46469594150151e-07,1.08390764612682e-06,"time12",0.98802870678601
"3209","FR1L6_HUMAN",0.000135042237167008,0.00586182942081776,4.53311723128518e-06,3.10427022995166e-05,"time12",2.77567877463143
"3210","DRB5_HUMAN",0.0027663204818964,0.0270429332870167,6.98047697017912e-05,0.000111058638184469,"time12",0.669924087569178
"3211","LRRF1_HUMAN",0.381798435002565,0.54065482509965,5.37498111112707e-05,6.51249791196854e-05,"time12",0.276951320074167
"3212","P3H1_HUMAN",0.224015384088612,0.371472484497857,6.00980605758603e-07,1.39055524115508e-06,"time12",1.2102707186846
"3213","EMAL3_HUMAN",0.00437017345602445,0.035037645708502,4.00129824323983e-06,1.79886609221662e-05,"time12",2.16854772480049
"3214","NDUF6_HUMAN",1,1,6.31436634156977e-07,7.57369403531371e-07,"time12",0.262359175770431
"3215","LRRK1_HUMAN",0.254850657012459,0.408321613287398,2.82335712094956e-06,1.96608642834166e-06,"time0",-0.522084880672174
"3216","CEA21_HUMAN",0.011278190116074,0.0601721809738699,5.81528796931089e-07,1.4816204615828e-06,"time12",1.34925338795217
"3217","MA7D1_HUMAN",0.2553403615339,0.408558258623623,2.36943759984786e-06,1.00914468904719e-06,"time0",-1.231411627619
"3218","UAP1L_HUMAN",0.414823067184775,0.572386780791985,4.65029338181138e-07,6.04680872959105e-07,"time12",0.378852207807851
"3219","CB076_HUMAN",0.0208625823327655,0.0854093243821853,2.60670525090258e-06,1.80616507847521e-07,"time0",-3.85122579934231
"3220","TKFC_HUMAN",0.190929520875216,0.334925705781986,6.26082952452504e-05,7.71961493927416e-05,"time12",0.302175067715224
"3221","LSM12_HUMAN",0.896675133784441,0.945919166528116,3.68977202781112e-06,3.60757009145281e-06,"time0",-0.0325042571729379
"3222","CC50B_HUMAN",0.347358556762554,0.509646931845427,1.10875684285966e-05,1.42377888211886e-05,"time12",0.36078209971021
"3223","ADCK5_HUMAN",0.286320596793059,0.442253148343662,1.79178438518474e-06,1.62149430873437e-06,"time0",-0.144073080674532
"3224","AR13B_HUMAN",0.100348246462291,0.227011289394017,0,8.69737362114392e-07,"time12",Inf
"3225","AL1L2_HUMAN",0.855132140584706,0.913870841181422,5.77624636384789e-07,2.58997451589648e-06,"time12",2.16473372122942
"3226","UD3A2_HUMAN",0.489853845560898,0.638284690125489,2.00120778825448e-06,2.03136997897702e-06,"time12",0.0215820534626735
"3227","K2C71_HUMAN",0.361310428526179,0.521659944304294,1.27853715288551e-07,1.26052570303169e-06,"time12",3.30145954665797
"3228","PTHB1_HUMAN",0.266936206973597,0.423257224383672,1.2784447071438e-05,1.08168971675313e-05,"time0",-0.241103044529981
"3229","GNPTA_HUMAN",0.29450739368011,0.449665813510046,2.77914414436553e-07,1.00345051413355e-06,"time12",1.85225690186147
"3230","GRDN_HUMAN",0.22127181567247,0.368046938182028,7.30011820946343e-07,2.36544849714308e-05,"time12",5.01805011372393
"3231","RABL6_HUMAN",0.410116991679081,0.568359348329269,1.18867220937074e-06,6.09344353343122e-07,"time0",-0.96402126836287
"3232","VMA21_HUMAN",0.811028083887393,0.890327282679544,1.45115599217676e-05,1.48820751272986e-05,"time12",0.0363730966262319
"3233","TBB8_HUMAN",0.58716968573231,0.719932761419764,3.86551271114381e-06,2.02642109949127e-06,"time0",-0.931725778144077
"3234","TIM50_HUMAN",0.729364344751151,0.833301384539949,1.32899254655542e-05,1.33578741517985e-05,"time12",0.00735741386127887
"3235","LEGL_HUMAN",0.982748526001329,1,1.31981483354095e-05,1.46927502137168e-05,"time12",0.154768929696955
"3236","PAR14_HUMAN",0.148181300852659,0.292397393456536,3.78166784744889e-05,2.43782775138747e-05,"time0",-0.633426460004088
"3237","GLYR1_HUMAN",0.000208816337855748,0.00717881212717501,6.72513511354598e-06,2.05559766743332e-05,"time12",1.61192276216061
"3238","CERKL_HUMAN",0.383750269517673,0.54303254201115,2.26515152664566e-06,4.25601613112455e-06,"time12",0.909896056782416
"3239","MINY4_HUMAN",0.00147694402781699,0.0189678336198932,9.29648905803819e-07,5.4508702110229e-06,"time12",2.55172869779578
"3240","VP26B_HUMAN",0.380534185905895,0.54065482509965,1.84255134418473e-05,1.54500029163337e-05,"time0",-0.254097711293687
"3241","LARP7_HUMAN",0.18144920772142,0.324392732032339,4.73325019700867e-07,0,"time0",-Inf
"3242","NAKD2_HUMAN",0.104062335152663,0.233106815154345,1.67421544408487e-05,1.09056775842876e-05,"time0",-0.618405781708681
"3243","HYDIN_HUMAN",0.103142005492008,0.231953011597804,1.07047641078478e-05,1.80382143018785e-05,"time12",0.752803521078637
"3244","KCD21_HUMAN",0.0582881833523563,0.162648302403985,2.83140572226434e-06,1.1950947593774e-06,"time0",-1.2443934785847
"3245","CCD40_HUMAN",0.0499998630113825,0.149618554957521,7.81080115214675e-06,2.31787509236446e-05,"time12",1.56926038527409
"3246","GXLT1_HUMAN",0.571288673599928,0.710009830922257,1.66107657627619e-06,1.69704168490506e-06,"time12",0.0309034189979321
"3247","ACSF3_HUMAN",0.0105835471370152,0.0578602989636777,6.23645141492092e-06,3.25581720427098e-06,"time0",-0.93770565613253
"3248","TB10B_HUMAN",0.0184153661455575,0.0793730758610123,5.56055834749372e-06,3.15493699053657e-06,"time0",-0.817618561881518
"3249","ANO6_HUMAN",0.45925675614403,0.611352931680029,2.14724191884741e-05,2.27447454801081e-05,"time12",0.0830485490890322
"3250","DNAL1_HUMAN",0.601249670135047,0.730971764648206,4.36778588868623e-06,5.8422933281385e-06,"time12",0.419632658121063
"3251","RM51_HUMAN",0.18144920772142,0.324392732032339,0,4.14186197479179e-07,"time12",Inf
"3252","GRAP1_HUMAN",0.0114090312853776,0.0604132481095391,4.89766894943451e-05,1.45365534691595e-05,"time0",-1.75241000505601
"3253","MIX23_HUMAN",0.219677340783047,0.366415179139106,5.69554607138955e-06,3.11614777069695e-06,"time0",-0.8700705207198
"3254","AT134_HUMAN",0.0360316862182336,0.120434953431175,0,2.00821248950783e-06,"time12",Inf
"3255","SYTL3_HUMAN",0.176996409037473,0.324392732032339,1.56341680888716e-06,2.74708927994496e-06,"time12",0.813201344595356
"3256","VWA3B_HUMAN",0.232966059706807,0.382807778439823,3.16404516161378e-06,6.08660830393971e-06,"time12",0.94386833387924
"3257","MORN2_HUMAN",0.0253294436842058,0.0965093438186659,6.23640126727679e-07,2.70024773649445e-06,"time12",2.11430611149824
"3258","PAN2_HUMAN",0.280712665268496,0.435732003546966,7.19294691204206e-07,3.0902671977876e-07,"time0",-1.21885137111198
"3259","FA98B_HUMAN",0.475495811536078,0.627005826166856,6.68243335068656e-06,8.37859063660722e-06,"time12",0.326334045110394
"3260","PDCD4_HUMAN",0.892979885505748,0.943695834417168,6.31321905179946e-06,9.95109591129667e-06,"time12",0.656479608365905
"3261","FND3B_HUMAN",0.142213241936393,0.282889273214279,2.38941255057516e-07,9.73056285118348e-07,"time12",2.0258672903855
"3262","CRTC2_HUMAN",0.62406453246517,0.748651828161169,7.94600225383203e-07,4.60975251632424e-07,"time0",-0.785539903838482
"3263","GPAT3_HUMAN",0.129353076219559,0.266606599123335,3.54808750332113e-05,4.54722677141102e-05,"time12",0.357945363482506
"3264","LRC23_HUMAN",0.169984847087703,0.320593461210878,1.41258236575589e-05,2.5960848701119e-05,"time12",0.878002556520504
"3265","NCBP3_HUMAN",0.787406490666269,0.875335747022078,5.54800186172455e-07,1.08705947562016e-06,"time12",0.970390698921303
"3266","MPPE1_HUMAN",0.583882420770365,0.719374937966459,1.45655751160237e-07,3.39306278672808e-07,"time12",1.22002545970923
"3267","QORX_HUMAN",0.036241709702006,0.120664287653335,4.46966635927617e-06,1.91459531281928e-06,"time0",-1.22312766210796
"3268","HIKES_HUMAN",0.12130822847739,0.256048029843487,1.91842574022876e-06,3.75655302333823e-06,"time12",0.969486544724551
"3269","ORML2_HUMAN",1,1,8.27829255031768e-07,8.21389382351646e-07,"time0",-0.0112669350075154
"3270","CTL4_HUMAN",0.935398668050766,0.971338011868433,8.44238630988458e-05,9.04282588153876e-05,"time12",0.0991228388645436
"3271","PKHO1_HUMAN",0.0591720678258594,0.162648302403985,1.50647514581102e-07,1.18659011498639e-06,"time12",2.97757289312612
"3272","PAR10_HUMAN",0.00687555424142264,0.0461434668359746,3.28778998534995e-05,1.38248278868714e-05,"time0",-1.24985662707458
"3273","DHB12_HUMAN",0.109432058408856,0.237064899740731,9.48254172164096e-05,0.000113074061346035,"time12",0.253922300603845
"3274","SNUT2_HUMAN",0.000460015084845963,0.0109932106953017,5.72013937350751e-07,7.17172908905333e-06,"time12",3.64819878726339
"3275","AGK_HUMAN",0.109572655541283,0.237064899740731,1.52106402181351e-05,2.04895411827255e-05,"time12",0.429806801202678
"3276","LACB2_HUMAN",0.076288354527471,0.191619151216394,3.68530034119942e-06,1.67829268431271e-06,"time0",-1.13478786434131
"3277","P5CR3_HUMAN",0.401678166469773,0.560828351641878,6.19486629906235e-07,6.84502505384455e-07,"time12",0.143982676297336
"3278","EIPR1_HUMAN",0.40588496871154,0.564721853741913,1.07695657629335e-05,8.56806830414269e-06,"time0",-0.329918194167973
"3279","SWAHC_HUMAN",0.00915168885265007,0.0536965005077396,0,1.66924160610961e-06,"time12",Inf
"3280","RHG15_HUMAN",0.00284505134147752,0.0275421258713861,9.38025460066168e-05,3.49924578220652e-05,"time0",-1.42258308012612
"3281","APRV1_HUMAN",0.477733720891573,0.627005826166856,4.44462634260995e-06,8.40723246260704e-06,"time12",0.919568827079156
"3282","RAB6D_HUMAN",0.0043382328003645,0.0349221893754409,1.3412954345903e-05,1.84173782168279e-05,"time12",0.457440661795651
"3283","H1BP3_HUMAN",0.0024679125845843,0.0256362467264731,3.44479513261591e-05,1.60212096003035e-05,"time0",-1.1044351108955
"3284","CYBR1_HUMAN",0.365227518501531,0.524904708375756,2.00220374180909e-05,2.0673648195704e-05,"time12",0.0462042093007785
"3285","WDR81_HUMAN",0.47719661998877,0.627005826166856,4.93094402191196e-07,1.04518806810452e-06,"time12",1.08382678003665
"3286","ACTBL_HUMAN",0.0522633474320173,0.15343410748568,0.00029942044468667,8.92464476073941e-05,"time0",-1.74630608329624
"3287","CCD93_HUMAN",0.0331834311510942,0.114768172707287,5.18186888991775e-06,7.76600587010729e-07,"time0",-2.73822781049302
"3288","CC157_HUMAN",0.108319380730004,0.236237546646293,8.66987282532169e-08,9.47266458299456e-07,"time12",3.44968756464993
"3289","OCAD2_HUMAN",0.107327557761612,0.236033690173088,1.73445400340073e-07,1.16276518063743e-06,"time12",2.74500628838082
"3290","PAN3_HUMAN",0.449803788345075,0.601854396905272,1.05486968479436e-06,6.87442438662062e-07,"time0",-0.617753960940621
"3291","HS904_HUMAN",0.850618403625297,0.913870841181422,1.9936636398116e-06,1.78770779163891e-06,"time0",-0.157311085315549
"3292","ODFP2_HUMAN",0.297073591495103,0.453004994128223,3.3822855093572e-06,6.82316883532625e-06,"time12",1.01244346807247
"3293","YIF1B_HUMAN",0.477733720891573,0.627005826166856,6.76911311192107e-06,4.37132553434636e-06,"time0",-0.630896004320468
"3294","ZN326_HUMAN",0.0913701927301906,0.217689387315384,4.50652337254154e-06,2.68919101566377e-06,"time0",-0.744842638296249
"3295","PIRC1_HUMAN",0.105645429201877,0.233106815154345,1.02830460990295e-07,7.19602793944851e-07,"time12",2.80693309733862
"3296","FILA2_HUMAN",0.531174491567587,0.674756537246533,6.44269495669228e-05,8.5878437661405e-05,"time12",0.414631656424189
"3297","PDZ11_HUMAN",0.00385729282994253,0.0331196949159461,7.6420345165634e-08,2.48197587717444e-06,"time12",5.02138850957578
"3298","CMPK2_HUMAN",0.0120369481070948,0.0622193255917365,1.3728003383709e-06,6.32451158258475e-06,"time12",2.2038322568367
"3299","CAR16_HUMAN",0.00542565409814579,0.0398615398871154,2.99188166151981e-06,9.91702816083558e-07,"time0",-1.59307335557269
"3300","VWA2_HUMAN",0.0142661867014469,0.0681564973087937,9.56020752871206e-07,4.624950779219e-05,"time12",5.59625226575871
"3301","HERC4_HUMAN",0.681189257597514,0.794676452271475,3.5272392916892e-05,3.87889205958815e-05,"time12",0.137105176569549
"3302","PP6R3_HUMAN",0.520316800507367,0.66849908570241,1.5165733685342e-05,2.31596750375747e-05,"time12",0.610799716341712
"3303","MKS3_HUMAN",0.00227495494411844,0.024932671341687,2.92305901642095e-06,1.96875541677436e-05,"time12",2.75173303039893
"3304","RABL3_HUMAN",0.23395283347059,0.383374560855921,6.96866540005115e-07,6.67110126066606e-06,"time12",3.2589706493952
"3305","COQ5_HUMAN",0.763938808898517,0.859809026860908,6.32008813481751e-06,5.46884762365815e-06,"time0",-0.208707811780351
"3306","NHSL2_HUMAN",0.0169675630125841,0.0754633312540319,4.50406401734774e-05,2.50944231563353e-05,"time0",-0.843860549582821
"3307","MDH1B_HUMAN",0.0243902414330541,0.0947839375924736,5.04109588034351e-07,3.02579302684249e-06,"time12",2.58550400692999
"3308","CC038_HUMAN",0.281262688894038,0.436358971627035,1.66436879472381e-06,1.12892033475551e-06,"time0",-0.560031462519606
"3309","DYLT4_HUMAN",0.073601968391655,0.187473158722113,3.36730760474701e-06,4.15505682700157e-06,"time12",0.303272690386207
"3310","TGO1_HUMAN",0.164184082299471,0.312714133792965,0.000172771479904864,0.000155849637299337,"time0",-0.148710288123003
"3311","PREP_HUMAN",0.530611493590147,0.674615251429108,2.61947908321616e-05,2.81170060416971e-05,"time12",0.102163039368889
"3312","NHLC3_HUMAN",0.0137548063929785,0.0677307985039248,5.80132569987362e-06,2.78041755922663e-06,"time0",-1.06108105669551
"3313","PSMG4_HUMAN",0.126278928554698,0.262352709654682,2.88009795020151e-07,1.0303329344955e-06,"time12",1.83892081230724
"3314","WDR44_HUMAN",0.103349811661681,0.232245457131386,1.57615912685958e-06,3.61585000293405e-06,"time12",1.19792163671659
"3315","DOC11_HUMAN",0.0145487249403502,0.0681564973087937,4.88547427106235e-05,8.07446316935898e-05,"time12",0.724867722779427
"3316","FGD3_HUMAN",0.0184267732358614,0.0793730758610123,0.000147568273998298,6.94438383900279e-05,"time0",-1.08746398919751
"3317","EFHC2_HUMAN",0.00145600445553109,0.0189678336198932,1.34805554673791e-05,5.37362213848702e-05,"time12",1.99501493360514
"3318","RRP12_HUMAN",0.589638551626567,0.719932761419764,1.61901194579803e-06,4.72266437489897e-07,"time0",-1.77744071414764
"3319","TOIP1_HUMAN",0.477106481790543,0.627005826166856,0.000252480663128844,0.000277437743456572,"time12",0.135991169900448
"3320","SYAM_HUMAN",0.81600255390599,0.893980787689009,1.42301213405336e-06,1.53762567664501e-06,"time12",0.111756369027282
"3321","DRC5_HUMAN",0.0186868755048476,0.0796124874396967,1.78297257422143e-06,5.6958341893818e-06,"time12",1.6756226373036
"3322","CF157_HUMAN",0.0370276562639839,0.122326433000429,5.34515204083467e-06,1.44184815899137e-05,"time12",1.43161635182571
"3323","TOR2A_HUMAN",0.531174491567587,0.674756537246533,7.15357321053573e-06,6.24377976904355e-06,"time0",-0.196244396853578
"3324","IQEC2_HUMAN",0.18144920772142,0.324392732032339,0,8.74257126624095e-07,"time12",Inf
"3325","PCID2_HUMAN",0.0120369481070948,0.0622193255917365,4.92293230446804e-07,2.59422357766914e-06,"time12",2.39771301432942
"3326","EFHC1_HUMAN",0.00578756669715221,0.0414995628836616,1.49145198815638e-05,4.3861779615351e-05,"time12",1.55624681191012
"3327","SIRB2_HUMAN",0.361310428526179,0.521659944304294,2.22052303576468e-07,2.43625658378599e-06,"time12",3.45569464120307
"3328","S27A3_HUMAN",0.925640069588623,0.968105084162642,4.7552681233234e-06,4.78956995496154e-06,"time12",0.0103694363459972
"3329","SAMD9_HUMAN",0.309491092612211,0.466815731356751,3.60514638665386e-05,5.47315123361317e-05,"time12",0.602313880351828
"3330","CYTSB_HUMAN",0.964541384555568,0.989727828543276,1.03415620291178e-05,3.9789016866423e-06,"time0",-1.37801195478031
"3331","P4R3B_HUMAN",0.361310428526179,0.521659944304294,8.12292208494618e-06,3.01467735142488e-07,"time0",-4.75192329636248
"3332","CL12A_HUMAN",0.66540419460104,0.784226372208369,3.50997246911473e-05,3.31920264326958e-05,"time0",-0.080623003401932
"3333","TBCEL_HUMAN",0.407978222352498,0.566183532089096,3.53333206217873e-06,2.73231864063884e-06,"time0",-0.370903600641427
"3334","TTC38_HUMAN",0.031353830359827,0.111275358728013,7.30481014844229e-06,3.77149788188084e-06,"time0",-0.953709162272799
"3335","CAHM6_HUMAN",1,1,1.23583135020831e-06,2.08525316038929e-06,"time12",0.754740667969318
"3336","ERIC3_HUMAN",0.033289734464239,0.114803454939319,2.304266477771e-05,7.79606121037797e-05,"time12",1.7584378504435
"3337","COX20_HUMAN",0.18144920772142,0.324392732032339,2.21901484018663e-06,0,"time0",-Inf
"3338","EXOS6_HUMAN",0.905695442034309,0.952247645708666,2.31792820094284e-06,2.27620468589367e-06,"time0",-0.0262055821107822
"3339","LRRK2_HUMAN",0.059942201937219,0.163710458240059,0.000274304560118998,0.000183674216372288,"time0",-0.578629486646836
"3340","PPM1L_HUMAN",0.796000134909944,0.878999594345923,5.15235595749533e-06,4.91755971880426e-06,"time0",-0.0672896947513493
"3341","NU188_HUMAN",0.59048161734894,0.720520265663987,6.06657901272362e-05,4.92493658447334e-05,"time0",-0.300778051780584
"3342","PHYD1_HUMAN",0.142213241936393,0.282889273214279,1.96014335481185e-07,2.05928702587658e-06,"time12",3.39311385392412
"3343","HP1B3_HUMAN",0.251782879113893,0.404927069721939,5.67549248100944e-05,6.48843378293098e-05,"time12",0.193124688671712
"3344","CE170_HUMAN",0.140562405360306,0.282889273214279,8.42152659484983e-06,2.32242131850661e-06,"time0",-1.85845205830566
"3345","PKHS1_HUMAN",0.00234534072287745,0.0250827491665221,3.04828858588517e-06,1.26747441226932e-05,"time12",2.05588522601009
"3346","HYI_HUMAN",0.00209111474311732,0.0236557355315147,6.93342100365655e-06,6.07825823340174e-07,"time0",-3.51183749110556
"3347","TPRGL_HUMAN",0.378674693023085,0.53942855745931,7.72759083036135e-07,1.36095177201684e-06,"time12",0.816525331250635
"3348","C2D1B_HUMAN",0.446096222327149,0.599175339770645,4.10639764606977e-06,3.37570763190775e-06,"time0",-0.282683380188461
"3349","CFA70_HUMAN",0.00975977204371061,0.0552934577346026,9.5088624657986e-07,7.6348082339056e-06,"time12",3.00524725222711
"3350","FBP1L_HUMAN",1,1,8.6967268899948e-07,1.20045235608698e-06,"time12",0.465033712709017
"3351","CF132_HUMAN",0.0077635583929209,0.0499694286487262,7.87688087998683e-06,2.94324503233813e-05,"time12",1.90171129166566
"3352","UBX11_HUMAN",0.14853928156528,0.292910243905387,1.00999823359278e-05,1.86896231522025e-05,"time12",0.887884709807744
"3353","FKB15_HUMAN",0.51634770530381,0.664354600517195,2.79580583857775e-05,2.22201723279082e-05,"time0",-0.33139416723474
"3354","ARMD3_HUMAN",0.0320125241582704,0.113008751062263,2.1613363680483e-06,6.02401942658517e-06,"time12",1.4788028066865
"3355","ODAD2_HUMAN",0.0238680092946278,0.092996490226231,9.25865110749683e-06,3.4307685950667e-05,"time12",1.88965789184257
"3356","MPP7_HUMAN",0.393144675087728,0.553702698490687,1.17249140122696e-05,1.5481532137722e-05,"time12",0.400970913200946
"3357","CAF17_HUMAN",0.41849223344682,0.572386780791985,2.16464568499315e-07,5.69527254987267e-07,"time12",1.39563398433083
"3358","HECD3_HUMAN",0.215820664395305,0.361293954157275,7.15770270030185e-06,1.373606145251e-05,"time12",0.940399871946103
"3359","UBR4_HUMAN",0.0916784272732711,0.217856057475881,6.15853724867578e-05,9.22346775547433e-05,"time12",0.582721535591109
"3360","CF276_HUMAN",0.672603817441517,0.788201412905273,7.35411899351051e-07,2.23972889095139e-06,"time12",1.60669968573726
"3361","STXB5_HUMAN",0.359877927228808,0.521659944304294,3.46668704721988e-05,2.86977444319906e-05,"time0",-0.272620254837914
"3362","SKT_HUMAN",0.206869432795255,0.351031568774449,1.68737589929177e-05,4.81675106475027e-05,"time12",1.51327896491351
"3363","CAMP1_HUMAN",0.398304593395588,0.559518658596389,1.06843711715269e-06,1.82464185903952e-06,"time12",0.772111318688607
"3364","AGRF1_HUMAN",0.321919474704054,0.481428398199127,1.39822018756238e-05,2.19105134286272e-05,"time12",0.648031721434427
"3365","CFA58_HUMAN",0.127038367188778,0.263351999905413,1.31945538462998e-05,3.11019428706162e-05,"time12",1.23706213622917
"3366","GNTK_HUMAN",0.554113130069446,0.694735039022838,3.27880011058472e-07,5.77242476290764e-07,"time12",0.816009512540296
"3367","QNG1_HUMAN",0.000113500174714927,0.00529637924665825,2.60985584442155e-06,9.67331660003438e-06,"time12",1.89004049631035
"3368","LRAD1_HUMAN",0.0972010883062347,0.227011289394017,3.76107045448005e-07,1.76369805304735e-06,"time12",2.22938835401838
"3369","ACBD5_HUMAN",0.201242620957724,0.345670985066878,1.84641809798561e-07,8.07784944551169e-07,"time12",2.12924198743554
"3370","ATD3B_HUMAN",0.208412803684149,0.351652450961983,5.94585383279772e-07,8.00245935698751e-08,"time0",-2.89336864812141
"3371","CPTP_HUMAN",0.100348246462291,0.227011289394017,1.1300163438208e-06,0,"time0",-Inf
"3372","TTC22_HUMAN",0.142368182702515,0.282889273214279,8.3600269107547e-07,2.76227888110858e-06,"time12",1.72427949075686
"3373","FRY_HUMAN",0.915223470558748,0.960068456207833,5.79465454633177e-06,6.31526580947013e-06,"time12",0.124120802107933
"3374","RNH2B_HUMAN",0.224015384088612,0.371472484497857,3.52240518425786e-05,2.57558032221881e-06,"time0",-3.77359143488148
"3375","B2L15_HUMAN",0.00527895997429013,0.0393286678228907,3.99917197034333e-05,1.59863056766248e-05,"time0",-1.32286473990798
"3376","GRTP1_HUMAN",0.00166169445798351,0.0203387315523269,0,3.77157038374875e-06,"time12",Inf
"3377","OGRL1_HUMAN",0.279625921636786,0.435732003546966,3.36541772005669e-05,2.33241967059849e-05,"time0",-0.52895819016982
"3378","KAD9_HUMAN",0.0194118082116584,0.0823520698165325,6.75710133116506e-06,2.68522554355107e-05,"time12",1.9905668760057
"3379","RSH4A_HUMAN",0.0219022201706537,0.0889340320049725,7.42136064742709e-05,0.000144557600512843,"time12",0.961888841596654
"3380","DDI2_HUMAN",0.000418811376312347,0.0105551069650365,5.77881117745844e-07,5.7853323434793e-06,"time12",3.32355520282827
"3381","DAAF9_HUMAN",0.00592153702414871,0.0421063579110003,1.26066217899065e-07,4.04407903967785e-06,"time12",5.00355756231624
"3382","H37_HUMAN",0.823576943948865,0.899221475873808,0.00109161283744623,0.0010892255349991,"time0",-0.00315855665490693
"3383","THMS2_HUMAN",0.330531408238157,0.490523698298271,8.58918708776628e-05,7.48085048103815e-05,"time0",-0.199319299677731
"3384","NT5D1_HUMAN",0.168304853187399,0.318128129141878,9.69479518440852e-06,1.53460130551486e-05,"time12",0.662581562449227
"3385","SIRBL_HUMAN",0.0346252075233357,0.118180779735363,2.61904167310216e-05,1.18661188050402e-05,"time0",-1.14219088301184
"3386","BIG3_HUMAN",0.672603817441517,0.788201412905273,4.23360713015697e-07,7.21041505244791e-07,"time12",0.768194911086612
"3387","VP13D_HUMAN",0.146707642066199,0.290545340206038,1.58262883434924e-06,3.67756635863184e-06,"time12",1.21642842651607
"3388","EFCB6_HUMAN",0.918812683274642,0.96214441167896,8.21547887479378e-07,2.39544581874354e-06,"time12",1.54387760585037
"3389","CC181_HUMAN",0.100348246462291,0.227011289394017,0,3.0932217915929e-06,"time12",Inf
"3390","CROCC_HUMAN",0.306556273379373,0.463677037451252,3.38902909892735e-06,4.65324610952776e-05,"time12",3.77929356377415
"3391","ANR45_HUMAN",0.0128512401874965,0.0647911684654303,1.93298857943797e-07,2.4023545798031e-06,"time12",3.63554408500645
"3392","LYRM7_HUMAN",0.18144920772142,0.324392732032339,4.31293356834994e-07,0,"time0",-Inf
"3393","EMC10_HUMAN",0.558067532370401,0.697059257810206,3.90656583879532e-06,4.31320609258303e-06,"time12",0.142859723562279
"3394","VPS53_HUMAN",0.830324257655795,0.902699570197702,6.20839059694425e-06,3.75829336718501e-06,"time0",-0.724141640686903
"3395","STRP1_HUMAN",0.45121347001298,0.603470232061695,5.9979974357709e-06,4.97715861340871e-06,"time0",-0.269158541499014
"3396","AB17B_HUMAN",0.532951705049407,0.676294993469324,4.28489382662851e-06,3.79908627588093e-06,"time0",-0.173606981458188
"3397","MARC1_HUMAN",0.741268714629815,0.843191398302016,8.93735436896297e-06,8.90428467485926e-06,"time0",-0.00534811159507115
"3398","AXA81_HUMAN",0.0130511580675143,0.0654530370589947,2.17481812118546e-06,6.59941846171081e-06,"time12",1.60144414609167
"3399","FLTOP_HUMAN",0.0224942712224497,0.0893339641035185,6.37642203461453e-08,1.46757588054318e-05,"time12",7.84647226423697
"3400","DNAI4_HUMAN",0.0759269629825577,0.191274462207852,2.42480569732365e-07,2.15629775885488e-06,"time12",3.15261535861814
"3401","PR38B_HUMAN",0.229599700279643,0.378315851551557,2.6351273057137e-06,4.70591180167714e-06,"time12",0.836601620157957
"3402","BRE1A_HUMAN",0.45908398187669,0.611352931680029,6.39098559535821e-06,3.37817001668271e-06,"time0",-0.919796497710019
"3403","CFA95_HUMAN",0.10750800928017,0.23616967246431,1.69827951829521e-06,4.29535568116429e-06,"time12",1.33870366978563
"3404","CP141_HUMAN",0.18144920772142,0.324392732032339,0,3.63143439895403e-07,"time12",Inf
"3405","DRC8_HUMAN",0.41849223344682,0.572386780791985,5.72565147952375e-07,1.37814989949085e-06,"time12",1.26722105529739
"3406","ARHGG_HUMAN",0.0224942712224497,0.0893339641035185,1.61087034924226e-07,1.46651453133479e-06,"time12",3.18647907783224
"3407","OTU1_HUMAN",0.000498920343552337,0.0117324850867642,8.53528001125752e-06,1.69732377976181e-05,"time12",0.991751409495802
"3408","BROX_HUMAN",0.649766048056904,0.770355816801089,2.09608972126401e-05,2.40581505120319e-05,"time12",0.198825267056833
"3409","FOCAD_HUMAN",0.776388431769708,0.870906054059416,9.63340350662793e-06,3.93723114097366e-06,"time0",-1.29086418552984
"3410","FYB2_HUMAN",0.141482121482793,0.282889273214279,1.09489200268871e-06,5.30982490905964e-06,"time12",2.27787571594834
"3411","LYPL1_HUMAN",0.0264042592493652,0.0985704003102865,9.79489840649698e-06,1.46059851273534e-05,"time12",0.576457232721832
"3412","ECM29_HUMAN",0.913903671752854,0.959192279605791,2.12383144573501e-05,2.08177214273436e-05,"time0",-0.0288571044067278
"3413","TUT7_HUMAN",0.333151509661388,0.494020349356372,1.33553860578273e-05,1.00343975914303e-05,"time0",-0.412467671842361
"3414","ANR22_HUMAN",0.387078282608515,0.546318190458568,4.00103606425603e-05,5.10588717840148e-05,"time12",0.351788026961692
"3415","MORN5_HUMAN",0.0142661867014469,0.0681564973087937,4.11868140774401e-07,3.35939515104169e-06,"time12",3.02794706461431
"3416","DEN4C_HUMAN",0.955342600235536,0.981975796112004,1.83127135183174e-05,4.7269385099193e-06,"time0",-1.95386757810896
"3417","CARL1_HUMAN",0.402923606122181,0.56204173268748,0.000811984745349754,0.000628618735715725,"time0",-0.369267352250337
"3418","ARMC3_HUMAN",0.076288354527471,0.191619151216394,5.61950092594044e-06,1.70303068745911e-05,"time12",1.59959051772352
"3419","BSPRY_HUMAN",0.00385729282994253,0.0331196949159461,7.08541580781733e-08,1.82028794298633e-06,"time12",4.68317035132566
"3420","FHI2A_HUMAN",0.0340842377425488,0.11700296094037,4.60219097741078e-05,2.70148286787952e-05,"time0",-0.768569319624168
"3421","K2C79_HUMAN",0.610298655976554,0.737768442045732,7.47095973559482e-06,3.17222238120041e-06,"time0",-1.23579967530009
"3422","MIC13_HUMAN",0.000417809173819042,0.0105551069650365,2.34437613531741e-06,8.64820799115754e-06,"time12",1.8831971640536
"3423","RN123_HUMAN",0.932646638965876,0.97016690605071,8.05329115149606e-07,1.45175398913681e-06,"time12",0.850146600932433
"3424","FBXW9_HUMAN",0.554113130069446,0.694735039022838,6.05715687249184e-07,2.56154350322729e-06,"time12",2.08030071267733
"3425","ANO1_HUMAN",0.824098168245978,0.899221475873808,4.46699866491707e-06,4.89312650199914e-06,"time12",0.131450757794952
"3426","RN213_HUMAN",0.529105184599757,0.674615251429108,9.65508878309694e-05,0.000114296889088114,"time12",0.243424706465033
"3427","WAC2A_HUMAN",0.415481291692167,0.572386780791985,9.38086706233418e-06,4.50313800743547e-06,"time0",-1.05879058292554
"3428","METRL_HUMAN",0.0253698598220537,0.0965093438186659,9.57617840721199e-07,2.26738712346394e-06,"time12",1.24350879585518
"3429","SAXO2_HUMAN",0.000618060695388783,0.0128183212970736,8.17382067305935e-06,3.12078990352998e-05,"time12",1.93282873876471
"3430","F91A1_HUMAN",0.119436571746115,0.253113793344557,3.17771450617038e-06,6.1612386918276e-06,"time12",0.95523091284216
"3431","CP135_HUMAN",0.23395283347059,0.383374560855921,4.60313319449004e-06,1.43372056576173e-06,"time0",-1.68285232037292
"3432","TBC9B_HUMAN",0.972751847814624,0.994564667407866,9.26826383820786e-06,1.05838410396558e-05,"time12",0.191492279959587
"3433","MAP1S_HUMAN",0.449162478002393,0.601670213300806,3.62806908223019e-05,3.18112690118605e-05,"time0",-0.189664001683502
"3434","A16L1_HUMAN",0.107327557761612,0.236033690173088,1.7254368281446e-07,8.84445791104781e-07,"time12",2.35781206621446
"3435","RPGP2_HUMAN",0.132185253503126,0.270762180786753,1.20051966663799e-05,5.09384331668271e-06,"time0",-1.23683254861808
"3436","STEA4_HUMAN",0.000505488365888596,0.0117481790251073,0.000149353131376371,0.00027669892780115,"time12",0.889589567681855
"3437","HGNAT_HUMAN",0.00169627235997648,0.0206772138900806,2.63806787634259e-06,3.68191835031801e-07,"time0",-2.84095214582356
"3438","GL8D1_HUMAN",0.799846105662473,0.881454020133202,4.00070772918275e-07,5.61580500258593e-06,"time12",3.81116569998024
"3439","FTM_HUMAN",0.00535526358980952,0.0396707966175359,1.58073578558862e-07,4.95601898953928e-06,"time12",4.97051356376411
"3440","MBLC2_HUMAN",0.253076385134129,0.40660055254126,1.45713162897379e-05,1.02833745437807e-05,"time0",-0.502817437903023
"3441","FMN1_HUMAN",0.0800579199844347,0.197772189679956,7.63353136916411e-05,1.68418454439907e-06,"time0",-5.50222848526345
"3442","ZFY26_HUMAN",0.235170681758939,0.384526274882602,2.34645682679253e-06,3.23175827973278e-06,"time12",0.461835379340398
"3443","MSL1_HUMAN",0.944182513250483,0.975815282932568,7.35242912332326e-07,8.02097673398948e-07,"time12",0.12555695614315
"3444","INT3_HUMAN",0.380314081024951,0.54065482509965,1.50432769844098e-06,3.524771842924e-06,"time12",1.22841100164906
"3445","RHG17_HUMAN",0.972751847814624,0.994564667407866,1.84373178711696e-05,1.81604033154736e-05,"time0",-0.0218325550091508
"3446","C19L1_HUMAN",0.141482121482793,0.282889273214279,1.98534429416549e-06,2.88716138595537e-07,"time0",-2.78166555974361
"3447","VIR_HUMAN",0.833935414088552,0.902699570197702,4.6309109817352e-07,5.56651918173188e-07,"time12",0.265479448241927
"3448","CYTSA_HUMAN",0.47719661998877,0.627005826166856,3.05935877346228e-06,1.06032988276392e-06,"time0",-1.5287161265382
"3449","NB5R2_HUMAN",0.0085899572511856,0.0524083908695931,1.79992568104656e-07,2.53612078132996e-06,"time12",3.81661421065429
"3450","ATLA3_HUMAN",0.135698914485948,0.275596605312672,0.000132277343836821,0.000150690313356566,"time12",0.188020699649247
"3451","NXN_HUMAN",0.123534253752569,0.259904930491052,4.03437799610135e-06,2.23005962796921e-06,"time0",-0.855263975975128
"3452","TTC19_HUMAN",0.41849223344682,0.572386780791985,1.87213062949122e-06,6.61295533276197e-07,"time0",-1.50131404166535
"3453","H2B2C_HUMAN",0.381798435002565,0.54065482509965,0.00045483372616494,0.000397471436321841,"time0",-0.194488047763425
"3454","MCTP2_HUMAN",0.088544706688393,0.211890037279556,2.29983869304165e-05,4.31179481398892e-06,"time0",-2.41517224532984
"3455","IQEC1_HUMAN",0.360423995448255,0.521659944304294,5.83356937679445e-06,3.22929339933922e-06,"time0",-0.853160369302914
"3456","DMKN_HUMAN",0.026115521593656,0.0984081544880592,5.47276258576904e-06,2.05020377820065e-05,"time12",1.90542613488343
"3457","VASN_HUMAN",0.361310428526179,0.521659944304294,1.38488098605359e-07,1.03146187227594e-06,"time12",2.89685658901546
"3458","CARL2_HUMAN",0.204930567923604,0.349625856217291,4.35630257007949e-05,2.72058640360096e-05,"time0",-0.67918651299948
"3459","CPIN1_HUMAN",0.255831968664748,0.409125662338566,2.78649817766859e-06,4.55789606984594e-06,"time12",0.709914818413269
"3460","PTRD1_HUMAN",0.0666647087782622,0.174490931434075,2.67852688488131e-05,1.92129250625404e-05,"time0",-0.479362598595608
"3461","OTU7B_HUMAN",0.100348246462291,0.227011289394017,0,2.97363873659314e-07,"time12",Inf
"3462","LAIR1_HUMAN",0.0998229782945518,0.227011289394017,1.05674026811354e-05,5.99045109526168e-06,"time0",-0.818884275556137
"3463","SIGIR_HUMAN",0.119722411520657,0.253133438588631,2.1808373861865e-06,1.34850160009853e-06,"time0",-0.693524966208505
"3464","NADE_HUMAN",0.000432096489121123,0.010753801373002,1.71438829193216e-05,3.9358288829658e-05,"time12",1.19897359578724
"3465","ELP2_HUMAN",0.610298655976554,0.737768442045732,8.29998041548585e-07,1.09235121626083e-06,"time12",0.396256953359966
"3466","LTOR1_HUMAN",0.0840654782950878,0.203535914818224,4.68074577882862e-05,3.1317536123646e-05,"time0",-0.579767696888299
"3467","DRS7B_HUMAN",0.23730090419784,0.386106864825306,5.45827576322787e-06,8.92420471734412e-06,"time12",0.709278324403175
"3468","TWF2_HUMAN",0.700032921507955,0.810014846990898,0.000150556764203379,0.000168218535772842,"time12",0.160029156149614
"3469","GRAM4_HUMAN",0.111932624937794,0.241449465060832,4.78417060932339e-06,2.09959587655848e-06,"time0",-1.18815716938314
"3470","K0930_HUMAN",0.932646638965876,0.97016690605071,1.3688613722703e-06,1.31131816721045e-06,"time0",-0.0619585775365203
"3471","TNG2_HUMAN",0.17465019651046,0.324392732032339,1.48064390559853e-05,1.08345701837481e-05,"time0",-0.450582792955919
"3472","P4R3A_HUMAN",0.0069795438131406,0.046269495222962,4.4710063964557e-06,8.96937953272877e-07,"time0",-2.31751951627716
"3473","IQCE_HUMAN",0.0440109840129515,0.136915420577791,1.01300354323519e-07,1.62322972007893e-06,"time12",4.00215605962781
"3474","RAB12_HUMAN",0.150785565027971,0.294905756356278,2.52197038520919e-07,7.62694507576885e-07,"time12",1.59655397585404
"3475","STYK1_HUMAN",1,1,1.83643291390999e-06,1.88402331258005e-06,"time12",0.0369106222781353
"3476","CPZIP_HUMAN",0.779481323802983,0.87192043497728,3.91922633165802e-06,4.058848095375e-06,"time12",0.050501457753371
"3477","ACD10_HUMAN",0.401678166469773,0.560828351641878,9.94232075641315e-07,8.51635738208681e-07,"time0",-0.223346155263889
"3478","K2C80_HUMAN",0.153849198537945,0.298454453675592,2.57362366994852e-05,6.08536011957649e-05,"time12",1.24154153148801
"3479","NIPBL_HUMAN",0.126370723502247,0.262360907709045,5.77805204607978e-06,3.775360796947e-06,"time0",-0.613968675172899
"3480","PDE12_HUMAN",0.00213037128685543,0.0237845003670794,2.2771553106579e-06,4.91425746443518e-06,"time12",1.10974075225544
"3481","HPHL1_HUMAN",0.100348246462291,0.227011289394017,0,9.40829492946421e-07,"time12",Inf
"3482","PRR27_HUMAN",0.50881275927407,0.657822210204333,0.000101208843678155,9.81317170502706e-05,"time0",-0.0445439500441586
"3483","NAA16_HUMAN",0.0360316862182336,0.120434953431175,2.11136804291984e-06,5.07119393917188e-07,"time0",-2.05778072986928
"3484","CP4FN_HUMAN",0.100348246462291,0.227011289394017,0,1.03146372976542e-06,"time12",Inf
"3485","RHBD2_HUMAN",0.18144920772142,0.324392732032339,0,3.81134512510668e-07,"time12",Inf
"3486","SAPL1_HUMAN",0.0440109840129515,0.136915420577791,2.82744593197929e-07,2.91542091751279e-06,"time12",3.36613284778941
"3487","SCMC1_HUMAN",0.145999491214752,0.289497335324625,0.000325359667327112,0.00025260812378059,"time0",-0.365134384398506
"3488","RETST_HUMAN",0.00837384906674997,0.0515715885887802,2.89727171102457e-07,1.65819578803603e-06,"time12",2.51684746568392
"3489","RINT1_HUMAN",0.042315274905714,0.134148169397591,1.59285132997132e-06,2.09057407236667e-07,"time0",-2.92964055169154
"3490","TM214_HUMAN",0.352542137499713,0.513719001533492,4.14975792955802e-07,1.90550195038169e-07,"time0",-1.12285609645068
"3491","TECT3_HUMAN",0.22127181567247,0.368046938182028,7.54007863149574e-07,1.88125663560837e-06,"time12",1.31904519679665
"3492","CRCDL_HUMAN",0.00410683860821576,0.0339282807840564,2.5028876462278e-06,9.42240506604287e-06,"time12",1.91250182392458
"3493","HIBCH_HUMAN",0.795266134938758,0.87883896836063,4.82279473358333e-05,5.0598323758228e-05,"time12",0.0692201836945271
"3494","ARMC6_HUMAN",0.000482402936961704,0.0114340981844137,4.01605293131371e-06,4.43874005944516e-07,"time0",-3.17755615459172
"3495","ESRP1_HUMAN",0.108319380730004,0.236237546646293,2.8207050345806e-07,2.80496604237248e-06,"time12",3.31385559120213
"3496","TAPT1_HUMAN",0.209286554781767,0.352927326852484,1.4697738623104e-06,2.58205807752545e-06,"time12",0.812927250392398
"3497","JMJD6_HUMAN",0.125104957853436,0.261003113258321,4.4390280552446e-06,2.40555206619307e-06,"time0",-0.883875801011435
"3498","PPR18_HUMAN",0.00302232669081542,0.0284289091720323,8.43440467408278e-06,3.44167624139074e-06,"time0",-1.29317485291947
"3499","CAVN1_HUMAN",0.855132140584706,0.913870841181422,8.74226607715197e-07,1.30647191606899e-06,"time12",0.579596919441815
"3500","ERAP2_HUMAN",0.363606971223535,0.523084772280072,4.34639426200491e-06,7.11781303321221e-06,"time12",0.71161498991243
"3501","MBOA5_HUMAN",0.577429828019585,0.715260962828905,6.19112948268088e-06,5.39919612791549e-06,"time0",-0.197458008244821
"3502","CDC73_HUMAN",0.0546135439506891,0.158429673636458,1.97429362501864e-06,7.34312477858695e-07,"time0",-1.42687054886024
"3503","RM14_HUMAN",0.18144920772142,0.324392732032339,0,6.03262972164301e-07,"time12",Inf
"3504","S27A4_HUMAN",0.343252562436031,0.504987082618328,1.14783458738102e-06,2.69340264436702e-06,"time12",1.2305151660155
"3505","L2GL2_HUMAN",0.286320596793059,0.442253148343662,8.02684366976136e-07,1.64104175141913e-06,"time12",1.03170723923205
"3506","C2D1A_HUMAN",0.0214482200433516,0.0875069797260514,3.1846373819757e-06,9.86979695113062e-06,"time12",1.63189129509733
"3507","TATD1_HUMAN",0.755657737671463,0.854675945296658,1.43482834629791e-06,1.446082232897e-06,"time12",0.0112714425017442
"3508","CH082_HUMAN",0.271898710819648,0.427044701479295,1.73525863600705e-07,7.37497812481927e-07,"time12",2.08748806118301
"3509","EDC4_HUMAN",0.206869432795255,0.351031568774449,9.56132971526573e-06,4.59431231488615e-06,"time0",-1.05736233852027
"3510","FAH2B_HUMAN",0.330547109601631,0.490523698298271,4.37322590555262e-06,5.479045767401e-06,"time12",0.325226779847977
"3511","PRP8_HUMAN",0.00833890710066832,0.0515715885887802,6.33568551318652e-05,0.000165682914551431,"time12",1.38685220683642
"3512","SCYL2_HUMAN",0.0195274552556461,0.0823520698165325,1.57841084193768e-05,2.47841563711159e-05,"time12",0.650945380761862
"3513","PLBL1_HUMAN",0.000283263623714447,0.00833464839628765,0.000517845197590737,0.000242970033080659,"time0",-1.09174250056758
"3514","GOLM2_HUMAN",0.416997511090476,0.572386780791985,6.68909332113035e-06,3.73001422017385e-06,"time0",-0.842629542216234
"3515","GGT6_HUMAN",0.000852332883591632,0.014799373004921,8.99676845908548e-07,3.62322156624026e-06,"time12",2.00979423247022
"3516","FAHD1_HUMAN",0.516534867704981,0.664354600517195,2.71006408501061e-05,3.34374673995025e-05,"time12",0.303138612359951
"3517","TP8L2_HUMAN",0.0206851431525508,0.0854093243821853,0.000102419855446022,5.37429311679892e-05,"time0",-0.930348514038122
"3518","KLC3_HUMAN",0.18144920772142,0.324392732032339,0,3.57936988939871e-07,"time12",Inf
"3519","LEG1H_HUMAN",0.280086781829596,0.435732003546966,0.000682090641083081,0.000762386133397575,"time12",0.160558411512196
"3520","CF161_HUMAN",0.295926599541194,0.451687219104768,6.33117109298692e-06,1.35821721085816e-05,"time12",1.10116993042312
"3521","ERIC5_HUMAN",0.322914697331901,0.482554287506492,2.00154972952496e-05,3.26832088351458e-05,"time12",0.707432173469396
"3522","PDXD1_HUMAN",0.530611493590147,0.674615251429108,2.40125127946432e-05,1.88025075375722e-05,"time0",-0.352861307363094
"3523","MEAK7_HUMAN",0.0248977685945476,0.0954013820089054,1.29866290380536e-05,2.38158880854133e-05,"time12",0.874897350742313
"3524","CB5D1_HUMAN",0.026115521593656,0.0984081544880592,5.50850573760695e-06,1.51372269703128e-05,"time12",1.45836801336726
"3525","TM154_HUMAN",0.000127651143619871,0.00564785393215919,1.01287014925509e-05,1.83866750347046e-06,"time0",-2.46171671352708
"3526","VWA1_HUMAN",0.00603535517615519,0.0424607496668727,4.28649917121702e-06,1.2703384484129e-05,"time12",1.56734114695149
"3527","RSBNL_HUMAN",0.583882420770365,0.719374937966459,2.49628746564463e-07,1.62458409323646e-06,"time12",2.7022144380271
"3528","AB17C_HUMAN",0.0346252075233357,0.118180779735363,2.01083087943168e-06,4.93898926648048e-06,"time12",1.29642408428395
"3529","EMB_HUMAN",0.00198733989230986,0.0227871046678546,3.85357999627193e-05,1.979110936727e-05,"time0",-0.96134685688475
"3530","PGM2L_HUMAN",0.0612857017805365,0.1653263038988,5.00075666849755e-06,1.02545359175898e-05,"time12",1.03604389038839
"3531","CTR9_HUMAN",0.750994967158646,0.851336674670448,3.83935578613693e-06,3.22066486926765e-06,"time0",-0.253505711407271
"3532","AAGAB_HUMAN",0.572354385329075,0.710742774131095,5.8634580337544e-06,5.61792915106938e-06,"time0",-0.0617133292166145
"3533","MORN3_HUMAN",0.556298461274735,0.69514031573096,6.59011984682586e-05,0.000183777484669516,"time12",1.47958341979245
"3534","SKI3_HUMAN",0.217753979525195,0.363816648868248,2.49134223514515e-05,1.8634539459757e-05,"time0",-0.418944053639138
"3535","ULK3_HUMAN",0.0934924836898357,0.221073081979172,5.64489326617135e-08,4.5949908274565e-07,"time12",3.02504377375895
"3536","SYDM_HUMAN",0.00782210209050042,0.0499694286487262,5.65397358635422e-05,2.80015543898074e-05,"time0",-1.01375822874537
"3537","LIRA6_HUMAN",0.34262698961062,0.504937332579382,1.07283606918356e-05,1.24025394014031e-05,"time12",0.209205893347129
"3538","FBX38_HUMAN",0.0144832770523174,0.0681564973087937,3.56627919036884e-06,3.95570402792427e-07,"time0",-3.17241325995842
"3539","NCEH1_HUMAN",0.0602933334368416,0.163913061604322,2.75944164050687e-05,4.88038255806385e-05,"time12",0.82261786635141
"3540","ARMD1_HUMAN",0.0143538943534938,0.0681564973087937,8.97197928216589e-07,6.44002995673684e-06,"time12",2.84356920515034
"3541","RHDF2_HUMAN",0.583882420770365,0.719374937966459,2.43484846207791e-07,7.64094923078394e-07,"time12",1.64991988864288
"3542","ZC3HE_HUMAN",0.0360316862182336,0.120434953431175,1.57279630086706e-06,1.1914119990166e-08,"time0",-7.04451562940811
"3543","LARP1_HUMAN",0.556121263043222,0.69514031573096,5.7364981057682e-06,4.90723931704138e-06,"time0",-0.225258669399967
"3544","TMED8_HUMAN",0.22127181567247,0.368046938182028,1.04942058427882e-06,1.98892244573835e-06,"time12",0.922394028420798
"3545","ZNT9_HUMAN",0.441208519505878,0.594481950599731,1.50321672209914e-05,4.33188514470434e-06,"time0",-1.79498612375118
"3546","SPG17_HUMAN",0.624834867127387,0.74867375353097,2.3748502289726e-05,1.99336239725642e-06,"time0",-3.5745606081148
"3547","BL1S3_HUMAN",0.201242620957724,0.345670985066878,3.59074596811142e-07,7.60206538053092e-08,"time0",-2.23982025324929
"3548","RICTR_HUMAN",0.169810505085521,0.3205683144361,1.32189318374368e-06,6.8910703393317e-07,"time0",-0.93980561517432
"3549","ATRAP_HUMAN",0.125104957853436,0.261003113258321,1.33416197896382e-05,6.6381724392436e-06,"time0",-1.00707582120278
"3550","SMRD3_HUMAN",0.18144920772142,0.324392732032339,0,1.17739638749814e-06,"time12",Inf
"3551","SARM1_HUMAN",0.583882420770365,0.719374937966459,4.0279756390601e-06,2.12720025100588e-06,"time0",-0.921099105499744
"3552","DNAI7_HUMAN",0.00915168885265007,0.0536965005077396,1.45052077594127e-07,2.85335075077868e-06,"time12",4.29801423779309
"3553","C1TM_HUMAN",0.22127181567247,0.368046938182028,1.50059521591708e-06,9.79947459735433e-07,"time0",-0.614758558112286
"3554","AFTIN_HUMAN",0.0829604137452953,0.202916687674303,3.56055749327098e-06,1.21407745601767e-06,"time0",-1.55224268249177
"3555","FIP1_HUMAN",0.208412803684149,0.351652450961983,1.20806085085983e-06,2.45256225707689e-07,"time0",-2.30033146191909
"3556","CP20A_HUMAN",0.0114527779643349,0.0604671121053679,3.87559356552428e-06,8.15708038342549e-06,"time12",1.07363558620717
"3557","TM205_HUMAN",0.000432096489121123,0.010753801373002,1.01328122845655e-05,2.77918582600585e-05,"time12",1.45562766266789
"3558","CP054_HUMAN",0.0128974885828556,0.0647911684654303,1.49353097069088e-05,5.92499817544017e-06,"time0",-1.33384053963136
"3559","LRSM1_HUMAN",0.0803152550124048,0.197772189679956,7.93376926087799e-06,4.02190831478939e-06,"time0",-0.980126246254759
"3560","LCLT1_HUMAN",0.0787915035643527,0.196174093701492,2.05359553286395e-06,7.67259299928594e-06,"time12",1.90156216489393
"3561","SBSN_HUMAN",0.0153017849043063,0.070960839466942,3.52809854591348e-05,7.40109036968139e-05,"time12",1.06884697380105
"3562","LCN15_HUMAN",0.297728418004512,0.45354038274444,0.000309237844106963,0.000243380157029495,"time0",-0.345505336309402
"3563","PRS57_HUMAN",0.588797086071483,0.719932761419764,1.52696522851299e-05,1.48677586466643e-05,"time0",-0.0384800362436392
"3564","OLFM4_HUMAN",0.01283373311162,0.0647911684654303,0.000373536901307784,0.000257508786883617,"time0",-0.536629110620945
"3565","VSTM1_HUMAN",0.74567457014152,0.845947617750294,1.10342886853004e-05,1.13348387840246e-05,"time12",0.0387702410204608
"3566","CP089_HUMAN",0.0168260264385245,0.0750013850129154,1.30201354455452e-05,2.74256663875026e-05,"time12",1.07478221897386
"3567","CXL17_HUMAN",0.799846105662473,0.881454020133202,1.08109936067791e-05,4.90970366794311e-06,"time0",-1.13879126664868
"3568","CREL2_HUMAN",0.0244914162366539,0.0949962689859689,3.90917084029592e-06,8.41444994337295e-07,"time0",-2.21592176521164
"3569","NPNT_HUMAN",0.41849223344682,0.572386780791985,1.58765256775704e-06,1.87140962898264e-06,"time12",0.237230145276611
"3570","WDR82_HUMAN",0.617075077451974,0.743552438495187,6.61899794859551e-06,5.83644890804665e-06,"time0",-0.181521971862678
"3571","TMC5_HUMAN",0.0549216289073229,0.158553354018096,9.36452733284686e-05,0.00013798999688842,"time12",0.559285605043842
"3572","DPP8_HUMAN",0.449803788345075,0.601854396905272,2.6264227218193e-06,1.65414634767487e-06,"time0",-0.667012256131801
"3573","CF299_HUMAN",0.0590582290905367,0.162648302403985,1.01592120950281e-07,2.07221246530977e-06,"time12",4.35031150876764
"3574","PACS1_HUMAN",0.0279888689317788,0.10307497789957,2.62436948843771e-05,1.36969392129483e-05,"time0",-0.938117315892582
"3575","MUC6_HUMAN",0.833935414088552,0.902699570197702,8.97376738185227e-07,1.71212200547482e-06,"time12",0.931999819518237
"3576","MPRIP_HUMAN",0.824098168245978,0.899221475873808,2.47352526745463e-06,2.10859208800133e-06,"time0",-0.230288607488132
"3577","RFIP1_HUMAN",0.130121209757529,0.266992094085098,0.000156746626511996,0.000100530863605536,"time0",-0.640795907965824
"3578","IGS10_HUMAN",0.177529852412153,0.324392732032339,6.04022492948719e-07,1.08785975083187e-07,"time0",-2.47310970119006
"3579","RPTN_HUMAN",0.169810505085521,0.3205683144361,1.19274579754123e-06,3.94775632045257e-06,"time12",1.72674633740979
"3580","PNCB_HUMAN",0.100397355854511,0.227011289394017,0.000151575279852256,0.0001762156689919,"time12",0.21730772746449
"3581","DNMBP_HUMAN",0.0166471366277099,0.074370491456478,4.7837104653981e-06,1.33334993519585e-06,"time0",-1.84307461016689
"3582","HACD2_HUMAN",0.779828432640187,0.87192043497728,1.98899190503305e-06,1.67881311604793e-06,"time0",-0.244595764870803
"3583","B3GLT_HUMAN",0.0872117558874193,0.209792919015528,3.68630484235606e-06,1.55777517955334e-06,"time0",-1.24268834437587
"3584","GGYF2_HUMAN",0.208412803684149,0.351652450961983,1.49483300022864e-06,3.25202243725458e-05,"time12",4.44328098777254
"3585","CD109_HUMAN",0.0755605675259413,0.191274462207852,1.34087970642802e-06,2.39172909564588e-07,"time0",-2.48705392143772
"3586","THADA_HUMAN",0.683480902201426,0.79579560016552,7.78961712812367e-07,9.20509868157707e-07,"time12",0.240880768496636
"3587","HSDL2_HUMAN",0.00577649287879467,0.0414699422656738,0.000182808281338717,0.000108278213820442,"time0",-0.755588433067527
"3588","KAT3_HUMAN",0.0913701927301906,0.217689387315384,6.17755974537269e-06,1.07481099259253e-05,"time12",0.798974018103256
"3589","B3GN6_HUMAN",0.0144451820896118,0.0681564973087937,1.16520664621302e-06,8.20610764066919e-06,"time12",2.81611224279726
"3590","PPR21_HUMAN",0.959488114545013,0.985389014473412,1.18098343067248e-05,1.2408018494465e-05,"time12",0.0712840181547987
"3591","LMTK1_HUMAN",0.0186352088840053,0.0795057876172597,2.19573293202029e-06,7.15943218021804e-07,"time0",-1.61678551342539
"3592","TM11A_HUMAN",0.297672151508384,0.45354038274444,2.78598263095408e-06,4.09701251504446e-06,"time12",0.556386036221117
"3593","DTHD1_HUMAN",0.000363481868201753,0.00964923199452921,5.8018101539928e-07,1.17512852110803e-05,"time12",4.3401716507916
"3594","KIF6_HUMAN",0.41849223344682,0.572386780791985,5.07061408711906e-07,7.78312387031844e-07,"time12",0.618188839798705
"3595","SYNE3_HUMAN",0.318746328073985,0.477639693323108,2.56644850055871e-05,2.45426979762877e-05,"time0",-0.0644794580724674
"3596","MACC1_HUMAN",0.0755605675259413,0.191274462207852,6.36221671390836e-07,1.26190495125138e-06,"time12",0.988001828427004
"3597","GBP6_HUMAN",0.0134849102517132,0.0671211407779026,0.000202007724400327,0.000467564643328968,"time12",1.21075537913397
"3598","NBEL2_HUMAN",0.114452237704458,0.24502624222535,0.000246610256121542,0.000172188393366066,"time0",-0.518244901494446
"3599","SO4C1_HUMAN",0.608401160955621,0.737714196993082,1.64949956658761e-05,1.99618509719643e-05,"time12",0.275217102620703
"3600","CFA77_HUMAN",0.0733290728715368,0.186937495630256,6.96994141568458e-06,1.39549475513383e-05,"time12",1.0015582671489
"3601","LR74B_HUMAN",0.100348246462291,0.227011289394017,0,5.79800922145048e-07,"time12",Inf
"3602","DYH12_HUMAN",0.117795436456402,0.251642396979288,1.85553392174317e-05,3.36635125944779e-05,"time12",0.859351345725616
"3603","QSOX2_HUMAN",0.18144920772142,0.324392732032339,0,9.58609221546799e-07,"time12",Inf
"3604","FA83H_HUMAN",0.0106072371279469,0.0578602989636777,3.61218674005436e-06,1.00634850055153e-05,"time12",1.4781856167263
"3605","RINL_HUMAN",0.164435977044947,0.312894581360136,0.000107696828135397,0.000174139693318184,"time12",0.693269327135848
"3606","RIPR1_HUMAN",0.306556273379373,0.463677037451252,6.73290352399118e-07,1.6380742138694e-06,"time12",1.28270002290406
"3607","PEAK3_HUMAN",0.0660753110898274,0.174092559832174,1.94595891968162e-05,1.20558166932681e-05,"time0",-0.690751868041992
"3608","WDFY4_HUMAN",0.918382508619335,0.96214441167896,2.56519570255244e-05,2.56193626359102e-05,"time0",-0.0018343109130986
"3609","YJ005_HUMAN",0.00518313292290661,0.0391884214538243,5.92647531859319e-06,7.22582990648435e-07,"time0",-3.03593913905497
"3610","ARHGI_HUMAN",0.00475858645284234,0.0370574144495792,2.77425346227039e-05,9.27053946977396e-06,"time0",-1.58137440217965
"3611","TMPPE_HUMAN",0.374041129054169,0.534101760420882,9.49692231849314e-06,8.13009021431797e-06,"time0",-0.224188691855966
"3612","AN13D_HUMAN",0.837314554360899,0.905700802824638,3.93867817159757e-06,2.89507687458518e-06,"time0",-0.444109882112621
"3613","CDHR3_HUMAN",0.262122273445129,0.417064291391653,5.9067607116329e-05,0.000117230072504574,"time12",0.988903631983433
"3614","CFA47_HUMAN",0.683480902201426,0.79579560016552,2.18499400456613e-06,6.33678824964566e-06,"time12",1.53612248608416
"3615","CBAR2_HUMAN",0.647370988319675,0.768800805581449,1.47687931713686e-05,1.82683428874607e-05,"time12",0.306793832315273
"3616","CFA65_HUMAN",0.0184660864969122,0.0793730758610123,3.57751586451286e-07,4.81184174512975e-06,"time12",3.74955912531709
"3617","CE128_HUMAN",0.553616991965781,0.694735039022838,1.84398809421545e-06,5.08541612743772e-07,"time0",-1.85839160466777
"3618","TPRG1_HUMAN",0.244293641331777,0.39543791861103,2.23870402787687e-06,5.47405688037582e-06,"time12",1.2899466191239
"3619","BCAP_HUMAN",0.00118079027619512,0.0171145294994228,0.0001135820015343,4.54991047101942e-05,"time0",-1.31982417750466
"3620","RHG27_HUMAN",0.436312469358833,0.589747540049855,2.89231001775747e-05,3.28474799911795e-05,"time12",0.183560494826038
"3621","TGRM2_HUMAN",0.218401125676539,0.364591929476234,0.000612740345545637,0.000387556333333773,"time0",-0.660869819016021
"3622","NUD18_HUMAN",0.0224942712224497,0.0893339641035185,0,1.23570026154366e-06,"time12",Inf
"3623","TM1L2_HUMAN",0.0322984874142296,0.11326585613609,8.7323124450455e-06,1.31154641129312e-05,"time12",0.586833204242341
"3624","FBX50_HUMAN",0.91390645625926,0.959192279605791,6.1198179407694e-05,6.2972135275005e-05,"time12",0.0412248528062107
"3625","MBOA2_HUMAN",0.242498966780794,0.393684574433254,6.31566105957039e-06,8.04238141405457e-06,"time12",0.348689009658867
"3626","VP13C_HUMAN",0.00147982763550481,0.0189678336198932,2.55097403924482e-05,4.63926518559848e-05,"time12",0.862848097615773
"3627","UBP34_HUMAN",0.0692129715131915,0.179856497557187,0.000102755645773825,1.92369111423095e-05,"time0",-2.41726859280756
"3628","RAPH1_HUMAN",0.208412803684149,0.351652450961983,1.43771223938775e-06,7.90632883666249e-06,"time12",2.45923301362084
"3629","MOB2_HUMAN",0.583882420770365,0.719374937966459,6.75968979167746e-07,2.87984794321553e-07,"time0",-1.23096440246378
"3630","UN13D_HUMAN",0.0043382328003645,0.0349221893754409,0.000702641889140795,0.000371859928000913,"time0",-0.918030297678887
"3631","IKIP_HUMAN",0.0201936704010222,0.084347407905808,5.43530319805373e-06,1.8863282160061e-06,"time0",-1.52677979260864
"3632","UB2R2_HUMAN",1,1,3.93826206628023e-06,4.71413266743679e-06,"time12",0.259433243583326
"3633","H32_HUMAN",0.0327208992093802,0.114226727631577,0.000475065833934562,0.000358908262293196,"time0",-0.404512318604384
"3634","SSH2_HUMAN",0.000706808696380851,0.0134880777747055,6.16856390263106e-06,6.86396095264829e-07,"time0",-3.16782140519159
"3635","KNDC1_HUMAN",0.635586122278767,0.757906949165716,1.93216615229924e-06,2.43012821082337e-06,"time12",0.330813269966225
"3636","BT2A1_HUMAN",0.70642711574737,0.814887825870807,8.91172969790677e-07,1.26967050572957e-06,"time12",0.510676769415506
"3637","SPT6H_HUMAN",0.242498966780794,0.393684574433254,2.58053535237838e-06,4.2841989202177e-06,"time12",0.731355072466328
"3638","SND1_HUMAN",0.0359537135054337,0.120434953431175,7.14851676506006e-05,9.97035181763294e-05,"time12",0.480000482680408
"3639","MARK2_HUMAN",0.0289664134077584,0.105113236503366,6.2416046123906e-05,3.71981721721438e-05,"time0",-0.746685237047488
"3640","DDX46_HUMAN",0.0698929112404585,0.180488698157916,3.74863172360825e-05,2.23650387724661e-05,"time0",-0.74511883863728
"3641","TM10C_HUMAN",0.422175673993565,0.575720388302184,4.38980930811115e-06,4.13023543594187e-06,"time0",-0.0879342489383447
"3642","5MP2_HUMAN",0.0522633474320173,0.15343410748568,4.3908776190054e-05,2.82273695087215e-05,"time0",-0.637414633552511
"3643","CHST9_HUMAN",0.18144920772142,0.324392732032339,0,5.56563984246574e-07,"time12",Inf
"3644","NB5R4_HUMAN",0.153542058637839,0.298118887420557,1.84419015083256e-05,1.35950352675072e-05,"time0",-0.439907522965981
"3645","MON1B_HUMAN",0.018102239875109,0.0789807733922761,2.90056573602964e-06,4.95047648578005e-06,"time12",0.771233076232908
"3646","ASGL1_HUMAN",0.401678166469773,0.560828351641878,1.29868337583024e-06,1.3117309105495e-06,"time12",0.0144220559091163
"3647","DHX30_HUMAN",0.236136970221653,0.385471626258787,2.80650853415613e-06,7.85436782960938e-07,"time0",-1.83720937845335
"3648","EIF3M_HUMAN",0.00493853066839029,0.0379637627828767,6.16688485344213e-05,9.1318792986049e-05,"time12",0.566369881823339
"3649","SYPM_HUMAN",0.72408166091539,0.830964942485183,9.24646547370305e-07,6.41060329764911e-07,"time0",-0.528441856392885
"3650","RRAGA_HUMAN",0.00975043118851265,0.0552934577346026,1.42630883481261e-05,2.6626756701762e-05,"time12",0.900590311884308
"3651","CYFP1_HUMAN",0.000231636688113213,0.00751938009837076,5.62687254853618e-05,9.78593453422554e-05,"time12",0.798376345482254
"3652","DOK3_HUMAN",0.000344958156347275,0.00936561394482852,0.000104572814009233,3.8152490926647e-05,"time0",-1.4546586832555
"3653","NDUF7_HUMAN",0.107973208797929,0.236237546646293,2.4824371464574e-06,8.54599548537454e-07,"time0",-1.53843673021006
"3654","GET4_HUMAN",0.952105858662111,0.979154320555921,6.7589304450138e-06,7.02262474576514e-06,"time12",0.0552153789180011
"3655","GDPD3_HUMAN",0.103142005492008,0.231953011597804,7.31320115353288e-06,1.51321607763367e-05,"time12",1.04904306015479
"3656","CSN6_HUMAN",0.000104440430362015,0.00515555942605218,6.72686881805648e-06,2.01267695891279e-05,"time12",1.58110860438633
"3657","PCAT2_HUMAN",0.220646757632494,0.367724074592323,0.000117474832916,9.06360943757289e-05,"time0",-0.374194115749706
"3658","ENOF1_HUMAN",0.225967837200517,0.373259372676629,3.91043958577978e-06,5.86954698246641e-06,"time12",0.585918364086667
"3659","MAEA_HUMAN",0.100348246462291,0.227011289394017,0,3.96090551889185e-07,"time12",Inf
"3660","EPMIP_HUMAN",0.635586122278767,0.757906949165716,1.42185245464326e-06,1.0344003951535e-06,"time0",-0.458977033148548
"3661","TAOK1_HUMAN",0.310446438696633,0.468020337792779,4.56571817909618e-06,3.25910243655892e-06,"time0",-0.486367113334863
"3662","3BP5L_HUMAN",0.102639775576908,0.231520913716341,5.92867690490368e-06,1.70125773214494e-06,"time0",-1.80110845758798
"3663","EEPD1_HUMAN",0.0421303587106273,0.134050905874278,7.61201592569203e-06,1.84203235755796e-06,"time0",-2.04698017562991
"3664","KDM3B_HUMAN",0.168304853187399,0.318128129141878,2.80405400291549e-05,5.86211617318701e-06,"time0",-2.2580206700898
"3665","S26A9_HUMAN",0.833935414088552,0.902699570197702,1.11382481408378e-06,8.09365659404708e-07,"time0",-0.460658795571791
"3666","GRP2_HUMAN",0.0322984874142296,0.11326585613609,0.000146602355607215,9.15231585746975e-05,"time0",-0.679699537651728
"3667","RIR2B_HUMAN",0.0855702311561038,0.206426086710585,9.59361761160203e-06,6.81360641597286e-06,"time0",-0.493656323448183
"3668","STRAA_HUMAN",0.0637316723005716,0.169865809304469,5.17189758628758e-06,2.87898871196918e-06,"time0",-0.845131574892928
"3669","APTX_HUMAN",0.41849223344682,0.572386780791985,4.90450416630007e-08,1.75212284756396e-07,"time12",1.83692473507143
"3670","ERMP1_HUMAN",0.0305935101730879,0.109095544038122,3.47590166910474e-05,4.45154340439931e-05,"time12",0.356918352913177
"3671","TRM1L_HUMAN",0.583882420770365,0.719374937966459,3.43690224189429e-07,2.12192434758753e-07,"time0",-0.695735595613782
"3672","ZCCHV_HUMAN",0.279625921636786,0.435732003546966,4.72945242510682e-05,3.90575055280068e-05,"time0",-0.276073346270649
"3673","EFL1_HUMAN",0.0702449125752361,0.181084532935643,1.9418831081634e-05,1.03761114738808e-05,"time0",-0.904190476087617
"3674","SETX_HUMAN",0.70642711574737,0.814887825870807,1.60020609870556e-05,7.64229123232951e-06,"time0",-1.06618058707404
"3675","TPC11_HUMAN",0.0112563775209579,0.0601721809738699,6.91547171731458e-06,1.34658381885725e-05,"time12",0.961404465204859
"3676","NUP54_HUMAN",0.0491012641855234,0.147972679606524,3.65279762624593e-05,1.98536679985175e-05,"time0",-0.879596254820957
"3677","ATG9A_HUMAN",0.801732212656982,0.882718249990811,1.03394816832547e-06,9.46171987885152e-07,"time0",-0.127989510817563
"3678","GLUCM_HUMAN",0.0268091307155959,0.0998322554639988,6.01532967372947e-05,1.15818559597641e-05,"time0",-2.3767773476645
"3679","VP35L_HUMAN",0.795266134938758,0.87883896836063,4.07691744579577e-05,3.98328905321232e-05,"time0",-0.0335185689592002
"3680","POGZ_HUMAN",0.100000618072013,0.227011289394017,2.1973937352693e-06,5.47201665382942e-07,"time0",-2.00564887301248
"3681","ZFY16_HUMAN",0.0802997897934491,0.197772189679956,1.11401832680014e-05,5.85277578910397e-06,"time0",-0.928580049361823
"3682","MON2_HUMAN",0.260840632464634,0.41568866000834,1.07000471126377e-05,1.53945348911501e-05,"time12",0.524801131608791
"3683","UBE3B_HUMAN",0.271898710819648,0.427044701479295,1.05122918730529e-06,1.40947444119824e-06,"time12",0.42308007927927
"3684","MYCPP_HUMAN",0.623261445221332,0.748651828161169,1.59019156645472e-06,3.48657426155055e-06,"time12",1.13260963643848
"3685","TMC6_HUMAN",0.501155479478209,0.651266912973947,9.52724699491058e-06,9.31998660526962e-06,"time0",-0.0317315099769214
"3686","TMC4_HUMAN",0.0120476223528385,0.0622193255917365,3.0916822862047e-05,6.09169223875241e-05,"time12",0.978450986898261
"3687","MYH14_HUMAN",5.26504792879433e-05,0.00367082993162203,9.41005826840026e-05,0.000305131683854773,"time12",1.69715643086441
"3688","NUFP2_HUMAN",0.583882420770365,0.719374937966459,6.08730099848255e-07,1.39004093750758e-07,"time0",-2.13067533267671
"3689","CLAP1_HUMAN",0.0488695379535374,0.14749759989716,5.60483381852248e-06,1.10262415900707e-05,"time12",0.976197613661429
"3690","DHX29_HUMAN",0.855132140584706,0.913870841181422,2.59901356117314e-07,5.52885717218175e-07,"time12",1.0890171412619
"3691","COMD6_HUMAN",0.0515399259729805,0.15278382902916,1.31350448488156e-05,9.72488469232847e-06,"time0",-0.433668077154596
"3692","HDDC2_HUMAN",0.0105535866437864,0.0578602989636777,5.67345428709795e-06,2.07430561657135e-06,"time0",-1.45159892026961
"3693","PLGT3_HUMAN",0.318746328073985,0.477639693323108,9.80238892579152e-06,1.6215438973517e-05,"time12",0.726162785719365
"3694","TT21B_HUMAN",0.154674139250427,0.299386384493394,2.99205951658849e-05,5.63331674077979e-05,"time12",0.912845718422202
"3695","CF120_HUMAN",0.0672992995238676,0.175613244235937,6.67111645664305e-06,4.8323196055556e-06,"time0",-0.465212349972827
"3696","KI21A_HUMAN",0.0017148797525814,0.0207953561432226,1.11484537917977e-06,1.22253475000147e-05,"time12",3.45495993573366
"3697","CFA91_HUMAN",0.444469087574028,0.597527314895267,2.08671144726192e-05,2.77708935571412e-05,"time12",0.412342481260578
"3698","HDGR2_HUMAN",0.0224942712224497,0.0893339641035185,0,1.02589458878357e-06,"time12",Inf
"3699","DCXR_HUMAN",0.0254159045415639,0.0965093438186659,7.11011840317238e-06,1.40300243670349e-05,"time12",0.980572024573444
"3700","BRAP_HUMAN",0.787406490666269,0.875335747022078,3.94192782261051e-07,6.57772501373494e-07,"time12",0.738687335963092
"3701","AKNA_HUMAN",0.141482121482793,0.282889273214279,2.57065960737456e-06,4.79367004096483e-07,"time0",-2.42293607547583
"3702","GOGA7_HUMAN",0.948277822491336,0.978249297709974,4.58638840836616e-05,4.58573129559452e-05,"time0",-0.00020671630313691
"3703","WAPL_HUMAN",0.62406453246517,0.748651828161169,4.00469438351752e-06,6.77507996948046e-07,"time0",-2.56338226770713
"3704","VMO1_HUMAN",0.044907208532095,0.138334583064571,8.69896446596694e-05,0.000118970683544282,"time12",0.451690535720117
"3705","AB1IP_HUMAN",0.129353076219559,0.266606599123335,9.62102712450867e-05,6.88534750170616e-05,"time0",-0.482661453245626
"3706","PPR32_HUMAN",0.0519129649350183,0.153048440057682,1.51439296508574e-07,4.00966897354594e-06,"time12",4.72667161751388
"3707","SRGP1_HUMAN",0.0440109840129515,0.136915420577791,1.45831362798862e-07,4.93420879121131e-06,"time12",5.08044583745064
"3708","RHG30_HUMAN",0.00888604785491369,0.0531827292959914,5.15691305478238e-05,2.57446026614826e-05,"time0",-1.00223771803976
"3709","SH3R1_HUMAN",0.352542137499713,0.513719001533492,1.97335075046921e-06,2.12921347470526e-06,"time12",0.109673192819599
"3710","FGD2_HUMAN",0.293621543928906,0.449665813510046,1.49920869018025e-06,1.99319419242908e-06,"time12",0.410881054826731
"3711","PTAR1_HUMAN",0.224015384088612,0.371472484497857,1.12040036332251e-06,5.66736664627189e-06,"time12",2.33866418323961
"3712","ARPIN_HUMAN",0.108319380730004,0.236237546646293,1.37131460472769e-07,2.66132360849441e-06,"time12",4.27851245324812
"3713","TCPR1_HUMAN",0.313300386857646,0.471623230630199,1.13746493444194e-06,1.76939489653667e-06,"time12",0.637433996214393
"3714","RAB44_HUMAN",0.000686680701191712,0.013188243820637,0.000238102808299505,6.56270748834648e-05,"time0",-1.85922160041163
"3715","HUWE1_HUMAN",0.000113500174714927,0.00529637924665825,8.20460586354307e-06,2.42274014982693e-05,"time12",1.56213374162069
"3716","YTHD3_HUMAN",0.571288673599928,0.710009830922257,1.82343021726458e-06,2.69985631584497e-06,"time12",0.566227641520594
"3717","K2C1B_HUMAN",0.0853090051340264,0.206212338189211,1.76698897251337e-05,3.56005343383009e-05,"time12",1.01060585886856
"3718","CNTRL_HUMAN",0.475532659596901,0.627005826166856,2.96731255444068e-06,8.43931971159699e-07,"time0",-1.81395828352634
"3719","PXK_HUMAN",0.229599700279643,0.378315851551557,3.51415413965944e-06,6.29196020051723e-06,"time12",0.840332072110853
"3720","VTCN1_HUMAN",0.944182513250483,0.975815282932568,1.59046021431042e-06,1.175689013226e-06,"time0",-0.435937786114827
"3721","UB2Q1_HUMAN",0.666137204488317,0.784316483818001,1.1853039431648e-06,9.20772559185533e-07,"time0",-0.364340307485069
"3722","CATIP_HUMAN",0.00915168885265007,0.0536965005077396,2.95736901481551e-07,3.3208266896853e-06,"time12",3.48915625561395
"3723","TMED4_HUMAN",0.74567457014152,0.845947617750294,4.85283815815726e-05,4.57538317094265e-05,"time0",-0.084936178436984
"3724","RM10_HUMAN",0.18144920772142,0.324392732032339,0,2.40325399918893e-07,"time12",Inf
"3725","SLN11_HUMAN",0.18144920772142,0.324392732032339,0,2.85555614704409e-07,"time12",Inf
"3726","B3GN8_HUMAN",0.906329390836487,0.952411233544394,1.28089749105336e-06,1.96579591615703e-06,"time12",0.617958529732013
"3727","GALT5_HUMAN",0.00147229677132916,0.0189678336198932,2.48542554091678e-06,8.53140416275038e-06,"time12",1.77929032744091
"3728","GALT7_HUMAN",0.0855702311561038,0.206426086710585,1.53285008101732e-05,2.07096661723544e-05,"time12",0.434087695905889
"3729","LYG2_HUMAN",0.293621543928906,0.449665813510046,5.9297451994148e-07,2.08192585354661e-06,"time12",1.8118766701465
"3730","AGRG6_HUMAN",1,1,3.45892298149635e-06,2.14051309873174e-06,"time0",-0.69236622609354
"3731","GLRX5_HUMAN",0.000165242405489221,0.00630588911920646,1.28160993429203e-05,3.67702352983537e-06,"time0",-1.80134692212296
"3732","TPC6B_HUMAN",0.254052760162641,0.407261711339629,5.41445146660548e-06,3.45160694139001e-06,"time0",-0.649547002948565
"3733","PP4P1_HUMAN",0.750994967158646,0.851336674670448,4.31428026483393e-06,3.50754175909236e-06,"time0",-0.298659620109522
"3734","TM11B_HUMAN",0.118617950529298,0.252752076917842,3.63109159796121e-05,6.08423176986614e-05,"time12",0.744671787416216
"3735","PATL1_HUMAN",0.640744318210405,0.761873036867325,3.5859383144656e-06,2.64936382398595e-06,"time0",-0.436704695627349
"3736","TBCD1_HUMAN",0.141898762708807,0.282889273214279,2.4438971964631e-05,1.71897110220971e-05,"time0",-0.507638307141754
"3737","DPP9_HUMAN",0.000575603284313693,0.0122351545096288,5.37450784445164e-06,1.43891386449275e-05,"time12",1.4207756777156
"3738","PRUN1_HUMAN",0.0272676890597106,0.101161432766243,7.63866606699907e-06,6.40905733070948e-06,"time0",-0.253208548588721
"3739","SETD3_HUMAN",0.985107284492357,1,4.36606652994585e-06,4.14591450544225e-06,"time0",-0.0746437478612822
"3740","TTC7B_HUMAN",0.00915168885265007,0.0536965005077396,3.47168762092255e-06,9.94609312741539e-08,"time0",-5.12536339163078
"3741","LPP60_HUMAN",0.153576396549984,0.298118887420557,4.3794110973546e-07,1.45039016277713e-06,"time12",1.72763225748322
"3742","ISCA2_HUMAN",0.855132140584706,0.913870841181422,3.63005686947592e-07,2.04258764563536e-07,"time0",-0.829594165586374
"3743","NOP9_HUMAN",0.107327557761612,0.236033690173088,1.00189454901826e-06,2.23327226383839e-07,"time0",-2.16549962101884
"3744","PABP2_HUMAN",0.0137948167025114,0.0677602303981088,2.67612549561484e-05,1.58463078392791e-05,"time0",-0.755999037838641
"3745","MTA70_HUMAN",0.177529852412153,0.324392732032339,1.60107035333355e-05,1.7105742777871e-07,"time0",-6.54841214190824
"3746","PB1_HUMAN",0.610298655976554,0.737768442045732,1.2026182808624e-06,8.31020053254105e-07,"time0",-0.533223598010262
"3747","RSPH3_HUMAN",0.321919474704054,0.481428398199127,2.50192089987826e-05,3.89592081473952e-05,"time12",0.638928176363716
"3748","OAF_HUMAN",0.0020976434034589,0.0236847335517202,9.01169755575525e-07,6.25700735742958e-06,"time12",2.79560199967675
"3749","LYRIC_HUMAN",0.147406160559365,0.291445546845775,3.3993915946042e-05,2.6399413713838e-05,"time0",-0.36477067329303
"3750","KTN1_HUMAN",0.00574194154874128,0.0414699422656738,1.88383597798197e-06,2.48220026674938e-05,"time12",3.71987425562957
"3751","ABCAD_HUMAN",0.000618060695388783,0.0128183212970736,3.43117098280049e-05,8.73965281797578e-05,"time12",1.34887494956109
"3752","NLRX1_HUMAN",0.828806902024348,0.902699570197702,3.15406389413327e-05,3.28547677511112e-05,"time12",0.0588908576811757
"3753","UBP48_HUMAN",0.126278928554698,0.262352709654682,8.00725413873617e-07,2.37861028093263e-07,"time0",-1.75118868060946
"3754","ST32C_HUMAN",0.142213241936393,0.282889273214279,1.02228017320857e-07,2.41374033861502e-06,"time12",4.56140793395862
"3755","URP2_HUMAN",0.00236749462783337,0.0250827491665221,0.00133746727858213,0.000787403130139386,"time0",-0.764329243386258
"3756","NT5D3_HUMAN",0.201279706355701,0.345670985066878,7.23126726854017e-06,3.50790403435779e-06,"time0",-1.04363921888401
"3757","AACS_HUMAN",0.000121610261690151,0.00550286434147932,9.9552664969882e-06,4.11021980424172e-06,"time0",-1.27624438893176
"3758","THOC4_HUMAN",0.0328454473601462,0.114327422542047,3.09749763696171e-06,1.58322090967407e-05,"time12",2.35368748449935
"3759","C163A_HUMAN",0.0376328835201408,0.123914671039581,1.17136837000681e-06,3.41529871114975e-06,"time12",1.54381692242955
"3760","KIF27_HUMAN",0.0280078166969702,0.10307497789957,1.54665768732888e-06,4.09918138276408e-06,"time12",1.40618189963678
"3761","VPS36_HUMAN",0.0470650578489282,0.143282156234275,1.19424466636306e-05,6.4499700845191e-06,"time0",-0.888734059249853
"3762","TAXB1_HUMAN",0.58949792671724,0.719932761419764,3.60835882683991e-06,1.58555552020246e-06,"time0",-1.18635441588419
"3763","CAND1_HUMAN",1.39661133289337e-05,0.00193999057938886,0.000164066598828948,0.000289083715760333,"time12",0.817205782769584
"3764","LCA5_HUMAN",0.398304593395588,0.559518658596389,2.63386053334152e-06,5.31938028167791e-06,"time12",1.01407922382696
"3765","RETR3_HUMAN",0.0143440894271694,0.0681564973087937,2.7423569389575e-06,5.44885339641777e-06,"time12",0.990536313896911
"3766","VS10L_HUMAN",0.0883489873405658,0.211506413380841,5.18450030883441e-06,1.3514967645113e-05,"time12",1.38228120666704
"3767","HOOK3_HUMAN",0.0192372507871994,0.0817822768341224,3.2098071073148e-05,7.00356031478217e-06,"time0",-2.19632618251455
"3768","COMD7_HUMAN",0.988602036818529,1,4.46726824326678e-06,4.56511237733501e-06,"time12",0.0312574889764723
"3769","BPHL_HUMAN",0.100348246462291,0.227011289394017,1.20761788123776e-07,8.20219527800656e-07,"time12",2.76384606762707
"3770","OSTM1_HUMAN",0.147406160559365,0.291445546845775,1.03438693061096e-05,7.00430610675066e-06,"time0",-0.562461912188557
"3771","RASF3_HUMAN",0.00839236298481405,0.0515715885887802,5.6518091976513e-06,1.27027136990502e-06,"time0",-2.15357602686036
"3772","PRSR2_HUMAN",0.0224942712224497,0.0893339641035185,0,1.4877993679037e-06,"time12",Inf
"3773","IT70A_HUMAN",0.0855702311561038,0.206426086710585,4.2583551100785e-05,8.0665751989554e-05,"time12",0.921660019767161
"3774","STING_HUMAN",0.795266134938758,0.87883896836063,4.08160443764458e-05,4.37710058436902e-05,"time12",0.100839164431853
"3775","RLGPB_HUMAN",0.0041050888793832,0.0339282807840564,4.37059509605976e-06,1.10535470096006e-05,"time12",1.33860776094572
"3776","LSR_HUMAN",0.028293051072653,0.103804910354396,3.60583203673244e-06,5.09431269366254e-06,"time12",0.498555320141113
"3777","CHSS1_HUMAN",0.726286148878805,0.831789014562765,9.15100506319284e-06,8.03082333058413e-07,"time0",-3.51031039717162
"3778","CARM1_HUMAN",0.204893893816379,0.349625856217291,1.63147045053695e-07,6.86532473924438e-07,"time12",2.07315510609899
"3779","NIT1_HUMAN",0.000152871012687683,0.00602635491564066,2.14167757158407e-05,4.00063070615864e-05,"time12",0.901486161762488
"3780","COMD2_HUMAN",0.00118079027619512,0.0171145294994228,4.29336609817649e-05,1.9337825264088e-05,"time0",-1.15068363944633
"3781","HTR5A_HUMAN",0.23965098438272,0.389612229101249,1.3134239357704e-06,2.42992366389854e-06,"time12",0.887578340056195
"3782","DRC11_HUMAN",0.0120369481070948,0.0622193255917365,1.33952160668018e-06,6.52157595942879e-06,"time12",2.28350278614967
"3783","PPR3B_HUMAN",0.0185642368956695,0.0793730758610123,4.16877198310423e-06,1.71877952463036e-06,"time0",-1.27823796817373
"3784","DGKH_HUMAN",0.244293641331777,0.39543791861103,3.67597122958316e-06,2.48608249958411e-05,"time12",2.75767679203942
"3785","DDX42_HUMAN",0.939264810398094,0.973958102517717,5.26694680644154e-06,4.59828986612843e-06,"time0",-0.1958694757986
"3786","TCAM2_HUMAN",0.184235113180511,0.326345293898931,1.77742312278309e-06,8.7175437438342e-07,"time0",-1.02779355821324
"3787","TXND6_HUMAN",0.90033131176146,0.947942697893742,3.3680016156435e-05,3.8467612117477e-05,"time12",0.191751446442123
"3788","VRK2_HUMAN",0.177529852412153,0.324392732032339,3.25254580860695e-06,1.2070405194753e-07,"time0",-4.75202336364777
"3789","AGRG3_HUMAN",0.104839904233813,0.233106815154345,0.000122789163330353,9.02991534152624e-05,"time0",-0.443398875174807
"3790","CACL1_HUMAN",0.0829604137452953,0.202916687674303,1.60040005361987e-06,5.24008946416508e-07,"time0",-1.61076923388181
"3791","NDUAB_HUMAN",0.420913477889276,0.57420079062492,7.15784288289391e-06,9.01278876303335e-06,"time12",0.332448701516672
"3792","K2C73_HUMAN",0.0149728329048281,0.0695974559848547,1.12378387233473e-05,2.99694946005436e-05,"time12",1.4151301536062
"3793","DAAF5_HUMAN",0.140309233576715,0.282889273214279,8.68841381950652e-06,1.35476417341312e-05,"time12",0.640877016685505
"3794","STX12_HUMAN",0.00213037128685543,0.0237845003670794,3.35203987013664e-06,9.04582002902771e-06,"time12",1.43221198416449
"3795","HOME1_HUMAN",0.554113130069446,0.694735039022838,2.43479255337006e-05,1.09835333798972e-06,"time0",-4.47038471243609
"3796","CPNE8_HUMAN",0.615518503675301,0.742125963353365,9.77885192868045e-07,1.73947345915545e-06,"time12",0.830913663716203
"3797","RAB43_HUMAN",0.00566219855239807,0.0411829179883764,3.15181660112659e-05,1.39855248734218e-05,"time0",-1.17224919042214
"3798","C2CD5_HUMAN",0.00156181219870471,0.0197224191603874,1.78700239190274e-06,5.24270955418709e-06,"time12",1.55277105741637
"3799","JAML_HUMAN",0.090049730404012,0.215232909044884,1.11316437248863e-05,7.06307008274864e-06,"time0",-0.656299323465855
"3800","RASL3_HUMAN",0.0114090312853776,0.0604132481095391,0.000143155941983219,7.26967609536014e-05,"time0",-0.97762456304504
"3801","HPS6_HUMAN",0.441208519505878,0.594481950599731,7.60005400859217e-07,1.29364055068214e-06,"time12",0.767355231611787
"3802","HORN_HUMAN",0.00281877368876053,0.0275106785015795,1.7505653413239e-06,9.60264513932309e-06,"time12",2.45561095197944
"3803","TMC8_HUMAN",0.0664077650124875,0.174490931434075,3.11911444024527e-06,1.48585068664035e-06,"time0",-1.0698473396167
"3804","KCC1D_HUMAN",0.00980341063802849,0.0552934577346026,8.95852821004681e-05,2.93510960316682e-05,"time0",-1.60984735484382
"3805","CERS3_HUMAN",0.204893893816379,0.349625856217291,6.15468039725975e-07,2.20780324715792e-06,"time12",1.84285576225024
"3806","RHPN2_HUMAN",0.0268091307155959,0.0998322554639988,1.07986013183557e-05,2.28624723884357e-05,"time12",1.0821369672221
"3807","H2A2B_HUMAN",0.289355352877528,0.445680037774038,1.58876381672467e-05,1.9253522926067e-05,"time12",0.277217776320061
"3808","ZNG1B_HUMAN",0.787406490666269,0.875335747022078,5.87233095410334e-07,5.04153250642165e-07,"time0",-0.220070932693054
"3809","ZDH13_HUMAN",0.150785565027971,0.294905756356278,2.51969904103931e-07,1.61978020797155e-06,"time12",2.68447473335571
"3810","CRLF3_HUMAN",0.104859011490775,0.233106815154345,5.74318107662152e-05,3.21951126625338e-05,"time0",-0.835008350633977
"3811","ARMC8_HUMAN",0.310903354623934,0.468354536486446,2.2732672744447e-05,1.70468861912856e-05,"time0",-0.415259077286489
"3812","AT2L2_HUMAN",0.793859521195975,0.87883896836063,3.26687878130912e-06,4.32057983571191e-06,"time12",0.4033120156368
"3813","TB10C_HUMAN",0.202037235364087,0.346473846347887,4.73087837525256e-05,3.40122956692653e-05,"time0",-0.476051687076625
"3814","PLD3_HUMAN",0.0208625823327655,0.0854093243821853,1.81380296329955e-07,1.63690770322369e-06,"time12",3.17388333106242
"3815","ERI1_HUMAN",0.0590582290905367,0.162648302403985,2.66981348594395e-06,0,"time0",-Inf
"3816","LYSM2_HUMAN",0.280712665268496,0.435732003546966,1.25100681423129e-07,4.9117950303807e-07,"time12",1.97316071029718
"3817","DEN1C_HUMAN",0.414446222764492,0.572386780791985,3.30237211712228e-06,1.73289641174575e-06,"time0",-0.930317278495663
"3818","PRR15_HUMAN",0.142368182702515,0.282889273214279,1.06638130413159e-06,2.26321957472187e-06,"time12",1.08565316752151
"3819","NUDC3_HUMAN",0.18144920772142,0.324392732032339,5.61141682510813e-07,0,"time0",-Inf
"3820","AHNK2_HUMAN",0.040071671356062,0.129517366347272,1.58723000977722e-05,1.02836215041485e-05,"time0",-0.626162791282467
"3821","DYH10_HUMAN",0.118797104639863,0.252752076917842,8.94450108312214e-05,0.000130809184071729,"time12",0.5483909182606
"3822","SAM9L_HUMAN",0.0255198709577561,0.0968229077479674,2.00803171451289e-06,7.5872007205454e-06,"time12",1.9177856497934
"3823","MMAA_HUMAN",0.100348246462291,0.227011289394017,0,5.50137467140908e-07,"time12",Inf
"3824","FABD_HUMAN",0.100348246462291,0.227011289394017,0,4.98741365206921e-07,"time12",Inf
"3825","MISP_HUMAN",0.0360316862182336,0.120434953431175,1.0658337967081e-06,4.83043672484525e-06,"time12",2.18017114492567
"3826","CBCO1_HUMAN",0.18144920772142,0.324392732032339,0,3.84184438721864e-07,"time12",Inf
"3827","CEP97_HUMAN",0.195538859103995,0.341307307255454,2.55185815522892e-06,9.21548439413314e-07,"time0",-1.46941623383784
"3828","NNRD_HUMAN",0.0665457213437161,0.174490931434075,4.21960749014786e-07,1.67587048806153e-06,"time12",1.98972995117564
"3829","SPA12_HUMAN",0.338026944134668,0.500570183399123,2.28395996428814e-05,2.45459242726871e-05,"time12",0.103946130359251
"3830","CTL2_HUMAN",0.588797086071483,0.719932761419764,5.66699219332706e-05,5.7075542446562e-05,"time12",0.0102894508673351
"3831","IPRI_HUMAN",0.475495811536078,0.627005826166856,2.17216594869756e-05,1.91189109067406e-05,"time0",-0.184133982372558
"3832","WDFY1_HUMAN",0.462224494903368,0.613935269748236,4.00359130657566e-05,3.36905805410622e-05,"time0",-0.248949420370057
"3833","TEX2_HUMAN",0.394166404447896,0.554357413178074,7.71610836681757e-06,2.77929195109287e-05,"time12",1.84877208040521
"3834","NXP20_HUMAN",0.0184660864969122,0.0793730758610123,3.94942249503142e-07,3.02335352060994e-06,"time12",2.9364360676047
"3835","DNAI3_HUMAN",0.0360316862182336,0.120434953431175,3.45224027493737e-07,2.35334144978119e-06,"time12",2.76910587421318
"3836","GCC2_HUMAN",0.276252475989205,0.432984077767688,0.000236102660549024,0.000437266877823211,"time12",0.889099772185095
"3837","SFPA2_HUMAN",0.00305272204169637,0.0284904824297694,0.000294467661155341,0.00115781075192574,"time12",1.97521835011604
"3838","HSC20_HUMAN",0.306556273379373,0.463677037451252,2.3816225018406e-06,7.04769251335826e-07,"time0",-1.75672187068442
"3839","CC28A_HUMAN",0.726286148878805,0.831789014562765,9.25529994493471e-07,6.14138724326339e-07,"time0",-0.591715170947722
"3840","ARCH_HUMAN",0.00136513720445637,0.0184028698027074,1.43214725488862e-05,4.19981547828483e-06,"time0",-1.7697819910316
"3841","LMTK2_HUMAN",0.00738892940569931,0.048233962120483,3.43427727642521e-05,1.39396849599674e-05,"time0",-1.30080856790761
"3842","UBR1_HUMAN",0.444081179535047,0.597409208415053,9.51709112191364e-06,4.57027792840062e-06,"time0",-1.0582387829943
"3843","UBR2_HUMAN",0.838463781922464,0.905959509664051,6.7085916970194e-07,5.79271602402358e-07,"time0",-0.211769998462263
"3844","RHG12_HUMAN",1,1,2.09519986324479e-06,1.96324265162685e-06,"time0",-0.0938493734992642
"3845","CHERP_HUMAN",1,1,1.44131707301486e-06,1.41977820920581e-06,"time0",-0.0217221699971526
"3846","ANKH1_HUMAN",0.0514222608325206,0.15278382902916,6.09912313266195e-06,1.981806652867e-06,"time0",-1.62178562361792
"3847","BBS7_HUMAN",0.0382214109146366,0.124917370440093,1.54408569763181e-06,8.1318531187e-06,"time12",2.39683133157058
"3848","SUGP1_HUMAN",0.177529852412153,0.324392732032339,7.21845401497185e-07,1.02943465675248e-07,"time0",-2.80983762848028
"3849","UEVLD_HUMAN",0.520316800507367,0.66849908570241,9.68550740221298e-06,7.52720853438231e-06,"time0",-0.363712689836302
"3850","CCAR1_HUMAN",0.08583539532396,0.206565195918619,7.00774739079713e-06,1.15359325207318e-05,"time12",0.719111954723694
"3851","MCEM1_HUMAN",0.00134060345590115,0.0183236257256237,0.000338887042654127,0.000189492587467361,"time0",-0.838663061984529
"3852","DJC10_HUMAN",0.050507076485671,0.150613463728863,3.32663848365178e-06,6.67280517435455e-06,"time12",1.00422828965591
"3853","NELFD_HUMAN",0.298850870772872,0.453861238526917,8.03478070105586e-06,5.24572836095292e-06,"time0",-0.615115545344501
"3854","MIRO2_HUMAN",0.276252475989205,0.432984077767688,3.49116383264773e-06,1.83440612297361e-06,"time0",-0.928394985447682
"3855","MIRO1_HUMAN",0.837314554360899,0.905700802824638,2.41096340941264e-06,2.66444272509622e-06,"time12",0.144224065549839
"3856","SIR2_HUMAN",0.703225762548199,0.812450189497175,8.37673346388078e-06,8.48187590205482e-06,"time12",0.0179956054049553
"3857","PHC2_HUMAN",0.833935414088552,0.902699570197702,4.88401054835892e-06,4.18861707858588e-06,"time0",-0.221592316496969
"3858","GLT12_HUMAN",0.485134430562305,0.63588061306751,4.92064523877491e-06,4.91976946844064e-06,"time0",-0.000256791925774843
"3859","MSRB3_HUMAN",0.172706935685636,0.324245154269647,3.81823534713224e-06,2.18929514753555e-06,"time0",-0.802439566790658
"3860","BAP18_HUMAN",0.000247336780937802,0.00785820527947602,2.44892217876125e-05,7.07545492582476e-06,"time0",-1.79125211298287
"3861","RM41_HUMAN",0.280712665268496,0.435732003546966,6.47270888234009e-07,2.10654287826693e-07,"time0",-1.61949233646067
"3862","NRM_HUMAN",0.628155653709986,0.751296299481327,7.64553473721334e-06,8.39621694605748e-06,"time12",0.135122035444631
"3863","PARP9_HUMAN",0.501155479478209,0.651266912973947,9.0768567618111e-06,1.08064948219703e-05,"time12",0.251633952498709
"3864","DRC2_HUMAN",0.205455676431055,0.349625856217291,8.15571357913157e-06,1.81622669692643e-05,"time12",1.15506127221106
"3865","HYCC2_HUMAN",0.380718850804839,0.54065482509965,4.06132029480882e-06,3.24721051355679e-06,"time0",-0.322747893263692
"3866","RB12B_HUMAN",0.0263463467447607,0.0985704003102865,4.44616873606234e-06,3.04033005048328e-06,"time0",-0.548334753497329
"3867","PPIL6_HUMAN",0.00930938518897578,0.0537765548682325,6.80720067706593e-06,1.69335784752038e-05,"time12",1.31475333556295
"3868","PLPL6_HUMAN",0.00778376250326014,0.0499694286487262,3.98999435575646e-06,1.04444294203112e-05,"time12",1.3882750693311
"3869","DDX60_HUMAN",0.258486052233535,0.413038306578626,2.54203753179256e-06,8.37177072277072e-06,"time12",1.71954747002145
"3870","CMIP_HUMAN",0.649766048056904,0.770355816801089,1.5296520411031e-05,1.66105978932347e-05,"time12",0.118900491628953
"3871","IFT20_HUMAN",0.404216597640974,0.563180808737301,1.91232605323901e-05,2.61651903208605e-05,"time12",0.452320227855542
"3872","MILK2_HUMAN",0.195538859103995,0.341307307255454,4.7597720533243e-07,1.57588247003267e-06,"time12",1.72719555273932
"3873","S15A3_HUMAN",0.0454587523438197,0.139386615887903,1.75273210898032e-06,6.66853966234389e-07,"time0",-1.39416274201394
"3874","RAVR1_HUMAN",0.0567997940443272,0.16256117385087,4.28408126976947e-06,2.1393147049512e-06,"time0",-1.00183712204018
"3875","DRC7_HUMAN",0.474762670068018,0.627005826166856,8.66482515471731e-06,1.03894627108469e-05,"time12",0.261878504443681
"3876","TM192_HUMAN",0.379471360411207,0.54004823343725,3.13847754100525e-06,2.29970571196039e-06,"time0",-0.448615630387512
"3877","SRRM1_HUMAN",1,1,6.37198424221074e-07,7.15520984223339e-07,"time12",0.167251378659253
"3878","SMAP1_HUMAN",0.026115521593656,0.0984081544880592,4.0598555885433e-06,1.90266030632247e-06,"time0",-1.09341039944999
"3879","DI3L2_HUMAN",0.674986713970489,0.788210291797797,5.59174068588099e-07,1.10412974385851e-06,"time12",0.981540346868011
"3880","SUV3_HUMAN",0.23395283347059,0.383374560855921,3.89058224633416e-07,9.75227256548051e-07,"time12",1.32575236993107
"3881","ERF3B_HUMAN",0.0590582290905367,0.162648302403985,0,9.62660052916251e-07,"time12",Inf
"3882","CC146_HUMAN",0.529368106184798,0.674615251429108,2.21445611258439e-06,7.41070978734865e-06,"time12",1.74265932313502
"3883","CCD13_HUMAN",0.0381666313335627,0.124917370440093,1.68237259231696e-06,6.69391079327605e-06,"time12",1.99235207270848
"3884","EXOC8_HUMAN",0.00946503425447148,0.0544125597708933,3.54268269185296e-05,1.32567848934441e-05,"time0",-1.41811132536136
"3885","SYTL1_HUMAN",0.0114090312853776,0.0604132481095391,8.65597586551073e-05,5.22480116785323e-05,"time0",-0.728320340832419
"3886","TRI22_HUMAN",0.201203985898768,0.345670985066878,4.07041851642008e-05,1.00145340784462e-05,"time0",-2.02308183660592
"3887","CF206_HUMAN",0.235170681758939,0.384526274882602,6.60066023246438e-06,3.57984184460017e-05,"time12",2.43921360875756
"3888","K2013_HUMAN",0.222041366726258,0.368916017651165,1.44856009751609e-06,2.50918617447603e-06,"time12",0.792599978548343
"3889","OSCAR_HUMAN",0.271898710819648,0.427044701479295,5.18322619378844e-07,8.8741477077209e-07,"time12",0.775758212920868
"3890","CC170_HUMAN",0.00822097132068858,0.0515715885887802,1.0785803713422e-05,3.94295343289778e-05,"time12",1.87014298785381
"3891","KATL2_HUMAN",0.00971619488408052,0.0552800846650958,3.43697416911507e-07,2.95728396002561e-06,"time12",3.10506186431672
"3892","MICU2_HUMAN",0.0262622001876638,0.0984708862027092,2.3726664799168e-05,1.35123965840905e-05,"time0",-0.81222574210797
"3893","CFA46_HUMAN",0.629260787503937,0.752316790184351,8.61828990210603e-06,4.34654329062796e-06,"time0",-0.987533115037751
"3894","DZI1L_HUMAN",0.155131568727114,0.299386384493394,1.51997661505944e-06,7.62135674233506e-06,"time12",2.32599871907689
"3895","LRC34_HUMAN",0.0519129649350183,0.153048440057682,2.60727488373152e-07,3.75774492666398e-06,"time12",3.84925254221358
"3896","AN13A_HUMAN",0.0322984874142296,0.11326585613609,9.04436992611773e-05,5.36043230251176e-05,"time0",-0.75467064701128
"3897","PHAR4_HUMAN",1,1,2.12684331949522e-06,1.95098374450836e-06,"time0",-0.12451199907214
"3898","TRM2A_HUMAN",0.18144920772142,0.324392732032339,0,1.32515290980176e-05,"time12",Inf
"3899","ELMD2_HUMAN",0.242682971378953,0.393684574433254,5.9264698934116e-06,8.84826066179715e-06,"time12",0.578220868561358
"3900","A16A1_HUMAN",0.00888604785491369,0.0531827292959914,3.73318220488289e-05,5.51378510537255e-05,"time12",0.562637116984137
"3901","K319L_HUMAN",0.722282962716192,0.829653103135349,9.40472777488719e-07,1.46385920328391e-06,"time12",0.63831870933782
"3902","PACE1_HUMAN",0.100348246462291,0.227011289394017,0,6.64703317935494e-07,"time12",Inf
"3903","XRN1_HUMAN",0.830324257655795,0.902699570197702,5.2404916617902e-06,5.70726303425566e-06,"time12",0.123096883500968
"3904","PELP1_HUMAN",0.0590582290905367,0.162648302403985,0,6.49362366429298e-07,"time12",Inf
"3905","ABI1_HUMAN",0.423676936944752,0.576845758917484,7.63784926015538e-05,6.84445876225505e-05,"time0",-0.158229985035035
"3906","WDFY3_HUMAN",0.0573105824005466,0.162648302403985,1.33835510698032e-05,7.2434156754376e-06,"time0",-0.885718884121333
"3907","RDH10_HUMAN",0.0590582290905367,0.162648302403985,0,8.06441130576294e-07,"time12",Inf
"3908","CA087_HUMAN",0.0219022201706537,0.0889340320049725,5.68980807547997e-05,0.000104060732912405,"time12",0.870973879027627
"3909","FCSK_HUMAN",0.108319380730004,0.236237546646293,1.91355730502952e-07,8.09952430580596e-07,"time12",2.08158007354173
"3910","SPART_HUMAN",0.353111234506006,0.51404664969641,4.54495136478999e-06,3.7735258185085e-06,"time0",-0.26835171114389
"3911","TAGAP_HUMAN",1,1,3.97890915977926e-06,3.78358095778475e-06,"time0",-0.072620647056508
"3912","MIER1_HUMAN",0.378674693023085,0.53942855745931,4.16508740516546e-06,4.12593122827763e-06,"time0",-0.0136269968043286
"3913","F177A_HUMAN",0.0209897470725275,0.0858122924464113,5.11819160843766e-06,2.83723385559676e-06,"time0",-0.851149090274609
"3914","DAW1_HUMAN",0.0590582290905367,0.162648302403985,0,2.59837386323563e-06,"time12",Inf
"3915","PURA1_HUMAN",0.18144920772142,0.324392732032339,9.33040827172065e-08,6.22520640237794e-07,"time12",2.73810955609995
"3916","LIRA2_HUMAN",0.513591682337011,0.662935426255945,1.81188624222502e-06,1.30386158273797e-06,"time0",-0.474701657867149
"3917","CCAR2_HUMAN",0.0105982609093189,0.0578602989636777,1.54952806470092e-05,2.33642363834159e-05,"time12",0.592473001244576
"3918","NDUF2_HUMAN",0.833935414088552,0.902699570197702,4.35495688766526e-07,4.19557167495531e-07,"time0",-0.0537910357954328
"3919","VPS52_HUMAN",0.344651692360131,0.506297235235382,1.51648064328933e-05,1.50207815964277e-05,"time0",-0.01376719869863
"3920","CF107_HUMAN",0.107801825375366,0.236237546646293,2.16161592761025e-06,5.57436913200593e-06,"time12",1.36669833002468
"3921","NUP93_HUMAN",0.00374443270266056,0.0325553079082846,5.8914104630452e-05,3.17892275400776e-05,"time0",-0.89007511089872
"3922","S11IP_HUMAN",0.118250883889036,0.252296270493109,4.89137757203314e-06,1.9520683435204e-06,"time0",-1.32523726882387
"3923","LRC47_HUMAN",0.954602104805621,0.981383540792422,1.47941358538146e-05,1.46510613473211e-05,"time0",-0.0140202494876622
"3924","DOCK4_HUMAN",1,1,4.47382668141962e-07,4.64301296109922e-07,"time12",0.0535519415769912
"3925","K2C78_HUMAN",0.236652344465256,0.385471626258787,0.000692292522542523,0.00128284934287941,"time12",0.889898080274391
"3926","CRBG2_HUMAN",0.379471360411207,0.54004823343725,3.79799658630564e-06,5.24261428249491e-06,"time12",0.465047796856016
"3927","S39AB_HUMAN",0.100348246462291,0.227011289394017,0,6.82619781463176e-07,"time12",Inf
"3928","CFA52_HUMAN",0.000262696784705367,0.00808808193322247,1.65568833118154e-06,2.31464992487449e-05,"time12",3.80529098332055
"3929","INT1_HUMAN",0.0928532719302329,0.219909830784806,3.24411695905246e-06,1.01933601970935e-06,"time0",-1.67019612540322
"3930","PROM2_HUMAN",0.00902006196943347,0.0536965005077396,1.52821428360107e-06,3.83539549443564e-06,"time12",1.3275285019716
"3931","ANR35_HUMAN",0.234811289315166,0.384148954006981,1.20429840326259e-06,2.36030103800175e-06,"time12",0.970777965820255
"3932","GAPT_HUMAN",0.0287678605974676,0.105113236503366,5.50568618935388e-06,1.00502421322821e-06,"time0",-2.45369212269108
"3933","ARM10_HUMAN",0.423676936944752,0.576845758917484,1.6493877562962e-05,1.86278237528891e-05,"time12",0.175528533941656
"3934","GHDC_HUMAN",0.0142661867014469,0.0681564973087937,1.18191449384766e-07,8.5052644938593e-06,"time12",6.16915852907086
"3935","ABD12_HUMAN",0.013307365386794,0.0665145551927371,7.75362698072519e-06,1.79186557079577e-05,"time12",1.2085191724472
"3936","MUC20_HUMAN",0.812703686128436,0.891020395970108,3.23722090593122e-06,2.5987390790005e-06,"time0",-0.316944027231795
"3937","GPD1L_HUMAN",0.0043382328003645,0.0349221893754409,2.82269962565515e-05,4.14992267121952e-05,"time12",0.556008839619499
"3938","LRC25_HUMAN",0.368120250693519,0.528172533603745,5.17414909413396e-06,6.5074760311947e-06,"time12",0.330776466634898
"3939","MUC15_HUMAN",0.201242620957724,0.345670985066878,1.42267834319134e-07,8.23639080478445e-07,"time12",2.53340276907916
"3940","RHG18_HUMAN",0.0247860513627529,0.0953297390790233,0.000101350393788762,0.000131744020500675,"time12",0.378385789091459
"3941","ASCC3_HUMAN",0.366985571854924,0.526797601703789,1.75133836596723e-06,3.04872975426743e-06,"time12",0.79975042705785
"3942","EH1L1_HUMAN",0.00118337530273926,0.0171145294994228,2.05482518436819e-05,3.48583597265421e-06,"time0",-2.5594390712726
"3943","MILK1_HUMAN",0.127038367188778,0.263351999905413,5.94536135015397e-06,3.68553499063779e-06,"time0",-0.689890441979512
"3944","BBS5_HUMAN",0.0360316862182336,0.120434953431175,5.04629055253685e-08,1.11643255679417e-06,"time12",4.46752901558084
"3945","VPS8_HUMAN",0.374041129054169,0.534101760420882,1.28071778009669e-05,9.1786206862902e-06,"time0",-0.480603322776756
"3946","PALS1_HUMAN",0.000966848284767555,0.015441135842023,4.05103234861173e-06,1.36924642748509e-05,"time12",1.75702060571972
"3947","STAG2_HUMAN",0.0855702311561038,0.206426086710585,1.48900643264592e-05,2.26975033765976e-05,"time12",0.608183629760096
"3948","RDHE2_HUMAN",0.0832301704109573,0.203160526303493,5.56030432051448e-06,1.41168777988423e-05,"time12",1.34418529572567
"3949","LIRB2_HUMAN",0.0274143654911743,0.101515824416647,0.000111736719258787,6.83176350327532e-05,"time0",-0.709773427718429
"3950","CPXM2_HUMAN",0.0186352088840053,0.0795057876172597,2.4667440371536e-06,5.17345829525004e-06,"time12",1.06852097810291
"3951","RIBC1_HUMAN",0.0440109840129515,0.136915420577791,4.22832180890278e-07,2.53765144456175e-06,"time12",2.58533683692605
"3952","LRC18_HUMAN",0.123534253752569,0.259904930491052,7.07779798221586e-07,2.58205023337023e-06,"time12",1.86714457892292
"3953","SFRP1_HUMAN",0.028293051072653,0.103804910354396,1.9291840349791e-05,4.99828762501884e-05,"time12",1.37344314708779
"3954","GALT4_HUMAN",0.00258189966306281,0.0259188011554187,3.94571762121786e-06,1.07119345718117e-05,"time12",1.44085943674405
"3955","NIN_HUMAN",0.00271719737185284,0.0268705627517831,1.66619404002953e-05,3.34402757046773e-06,"time0",-2.3168977753319
"3956","BPIB2_HUMAN",0.183969093486667,0.326164261025782,0.00143141549927421,0.00188771760874049,"time12",0.399200456034446
"3957","PP4P2_HUMAN",0.0850618466218747,0.205698141648768,1.39789189584302e-05,7.9400425649498e-06,"time0",-0.816034149581391
"3958","IT70B_HUMAN",0.00257585101948085,0.0259188011554187,1.75193019289372e-06,1.26676656723028e-05,"time12",2.85413350124931
"3959","LRC71_HUMAN",0.897142487591123,0.945919166528116,4.42605746552782e-06,3.54050847797506e-06,"time0",-0.322065611394714
"3960","PTGR3_HUMAN",0.109582485883837,0.237064899740731,5.2268638436352e-06,3.47079784859079e-06,"time0",-0.590678238523418
"3961","CBR4_HUMAN",0.105645429201877,0.233106815154345,8.50464378187551e-08,5.65080991421276e-07,"time12",2.73213494485285
"3962","T11L2_HUMAN",0.683480902201426,0.79579560016552,1.17853098753466e-06,1.89351722386799e-06,"time12",0.684078851986876
"3963","OXR1_HUMAN",0.852668824833466,0.913870841181422,5.24104704537665e-06,4.909544052452e-06,"time0",-0.0942660109392292
"3964","TT39C_HUMAN",0.0454587523438197,0.139386615887903,1.32882971517597e-06,3.08022248219329e-05,"time12",4.53480641417129
"3965","SH2D3_HUMAN",0.146707642066199,0.290545340206038,1.89419572068737e-06,1.36247557357033e-06,"time0",-0.47535504167409
"3966","ARRD1_HUMAN",0.799846105662473,0.881454020133202,2.48272861194714e-06,5.75597754942414e-07,"time0",-2.10879369844027
"3967","KCNRG_HUMAN",0.313300386857646,0.471623230630199,2.33186869322213e-06,4.44329750974087e-06,"time12",0.930144189940784
"3968","MINY1_HUMAN",2.25371762133613e-05,0.00236165883372644,3.89522646987104e-05,1.38037986623635e-05,"time0",-1.49664187316775
"3969","CISD2_HUMAN",0.0798633847925312,0.197772189679956,2.17681118941715e-05,3.06783492646004e-05,"time12",0.495004579065368
"3970","TTC9C_HUMAN",0.187401192001721,0.330288380001852,2.49075223195407e-06,1.38160605585495e-06,"time0",-0.850235204742669
"3971","JAGN1_HUMAN",0.00046525815807105,0.0110716612675633,2.39819441003742e-06,6.96182650978819e-06,"time12",1.53751724642785
"3972","RM50_HUMAN",0.531552605390919,0.674806314984051,3.46461244258555e-06,3.06316897923175e-06,"time0",-0.177669023902241
"3973","CCD33_HUMAN",0.00971619488408052,0.0552800846650958,8.6413374546595e-07,5.57344030312603e-06,"time12",2.68924160465907
"3974","RFLB_HUMAN",0.294008063111738,0.449665813510046,8.0851197458253e-06,6.5264640596057e-06,"time0",-0.308967568212645
"3975","PAR16_HUMAN",0.624700399444191,0.74867375353097,1.11002415792155e-06,1.2347551941426e-06,"time12",0.153633962700452
"3976","FHI1B_HUMAN",0.117795436456402,0.251642396979288,7.20819330805153e-06,4.19542108023712e-06,"time0",-0.780822085252042
"3977","COMD1_HUMAN",0.462224494903368,0.613935269748236,1.44742155232659e-05,1.69631103283375e-05,"time12",0.228915565545239
"3978","CPSF7_HUMAN",0.423676936944752,0.576845758917484,5.94480220667236e-06,8.31313397684098e-06,"time12",0.483763652675793
"3979","SC5A8_HUMAN",0.0840654782950878,0.203535914818224,3.33860965303952e-05,4.74678537257338e-05,"time12",0.507703394547593
"3980","S15A4_HUMAN",0.236451020108448,0.385471626258787,1.54515809597642e-05,1.05300267937142e-05,"time0",-0.553245350629246
"3981","LIRA3_HUMAN",0.297014461210507,0.453004994128223,6.34484088459961e-06,5.2677560562957e-06,"time0",-0.268395447133124
"3982","CGAT2_HUMAN",0.209789063927493,0.352977486996877,2.75117686611084e-05,2.43793531272225e-05,"time0",-0.174389043275702
"3983","ARFG2_HUMAN",0.0185642368956695,0.0793730758610123,1.51914630962271e-05,2.00224374357532e-06,"time0",-2.92357130632983
"3984","OTU6B_HUMAN",0.943056670967043,0.975815282932568,4.59836941800765e-06,3.52126309990601e-06,"time0",-0.3850293463616
"3985","NATD1_HUMAN",0.204893893816379,0.349625856217291,1.73805465936196e-06,3.78917842685307e-07,"time0",-2.19751647263357
"3986","CD177_HUMAN",0.124275904196739,0.260091091719384,0.000101665501929513,6.20927255699757e-05,"time0",-0.711334048198117
"3987","ARFG1_HUMAN",0.155565994271327,0.29983726485403,3.76755585431307e-06,2.07694359172714e-06,"time0",-0.859166865879812
"3988","EMC1_HUMAN",0.380649714964392,0.54065482509965,2.17570260757654e-05,2.35056641462914e-05,"time12",0.11152707309806
"3989","PAF1_HUMAN",0.361310428526179,0.521659944304294,7.75941935442702e-07,1.34040136757777e-07,"time0",-2.53328363445159
"3990","CCYL1_HUMAN",0.124275904196739,0.260091091719384,8.3423440130483e-06,6.4454265572277e-06,"time0",-0.372176966778476
"3991","EFHB_HUMAN",0.2634941841412,0.41891156823939,2.29928587559318e-06,7.69507390544524e-06,"time12",1.74274933177152
"3992","ADGB_HUMAN",0.624834867127387,0.74867375353097,1.96207213021406e-06,2.18752326194908e-06,"time12",0.156920279262989
"3993","ANR44_HUMAN",0.059942201937219,0.163710458240059,0.000112945523023653,7.2428541150851e-05,"time0",-0.640996863712581
"3994","PTGR2_HUMAN",0.0105491877123423,0.0578602989636777,1.98473495682025e-06,5.94240543929689e-06,"time12",1.58210067941842
"3995","ENAH_HUMAN",0.100348246462291,0.227011289394017,0,1.9661973822113e-06,"time12",Inf
"3996","GBP7_HUMAN",0.074162302995866,0.188498483316727,1.47320410235875e-05,2.37847707096198e-05,"time12",0.691080797714812
"3997","RM43_HUMAN",1,1,4.84024436450824e-07,4.3171784236874e-07,"time0",-0.164991166372395
"3998","ANR42_HUMAN",0.0318228687346353,0.112538777354634,4.21593568617125e-06,1.11665410243246e-05,"time12",1.40525759816296
"3999","TM102_HUMAN",0.787406490666269,0.875335747022078,3.49231930508309e-07,6.46312646652682e-07,"time12",0.888046750103339
"4000","LRC57_HUMAN",0.00256862885679452,0.0259188011554187,1.7245505039289e-05,7.20036648511649e-06,"time0",-1.26007813513118
"4001","TAC2N_HUMAN",0.0253698598220537,0.0965093438186659,6.08421559479915e-07,2.59872644843573e-05,"time12",5.41658969214361
"4002","DAAF3_HUMAN",0.0302764098686474,0.108288021643971,7.29596576728719e-07,3.88657360378515e-06,"time12",2.41332797270461
"4003","IQUB_HUMAN",0.732306833608737,0.835224120134617,1.87076927118861e-05,1.02455251396999e-05,"time0",-0.86863770437211
"4004","TTC29_HUMAN",0.0382688764522297,0.124917370440093,2.33866896806234e-06,9.57692692994419e-06,"time12",2.03387512759317
"4005","POC5_HUMAN",0.610120154797508,0.737768442045732,2.12547547608134e-06,1.62469390388633e-06,"time0",-0.387617676495557
"4006","A16L2_HUMAN",0.177529852412153,0.324392732032339,6.92521339847433e-07,1.50989629000113e-07,"time0",-2.19740906928698
"4007","PR38A_HUMAN",0.00493247224052953,0.0379637627828767,8.25545762559504e-07,3.77951533080343e-06,"time12",2.19478114562138
"4008","MLKL_HUMAN",0.213315273602366,0.357701327688639,1.0876910170665e-05,1.40421279292233e-05,"time12",0.368492791660449
"4009","GALD1_HUMAN",0.793420613685745,0.87883896836063,1.04579700694023e-05,1.11286279530264e-05,"time12",0.0896728876496104
"4010","AT11C_HUMAN",0.105513715289701,0.233106815154345,2.60723142569049e-06,9.29935291465644e-07,"time0",-1.48731641003841
"4011","AFG2A_HUMAN",0.00697004461103027,0.046269495222962,1.3988912737981e-05,1.26494008816403e-06,"time0",-3.46714287535313
"4012","NHLC2_HUMAN",0.00202043193878914,0.0229430417687976,6.23217347143788e-06,1.64152827889873e-05,"time12",1.3972323074578
"4013","AVL9_HUMAN",0.0230726748395451,0.0914486309333794,3.37462629332006e-06,1.19914508885483e-06,"time0",-1.49272152057088
"4014","GOLM1_HUMAN",0.0693168688057333,0.179856497557187,5.99679352610119e-05,6.43564650831528e-05,"time12",0.101893784484195
"4015","GT251_HUMAN",0.990915712694351,1,2.45323849203101e-05,2.71364290686189e-05,"time12",0.145543393841445
"4016","SUMF2_HUMAN",0.147406160559365,0.291445546845775,2.29803785666161e-05,3.43171336334889e-05,"time12",0.578526491216752
"4017","SIDT2_HUMAN",0.100348246462291,0.227011289394017,0,5.6640462261547e-07,"time12",Inf
"4018","SUMF1_HUMAN",0.406941216918031,0.565138314031945,3.33660647325424e-07,6.38698305572889e-07,"time12",0.936753081225437
"4019","PGLT1_HUMAN",0.475532659596901,0.627005826166856,1.52390860623592e-06,7.26028144929961e-07,"time0",-1.06967900092067
"4020","UBAC2_HUMAN",0.0142661867014469,0.0681564973087937,0,3.22298123234281e-06,"time12",Inf
"4021","PCYXL_HUMAN",0.0328894609059173,0.114347351566382,1.81675758948068e-05,8.88166126922188e-06,"time0",-1.03246447753248
"4022","TM87A_HUMAN",0.0224942712224497,0.0893339641035185,0,1.84539117724326e-06,"time12",Inf
"4023","DHB11_HUMAN",0.462224494903368,0.613935269748236,0.000110031464722604,0.000118374346980802,"time12",0.105440329541028
"4024","MINY2_HUMAN",0.529368106184798,0.674615251429108,5.34918450383534e-07,3.9409867649475e-07,"time0",-0.440762061448104
"4025","TXND5_HUMAN",0.183969093486667,0.326164261025782,6.10516798216149e-05,5.12649571242924e-05,"time0",-0.252058002710591
"4026","SCPDL_HUMAN",0.00501261278986931,0.038237977259118,3.04840369392206e-05,5.26673515402184e-05,"time12",0.788854944486667
"4027","UXS1_HUMAN",0.108319380730004,0.236237546646293,8.75858469547483e-07,2.44289734161584e-07,"time0",-1.842104524569
"4028","RN149_HUMAN",0.112804137034737,0.242803283066121,5.74813096845035e-06,3.09902950249959e-06,"time0",-0.891276443970462
"4029","SERB1_HUMAN",9.56917315705946e-05,0.00488518557838599,1.39888862688878e-06,1.75737180780213e-05,"time12",3.65106644375225
"4030","LEMD2_HUMAN",0.622357101918708,0.74825663642521,1.92082780916115e-05,1.65332873324264e-05,"time0",-0.21635458987608
"4031","NECP1_HUMAN",0.0559296803251122,0.160407567065284,2.01661165039482e-07,1.59903827557554e-06,"time12",2.9871992841053
"4032","FA98A_HUMAN",0.170598771596629,0.320738578138705,1.15435888395168e-06,2.06346989405269e-06,"time12",0.837980569804771
"4033","MTMRE_HUMAN",0.347358556762554,0.509646931845427,1.23311253274237e-05,8.00145809396147e-06,"time0",-0.623969635533732
"4034","DGLB_HUMAN",0.516534867704981,0.664354600517195,1.59163163227233e-05,1.76047951729668e-05,"time12",0.145461965213466
"4035","GALT6_HUMAN",0.000236971320950229,0.00760983709696621,9.57852086051562e-06,2.91436880697472e-05,"time12",1.60530866519902
"4036","DYHC2_HUMAN",0.262122273445129,0.417064291391653,0.000303932476079069,0.000491552391685436,"time12",0.693594353855486
"4037","PDPR_HUMAN",0.513655642510047,0.662935426255945,3.81303792929225e-06,1.90185612283883e-06,"time0",-1.00353277288016
"4038","NNRE_HUMAN",0.207196298172298,0.351486364380328,1.10036590480416e-05,8.21887557428182e-06,"time0",-0.420970405909547
"4039","LIPB2_HUMAN",0.107801825375366,0.236237546646293,9.5714820553788e-07,2.09347055239083e-06,"time12",1.12908238959468
"4040","LS14A_HUMAN",0.0841564477868844,0.203591114876898,9.07360031316998e-06,7.18056960685483e-06,"time0",-0.337576819195164
"4041","GIMA8_HUMAN",0.932646638965876,0.97016690605071,1.71499747990781e-06,2.03777079238156e-06,"time12",0.248785330445436
"4042","CCNY_HUMAN",0.352475863187972,0.513719001533492,2.18791137501892e-05,2.68267593296943e-05,"time12",0.294118487125217
"4043","MROH1_HUMAN",0.988602036818529,1,1.04996800363365e-05,1.15376520726377e-05,"time12",0.136004299149907
"4044","PEPL1_HUMAN",0.86203187913856,0.919629580775753,4.8939937331805e-06,8.69173883402017e-06,"time12",0.828632571602691
"4045","CFA43_HUMAN",0.00313277412790108,0.0290109455286096,3.44032346745976e-06,1.60284673685112e-05,"time12",2.22002036047459
"4046","TT21A_HUMAN",0.30458604753525,0.461164122161736,1.26446482417868e-05,2.04208003148211e-05,"time12",0.691512504616099
"4047","PSD4_HUMAN",0.0153017849043063,0.070960839466942,2.70897025265248e-05,1.40227894129322e-05,"time0",-0.949971192557139
"4048","DIK2A_HUMAN",0.0360316862182336,0.120434953431175,1.34942167769749e-07,7.75730336430601e-07,"time12",2.52321397890286
"4049","RGS22_HUMAN",0.552076886516813,0.694514583648889,1.51587398068456e-05,5.76063584394629e-06,"time0",-1.39584985628969
"4050","ABCF1_HUMAN",0.119501238444944,0.253113793344557,1.26010470995867e-05,1.73370352303935e-05,"time12",0.460313586200276
"4051","MCU_HUMAN",0.96767357736826,0.990899070396128,0.000128555700642454,0.000129979838347222,"time12",0.015894272746632
"4052","PK3C3_HUMAN",0.0238241460165172,0.0928861776479487,2.68126043691157e-06,7.5411825822121e-07,"time0",-1.83004867356829
"4053","CG057_HUMAN",0.108319380730004,0.236237546646293,2.1432247138146e-07,2.04577774019569e-06,"time12",3.25479438720287
"4054","MNS1_HUMAN",0.222041366726258,0.368916017651165,3.87729939673512e-06,8.22748650507253e-06,"time12",1.08539961380326
"4055","ARMC2_HUMAN",0.0208625823327655,0.0854093243821853,1.98754526083655e-07,2.55760689083589e-06,"time12",3.68573491695333
"4056","PDZD8_HUMAN",0.00744832857667119,0.0485156669448822,5.08336686084222e-06,1.18872644513076e-06,"time0",-2.09636759815676
"4057","DAAF1_HUMAN",0.00660066414773902,0.0452716339456096,1.18774042510423e-06,5.21231804919616e-06,"time12",2.13370554145869
"4058","CA162_HUMAN",0.0128974885828556,0.0647911684654303,2.65683981521867e-05,1.26274509302289e-05,"time0",-1.07314781271931
"4059","LFNG_HUMAN",0.033289734464239,0.114803454939319,8.98591716816383e-06,1.6584973799875e-05,"time12",0.884139064700833
"4060","NFAM1_HUMAN",0.681364493270618,0.794725662625542,7.12938620982689e-06,8.66769022488014e-06,"time12",0.281869717698886
"4061","DP13B_HUMAN",0.0497101210057736,0.148831354770669,4.97721092862004e-05,7.47110117325817e-05,"time12",0.585983370878054
"4062","ZNT7_HUMAN",0.905695442034309,0.952247645708666,7.79667776120648e-07,1.00388259168248e-06,"time12",0.364659135963072
"4063","DR9C7_HUMAN",0.23395283347059,0.383374560855921,1.54164415789517e-06,1.67730774005948e-06,"time12",0.121677607241919
"4064","VATC2_HUMAN",0.348688077541053,0.510970041009006,1.64000155715816e-06,2.46929500860171e-06,"time12",0.590402022017478
"4065","VP37A_HUMAN",0.0596348300904598,0.1634642241228,1.53251241868789e-05,7.73601626766266e-06,"time0",-0.98623603111947
"4066","WDR19_HUMAN",0.0903104359558655,0.215339015554645,3.4824818957728e-05,8.1072439393163e-05,"time12",1.21909570028509
"4067","FBX22_HUMAN",0.18144920772142,0.324392732032339,0,3.64642328540252e-07,"time12",Inf
"4068","PCAT1_HUMAN",0.000310339592103733,0.00898117752065167,1.92016524079239e-05,5.07129752494168e-06,"time0",-1.9208036455228
"4069","DOCK8_HUMAN",0.488973478738848,0.638284690125489,0.00015365188889066,0.000134996621013879,"time0",-0.186742205690647
"4070","SYNE1_HUMAN",0.0732440743595362,0.186880331546138,0.000518536218951183,0.000218669727912311,"time0",-1.24569125143761
"4071","UBP32_HUMAN",0.155565994271327,0.29983726485403,2.57686369578879e-05,1.17009008272827e-06,"time0",-4.46092471810138
"4072","FAD1_HUMAN",0.268440955448086,0.425191680427318,1.68728251502963e-06,2.786819477373e-06,"time12",0.723917995917096
"4073","FLCN_HUMAN",0.020658377241239,0.0854093243821853,2.16919430213691e-06,4.69256465860604e-07,"time0",-2.20871075679061
"4074","NUP43_HUMAN",0.531552605390919,0.674806314984051,6.40184837431687e-06,4.75065446021614e-06,"time0",-0.430362231670298
"4075","NUP37_HUMAN",0.434912800080748,0.589055363918891,6.82745014598958e-06,8.35092708331556e-06,"time12",0.29058949368016
"4076","NUP35_HUMAN",0.726286148878805,0.831789014562765,1.34841867650841e-06,1.9750909977289e-06,"time12",0.550650608770307
"4077","REPS2_HUMAN",0.00335862459610583,0.0303037231307252,1.79182345484054e-05,5.82603866754813e-06,"time0",-1.62084131641462
"4078","RAI3_HUMAN",0.0897967094914709,0.21471406957268,7.66935877562871e-06,1.10095102610312e-05,"time12",0.521572428376472
"4079","BBS1_HUMAN",0.00388162935292966,0.0332162924427634,1.78652772600928e-06,1.45103184277813e-05,"time12",3.02184897047075
"4080","B3GN7_HUMAN",0.00113098731020962,0.016825109315811,9.32370148876265e-06,2.46586619763104e-05,"time12",1.40311979818122
"4081","NBEA_HUMAN",0.100348246462291,0.227011289394017,2.41730666639916e-07,1.10544785379157e-06,"time12",2.19315855769678
"4082","BPIB6_HUMAN",0.900085797418725,0.947942697893742,1.0799797811326e-05,8.00586336061959e-06,"time0",-0.43187540521633
"4083","TOIP2_HUMAN",0.0582881833523563,0.162648302403985,1.09091278462425e-06,2.60423524787505e-06,"time12",1.25532401017528
"4084","TSTD1_HUMAN",0.656708248502896,0.776428813996002,7.42700664678879e-06,1.03882605296916e-05,"time12",0.484101326718272
"4085","ABHDB_HUMAN",0.190413502277319,0.334905727061964,1.33946395733825e-05,1.94091317281113e-05,"time12",0.535079818936181
"4086","NEUA_HUMAN",0.11011812346587,0.237965105449218,9.80753720170338e-06,1.27384535500981e-05,"time12",0.377227337040835
"4087","TNIP2_HUMAN",0.362726506485098,0.522819841514356,1.06355053124468e-06,6.29371019791352e-07,"time0",-0.75690592552022
"4088","TSN14_HUMAN",0.0629428047254263,0.168817859283777,6.26213666175473e-05,4.22350297299731e-05,"time0",-0.568214926912841
"4089","SVIP_HUMAN",0.102639775576908,0.231520913716341,4.03251633257113e-06,1.02931135887109e-06,"time0",-1.97000092407649
"4090","ZNRF2_HUMAN",0.41849223344682,0.572386780791985,4.74596605810055e-07,7.52085945636809e-07,"time12",0.664195754453569
"4091","ATLA2_HUMAN",1,1,3.93307887920324e-06,3.93748189657693e-06,"time12",0.00161417011407485
"4092","LIRB4_HUMAN",0.855132140584706,0.913870841181422,1.09715345383162e-06,9.24574402280573e-07,"time0",-0.246903997146851
"4093","TRY6_HUMAN",0.779481323802983,0.87192043497728,5.5310376568933e-05,0.000365274960073699,"time12",2.72336078956766
"4094","MSPD2_HUMAN",1,1,3.93348388566564e-05,4.83484703158818e-05,"time12",0.297662572071695
"4095","PLBL2_HUMAN",0.529368106184798,0.674615251429108,1.61381016437572e-06,1.03315048370396e-06,"time0",-0.643420476084388
"4096","DDX55_HUMAN",0.0519129649350183,0.153048440057682,1.19198837273906e-06,1.70187354747088e-07,"time0",-2.80817441202847
"4097","CFA61_HUMAN",0.0553376524355665,0.159446115773101,3.38839935097572e-06,1.04760180271586e-05,"time12",1.62841462401309
"4098","TDRD7_HUMAN",0.45908398187669,0.611352931680029,2.72395391589356e-06,9.2038122467678e-06,"time12",1.75652925768745
"4099","NEDD1_HUMAN",0.18144920772142,0.324392732032339,0,5.84240555732646e-07,"time12",Inf
"4100","GA2L2_HUMAN",0.944182513250483,0.975815282932568,6.74161664672314e-07,1.10744264730915e-06,"time12",0.716065488049634
"4101","MCFD2_HUMAN",0.217753979525195,0.363816648868248,2.94438780406093e-05,1.94985780413241e-05,"time0",-0.594598783222745
"4102","THOC2_HUMAN",0.589638551626567,0.719932761419764,5.20883092905606e-07,6.41847461391503e-07,"time12",0.301270863503717
"4103","INADL_HUMAN",0.190917097957811,0.334925705781986,3.44556102729072e-06,4.7675653973181e-06,"time12",0.468513817836049
"4104","COQ8A_HUMAN",0.0714254294896295,0.183257770765274,1.42363029986709e-05,7.21412510357977e-06,"time0",-0.980678197002065
"4105","GRPE2_HUMAN",0.833634883024682,0.902699570197702,7.71039511086735e-07,8.6366982240337e-07,"time12",0.163675089729743
"4106","JOS2_HUMAN",1,1,3.71018992344215e-06,5.80757115446297e-07,"time0",-2.67548620965686
"4107","OCC1_HUMAN",0.00445792825617269,0.0355029406321593,4.91854914776994e-06,1.14248713287455e-05,"time12",1.21587319367071
"4108","G45IP_HUMAN",0.18144920772142,0.324392732032339,0,2.46427485917693e-07,"time12",Inf
"4109","EXOC6_HUMAN",0.00159408250364503,0.0197540555897754,2.77751867910144e-05,1.1059490866969e-05,"time0",-1.32851164250795
"4110","TTC8_HUMAN",0.0194118082116584,0.0823520698165325,5.13555008283456e-06,1.48833577689775e-05,"time12",1.5351093223084
"4111","SMRC2_HUMAN",0.456171159984014,0.608194272005473,1.73697094576406e-05,1.69187312335386e-05,"time0",-0.0379522401678661
"4112","NPL4_HUMAN",0.318396080285311,0.477639693323108,4.76669969419033e-05,4.11678060248573e-05,"time0",-0.211474172868142
"4113","STML3_HUMAN",0.0825692915324791,0.202540607114373,7.90967794634234e-06,1.19622913998996e-05,"time12",0.59680290736428
"4114","MUC7_HUMAN",0.076721215620637,0.192060276991645,0.000592580109034056,0.00143087814464131,"time12",1.27181870990015
"4115","GSDMB_HUMAN",0.177529852412153,0.324392732032339,6.55960556419987e-07,2.88856142993413e-06,"time12",2.13867020441557
"4116","CX038_HUMAN",0.00127229659802761,0.0177328060954721,2.11154860367348e-05,9.92685769634003e-06,"time0",-1.08889243922258
"4117","SPT20_HUMAN",0.18144920772142,0.324392732032339,0,3.39913604126376e-07,"time12",Inf
"4118","RIN3_HUMAN",0.0184153661455575,0.0793730758610123,1.47197982996528e-05,5.62583429334202e-06,"time0",-1.3876189383789
"4119","GDAP1_HUMAN",0.401678166469773,0.560828351641878,2.00962459007159e-07,6.38165580759844e-07,"time12",1.6670047769711
"4120","NUBPL_HUMAN",0.100348246462291,0.227011289394017,0,4.87345052419397e-07,"time12",Inf
"4121","PUM2_HUMAN",1,1,4.23713867455385e-07,3.63846117730638e-07,"time0",-0.219761929393031
"4122","NDNF_HUMAN",0.18144920772142,0.324392732032339,0,4.99782608190432e-07,"time12",Inf
"4123","TIP_HUMAN",0.259664077416004,0.414366426504353,1.37234404262075e-05,9.99866516253877e-06,"time0",-0.456834795456295
"4124","GOGA5_HUMAN",0.0590582290905367,0.162648302403985,0,6.64507287386178e-07,"time12",Inf
"4125","LNX1_HUMAN",0.556298461274735,0.69514031573096,1.25744281867108e-06,1.14127663149293e-06,"time0",-0.139844270337144
"4126","SHKB1_HUMAN",0.18144920772142,0.324392732032339,4.3600809479863e-08,4.25336084676591e-07,"time12",3.28617643054748
"4127","UBA3_HUMAN",0.000803471237022575,0.014156736574442,8.8162538910168e-06,2.19397429773773e-05,"time12",1.31530894832446
"4128","PXL2B_HUMAN",0.00607561354449806,0.0425435400952953,1.64168807037602e-06,6.27606228592323e-06,"time12",1.93467963692319
"4129","DJB14_HUMAN",0.23965098438272,0.389612229101249,1.50893622831806e-06,2.28938227203595e-06,"time12",0.601426543543325
"4130","S2540_HUMAN",0.930591460030879,0.97016690605071,3.52805316739806e-06,3.58838994515732e-06,"time12",0.024464372039365
"4131","PI42C_HUMAN",0.0491012641855234,0.147972679606524,3.20086740108783e-05,4.3259045299822e-05,"time12",0.434538913134399
"4132","CF251_HUMAN",0.0196328327501722,0.0823520698165325,2.61380602782401e-06,1.2412457416676e-05,"time12",2.24756478139978
"4133","MYBPP_HUMAN",0.0759269629825577,0.191274462207852,3.03160103129918e-07,1.56860701864731e-06,"time12",2.37133215312193
"4134","MDM1_HUMAN",0.204893893816379,0.349625856217291,2.13030930977154e-07,7.27014740235617e-06,"time12",5.09284979255886
"4135","TBC15_HUMAN",0.0296547844748976,0.106383678231417,2.94015490400143e-05,1.57955506437568e-05,"time0",-0.89637393510174
"4136","RDH11_HUMAN",0.00897456988845386,0.0535515543893456,9.43324841902083e-07,3.74073795627321e-06,"time12",1.9874963408664
"4137","ENKUR_HUMAN",0.064910217801352,0.172314991523323,1.74215928462099e-06,6.30941905895536e-06,"time12",1.85663064013863
"4138","MIEAP_HUMAN",0.00607561354449806,0.0425435400952953,7.84116710253357e-06,3.11258504533726e-05,"time12",1.98897294611935
"4139","FANK1_HUMAN",0.100348246462291,0.227011289394017,0,1.6520139012997e-06,"time12",Inf
"4140","LRC20_HUMAN",0.589638551626567,0.719932761419764,2.60180827184105e-07,3.87846591855142e-07,"time12",0.575971470958691
"4141","NT5C_HUMAN",0.00696708052199203,0.046269495222962,9.38498453300785e-06,1.52228429572959e-05,"time12",0.697811543435456
"4142","DEN10_HUMAN",0.240904776870098,0.391544008774175,1.53265795976596e-05,9.96497973190725e-06,"time0",-0.621096993693156
"4143","CIP2A_HUMAN",0.41849223344682,0.572386780791985,8.25607042472713e-07,2.13924307320114e-07,"time0",-1.94835485788833
"4144","P4K2B_HUMAN",0.540817904242618,0.684676842314785,1.7137040171328e-06,8.87212374037071e-07,"time0",-0.949766563329539
"4145","STT3B_HUMAN",0.059942201937219,0.163710458240059,5.3812742029215e-05,3.70212365233093e-05,"time0",-0.539594738643276
"4146","PNPT1_HUMAN",0.153119966086662,0.29797151111316,3.10828308789194e-06,6.03033195269165e-06,"time12",0.956119516937626
"4147","PHOP1_HUMAN",0.083885826866165,0.203535914818224,5.66152814226488e-06,3.23728517722715e-06,"time0",-0.806407053149442
"4148","SPP2B_HUMAN",0.29450739368011,0.449665813510046,1.4190530472443e-06,2.53941875970791e-06,"time12",0.839569799004462
"4149","SPP2A_HUMAN",0.0488695379535374,0.14749759989716,3.58698614750891e-05,1.99252088785729e-05,"time0",-0.84817732554272
"4150","HM13_HUMAN",0.95152647420764,0.978726989916003,8.02754959641987e-05,6.72647169233262e-05,"time0",-0.255109722266227
"4151","PREX1_HUMAN",0.059942201937219,0.163710458240059,0.0002328628449566,0.000158321471552189,"time0",-0.556623537918779
"4152","DC2L1_HUMAN",0.00253354936128349,0.0259188011554187,4.65764951474749e-06,2.09029578131361e-05,"time12",2.16603311434382
"4153","AGR3_HUMAN",0.134735083207488,0.273918533695822,0.000119140367688361,8.33909001526602e-05,"time0",-0.514700450144835
"4154","BICD2_HUMAN",0.161380839016716,0.309149375063132,2.60223001795713e-05,1.09624770944648e-05,"time0",-1.24717466306651
"4155","NEK9_HUMAN",0.073847550678601,0.188018508185543,3.13780671924832e-05,2.07207058620227e-05,"time0",-0.598683338725567
"4156","SFXN5_HUMAN",0.266402424640499,0.422523017094451,1.58656888742074e-06,8.53309659148914e-07,"time0",-0.894768879167127
"4157","ALAT2_HUMAN",0.0085899572511856,0.0524083908695931,2.11285398801448e-07,6.64946165720765e-06,"time12",4.97597256803839
"4158","SG1C1_HUMAN",0.41849223344682,0.572386780791985,1.17366696621564e-05,2.72029002828989e-06,"time0",-2.1091907145484
"4159","TRPM4_HUMAN",0.105645429201877,0.233106815154345,2.31223109406931e-06,1.39798045198944e-07,"time0",-4.04786950132445
"4160","MO2R1_HUMAN",0.234331051050019,0.383703426106567,2.80793491895201e-05,1.90985254057752e-05,"time0",-0.556048245597966
"4161","PKHO2_HUMAN",0.00403179414570332,0.033728160269308,0.000157873903412721,7.7356223646282e-05,"time0",-1.0291834405544
"4162","DYH3_HUMAN",0.258486052233535,0.413038306578626,1.53741573955636e-06,4.47167581510627e-06,"time12",1.54030825683613
"4163","DTX3L_HUMAN",0.559337093395305,0.697478175125294,2.63979227426725e-05,2.40950094646876e-05,"time0",-0.131690040337123
"4164","GRP4_HUMAN",0.17311531842724,0.324245154269647,5.93216325916938e-05,3.98444350637695e-05,"time0",-0.574180060780422
"4165","DMXL2_HUMAN",0.169810505085521,0.3205683144361,8.27087068952708e-07,2.53095344312698e-06,"time12",1.61356985170433
"4166","BPIB1_HUMAN",0.318396080285311,0.477639693323108,0.0398809409949146,0.0409142377966499,"time12",0.0369035251120179
"4167","BRX1_HUMAN",0.18144920772142,0.324392732032339,0,1.12125618070199e-06,"time12",Inf
"4168","RNH2C_HUMAN",0.0328100197002589,0.114327422542047,2.9535004810195e-06,7.32776344153643e-07,"time0",-2.01098101141568
"4169","CLM1_HUMAN",0.29338289215179,0.449665813510046,3.3209775181233e-06,1.77974870199981e-06,"time0",-0.89993440725194
"4170","GNPI2_HUMAN",0.020658377241239,0.0854093243821853,3.05550172141064e-07,2.61086976909821e-06,"time12",3.09504929849588
"4171","MIPT3_HUMAN",0.72649641480556,0.831789014562765,1.86154383007666e-05,2.27886021582007e-05,"time12",0.291812848238263
"4172","HCAR2_HUMAN",0.850618403625297,0.913870841181422,2.083747370886e-06,2.55256973077908e-06,"time12",0.292769994073274
"4173","SYTL5_HUMAN",0.204893893816379,0.349625856217291,2.66869982184034e-06,4.98985338153569e-07,"time0",-2.41906770862552
"4174","NEK7_HUMAN",0.00696708052199203,0.046269495222962,5.32854941927489e-05,2.45544185461937e-05,"time0",-1.11776018473058
"4175","RBCC1_HUMAN",0.674986713970489,0.788210291797797,1.89507420727024e-06,4.42279551556525e-07,"time0",-2.09922389548742
"4176","MICA1_HUMAN",0.00528069506009683,0.0393286678228907,0.000168628283205707,8.56727426681974e-05,"time0",-0.97693835304623
"4177","ES8L3_HUMAN",0.100348246462291,0.227011289394017,0,4.54885464486914e-07,"time12",Inf
"4178","ES8L1_HUMAN",0.0145487249403502,0.0681564973087937,5.710848414248e-05,0.000100971210645799,"time12",0.822167007996291
"4179","DYH5_HUMAN",0.515848442912102,0.664330045173347,0.000416459278244398,0.000564108321331866,"time12",0.437796784235617
"4180","SSH3_HUMAN",0.0466642932561762,0.142207052866908,5.51146807230776e-05,2.72855066267628e-05,"time0",-1.01430182473397
"4181","DTD1_HUMAN",0.0360316862182336,0.120434953431175,0,8.6713761252324e-07,"time12",Inf
"4182","DCA11_HUMAN",0.105645429201877,0.233106815154345,1.7719940234117e-06,1.17035986775992e-07,"time0",-3.92034962817671
"4183","PO210_HUMAN",0.795266134938758,0.87883896836063,3.80990944299425e-05,3.17046941204183e-05,"time0",-0.265060248863419
"4184","RPGF6_HUMAN",0.00100019924257421,0.0158888033933398,4.74931131008946e-05,1.58770109325065e-05,"time0",-1.58077899505263
"4185","SMCR8_HUMAN",0.489853845560898,0.638284690125489,2.88322987575425e-06,5.15819021508281e-06,"time12",0.839179109984229
"4186","IPO4_HUMAN",0.706398967492687,0.814887825870807,1.06164026053883e-05,1.02419736853281e-05,"time0",-0.0518012306291543
"4187","PP4R1_HUMAN",0.054296335788755,0.158123848691484,3.27396106622589e-05,1.982512167455e-05,"time0",-0.723707445118026
"4188","DLRB2_HUMAN",0.0120993426569343,0.0623262658706688,8.02653599080232e-06,2.08273452583758e-05,"time12",1.37562955527922
"4189","UBS3B_HUMAN",0.828806902024348,0.902699570197702,5.73003014230892e-05,6.92522926355284e-05,"time12",0.273319105001489
"4190","AT8B4_HUMAN",0.180037859873664,0.324392732032339,2.40100204693697e-05,1.54065951442038e-05,"time0",-0.640088571879248
"4191","GIPC2_HUMAN",0.18144920772142,0.324392732032339,0,3.54562777284274e-07,"time12",Inf
"4192","NOC3L_HUMAN",0.0360316862182336,0.120434953431175,0.000108322714375376,0,"time0",-Inf
"4193","COG1_HUMAN",0.944182513250483,0.975815282932568,1.55902625757984e-06,1.0238537924543e-06,"time0",-0.606635515065903
"4194","MZB1_HUMAN",0.666137204488317,0.784316483818001,1.43543868151127e-06,4.83917284211095e-06,"time12",1.75326876588513
"4195","SCFD2_HUMAN",0.394166404447896,0.554357413178074,3.37586775506896e-06,2.53640232548293e-06,"time0",-0.412474784895652
"4196","SMAP2_HUMAN",0.0120476223528385,0.0622193255917365,3.25835443782356e-05,1.84767884419628e-05,"time0",-0.818429530791014
"4197","ZC3HF_HUMAN",0.178272592074094,0.324392732032339,7.47384361484832e-06,4.95439303257983e-06,"time0",-0.593142054320125
"4198","PPIL4_HUMAN",0.552076886516813,0.694514583648889,2.3319947797338e-06,1.8737608620534e-06,"time0",-0.315627717615822
"4199","TB22A_HUMAN",0.444469087574028,0.597527314895267,2.15501331356623e-06,1.72937372606993e-06,"time0",-0.317447106155653
"4200","TSK_HUMAN",0.0263463467447607,0.0985704003102865,8.34948653574839e-07,2.74329783458568e-06,"time12",1.71615187660109
"4201","RAB2B_HUMAN",0.00102524159863593,0.0161151791280326,6.18032154328631e-08,1.29571426991059e-06,"time12",4.389921901768
"4202","F172A_HUMAN",0.922411166197264,0.96489700450022,5.88047489963396e-06,6.15897733827832e-06,"time12",0.0667581498628485
"4203","CHUR_HUMAN",1,1,3.14493689464115e-07,3.19526217277376e-07,"time12",0.0229032411300971
"4204","TGFA1_HUMAN",0.753610350301361,0.853815368427547,1.16258459333149e-06,8.42435749508429e-07,"time0",-0.464697130274162
"4205","PTPM1_HUMAN",0.528612125255688,0.674615251429108,2.58751906851377e-07,4.07610296973967e-07,"time12",0.655621002576131
"4206","NU133_HUMAN",0.0626119113116437,0.168535802732964,2.9161325869732e-05,1.76247320795054e-05,"time0",-0.726454989059761
"4207","PDC6I_HUMAN",0.198075799271464,0.343826430993449,0.000630873375715336,0.000551022043478686,"time0",-0.195240432526874
"4208","BRK1_HUMAN",0.913903671752854,0.959192279605791,2.47364310709753e-05,2.38857504730691e-05,"time0",-0.0504871598505908
"4209","CHMP7_HUMAN",0.126278928554698,0.262352709654682,1.48476067601183e-06,5.32296090300211e-07,"time0",-1.47992953134665
"4210","THEM6_HUMAN",0.00455290841932516,0.0361629281763686,2.87198797621001e-06,7.17728190737087e-06,"time12",1.32138787839083
"4211","PRUN2_HUMAN",0.123534253752569,0.259904930491052,2.43731931003225e-06,4.04172766184908e-07,"time0",-2.59225125006504
"4212","PHLA1_HUMAN",0.0580240199462214,0.162648302403985,2.53429652306694e-07,1.36792751048519e-06,"time12",2.43233453994465
"4213","SNX33_HUMAN",0.41849223344682,0.572386780791985,3.56536924750555e-07,1.02440755859036e-07,"time0",-1.79926169412302
"4214","RN141_HUMAN",0.0121101023165724,0.0623262658706688,3.99672400894163e-06,1.15017160549756e-06,"time0",-1.79696882467699
"4215","OSCP1_HUMAN",0.0231210464356569,0.0915317975373813,1.2439325533117e-05,2.60743763401986e-05,"time12",1.0677244821733
"4216","NUDC2_HUMAN",0.00405035598843635,0.0337887937415228,1.17233962879005e-05,5.04363130129916e-06,"time0",-1.2168558605473
"4217","STAG1_HUMAN",0.126278928554698,0.262352709654682,2.67926215316819e-07,9.9105147797005e-07,"time12",1.88712424795714
"4218","SCFD1_HUMAN",0.931074675677839,0.97016690605071,4.45591682065205e-05,3.9879368263379e-05,"time0",-0.160079745986673
"4219","SCTM1_HUMAN",0.932646638965876,0.97016690605071,7.37118899901486e-07,1.21073077131626e-06,"time12",0.71590883536115
"4220","TP8L1_HUMAN",0.070700276991926,0.181865957998611,2.98905981793326e-06,6.29252077031011e-06,"time12",1.07394630449507
"4221","CANT1_HUMAN",0.0732440743595362,0.186880331546138,3.26091305783934e-05,4.05296503635859e-05,"time12",0.313701753168636
"4222","DC2I1_HUMAN",0.00744313065319528,0.0485156669448822,6.44063194904433e-06,2.17717540633266e-05,"time12",1.75718348804545
"4223","TPC12_HUMAN",0.0097927288917192,0.0552934577346026,5.29415933126954e-06,1.02205557658321e-05,"time12",0.949000128741376
"4224","POF1B_HUMAN",0.162447028377347,0.310494752159326,2.61454331713897e-05,5.34163822570597e-05,"time12",1.03072329694582
"4225","HNRLL_HUMAN",0.0660665167137393,0.174092559832174,1.78726822950623e-05,1.08995550011836e-05,"time0",-0.713486932366688
"4226","UBCP1_HUMAN",0.782327264750668,0.87408169703624,9.52278339862517e-06,1.08721315832224e-05,"time12",0.191179598737464
"4227","DNJA4_HUMAN",0.0024679125845843,0.0256362467264731,4.06012968121342e-05,4.75530780173028e-05,"time12",0.228012918858908
"4228","TEKT4_HUMAN",0.11011812346587,0.237965105449218,4.71506493510485e-05,7.69876105866202e-05,"time12",0.707348655776106
"4229","DYT2B_HUMAN",0.0167287003897047,0.0746232467719985,8.57912175005735e-07,3.63403024767983e-06,"time12",2.08266855700388
"4230","SPRY4_HUMAN",0.67661126279812,0.789952907094052,5.1436884510583e-06,4.62409074331286e-06,"time0",-0.153633552857923
"4231","ITLN1_HUMAN",0.420913477889276,0.57420079062492,6.46500056565306e-05,6.90429319693618e-05,"time12",0.0948432348789805
"4232","TMM40_HUMAN",0.760478502270913,0.857900643594511,1.28255165634045e-05,7.84364739748274e-06,"time0",-0.709420345978012
"4233","PIHD2_HUMAN",0.833935414088552,0.902699570197702,6.30083587502918e-07,9.80174292339516e-07,"time12",0.637495078115675
"4234","MAIP1_HUMAN",0.242946817572573,0.393684574433254,1.4079408962084e-05,1.16114723897801e-05,"time0",-0.27803584813625
"4235","CAPSL_HUMAN",0.000632739428044683,0.0129325918762508,7.01200358139243e-06,3.93514512083969e-05,"time12",2.48851820255692
"4236","LMO7_HUMAN",0.00310504222263277,0.0288435726217505,7.64219062472249e-06,3.21655583602891e-05,"time12",2.07345858312241
"4237","CTL1_HUMAN",0.90033131176146,0.947942697893742,1.76429312753127e-05,2.1725665902399e-05,"time12",0.300310120433382
"4238","ATX2L_HUMAN",0.583882420770365,0.719374937966459,1.78993747465542e-07,6.76647521280066e-07,"time12",1.91849530910282
"4239","ARAP3_HUMAN",0.19843152794691,0.344143878172734,5.52391817815939e-06,2.86788744311628e-06,"time0",-0.9457035469034
"4240","GIMA1_HUMAN",0.0519129649350183,0.153048440057682,2.95677260263023e-07,1.98051890524431e-06,"time12",2.74378327362978
"4241","PHIP_HUMAN",0.280712665268496,0.435732003546966,3.14462674436747e-06,4.83784233944305e-07,"time0",-2.70045312549558
"4242","ITLN2_HUMAN",0.759765825978067,0.857900643594511,2.32883398252887e-06,2.21867816928593e-06,"time0",-0.0699073842934239
"4243","RASF5_HUMAN",0.00888604785491369,0.0531827292959914,4.81976097734233e-05,2.19079493908133e-05,"time0",-1.13750714903882
"4244","PRP31_HUMAN",0.862662739174041,0.919629580775753,1.05179725637726e-05,9.99340163552026e-06,"time0",-0.0738088956257507
"4245","ABCA5_HUMAN",0.0323129112432441,0.11326585613609,3.0450599794349e-07,3.59539954903288e-05,"time12",6.88353764735407
"4246","NELFB_HUMAN",0.690261725004109,0.802127097947382,7.38961179952536e-06,7.9592184856162e-06,"time12",0.107128202855543
"4247","PALLD_HUMAN",0.100348246462291,0.227011289394017,8.28921579608851e-07,1.39802099291827e-07,"time0",-2.56784959692375
"4248","PSPC1_HUMAN",0.00870546326041222,0.0526593658443959,5.60195632583876e-05,3.44411310861506e-05,"time0",-0.70179821259985
"4249","RSAD2_HUMAN",0.177529852412153,0.324392732032339,2.06956600049605e-07,6.41521854364703e-06,"time12",4.95409825025494
"4250","MADD_HUMAN",0.100348246462291,0.227011289394017,0,1.51441856954853e-06,"time12",Inf
"4251","SYNE2_HUMAN",0.0840654782950878,0.203535914818224,0.000206658447461884,8.65516712840305e-05,"time0",-1.25561475422117
"4252","ACO11_HUMAN",0.583882420770365,0.719374937966459,1.80646595070693e-07,5.38909123936007e-07,"time12",1.5768719500154
"4253","MUC16_HUMAN",0.076721215620637,0.192060276991645,0.000143784948342154,0.000190535517491235,"time12",0.406147293932081
"4254","CLC4D_HUMAN",0.00296287751203261,0.0283232790562393,1.19451544970664e-05,5.27018566283195e-06,"time0",-1.18049982111743
"4255","PIBF1_HUMAN",0.100348246462291,0.227011289394017,0,5.05931968182154e-07,"time12",Inf
"4256","DYH7_HUMAN",0.0110916596440246,0.0598723899252309,2.18616289951317e-05,0.000104600264702794,"time12",2.25841369153747
"4257","DNJC9_HUMAN",0.0263463467447607,0.0985704003102865,4.70925571938009e-06,2.0159569868005e-06,"time0",-1.2240342078924
"4258","BRI3B_HUMAN",0.0836559895278504,0.203535914818224,2.17902913432182e-05,1.66702843791359e-05,"time0",-0.386406770346185
"4259","IFT81_HUMAN",0.407182236579633,0.565210201973076,3.02496204785887e-05,4.60564531044334e-05,"time12",0.606486268716064
"4260","CTBL1_HUMAN",0.0580240199462214,0.162648302403985,1.21554107805384e-06,4.03829187236627e-07,"time0",-1.5897815566394
"4261","SEPT1_HUMAN",0.343252562436031,0.504987082618328,3.26986222068176e-06,4.58717856116901e-06,"time12",0.488377219638828
"4262","SSH1_HUMAN",0.197326044882155,0.343823939930312,8.27538895684449e-07,6.67669044522135e-07,"time0",-0.309693969163994
"4263","ELYS_HUMAN",0.0203643000443132,0.0849413157574599,3.93301952139231e-06,1.14469174814178e-06,"time0",-1.78067819703496
"4264","RSPH1_HUMAN",0.0327208992093802,0.114226727631577,6.42580438858984e-05,0.000121108912015412,"time12",0.914356063502501
"4265","TITIN_HUMAN",0.104859011490775,0.233106815154345,9.41461279628428e-05,3.85294582385622e-05,"time0",-1.28893986051862
"4266","ARAP2_HUMAN",0.167253563317042,0.316642007509569,2.51545685479986e-06,2.84531285275464e-06,"time12",0.17776684626913
"4267","RFFL_HUMAN",0.00639445433681037,0.0444634176411738,1.03437231779493e-05,5.21949110666714e-06,"time0",-0.986774512961506
"4268","OVCA2_HUMAN",0.394166404447896,0.554357413178074,2.91274923715652e-06,2.34590029368564e-06,"time0",-0.31223980638161
"4269","LZIC_HUMAN",0.474762670068018,0.627005826166856,4.85350055978855e-06,4.31076458759745e-06,"time0",-0.171081879774131
"4270","IRGQ_HUMAN",0.042315274905714,0.134148169397591,8.54332564614993e-08,8.95383681671856e-07,"time12",3.38963634563852
"4271","SIA8D_HUMAN",0.0665457213437161,0.174490931434075,6.83568215865587e-07,3.89060434398947e-06,"time12",2.50883705038709
"4272","CLC2B_HUMAN",0.0376328835201408,0.123914671039581,2.39469817474848e-06,5.85712713114443e-07,"time0",-2.03157871750906
"4273","ASM3B_HUMAN",0.427954606711865,0.58081637488979,3.29400838686853e-05,2.31609477767799e-05,"time0",-0.508149936777535
"4274","DDX1_HUMAN",0.618953802351261,0.744614513886018,8.52037267767061e-05,9.27135063664636e-05,"time12",0.121862989108927
"4275","S14L1_HUMAN",0.949944493522,0.978726989916003,3.48769761137772e-06,2.36621114426336e-06,"time0",-0.559696146193298
"4276","DHB8_HUMAN",0.0128512401874965,0.0647911684654303,1.17080555944041e-07,1.86919868722564e-06,"time12",3.99684652261743
"4277","PIEZ1_HUMAN",0.105645429201877,0.233106815154345,8.18232855406072e-08,5.30816006075141e-07,"time12",2.6976285003542
"4278","FAM3C_HUMAN",0.00687373926078973,0.0461434668359746,1.25883407168276e-05,2.06968374263217e-05,"time12",0.717322201654869
"4279","H1X_HUMAN",0.00602998215296531,0.0424607496668727,1.1987897409581e-05,2.12747423857895e-05,"time12",0.827563019859979
"4280","PSMF1_HUMAN",0.434912800080748,0.589055363918891,9.66134816823244e-06,1.16587502139152e-05,"time12",0.271116718443219
"4281","GBF1_HUMAN",0.640632830011946,0.761873036867325,2.68623039176563e-05,2.92584506450825e-05,"time12",0.123270328194123
"4282","LPIN2_HUMAN",0.150672042703171,0.294905756356278,4.08498814544503e-06,3.11903313739881e-06,"time0",-0.389233011353136
"4283","NICA_HUMAN",0.000686680701191712,0.013188243820637,0.000320390385355586,0.000147348217354235,"time0",-1.12060124776034
"4284","TM9S4_HUMAN",0.00738892940569931,0.048233962120483,3.6005612849994e-06,8.32999716209475e-06,"time12",1.21009418087425
"4285","IP6K1_HUMAN",0.224015384088612,0.371472484497857,1.01434961448193e-06,3.51421847918691e-07,"time0",-1.52927919807364
"4286","RT27_HUMAN",0.896675133784441,0.945919166528116,4.88355197924228e-06,5.14983358673055e-06,"time12",0.0765949609079457
"4287","ELMO1_HUMAN",0.0154600031673908,0.0711970693283157,0.000194512288766767,0.000108008256956923,"time0",-0.848719696732929
"4288","P55G_HUMAN",0.18144920772142,0.324392732032339,6.90610778424223e-07,7.41262861697937e-08,"time0",-3.21981571335794
"4289","AP3S1_HUMAN",0.0393208057335154,0.127643028612113,6.05576371626115e-06,8.22314077131114e-06,"time12",0.44138061112255
"4290","TSC1_HUMAN",0.674986713970489,0.788210291797797,7.60714910870307e-07,5.47758784105116e-07,"time0",-0.473815168671832
"4291","UBXN4_HUMAN",0.838463781922464,0.905959509664051,1.56772436923792e-06,1.41625823446553e-06,"time0",-0.146587588875706
"4292","NDRG1_HUMAN",0.00255109980614372,0.0259188011554187,1.45249374741551e-05,3.52784161519039e-05,"time12",1.28025383835086
"4293","HS105_HUMAN",0.000729601830244065,0.0135896747479633,8.45069141716161e-05,0.00018086753581911,"time12",1.09779219023264
"4294","SEPT8_HUMAN",0.00473527385333772,0.0369722754588055,2.06021569009091e-06,6.39461629764291e-06,"time12",1.63406240893759
"4295","CNOT9_HUMAN",0.529368106184798,0.674615251429108,1.41266308882716e-06,1.73301931919276e-06,"time12",0.294870304237913
"4296","LGAT1_HUMAN",0.187164007112394,0.330288380001852,3.34336758784799e-05,2.50208341198674e-05,"time0",-0.418172095893724
"4297","DOCK2_HUMAN",0.0635564886033535,0.169625963551309,0.000602409466897445,0.000433628100901447,"time0",-0.474286189868534
"4298","TBCD5_HUMAN",0.00274947164819871,0.0270108456491626,3.89311292288565e-05,1.57540663617014e-05,"time0",-1.30519993383845
"4299","EDEM1_HUMAN",0.62406453246517,0.748651828161169,2.9595743600405e-06,1.73716858089017e-06,"time0",-0.768651940314954
"4300","MY18A_HUMAN",0.119501238444944,0.253113793344557,0.000191851610848316,8.78400852331404e-05,"time0",-1.12703951899207
"4301","LAR4B_HUMAN",0.285881444542875,0.442253148343662,2.17156071853573e-06,1.33004294262659e-06,"time0",-0.707259465973693
"4302","GCN1_HUMAN",0.299310255206884,0.453866502754689,8.74966387270193e-05,7.15762294820339e-05,"time0",-0.289747048446395
"4303","HMHA1_HUMAN",0.0145487249403502,0.0681564973087937,0.000249806816487562,0.00015324690204252,"time0",-0.704954934895469
"4304","PRP16_HUMAN",0.083885826866165,0.203535914818224,6.47602502204986e-06,3.35042023117423e-06,"time0",-0.95076650095689
"4305","NU205_HUMAN",0.309491092612211,0.466815731356751,4.61757717927132e-05,3.65468749758917e-05,"time0",-0.337388024440178
"4306","RUBIC_HUMAN",0.529368106184798,0.674615251429108,1.21408403780135e-05,3.34882060189873e-07,"time0",-5.18007138469951
"4307","TTC9A_HUMAN",0.0503711797584523,0.150433528348618,1.48941230136695e-06,3.30563134465595e-06,"time12",1.1501826610713
"4308","ANS1A_HUMAN",0.0634719464247325,0.169625963551309,2.49435592459796e-05,1.55070092695687e-05,"time0",-0.685746870362695
"4309","GPI8_HUMAN",0.931074675677839,0.97016690605071,2.11100655599265e-05,2.33136487527905e-05,"time12",0.143243755070653
"4310","RT31_HUMAN",0.142213241936393,0.282889273214279,1.39616978218052e-07,1.73792212280962e-06,"time12",3.63781713844407
"4311","SORL_HUMAN",0.449162478002393,0.601670213300806,0.000102316506278899,9.14514092768004e-05,"time0",-0.161961600247236
"4312","AN32B_HUMAN",0.464545045047998,0.615785076358565,2.99990783498206e-05,2.68800162875485e-05,"time0",-0.158384165738871
"4313","PGTA_HUMAN",0.065452415071362,0.173138740133412,4.68453779248594e-06,9.71314067071866e-06,"time12",1.05203114656766
"4314","TFG_HUMAN",0.124134462326765,0.260091091719384,1.53410330840169e-05,2.39600247890928e-05,"time12",0.643233761774007
"4315","HTRA1_HUMAN",0.0404897220432758,0.130234307896869,0.000160900781462277,0.000358479602898408,"time12",1.15571970052144
"4316","ARC1A_HUMAN",4.19874123408696e-05,0.0032908073393628,8.70448122016955e-06,3.95249185096426e-05,"time12",2.18293226598703
"4317","TF2H4_HUMAN",0.201242620957724,0.345670985066878,8.73279515682605e-07,9.31095904840722e-08,"time0",-3.22944181843152
"4318","SFRP3_HUMAN",0.843281983670924,0.909356073021561,3.22050649687447e-05,3.38768505303633e-05,"time12",0.0730121538156981
"4319","HDAC2_HUMAN",1,1,2.02649624113308e-06,1.51060738395261e-06,"time0",-0.423858755384017
"4320","STAM1_HUMAN",0.0713479588545847,0.183257770765274,1.91744155112927e-05,8.7576248676972e-06,"time0",-1.13057104262517
"4321","DLG3_HUMAN",0.72408166091539,0.830964942485183,5.07423916747921e-06,2.01600098529111e-06,"time0",-1.33169517657221
"4322","SYMPK_HUMAN",0.477659735127587,0.627005826166856,5.20484612568206e-06,2.79878424546106e-06,"time0",-0.895055237041092
"4323","RBP56_HUMAN",0.0426947379917663,0.134148169397591,1.09249923204612e-06,5.52928003185471e-06,"time12",2.33945937360518
"4324","EVPL_HUMAN",0.0497101210057736,0.148831354770669,0.000196684141152953,0.000553761481871492,"time12",1.49338407098516
"4325","GGH_HUMAN",0.000554826110601426,0.012050317530131,0.000305604678556161,0.000103683397094515,"time0",-1.55948173728411
"4326","COR2A_HUMAN",0.00385729282994253,0.0331196949159461,1.67151605893685e-07,1.43906500204425e-06,"time12",3.1059026388673
"4327","RPGR_HUMAN",0.827622518387147,0.902572448845432,2.06107085809854e-05,7.5130642923294e-06,"time0",-1.45592075136738
"4328","SHIP1_HUMAN",0.00888604785491369,0.0531827292959914,0.000246217746383876,0.00010599708342724,"time0",-1.21591018049715
"4329","DDX17_HUMAN",0.935398668050766,0.971338011868433,0.000223548019290578,0.000213749587678861,"time0",-0.0646631261270006
"4330","KIFA3_HUMAN",0.45908398187669,0.611352931680029,6.09795574355919e-06,8.49857141096524e-06,"time12",0.47889466822718
"4331","CASPA_HUMAN",0.00118079027619512,0.0171145294994228,5.21915880161541e-05,2.75696627203197e-05,"time0",-0.920735681108963
"4332","SEM4D_HUMAN",0.208412803684149,0.351652450961983,2.18734313938768e-06,9.53862195682566e-07,"time0",-1.19732680040226
"4333","PMM1_HUMAN",0.0590582290905367,0.162648302403985,1.47344578024499e-07,9.83422150871725e-07,"time12",2.73861687793825
"4334","KLK6_HUMAN",1,1,2.30975427100721e-06,1.26483636486721e-06,"time0",-0.868788623255204
"4335","RAD50_HUMAN",0.0516033011039804,0.15278382902916,1.25124196706895e-05,1.04983534958015e-05,"time0",-0.253197725784858
"4336","CELF1_HUMAN",0.489853845560898,0.638284690125489,7.68958332418382e-07,1.02415561260014e-06,"time12",0.413457608420032
"4337","OSTF1_HUMAN",0.00236749462783337,0.0250827491665221,0.000466426673022684,0.000205362019057521,"time0",-1.18348090745319
"4338","ARHG1_HUMAN",0.00687373926078973,0.0461434668359746,0.000386741590487895,0.000182048465966423,"time0",-1.08704733735066
"4339","UFD1_HUMAN",0.990415642614797,1,7.96728381362768e-06,8.11936067200097e-06,"time12",0.0272781643121722
"4340","GSLG1_HUMAN",0.0919496268033981,0.217856057475881,2.30193421595177e-05,3.22197071043453e-05,"time12",0.485096774063207
"4341","RENT1_HUMAN",0.0359537135054337,0.120434953431175,3.04756167997022e-05,4.77996948063229e-05,"time12",0.649345986829402
"4342","CDS1_HUMAN",0.0972010883062347,0.227011289394017,3.40381874685266e-07,1.56122365522257e-06,"time12",2.19745110660929
"4343","CSN5_HUMAN",0.0522633474320173,0.15343410748568,0.000133781654082661,1.95907851799693e-05,"time0",-2.77163316232013
"4344","SMRD2_HUMAN",0.380314081024951,0.54065482509965,3.68414765540813e-06,4.2777015394233e-06,"time12",0.215504943623059
"4345","RAB1C_HUMAN",0.504879873834092,0.653191829016084,2.35194644950178e-07,1.57369350129054e-06,"time12",2.74222746573565
"4346","RAB8B_HUMAN",0.670180588960648,0.786750915460289,4.25075379339044e-05,4.22637320751419e-05,"time0",-0.00829853022509657
"4347","FUBP2_HUMAN",0.109432058408856,0.237064899740731,2.3729447881452e-05,4.65010609416862e-05,"time12",0.970585098900005
"4348","GCDH_HUMAN",0.0516441571756024,0.15278382902916,1.89141913172267e-05,1.25617334283102e-05,"time0",-0.590433535339539
"4349","PRG4_HUMAN",0.18144920772142,0.324392732032339,0,1.14720343893148e-06,"time12",Inf
"4350","RIT1_HUMAN",0.830324257655795,0.902699570197702,4.27271085281893e-06,4.11742536071255e-06,"time0",-0.0534091913109533
"4351","TNPO1_HUMAN",0.795266134938758,0.87883896836063,0.000112154367546756,0.000123024095497902,"time12",0.133455106121615
"4352","ARHG2_HUMAN",0.0443299239705107,0.137406661066871,9.19346300393546e-05,5.34342895595824e-05,"time0",-0.782842562426375
"4353","NINJ1_HUMAN",0.259664077416004,0.414366426504353,1.35434019081295e-05,9.96596173695768e-06,"time0",-0.442509228615628
"4354","GLMN_HUMAN",0.18144920772142,0.324392732032339,0,6.61317656312027e-07,"time12",Inf
"4355","USP9X_HUMAN",0.0516441571756024,0.15278382902916,7.73455679009856e-05,9.4968081131223e-05,"time12",0.296124079714914
"4356","UBP7_HUMAN",0.000938475173118089,0.0154179762251497,2.41041605244811e-05,3.94000582297633e-05,"time12",0.708915575983843
"4357","IGSF2_HUMAN",0.040071671356062,0.129517366347272,5.67400103812025e-06,1.14224096327744e-05,"time12",1.00942870917555
"4358","CUL5_HUMAN",0.0123374403928922,0.0630920646119392,2.90054919515433e-06,6.70098390995881e-06,"time12",1.20804685444906
"4359","VPP1_HUMAN",0.217753979525195,0.363816648868248,0.000137765677971407,9.24928152548016e-05,"time0",-0.574803301268004
"4360","LPP_HUMAN",0.0114900673429755,0.0604671121053679,3.86268464934663e-07,2.43278078494931e-06,"time12",2.65493052109459
"4361","AT2A3_HUMAN",0.298844147473574,0.453861238526917,0.000232845995283619,0.000200049018857521,"time0",-0.219022516483192
"4362","KPBB_HUMAN",0.225029494536387,0.372430360450496,1.50710049079521e-05,1.98607133131428e-05,"time12",0.398141822827446
"4363","HMR1_HUMAN",0.00669228378824031,0.0454238762126811,1.80377441993532e-07,1.23290521855236e-06,"time12",2.77297106313065
"4364","SCAM4_HUMAN",0.00971619488408052,0.0552800846650958,4.13970600206136e-07,2.52624363924464e-06,"time12",2.60939356642859
"4365","HPS3_HUMAN",0.446872820710831,0.599409691916863,1.35830153905503e-06,3.4194848699979e-06,"time12",1.3319752166577
"4366","SMCE1_HUMAN",0.793649751006546,0.87883896836063,3.70272082985524e-06,4.10600800741565e-06,"time12",0.149150660700035
"4367","RIFK_HUMAN",0.201242620957724,0.345670985066878,1.69456404441424e-07,5.25372568602947e-07,"time12",1.63242671155434
"4368","CNKR1_HUMAN",0.105513715289701,0.233106815154345,3.61372954835287e-06,6.91557566059286e-06,"time12",0.93636080909933
"4369","MYDGF_HUMAN",0.00282916841395109,0.0275421258713861,1.44306998434858e-05,5.96056730048919e-06,"time0",-1.27561971600922
"4370","BORC5_HUMAN",0.727537666179043,0.832362286633579,3.37721500569045e-06,3.00140345144089e-06,"time0",-0.17019676906059
"4371","UBE2F_HUMAN",0.0977728294902228,0.227011289394017,5.03381324811085e-06,2.85092042349743e-06,"time0",-0.820223923727515
"4372","PIGT_HUMAN",0.875132262024472,0.929604303943122,1.06213672998056e-05,1.00863357930879e-05,"time0",-0.074567336511414
"4373","ARL11_HUMAN",0.000876408272414131,0.0148049152581706,2.01181965101803e-05,7.4984144481158e-06,"time0",-1.42384350820113
"4374","RAB24_HUMAN",0.0145487249403502,0.0681564973087937,9.17769048552851e-05,5.70460804821347e-05,"time0",-0.686003387838662
"4375","RRF2M_HUMAN",0.726286148878805,0.831789014562765,4.91282645724104e-07,1.06896906893751e-06,"time12",1.12159492595211
"4376","WBP2_HUMAN",0.00833890710066832,0.0515715885887802,2.19713084067617e-05,1.54459476921669e-05,"time0",-0.508392395016612
"4377","NCLN_HUMAN",1,1,5.1041853280413e-05,5.0394675446237e-05,"time0",-0.0184094020717736
"4378","TEKT1_HUMAN",0.129949855772509,0.266992094085098,4.65180109998212e-05,8.93507395905506e-05,"time12",0.941690259159206
"4379","RIPL2_HUMAN",0.86714797546946,0.923422153232142,9.71798831804002e-06,1.17981032390453e-05,"time12",0.279825335295715
"4380","LFG3_HUMAN",0.000108588740731365,0.00523064958377778,1.36980899127409e-05,2.95705296561821e-05,"time12",1.11018534958198
"4381","SIA7F_HUMAN",0.155131568727114,0.299386384493394,2.81445438687228e-06,1.56429065842009e-06,"time0",-0.847346664533407
"4382","ERGI1_HUMAN",0.054296335788755,0.158123848691484,3.72302646823879e-05,5.35235368493368e-05,"time12",0.523697579968757
"4383","FAKD4_HUMAN",0.208412803684149,0.351652450961983,8.74002358343962e-08,6.66206457920184e-07,"time12",2.9302602612417
"4384","MARC2_HUMAN",0.589638551626567,0.719932761419764,7.34282803060219e-07,4.1957524632188e-07,"time0",-0.807406246623051
"4385","H2B1A_HUMAN",0.740367478785491,0.843191398302016,1.79207356354545e-05,1.35924284543859e-06,"time0",-3.72075472093246
"4386","F162A_HUMAN",0.000243864679500032,0.00778932476285395,3.22749969435656e-06,1.11733508436976e-05,"time12",1.79157304522131
"4387","MYL11_HUMAN",0.475532659596901,0.627005826166856,7.01192397695844e-06,2.84974614981699e-06,"time0",-1.29897694217043
"4388","CCD47_HUMAN",0.000505488365888596,0.0117481790251073,1.43261759439663e-05,2.78274276044484e-05,"time12",0.957853985212321
"4389","RM24_HUMAN",0.0208625823327655,0.0854093243821853,1.17236163052672e-07,7.15841754827916e-07,"time12",2.61022304129337
"4390","SYAP1_HUMAN",0.965815412384034,0.990014665894944,3.5681461419121e-06,3.53317364397636e-06,"time0",-0.0142100507420903
"4391","EXOC4_HUMAN",0.544880281339637,0.686763013387139,5.69482110814288e-05,6.42230809965662e-05,"time12",0.173441354489056
"4392","RFT1_HUMAN",0.0831311427008039,0.203160526303493,4.7542119624934e-07,1.76340447052971e-06,"time12",1.89108529114732
"4393","ISOC2_HUMAN",0.353111234506006,0.51404664969641,1.39665623732926e-05,1.11676818863674e-05,"time0",-0.322647218326649
"4394","NTAN1_HUMAN",0.944182513250483,0.975815282932568,6.42791673549774e-07,1.04798176936884e-06,"time12",0.705190473864809
"4395","PLPL2_HUMAN",0.888840680809476,0.940319763810662,1.97110025432236e-06,4.7864198958022e-06,"time12",1.27994580823111
"4396","FUBP1_HUMAN",0.198075799271464,0.343826430993449,1.70527997328223e-05,3.74339382264826e-05,"time12",1.13433821381106
"4397","LRC59_HUMAN",0.00528069506009683,0.0393286678228907,6.5295956343136e-06,2.37497874934719e-05,"time12",1.86284904842925
"4398","CLUA1_HUMAN",0.0875931375825178,0.210286901439059,2.64269863038094e-05,5.24880517267149e-05,"time12",0.989977136534253
"4399","PBIP1_HUMAN",0.198674389886733,0.344165351158194,2.69775747853855e-05,1.72383783595812e-05,"time0",-0.646136595242649
"4400","MCUR1_HUMAN",0.150785565027971,0.294905756356278,1.11869815884549e-06,3.83969554216347e-07,"time0",-1.54275700240158
"4401","RPE_HUMAN",0.0134849102517132,0.0671211407779026,2.94785793851221e-05,1.33401330861422e-05,"time0",-1.14389394111395
"4402","VP33A_HUMAN",0.697115169474199,0.808361271067635,3.46277801563531e-05,3.61355945251278e-05,"time12",0.0614907253107085
"4403","RAB37_HUMAN",0.225967837200517,0.373259372676629,6.66537213988946e-06,9.3730688863229e-06,"time12",0.491836059825202
"4404","ISG20_HUMAN",0.363786061284349,0.523084772280072,8.58924328628823e-06,1.49114396189474e-05,"time12",0.795816608348206
"4405","EXOS8_HUMAN",0.362726506485098,0.522819841514356,4.51879967330901e-07,1.03992585092209e-06,"time12",1.20246915837885
"4406","BORC7_HUMAN",0.112804137034737,0.242803283066121,5.05519549546611e-06,2.98401200822476e-06,"time0",-0.760513544099055
"4407","SH3K1_HUMAN",0.00782210209050042,0.0499694286487262,6.75806613313167e-05,2.44828290418746e-05,"time0",-1.46484019442726
"4408","APH1A_HUMAN",0.18144920772142,0.324392732032339,0,3.82375678582329e-07,"time12",Inf
"4409","AIDA_HUMAN",0.00791545667737088,0.0504578684460366,1.93059158281891e-06,3.89399648657444e-06,"time12",1.0122085883287
"4410","ELMO3_HUMAN",0.586944291976958,0.719932761419764,3.80529980266258e-06,4.30580392145111e-06,"time12",0.17827250153121
"4411","ARL8A_HUMAN",0.251782879113893,0.404927069721939,1.67171822603828e-05,2.08997112782703e-05,"time12",0.322151315540585
"4412","OTUL_HUMAN",0.0438058634825379,0.136915420577791,1.61480774149093e-05,6.11826824429275e-06,"time0",-1.40016714259578
"4413","PPWD1_HUMAN",0.23395283347059,0.383374560855921,2.41320326851287e-07,6.94958632252958e-07,"time12",1.52597766176875
"4414","FAM3D_HUMAN",0.370740607380867,0.530022414525112,0.000119566814752598,0.000122755688030764,"time12",0.0379728436963564
"4415","SGK3_HUMAN",0.833935414088552,0.902699570197702,3.44474338876411e-07,4.98932884048321e-07,"time12",0.534449243295943
"4416","CHP3_HUMAN",0.0136996070581088,0.0676821777982499,3.8331555326097e-05,1.80772065056262e-05,"time0",-1.0843607841273
"4417","PTER_HUMAN",0.0224942712224497,0.0893339641035185,0,1.56085043527245e-06,"time12",Inf
"4418","TAM41_HUMAN",0.683480902201426,0.79579560016552,5.37844364278305e-07,7.1130811916295e-07,"time12",0.403285869830528
"4419","MOB3A_HUMAN",0.00528069506009683,0.0393286678228907,5.55278990590363e-05,2.63917931085432e-05,"time0",-1.07312343804574
"4420","DOC10_HUMAN",0.0157854879847244,0.0722503599484743,3.08164084190646e-06,1.05768000729291e-05,"time12",1.77913258350783
"4421","SARAF_HUMAN",0.280712665268496,0.435732003546966,8.23507703960597e-07,2.98976710721299e-07,"time0",-1.46174903879145
"4422","FGGY_HUMAN",0.0454587523438197,0.139386615887903,2.33340050221119e-07,2.62838549465121e-06,"time12",3.49367102918919
"4423","EFHD2_HUMAN",0.298844147473574,0.453861238526917,0.0002657420150023,0.000243060692019552,"time0",-0.128709744037095
"4424","GALM_HUMAN",0.0857155042454288,0.206565195918619,2.89969925903784e-06,9.13145120280765e-06,"time12",1.6549408771212
"4425","SYTL4_HUMAN",0.0124244123861936,0.0634282181049014,1.97888618936593e-06,6.40591927602994e-06,"time12",1.69471697634052
"4426","ULK4_HUMAN",0.401678166469773,0.560828351641878,5.43639741360191e-07,1.88527089891132e-07,"time0",-1.52787908184693
"4427","ROP1L_HUMAN",0.0137548063929785,0.0677307985039248,1.93088623282164e-05,3.69619333247922e-05,"time12",0.936777056418708
"4428","DCPS_HUMAN",0.807830415666103,0.887632647677269,1.76312285453264e-05,2.26856458364723e-05,"time12",0.363646727024254
"4429","FBXL8_HUMAN",0.88708754228948,0.939243990004205,2.66451971238764e-06,1.51668124344417e-06,"time0",-0.812957595986806
"4430","COAC_HUMAN",0.00826562227177156,0.0515715885887802,2.29276988163591e-06,7.24530836071836e-07,"time0",-1.661972565875
"4431","TIFA_HUMAN",0.589638551626567,0.719932761419764,2.94299956648351e-07,5.62338246500323e-07,"time12",0.934150842955668
"4432","ACSF2_HUMAN",0.058707408431205,0.162648302403985,1.19284526880155e-06,6.3013688667801e-06,"time12",2.40125834953612
"4433","LRC45_HUMAN",0.726286148878805,0.831789014562765,1.29993382683458e-06,1.80384243632673e-06,"time12",0.472635141561182
"4434","ISOC1_HUMAN",9.41089087005536e-05,0.00484579751438281,8.23950064739546e-06,6.53287022075512e-05,"time12",2.98708816900655
"4435","GCC1_HUMAN",0.48978275936519,0.638284690125489,4.70434702036402e-06,7.3335571841616e-06,"time12",0.640518669883892
"4436","ASTRA_HUMAN",0.0162852993029284,0.0737367631975284,1.80967022636951e-05,3.21033382124384e-06,"time0",-2.49493159448089
"4437","HAUS1_HUMAN",0.201242620957724,0.345670985066878,4.1204178463035e-07,2.05137792809544e-08,"time0",-4.32812543563493
"4438","FAF2_HUMAN",0.628155653709986,0.751296299481327,9.53440873571293e-06,1.09012889942646e-05,"time12",0.193283353253381
"4439","CC124_HUMAN",0.18144920772142,0.324392732032339,0,3.11238631824699e-06,"time12",Inf
"4440","FXRD1_HUMAN",0.167253563317042,0.316642007509569,3.91588388798309e-06,1.28147743753849e-06,"time0",-1.61152990953773
"4441","OPTN_HUMAN",0.177529852412153,0.324392732032339,9.88658630705489e-08,2.20432280794772e-06,"time12",4.47871923637182
"4442","AP2M1_HUMAN",0.01186136114631,0.0620928221971162,1.64401982196122e-05,2.11819390760225e-05,"time12",0.365606971507345
"4443","GCP3_HUMAN",0.190411606129668,0.334905727061964,9.52856224263278e-06,1.03500476767281e-05,"time12",0.119306964874123
"4444","KCD12_HUMAN",0.0840654782950878,0.203535914818224,6.38334408032967e-05,8.21000056684872e-05,"time12",0.363069906372612
"4445","REPS1_HUMAN",0.930591460030879,0.97016690605071,2.74811616265385e-06,2.51077134770598e-06,"time0",-0.130312337597756
"4446","HVCN1_HUMAN",0.00349170426755227,0.0309779118718051,9.27630997307436e-06,1.73819961682187e-05,"time12",0.905970838044734
"4447","ZG16B_HUMAN",0.198075799271464,0.343826430993449,0.0044810137382718,0.00595334125870604,"time12",0.409874445577322
"4448","RMD1_HUMAN",0.932986865767728,0.970182895061045,1.17606270254009e-05,9.81155204413866e-06,"time0",-0.261411707559972
"4449","ECHD3_HUMAN",0.362726506485098,0.522819841514356,1.36002388468806e-06,2.82034750584035e-06,"time12",1.05224094531521
"4450","NUD16_HUMAN",0.00113237802527307,0.016825109315811,4.70609572024794e-05,2.23878168095776e-05,"time0",-1.07181681683839
"4451","CMBL_HUMAN",0.0360316862182336,0.120434953431175,0,1.22926336982606e-06,"time12",Inf
"4452","MSI2H_HUMAN",0.208412803684149,0.351652450961983,7.33081494610489e-07,4.50743713474751e-06,"time12",2.62026187777964
"4453","SNR40_HUMAN",0.065752871722804,0.173856530677427,3.54226247944125e-06,7.38195639698574e-06,"time12",1.05933209718567
"4454","RMC1_HUMAN",0.0977728294902228,0.227011289394017,4.38565664595945e-06,6.5444266393483e-06,"time12",0.577473934922491
"4455","BPIA2_HUMAN",0.597807770594955,0.72708324450492,0.00185605703659634,0.00271847478187408,"time12",0.550556399797259
"4456","MUCL1_HUMAN",0.963611191348441,0.989113188851046,1.19108703395457e-05,1.07353059496829e-05,"time0",-0.149915528551359
"4457","DYH11_HUMAN",0.0147603673630064,0.0689317234239542,1.74148019880621e-05,8.46723749774188e-05,"time12",2.28157728670919
"4458","IP3KC_HUMAN",0.0120369481070948,0.0622193255917365,1.37988175336414e-06,5.84605489353871e-06,"time12",2.08291873290195
"4459","RM38_HUMAN",0.100348246462291,0.227011289394017,0,1.82145943457587e-06,"time12",Inf
"4460","DRC10_HUMAN",0.0775561667436655,0.193529823453119,1.95771714787266e-06,7.1016863870695e-06,"time12",1.85898931328465
"4461","ERLEC_HUMAN",0.0162852993029284,0.0737367631975284,3.60182874281081e-06,7.69054878544129e-06,"time12",1.09435696366682
"4462","RRFM_HUMAN",0.011278190116074,0.0601721809738699,1.45887246275179e-06,2.32907213524169e-07,"time0",-2.64702653775874
"4463","SACA9_HUMAN",0.000204692388380856,0.00717881212717501,6.78436274521531e-06,2.76039772222454e-05,"time12",2.02459093277257
"4464","OMA1_HUMAN",0.475532659596901,0.627005826166856,8.87957551818505e-07,5.27367288553558e-07,"time0",-0.751682624469094
"4465","SEH1_HUMAN",0.0601830313411387,0.163913061604322,3.04568670732591e-06,5.94102127889829e-06,"time12",0.963943408306407
"4466","KBP_HUMAN",0.150785565027971,0.294905756356278,1.20068473187604e-07,7.09324802629257e-07,"time12",2.56258900739501
"4467","F120B_HUMAN",0.755657737671463,0.854675945296658,3.35305280867169e-06,9.41034596911172e-07,"time0",-1.83315553555719
"4468","RNF31_HUMAN",0.00527895997429013,0.0393286678228907,2.81651660781043e-05,1.01686263033806e-05,"time0",-1.46978718227769
"4469","DAZP1_HUMAN",0.59256103828762,0.72246725488711,2.77140580991782e-05,2.61415749791232e-05,"time0",-0.0842719131337735
"4470","SGTB_HUMAN",1,1,3.58365881534077e-07,4.0796718078254e-07,"time12",0.187019807032568
"4471","MITOK_HUMAN",0.674986713970489,0.788210291797797,4.70172376451381e-07,6.14448235755347e-07,"time12",0.386101695429432
"4472","C1GLC_HUMAN",0.124134462326765,0.260091091719384,2.69276875702114e-05,3.41604320733113e-05,"time12",0.343235879855416
"4473","DTBP1_HUMAN",0.165834164256516,0.315354174818264,4.1684165864027e-06,5.64938190143208e-06,"time12",0.43859356499463
"4474","DC2I2_HUMAN",0.00404894042338628,0.0337887937415228,3.60564058568402e-06,1.5600516121715e-05,"time12",2.11326625988427
"4475","DNJA3_HUMAN",0.242498966780794,0.393684574433254,3.6385482676092e-06,2.68623097583925e-06,"time0",-0.437779588705409
"4476","MB12A_HUMAN",0.978533980727415,1,8.61143372024951e-06,7.8400941473829e-06,"time0",-0.135382473384043
"4477","PTCD3_HUMAN",0.326799567668966,0.487749579631867,3.14580220929516e-06,1.79790386034264e-06,"time0",-0.8071120874856
"4478","MMAB_HUMAN",0.213920480929895,0.358514880076953,9.91526923911361e-06,7.40295398706452e-06,"time0",-0.421550886344805
"4479","CYFP2_HUMAN",0.328469857573509,0.488655157979221,0.000323564816215629,0.000391080876230872,"time12",0.273412249771812
"4480","SAT2_HUMAN",0.350528908982333,0.512661403856875,1.32478958869008e-06,6.97186104708255e-07,"time0",-0.926147518904963
"4481","NRBF2_HUMAN",0.00490231960097636,0.0379637627828767,1.53167355440123e-05,3.14217039872907e-06,"time0",-2.28527552373732
"4482","I17RA_HUMAN",0.887990309731588,0.939919567610628,8.94216557859234e-06,1.3192185359606e-05,"time12",0.560987409862021
"4483","CCD97_HUMAN",0.540817904242618,0.684676842314785,1.07533955029077e-06,6.97812441864053e-07,"time0",-0.623881052724984
"4484","EDC3_HUMAN",0.201242620957724,0.345670985066878,3.71411624972968e-08,9.4268780033325e-07,"time12",4.6656891811374
"4485","MISP3_HUMAN",0.0652572567829591,0.173005590219536,8.5341659934109e-07,4.47169552905036e-06,"time12",2.38949988361392
"4486","BORC8_HUMAN",0.0596604735623143,0.1634642241228,3.14156560713719e-06,1.01241391048485e-06,"time0",-1.63368447382612
"4487","STALP_HUMAN",0.18144920772142,0.324392732032339,3.99838033476651e-07,0,"time0",-Inf
"4488","CPNE2_HUMAN",0.0220988541841507,0.0891585734945483,0.000141008176548145,9.88290232397539e-05,"time0",-0.512772134498092
"4489","S10AG_HUMAN",0.183969093486667,0.326164261025782,0.000135003674985026,0.000190063408995155,"time12",0.49348213114335
"4490","SIPA1_HUMAN",0.0660665167137393,0.174092559832174,5.11813338242303e-05,3.37197951311913e-05,"time0",-0.602021974556609
"4491","IFT43_HUMAN",0.138683310508103,0.281370724750305,6.58264268990522e-06,2.40410384373149e-06,"time0",-1.4531676757768
"4492","LRC46_HUMAN",0.651377443219413,0.772113012174946,8.91259713166128e-06,1.13315311179847e-05,"time12",0.346425011876577
"4493","SCRN2_HUMAN",0.0421700405387188,0.134050905874278,7.86635078813578e-06,1.32397842128376e-05,"time12",0.751113181077495
"4494","OTUB1_HUMAN",0.381798435002565,0.54065482509965,0.000134214390119323,0.000114448585167705,"time0",-0.229839733687334
"4495","CHMP6_HUMAN",0.0154439100883612,0.0711970693283157,4.40130715436543e-05,2.27657452654894e-05,"time0",-0.951067368138446
"4496","PGM2_HUMAN",0.000729601830244065,0.0135896747479633,0.000125886850384401,0.000178976252603242,"time12",0.507640583721727
"4497","CERS2_HUMAN",0.00825199756694411,0.0515715885887802,1.81039091664774e-06,5.65984863163924e-06,"time12",1.64446221854829
"4498","CFA36_HUMAN",0.793649751006546,0.87883896836063,4.1289293848022e-06,4.53619398305361e-06,"time12",0.135714591167536
"4499","VMP1_HUMAN",0.106465467317524,0.234656175751871,6.09815683006274e-06,1.1154314739508e-05,"time12",0.871156726343705
"4500","PLPP_HUMAN",0.0440109840129515,0.136915420577791,1.55332144764215e-07,1.41107816339812e-06,"time12",3.183369584778
"4501","CEP95_HUMAN",0.944182513250483,0.975815282932568,7.56518793368514e-06,4.87509016505595e-06,"time0",-0.633947020349601
"4502","DCNL1_HUMAN",0.436312469358833,0.589747540049855,1.73120299580104e-05,1.48963384684297e-05,"time0",-0.216817142124539
"4503","RUSF1_HUMAN",0.0545262210772923,0.158429673636458,2.09155278214961e-06,4.58638066485596e-06,"time12",1.1327816959831
"4504","BORC6_HUMAN",1,1,3.30924377995905e-07,3.81432003087465e-07,"time12",0.204924320743188
"4505","AB17A_HUMAN",0.18144920772142,0.324392732032339,0,1.60148200122461e-07,"time12",Inf
"4506","TECT2_HUMAN",0.0613088503492118,0.1653263038988,6.04604934487004e-06,1.54288126149924e-05,"time12",1.35156237921393
"4507","MTNB_HUMAN",0.0741455311114069,0.188498483316727,4.0744486525478e-06,1.65798637260234e-05,"time12",2.02475539438912
"4508","SNF8_HUMAN",0.279625921636786,0.435732003546966,1.57977778045432e-05,2.02483834289748e-05,"time12",0.35808509621019
"4509","TONSL_HUMAN",0.406941216918031,0.565138314031945,1.33363114260439e-06,8.67810525123659e-07,"time0",-0.61990771035937
"4510","PDLI5_HUMAN",0.363786061284349,0.523084772280072,2.87355380971903e-05,3.4760994693393e-05,"time12",0.274633300666217
"4511","CREL1_HUMAN",0.674986713970489,0.788210291797797,2.95761254831878e-07,3.31704440173858e-07,"time12",0.165465254475931
"4512","ERO1A_HUMAN",0.761065473780036,0.857900643594511,0.00038855358777874,0.000416797171672652,"time12",0.101231904556447
"4513","SAHH3_HUMAN",0.155565994271327,0.29983726485403,1.32558603248074e-06,2.96724512980585e-06,"time12",1.16249380927202
"4514","MED30_HUMAN",0.732306833608737,0.835224120134617,3.25534977746402e-06,3.8610146094542e-06,"time12",0.246167448287027
"4515","NAF1_HUMAN",0.230024245060274,0.378390199874694,5.83060876684871e-06,6.74628518432335e-06,"time12",0.210446785051355
"4516","PGAM5_HUMAN",0.103349811661681,0.232245457131386,5.27656151319515e-06,2.34723390622381e-05,"time12",2.15329161184386
"4517","INT4_HUMAN",0.0829604137452953,0.202916687674303,5.66379734057169e-07,9.39733264216598e-06,"time12",4.05240976783066
"4518","DDRGK_HUMAN",0.741268714629815,0.843191398302016,1.1013726114354e-05,1.03220737434912e-05,"time0",-0.0935697948435572
"4519","DHTK1_HUMAN",0.255831968664748,0.409125662338566,4.24197737549088e-06,5.6060964475645e-06,"time12",0.402259638480521
"4520","SCLY_HUMAN",0.855132140584706,0.913870841181422,6.07841525865411e-07,5.08681784291136e-07,"time0",-0.256931805976291
"4521","FUBP3_HUMAN",0.530158014945287,0.674615251429108,2.12553202291011e-06,1.49628904591299e-06,"time0",-0.506435099514663
"4522","SPF45_HUMAN",0.0546135439506891,0.158429673636458,7.32015850086819e-07,2.30762351039655e-06,"time12",1.65646107483029
"4523","PP16A_HUMAN",0.670128703919811,0.786750915460289,3.68817918430656e-06,3.495836069733e-06,"time0",-0.0772712143934666
"4524","SYNM_HUMAN",0.944182513250483,0.975815282932568,7.70685280958645e-07,7.83226807537764e-07,"time12",0.0232883072635214
"4525","SUCB2_HUMAN",0.00298700109124184,0.0283232790562393,0.000209404989083572,0.00014074431646337,"time0",-0.573219150380115
"4526","LRCH3_HUMAN",0.147532419237223,0.29150219652793,4.70576270484993e-05,1.39536342761911e-05,"time0",-1.75378764602172
"4527","GMPPA_HUMAN",0.00137316162235749,0.0184028698027074,2.09322911161098e-05,3.76651846095138e-05,"time12",0.847501371968181
"4528","DYDC2_HUMAN",0.266032910913184,0.422523017094451,4.76596617006766e-06,7.42553108552054e-06,"time12",0.639725502413602
"4529","ABHEB_HUMAN",3.04952263832093e-05,0.00273536317360373,4.4116892126914e-05,8.02374152708234e-05,"time12",0.862943970480536
"4530","NGLY1_HUMAN",0.204893893816379,0.349625856217291,5.63340395848583e-07,2.44513404886904e-07,"time0",-1.20409336784744
"4531","ATPMK_HUMAN",0.489846087992191,0.638284690125489,4.47981273859756e-05,4.88920299174101e-05,"time12",0.126160877730381
"4532","CBPB2_HUMAN",0.00971774466739504,0.0552800846650958,9.30405638381855e-06,1.80015517007112e-05,"time12",0.952189524705132
"4533","ITCH_HUMAN",0.530611493590147,0.674615251429108,4.08394687769163e-05,4.59732358283986e-05,"time12",0.170830113536269
"4534","COG3_HUMAN",0.554113130069446,0.694735039022838,1.26071146010693e-06,5.32337130973086e-07,"time0",-1.24382601873976
"4535","CK5P3_HUMAN",0.279625921636786,0.435732003546966,2.02155339109008e-05,1.51047065252343e-05,"time0",-0.420466153321523
"4536","LOXL4_HUMAN",0.100348246462291,0.227011289394017,3.15056872451369e-07,7.69778328047413e-07,"time12",1.28883077477535
"4537","VPS39_HUMAN",0.879689841684979,0.932621126088815,2.90555669165856e-05,2.78410453731822e-05,"time0",-0.061601221632967
"4538","VPS50_HUMAN",0.00607561354449806,0.0425435400952953,6.48888750127106e-07,3.73992935310886e-06,"time12",2.52696795885587
"4539","VCIP1_HUMAN",0.0126500966525287,0.0644701598170258,3.49758556821259e-05,1.64656281435913e-05,"time0",-1.0869018032301
"4540","SPTCS_HUMAN",0.532951705049407,0.676294993469324,4.40212388478473e-06,3.9421579766038e-06,"time0",-0.159214154619103
"4541","ELMO2_HUMAN",0.22855282202363,0.37711215633899,7.19438207134988e-05,7.90535646271234e-05,"time12",0.135959738456054
"4542","TMX3_HUMAN",0.1003077909542,0.227011289394017,5.20358524281387e-05,3.92304051507706e-05,"time0",-0.407533740246659
"4543","LRIQ1_HUMAN",0.107327557761612,0.236033690173088,5.56177252625614e-07,1.5604185989673e-06,"time12",1.48831645388165
"4544","CLMN_HUMAN",0.208412803684149,0.351652450961983,2.29203489507532e-07,1.02255968759766e-06,"time12",2.1574841431681
"4545","PDLI2_HUMAN",0.432034892005007,0.58576828321718,6.0424794215093e-06,4.40637421491569e-06,"time0",-0.455548632411793
"4546","HSH2D_HUMAN",0.175906990401661,0.324392732032339,7.42864494378783e-06,4.35851055421516e-06,"time0",-0.769263870242285
"4547","BT3L4_HUMAN",0.00914161094515548,0.0536965005077396,1.03643451436355e-05,2.83876599447525e-05,"time12",1.45363496484127
"4548","RN170_HUMAN",0.529368106184798,0.674615251429108,1.84363963678873e-07,3.83685378669042e-07,"time12",1.05736709841626
"4549","UBP47_HUMAN",0.0085359905269505,0.0522443731119223,2.61729444900143e-05,1.05667634599524e-05,"time0",-1.3085426835422
"4550","CLP1L_HUMAN",0.878881028768379,0.932621126088815,6.92586963647796e-06,7.26177172687292e-06,"time12",0.0683263474808374
"4551","DNJC1_HUMAN",0.47719661998877,0.627005826166856,8.03010141191265e-07,5.41696566347126e-07,"time0",-0.567933261585905
"4552","SCYL1_HUMAN",0.383750269517673,0.54303254201115,1.87695468157307e-06,3.27772710954367e-06,"time12",0.804301929202844
"4553","LRAT2_HUMAN",0.554113130069446,0.694735039022838,5.43639876179383e-07,6.82656359723036e-07,"time12",0.328508245256713
"4554","CNDP1_HUMAN",0.0178171887595787,0.0780220443262197,6.15880735137544e-07,2.64099457933259e-06,"time12",2.10035843414188
"4555","EXOC2_HUMAN",0.697115169474199,0.808361271067635,3.12267824805213e-05,3.35565112587344e-05,"time12",0.103808806332347
"4556","CNDP2_HUMAN",0.00298700109124184,0.0283232790562393,0.000299222122181429,0.000474137716056583,"time12",0.664089318215416
"4557","ZFR_HUMAN",0.0328100197002589,0.114327422542047,1.27603834034785e-06,4.35187039736549e-06,"time12",1.76996391493111
"4558","CPNS2_HUMAN",0.0105804708190268,0.0578602989636777,2.3393444946665e-06,7.53605507497422e-06,"time12",1.68770517815754
"4559","EP400_HUMAN",0.107801825375366,0.236237546646293,2.36773797719422e-05,2.06259225854029e-05,"time0",-0.19905078402758
"4560","SNX27_HUMAN",0.0056441315465957,0.0411126801558733,8.26666239977646e-05,3.89847291071966e-05,"time0",-1.08439586039709
"4561","IFT74_HUMAN",0.0987532375193635,0.227011289394017,4.40088339777205e-05,9.07056135060305e-05,"time12",1.04339868994343
"4562","SIG10_HUMAN",0.100348246462291,0.227011289394017,0,5.93870330602601e-07,"time12",Inf
"4563","DHRS1_HUMAN",0.00369186137073991,0.0323810395997496,1.30213465291772e-05,3.36543688577645e-05,"time12",1.36991515673393
"4564","UBX10_HUMAN",0.968712415392996,0.991452922745436,1.74954053344302e-06,2.45490350202402e-06,"time12",0.488690226431947
"4565","FA81B_HUMAN",0.0979420425838625,0.227011289394017,9.43936035321121e-06,1.86720727273363e-05,"time12",0.984121079901214
"4566","PPR36_HUMAN",0.787406490666269,0.875335747022078,3.19699744260053e-07,4.43527726173674e-07,"time12",0.472306704243843
"4567","CB050_HUMAN",0.0360316862182336,0.120434953431175,0,1.74485904547813e-06,"time12",Inf
"4568","CI072_HUMAN",0.812896878972329,0.891068647109878,1.77706918060593e-06,2.14172419264566e-06,"time12",0.269272858389241
"4569","CCD17_HUMAN",0.0642354612769799,0.171055911817834,1.24586029852458e-05,2.39011220183823e-05,"time12",0.939936041542958
"4570","PRRC1_HUMAN",0.431084443013081,0.584931253547736,8.51496387995775e-06,6.75206734113051e-06,"time0",-0.334671117373219
"4571","KAD7_HUMAN",0.015756286644909,0.0722503599484743,1.88620783478643e-05,4.30126246992743e-05,"time12",1.18927151913057
"4572","ODAD1_HUMAN",0.206296795500092,0.350557826322063,4.56889633583717e-05,7.6742952238994e-05,"time12",0.748188555853514
"4573","LRGUK_HUMAN",0.0346105575157073,0.118180779735363,1.700429247423e-07,1.11552307908472e-06,"time12",2.71374947804003
"4574","CFA53_HUMAN",0.186571161893343,0.329855155974859,5.67731811394987e-06,1.14178550730656e-05,"time12",1.00801016871689
"4575","FGD4_HUMAN",0.0137948167025114,0.0677602303981088,2.47830742103304e-05,9.71700311950462e-06,"time0",-1.35077182020601
"4576","PACRG_HUMAN",0.00958105403315913,0.0550265728269803,3.30966417362847e-05,7.72312568874678e-05,"time12",1.22250001399143
"4577","KAD8_HUMAN",0.0602933334368416,0.163913061604322,4.92032387491775e-05,8.56040047453985e-05,"time12",0.798925008174817
"4578","DRC1_HUMAN",0.424043468819015,0.576950259511611,7.82858617159765e-06,1.63452200378053e-05,"time12",1.06204511060306
"4579","ZN512_HUMAN",0.0567997940443272,0.16256117385087,1.31141598945863e-05,8.19133785429412e-06,"time0",-0.678954385060146
"4580","FA20A_HUMAN",0.164071891814218,0.312714133792965,2.54193633497957e-06,4.09567898023256e-06,"time12",0.688174743938492
"4581","CFA57_HUMAN",0.00180114583368107,0.0214307650688785,1.0334036252204e-05,3.89564103627965e-05,"time12",1.9144568965406
"4582","GL1D1_HUMAN",0.236629793401937,0.385471626258787,2.81278382103673e-06,1.6987084024954e-06,"time0",-0.727560454217295
"4583","CFA44_HUMAN",0.0069795438131406,0.046269495222962,1.79001081558754e-06,1.3115997936969e-05,"time12",2.87328737025267
"4584","CEP63_HUMAN",0.789268026134281,0.876752449339792,3.25695667830726e-06,1.68131330752906e-06,"time0",-0.953935938790733
"4585","CCD43_HUMAN",0.0376328835201408,0.123914671039581,2.86758509895701e-06,8.59813417991561e-07,"time0",-1.73774077066906
"4586","COG8_HUMAN",0.556298461274735,0.69514031573096,9.21680556801178e-07,1.4774015130945e-06,"time12",0.680723238357796
"4587","DAA10_HUMAN",0.100348246462291,0.227011289394017,0,1.09107802080975e-06,"time12",Inf
"4588","VTM2L_HUMAN",0.589638551626567,0.719932761419764,5.54472533592532e-07,5.55115615684596e-07,"time12",0.00167228074594727
"4589","SPT33_HUMAN",0.0590582290905367,0.162648302403985,0,1.24387501877354e-06,"time12",Inf
"4590","INT15_HUMAN",0.649455245473357,0.770355816801089,2.30100149393287e-06,1.93024534951308e-06,"time0",-0.253477683091172
"4591","CFA54_HUMAN",0.930591460030879,0.97016690605071,7.26895627995832e-06,8.45224071346239e-06,"time12",0.217585626460548
"4592","MBOA7_HUMAN",0.00255109980614372,0.0259188011554187,2.93983761233402e-05,5.66390445351438e-05,"time12",0.946060461086097
"4593","DOCK7_HUMAN",0.127443164015604,0.263670945155942,1.37293711184887e-05,7.35103366251901e-06,"time0",-0.901246510261832
"4594","SPT13_HUMAN",0.172706935685636,0.324245154269647,4.69613782653546e-06,2.76767379507031e-06,"time0",-0.762800837236784
"4595","SFXN2_HUMAN",1,1,6.51769558473632e-07,7.32231054276306e-07,"time12",0.167936989155076
"4596","ZMAT2_HUMAN",0.362726506485098,0.522819841514356,1.99207708545406e-06,6.09337001499984e-07,"time0",-1.70896122041638
"4597","ODAD4_HUMAN",0.5591170586332,0.697478175125294,3.71361163693207e-05,4.91629843861062e-05,"time12",0.404749547004836
"4598","SCLT1_HUMAN",0.674986713970489,0.788210291797797,1.37787473422519e-05,7.77685926718117e-07,"time0",-4.14711329354308
"4599","CLIC6_HUMAN",0.114176673814654,0.244963100824329,0.000721511356821792,0.000993496721056042,"time12",0.461493102620269
"4600","NECT4_HUMAN",0.589638551626567,0.719932761419764,2.40675457859583e-05,2.94389813994689e-06,"time0",-3.03128937537241
"4601","NSUN5_HUMAN",0.610120154797508,0.737768442045732,9.65911466640123e-07,7.49716658671361e-07,"time0",-0.365545501685168
"4602","AGAP3_HUMAN",0.29450739368011,0.449665813510046,4.46743523712453e-07,1.15299015274844e-06,"time12",1.36786147125508
"4603","ARAP1_HUMAN",0.0185294803231955,0.0793730758610123,0.000299742232130585,0.000198373273725243,"time0",-0.595504697883048
"4604","SPB12_HUMAN",0.0883489873405658,0.211506413380841,8.76979918236695e-06,2.55554161681493e-05,"time12",1.54301337350048
"4605","IPO9_HUMAN",0.352475863187972,0.513719001533492,2.54155792193787e-05,2.1145545389468e-05,"time0",-0.265359339006045
"4606","MIA2_HUMAN",0.162199234113151,0.310219668702481,1.52508419987007e-05,2.1777232663745e-06,"time0",-2.80799635532801
"4607","PGRP2_HUMAN",0.000933536416839153,0.0154179762251497,1.59718226117246e-06,1.17881789385735e-05,"time12",2.8837400058761
"4608","INP4A_HUMAN",0.0702449125752361,0.181084532935643,1.0099333072022e-05,5.33354456060404e-06,"time0",-0.921093483749693
"4609","MCEE_HUMAN",0.0454587523438197,0.139386615887903,2.54356708838713e-07,1.39531102013832e-06,"time12",2.45566168819707
"4610","RBM14_HUMAN",0.0570612037794071,0.162648302403985,2.48050930083012e-05,1.6603075243697e-05,"time0",-0.57918588250081
"4611","SG3A2_HUMAN",0.127112642847364,0.263351999905413,0.000112506387334987,5.75265022096309e-05,"time0",-0.967708252366357
"4612","ZN363_HUMAN",0.201242620957724,0.345670985066878,1.1379895611199e-07,4.39021083606953e-07,"time12",1.94780290186856
"4613","GBP5_HUMAN",0.0949713245477224,0.223772671212444,2.24683408784867e-05,1.13064965015979e-05,"time0",-0.990741639556455
"4614","GBP4_HUMAN",0.280712665268496,0.435732003546966,3.74660075669595e-07,3.96194618567773e-06,"time12",3.40255512926417
"4615","UHRF2_HUMAN",0.589638551626567,0.719932761419764,1.47605514330097e-06,4.0391228048211e-07,"time0",-1.86963270413887
"4616","NED4L_HUMAN",0.603790847437897,0.732867858513831,0.000113324654562618,5.29471111801598e-05,"time0",-1.09783788625017
"4617","QKI_HUMAN",0.00159323271008736,0.0197540555897754,1.98461000086402e-05,5.54544379906476e-06,"time0",-1.83948070045378
"4618","FMNL2_HUMAN",0.47719661998877,0.627005826166856,1.35983417557263e-06,1.98189893702768e-06,"time12",0.543452663712437
"4619","TPPC9_HUMAN",0.127539031307677,0.26368661613041,1.79851693480611e-05,2.42784317024567e-05,"time12",0.432867487870805
"4620","TRNT1_HUMAN",0.330071679808626,0.490523698298271,5.61075198267638e-06,4.24899831276031e-06,"time0",-0.401071370647812
"4621","SMG1_HUMAN",0.398304593395588,0.559518658596389,1.50965377009951e-06,7.53143644201655e-07,"time0",-1.00322075821197
"4622","GSDMA_HUMAN",0.150672042703171,0.294905756356278,4.74386854459718e-06,9.30590945935442e-06,"time12",0.972083118143115
"4623","MTMR9_HUMAN",0.320255384944945,0.479419903327357,1.41890810954826e-06,2.82018641044282e-06,"time12",0.99100936443633
"4624","PRAM_HUMAN",0.15494303062453,0.299386384493394,2.77003340177276e-05,1.99115698724915e-05,"time0",-0.476296401934883
"4625","VPS35_HUMAN",0.076721215620637,0.192060276991645,0.000351337403641609,0.00040943133225058,"time12",0.220764335523908
"4626","SG3A1_HUMAN",0.0114090312853776,0.0604132481095391,0.000210704713322636,0.000454636707374917,"time12",1.10949158544544
"4627","PURB_HUMAN",0.722282962716192,0.829653103135349,1.00943492919334e-06,9.85380056284718e-07,"time0",-0.0347957363213464
"4628","XPO6_HUMAN",0.324273337230987,0.484463392516429,1.08919674964969e-05,1.47882547351914e-05,"time12",0.441187217755133
"4629","RET7_HUMAN",0.502654307083789,0.651266912973947,1.61754768504144e-05,1.92698799490028e-05,"time12",0.25253934043935
"4630","SNX18_HUMAN",0.0762117245149028,0.191587807461075,3.62899588696551e-05,2.16105976736096e-05,"time0",-0.747831449042969
"4631","BBS4_HUMAN",0.0111708482331766,0.0601112400871748,3.12703438640035e-06,1.30823833948263e-05,"time12",2.06475841101707
"4632","VP13A_HUMAN",0.753610350301361,0.853815368427547,1.71971898770624e-06,2.07474258663508e-06,"time12",0.270759513102226
"4633","EFGM_HUMAN",0.205203622449739,0.349625856217291,3.17901416065585e-06,5.21123564779636e-06,"time12",0.713046050873433
"4634","ERGI2_HUMAN",0.828806902024348,0.902699570197702,3.21764660085213e-05,0.000189490509483535,"time12",2.55804780727852
"4635","MCCA_HUMAN",0.795266134938758,0.87883896836063,2.4551526109528e-05,2.35502544813467e-05,"time0",-0.0600700549480778
"4636","OXLA_HUMAN",0.379471360411207,0.54004823343725,1.06109443750502e-05,8.45714500783727e-06,"time0",-0.327310441280286
"4637","KKCC2_HUMAN",0.00211808265174345,0.0237806535316986,4.3296024350991e-05,1.7687648654911e-05,"time0",-1.29149228279264
"4638","NUDC1_HUMAN",0.184235113180511,0.326345293898931,1.23839365523189e-06,2.75302334953675e-06,"time12",1.15254686095139
"4639","ERBIN_HUMAN",0.0351733826150206,0.119573485691245,7.33379873394316e-05,3.28834151795089e-05,"time0",-1.15720053273255
"4640","FNBP1_HUMAN",0.855271723121405,0.913870841181422,2.47164624022336e-05,2.34463679875914e-05,"time0",-0.0761078130074698
"4641","IF140_HUMAN",0.957083495902994,0.983426754004573,7.50469478360921e-05,7.80608174964091e-05,"time12",0.056805173018421
"4642","MTL26_HUMAN",0.0142661867014469,0.0681564973087937,0,2.39177682594946e-06,"time12",Inf
"4643","PRPK_HUMAN",0.558963533162174,0.697478175125294,4.16429938915584e-06,2.30551365026027e-06,"time0",-0.85298558629194
"4644","PIGS_HUMAN",0.487350888252288,0.638225576744336,3.70447650038262e-05,3.4522552011072e-05,"time0",-0.101730565069487
"4645","TESK2_HUMAN",0.583882420770365,0.719374937966459,5.17990347648093e-07,2.88065962964843e-07,"time0",-0.84652600872555
"4646","WRIP1_HUMAN",0.401678166469773,0.560828351641878,3.54084989483536e-07,9.04184500230391e-07,"time12",1.35252150110551
"4647","RANB9_HUMAN",0.12608955395259,0.262352709654682,1.05824854745933e-06,2.62266042548051e-06,"time12",1.30935251526548
"4648","CLCC1_HUMAN",0.529368106184798,0.674615251429108,7.06884065420699e-07,3.02956166061517e-07,"time0",-1.22236455202463
"4649","UBL7_HUMAN",0.0454587523438197,0.139386615887903,4.50608878109165e-05,6.89658714007329e-06,"time0",-2.70792123008522
"4650","PEBP4_HUMAN",0.29450739368011,0.449665813510046,2.56043493979217e-06,9.73322481839704e-06,"time12",1.92652897794911
"4651","MYADM_HUMAN",0.5462142100259,0.687718692345004,1.59091178429098e-05,1.74476810129982e-05,"time12",0.133181458515402
"4652","NEB2_HUMAN",0.00300635508482433,0.0283232790562393,3.76235543466622e-05,1.12737895404876e-05,"time0",-1.73866360803764
"4653","SRPK1_HUMAN",0.206296795500092,0.350557826322063,7.30863459000457e-06,9.87536489121223e-06,"time12",0.434232151313641
"4654","SMC6_HUMAN",0.058707408431205,0.162648302403985,1.75203558956747e-06,3.44065712099135e-07,"time0",-2.34827604864591
"4655","GPX7_HUMAN",0.18144920772142,0.324392732032339,0,2.91397512930631e-07,"time12",Inf
"4656","CP2S1_HUMAN",0.00410683860821576,0.0339282807840564,9.06893226332995e-07,4.03273340100085e-06,"time12",2.15275342489718
"4657","IWS1_HUMAN",0.0299739735865559,0.107399246690161,3.92510652042399e-06,3.63173427993031e-07,"time0",-3.43400125157879
"4658","SIN3A_HUMAN",0.368120250693519,0.528172533603745,4.50725430879869e-06,6.50255064872255e-06,"time12",0.528756879194469
"4659","CEP89_HUMAN",0.352542137499713,0.513719001533492,7.76766130578304e-07,1.50555145227719e-06,"time12",0.954739811816424
"4660","OSBL9_HUMAN",0.0464686337101292,0.141972966317443,1.2255078516054e-05,7.88999099971016e-06,"time0",-0.635284167680804
"4661","INT14_HUMAN",0.177529852412153,0.324392732032339,9.01465206821082e-08,1.5640342459014e-06,"time12",4.11685648172912
"4662","RBM15_HUMAN",0.674986713970489,0.788210291797797,7.61466677174557e-07,8.50131781689577e-07,"time12",0.158905591649471
"4663","RUFY1_HUMAN",0.0185294803231955,0.0793730758610123,3.75875785390872e-05,1.95534224597586e-05,"time0",-0.942834830972869
"4664","PNKP_HUMAN",0.60547906973734,0.734618420382111,5.74629748383323e-06,6.88035128609536e-06,"time12",0.259849543022674
"4665","MMS19_HUMAN",0.845554296798358,0.909991236233052,4.8351507317151e-06,5.11125291980567e-06,"time12",0.0801161166970679
"4666","NIBA2_HUMAN",0.000797897577285767,0.014156736574442,0.000234707164820434,0.000458957706107927,"time12",0.967499329302081
"4667","YMEL1_HUMAN",0.401678166469773,0.560828351641878,5.00015078095286e-07,7.1411668855303e-07,"time12",0.514188233278901
"4668","RMD3_HUMAN",0.00518313292290661,0.0391884214538243,6.84104584679566e-07,1.23188928132849e-05,"time12",4.17051188774891
"4669","CSF3R_HUMAN",0.0591720678258595,0.162648302403985,2.72990959681278e-06,8.81465022322736e-07,"time0",-1.63087794813055
"4670","MUC4_HUMAN",0.393050180748105,0.553702698490687,0.00014897504516294,0.000162992681538393,"time12",0.12973650328901
"4671","MYCBP_HUMAN",0.262122273445129,0.417064291391653,4.76265575499025e-05,6.25837711117894e-05,"time12",0.394022319311052
"4672","CYH2_HUMAN",0.0253294436842058,0.0965093438186659,7.65493619648207e-07,1.72817641163874e-06,"time12",1.17478823672422
"4673","TBCB_HUMAN",0.0156065579411133,0.071761332241932,6.48837309878025e-06,3.44654776904766e-06,"time0",-0.912704769593879
"4674","PSB7_HUMAN",0.209789063927493,0.352977486996877,5.60093193904465e-05,1.22779055780101e-05,"time0",-2.18960241707056
"4675","CNN2_HUMAN",0.114176673814654,0.244963100824329,0.000373642537459624,0.000293143829083407,"time0",-0.350050021349625
"4676","SEC62_HUMAN",0.409391616351792,0.567881125050918,3.71934296088583e-06,3.29647033991399e-06,"time0",-0.174125684370343
"4677","PCY2_HUMAN",0.314206288730076,0.472614999391776,2.56488929477053e-06,3.69446346694033e-06,"time12",0.526468304532452
"4678","K1C12_HUMAN",0.856382731694504,0.914567147579344,5.22361443549765e-06,5.68288689803648e-06,"time12",0.121575590003024
"4679","CDC5L_HUMAN",0.972272990639196,0.994564667407866,9.57704332951192e-06,8.37157937495191e-06,"time0",-0.194080502950014
"4680","PSMD1_HUMAN",0.0245244009335952,0.0949962689859689,5.47238431458034e-05,0.000241880390522189,"time12",2.14405235689776
"4681","CD180_HUMAN",0.672603817441517,0.788201412905273,7.51252741531887e-07,9.23420004947791e-07,"time12",0.297688636602827
"4682","SDF2_HUMAN",0.796000134909944,0.878999594345923,3.43679680725708e-06,3.68218808581446e-06,"time12",0.0994987631041544
"4683","PFD5_HUMAN",0.318746328073985,0.477639693323108,5.89624772796e-06,8.66279144326926e-06,"time12",0.555034844986468
"4684","AGAP2_HUMAN",0.0153017849043063,0.070960839466942,3.35413987979164e-05,1.38999859213601e-05,"time0",-1.270859434058
"4685","PARK7_HUMAN",0.839392744004727,0.905979916866684,0.0001177520588533,0.000124775789191229,"time12",0.0835857436600437
"4686","NEUR1_HUMAN",0.000214092025846018,0.00722469870270207,1.14260822186273e-06,5.75059657943257e-06,"time12",2.33138081588297
"4687","SORT_HUMAN",0.150672042703171,0.294905756356278,1.14127836078441e-06,2.90029801856056e-06,"time12",1.34555043956045
"4688","VAT1_HUMAN",0.114176673814654,0.244963100824329,0.000738045938748612,0.000970331801724667,"time12",0.394767538590601
"4689","LGMN_HUMAN",0.00587612541415952,0.0419332103928014,6.80768450553574e-07,5.89381991229468e-06,"time12",3.11396689547917
"4690","PLIN2_HUMAN",0.00641962854143369,0.0445347750034651,5.04222178932151e-06,5.43365362332468e-07,"time0",-3.21406507182116
"4691","NUP88_HUMAN",0.0402960396094614,0.130172117137541,2.7301948980836e-06,6.22554596693357e-06,"time12",1.18919642071173
"4692","PI3R4_HUMAN",0.0191582474324602,0.0815044244402314,8.79358073890089e-06,8.23549383071427e-05,"time12",3.2273325075192
"4693","P2RX4_HUMAN",0.0757566257409905,0.191274462207852,7.24458187917136e-06,4.47331860938717e-06,"time0",-0.695556910007768
"4694","NEUS_HUMAN",0.657869068133222,0.777032221467221,5.95245562256824e-06,5.25622029055354e-06,"time0",-0.179459218865151
"4695","T22D3_HUMAN",0.00108951444578404,0.0165885874294548,5.22486051792824e-06,5.08967553449705e-07,"time0",-3.35974693083475
"4696","S10AD_HUMAN",0.0100774334445274,0.0563073058598335,1.79558726017211e-05,3.49444339774973e-05,"time12",0.960606913045949
"4697","SCAFB_HUMAN",0.589638551626567,0.719932761419764,4.62617380075096e-07,2.25565682020703e-07,"time0",-1.03627187746565
"4698","TSNAX_HUMAN",0.0120476223528385,0.0622193255917365,0.000100204546517814,5.23372744716696e-05,"time0",-0.937037267186821
"4699","SPS2_HUMAN",0.135024363552002,0.274413243789081,2.37152269535049e-06,4.61022337688386e-06,"time12",0.959022979539769
"4700","EIF3C_HUMAN",9.30360311316933e-06,0.00171321307396894,2.74086184662221e-05,6.25523527074627e-05,"time12",1.19043453696092
"4701","TTC1_HUMAN",0.787406490666269,0.875335747022078,3.9842120923926e-07,8.34476059063906e-07,"time12",1.06657621083964
"4702","DNJC7_HUMAN",0.198238827510148,0.344009447041869,7.42873142752586e-06,1.08291579401898e-05,"time12",0.543733291317551
"4703","C10_HUMAN",1,1,5.57592721121612e-07,8.36930349659876e-07,"time12",0.585895836747115
"4704","PHB2_HUMAN",0.359877927228808,0.521659944304294,0.000174873883499692,0.000185477207529848,"time12",0.0849270649685073
"4705","CSN8_HUMAN",0.0231811348686445,0.0915317975373813,7.98183570232816e-06,1.44989743300573e-05,"time12",0.861158358447797
"4706","C560_HUMAN",0.0360316862182336,0.120434953431175,0,1.42474741311804e-06,"time12",Inf
"4707","CHP1_HUMAN",0.0549216289073229,0.158553354018096,0.000114403978798019,9.05693690053477e-05,"time0",-0.337042116250645
"4708","CGRE1_HUMAN",0.177529852412153,0.324392732032339,6.64778884358979e-07,2.1932490021322e-07,"time0",-1.5998049457586
"4709","M3K5_HUMAN",0.133210150220477,0.27220808322508,1.25587340760375e-05,6.94336006498349e-06,"time0",-0.854985154503925
"4710","MGLL_HUMAN",9.22009348869325e-06,0.00171321307396894,5.56402174958024e-05,0.000104947612764407,"time12",0.91546938567396
"4711","LYST_HUMAN",0.000560855227419458,0.012050317530131,0.000307048480386194,3.13519732953157e-05,"time0",-3.29183830873639
"4712","DOK1_HUMAN",0.104381970287785,0.233106815154345,5.37312111770747e-06,2.57120310656685e-06,"time0",-1.06331678157411
"4713","METH_HUMAN",0.0590582290905367,0.162648302403985,0,6.17697197098666e-07,"time12",Inf
"4714","KCJ15_HUMAN",0.352542137499713,0.513719001533492,7.09886014968644e-06,2.99255630057903e-05,"time12",2.07571909206626
"4715","HCD2_HUMAN",0.0426517054438591,0.134148169397591,0.000208859970196501,0.000159984384145144,"time0",-0.384604921514792
"4716","COCA1_HUMAN",0.201242620957724,0.345670985066878,1.45374557716404e-06,1.78052211763673e-07,"time0",-3.02940254041365
"4717","SEPT5_HUMAN",0.0296547844748976,0.106383678231417,2.92989252191178e-05,1.80926525647584e-05,"time0",-0.695443805759332
"4718","SGMR1_HUMAN",0.000848535361147558,0.0147763898312955,2.66299865199772e-05,4.36564317199011e-06,"time0",-2.60878557739514
"4719","ROAA_HUMAN",0.0112563775209579,0.0601721809738699,5.92779045805215e-06,1.00318645869347e-05,"time12",0.759023423747899
"4720","NP1L4_HUMAN",0.839392744004727,0.905979916866684,5.56432139875621e-05,5.66999760774149e-05,"time12",0.0271423731991432
"4721","MGST2_HUMAN",0.0567997940443272,0.16256117385087,8.61640455579692e-06,1.35850545666072e-05,"time12",0.656862466663885
"4722","SNAG_HUMAN",0.0903104359558655,0.215339015554645,3.78207549596642e-05,2.60175287595256e-05,"time0",-0.539694225869967
"4723","THIOM_HUMAN",0.286100531282346,0.442253148343662,4.2674934938472e-06,3.29983272011887e-06,"time0",-0.370996062598462
"4724","M3K3_HUMAN",0.00836730782483202,0.0515715885887802,1.12579878931399e-05,3.66105266392667e-06,"time0",-1.62061856989436
"4725","ATP5S_HUMAN",0.00709854315362073,0.0466777232444876,8.84523958403246e-06,4.4286848503004e-06,"time0",-0.998022883352838
"4726","GPA33_HUMAN",0.100348246462291,0.227011289394017,0,9.75268915107882e-07,"time12",Inf
"4727","MIPEP_HUMAN",0.271898710819648,0.427044701479295,2.28495377580368e-06,2.95867991953968e-06,"time12",0.372788648998293
"4728","ACON_HUMAN",0.220646757632494,0.367724074592323,0.000299621092458484,0.000357247487973169,"time12",0.253784677949883
"4729","TM9S2_HUMAN",0.310903354623934,0.468354536486446,1.77735252425376e-05,2.23212536138119e-05,"time12",0.328688197316132
"4730","TS101_HUMAN",0.0364349968731403,0.120836333327744,8.83246960402733e-05,7.74589121503767e-05,"time0",-0.189385639259102
"4731","CIB1_HUMAN",0.983833581209183,1,0.000459364889716141,0.000464336392360583,"time12",0.0155297640191936
"4732","CPNE1_HUMAN",0.556113274767995,0.69514031573096,0.000150846121984051,0.000142175036199695,"time0",-0.0854094359266923
"4733","TCPH_HUMAN",1.59777700901032e-05,0.00203053661166354,0.00010211753135834,0.000195709869800022,"time12",0.938485947197301
"4734","MYD88_HUMAN",0.0488695379535374,0.14749759989716,1.52168446381521e-05,9.38334040753376e-06,"time0",-0.697495723651878
"4735","ARI3A_HUMAN",0.0559398898705821,0.160407567065284,4.09420417176865e-06,1.34439387842409e-06,"time0",-1.60662717058242
"4736","ANM1_HUMAN",0.0231811348686445,0.0915317975373813,1.87014844018525e-05,2.98748716600444e-05,"time12",0.675779729028994
"4737","SPAG8_HUMAN",0.0665457213437161,0.174490931434075,3.25768625389519e-07,4.05597305227636e-06,"time12",3.63812849672311
"4738","BAG1_HUMAN",0.776388431769708,0.870906054059416,2.02156956841011e-06,2.40444727014073e-06,"time12",0.250229436034113
"4739","PROL1_HUMAN",0.432616261007478,0.586343754707889,4.41975872060395e-05,0.000101759290214254,"time12",1.20312099416319
"4740","PLCA_HUMAN",0.833935414088552,0.902699570197702,4.72377238913733e-07,3.44240272518418e-07,"time0",-0.45652356389306
"4741","PTN18_HUMAN",0.787406490666269,0.875335747022078,2.9095415715892e-07,3.01512603317661e-07,"time12",0.0514264489805472
"4742","PKP2_HUMAN",0.058707408431205,0.162648302403985,2.71577001858791e-07,6.85084762197333e-06,"time12",4.65684927960362
"4743","SH3G1_HUMAN",0.846522692946842,0.910549260754814,1.21289398538279e-05,1.39235597042082e-05,"time12",0.199074643192251
"4744","TEP1_HUMAN",0.905695442034309,0.952247645708666,1.78071401324848e-06,9.01517014223344e-07,"time0",-0.982029210074385
"4745","VRK1_HUMAN",0.603790847437897,0.732867858513831,3.98627735475596e-05,4.5145518453035e-05,"time12",0.17954068741398
"4746","AKAP9_HUMAN",0.62406453246517,0.748651828161169,2.22136152624672e-06,8.74021417293658e-07,"time0",-1.34570367286835
"4747","B9D2_HUMAN",0.00704628208611533,0.0465569058632377,3.98647331491603e-06,1.56036418092027e-05,"time12",1.96869786895867
"4748","P2Y13_HUMAN",0.0206680286991046,0.0854093243821853,1.08273262547137e-05,6.06659199922408e-06,"time0",-0.835718828610546
"4749","NIPS1_HUMAN",0.819461617247321,0.896947817448827,1.24508922025799e-05,1.5432353711971e-05,"time12",0.309708989436934
"4750","DHRS9_HUMAN",0.0524917391465267,0.153768100991763,2.76286703683482e-06,7.18415132271607e-06,"time12",1.37865160445104
"4751","CND3_HUMAN",0.740367478785491,0.843191398302016,2.55882009099445e-06,2.10886453522539e-06,"time0",-0.279012290657914
"4752","ARP5L_HUMAN",0.00171640893664971,0.0207953561432226,2.68421613099576e-05,5.08366113013985e-05,"time12",0.921367024582421
"4753","MICU1_HUMAN",0.709604370836143,0.817921054998896,9.07690442931805e-06,7.7032137654811e-06,"time0",-0.236739906447827
"4754","CG025_HUMAN",0.0248678593178852,0.0954013820089054,3.77985390104821e-06,1.02981033150267e-06,"time0",-1.8759518233992
"4755","RNZ2_HUMAN",0.833935414088552,0.902699570197702,1.21434401268842e-06,1.53676732283339e-06,"time12",0.339721565621414
"4756","GRWD1_HUMAN",0.62406453246517,0.748651828161169,1.71049439784392e-06,1.2675082637016e-06,"time0",-0.432418225929139
"4757","MACD1_HUMAN",0.0142661867014469,0.0681564973087937,0,2.92900915383893e-06,"time12",Inf
"4758","TCF25_HUMAN",0.201242620957724,0.345670985066878,5.97556395595894e-08,3.1498180021554e-07,"time12",2.3981216895783
"4759","MEP50_HUMAN",0.000351895516478583,0.00951073266935101,1.97893803673983e-06,9.50261509622837e-06,"time12",2.2635981538645
"4760","CYBC1_HUMAN",0.524344722126057,0.673094997906499,9.60028247725777e-06,9.66053024385349e-06,"time12",0.00902552128359761
"4761","KXDL1_HUMAN",0.0751947261990714,0.19096007635504,4.88675773751361e-06,2.74192560283205e-06,"time0",-0.83368815757603
"4762","TBA1C_HUMAN",0.502761047333479,0.651266912973947,0.00517972645035867,0.00540420705201051,"time12",0.0612070409743865
"4763","APOL2_HUMAN",0.95152647420764,0.978726989916003,1.95073555089551e-05,1.63784557670046e-05,"time0",-0.252218874250788
"4764","MBB1A_HUMAN",0.271898710819648,0.427044701479295,9.63665743141699e-07,1.04408349628021e-06,"time12",0.115632364625316
"4765","AIF1L_HUMAN",0.0426947379917663,0.134148169397591,1.28894282274775e-06,3.46336616362366e-06,"time12",1.42598665676537
"4766","PRS27_HUMAN",0.141482121482793,0.282889273214279,7.25403334681794e-07,2.65587249238966e-06,"time12",1.87233060249784
"4767","FYCO1_HUMAN",0.366985571854924,0.526797601703789,2.2132837782801e-06,1.48628195560301e-06,"time0",-0.574480610739362
"4768","COR1B_HUMAN",1.02445483207703e-07,0.000305953435599804,1.4883849225006e-05,3.86757576094801e-05,"time12",1.37768187153927
"4769","TXD17_HUMAN",0.0516441571756024,0.15278382902916,3.11579065089076e-05,2.23985866595552e-05,"time0",-0.476190600610553
"4770","CPPED_HUMAN",0.715132966637612,0.823022969118777,4.2600567591748e-05,4.33281310067696e-05,"time12",0.0244313537282545
"4771","VPS25_HUMAN",0.795266134938758,0.87883896836063,0.000126203129185602,9.01122649750775e-05,"time0",-0.485952295696685
"4772","RM45_HUMAN",0.150785565027971,0.294905756356278,5.16447372646039e-07,1.28165184575524e-06,"time12",1.31131116711082
"4773","CG050_HUMAN",0.18144920772142,0.324392732032339,0,5.38131520836457e-07,"time12",Inf
"4774","CAB45_HUMAN",0.0262289941310883,0.0984081544880592,1.50325375180682e-05,2.75093297292419e-05,"time12",0.871832429302785
"4775","CF300_HUMAN",0.124549383473813,0.260480905983573,2.7635492699687e-06,5.80516092077251e-06,"time12",1.07081372569125
"4776","MIC25_HUMAN",0.0591720678258594,0.162648302403985,6.40262722849992e-08,7.34554459268185e-07,"time12",3.52013353353955
"4777","ADPGK_HUMAN",0.299310255206884,0.453866502754689,5.23587057936591e-05,6.49466395459904e-05,"time12",0.31082544292925
"4778","RHG09_HUMAN",0.00284505134147752,0.0275421258713861,0.000335345122770944,0.00018683405872101,"time0",-0.843889146161184
"4779","UQCC2_HUMAN",0.660346099350424,0.778572295977118,1.96290670842873e-06,1.80846968270336e-06,"time0",-0.118222194327414
"4780","MIEN1_HUMAN",0.00145600445553109,0.0189678336198932,1.796673031136e-05,7.17422687673612e-06,"time0",-1.3244326081028
"4781","PELO_HUMAN",0.0672992995238676,0.175613244235937,1.05709247293327e-05,6.31327695531271e-06,"time0",-0.743640640362428
"4782","PXL2A_HUMAN",0.00930938518897578,0.0537765548682325,1.13276750877416e-05,2.69126045598712e-05,"time12",1.24843022927502
"4783","TRI56_HUMAN",0.177622011461693,0.324392732032339,3.6676240739993e-06,2.15263236807006e-06,"time0",-0.768743818938414
"4784","ERP44_HUMAN",0.0043382328003645,0.0349221893754409,0.000287177565475335,0.00017774358226791,"time0",-0.692145579309921
"4785","LXN_HUMAN",0.583757072687149,0.719374937966459,3.73733753978528e-05,3.94917409295796e-05,"time12",0.0795401006458353
"4786","TM175_HUMAN",0.18144920772142,0.324392732032339,0,2.0056782079726e-07,"time12",Inf
"4787","NTPCR_HUMAN",0.0703439179988105,0.181183364470416,1.22927085730605e-05,7.10769184804097e-06,"time0",-0.790349793685015
"4788","PADC1_HUMAN",0.513591682337011,0.662935426255945,1.68014190529607e-06,2.04031714982702e-06,"time12",0.280210335604406
"4789","TACO1_HUMAN",0.361310428526179,0.521659944304294,2.09384828600983e-07,5.92701417811702e-07,"time12",1.50114859592248
"4790","HDHD3_HUMAN",0.556121263043222,0.69514031573096,3.55924107428765e-06,4.35471822817696e-06,"time12",0.29100971964945
"4791","GCP2_HUMAN",0.436312469358833,0.589747540049855,2.17323378449867e-05,1.80209924328767e-05,"time0",-0.270164916137196
"4792","ESYT1_HUMAN",0.151886919513345,0.295897120108679,0.000102525219061495,0.000130164660000296,"time12",0.344358980482434
"4793","UBAC1_HUMAN",0.268440955448086,0.425191680427318,2.0675035378424e-06,1.32647731321199e-06,"time0",-0.640289796776081
"4794","CCM2_HUMAN",0.10840902651222,0.236237546646293,1.66148839589648e-05,1.09227954114717e-05,"time0",-0.605134092462237
"4795","PHAF1_HUMAN",0.326799567668966,0.487749579631867,1.34346768895529e-06,5.74718515504566e-07,"time0",-1.22503419042391
"4796","EFC4B_HUMAN",0.00161136222130322,0.0199268458547498,4.36925733150584e-05,1.43573046023828e-05,"time0",-1.6056031498506
"4797","CNPY3_HUMAN",0.043876264829302,0.136915420577791,9.4143895609828e-05,3.56616611574205e-05,"time0",-1.40049364522375
"4798","LIMD2_HUMAN",0.401678166469773,0.560828351641878,1.09076194047776e-06,2.08858453861121e-06,"time12",0.937189273081395
"4799","PSMG3_HUMAN",0.100412493986103,0.227011289394017,3.08161550146641e-06,2.3073154731832e-06,"time0",-0.417471592098434
"4800","CSN4_HUMAN",0.044907208532095,0.138334583064571,3.28786629020297e-05,5.20770151030271e-05,"time12",0.663495130762721
"4801","RBM42_HUMAN",0.855132140584706,0.913870841181422,1.17163214708751e-06,1.26869018758287e-06,"time12",0.114820124674387
"4802","MCMBP_HUMAN",0.922411166197264,0.96489700450022,5.86746730214164e-06,7.15253012989458e-06,"time12",0.285715772876881
"4803","URM1_HUMAN",0.678664874808455,0.792195680521966,4.08443041264779e-06,3.91818116983677e-06,"time0",-0.0599507969545779
"4804","AN32E_HUMAN",0.000110581517219544,0.00528402721881867,0.000285825100936126,9.02348414241764e-05,"time0",-1.66337611961341
"4805","LRRC1_HUMAN",0.556298461274735,0.69514031573096,1.0568416149378e-06,2.12481072423668e-06,"time12",1.00757515192372
"4806","P4K2A_HUMAN",0.00102524159863593,0.0161151791280326,3.27777472495366e-07,4.50373520498042e-06,"time12",3.78033339797818
"4807","TMM43_HUMAN",0.95152647420764,0.978726989916003,0.000170789633661008,0.000176718136400719,"time12",0.049229698771508
"4808","TBCD_HUMAN",0.00333501482314607,0.0301362232052216,1.95912531135695e-06,8.59405238649568e-06,"time12",2.13312889179896
"4809","NDC1_HUMAN",0.939389356873358,0.973958102517717,2.59595408137737e-06,2.60122724508509e-06,"time12",0.00292757526190145
"4810","TTPAL_HUMAN",0.845554296798358,0.909991236233052,4.60549532911469e-06,5.57165266356525e-06,"time12",0.274748994187296
"4811","FUCO2_HUMAN",0.0357288411256331,0.120434953431175,1.94442880457718e-06,4.29827793251383e-06,"time12",1.14441236107102
"4812","HGH1_HUMAN",1,1,3.79265450920868e-07,2.58083403597791e-05,"time12",6.08848560401385
"4813","DHRS4_HUMAN",0.131904094905011,0.270371708602481,1.02696063903477e-06,2.39347914130754e-06,"time12",1.2207283456764
"4814","THTPA_HUMAN",0.18144920772142,0.324392732032339,0,7.3533958403087e-07,"time12",Inf
"4815","LMF2_HUMAN",0.918812683274642,0.96214441167896,1.00924776145182e-06,1.01033297684131e-06,"time12",0.00155045547990644
"4816","MKNK1_HUMAN",0.100000618072013,0.227011289394017,6.36807475226899e-06,1.97191172105293e-06,"time0",-1.69126230490299
"4817","TBB6_HUMAN",0.0217682559720301,0.0887520770791371,1.18810907072191e-05,2.75564294169082e-05,"time12",1.21372168067469
"4818","PAXX_HUMAN",0.309491092612211,0.466815731356751,1.19319245806272e-05,1.54511827492388e-05,"time12",0.372890513219095
"4819","HNRL1_HUMAN",0.202037235364087,0.346473846347887,3.98547736247796e-05,2.79490231336055e-05,"time0",-0.511954674782748
"4820","PDC10_HUMAN",0.730341996997595,0.833301384539949,0.000134110655406576,0.000127464980090192,"time0",-0.0733229338685608
"4821","DERL1_HUMAN",0.362726506485098,0.522819841514356,9.16282658173824e-07,1.52925613244262e-06,"time12",0.738965441557662
"4822","HTAI2_HUMAN",0.00833890710066832,0.0515715885887802,3.88084544095043e-05,2.40075320327411e-05,"time0",-0.692883874745912
"4823","DDX23_HUMAN",0.529368106184798,0.674615251429108,6.71127886677834e-07,3.31501323578704e-07,"time0",-1.01757307459859
"4824","TCAB1_HUMAN",0.262192602406773,0.417064291391653,2.37528257897498e-06,5.67503320832134e-07,"time0",-2.06539841629396
"4825","MIC26_HUMAN",0.0318228687346353,0.112538777354634,1.89563748086437e-06,6.821793932212e-06,"time12",1.84746808415222
"4826","DHRS6_HUMAN",0.00971619488408052,0.0552800846650958,4.61422534180662e-07,4.25767353822365e-06,"time12",3.20590496703309
"4827","MTNA_HUMAN",0.919080601875762,0.96214441167896,6.55756329662676e-06,6.56650695827257e-06,"time12",0.00196630741082332
"4828","MELPH_HUMAN",0.191378953258895,0.33561552783775,3.114714977618e-06,2.74740452163521e-06,"time0",-0.181030805455979
"4829","VAMP8_HUMAN",0.477106481790543,0.627005826166856,0.000216785948366968,0.000168438857826962,"time0",-0.364046249274891
"4830","THUM3_HUMAN",0.18144920772142,0.324392732032339,0,3.4329921274597e-07,"time12",Inf
"4831","MTND_HUMAN",0.105645429201877,0.233106815154345,2.68921279116305e-07,1.51292709646803e-06,"time12",2.49208664802655
"4832","MECR_HUMAN",0.793649751006546,0.87883896836063,3.25035064832683e-06,2.78000091755817e-06,"time0",-0.225510005579127
"4833","EDEM2_HUMAN",0.18144920772142,0.324392732032339,0,6.10305852614658e-07,"time12",Inf
"4834","KTNB1_HUMAN",0.0417967093399603,0.133789788257011,1.76829096898991e-06,1.08176945013093e-05,"time12",2.61296546837715
"4835","TBB2B_HUMAN",0.0732440743595362,0.186880331546138,9.17598173389049e-05,0.000169715255628301,"time12",0.887181829342892
"4836","LST8_HUMAN",0.201242620957724,0.345670985066878,3.8240227962627e-08,2.50168346326664e-07,"time12",2.70973622874472
"4837","TM109_HUMAN",0.887194808572531,0.939243990004205,3.19199907800048e-05,3.00565217421372e-05,"time0",-0.0867821702223449
"4838","PBDC1_HUMAN",0.795266134938758,0.87883896836063,1.78822580120978e-05,1.76494658160511e-05,"time0",-0.0189043995671527
"4839","DUS23_HUMAN",0.0268091307155959,0.0998322554639988,3.23190057661619e-06,1.274175284327e-05,"time12",1.97910903624485
"4840","TMED9_HUMAN",5.14462590217591e-06,0.00146327859589032,9.18377809936748e-05,4.88274322242808e-05,"time0",-0.911395873314149
"4841","NUP58_HUMAN",0.461401318525177,0.613797344220686,2.08266340138191e-05,1.51871244390964e-05,"time0",-0.455580957948248
"4842","SELO_HUMAN",0.544880281339637,0.686763013387139,1.13106915544287e-05,1.06329888073412e-05,"time0",-0.0891399624110912
"4843","DPCD_HUMAN",0.271898710819648,0.427044701479295,1.01950177647737e-06,1.61845574247211e-06,"time12",0.666753625581417
"4844","GGACT_HUMAN",0.799846105662473,0.881454020133202,5.15786895003409e-07,4.41977383934813e-07,"time0",-0.222802569392962
"4845","SARG_HUMAN",0.00037694993074978,0.0098708559718469,8.33408271707445e-06,2.49234262137247e-05,"time12",1.58040708452416
"4846","NUP85_HUMAN",0.864392292889176,0.920980229294871,1.20570005659754e-05,1.11200230366147e-05,"time0",-0.11671127415271
"4847","TPPP3_HUMAN",0.0605652313679457,0.163913061604322,0.000186626061426116,0.000371324792966769,"time12",0.992531180005671
"4848","KATL1_HUMAN",0.244648067126581,0.395529879275211,2.05929217647427e-06,4.92658763013426e-06,"time12",1.25844018195057
"4849","IFT27_HUMAN",0.544880281339637,0.686763013387139,3.87904546289475e-05,3.6653628138862e-05,"time0",-0.0817456747452902
"4850","NUDT9_HUMAN",0.00385729282994253,0.0331196949159461,3.39083106966162e-07,2.31897182998185e-06,"time12",2.77377447819321
"4851","SYTM_HUMAN",0.0590582290905367,0.162648302403985,0,5.87424097950676e-07,"time12",Inf
"4852","THIC_HUMAN",4.4219195842743e-06,0.00139011187773002,1.93718348074229e-05,3.9814512516731e-05,"time12",1.03933378799557
"4853","RBM4_HUMAN",0.121315239319784,0.256048029843487,7.56708628081482e-06,5.08603516831856e-06,"time0",-0.573196457163116
"4854","FUND2_HUMAN",0.00133204736077707,0.0183236257256237,4.52475899075408e-07,2.37352429471486e-06,"time12",2.39111796200155
"4855","SF3B5_HUMAN",0.0184660864969122,0.0793730758610123,3.22130629398844e-07,2.69767686805293e-06,"time12",3.06599980111299
"4856","SFXN3_HUMAN",0.358951435852626,0.521659944304294,4.49971757695395e-06,5.89633861674612e-06,"time12",0.389984924262708
"4857","PRR14_HUMAN",0.161520771499154,0.309318232819636,1.0022408674605e-05,5.1750781915197e-06,"time0",-0.953576705616763
"4858","CHID1_HUMAN",0.212932853028178,0.357260654813851,3.67985513722606e-05,4.61186089993611e-05,"time12",0.325700026339213
"4859","LS14B_HUMAN",0.0289651011534134,0.105113236503366,4.20557079419387e-06,1.7183734952475e-06,"time0",-1.29125797517677
"4860","TPSNR_HUMAN",0.346373280006178,0.508576106557744,1.59950668282878e-06,2.72492503833864e-06,"time12",0.768589522311212
"4861","HINT2_HUMAN",0.338741784915328,0.500570183399123,1.1155967938309e-05,1.55652299528673e-05,"time12",0.48051119736259
"4862","CARD6_HUMAN",0.00219308472898891,0.0241684411185438,1.30210999140926e-05,4.91434380978188e-06,"time0",-1.40578062255405
"4863","OSB11_HUMAN",0.00602998215296531,0.0424607496668727,2.04667114739807e-05,1.07923995310269e-05,"time0",-0.923263650861664
"4864","BBS2_HUMAN",0.0249060281857056,0.0954013820089054,1.08794021612944e-05,2.84225251233854e-05,"time12",1.38543545205404
"4865","NPL_HUMAN",0.0237951978690964,0.0928861776479487,1.68895972772003e-05,7.37569179182275e-06,"time0",-1.19528465209671
"4866","RFIP5_HUMAN",0.0800579199844347,0.197772189679956,8.28699458297783e-06,8.52808813213918e-07,"time0",-3.28055472653373
"4867","TEKT3_HUMAN",0.0946370563859538,0.223161128224754,3.34688995146608e-05,6.67476603949261e-05,"time12",0.995896154285241
"4868","TB10A_HUMAN",0.0170459884303867,0.0756859394097922,4.76055620215967e-06,9.49307102397542e-06,"time12",0.995744735518791
"4869","C1QT3_HUMAN",0.276260224405267,0.432984077767688,2.52854316325166e-06,4.52243707827799e-06,"time12",0.838794024371869
"4870","TACAN_HUMAN",0.70642711574737,0.814887825870807,2.31327139822609e-06,2.77139006646746e-06,"time12",0.260675244812703
"4871","NAA15_HUMAN",0.000610066111681123,0.0127409961016481,5.57678391039706e-06,1.53096347998871e-05,"time12",1.45693459328731
"4872","B2L13_HUMAN",0.82873167782162,0.902699570197702,1.47873270693651e-05,1.18468514984165e-05,"time0",-0.31985760763854
"4873","CAR11_HUMAN",0.0759269629825577,0.191274462207852,1.65421007393319e-06,1.51678771036168e-07,"time0",-3.44705137384186
"4874","FSD1L_HUMAN",0.0524917391465267,0.153768100991763,1.96044894367868e-06,5.31810710717419e-06,"time12",1.43972876352153
"4875","CLC7A_HUMAN",0.44204635960573,0.595342256127401,3.64183564324502e-05,8.80146147807114e-05,"time12",1.27307728772328
"4876","S12A9_HUMAN",0.384879266166369,0.544243337313382,6.04309740423059e-06,4.79367884018673e-06,"time0",-0.334154939288818
"4877","SRRT_HUMAN",0.300155602014099,0.455032845388379,1.66915665828168e-05,1.09503172324025e-05,"time0",-0.60814669930535
"4878","FHR5_HUMAN",0.18144920772142,0.324392732032339,0,3.61125372346643e-07,"time12",Inf
"4879","TMM59_HUMAN",0.833634883024682,0.902699570197702,9.3067755583198e-07,1.31516417077883e-06,"time12",0.498889580277251
"4880","AP1M1_HUMAN",0.00109424132717314,0.0165885874294548,3.4660440306516e-05,6.56259968959979e-05,"time12",0.920977451394381
"4881","OSBL1_HUMAN",0.178272592074094,0.324392732032339,9.12942049535543e-06,1.33192410082436e-05,"time12",0.544916682495825
"4882","HDHD5_HUMAN",0.115571293627553,0.247333334588811,2.16742235004174e-05,1.44688542557893e-05,"time0",-0.583029624661548
"4883","EMIL2_HUMAN",0.674986713970489,0.788210291797797,2.88612388729256e-06,1.9310249386342e-06,"time0",-0.57976643265294
"4884","AGRE3_HUMAN",0.130121209757529,0.266992094085098,5.46989892171539e-05,3.45346467042033e-05,"time0",-0.663469709007525
"4885","ITPA_HUMAN",0.151886919513345,0.295897120108679,2.01924644132047e-05,3.05554316963054e-05,"time12",0.597611867159543
"4886","RTF2_HUMAN",0.0238100451455411,0.0928861776479487,3.85234154347653e-06,1.75152374759452e-06,"time0",-1.13712506758419
"4887","CHM4A_HUMAN",0.271332121892765,0.427044701479295,1.03330065386747e-05,8.89033418935925e-06,"time0",-0.216950532039509
"4888","EIF2A_HUMAN",0.146081528322187,0.289497335324625,1.34002619653713e-05,8.81204766497594e-06,"time0",-0.604712000787167
"4889","PECR_HUMAN",0.0158301631022,0.0723439664953637,1.73214470771777e-05,8.63127057779382e-06,"time0",-1.00491460745173
"4890","SC11C_HUMAN",0.257504444095549,0.411690054759826,2.10920158902354e-06,3.16772779663877e-06,"time12",0.586751381001982
"4891","PDIP3_HUMAN",0.41849223344682,0.572386780791985,2.09396776329599e-06,1.801807389048e-07,"time0",-3.53872252988651
"4892","K1671_HUMAN",0.00249526083547358,0.0258304904164362,0.000250396688028846,4.11692244400975e-05,"time0",-2.60457730397211
"4893","FUT8_HUMAN",0.406941216918031,0.565138314031945,8.90430825786793e-07,6.38498041694536e-07,"time0",-0.47982134302566
"4894","RM13_HUMAN",0.441208519505878,0.594481950599731,1.16740118694093e-05,6.88673279593264e-07,"time0",-4.08333692815874
"4895","RM04_HUMAN",0.968712415392996,0.991452922745436,1.66259254486827e-06,1.93231006734499e-06,"time12",0.216891966654362
"4896","RM01_HUMAN",0.849816607389808,0.913763203589437,1.5431030088539e-06,1.82342401289555e-06,"time12",0.240815708540433
"4897","B3GN5_HUMAN",0.0934924836898357,0.221073081979172,1.15314262241104e-07,7.42250089111685e-07,"time12",2.68633440270229
"4898","PAR6B_HUMAN",0.00222319527118512,0.0244551479830363,2.3559476747129e-06,8.44427633970113e-06,"time12",1.84166629432467
"4899","HYCCI_HUMAN",0.293621543928906,0.449665813510046,2.21286712948084e-07,7.94234550333348e-07,"time12",1.84364829369021
"4900","LOXE3_HUMAN",0.583882420770365,0.719374937966459,3.85865666702139e-07,5.99674309530149e-07,"time12",0.636080485622872
"4901","HELZ2_HUMAN",1,1,2.38796080505996e-06,3.48315341663981e-06,"time12",0.544614861268304
"4902","HOIL1_HUMAN",0.0148949273478797,0.0693953557554052,1.82217825306243e-05,6.46902234943973e-06,"time0",-1.49404449432385
"4903","RT26_HUMAN",0.0580240199462214,0.162648302403985,2.85104918466928e-06,8.14952884334912e-07,"time0",-1.80670436910659
"4904","STK33_HUMAN",0.0522749721636293,0.15343410748568,2.55018460362678e-06,7.12613067163302e-06,"time12",1.4825172532057
"4905","NEUL_HUMAN",0.0318228687346353,0.112538777354634,4.03505943507599e-06,1.78694139673559e-06,"time0",-1.17509760252455
"4906","CEP41_HUMAN",0.0553376524355665,0.159446115773101,2.25578884957619e-06,5.94716703643562e-06,"time12",1.3985705645512
"4907","TBD2A_HUMAN",0.00558137716997927,0.0409049887561794,1.3279093587731e-05,4.84487111780665e-06,"time0",-1.45462648070131
"4908","IFIH1_HUMAN",0.674986713970489,0.788210291797797,7.04759169904991e-07,4.79848474625127e-06,"time12",2.76737665752936
"4909","ACTBM_HUMAN",0.18144920772142,0.324392732032339,6.89493012809876e-07,0,"time0",-Inf
"4910","PANK2_HUMAN",0.107100592248172,0.235968955181974,4.09928508837713e-06,1.27663288794472e-06,"time0",-1.68302860761821
"4911","DOCK9_HUMAN",0.0130419205139312,0.0654530370589947,2.9855718840648e-06,8.23861405814046e-06,"time12",1.46439435515187
"4912","FRMD8_HUMAN",0.206603442668125,0.350879261602704,2.03677437893073e-06,1.13171944128575e-06,"time0",-0.847769825034879
"4913","GTPB4_HUMAN",0.00592153702414871,0.0421063579110003,0,1.03131161876522e-06,"time12",Inf
"4914","OSBL8_HUMAN",0.488973478738848,0.638284690125489,4.55848933064574e-05,5.48938672039047e-05,"time12",0.268089180052746
"4915","UACA_HUMAN",0.00915168885265007,0.0536965005077396,8.82171341181738e-08,2.77830625772367e-06,"time12",4.97700293592448
"4916","RAB34_HUMAN",0.0114306670805178,0.0604671121053679,6.45835570546038e-06,1.31103715893361e-05,"time12",1.02146976941743
"4917","WDR11_HUMAN",0.982748526001329,1,2.18484011206094e-05,2.3455291245653e-05,"time12",0.1023857086884
"4918","CRNL1_HUMAN",0.15494303062453,0.299386384493394,5.83560723316626e-06,3.50050384277875e-06,"time0",-0.737320195224964
"4919","TBL1R_HUMAN",0.0114900673429755,0.0604671121053679,9.46205245913056e-07,2.8541391807065e-06,"time12",1.59283062433362
"4920","UBL5_HUMAN",0.0289651011534134,0.105113236503366,3.25384672554223e-06,1.65422412051265e-06,"time0",-0.975991584063129
"4921","PP12C_HUMAN",0.266250586794457,0.422523017094451,3.3528747453641e-06,2.22656110069276e-06,"time0",-0.590581386448368
"4922","KPCD2_HUMAN",0.0475865383746561,0.143916148714846,1.62287976250788e-05,9.09229247086581e-06,"time0",-0.835840119011433
"4923","NIBA1_HUMAN",0.076721215620637,0.192060276991645,0.000375762319584715,0.000278634719492897,"time0",-0.43144536724526
"4924","UBXN6_HUMAN",0.251782879113893,0.404927069721939,2.23114815910751e-05,1.67092481126983e-05,"time0",-0.417139502667387
"4925","TM6S1_HUMAN",0.795075751282456,0.87883896836063,5.48446311798178e-06,5.67231515603228e-06,"time12",0.048587291462229
"4926","TSG10_HUMAN",0.036241709702006,0.120664287653335,4.92439356305218e-06,1.74843373061558e-05,"time12",1.8280451424916
"4927","API5_HUMAN",0.0289664134077584,0.105113236503366,6.21088599450736e-06,1.38633979041707e-05,"time12",1.15840991245977
"4928","NMES1_HUMAN",0.0213893577667879,0.0873264756944801,1.83333351708176e-06,7.95768016502111e-06,"time12",2.11787865290406
"4929","IPKB_HUMAN",0.18144920772142,0.324392732032339,0,1.00550610450171e-06,"time12",Inf
"4930","TRIM5_HUMAN",0.03658035079467,0.121183824346403,2.50192969068361e-06,6.57502999525649e-07,"time0",-1.92797186630577
"4931","TRIM4_HUMAN",0.197753933820609,0.343826430993449,7.69967390075974e-06,4.62921118618629e-06,"time0",-0.734030965215464
"4932","TRIM2_HUMAN",1,1,3.90940194206127e-07,4.0803073921264e-07,"time12",0.0617299206889892
"4933","K1C23_HUMAN",0.000560855227419458,0.012050317530131,1.07320065980548e-05,3.71214085501593e-05,"time12",1.79033160704197
"4934","SPEF2_HUMAN",0.112804137034737,0.242803283066121,3.8088851473661e-06,1.40678339408447e-05,"time12",1.88495951952486
"4935","FTO_HUMAN",0.944182513250483,0.975815282932568,6.88603797550344e-07,8.59851551602389e-07,"time12",0.320413471173234
"4936","CFA74_HUMAN",0.0360316862182336,0.120434953431175,6.12897799569029e-07,3.37300248997301e-06,"time12",2.46031495302552
"4937","TB182_HUMAN",0.0406711730279861,0.130747533098042,1.23351367394609e-06,2.50766647873012e-05,"time12",4.34549986788502
"4938","UBE2O_HUMAN",1,1,6.69007308014521e-07,6.58608982762519e-07,"time0",-0.022599781502899
"4939","XPO4_HUMAN",0.0815412713299081,0.20034801055267,1.46588740717681e-05,5.95980885373428e-06,"time0",-1.29843633064449
"4940","LNP_HUMAN",0.634280692355755,0.757106030263974,2.86408596858335e-05,2.64351242356397e-05,"time0",-0.115618690390503
"4941","DYH6_HUMAN",0.0713479588545847,0.183257770765274,3.2536264490408e-05,8.93905372601543e-05,"time12",1.45807349432669
"4942","RHG39_HUMAN",0.0249324556028631,0.0954013820089054,1.41959194067614e-06,6.67553046648294e-06,"time12",2.23340619508479
"4943","MTMRC_HUMAN",0.183158852931681,0.326164261025782,3.86415568775211e-06,6.24266771529046e-06,"time12",0.692009454197029
"4944","WDR12_HUMAN",0.100348246462291,0.227011289394017,0,4.1442213297696e-07,"time12",Inf
"4945","TINAL_HUMAN",0.0144328239388418,0.0681564973087937,1.23762232584493e-07,1.71417859779198e-06,"time12",3.79187439713284
"4946","BSSP4_HUMAN",0.000113158694182101,0.00529637924665825,6.49342138542498e-06,1.92044764639059e-05,"time12",1.56439189481579
"4947","ROGDI_HUMAN",1,1,1.35129514719709e-06,1.21215620364761e-06,"time0",-0.156767196999916
"4948","ADSSP_HUMAN",0.00274947164819871,0.0270108456491626,4.13446412615043e-05,2.4524375034287e-05,"time0",-0.753483979667222
"4949","PITH1_HUMAN",0.000634396353547879,0.0129325918762508,5.517265909055e-06,1.16252529979237e-05,"time12",1.07523669452582
"4950","COMD5_HUMAN",0.2634941841412,0.41891156823939,1.32530073242337e-06,6.57754513523616e-07,"time0",-1.01069861959961
"4951","DNAI2_HUMAN",0.0897967094914709,0.21471406957268,5.8459896380098e-05,0.000137735974309429,"time12",1.23638623917112
"4952","SKI8_HUMAN",0.341390779564905,0.503736938325389,2.90501283845734e-05,2.50039892310836e-05,"time0",-0.216386253233846
"4953","SLIRP_HUMAN",0.0574331196320036,0.162648302403985,2.75607666882916e-06,5.02267196293654e-06,"time12",0.865839032205282
"4954","SRR_HUMAN",0.0759269629825577,0.191274462207852,1.23716741753778e-07,1.07712413830399e-06,"time12",3.12207188088373
"4955","CC90B_HUMAN",0.271898710819648,0.427044701479295,3.21136199434417e-07,8.44390721132696e-07,"time12",1.39472542610256
"4956","NIF3L_HUMAN",0.00711145624518395,0.0466777232444876,1.21642280089457e-05,2.5635304726332e-05,"time12",1.07548728319733
"4957","EGLN1_HUMAN",0.0318798475399625,0.112673567666388,2.52105583119233e-06,8.92348753225923e-07,"time0",-1.49834849999677
"4958","CTDS1_HUMAN",0.00274947164819871,0.0270108456491626,1.09038915457876e-05,5.48528418761006e-06,"time0",-0.991204845336881
"4959","CHST6_HUMAN",0.695092793077638,0.806956123042319,3.4250771174193e-06,3.61096239462702e-06,"time12",0.0762469243355106
"4960","NTAL_HUMAN",0.0023768350959738,0.0250827491665221,9.34431801268874e-06,6.23329680039408e-07,"time0",-3.90602206003335
"4961","MFF_HUMAN",0.00175658310569651,0.0211108066203728,1.4236071863337e-05,2.63677103170577e-06,"time0",-2.43270691767982
"4962","NAA50_HUMAN",0.456125851713522,0.608194272005473,1.56300060379186e-06,1.18136329911252e-06,"time0",-0.403865637450008
"4963","LACRT_HUMAN",0.0238100451455411,0.0928861776479487,0.00183782029665587,0.000624027172915709,"time0",-1.55831494888091
"4964","UBA5_HUMAN",0.00300635508482433,0.0283232790562393,4.60317973616656e-05,1.82034041798558e-05,"time0",-1.33842250427908
"4965","MKRN2_HUMAN",0.103142005492008,0.231953011597804,3.13998207922078e-06,1.7126045780529e-06,"time0",-0.874564238137404
"4966","LHPP_HUMAN",0.448804440990439,0.601670213300806,2.4498398708597e-06,2.04706978573636e-06,"time0",-0.259127167814221
"4967","MFR1L_HUMAN",1,1,3.67371858020141e-07,4.01779328588834e-07,"time12",0.129162224652337
"4968","T126A_HUMAN",0.0254159045415639,0.0965093438186659,4.32062366820028e-06,7.34329659969196e-06,"time12",0.765188296544203
"4969","DRC3_HUMAN",0.875132262024472,0.929604303943122,2.8997216618884e-05,2.65265831718705e-05,"time0",-0.128475568353387
"4970","PAIP1_HUMAN",0.0934924836898357,0.221073081979172,9.07591608691724e-07,4.04886049344304e-06,"time12",2.15740075924245
"4971","CLPB_HUMAN",1,1,3.96503394588741e-06,3.96126152299643e-06,"time0",-0.00137326604319783
"4972","RB33B_HUMAN",0.00946503425447148,0.0544125597708933,3.94728187784442e-05,2.31258475484577e-05,"time0",-0.771353306149583
"4973","DRC9_HUMAN",0.610120154797508,0.737768442045732,3.18339631643131e-06,4.78855350391278e-06,"time12",0.589023145286767
"4974","F107B_HUMAN",0.887068694211825,0.939243990004205,4.36516421503397e-06,4.73601962834371e-06,"time12",0.117639131946177
"4975","COMD4_HUMAN",0.0195274552556461,0.0823520698165325,1.50301662471243e-05,2.28919093997212e-05,"time12",0.606976835351472
"4976","CRLD2_HUMAN",0.344306074987498,0.506162979547213,6.11334144468431e-06,4.74669816070726e-06,"time0",-0.365036834616065
"4977","ZMY12_HUMAN",0.0331834311510942,0.114768172707287,1.18850319996057e-06,3.82571601522053e-06,"time12",1.68658399805722
"4978","ILKAP_HUMAN",0.18144920772142,0.324392732032339,6.56873849658997e-07,0,"time0",-Inf
"4979","XRN2_HUMAN",0.634280692355755,0.757106030263974,2.62609703156975e-05,3.23081337092566e-05,"time12",0.298977191916579
"4980","TOLIP_HUMAN",0.164184082299471,0.312714133792965,5.89872496623379e-05,5.05294755889482e-05,"time0",-0.223277936397502
"4981","SHRPN_HUMAN",0.0120369481070948,0.0622193255917365,2.8174186994356e-06,6.31707322326921e-07,"time0",-2.15704577983157
"4982","ARL6_HUMAN",0.118797104639863,0.252752076917842,2.77636365046038e-05,4.11633887385029e-05,"time12",0.568165209966736
"4983","CC113_HUMAN",0.477659735127587,0.627005826166856,4.06679912328797e-06,7.6277362116928e-06,"time12",0.907361220468636
"4984","PAR12_HUMAN",0.657869068133222,0.777032221467221,2.64825990319058e-06,4.54429442669521e-06,"time12",0.779011593873564
"4985","CSTFT_HUMAN",0.269413575386585,0.426393027499754,3.26430280102808e-06,7.40733478760699e-06,"time12",1.18217965402214
"4986","PHS2_HUMAN",0.660281507172254,0.778572295977118,2.09262590910996e-06,1.52556009133431e-06,"time0",-0.455975421116683
"4987","5NT3A_HUMAN",0.0466642932561762,0.142207052866908,4.53150332587945e-05,6.44561763059448e-05,"time12",0.508328863178499
"4988","CYRIA_HUMAN",0.195217848820088,0.341245598771549,6.53288399821971e-06,1.06253803893644e-05,"time12",0.701722563032201
"4989","TM222_HUMAN",0.0596348300904598,0.1634642241228,4.97478951914704e-06,7.82242389087587e-06,"time12",0.652980229433239
"4990","HDHD2_HUMAN",0.299310255206884,0.453866502754689,2.02009314229414e-05,2.40523142045266e-05,"time12",0.25175389606463
"4991","GBRL1_HUMAN",0.787406490666269,0.875335747022078,2.8221166734374e-07,4.15736173689133e-07,"time12",0.558890650173099
"4992","MAGT1_HUMAN",0.954602104805621,0.981383540792422,2.72856645380399e-05,2.80693208346805e-05,"time12",0.0408509760741069
"4993","RAB1B_HUMAN",0.96767357736826,0.990899070396128,7.40901303077247e-05,7.34080168522925e-05,"time0",-0.0133437434147391
"4994","LMA2L_HUMAN",0.360423995448255,0.521659944304294,8.40109785059321e-06,3.50830897377869e-06,"time0",-1.25980206046248
"4995","CK054_HUMAN",0.0143680358028092,0.0681564973087937,1.40640764905154e-05,8.50468684649785e-06,"time0",-0.725684801930298
"4996","SNAB_HUMAN",0.150785565027971,0.294905756356278,8.89129396629122e-07,2.4458106210003e-07,"time0",-1.8620806920036
"4997","SIL1_HUMAN",0.044907208532095,0.138334583064571,1.97952874205243e-05,2.64512129085184e-05,"time12",0.418176863052546
"4998","SDCB2_HUMAN",0.892979885505748,0.943695834417168,1.25691263319184e-05,1.16468548778379e-05,"time0",-0.109943951450309
"4999","METL9_HUMAN",0.0137548063929785,0.0677307985039248,2.02398103845233e-05,8.02167541694163e-06,"time0",-1.33522027797578
"5000","APC1_HUMAN",0.726286148878805,0.831789014562765,1.43172615417654e-05,1.33072359750597e-06,"time0",-3.42747272757598
"5001","UN93B_HUMAN",0.0162852993029284,0.0737367631975284,4.40890444355649e-06,7.64568711537011e-06,"time12",0.794225952914011
"5002","CYTM1_HUMAN",0.792159093543887,0.87883896836063,4.17045760244405e-05,4.07042178062464e-05,"time0",-0.0350273961719964
"5003","RNAS7_HUMAN",0.15494303062453,0.299386384493394,1.16745856238931e-05,1.25474954596559e-05,"time12",0.104028080026562
"5004","NUCKS_HUMAN",0.262192602406773,0.417064291391653,3.08446246955492e-05,4.17480384122854e-06,"time0",-2.88523877494171
"5005","TMX4_HUMAN",0.795266134938758,0.87883896836063,6.10221075224965e-05,5.48946391783304e-05,"time0",-0.152666739708825
"5006","KI13A_HUMAN",0.12608955395259,0.262352709654682,2.41185771024686e-06,8.69726984474366e-07,"time0",-1.47151029511129
"5007","ASCC2_HUMAN",0.000653585176323472,0.0129684755451225,4.2689619803783e-07,3.19147275652668e-06,"time12",2.90226511349124
"5008","OSBL2_HUMAN",0.707118758175719,0.81537072250648,2.27486677666223e-05,2.15150113003884e-05,"time0",-0.0804384609988261
"5009","MEGF9_HUMAN",0.00286090822293192,0.027650816853677,6.39759904954206e-06,7.50804170138508e-07,"time0",-3.09102201031106
"5010","RSPH9_HUMAN",0.00298700109124184,0.0283232790562393,6.99330909159092e-05,0.00014086038032252,"time12",1.01021870689997
"5011","ATG5_HUMAN",1,1,1.71944807813121e-06,1.8871741625708e-06,"time12",0.134282020073699
"5012","WDR13_HUMAN",0.150785565027971,0.294905756356278,1.5463017116423e-07,8.60466509741457e-07,"time12",2.47629719933324
"5013","EPN3_HUMAN",0.289587424426888,0.445680037774038,7.05081844356763e-07,1.09612381882396e-06,"time12",0.636548138001016
"5014","EHD4_HUMAN",0.489846087992191,0.638284690125489,0.000245624912949151,0.000260619199969824,"time12",0.0854864759417602
"5015","CARD9_HUMAN",0.00198762456587179,0.0227871046678546,7.51932129000394e-06,1.17551619840873e-06,"time0",-2.67730802782989
"5016","VP33B_HUMAN",0.449162478002393,0.601670213300806,2.4842271973392e-05,1.83051932271072e-05,"time0",-0.440544120012989
"5017","VPS16_HUMAN",0.0698929112404585,0.180488698157916,5.8739574738166e-05,4.33793619342269e-05,"time0",-0.437323988293228
"5018","VPS11_HUMAN",0.436312469358833,0.589747540049855,3.51572790982818e-05,2.87435231415221e-05,"time0",-0.290586515185749
"5019","SH3L3_HUMAN",0.700032921507955,0.810014846990898,0.000121986970043843,0.000121016538474514,"time0",-0.0115228316148255
"5020","GAN_HUMAN",0.787406490666269,0.875335747022078,5.00864950539463e-07,9.65884856904666e-07,"time12",0.947429557285579
"5021","TARA_HUMAN",0.0998229782945518,0.227011289394017,1.09276373173185e-05,5.33772958652822e-06,"time0",-1.03368338281895
"5022","SLK_HUMAN",0.95152647420764,0.978726989916003,0.000135015818987773,0.00012894416785511,"time0",-0.0663819275364852
"5023","PPIL3_HUMAN",0.133210150220477,0.27220808322508,2.63628042589621e-05,1.33862124439735e-05,"time0",-0.977756024894802
"5024","LRMDA_HUMAN",0.00306219875895581,0.028534341945777,4.77137868359686e-06,5.7207375155048e-07,"time0",-3.06013313545101
"5025","PDCL3_HUMAN",0.177529852412153,0.324392732032339,5.74107633321711e-08,4.73034630715383e-07,"time12",3.04255266378873
"5026","IF3M_HUMAN",0.932646638965876,0.97016690605071,6.14777384360713e-07,7.10768440442532e-07,"time12",0.20931553021244
"5027","TAOK3_HUMAN",0.0121316596950707,0.0623262658706688,5.23882031467259e-05,2.75952325206282e-05,"time0",-0.924822938229139
"5028","RBGPR_HUMAN",0.0121316596950707,0.0623262658706688,4.98848130464865e-05,2.5527179128274e-05,"time0",-0.966566545662273
"5029","ADNP_HUMAN",0.0591720678258594,0.162648302403985,0.000129868982618624,3.90028726287659e-08,"time0",-11.7011888991773
"5030","RNF39_HUMAN",0.379471360411207,0.54004823343725,8.79282860003217e-05,0.00029187530822976,"time12",1.73095291689792
"5031","DHX36_HUMAN",0.29450739368011,0.449665813510046,6.09775222588709e-07,1.4394137917208e-06,"time12",1.2391319520488
"5032","IPYR2_HUMAN",0.983833581209183,1,0.000136692336563015,0.000131961290392758,"time0",-0.0508175722442931
"5033","SPNS1_HUMAN",0.194072307486366,0.339939557951925,4.33919628503313e-06,6.79810079119021e-06,"time12",0.647703903539499
"5034","RM46_HUMAN",0.932986865767728,0.970182895061045,5.26283516292091e-06,5.64858337790135e-06,"time12",0.1020488869215
"5035","PININ_HUMAN",0.0975530937032685,0.227011289394017,2.71662731778717e-06,1.54742334854245e-06,"time0",-0.811948714657467
"5036","TM245_HUMAN",0.150785565027971,0.294905756356278,8.6631744427781e-07,1.80038797243572e-07,"time0",-2.2665879359843
"5037","CRLD1_HUMAN",0.855132140584706,0.913870841181422,1.59986586968172e-06,1.24029254241566e-06,"time0",-0.367270513864409
"5038","CPVL_HUMAN",0.222688632383852,0.36988854316706,3.47304428107751e-06,5.27778147286479e-06,"time12",0.603730811849897
"5039","CK068_HUMAN",0.0670976664245173,0.175316868571147,1.58869121120457e-06,2.90009373879199e-06,"time12",0.868260792814677
"5040","GHITM_HUMAN",0.838991360344787,0.905979916866684,7.44399113818728e-06,7.09071037632667e-06,"time0",-0.0701461681327395
"5041","BOLA2_HUMAN",0.0271312667497669,0.100780507646988,7.43099553388573e-06,1.47459239689779e-05,"time12",0.98868881612242
"5042","TXNIP_HUMAN",0.0903104359558655,0.215339015554645,7.70149327714355e-06,1.17724433790279e-05,"time12",0.612203675172034
"5043","TMX1_HUMAN",0.00145747698843479,0.0189678336198932,0.000141387036154798,9.86961926391682e-05,"time0",-0.518583508172807
"5044","GCP60_HUMAN",0.17465019651046,0.324392732032339,8.56599356041274e-06,1.11214302491591e-05,"time12",0.376649837106523
"5045","MUC13_HUMAN",0.655438425019384,0.775080917172991,0.000100229975982189,9.27626291929858e-05,"time0",-0.111698426477569
"5046","SEM4A_HUMAN",0.140309233576715,0.282889273214279,1.556070180844e-06,3.18408718393361e-06,"time12",1.03297270979057
"5047","PTN23_HUMAN",0.13953163024125,0.282803674051912,2.45202494604231e-05,1.07443524051488e-05,"time0",-1.19039512681603
"5048","UN45A_HUMAN",0.109572655541283,0.237064899740731,5.60711600673983e-05,4.14193400800971e-05,"time0",-0.436954350533535
"5049","MFSD1_HUMAN",0.100348246462291,0.227011289394017,0,6.41194460685206e-07,"time12",Inf
"5050","DNJC5_HUMAN",0.387078282608515,0.546318190458568,6.77267826517008e-05,5.91563198574709e-05,"time0",-0.195194157933532
"5051","CHM4B_HUMAN",0.124134462326765,0.260091091719384,9.48667119580543e-05,6.15473967435468e-05,"time0",-0.624204108152864
"5052","RBSK_HUMAN",0.0596993226001965,0.163495668909204,3.71236157456277e-06,1.21989002592127e-05,"time12",1.71634195627394
"5053","OFUT1_HUMAN",0.269413575386585,0.426393027499754,2.00999203090539e-05,1.48623420690537e-05,"time0",-0.435528301889895
"5054","TOR3A_HUMAN",0.0224942712224497,0.0893339641035185,0,1.17043270109769e-06,"time12",Inf
"5055","WNK1_HUMAN",0.307224848426659,0.464570637886692,3.12189647904508e-05,8.49204124184832e-06,"time0",-1.8782394160008
"5056","AMPB_HUMAN",0.338741784915328,0.500570183399123,0.000472002275743713,0.000534384278466836,"time12",0.179083748978034
"5057","GLP3L_HUMAN",0.456125851713522,0.608194272005473,1.30650605115489e-06,1.6488860736054e-06,"time12",0.335777915574746
"5058","GOLP3_HUMAN",0.15494303062453,0.299386384493394,9.00708873919518e-06,6.78103476786129e-06,"time0",-0.409555433574715
"5059","DPEP2_HUMAN",0.150785565027971,0.294905756356278,2.07524027711551e-07,1.78513459956965e-06,"time12",3.10468256739736
"5060","DEFI6_HUMAN",0.0340842377425488,0.11700296094037,7.2122779908644e-05,4.40352782270806e-05,"time0",-0.711795223979747
"5061","E41L1_HUMAN",0.00294660290680535,0.0283232790562393,6.34229463710117e-07,9.39614897150708e-06,"time12",3.88899278095083
"5062","GAPR1_HUMAN",0.745654674246907,0.845947617750294,0.000441326114363741,0.000454700587557041,"time12",0.043071750618608
"5063","TRABD_HUMAN",0.040071671356062,0.129517366347272,6.84598534282837e-06,3.8704623220575e-06,"time0",-0.822752298712678
"5064","EMRE_HUMAN",0.194496319612348,0.340083875013043,1.21744888196511e-05,1.06450807481814e-05,"time0",-0.193674304563028
"5065","RIBC2_HUMAN",0.0233763900464205,0.0919321407720123,3.16900413642927e-07,3.03465617613043e-06,"time12",3.25943162171249
"5066","OSBL3_HUMAN",0.401678166469773,0.560828351641878,7.15381463387547e-07,1.16341890870801e-06,"time12",0.701586015644423
"5067","EHD1_HUMAN",0.0497101210057736,0.148831354770669,0.00148225455417578,0.00113313885948817,"time0",-0.387468563599654
"5068","CAPAM_HUMAN",0.824098168245978,0.899221475873808,1.10226411825568e-06,8.54593744974624e-07,"time0",-0.367159293051122
"5069","ALG2_HUMAN",0.00693394760608133,0.046269495222962,4.52193101849624e-06,8.58120213544281e-06,"time12",0.924240784041467
"5070","SG196_HUMAN",0.888840680809476,0.940319763810662,7.69441463967201e-07,8.64685349929914e-07,"time12",0.168363670163131
"5071","RABE2_HUMAN",0.906329390836487,0.952411233544394,8.66611687037798e-07,8.1064474271336e-07,"time0",-0.0963158871107265
"5072","CDCP1_HUMAN",0.41849223344682,0.572386780791985,1.34877387660179e-05,6.80036719549058e-06,"time0",-0.987963945228059
"5073","CIA2A_HUMAN",0.00450730455991284,0.0358483756809047,3.65316663152234e-06,9.17138421999409e-07,"time0",-1.993936162054
"5074","IGFR1_HUMAN",0.100348246462291,0.227011289394017,0,4.47478247824551e-07,"time12",Inf
"5075","DEN2D_HUMAN",0.0702449125752361,0.181084532935643,1.40689635051376e-05,1.02673942506978e-05,"time0",-0.454445957309109
"5076","HAUS4_HUMAN",0.932646638965876,0.97016690605071,1.03395652615573e-06,5.39308373097559e-07,"time0",-0.938993189349615
"5077","CC134_HUMAN",0.833634883024682,0.902699570197702,4.43967583718845e-07,6.90692971359283e-07,"time12",0.637590200466883
"5078","TM231_HUMAN",0.00223786040036714,0.0245712135503546,4.95117963200828e-06,2.15869011191951e-05,"time12",2.1243119566538
"5079","NOL6_HUMAN",1,1,4.79850617011697e-06,1.19922398083683e-06,"time0",-2.00048421004734
"5080","YTDC2_HUMAN",0.589638551626567,0.719932761419764,1.61186559873848e-06,8.5726868418566e-07,"time0",-0.910912105291257
"5081","AZI2_HUMAN",0.108319380730004,0.236237546646293,1.19641700407215e-06,2.1147384278304e-07,"time0",-2.50016918758835
"5082","ES8L2_HUMAN",0.00171640893664971,0.0207953561432226,7.78306914889655e-05,0.000130159597130807,"time12",0.741870610751656
"5083","RPAP3_HUMAN",0.201242620957724,0.345670985066878,7.53717780951539e-07,6.2761081247373e-08,"time0",-3.58608231531552
"5084","BCAS3_HUMAN",0.197326044882155,0.343823939930312,1.25029166179595e-05,2.2054460190459e-05,"time12",0.818805770316565
"5085","ALG9_HUMAN",0.29338289215179,0.449665813510046,6.90310920460922e-06,9.19769073280916e-07,"time0",-2.90790271352572
"5086","LDAH_HUMAN",0.0038592512408335,0.0331196949159461,2.12621789296986e-06,3.94603978596774e-06,"time12",0.89211605153091
"5087","RANB3_HUMAN",0.0224942712224497,0.0893339641035185,0,1.17414270689429e-06,"time12",Inf
"5088","GREM2_HUMAN",0.18144920772142,0.324392732032339,5.30560975045927e-07,1.72797259448149e-07,"time0",-1.61843822663655
"5089","DCTP1_HUMAN",0.330547109601631,0.490523698298271,7.80903457450702e-06,6.05442444337544e-06,"time0",-0.367154381652719
"5090","SH24A_HUMAN",0.0340842377425488,0.11700296094037,1.11760299560946e-05,2.05319157952183e-05,"time12",0.877460456094924
"5091","PEAK1_HUMAN",1,1,3.85333610919226e-07,6.77665452348322e-07,"time12",0.814465192874363
"5092","AAMDC_HUMAN",0.401678166469773,0.560828351641878,2.30489950105093e-07,1.58934840603663e-06,"time12",2.78565966475091
"5093","DOCK5_HUMAN",0.896772761996841,0.945919166528116,4.50677463935588e-05,4.31921052368065e-05,"time0",-0.0613276730851964
"5094","WDR26_HUMAN",0.000848535361147558,0.0147763898312955,3.41053443360704e-06,9.65004992727129e-06,"time12",1.50053857810479
"5095","AT133_HUMAN",0.0580240199462214,0.162648302403985,1.79560941483708e-07,1.27348207220853e-06,"time12",2.82623317890606
"5096","VISTA_HUMAN",0.685047073289752,0.796842486613377,5.13186886499305e-05,6.08460103436665e-05,"time12",0.245678363308655
"5097","MB12B_HUMAN",0.00229967858441496,0.0249745094267465,3.96614308198968e-06,5.85255560520918e-07,"time0",-2.760598083378
"5098","IFT22_HUMAN",0.000119237584482267,0.00543668772605023,8.26646694741208e-06,3.50978060364624e-05,"time12",2.0860380859412
"5099","PGES2_HUMAN",0.106437504089823,0.234656175751871,5.86483667029999e-06,9.25207280820561e-06,"time12",0.657685687921785
"5100","UBE2Z_HUMAN",0.0233763900464205,0.0919321407720123,2.98680187568819e-07,2.49524822804342e-06,"time12",3.06250989517098
"5101","ACAD9_HUMAN",0.209789063927493,0.352977486996877,5.25744028023271e-05,4.14050728049851e-05,"time0",-0.344553024825651
"5102","RMD5A_HUMAN",0.0590582290905367,0.162648302403985,0,7.63715869568573e-07,"time12",Inf
"5103","TTC12_HUMAN",0.753610350301361,0.853815368427547,0.000123644660091978,7.09151300043155e-05,"time0",-0.802034564910271
"5104","TMT1A_HUMAN",0.000634396353547879,0.0129325918762508,1.09078134662403e-05,0.000158911552265318,"time12",3.86479016767811
"5105","MANS1_HUMAN",0.0144832770523174,0.0681564973087937,4.76033499537571e-05,9.69963755266036e-07,"time0",-5.61698845356844
"5106","CQ10B_HUMAN",1,1,8.21734875823111e-07,7.66859529866917e-07,"time0",-0.0997106634273039
"5107","MOB1A_HUMAN",0.328469857573509,0.488655157979221,5.64293422179978e-05,4.65287470628937e-05,"time0",-0.278323194178672
"5108","PKHF2_HUMAN",0.280712665268496,0.435732003546966,5.54191521504599e-07,2.82917246969332e-07,"time0",-0.97000451159913
"5109","GORS2_HUMAN",0.402923606122181,0.56204173268748,3.68615056387985e-06,4.48370575788191e-06,"time12",0.282576604483981
"5110","ZWILC_HUMAN",0.105645429201877,0.233106815154345,1.86586276729774e-06,4.82070364549873e-08,"time0",-5.27445532854876
"5111","JUPI2_HUMAN",0.00694669816590924,0.046269495222962,7.96063719326567e-07,8.23995298989839e-06,"time12",3.37168028851251
"5112","RN121_HUMAN",0.183430618982178,0.326164261025782,1.97147712335961e-07,8.476277250276e-07,"time12",2.10415380775908
"5113","GHC1_HUMAN",0.610298655976554,0.737768442045732,6.6621381373806e-07,9.59404877121554e-07,"time12",0.526154505319184
"5114","PPIP2_HUMAN",0.0420948818080113,0.134050905874278,2.43993171671018e-05,1.20680990677512e-05,"time0",-1.01564232865141
"5115","WDR54_HUMAN",0.00347893704176756,0.0309779118718051,1.95586184494732e-06,9.22667938541624e-06,"time12",2.23800705876616
"5116","ARMT1_HUMAN",0.194496319612348,0.340083875013043,2.69165599781625e-05,3.54769185302093e-05,"time12",0.398386664118474
"5117","CNO10_HUMAN",0.722282962716192,0.829653103135349,8.06809656952806e-07,5.83766858506109e-07,"time0",-0.466836043340388
"5118","LRC40_HUMAN",0.0796946681137101,0.197772189679956,1.4163581263693e-05,7.58612927281253e-06,"time0",-0.900750235748005
"5119","SFXN1_HUMAN",0.118797104639863,0.252752076917842,4.42133844795567e-05,5.85332711503109e-05,"time12",0.404773731359266
"5120","SPE39_HUMAN",0.0056441315465957,0.0411126801558733,1.03043273327502e-05,3.9877044563704e-06,"time0",-1.3696199334042
"5121","COG4_HUMAN",0.0524917391465267,0.153768100991763,1.89129178225102e-05,1.82659557079277e-06,"time0",-3.37214280947727
"5122","ARP5_HUMAN",0.100348246462291,0.227011289394017,4.7549665364022e-07,0,"time0",-Inf
"5123","VP37B_HUMAN",0.00946503425447148,0.0544125597708933,4.38558123552809e-05,2.6979316774775e-05,"time0",-0.700914246582221
"5124","RM44_HUMAN",0.0142661867014469,0.0681564973087937,1.74087901993916e-07,4.83015003851588e-06,"time12",4.79418015064188
"5125","L2HDH_HUMAN",0.065452415071362,0.173138740133412,5.59823610254351e-06,3.4615035932982e-06,"time0",-0.693573487287459
"5126","CSN7B_HUMAN",0.183430618982178,0.326164261025782,4.51993262773503e-07,1.595434500684e-06,"time12",1.81957620742426
"5127","CB39L_HUMAN",0.00687555424142264,0.0461434668359746,5.85115710893462e-06,9.98546789111115e-06,"time12",0.771108073547426
"5128","ELP3_HUMAN",0.0580240199462214,0.162648302403985,2.90798667946562e-07,1.24006276110705e-06,"time12",2.0923205731649
"5129","KT3K_HUMAN",0.00255109980614372,0.0259188011554187,5.9475450664877e-06,1.3501043466093e-05,"time12",1.18270471075152
"5130","TBC17_HUMAN",0.00915168885265007,0.0536965005077396,0,1.29678300117042e-06,"time12",Inf
"5131","SYCM_HUMAN",0.0660753110898274,0.174092559832174,2.14951188050874e-05,1.18803245617288e-05,"time0",-0.855434834179389
"5132","PPCS_HUMAN",0.00104023512925719,0.0161385050053329,5.93059972838685e-06,1.73603777097388e-05,"time12",1.54954842789694
"5133","UBTD1_HUMAN",0.672603817441517,0.788201412905273,8.45095788480757e-07,6.09081465906861e-07,"time0",-0.47247967032236
"5134","CLXN_HUMAN",0.125104957853436,0.261003113258321,8.3203577106566e-06,1.67424841960874e-05,"time12",1.00879614675591
"5135","NMNA1_HUMAN",0.0238100451455411,0.0928861776479487,7.64681746530165e-06,3.26535355984675e-06,"time0",-1.22762022672204
"5136","KIF9_HUMAN",0.29450739368011,0.449665813510046,3.00792821434417e-07,1.12940552722319e-06,"time12",1.90872155496003
"5137","NJMU_HUMAN",0.155131568727114,0.299386384493394,1.34078937147632e-06,3.85559661116398e-07,"time0",-1.79805659414404
"5138","SIAE_HUMAN",0.167253563317042,0.316642007509569,1.3548284666898e-06,6.52021542661756e-07,"time0",-1.05511866842985
"5139","RENT2_HUMAN",0.84451926747294,0.909991236233052,9.38025934555049e-07,1.00266185596105e-06,"time12",0.0961354282963637
"5140","GBB4_HUMAN",0.148181300852659,0.292397393456536,2.97178098123303e-05,3.89381977430577e-05,"time12",0.389858316478523
"5141","XPO5_HUMAN",0.0238241460165172,0.0928861776479487,1.0486588765444e-06,3.76747793730413e-06,"time12",1.84505361050124
"5142","GRPE1_HUMAN",0.133210150220477,0.27220808322508,2.38577439661843e-05,1.45456297924055e-05,"time0",-0.713871862309105
"5143","UD17_HUMAN",0.610298655976554,0.737768442045732,3.27363264982277e-06,6.07178464680819e-06,"time12",0.891228183263146
"5144","CLK4_HUMAN",0.361310428526179,0.521659944304294,2.12138875059263e-06,2.69571712541213e-07,"time0",-2.97626800248064
"5145","MYG1_HUMAN",0.761065473780036,0.857900643594511,2.22858800106538e-05,2.38653277592587e-05,"time12",0.0987862197680407
"5146","PKHA2_HUMAN",0.624427166113287,0.74867375353097,1.98967747756574e-05,1.81924835134295e-05,"time0",-0.129192088667744
"5147","RISC_HUMAN",0.0043382328003645,0.0349221893754409,5.83320150464242e-05,0.000129703647890417,"time12",1.15285923847545
"5148","SP110_HUMAN",0.29450739368011,0.449665813510046,3.29913388177134e-07,9.51908918335061e-07,"time12",1.52873621356715
"5149","CYBP_HUMAN",0.0195274552556461,0.0823520698165325,9.93350088319595e-06,1.7475422635598e-05,"time12",0.814953182656076
"5150","RRAGC_HUMAN",0.0245244009335952,0.0949962689859689,6.00883614079476e-05,4.93803226522927e-05,"time0",-0.283149317418276
"5151","ZFYV1_HUMAN",0.000509398448523832,0.0117931664071041,1.04129471273372e-05,1.63308140232879e-06,"time0",-2.67270983544334
"5152","VPP4_HUMAN",0.000363481868201753,0.00964923199452921,9.42039458325987e-07,7.16657796567347e-06,"time12",2.92742500276849
"5153","IF122_HUMAN",0.213315273602366,0.357701327688639,3.1465843382761e-05,5.68813757015549e-05,"time12",0.854169745449378
"5154","RHOF_HUMAN",0.244293641331777,0.39543791861103,2.97948364608897e-06,1.77244969990766e-06,"time0",-0.749317642737148
"5155","RDH14_HUMAN",0.148778617087727,0.292995278557532,9.19268719353058e-07,2.69078690324444e-06,"time12",1.54946958644387
"5156","PARVG_HUMAN",0.00431368645841512,0.0349221893754409,0.000282227072673314,0.000134395152057336,"time0",-1.070375287584
"5157","PLRKT_HUMAN",0.000281330429516784,0.00833464839628765,4.79743942486516e-06,1.23888247075742e-05,"time12",1.36870283423153
"5158","NMRL1_HUMAN",0.18144920772142,0.324392732032339,0,2.31501132267441e-07,"time12",Inf
"5159","S38AA_HUMAN",0.414823067184775,0.572386780791985,1.58156590471781e-06,6.8886861264867e-07,"time0",-1.19905292477507
"5160","TM165_HUMAN",0.00669228378824031,0.0454238762126811,1.09665418961507e-06,3.94687116097006e-06,"time12",1.84760075638207
"5161","ABC3G_HUMAN",0.722282962716192,0.829653103135349,1.52524250320699e-05,1.75103552531475e-05,"time12",0.19916971408453
"5162","TPC_HUMAN",0.589638551626567,0.719932761419764,1.59663276818788e-07,3.44050081613723e-07,"time12",1.10758606059047
"5163","EMAL4_HUMAN",0.00577649287879467,0.0414699422656738,9.84258157507455e-06,2.18170460922605e-05,"time12",1.14834711236286
"5164","GLOD4_HUMAN",0.464545045047998,0.615785076358565,5.16096047988663e-05,4.58512565697866e-05,"time0",-0.170678311284336
"5165","MUC5B_HUMAN",0.338741784915328,0.500570183399123,0.00790196083015455,0.00842789794137285,"time12",0.0929621488489006
"5166","MCCB_HUMAN",0.00258189966306281,0.0259188011554187,5.97134727971605e-06,1.5709041218118e-05,"time12",1.39546675014769
"5167","TANC2_HUMAN",0.0759269629825577,0.191274462207852,1.09377958471694e-06,1.33750599376565e-07,"time0",-3.03170477791786
"5168","EPG5_HUMAN",0.540817904242618,0.684676842314785,1.60573895294138e-06,1.22441677900261e-06,"time0",-0.391142650790295
"5169","ARGAL_HUMAN",0.00922514613907298,0.0537765548682325,8.84035216988378e-07,5.25417507996178e-06,"time12",2.5712885268599
"5170","NCK5L_HUMAN",0.201242620957724,0.345670985066878,7.67219707261788e-08,1.3559272441132e-06,"time12",4.14349617992677
"5171","SYTL2_HUMAN",0.783652311534409,0.875234715182315,3.82927995066961e-06,4.72232523287473e-06,"time12",0.3024242688626
"5172","PLXA4_HUMAN",0.107327557761612,0.236033690173088,8.1045572839739e-07,5.10372786369667e-06,"time12",2.65474612011465
"5173","SDF2L_HUMAN",0.109572655541283,0.237064899740731,3.64385976357951e-05,2.6293404709703e-05,"time0",-0.47076646975278
"5174","KC1G1_HUMAN",0.23573515097685,0.385343748435885,5.18103750711409e-06,3.95420231963735e-06,"time0",-0.389854338239577
"5175","SYF1_HUMAN",0.659200818819338,0.77814357525848,7.18904221173415e-06,1.13302335497524e-05,"time12",0.656306119802441
"5176","PREB_HUMAN",0.321901983361352,0.481428398199127,1.46250292660857e-05,1.96665806944158e-05,"time12",0.427306635370878
"5177","S10AE_HUMAN",0.00930112227797508,0.0537765548682325,0.000201314289491585,0.000396589209284711,"time12",0.97819584425943
"5178","SRA1_HUMAN",0.589638551626567,0.719932761419764,7.81696437018499e-07,4.19210133637486e-07,"time0",-0.89893487015763
"5179","AT131_HUMAN",0.215820664395305,0.361293954157275,1.25716858287564e-05,9.27769649946072e-06,"time0",-0.438339566892704
"5180","SPCS_HUMAN",0.18144920772142,0.324392732032339,0,6.53710306688856e-07,"time12",Inf
"5181","PTPRH_HUMAN",1,1,9.83461615448314e-07,1.09866427977889e-06,"time12",0.159809957234306
"5182","TM9S3_HUMAN",0.17311531842724,0.324245154269647,3.4880910915805e-05,4.45103749621397e-05,"time12",0.351703937701327
"5183","RETN_HUMAN",1.63912773132324e-07,0.000326350331306458,0.000994914867251706,0.000379011624079658,"time0",-1.39233098684817
"5184","APMAP_HUMAN",0.029325857758522,0.105966937925984,0.00302150962257271,0.00208523505835205,"time0",-0.535059515787522
"5185","TRXR2_HUMAN",0.0280078166969702,0.10307497789957,6.69978036853737e-07,2.1781513141002e-06,"time12",1.70091847300036
"5186","TUFT1_HUMAN",0.0224942712224497,0.0893339641035185,0,1.60591068076056e-06,"time12",Inf
"5187","BPIA1_HUMAN",0.0384184177964926,0.124917370440093,0.0100042582876562,0.0131098042910242,"time12",0.390031938245162
"5188","ABCB6_HUMAN",0.446872820710831,0.599409691916863,8.3536853698897e-07,4.61362727696661e-07,"time0",-0.856511350270638
"5189","ARFG3_HUMAN",0.00636093126661512,0.0443335384544832,1.16676371298454e-05,3.58499158988472e-06,"time0",-1.70247078381776
"5190","RAB18_HUMAN",0.205409692600369,0.349625856217291,0.000103954498963665,0.00011526232329151,"time12",0.148968808101271
"5191","SSU72_HUMAN",0.102639775576908,0.231520913716341,3.10335856568642e-06,1.4672559954743e-06,"time0",-1.08070979393228
"5192","VTA1_HUMAN",0.0174536686390638,0.0766549726331826,6.32780375849846e-05,4.72084816909348e-05,"time0",-0.422658774773878
"5193","PLPL8_HUMAN",0.0184211824858212,0.0793730758610123,2.92255390677461e-06,1.34891842743582e-06,"time0",-1.1154265281976
"5194","SYSM_HUMAN",0.478487407397376,0.627581309702356,7.94120189248013e-06,6.77762772826273e-06,"time0",-0.228576977526449
"5195","RT30_HUMAN",0.932646638965876,0.97016690605071,1.89763794298676e-06,1.15677659847523e-06,"time0",-0.714094489698166
"5196","DLRB1_HUMAN",0.0345367342233658,0.118180779735363,3.97898501797257e-05,6.55077839296192e-05,"time12",0.719265877473018
"5197","TREM1_HUMAN",0.028293051072653,0.103804910354396,1.85895000679848e-06,4.96890979600489e-06,"time12",1.41844137987743
"5198","EMC7_HUMAN",0.741259697119932,0.843191398302016,9.74732322397874e-06,1.1559020506921e-05,"time12",0.24594116085903
"5199","MMP25_HUMAN",3.58037926095699e-05,0.00297022296190224,5.90518923165559e-06,2.26343279813694e-05,"time12",1.93845727665373
"5200","ENY2_HUMAN",1,1,2.46857936248414e-06,2.4274807742001e-06,"time0",-0.0242211576466627
"5201","GPCP1_HUMAN",0.0423451137557072,0.134148169397591,1.61523306895839e-05,9.7052462526513e-06,"time0",-0.734905628409518
"5202","A4GAT_HUMAN",0.0683530349792642,0.177896591691131,3.41866895934182e-07,1.33337644828539e-06,"time12",1.96357751595164
"5203","NOP10_HUMAN",0.102917539402853,0.23179730876819,4.96518964730748e-07,1.6984951059872e-06,"time12",1.77433633306333
"5204","OSGEP_HUMAN",0.0775561667436655,0.193529823453119,8.74924023189283e-07,3.44958456323259e-06,"time12",1.97919298072511
"5205","ADAP2_HUMAN",0.30458604753525,0.461164122161736,4.40976631848648e-06,2.88940827488489e-06,"time0",-0.609928134919829
"5206","PPA6_HUMAN",0.18144920772142,0.324392732032339,0,6.93221482765658e-07,"time12",Inf
"5207","INO1_HUMAN",0.142213241936393,0.282889273214279,1.68436112839778e-07,1.9301589314452e-06,"time12",3.51844625383548
"5208","IL1AP_HUMAN",0.722282962716192,0.829653103135349,6.80113695984016e-07,8.32474178238392e-07,"time12",0.291629578452462
"5209","DCP1A_HUMAN",0.222041366726258,0.368916017651165,1.42933165740739e-06,6.44166178304483e-07,"time0",-1.14983589380277
"5210","ACO13_HUMAN",0.174735823215247,0.324392732032339,2.05811320324631e-05,3.49499844860261e-05,"time12",0.763969477639384
"5211","NLRC4_HUMAN",0.000283263623714447,0.00833464839628765,0.000382968510395548,0.000171111146439602,"time0",-1.16229202912532
"5212","RIC8A_HUMAN",0.253791924619774,0.406952796175546,1.81710440669349e-05,1.32323255012441e-05,"time0",-0.457574687101048
"5213","C1QR1_HUMAN",0.208412803684149,0.351652450961983,1.08875793268946e-06,2.21807772179367e-06,"time12",1.02662668831001
"5214","CK016_HUMAN",0.0224942712224497,0.0893339641035185,7.03582575772124e-08,2.09777501127214e-06,"time12",4.89799639042357
"5215","ISK5_HUMAN",0.0593893708302478,0.163095499755894,4.05449636440828e-06,1.0717186815156e-05,"time12",1.40233163429662
"5216","LZTL1_HUMAN",0.569857597351074,0.708673626687064,4.5825520816343e-05,6.56823146389465e-05,"time12",0.519353691076695
"5217","CASS4_HUMAN",0.132298661876269,0.270901579495015,3.95466501426567e-06,1.21936580854154e-06,"time0",-1.69742449627851
"5218","GPC5C_HUMAN",0.0497101210057736,0.148831354770669,1.30747902309948e-05,2.03756952088296e-05,"time12",0.640061483856078
"5219","TIGAR_HUMAN",0.100000618072013,0.227011289394017,3.77177454399157e-07,1.07151076571521e-06,"time12",1.50633099787525
"5220","RTN4_HUMAN",0.000344958156347275,0.00936561394482852,6.18021814241923e-05,9.88601347309706e-05,"time12",0.677731110985367
"5221","CYLD_HUMAN",0.247273502000825,0.399071771805168,1.60201981601615e-05,9.10606599438069e-06,"time0",-0.814992172972436
"5222","IFT46_HUMAN",0.779954944597959,0.87192043497728,3.36054448731642e-05,4.32900837803059e-05,"time12",0.365341590132972
"5223","HINT3_HUMAN",0.0173807792217701,0.0766549726331826,2.11277469382608e-05,3.28188431384599e-05,"time12",0.635385458307682
"5224","RPR1B_HUMAN",0.432093597163049,0.58576828321718,5.97547757625609e-06,9.53801326092908e-06,"time12",0.674634766773981
"5225","RRAGD_HUMAN",0.141482121482793,0.282889273214279,3.83993490387956e-07,1.4876732172532e-06,"time12",1.95390389929933
"5226","DAAF6_HUMAN",0.18144920772142,0.324392732032339,0,3.5243641234088e-07,"time12",Inf
"5227","PFD4_HUMAN",0.871207794174552,0.925929564876263,8.72239178432794e-06,9.15299165449858e-06,"time12",0.0695195717033449
"5228","NIT2_HUMAN",0.0164312124252319,0.0737367631975284,5.63729044670432e-05,6.98548209067082e-05,"time12",0.309357783615273
"5229","GPR84_HUMAN",0.489853845560898,0.638284690125489,1.93839292273587e-06,1.46837359619041e-06,"time0",-0.400641964772284
"5230","KI13B_HUMAN",0.178513658005411,0.324392732032339,1.03776324082167e-05,1.3549373183134e-05,"time12",0.38474877221031
"5231","XPP1_HUMAN",0.00218777544796467,0.0241684411185438,3.79718296623202e-05,5.85041286600049e-05,"time12",0.623608923359409
"5232","MYO5C_HUMAN",0.0840654782950878,0.203535914818224,7.08066012992756e-05,0.00016599985744065,"time12",1.2292262284513
"5233","BIN3_HUMAN",0.104529026226966,0.233106815154345,6.80530668621715e-05,1.19579368626549e-05,"time0",-2.50869168065263
"5234","STAR7_HUMAN",0.271898710819648,0.427044701479295,3.11260366668639e-07,7.39348624891657e-07,"time12",1.24813291087832
"5235","BIRC6_HUMAN",0.0815059551344267,0.20034801055267,4.90196166496442e-06,2.20727159806876e-06,"time0",-1.15109504208997
"5236","PDLI7_HUMAN",0.0105982609093189,0.0578602989636777,7.24311945931146e-05,4.1963392893532e-05,"time0",-0.787479839783678
"5237","ACSA_HUMAN",0.0321345507332682,0.11326585613609,5.90854415616569e-06,2.52199908457934e-06,"time0",-1.22823494736271
"5238","DBLOH_HUMAN",0.198075799271464,0.343826430993449,4.16060954999401e-05,2.30632484126492e-05,"time0",-0.851199177822983
"5239","DDX21_HUMAN",0.529368106184798,0.674615251429108,5.06317314930849e-06,5.39073475198672e-06,"time12",0.0904401022662494
"5240","SAR1A_HUMAN",0.0120476223528385,0.0622193255917365,0.000175781006244588,0.000132894925397242,"time0",-0.403493174387291
"5241","SIAS_HUMAN",0.381798435002565,0.54065482509965,0.000108163338176757,0.000129557030027649,"time12",0.260375718800587
"5242","SHLB2_HUMAN",0.603790847437897,0.732867858513831,3.10232490480985e-05,2.83471307692471e-05,"time0",-0.130147070642849
"5243","EI2BG_HUMAN",0.614945097499307,0.741734060453022,2.57566278490404e-06,3.62771258767489e-06,"time12",0.49411643721837
"5244","MBNL1_HUMAN",0.100412493986103,0.227011289394017,8.28008850527336e-06,4.30028942898958e-06,"time0",-0.945212425666571
"5245","TLR8_HUMAN",0.00912519081377878,0.0536965005077396,3.9868526233315e-05,1.45423247701022e-05,"time0",-1.45499235583285
"5246","MXRA5_HUMAN",0.441208519505878,0.594481950599731,1.02947836945274e-06,1.11453448589671e-06,"time12",0.114527739545524
"5247","PDGFC_HUMAN",0.0331834311510942,0.114768172707287,2.07592789389888e-06,5.37345587510835e-06,"time12",1.37209390567271
"5248","S17A5_HUMAN",0.315174424989568,0.47383258003088,3.50687552856474e-06,1.99748599366647e-06,"time0",-0.812000838103125
"5249","4ET_HUMAN",0.00669228378824031,0.0454238762126811,2.09548374988048e-06,1.66871704074829e-07,"time0",-3.6504720864975
"5250","CHSTC_HUMAN",0.589638551626567,0.719932761419764,6.73870839118602e-07,3.68541795955871e-07,"time0",-0.870643853224242
"5251","FBX6_HUMAN",0.360423995448255,0.521659944304294,2.9403062136691e-06,1.79849252202474e-06,"time0",-0.709178249256873
"5252","PICK1_HUMAN",0.478487407397376,0.627581309702356,5.63964809071145e-06,6.82224693941659e-06,"time12",0.274641833497288
"5253","DUOX2_HUMAN",0.0121459523645502,0.0623262658706688,3.02248845455325e-06,1.06489738108395e-05,"time12",1.81690567801173
"5254","DUOX1_HUMAN",0.0629428047254263,0.168817859283777,4.46959231590986e-05,7.34166830883421e-05,"time12",0.715964690874613
"5255","PYRG2_HUMAN",0.000632739428044683,0.0129325918762508,4.02579816708921e-06,1.21419300182362e-05,"time12",1.59265101330325
"5256","SMYD2_HUMAN",0.00804523748656169,0.0507972552930581,2.29435080076824e-07,1.71473389679073e-06,"time12",2.9018268092984
"5257","D39U1_HUMAN",0.195538859103995,0.341307307255454,1.74689511923385e-06,9.97992240085329e-07,"time0",-0.807692490764887
"5258","AAAS_HUMAN",0.201203985898768,0.345670985066878,2.49489275078771e-06,3.40168940659985e-06,"time12",0.447273621795981
"5259","CCL28_HUMAN",0.00123013955537317,0.0175641036696892,2.44946203636267e-06,1.43807103543244e-05,"time12",2.55359810446392
"5260","ABCBA_HUMAN",0.00704628208611533,0.0465569058632377,2.45044531454548e-06,5.40343638245922e-06,"time12",1.14083324782297
"5261","BAZ1A_HUMAN",0.787406490666269,0.875335747022078,3.38744791548158e-07,4.52105894507831e-07,"time12",0.416461963348472
"5262","STRN4_HUMAN",0.0206718115364889,0.0854093243821853,5.09274685193679e-06,2.13047287595793e-06,"time0",-1.25727032214428
"5263","ADPPT_HUMAN",0.614945097499307,0.741734060453022,2.44340382337029e-06,1.64233275530851e-06,"time0",-0.573145855545489
"5264","OSTC_HUMAN",0.154674139250427,0.299386384493394,6.97382175454521e-06,5.37383892624985e-06,"time0",-0.375996411309974
"5265","STK36_HUMAN",0.100348246462291,0.227011289394017,0,1.26140117436885e-06,"time12",Inf
"5266","PLS4_HUMAN",0.0142661867014469,0.0681564973087937,5.17917394670429e-08,1.46711613299591e-06,"time12",4.82411725184294
"5267","SNX15_HUMAN",0.504879873834092,0.653191829016084,1.15673752074158e-06,1.26455153992468e-06,"time12",0.128564304076445
"5268","HEBP1_HUMAN",0.00493853066839029,0.0379637627828767,2.04786229057538e-05,3.14803343268924e-05,"time12",0.62033215869117
"5269","ABC3C_HUMAN",0.0208625823327655,0.0854093243821853,3.35624831924462e-07,3.0820354524723e-06,"time12",3.19896209145193
"5270","VPS45_HUMAN",0.0134711970182132,0.0671211407779026,2.08619974626706e-07,2.02235815989882e-06,"time12",3.27708931880674
"5271","PHP14_HUMAN",0.059942201937219,0.163710458240059,2.14340238929344e-05,1.66484616156612e-05,"time0",-0.364513845537591
"5272","SERC1_HUMAN",0.639436021809806,0.761873036867325,7.48189643927063e-06,8.57187146687667e-06,"time12",0.196206220364156
"5273","F1142_HUMAN",0.0254159045415639,0.0965093438186659,1.72897978343997e-05,7.43661465739164e-06,"time0",-1.21720307682576
"5274","PLCC_HUMAN",0.119722411520657,0.253133438588631,8.16454898659641e-07,1.83459319540517e-06,"time12",1.16801509586924
"5275","C1GLT_HUMAN",0.563317799720071,0.701563223045868,6.75120918550514e-07,1.0272970896942e-06,"time12",0.605635636418174
"5276","RGS18_HUMAN",0.00398888296414176,0.033728160269308,2.07913984286952e-05,5.33965897923633e-06,"time0",-1.96116728575667
"5277","TOM22_HUMAN",0.0554321628684673,0.159487624669246,2.39762092026017e-06,1.0677288931212e-05,"time12",2.15486989678915
"5278","LANC2_HUMAN",0.00197856658591968,0.0227871046678546,1.90874480001564e-06,6.97907079756658e-06,"time12",1.87041074025324
"5279","TM7S3_HUMAN",0.22127181567247,0.368046938182028,9.99496947652253e-07,3.72114291489908e-07,"time0",-1.42545636121455
"5280","SEM3G_HUMAN",0.529368106184798,0.674615251429108,1.70479531359454e-06,8.91118188778488e-07,"time0",-0.935909838509202
"5281","CNBP1_HUMAN",0.0524917391465267,0.153768100991763,1.33602490495853e-06,3.19852586192131e-06,"time12",1.25946024686122
"5282","KRT84_HUMAN",0.728158257653175,0.832878068357414,6.37706750750562e-05,0.000134966252562804,"time12",1.08163365708763
"5283","KRT82_HUMAN",0.361310428526179,0.521659944304294,1.49152261227783e-07,1.75442344820703e-06,"time12",3.55613924417249
"5284","HOME3_HUMAN",0.00922514613907298,0.0537765548682325,2.99684511010386e-06,6.15074028782448e-07,"time0",-2.28461255586219
"5285","SIA7A_HUMAN",0.00101359196451101,0.016016361915408,8.82532102208903e-06,2.89100307477259e-05,"time12",1.71184948056464
"5286","SYFB_HUMAN",0.00137316162235749,0.0184028698027074,3.43354246820203e-05,4.77700607226337e-05,"time12",0.476408902803475
"5287","SYIM_HUMAN",0.381798435002565,0.54065482509965,0.000129875537764653,0.000117403844960025,"time0",-0.145650065498279
"5288","SAMN1_HUMAN",0.00105162226598188,0.0162308521827126,2.74605322717168e-05,5.69374841235935e-06,"time0",-2.26990893798835
"5289","KLC4_HUMAN",0.776388431769708,0.870906054059416,2.30377649471529e-06,2.33064138556954e-06,"time12",0.0167262771496849
"5290","ATG3_HUMAN",0.0277414377778769,0.10228370854769,6.85765956932508e-05,4.9513836913634e-05,"time0",-0.469884536619321
"5291","SIR3_HUMAN",0.776105215665758,0.870906054059416,1.63752299624211e-06,1.69740052528337e-06,"time12",0.0518118620241699
"5292","PDS5B_HUMAN",0.965505115951086,0.98986647057601,8.82065515569537e-05,9.22639625642469e-05,"time12",0.064881438594359
"5293","SMC4_HUMAN",0.401678166469773,0.560828351641878,7.08314845336533e-07,1.81706817473447e-07,"time0",-1.962778230388
"5294","MA2C1_HUMAN",0.647370988319675,0.768800805581449,6.33041764302863e-06,9.1337853206361e-06,"time12",0.528912198019769
"5295","SAC1_HUMAN",0.762099583946506,0.857900643594511,7.36735564010317e-05,6.340781695944e-05,"time0",-0.216486178920802
"5296","OLA1_HUMAN",0.982748526001329,1,5.89866245648433e-05,5.97814135172267e-05,"time12",0.0193091544732334
"5297","CUTC_HUMAN",0.930591460030879,0.97016690605071,2.14540794834954e-06,2.41062421322906e-06,"time12",0.168154768374157
"5298","ECHD1_HUMAN",0.559337093395305,0.697478175125294,4.64542603176044e-05,3.61096412907049e-05,"time0",-0.363426823376231
"5299","RBM12_HUMAN",0.420913477889276,0.57420079062492,1.34342582212281e-05,9.73995151403821e-06,"time0",-0.463930168846605
"5300","ANKE1_HUMAN",0.204893893816379,0.349625856217291,9.21706630309479e-07,3.72955880041972e-06,"time12",2.01662543863102
"5301","TB22B_HUMAN",0.529368106184798,0.674615251429108,1.51424054392856e-06,1.07161955393022e-06,"time0",-0.498801590623564
"5302","ACS2L_HUMAN",0.894875539571119,0.945531858810949,1.70424248899774e-05,1.39637250546203e-05,"time0",-0.287446769101298
"5303","ABHDA_HUMAN",0.700032921507955,0.810014846990898,4.50812554845398e-05,4.34814308493254e-05,"time0",-0.0521282781096352
"5304","T11L1_HUMAN",0.401678166469773,0.560828351641878,2.31561728835127e-06,9.84620893491582e-07,"time0",-1.23375657409225
"5305","SHFL_HUMAN",0.18144920772142,0.324392732032339,0,2.56445948059107e-07,"time12",Inf
"5306","LMBD1_HUMAN",0.475495811536078,0.627005826166856,2.83345626436633e-05,2.52447675153474e-05,"time0",-0.166578542639714
"5307","BL1S4_HUMAN",0.185143724157873,0.327566192060123,4.16160734389014e-07,1.11325850821155e-06,"time12",1.41957588239441
"5308","LIN7C_HUMAN",0.0249060281857056,0.0954013820089054,3.63912309584059e-06,8.32225734170193e-06,"time12",1.19338404808108
"5309","PLCE_HUMAN",0.583882420770365,0.719374937966459,3.55455998799017e-07,7.85161760927481e-07,"time12",1.14331892964488
"5310","SPS2L_HUMAN",0.100348246462291,0.227011289394017,3.70443335322705e-08,8.80936539103105e-07,"time12",4.57171331063566
"5311","UFSP2_HUMAN",0.0554321628684673,0.159487624669246,1.80091300489418e-06,3.20758259980685e-06,"time12",0.832757925300552
"5312","ABCF3_HUMAN",0.691800758253758,0.803759177018031,6.44977349655195e-06,6.0088179187456e-06,"time0",-0.102167291297522
"5313","CYRIB_HUMAN",0.807830415666103,0.887632647677269,0.000309772179242842,0.000326969804250593,"time12",0.0779498276443194
"5314","OTULL_HUMAN",0.318746328073985,0.477639693323108,1.67879115131528e-05,2.14098144650497e-05,"time12",0.350849529447999
"5315","GIMA4_HUMAN",0.0107248708708659,0.0582360488288018,1.05185128139727e-05,2.30201827957525e-05,"time12",1.12996854945405
"5316","TBC23_HUMAN",0.0439795449516831,0.136915420577791,5.88240939022394e-06,2.62947667268753e-06,"time0",-1.16163149499169
"5317","EXOC1_HUMAN",0.368401716497868,0.528231767165037,3.22660825113086e-05,2.72451703020223e-05,"time0",-0.244017919177833
"5318","CC50A_HUMAN",0.059942201937219,0.163710458240059,0.000203517090891398,0.000130625135636128,"time0",-0.639717418515642
"5319","UQCC1_HUMAN",0.47719661998877,0.627005826166856,1.70180208780768e-06,1.36676194712868e-06,"time0",-0.316301281144065
"5320","SEP11_HUMAN",0.00123013955537317,0.0175641036696892,3.66139227583868e-07,7.57668735462439e-06,"time12",4.37110296244576
"5321","PARVA_HUMAN",0.224015384088612,0.371472484497857,1.05532950647323e-06,1.92148912927127e-06,"time12",0.864531291219187
"5322","UBP40_HUMAN",0.18144920772142,0.324392732032339,0,2.89543699243882e-07,"time12",Inf
"5323","PANK4_HUMAN",0.019871648498973,0.0831609795038593,8.06427380443278e-06,2.34437123357094e-06,"time0",-1.78234358308416
"5324","TBC13_HUMAN",0.0626119113116437,0.168535802732964,8.12339065970024e-06,5.04957936156105e-06,"time0",-0.685918812340527
"5325","DJC11_HUMAN",0.41849223344682,0.572386780791985,1.63140960269594e-07,4.67972661273881e-07,"time12",1.52030520163786
"5326","INT7_HUMAN",0.906329390836487,0.952411233544394,1.39896288877143e-06,1.48415295934565e-06,"time12",0.085282094573239
"5327","TMLH_HUMAN",0.0149061177689913,0.0693953557554052,9.58551465965278e-07,2.92949104575324e-06,"time12",1.6117222408337
"5328","ATD3A_HUMAN",0.502654307083789,0.651266912973947,5.68967105724409e-05,4.45137530160079e-05,"time0",-0.354094105413055
"5329","ARL8B_HUMAN",0.776568833738566,0.870906054059416,0.000213892186721292,0.000168809204427098,"time0",-0.341490213147829
"5330","FGOP2_HUMAN",0.755657737671463,0.854675945296658,3.68523660657795e-06,1.49721154488075e-06,"time0",-1.29947917104646
"5331","DDX18_HUMAN",0.41849223344682,0.572386780791985,2.90711325638724e-07,8.56769291618648e-07,"time12",1.55931949423128
"5332","DZAN1_HUMAN",0.944182513250483,0.975815282932568,7.5140700222131e-07,5.26387848995358e-07,"time0",-0.513468373599319
"5333","INT10_HUMAN",0.55093480568048,0.693516036739622,1.15950085371764e-06,2.76234412443114e-06,"time12",1.25238917514071
"5334","KTU_HUMAN",0.00915168885265007,0.0536965005077396,0,1.80106793159328e-06,"time12",Inf
"5335","PNPO_HUMAN",0.000847689150586509,0.0147763898312955,1.090970690462e-06,6.39188214121575e-06,"time12",2.55062846353976
"5336","ARMC1_HUMAN",0.799846105662473,0.881454020133202,5.46650719807652e-07,6.97360469410595e-07,"time12",0.351285262374602
"5337","NECP2_HUMAN",0.000736783824175787,0.0136247980860742,5.22350805984437e-06,1.73403783220127e-05,"time12",1.73104443666989
"5338","RBM28_HUMAN",0.142213241936393,0.282889273214279,3.19327971983327e-06,2.97627547312537e-07,"time0",-3.42345896505457
"5339","ANO10_HUMAN",0.00265035667925127,0.0263967921902747,1.74333967034741e-05,4.06432235193322e-05,"time12",1.22116114059268
"5340","RBM22_HUMAN",0.308063229907199,0.46536714017089,1.64152108067812e-06,9.84776858679479e-07,"time0",-0.737164511981343
"5341","IFT57_HUMAN",0.34262698961062,0.504937332579382,3.42754602849881e-05,5.27321337690939e-05,"time12",0.621506335470446
"5342","PHAG1_HUMAN",0.0757566257409905,0.191274462207852,4.52154383054797e-05,1.02385708748158e-05,"time0",-2.1428010944043
"5343","PIHD1_HUMAN",1,1,6.00081329877272e-07,4.5946014678844e-07,"time0",-0.385218315777516
"5344","RMND1_HUMAN",0.572081696065726,0.71055187577471,2.17763747051094e-06,1.91569629726073e-06,"time0",-0.1848949333773
"5345","HIF1N_HUMAN",0.168166829372509,0.318128129141878,2.51634450292284e-06,8.90520813374221e-07,"time0",-1.49860821379717
"5346","GID8_HUMAN",0.330531408238157,0.490523698298271,1.62763011383919e-05,2.33809363147306e-05,"time12",0.522559827293525
"5347","CZIB_HUMAN",0.140283040702343,0.282889273214279,3.85853327721083e-05,2.47348643784375e-05,"time0",-0.641506558854009
"5348","BABA1_HUMAN",0.0184660864969122,0.0793730758610123,2.45286542095066e-07,1.24633922450631e-06,"time12",2.3451568036011
"5349","NRK1_HUMAN",0.0210979717247784,0.0861957490506848,7.92477838489632e-07,2.77609615210522e-06,"time12",1.80861504136847
"5350","HPF1_HUMAN",0.944182513250483,0.975815282932568,8.26342168622523e-07,7.03140633349926e-07,"time0",-0.232926023153396
"5351","IRAK4_HUMAN",0.00163634547426393,0.0201939907392117,2.58052482011621e-05,5.77167739271651e-06,"time0",-2.16060193896888
"5352","NALP2_HUMAN",0.010479750627497,0.0578602989636777,2.43072581764894e-06,3.86873480747639e-05,"time12",3.9924027651279
"5353","COMD8_HUMAN",0.778632462360678,0.87192043497728,3.25780899122474e-05,3.3506389045571e-05,"time12",0.0405341973168281
"5354","NDUBB_HUMAN",0.919080601875762,0.96214441167896,6.85849505785071e-06,6.99962250773717e-06,"time12",0.0293850748552791
"5355","SDHF2_HUMAN",0.280712665268496,0.435732003546966,1.25726668004689e-07,5.29052199361229e-07,"time12",2.0731193803775
"5356","RM16_HUMAN",0.18144920772142,0.324392732032339,0,1.59282258590198e-06,"time12",Inf
"5357","OCAD1_HUMAN",0.299310255206884,0.453866502754689,7.03706435496165e-06,1.02592028728876e-05,"time12",0.543873027874618
"5358","ADPRS_HUMAN",0.0903104359558655,0.215339015554645,6.37189254458071e-06,1.03174852293865e-05,"time12",0.695297530358181
"5359","MARH5_HUMAN",0.529368106184798,0.674615251429108,3.4361790903325e-07,6.73008934373415e-07,"time12",0.969820426818022
"5360","HYPK_HUMAN",0.197326044882155,0.343823939930312,3.60168777036686e-07,2.06637026056771e-06,"time12",2.52035376047263
"5361","IMPA3_HUMAN",0.0120369481070948,0.0622193255917365,6.90790681240805e-07,3.21599366898689e-06,"time12",2.21894404025714
"5362","MIC19_HUMAN",0.0163872206505971,0.0737367631975284,9.8434920494425e-06,1.97867599547243e-05,"time12",1.00729327518483
"5363","DUS2L_HUMAN",0.754752501290184,0.854299164336985,9.30346841592913e-06,6.36117523135445e-06,"time0",-0.548475337067781
"5364","SIR5_HUMAN",0.437996240802996,0.591755608757362,4.78303285071625e-06,3.37940380524051e-06,"time0",-0.501156951491413
"5365","MKS1_HUMAN",0.0224942712224497,0.0893339641035185,0,3.7861182379214e-06,"time12",Inf
"5366","GFOD1_HUMAN",0.855132140584706,0.913870841181422,8.24268267858656e-07,9.33601098190863e-07,"time12",0.179692302080214
"5367","MIO_HUMAN",0.787406490666269,0.875335747022078,5.83829156941875e-07,8.12049000149598e-07,"time12",0.476020522133772
"5368","MTMRA_HUMAN",0.833634883024682,0.902699570197702,6.33754618094648e-07,8.34621354225039e-07,"time12",0.397197478280988
"5369","NSMA3_HUMAN",0.576328596521652,0.714637888109576,1.1554923160592e-05,9.55485567245002e-06,"time0",-0.274201679667514
"5370","TEX10_HUMAN",0.0244914162366539,0.0949962689859689,1.24570393944308e-06,4.16714121002848e-06,"time12",1.74209675822145
"5371","THUM1_HUMAN",0.0224942712224497,0.0893339641035185,0,2.74682744412866e-06,"time12",Inf
"5372","TOR4A_HUMAN",0.0466642932561762,0.142207052866908,7.09310441427361e-05,3.59844996823485e-05,"time0",-0.9790415852938
"5373","PGPI_HUMAN",0.361310428526179,0.521659944304294,1.45930075669779e-07,9.80842670023435e-07,"time12",2.74874449436246
"5374","GDAP2_HUMAN",0.015756286644909,0.0722503599484743,1.71287217203834e-05,7.50097484747322e-06,"time0",-1.19126748066434
"5375","NDE1_HUMAN",0.315174424989568,0.47383258003088,1.89604206646396e-06,1.69991399432567e-06,"time0",-0.157529216584019
"5376","BABA2_HUMAN",0.147406160559365,0.291445546845775,7.32209620919048e-06,1.03839853879533e-05,"time12",0.504031623060908
"5377","CARF_HUMAN",0.274783426342764,0.431121987272217,6.06177839667191e-06,4.58740669713226e-06,"time0",-0.402062296389904
"5378","GAR1_HUMAN",0.487350888252288,0.638225576744336,1.1941142353743e-05,1.42623406639002e-05,"time12",0.256269909942567
"5379","STAB1_HUMAN",0.271898710819648,0.427044701479295,1.63189310452892e-06,4.50187210733442e-05,"time12",4.78590660890784
"5380","CLC5A_HUMAN",0.103142005492008,0.231953011597804,6.80073202447171e-06,2.79774362962429e-06,"time0",-1.28142627743028
"5381","PP4R2_HUMAN",0.0103239347370814,0.0574160727975671,6.42878958233801e-06,1.79308297021301e-06,"time0",-1.84210488466027
"5382","DPP3_HUMAN",0.236652344465256,0.385471626258787,0.000126769185098891,0.000110774678928992,"time0",-0.194575954216051
"5383","CLDN1_HUMAN",0.046504242464804,0.142009120778259,7.79805746669367e-07,2.14307700620595e-06,"time12",1.45849699902029
"5384","TBA8_HUMAN",0.404494503512979,0.563180808737301,0.000253283469460178,0.000211078826855486,"time0",-0.262971052281205
"5385","B3GN2_HUMAN",0.00310504222263277,0.0288435726217505,2.36498208420544e-06,5.97646869958208e-06,"time12",1.337464040174
"5386","TE2IP_HUMAN",0.583882420770365,0.719374937966459,3.42923407795223e-07,5.14845917891714e-07,"time12",0.58625434452152
"5387","ABI2_HUMAN",0.361310428526179,0.521659944304294,3.00820528833704e-07,9.96923083291231e-07,"time12",1.72857917515472
"5388","DYH9_HUMAN",0.0340842377425488,0.11700296094037,0.000209984706600386,0.000413880542836325,"time12",0.97893016806858
"5389","BCLF1_HUMAN",0.62406453246517,0.748651828161169,8.61218276239941e-07,5.52880167377729e-07,"time0",-0.639412114777612
"5390","UTP6_HUMAN",0.18144920772142,0.324392732032339,0,2.73250083498738e-06,"time12",Inf
"5391","RM39_HUMAN",0.88708754228948,0.939243990004205,2.45642667251646e-06,4.80513544259267e-06,"time12",0.968015923453067
"5392","FKB11_HUMAN",0.141482121482793,0.282889273214279,4.77571217669249e-07,1.35501537543565e-06,"time12",1.50452142623038
"5393","TMOD3_HUMAN",0.044907208532095,0.138334583064571,4.32551172300651e-05,8.1105572051096e-05,"time12",0.90693021408302
"5394","CELR1_HUMAN",0.10750800928017,0.23616967246431,3.02455042259771e-05,2.7924004501208e-05,"time0",-0.115214863076036
"5395","FAT2_HUMAN",0.102917539402853,0.23179730876819,1.2540996472744e-06,6.666151662516e-06,"time12",2.4102021555362
"5396","KBRS2_HUMAN",0.142368182702515,0.282889273214279,2.39212600052053e-06,7.68477102108347e-07,"time0",-1.63821920417965
"5397","UGGG1_HUMAN",0.145999491214752,0.289497335324625,0.000469042281013419,0.000370974516557162,"time0",-0.338397891029201
"5398","TECR_HUMAN",0.00127229659802761,0.0177328060954721,1.31349910765242e-05,2.91224499031959e-05,"time12",1.14871650587467
"5399","ERAP1_HUMAN",0.515848442912102,0.664330045173347,7.28722148247136e-05,0.000106049704542881,"time12",0.541299856799602
"5400","UBAP1_HUMAN",0.00778376250326014,0.0499694286487262,9.51817678752902e-06,1.95584131972297e-06,"time0",-2.28289592382531
"5401","ARP10_HUMAN",0.000154366700501092,0.00602635491564066,3.82419434850785e-06,1.02437669049847e-05,"time12",1.42151858099383
"5402","USE1_HUMAN",0.141482121482793,0.282889273214279,9.26302707190317e-07,3.06842282400741e-07,"time0",-1.5939864322578
"5403","CISD1_HUMAN",0.000730334102477186,0.0135896747479633,6.17057557047925e-06,1.69443446729319e-05,"time12",1.45732687079196
"5404","GGA3_HUMAN",0.69506336282602,0.806956123042319,3.48121620105798e-06,4.28891997676852e-06,"time12",0.301022982759652
"5405","CLIC5_HUMAN",0.229599700279643,0.378315851551557,8.40678856794595e-06,1.38712329422246e-05,"time12",0.722469332405776
"5406","F120A_HUMAN",0.00889687312696033,0.0531942174047388,7.61420185969592e-06,1.50038540796133e-05,"time12",0.97856841448037
"5407","GDE1_HUMAN",0.0527870006322246,0.154179342188889,3.6835267356626e-07,3.06728182959774e-06,"time12",3.05780111205672
"5408","GLTP_HUMAN",0.1003077909542,0.227011289394017,3.94012928332885e-05,5.60409285890941e-05,"time12",0.508237893092307
"5409","SPG21_HUMAN",0.787876494909947,0.875532335645975,1.15141032827123e-05,9.82621969727426e-06,"time0",-0.228693657823146
"5410","NINJ2_HUMAN",0.0423451137557072,0.134148169397591,3.46629519022169e-05,5.27009022144993e-06,"time0",-2.71749495441453
"5411","GPC5B_HUMAN",0.112594551560966,0.242614450387319,2.48178128362162e-06,4.86531830000428e-06,"time12",0.971158214326063
"5412","IL36G_HUMAN",0.070700276991926,0.181865957998611,3.66377340365714e-06,8.3820807543391e-06,"time12",1.19397814202333
"5413","UBIP1_HUMAN",0.610298655976554,0.737768442045732,5.30161878256387e-07,8.32902812714773e-07,"time12",0.6517152287921
"5414","MTCH1_HUMAN",0.0744313789580051,0.18910192535779,1.18962776796084e-06,2.56898190010983e-06,"time12",1.11068649781183
"5415","NUDT4_HUMAN",0.858891167593977,0.9169181311955,5.7136620643029e-06,5.92195359870533e-06,"time12",0.0516574760569321
"5416","ADA2_HUMAN",0.434912800080748,0.589055363918891,6.95857742068843e-06,9.89420706335414e-06,"time12",0.507791693822347
"5417","HPBP1_HUMAN",0.00473527385333772,0.0369722754588055,2.59986340234292e-06,7.13818159085873e-06,"time12",1.45712077752524
"5418","MAT2B_HUMAN",0.114452237704458,0.24502624222535,3.38866133770185e-05,2.44999222164338e-05,"time0",-0.467938292408034
"5419","MYOF_HUMAN",0.00145747698843479,0.0189678336198932,7.39047292705873e-05,0.000231594823105127,"time12",1.64786441219608
"5420","ITSN2_HUMAN",0.146081528322187,0.289497335324625,1.49539009515761e-05,6.72950194353086e-06,"time0",-1.15195024362806
"5421","EHD3_HUMAN",0.308063229907199,0.46536714017089,1.45078623859476e-06,1.69772542494766e-06,"time12",0.226768183227779
"5422","CNOT2_HUMAN",0.23395283347059,0.383374560855921,4.50061224746506e-07,1.11366871362128e-06,"time12",1.30712695460256
"5423","CALL5_HUMAN",0.183969093486667,0.326164261025782,0.000277018437256949,0.000399249728289915,"time12",0.527309426234256
"5424","OGFR_HUMAN",0.965505115951086,0.98986647057601,3.02893099139091e-05,2.66933230364288e-05,"time0",-0.182329792425009
"5425","MSRB1_HUMAN",0.134008414172667,0.273652053966953,1.23032609143068e-05,6.08171347513725e-06,"time0",-1.01649099086612
"5426","CHMP5_HUMAN",0.0572478263429757,0.162648302403985,1.94439008229306e-05,8.56666125523245e-06,"time0",-1.18251273316662
"5427","COMD9_HUMAN",0.931074675677839,0.97016690605071,1.27897202308895e-05,1.11666206888499e-05,"time0",-0.195792051628939
"5428","RM15_HUMAN",0.105645429201877,0.233106815154345,1.40101651966736e-07,5.48208335009414e-07,"time12",1.96825029622093
"5429","THYN1_HUMAN",0.127539031307677,0.26368661613041,6.78065782142522e-06,4.18468928164452e-06,"time0",-0.696304737478663
"5430","HACD3_HUMAN",0.0296152396113289,0.106383678231417,1.51318145482609e-06,4.9541464135332e-06,"time12",1.71105150594387
"5431","KLK14_HUMAN",0.18144920772142,0.324392732032339,1.23501325997243e-06,0,"time0",-Inf
"5432","EMC3_HUMAN",0.036241709702006,0.120664287653335,1.68185052342112e-06,4.37635235896963e-06,"time12",1.37967941043996
"5433","NDUAD_HUMAN",0.206296795500092,0.350557826322063,2.99763227524245e-05,3.77024412966473e-05,"time12",0.330834527221461
"5434","PDP1_HUMAN",0.764177155622095,0.859915250665179,5.5252271066696e-06,5.84751049654406e-06,"time12",0.0817887806141773
"5435","RAI14_HUMAN",0.449803788345075,0.601854396905272,3.25491916274897e-06,4.17849341809128e-06,"time12",0.360361149435188
"5436","VAPA_HUMAN",0.000231636688113213,0.00751938009837076,3.03586085865671e-05,5.39704369962109e-05,"time12",0.830063698965852
"5437","H2AW_HUMAN",0.0142661867014469,0.0681564973087937,0,4.8346979445328e-06,"time12",Inf
"5438","GSKIP_HUMAN",0.280712665268496,0.435732003546966,1.00395329555042e-07,3.72938922256383e-07,"time12",1.89324721781915
"5439","SH3B4_HUMAN",0.0674514032859279,0.175779769557961,5.55890444696552e-06,8.23071196359988e-06,"time12",0.566216646847116
"5440","SEP10_HUMAN",0.0149728329048281,0.0695974559848547,1.95065074987625e-06,5.83887971240002e-06,"time12",1.58173609347258
"5441","GMIP_HUMAN",0.00118079027619512,0.0171145294994228,0.000147881466993827,6.81753783899326e-05,"time0",-1.11711855275418
"5442","NTRI_HUMAN",0.0224942712224497,0.0893339641035185,0,1.82869638396394e-06,"time12",Inf
"5443","ABRAL_HUMAN",0.529368106184798,0.674615251429108,2.03026543955083e-07,1.43297178640543e-07,"time0",-0.502658154727272
"5444","VPS54_HUMAN",0.0360316862182336,0.120434953431175,3.79644618961657e-06,1.05410072333099e-06,"time0",-1.84863683116722
"5445","ARP3B_HUMAN",0.18144920772142,0.324392732032339,0,3.41378764906858e-07,"time12",Inf
"5446","CAMP3_HUMAN",0.401678166469773,0.560828351641878,2.02445046976405e-05,1.28723074702667e-05,"time0",-0.653259654386858
"5447","CACO1_HUMAN",0.00902006196943347,0.0536965005077396,7.05958909571665e-06,7.11352131480683e-07,"time0",-3.31094841317669
"5448","CC180_HUMAN",0.09383863903411,0.221540786937051,1.33545218277677e-06,4.17251413883844e-06,"time12",1.64358861852812
"5449","K1522_HUMAN",0.722282962716192,0.829653103135349,0.000130866887175592,2.41817730147844e-05,"time0",-2.43610817059959
"5450","DAPLE_HUMAN",0.418868678861839,0.572386780791985,7.58208701181069e-06,2.79286458762118e-05,"time12",1.88107870802658
"5451","DYH2_HUMAN",0.0268091307155959,0.0998322554639988,1.80630928525174e-05,4.33098578108323e-05,"time12",1.26165049656509
"5452","STIM2_HUMAN",0.320174066831492,0.479418325691777,1.51601042730136e-06,9.6406418494729e-07,"time0",-0.653078570831811
"5453","VPS18_HUMAN",0.85700537723392,0.915068487346837,1.26931254918255e-05,1.22111922139516e-05,"time0",-0.055843293260139
"5454","RCC2_HUMAN",0.0408622238214268,0.131149953189351,4.32110525174695e-06,6.69733178690594e-06,"time12",0.632186069225197
"5455","RELCH_HUMAN",0.154138803324394,0.29882215912256,3.75745473917373e-06,9.46956125228898e-06,"time12",1.33354185757862
"5456","DIP2B_HUMAN",0.436312469358833,0.589747540049855,1.83349751218385e-05,1.70513385730022e-05,"time0",-0.104713309614992
"5457","SLAI2_HUMAN",0.18144920772142,0.324392732032339,6.08493261232807e-07,0,"time0",-Inf
"5458","BCCIP_HUMAN",0.352542137499713,0.513719001533492,3.33152193622122e-07,9.36825891585787e-07,"time12",1.49159955598432
"5459","STK26_HUMAN",0.00602998215296531,0.0424607496668727,0.000102106947757144,5.2054423337822e-05,"time0",-0.971988368960645
"5460","FPRP_HUMAN",0.0208625823327655,0.0854093243821853,2.37863036131488e-07,2.7840346671727e-06,"time12",3.54897417615912
"5461","HTR5B_HUMAN",0.109582485883837,0.237064899740731,7.51088541153233e-06,1.5495125333028e-05,"time12",1.04475953105989
"5462","DYH1_HUMAN",0.0160420619163945,0.0732562965035352,8.0516770454369e-06,3.99640173301663e-05,"time12",2.3113404037251
"5463","ZNFX1_HUMAN",0.842429645612509,0.908929240109017,2.83191844810705e-06,4.8990424552803e-06,"time12",0.790720073972118
"5464","RRBP1_HUMAN",0.00156181219870471,0.0197224191603874,6.10840289941616e-06,3.4545819291369e-05,"time12",2.49964399933612
"5465","AKIB1_HUMAN",0.148778617087727,0.292995278557532,1.0577641650707e-05,1.15571596697893e-06,"time0",-3.19415922124811
"5466","IFT80_HUMAN",0.0296549178394959,0.106383678231417,9.21133338095007e-06,3.41604727623716e-05,"time12",1.89084602822445
"5467","CPSF2_HUMAN",0.554113130069446,0.694735039022838,7.9705799130559e-07,8.20649100353803e-07,"time12",0.0420807811129252
"5468","SYLC_HUMAN",0.462224494903368,0.613935269748236,0.000124793437763181,9.51831703371315e-05,"time0",-0.390763659042401
"5469","C2D2A_HUMAN",0.0360316862182336,0.120434953431175,1.7013929520635e-06,6.79659639210496e-06,"time12",1.99809606967702
"5470","E2AK4_HUMAN",0.589638551626567,0.719932761419764,1.24975025253804e-06,3.55848824406071e-07,"time0",-1.81230344359476
"5471","WDR35_HUMAN",0.0696950591321883,0.180488698157916,2.85485459634692e-05,6.50937298731843e-05,"time12",1.18910131506071
"5472","CING_HUMAN",0.00419259258389319,0.0344936026220303,2.0725931704669e-08,6.4231836150671e-06,"time12",8.27570777065044
"5473","ANFY1_HUMAN",0.0443299239705107,0.137406661066871,0.000100044214546268,7.19737400680733e-05,"time0",-0.475095205977654
"5474","SUCB1_HUMAN",0.0143680358028092,0.0681564973087937,6.20302142838993e-05,3.93175542215938e-05,"time0",-0.657797528194645
"5475","WRP73_HUMAN",0.100348246462291,0.227011289394017,0,1.01505440188228e-06,"time12",Inf
"5476","GMPR2_HUMAN",0.424043468819015,0.576950259511611,4.62056990613109e-06,8.46342584437187e-06,"time12",0.87317095268652
"5477","STX18_HUMAN",0.878881028768379,0.932621126088815,7.52005203506245e-06,7.29477398409727e-06,"time0",-0.0438793652423857
"5478","DPM3_HUMAN",0.23730090419784,0.386106864825306,3.88247141421575e-06,5.82624346407728e-06,"time12",0.585590686934252
"5479","IMPCT_HUMAN",0.900085797418725,0.947942697893742,1.17559911874468e-06,1.15029814145792e-06,"time0",-0.0313883462767141
"5480","UVRAG_HUMAN",0.406941216918031,0.565138314031945,5.24122443238988e-07,1.04213969821192e-06,"time12",0.991572890516461
"5481","ATX10_HUMAN",0.00271719737185284,0.0268705627517831,4.08508664710905e-07,4.4675493146525e-06,"time12",3.45104507019269
"5482","MBD2_HUMAN",0.293621543928906,0.449665813510046,8.27014634594292e-07,1.87144162865133e-06,"time12",1.17816528622669
"5483","NCDN_HUMAN",0.100348246462291,0.227011289394017,0,9.81388714443996e-07,"time12",Inf
"5484","TFP11_HUMAN",0.760478502270913,0.857900643594511,2.82855511977071e-06,2.52704261956352e-06,"time0",-0.1626152888048
"5485","EP15R_HUMAN",0.515848442912102,0.664330045173347,2.68856048693327e-05,2.00889725735653e-05,"time0",-0.42043014852173
"5486","SPRR3_HUMAN",0.0443299239705107,0.137406661066871,0.000345690228160116,0.000879877089135846,"time12",1.34782218376563
"5487","RHCG_HUMAN",0.0815412713299081,0.20034801055267,6.32886332444926e-05,9.03039537963747e-05,"time12",0.512842742676033
"5488","SAE1_HUMAN",0.050507076485671,0.150613463728863,2.99619322278448e-05,6.45816551616949e-06,"time0",-2.21393434403846
"5489","COPG2_HUMAN",0.253436105325818,0.40660055254126,3.75046866082388e-05,2.95950157351112e-05,"time0",-0.34171666307853
"5490","PI4KB_HUMAN",0.787406490666269,0.875335747022078,1.53778149335081e-06,5.60464574176178e-06,"time12",1.86577266384846
"5491","CRNN_HUMAN",0.0309848096221685,0.110031074835442,0.000702130205125464,0.00124666421229787,"time12",0.828262430954437
"5492","I36RA_HUMAN",0.18144920772142,0.324392732032339,0,5.44637152503064e-07,"time12",Inf
"5493","COMD3_HUMAN",0.697115169474199,0.808361271067635,3.31767918147604e-05,4.12583306142254e-05,"time12",0.314511063500314
"5494","GBG12_HUMAN",0.0309848096221685,0.110031074835442,4.09737714446648e-05,5.56555083538136e-05,"time12",0.44182378920023
"5495","RBL2A_HUMAN",0.0163872206505971,0.0737367631975284,1.87618311284689e-05,3.20560034422555e-05,"time12",0.772793930059164
"5496","ASH2L_HUMAN",0.00169627235997648,0.0206772138900806,7.96198512486823e-08,2.28294217858625e-06,"time12",4.8416223337287
"5497","DHCR7_HUMAN",0.00391556730062004,0.0334587746589463,2.10774657160751e-06,7.45430411376937e-06,"time12",1.82237226541835
"5498","HDAC6_HUMAN",0.0696337497749372,0.180488698157916,7.28982520931666e-06,4.96411124355616e-06,"time0",-0.554348776970635
"5499","SPAST_HUMAN",0.0023768350959738,0.0250827491665221,1.06370686711968e-05,2.66932368319682e-07,"time0",-5.31648256434318
"5500","VPS29_HUMAN",0.370740607380867,0.530022414525112,5.78874790801502e-05,6.32402951345492e-05,"time12",0.127592770033191
"5501","EIF3K_HUMAN",0.95152647420764,0.978726989916003,1.83130298631676e-05,2.12690840893079e-05,"time12",0.215887405249888
"5502","GRHPR_HUMAN",0.0043382328003645,0.0349221893754409,6.51430352664078e-05,8.80514398286941e-05,"time12",0.434735653336384
"5503","CATZ_HUMAN",0.0497101210057736,0.148831354770669,4.04815043109243e-05,5.59966375912634e-05,"time12",0.468077298586692
"5504","DNJB9_HUMAN",0.183430618982178,0.326164261025782,7.13633097753201e-07,3.10851308928952e-06,"time12",2.12297022076416
"5505","DJB11_HUMAN",0.0762117245149028,0.191587807461075,0.000125561933320789,9.02747723065698e-05,"time0",-0.476004366393991
"5506","RNF14_HUMAN",0.672603817441517,0.788201412905273,9.61510615600517e-07,8.09920375550818e-07,"time0",-0.247522704268982
"5507","SAE2_HUMAN",0.793420613685745,0.87883896836063,1.60508818992657e-05,1.34324376773779e-05,"time0",-0.256931422553387
"5508","MO4L1_HUMAN",0.900085797418725,0.947942697893742,1.91521017079444e-06,2.44971199109176e-06,"time12",0.35510942483907
"5509","NXF1_HUMAN",0.0973952099409877,0.227011289394017,6.73142957949827e-06,2.75277971835833e-06,"time0",-1.29002376016041
"5510","SE1L1_HUMAN",0.618953802351261,0.744614513886018,1.8234551512811e-05,1.61130645871046e-05,"time0",-0.178443806169143
"5511","PEF1_HUMAN",0.134735083207488,0.273918533695822,0.000100858086944182,7.97721094965048e-05,"time0",-0.338370431706449
"5512","BIN2_HUMAN",0.626346288248897,0.749732741424982,0.000110095106259467,0.000102130135970612,"time0",-0.10834171120728
"5513","CSN7A_HUMAN",0.0272676890597106,0.101161432766243,2.32530403377265e-06,6.24487715321277e-06,"time12",1.42525383088046
"5514","DIC_HUMAN",0.153542058637839,0.298118887420557,1.49093448249188e-05,2.3545277335084e-05,"time12",0.659220854615703
"5515","FBLN5_HUMAN",0.000226168140335468,0.00751938009837076,4.68523826903279e-06,1.51175004111057e-05,"time12",1.69002529472108
"5516","KLK11_HUMAN",9.08551186277937e-05,0.0047603300312615,2.47365178509055e-05,6.85145902014279e-05,"time12",1.46976881606768
"5517","QCR9_HUMAN",0.0515399259729805,0.15278382902916,2.47724038652382e-05,3.65589363567194e-05,"time12",0.561490225672254
"5518","S14L3_HUMAN",0.0196328327501722,0.0823520698165325,4.65685605435827e-06,2.59828619830346e-05,"time12",2.48013215720683
"5519","MTFP1_HUMAN",0.0590582290905367,0.162648302403985,0,9.92906727008974e-07,"time12",Inf
"5520","ZO2_HUMAN",0.0537840888623983,0.156938135210115,7.02685479247119e-06,1.43846032353598e-05,"time12",1.03357443717011
"5521","MALT1_HUMAN",0.348688077541053,0.510970041009006,1.10996923477851e-06,7.40378433737188e-07,"time0",-0.584184912586528
"5522","VTI1B_HUMAN",0.00197281316860762,0.0227871046678546,1.71469003553368e-05,6.19163568321951e-06,"time0",-1.46955531333021
"5523","MARCO_HUMAN",0.18144920772142,0.324392732032339,0,3.18103342038992e-07,"time12",Inf
"5524","STK39_HUMAN",0.501738413648285,0.651266912973947,1.81880107922959e-05,2.0734794838141e-05,"time12",0.189066007215484
"5525","ADDG_HUMAN",0.655438425019384,0.775080917172991,6.21915750833316e-05,5.78289254586594e-05,"time0",-0.104927860675022
"5526","LRWD1_HUMAN",0.280712665268496,0.435732003546966,4.80885137046362e-07,1.25340297939617e-07,"time0",-1.93984200922198
"5527","CCD39_HUMAN",0.348009836629725,0.510351768767333,1.27499847968374e-05,3.16178720562684e-05,"time12",1.31024474800007
"5528","NPS3A_HUMAN",0.18281804252244,0.326164261025782,4.98570502617633e-05,3.83735477071593e-05,"time0",-0.377685378873412
"5529","CGBP1_HUMAN",0.0832230814775737,0.203160526303493,3.43786329818745e-06,1.13581773851842e-06,"time0",-1.59778083101659
"5530","IF172_HUMAN",0.166393708806611,0.315616976506832,0.000130933507772708,0.000228757873303796,"time12",0.804987047396455
"5531","PISD_HUMAN",0.280712665268496,0.435732003546966,1.40068956227499e-06,1.8711389902743e-07,"time0",-2.90414861105508
"5532","ABCF2_HUMAN",0.410116991679081,0.568359348329269,5.73112770594544e-06,1.68386021629765e-06,"time0",-1.76704666427089
"5533","TES_HUMAN",0.0195920098271995,0.0823520698165325,5.37999353904346e-05,2.9161889179514e-05,"time0",-0.883520256162156
"5534","STAP2_HUMAN",0.105645429201877,0.233106815154345,1.04116584762969e-08,5.39812804956341e-07,"time12",5.69618740013758
"5535","DMBT1_HUMAN",0.328469857573509,0.488655157979221,0.00335837506628442,0.00379546226609322,"time12",0.176512247810377
"5536","SYWM_HUMAN",0.698152376218751,0.808935818264713,3.01354443566686e-06,3.53659031753707e-06,"time12",0.230897767413369
"5537","CLM8_HUMAN",0.00396937829749632,0.033728160269308,4.58564219137789e-05,1.99225031515246e-05,"time0",-1.2027248632712
"5538","SEC63_HUMAN",0.0154439100883612,0.0711970693283157,2.76117189162088e-05,5.11329119666948e-05,"time12",0.888971485343432
"5539","GTR6_HUMAN",0.18144920772142,0.324392732032339,0,3.76565466742186e-07,"time12",Inf
"5540","SUSD2_HUMAN",0.0883489873405658,0.211506413380841,2.83459842040516e-06,8.00609787543407e-06,"time12",1.49795489093906
"5541","NDRG3_HUMAN",0.45908398187669,0.611352931680029,2.5550374564799e-06,2.13451089775597e-06,"time0",-0.259438912727712
"5542","ARMX3_HUMAN",0.197326044882155,0.343823939930312,3.50160089746048e-07,7.38275536411726e-07,"time12",1.07614469513786
"5543","SWP70_HUMAN",0.0221067884388793,0.0891585734945483,1.40947086533794e-05,2.417385233207e-05,"time12",0.778293741738433
"5544","SUN2_HUMAN",0.100397355854511,0.227011289394017,0.000280715844628218,0.000217434103937957,"time0",-0.368532256288627
"5545","LTOR3_HUMAN",0.0262289941310883,0.0984081544880592,3.74417013104194e-05,3.34973722096884e-05,"time0",-0.160598066947328
"5546","IL36A_HUMAN",0.0285436826589363,0.104595961056335,1.86570693241172e-05,5.37002940298444e-05,"time12",1.52520760390706
"5547","LIMA1_HUMAN",0.556298461274735,0.69514031573096,2.57015386605519e-06,2.54374092365641e-06,"time0",-0.0149029893772161
"5548","SRP68_HUMAN",1,1,1.76667279438176e-05,1.90956362364955e-05,"time12",0.112208126125925
"5549","IL19_HUMAN",0.932646638965876,0.97016690605071,7.25574670744095e-06,3.47670980776077e-06,"time0",-1.06140143940919
"5550","CHRD1_HUMAN",0.150785565027971,0.294905756356278,3.02526125792531e-07,9.98661126434463e-07,"time12",1.72293547722718
"5551","TBK1_HUMAN",0.0463162747914834,0.14175973090753,3.87833708010633e-05,2.37391012412349e-05,"time0",-0.708172882866152
"5552","SEPT9_HUMAN",0.000951774418354035,0.0154179762251497,7.00842517275343e-05,0.000108682250593352,"time12",0.632954141159885
"5553","UBQL2_HUMAN",0.787406490666269,0.875335747022078,9.5042677196023e-07,1.67793563070508e-06,"time12",0.820039991717836
"5554","PCYOX_HUMAN",0.251782879113893,0.404927069721939,0.000136892775098488,0.000112224932220376,"time0",-0.286653081393219
"5555","DDX20_HUMAN",0.0590582290905367,0.162648302403985,1.11360951302508e-06,0,"time0",-Inf
"5556","S23A1_HUMAN",0.0142661867014469,0.0681564973087937,0,2.88765685121281e-06,"time12",Inf
"5557","SHPK_HUMAN",0.529368106184798,0.674615251429108,1.12248134840645e-06,1.43038716504452e-06,"time12",0.349714223522307
"5558","AMACR_HUMAN",0.787406490666269,0.875335747022078,4.49915193184031e-07,3.09153852258058e-07,"time0",-0.541328103472781
"5559","DPP2_HUMAN",0.427954606711865,0.58081637488979,3.41645190095293e-05,2.59938371307204e-05,"time0",-0.394329199991007
"5560","DPOG2_HUMAN",0.589638551626567,0.719932761419764,2.44390599837287e-07,4.19310200842392e-07,"time12",0.778829133169465
"5561","CEIP2_HUMAN",0.808654478936302,0.888211328188035,1.0188671884738e-05,1.03549378152841e-05,"time12",0.0233528843763752
"5562","UBP25_HUMAN",0.477659735127587,0.627005826166856,3.32417352161977e-06,2.58438707369054e-06,"time0",-0.363173528396691
"5563","RSP14_HUMAN",0.223787753998765,0.371472484497857,1.27711096336444e-05,2.70743797547468e-05,"time12",1.08404440677451
"5564","BAP29_HUMAN",0.0302764098686474,0.108288021643971,3.74637347395178e-07,1.97400022016652e-06,"time12",2.39755551734906
"5565","NB5R1_HUMAN",0.000871820375323296,0.0148049152581706,2.14020281925832e-05,4.18059469162016e-05,"time12",0.965960658891484
"5566","BI2L1_HUMAN",0.597807770594955,0.72708324450492,4.68777436821196e-05,5.88831458459034e-05,"time12",0.328951618090288
"5567","PFD2_HUMAN",0.524344722126057,0.673094997906499,1.15182590299114e-05,1.55684724551339e-05,"time12",0.434704725489758
"5568","S12A6_HUMAN",0.130121209757529,0.266992094085098,6.69821684071133e-06,4.77084004883697e-06,"time0",-0.48953376288882
"5569","PUF60_HUMAN",0.879689841684979,0.932621126088815,1.35967656353371e-05,1.47608308419595e-05,"time12",0.118510420976348
"5570","AGRE2_HUMAN",0.27076012686279,0.427044701479295,4.34351313147854e-06,2.67623036804029e-06,"time0",-0.698660091638693
"5571","NRBP_HUMAN",0.187164007112394,0.330288380001852,5.39438122403005e-05,3.94566433150773e-05,"time0",-0.451189254010641
"5572","ENOPH_HUMAN",0.375320551300672,0.535033330052247,1.4493163054101e-05,1.69457772770955e-05,"time12",0.225553322959234
"5573","EVL_HUMAN",0.100000618072013,0.227011289394017,5.01163270441326e-07,3.60467069329593e-06,"time12",2.84651487674006
"5574","NDUAC_HUMAN",0.501738413648285,0.651266912973947,8.63031506094063e-06,7.11378328396438e-06,"time0",-0.278796203380989
"5575","EI2BD_HUMAN",0.0023768350959738,0.0250827491665221,9.30614279859976e-07,2.91032784171232e-06,"time12",1.6449264486655
"5576","VATH_HUMAN",0.000331374608897087,0.00929249079315635,2.5803811221192e-05,4.42048880094458e-05,"time12",0.776621738854826
"5577","TAGL3_HUMAN",0.759765825978067,0.857900643594511,1.23557477213734e-06,2.35800411000671e-06,"time12",0.93238391338884
"5578","IPO11_HUMAN",0.00124104092831126,0.0176074524104588,3.81685940469028e-07,2.8489260590255e-06,"time12",2.89996022798305
"5579","TR112_HUMAN",0.0351733826150206,0.119573485691245,7.59633245496843e-06,1.27009176058587e-05,"time12",0.741557779643057
"5580","CBPA4_HUMAN",0.104381970287785,0.233106815154345,6.87182687176541e-06,1.39005579492365e-05,"time12",1.01637719699339
"5581","DNAI1_HUMAN",0.00178440046863845,0.0213591663310169,7.70319700204225e-06,3.71419959494041e-05,"time12",2.26952211892803
"5582","CYH4_HUMAN",0.00202043193878914,0.0229430417687976,2.841917820566e-05,9.18215081297995e-06,"time0",-1.6299608039064
"5583","XPO7_HUMAN",0.0145487249403502,0.0681564973087937,3.29447992734092e-05,7.15188105633807e-05,"time12",1.1182720063969
"5584","LCMT1_HUMAN",0.435214053277576,0.589196178655249,7.00396760171799e-05,3.95644015356774e-05,"time0",-0.823969475603315
"5585","VPS51_HUMAN",0.0340842377425488,0.11700296094037,1.74851692845691e-05,1.01037422990585e-05,"time0",-0.791242015655049
"5586","TEKT2_HUMAN",0.0289664134077584,0.105113236503366,5.03674983216663e-05,0.000108494646020001,"time12",1.10705886911226
"5587","BAZ1B_HUMAN",0.142245169384134,0.282889273214279,1.17269633957371e-06,3.9491396336011e-06,"time12",1.75170889220859
"5588","ZDHC2_HUMAN",0.208412803684149,0.351652450961983,1.98797729219886e-07,8.97388515449308e-07,"time12",2.17443144317157
"5589","KAD3_HUMAN",0.134735083207488,0.273918533695822,8.22502421896779e-05,5.3982652007229e-05,"time0",-0.607524073072334
"5590","DAPK2_HUMAN",0.0100774334445274,0.0563073058598335,7.0215981452689e-05,3.47763025298176e-05,"time0",-1.01369488012903
"5591","LCAP_HUMAN",0.0726974142612456,0.185962165046004,6.65291972003495e-05,3.59395168804092e-05,"time0",-0.888416609556905
"5592","MBD1_HUMAN",0.201242620957724,0.345670985066878,9.11947660553894e-08,8.23426076254178e-07,"time12",3.1746162054159
"5593","CNOT7_HUMAN",0.281803628576277,0.436971202878012,1.07654925610761e-05,4.18011335268725e-06,"time0",-1.36480035994419
"5594","SPB13_HUMAN",0.0399559406961387,0.129374188373411,6.1739573007752e-05,0.000122656775518511,"time12",0.990359519690031
"5595","GGT7_HUMAN",0.352542137499713,0.513719001533492,0.000231233888774066,3.26458308266692e-07,"time0",-9.46823837589747
"5596","MSRA_HUMAN",0.0128945622490896,0.0647911684654303,0.000212695638800972,0.000118267699303215,"time0",-0.846734346341623
"5597","NAGK_HUMAN",0.0234101433306932,0.0919321407720123,0.000376240490302668,0.00043328682710944,"time12",0.203667258737634
"5598","HACL1_HUMAN",1,1,3.75187068676033e-07,4.2695985755038e-07,"time12",0.18649033080582
"5599","HOOK1_HUMAN",0.00648609893187563,0.0448396631019596,4.72420917524456e-05,0.000174895186617952,"time12",1.88834583473151
"5600","SH3L2_HUMAN",0.028293051072653,0.103804910354396,1.04093243141253e-06,4.15624209933648e-06,"time12",1.99740326902679
"5601","GNPTG_HUMAN",0.326799567668966,0.487749579631867,1.27116623463941e-06,2.07666777673619e-06,"time12",0.708117724999262
"5602","S2513_HUMAN",0.00284505134147752,0.0275421258713861,1.49928673262842e-05,2.58453945459005e-05,"time12",0.785630906717642
"5603","DBNL_HUMAN",0.00501261278986931,0.038237977259118,0.00032818529272841,0.000197682721813989,"time0",-0.731323807666129
"5604","DDX41_HUMAN",0.554113130069446,0.694735039022838,1.24311808866604e-06,2.78453634325868e-07,"time0",-2.15845432250209
"5605","DCTN4_HUMAN",0.0527870006322246,0.154179342188889,4.21294404367135e-07,1.76860573449368e-06,"time12",2.06971181257235
"5606","APC7_HUMAN",0.0803152550124048,0.197772189679956,1.936567895131e-05,3.9113807753391e-05,"time12",1.01417590772144
"5607","APC5_HUMAN",0.0591720678258594,0.162648302403985,1.92217620828391e-08,3.19924201307909e-06,"time12",7.37884572609367
"5608","APC4_HUMAN",0.793859521195975,0.87883896836063,9.80137189253314e-07,2.31271556013455e-06,"time12",1.23853223876791
"5609","GGA1_HUMAN",0.034835341502679,0.118762268718894,3.34281855292215e-06,2.08059121523424e-05,"time12",2.63785658579978
"5610","STML2_HUMAN",0.0107248708708659,0.0582360488288018,4.64837386453512e-05,7.81200105318527e-05,"time12",0.748966035648163
"5611","FBX2_HUMAN",0.0128512401874965,0.0647911684654303,1.44333009111775e-07,2.86376001556059e-06,"time12",4.3104374105849
"5612","VPS28_HUMAN",0.00145747698843479,0.0189678336198932,6.68772971197453e-05,3.84959795900051e-05,"time0",-0.796808758605786
"5613","LSM7_HUMAN",0.0323129112432441,0.11326585613609,1.94556912525568e-06,5.99920195896797e-07,"time0",-1.69734973480671
"5614","ZPI_HUMAN",0.286320596793059,0.442253148343662,1.02230029009364e-06,1.75423742312195e-06,"time12",0.779024983937426
"5615","DBR1_HUMAN",0.932646638965876,0.97016690605071,7.54780840823187e-07,7.20159810702491e-07,"time0",-0.067740711759628
"5616","JUPI1_HUMAN",0.529368106184798,0.674615251429108,1.44119578189082e-06,8.94355649022979e-07,"time0",-0.688345782372826
"5617","FBW1B_HUMAN",0.18144920772142,0.324392732032339,0,6.40675343675071e-07,"time12",Inf
"5618","GMEB2_HUMAN",0.280712665268496,0.435732003546966,8.83434856338486e-07,2.19742254715118e-07,"time0",-2.00731144031541
"5619","CPSF3_HUMAN",0.105645429201877,0.233106815154345,2.3861279160127e-07,9.27307602560012e-07,"time12",1.95837659756103
"5620","DP13A_HUMAN",0.0875931375825178,0.210286901439059,4.86949273929009e-05,8.73074169455238e-05,"time12",0.842332726068324
"5621","OCTC_HUMAN",0.236136970221653,0.385471626258787,6.81755390678049e-05,1.88965496338539e-05,"time0",-1.85113136929744
"5622","PILRA_HUMAN",0.274783426342764,0.431121987272217,1.32339421826167e-05,9.35785105297836e-06,"time0",-0.499993710824328
"5623","PARP4_HUMAN",1,1,5.49245961323432e-05,5.54858454504353e-05,"time12",0.0146674276583204
"5624","NUDT5_HUMAN",0.0154600031673908,0.0711970693283157,3.75830424562094e-05,6.24643395127166e-05,"time12",0.732950937691609
"5625","RCOR1_HUMAN",0.363329958556184,0.523084772280072,5.34521478486486e-06,3.53604831651111e-06,"time0",-0.596109932584895
"5626","PPCT_HUMAN",0.18144920772142,0.324392732032339,0,1.11668859680373e-06,"time12",Inf
"5627","MA1B1_HUMAN",0.0916805301459911,0.217856057475881,1.11654111235883e-06,3.6908609229147e-05,"time12",5.04684909674828
"5628","RALY_HUMAN",0.00833890710066832,0.0515715885887802,3.29192969951121e-05,2.0666780871384e-05,"time0",-0.67161983961381
"5629","TF3C4_HUMAN",0.201242620957724,0.345670985066878,8.09397142896333e-08,5.86889765688864e-07,"time12",2.85816988876816
"5630","ADA28_HUMAN",0.00317265532163019,0.0293347836472091,4.00075936382329e-07,3.68494011809473e-06,"time12",3.20329541335452
"5631","KLK12_HUMAN",0.13054070066071,0.267760853381325,1.37613384528053e-05,2.56542502651962e-05,"time12",0.898577067974551
"5632","KLK13_HUMAN",0.0798581084008914,0.197772189679956,5.33133522546306e-06,8.7952795430624e-06,"time12",0.722232532847385
"5633","ERG28_HUMAN",0.540817904242618,0.684676842314785,7.48072875021251e-07,1.34819333418343e-06,"time12",0.849776672205823
"5634","PACN3_HUMAN",0.00445792825617269,0.0355029406321593,6.73479175441926e-06,1.80875536797006e-05,"time12",1.42529205623797
"5635","FBXW2_HUMAN",0.27076012686279,0.427044701479295,1.776432029435e-06,2.8558906429814e-06,"time12",0.684958248382367
"5636","ACAD8_HUMAN",0.839392744004727,0.905979916866684,1.39106049092617e-05,1.3209045446335e-05,"time0",-0.0746589437468466
"5637","ACINU_HUMAN",0.524344722126057,0.673094997906499,1.07199356061143e-05,5.80370649179149e-06,"time0",-0.885249774053827
"5638","AGO2_HUMAN",0.105645429201877,0.233106815154345,3.55029856747375e-08,3.66543425376997e-07,"time12",3.36797186806297
"5639","VAV3_HUMAN",0.0114527779643349,0.0604671121053679,1.55733241088214e-05,5.85325485663577e-06,"time0",-1.41176591739935
"5640","MYH2_HUMAN",0.105645429201877,0.233106815154345,6.0197364539788e-06,1.25205990421061e-07,"time0",-5.5873248326166
"5641","NUP50_HUMAN",0.177529852412153,0.324392732032339,8.83851201676248e-08,5.87815034490568e-07,"time12",2.73348684489863
"5642","CDV3_HUMAN",0.449803788345075,0.601854396905272,1.74513339245728e-06,8.07537203490888e-07,"time0",-1.11173668381844
"5643","INT6_HUMAN",0.446872820710831,0.599409691916863,2.14159047458165e-07,4.99788625753729e-07,"time12",1.22263544152933
"5644","BAG5_HUMAN",0.979737524502568,1,1.35952481177765e-05,1.34026283285088e-05,"time0",-0.0205865324714983
"5645","CFA45_HUMAN",0.163434990101037,0.312183305364084,2.83763967612503e-06,7.89235385497422e-06,"time12",1.47576423356493
"5646","AGO1_HUMAN",0.369590267434176,0.529772658359571,5.51812214890758e-06,1.01916365576646e-05,"time12",0.885136438314206
"5647","RAB21_HUMAN",9.90256667137147e-05,0.00492900256067515,4.82567334715392e-05,8.57267105086664e-05,"time12",0.829014523673636
"5648","RB22A_HUMAN",0.0231811348686445,0.0915317975373813,2.34057796968739e-05,1.70934723349242e-05,"time0",-0.453419332059745
"5649","TPC2L_HUMAN",0.00854558053412826,0.0522443731119223,1.98974074427388e-06,5.30295214711457e-06,"time12",1.41421526463384
"5650","ZN346_HUMAN",0.855132140584706,0.913870841181422,2.80933152217012e-07,1.5755443430301e-07,"time0",-0.834376524365992
"5651","PSME2_HUMAN",0.00374443270266056,0.0325553079082846,0.000105389734113723,0.000174671688657739,"time12",0.728911447963535
"5652","TM11E_HUMAN",0.0166471366277099,0.074370491456478,1.0269578510532e-05,2.79355658453405e-05,"time12",1.44372607189691
"5653","DNPEP_HUMAN",7.78767392163004e-05,0.00430701632721261,3.59162873102868e-06,1.75401417500341e-05,"time12",2.28795027633352
"5654","RAB23_HUMAN",0.0110963896948318,0.0598723899252309,2.85084626551813e-06,8.17323070865694e-06,"time12",1.51951621581959
"5655","MCTS1_HUMAN",0.0173807792217701,0.0766549726331826,4.78264845277608e-05,6.76005250146998e-05,"time12",0.499224700810181
"5656","ACSL5_HUMAN",0.215980385845401,0.361460029323222,1.23250816394309e-05,8.76122287400543e-06,"time0",-0.492393045334668
"5657","PADI1_HUMAN",0.131277875220015,0.269180483587076,7.10843072503776e-06,1.66375787535555e-05,"time12",1.22684248797467
"5658","CCPG1_HUMAN",0.0234566482956348,0.0920316084663358,8.65309782982403e-06,3.19210726114454e-06,"time0",-1.43870758372237
"5659","KDIS_HUMAN",0.208412803684149,0.351652450961983,1.65033661927362e-07,1.37199843382681e-06,"time12",3.05544660843118
"5660","ASAP1_HUMAN",0.0959154512106145,0.225546048706752,7.44852717926802e-05,4.88036742421684e-05,"time0",-0.609965418267172
"5661","MED23_HUMAN",0.41849223344682,0.572386780791985,9.17046124219391e-07,3.74965365448177e-07,"time0",-1.29023695430532
"5662","CNOT6_HUMAN",0.41849223344682,0.572386780791985,1.0102904680546e-06,2.14365546289552e-07,"time0",-2.23662518739894
"5663","TBC24_HUMAN",0.631900275866177,0.755170137604777,2.56339303402249e-06,2.87999083830166e-06,"time12",0.168009524426519
"5664","ISY1_HUMAN",0.361310428526179,0.521659944304294,2.33134403187438e-07,1.58784913180435e-06,"time12",2.76784002152309
"5665","PPM1H_HUMAN",0.00922514613907298,0.0537765548682325,8.92830481683565e-07,3.08680722460548e-06,"time12",1.78965720000121
"5666","TMCC3_HUMAN",0.274783426342764,0.431121987272217,2.08491249283838e-05,2.08850606056474e-05,"time12",0.00248449732652439
"5667","TTC7A_HUMAN",1,1,4.87388789052911e-07,3.07473916795949e-07,"time0",-0.664609035559466
"5668","HECD1_HUMAN",0.63733471669376,0.759537163370277,1.1204910139796e-05,1.29570095087523e-05,"time12",0.209601702239492
"5669","ZMYD8_HUMAN",0.759765825978067,0.857900643594511,9.35872531978906e-07,1.22154990222498e-06,"time12",0.384328851285694
"5670","MYO5B_HUMAN",0.00213704575063657,0.0238145042323736,2.98830242499666e-05,6.63129290300737e-05,"time12",1.14996401947927
"5671","COR1C_HUMAN",1.99116766452789e-06,0.00099110370501876,4.68126502524679e-05,0.000105739932632529,"time12",1.17554996343799
"5672","RAB26_HUMAN",0.711997145588538,0.820362451890498,3.37584775224061e-06,3.04206809152616e-06,"time0",-0.150197395535582
"5673","AKP8L_HUMAN",0.674986713970489,0.788210291797797,7.26614322898476e-07,4.64616706963873e-07,"time0",-0.64514877182824
"5674","CLC4E_HUMAN",0.513591682337011,0.662935426255945,3.33785038450248e-06,4.74979865745715e-06,"time12",0.508947070408486
"5675","STAP1_HUMAN",0.100348246462291,0.227011289394017,0,2.58553359619964e-05,"time12",Inf
"5676","ASC_HUMAN",0.289366206154227,0.445680037774038,0.000107238968297375,9.18804159777386e-05,"time0",-0.222999951441167
"5677","TMCO1_HUMAN",0.0916805301459911,0.217856057475881,2.00802343671917e-07,7.11725146277878e-07,"time12",1.82554410151371
"5678","PADI4_HUMAN",0.00403179414570332,0.033728160269308,0.000395704737577882,0.000688680562732788,"time12",0.799410620999499
"5679","EPDR1_HUMAN",0.938175553294234,0.973375469832632,2.07657144283747e-06,2.17387811363459e-06,"time12",0.06606754527411
"5680","MYO6_HUMAN",0.612005613744259,0.738486773918073,0.000451489042513502,0.000286025466129383,"time0",-0.658547372081155
"5681","DD19B_HUMAN",0.919296527281404,0.96214441167896,3.40899547567259e-05,3.25180676116728e-05,"time0",-0.0681051570613936
"5682","NFU1_HUMAN",0.0435893469351587,0.136743261157407,1.78308536918847e-05,7.59864060647989e-06,"time0",-1.23056252762522
"5683","PRP19_HUMAN",0.00236749462783337,0.0250827491665221,1.46117193386485e-05,2.80304580124176e-05,"time12",0.939869370081905
"5684","UBQL1_HUMAN",0.0596348300904598,0.1634642241228,5.79283983875685e-06,1.34319384748419e-05,"time12",1.21332484428026
"5685","NENF_HUMAN",0.0383005285343547,0.124917370440093,4.21706546368598e-06,1.02732237768249e-06,"time0",-2.03735044157797
"5686","SNX12_HUMAN",0.556298461274735,0.69514031573096,9.47941986552541e-07,1.96758684368589e-06,"time12",1.05355663867534
"5687","SYNRG_HUMAN",0.0201936704010222,0.084347407905808,4.01606835290371e-06,9.39359868624275e-07,"time0",-2.09603395881834
"5688","DAPP1_HUMAN",0.573977560740548,0.712018270052605,0.000222799968275887,2.04432640022767e-05,"time0",-3.44605156461646
"5689","NDRG2_HUMAN",0.00193520642643671,0.0224446368642844,1.11922836810107e-05,3.19364967181796e-05,"time12",1.51270162983686
"5690","VPS4A_HUMAN",0.0393208057335154,0.127643028612113,2.5881717002493e-05,1.74641129843572e-05,"time0",-0.567539960407418
"5691","S6A14_HUMAN",9.90256667137147e-05,0.00492900256067515,2.64080656035806e-05,6.12420566535148e-05,"time12",1.21354410511562
"5692","G3BP2_HUMAN",0.0774231274549651,0.193529823453119,1.34342078295963e-05,9.05940453146271e-06,"time0",-0.568423121816639
"5693","RHG26_HUMAN",0.00980341063802849,0.0552934577346026,1.68157613333334e-05,8.54948858724133e-06,"time0",-0.975904069685785
"5694","CHIP_HUMAN",0.036241709702006,0.120664287653335,1.64507238752976e-06,3.65547751344655e-06,"time12",1.15190880936785
"5695","PACN2_HUMAN",0.745654674246907,0.845947617750294,0.000123574005116213,0.000114303925164497,"time0",-0.112500345366434
"5696","MAGD2_HUMAN",0.271898710819648,0.427044701479295,3.40260294725477e-07,1.38097157979668e-06,"time12",2.02097291256009
"5697","SNX7_HUMAN",0.100348246462291,0.227011289394017,0,5.22836398765501e-07,"time12",Inf
"5698","SNX6_HUMAN",0.18281804252244,0.326164261025782,2.43017540530895e-05,1.81904442325615e-05,"time0",-0.417879672725843
"5699","DUS12_HUMAN",0.944182513250483,0.975815282932568,5.66935376630675e-07,4.99746947333364e-07,"time0",-0.181986541385871
"5700","STX8_HUMAN",0.0836559895278504,0.203535914818224,1.72882740254338e-05,1.19096377989043e-05,"time0",-0.537664306733823
"5701","PSD13_HUMAN",0.00347515568137169,0.0309779118718051,9.14147912690419e-05,0.000130228676828285,"time12",0.510547647225429
"5702","FAF1_HUMAN",0.695092793077638,0.806956123042319,4.5852467702788e-06,3.39223037796422e-06,"time0",-0.434765227751757
"5703","PPIE_HUMAN",0.456125851713522,0.608194272005473,1.15525127489979e-06,1.15735105680494e-06,"time12",0.0026198587906403
"5704","CSN3_HUMAN",3.952448035942e-05,0.00314772961582421,9.55886242293568e-06,2.19952389317326e-05,"time12",1.20228043127056
"5705","MINP1_HUMAN",0.00523759225437492,0.0393286678228907,1.3956534175674e-06,3.92171852523562e-06,"time12",1.49054527047967
"5706","NSF1C_HUMAN",0.190929520875216,0.334925705781986,2.10474946565982e-05,2.8267446933569e-05,"time12",0.425493071956606
"5707","COG5_HUMAN",0.0011680676192014,0.0171145294994228,4.64832229319013e-06,1.79919948082286e-05,"time12",1.95257314279306
"5708","AP4E1_HUMAN",0.209286554781767,0.352927326852484,4.48336226232342e-06,1.81988480843926e-06,"time0",-1.30073393961451
"5709","B9D1_HUMAN",0.0179375199219851,0.0783765958259086,1.47044651819405e-06,3.90928021601582e-06,"time12",1.41064868754908
"5710","MACF1_HUMAN",0.401955870840969,0.560953835638576,6.40839347226995e-06,1.08512282282151e-05,"time12",0.759823711238961
"5711","CP131_HUMAN",0.058707408431205,0.162648302403985,1.33691480164808e-07,1.3980816334979e-06,"time12",3.38646916762974
"5712","PP6R1_HUMAN",0.0314052697699245,0.111325623938136,4.86913242260539e-05,2.88191390111932e-05,"time0",-0.756637502383029
"5713","TRI33_HUMAN",0.0253294436842058,0.0965093438186659,4.04102172188112e-06,5.34153165981234e-07,"time0",-2.91939471396078
"5714","PLCL2_HUMAN",0.561462010397583,0.699835681991812,4.33149701621362e-05,2.91550678315875e-05,"time0",-0.571119044166157
"5715","SMG5_HUMAN",0.41849223344682,0.572386780791985,5.48653315971421e-07,2.72329896575408e-07,"time0",-1.01053945323486
"5716","NAC2_HUMAN",0.855132140584706,0.913870841181422,7.01872787912204e-07,9.86496877785666e-07,"time12",0.491104914308825
"5717","EXOC7_HUMAN",0.544880281339637,0.686763013387139,5.73991240380334e-05,5.65032405597091e-05,"time0",-0.022695109266941
"5718","UBP24_HUMAN",0.0660665167137393,0.174092559832174,2.69794243562315e-05,4.23402602493088e-05,"time12",0.650170570367523
"5719","TBD2B_HUMAN",0.0065760546776229,0.0452716339456096,3.88546093447003e-05,1.16248850501612e-05,"time0",-1.74086930597628
"5720","CBPC1_HUMAN",0.59710278471826,0.72708324450492,1.02186389103763e-05,8.40964869790905e-06,"time0",-0.281085606612156
"5721","SHAN2_HUMAN",0.00164421131055691,0.0202492250679514,3.12646518300808e-06,1.57118079497105e-05,"time12",2.3292448440778
"5722","DICER_HUMAN",0.702238315221897,0.811466329429366,2.82253718284791e-06,2.17668691443728e-06,"time0",-0.374858675331494
"5723","MARE3_HUMAN",0.00352426922725556,0.03103354621427,1.19790052177875e-06,5.29353170024275e-06,"time12",2.14372246421366
"5724","HPS5_HUMAN",0.689083746544796,0.80106991399612,2.91820841916533e-06,2.69803982148065e-06,"time0",-0.113171282797792
"5725","SHOC2_HUMAN",0.949944493522,0.978726989916003,1.34469446250384e-05,1.84752786745364e-06,"time0",-2.86361037437277
"5726","DYN3_HUMAN",0.0195274552556461,0.0823520698165325,1.34309785009195e-05,7.34772700261324e-06,"time0",-0.870194484064666
"5727","SRRM2_HUMAN",0.0720427186362098,0.184682900606902,4.80693223694519e-05,4.93080686458035e-05,"time12",0.0367072788068848
"5728","PA2G4_HUMAN",0.0404897220432758,0.130234307896869,3.90193463380159e-05,5.14080001499177e-05,"time12",0.397803280372977
"5729","CD11A_HUMAN",0.66682426626252,0.784970702086329,2.54315160835507e-05,1.83592601883946e-05,"time0",-0.470109545388161
"5730","BAIP2_HUMAN",0.439966766163707,0.594014804316415,0.000257848868682587,0.000289498541835135,"time12",0.167030365877949
"5731","GAB2_HUMAN",0.22127181567247,0.368046938182028,1.53460602395798e-06,6.24347274839574e-07,"time0",-1.2974477089834
"5732","CLCA2_HUMAN",0.0142661867014469,0.0681564973087937,0,5.5913262277533e-06,"time12",Inf
"5733","SMC3_HUMAN",0.0245244009335952,0.0949962689859689,4.89807715226776e-05,8.36964446514732e-05,"time12",0.772950840957215
"5734","KCC2A_HUMAN",0.0590582290905367,0.162648302403985,0,7.20260182045657e-07,"time12",Inf
"5735","CHM2B_HUMAN",0.000653585176323472,0.0129684755451225,4.29626658015277e-06,7.10330372730537e-07,"time0",-2.59652143488814
"5736","ZN148_HUMAN",0.0184211824858212,0.0793730758610123,5.78647140621288e-06,2.29852144951104e-06,"time0",-1.33197773076411
"5737","MTMR6_HUMAN",0.484189820114981,0.634921140624979,1.18253179099237e-05,1.37116178218099e-05,"time12",0.213519834222933
"5738","GLCNE_HUMAN",0.110313630704496,0.238129134874578,6.90000272707121e-06,1.32784249546907e-05,"time12",0.944415191655715
"5739","RTRAF_HUMAN",0.948277822491336,0.978249297709974,3.56295184581512e-05,3.76262639137622e-05,"time12",0.0786670594173642
"5740","T3JAM_HUMAN",0.034835341502679,0.118762268718894,1.00472283284707e-05,2.57528017998761e-06,"time0",-1.96399626295555
"5741","RUVB2_HUMAN",9.22009348869325e-06,0.00171321307396894,9.17080223687095e-05,0.000206713277649266,"time12",1.17251121172379
"5742","PIN4_HUMAN",0.779828432640187,0.87192043497728,2.52489536388602e-06,1.19187373902346e-06,"time0",-1.08299218907921
"5743","DLEC1_HUMAN",0.401678166469773,0.560828351641878,7.19358364497474e-06,1.75926379845792e-06,"time0",-2.03173883205532
"5744","CHKB_HUMAN",0.279625921636786,0.435732003546966,6.56295328191115e-06,8.27461009406877e-06,"time12",0.334346169254455
"5745","EIF3L_HUMAN",3.790482878685e-06,0.00133179730790503,5.49187173350144e-05,0.000129500025209462,"time12",1.23758254291666
"5746","PLAP_HUMAN",0.828806902024348,0.902699570197702,2.16274540832759e-05,2.01871813309256e-05,"time0",-0.0994243597007617
"5747","RUVB1_HUMAN",0.000152871012687683,0.00602635491564066,0.000144737407722722,0.000292937506172863,"time12",1.01715508212365
"5748","NUDC_HUMAN",0.183969093486667,0.326164261025782,3.0418768724674e-05,5.48907309073189e-05,"time12",0.851600792329543
"5749","SIA10_HUMAN",0.15063055879143,0.294905756356278,5.08815024077732e-06,9.82620578404135e-06,"time12",0.949493182310833
"5750","BCS1_HUMAN",1,1,2.55827537822369e-07,3.8818288893675e-07,"time12",0.601564958246134
"5751","VDAC3_HUMAN",0.0174536686390638,0.0766549726331826,0.000140363480250589,0.000103714137726234,"time0",-0.436555056677154
"5752","COF2_HUMAN",0.386925233783834,0.546318190458568,2.5491856991753e-06,1.98094550048221e-06,"time0",-0.363847282893822
"5753","ERGI3_HUMAN",0.162199234113151,0.310219668702481,1.94104465288743e-06,9.20057643468367e-07,"time0",-1.07703715013476
"5754","SYFA_HUMAN",0.707118758175719,0.81537072250648,9.73695242541869e-06,1.06645328844318e-05,"time12",0.131278577713704
"5755","SIGL7_HUMAN",0.2553403615339,0.408558258623623,1.31587877482797e-06,2.43344448705394e-06,"time12",0.886973276425183
"5756","ITM2B_HUMAN",0.778632462360678,0.87192043497728,1.86657637985821e-05,1.83968563039661e-05,"time0",-0.0209352882022465
"5757","DRG1_HUMAN",0.608401160955621,0.737714196993082,1.44221871353429e-05,1.73717216811401e-05,"time12",0.268450777192354
"5758","TPPC4_HUMAN",0.971252458876789,0.993882291737376,1.43632694452329e-05,1.50138814710992e-05,"time12",0.0639128180182646
"5759","NCKP1_HUMAN",0.00127362695713335,0.0177328060954721,3.61026688563182e-05,8.29570636341005e-05,"time12",1.20025933816607
"5760","B3GN3_HUMAN",0.000301176792118817,0.00881827931042006,3.91923267239856e-06,1.07547181811377e-05,"time12",1.45632659175808
"5761","CNPY2_HUMAN",0.183969093486667,0.326164261025782,8.31748318335406e-05,5.23894669822703e-05,"time0",-0.666870260306612
"5762","B3GT5_HUMAN",0.0972010883062347,0.227011289394017,5.50535530759683e-07,4.94969189232105e-06,"time12",3.16843114198316
"5763","EXOG_HUMAN",0.00166169445798351,0.0203387315523269,0,1.7028396702111e-06,"time12",Inf
"5764","S35A3_HUMAN",0.0590582290905367,0.162648302403985,0,1.02891825290574e-06,"time12",Inf
"5765","EXC6B_HUMAN",0.12608955395259,0.262352709654682,1.79502497880399e-06,3.59107610796364e-06,"time12",1.00041230916318
"5766","MA2B2_HUMAN",0.7022135275105,0.811466329429366,4.52128952968141e-06,5.39192863981853e-06,"time12",0.254067096676852
"5767","CARD8_HUMAN",0.271332121892765,0.427044701479295,5.36041644943146e-06,5.41091879730627e-06,"time12",0.0135285030233935
"5768","AT11B_HUMAN",0.544880281339637,0.686763013387139,4.49186449995155e-05,3.76859837149421e-05,"time0",-0.253286356802345
"5769","OFUT2_HUMAN",0.0249324556028631,0.0954013820089054,1.04753786768072e-07,1.03192205842988e-06,"time12",3.30025970513911
"5770","DLGP4_HUMAN",0.983946775433541,1,4.17853880920981e-06,4.35633900973358e-06,"time12",0.0601176934538262
"5771","ST38L_HUMAN",0.109582485883837,0.237064899740731,1.32507126751415e-05,8.38066697615049e-06,"time0",-0.660932984919578
"5772","FND3A_HUMAN",0.22127181567247,0.368046938182028,1.38580671268942e-06,7.65005419267169e-06,"time12",2.46474391821655
"5773","FYV1_HUMAN",0.12608955395259,0.262352709654682,2.77323895949402e-06,1.18233425514839e-06,"time0",-1.22993397893956
"5774","WDR37_HUMAN",0.0231811348686445,0.0915317975373813,2.29131527421425e-05,1.21225831407244e-05,"time0",-0.918478832106098
"5775","E41L3_HUMAN",0.177529852412153,0.324392732032339,2.15964922666094e-07,2.4900236099898e-06,"time12",3.52729050983089
"5776","PADI2_HUMAN",0.640825403854251,0.761873036867325,0.000366621160427545,0.000408562563061895,"time12",0.156266957826555
"5777","KDM2A_HUMAN",0.540817904242618,0.684676842314785,3.98867254122323e-06,5.38594451775674e-06,"time12",0.433290681189351
"5778","RRP44_HUMAN",0.754752501290184,0.854299164336985,2.05575944387399e-06,1.83996363668782e-06,"time0",-0.159994201946122
"5779","TPPC8_HUMAN",0.963611191348441,0.989113188851046,5.63136153306781e-06,6.23296212800898e-06,"time12",0.14643417204454
"5780","LRCH1_HUMAN",0.0360316862182336,0.120434953431175,9.78894178346294e-07,1.35458329014209e-07,"time0",-2.85330380402469
"5781","AT8A1_HUMAN",0.697115169474199,0.808361271067635,0.00014981247168552,0.00013937975517508,"time0",-0.104136705362253
"5782","GSTK1_HUMAN",0.140283040702343,0.282889273214279,0.00029772346359806,0.00023246344831221,"time0",-0.356969034858484
"5783","LTOR2_HUMAN",0.054296335788755,0.158123848691484,3.69106447550967e-05,2.52222084627485e-05,"time0",-0.549342334870917
"5784","RT28_HUMAN",0.155131568727114,0.299386384493394,8.94352766162604e-07,1.07095916480333e-05,"time12",3.5819156650721
"5785","COA3_HUMAN",0.00464356473936153,0.0366616828808267,1.99067803297908e-06,5.6919317807524e-06,"time12",1.51565846867091
"5786","PTN22_HUMAN",0.010311762574708,0.0574160727975671,3.96697529217112e-05,1.89125834629394e-05,"time0",-1.06869296265888
"5787","RT07_HUMAN",1,1,8.27186624109974e-07,5.7543410230725e-07,"time0",-0.523562134030606
"5788","CRYL1_HUMAN",0.140283040702343,0.282889273214279,7.1581440675013e-06,2.19103400799018e-05,"time12",1.61395439181561
"5789","PDIP2_HUMAN",0.824098168245978,0.899221475873808,1.49585144213552e-06,1.54540953683912e-06,"time12",0.0470223024634555
"5790","AP3M1_HUMAN",0.786061429732223,0.875335747022078,9.79918884168626e-06,1.06487487490001e-05,"time12",0.119949684906572
"5791","GUAD_HUMAN",0.0331834311510942,0.114768172707287,1.52680221074846e-06,5.82580740519864e-06,"time12",1.93194482771905
"5792","M3K2_HUMAN",0.000205739874220939,0.00717881212717501,2.7290183863132e-05,8.06548776478033e-06,"time0",-1.75854842566284
"5793","MAN1_HUMAN",0.983946775433541,1,2.49342409120196e-06,2.62711105339812e-06,"time12",0.0753489046077952
"5794","CHSP1_HUMAN",0.318396080285311,0.477639693323108,5.92518092984491e-05,6.63018892350981e-05,"time12",0.162190771249585
"5795","COG6_HUMAN",0.0591720678258594,0.162648302403985,1.77381254257563e-07,1.11289682384279e-06,"time12",2.64939438922864
"5796","TR150_HUMAN",0.586944291976958,0.719932761419764,4.1326838284539e-06,3.64446133915817e-06,"time0",-0.181373398112612
"5797","NOP58_HUMAN",0.225934014199387,0.373259372676629,1.00147135293694e-05,1.28416798257349e-05,"time12",0.358712780886408
"5798","ZN281_HUMAN",0.00265508212648921,0.0263967921902747,3.45356971393457e-06,3.16167679164872e-07,"time0",-3.4493265481241
"5799","AR2BP_HUMAN",0.244648067126581,0.395529879275211,2.67848959773947e-06,1.53454045154117e-06,"time0",-0.803613016437107
"5800","PRG3_HUMAN",0.00733417906453855,0.0480340477549219,1.90570399776466e-05,7.26052739528988e-05,"time12",1.92975029654416
"5801","SGT1_HUMAN",0.855271723121405,0.913870841181422,2.49656077133727e-05,2.77411690255138e-05,"time12",0.152086559559593
"5802","SYYM_HUMAN",0.297728418004512,0.45354038274444,5.82661419278834e-06,8.07665676827049e-06,"time12",0.471100444550307
"5803","COQ6_HUMAN",0.293621543928906,0.449665813510046,2.68321833371062e-06,6.433451754172e-06,"time12",1.2616285460606
"5804","NAGA_HUMAN",1,1,1.26218828357233e-06,1.16422940064588e-06,"time0",-0.1165517805769
"5805","ACOT9_HUMAN",0.251782879113893,0.404927069721939,6.52278645305562e-05,5.31251113440541e-05,"time0",-0.296094437606041
"5806","NOSIP_HUMAN",0.583882420770365,0.719374937966459,4.24662584694037e-07,1.10368347543238e-07,"time0",-1.94399052225826
"5807","DEOC_HUMAN",0.603790847437897,0.732867858513831,7.93260134450114e-05,6.53021878904849e-05,"time0",-0.280662718925271
"5808","MEMO1_HUMAN",0.697115169474199,0.808361271067635,2.19218472654918e-05,2.3048064853027e-05,"time12",0.0722762515927657
"5809","TMX2_HUMAN",0.183430618982178,0.326164261025782,4.12513413592197e-06,6.97698958755028e-07,"time0",-2.56376444618315
"5810","LSM2_HUMAN",0.000922211128804291,0.0154179762251497,3.62210121706145e-05,1.52533686795871e-05,"time0",-1.24769896742527
"5811","VWA7_HUMAN",0.824833935330058,0.899859926160079,4.22671525582084e-06,5.26823974789779e-06,"time12",0.317784076921648
"5812","SIGL9_HUMAN",0.161765184977887,0.309587776313015,1.29359095906517e-05,8.81669155955069e-06,"time0",-0.553072206030589
"5813","KLK5_HUMAN",0.042315274905714,0.134148169397591,1.33831343685891e-07,1.70819553229532e-06,"time12",3.67398518162239
"5814","STA10_HUMAN",0.00791545667737088,0.0504578684460366,9.37865202182803e-07,6.48324028207703e-06,"time12",2.78926255654642
"5815","IFT52_HUMAN",0.819461617247321,0.896947817448827,4.54845934911126e-05,4.12832244298863e-05,"time0",-0.139822302438434
"5816","SHLB1_HUMAN",0.00461654388494957,0.0365711095819679,5.42541781232994e-05,2.16784145119455e-05,"time0",-1.32347499744889
"5817","CAB39_HUMAN",0.076721215620637,0.192060276991645,0.0003406140137608,0.000477747430662826,"time12",0.488110321850278
"5818","LC7L2_HUMAN",0.00782210209050042,0.0499694286487262,3.62935578242946e-05,1.5066663973782e-05,"time0",-1.26835347576106
"5819","UB2J1_HUMAN",0.69506336282602,0.806956123042319,2.3762890491119e-06,4.36624165282473e-06,"time12",0.877681644940882
"5820","DHRS7_HUMAN",0.96767357736826,0.990899070396128,0.000314588052100677,0.00033784847722326,"time12",0.102912473561178
"5821","PHOCN_HUMAN",0.14187629037329,0.282889273214279,7.46075774828243e-06,3.80179951473245e-06,"time0",-0.972639710084479
"5822","SBDS_HUMAN",0.083885826866165,0.203535914818224,3.77828469090794e-06,6.23384172697364e-06,"time12",0.722390114569162
"5823","TMED5_HUMAN",0.0379099253645911,0.124210633133682,4.16699973003456e-05,3.05299406600796e-05,"time0",-0.448784221139023
"5824","TMED7_HUMAN",0.109432058408856,0.237064899740731,6.50404016961939e-05,7.62028743792659e-05,"time12",0.228509249658436
"5825","SF3B6_HUMAN",0.435876277946031,0.589747540049855,4.27316155323631e-06,6.01456297587852e-06,"time12",0.493156052269931
"5826","RM11_HUMAN",0.268066760405714,0.424824292890244,3.1728294048084e-06,1.48393518229339e-06,"time0",-1.09634187621435
"5827","ORN_HUMAN",0.513655642510047,0.662935426255945,1.11266096369505e-06,1.75588919297206e-06,"time12",0.658187745698665
"5828","WASC3_HUMAN",0.293621543928906,0.449665813510046,1.75992917362023e-06,7.29985035171619e-07,"time0",-1.26957857649067
"5829","TPRKB_HUMAN",0.864392292889176,0.920980229294871,6.93137922061271e-06,7.37403490606774e-06,"time12",0.0893117941930851
"5830","PPIL1_HUMAN",0.420913477889276,0.57420079062492,1.09965857304548e-05,9.3433084223206e-06,"time0",-0.235050261650545
"5831","UFC1_HUMAN",0.0841564477868844,0.203591114876898,1.37706054719715e-05,8.04226765686912e-06,"time0",-0.775917737139645
"5832","CIA2B_HUMAN",0.00210524537077069,0.0237257181124779,2.0266587467657e-06,6.79752040406647e-08,"time0",-4.89795079809804
"5833","MSRB2_HUMAN",0.0800579199844347,0.197772189679956,1.98273298058478e-06,2.48921313962636e-07,"time0",-2.99372872752142
"5834","RT16_HUMAN",0.0100578003666,0.0563029443202451,4.75627491167122e-07,1.65694129922334e-06,"time12",1.80061848276069
"5835","FIS1_HUMAN",0.166393708806611,0.315616976506832,8.89952206992477e-06,1.1920227741979e-05,"time12",0.421612033106133
"5836","RT23_HUMAN",0.289587424426888,0.445680037774038,2.30685845401819e-06,9.93327283269131e-07,"time0",-1.21558844179103
"5837","HDGR3_HUMAN",0.105645429201877,0.233106815154345,2.45994195272483e-06,2.62635496442933e-07,"time0",-3.22749045102342
"5838","PTH2_HUMAN",0.00429083743463042,0.0349221893754409,1.34842556831596e-06,3.92287888276798e-06,"time12",1.54063690499053
"5839","CHMP3_HUMAN",0.0593000187121586,0.162925028412016,1.2879810830312e-05,8.28107749394148e-06,"time0",-0.637221002723704
"5840","STRAP_HUMAN",0.823576943948865,0.899221475873808,4.98415412663386e-05,5.07328684174926e-05,"time12",0.0255720502316296
"5841","RTCB_HUMAN",0.0173807792217701,0.0766549726331826,5.68664913949818e-05,7.62530649278179e-05,"time12",0.423216532431407
"5842","FBX7_HUMAN",0.058707408431205,0.162648302403985,9.55904192401899e-08,8.32878371567555e-07,"time12",3.1231678953823
"5843","3BP1_HUMAN",0.10840902651222,0.236237546646293,4.15202854336403e-05,2.38049196593182e-05,"time0",-0.802556601759074
"5844","RAP2C_HUMAN",0.778632462360678,0.87192043497728,3.02787544017426e-05,3.08255885493875e-05,"time12",0.0258225827088741
"5845","CBY1_HUMAN",0.0720427186362098,0.184682900606902,4.96882447756938e-06,9.44056565101083e-06,"time12",0.925968724271737
"5846","RBGP1_HUMAN",0.00922514613907298,0.0537765548682325,9.87306244815438e-07,3.5502111462852e-06,"time12",1.84633527290917
"5847","TMED3_HUMAN",0.00203191180117193,0.0230296189533206,3.49602777912238e-06,9.17303182561286e-06,"time12",1.3916819967373
"5848","T22D4_HUMAN",0.00063949475675379,0.0129684755451225,3.60676613629246e-05,8.45065290170919e-06,"time0",-2.09357116725444
"5849","DOP2_HUMAN",0.948277822491336,0.978249297709974,3.10555225323031e-05,3.00760200780676e-05,"time0",-0.0462361727831806
"5850","R3HC1_HUMAN",0.18144920772142,0.324392732032339,6.56048145527524e-07,2.72979788836316e-07,"time0",-1.26500755472649
"5851","RL36_HUMAN",0.18144920772142,0.324392732032339,0,5.75794285071746e-07,"time12",Inf
"5852","CHTOP_HUMAN",0.0142661867014469,0.0681564973087937,8.48859288837251e-08,1.71559496911183e-06,"time12",4.3370397549937
"5853","SAMH1_HUMAN",0.00298700109124184,0.0283232790562393,0.000206813525022542,0.000308624546708346,"time12",0.577522275480485
"5854","PKP3_HUMAN",0.015756286644909,0.0722503599484743,2.5271159836502e-05,7.73189293372799e-05,"time12",1.61332978093603
"5855","HBS1L_HUMAN",0.22966236024208,0.378315851551557,5.34220413319464e-06,3.59801981610016e-06,"time0",-0.570231972192777
"5856","AAKB1_HUMAN",0.00376138998044069,0.0326078118333414,4.18921677095206e-05,2.63102622085463e-05,"time0",-0.671054911866646
"5857","DMXL1_HUMAN",0.164071891814218,0.312714133792965,3.63023199253106e-06,1.94211141679635e-06,"time0",-0.902435778649963
"5858","VPP2_HUMAN",0.856382731694504,0.914567147579344,4.7827152847698e-05,3.66315218740152e-05,"time0",-0.384744270443699
"5859","TLN1_HUMAN",0.464545045047998,0.615785076358565,0.00133289960251118,0.00114114871766471,"time0",-0.224081297053837
"5860","KIF3A_HUMAN",0.25142205073593,0.404927069721939,5.92326948095156e-06,1.08177831032615e-05,"time12",0.86893924824394
"5861","TRRAP_HUMAN",0.201203985898768,0.345670985066878,1.91266667517857e-06,3.50621180770843e-06,"time12",0.874327677083601
"5862","ARIP4_HUMAN",0.183430618982178,0.326164261025782,2.98719530640733e-07,1.00445292744949e-06,"time12",1.74954648440893
"5863","DCAF1_HUMAN",0.0652572567829591,0.173005590219536,1.29238435052413e-05,3.2794798334771e-06,"time0",-1.97849627761211
"5864","RBM19_HUMAN",0.18144920772142,0.324392732032339,1.44983191038172e-05,0,"time0",-Inf
"5865","DAAM1_HUMAN",0.812703686128436,0.891020395970108,2.58941618572408e-06,2.27943976554949e-06,"time0",-0.183947575713267
"5866","WDR7_HUMAN",0.0038804738522969,0.0332162924427634,2.44522631892293e-07,4.16189586769917e-06,"time12",4.08920096301726
"5867","UBP15_HUMAN",0.516534867704981,0.664354600517195,7.13362143414275e-05,6.82283649035899e-05,"time0",-0.0642630146819025
"5868","FARP1_HUMAN",0.280712665268496,0.435732003546966,2.47953571218534e-07,6.67401002550153e-07,"time12",1.42848384938842
"5869","RIPR2_HUMAN",0.0570612037794071,0.162648302403985,6.88757400637861e-05,3.93126760351205e-05,"time0",-0.809001343262431
"5870","PKHM1_HUMAN",0.838463781922464,0.905959509664051,6.87069552465678e-07,7.40791953951972e-07,"time12",0.108612277649141
"5871","GPSM3_HUMAN",0.327876933144661,0.488655157979221,1.85665009487347e-06,9.36448556373371e-07,"time0",-0.987430302347808
"5872","MYO5A_HUMAN",0.18281804252244,0.326164261025782,3.07332380421829e-05,4.17192902473039e-05,"time12",0.440914837368445
"5873","CRBG1_HUMAN",0.202037235364087,0.346473846347887,2.78463559085208e-05,4.21953885149936e-05,"time12",0.599596794317091
"5874","TRAF6_HUMAN",0.741268714629815,0.843191398302016,4.1914319818564e-06,4.04786045192202e-06,"time0",-0.0502836630550551
"5875","HYOU1_HUMAN",0.236652344465256,0.385471626258787,0.000331689644742615,0.000263600835342107,"time0",-0.331479030090874
"5876","ATG4B_HUMAN",1,1,1.64433543905183e-05,1.76989095243054e-05,"time12",0.106155840752903
"5877","WIPI2_HUMAN",0.102639775576908,0.231520913716341,1.76986526809898e-06,7.05627074347173e-07,"time0",-1.3266617164623
"5878","SPEF1_HUMAN",0.117262000578524,0.250682150843066,8.00575861659445e-06,1.41971860639805e-05,"time12",0.826494987970573
"5879","TELO2_HUMAN",0.00587612541415952,0.0419332103928014,1.42679597961434e-05,1.17200888721686e-06,"time0",-3.60572364102249
"5880","LAS1L_HUMAN",0.0170556294065931,0.0756859394097922,4.48072337834918e-07,2.71960012499387e-06,"time12",2.6015909729216
"5881","AFG32_HUMAN",0.72412063044289,0.830964942485183,3.12460195693097e-05,2.51867657885053e-05,"time0",-0.311006537842978
"5882","ARI1_HUMAN",0.126278928554698,0.262352709654682,4.30083906938568e-07,1.00620031330655e-06,"time12",1.22622748992435
"5883","LSM5_HUMAN",0.864392292889176,0.920980229294871,2.172200645444e-05,2.09169324049261e-05,"time0",-0.0544860834384662
"5884","LSM4_HUMAN",0.242682971378953,0.393684574433254,1.40278691954743e-05,6.62089609065139e-06,"time0",-1.08319748943157
"5885","RN114_HUMAN",0.100348246462291,0.227011289394017,7.79818498703067e-07,0,"time0",-Inf
"5886","SAM50_HUMAN",0.166393708806611,0.315616976506832,5.36354315210256e-05,4.06444226299227e-05,"time0",-0.400128964530063
"5887","OARD1_HUMAN",0.799846105662473,0.881454020133202,4.30449622984243e-07,8.53804775838371e-07,"time12",0.988061828574678
"5888","IFT25_HUMAN",0.00351114119156405,0.0309779118718051,9.72426213934225e-06,2.52357018764357e-05,"time12",1.37580552254389
"5889","PPME1_HUMAN",0.0774231274549651,0.193529823453119,4.99018650432019e-06,7.29268507541078e-06,"time12",0.54735635845932
"5890","RIPK3_HUMAN",0.0194592686446852,0.0823520698165325,1.1618083732255e-05,5.82498189341322e-06,"time0",-0.996046662241358
"5891","RBM7_HUMAN",0.0323129112432441,0.11326585613609,2.00776960346435e-07,1.39464037866276e-06,"time12",2.79622752624942
"5892","AP4S1_HUMAN",0.213920480929895,0.358514880076953,3.71704787518149e-06,2.83623940240104e-06,"time0",-0.390177956795567
"5893","NUB1_HUMAN",0.167253563317042,0.316642007509569,1.15091182139378e-06,5.81249289808443e-06,"time12",2.33637974462458
"5894","CTDP1_HUMAN",0.353586000948978,0.514487011855845,5.70573814722347e-06,4.06298715060223e-06,"time0",-0.489872737021493
"5895","PAXB1_HUMAN",1,1,1.44002759964132e-06,6.25882705551031e-07,"time0",-1.20213224543619
"5896","NDK7_HUMAN",0.0296854337265457,0.106429229080827,2.1537411429337e-05,5.17421197935283e-05,"time12",1.2644942966783
"5897","SP16H_HUMAN",0.0379099253645911,0.124210633133682,7.7321395537837e-06,1.5319160706782e-05,"time12",0.986397676845237
"5898","TIM9_HUMAN",0.322508682620795,0.482188826356448,1.64905193267367e-06,2.64015735258747e-06,"time12",0.678987082856615
"5899","UCHL5_HUMAN",0.00101359196451101,0.016016361915408,2.61864936505135e-05,1.13861012596368e-05,"time0",-1.20154906179646
"5900","CD2AP_HUMAN",0.247273502000825,0.399071771805168,1.06472465465406e-05,2.62756762996188e-05,"time12",1.30324751012649
"5901","VATD_HUMAN",0.393144675087728,0.553702698490687,1.94960903070353e-05,2.12045324349128e-05,"time12",0.121187832671706
"5902","TNPO3_HUMAN",0.544880281339637,0.686763013387139,7.81412954330896e-05,6.82644348722363e-05,"time0",-0.194951029129532
"5903","TIM13_HUMAN",0.729364344751151,0.833301384539949,1.77963463510647e-05,1.78941536400609e-05,"time12",0.00790722708101842
"5904","SRPRB_HUMAN",0.530611493590147,0.674615251429108,4.12622584110893e-05,3.9046506920392e-05,"time0",-0.0796292951356979
"5905","CERT_HUMAN",0.00125733897562792,0.0177328060954721,2.99893189303e-05,1.02443789038282e-05,"time0",-1.54961623909401
"5906","GMPPB_HUMAN",0.217753979525195,0.363816648868248,3.53851090463247e-05,4.53803711439342e-05,"time12",0.358926042897893
"5907","TF3C3_HUMAN",0.271898710819648,0.427044701479295,3.21420967609859e-06,5.16417204173168e-07,"time0",-2.63785507580523
"5908","TPPC1_HUMAN",0.670128703919811,0.786750915460289,5.3953107750303e-06,3.41155426988063e-06,"time0",-0.661276896314261
"5909","TRPV2_HUMAN",0.011331029774355,0.0602673560482837,2.79679559063148e-06,6.5551624469755e-06,"time12",1.22885671765443
"5910","MRCKB_HUMAN",0.00574194154874128,0.0414699422656738,2.90841698358299e-07,4.404971919668e-06,"time12",3.9208267921489
"5911","RBM8A_HUMAN",0.194496319612348,0.340083875013043,1.09202573610269e-05,2.13285862187039e-05,"time12",0.965781481636276
"5912","MPC1_HUMAN",1,1,3.11341496793482e-07,3.11783839185814e-07,"time12",0.0020482726223468
"5913","IR3IP_HUMAN",0.175906990401661,0.324392732032339,8.81906511653145e-06,1.11936565628431e-05,"time12",0.343983756516819
"5914","SNX13_HUMAN",0.441208519505878,0.594481950599731,1.40861439292164e-06,8.28406735780074e-07,"time0",-0.765865539784968
"5915","SNX11_HUMAN",0.0605300053490707,0.163913061604322,8.31492063764079e-06,3.94442394231577e-06,"time0",-1.07588787435745
"5916","SNX9_HUMAN",0.0288365150716101,0.105113236503366,7.66512794244645e-06,2.05937545372816e-05,"time12",1.42582510004484
"5917","SNX8_HUMAN",0.00804523748656169,0.0507972552930581,5.67414639597528e-07,3.51421485117153e-06,"time12",2.63072711866474
"5918","SNX5_HUMAN",0.141898762708807,0.282889273214279,2.08204292668757e-05,1.10869372432466e-05,"time0",-0.909138936534984
"5919","NUBP2_HUMAN",0.00475858645284234,0.0370574144495792,2.14599949986381e-05,1.02248038196982e-05,"time0",-1.0695765769996
"5920","PEX16_HUMAN",0.589638551626567,0.719932761419764,1.3961398306823e-07,3.64198805855671e-07,"time12",1.383282749764
"5921","ST14_HUMAN",0.105645429201877,0.233106815154345,1.42401416986406e-07,1.19374322930168e-06,"time12",3.06745714322388
"5922","HEBP2_HUMAN",0.0522633474320173,0.15343410748568,7.93074903290028e-05,6.66744520465662e-05,"time0",-0.250323066854181
"5923","PUS1_HUMAN",0.754418293600069,0.854299164336985,2.00407884207734e-06,2.46301405752016e-06,"time12",0.297485595529068
"5924","LRRF2_HUMAN",0.59710278471826,0.72708324450492,5.97907703844408e-06,4.28852874813263e-06,"time0",-0.479440007847579
"5925","FHOD1_HUMAN",0.162707581159959,0.310893276477427,2.32349187028682e-06,5.89033587400152e-06,"time12",1.34205530361687
"5926","IRAK3_HUMAN",0.00351007379357965,0.0309779118718051,5.70458577393619e-05,2.17795017413337e-05,"time0",-1.38915118285947
"5927","MYH4_HUMAN",0.308063229907199,0.46536714017089,1.78917816470415e-05,3.25186545885315e-06,"time0",-2.45995758240228
"5928","JAM1_HUMAN",0.000141413178051261,0.00594831628521254,1.16133214897088e-05,2.98772361073422e-05,"time12",1.36326604110666
"5929","NPTN_HUMAN",0.0364349968731403,0.120836333327744,8.60783838682723e-05,5.39210071325402e-05,"time0",-0.674803548059088
"5930","CBPQ_HUMAN",0.0112563775209579,0.0601721809738699,3.09772119942993e-06,6.60244303251858e-06,"time12",1.0917926437434
"5931","AGRG1_HUMAN",0.100348246462291,0.227011289394017,2.23980055647599e-07,1.58821772225192e-06,"time12",2.82596652115914
"5932","ALG6_HUMAN",0.183430618982178,0.326164261025782,2.32543627790019e-07,1.07606022593277e-06,"time12",2.21018551376281
"5933","ALG5_HUMAN",0.0142661867014469,0.0681564973087937,0,1.84169991032538e-06,"time12",Inf
"5934","RT18B_HUMAN",0.583882420770365,0.719374937966459,2.21408874884554e-07,1.80944292424831e-06,"time12",3.03076064417405
"5935","COPG1_HUMAN",0.871207794174552,0.925929564876263,0.000134402591642243,0.000114505953877706,"time0",-0.231138342439457
"5936","AUP1_HUMAN",0.670128703919811,0.786750915460289,1.75559264795611e-06,1.81014078671582e-06,"time12",0.0441437760562306
"5937","GMEB1_HUMAN",0.0329693812442201,0.114425400448418,4.15284712320419e-06,4.63950532527239e-07,"time0",-3.16205786828817
"5938","CLIC4_HUMAN",0.076721215620637,0.192060276991645,5.06134798590936e-05,6.95490987947722e-05,"time12",0.458510152456566
"5939","NFS1_HUMAN",0.484641678788314,0.635374176339465,1.94774718769518e-05,3.36193170005214e-06,"time0",-2.5344441110213
"5940","CFA20_HUMAN",0.00117480392054236,0.0171145294994228,1.12663386184727e-05,4.12573642010367e-05,"time12",1.87263291641843
"5941","TACC3_HUMAN",0.86203187913856,0.919629580775753,4.96805432103736e-06,4.11135539292865e-06,"time0",-0.27306686173128
"5942","SPCS1_HUMAN",0.330531408238157,0.490523698298271,1.26606475860225e-05,1.35480071609135e-05,"time12",0.0977294546839162
"5943","SAR1B_HUMAN",0.380649714964392,0.54065482509965,8.96451117015329e-06,1.19099845386314e-05,"time12",0.409874719330804
"5944","AP4B1_HUMAN",0.187401192001721,0.330288380001852,8.86305830421732e-07,1.99663521859519e-06,"time12",1.17169427028231
"5945","MTCH2_HUMAN",0.0798633847925312,0.197772189679956,1.58277318161718e-05,2.34208271541849e-05,"time12",0.565337502730512
"5946","BIG2_HUMAN",0.524344722126057,0.673094997906499,5.26695254179361e-06,5.99653088339937e-06,"time12",0.187159653206721
"5947","BIG1_HUMAN",0.965505115951086,0.98986647057601,4.2369037168124e-05,4.19826770211217e-05,"time0",-0.0132161811171064
"5948","MD1L1_HUMAN",0.855132140584706,0.913870841181422,8.19881023696035e-07,5.01243093362875e-07,"time0",-0.70990411672957
"5949","STK24_HUMAN",0.823576943948865,0.899221475873808,0.000142171787212712,0.000137179895762126,"time0",-0.0515661382134622
"5950","COMDA_HUMAN",0.418868678861839,0.572386780791985,2.03272960300604e-05,1.66629762385629e-05,"time0",-0.286772209253232
"5951","DC1L1_HUMAN",0.00403179414570332,0.033728160269308,0.00018787528938956,6.23986694675704e-05,"time0",-1.59018815455456
"5952","EPN1_HUMAN",0.588797086071483,0.719932761419764,6.81997627317165e-06,7.36066804938071e-06,"time12",0.110069990181155
"5953","UBP3_HUMAN",0.845554296798358,0.909991236233052,3.62606206975104e-06,4.18829404924862e-06,"time12",0.207959112818879
"5954","STYL1_HUMAN",0.0683530349792642,0.177896591691131,6.92336793697178e-07,4.17901552116084e-06,"time12",2.59361719073851
"5955","TAF6L_HUMAN",0.787406490666269,0.875335747022078,5.66421959657194e-07,8.27829671360096e-08,"time0",-2.77447133427498
"5956","OAS3_HUMAN",0.0112563775209579,0.0601721809738699,1.63726417563355e-05,3.64448018320172e-05,"time12",1.154425933681
"5957","NEMO_HUMAN",0.0474722551429182,0.143788935075381,1.76375575779781e-05,6.90539415541273e-06,"time0",-1.35285512248018
"5958","IF2B2_HUMAN",0.506692871094529,0.655365205510528,3.1243062199232e-06,2.65613119065852e-06,"time0",-0.234209456521602
"5959","KC1G3_HUMAN",0.0328894609059173,0.114347351566382,4.87306758165705e-06,2.26147594604088e-06,"time0",-1.10756557957111
"5960","ZNT1_HUMAN",0.266402424640499,0.422523017094451,1.5415765756019e-06,8.80261897373531e-07,"time0",-0.808401828633393
"5961","S4A7_HUMAN",0.183430618982178,0.326164261025782,1.88277373658423e-06,4.71395230583963e-07,"time0",-1.99785056658493
"5962","NDUB9_HUMAN",0.502654307083789,0.651266912973947,2.5293601807146e-05,2.40470985763884e-05,"time0",-0.0729096564340515
"5963","SQOR_HUMAN",0.556113274767995,0.69514031573096,0.000534800819797277,0.000451365372375018,"time0",-0.244705934131357
"5964","AP1M2_HUMAN",0.0186352088840053,0.0795057876172597,1.56874089441037e-06,4.72569125261053e-06,"time12",1.5909182905168
"5965","M3K4_HUMAN",0.280712665268496,0.435732003546966,1.12914965111843e-06,4.48086563302271e-07,"time0",-1.33338733504265
"5966","FCGBP_HUMAN",0.0277414377778769,0.10228370854769,0.000736855962338806,0.00111814168814594,"time12",0.601648474781218
"5967","SCIN_HUMAN",0.00236200571441965,0.0250827491665221,6.80014941200031e-06,3.13040213185188e-05,"time12",2.20270964731708
"5968","CAN7_HUMAN",0.393721713810765,0.554254017579943,7.14507651462694e-06,9.20872034582265e-06,"time12",0.366051230891079
"5969","WASF2_HUMAN",0.328469857573509,0.488655157979221,4.21137087314641e-05,4.93895686136532e-05,"time12",0.229916436132119
"5970","SCC4_HUMAN",0.0519129649350183,0.153048440057682,1.06769743743909e-07,1.31849495938396e-06,"time12",3.62631727456659
"5971","ENPP4_HUMAN",0.0660665167137393,0.174092559832174,8.92561443194785e-05,5.42581831241879e-05,"time0",-0.718110747791938
"5972","NS1BP_HUMAN",0.280262056522196,0.435732003546966,5.15882152438586e-06,3.46887895775773e-06,"time0",-0.572572035146869
"5973","S23IP_HUMAN",0.795266134938758,0.87883896836063,1.39043030220571e-05,1.75747781645252e-05,"time12",0.33797505033241
